Date,Hour,Minute,Reserve,Scope,Magnitude,Shortfall,Price,DA Magnitude,DA Shortfall,DA Price
2019-01-01,0,0,reserve,system,3708.144,0.0,0.0,3708.144,0.0,9.725655
2019-01-01,1,0,reserve,system,3725.898,0.0,0.0,3725.898,0.0,7.547957
2019-01-01,2,0,reserve,system,3730.018,0.0,0.0,3730.018,0.0,2.381731
2019-01-01,3,0,reserve,system,3742.351,0.0,0.0,3742.351,0.0,0.0
2019-01-01,4,0,reserve,system,3789.527,0.0,0.0,3789.527,0.0,8.606383
2019-01-01,5,0,reserve,system,3882.508,0.0,0.0,3882.508,0.0,6.362516
2019-01-01,6,0,reserve,system,3991.068,0.0,16.410205,3991.068,0.0,6.172499
2019-01-01,7,0,reserve,system,4043.658,0.0,0.0,4043.658,0.0,6.23906
2019-01-01,8,0,reserve,system,4095.022,0.0,0.0,4095.022,0.0,6.65505
2019-01-01,9,0,reserve,system,4176.345,0.0,0.0,4176.345,0.0,13.288003
2019-01-01,10,0,reserve,system,4224.997,0.0,0.0,4224.997,0.0,7.085117
2019-01-01,11,0,reserve,system,4229.669,0.0,0.0,4229.669,0.0,6.870157
2019-01-01,12,0,reserve,system,4187.917,0.0,0.0,4187.917,0.0,8.296957
2019-01-01,13,0,reserve,system,4137.635,0.0,0.0,4137.635,0.0,2.057953
2019-01-01,14,0,reserve,system,4099.132,0.0,0.0,4099.132,0.0,0.0
2019-01-01,15,0,reserve,system,4101.588,0.0,0.0,4101.588,0.0,6.536594
2019-01-01,16,0,reserve,system,4184.215,0.0,0.0,4184.215,0.0,6.382994
2019-01-01,17,0,reserve,system,4405.87,0.0,7.430325,4405.87,0.0,7.163713
2019-01-01,18,0,reserve,system,4540.064,0.0,0.0,4540.064,0.0,6.795194
2019-01-01,19,0,reserve,system,4524.605,0.0,0.0,4524.605,0.0,21.262334
2019-01-01,20,0,reserve,system,4484.433,0.0,0.0,4484.433,0.0,6.682562
2019-01-01,21,0,reserve,system,4390.175,0.0,0.0,4390.175,0.0,8.94698
2019-01-01,22,0,reserve,system,4220.658,0.0,0.0,4220.658,0.0,6.493271
2019-01-01,23,0,reserve,system,4049.484,0.0,0.0,4049.484,0.0,9.657976
2019-01-02,0,0,reserve,system,3924.669,0.0,0.0,3924.669,0.0,13.791106
2019-01-02,1,0,reserve,system,3857.795,0.0,0.0,3857.795,0.0,0.0
2019-01-02,2,0,reserve,system,3843.415,0.0,0.0,3843.415,0.0,4.882018
2019-01-02,3,0,reserve,system,3883.097,0.0,0.0,3883.097,0.0,3.649801
2019-01-02,4,0,reserve,system,4007.212,0.0,0.0,4007.212,0.0,7.476584
2019-01-02,5,0,reserve,system,4248.581,0.0,0.0,4248.581,0.0,6.516388
2019-01-02,6,0,reserve,system,4529.973,0.0,0.0,4529.973,0.0,9.193671
2019-01-02,7,0,reserve,system,4742.065,0.0,0.0,4742.065,0.0,8.095677
2019-01-02,8,0,reserve,system,4854.797,0.0,0.0,4854.797,0.0,10.466587
2019-01-02,9,0,reserve,system,4967.919,0.0,0.0,4967.919,0.0,15.945337
2019-01-02,10,0,reserve,system,5068.264,0.0,0.0,5068.264,0.0,0.0
2019-01-02,11,0,reserve,system,5125.653,0.0,0.0,5125.653,0.0,13.424735
2019-01-02,12,0,reserve,system,5141.429,0.0,0.0,5141.429,0.0,18.894217
2019-01-02,13,0,reserve,system,5145.522,0.0,0.0,5145.522,0.0,0.0
2019-01-02,14,0,reserve,system,5126.349,0.0,0.0,5126.349,0.0,14.640911
2019-01-02,15,0,reserve,system,5114.919,0.0,0.0,5114.919,0.0,0.0
2019-01-02,16,0,reserve,system,5138.154,0.0,0.0,5138.154,0.0,0.0
2019-01-02,17,0,reserve,system,5271.756,0.0,0.0,5271.756,0.0,13.502671
2019-01-02,18,0,reserve,system,5327.715,0.0,0.0,5327.715,0.0,33.510398
2019-01-02,19,0,reserve,system,5230.918,0.0,0.0,5230.918,0.0,15.454285
2019-01-02,20,0,reserve,system,5104.385,0.0,0.0,5104.385,0.0,9.042554
2019-01-02,21,0,reserve,system,4919.405,0.0,0.0,4919.405,0.0,11.460956
2019-01-02,22,0,reserve,system,4662.821,0.0,0.0,4662.821,0.0,0.0
2019-01-02,23,0,reserve,system,4428.741,0.0,0.0,4428.741,0.0,17.523267
2019-01-03,0,0,reserve,system,4247.06,0.0,0.0,4247.06,0.0,17.769147
2019-01-03,1,0,reserve,system,4144.547,0.0,0.0,4144.547,0.0,0.0
2019-01-03,2,0,reserve,system,4106.186,0.0,0.0,4106.186,0.0,17.309673
2019-01-03,3,0,reserve,system,4101.988,0.0,0.0,4101.988,0.0,0.0
2019-01-03,4,0,reserve,system,4199.932,0.0,0.0,4199.932,0.0,0.0
2019-01-03,5,0,reserve,system,4402.488,0.0,0.0,4402.488,0.0,11.041998
2019-01-03,6,0,reserve,system,4657.245,0.0,0.0,4657.245,0.0,7.430956
2019-01-03,7,0,reserve,system,4825.579,0.0,0.0,4825.579,0.0,16.662238
2019-01-03,8,0,reserve,system,4868.484,0.0,0.0,4868.484,0.0,8.632011
2019-01-03,9,0,reserve,system,4889.665,0.0,0.0,4889.665,0.0,10.86219
2019-01-03,10,0,reserve,system,4902.608,0.0,0.0,4902.608,0.0,10.342566
2019-01-03,11,0,reserve,system,4854.095,0.0,0.0,4854.095,0.0,7.859702
2019-01-03,12,0,reserve,system,4749.249,0.0,0.0,4749.249,0.0,7.155723
2019-01-03,13,0,reserve,system,4631.289,0.0,0.0,4631.289,0.0,7.041358
2019-01-03,14,0,reserve,system,4521.614,0.0,0.0,4521.614,0.0,7.098474
2019-01-03,15,0,reserve,system,4453.04,0.0,0.0,4453.04,0.0,0.0
2019-01-03,16,0,reserve,system,4477.264,0.0,0.0,4477.264,0.0,0.0
2019-01-03,17,0,reserve,system,4651.285,0.0,0.0,4651.285,0.0,10.481862
2019-01-03,18,0,reserve,system,4859.656,0.0,32.48709,4859.656,0.0,10.715241
2019-01-03,19,0,reserve,system,4881.473,0.0,0.0,4881.473,0.0,19.330356
2019-01-03,20,0,reserve,system,4864.715,0.0,0.0,4864.715,0.0,7.508282
2019-01-03,21,0,reserve,system,4776.528,0.0,0.0,4776.528,0.0,6.675871
2019-01-03,22,0,reserve,system,4602.102,0.0,0.0,4602.102,0.0,8.871611
2019-01-03,23,0,reserve,system,4419.185,0.0,0.0,4419.185,0.0,10.1619
2019-01-04,0,0,reserve,system,4306.239,0.0,0.0,4306.239,0.0,35.915869
2019-01-04,1,0,reserve,system,4251.588,0.0,0.0,4251.588,0.0,0.0
2019-01-04,2,0,reserve,system,4236.744,0.0,0.0,4236.744,0.0,17.902542
2019-01-04,3,0,reserve,system,4273.201,0.0,0.0,4273.201,0.0,0.0
2019-01-04,4,0,reserve,system,4370.485,0.0,0.0,4370.485,0.0,0.0
2019-01-04,5,0,reserve,system,4601.904,0.0,0.0,4601.904,0.0,13.601579
2019-01-04,6,0,reserve,system,4882.483,0.0,0.0,4882.483,0.0,7.776621
2019-01-04,7,0,reserve,system,5016.197,0.0,0.0,5016.197,0.0,18.857718
2019-01-04,8,0,reserve,system,4929.212,0.0,0.0,4929.212,0.0,8.961487
2019-01-04,9,0,reserve,system,4711.1,0.0,0.0,4711.1,0.0,9.934597
2019-01-04,10,0,reserve,system,4504.631,0.0,0.0,4504.631,0.0,8.981984
2019-01-04,11,0,reserve,system,4286.169,0.0,0.0,4286.169,0.0,8.18692
2019-01-04,12,0,reserve,system,4074.04,0.0,0.0,4074.04,0.0,7.496489
2019-01-04,13,0,reserve,system,3919.319,0.0,0.0,3919.319,0.0,4.20215
2019-01-04,14,0,reserve,system,3795.251,0.0,0.0,3795.251,0.0,5.048165
2019-01-04,15,0,reserve,system,3705.617,0.0,0.0,3705.617,0.0,0.0
2019-01-04,16,0,reserve,system,3675.0,0.0,0.0,3675.0,0.0,6.421814
2019-01-04,17,0,reserve,system,3795.417,0.0,0.0,3795.417,0.0,6.921288
2019-01-04,18,0,reserve,system,4015.089,0.0,0.0,4015.089,0.0,9.45951
2019-01-04,19,0,reserve,system,4052.482,0.0,0.0,4052.482,0.0,22.894863
2019-01-04,20,0,reserve,system,4071.868,0.0,0.0,4071.868,0.0,7.622239
2019-01-04,21,0,reserve,system,4057.263,0.0,0.0,4057.263,0.0,13.686303
2019-01-04,22,0,reserve,system,3977.738,0.0,0.0,3977.738,0.0,0.0
2019-01-04,23,0,reserve,system,3863.697,0.0,0.0,3863.697,0.0,0.0
2019-01-05,0,0,reserve,system,3780.265,0.0,0.0,3780.265,0.0,13.026603
2019-01-05,1,0,reserve,system,3750.089,0.0,0.0,3750.089,0.0,0.0
2019-01-05,2,0,reserve,system,3756.742,0.0,0.0,3756.742,0.0,0.05739
2019-01-05,3,0,reserve,system,3805.525,0.0,0.0,3805.525,0.0,9.668694
2019-01-05,4,0,reserve,system,3892.597,0.0,0.0,3892.597,0.0,5.311494
2019-01-05,5,0,reserve,system,4039.927,0.0,0.0,4039.927,0.0,8.371985
2019-01-05,6,0,reserve,system,4231.434,0.0,0.0,4231.434,0.0,9.957449
2019-01-05,7,0,reserve,system,4389.822,0.0,0.0,4389.822,0.0,9.254937
2019-01-05,8,0,reserve,system,4386.157,0.0,0.0,4386.157,0.0,18.247821
2019-01-05,9,0,reserve,system,4201.002,0.0,0.0,4201.002,0.0,9.835095
2019-01-05,10,0,reserve,system,3982.432,0.0,0.0,3982.432,0.0,8.94028
2019-01-05,11,0,reserve,system,3777.883,0.0,0.0,3777.883,0.0,6.758096
2019-01-05,12,0,reserve,system,3619.129,0.0,0.0,3619.129,0.0,6.596989
2019-01-05,13,0,reserve,system,3509.054,0.0,0.0,3509.054,0.0,6.396086
2019-01-05,14,0,reserve,system,3436.94,0.0,0.0,3436.94,0.0,6.797604
2019-01-05,15,0,reserve,system,3396.839,0.0,0.0,3396.839,0.0,0.0
2019-01-05,16,0,reserve,system,3389.4,0.0,0.0,3389.4,0.0,0.0
2019-01-05,17,0,reserve,system,3481.873,0.0,13.017048,3481.873,0.0,9.842943
2019-01-05,18,0,reserve,system,3665.534,0.0,0.0,3665.534,0.0,5.579562
2019-01-05,19,0,reserve,system,3668.504,0.0,0.0,3668.504,0.0,16.451277
2019-01-05,20,0,reserve,system,3629.315,0.0,0.0,3629.315,0.0,5.102766
2019-01-05,21,0,reserve,system,3606.174,0.0,0.0,3606.174,0.0,9.703543
2019-01-05,22,0,reserve,system,3533.325,0.0,0.0,3533.325,0.0,0.0
2019-01-05,23,0,reserve,system,3451.658,0.0,0.0,3451.658,0.0,0.0
2019-01-06,0,0,reserve,system,3349.797,0.0,0.0,3349.797,0.0,0.0
2019-01-06,1,0,reserve,system,3291.225,0.0,0.0,3291.225,0.0,6.902752
2019-01-06,2,0,reserve,system,3269.653,0.0,0.0,3269.653,0.0,3.311839
2019-01-06,3,0,reserve,system,3284.638,0.0,0.0,3284.638,0.0,1.269564
2019-01-06,4,0,reserve,system,3336.941,0.0,0.0,3336.941,0.0,11.213138
2019-01-06,5,0,reserve,system,3429.41,0.0,7.561691,3429.41,0.0,0.0
2019-01-06,6,0,reserve,system,3566.648,0.0,0.0,3566.648,0.0,7.838357
2019-01-06,7,0,reserve,system,3673.776,0.0,0.0,3673.776,0.0,4.475998
2019-01-06,8,0,reserve,system,3736.19,0.0,1.516552,3736.19,0.0,15.213346
2019-01-06,9,0,reserve,system,3698.865,0.0,0.0,3698.865,0.0,6.957485
2019-01-06,10,0,reserve,system,3608.982,0.0,0.0,3608.982,0.0,5.62004
2019-01-06,11,0,reserve,system,3546.706,0.0,0.0,3546.706,0.0,4.818103
2019-01-06,12,0,reserve,system,3497.929,0.0,0.0,3497.929,0.0,5.444205
2019-01-06,13,0,reserve,system,3466.128,0.0,0.0,3466.128,0.0,0.0
2019-01-06,14,0,reserve,system,3429.094,0.0,16.074066,3429.094,0.0,7.721714
2019-01-06,15,0,reserve,system,3418.523,0.0,0.0,3418.523,0.0,0.0
2019-01-06,16,0,reserve,system,3439.609,0.0,0.0,3439.609,0.0,0.0
2019-01-06,17,0,reserve,system,3547.713,0.0,0.0,3547.713,0.0,6.123808
2019-01-06,18,0,reserve,system,3728.804,0.0,3.483384,3728.804,0.0,5.603971
2019-01-06,19,0,reserve,system,3726.228,0.0,0.0,3726.228,0.0,16.61808
2019-01-06,20,0,reserve,system,3657.882,0.0,0.0,3657.882,0.0,3.96413
2019-01-06,21,0,reserve,system,3540.299,0.0,0.0,3540.299,0.0,6.42678
2019-01-06,22,0,reserve,system,3353.023,0.0,0.0,3353.023,0.0,0.0
2019-01-06,23,0,reserve,system,3144.491,0.0,0.0,3144.491,0.0,0.0
2019-01-07,0,0,reserve,system,2995.143,0.0,0.0,2995.143,0.0,3.065246
2019-01-07,1,0,reserve,system,2888.818,0.0,0.0,2888.818,0.0,0.0
2019-01-07,2,0,reserve,system,2850.92,0.0,0.0,2850.92,0.0,0.45803
2019-01-07,3,0,reserve,system,2844.878,0.0,0.0,2844.878,0.0,2.117734
2019-01-07,4,0,reserve,system,2923.403,0.0,0.0,2923.403,0.0,1.051486
2019-01-07,5,0,reserve,system,3117.107,0.0,0.0,3117.107,0.0,3.342857
2019-01-07,6,0,reserve,system,3416.558,0.0,2.921735,3416.558,0.0,4.521883
2019-01-07,7,0,reserve,system,3560.836,0.0,0.0,3560.836,0.0,5.765721
2019-01-07,8,0,reserve,system,3584.133,0.0,0.0,3584.133,0.0,6.637541
2019-01-07,9,0,reserve,system,3621.297,0.0,22.001655,3621.297,0.0,15.104241
2019-01-07,10,0,reserve,system,3672.164,0.0,0.0,3672.164,0.0,6.975442
2019-01-07,11,0,reserve,system,3695.868,0.0,0.0,3695.868,0.0,5.407397
2019-01-07,12,0,reserve,system,3712.958,0.0,0.0,3712.958,0.0,9.932506
2019-01-07,13,0,reserve,system,3740.076,0.0,0.0,3740.076,0.0,0.0
2019-01-07,14,0,reserve,system,3741.5,0.0,0.0,3741.5,0.0,11.723977
2019-01-07,15,0,reserve,system,3725.601,0.0,0.0,3725.601,0.0,0.0
2019-01-07,16,0,reserve,system,3704.013,0.0,0.0,3704.013,0.0,0.0
2019-01-07,17,0,reserve,system,3767.549,0.0,30.633755,3767.549,0.0,8.963835
2019-01-07,18,0,reserve,system,3933.472,0.0,0.0,3933.472,0.0,6.769882
2019-01-07,19,0,reserve,system,3903.69,0.0,0.0,3903.69,0.0,24.340341
2019-01-07,20,0,reserve,system,3810.282,0.0,0.0,3810.282,0.0,6.649835
2019-01-07,21,0,reserve,system,3669.114,0.0,0.0,3669.114,0.0,6.826558
2019-01-07,22,0,reserve,system,3449.474,0.0,0.0,3449.474,0.0,5.8979
2019-01-07,23,0,reserve,system,3218.817,0.0,0.0,3218.817,0.0,4.51577
2019-01-08,0,0,reserve,system,3051.767,0.0,0.0,3051.767,0.0,6.653074
2019-01-08,1,0,reserve,system,2965.177,0.0,0.0,2965.177,0.0,0.0
2019-01-08,2,0,reserve,system,2932.261,0.0,0.0,2932.261,0.0,0.0
2019-01-08,3,0,reserve,system,2943.326,0.0,0.0,2943.326,0.0,4.633682
2019-01-08,4,0,reserve,system,3025.693,0.0,0.0,3025.693,0.0,2.608871
2019-01-08,5,0,reserve,system,3266.236,0.0,0.0,3266.236,0.0,7.714388
2019-01-08,6,0,reserve,system,3637.7,0.0,0.0,3637.7,0.0,6.477141
2019-01-08,7,0,reserve,system,3791.54,0.0,0.0,3791.54,0.0,6.773825
2019-01-08,8,0,reserve,system,3752.68,0.0,0.0,3752.68,0.0,8.929142
2019-01-08,9,0,reserve,system,3742.638,0.0,0.0,3742.638,0.0,22.76256
2019-01-08,10,0,reserve,system,3754.653,0.0,0.0,3754.653,0.0,8.158085
2019-01-08,11,0,reserve,system,3757.985,0.0,0.0,3757.985,0.0,8.147725
2019-01-08,12,0,reserve,system,3754.828,0.0,0.0,3754.828,0.0,7.192493
2019-01-08,13,0,reserve,system,3754.363,0.0,0.0,3754.363,0.0,5.048678
2019-01-08,14,0,reserve,system,3738.702,0.0,1.669289,3738.702,0.0,9.945885
2019-01-08,15,0,reserve,system,3705.694,0.0,0.0,3705.694,0.0,0.0
2019-01-08,16,0,reserve,system,3695.454,0.0,0.0,3695.454,0.0,0.0
2019-01-08,17,0,reserve,system,3789.248,0.0,6.914726,3789.248,0.0,9.710056
2019-01-08,18,0,reserve,system,3971.175,0.0,0.0,3971.175,0.0,5.927087
2019-01-08,19,0,reserve,system,3962.439,0.0,7.130232,3962.439,0.0,24.6825
2019-01-08,20,0,reserve,system,3895.755,0.0,0.0,3895.755,0.0,6.44172
2019-01-08,21,0,reserve,system,3752.889,0.0,0.0,3752.889,0.0,7.536355
2019-01-08,22,0,reserve,system,3529.483,0.0,0.0,3529.483,0.0,3.098733
2019-01-08,23,0,reserve,system,3309.363,0.0,0.0,3309.363,0.0,4.212735
2019-01-09,0,0,reserve,system,3170.33,0.0,0.0,3170.33,0.0,5.367133
2019-01-09,1,0,reserve,system,3102.276,0.0,0.0,3102.276,0.0,0.0
2019-01-09,2,0,reserve,system,3092.024,0.0,11.817493,3092.024,0.0,1.2167
2019-01-09,3,0,reserve,system,3115.366,0.0,0.0,3115.366,0.0,3.55043
2019-01-09,4,0,reserve,system,3210.395,0.0,0.0,3210.395,0.0,3.707629
2019-01-09,5,0,reserve,system,3466.382,0.0,0.0,3466.382,0.0,4.7459
2019-01-09,6,0,reserve,system,3887.584,0.0,0.0,3887.584,0.0,6.964423
2019-01-09,7,0,reserve,system,4052.149,0.0,0.0,4052.149,0.0,6.807143
2019-01-09,8,0,reserve,system,4018.338,0.0,0.0,4018.338,0.0,6.728844
2019-01-09,9,0,reserve,system,3989.305,0.0,0.0,3989.305,0.0,19.464196
2019-01-09,10,0,reserve,system,3941.593,0.0,0.0,3941.593,0.0,0.0
2019-01-09,11,0,reserve,system,3863.387,0.0,0.0,3863.387,0.0,11.124025
2019-01-09,12,0,reserve,system,3774.269,0.0,0.0,3774.269,0.0,7.240995
2019-01-09,13,0,reserve,system,3717.991,0.0,0.0,3717.991,0.0,5.734159
2019-01-09,14,0,reserve,system,3667.213,0.0,0.0,3667.213,0.0,8.615296
2019-01-09,15,0,reserve,system,3634.996,0.0,0.0,3634.996,0.0,0.0
2019-01-09,16,0,reserve,system,3661.022,0.0,0.0,3661.022,0.0,0.0
2019-01-09,17,0,reserve,system,3808.719,0.0,9.522293,3808.719,0.0,9.603458
2019-01-09,18,0,reserve,system,4051.98,0.0,0.0,4051.98,0.0,5.918055
2019-01-09,19,0,reserve,system,4095.12,0.0,0.0,4095.12,0.0,16.286306
2019-01-09,20,0,reserve,system,4078.751,0.0,0.0,4078.751,0.0,10.312626
2019-01-09,21,0,reserve,system,3984.112,0.0,0.0,3984.112,0.0,10.753584
2019-01-09,22,0,reserve,system,3775.796,0.0,0.0,3775.796,0.0,0.555305
2019-01-09,23,0,reserve,system,3575.396,0.0,0.0,3575.396,0.0,13.952072
2019-01-10,0,0,reserve,system,3456.611,0.0,0.0,3456.611,0.0,6.021186
2019-01-10,1,0,reserve,system,3402.202,0.0,0.0,3402.202,0.0,0.0
2019-01-10,2,0,reserve,system,3384.255,0.0,0.0,3384.255,0.0,8.071038
2019-01-10,3,0,reserve,system,3415.378,0.0,0.0,3415.378,0.0,5.879431
2019-01-10,4,0,reserve,system,3520.948,0.0,0.0,3520.948,0.0,8.105543
2019-01-10,5,0,reserve,system,3786.462,0.0,0.0,3786.462,0.0,8.594118
2019-01-10,6,0,reserve,system,4195.508,0.0,0.0,4195.508,0.0,9.636218
2019-01-10,7,0,reserve,system,4328.657,0.0,0.0,4328.657,0.0,22.120561
2019-01-10,8,0,reserve,system,4254.497,0.0,0.0,4254.497,0.0,10.217752
2019-01-10,9,0,reserve,system,4196.328,0.0,0.0,4196.328,0.0,8.148945
2019-01-10,10,0,reserve,system,4134.534,0.0,0.0,4134.534,0.0,6.821608
2019-01-10,11,0,reserve,system,4051.283,0.0,0.0,4051.283,0.0,6.802266
2019-01-10,12,0,reserve,system,3963.087,0.0,0.0,3963.087,0.0,6.994752
2019-01-10,13,0,reserve,system,3893.994,0.0,0.0,3893.994,0.0,5.264481
2019-01-10,14,0,reserve,system,3838.115,0.0,0.0,3838.115,0.0,5.312794
2019-01-10,15,0,reserve,system,3814.624,0.0,0.0,3814.624,0.0,0.0
2019-01-10,16,0,reserve,system,3854.897,0.0,0.0,3854.897,0.0,1.232989
2019-01-10,17,0,reserve,system,3976.888,0.0,0.0,3976.888,0.0,8.765334
2019-01-10,18,0,reserve,system,4167.068,0.0,4.173811,4167.068,0.0,6.014025
2019-01-10,19,0,reserve,system,4183.112,0.0,12.931853,4183.112,0.0,16.08585
2019-01-10,20,0,reserve,system,4143.899,0.0,0.0,4143.899,0.0,6.242813
2019-01-10,21,0,reserve,system,4020.48,0.0,0.0,4020.48,0.0,6.921995
2019-01-10,22,0,reserve,system,3794.533,0.0,0.0,3794.533,0.0,5.002707
2019-01-10,23,0,reserve,system,3582.474,0.0,0.0,3582.474,0.0,4.587331
2019-01-11,0,0,reserve,system,3440.009,0.0,0.0,3440.009,0.0,4.019837
2019-01-11,1,0,reserve,system,3363.416,0.0,0.0,3363.416,0.0,-0.0
2019-01-11,2,0,reserve,system,3329.368,0.0,0.0,3329.368,0.0,5.074018
2019-01-11,3,0,reserve,system,3337.76,0.0,0.0,3337.76,0.0,5.120434
2019-01-11,4,0,reserve,system,3430.787,0.0,0.0,3430.787,0.0,7.546836
2019-01-11,5,0,reserve,system,3669.105,0.0,0.0,3669.105,0.0,6.504168
2019-01-11,6,0,reserve,system,4040.615,0.0,0.0,4040.615,0.0,6.77463
2019-01-11,7,0,reserve,system,4180.392,0.0,0.0,4180.392,0.0,20.652956
2019-01-11,8,0,reserve,system,4140.042,0.0,0.0,4140.042,0.0,0.0
2019-01-11,9,0,reserve,system,4138.106,0.0,1.849213,4138.106,0.0,11.150043
2019-01-11,10,0,reserve,system,4130.318,0.0,0.0,4130.318,0.0,7.323425
2019-01-11,11,0,reserve,system,4075.317,0.0,0.0,4075.317,0.0,5.218987
2019-01-11,12,0,reserve,system,4003.385,0.0,0.0,4003.385,0.0,9.335574
2019-01-11,13,0,reserve,system,3952.429,0.0,0.0,3952.429,0.0,0.0
2019-01-11,14,0,reserve,system,3921.945,0.0,36.540057,3921.945,0.0,9.489652
2019-01-11,15,0,reserve,system,3894.329,0.0,1.323262,3894.329,0.0,0.522615
2019-01-11,16,0,reserve,system,3916.691,0.0,0.0,3916.691,0.0,0.0
2019-01-11,17,0,reserve,system,4010.908,0.0,0.0,4010.908,0.0,9.340825
2019-01-11,18,0,reserve,system,4078.979,0.0,0.0,4078.979,0.0,5.664366
2019-01-11,19,0,reserve,system,4006.161,0.0,0.666371,4006.161,0.0,15.488824
2019-01-11,20,0,reserve,system,3921.86,0.0,0.0,3921.86,0.0,6.355116
2019-01-11,21,0,reserve,system,3795.841,0.0,0.0,3795.841,0.0,6.697768
2019-01-11,22,0,reserve,system,3615.88,0.0,0.0,3615.88,0.0,5.424489
2019-01-11,23,0,reserve,system,3426.934,0.0,0.0,3426.934,0.0,0.0
2019-01-12,0,0,reserve,system,3277.952,0.0,0.0,3277.952,0.0,0.0
2019-01-12,1,0,reserve,system,3175.93,0.0,1.059438,3175.93,0.0,5.361387
2019-01-12,2,0,reserve,system,3115.664,0.0,0.0,3115.664,0.0,3.940812
2019-01-12,3,0,reserve,system,3105.999,0.0,0.0,3105.999,0.0,8.28668
2019-01-12,4,0,reserve,system,3154.734,0.0,0.0,3154.734,0.0,11.181139
2019-01-12,5,0,reserve,system,3282.625,0.0,0.0,3282.625,0.0,0.0
2019-01-12,6,0,reserve,system,3462.533,0.0,0.0,3462.533,0.0,0.0
2019-01-12,7,0,reserve,system,3635.278,0.0,0.0,3635.278,0.0,7.284163
2019-01-12,8,0,reserve,system,3752.647,0.0,9.710059,3752.647,0.0,5.82197
2019-01-12,9,0,reserve,system,3835.445,0.0,1.29006,3835.445,0.0,12.513849
2019-01-12,10,0,reserve,system,3888.42,0.0,10.207813,3888.42,0.0,4.909141
2019-01-12,11,0,reserve,system,3912.268,0.0,0.0,3912.268,0.0,10.163946
2019-01-12,12,0,reserve,system,3891.471,0.0,0.0,3891.471,0.0,9.165822
2019-01-12,13,0,reserve,system,3853.418,0.0,0.0,3853.418,0.0,0.0
2019-01-12,14,0,reserve,system,3814.749,0.0,0.0,3814.749,0.0,0.0
2019-01-12,15,0,reserve,system,3807.585,0.0,0.0,3807.585,0.0,5.696071
2019-01-12,16,0,reserve,system,3817.433,0.0,21.263662,3817.433,0.0,3.454557
2019-01-12,17,0,reserve,system,3896.968,0.0,9.278805,3896.968,0.0,7.817181
2019-01-12,18,0,reserve,system,4046.328,0.0,0.0,4046.328,0.0,6.351394
2019-01-12,19,0,reserve,system,4035.686,0.0,0.0,4035.686,0.0,22.396751
2019-01-12,20,0,reserve,system,3996.466,0.0,0.0,3996.466,0.0,7.807518
2019-01-12,21,0,reserve,system,3939.248,0.0,0.0,3939.248,0.0,9.540145
2019-01-12,22,0,reserve,system,3856.947,0.0,0.0,3856.947,0.0,5.383278
2019-01-12,23,0,reserve,system,3743.931,0.0,0.0,3743.931,0.0,9.965414
2019-01-13,0,0,reserve,system,3645.935,0.0,0.0,3645.935,0.0,17.439296
2019-01-13,1,0,reserve,system,3597.877,0.0,0.0,3597.877,0.0,0.0
2019-01-13,2,0,reserve,system,3587.11,0.0,0.0,3587.11,0.0,0.76544
2019-01-13,3,0,reserve,system,3608.592,0.0,0.0,3608.592,0.0,7.320649
2019-01-13,4,0,reserve,system,3668.052,0.0,0.0,3668.052,0.0,6.268584
2019-01-13,5,0,reserve,system,3781.128,0.0,0.0,3781.128,0.0,7.516463
2019-01-13,6,0,reserve,system,3948.615,0.0,0.0,3948.615,0.0,7.19924
2019-01-13,7,0,reserve,system,4115.545,0.0,0.0,4115.545,0.0,7.359216
2019-01-13,8,0,reserve,system,4240.926,0.0,0.0,4240.926,0.0,11.264249
2019-01-13,9,0,reserve,system,4299.013,0.0,0.0,4299.013,0.0,19.976381
2019-01-13,10,0,reserve,system,4265.958,0.0,0.0,4265.958,0.0,5.70882
2019-01-13,11,0,reserve,system,4176.524,0.0,0.0,4176.524,0.0,8.167644
2019-01-13,12,0,reserve,system,4074.62,0.0,0.0,4074.62,0.0,5.291186
2019-01-13,13,0,reserve,system,3992.715,0.0,0.0,3992.715,0.0,9.922978
2019-01-13,14,0,reserve,system,3928.894,0.0,0.0,3928.894,0.0,0.0
2019-01-13,15,0,reserve,system,3918.887,0.0,0.0,3918.887,0.0,0.0
2019-01-13,16,0,reserve,system,3971.055,0.0,0.0,3971.055,0.0,9.730672
2019-01-13,17,0,reserve,system,4157.689,0.0,31.614478,4157.689,0.0,5.429646
2019-01-13,18,0,reserve,system,4406.474,0.0,0.0,4406.474,0.0,10.34766
2019-01-13,19,0,reserve,system,4487.596,0.0,0.0,4487.596,0.0,13.730469
2019-01-13,20,0,reserve,system,4465.504,0.0,0.0,4465.504,0.0,18.074304
2019-01-13,21,0,reserve,system,4364.993,0.0,0.0,4364.993,0.0,9.692951
2019-01-13,22,0,reserve,system,4158.177,0.0,0.0,4158.177,0.0,7.354358
2019-01-13,23,0,reserve,system,3968.37,0.0,0.0,3968.37,0.0,12.062342
2019-01-14,0,0,reserve,system,3850.154,0.0,0.0,3850.154,0.0,15.918973
2019-01-14,1,0,reserve,system,3801.82,0.0,0.0,3801.82,0.0,0.0
2019-01-14,2,0,reserve,system,3804.18,0.0,0.0,3804.18,0.0,3.308843
2019-01-14,3,0,reserve,system,3851.764,0.0,0.0,3851.764,0.0,5.972484
2019-01-14,4,0,reserve,system,3990.567,0.0,0.0,3990.567,0.0,7.751116
2019-01-14,5,0,reserve,system,4310.313,0.0,0.141211,4310.313,0.0,8.080907
2019-01-14,6,0,reserve,system,4753.178,0.0,0.0,4753.178,0.0,9.847687
2019-01-14,7,0,reserve,system,4908.569,0.0,0.0,4908.569,0.0,17.782597
2019-01-14,8,0,reserve,system,4851.866,0.0,0.0,4851.866,0.0,5.164912
2019-01-14,9,0,reserve,system,4825.228,0.0,0.0,4825.228,0.0,9.491078
2019-01-14,10,0,reserve,system,4753.3,0.0,0.0,4753.3,0.0,9.100688
2019-01-14,11,0,reserve,system,4629.537,0.0,0.0,4629.537,0.0,9.903738
2019-01-14,12,0,reserve,system,4465.503,0.0,0.0,4465.503,0.0,8.548141
2019-01-14,13,0,reserve,system,4309.329,0.0,0.0,4309.329,0.0,9.444006
2019-01-14,14,0,reserve,system,4182.737,0.0,0.0,4182.737,0.0,0.0
2019-01-14,15,0,reserve,system,4118.94,0.0,0.0,4118.94,0.0,0.0
2019-01-14,16,0,reserve,system,4185.24,0.0,34.665263,4185.24,0.0,9.539649
2019-01-14,17,0,reserve,system,4414.02,0.0,30.140871,4414.02,0.0,9.664747
2019-01-14,18,0,reserve,system,4675.991,0.0,0.0,4675.991,0.0,9.964083
2019-01-14,19,0,reserve,system,4702.385,0.0,0.0,4702.385,0.0,18.440977
2019-01-14,20,0,reserve,system,4663.305,0.0,0.0,4663.305,0.0,9.071745
2019-01-14,21,0,reserve,system,4513.445,0.0,0.0,4513.445,0.0,9.957563
2019-01-14,22,0,reserve,system,4248.554,0.0,0.0,4248.554,0.0,8.671504
2019-01-14,23,0,reserve,system,4032.933,0.0,0.0,4032.933,0.0,11.764002
2019-01-15,0,0,reserve,system,3897.446,0.0,0.0,3897.446,0.0,16.678391
2019-01-15,1,0,reserve,system,3813.591,0.0,0.0,3813.591,0.0,0.0
2019-01-15,2,0,reserve,system,3788.475,0.0,0.0,3788.475,0.0,0.0
2019-01-15,3,0,reserve,system,3798.606,0.0,0.0,3798.606,0.0,9.820928
2019-01-15,4,0,reserve,system,3888.712,0.0,0.0,3888.712,0.0,6.928592
2019-01-15,5,0,reserve,system,4154.446,0.0,0.0,4154.446,0.0,9.455172
2019-01-15,6,0,reserve,system,4540.843,0.0,0.0,4540.843,0.0,9.594847
2019-01-15,7,0,reserve,system,4665.347,0.0,0.0,4665.347,0.0,22.307083
2019-01-15,8,0,reserve,system,4577.648,0.0,0.0,4577.648,0.0,9.267907
2019-01-15,9,0,reserve,system,4524.34,0.0,0.0,4524.34,0.0,9.336266
2019-01-15,10,0,reserve,system,4484.74,0.0,0.0,4484.74,0.0,10.089653
2019-01-15,11,0,reserve,system,4412.683,0.0,0.0,4412.683,0.0,8.50827
2019-01-15,12,0,reserve,system,4313.486,0.0,0.0,4313.486,0.0,8.03907
2019-01-15,13,0,reserve,system,4232.015,0.0,0.0,4232.015,0.0,4.421125
2019-01-15,14,0,reserve,system,4173.127,0.0,0.0,4173.127,0.0,3.663492
2019-01-15,15,0,reserve,system,4150.687,0.0,0.0,4150.687,0.0,0.0
2019-01-15,16,0,reserve,system,4222.27,0.0,34.017999,4222.27,0.0,9.289169
2019-01-15,17,0,reserve,system,4394.485,0.0,1.477423,4394.485,0.0,8.153374
2019-01-15,18,0,reserve,system,4556.369,0.0,0.0,4556.369,0.0,10.21504
2019-01-15,19,0,reserve,system,4535.306,0.0,0.0,4535.306,0.0,16.790484
2019-01-15,20,0,reserve,system,4461.098,0.0,0.0,4461.098,0.0,9.951236
2019-01-15,21,0,reserve,system,4279.256,0.0,0.0,4279.256,0.0,8.730877
2019-01-15,22,0,reserve,system,4016.353,0.0,0.0,4016.353,0.0,9.690549
2019-01-15,23,0,reserve,system,3772.586,0.0,0.0,3772.586,0.0,0.0
2019-01-16,0,0,reserve,system,3613.2,0.0,0.0,3613.2,0.0,13.227241
2019-01-16,1,0,reserve,system,3532.477,0.0,0.0,3532.477,0.0,0.0
2019-01-16,2,0,reserve,system,3498.948,0.0,0.0,3498.948,0.0,0.0
2019-01-16,3,0,reserve,system,3510.691,0.0,0.0,3510.691,0.0,9.348066
2019-01-16,4,0,reserve,system,3602.265,0.0,0.0,3602.265,0.0,5.305838
2019-01-16,5,0,reserve,system,3847.988,0.0,0.0,3847.988,0.0,7.272886
2019-01-16,6,0,reserve,system,4220.967,0.0,1.18123,4220.967,0.0,8.712369
2019-01-16,7,0,reserve,system,4314.984,0.0,0.0,4314.984,0.0,22.731457
2019-01-16,8,0,reserve,system,4236.228,0.0,0.0,4236.228,0.0,8.67442
2019-01-16,9,0,reserve,system,4208.807,0.0,0.0,4208.807,0.0,8.375232
2019-01-16,10,0,reserve,system,4163.018,0.0,0.0,4163.018,0.0,7.073367
2019-01-16,11,0,reserve,system,4083.755,0.0,0.0,4083.755,0.0,6.135581
2019-01-16,12,0,reserve,system,4004.92,0.0,0.0,4004.92,0.0,7.416632
2019-01-16,13,0,reserve,system,3928.66,0.0,0.0,3928.66,0.0,4.556417
2019-01-16,14,0,reserve,system,3842.522,0.0,0.0,3842.522,0.0,8.082847
2019-01-16,15,0,reserve,system,3806.376,0.0,0.0,3806.376,0.0,0.0
2019-01-16,16,0,reserve,system,3840.316,0.0,0.0,3840.316,0.0,0.0
2019-01-16,17,0,reserve,system,3967.061,0.0,13.267595,3967.061,0.0,9.459498
2019-01-16,18,0,reserve,system,4126.57,0.0,14.856807,4126.57,0.0,8.031353
2019-01-16,19,0,reserve,system,4108.602,0.0,0.0,4108.602,0.0,22.741153
2019-01-16,20,0,reserve,system,4034.451,0.0,0.0,4034.451,0.0,7.840689
2019-01-16,21,0,reserve,system,3887.818,0.0,0.0,3887.818,0.0,9.593242
2019-01-16,22,0,reserve,system,3633.966,0.0,0.0,3633.966,0.0,0.0
2019-01-16,23,0,reserve,system,3393.027,0.0,0.0,3393.027,0.0,0.0
2019-01-17,0,0,reserve,system,3228.836,0.0,0.0,3228.836,0.0,6.403544
2019-01-17,1,0,reserve,system,3134.435,0.0,0.0,3134.435,0.0,0.0
2019-01-17,2,0,reserve,system,3095.806,0.0,13.068336,3095.806,0.0,0.250837
2019-01-17,3,0,reserve,system,3097.847,0.0,10.472211,3097.847,0.0,3.536866
2019-01-17,4,0,reserve,system,3177.698,0.0,0.0,3177.698,0.0,4.681882
2019-01-17,5,0,reserve,system,3416.739,0.0,0.0,3416.739,0.0,7.060267
2019-01-17,6,0,reserve,system,3795.674,0.0,0.0,3795.674,0.0,6.526978
2019-01-17,7,0,reserve,system,3939.908,0.0,14.512655,3939.908,0.0,7.370625
2019-01-17,8,0,reserve,system,3897.465,0.0,0.0,3897.465,0.0,8.947889
2019-01-17,9,0,reserve,system,3880.895,0.0,0.0,3880.895,0.0,23.546139
2019-01-17,10,0,reserve,system,3852.648,0.0,0.0,3852.648,0.0,7.227482
2019-01-17,11,0,reserve,system,3797.025,0.0,0.0,3797.025,0.0,5.779551
2019-01-17,12,0,reserve,system,3725.972,0.0,0.0,3725.972,0.0,9.725602
2019-01-17,13,0,reserve,system,3672.373,0.0,0.0,3672.373,0.0,0.0
2019-01-17,14,0,reserve,system,3627.349,0.0,0.0,3627.349,0.0,1.595768
2019-01-17,15,0,reserve,system,3590.694,0.0,0.0,3590.694,0.0,7.3648
2019-01-17,16,0,reserve,system,3606.842,0.0,33.072975,3606.842,0.0,6.211981
2019-01-17,17,0,reserve,system,3693.998,0.0,0.0,3693.998,0.0,7.260495
2019-01-17,18,0,reserve,system,3905.319,0.0,29.721244,3905.319,0.0,15.38122
2019-01-17,19,0,reserve,system,3941.592,0.0,0.0,3941.592,0.0,17.172647
2019-01-17,20,0,reserve,system,3922.985,0.0,0.0,3922.985,0.0,9.379543
2019-01-17,21,0,reserve,system,3822.38,0.0,0.0,3822.38,0.0,7.486847
2019-01-17,22,0,reserve,system,3633.007,0.0,0.0,3633.007,0.0,5.667353
2019-01-17,23,0,reserve,system,3439.021,0.0,0.0,3439.021,0.0,8.027353
2019-01-18,0,0,reserve,system,3316.187,0.0,0.0,3316.187,0.0,10.199894
2019-01-18,1,0,reserve,system,3269.433,0.0,0.0,3269.433,0.0,6.043552
2019-01-18,2,0,reserve,system,3247.695,0.0,0.0,3247.695,0.0,0.0
2019-01-18,3,0,reserve,system,3264.87,0.0,0.0,3264.87,0.0,0.0
2019-01-18,4,0,reserve,system,3357.565,0.0,0.0,3357.565,0.0,7.140305
2019-01-18,5,0,reserve,system,3592.585,0.0,0.0,3592.585,0.0,4.049279
2019-01-18,6,0,reserve,system,3962.62,0.0,12.362346,3962.62,0.0,7.11483
2019-01-18,7,0,reserve,system,4115.713,0.0,18.499571,4115.713,0.0,14.915198
2019-01-18,8,0,reserve,system,4071.806,0.0,0.0,4071.806,0.0,7.575713
2019-01-18,9,0,reserve,system,4033.203,0.0,0.0,4033.203,0.0,7.420102
2019-01-18,10,0,reserve,system,3981.546,0.0,0.0,3981.546,0.0,5.354915
2019-01-18,11,0,reserve,system,3915.07,0.0,0.0,3915.07,0.0,6.855182
2019-01-18,12,0,reserve,system,3854.497,0.0,3.996358,3854.497,0.0,5.402423
2019-01-18,13,0,reserve,system,3814.531,0.0,0.0,3814.531,0.0,4.653162
2019-01-18,14,0,reserve,system,3754.81,0.0,0.0,3754.81,0.0,5.451833
2019-01-18,15,0,reserve,system,3707.275,0.0,0.0,3707.275,0.0,0.0
2019-01-18,16,0,reserve,system,3699.087,0.0,0.0,3699.087,0.0,0.0
2019-01-18,17,0,reserve,system,3751.288,0.0,6.9621,3751.288,0.0,5.432286
2019-01-18,18,0,reserve,system,3852.642,0.0,0.0,3852.642,0.0,6.36251
2019-01-18,19,0,reserve,system,3810.647,0.0,12.921512,3810.647,0.0,16.300599
2019-01-18,20,0,reserve,system,3735.323,0.0,0.0,3735.323,0.0,5.178092
2019-01-18,21,0,reserve,system,3629.233,0.0,0.0,3629.233,0.0,3.637805
2019-01-18,22,0,reserve,system,3485.802,0.0,0.0,3485.802,0.0,4.941404
2019-01-18,23,0,reserve,system,3307.826,0.0,0.0,3307.826,0.0,0.0
2019-01-19,0,0,reserve,system,3162.615,0.0,0.0,3162.615,0.0,0.0
2019-01-19,1,0,reserve,system,3086.228,0.0,1.140366,3086.228,0.0,2.877878
2019-01-19,2,0,reserve,system,3079.776,0.0,1.838151,3079.776,0.0,3.493767
2019-01-19,3,0,reserve,system,3137.198,0.0,0.717551,3137.198,0.0,1.485812
2019-01-19,4,0,reserve,system,3256.748,0.0,0.0,3256.748,0.0,12.937019
2019-01-19,5,0,reserve,system,3468.037,0.0,0.0,3468.037,0.0,0.0
2019-01-19,6,0,reserve,system,3732.571,0.0,0.0,3732.571,0.0,6.718904
2019-01-19,7,0,reserve,system,4007.232,0.0,0.0,4007.232,0.0,7.373049
2019-01-19,8,0,reserve,system,4257.589,0.0,0.0,4257.589,0.0,4.546983
2019-01-19,9,0,reserve,system,4413.403,0.0,0.0,4413.403,0.0,7.479891
2019-01-19,10,0,reserve,system,4459.878,0.0,0.0,4459.878,0.0,11.418629
2019-01-19,11,0,reserve,system,4415.049,0.0,0.0,4415.049,0.0,11.938903
2019-01-19,12,0,reserve,system,4322.322,0.0,0.0,4322.322,0.0,6.979256
2019-01-19,13,0,reserve,system,4205.723,0.0,0.0,4205.723,0.0,5.743398
2019-01-19,14,0,reserve,system,4108.519,0.0,0.0,4108.519,0.0,7.411014
2019-01-19,15,0,reserve,system,4048.15,0.0,0.0,4048.15,0.0,4.435418
2019-01-19,16,0,reserve,system,4065.008,0.0,0.0,4065.008,0.0,2.920377
2019-01-19,17,0,reserve,system,4207.262,0.0,0.87437,4207.262,0.0,0.0
2019-01-19,18,0,reserve,system,4494.132,0.0,35.55339,4494.132,0.0,10.395175
2019-01-19,19,0,reserve,system,4549.774,0.0,0.0,4549.774,0.0,24.343092
2019-01-19,20,0,reserve,system,4569.893,0.0,1.361583,4569.893,0.0,12.257863
2019-01-19,21,0,reserve,system,4545.899,0.0,0.0,4545.899,0.0,4.814793
2019-01-19,22,0,reserve,system,4466.281,0.0,0.0,4466.281,0.0,0.0
2019-01-19,23,0,reserve,system,4376.0,0.0,0.370455,4376.0,0.0,25.033511
2019-01-20,0,0,reserve,system,4310.565,0.0,0.0,4310.565,300.195537,50.0
2019-01-20,1,0,reserve,system,4293.434,0.0,0.0,4293.434,0.0,0.0
2019-01-20,2,0,reserve,system,4296.877,0.0,0.0,4296.877,0.0,2.735076
2019-01-20,3,0,reserve,system,4331.024,0.0,0.0,4331.024,0.0,13.649961
2019-01-20,4,0,reserve,system,4414.709,0.0,0.0,4414.709,0.0,0.0
2019-01-20,5,0,reserve,system,4546.111,0.0,0.0,4546.111,0.0,14.822591
2019-01-20,6,0,reserve,system,4726.97,0.0,0.0,4726.97,0.0,7.316687
2019-01-20,7,0,reserve,system,4893.053,0.0,0.0,4893.053,0.0,7.996835
2019-01-20,8,0,reserve,system,4935.202,0.0,0.0,4935.202,0.0,15.806184
2019-01-20,9,0,reserve,system,4825.844,0.0,0.0,4825.844,0.0,10.151891
2019-01-20,10,0,reserve,system,4595.468,0.0,0.0,4595.468,0.0,11.153454
2019-01-20,11,0,reserve,system,4353.639,0.0,0.0,4353.639,0.0,7.964198
2019-01-20,12,0,reserve,system,4125.963,0.0,0.0,4125.963,0.0,7.982771
2019-01-20,13,0,reserve,system,3936.088,0.0,0.0,3936.088,0.0,3.908831
2019-01-20,14,0,reserve,system,3787.006,0.0,0.0,3787.006,0.0,6.264881
2019-01-20,15,0,reserve,system,3702.17,0.0,0.0,3702.17,0.0,0.0
2019-01-20,16,0,reserve,system,3690.81,0.0,0.0,3690.81,0.0,0.0
2019-01-20,17,0,reserve,system,3862.314,0.0,0.0,3862.314,0.0,9.335574
2019-01-20,18,0,reserve,system,4176.405,0.0,20.563739,4176.405,0.0,5.992709
2019-01-20,19,0,reserve,system,4298.914,0.0,0.0,4298.914,0.0,22.310568
2019-01-20,20,0,reserve,system,4314.99,0.0,0.0,4314.99,0.0,8.610387
2019-01-20,21,0,reserve,system,4327.811,0.0,0.0,4327.811,0.0,12.104624
2019-01-20,22,0,reserve,system,4211.785,0.0,0.0,4211.785,0.0,0.0
2019-01-20,23,0,reserve,system,4067.263,0.0,0.0,4067.263,0.0,0.0
2019-01-21,0,0,reserve,system,3976.955,0.0,0.0,3976.955,0.0,12.481717
2019-01-21,1,0,reserve,system,3939.277,0.0,0.0,3939.277,0.0,-0.0
2019-01-21,2,0,reserve,system,3949.273,0.0,5.210005,3949.273,0.0,4.032324
2019-01-21,3,0,reserve,system,4013.148,0.0,0.0,4013.148,0.0,3.2031
2019-01-21,4,0,reserve,system,4148.082,0.0,0.0,4148.082,0.0,8.057669
2019-01-21,5,0,reserve,system,4406.223,0.0,7.177799,4406.223,0.0,6.083106
2019-01-21,6,0,reserve,system,4729.487,0.0,42.143044,4729.487,0.0,8.036859
2019-01-21,7,0,reserve,system,4897.312,0.0,14.091399,4897.312,0.0,8.675306
2019-01-21,8,0,reserve,system,4855.562,0.0,0.0,4855.562,0.0,21.400489
2019-01-21,9,0,reserve,system,4727.63,0.0,0.0,4727.63,0.0,8.854511
2019-01-21,10,0,reserve,system,4587.677,0.0,0.0,4587.677,0.0,6.783514
2019-01-21,11,0,reserve,system,4385.136,0.0,0.0,4385.136,0.0,7.307658
2019-01-21,12,0,reserve,system,4166.056,0.0,0.0,4166.056,0.0,5.835448
2019-01-21,13,0,reserve,system,4005.948,0.0,0.0,4005.948,0.0,5.984189
2019-01-21,14,0,reserve,system,3877.697,0.0,0.0,3877.697,0.0,0.0
2019-01-21,15,0,reserve,system,3809.944,0.0,0.0,3809.944,0.0,0.0
2019-01-21,16,0,reserve,system,3821.064,0.0,12.141088,3821.064,0.0,8.642666
2019-01-21,17,0,reserve,system,3939.163,0.0,4.880089,3939.163,0.0,0.0
2019-01-21,18,0,reserve,system,4170.184,0.0,0.0,4170.184,0.0,10.495611
2019-01-21,19,0,reserve,system,4181.339,0.0,15.699644,4181.339,0.0,15.227981
2019-01-21,20,0,reserve,system,4117.18,0.0,0.0,4117.18,0.0,5.569893
2019-01-21,21,0,reserve,system,3977.621,0.0,0.0,3977.621,0.0,7.079978
2019-01-21,22,0,reserve,system,3728.792,0.0,0.0,3728.792,0.0,0.0
2019-01-21,23,0,reserve,system,3478.54,0.0,0.0,3478.54,0.0,0.0
2019-01-22,0,0,reserve,system,3315.043,0.0,0.0,3315.043,0.0,4.723804
2019-01-22,1,0,reserve,system,3219.233,0.0,0.0,3219.233,0.0,2.689749
2019-01-22,2,0,reserve,system,3170.304,0.0,0.0,3170.304,0.0,0.0
2019-01-22,3,0,reserve,system,3168.739,0.0,0.0,3168.739,0.0,0.0
2019-01-22,4,0,reserve,system,3245.675,0.0,7.440608,3245.675,0.0,2.788625
2019-01-22,5,0,reserve,system,3469.399,0.0,0.0,3469.399,0.0,2.107282
2019-01-22,6,0,reserve,system,3827.589,0.0,0.0,3827.589,0.0,5.876302
2019-01-22,7,0,reserve,system,3926.45,0.0,0.0,3926.45,0.0,8.872169
2019-01-22,8,0,reserve,system,3857.22,0.0,0.0,3857.22,0.0,0.0
2019-01-22,9,0,reserve,system,3842.765,0.0,0.0,3842.765,0.0,18.804167
2019-01-22,10,0,reserve,system,3833.672,0.0,0.0,3833.672,0.0,0.816011
2019-01-22,11,0,reserve,system,3819.455,0.0,0.0,3819.455,0.0,10.404095
2019-01-22,12,0,reserve,system,3804.739,0.0,0.0,3804.739,0.0,3.454286
2019-01-22,13,0,reserve,system,3792.88,0.0,0.0,3792.88,0.0,6.04794
2019-01-22,14,0,reserve,system,3776.487,0.0,0.0,3776.487,0.0,0.091306
2019-01-22,15,0,reserve,system,3772.142,0.0,0.0,3772.142,0.0,0.0
2019-01-22,16,0,reserve,system,3819.79,0.0,0.0,3819.79,0.0,5.343191
2019-01-22,17,0,reserve,system,3954.944,0.0,3.235385,3954.944,0.0,6.983056
2019-01-22,18,0,reserve,system,4148.282,0.0,0.0,4148.282,0.0,6.838333
2019-01-22,19,0,reserve,system,4194.856,0.0,0.0,4194.856,0.0,16.825234
2019-01-22,20,0,reserve,system,4204.629,0.0,0.0,4204.629,0.0,5.506964
2019-01-22,21,0,reserve,system,4118.299,0.0,0.0,4118.299,0.0,9.122313
2019-01-22,22,0,reserve,system,3950.801,0.0,0.0,3950.801,0.0,0.0
2019-01-22,23,0,reserve,system,3785.836,0.0,0.0,3785.836,0.0,10.938792
2019-01-23,0,0,reserve,system,3687.4,0.0,0.0,3687.4,0.0,0.0
2019-01-23,1,0,reserve,system,3689.658,0.0,7.955905,3689.658,0.0,12.285496
2019-01-23,2,0,reserve,system,3734.084,0.0,0.0,3734.084,0.0,0.0
2019-01-23,3,0,reserve,system,3858.172,0.0,0.0,3858.172,0.0,6.681908
2019-01-23,4,0,reserve,system,4062.056,0.0,0.511673,4062.056,0.0,5.863383
2019-01-23,5,0,reserve,system,4417.09,0.0,0.0,4417.09,0.0,6.749565
2019-01-23,6,0,reserve,system,4925.431,0.0,0.0,4925.431,0.0,11.243859
2019-01-23,7,0,reserve,system,5179.61,0.0,3.018464,5179.61,0.0,13.213947
2019-01-23,8,0,reserve,system,5137.974,0.0,0.0,5137.974,0.0,19.225536
2019-01-23,9,0,reserve,system,5058.91,0.0,0.0,5058.91,0.0,10.520876
2019-01-23,10,0,reserve,system,4954.431,0.0,0.0,4954.431,0.0,11.329285
2019-01-23,11,0,reserve,system,4803.587,0.0,0.0,4803.587,0.0,8.596657
2019-01-23,12,0,reserve,system,4627.273,0.0,0.0,4627.273,0.0,7.467141
2019-01-23,13,0,reserve,system,4475.221,0.0,0.0,4475.221,0.0,6.262683
2019-01-23,14,0,reserve,system,4312.143,0.0,0.0,4312.143,0.0,6.990212
2019-01-23,15,0,reserve,system,4197.203,0.0,0.0,4197.203,0.0,0.0
2019-01-23,16,0,reserve,system,4201.747,0.0,0.0,4201.747,0.0,2.656873
2019-01-23,17,0,reserve,system,4347.913,0.0,0.0,4347.913,0.0,9.051912
2019-01-23,18,0,reserve,system,4678.157,0.0,0.0,4678.157,0.0,11.735914
2019-01-23,19,0,reserve,system,4812.109,0.0,0.0,4812.109,0.0,10.111402
2019-01-23,20,0,reserve,system,4858.925,0.0,0.0,4858.925,0.0,18.35076
2019-01-23,21,0,reserve,system,4798.746,0.0,0.0,4798.746,0.0,8.789235
2019-01-23,22,0,reserve,system,4614.405,0.0,0.0,4614.405,0.0,6.633693
2019-01-23,23,0,reserve,system,4440.189,0.0,0.0,4440.189,0.0,15.079387
2019-01-24,0,0,reserve,system,4353.671,0.0,0.0,4353.671,0.0,18.766972
2019-01-24,1,0,reserve,system,4333.108,0.0,0.0,4333.108,0.0,0.0
2019-01-24,2,0,reserve,system,4355.602,0.0,0.0,4355.602,0.0,1.585451
2019-01-24,3,0,reserve,system,4417.862,0.0,0.0,4417.862,0.0,11.187552
2019-01-24,4,0,reserve,system,4568.305,0.0,0.0,4568.305,0.0,8.811259
2019-01-24,5,0,reserve,system,4902.105,0.0,0.0,4902.105,0.0,9.764093
2019-01-24,6,0,reserve,system,5364.376,0.0,0.0,5364.376,0.0,16.451303
2019-01-24,7,0,reserve,system,5466.949,0.0,0.0,5466.949,0.0,44.058521
2019-01-24,8,0,reserve,system,5185.74,0.0,0.0,5185.74,0.0,14.220004
2019-01-24,9,0,reserve,system,4851.05,0.0,0.0,4851.05,0.0,9.49061
2019-01-24,10,0,reserve,system,4558.032,0.0,0.0,4558.032,0.0,9.986459
2019-01-24,11,0,reserve,system,4287.12,0.0,0.0,4287.12,0.0,8.740742
2019-01-24,12,0,reserve,system,4065.735,0.0,0.0,4065.735,0.0,7.415752
2019-01-24,13,0,reserve,system,3913.3,0.0,0.0,3913.3,0.0,5.488272
2019-01-24,14,0,reserve,system,3793.713,0.0,0.0,3793.713,0.0,8.67406
2019-01-24,15,0,reserve,system,3739.883,0.0,0.0,3739.883,0.0,0.0
2019-01-24,16,0,reserve,system,3762.228,0.0,0.0,3762.228,0.0,0.0
2019-01-24,17,0,reserve,system,3884.386,0.0,4.526302,3884.386,0.0,7.926245
2019-01-24,18,0,reserve,system,4167.385,0.0,0.0,4167.385,0.0,6.417176
2019-01-24,19,0,reserve,system,4286.265,0.0,50.0,4286.265,0.0,9.224475
2019-01-24,20,0,reserve,system,4331.839,0.0,0.0,4331.839,0.0,22.42505
2019-01-24,21,0,reserve,system,4261.388,0.0,0.0,4261.388,0.0,10.073279
2019-01-24,22,0,reserve,system,4092.854,0.0,0.0,4092.854,0.0,0.0
2019-01-24,23,0,reserve,system,3936.033,0.0,0.0,3936.033,0.0,0.0
2019-01-25,0,0,reserve,system,3860.892,0.0,0.0,3860.892,0.0,0.567457
2019-01-25,1,0,reserve,system,3864.437,0.0,0.0,3864.437,0.0,8.462094
2019-01-25,2,0,reserve,system,3902.54,0.0,0.0,3902.54,0.0,5.899922
2019-01-25,3,0,reserve,system,3980.626,0.0,0.0,3980.626,0.0,11.573822
2019-01-25,4,0,reserve,system,4143.544,0.0,0.0,4143.544,0.0,0.0
2019-01-25,5,0,reserve,system,4464.823,0.0,0.0,4464.823,0.0,14.433917
2019-01-25,6,0,reserve,system,4907.458,0.0,0.0,4907.458,0.0,8.458531
2019-01-25,7,0,reserve,system,5040.628,0.0,0.0,5040.628,0.0,20.056787
2019-01-25,8,0,reserve,system,4881.658,0.0,0.0,4881.658,0.0,8.94139
2019-01-25,9,0,reserve,system,4687.583,0.0,0.0,4687.583,0.0,10.26868
2019-01-25,10,0,reserve,system,4479.998,0.0,0.0,4479.998,0.0,10.273621
2019-01-25,11,0,reserve,system,4265.018,0.0,0.0,4265.018,0.0,8.140534
2019-01-25,12,0,reserve,system,4073.449,0.0,0.0,4073.449,0.0,9.602615
2019-01-25,13,0,reserve,system,3934.461,0.0,0.0,3934.461,0.0,0.79328
2019-01-25,14,0,reserve,system,3820.248,0.0,0.0,3820.248,0.0,12.401851
2019-01-25,15,0,reserve,system,3759.134,0.0,0.0,3759.134,0.0,0.0
2019-01-25,16,0,reserve,system,3781.207,0.0,0.0,3781.207,0.0,0.0
2019-01-25,17,0,reserve,system,3877.265,0.0,0.0,3877.265,0.0,10.015325
2019-01-25,18,0,reserve,system,4097.341,0.0,0.0,4097.341,0.0,12.934532
2019-01-25,19,0,reserve,system,4131.559,0.0,0.0,4131.559,0.0,18.363035
2019-01-25,20,0,reserve,system,4128.615,0.0,0.0,4128.615,0.0,6.729926
2019-01-25,21,0,reserve,system,4087.496,0.0,0.0,4087.496,0.0,11.353944
2019-01-25,22,0,reserve,system,3972.431,0.0,0.0,3972.431,0.0,0.0
2019-01-25,23,0,reserve,system,3834.309,0.0,1.033942,3834.309,0.0,0.0
2019-01-26,0,0,reserve,system,3735.591,0.0,0.0,3735.591,0.0,36.317483
2019-01-26,1,0,reserve,system,3677.714,0.0,0.0,3677.714,0.0,0.0
2019-01-26,2,0,reserve,system,3653.254,0.0,0.0,3653.254,0.0,2.254898
2019-01-26,3,0,reserve,system,3658.877,0.0,0.0,3658.877,0.0,7.716304
2019-01-26,4,0,reserve,system,3709.72,0.0,0.0,3709.72,0.0,6.355219
2019-01-26,5,0,reserve,system,3826.057,0.0,0.0,3826.057,0.0,7.832923
2019-01-26,6,0,reserve,system,4014.812,0.0,0.0,4014.812,0.0,8.726398
2019-01-26,7,0,reserve,system,4185.289,0.0,0.0,4185.289,0.0,9.945927
2019-01-26,8,0,reserve,system,4257.934,0.0,0.0,4257.934,0.0,21.664531
2019-01-26,9,0,reserve,system,4209.368,0.0,0.0,4209.368,0.0,10.69311
2019-01-26,10,0,reserve,system,4066.089,0.0,0.0,4066.089,0.0,8.098252
2019-01-26,11,0,reserve,system,3903.963,0.0,0.0,3903.963,0.0,8.033492
2019-01-26,12,0,reserve,system,3752.087,0.0,0.0,3752.087,0.0,7.194286
2019-01-26,13,0,reserve,system,3624.242,0.0,0.0,3624.242,0.0,4.923541
2019-01-26,14,0,reserve,system,3528.878,0.0,0.0,3528.878,0.0,9.998487
2019-01-26,15,0,reserve,system,3473.923,0.0,0.0,3473.923,0.0,0.0
2019-01-26,16,0,reserve,system,3486.37,0.0,0.0,3486.37,0.0,0.0
2019-01-26,17,0,reserve,system,3607.937,0.0,33.099995,3607.937,0.0,10.093964
2019-01-26,18,0,reserve,system,3802.136,0.0,0.0,3802.136,0.0,14.032957
2019-01-26,19,0,reserve,system,3834.354,0.0,3.85535,3834.354,0.0,8.697488
2019-01-26,20,0,reserve,system,3825.007,0.0,3.85535,3825.007,0.0,6.192825
2019-01-26,21,0,reserve,system,3783.027,0.0,0.0,3783.027,0.0,9.758316
2019-01-26,22,0,reserve,system,3706.494,0.0,0.0,3706.494,0.0,0.0
2019-01-26,23,0,reserve,system,3604.013,0.0,0.0,3604.013,0.0,0.0
2019-01-27,0,0,reserve,system,3506.449,0.0,0.0,3506.449,0.0,29.923404
2019-01-27,1,0,reserve,system,3472.896,0.0,0.0,3472.896,0.0,0.0
2019-01-27,2,0,reserve,system,3462.895,0.0,0.0,3462.895,0.0,6.768263
2019-01-27,3,0,reserve,system,3498.506,0.0,0.0,3498.506,0.0,13.45055
2019-01-27,4,0,reserve,system,3552.254,0.0,0.0,3552.254,0.0,0.0
2019-01-27,5,0,reserve,system,3657.447,0.0,0.0,3657.447,0.0,9.856073
2019-01-27,6,0,reserve,system,3819.477,0.0,0.0,3819.477,0.0,13.395863
2019-01-27,7,0,reserve,system,3975.386,0.0,0.0,3975.386,0.0,0.0
2019-01-27,8,0,reserve,system,4042.405,0.0,0.0,4042.405,0.0,24.826644
2019-01-27,9,0,reserve,system,3968.148,0.0,0.0,3968.148,0.0,11.018033
2019-01-27,10,0,reserve,system,3815.772,0.0,0.0,3815.772,0.0,6.536096
2019-01-27,11,0,reserve,system,3683.559,0.0,0.0,3683.559,0.0,6.81199
2019-01-27,12,0,reserve,system,3569.167,0.0,0.0,3569.167,0.0,6.391186
2019-01-27,13,0,reserve,system,3481.867,0.0,0.0,3481.867,0.0,6.779767
2019-01-27,14,0,reserve,system,3418.975,0.0,0.0,3418.975,0.0,5.626053
2019-01-27,15,0,reserve,system,3386.603,0.0,0.0,3386.603,0.0,0.0
2019-01-27,16,0,reserve,system,3394.306,0.0,0.0,3394.306,0.0,0.0
2019-01-27,17,0,reserve,system,3489.13,0.0,0.0,3489.13,0.0,9.777232
2019-01-27,18,0,reserve,system,3753.935,0.0,0.0,3753.935,0.0,5.527002
2019-01-27,19,0,reserve,system,3861.024,0.0,0.0,3861.024,0.0,19.578295
2019-01-27,20,0,reserve,system,3891.937,0.0,0.0,3891.937,0.0,9.935747
2019-01-27,21,0,reserve,system,3844.185,0.0,0.0,3844.185,0.0,8.564499
2019-01-27,22,0,reserve,system,3702.09,0.0,0.0,3702.09,0.0,7.092953
2019-01-27,23,0,reserve,system,3553.804,0.0,0.0,3553.804,0.0,5.955893
2019-01-28,0,0,reserve,system,3444.281,0.0,0.0,3444.281,0.0,10.575644
2019-01-28,1,0,reserve,system,3394.589,0.0,0.0,3394.589,0.0,0.0
2019-01-28,2,0,reserve,system,3407.24,0.0,0.0,3407.24,0.0,0.0
2019-01-28,3,0,reserve,system,3456.103,0.0,0.0,3456.103,0.0,7.586768
2019-01-28,4,0,reserve,system,3602.7,0.0,0.0,3602.7,0.0,6.094087
2019-01-28,5,0,reserve,system,3900.356,0.0,0.0,3900.356,0.0,6.777178
2019-01-28,6,0,reserve,system,4332.503,0.0,0.0,4332.503,0.0,14.929159
2019-01-28,7,0,reserve,system,4447.447,0.0,0.0,4447.447,0.0,0.0
2019-01-28,8,0,reserve,system,4296.955,0.0,0.0,4296.955,0.0,25.456164
2019-01-28,9,0,reserve,system,4140.695,0.0,0.0,4140.695,0.0,11.610082
2019-01-28,10,0,reserve,system,3985.032,0.0,0.0,3985.032,0.0,0.0
2019-01-28,11,0,reserve,system,3872.587,0.0,0.0,3872.587,0.0,13.451422
2019-01-28,12,0,reserve,system,3784.219,0.0,0.0,3784.219,0.0,0.0
2019-01-28,13,0,reserve,system,3742.164,0.0,0.0,3742.164,0.0,5.855719
2019-01-28,14,0,reserve,system,3697.075,0.0,0.0,3697.075,0.0,0.0
2019-01-28,15,0,reserve,system,3678.785,0.0,0.661994,3678.785,0.0,7.806873
2019-01-28,16,0,reserve,system,3725.401,0.0,0.0,3725.401,0.0,0.0
2019-01-28,17,0,reserve,system,3840.44,0.0,21.075478,3840.44,0.0,9.422762
2019-01-28,18,0,reserve,system,4090.935,0.0,0.0,4090.935,0.0,4.704066
2019-01-28,19,0,reserve,system,4163.591,0.0,0.0,4163.591,0.0,19.73815
2019-01-28,20,0,reserve,system,4151.959,0.0,0.0,4151.959,0.0,6.826803
2019-01-28,21,0,reserve,system,4049.824,0.0,0.0,4049.824,0.0,6.844401
2019-01-28,22,0,reserve,system,3879.628,0.0,0.0,3879.628,0.0,5.554744
2019-01-28,23,0,reserve,system,3720.029,0.0,0.0,3720.029,0.0,8.212043
2019-01-29,0,0,reserve,system,3660.824,0.0,18.411475,3660.824,0.0,3.657844
2019-01-29,1,0,reserve,system,3677.655,0.0,0.0,3677.655,0.0,2.17769
2019-01-29,2,0,reserve,system,3732.761,0.0,0.0,3732.761,0.0,5.543826
2019-01-29,3,0,reserve,system,3849.783,0.0,0.750186,3849.783,0.0,2.482148
2019-01-29,4,0,reserve,system,4064.13,0.0,0.0,4064.13,0.0,8.966793
2019-01-29,5,0,reserve,system,4459.511,0.0,0.0,4459.511,0.0,7.662102
2019-01-29,6,0,reserve,system,4981.139,0.0,0.0,4981.139,0.0,10.943654
2019-01-29,7,0,reserve,system,5175.851,0.0,0.0,5175.851,0.0,27.37387
2019-01-29,8,0,reserve,system,5030.302,0.0,0.0,5030.302,0.0,9.100504
2019-01-29,9,0,reserve,system,4854.669,0.0,0.0,4854.669,0.0,10.466936
2019-01-29,10,0,reserve,system,4675.684,0.0,0.0,4675.684,0.0,10.35438
2019-01-29,11,0,reserve,system,4492.747,0.0,0.0,4492.747,0.0,9.004748
2019-01-29,12,0,reserve,system,4311.994,0.0,0.0,4311.994,0.0,7.614175
2019-01-29,13,0,reserve,system,4164.55,0.0,0.0,4164.55,0.0,5.244154
2019-01-29,14,0,reserve,system,4037.183,0.0,0.0,4037.183,0.0,9.50384
2019-01-29,15,0,reserve,system,3973.222,0.0,0.0,3973.222,0.0,0.0
2019-01-29,16,0,reserve,system,4043.808,0.0,0.0,4043.808,0.0,0.0
2019-01-29,17,0,reserve,system,4274.354,0.0,10.027902,4274.354,0.0,9.763056
2019-01-29,18,0,reserve,system,4609.601,0.0,0.0,4609.601,0.0,8.095093
2019-01-29,19,0,reserve,system,4688.954,0.0,0.0,4688.954,0.0,10.784792
2019-01-29,20,0,reserve,system,4685.568,0.0,0.0,4685.568,0.0,22.901425
2019-01-29,21,0,reserve,system,4561.81,0.0,0.0,4561.81,0.0,10.532156
2019-01-29,22,0,reserve,system,4333.79,0.0,0.0,4333.79,0.0,7.341848
2019-01-29,23,0,reserve,system,4127.416,0.0,0.0,4127.416,0.0,13.057175
2019-01-30,0,0,reserve,system,4010.503,0.0,0.0,4010.503,0.0,15.470759
2019-01-30,1,0,reserve,system,3966.72,0.0,0.0,3966.72,0.0,0.0
2019-01-30,2,0,reserve,system,3969.792,0.0,0.0,3969.792,0.0,7.563678
2019-01-30,3,0,reserve,system,4016.285,0.0,0.0,4016.285,0.0,9.057577
2019-01-30,4,0,reserve,system,4154.986,0.0,0.0,4154.986,0.0,8.403368
2019-01-30,5,0,reserve,system,4472.857,0.0,0.0,4472.857,0.0,9.916009
2019-01-30,6,0,reserve,system,4890.917,0.0,0.0,4890.917,0.0,9.486461
2019-01-30,7,0,reserve,system,4994.027,0.0,0.0,4994.027,0.0,26.105564
2019-01-30,8,0,reserve,system,4873.848,0.0,0.0,4873.848,0.0,8.768416
2019-01-30,9,0,reserve,system,4777.643,0.0,0.0,4777.643,0.0,10.67619
2019-01-30,10,0,reserve,system,4669.604,0.0,0.0,4669.604,0.0,9.933633
2019-01-30,11,0,reserve,system,4510.252,0.0,0.0,4510.252,0.0,9.123722
2019-01-30,12,0,reserve,system,4351.981,0.0,0.0,4351.981,0.0,7.370881
2019-01-30,13,0,reserve,system,4259.293,0.0,0.0,4259.293,0.0,5.789457
2019-01-30,14,0,reserve,system,4159.82,0.0,0.0,4159.82,0.0,8.038785
2019-01-30,15,0,reserve,system,4085.565,0.0,0.0,4085.565,0.0,0.0
2019-01-30,16,0,reserve,system,4136.542,0.0,0.0,4136.542,0.0,0.0
2019-01-30,17,0,reserve,system,4293.89,0.0,0.0,4293.89,0.0,9.937618
2019-01-30,18,0,reserve,system,4570.801,0.0,0.0,4570.801,0.0,5.793809
2019-01-30,19,0,reserve,system,4632.32,0.0,0.0,4632.32,0.0,25.135967
2019-01-30,20,0,reserve,system,4609.99,0.0,0.0,4609.99,0.0,10.195047
2019-01-30,21,0,reserve,system,4478.121,0.0,0.0,4478.121,0.0,7.186204
2019-01-30,22,0,reserve,system,4228.62,0.0,0.0,4228.62,0.0,6.362638
2019-01-30,23,0,reserve,system,3991.888,0.0,0.0,3991.888,0.0,4.552768
2019-01-31,0,0,reserve,system,3849.2,0.0,0.0,3849.2,0.0,14.915152
2019-01-31,1,0,reserve,system,3771.0,0.0,0.0,3771.0,0.0,0.0
2019-01-31,2,0,reserve,system,3731.358,0.0,0.0,3731.358,0.0,8.545363
2019-01-31,3,0,reserve,system,3727.996,0.0,0.0,3727.996,0.0,0.0
2019-01-31,4,0,reserve,system,3808.45,0.0,0.0,3808.45,0.0,8.761418
2019-01-31,5,0,reserve,system,4055.302,0.0,0.00651,4055.302,0.0,5.026743
2019-01-31,6,0,reserve,system,4418.638,0.0,0.0,4418.638,0.0,9.939683
2019-01-31,7,0,reserve,system,4515.828,0.0,11.354503,4515.828,0.0,20.809511
2019-01-31,8,0,reserve,system,4428.141,0.0,0.0,4428.141,0.0,5.977917
2019-01-31,9,0,reserve,system,4375.547,0.0,0.0,4375.547,0.0,7.469302
2019-01-31,10,0,reserve,system,4319.1,0.0,0.0,4319.1,0.0,5.645198
2019-01-31,11,0,reserve,system,4232.735,0.0,0.0,4232.735,0.0,7.322088
2019-01-31,12,0,reserve,system,4137.284,0.0,0.0,4137.284,0.0,6.492542
2019-01-31,13,0,reserve,system,4071.056,0.0,1.792532,4071.056,0.0,6.364825
2019-01-31,14,0,reserve,system,4006.099,0.0,0.0,4006.099,0.0,5.695453
2019-01-31,15,0,reserve,system,3963.595,0.0,1.900282,3963.595,0.0,1.501382
2019-01-31,16,0,reserve,system,3994.559,0.0,0.0,3994.559,0.0,0.99603
2019-01-31,17,0,reserve,system,4086.971,0.0,24.450272,4086.971,0.0,9.331636
2019-01-31,18,0,reserve,system,4214.214,0.0,0.0,4214.214,0.0,8.228591
2019-01-31,19,0,reserve,system,4203.87,0.0,0.0,4203.87,0.0,22.504763
2019-01-31,20,0,reserve,system,4124.269,0.0,0.0,4124.269,0.0,9.125318
2019-01-31,21,0,reserve,system,3949.561,0.0,0.0,3949.561,0.0,10.083745
2019-01-31,22,0,reserve,system,3699.933,0.0,0.0,3699.933,0.0,0.0
2019-01-31,23,0,reserve,system,3457.804,0.0,0.0,3457.804,0.0,0.0
2019-02-01,0,0,reserve,system,3298.012,0.0,0.0,3298.012,0.0,3.716363
2019-02-01,1,0,reserve,system,3199.836,0.0,0.0,3199.836,0.0,0.0
2019-02-01,2,0,reserve,system,3160.57,0.0,0.0,3160.57,0.0,7.229758
2019-02-01,3,0,reserve,system,3166.349,0.0,0.0,3166.349,0.0,5.370815
2019-02-01,4,0,reserve,system,3234.819,0.0,0.0,3234.819,0.0,7.388312
2019-02-01,5,0,reserve,system,3454.387,0.0,0.0,3454.387,0.0,6.249095
2019-02-01,6,0,reserve,system,3806.917,0.0,0.0,3806.917,0.0,9.211666
2019-02-01,7,0,reserve,system,3935.612,0.0,0.0,3935.612,0.0,9.730356
2019-02-01,8,0,reserve,system,3904.326,0.0,0.0,3904.326,0.0,22.175631
2019-02-01,9,0,reserve,system,3896.894,0.0,0.0,3896.894,0.0,10.790405
2019-02-01,10,0,reserve,system,3868.472,0.0,0.0,3868.472,0.0,7.21251
2019-02-01,11,0,reserve,system,3816.372,0.0,0.0,3816.372,0.0,6.521948
2019-02-01,12,0,reserve,system,3749.438,0.0,0.0,3749.438,0.0,6.521284
2019-02-01,13,0,reserve,system,3716.365,0.0,0.0,3716.365,0.0,6.243881
2019-02-01,14,0,reserve,system,3673.849,0.0,0.0,3673.849,0.0,6.205821
2019-02-01,15,0,reserve,system,3643.811,0.0,0.0,3643.811,0.0,0.698127
2019-02-01,16,0,reserve,system,3633.988,0.0,0.0,3633.988,0.0,0.0
2019-02-01,17,0,reserve,system,3685.523,0.0,8.548277,3685.523,0.0,9.375271
2019-02-01,18,0,reserve,system,3799.278,0.0,30.459349,3799.278,0.0,5.441351
2019-02-01,19,0,reserve,system,3789.007,0.0,0.0,3789.007,0.0,17.276521
2019-02-01,20,0,reserve,system,3731.505,0.0,0.0,3731.505,0.0,6.993201
2019-02-01,21,0,reserve,system,3649.265,0.0,0.0,3649.265,0.0,5.966716
2019-02-01,22,0,reserve,system,3500.367,0.0,0.0,3500.367,0.0,8.392244
2019-02-01,23,0,reserve,system,3319.249,0.0,0.0,3319.249,0.0,0.0
2019-02-02,0,0,reserve,system,3168.063,0.0,0.0,3168.063,0.0,6.969472
2019-02-02,1,0,reserve,system,3081.343,0.0,0.0,3081.343,0.0,0.0
2019-02-02,2,0,reserve,system,3032.054,0.0,0.0,3032.054,0.0,0.24679
2019-02-02,3,0,reserve,system,3003.631,0.0,0.0,3003.631,0.0,4.34735
2019-02-02,4,0,reserve,system,3029.682,0.0,0.0,3029.682,0.0,4.337067
2019-02-02,5,0,reserve,system,3112.726,0.0,0.0,3112.726,0.0,5.496354
2019-02-02,6,0,reserve,system,3249.001,0.0,0.0,3249.001,0.0,6.661886
2019-02-02,7,0,reserve,system,3388.531,0.0,0.0,3388.531,0.0,6.417019
2019-02-02,8,0,reserve,system,3521.111,0.0,0.0,3521.111,0.0,6.712845
2019-02-02,9,0,reserve,system,3630.649,0.0,0.0,3630.649,0.0,16.244062
2019-02-02,10,0,reserve,system,3681.978,0.0,0.0,3681.978,0.0,6.528566
2019-02-02,11,0,reserve,system,3677.495,0.0,0.0,3677.495,0.0,6.250928
2019-02-02,12,0,reserve,system,3622.918,0.0,0.0,3622.918,0.0,7.077267
2019-02-02,13,0,reserve,system,3555.6,0.0,0.0,3555.6,0.0,3.130449
2019-02-02,14,0,reserve,system,3494.537,0.0,0.0,3494.537,0.0,5.054115
2019-02-02,15,0,reserve,system,3470.558,0.0,0.0,3470.558,0.0,0.0
2019-02-02,16,0,reserve,system,3466.772,0.0,0.0,3466.772,0.0,0.0
2019-02-02,17,0,reserve,system,3522.013,0.0,0.0,3522.013,0.0,7.515569
2019-02-02,18,0,reserve,system,3645.652,0.0,0.0,3645.652,0.0,6.485596
2019-02-02,19,0,reserve,system,3634.025,0.0,0.0,3634.025,0.0,15.967821
2019-02-02,20,0,reserve,system,3583.99,0.0,0.0,3583.99,0.0,6.145726
2019-02-02,21,0,reserve,system,3509.954,0.0,0.0,3509.954,0.0,7.206328
2019-02-02,22,0,reserve,system,3384.198,0.0,0.0,3384.198,0.0,5.309709
2019-02-02,23,0,reserve,system,3236.413,0.0,0.0,3236.413,0.0,3.510691
2019-02-03,0,0,reserve,system,3089.076,0.0,0.0,3089.076,0.0,6.706824
2019-02-03,1,0,reserve,system,2980.123,0.0,0.0,2980.123,0.0,0.0
2019-02-03,2,0,reserve,system,2923.778,0.0,0.0,2923.778,0.0,1.233307
2019-02-03,3,0,reserve,system,2887.582,0.0,0.0,2887.582,0.0,0.0
2019-02-03,4,0,reserve,system,2885.993,0.0,12.69682,2885.993,0.0,1.964118
2019-02-03,5,0,reserve,system,2927.415,0.0,15.960317,2927.415,0.0,1.812452
2019-02-03,6,0,reserve,system,3015.78,0.0,0.0,3015.78,0.0,3.159223
2019-02-03,7,0,reserve,system,3127.785,0.0,0.0,3127.785,0.0,3.164796
2019-02-03,8,0,reserve,system,3267.313,0.0,0.957691,3267.313,0.0,3.910358
2019-02-03,9,0,reserve,system,3397.101,0.0,0.57633,3397.101,0.0,15.549878
2019-02-03,10,0,reserve,system,3474.337,0.0,0.0,3474.337,0.0,3.649515
2019-02-03,11,0,reserve,system,3523.632,0.0,0.0,3523.632,0.0,5.124809
2019-02-03,12,0,reserve,system,3532.023,0.0,0.0,3532.023,0.0,5.440153
2019-02-03,13,0,reserve,system,3544.882,0.0,0.0,3544.882,0.0,0.0
2019-02-03,14,0,reserve,system,3550.304,0.0,0.0,3550.304,0.0,0.0
2019-02-03,15,0,reserve,system,3565.165,0.0,0.0,3565.165,0.0,7.457
2019-02-03,16,0,reserve,system,3593.043,0.0,0.0,3593.043,0.0,0.063746
2019-02-03,17,0,reserve,system,3601.656,0.0,0.0,3601.656,0.0,6.032754
2019-02-03,18,0,reserve,system,3688.384,0.0,0.0,3688.384,0.0,5.464598
2019-02-03,19,0,reserve,system,3688.56,0.0,0.0,3688.56,0.0,16.324761
2019-02-03,20,0,reserve,system,3635.598,0.0,0.0,3635.598,0.0,6.872804
2019-02-03,21,0,reserve,system,3588.986,0.0,0.0,3588.986,0.0,4.416978
2019-02-03,22,0,reserve,system,3430.283,0.0,0.0,3430.283,0.0,4.022178
2019-02-03,23,0,reserve,system,3188.338,0.0,0.0,3188.338,0.0,3.045598
2019-02-04,0,0,reserve,system,3009.226,0.0,0.0,3009.226,0.0,4.646246
2019-02-04,1,0,reserve,system,2899.553,0.0,0.0,2899.553,0.0,0.0
2019-02-04,2,0,reserve,system,2844.389,0.0,0.0,2844.389,0.0,0.0
2019-02-04,3,0,reserve,system,2843.973,0.0,0.0,2843.973,0.0,2.400897
2019-02-04,4,0,reserve,system,2897.911,0.0,0.0,2897.911,0.0,3.335815
2019-02-04,5,0,reserve,system,3102.199,0.0,0.0,3102.199,0.0,3.313121
2019-02-04,6,0,reserve,system,3458.092,0.0,9.490929,3458.092,0.0,7.780353
2019-02-04,7,0,reserve,system,3610.255,0.0,0.0,3610.255,0.0,6.146908
2019-02-04,8,0,reserve,system,3621.788,0.0,22.737423,3621.788,0.0,6.828027
2019-02-04,9,0,reserve,system,3683.413,0.0,0.0,3683.413,0.0,15.61804
2019-02-04,10,0,reserve,system,3738.285,0.0,0.0,3738.285,0.0,6.05554
2019-02-04,11,0,reserve,system,3777.917,0.0,0.0,3777.917,0.0,6.552681
2019-02-04,12,0,reserve,system,3822.323,0.0,0.0,3822.323,0.0,6.16587
2019-02-04,13,0,reserve,system,3861.809,0.0,0.0,3861.809,0.0,0.0
2019-02-04,14,0,reserve,system,3879.133,0.0,3.42217,3879.133,0.0,5.527413
2019-02-04,15,0,reserve,system,3879.188,0.0,2.231809,3879.188,0.0,5.213402
2019-02-04,16,0,reserve,system,3889.301,0.0,14.369582,3889.301,0.0,4.935317
2019-02-04,17,0,reserve,system,3908.97,0.0,0.0,3908.97,0.0,7.692822
2019-02-04,18,0,reserve,system,4048.601,0.0,0.0,4048.601,0.0,7.812435
2019-02-04,19,0,reserve,system,4060.716,0.0,0.0,4060.716,0.0,23.809686
2019-02-04,20,0,reserve,system,3969.442,0.0,0.0,3969.442,0.0,9.211837
2019-02-04,21,0,reserve,system,3810.17,0.0,0.0,3810.17,0.0,6.877868
2019-02-04,22,0,reserve,system,3558.611,0.0,0.0,3558.611,0.0,6.331995
2019-02-04,23,0,reserve,system,3288.306,0.0,0.0,3288.306,0.0,6.077938
2019-02-05,0,0,reserve,system,3101.664,0.0,0.0,3101.664,0.0,6.982048
2019-02-05,1,0,reserve,system,2988.443,0.0,0.0,2988.443,0.0,0.0
2019-02-05,2,0,reserve,system,2934.12,0.0,0.0,2934.12,0.0,3.113685
2019-02-05,3,0,reserve,system,2909.467,0.0,0.0,2909.467,0.0,0.0
2019-02-05,4,0,reserve,system,2960.155,0.0,10.166384,2960.155,0.0,4.72414
2019-02-05,5,0,reserve,system,3155.97,0.0,0.0,3155.97,0.0,2.939767
2019-02-05,6,0,reserve,system,3519.38,0.0,8.503551,3519.38,0.0,8.13542
2019-02-05,7,0,reserve,system,3674.062,0.0,0.0,3674.062,0.0,6.825365
2019-02-05,8,0,reserve,system,3671.691,0.0,23.291629,3671.691,0.0,7.547344
2019-02-05,9,0,reserve,system,3723.137,0.0,30.493741,3723.137,0.0,11.907366
2019-02-05,10,0,reserve,system,3794.018,0.0,0.0,3794.018,0.0,6.743184
2019-02-05,11,0,reserve,system,3840.065,0.0,0.0,3840.065,0.0,6.515001
2019-02-05,12,0,reserve,system,3867.084,0.0,0.0,3867.084,0.0,6.36474
2019-02-05,13,0,reserve,system,3908.957,0.0,0.0,3908.957,0.0,7.331255
2019-02-05,14,0,reserve,system,3918.134,0.0,0.0,3918.134,0.0,6.269559
2019-02-05,15,0,reserve,system,3919.466,0.0,15.278395,3919.466,0.0,1.420552
2019-02-05,16,0,reserve,system,3911.934,0.0,0.0,3911.934,0.0,6.687089
2019-02-05,17,0,reserve,system,3921.15,0.0,0.0,3921.15,0.0,0.311224
2019-02-05,18,0,reserve,system,4056.397,0.0,7.332539,4056.397,0.0,9.347201
2019-02-05,19,0,reserve,system,4063.458,0.0,0.0,4063.458,0.0,22.158966
2019-02-05,20,0,reserve,system,3973.331,0.0,0.0,3973.331,0.0,6.663913
2019-02-05,21,0,reserve,system,3823.917,0.0,0.0,3823.917,0.0,6.566798
2019-02-05,22,0,reserve,system,3593.663,0.0,0.0,3593.663,0.0,7.210937
2019-02-05,23,0,reserve,system,3326.13,0.0,0.0,3326.13,0.0,5.441053
2019-02-06,0,0,reserve,system,3145.906,0.0,0.0,3145.906,0.0,7.606784
2019-02-06,1,0,reserve,system,3029.403,0.0,0.0,3029.403,0.0,0.0
2019-02-06,2,0,reserve,system,2966.903,0.0,0.0,2966.903,0.0,4.646246
2019-02-06,3,0,reserve,system,2952.253,0.0,0.0,2952.253,0.0,0.0
2019-02-06,4,0,reserve,system,2999.935,0.0,0.0,2999.935,0.0,0.0
2019-02-06,5,0,reserve,system,3190.95,0.0,0.0,3190.95,0.0,5.219849
2019-02-06,6,0,reserve,system,3539.723,0.0,5.733765,3539.723,0.0,6.714631
2019-02-06,7,0,reserve,system,3691.287,0.0,0.0,3691.287,0.0,6.482207
2019-02-06,8,0,reserve,system,3693.227,0.0,0.0,3693.227,0.0,6.81426
2019-02-06,9,0,reserve,system,3767.34,0.0,0.0,3767.34,0.0,6.840409
2019-02-06,10,0,reserve,system,3850.464,0.0,0.0,3850.464,0.0,15.713889
2019-02-06,11,0,reserve,system,3912.197,0.0,0.0,3912.197,0.0,3.86397
2019-02-06,12,0,reserve,system,3964.07,0.0,0.0,3964.07,0.0,7.37811
2019-02-06,13,0,reserve,system,4020.586,0.0,0.0,4020.586,0.0,7.915337
2019-02-06,14,0,reserve,system,4021.415,0.0,20.358472,4021.415,0.0,3.299815
2019-02-06,15,0,reserve,system,4033.167,0.0,0.0,4033.167,0.0,0.0
2019-02-06,16,0,reserve,system,4038.506,0.0,0.0,4038.506,0.0,6.223455
2019-02-06,17,0,reserve,system,4055.609,0.0,1.880352,4055.609,0.0,6.385401
2019-02-06,18,0,reserve,system,4166.008,0.0,22.540008,4166.008,0.0,6.819918
2019-02-06,19,0,reserve,system,4166.022,0.0,0.0,4166.022,0.0,15.686653
2019-02-06,20,0,reserve,system,4088.389,0.0,0.0,4088.389,0.0,6.614143
2019-02-06,21,0,reserve,system,3932.319,0.0,0.0,3932.319,0.0,5.535771
2019-02-06,22,0,reserve,system,3673.867,0.0,0.0,3673.867,0.0,4.79593
2019-02-06,23,0,reserve,system,3411.643,0.0,0.0,3411.643,0.0,3.342857
2019-02-07,0,0,reserve,system,3214.235,0.0,0.0,3214.235,0.0,3.773844
2019-02-07,1,0,reserve,system,3100.724,0.0,0.0,3100.724,0.0,0.383488
2019-02-07,2,0,reserve,system,3040.85,0.0,0.0,3040.85,0.0,1.205524
2019-02-07,3,0,reserve,system,3016.949,0.0,0.0,3016.949,0.0,0.0
2019-02-07,4,0,reserve,system,3059.887,0.0,0.0,3059.887,0.0,1.558647
2019-02-07,5,0,reserve,system,3226.86,0.0,0.0,3226.86,0.0,1.713171
2019-02-07,6,0,reserve,system,3564.303,0.0,1.86101,3564.303,0.0,6.006928
2019-02-07,7,0,reserve,system,3723.074,0.0,0.0,3723.074,0.0,5.592885
2019-02-07,8,0,reserve,system,3783.032,0.0,0.0,3783.032,0.0,7.304854
2019-02-07,9,0,reserve,system,3888.334,0.0,0.0,3888.334,0.0,12.648327
2019-02-07,10,0,reserve,system,3999.867,0.0,15.969573,3999.867,0.0,7.510033
2019-02-07,11,0,reserve,system,4055.763,0.0,0.0,4055.763,0.0,7.53361
2019-02-07,12,0,reserve,system,4036.873,0.0,0.0,4036.873,0.0,6.689266
2019-02-07,13,0,reserve,system,4014.028,0.0,0.0,4014.028,0.0,6.76268
2019-02-07,14,0,reserve,system,3968.998,0.0,0.0,3968.998,0.0,0.0
2019-02-07,15,0,reserve,system,3939.71,0.0,0.0,3939.71,0.0,0.0
2019-02-07,16,0,reserve,system,3978.403,0.0,14.092534,3978.403,0.0,6.018708
2019-02-07,17,0,reserve,system,4107.832,0.0,8.206161,4107.832,0.0,6.608608
2019-02-07,18,0,reserve,system,4386.632,0.0,0.0,4386.632,0.0,7.046607
2019-02-07,19,0,reserve,system,4502.072,0.0,24.840264,4502.072,0.0,22.55193
2019-02-07,20,0,reserve,system,4536.147,0.0,26.464644,4536.147,0.0,9.907993
2019-02-07,21,0,reserve,system,4469.957,0.0,0.0,4469.957,0.0,6.938907
2019-02-07,22,0,reserve,system,4310.269,0.0,0.0,4310.269,0.0,5.424145
2019-02-07,23,0,reserve,system,4155.616,0.0,0.0,4155.616,0.0,10.662194
2019-02-08,0,0,reserve,system,4065.873,0.0,0.0,4065.873,0.0,10.335245
2019-02-08,1,0,reserve,system,4052.559,0.0,2.569231,4052.559,0.0,6.905314
2019-02-08,2,0,reserve,system,4094.853,0.0,0.0,4094.853,0.0,0.0
2019-02-08,3,0,reserve,system,4179.79,0.0,0.0,4179.79,0.0,8.278561
2019-02-08,4,0,reserve,system,4345.623,0.0,0.0,4345.623,0.0,0.0
2019-02-08,5,0,reserve,system,4678.577,0.0,0.0,4678.577,0.0,9.200243
2019-02-08,6,0,reserve,system,5164.912,0.0,0.0,5164.912,0.0,5.810156
2019-02-08,7,0,reserve,system,5373.132,0.0,0.67325,5373.132,0.0,12.863222
2019-02-08,8,0,reserve,system,5358.151,0.0,0.0,5358.151,0.0,7.600902
2019-02-08,9,0,reserve,system,5372.347,0.0,0.0,5372.347,0.0,17.156834
2019-02-08,10,0,reserve,system,5304.437,0.0,0.0,5304.437,0.0,0.0
2019-02-08,11,0,reserve,system,5241.324,0.0,0.0,5241.324,0.0,24.328893
2019-02-08,12,0,reserve,system,5161.059,0.0,0.0,5161.059,0.0,0.0
2019-02-08,13,0,reserve,system,5118.636,0.0,0.0,5118.636,0.0,22.206921
2019-02-08,14,0,reserve,system,5076.361,0.0,0.0,5076.361,0.0,4.495918
2019-02-08,15,0,reserve,system,5070.155,0.0,0.0,5070.155,0.0,6.555057
2019-02-08,16,0,reserve,system,5134.671,0.0,0.0,5134.671,0.0,0.0
2019-02-08,17,0,reserve,system,5247.655,0.0,0.0,5247.655,0.0,15.040912
2019-02-08,18,0,reserve,system,5364.554,0.0,0.0,5364.554,0.0,11.554584
2019-02-08,19,0,reserve,system,5331.438,0.0,0.0,5331.438,0.0,18.48487
2019-02-08,20,0,reserve,system,5249.533,0.0,0.0,5249.533,0.0,8.710381
2019-02-08,21,0,reserve,system,5119.92,0.0,0.0,5119.92,0.0,9.658912
2019-02-08,22,0,reserve,system,4930.048,0.0,0.0,4930.048,0.0,7.482629
2019-02-08,23,0,reserve,system,4731.889,0.0,0.0,4731.889,0.0,15.991419
2019-02-09,0,0,reserve,system,4583.048,0.0,0.0,4583.048,0.0,18.204559
2019-02-09,1,0,reserve,system,4493.775,0.0,0.0,4493.775,0.0,0.0
2019-02-09,2,0,reserve,system,4431.785,0.0,0.0,4431.785,0.0,0.0
2019-02-09,3,0,reserve,system,4414.28,0.0,0.0,4414.28,0.0,9.753316
2019-02-09,4,0,reserve,system,4449.366,0.0,0.0,4449.366,0.0,7.4493
2019-02-09,5,0,reserve,system,4548.493,0.0,0.0,4548.493,0.0,9.766858
2019-02-09,6,0,reserve,system,4707.341,0.0,0.0,4707.341,0.0,10.134083
2019-02-09,7,0,reserve,system,4871.448,0.0,0.0,4871.448,0.0,7.027987
2019-02-09,8,0,reserve,system,5005.131,0.0,0.0,5005.131,0.0,8.232505
2019-02-09,9,0,reserve,system,5093.886,0.0,0.0,5093.886,0.0,19.816584
2019-02-09,10,0,reserve,system,5130.005,0.0,0.0,5130.005,0.0,8.516415
2019-02-09,11,0,reserve,system,5076.065,0.0,0.0,5076.065,0.0,9.755088
2019-02-09,12,0,reserve,system,4978.936,0.0,0.0,4978.936,0.0,9.720336
2019-02-09,13,0,reserve,system,4891.569,0.0,0.0,4891.569,0.0,5.655833
2019-02-09,14,0,reserve,system,4831.567,0.0,0.0,4831.567,0.0,0.0
2019-02-09,15,0,reserve,system,4812.488,0.0,0.0,4812.488,0.0,9.237662
2019-02-09,16,0,reserve,system,4832.869,0.0,0.0,4832.869,0.0,0.0
2019-02-09,17,0,reserve,system,4911.353,0.0,4.263003,4911.353,0.0,12.083405
2019-02-09,18,0,reserve,system,5037.884,0.0,33.773154,5037.884,0.0,8.75224
2019-02-09,19,0,reserve,system,5018.155,0.0,0.0,5018.155,0.0,17.893868
2019-02-09,20,0,reserve,system,4949.173,0.0,0.0,4949.173,0.0,6.772175
2019-02-09,21,0,reserve,system,4838.739,0.0,0.0,4838.739,0.0,6.661927
2019-02-09,22,0,reserve,system,4654.129,0.0,0.0,4654.129,0.0,13.834935
2019-02-09,23,0,reserve,system,4476.535,0.0,0.0,4476.535,0.0,0.0
2019-02-10,0,0,reserve,system,4331.515,0.0,0.0,4331.515,0.0,13.425998
2019-02-10,1,0,reserve,system,4234.09,0.0,0.0,4234.09,0.0,0.0
2019-02-10,2,0,reserve,system,4167.83,0.0,0.0,4167.83,0.0,0.0
2019-02-10,3,0,reserve,system,4131.008,0.0,0.0,4131.008,0.0,13.232668
2019-02-10,4,0,reserve,system,4138.91,0.0,0.0,4138.91,0.0,0.0
2019-02-10,5,0,reserve,system,4195.183,0.0,0.0,4195.183,0.0,13.488374
2019-02-10,6,0,reserve,system,4294.366,0.0,0.0,4294.366,0.0,7.490617
2019-02-10,7,0,reserve,system,4397.436,0.0,0.0,4397.436,0.0,9.449163
2019-02-10,8,0,reserve,system,4493.631,0.0,0.0,4493.631,0.0,16.866037
2019-02-10,9,0,reserve,system,4546.564,0.0,0.0,4546.564,0.0,9.051932
2019-02-10,10,0,reserve,system,4513.566,0.0,0.0,4513.566,0.0,9.657034
2019-02-10,11,0,reserve,system,4440.111,0.0,0.0,4440.111,0.0,8.453256
2019-02-10,12,0,reserve,system,4346.741,0.0,0.0,4346.741,0.0,12.073435
2019-02-10,13,0,reserve,system,4257.463,0.0,0.0,4257.463,0.0,0.0
2019-02-10,14,0,reserve,system,4175.554,0.0,32.037208,4175.554,0.0,13.279095
2019-02-10,15,0,reserve,system,4138.846,0.0,0.0,4138.846,0.0,0.0
2019-02-10,16,0,reserve,system,4147.961,0.0,0.0,4147.961,0.0,0.0
2019-02-10,17,0,reserve,system,4231.858,0.0,21.368195,4231.858,0.0,11.694336
2019-02-10,18,0,reserve,system,4378.498,0.0,23.900877,4378.498,0.0,8.744929
2019-02-10,19,0,reserve,system,4397.089,0.0,0.0,4397.089,0.0,20.844143
2019-02-10,20,0,reserve,system,4320.433,0.0,0.0,4320.433,0.0,8.913297
2019-02-10,21,0,reserve,system,4180.016,0.0,0.0,4180.016,0.0,10.987996
2019-02-10,22,0,reserve,system,3944.936,0.0,0.0,3944.936,0.0,0.0
2019-02-10,23,0,reserve,system,3703.078,0.0,0.0,3703.078,0.0,0.0
2019-02-11,0,0,reserve,system,3536.93,0.0,0.0,3536.93,0.0,6.185144
2019-02-11,1,0,reserve,system,3450.691,0.0,0.0,3450.691,0.0,7.782064
2019-02-11,2,0,reserve,system,3407.244,0.0,0.0,3407.244,0.0,0.0
2019-02-11,3,0,reserve,system,3408.903,0.0,0.0,3408.903,0.0,0.0
2019-02-11,4,0,reserve,system,3504.554,0.0,3.93739,3504.554,0.0,7.161563
2019-02-11,5,0,reserve,system,3751.16,0.0,0.0,3751.16,0.0,4.97628
2019-02-11,6,0,reserve,system,4102.616,0.0,0.0,4102.616,0.0,7.469869
2019-02-11,7,0,reserve,system,4218.456,0.0,41.480246,4218.456,0.0,20.642275
2019-02-11,8,0,reserve,system,4158.513,0.0,0.0,4158.513,0.0,6.96508
2019-02-11,9,0,reserve,system,4142.728,0.0,1.771693,4142.728,0.0,6.108949
2019-02-11,10,0,reserve,system,4112.666,0.0,0.0,4112.666,0.0,7.279397
2019-02-11,11,0,reserve,system,4082.673,0.0,0.0,4082.673,0.0,4.566718
2019-02-11,12,0,reserve,system,4056.846,0.0,0.0,4056.846,0.0,10.27932
2019-02-11,13,0,reserve,system,4011.631,0.0,0.0,4011.631,0.0,0.05974
2019-02-11,14,0,reserve,system,3977.994,0.0,0.0,3977.994,0.0,7.617908
2019-02-11,15,0,reserve,system,3958.606,0.0,0.0,3958.606,0.0,4.723614
2019-02-11,16,0,reserve,system,3973.702,0.0,0.0,3973.702,0.0,0.0
2019-02-11,17,0,reserve,system,4042.219,0.0,2.387499,4042.219,0.0,9.373473
2019-02-11,18,0,reserve,system,4161.872,0.0,0.0,4161.872,0.0,5.559422
2019-02-11,19,0,reserve,system,4168.473,0.0,26.196042,4168.473,0.0,22.912308
2019-02-11,20,0,reserve,system,4088.927,0.0,0.0,4088.927,0.0,6.184871
2019-02-11,21,0,reserve,system,3926.065,0.0,0.0,3926.065,0.0,7.104683
2019-02-11,22,0,reserve,system,3692.478,0.0,0.0,3692.478,0.0,5.706727
2019-02-11,23,0,reserve,system,3454.112,0.0,0.0,3454.112,0.0,0.0
2019-02-12,0,0,reserve,system,3294.694,0.0,0.0,3294.694,0.0,3.35361
2019-02-12,1,0,reserve,system,3210.617,0.0,0.0,3210.617,0.0,0.0
2019-02-12,2,0,reserve,system,3206.736,0.0,5.160401,3206.736,0.0,2.879036
2019-02-12,3,0,reserve,system,3225.29,0.0,0.0,3225.29,0.0,0.0
2019-02-12,4,0,reserve,system,3330.16,0.0,0.0,3330.16,0.0,4.466283
2019-02-12,5,0,reserve,system,3627.851,0.0,0.0,3627.851,0.0,3.322974
2019-02-12,6,0,reserve,system,4075.742,0.0,0.0,4075.742,0.0,7.946497
2019-02-12,7,0,reserve,system,4244.165,0.0,0.0,4244.165,0.0,6.419481
2019-02-12,8,0,reserve,system,4165.961,0.0,0.0,4165.961,0.0,16.940382
2019-02-12,9,0,reserve,system,4086.851,0.0,0.0,4086.851,0.0,8.077275
2019-02-12,10,0,reserve,system,4004.924,0.0,0.0,4004.924,0.0,6.786778
2019-02-12,11,0,reserve,system,3907.129,0.0,0.0,3907.129,0.0,6.525544
2019-02-12,12,0,reserve,system,3812.342,0.0,0.0,3812.342,0.0,7.801831
2019-02-12,13,0,reserve,system,3744.893,0.0,0.0,3744.893,0.0,3.474415
2019-02-12,14,0,reserve,system,3681.032,0.0,0.0,3681.032,0.0,0.0
2019-02-12,15,0,reserve,system,3639.252,0.0,0.0,3639.252,0.0,3.361504
2019-02-12,16,0,reserve,system,3650.913,0.0,0.0,3650.913,0.0,7.303984
2019-02-12,17,0,reserve,system,3711.483,0.0,0.0,3711.483,0.0,6.323537
2019-02-12,18,0,reserve,system,3949.452,0.0,29.931057,3949.452,0.0,7.020821
2019-02-12,19,0,reserve,system,4096.772,0.0,0.0,4096.772,0.0,10.639012
2019-02-12,20,0,reserve,system,4145.725,0.0,0.0,4145.725,0.0,20.891732
2019-02-12,21,0,reserve,system,4105.107,0.0,0.0,4105.107,0.0,11.835151
2019-02-12,22,0,reserve,system,3955.466,0.0,0.0,3955.466,0.0,4.584082
2019-02-12,23,0,reserve,system,3794.66,0.0,0.0,3794.66,0.0,10.276132
2019-02-13,0,0,reserve,system,3706.004,0.0,0.0,3706.004,0.0,13.10297
2019-02-13,1,0,reserve,system,3703.493,0.0,0.0,3703.493,0.0,0.0
2019-02-13,2,0,reserve,system,3739.31,0.0,0.0,3739.31,0.0,0.0
2019-02-13,3,0,reserve,system,3829.071,0.0,0.0,3829.071,0.0,9.02188
2019-02-13,4,0,reserve,system,3995.792,0.0,11.92218,3995.792,0.0,4.844509
2019-02-13,5,0,reserve,system,4348.025,0.0,0.0,4348.025,0.0,7.840295
2019-02-13,6,0,reserve,system,4839.238,0.0,0.0,4839.238,0.0,10.516662
2019-02-13,7,0,reserve,system,4954.392,0.0,24.563674,4954.392,0.0,20.92583
2019-02-13,8,0,reserve,system,4722.791,0.0,0.0,4722.791,0.0,8.183987
2019-02-13,9,0,reserve,system,4449.268,0.0,0.0,4449.268,0.0,7.209075
2019-02-13,10,0,reserve,system,4226.509,0.0,0.0,4226.509,0.0,6.692921
2019-02-13,11,0,reserve,system,4039.026,0.0,0.0,4039.026,0.0,6.80169
2019-02-13,12,0,reserve,system,3890.048,0.0,0.0,3890.048,0.0,4.735684
2019-02-13,13,0,reserve,system,3817.908,0.0,0.0,3817.908,0.0,6.272481
2019-02-13,14,0,reserve,system,3762.921,0.0,0.0,3762.921,0.0,0.931846
2019-02-13,15,0,reserve,system,3745.783,0.0,0.0,3745.783,0.0,0.0
2019-02-13,16,0,reserve,system,3781.336,0.0,0.0,3781.336,0.0,4.451787
2019-02-13,17,0,reserve,system,3861.119,0.0,0.0,3861.119,0.0,4.628634
2019-02-13,18,0,reserve,system,4076.191,0.0,0.0,4076.191,0.0,7.466705
2019-02-13,19,0,reserve,system,4151.458,0.0,2.70605,4151.458,0.0,16.031907
2019-02-13,20,0,reserve,system,4121.326,0.0,0.0,4121.326,0.0,6.405278
2019-02-13,21,0,reserve,system,4011.938,0.0,0.0,4011.938,0.0,6.742474
2019-02-13,22,0,reserve,system,3794.014,0.0,0.0,3794.014,0.0,0.0
2019-02-13,23,0,reserve,system,3567.442,0.0,0.0,3567.442,0.0,0.0
2019-02-14,0,0,reserve,system,3422.847,0.0,0.0,3422.847,0.0,2.75441
2019-02-14,1,0,reserve,system,3339.106,0.0,1.936536,3339.106,0.0,3.140911
2019-02-14,2,0,reserve,system,3304.527,0.0,0.0,3304.527,0.0,5.67252
2019-02-14,3,0,reserve,system,3309.472,0.0,0.0,3309.472,0.0,0.0
2019-02-14,4,0,reserve,system,3403.996,0.0,1.695533,3403.996,0.0,5.111209
2019-02-14,5,0,reserve,system,3659.253,0.0,0.0,3659.253,0.0,3.181861
2019-02-14,6,0,reserve,system,4044.442,0.0,17.558578,4044.442,0.0,7.555535
2019-02-14,7,0,reserve,system,4121.25,0.0,13.708736,4121.25,0.0,13.598781
2019-02-14,8,0,reserve,system,4010.999,0.0,0.0,4010.999,0.0,7.710468
2019-02-14,9,0,reserve,system,3924.573,0.0,0.0,3924.573,0.0,6.919611
2019-02-14,10,0,reserve,system,3835.095,0.0,0.0,3835.095,0.0,5.55761
2019-02-14,11,0,reserve,system,3755.927,0.0,0.0,3755.927,0.0,4.478851
2019-02-14,12,0,reserve,system,3691.409,0.0,1.165252,3691.409,0.0,5.930764
2019-02-14,13,0,reserve,system,3679.945,0.0,0.0,3679.945,0.0,0.0
2019-02-14,14,0,reserve,system,3664.289,0.0,4.152406,3664.289,0.0,0.0
2019-02-14,15,0,reserve,system,3652.168,0.0,3.268222,3652.168,0.0,5.432173
2019-02-14,16,0,reserve,system,3649.028,0.0,3.543621,3649.028,0.0,4.248355
2019-02-14,17,0,reserve,system,3650.482,0.0,2.009122,3650.482,0.0,4.117
2019-02-14,18,0,reserve,system,3776.923,0.0,0.0,3776.923,0.0,7.458061
2019-02-14,19,0,reserve,system,3807.823,0.0,0.0,3807.823,0.0,20.594407
2019-02-14,20,0,reserve,system,3744.2,0.0,0.0,3744.2,0.0,5.573401
2019-02-14,21,0,reserve,system,3620.624,0.0,0.0,3620.624,0.0,9.94671
2019-02-14,22,0,reserve,system,3405.203,0.0,0.0,3405.203,0.0,0.0
2019-02-14,23,0,reserve,system,3181.401,0.0,0.0,3181.401,0.0,0.0
2019-02-15,0,0,reserve,system,3031.774,0.0,0.0,3031.774,0.0,5.725976
2019-02-15,1,0,reserve,system,2957.506,0.0,0.0,2957.506,0.0,0.0
2019-02-15,2,0,reserve,system,2917.421,0.0,0.0,2917.421,0.0,0.0
2019-02-15,3,0,reserve,system,2923.62,0.0,0.0,2923.62,0.0,4.844626
2019-02-15,4,0,reserve,system,3002.492,0.0,0.0,3002.492,0.0,2.594601
2019-02-15,5,0,reserve,system,3227.481,0.0,0.0,3227.481,0.0,5.411094
2019-02-15,6,0,reserve,system,3588.887,0.0,0.0,3588.887,0.0,7.264334
2019-02-15,7,0,reserve,system,3732.096,0.0,0.159891,3732.096,0.0,14.657116
2019-02-15,8,0,reserve,system,3730.523,0.0,0.0,3730.523,0.0,6.641222
2019-02-15,9,0,reserve,system,3734.125,0.0,1.718164,3734.125,0.0,6.466872
2019-02-15,10,0,reserve,system,3751.685,0.0,0.0,3751.685,0.0,6.459594
2019-02-15,11,0,reserve,system,3766.819,0.0,2.764042,3766.819,0.0,6.501377
2019-02-15,12,0,reserve,system,3785.988,0.0,0.0,3785.988,0.0,5.799204
2019-02-15,13,0,reserve,system,3841.576,0.0,0.0,3841.576,0.0,4.829066
2019-02-15,14,0,reserve,system,3867.134,0.0,0.0,3867.134,0.0,4.090427
2019-02-15,15,0,reserve,system,3872.599,0.0,0.0,3872.599,0.0,6.94672
2019-02-15,16,0,reserve,system,3866.523,0.0,0.0,3866.523,0.0,0.0
2019-02-15,17,0,reserve,system,3845.778,0.0,0.0,3845.778,0.0,5.580285
2019-02-15,18,0,reserve,system,3920.843,0.0,15.737113,3920.843,0.0,6.994578
2019-02-15,19,0,reserve,system,3928.105,0.0,31.791275,3928.105,0.0,20.680535
2019-02-15,20,0,reserve,system,3860.424,0.0,0.0,3860.424,0.0,6.192312
2019-02-15,21,0,reserve,system,3774.117,0.0,0.0,3774.117,0.0,7.579532
2019-02-15,22,0,reserve,system,3639.459,0.0,0.0,3639.459,0.0,4.330607
2019-02-15,23,0,reserve,system,3490.417,0.0,0.0,3490.417,0.0,9.61784
2019-02-16,0,0,reserve,system,3364.336,0.0,0.0,3364.336,0.0,6.191174
2019-02-16,1,0,reserve,system,3296.677,0.0,0.0,3296.677,0.0,0.0
2019-02-16,2,0,reserve,system,3270.959,0.0,10.986258,3270.959,0.0,18.371834
2019-02-16,3,0,reserve,system,3272.62,0.0,0.0,3272.62,0.0,0.0
2019-02-16,4,0,reserve,system,3323.041,0.0,0.0,3323.041,0.0,0.0
2019-02-16,5,0,reserve,system,3426.296,0.0,8.094505,3426.296,0.0,9.473853
2019-02-16,6,0,reserve,system,3606.166,0.0,0.0,3606.166,0.0,5.293361
2019-02-16,7,0,reserve,system,3805.768,0.0,0.0,3805.768,0.0,7.424925
2019-02-16,8,0,reserve,system,4000.83,0.0,0.0,4000.83,0.0,8.614188
2019-02-16,9,0,reserve,system,4128.191,0.0,0.0,4128.191,0.0,24.539381
2019-02-16,10,0,reserve,system,4194.621,0.0,0.0,4194.621,0.0,6.824081
2019-02-16,11,0,reserve,system,4189.499,0.0,0.0,4189.499,0.0,7.00286
2019-02-16,12,0,reserve,system,4134.26,0.0,0.0,4134.26,0.0,6.465472
2019-02-16,13,0,reserve,system,4059.883,0.0,0.0,4059.883,0.0,6.31406
2019-02-16,14,0,reserve,system,3993.182,0.0,0.0,3993.182,0.0,6.728106
2019-02-16,15,0,reserve,system,3945.276,0.0,0.0,3945.276,0.0,1.127092
2019-02-16,16,0,reserve,system,3934.687,0.0,0.0,3934.687,0.0,0.0
2019-02-16,17,0,reserve,system,3980.997,0.0,2.71031,3980.997,0.0,8.960125
2019-02-16,18,0,reserve,system,4086.429,0.0,0.0,4086.429,0.0,5.306459
2019-02-16,19,0,reserve,system,4103.265,0.0,12.069726,4103.265,0.0,19.52164
2019-02-16,20,0,reserve,system,4034.828,0.0,0.0,4034.828,0.0,6.619624
2019-02-16,21,0,reserve,system,3942.85,0.0,0.0,3942.85,0.0,7.498406
2019-02-16,22,0,reserve,system,3786.156,0.0,0.0,3786.156,0.0,4.049043
2019-02-16,23,0,reserve,system,3609.108,0.0,0.0,3609.108,0.0,7.496243
2019-02-17,0,0,reserve,system,3456.194,0.0,0.0,3456.194,0.0,13.364773
2019-02-17,1,0,reserve,system,3343.329,0.0,0.0,3343.329,0.0,0.0
2019-02-17,2,0,reserve,system,3284.094,0.0,0.0,3284.094,0.0,3.721133
2019-02-17,3,0,reserve,system,3260.42,0.0,0.0,3260.42,0.0,8.682933
2019-02-17,4,0,reserve,system,3273.648,0.0,0.0,3273.648,0.0,0.929189
2019-02-17,5,0,reserve,system,3335.739,0.0,0.0,3335.739,0.0,9.436222
2019-02-17,6,0,reserve,system,3447.811,0.0,0.0,3447.811,0.0,9.474389
2019-02-17,7,0,reserve,system,3585.309,0.0,0.0,3585.309,0.0,0.0
2019-02-17,8,0,reserve,system,3746.515,0.0,0.0,3746.515,0.0,21.504815
2019-02-17,9,0,reserve,system,3869.317,0.0,0.0,3869.317,0.0,7.321499
2019-02-17,10,0,reserve,system,3875.642,0.0,0.0,3875.642,0.0,6.558646
2019-02-17,11,0,reserve,system,3788.759,0.0,0.0,3788.759,0.0,7.382896
2019-02-17,12,0,reserve,system,3703.05,0.0,0.0,3703.05,0.0,4.302306
2019-02-17,13,0,reserve,system,3624.467,0.0,0.0,3624.467,0.0,5.471817
2019-02-17,14,0,reserve,system,3545.629,0.0,2.06075,3545.629,0.0,0.0
2019-02-17,15,0,reserve,system,3501.435,0.0,0.0,3501.435,0.0,0.13108
2019-02-17,16,0,reserve,system,3530.12,0.0,0.0,3530.12,0.0,5.352994
2019-02-17,17,0,reserve,system,3619.354,0.0,0.0,3619.354,0.0,4.289046
2019-02-17,18,0,reserve,system,3835.717,0.0,14.998857,3835.717,0.0,7.513528
2019-02-17,19,0,reserve,system,3952.52,0.0,29.30753,3952.52,0.0,15.96557
2019-02-17,20,0,reserve,system,3954.408,0.0,0.0,3954.408,0.0,6.468358
2019-02-17,21,0,reserve,system,3913.616,0.0,0.0,3913.616,0.0,6.781594
2019-02-17,22,0,reserve,system,3782.565,0.0,0.0,3782.565,0.0,4.55953
2019-02-17,23,0,reserve,system,3621.133,0.0,0.0,3621.133,0.0,4.817931
2019-02-18,0,0,reserve,system,3515.008,0.0,0.0,3515.008,0.0,6.556993
2019-02-18,1,0,reserve,system,3465.79,0.0,0.0,3465.79,0.0,0.0
2019-02-18,2,0,reserve,system,3482.379,0.0,0.0,3482.379,0.0,0.097388
2019-02-18,3,0,reserve,system,3540.63,0.0,0.0,3540.63,0.0,4.195562
2019-02-18,4,0,reserve,system,3680.645,0.0,0.0,3680.645,0.0,5.062233
2019-02-18,5,0,reserve,system,3959.269,0.0,0.0,3959.269,0.0,4.583437
2019-02-18,6,0,reserve,system,4335.619,0.0,3.775916,4335.619,0.0,7.166334
2019-02-18,7,0,reserve,system,4551.756,0.0,11.555152,4551.756,0.0,7.265012
2019-02-18,8,0,reserve,system,4609.005,0.0,0.0,4609.005,0.0,7.589978
2019-02-18,9,0,reserve,system,4608.468,0.0,0.0,4608.468,0.0,15.396983
2019-02-18,10,0,reserve,system,4538.899,0.0,0.0,4538.899,0.0,7.47394
2019-02-18,11,0,reserve,system,4425.412,0.0,0.0,4425.412,0.0,5.901724
2019-02-18,12,0,reserve,system,4299.621,0.0,0.0,4299.621,0.0,6.064875
2019-02-18,13,0,reserve,system,4201.312,0.0,0.0,4201.312,0.0,5.847555
2019-02-18,14,0,reserve,system,4124.373,0.0,0.0,4124.373,0.0,0.0
2019-02-18,15,0,reserve,system,4099.56,0.0,0.0,4099.56,0.0,0.0
2019-02-18,16,0,reserve,system,4142.497,0.0,7.931599,4142.497,0.0,5.948814
2019-02-18,17,0,reserve,system,4262.911,0.0,0.0,4262.911,0.0,6.627745
2019-02-18,18,0,reserve,system,4504.591,0.0,0.0,4504.591,0.0,7.1707
2019-02-18,19,0,reserve,system,4599.537,0.0,0.0,4599.537,0.0,16.648181
2019-02-18,20,0,reserve,system,4557.921,0.0,0.0,4557.921,0.0,6.45226
2019-02-18,21,0,reserve,system,4427.019,0.0,0.0,4427.019,0.0,8.521761
2019-02-18,22,0,reserve,system,4201.616,0.0,0.0,4201.616,0.0,3.563724
2019-02-18,23,0,reserve,system,3986.07,0.0,0.0,3986.07,0.0,7.067235
2019-02-19,0,0,reserve,system,3851.348,0.0,0.0,3851.348,0.0,5.20414
2019-02-19,1,0,reserve,system,3787.611,0.0,4.297208,3787.611,0.0,3.066291
2019-02-19,2,0,reserve,system,3754.743,0.0,0.0,3754.743,0.0,3.939966
2019-02-19,3,0,reserve,system,3765.479,0.0,0.0,3765.479,0.0,3.650585
2019-02-19,4,0,reserve,system,3864.094,0.0,0.0,3864.094,0.0,3.812574
2019-02-19,5,0,reserve,system,4134.633,0.0,0.0,4134.633,0.0,4.909655
2019-02-19,6,0,reserve,system,4550.607,0.0,0.0,4550.607,0.0,8.246311
2019-02-19,7,0,reserve,system,4705.548,0.0,0.0,4705.548,0.0,6.374177
2019-02-19,8,0,reserve,system,4685.787,0.0,0.0,4685.787,0.0,7.145916
2019-02-19,9,0,reserve,system,4726.97,0.0,0.0,4726.97,0.0,7.367286
2019-02-19,10,0,reserve,system,4774.986,0.0,0.0,4774.986,0.0,10.51555
2019-02-19,11,0,reserve,system,4774.332,0.0,0.0,4774.332,0.0,18.349625
2019-02-19,12,0,reserve,system,4748.934,0.0,0.0,4748.934,0.0,7.733684
2019-02-19,13,0,reserve,system,4721.355,0.0,0.0,4721.355,0.0,1.541031
2019-02-19,14,0,reserve,system,4679.225,0.0,0.0,4679.225,0.0,0.0
2019-02-19,15,0,reserve,system,4666.581,0.0,0.0,4666.581,0.0,12.010203
2019-02-19,16,0,reserve,system,4721.819,0.0,0.0,4721.819,0.0,7.462878
2019-02-19,17,0,reserve,system,4818.098,0.0,0.0,4818.098,0.0,11.403122
2019-02-19,18,0,reserve,system,4944.777,0.0,0.0,4944.777,0.0,8.874844
2019-02-19,19,0,reserve,system,4935.823,0.0,0.0,4935.823,0.0,8.447599
2019-02-19,20,0,reserve,system,4837.616,0.0,0.0,4837.616,0.0,24.716972
2019-02-19,21,0,reserve,system,4657.45,0.0,0.0,4657.45,0.0,9.658735
2019-02-19,22,0,reserve,system,4374.825,0.0,0.0,4374.825,0.0,7.328074
2019-02-19,23,0,reserve,system,4130.709,0.0,0.0,4130.709,0.0,13.3014
2019-02-20,0,0,reserve,system,3982.98,0.0,0.0,3982.98,0.0,15.816421
2019-02-20,1,0,reserve,system,3913.41,0.0,0.0,3913.41,0.0,0.0
2019-02-20,2,0,reserve,system,3895.883,0.0,0.0,3895.883,0.0,2.522815
2019-02-20,3,0,reserve,system,3945.666,0.0,0.0,3945.666,0.0,6.388063
2019-02-20,4,0,reserve,system,4083.648,0.0,0.0,4083.648,0.0,8.964698
2019-02-20,5,0,reserve,system,4371.474,0.0,0.0,4371.474,0.0,9.185477
2019-02-20,6,0,reserve,system,4788.652,0.0,0.0,4788.652,0.0,9.093249
2019-02-20,7,0,reserve,system,4894.484,0.0,0.0,4894.484,0.0,17.714803
2019-02-20,8,0,reserve,system,4748.79,0.0,0.0,4748.79,0.0,10.419791
2019-02-20,9,0,reserve,system,4564.852,0.0,0.0,4564.852,0.0,9.346506
2019-02-20,10,0,reserve,system,4365.306,0.0,0.0,4365.306,0.0,7.124746
2019-02-20,11,0,reserve,system,4153.855,0.0,0.0,4153.855,0.0,6.176221
2019-02-20,12,0,reserve,system,3970.571,0.0,0.0,3970.571,0.0,7.328348
2019-02-20,13,0,reserve,system,3844.055,0.0,0.0,3844.055,0.0,3.83104
2019-02-20,14,0,reserve,system,3740.067,0.0,21.17393,3740.067,0.0,6.45767
2019-02-20,15,0,reserve,system,3687.038,0.0,4.849602,3687.038,0.0,0.0
2019-02-20,16,0,reserve,system,3692.907,0.0,18.791358,3692.907,0.0,2.737445
2019-02-20,17,0,reserve,system,3762.639,0.0,0.0,3762.639,0.0,8.191984
2019-02-20,18,0,reserve,system,3981.113,0.0,0.0,3981.113,0.0,7.610932
2019-02-20,19,0,reserve,system,4108.942,0.0,28.871757,4108.942,0.0,10.708228
2019-02-20,20,0,reserve,system,4108.126,0.0,0.0,4108.126,0.0,21.127884
2019-02-20,21,0,reserve,system,4023.479,0.0,0.0,4023.479,0.0,12.596502
2019-02-20,22,0,reserve,system,3843.812,0.0,0.0,3843.812,0.0,0.0
2019-02-20,23,0,reserve,system,3657.55,0.0,0.0,3657.55,0.0,0.0
2019-02-21,0,0,reserve,system,3530.673,0.0,0.0,3530.673,0.0,13.415739
2019-02-21,1,0,reserve,system,3480.937,0.0,0.0,3480.937,0.0,0.0
2019-02-21,2,0,reserve,system,3472.792,0.0,0.0,3472.792,0.0,0.0
2019-02-21,3,0,reserve,system,3497.725,0.0,0.0,3497.725,0.0,9.462494
2019-02-21,4,0,reserve,system,3596.165,0.0,0.0,3596.165,0.0,5.247445
2019-02-21,5,0,reserve,system,3858.25,0.0,0.0,3858.25,0.0,7.109294
2019-02-21,6,0,reserve,system,4248.445,0.0,0.0,4248.445,0.0,9.494232
2019-02-21,7,0,reserve,system,4350.019,0.0,0.0,4350.019,0.0,23.493313
2019-02-21,8,0,reserve,system,4302.368,0.0,0.0,4302.368,0.0,7.58413
2019-02-21,9,0,reserve,system,4298.717,0.0,0.0,4298.717,0.0,6.758499
2019-02-21,10,0,reserve,system,4298.998,0.0,0.0,4298.998,0.0,7.108694
2019-02-21,11,0,reserve,system,4273.342,0.0,0.0,4273.342,0.0,6.273322
2019-02-21,12,0,reserve,system,4213.666,0.0,0.0,4213.666,0.0,6.397308
2019-02-21,13,0,reserve,system,4175.869,0.0,0.0,4175.869,0.0,6.947013
2019-02-21,14,0,reserve,system,4101.232,0.0,0.0,4101.232,0.0,5.445048
2019-02-21,15,0,reserve,system,4061.396,0.0,0.0,4061.396,0.0,1.804747
2019-02-21,16,0,reserve,system,4111.097,0.0,0.0,4111.097,0.0,0.0
2019-02-21,17,0,reserve,system,4199.028,0.0,0.0,4199.028,0.0,9.391628
2019-02-21,18,0,reserve,system,4354.172,0.0,0.0,4354.172,0.0,5.664834
2019-02-21,19,0,reserve,system,4386.268,0.0,30.500924,4386.268,0.0,19.647889
2019-02-21,20,0,reserve,system,4317.149,0.0,0.0,4317.149,0.0,6.849114
2019-02-21,21,0,reserve,system,4160.162,0.0,0.0,4160.162,0.0,6.897225
2019-02-21,22,0,reserve,system,3916.83,0.0,0.0,3916.83,0.0,5.914788
2019-02-21,23,0,reserve,system,3693.223,0.0,0.0,3693.223,0.0,7.541688
2019-02-22,0,0,reserve,system,3533.798,0.0,0.0,3533.798,0.0,7.393393
2019-02-22,1,0,reserve,system,3449.511,0.0,0.0,3449.511,0.0,0.0
2019-02-22,2,0,reserve,system,3419.478,0.0,0.0,3419.478,0.0,0.0
2019-02-22,3,0,reserve,system,3426.378,0.0,0.0,3426.378,0.0,5.894048
2019-02-22,4,0,reserve,system,3519.342,0.0,0.0,3519.342,0.0,3.732994
2019-02-22,5,0,reserve,system,3766.804,0.0,15.887255,3766.804,0.0,7.597281
2019-02-22,6,0,reserve,system,4121.336,0.0,0.0,4121.336,0.0,8.049704
2019-02-22,7,0,reserve,system,4236.787,0.0,0.0,4236.787,0.0,10.524264
2019-02-22,8,0,reserve,system,4200.065,0.0,0.0,4200.065,0.0,20.941174
2019-02-22,9,0,reserve,system,4185.112,0.0,0.0,4185.112,0.0,9.363136
2019-02-22,10,0,reserve,system,4169.796,0.0,0.0,4169.796,0.0,10.070767
2019-02-22,11,0,reserve,system,4129.805,0.0,0.0,4129.805,0.0,8.875035
2019-02-22,12,0,reserve,system,4079.783,0.0,0.0,4079.783,0.0,6.773115
2019-02-22,13,0,reserve,system,4035.017,0.0,0.0,4035.017,0.0,6.968635
2019-02-22,14,0,reserve,system,3996.133,0.0,0.0,3996.133,0.0,5.279731
2019-02-22,15,0,reserve,system,3965.143,0.0,0.0,3965.143,0.0,2.030855
2019-02-22,16,0,reserve,system,3964.065,0.0,0.0,3964.065,0.0,1.085347
2019-02-22,17,0,reserve,system,3998.134,0.0,0.0,3998.134,0.0,8.822453
2019-02-22,18,0,reserve,system,4062.997,0.0,36.681738,4062.997,0.0,5.900067
2019-02-22,19,0,reserve,system,4058.586,0.0,32.816063,4058.586,0.0,15.866953
2019-02-22,20,0,reserve,system,3986.67,0.0,0.0,3986.67,0.0,7.429626
2019-02-22,21,0,reserve,system,3879.665,0.0,0.0,3879.665,0.0,5.115122
2019-02-22,22,0,reserve,system,3717.819,0.0,0.0,3717.819,0.0,9.369337
2019-02-22,23,0,reserve,system,3546.363,0.0,0.0,3546.363,0.0,0.0
2019-02-23,0,0,reserve,system,3391.965,0.0,0.0,3391.965,0.0,7.105532
2019-02-23,1,0,reserve,system,3299.959,0.0,0.0,3299.959,0.0,5.165244
2019-02-23,2,0,reserve,system,3241.485,0.0,0.0,3241.485,0.0,0.0
2019-02-23,3,0,reserve,system,3209.598,0.0,0.0,3209.598,0.0,0.0
2019-02-23,4,0,reserve,system,3227.692,0.0,0.0,3227.692,0.0,4.619292
2019-02-23,5,0,reserve,system,3312.745,0.0,5.982887,3312.745,0.0,2.875025
2019-02-23,6,0,reserve,system,3453.504,0.0,0.0,3453.504,0.0,4.9379
2019-02-23,7,0,reserve,system,3569.056,0.0,22.894497,3569.056,0.0,7.104815
2019-02-23,8,0,reserve,system,3693.693,0.0,27.647182,3693.693,0.0,6.463352
2019-02-23,9,0,reserve,system,3774.467,0.0,0.0,3774.467,0.0,14.786493
2019-02-23,10,0,reserve,system,3801.366,0.0,0.0,3801.366,0.0,6.562458
2019-02-23,11,0,reserve,system,3762.504,0.0,0.0,3762.504,0.0,7.66645
2019-02-23,12,0,reserve,system,3684.524,0.0,0.0,3684.524,0.0,3.386533
2019-02-23,13,0,reserve,system,3625.174,0.0,0.0,3625.174,0.0,7.137483
2019-02-23,14,0,reserve,system,3567.675,0.0,0.0,3567.675,0.0,0.34876
2019-02-23,15,0,reserve,system,3533.647,0.0,0.0,3533.647,0.0,3.409471
2019-02-23,16,0,reserve,system,3516.371,0.0,0.0,3516.371,0.0,0.0
2019-02-23,17,0,reserve,system,3522.145,0.0,0.0,3522.145,0.0,8.779504
2019-02-23,18,0,reserve,system,3621.735,0.0,0.0,3621.735,0.0,0.0
2019-02-23,19,0,reserve,system,3682.891,0.0,2.426102,3682.891,0.0,19.347065
2019-02-23,20,0,reserve,system,3647.769,0.0,1.892714,3647.769,0.0,0.0
2019-02-23,21,0,reserve,system,3593.444,0.0,0.0,3593.444,0.0,0.0
2019-02-23,22,0,reserve,system,3500.02,0.0,0.0,3500.02,0.0,19.567494
2019-02-23,23,0,reserve,system,3395.868,0.0,0.0,3395.868,0.0,0.0
2019-02-24,0,0,reserve,system,3307.137,0.0,0.0,3307.137,0.0,5.855864
2019-02-24,1,0,reserve,system,3255.077,0.0,0.0,3255.077,0.0,0.0
2019-02-24,2,0,reserve,system,3250.021,0.0,0.0,3250.021,0.0,8.511254
2019-02-24,3,0,reserve,system,3284.934,0.0,0.0,3284.934,0.0,9.470037
2019-02-24,4,0,reserve,system,3355.958,0.0,0.0,3355.958,0.0,0.0
2019-02-24,5,0,reserve,system,3489.052,0.0,0.0,3489.052,0.0,9.357049
2019-02-24,6,0,reserve,system,3669.965,0.0,0.0,3669.965,0.0,12.083408
2019-02-24,7,0,reserve,system,3814.643,0.0,0.0,3814.643,0.0,0.0
2019-02-24,8,0,reserve,system,3878.759,0.0,0.0,3878.759,0.0,12.177203
2019-02-24,9,0,reserve,system,3863.739,0.0,0.0,3863.739,0.0,13.489805
2019-02-24,10,0,reserve,system,3768.731,0.0,0.0,3768.731,0.0,6.397407
2019-02-24,11,0,reserve,system,3654.3,0.0,0.0,3654.3,0.0,6.907126
2019-02-24,12,0,reserve,system,3551.745,0.0,0.0,3551.745,0.0,4.949345
2019-02-24,13,0,reserve,system,3466.481,0.0,0.0,3466.481,0.0,3.410564
2019-02-24,14,0,reserve,system,3396.801,0.0,0.0,3396.801,0.0,5.863257
2019-02-24,15,0,reserve,system,3364.366,0.0,0.0,3364.366,0.0,0.0
2019-02-24,16,0,reserve,system,3382.492,0.0,0.0,3382.492,0.0,0.0
2019-02-24,17,0,reserve,system,3456.292,0.0,4.738662,3456.292,0.0,5.492089
2019-02-24,18,0,reserve,system,3659.553,0.0,0.0,3659.553,0.0,4.197019
2019-02-24,19,0,reserve,system,3839.21,0.0,0.0,3839.21,0.0,9.399554
2019-02-24,20,0,reserve,system,3870.861,0.0,0.0,3870.861,0.0,12.297055
2019-02-24,21,0,reserve,system,3811.648,0.0,0.0,3811.648,0.0,6.044069
2019-02-24,22,0,reserve,system,3668.58,0.0,0.0,3668.58,0.0,5.982077
2019-02-24,23,0,reserve,system,3509.3,0.0,0.0,3509.3,0.0,8.920069
2019-02-25,0,0,reserve,system,3418.546,0.0,0.0,3418.546,0.0,0.125762
2019-02-25,1,0,reserve,system,3392.149,0.0,18.328733,3392.149,0.0,9.930198
2019-02-25,2,0,reserve,system,3405.878,0.0,0.0,3405.878,0.0,4.715023
2019-02-25,3,0,reserve,system,3469.358,0.0,0.0,3469.358,0.0,7.31891
2019-02-25,4,0,reserve,system,3608.605,0.0,0.0,3608.605,0.0,6.20958
2019-02-25,5,0,reserve,system,3915.753,0.0,0.0,3915.753,0.0,7.110176
2019-02-25,6,0,reserve,system,4355.678,0.0,0.0,4355.678,0.0,10.819377
2019-02-25,7,0,reserve,system,4462.879,0.0,0.0,4462.879,0.0,22.732365
2019-02-25,8,0,reserve,system,4334.5,0.0,0.0,4334.5,0.0,8.561685
2019-02-25,9,0,reserve,system,4224.182,0.0,0.0,4224.182,0.0,6.845165
2019-02-25,10,0,reserve,system,4114.082,0.0,0.0,4114.082,0.0,6.953189
2019-02-25,11,0,reserve,system,3989.863,0.0,0.0,3989.863,0.0,5.288969
2019-02-25,12,0,reserve,system,3873.75,0.0,0.0,3873.75,0.0,4.77371
2019-02-25,13,0,reserve,system,3796.099,0.0,0.0,3796.099,0.0,3.894167
2019-02-25,14,0,reserve,system,3730.035,0.0,0.0,3730.035,0.0,6.015325
2019-02-25,15,0,reserve,system,3679.295,0.0,0.0,3679.295,0.0,0.0
2019-02-25,16,0,reserve,system,3695.297,0.0,0.0,3695.297,0.0,0.0
2019-02-25,17,0,reserve,system,3754.791,0.0,0.0,3754.791,0.0,5.76517
2019-02-25,18,0,reserve,system,3922.46,0.0,7.212589,3922.46,0.0,4.919766
2019-02-25,19,0,reserve,system,4041.251,0.0,40.310149,4041.251,0.0,12.89452
2019-02-25,20,0,reserve,system,4004.353,0.0,0.0,4004.353,0.0,11.133757
2019-02-25,21,0,reserve,system,3867.115,0.0,0.0,3867.115,0.0,6.096733
2019-02-25,22,0,reserve,system,3635.776,0.0,0.0,3635.776,0.0,8.019477
2019-02-25,23,0,reserve,system,3408.133,0.0,0.0,3408.133,0.0,0.0
2019-02-26,0,0,reserve,system,3258.027,0.0,0.0,3258.027,0.0,6.130632
2019-02-26,1,0,reserve,system,3185.681,0.0,0.0,3185.681,0.0,3.612637
2019-02-26,2,0,reserve,system,3153.963,0.0,0.0,3153.963,0.0,2.621129
2019-02-26,3,0,reserve,system,3156.71,0.0,0.0,3156.71,0.0,0.0
2019-02-26,4,0,reserve,system,3236.127,0.0,0.0,3236.127,0.0,2.251684
2019-02-26,5,0,reserve,system,3463.875,0.0,14.935485,3463.875,0.0,4.360997
2019-02-26,6,0,reserve,system,3815.887,0.0,12.368889,3815.887,0.0,7.458728
2019-02-26,7,0,reserve,system,3912.497,0.0,0.0,3912.497,0.0,6.386309
2019-02-26,8,0,reserve,system,3883.226,0.0,22.156633,3883.226,0.0,14.227134
2019-02-26,9,0,reserve,system,3858.017,0.0,0.0,3858.017,0.0,7.456735
2019-02-26,10,0,reserve,system,3853.881,0.0,0.0,3853.881,0.0,4.335826
2019-02-26,11,0,reserve,system,3825.379,0.0,7.232795,3825.379,0.0,7.852758
2019-02-26,12,0,reserve,system,3785.527,0.0,0.0,3785.527,0.0,7.488513
2019-02-26,13,0,reserve,system,3761.822,0.0,0.0,3761.822,0.0,4.272694
2019-02-26,14,0,reserve,system,3733.18,0.0,0.0,3733.18,0.0,5.615793
2019-02-26,15,0,reserve,system,3719.681,0.0,0.0,3719.681,0.0,3.34312
2019-02-26,16,0,reserve,system,3754.725,0.0,0.0,3754.725,0.0,0.0
2019-02-26,17,0,reserve,system,3821.234,0.0,4.004526,3821.234,0.0,8.131307
2019-02-26,18,0,reserve,system,3937.227,0.0,0.0,3937.227,0.0,6.160585
2019-02-26,19,0,reserve,system,3974.221,0.0,0.0,3974.221,0.0,21.068797
2019-02-26,20,0,reserve,system,3905.517,0.0,0.0,3905.517,0.0,7.048855
2019-02-26,21,0,reserve,system,3750.173,0.0,0.0,3750.173,0.0,6.052437
2019-02-26,22,0,reserve,system,3515.774,0.0,0.0,3515.774,0.0,8.448318
2019-02-26,23,0,reserve,system,3279.842,0.0,0.0,3279.842,0.0,0.0
2019-02-27,0,0,reserve,system,3118.941,0.0,0.0,3118.941,0.0,6.65726
2019-02-27,1,0,reserve,system,3024.53,0.0,0.0,3024.53,0.0,0.0
2019-02-27,2,0,reserve,system,2978.812,0.0,0.0,2978.812,0.0,0.0
2019-02-27,3,0,reserve,system,2973.024,0.0,0.0,2973.024,0.0,3.771014
2019-02-27,4,0,reserve,system,3042.263,0.0,0.0,3042.263,0.0,3.044363
2019-02-27,5,0,reserve,system,3261.509,0.0,13.681786,3261.509,0.0,5.463476
2019-02-27,6,0,reserve,system,3623.587,0.0,0.0,3623.587,0.0,7.260067
2019-02-27,7,0,reserve,system,3724.99,0.0,0.0,3724.99,0.0,6.481151
2019-02-27,8,0,reserve,system,3720.94,0.0,0.0,3720.94,0.0,10.96138
2019-02-27,9,0,reserve,system,3749.024,0.0,0.0,3749.024,0.0,22.975545
2019-02-27,10,0,reserve,system,3763.9,0.0,0.0,3763.9,0.0,6.837148
2019-02-27,11,0,reserve,system,3773.285,0.0,0.0,3773.285,0.0,6.22475
2019-02-27,12,0,reserve,system,3772.723,0.0,0.0,3772.723,0.0,7.471977
2019-02-27,13,0,reserve,system,3791.468,0.0,0.0,3791.468,0.0,1.273918
2019-02-27,14,0,reserve,system,3825.767,0.0,0.0,3825.767,0.0,0.0
2019-02-27,15,0,reserve,system,3867.76,0.0,0.0,3867.76,0.0,12.650826
2019-02-27,16,0,reserve,system,3955.267,0.0,0.0,3955.267,0.0,0.0
2019-02-27,17,0,reserve,system,4055.161,0.0,0.0,4055.161,0.0,9.448514
2019-02-27,18,0,reserve,system,4209.978,0.0,0.0,4209.978,0.0,6.003671
2019-02-27,19,0,reserve,system,4307.727,0.0,0.0,4307.727,0.0,15.80781
2019-02-27,20,0,reserve,system,4290.896,0.0,0.0,4290.896,0.0,12.914538
2019-02-27,21,0,reserve,system,4190.858,0.0,0.0,4190.858,0.0,8.617555
2019-02-27,22,0,reserve,system,3988.258,0.0,0.0,3988.258,0.0,4.822543
2019-02-27,23,0,reserve,system,3773.503,0.0,0.0,3773.503,0.0,10.012156
2019-02-28,0,0,reserve,system,3649.536,0.0,0.0,3649.536,0.0,12.006433
2019-02-28,1,0,reserve,system,3591.299,0.0,0.0,3591.299,0.0,0.0
2019-02-28,2,0,reserve,system,3579.798,0.0,23.644819,3579.798,0.0,3.128713
2019-02-28,3,0,reserve,system,3603.915,0.0,42.951187,3603.915,0.0,2.329517
2019-02-28,4,0,reserve,system,3704.102,0.0,0.0,3704.102,0.0,8.354058
2019-02-28,5,0,reserve,system,3967.713,0.0,0.0,3967.713,0.0,5.754916
2019-02-28,6,0,reserve,system,4378.495,0.0,0.0,4378.495,0.0,7.863671
2019-02-28,7,0,reserve,system,4542.983,0.0,0.0,4542.983,0.0,8.803726
2019-02-28,8,0,reserve,system,4568.042,0.0,0.0,4568.042,0.0,10.056909
2019-02-28,9,0,reserve,system,4611.776,0.0,0.0,4611.776,0.0,23.221722
2019-02-28,10,0,reserve,system,4644.514,0.0,0.0,4644.514,0.0,7.751219
2019-02-28,11,0,reserve,system,4634.622,0.0,0.0,4634.622,0.0,13.796483
2019-02-28,12,0,reserve,system,4581.337,0.0,0.0,4581.337,0.0,0.0
2019-02-28,13,0,reserve,system,4539.482,0.0,0.0,4539.482,0.0,14.100039
2019-02-28,14,0,reserve,system,4476.34,0.0,0.0,4476.34,0.0,9.45786
2019-02-28,15,0,reserve,system,4420.187,0.0,0.0,4420.187,0.0,0.0
2019-02-28,16,0,reserve,system,4442.885,0.0,0.0,4442.885,0.0,0.0
2019-02-28,17,0,reserve,system,4526.778,0.0,34.665263,4526.778,0.0,9.878886
2019-02-28,18,0,reserve,system,4705.46,0.0,30.140871,4705.46,0.0,9.866544
2019-02-28,19,0,reserve,system,4782.491,0.0,0.0,4782.491,0.0,10.90398
2019-02-28,20,0,reserve,system,4738.333,0.0,0.0,4738.333,0.0,22.281058
2019-02-28,21,0,reserve,system,4594.379,0.0,0.0,4594.379,0.0,10.867083
2019-02-28,22,0,reserve,system,4347.768,0.0,0.0,4347.768,0.0,5.988311
2019-02-28,23,0,reserve,system,4116.122,0.0,0.0,4116.122,0.0,11.842503
2019-03-01,0,0,reserve,system,3957.088,0.0,0.0,3957.088,0.0,13.442739
2019-03-01,1,0,reserve,system,3869.898,0.0,0.0,3869.898,0.0,0.0
2019-03-01,2,0,reserve,system,3830.201,0.0,0.0,3830.201,0.0,0.0
2019-03-01,3,0,reserve,system,3840.144,0.0,0.0,3840.144,0.0,9.582991
2019-03-01,4,0,reserve,system,3929.787,0.0,0.0,3929.787,0.0,5.586891
2019-03-01,5,0,reserve,system,4172.265,0.0,0.0,4172.265,0.0,8.721684
2019-03-01,6,0,reserve,system,4532.089,0.0,0.0,4532.089,0.0,10.080511
2019-03-01,7,0,reserve,system,4621.85,0.0,0.0,4621.85,0.0,9.439647
2019-03-01,8,0,reserve,system,4580.713,0.0,0.0,4580.713,0.0,23.225009
2019-03-01,9,0,reserve,system,4549.172,0.0,0.0,4549.172,0.0,10.257626
2019-03-01,10,0,reserve,system,4489.605,0.0,0.0,4489.605,0.0,8.571679
2019-03-01,11,0,reserve,system,4391.188,0.0,0.0,4391.188,0.0,7.103077
2019-03-01,12,0,reserve,system,4240.209,0.0,0.0,4240.209,0.0,6.688958
2019-03-01,13,0,reserve,system,4133.277,0.0,0.0,4133.277,0.0,7.417586
2019-03-01,14,0,reserve,system,4065.09,0.0,0.0,4065.09,0.0,3.249457
2019-03-01,15,0,reserve,system,4038.149,0.0,0.0,4038.149,0.0,4.866499
2019-03-01,16,0,reserve,system,4055.897,0.0,0.0,4055.897,0.0,0.0
2019-03-01,17,0,reserve,system,4097.427,0.0,0.0,4097.427,0.0,9.720108
2019-03-01,18,0,reserve,system,4181.174,0.0,0.0,4181.174,0.0,6.531408
2019-03-01,19,0,reserve,system,4191.284,0.0,0.0,4191.284,0.0,16.874377
2019-03-01,20,0,reserve,system,4128.811,0.0,0.0,4128.811,0.0,15.702991
2019-03-01,21,0,reserve,system,4028.99,0.0,0.0,4028.99,0.0,11.281845
2019-03-01,22,0,reserve,system,3865.698,0.0,0.0,3865.698,0.0,0.0
2019-03-01,23,0,reserve,system,3684.848,0.0,0.0,3684.848,0.0,0.0
2019-03-02,0,0,reserve,system,3534.637,0.0,0.0,3534.637,0.0,12.248554
2019-03-02,1,0,reserve,system,3440.356,0.0,0.0,3440.356,0.0,2.880239
2019-03-02,2,0,reserve,system,3395.348,0.0,0.0,3395.348,0.0,8.899777
2019-03-02,3,0,reserve,system,3391.41,0.0,0.0,3391.41,0.0,0.0
2019-03-02,4,0,reserve,system,3428.748,0.0,3.43291,3428.748,0.0,0.098688
2019-03-02,5,0,reserve,system,3534.64,0.0,15.148575,3534.64,0.0,6.66998
2019-03-02,6,0,reserve,system,3695.682,0.0,0.0,3695.682,0.0,4.783109
2019-03-02,7,0,reserve,system,3844.315,0.0,0.0,3844.315,0.0,7.323604
2019-03-02,8,0,reserve,system,4006.55,0.0,0.0,4006.55,0.0,6.820044
2019-03-02,9,0,reserve,system,4113.065,0.0,0.0,4113.065,0.0,22.9454
2019-03-02,10,0,reserve,system,4154.913,0.0,0.0,4154.913,0.0,0.0
2019-03-02,11,0,reserve,system,4150.419,0.0,0.0,4150.419,0.0,10.901196
2019-03-02,12,0,reserve,system,4105.592,0.0,0.0,4105.592,0.0,8.034229
2019-03-02,13,0,reserve,system,4074.318,0.0,0.0,4074.318,0.0,4.381551
2019-03-02,14,0,reserve,system,4050.665,0.0,0.0,4050.665,0.0,8.268004
2019-03-02,15,0,reserve,system,4045.082,0.0,0.0,4045.082,0.0,1.921093
2019-03-02,16,0,reserve,system,4055.413,0.0,0.0,4055.413,0.0,0.0
2019-03-02,17,0,reserve,system,4104.806,0.0,34.774145,4104.806,0.0,8.904425
2019-03-02,18,0,reserve,system,4184.771,0.0,0.0,4184.771,0.0,6.210133
2019-03-02,19,0,reserve,system,4196.346,0.0,27.335633,4196.346,0.0,15.206327
2019-03-02,20,0,reserve,system,4120.25,0.0,0.0,4120.25,0.0,6.801908
2019-03-02,21,0,reserve,system,4015.75,0.0,0.0,4015.75,0.0,6.743902
2019-03-02,22,0,reserve,system,3874.928,0.0,0.0,3874.928,0.0,3.835665
2019-03-02,23,0,reserve,system,3716.585,0.0,0.0,3716.585,0.0,6.525232
2019-03-03,0,0,reserve,system,3592.188,0.0,24.824924,3592.188,0.0,44.409544
2019-03-03,1,0,reserve,system,3502.679,0.0,0.0,3502.679,0.0,0.0
2019-03-03,2,0,reserve,system,3465.348,0.0,0.0,3465.348,0.0,12.203888
2019-03-03,3,0,reserve,system,3457.921,0.0,0.0,3457.921,0.0,0.0
2019-03-03,4,0,reserve,system,3498.999,0.0,0.0,3498.999,0.0,0.0
2019-03-03,5,0,reserve,system,3584.063,0.0,0.0,3584.063,0.0,7.153117
2019-03-03,6,0,reserve,system,3730.753,0.0,3.957013,3730.753,0.0,4.504822
2019-03-03,7,0,reserve,system,3891.705,0.0,0.0,3891.705,0.0,7.304853
2019-03-03,8,0,reserve,system,4090.352,0.0,0.0,4090.352,0.0,6.981688
2019-03-03,9,0,reserve,system,4272.821,0.0,35.513807,4272.821,0.0,7.92697
2019-03-03,10,0,reserve,system,4393.058,0.0,13.220322,4393.058,0.0,13.841685
2019-03-03,11,0,reserve,system,4439.306,0.0,0.0,4439.306,0.0,5.461214
2019-03-03,12,0,reserve,system,4436.611,0.0,0.0,4436.611,0.0,8.321308
2019-03-03,13,0,reserve,system,4400.608,0.0,0.0,4400.608,0.0,5.230383
2019-03-03,14,0,reserve,system,4356.967,0.0,0.0,4356.967,0.0,9.329695
2019-03-03,15,0,reserve,system,4373.27,0.0,0.0,4373.27,0.0,0.0
2019-03-03,16,0,reserve,system,4439.643,0.0,0.0,4439.643,0.0,0.0
2019-03-03,17,0,reserve,system,4588.563,0.0,38.011257,4588.563,0.0,9.965121
2019-03-03,18,0,reserve,system,4837.587,0.0,37.130907,4837.587,0.0,5.62447
2019-03-03,19,0,reserve,system,5034.613,0.0,0.0,5034.613,0.0,23.830431
2019-03-03,20,0,reserve,system,5066.877,0.0,0.0,5066.877,0.0,11.08959
2019-03-03,21,0,reserve,system,5003.765,0.0,0.0,5003.765,0.0,7.747687
2019-03-03,22,0,reserve,system,4825.56,0.0,0.0,4825.56,0.0,4.928763
2019-03-03,23,0,reserve,system,4663.073,0.0,0.0,4663.073,0.0,11.329207
2019-03-04,0,0,reserve,system,4565.796,0.0,0.0,4565.796,0.0,12.798541
2019-03-04,1,0,reserve,system,4539.028,0.0,0.0,4539.028,0.0,0.0
2019-03-04,2,0,reserve,system,4570.617,0.0,0.0,4570.617,0.0,0.0
2019-03-04,3,0,reserve,system,4660.719,0.0,5.679284,4660.719,0.0,9.827376
2019-03-04,4,0,reserve,system,4855.333,0.0,12.05246,4855.333,0.0,5.720357
2019-03-04,5,0,reserve,system,5209.748,0.0,0.204651,5209.748,0.0,7.480013
2019-03-04,6,0,reserve,system,5699.099,0.0,16.918556,5699.099,0.0,11.873494
2019-03-04,7,0,reserve,system,5867.265,0.0,0.0,5867.265,0.0,10.318092
2019-03-04,8,0,reserve,system,5846.299,0.0,0.0,5846.299,0.0,10.199571
2019-03-04,9,0,reserve,system,5835.823,0.0,34.433324,5835.823,0.0,23.362288
2019-03-04,10,0,reserve,system,5787.381,0.0,0.0,5787.381,0.0,9.898414
2019-03-04,11,0,reserve,system,5679.723,0.0,0.0,5679.723,0.0,9.311549
2019-03-04,12,0,reserve,system,5551.677,0.0,0.0,5551.677,0.0,10.755045
2019-03-04,13,0,reserve,system,5451.671,0.0,0.0,5451.671,0.0,7.944748
2019-03-04,14,0,reserve,system,5354.364,0.0,0.0,5354.364,0.0,14.775312
2019-03-04,15,0,reserve,system,5265.068,0.0,0.0,5265.068,0.0,0.0
2019-03-04,16,0,reserve,system,5312.536,0.0,0.0,5312.536,0.0,0.0
2019-03-04,17,0,reserve,system,5453.972,0.0,4.084359,5453.972,0.0,15.412215
2019-03-04,18,0,reserve,system,5709.428,0.0,0.0,5709.428,0.0,8.903025
2019-03-04,19,0,reserve,system,5854.201,0.0,0.0,5854.201,0.0,15.072842
2019-03-04,20,0,reserve,system,5804.754,0.0,0.0,5804.754,0.0,33.13254
2019-03-04,21,0,reserve,system,5664.87,0.0,0.0,5664.87,0.0,16.594768
2019-03-04,22,0,reserve,system,5404.548,0.0,0.0,5404.548,0.0,9.877258
2019-03-04,23,0,reserve,system,5189.194,0.0,0.0,5189.194,0.0,13.96225
2019-03-05,0,0,reserve,system,5076.208,0.0,0.0,5076.208,0.0,15.184231
2019-03-05,1,0,reserve,system,5060.338,0.0,0.0,5060.338,0.0,0.0
2019-03-05,2,0,reserve,system,5088.354,0.0,0.0,5088.354,0.0,0.0
2019-03-05,3,0,reserve,system,5156.839,0.0,0.0,5156.839,0.0,10.482913
2019-03-05,4,0,reserve,system,5319.204,0.0,0.0,5319.204,0.0,8.536362
2019-03-05,5,0,reserve,system,5634.349,0.0,0.0,5634.349,0.0,15.68556
2019-03-05,6,0,reserve,system,6030.015,0.0,0.0,6030.015,0.0,47.866233
2019-03-05,7,0,reserve,system,6065.216,0.0,0.0,6065.216,278.661,50.0
2019-03-05,8,0,reserve,system,5840.899,0.0,0.0,5840.899,0.0,13.546711
2019-03-05,9,0,reserve,system,5615.533,0.0,0.0,5615.533,0.0,14.958493
2019-03-05,10,0,reserve,system,5389.648,0.0,0.0,5389.648,0.0,11.161708
2019-03-05,11,0,reserve,system,5150.731,0.0,0.0,5150.731,0.0,10.330106
2019-03-05,12,0,reserve,system,4900.103,0.0,0.0,4900.103,0.0,10.402564
2019-03-05,13,0,reserve,system,4684.727,0.0,0.0,4684.727,0.0,5.692769
2019-03-05,14,0,reserve,system,4480.415,0.0,0.0,4480.415,0.0,9.846958
2019-03-05,15,0,reserve,system,4367.672,0.0,0.0,4367.672,0.0,0.0
2019-03-05,16,0,reserve,system,4364.914,0.0,0.0,4364.914,0.0,0.0
2019-03-05,17,0,reserve,system,4490.07,0.0,0.0,4490.07,0.0,9.936957
2019-03-05,18,0,reserve,system,4792.107,0.0,0.0,4792.107,0.0,8.238816
2019-03-05,19,0,reserve,system,5042.478,0.0,0.0,5042.478,0.0,11.123011
2019-03-05,20,0,reserve,system,5084.572,0.0,0.0,5084.572,0.0,10.337884
2019-03-05,21,0,reserve,system,5011.711,0.0,0.0,5011.711,0.0,23.865862
2019-03-05,22,0,reserve,system,4820.127,0.0,0.0,4820.127,0.0,0.0
2019-03-05,23,0,reserve,system,4667.761,0.0,0.0,4667.761,0.0,0.0
2019-03-06,0,0,reserve,system,4593.887,0.0,0.0,4593.887,0.0,11.449025
2019-03-06,1,0,reserve,system,4588.188,0.0,0.0,4588.188,0.0,0.0
2019-03-06,2,0,reserve,system,4629.007,0.0,0.0,4629.007,0.0,9.403888
2019-03-06,3,0,reserve,system,4711.252,0.0,0.0,4711.252,0.0,8.800398
2019-03-06,4,0,reserve,system,4875.038,0.0,0.0,4875.038,0.0,9.244858
2019-03-06,5,0,reserve,system,5197.659,0.0,0.0,5197.659,0.0,8.313143
2019-03-06,6,0,reserve,system,5621.368,0.0,0.0,5621.368,222.714137,50.0
2019-03-06,7,0,reserve,system,5595.627,0.0,0.0,5595.627,0.0,16.659146
2019-03-06,8,0,reserve,system,5239.189,0.0,0.0,5239.189,0.0,9.172703
2019-03-06,9,0,reserve,system,4947.296,0.0,0.0,4947.296,0.0,10.621178
2019-03-06,10,0,reserve,system,4708.94,0.0,0.0,4708.94,0.0,8.288273
2019-03-06,11,0,reserve,system,4486.708,0.0,0.0,4486.708,0.0,7.508594
2019-03-06,12,0,reserve,system,4277.907,0.0,0.0,4277.907,0.0,5.38598
2019-03-06,13,0,reserve,system,4139.252,0.0,0.0,4139.252,0.0,8.95799
2019-03-06,14,0,reserve,system,4007.689,0.0,0.0,4007.689,0.0,0.0
2019-03-06,15,0,reserve,system,3945.146,0.0,0.0,3945.146,0.0,0.334896
2019-03-06,16,0,reserve,system,3976.321,0.0,4.1344,3976.321,0.0,6.637891
2019-03-06,17,0,reserve,system,4076.697,0.0,0.0,4076.697,0.0,6.235274
2019-03-06,18,0,reserve,system,4297.763,0.0,16.153377,4297.763,0.0,7.037986
2019-03-06,19,0,reserve,system,4442.064,0.0,23.923429,4442.064,0.0,21.523748
2019-03-06,20,0,reserve,system,4438.125,0.0,0.0,4438.125,0.0,6.530542
2019-03-06,21,0,reserve,system,4320.338,0.0,0.0,4320.338,0.0,10.016216
2019-03-06,22,0,reserve,system,4075.398,0.0,0.0,4075.398,0.0,0.0
2019-03-06,23,0,reserve,system,3847.909,0.0,0.0,3847.909,0.0,0.0
2019-03-07,0,0,reserve,system,3693.997,0.0,0.0,3693.997,0.0,2.350433
2019-03-07,1,0,reserve,system,3617.213,0.0,0.0,3617.213,0.0,11.433173
2019-03-07,2,0,reserve,system,3577.197,0.0,5.276445,3577.197,0.0,0.0
2019-03-07,3,0,reserve,system,3576.488,0.0,0.0,3576.488,0.0,0.0
2019-03-07,4,0,reserve,system,3658.019,0.0,0.0,3658.019,0.0,7.946856
2019-03-07,5,0,reserve,system,3891.754,0.0,50.0,3891.754,0.0,5.573947
2019-03-07,6,0,reserve,system,4247.74,0.0,0.0,4247.74,0.0,7.44512
2019-03-07,7,0,reserve,system,4293.032,0.0,0.0,4293.032,0.0,15.794135
2019-03-07,8,0,reserve,system,4191.676,0.0,0.0,4191.676,0.0,6.563757
2019-03-07,9,0,reserve,system,4103.955,0.0,0.0,4103.955,0.0,6.991883
2019-03-07,10,0,reserve,system,3997.652,0.0,0.0,3997.652,0.0,6.17618
2019-03-07,11,0,reserve,system,3877.161,0.0,0.0,3877.161,0.0,6.564696
2019-03-07,12,0,reserve,system,3774.439,0.0,0.0,3774.439,0.0,5.403801
2019-03-07,13,0,reserve,system,3708.523,0.0,0.0,3708.523,0.0,4.723908
2019-03-07,14,0,reserve,system,3677.436,0.0,0.0,3677.436,0.0,4.345487
2019-03-07,15,0,reserve,system,3668.233,0.0,0.0,3668.233,0.0,4.282768
2019-03-07,16,0,reserve,system,3682.4,0.0,0.0,3682.4,0.0,0.0
2019-03-07,17,0,reserve,system,3723.597,0.0,16.94787,3723.597,0.0,8.10689
2019-03-07,18,0,reserve,system,3850.602,0.0,0.0,3850.602,0.0,5.544254
2019-03-07,19,0,reserve,system,3936.47,0.0,0.0,3936.47,0.0,16.519185
2019-03-07,20,0,reserve,system,3886.197,0.0,0.0,3886.197,0.0,5.623956
2019-03-07,21,0,reserve,system,3749.219,0.0,0.0,3749.219,0.0,8.913259
2019-03-07,22,0,reserve,system,3527.647,0.0,0.0,3527.647,0.0,0.0
2019-03-07,23,0,reserve,system,3293.362,0.0,0.0,3293.362,0.0,0.0
2019-03-08,0,0,reserve,system,3129.951,0.0,0.0,3129.951,0.0,2.768145
2019-03-08,1,0,reserve,system,3030.024,0.0,0.0,3030.024,0.0,1.667076
2019-03-08,2,0,reserve,system,2987.79,0.0,0.0,2987.79,0.0,0.0
2019-03-08,3,0,reserve,system,2966.078,0.0,0.0,2966.078,0.0,0.0
2019-03-08,4,0,reserve,system,3015.442,0.0,0.0,3015.442,0.0,1.735073
2019-03-08,5,0,reserve,system,3217.055,0.0,5.12967,3217.055,0.0,3.490843
2019-03-08,6,0,reserve,system,3551.693,0.0,5.796026,3551.693,0.0,4.758358
2019-03-08,7,0,reserve,system,3678.354,0.0,0.0,3678.354,0.0,6.114837
2019-03-08,8,0,reserve,system,3709.482,0.0,0.0,3709.482,0.0,7.720958
2019-03-08,9,0,reserve,system,3753.235,0.0,0.0,3753.235,0.0,14.562232
2019-03-08,10,0,reserve,system,3795.208,0.0,0.0,3795.208,0.0,5.742827
2019-03-08,11,0,reserve,system,3819.735,0.0,0.0,3819.735,0.0,8.571627
2019-03-08,12,0,reserve,system,3838.641,0.0,0.0,3838.641,0.0,2.656867
2019-03-08,13,0,reserve,system,3901.231,0.0,0.0,3901.231,0.0,1.233192
2019-03-08,14,0,reserve,system,3942.945,0.0,0.0,3942.945,0.0,10.099608
2019-03-08,15,0,reserve,system,3951.676,0.0,0.0,3951.676,0.0,3.59515
2019-03-08,16,0,reserve,system,3938.091,0.0,0.0,3938.091,0.0,3.733521
2019-03-08,17,0,reserve,system,3922.727,0.0,0.0,3922.727,0.0,4.799366
2019-03-08,18,0,reserve,system,3971.125,0.0,0.0,3971.125,0.0,7.18416
2019-03-08,19,0,reserve,system,4007.803,0.0,0.0,4007.803,0.0,15.612835
2019-03-08,20,0,reserve,system,3936.205,0.0,0.0,3936.205,0.0,6.686067
2019-03-08,21,0,reserve,system,3823.722,0.0,0.0,3823.722,0.0,5.282935
2019-03-08,22,0,reserve,system,3646.71,0.0,1.737282,3646.71,0.0,3.306245
2019-03-08,23,0,reserve,system,3452.75,0.0,0.0,3452.75,0.0,4.848382
2019-03-09,0,0,reserve,system,3269.687,0.0,0.0,3269.687,0.0,3.341467
2019-03-09,1,0,reserve,system,3153.191,0.0,1.629655,3153.191,0.0,1.77218
2019-03-09,2,0,reserve,system,3067.628,0.0,0.0,3067.628,0.0,0.0
2019-03-09,3,0,reserve,system,3023.952,0.0,0.0,3023.952,0.0,0.0
2019-03-09,4,0,reserve,system,3021.512,0.0,0.0,3021.512,0.0,6.374133
2019-03-09,5,0,reserve,system,3064.471,0.0,0.0,3064.471,0.0,0.0
2019-03-09,6,0,reserve,system,3179.782,0.0,0.0,3179.782,0.0,0.0
2019-03-09,7,0,reserve,system,3279.445,0.0,0.0,3279.445,0.0,4.290699
2019-03-09,8,0,reserve,system,3467.481,0.0,0.0,3467.481,0.0,3.445327
2019-03-09,9,0,reserve,system,3650.128,0.0,4.607982,3650.128,0.0,5.346295
2019-03-09,10,0,reserve,system,3799.04,0.0,0.387487,3799.04,0.0,14.556893
2019-03-09,11,0,reserve,system,3870.202,0.0,0.0,3870.202,0.0,4.04731
2019-03-09,12,0,reserve,system,3902.025,0.0,7.848851,3902.025,0.0,12.2563
2019-03-09,13,0,reserve,system,3930.226,0.0,0.0,3930.226,0.0,0.0
2019-03-09,14,0,reserve,system,3944.78,0.0,0.0,3944.78,0.0,0.0
2019-03-09,15,0,reserve,system,3978.267,0.0,0.0,3978.267,0.0,8.611491
2019-03-09,16,0,reserve,system,3984.102,0.0,0.0,3984.102,0.0,5.372127
2019-03-09,17,0,reserve,system,3927.747,0.0,0.0,3927.747,0.0,6.007142
2019-03-09,18,0,reserve,system,3892.156,0.0,15.729822,3892.156,0.0,6.830534
2019-03-09,19,0,reserve,system,3894.61,0.0,0.0,3894.61,0.0,10.640747
2019-03-09,20,0,reserve,system,3767.626,0.0,0.0,3767.626,0.0,22.903363
2019-03-09,21,0,reserve,system,3634.599,0.0,0.0,3634.599,0.0,6.379524
2019-03-09,22,0,reserve,system,3470.061,0.0,0.0,3470.061,0.0,9.41705
2019-03-09,23,0,reserve,system,3286.737,0.0,0.0,3286.737,0.0,0.0
2019-03-10,0,0,reserve,system,3136.461,0.0,0.0,3136.461,0.0,11.617864
2019-03-10,1,0,reserve,system,3030.132,0.0,0.0,3030.132,0.0,0.0
2019-03-10,2,0,reserve,system,2963.487,0.0,0.0,2963.487,0.0,5.570545
2019-03-10,3,0,reserve,system,2939.229,0.0,0.0,2939.229,0.0,0.0
2019-03-10,4,0,reserve,system,2966.975,0.0,0.0,2966.975,0.0,0.0
2019-03-10,5,0,reserve,system,3042.704,0.0,0.0,3042.704,0.0,4.765496
2019-03-10,6,0,reserve,system,3145.455,0.0,0.0,3145.455,0.0,6.422251
2019-03-10,7,0,reserve,system,3253.185,0.0,0.0,3253.185,0.0,5.017153
2019-03-10,8,0,reserve,system,3405.883,0.0,25.249065,3405.883,0.0,6.96148
2019-03-10,9,0,reserve,system,3544.02,0.0,0.0,3544.02,0.0,13.82991
2019-03-10,10,0,reserve,system,3639.389,0.0,0.0,3639.389,0.0,6.882874
2019-03-10,11,0,reserve,system,3699.896,0.0,9.51052,3699.896,0.0,5.639256
2019-03-10,12,0,reserve,system,3741.559,0.0,0.0,3741.559,0.0,9.106958
2019-03-10,13,0,reserve,system,3757.529,0.0,0.0,3757.529,0.0,0.0
2019-03-10,14,0,reserve,system,3770.017,0.0,0.0,3770.017,0.0,0.0
2019-03-10,15,0,reserve,system,3797.057,0.0,0.0,3797.057,0.0,5.160611
2019-03-10,16,0,reserve,system,3812.458,0.0,0.0,3812.458,0.0,3.124678
2019-03-10,17,0,reserve,system,3817.69,0.0,3.395001,3817.69,0.0,5.743099
2019-03-10,18,0,reserve,system,3904.899,0.0,0.0,3904.899,0.0,6.68883
2019-03-10,19,0,reserve,system,3960.939,0.0,0.0,3960.939,0.0,15.881659
2019-03-10,20,0,reserve,system,3869.86,0.0,0.0,3869.86,0.0,7.432806
2019-03-10,21,0,reserve,system,3694.252,0.0,0.0,3694.252,0.0,4.540044
2019-03-10,22,0,reserve,system,3473.833,0.0,0.0,3473.833,0.0,7.854801
2019-03-10,23,0,reserve,system,3280.653,0.0,0.0,3280.653,0.0,4.643473
2019-03-11,0,0,reserve,system,3156.458,0.0,0.0,3156.458,0.0,3.493778
2019-03-11,1,0,reserve,system,3082.174,0.0,0.0,3082.174,0.0,0.0
2019-03-11,2,0,reserve,system,3063.838,0.0,0.0,3063.838,0.0,4.940674
2019-03-11,3,0,reserve,system,3117.618,0.0,0.0,3117.618,0.0,3.961498
2019-03-11,4,0,reserve,system,3272.592,0.0,0.0,3272.592,0.0,5.210657
2019-03-11,5,0,reserve,system,3518.481,0.0,0.0,3518.481,0.0,7.353421
2019-03-11,6,0,reserve,system,3701.154,0.0,0.0,3701.154,0.0,7.201443
2019-03-11,7,0,reserve,system,3753.485,0.0,0.0,3753.485,0.0,13.161805
2019-03-11,8,0,reserve,system,3822.24,0.0,0.0,3822.24,0.0,19.982777
2019-03-11,9,0,reserve,system,3918.812,0.0,0.0,3918.812,0.0,6.94625
2019-03-11,10,0,reserve,system,3977.857,0.0,2.255329,3977.857,0.0,6.758114
2019-03-11,11,0,reserve,system,4015.215,0.0,0.0,4015.215,0.0,5.803271
2019-03-11,12,0,reserve,system,4045.367,0.0,0.0,4045.367,0.0,6.878859
2019-03-11,13,0,reserve,system,4031.51,0.0,0.0,4031.51,0.0,7.186131
2019-03-11,14,0,reserve,system,4017.545,0.0,0.0,4017.545,0.0,5.006638
2019-03-11,15,0,reserve,system,4006.706,0.0,0.0,4006.706,0.0,3.915071
2019-03-11,16,0,reserve,system,3986.14,0.0,0.0,3986.14,0.0,6.180085
2019-03-11,17,0,reserve,system,3969.981,0.0,0.0,3969.981,0.0,0.0
2019-03-11,18,0,reserve,system,4018.366,0.0,0.0,4018.366,0.0,8.417553
2019-03-11,19,0,reserve,system,4024.744,0.0,0.0,4024.744,0.0,15.253406
2019-03-11,20,0,reserve,system,3896.64,0.0,0.0,3896.64,0.0,7.369621
2019-03-11,21,0,reserve,system,3697.133,0.0,0.0,3697.133,0.0,3.471724
2019-03-11,22,0,reserve,system,3445.983,0.0,0.0,3445.983,0.0,4.918679
2019-03-11,23,0,reserve,system,3251.136,0.0,0.0,3251.136,0.0,3.361409
2019-03-12,0,0,reserve,system,3128.424,0.0,0.0,3128.424,0.0,7.374316
2019-03-12,1,0,reserve,system,3046.143,0.0,0.0,3046.143,0.0,0.0
2019-03-12,2,0,reserve,system,3013.952,0.0,0.0,3013.952,0.0,0.0
2019-03-12,3,0,reserve,system,3059.651,0.0,0.0,3059.651,0.0,3.51982
2019-03-12,4,0,reserve,system,3213.421,0.0,0.0,3213.421,0.0,3.804321
2019-03-12,5,0,reserve,system,3447.496,0.0,0.0,3447.496,0.0,6.274641
2019-03-12,6,0,reserve,system,3638.093,0.0,0.0,3638.093,0.0,6.785747
2019-03-12,7,0,reserve,system,3693.782,0.0,0.0,3693.782,0.0,6.934457
2019-03-12,8,0,reserve,system,3759.685,0.0,8.234773,3759.685,0.0,10.918381
2019-03-12,9,0,reserve,system,3852.864,0.0,0.0,3852.864,0.0,9.945534
2019-03-12,10,0,reserve,system,3912.901,0.0,0.0,3912.901,0.0,0.0
2019-03-12,11,0,reserve,system,3944.699,0.0,0.0,3944.699,0.0,7.091009
2019-03-12,12,0,reserve,system,3970.871,0.0,0.0,3970.871,0.0,2.744455
2019-03-12,13,0,reserve,system,3964.747,0.0,0.0,3964.747,0.0,5.125202
2019-03-12,14,0,reserve,system,3958.601,0.0,0.0,3958.601,0.0,11.652254
2019-03-12,15,0,reserve,system,3952.051,0.0,4.140348,3952.051,0.0,0.0
2019-03-12,16,0,reserve,system,3940.827,0.0,1.309262,3940.827,0.0,12.955932
2019-03-12,17,0,reserve,system,3920.826,0.0,0.0,3920.826,0.0,0.0
2019-03-12,18,0,reserve,system,3963.57,0.0,0.0,3963.57,0.0,10.310501
2019-03-12,19,0,reserve,system,3981.63,0.0,0.0,3981.63,0.0,19.422837
2019-03-12,20,0,reserve,system,3871.311,0.0,0.0,3871.311,0.0,6.84567
2019-03-12,21,0,reserve,system,3664.932,0.0,0.0,3664.932,0.0,6.761448
2019-03-12,22,0,reserve,system,3421.138,0.0,0.0,3421.138,0.0,7.316877
2019-03-12,23,0,reserve,system,3225.776,0.0,0.0,3225.776,0.0,3.909637
2019-03-13,0,0,reserve,system,3120.366,0.0,0.0,3120.366,0.0,7.464632
2019-03-13,1,0,reserve,system,3048.889,0.0,0.0,3048.889,0.0,5.410204
2019-03-13,2,0,reserve,system,3014.01,0.0,0.0,3014.01,0.0,0.0
2019-03-13,3,0,reserve,system,3034.22,0.0,0.0,3034.22,0.0,0.0
2019-03-13,4,0,reserve,system,3143.612,0.0,0.0,3143.612,0.0,1.876233
2019-03-13,5,0,reserve,system,3370.615,0.0,0.776636,3370.615,0.0,7.114241
2019-03-13,6,0,reserve,system,3548.629,0.0,0.0,3548.629,0.0,0.0
2019-03-13,7,0,reserve,system,3614.872,0.0,0.0,3614.872,0.0,10.119617
2019-03-13,8,0,reserve,system,3701.676,0.0,0.0,3701.676,0.0,14.900529
2019-03-13,9,0,reserve,system,3766.357,0.0,0.0,3766.357,0.0,4.051711
2019-03-13,10,0,reserve,system,3801.154,0.0,0.0,3801.154,0.0,2.686077
2019-03-13,11,0,reserve,system,3810.907,0.0,0.0,3810.907,0.0,3.550764
2019-03-13,12,0,reserve,system,3844.29,0.0,0.0,3844.29,0.0,17.054677
2019-03-13,13,0,reserve,system,3867.517,0.0,0.0,3867.517,0.0,0.0
2019-03-13,14,0,reserve,system,3893.451,0.0,0.0,3893.451,0.0,2.716921
2019-03-13,15,0,reserve,system,3908.496,0.0,0.0,3908.496,0.0,7.29242
2019-03-13,16,0,reserve,system,3925.259,0.0,0.0,3925.259,0.0,4.985281
2019-03-13,17,0,reserve,system,3925.82,0.0,0.0,3925.82,0.0,9.574704
2019-03-13,18,0,reserve,system,3940.44,0.0,29.931057,3940.44,0.0,9.594356
2019-03-13,19,0,reserve,system,3988.947,0.0,0.0,3988.947,0.0,21.561561
2019-03-13,20,0,reserve,system,3891.933,0.0,0.0,3891.933,0.0,8.113805
2019-03-13,21,0,reserve,system,3704.624,0.0,0.0,3704.624,0.0,8.139663
2019-03-13,22,0,reserve,system,3479.328,0.0,0.0,3479.328,0.0,3.11632
2019-03-13,23,0,reserve,system,3296.506,0.0,0.0,3296.506,0.0,4.276958
2019-03-14,0,0,reserve,system,3166.296,0.0,0.0,3166.296,0.0,0.0
2019-03-14,1,0,reserve,system,3076.881,0.0,12.662473,3076.881,0.0,11.413755
2019-03-14,2,0,reserve,system,3024.339,0.0,0.0,3024.339,0.0,0.0
2019-03-14,3,0,reserve,system,3041.266,0.0,0.0,3041.266,0.0,0.0
2019-03-14,4,0,reserve,system,3181.404,0.0,0.0,3181.404,0.0,2.54812
2019-03-14,5,0,reserve,system,3411.502,0.0,0.0,3411.502,0.0,4.090808
2019-03-14,6,0,reserve,system,3569.004,0.0,36.381459,3569.004,0.0,3.575436
2019-03-14,7,0,reserve,system,3607.015,0.0,0.0,3607.015,0.0,4.167833
2019-03-14,8,0,reserve,system,3665.414,0.0,7.431609,3665.414,0.0,7.082969
2019-03-14,9,0,reserve,system,3728.056,0.0,0.0,3728.056,0.0,14.228744
2019-03-14,10,0,reserve,system,3756.003,0.0,0.0,3756.003,0.0,5.748691
2019-03-14,11,0,reserve,system,3757.863,0.0,0.0,3757.863,0.0,3.918288
2019-03-14,12,0,reserve,system,3771.788,0.0,0.0,3771.788,0.0,5.845718
2019-03-14,13,0,reserve,system,3753.033,0.0,0.0,3753.033,0.0,0.014508
2019-03-14,14,0,reserve,system,3742.759,0.0,0.0,3742.759,0.0,0.0
2019-03-14,15,0,reserve,system,3735.044,0.0,0.0,3735.044,0.0,5.45299
2019-03-14,16,0,reserve,system,3707.522,0.0,0.0,3707.522,0.0,4.118931
2019-03-14,17,0,reserve,system,3661.747,0.0,8.952667,3661.747,0.0,5.485008
2019-03-14,18,0,reserve,system,3682.641,0.0,26.258244,3682.641,0.0,6.548649
2019-03-14,19,0,reserve,system,3771.64,0.0,6.952964,3771.64,0.0,15.163408
2019-03-14,20,0,reserve,system,3698.08,0.0,0.0,3698.08,0.0,7.606582
2019-03-14,21,0,reserve,system,3534.846,0.0,0.0,3534.846,0.0,4.574023
2019-03-14,22,0,reserve,system,3334.486,0.0,0.0,3334.486,0.0,6.706602
2019-03-14,23,0,reserve,system,3185.103,0.0,0.0,3185.103,0.0,0.214556
2019-03-15,0,0,reserve,system,3087.422,0.0,0.0,3087.422,0.0,3.909516
2019-03-15,1,0,reserve,system,3043.416,0.0,0.0,3043.416,0.0,4.400974
2019-03-15,2,0,reserve,system,3044.382,0.0,0.0,3044.382,0.0,0.070688
2019-03-15,3,0,reserve,system,3116.448,0.0,1.813263,3116.448,0.0,0.0
2019-03-15,4,0,reserve,system,3310.135,0.0,0.0,3310.135,0.0,3.342857
2019-03-15,5,0,reserve,system,3592.021,0.0,0.0,3592.021,0.0,4.308041
2019-03-15,6,0,reserve,system,3819.102,0.0,0.592284,3819.102,0.0,4.768367
2019-03-15,7,0,reserve,system,3905.316,0.0,0.0,3905.316,0.0,6.721721
2019-03-15,8,0,reserve,system,3962.341,0.0,0.0,3962.341,0.0,16.535323
2019-03-15,9,0,reserve,system,3958.206,0.0,5.122569,3958.206,0.0,6.841157
2019-03-15,10,0,reserve,system,3907.135,0.0,0.0,3907.135,0.0,5.705465
2019-03-15,11,0,reserve,system,3827.939,0.0,0.0,3827.939,0.0,4.603807
2019-03-15,12,0,reserve,system,3760.531,0.0,0.0,3760.531,0.0,3.553319
2019-03-15,13,0,reserve,system,3677.878,0.0,2.706418,3677.878,0.0,5.435898
2019-03-15,14,0,reserve,system,3617.312,0.0,0.0,3617.312,0.0,0.0
2019-03-15,15,0,reserve,system,3583.4,0.0,0.0,3583.4,0.0,0.0
2019-03-15,16,0,reserve,system,3576.494,0.0,0.0,3576.494,0.0,5.261848
2019-03-15,17,0,reserve,system,3588.625,0.0,0.0,3588.625,0.0,3.762947
2019-03-15,18,0,reserve,system,3674.767,0.0,33.224487,3674.767,0.0,7.880302
2019-03-15,19,0,reserve,system,3774.783,0.0,0.0,3774.783,0.0,7.505584
2019-03-15,20,0,reserve,system,3740.149,0.0,0.0,3740.149,0.0,15.898221
2019-03-15,21,0,reserve,system,3642.272,0.0,0.0,3642.272,0.0,7.191412
2019-03-15,22,0,reserve,system,3511.918,0.0,0.0,3511.918,0.0,4.782516
2019-03-15,23,0,reserve,system,3400.083,0.0,0.0,3400.083,0.0,9.602266
2019-03-16,0,0,reserve,system,3329.198,0.0,0.0,3329.198,0.0,13.441408
2019-03-16,1,0,reserve,system,3301.287,0.0,0.0,3301.287,0.0,0.0
2019-03-16,2,0,reserve,system,3313.129,0.0,0.0,3313.129,0.0,0.0
2019-03-16,3,0,reserve,system,3364.743,0.0,0.0,3364.743,0.0,8.983094
2019-03-16,4,0,reserve,system,3473.148,0.0,0.0,3473.148,0.0,5.30935
2019-03-16,5,0,reserve,system,3639.078,0.0,0.0,3639.078,0.0,7.325879
2019-03-16,6,0,reserve,system,3829.491,0.0,0.0,3829.491,0.0,11.611008
2019-03-16,7,0,reserve,system,3934.089,0.0,0.0,3934.089,0.0,0.0
2019-03-16,8,0,reserve,system,3953.876,0.0,0.0,3953.876,0.0,20.503006
2019-03-16,9,0,reserve,system,3904.252,0.0,0.0,3904.252,0.0,8.686887
2019-03-16,10,0,reserve,system,3805.994,0.0,0.0,3805.994,0.0,6.835839
2019-03-16,11,0,reserve,system,3677.183,0.0,0.0,3677.183,0.0,6.815236
2019-03-16,12,0,reserve,system,3571.596,0.0,0.0,3571.596,0.0,5.985804
2019-03-16,13,0,reserve,system,3468.296,0.0,0.0,3468.296,0.0,5.037216
2019-03-16,14,0,reserve,system,3402.285,0.0,0.0,3402.285,0.0,0.0
2019-03-16,15,0,reserve,system,3376.485,0.0,0.0,3376.485,0.0,0.0
2019-03-16,16,0,reserve,system,3381.631,0.0,0.0,3381.631,0.0,4.49956
2019-03-16,17,0,reserve,system,3407.262,0.0,0.0,3407.262,0.0,6.080159
2019-03-16,18,0,reserve,system,3512.374,0.0,34.665263,3512.374,0.0,6.832318
2019-03-16,19,0,reserve,system,3617.036,0.0,0.0,3617.036,0.0,7.716223
2019-03-16,20,0,reserve,system,3592.81,0.0,0.0,3592.81,0.0,19.455829
2019-03-16,21,0,reserve,system,3507.825,0.0,0.0,3507.825,0.0,5.955342
2019-03-16,22,0,reserve,system,3397.734,0.0,0.0,3397.734,0.0,9.376448
2019-03-16,23,0,reserve,system,3302.132,0.0,0.0,3302.132,0.0,0.0
2019-03-17,0,0,reserve,system,3244.486,0.0,0.0,3244.486,0.0,10.099906
2019-03-17,1,0,reserve,system,3217.361,0.0,0.0,3217.361,0.0,2.740705
2019-03-17,2,0,reserve,system,3226.867,0.0,0.0,3226.867,0.0,9.241048
2019-03-17,3,0,reserve,system,3263.118,0.0,0.0,3263.118,0.0,0.0
2019-03-17,4,0,reserve,system,3355.845,0.0,0.0,3355.845,0.0,0.343036
2019-03-17,5,0,reserve,system,3507.082,0.0,0.0,3507.082,0.0,7.533953
2019-03-17,6,0,reserve,system,3672.713,0.0,0.0,3672.713,0.0,8.053327
2019-03-17,7,0,reserve,system,3766.27,0.0,0.0,3766.27,0.0,7.271705
2019-03-17,8,0,reserve,system,3761.98,0.0,0.0,3761.98,0.0,14.249739
2019-03-17,9,0,reserve,system,3676.406,0.0,0.0,3676.406,0.0,15.21664
2019-03-17,10,0,reserve,system,3583.111,0.0,0.0,3583.111,0.0,7.148989
2019-03-17,11,0,reserve,system,3493.798,0.0,0.0,3493.798,0.0,6.097463
2019-03-17,12,0,reserve,system,3411.86,0.0,0.0,3411.86,0.0,7.748309
2019-03-17,13,0,reserve,system,3354.974,0.0,0.0,3354.974,0.0,0.0
2019-03-17,14,0,reserve,system,3318.325,0.0,0.0,3318.325,0.0,0.0
2019-03-17,15,0,reserve,system,3320.475,0.0,0.0,3320.475,0.0,4.475254
2019-03-17,16,0,reserve,system,3355.058,0.0,0.0,3355.058,0.0,5.485908
2019-03-17,17,0,reserve,system,3388.698,0.0,34.774145,3388.698,0.0,6.365036
2019-03-17,18,0,reserve,system,3494.824,0.0,0.0,3494.824,0.0,6.653442
2019-03-17,19,0,reserve,system,3662.495,0.0,0.0,3662.495,0.0,6.846234
2019-03-17,20,0,reserve,system,3615.421,0.0,0.0,3615.421,0.0,16.967318
2019-03-17,21,0,reserve,system,3471.364,0.0,0.0,3471.364,0.0,9.378197
2019-03-17,22,0,reserve,system,3266.453,0.0,0.0,3266.453,0.0,0.0
2019-03-17,23,0,reserve,system,3149.658,0.0,0.0,3149.658,0.0,0.0
2019-03-18,0,0,reserve,system,3092.5,0.0,0.0,3092.5,0.0,3.782172
2019-03-18,1,0,reserve,system,3096.214,0.0,0.0,3096.214,0.0,0.0
2019-03-18,2,0,reserve,system,3139.148,0.0,0.0,3139.148,0.0,8.704606
2019-03-18,3,0,reserve,system,3266.867,0.0,0.0,3266.867,0.0,4.780967
2019-03-18,4,0,reserve,system,3547.163,0.0,0.0,3547.163,0.0,7.655833
2019-03-18,5,0,reserve,system,3957.855,0.0,0.0,3957.855,0.0,10.249034
2019-03-18,6,0,reserve,system,4172.27,0.0,0.0,4172.27,0.0,22.266188
2019-03-18,7,0,reserve,system,4139.951,0.0,0.0,4139.951,0.0,0.0
2019-03-18,8,0,reserve,system,4054.325,0.0,0.0,4054.325,0.0,15.054391
2019-03-18,9,0,reserve,system,3934.617,0.0,0.0,3934.617,0.0,10.010567
2019-03-18,10,0,reserve,system,3813.309,0.0,0.0,3813.309,0.0,8.401831
2019-03-18,11,0,reserve,system,3712.742,0.0,0.0,3712.742,0.0,6.195437
2019-03-18,12,0,reserve,system,3673.082,0.0,0.0,3673.082,0.0,7.317929
2019-03-18,13,0,reserve,system,3627.546,0.0,0.0,3627.546,0.0,6.263132
2019-03-18,14,0,reserve,system,3586.961,0.0,0.0,3586.961,0.0,8.396112
2019-03-18,15,0,reserve,system,3585.194,0.0,0.0,3585.194,0.0,0.0
2019-03-18,16,0,reserve,system,3605.672,0.0,0.0,3605.672,0.0,0.0
2019-03-18,17,0,reserve,system,3619.396,0.0,8.139231,3619.396,0.0,9.645619
2019-03-18,18,0,reserve,system,3687.311,0.0,0.0,3687.311,0.0,5.303469
2019-03-18,19,0,reserve,system,3807.924,0.0,0.0,3807.924,0.0,9.71859
2019-03-18,20,0,reserve,system,3706.607,0.0,0.0,3706.607,0.0,12.377949
2019-03-18,21,0,reserve,system,3481.258,0.0,0.0,3481.258,0.0,5.253352
2019-03-18,22,0,reserve,system,3248.164,0.0,0.0,3248.164,0.0,8.363114
2019-03-18,23,0,reserve,system,3088.798,0.0,0.0,3088.798,0.0,0.0
2019-03-19,0,0,reserve,system,3019.692,0.0,0.0,3019.692,0.0,3.016077
2019-03-19,1,0,reserve,system,3001.666,0.0,0.0,3001.666,0.0,0.0
2019-03-19,2,0,reserve,system,3034.587,0.0,0.0,3034.587,0.0,4.611357
2019-03-19,3,0,reserve,system,3135.069,0.0,0.0,3135.069,0.0,4.603718
2019-03-19,4,0,reserve,system,3377.987,0.0,0.0,3377.987,0.0,6.293113
2019-03-19,5,0,reserve,system,3773.008,0.0,0.0,3773.008,0.0,6.76186
2019-03-19,6,0,reserve,system,3969.601,0.0,0.0,3969.601,0.0,22.478828
2019-03-19,7,0,reserve,system,3919.967,0.0,0.0,3919.967,0.0,9.740853
2019-03-19,8,0,reserve,system,3848.474,0.0,0.0,3848.474,0.0,8.99692
2019-03-19,9,0,reserve,system,3794.083,0.0,0.0,3794.083,0.0,6.266203
2019-03-19,10,0,reserve,system,3733.952,0.0,0.0,3733.952,0.0,7.044229
2019-03-19,11,0,reserve,system,3677.523,0.0,0.0,3677.523,0.0,6.206887
2019-03-19,12,0,reserve,system,3645.906,0.0,0.0,3645.906,0.0,6.635412
2019-03-19,13,0,reserve,system,3614.647,0.0,0.0,3614.647,0.0,0.862589
2019-03-19,14,0,reserve,system,3603.943,0.0,0.0,3603.943,0.0,2.609513
2019-03-19,15,0,reserve,system,3602.54,0.0,0.0,3602.54,0.0,4.048644
2019-03-19,16,0,reserve,system,3604.352,0.0,0.0,3604.352,0.0,0.0
2019-03-19,17,0,reserve,system,3603.07,0.0,1.987891,3603.07,0.0,5.922193
2019-03-19,18,0,reserve,system,3659.355,0.0,0.0,3659.355,0.0,4.182878
2019-03-19,19,0,reserve,system,3770.188,0.0,0.0,3770.188,0.0,15.359352
2019-03-19,20,0,reserve,system,3673.721,0.0,0.0,3673.721,0.0,9.3137
2019-03-19,21,0,reserve,system,3445.282,0.0,0.0,3445.282,0.0,0.0
2019-03-19,22,0,reserve,system,3219.442,0.0,0.0,3219.442,0.0,10.770446
2019-03-19,23,0,reserve,system,3057.152,0.0,0.0,3057.152,0.0,0.0
2019-03-20,0,0,reserve,system,2968.46,0.0,0.0,2968.46,0.0,1.462813
2019-03-20,1,0,reserve,system,2940.509,0.0,0.0,2940.509,0.0,0.0
2019-03-20,2,0,reserve,system,2949.983,0.0,0.0,2949.983,0.0,3.534494
2019-03-20,3,0,reserve,system,3038.486,0.0,0.0,3038.486,0.0,4.910069
2019-03-20,4,0,reserve,system,3271.201,0.0,0.0,3271.201,0.0,7.314041
2019-03-20,5,0,reserve,system,3643.752,0.0,0.0,3643.752,0.0,7.107888
2019-03-20,6,0,reserve,system,3819.983,0.0,0.0,3819.983,0.0,21.393456
2019-03-20,7,0,reserve,system,3772.359,0.0,0.0,3772.359,0.0,0.0
2019-03-20,8,0,reserve,system,3736.418,0.0,0.0,3736.418,0.0,21.012223
2019-03-20,9,0,reserve,system,3703.934,0.0,0.0,3703.934,0.0,8.042679
2019-03-20,10,0,reserve,system,3668.752,0.0,0.0,3668.752,0.0,6.670282
2019-03-20,11,0,reserve,system,3647.705,0.0,0.0,3647.705,0.0,6.876744
2019-03-20,12,0,reserve,system,3647.229,0.0,0.0,3647.229,0.0,5.921913
2019-03-20,13,0,reserve,system,3638.996,0.0,0.0,3638.996,0.0,8.081824
2019-03-20,14,0,reserve,system,3631.778,0.0,0.0,3631.778,0.0,2.906928
2019-03-20,15,0,reserve,system,3659.515,0.0,0.0,3659.515,0.0,4.487071
2019-03-20,16,0,reserve,system,3681.476,0.0,0.0,3681.476,0.0,0.0
2019-03-20,17,0,reserve,system,3672.318,0.0,0.0,3672.318,0.0,9.748188
2019-03-20,18,0,reserve,system,3714.266,0.0,0.0,3714.266,0.0,5.178036
2019-03-20,19,0,reserve,system,3819.711,0.0,0.0,3819.711,0.0,11.625114
2019-03-20,20,0,reserve,system,3726.493,0.0,0.0,3726.493,0.0,22.694764
2019-03-20,21,0,reserve,system,3496.142,0.0,0.0,3496.142,0.0,7.321398
2019-03-20,22,0,reserve,system,3247.495,0.0,0.0,3247.495,0.0,5.729167
2019-03-20,23,0,reserve,system,3078.012,0.0,0.0,3078.012,0.0,8.459971
2019-03-21,0,0,reserve,system,2988.627,0.0,0.0,2988.627,0.0,13.16145
2019-03-21,1,0,reserve,system,2956.777,0.0,0.0,2956.777,0.0,0.0
2019-03-21,2,0,reserve,system,2962.763,0.0,0.0,2962.763,0.0,0.0
2019-03-21,3,0,reserve,system,3041.643,0.0,0.0,3041.643,0.0,8.263715
2019-03-21,4,0,reserve,system,3277.053,0.0,0.0,3277.053,0.0,5.011741
2019-03-21,5,0,reserve,system,3660.416,0.0,0.0,3660.416,0.0,9.961902
2019-03-21,6,0,reserve,system,3845.663,0.0,0.0,3845.663,0.0,24.391036
2019-03-21,7,0,reserve,system,3781.781,0.0,0.0,3781.781,0.0,0.0
2019-03-21,8,0,reserve,system,3723.412,0.0,0.0,3723.412,0.0,16.128543
2019-03-21,9,0,reserve,system,3685.958,0.0,0.0,3685.958,0.0,8.09143
2019-03-21,10,0,reserve,system,3662.436,0.0,0.0,3662.436,0.0,6.587056
2019-03-21,11,0,reserve,system,3652.037,0.0,0.0,3652.037,0.0,9.406005
2019-03-21,12,0,reserve,system,3675.51,0.0,0.0,3675.51,0.0,0.0
2019-03-21,13,0,reserve,system,3710.708,0.0,0.0,3710.708,0.0,0.0
2019-03-21,14,0,reserve,system,3753.274,0.0,0.0,3753.274,0.0,9.509104
2019-03-21,15,0,reserve,system,3803.57,0.0,0.0,3803.57,0.0,5.576756
2019-03-21,16,0,reserve,system,3811.374,0.0,0.0,3811.374,0.0,18.192506
2019-03-21,17,0,reserve,system,3759.655,0.0,0.0,3759.655,0.0,0.0
2019-03-21,18,0,reserve,system,3754.854,0.0,0.0,3754.854,0.0,0.0
2019-03-21,19,0,reserve,system,3833.58,0.0,23.793707,3833.58,0.0,24.522706
2019-03-21,20,0,reserve,system,3694.437,0.0,0.0,3694.437,0.0,9.165574
2019-03-21,21,0,reserve,system,3441.24,0.0,0.0,3441.24,0.0,6.745863
2019-03-21,22,0,reserve,system,3174.449,0.0,0.0,3174.449,0.0,6.338843
2019-03-21,23,0,reserve,system,2993.089,0.0,0.0,2993.089,0.0,0.0
2019-03-22,0,0,reserve,system,2895.437,0.0,0.0,2895.437,0.0,5.399456
2019-03-22,1,0,reserve,system,2842.61,0.0,0.0,2842.61,0.0,0.0
2019-03-22,2,0,reserve,system,2840.015,0.0,0.0,2840.015,0.0,0.0
2019-03-22,3,0,reserve,system,2916.616,0.0,0.0,2916.616,0.0,4.841898
2019-03-22,4,0,reserve,system,3131.578,0.0,0.0,3131.578,0.0,3.637878
2019-03-22,5,0,reserve,system,3499.18,0.0,0.0,3499.18,0.0,7.856109
2019-03-22,6,0,reserve,system,3687.675,0.0,0.0,3687.675,0.0,8.148094
2019-03-22,7,0,reserve,system,3667.237,0.0,0.0,3667.237,0.0,19.225122
2019-03-22,8,0,reserve,system,3663.441,0.0,0.0,3663.441,0.0,8.990319
2019-03-22,9,0,reserve,system,3670.672,0.0,0.0,3670.672,0.0,5.935905
2019-03-22,10,0,reserve,system,3683.812,0.0,0.0,3683.812,0.0,8.016985
2019-03-22,11,0,reserve,system,3698.887,0.0,0.0,3698.887,0.0,3.25079
2019-03-22,12,0,reserve,system,3750.097,0.0,0.0,3750.097,0.0,6.050337
2019-03-22,13,0,reserve,system,3785.499,0.0,0.0,3785.499,0.0,0.0
2019-03-22,14,0,reserve,system,3819.273,0.0,0.0,3819.273,0.0,0.0
2019-03-22,15,0,reserve,system,3844.1,0.0,8.266413,3844.1,0.0,10.736701
2019-03-22,16,0,reserve,system,3821.764,0.0,0.0,3821.764,0.0,5.254824
2019-03-22,17,0,reserve,system,3744.903,0.0,0.0,3744.903,0.0,0.0
2019-03-22,18,0,reserve,system,3708.085,0.0,0.0,3708.085,0.0,0.0
2019-03-22,19,0,reserve,system,3735.067,0.0,4.756088,3735.067,0.0,16.839142
2019-03-22,20,0,reserve,system,3621.982,0.0,0.0,3621.982,0.0,5.055732
2019-03-22,21,0,reserve,system,3456.095,0.0,0.0,3456.095,0.0,3.647297
2019-03-22,22,0,reserve,system,3252.167,0.0,0.0,3252.167,0.0,1.064017
2019-03-22,23,0,reserve,system,3060.757,0.0,0.0,3060.757,0.0,2.362326
2019-03-23,0,0,reserve,system,2928.474,0.0,0.0,2928.474,0.0,3.532054
2019-03-23,1,0,reserve,system,2839.53,0.0,0.0,2839.53,0.0,0.0
2019-03-23,2,0,reserve,system,2809.369,0.0,18.319431,2809.369,0.0,0.0
2019-03-23,3,0,reserve,system,2812.547,0.0,0.0,2812.547,0.0,1.545471
2019-03-23,4,0,reserve,system,2866.785,0.0,0.0,2866.785,0.0,0.908374
2019-03-23,5,0,reserve,system,2984.691,0.0,0.0,2984.691,0.0,1.713171
2019-03-23,6,0,reserve,system,3111.099,0.0,0.0,3111.099,0.0,3.342857
2019-03-23,7,0,reserve,system,3227.582,0.0,3.26085,3227.582,0.0,3.588573
2019-03-23,8,0,reserve,system,3364.37,0.0,0.0,3364.37,0.0,6.758632
2019-03-23,9,0,reserve,system,3466.766,0.0,0.0,3466.766,0.0,4.660568
2019-03-23,10,0,reserve,system,3525.691,0.0,0.0,3525.691,0.0,0.299251
2019-03-23,11,0,reserve,system,3543.13,0.0,0.0,3543.13,0.0,2.540714
2019-03-23,12,0,reserve,system,3535.948,0.0,0.0,3535.948,0.0,10.528267
2019-03-23,13,0,reserve,system,3516.595,0.0,0.0,3516.595,0.0,0.0
2019-03-23,14,0,reserve,system,3518.303,0.0,0.0,3518.303,0.0,0.0
2019-03-23,15,0,reserve,system,3526.75,0.0,0.0,3526.75,0.0,7.520746
2019-03-23,16,0,reserve,system,3517.394,0.0,0.0,3517.394,0.0,0.0
2019-03-23,17,0,reserve,system,3513.966,0.0,31.461583,3513.966,0.0,5.43247
2019-03-23,18,0,reserve,system,3536.633,0.0,0.0,3536.633,0.0,3.877479
2019-03-23,19,0,reserve,system,3586.221,0.0,0.0,3586.221,0.0,7.867025
2019-03-23,20,0,reserve,system,3519.93,0.0,0.0,3519.93,0.0,16.059852
2019-03-23,21,0,reserve,system,3378.694,0.0,0.0,3378.694,0.0,5.518521
2019-03-23,22,0,reserve,system,3198.961,0.0,0.0,3198.961,0.0,4.372386
2019-03-23,23,0,reserve,system,3027.098,0.0,0.0,3027.098,0.0,2.424077
2019-03-24,0,0,reserve,system,2916.687,0.0,0.0,2916.687,0.0,5.686459
2019-03-24,1,0,reserve,system,2839.303,0.0,0.0,2839.303,0.0,0.0
2019-03-24,2,0,reserve,system,2789.566,0.0,0.0,2789.566,0.0,1.293267
2019-03-24,3,0,reserve,system,2774.115,0.0,0.0,2774.115,0.0,0.0
2019-03-24,4,0,reserve,system,2803.222,0.0,0.0,2803.222,0.0,2.266601
2019-03-24,5,0,reserve,system,2866.316,0.0,0.0,2866.316,0.0,2.389216
2019-03-24,6,0,reserve,system,2957.762,0.0,0.0,2957.762,0.0,3.739399
2019-03-24,7,0,reserve,system,3091.985,0.0,0.0,3091.985,0.0,3.647952
2019-03-24,8,0,reserve,system,3266.488,0.0,0.0,3266.488,0.0,13.3942
2019-03-24,9,0,reserve,system,3399.158,0.0,0.0,3399.158,0.0,4.36565
2019-03-24,10,0,reserve,system,3500.204,0.0,0.0,3500.204,0.0,0.243072
2019-03-24,11,0,reserve,system,3584.682,0.0,0.0,3584.682,0.0,0.414918
2019-03-24,12,0,reserve,system,3668.726,0.0,0.0,3668.726,0.0,6.512573
2019-03-24,13,0,reserve,system,3758.622,0.0,0.0,3758.622,0.0,3.026919
2019-03-24,14,0,reserve,system,3857.247,0.0,0.0,3857.247,0.0,5.465535
2019-03-24,15,0,reserve,system,3933.291,0.0,0.0,3933.291,0.0,5.706552
2019-03-24,16,0,reserve,system,3999.488,0.0,0.0,3999.488,0.0,6.838558
2019-03-24,17,0,reserve,system,4001.701,0.0,0.0,4001.701,0.0,10.990767
2019-03-24,18,0,reserve,system,3974.251,0.0,0.0,3974.251,0.0,0.0
2019-03-24,19,0,reserve,system,4071.567,0.0,0.0,4071.567,0.0,10.0743
2019-03-24,20,0,reserve,system,3956.527,0.0,0.0,3956.527,0.0,17.916655
2019-03-24,21,0,reserve,system,3696.896,0.0,0.0,3696.896,0.0,7.496769
2019-03-24,22,0,reserve,system,3383.848,0.0,0.0,3383.848,0.0,3.728351
2019-03-24,23,0,reserve,system,3141.287,0.0,0.0,3141.287,0.0,6.478256
2019-03-25,0,0,reserve,system,2994.858,0.0,0.0,2994.858,0.0,9.039912
2019-03-25,1,0,reserve,system,2902.577,0.0,0.0,2902.577,0.0,0.0
2019-03-25,2,0,reserve,system,2869.666,0.0,0.0,2869.666,0.0,0.0
2019-03-25,3,0,reserve,system,2919.982,0.0,0.0,2919.982,0.0,4.765226
2019-03-25,4,0,reserve,system,3112.876,0.0,0.0,3112.876,0.0,2.961878
2019-03-25,5,0,reserve,system,3459.1,0.0,0.0,3459.1,0.0,7.779654
2019-03-25,6,0,reserve,system,3623.737,0.0,0.0,3623.737,0.0,18.556549
2019-03-25,7,0,reserve,system,3626.399,0.0,0.0,3626.399,0.0,6.860838
2019-03-25,8,0,reserve,system,3631.885,0.0,0.0,3631.885,0.0,6.463638
2019-03-25,9,0,reserve,system,3712.991,0.0,0.0,3712.991,0.0,5.681675
2019-03-25,10,0,reserve,system,3788.501,0.0,0.0,3788.501,0.0,6.079681
2019-03-25,11,0,reserve,system,3874.397,0.0,0.0,3874.397,0.0,3.142921
2019-03-25,12,0,reserve,system,3972.296,0.0,8.305048,3972.296,0.0,5.2071
2019-03-25,13,0,reserve,system,4065.523,0.0,0.0,4065.523,0.0,3.779154
2019-03-25,14,0,reserve,system,4149.23,0.0,34.464863,4149.23,0.0,4.877662
2019-03-25,15,0,reserve,system,4232.308,0.0,6.552055,4232.308,0.0,9.12314
2019-03-25,16,0,reserve,system,4246.613,0.0,5.631774,4246.613,0.0,6.834617
2019-03-25,17,0,reserve,system,4196.877,0.0,0.0,4196.877,0.0,8.81613
2019-03-25,18,0,reserve,system,4115.199,0.0,0.0,4115.199,0.0,0.0
2019-03-25,19,0,reserve,system,4138.525,0.0,36.579878,4138.525,0.0,18.136318
2019-03-25,20,0,reserve,system,3959.711,0.0,0.0,3959.711,0.0,6.635558
2019-03-25,21,0,reserve,system,3663.856,0.0,0.0,3663.856,0.0,7.067284
2019-03-25,22,0,reserve,system,3332.664,0.0,0.0,3332.664,0.0,5.916886
2019-03-25,23,0,reserve,system,3106.173,0.0,0.0,3106.173,0.0,2.775973
2019-03-26,0,0,reserve,system,2956.136,0.0,0.0,2956.136,0.0,6.692949
2019-03-26,1,0,reserve,system,2867.217,0.0,0.0,2867.217,0.0,0.0
2019-03-26,2,0,reserve,system,2837.725,0.0,0.0,2837.725,0.0,2.233329
2019-03-26,3,0,reserve,system,2884.307,0.0,0.0,2884.307,0.0,4.247576
2019-03-26,4,0,reserve,system,3058.559,0.0,0.0,3058.559,0.0,0.0
2019-03-26,5,0,reserve,system,3385.49,0.0,0.0,3385.49,0.0,9.890055
2019-03-26,6,0,reserve,system,3524.338,0.0,0.0,3524.338,0.0,13.536898
2019-03-26,7,0,reserve,system,3507.383,0.0,0.0,3507.383,0.0,0.0
2019-03-26,8,0,reserve,system,3532.787,0.0,0.0,3532.787,0.0,14.590133
2019-03-26,9,0,reserve,system,3563.998,0.0,0.0,3563.998,0.0,5.945334
2019-03-26,10,0,reserve,system,3608.384,0.0,0.0,3608.384,0.0,7.78654
2019-03-26,11,0,reserve,system,3639.031,0.0,0.0,3639.031,0.0,0.0
2019-03-26,12,0,reserve,system,3697.149,0.0,0.0,3697.149,0.0,2.437435
2019-03-26,13,0,reserve,system,3764.198,0.0,0.0,3764.198,0.0,1.683429
2019-03-26,14,0,reserve,system,3831.973,0.0,0.0,3831.973,0.0,5.015571
2019-03-26,15,0,reserve,system,3917.113,0.0,18.238998,3917.113,0.0,5.015571
2019-03-26,16,0,reserve,system,3948.221,0.0,20.358472,3948.221,0.0,10.309395
2019-03-26,17,0,reserve,system,3906.212,0.0,0.0,3906.212,0.0,6.824799
2019-03-26,18,0,reserve,system,3867.565,0.0,0.0,3867.565,0.0,0.0
2019-03-26,19,0,reserve,system,3933.62,0.0,0.0,3933.62,0.0,18.087303
2019-03-26,20,0,reserve,system,3782.96,0.0,0.0,3782.96,0.0,6.14514
2019-03-26,21,0,reserve,system,3519.636,0.0,0.0,3519.636,0.0,3.534042
2019-03-26,22,0,reserve,system,3263.115,0.0,0.0,3263.115,0.0,4.189705
2019-03-26,23,0,reserve,system,3054.341,0.0,0.0,3054.341,0.0,2.522949
2019-03-27,0,0,reserve,system,2935.235,0.0,0.0,2935.235,0.0,2.320331
2019-03-27,1,0,reserve,system,2871.488,0.0,0.0,2871.488,0.0,0.0
2019-03-27,2,0,reserve,system,2852.172,0.0,0.0,2852.172,0.0,0.0
2019-03-27,3,0,reserve,system,2906.35,0.0,0.0,2906.35,0.0,3.569562
2019-03-27,4,0,reserve,system,3112.567,0.0,0.0,3112.567,0.0,3.722311
2019-03-27,5,0,reserve,system,3465.325,0.0,0.0,3465.325,0.0,6.813197
2019-03-27,6,0,reserve,system,3584.574,0.0,0.0,3584.574,0.0,11.276447
2019-03-27,7,0,reserve,system,3558.538,0.0,0.0,3558.538,0.0,11.905973
2019-03-27,8,0,reserve,system,3595.958,0.0,0.0,3595.958,0.0,3.619369
2019-03-27,9,0,reserve,system,3642.873,0.0,0.51706,3642.873,0.0,5.860847
2019-03-27,10,0,reserve,system,3666.248,0.0,0.0,3666.248,0.0,0.0
2019-03-27,11,0,reserve,system,3686.267,0.0,0.0,3686.267,0.0,0.0
2019-03-27,12,0,reserve,system,3730.476,0.0,0.0,3730.476,0.0,5.51034
2019-03-27,13,0,reserve,system,3792.038,0.0,0.0,3792.038,0.0,4.159597
2019-03-27,14,0,reserve,system,3848.393,0.0,4.290493,3848.393,0.0,4.691765
2019-03-27,15,0,reserve,system,3913.03,0.0,2.894456,3913.03,0.0,4.239095
2019-03-27,16,0,reserve,system,3937.068,0.0,0.0,3937.068,0.0,11.859881
2019-03-27,17,0,reserve,system,3890.69,0.0,0.0,3890.69,0.0,0.0
2019-03-27,18,0,reserve,system,3850.169,0.0,0.0,3850.169,0.0,0.0
2019-03-27,19,0,reserve,system,3927.064,0.0,0.0,3927.064,0.0,18.255559
2019-03-27,20,0,reserve,system,3801.373,0.0,0.0,3801.373,0.0,5.10879
2019-03-27,21,0,reserve,system,3531.406,0.0,0.0,3531.406,0.0,3.834656
2019-03-27,22,0,reserve,system,3250.662,0.0,0.0,3250.662,0.0,2.302073
2019-03-27,23,0,reserve,system,3034.986,0.0,0.0,3034.986,0.0,1.442754
2019-03-28,0,0,reserve,system,2914.028,0.0,50.0,2914.028,0.0,3.688553
2019-03-28,1,0,reserve,system,2850.157,0.0,0.0,2850.157,0.0,0.0
2019-03-28,2,0,reserve,system,2822.121,0.0,0.0,2822.121,0.0,0.0
2019-03-28,3,0,reserve,system,2878.366,0.0,0.0,2878.366,0.0,2.530697
2019-03-28,4,0,reserve,system,3065.927,0.0,0.0,3065.927,0.0,1.293418
2019-03-28,5,0,reserve,system,3386.37,0.0,0.586542,3386.37,0.0,4.979777
2019-03-28,6,0,reserve,system,3542.999,0.0,0.0,3542.999,0.0,3.848624
2019-03-28,7,0,reserve,system,3532.596,0.0,0.0,3532.596,0.0,3.812928
2019-03-28,8,0,reserve,system,3588.945,0.0,0.0,3588.945,0.0,4.438353
2019-03-28,9,0,reserve,system,3629.419,0.0,13.772975,3629.419,0.0,10.292579
2019-03-28,10,0,reserve,system,3662.652,0.0,0.0,3662.652,0.0,0.0
2019-03-28,11,0,reserve,system,3698.396,0.0,0.0,3698.396,0.0,0.0
2019-03-28,12,0,reserve,system,3768.844,0.0,8.234303,3768.844,0.0,6.834511
2019-03-28,13,0,reserve,system,3819.773,0.0,0.0,3819.773,0.0,2.221441
2019-03-28,14,0,reserve,system,3872.959,0.0,16.378156,3872.959,0.0,4.936868
2019-03-28,15,0,reserve,system,3932.381,0.0,0.0,3932.381,0.0,5.592108
2019-03-28,16,0,reserve,system,3937.823,0.0,0.0,3937.823,0.0,13.085274
2019-03-28,17,0,reserve,system,3877.657,0.0,0.0,3877.657,0.0,4.446023
2019-03-28,18,0,reserve,system,3859.667,0.0,0.0,3859.667,0.0,0.0
2019-03-28,19,0,reserve,system,3943.895,0.0,0.100465,3943.895,0.0,17.7498
2019-03-28,20,0,reserve,system,3831.549,0.0,0.0,3831.549,0.0,6.111761
2019-03-28,21,0,reserve,system,3594.785,0.0,0.0,3594.785,0.0,5.228782
2019-03-28,22,0,reserve,system,3308.474,0.0,0.0,3308.474,0.0,1.979129
2019-03-28,23,0,reserve,system,3104.283,0.0,0.0,3104.283,0.0,2.456228
2019-03-29,0,0,reserve,system,2973.703,0.0,0.0,2973.703,0.0,3.253651
2019-03-29,1,0,reserve,system,2894.391,0.0,0.0,2894.391,0.0,0.0
2019-03-29,2,0,reserve,system,2871.177,0.0,0.0,2871.177,0.0,0.0
2019-03-29,3,0,reserve,system,2919.659,0.0,0.0,2919.659,0.0,2.520547
2019-03-29,4,0,reserve,system,3087.641,0.0,0.0,3087.641,0.0,0.698986
2019-03-29,5,0,reserve,system,3412.523,0.0,0.434823,3412.523,0.0,5.045847
2019-03-29,6,0,reserve,system,3575.498,0.0,0.0,3575.498,0.0,3.901084
2019-03-29,7,0,reserve,system,3582.385,0.0,0.0,3582.385,0.0,9.339055
2019-03-29,8,0,reserve,system,3652.797,0.0,0.0,3652.797,0.0,0.0
2019-03-29,9,0,reserve,system,3734.443,0.0,0.0,3734.443,0.0,9.564419
2019-03-29,10,0,reserve,system,3780.942,0.0,0.0,3780.942,0.0,0.395909
2019-03-29,11,0,reserve,system,3816.32,0.0,0.057848,3816.32,0.0,0.275429
2019-03-29,12,0,reserve,system,3878.631,0.0,0.0,3878.631,0.0,8.569348
2019-03-29,13,0,reserve,system,3926.494,0.0,0.069756,3926.494,0.0,0.690647
2019-03-29,14,0,reserve,system,3950.681,0.0,0.193734,3950.681,0.0,4.389486
2019-03-29,15,0,reserve,system,3976.627,0.0,1.121111,3976.627,0.0,7.62744
2019-03-29,16,0,reserve,system,3967.795,0.0,0.0,3967.795,0.0,6.421964
2019-03-29,17,0,reserve,system,3909.141,0.0,0.0,3909.141,0.0,11.054251
2019-03-29,18,0,reserve,system,3857.453,0.0,0.0,3857.453,0.0,0.0
2019-03-29,19,0,reserve,system,3888.22,0.0,34.719704,3888.22,0.0,17.721014
2019-03-29,20,0,reserve,system,3788.937,0.0,0.0,3788.937,0.0,7.811443
2019-03-29,21,0,reserve,system,3625.112,0.0,0.0,3625.112,0.0,5.35605
2019-03-29,22,0,reserve,system,3404.843,0.0,0.0,3404.843,0.0,3.151853
2019-03-29,23,0,reserve,system,3190.264,0.0,0.0,3190.264,0.0,1.911346
2019-03-30,0,0,reserve,system,3033.003,0.0,0.0,3033.003,0.0,3.09204
2019-03-30,1,0,reserve,system,2932.499,0.0,0.0,2932.499,0.0,0.0
2019-03-30,2,0,reserve,system,2889.427,0.0,0.0,2889.427,0.0,0.0
2019-03-30,3,0,reserve,system,2883.343,0.0,0.0,2883.343,0.0,2.992456
2019-03-30,4,0,reserve,system,2927.023,0.0,0.0,2927.023,0.0,0.0
2019-03-30,5,0,reserve,system,3050.366,0.0,0.0,3050.366,0.0,12.174913
2019-03-30,6,0,reserve,system,3172.793,0.0,0.0,3172.793,0.0,0.0
2019-03-30,7,0,reserve,system,3321.88,0.0,0.0,3321.88,0.0,0.0
2019-03-30,8,0,reserve,system,3498.033,0.0,0.008597,3498.033,0.0,8.317796
2019-03-30,9,0,reserve,system,3631.732,0.0,0.0,3631.732,0.0,5.239645
2019-03-30,10,0,reserve,system,3707.445,0.0,0.0,3707.445,0.0,15.765526
2019-03-30,11,0,reserve,system,3720.108,0.0,0.0,3720.108,0.0,9.609474
2019-03-30,12,0,reserve,system,3707.46,0.0,0.0,3707.46,0.0,0.0
2019-03-30,13,0,reserve,system,3696.559,0.0,0.0,3696.559,0.0,9.612533
2019-03-30,14,0,reserve,system,3665.21,0.0,0.0,3665.21,0.0,7.834385
2019-03-30,15,0,reserve,system,3608.814,0.0,0.0,3608.814,0.0,0.0
2019-03-30,16,0,reserve,system,3566.376,0.0,50.0,3566.376,0.0,13.072971
2019-03-30,17,0,reserve,system,3542.468,0.0,0.0,3542.468,0.0,0.0
2019-03-30,18,0,reserve,system,3608.316,0.0,2.337117,3608.316,0.0,0.0
2019-03-30,19,0,reserve,system,3691.272,0.0,0.0,3691.272,0.0,17.819921
2019-03-30,20,0,reserve,system,3632.213,0.0,0.0,3632.213,0.0,6.008598
2019-03-30,21,0,reserve,system,3508.57,0.0,0.0,3508.57,0.0,0.0
2019-03-30,22,0,reserve,system,3354.314,0.0,3.843714,3354.314,0.0,6.129957
2019-03-30,23,0,reserve,system,3224.635,0.0,0.0,3224.635,0.0,4.439916
2019-03-31,0,0,reserve,system,3131.172,0.0,0.0,3131.172,0.0,0.0
2019-03-31,1,0,reserve,system,3090.271,0.0,0.0,3090.271,0.0,9.455234
2019-03-31,2,0,reserve,system,3083.271,0.0,0.0,3083.271,0.0,4.957302
2019-03-31,3,0,reserve,system,3120.995,0.0,0.0,3120.995,0.0,0.0
2019-03-31,4,0,reserve,system,3193.391,0.0,1.326747,3193.391,0.0,0.0
2019-03-31,5,0,reserve,system,3336.949,0.0,0.0,3336.949,0.0,5.62035
2019-03-31,6,0,reserve,system,3524.221,0.0,0.0,3524.221,0.0,4.433866
2019-03-31,7,0,reserve,system,3711.685,0.0,0.0,3711.685,0.0,7.335251
2019-03-31,8,0,reserve,system,3857.206,0.0,9.339552,3857.206,0.0,16.048428
2019-03-31,9,0,reserve,system,3904.553,0.0,0.0,3904.553,0.0,6.968594
2019-03-31,10,0,reserve,system,3878.907,0.0,0.0,3878.907,0.0,4.446996
2019-03-31,11,0,reserve,system,3807.95,0.0,0.0,3807.95,0.0,5.178199
2019-03-31,12,0,reserve,system,3701.026,0.0,0.0,3701.026,0.0,4.126826
2019-03-31,13,0,reserve,system,3611.964,0.0,0.0,3611.964,0.0,4.150943
2019-03-31,14,0,reserve,system,3532.952,0.0,0.0,3532.952,0.0,2.877882
2019-03-31,15,0,reserve,system,3499.637,0.0,0.0,3499.637,0.0,1.640282
2019-03-31,16,0,reserve,system,3507.67,0.0,0.40106,3507.67,0.0,0.0
2019-03-31,17,0,reserve,system,3547.933,0.0,24.000807,3547.933,0.0,7.551418
2019-03-31,18,0,reserve,system,3659.194,0.0,0.225099,3659.194,0.0,0.0
2019-03-31,19,0,reserve,system,3883.105,0.0,0.0,3883.105,0.0,9.711089
2019-03-31,20,0,reserve,system,3874.623,0.0,0.0,3874.623,0.0,5.211543
2019-03-31,21,0,reserve,system,3714.251,0.0,0.0,3714.251,0.0,7.088915
2019-03-31,22,0,reserve,system,3523.109,0.0,0.0,3523.109,0.0,15.452091
2019-03-31,23,0,reserve,system,3393.351,0.0,0.0,3393.351,0.0,9.408917
2019-04-01,0,0,reserve,system,3350.747,0.0,0.0,3350.747,0.0,41.201277
2019-04-01,1,0,reserve,system,3352.883,0.0,0.0,3352.883,0.0,0.342857
2019-04-01,2,0,reserve,system,3389.589,0.0,0.0,3389.589,0.0,0.0
2019-04-01,3,0,reserve,system,3501.758,0.0,0.0,3501.758,0.0,8.967891
2019-04-01,4,0,reserve,system,3763.074,0.0,0.0,3763.074,0.0,5.779096
2019-04-01,5,0,reserve,system,4181.87,0.0,0.0,4181.87,0.0,8.658513
2019-04-01,6,0,reserve,system,4348.2,0.0,0.0,4348.2,0.0,18.405614
2019-04-01,7,0,reserve,system,4286.16,0.0,0.0,4286.16,0.0,10.529924
2019-04-01,8,0,reserve,system,4235.496,0.0,0.0,4235.496,0.0,3.203259
2019-04-01,9,0,reserve,system,4188.917,0.0,0.0,4188.917,0.0,15.611609
2019-04-01,10,0,reserve,system,4104.293,0.0,0.0,4104.293,0.0,7.497972
2019-04-01,11,0,reserve,system,3977.14,0.0,0.0,3977.14,0.0,5.13317
2019-04-01,12,0,reserve,system,3863.151,0.0,0.0,3863.151,0.0,9.892724
2019-04-01,13,0,reserve,system,3760.57,0.0,0.0,3760.57,0.0,0.0
2019-04-01,14,0,reserve,system,3684.686,0.0,0.0,3684.686,0.0,0.0
2019-04-01,15,0,reserve,system,3665.53,0.0,22.8244,3665.53,0.0,13.379962
2019-04-01,16,0,reserve,system,3672.477,0.0,10.815671,3672.477,0.0,0.0
2019-04-01,17,0,reserve,system,3673.624,0.0,10.437164,3673.624,0.0,10.000966
2019-04-01,18,0,reserve,system,3757.494,0.0,0.0,3757.494,0.0,4.835312
2019-04-01,19,0,reserve,system,3934.914,0.0,0.0,3934.914,0.0,11.686469
2019-04-01,20,0,reserve,system,3877.601,0.0,0.0,3877.601,0.0,21.212403
2019-04-01,21,0,reserve,system,3677.705,0.0,0.0,3677.705,0.0,5.637331
2019-04-01,22,0,reserve,system,3472.452,0.0,0.0,3472.452,0.0,9.232618
2019-04-01,23,0,reserve,system,3367.108,0.0,0.0,3367.108,0.0,0.0
2019-04-02,0,0,reserve,system,3337.276,0.0,0.0,3337.276,0.0,11.96282
2019-04-02,1,0,reserve,system,3347.498,0.0,0.0,3347.498,0.0,0.0
2019-04-02,2,0,reserve,system,3393.442,0.0,2.576251,3393.442,0.0,0.0
2019-04-02,3,0,reserve,system,3520.983,0.0,0.0,3520.983,0.0,5.045972
2019-04-02,4,0,reserve,system,3812.961,0.0,0.0,3812.961,0.0,7.28021
2019-04-02,5,0,reserve,system,4274.164,0.0,31.500037,4274.164,0.0,6.487303
2019-04-02,6,0,reserve,system,4426.059,0.0,39.446702,4426.059,0.0,21.147805
2019-04-02,7,0,reserve,system,4271.311,0.0,0.0,4271.311,0.0,8.448264
2019-04-02,8,0,reserve,system,4091.372,0.0,0.0,4091.372,0.0,6.779773
2019-04-02,9,0,reserve,system,3935.463,0.0,0.0,3935.463,0.0,7.029765
2019-04-02,10,0,reserve,system,3792.954,0.0,0.0,3792.954,0.0,5.174699
2019-04-02,11,0,reserve,system,3684.288,0.0,0.0,3684.288,0.0,5.744581
2019-04-02,12,0,reserve,system,3642.395,0.0,0.0,3642.395,0.0,3.937425
2019-04-02,13,0,reserve,system,3608.593,0.0,0.0,3608.593,0.0,5.730061
2019-04-02,14,0,reserve,system,3588.897,0.0,0.0,3588.897,0.0,0.0
2019-04-02,15,0,reserve,system,3612.859,0.0,1.713508,3612.859,0.0,7.530881
2019-04-02,16,0,reserve,system,3623.891,0.0,0.0,3623.891,0.0,0.0
2019-04-02,17,0,reserve,system,3612.202,0.0,0.0,3612.202,0.0,3.758231
2019-04-02,18,0,reserve,system,3658.569,0.0,0.0,3658.569,0.0,0.0
2019-04-02,19,0,reserve,system,3794.549,0.0,5.237595,3794.549,0.0,17.638442
2019-04-02,20,0,reserve,system,3699.784,0.0,0.0,3699.784,0.0,5.32748
2019-04-02,21,0,reserve,system,3463.831,0.0,0.0,3463.831,0.0,5.92841
2019-04-02,22,0,reserve,system,3212.117,0.0,0.0,3212.117,0.0,0.0
2019-04-02,23,0,reserve,system,3044.529,0.0,0.0,3044.529,0.0,0.0
2019-04-03,0,0,reserve,system,2965.613,0.0,0.0,2965.613,0.0,0.644088
2019-04-03,1,0,reserve,system,2935.688,0.0,0.0,2935.688,0.0,1.61983
2019-04-03,2,0,reserve,system,2945.881,0.0,14.35266,2945.881,0.0,0.971055
2019-04-03,3,0,reserve,system,3027.155,0.0,0.0,3027.155,0.0,1.450865
2019-04-03,4,0,reserve,system,3252.022,0.0,1.308065,3252.022,0.0,3.311964
2019-04-03,5,0,reserve,system,3628.503,0.0,0.0,3628.503,0.0,3.861548
2019-04-03,6,0,reserve,system,3783.027,0.0,0.0,3783.027,0.0,13.311772
2019-04-03,7,0,reserve,system,3735.995,0.0,15.48877,3735.995,0.0,8.529797
2019-04-03,8,0,reserve,system,3713.401,0.0,0.0,3713.401,0.0,5.255893
2019-04-03,9,0,reserve,system,3718.17,0.0,0.0,3718.17,0.0,5.015571
2019-04-03,10,0,reserve,system,3710.706,0.0,0.0,3710.706,0.0,4.145555
2019-04-03,11,0,reserve,system,3687.101,0.0,0.0,3687.101,0.0,4.122438
2019-04-03,12,0,reserve,system,3676.434,0.0,0.0,3676.434,0.0,4.199589
2019-04-03,13,0,reserve,system,3671.044,0.0,0.0,3671.044,0.0,5.847832
2019-04-03,14,0,reserve,system,3666.792,0.0,0.0,3666.792,0.0,0.0
2019-04-03,15,0,reserve,system,3690.141,0.0,3.249524,3690.141,0.0,0.0
2019-04-03,16,0,reserve,system,3708.277,0.0,3.388017,3708.277,0.0,5.903793
2019-04-03,17,0,reserve,system,3726.028,0.0,3.363818,3726.028,0.0,5.95927
2019-04-03,18,0,reserve,system,3779.911,0.0,3.416203,3779.911,0.0,0.0
2019-04-03,19,0,reserve,system,3856.302,0.0,0.0,3856.302,0.0,18.180829
2019-04-03,20,0,reserve,system,3747.391,0.0,0.0,3747.391,0.0,4.663494
2019-04-03,21,0,reserve,system,3509.878,0.0,0.0,3509.878,0.0,4.82157
2019-04-03,22,0,reserve,system,3263.709,0.0,0.0,3263.709,0.0,1.235614
2019-04-03,23,0,reserve,system,3076.638,0.0,0.0,3076.638,0.0,2.076551
2019-04-04,0,0,reserve,system,2968.158,0.0,0.0,2968.158,0.0,0.0
2019-04-04,1,0,reserve,system,2898.668,0.0,0.0,2898.668,0.0,3.040611
2019-04-04,2,0,reserve,system,2876.168,0.0,0.0,2876.168,0.0,0.0
2019-04-04,3,0,reserve,system,2923.566,0.0,14.317281,2923.566,0.0,1.713171
2019-04-04,4,0,reserve,system,3121.034,0.0,0.0,3121.034,0.0,2.300052
2019-04-04,5,0,reserve,system,3464.397,0.0,0.0,3464.397,0.0,4.330768
2019-04-04,6,0,reserve,system,3628.035,0.0,0.0,3628.035,0.0,6.45596
2019-04-04,7,0,reserve,system,3632.817,0.0,0.0,3632.817,0.0,5.382497
2019-04-04,8,0,reserve,system,3697.448,0.0,0.0,3697.448,0.0,9.364204
2019-04-04,9,0,reserve,system,3774.86,0.0,9.435836,3774.86,0.0,14.526417
2019-04-04,10,0,reserve,system,3850.331,0.0,0.0,3850.331,0.0,0.524384
2019-04-04,11,0,reserve,system,3927.353,0.0,0.0,3927.353,0.0,6.401549
2019-04-04,12,0,reserve,system,4034.96,0.0,0.0,4034.96,0.0,7.430282
2019-04-04,13,0,reserve,system,4142.842,0.0,0.0,4142.842,0.0,0.0
2019-04-04,14,0,reserve,system,4252.229,0.0,18.022553,4252.229,0.0,8.075746
2019-04-04,15,0,reserve,system,4377.829,0.0,16.568326,4377.829,0.0,6.340435
2019-04-04,16,0,reserve,system,4429.669,0.0,3.38436,4429.669,0.0,7.971384
2019-04-04,17,0,reserve,system,4393.682,0.0,0.0,4393.682,0.0,8.810061
2019-04-04,18,0,reserve,system,4326.519,0.0,0.0,4326.519,0.0,10.077162
2019-04-04,19,0,reserve,system,4350.235,0.0,0.0,4350.235,0.0,19.246403
2019-04-04,20,0,reserve,system,4172.866,0.0,0.0,4172.866,0.0,8.672954
2019-04-04,21,0,reserve,system,3859.107,0.0,0.0,3859.107,0.0,11.036593
2019-04-04,22,0,reserve,system,3528.579,0.0,0.0,3528.579,0.0,5.873589
2019-04-04,23,0,reserve,system,3271.869,0.0,0.0,3271.869,0.0,9.109869
2019-04-05,0,0,reserve,system,3114.571,0.0,0.0,3114.571,0.0,11.43071
2019-04-05,1,0,reserve,system,3006.238,0.0,0.0,3006.238,0.0,0.0
2019-04-05,2,0,reserve,system,2973.534,0.0,0.0,2973.534,0.0,10.249436
2019-04-05,3,0,reserve,system,3010.881,0.0,0.0,3010.881,0.0,0.0
2019-04-05,4,0,reserve,system,3183.378,0.0,0.0,3183.378,0.0,0.0
2019-04-05,5,0,reserve,system,3502.574,0.0,0.0,3502.574,0.0,9.592845
2019-04-05,6,0,reserve,system,3630.308,0.0,0.0,3630.308,0.0,10.434183
2019-04-05,7,0,reserve,system,3646.311,0.0,0.0,3646.311,0.0,0.0
2019-04-05,8,0,reserve,system,3710.669,0.0,0.0,3710.669,0.0,22.268399
2019-04-05,9,0,reserve,system,3786.198,0.0,0.0,3786.198,0.0,7.03559
2019-04-05,10,0,reserve,system,3869.595,0.0,0.0,3869.595,0.0,8.45828
2019-04-05,11,0,reserve,system,3946.482,0.0,0.0,3946.482,0.0,5.110101
2019-04-05,12,0,reserve,system,4050.351,0.0,0.0,4050.351,0.0,9.564205
2019-04-05,13,0,reserve,system,4144.461,0.0,0.0,4144.461,0.0,0.142021
2019-04-05,14,0,reserve,system,4250.894,0.0,5.100422,4250.894,0.0,5.23481
2019-04-05,15,0,reserve,system,4338.603,0.0,3.179159,4338.603,0.0,11.646529
2019-04-05,16,0,reserve,system,4327.458,0.0,0.0,4327.458,0.0,4.094038
2019-04-05,17,0,reserve,system,4222.083,0.0,0.0,4222.083,0.0,6.389126
2019-04-05,18,0,reserve,system,4111.664,0.0,0.0,4111.664,0.0,0.0
2019-04-05,19,0,reserve,system,4115.865,0.0,22.244958,4115.865,0.0,17.975783
2019-04-05,20,0,reserve,system,4003.238,0.0,0.0,4003.238,0.0,6.803159
2019-04-05,21,0,reserve,system,3807.347,0.0,0.0,3807.347,0.0,5.655718
2019-04-05,22,0,reserve,system,3570.081,0.0,0.0,3570.081,0.0,3.490434
2019-04-05,23,0,reserve,system,3349.782,0.0,0.0,3349.782,0.0,4.21154
2019-04-06,0,0,reserve,system,3186.16,0.0,0.0,3186.16,0.0,6.29025
2019-04-06,1,0,reserve,system,3073.557,0.0,0.0,3073.557,0.0,3.69246
2019-04-06,2,0,reserve,system,2998.864,0.0,0.0,2998.864,0.0,1.786754
2019-04-06,3,0,reserve,system,2972.875,0.0,0.0,2972.875,0.0,0.0
2019-04-06,4,0,reserve,system,3016.807,0.0,0.0,3016.807,0.0,0.0
2019-04-06,5,0,reserve,system,3126.104,0.0,0.0,3126.104,0.0,5.339409
2019-04-06,6,0,reserve,system,3247.028,0.0,0.0,3247.028,0.0,4.682616
2019-04-06,7,0,reserve,system,3405.727,0.0,0.0,3405.727,0.0,7.518688
2019-04-06,8,0,reserve,system,3560.535,0.0,0.0,3560.535,0.0,6.18276
2019-04-06,9,0,reserve,system,3696.736,0.0,0.0,3696.736,0.0,15.949743
2019-04-06,10,0,reserve,system,3753.06,0.0,0.0,3753.06,0.0,6.439045
2019-04-06,11,0,reserve,system,3790.916,0.0,0.0,3790.916,0.0,5.197482
2019-04-06,12,0,reserve,system,3821.097,0.0,0.0,3821.097,0.0,9.487511
2019-04-06,13,0,reserve,system,3878.183,0.0,0.0,3878.183,0.0,0.0
2019-04-06,14,0,reserve,system,3938.719,0.0,0.0,3938.719,0.0,0.476074
2019-04-06,15,0,reserve,system,3981.089,0.0,0.0,3981.089,0.0,9.501072
2019-04-06,16,0,reserve,system,3980.667,0.0,0.0,3980.667,0.0,6.519829
2019-04-06,17,0,reserve,system,3926.488,0.0,0.0,3926.488,0.0,9.555238
2019-04-06,18,0,reserve,system,3873.346,0.0,0.0,3873.346,0.0,0.0
2019-04-06,19,0,reserve,system,3908.68,0.0,0.0,3908.68,0.0,18.788104
2019-04-06,20,0,reserve,system,3816.558,0.0,0.0,3816.558,0.0,6.960534
2019-04-06,21,0,reserve,system,3671.75,0.0,0.0,3671.75,0.0,7.055
2019-04-06,22,0,reserve,system,3481.562,0.0,0.0,3481.562,0.0,5.548501
2019-04-06,23,0,reserve,system,3284.946,0.0,0.0,3284.946,0.0,5.33932
2019-04-07,0,0,reserve,system,3141.677,0.0,0.0,3141.677,0.0,8.062299
2019-04-07,1,0,reserve,system,3031.797,0.0,0.0,3031.797,0.0,0.0
2019-04-07,2,0,reserve,system,2973.914,0.0,0.0,2973.914,0.0,0.0
2019-04-07,3,0,reserve,system,2957.332,0.0,0.0,2957.332,0.0,6.561046
2019-04-07,4,0,reserve,system,2973.098,0.0,0.0,2973.098,0.0,0.0
2019-04-07,5,0,reserve,system,3018.975,0.0,0.0,3018.975,0.0,7.290856
2019-04-07,6,0,reserve,system,3069.306,0.0,0.0,3069.306,0.0,9.497379
2019-04-07,7,0,reserve,system,3203.447,0.0,0.0,3203.447,0.0,0.0
2019-04-07,8,0,reserve,system,3349.296,0.0,0.0,3349.296,0.0,10.830762
2019-04-07,9,0,reserve,system,3461.115,0.0,0.0,3461.115,0.0,15.651077
2019-04-07,10,0,reserve,system,3534.436,0.0,0.0,3534.436,0.0,0.0
2019-04-07,11,0,reserve,system,3568.832,0.0,0.0,3568.832,0.0,9.832178
2019-04-07,12,0,reserve,system,3558.705,0.0,0.0,3558.705,0.0,9.691195
2019-04-07,13,0,reserve,system,3555.166,0.0,0.0,3555.166,0.0,0.0
2019-04-07,14,0,reserve,system,3587.813,0.0,0.0,3587.813,0.0,6.655362
2019-04-07,15,0,reserve,system,3629.275,0.0,0.0,3629.275,0.0,0.0
2019-04-07,16,0,reserve,system,3685.215,0.0,19.757395,3685.215,0.0,8.86601
2019-04-07,17,0,reserve,system,3704.334,0.0,0.0,3704.334,0.0,5.326841
2019-04-07,18,0,reserve,system,3726.622,0.0,0.0,3726.622,0.0,7.136843
2019-04-07,19,0,reserve,system,3791.343,0.0,0.0,3791.343,0.0,6.459474
2019-04-07,20,0,reserve,system,3683.12,0.0,25.636119,3683.12,0.0,21.351059
2019-04-07,21,0,reserve,system,3444.398,0.0,0.0,3444.398,0.0,10.039364
2019-04-07,22,0,reserve,system,3164.828,0.0,0.0,3164.828,0.0,0.0
2019-04-07,23,0,reserve,system,2967.598,0.0,0.0,2967.598,0.0,0.0
2019-04-08,0,0,reserve,system,2836.721,0.0,0.0,2836.721,0.0,10.694961
2019-04-08,1,0,reserve,system,2776.989,0.0,0.0,2776.989,0.0,0.0
2019-04-08,2,0,reserve,system,2761.203,0.0,0.0,2761.203,0.0,0.0
2019-04-08,3,0,reserve,system,2823.033,0.0,0.0,2823.033,0.0,7.678258
2019-04-08,4,0,reserve,system,3020.005,0.0,0.0,3020.005,0.0,4.134528
2019-04-08,5,0,reserve,system,3357.467,0.0,0.0,3357.467,0.0,7.886512
2019-04-08,6,0,reserve,system,3499.846,0.0,0.0,3499.846,0.0,11.681572
2019-04-08,7,0,reserve,system,3529.417,0.0,0.0,3529.417,0.0,0.0
2019-04-08,8,0,reserve,system,3610.679,0.0,0.0,3610.679,0.0,13.678964
2019-04-08,9,0,reserve,system,3717.327,0.0,0.0,3717.327,0.0,13.783657
2019-04-08,10,0,reserve,system,3821.745,0.0,0.0,3821.745,0.0,5.956403
2019-04-08,11,0,reserve,system,3937.27,0.0,0.0,3937.27,0.0,0.0
2019-04-08,12,0,reserve,system,4092.8,0.0,0.0,4092.8,0.0,7.08254
2019-04-08,13,0,reserve,system,4239.675,0.0,0.0,4239.675,0.0,4.444511
2019-04-08,14,0,reserve,system,4374.85,0.0,0.0,4374.85,0.0,9.039677
2019-04-08,15,0,reserve,system,4507.247,0.0,0.0,4507.247,0.0,8.988063
2019-04-08,16,0,reserve,system,4567.923,0.0,0.0,4567.923,0.0,10.026618
2019-04-08,17,0,reserve,system,4549.153,0.0,34.719704,4549.153,0.0,9.559045
2019-04-08,18,0,reserve,system,4445.201,0.0,0.0,4445.201,0.0,6.117927
2019-04-08,19,0,reserve,system,4407.058,0.0,0.0,4407.058,0.0,20.208757
2019-04-08,20,0,reserve,system,4176.344,0.0,0.0,4176.344,0.0,9.016232
2019-04-08,21,0,reserve,system,3806.981,0.0,0.0,3806.981,0.0,10.031277
2019-04-08,22,0,reserve,system,3460.556,0.0,0.0,3460.556,0.0,5.774708
2019-04-08,23,0,reserve,system,3188.717,0.0,0.0,3188.717,0.0,8.909453
2019-04-09,0,0,reserve,system,3023.779,0.0,0.0,3023.779,0.0,9.654403
2019-04-09,1,0,reserve,system,2925.453,0.0,0.0,2925.453,0.0,0.0
2019-04-09,2,0,reserve,system,2883.766,0.0,0.0,2883.766,0.0,0.0
2019-04-09,3,0,reserve,system,2907.191,0.0,0.0,2907.191,0.0,3.456457
2019-04-09,4,0,reserve,system,3081.728,0.0,0.0,3081.728,0.0,3.56229
2019-04-09,5,0,reserve,system,3397.571,0.0,0.0,3397.571,0.0,7.980349
2019-04-09,6,0,reserve,system,3508.419,0.0,0.0,3508.419,0.0,5.292696
2019-04-09,7,0,reserve,system,3554.886,0.0,0.0,3554.886,0.0,6.488985
2019-04-09,8,0,reserve,system,3686.111,0.0,0.0,3686.111,0.0,6.568945
2019-04-09,9,0,reserve,system,3847.743,0.0,22.909088,3847.743,0.0,10.107004
2019-04-09,10,0,reserve,system,4037.022,0.0,0.0,4037.022,0.0,4.713878
2019-04-09,11,0,reserve,system,4233.668,0.0,0.0,4233.668,0.0,2.963993
2019-04-09,12,0,reserve,system,4469.656,0.0,18.650911,4469.656,0.0,7.139453
2019-04-09,13,0,reserve,system,4682.414,0.0,22.932066,4682.414,0.0,6.832084
2019-04-09,14,0,reserve,system,4870.451,0.0,0.0,4870.451,0.0,7.40394
2019-04-09,15,0,reserve,system,5023.426,0.0,9.939814,5023.426,0.0,8.465775
2019-04-09,16,0,reserve,system,5074.029,0.0,11.627519,5074.029,0.0,16.934678
2019-04-09,17,0,reserve,system,4988.194,0.0,0.0,4988.194,0.0,10.562573
2019-04-09,18,0,reserve,system,4787.443,0.0,0.0,4787.443,0.0,0.0
2019-04-09,19,0,reserve,system,4703.74,0.0,24.946608,4703.74,0.0,27.146705
2019-04-09,20,0,reserve,system,4466.232,0.0,0.0,4466.232,0.0,8.462538
2019-04-09,21,0,reserve,system,4095.774,0.0,0.0,4095.774,0.0,7.898597
2019-04-09,22,0,reserve,system,3699.834,0.0,0.0,3699.834,0.0,3.4358
2019-04-09,23,0,reserve,system,3408.035,0.0,0.0,3408.035,0.0,6.041649
2019-04-10,0,0,reserve,system,3223.435,0.0,0.0,3223.435,0.0,1.877583
2019-04-10,1,0,reserve,system,3106.95,0.0,0.0,3106.95,0.0,1.825116
2019-04-10,2,0,reserve,system,3048.043,0.0,0.0,3048.043,0.0,0.0
2019-04-10,3,0,reserve,system,3064.884,0.0,0.0,3064.884,0.0,0.0
2019-04-10,4,0,reserve,system,3234.895,0.0,0.0,3234.895,0.0,2.336914
2019-04-10,5,0,reserve,system,3548.133,0.0,0.965319,3548.133,0.0,5.066621
2019-04-10,6,0,reserve,system,3645.186,0.0,0.0,3645.186,0.0,3.25542
2019-04-10,7,0,reserve,system,3702.55,0.0,13.497439,3702.55,0.0,4.23896
2019-04-10,8,0,reserve,system,3846.861,0.0,0.0,3846.861,0.0,7.500389
2019-04-10,9,0,reserve,system,4029.746,0.0,34.90447,4029.746,0.0,6.20192
2019-04-10,10,0,reserve,system,4237.849,0.0,0.0,4237.849,0.0,6.342376
2019-04-10,11,0,reserve,system,4450.557,0.0,13.678446,4450.557,0.0,6.869682
2019-04-10,12,0,reserve,system,4676.639,0.0,7.883907,4676.639,0.0,6.869199
2019-04-10,13,0,reserve,system,4860.416,0.0,8.151225,4860.416,0.0,6.970204
2019-04-10,14,0,reserve,system,5025.733,0.0,0.0,5025.733,0.0,7.010121
2019-04-10,15,0,reserve,system,5160.996,0.0,0.0,5160.996,0.0,8.559284
2019-04-10,16,0,reserve,system,5163.552,0.0,0.0,5163.552,0.0,22.726864
2019-04-10,17,0,reserve,system,5046.861,0.0,0.0,5046.861,0.0,12.392325
2019-04-10,18,0,reserve,system,4826.248,0.0,0.0,4826.248,0.0,-0.0
2019-04-10,19,0,reserve,system,4769.621,0.0,0.0,4769.621,0.0,14.377954
2019-04-10,20,0,reserve,system,4562.63,0.0,0.0,4562.63,0.0,6.729725
2019-04-10,21,0,reserve,system,4188.043,0.0,0.0,4188.043,0.0,7.926421
2019-04-10,22,0,reserve,system,3791.121,0.0,0.0,3791.121,0.0,3.057658
2019-04-10,23,0,reserve,system,3486.442,0.0,0.064654,3486.442,0.0,5.007356
2019-04-11,0,0,reserve,system,3288.003,0.0,0.0,3288.003,0.0,4.673829
2019-04-11,1,0,reserve,system,3162.301,0.0,0.0,3162.301,0.0,0.0
2019-04-11,2,0,reserve,system,3096.546,0.0,0.0,3096.546,0.0,0.0
2019-04-11,3,0,reserve,system,3110.393,0.0,0.0,3110.393,0.0,1.879268
2019-04-11,4,0,reserve,system,3269.273,0.0,15.036807,3269.273,0.0,3.18756
2019-04-11,5,0,reserve,system,3573.671,0.0,14.094346,3573.671,0.0,5.495493
2019-04-11,6,0,reserve,system,3658.506,0.0,7.281726,3658.506,0.0,5.790461
2019-04-11,7,0,reserve,system,3694.703,0.0,0.0,3694.703,0.0,10.421973
2019-04-11,8,0,reserve,system,3803.813,0.0,0.0,3803.813,0.0,0.0
2019-04-11,9,0,reserve,system,3909.973,0.0,6.669111,3909.973,0.0,11.139865
2019-04-11,10,0,reserve,system,3972.015,0.0,0.0,3972.015,0.0,0.0
2019-04-11,11,0,reserve,system,4012.678,0.0,0.0,4012.678,0.0,13.12287
2019-04-11,12,0,reserve,system,4049.151,0.0,13.225389,4049.151,0.0,12.510658
2019-04-11,13,0,reserve,system,4067.247,0.0,0.0,4067.247,0.0,0.0
2019-04-11,14,0,reserve,system,4119.17,0.0,0.0,4119.17,0.0,0.0
2019-04-11,15,0,reserve,system,4188.501,0.0,0.0,4188.501,0.0,9.68934
2019-04-11,16,0,reserve,system,4195.05,0.0,0.0,4195.05,0.0,4.616512
2019-04-11,17,0,reserve,system,4125.278,0.0,50.0,4125.278,0.0,11.145085
2019-04-11,18,0,reserve,system,4051.829,0.0,0.0,4051.829,0.0,0.0
2019-04-11,19,0,reserve,system,4098.185,0.0,24.458722,4098.185,0.0,9.98766
2019-04-11,20,0,reserve,system,3970.955,0.0,0.0,3970.955,0.0,19.269263
2019-04-11,21,0,reserve,system,3676.193,0.0,0.0,3676.193,0.0,9.62226
2019-04-11,22,0,reserve,system,3361.387,0.0,0.0,3361.387,0.0,0.0
2019-04-11,23,0,reserve,system,3135.12,0.0,0.0,3135.12,0.0,0.0
2019-04-12,0,0,reserve,system,2994.104,0.0,0.0,2994.104,0.0,12.33054
2019-04-12,1,0,reserve,system,2912.478,0.0,0.0,2912.478,0.0,0.0
2019-04-12,2,0,reserve,system,2887.846,0.0,0.0,2887.846,0.0,0.0
2019-04-12,3,0,reserve,system,2935.816,0.0,0.0,2935.816,0.0,6.176878
2019-04-12,4,0,reserve,system,3124.247,0.0,0.0,3124.247,0.0,0.669961
2019-04-12,5,0,reserve,system,3477.64,0.0,0.0,3477.64,0.0,9.516297
2019-04-12,6,0,reserve,system,3614.506,0.0,0.0,3614.506,0.0,14.150027
2019-04-12,7,0,reserve,system,3616.286,0.0,0.0,3616.286,0.0,6.146665
2019-04-12,8,0,reserve,system,3649.608,0.0,0.0,3649.608,0.0,7.528828
2019-04-12,9,0,reserve,system,3678.484,0.0,0.0,3678.484,0.0,5.926686
2019-04-12,10,0,reserve,system,3699.501,0.0,0.436097,3699.501,0.0,8.989239
2019-04-12,11,0,reserve,system,3713.408,0.0,0.0,3713.408,0.0,0.0
2019-04-12,12,0,reserve,system,3774.125,0.0,3.266154,3774.125,0.0,7.565048
2019-04-12,13,0,reserve,system,3824.308,0.0,0.0,3824.308,0.0,0.0
2019-04-12,14,0,reserve,system,3890.4,0.0,2.797245,3890.4,0.0,0.0
2019-04-12,15,0,reserve,system,3942.471,0.0,6.263929,3942.471,0.0,9.25635
2019-04-12,16,0,reserve,system,3933.911,0.0,6.341939,3933.911,0.0,0.0
2019-04-12,17,0,reserve,system,3889.562,0.0,0.0,3889.562,0.0,11.848976
2019-04-12,18,0,reserve,system,3857.448,0.0,0.0,3857.448,0.0,0.0
2019-04-12,19,0,reserve,system,3920.097,0.0,30.140998,3920.097,0.0,18.352984
2019-04-12,20,0,reserve,system,3852.491,0.0,0.0,3852.491,0.0,6.317916
2019-04-12,21,0,reserve,system,3689.899,0.0,0.0,3689.899,0.0,4.803323
2019-04-12,22,0,reserve,system,3472.294,0.0,0.0,3472.294,0.0,4.151308
2019-04-12,23,0,reserve,system,3285.834,0.0,0.0,3285.834,0.0,3.64343
2019-04-13,0,0,reserve,system,3129.503,0.0,0.0,3129.503,0.0,3.30268
2019-04-13,1,0,reserve,system,3035.717,0.0,0.0,3035.717,0.0,0.0
2019-04-13,2,0,reserve,system,2983.978,0.0,0.0,2983.978,0.0,1.046673
2019-04-13,3,0,reserve,system,2970.469,0.0,0.0,2970.469,0.0,0.0
2019-04-13,4,0,reserve,system,3018.982,0.0,0.0,3018.982,0.0,1.891695
2019-04-13,5,0,reserve,system,3127.567,0.0,1.815119,3127.567,0.0,3.056273
2019-04-13,6,0,reserve,system,3263.12,0.0,0.0,3263.12,0.0,3.318388
2019-04-13,7,0,reserve,system,3445.478,0.0,0.0,3445.478,0.0,3.69493
2019-04-13,8,0,reserve,system,3645.026,0.0,0.0,3645.026,0.0,6.735035
2019-04-13,9,0,reserve,system,3801.151,0.0,0.0,3801.151,0.0,7.095609
2019-04-13,10,0,reserve,system,3901.217,0.0,0.0,3901.217,0.0,13.497298
2019-04-13,11,0,reserve,system,3948.825,0.0,0.0,3948.825,0.0,9.908901
2019-04-13,12,0,reserve,system,3983.36,0.0,0.0,3983.36,0.0,0.0
2019-04-13,13,0,reserve,system,3989.398,0.0,6.122222,3989.398,0.0,13.3253
2019-04-13,14,0,reserve,system,3892.32,0.0,0.0,3892.32,0.0,0.0
2019-04-13,15,0,reserve,system,3846.206,0.0,0.0,3846.206,0.0,0.0
2019-04-13,16,0,reserve,system,3864.655,0.0,6.107112,3864.655,0.0,12.419472
2019-04-13,17,0,reserve,system,3824.313,0.0,0.0,3824.313,0.0,3.352746
2019-04-13,18,0,reserve,system,3752.411,0.0,0.0,3752.411,0.0,0.0
2019-04-13,19,0,reserve,system,3764.119,0.0,35.928903,3764.119,0.0,18.427028
2019-04-13,20,0,reserve,system,3670.542,0.0,0.0,3670.542,0.0,5.054314
2019-04-13,21,0,reserve,system,3519.387,0.0,0.0,3519.387,0.0,3.884825
2019-04-13,22,0,reserve,system,3351.95,0.0,0.0,3351.95,0.0,5.046555
2019-04-13,23,0,reserve,system,3207.075,0.0,0.0,3207.075,0.0,0.0
2019-04-14,0,0,reserve,system,3112.176,0.0,0.0,3112.176,0.0,0.0
2019-04-14,1,0,reserve,system,3048.97,0.0,0.0,3048.97,0.0,1.571067
2019-04-14,2,0,reserve,system,3020.098,0.0,0.0,3020.098,0.0,1.219515
2019-04-14,3,0,reserve,system,3021.694,0.0,0.321829,3021.694,0.0,2.686263
2019-04-14,4,0,reserve,system,3075.353,0.0,0.0,3075.353,0.0,3.524248
2019-04-14,5,0,reserve,system,3182.903,0.0,0.23073,3182.903,0.0,5.236711
2019-04-14,6,0,reserve,system,3290.071,0.0,0.0,3290.071,0.0,4.970185
2019-04-14,7,0,reserve,system,3424.625,0.0,0.0,3424.625,0.0,7.263771
2019-04-14,8,0,reserve,system,3492.429,0.0,0.0,3492.429,0.0,15.392263
2019-04-14,9,0,reserve,system,3481.17,0.0,0.0,3481.17,0.0,7.820127
2019-04-14,10,0,reserve,system,3436.115,0.0,0.0,3436.115,0.0,3.579246
2019-04-14,11,0,reserve,system,3398.602,0.0,0.0,3398.602,0.0,6.34804
2019-04-14,12,0,reserve,system,3363.528,0.0,0.0,3363.528,0.0,0.0
2019-04-14,13,0,reserve,system,3359.008,0.0,0.0,3359.008,0.0,0.0
2019-04-14,14,0,reserve,system,3384.694,0.0,0.0,3384.694,0.0,5.469784
2019-04-14,15,0,reserve,system,3448.128,0.0,0.0,3448.128,0.0,3.332557
2019-04-14,16,0,reserve,system,3527.09,0.0,0.0,3527.09,0.0,4.073031
2019-04-14,17,0,reserve,system,3574.768,0.0,2.352227,3574.768,0.0,11.43861
2019-04-14,18,0,reserve,system,3578.803,0.0,0.0,3578.803,0.0,0.0
2019-04-14,19,0,reserve,system,3678.952,0.0,0.0,3678.952,0.0,18.13117
2019-04-14,20,0,reserve,system,3638.865,0.0,0.0,3638.865,0.0,6.875802
2019-04-14,21,0,reserve,system,3436.265,0.0,0.0,3436.265,0.0,5.556538
2019-04-14,22,0,reserve,system,3181.537,0.0,0.0,3181.537,0.0,5.398027
2019-04-14,23,0,reserve,system,2988.699,0.0,0.0,2988.699,0.0,0.0
2019-04-15,0,0,reserve,system,2889.81,0.0,0.0,2889.81,0.0,2.178088
2019-04-15,1,0,reserve,system,2848.882,0.0,0.0,2848.882,0.0,0.051172
2019-04-15,2,0,reserve,system,2848.265,0.0,0.0,2848.265,0.0,0.0
2019-04-15,3,0,reserve,system,2928.704,0.0,3.103828,2928.704,0.0,2.336914
2019-04-15,4,0,reserve,system,3157.51,0.0,0.0,3157.51,0.0,3.135104
2019-04-15,5,0,reserve,system,3523.67,0.0,2.635029,3523.67,0.0,3.944913
2019-04-15,6,0,reserve,system,3649.617,0.0,0.0,3649.617,0.0,6.298808
2019-04-15,7,0,reserve,system,3647.993,0.0,0.0,3647.993,0.0,7.414016
2019-04-15,8,0,reserve,system,3664.387,0.0,0.0,3664.387,0.0,0.884292
2019-04-15,9,0,reserve,system,3697.956,0.0,0.0,3697.956,0.0,6.353379
2019-04-15,10,0,reserve,system,3740.217,0.0,0.0,3740.217,0.0,5.744112
2019-04-15,11,0,reserve,system,3783.043,0.0,0.0,3783.043,0.0,0.0
2019-04-15,12,0,reserve,system,3863.484,0.0,16.152528,3863.484,0.0,0.690647
2019-04-15,13,0,reserve,system,3950.016,0.0,0.0,3950.016,0.0,5.091416
2019-04-15,14,0,reserve,system,4043.99,0.0,0.715507,4043.99,0.0,4.144492
2019-04-15,15,0,reserve,system,4138.29,0.0,17.74978,4138.29,0.0,6.706046
2019-04-15,16,0,reserve,system,4191.783,0.0,13.724415,4191.783,0.0,8.442641
2019-04-15,17,0,reserve,system,4170.337,0.0,0.0,4170.337,0.0,8.568131
2019-04-15,18,0,reserve,system,4089.825,0.0,0.0,4089.825,0.0,0.0
2019-04-15,19,0,reserve,system,4140.966,0.0,16.461227,4140.966,0.0,18.134324
2019-04-15,20,0,reserve,system,4008.394,0.0,0.0,4008.394,0.0,6.925617
2019-04-15,21,0,reserve,system,3702.362,0.0,0.0,3702.362,0.0,5.331967
2019-04-15,22,0,reserve,system,3386.269,0.0,0.0,3386.269,0.0,1.476769
2019-04-15,23,0,reserve,system,3153.07,0.0,0.0,3153.07,0.0,3.127188
2019-04-16,0,0,reserve,system,3015.327,0.0,0.0,3015.327,0.0,3.336665
2019-04-16,1,0,reserve,system,2936.567,0.0,0.0,2936.567,0.0,0.0
2019-04-16,2,0,reserve,system,2912.361,0.0,0.0,2912.361,0.0,0.016633
2019-04-16,3,0,reserve,system,2956.058,0.0,0.0,2956.058,0.0,2.365269
2019-04-16,4,0,reserve,system,3147.947,0.0,0.0,3147.947,0.0,1.071251
2019-04-16,5,0,reserve,system,3476.918,0.0,2.077498,3476.918,0.0,5.265098
2019-04-16,6,0,reserve,system,3594.331,0.0,2.798252,3594.331,0.0,3.179818
2019-04-16,7,0,reserve,system,3640.236,0.0,6.140675,3640.236,0.0,4.780566
2019-04-16,8,0,reserve,system,3720.722,0.0,0.0,3720.722,0.0,4.588758
2019-04-16,9,0,reserve,system,3826.227,0.0,0.0,3826.227,0.0,4.741764
2019-04-16,10,0,reserve,system,3915.684,0.0,0.0,3915.684,0.0,3.927399
2019-04-16,11,0,reserve,system,3999.041,0.0,0.0,3999.041,0.0,4.432086
2019-04-16,12,0,reserve,system,4116.041,0.0,4.435418,4116.041,0.0,5.815277
2019-04-16,13,0,reserve,system,4193.779,0.0,3.503091,4193.779,0.0,4.828126
2019-04-16,14,0,reserve,system,4249.016,0.0,6.26329,4249.016,0.0,6.84978
2019-04-16,15,0,reserve,system,4295.919,0.0,0.0,4295.919,0.0,6.649119
2019-04-16,16,0,reserve,system,4276.906,0.0,4.454218,4276.906,0.0,10.032464
2019-04-16,17,0,reserve,system,4215.081,0.0,0.0,4215.081,0.0,7.045539
2019-04-16,18,0,reserve,system,4191.021,0.0,0.0,4191.021,0.0,0.084461
2019-04-16,19,0,reserve,system,4271.136,0.0,2.580848,4271.136,0.0,17.683817
2019-04-16,20,0,reserve,system,4164.219,0.0,0.0,4164.219,0.0,7.942204
2019-04-16,21,0,reserve,system,3889.213,0.0,0.0,3889.213,0.0,4.583033
2019-04-16,22,0,reserve,system,3585.988,0.0,0.0,3585.988,0.0,3.784413
2019-04-16,23,0,reserve,system,3361.997,0.0,0.0,3361.997,0.0,3.517383
2019-04-17,0,0,reserve,system,3210.511,0.0,0.0,3210.511,0.0,2.791737
2019-04-17,1,0,reserve,system,3128.406,0.0,0.0,3128.406,0.0,0.142984
2019-04-17,2,0,reserve,system,3090.109,0.0,0.0,3090.109,0.0,0.0
2019-04-17,3,0,reserve,system,3138.809,0.0,7.647674,3138.809,0.0,2.187716
2019-04-17,4,0,reserve,system,3322.936,0.0,0.0,3322.936,0.0,2.08403
2019-04-17,5,0,reserve,system,3653.474,0.0,13.252787,3653.474,0.0,4.749583
2019-04-17,6,0,reserve,system,3788.458,0.0,0.0,3788.458,0.0,4.63476
2019-04-17,7,0,reserve,system,3833.092,0.0,0.447922,3833.092,0.0,4.651767
2019-04-17,8,0,reserve,system,3924.707,0.0,6.747887,3924.707,0.0,6.238645
2019-04-17,9,0,reserve,system,4024.884,0.0,12.186178,4024.884,0.0,7.877786
2019-04-17,10,0,reserve,system,4091.348,0.0,0.0,4091.348,0.0,4.367454
2019-04-17,11,0,reserve,system,4141.56,0.0,0.0,4141.56,0.0,5.112642
2019-04-17,12,0,reserve,system,4224.079,0.0,0.0,4224.079,0.0,8.611082
2019-04-17,13,0,reserve,system,4307.835,0.0,0.0,4307.835,0.0,4.585438
2019-04-17,14,0,reserve,system,4389.197,0.0,2.274515,4389.197,0.0,6.970767
2019-04-17,15,0,reserve,system,4474.943,0.0,4.826026,4474.943,0.0,6.797832
2019-04-17,16,0,reserve,system,4529.666,0.0,0.0,4529.666,0.0,12.495644
2019-04-17,17,0,reserve,system,4490.389,0.0,0.0,4490.389,0.0,5.826742
2019-04-17,18,0,reserve,system,4449.627,0.0,1.038531,4449.627,0.0,0.0
2019-04-17,19,0,reserve,system,4472.732,0.0,0.0,4472.732,0.0,20.341559
2019-04-17,20,0,reserve,system,4347.252,0.0,0.0,4347.252,0.0,6.567343
2019-04-17,21,0,reserve,system,4074.667,0.0,0.0,4074.667,0.0,7.438786
2019-04-17,22,0,reserve,system,3744.252,0.0,0.0,3744.252,0.0,4.147983
2019-04-17,23,0,reserve,system,3427.303,0.0,0.0,3427.303,0.0,5.873136
2019-04-18,0,0,reserve,system,3209.317,0.0,0.0,3209.317,0.0,6.578774
2019-04-18,1,0,reserve,system,3103.073,0.0,0.0,3103.073,0.0,0.0
2019-04-18,2,0,reserve,system,3046.315,0.0,0.0,3046.315,0.0,0.0
2019-04-18,3,0,reserve,system,3032.913,0.0,0.0,3032.913,0.0,6.415376
2019-04-18,4,0,reserve,system,3147.955,0.0,0.0,3147.955,0.0,2.063286
2019-04-18,5,0,reserve,system,3449.637,0.0,16.16213,3449.637,0.0,15.748853
2019-04-18,6,0,reserve,system,3578.381,0.0,0.0,3578.381,0.0,7.824878
2019-04-18,7,0,reserve,system,3619.887,0.0,0.0,3619.887,0.0,0.0
2019-04-18,8,0,reserve,system,3696.136,0.0,0.0,3696.136,0.0,0.0
2019-04-18,9,0,reserve,system,3762.311,0.0,0.0,3762.311,0.0,6.64405
2019-04-18,10,0,reserve,system,3826.367,0.0,20.268313,3826.367,0.0,15.820966
2019-04-18,11,0,reserve,system,3865.046,0.0,0.0,3865.046,0.0,5.832004
2019-04-18,12,0,reserve,system,3907.783,0.0,0.0,3907.783,0.0,0.0
2019-04-18,13,0,reserve,system,3933.777,0.0,0.0,3933.777,0.0,0.0
2019-04-18,14,0,reserve,system,3972.008,0.0,8.220981,3972.008,0.0,5.935259
2019-04-18,15,0,reserve,system,4008.854,0.0,0.0,4008.854,0.0,4.844231
2019-04-18,16,0,reserve,system,3997.128,0.0,0.0,3997.128,0.0,14.472442
2019-04-18,17,0,reserve,system,3915.267,0.0,3.843456,3915.267,0.0,4.082472
2019-04-18,18,0,reserve,system,3808.974,0.0,0.0,3808.974,0.0,0.0
2019-04-18,19,0,reserve,system,3843.838,0.0,2.23911,3843.838,0.0,15.574861
2019-04-18,20,0,reserve,system,3744.792,0.0,0.0,3744.792,0.0,9.482937
2019-04-18,21,0,reserve,system,3521.999,0.0,0.0,3521.999,0.0,0.0
2019-04-18,22,0,reserve,system,3254.965,0.0,0.091479,3254.965,0.0,4.528041
2019-04-18,23,0,reserve,system,3041.407,0.0,0.0,3041.407,0.0,0.0
2019-04-19,0,0,reserve,system,2911.162,0.0,0.0,2911.162,0.0,6.604252
2019-04-19,1,0,reserve,system,2836.535,0.0,0.0,2836.535,0.0,0.0
2019-04-19,2,0,reserve,system,2805.026,0.0,0.0,2805.026,0.0,0.0
2019-04-19,3,0,reserve,system,2841.523,0.0,0.0,2841.523,0.0,4.707087
2019-04-19,4,0,reserve,system,2954.695,0.0,0.0,2954.695,0.0,1.114726
2019-04-19,5,0,reserve,system,3136.657,0.0,0.0,3136.657,0.0,6.304734
2019-04-19,6,0,reserve,system,3244.019,0.0,0.0,3244.019,0.0,4.635721
2019-04-19,7,0,reserve,system,3380.267,0.0,0.0,3380.267,0.0,16.47272
2019-04-19,8,0,reserve,system,3481.729,0.0,0.0,3481.729,0.0,5.082189
2019-04-19,9,0,reserve,system,3541.432,0.0,0.0,3541.432,0.0,7.01524
2019-04-19,10,0,reserve,system,3567.031,0.0,0.0,3567.031,0.0,0.0
2019-04-19,11,0,reserve,system,3578.291,0.0,0.0,3578.291,0.0,5.680522
2019-04-19,12,0,reserve,system,3589.555,0.0,0.0,3589.555,0.0,5.602738
2019-04-19,13,0,reserve,system,3612.928,0.0,0.0,3612.928,0.0,0.0
2019-04-19,14,0,reserve,system,3644.671,0.0,0.0,3644.671,0.0,0.0
2019-04-19,15,0,reserve,system,3697.712,0.0,0.0,3697.712,0.0,6.642752
2019-04-19,16,0,reserve,system,3718.636,0.0,0.0,3718.636,0.0,4.885862
2019-04-19,17,0,reserve,system,3674.812,0.0,28.379504,3674.812,0.0,7.914421
2019-04-19,18,0,reserve,system,3592.671,0.0,0.0,3592.671,0.0,5.776796
2019-04-19,19,0,reserve,system,3618.459,0.0,29.721244,3618.459,0.0,7.751895
2019-04-19,20,0,reserve,system,3538.251,0.0,0.0,3538.251,0.0,20.396717
2019-04-19,21,0,reserve,system,3369.951,0.0,0.0,3369.951,0.0,7.671058
2019-04-19,22,0,reserve,system,3167.808,0.0,0.0,3167.808,0.0,6.514669
2019-04-19,23,0,reserve,system,2988.181,0.0,0.0,2988.181,0.0,4.976515
2019-04-20,0,0,reserve,system,2867.94,0.0,0.0,2867.94,0.0,10.186577
2019-04-20,1,0,reserve,system,2803.872,0.0,0.0,2803.872,0.0,0.0
2019-04-20,2,0,reserve,system,2779.278,0.0,0.0,2779.278,0.0,0.0
2019-04-20,3,0,reserve,system,2790.37,0.0,0.0,2790.37,0.0,3.711558
2019-04-20,4,0,reserve,system,2854.783,0.0,0.0,2854.783,0.0,2.987714
2019-04-20,5,0,reserve,system,2967.808,0.0,0.0,2967.808,0.0,4.216479
2019-04-20,6,0,reserve,system,3083.638,0.0,0.0,3083.638,0.0,4.589087
2019-04-20,7,0,reserve,system,3240.391,0.0,0.0,3240.391,0.0,15.016551
2019-04-20,8,0,reserve,system,3353.888,0.0,0.0,3353.888,0.0,6.319317
2019-04-20,9,0,reserve,system,3426.51,0.0,0.0,3426.51,0.0,7.126572
2019-04-20,10,0,reserve,system,3464.451,0.0,0.0,3464.451,0.0,5.258162
2019-04-20,11,0,reserve,system,3511.072,0.0,0.0,3511.072,0.0,5.076154
2019-04-20,12,0,reserve,system,3583.189,0.0,0.0,3583.189,0.0,0.0
2019-04-20,13,0,reserve,system,3688.535,0.0,0.0,3688.535,0.0,0.0
2019-04-20,14,0,reserve,system,3800.534,0.0,0.63877,3800.534,0.0,5.468358
2019-04-20,15,0,reserve,system,3917.233,0.0,0.0,3917.233,0.0,5.164867
2019-04-20,16,0,reserve,system,3996.834,0.0,0.0,3996.834,0.0,10.074384
2019-04-20,17,0,reserve,system,3987.038,0.0,0.0,3987.038,0.0,8.011877
2019-04-20,18,0,reserve,system,3877.112,0.0,0.0,3877.112,0.0,0.0
2019-04-20,19,0,reserve,system,3857.294,0.0,23.646505,3857.294,0.0,17.379322
2019-04-20,20,0,reserve,system,3776.127,0.0,0.0,3776.127,0.0,5.377494
2019-04-20,21,0,reserve,system,3593.984,0.0,0.0,3593.984,0.0,4.374881
2019-04-20,22,0,reserve,system,3356.518,0.0,0.0,3356.518,0.0,1.909861
2019-04-20,23,0,reserve,system,3132.846,0.0,0.0,3132.846,0.0,2.94666
2019-04-21,0,0,reserve,system,2966.083,0.0,0.0,2966.083,0.0,2.479239
2019-04-21,1,0,reserve,system,2861.111,0.0,0.0,2861.111,0.0,2.555354
2019-04-21,2,0,reserve,system,2796.107,0.0,0.0,2796.107,0.0,0.0
2019-04-21,3,0,reserve,system,2771.531,0.0,0.0,2771.531,0.0,0.0
2019-04-21,4,0,reserve,system,2791.762,0.0,0.0,2791.762,0.0,2.103061
2019-04-21,5,0,reserve,system,2862.91,0.0,0.0,2862.91,0.0,0.862136
2019-04-21,6,0,reserve,system,2940.054,0.0,0.0,2940.054,0.0,1.153375
2019-04-21,7,0,reserve,system,3132.376,0.0,22.229036,3132.376,0.0,3.433898
2019-04-21,8,0,reserve,system,3313.95,0.0,2.413113,3313.95,0.0,3.544329
2019-04-21,9,0,reserve,system,3446.903,0.0,0.0,3446.903,0.0,6.504438
2019-04-21,10,0,reserve,system,3570.934,0.0,0.0,3570.934,0.0,0.0
2019-04-21,11,0,reserve,system,3691.794,0.0,0.0,3691.794,0.0,5.459362
2019-04-21,12,0,reserve,system,3809.3,0.0,16.418711,3809.3,0.0,4.217983
2019-04-21,13,0,reserve,system,3924.004,0.0,0.715507,3924.004,0.0,4.301793
2019-04-21,14,0,reserve,system,4027.032,0.0,0.0,4027.032,0.0,4.496629
2019-04-21,15,0,reserve,system,4116.153,0.0,0.0,4116.153,0.0,5.463478
2019-04-21,16,0,reserve,system,4161.469,0.0,14.774283,4161.469,0.0,9.642219
2019-04-21,17,0,reserve,system,4121.899,0.0,0.0,4121.899,0.0,8.278722
2019-04-21,18,0,reserve,system,4034.153,0.0,0.0,4034.153,0.0,0.0
2019-04-21,19,0,reserve,system,4044.578,0.0,17.807476,4044.578,0.0,17.946974
2019-04-21,20,0,reserve,system,3974.375,0.0,0.0,3974.375,0.0,7.198042
2019-04-21,21,0,reserve,system,3747.656,0.0,0.0,3747.656,0.0,5.040634
2019-04-21,22,0,reserve,system,3452.632,0.0,0.0,3452.632,0.0,3.342857
2019-04-21,23,0,reserve,system,3213.148,0.0,0.0,3213.148,0.0,2.336914
2019-04-22,0,0,reserve,system,3066.512,0.0,0.0,3066.512,0.0,3.022673
2019-04-22,1,0,reserve,system,2976.603,0.0,0.0,2976.603,0.0,0.0
2019-04-22,2,0,reserve,system,2942.891,0.0,0.0,2942.891,0.0,0.0
2019-04-22,3,0,reserve,system,2968.96,0.0,0.0,2968.96,0.0,2.152787
2019-04-22,4,0,reserve,system,3131.736,0.0,0.0,3131.736,0.0,1.132226
2019-04-22,5,0,reserve,system,3398.867,0.0,3.043788,3398.867,0.0,4.733241
2019-04-22,6,0,reserve,system,3518.05,0.0,0.0,3518.05,0.0,4.148551
2019-04-22,7,0,reserve,system,3623.651,0.0,21.944666,3623.651,0.0,12.672717
2019-04-22,8,0,reserve,system,3772.86,0.0,0.0,3772.86,0.0,0.0
2019-04-22,9,0,reserve,system,3921.721,0.0,0.0,3921.721,0.0,8.938187
2019-04-22,10,0,reserve,system,4073.921,0.0,36.900454,4073.921,0.0,3.575208
2019-04-22,11,0,reserve,system,4203.464,0.0,0.0,4203.464,0.0,7.272476
2019-04-22,12,0,reserve,system,4322.243,0.0,11.646529,4322.243,0.0,6.505389
2019-04-22,13,0,reserve,system,4415.812,0.0,0.0,4415.812,0.0,7.082516
2019-04-22,14,0,reserve,system,4484.447,0.0,0.0,4484.447,0.0,7.01021
2019-04-22,15,0,reserve,system,4510.042,0.0,0.0,4510.042,0.0,7.11818
2019-04-22,16,0,reserve,system,4490.0,0.0,0.0,4490.0,0.0,15.36816
2019-04-22,17,0,reserve,system,4388.488,0.0,0.0,4388.488,0.0,3.106876
2019-04-22,18,0,reserve,system,4310.049,0.0,0.0,4310.049,0.0,0.0
2019-04-22,19,0,reserve,system,4353.546,0.0,2.770469,4353.546,0.0,16.663579
2019-04-22,20,0,reserve,system,4211.908,0.0,0.0,4211.908,0.0,7.228505
2019-04-22,21,0,reserve,system,3908.75,0.0,0.0,3908.75,0.0,5.523196
2019-04-22,22,0,reserve,system,3583.06,0.0,0.0,3583.06,0.0,2.794026
2019-04-22,23,0,reserve,system,3336.431,0.0,0.0,3336.431,0.0,4.44675
2019-04-23,0,0,reserve,system,3184.594,0.0,0.0,3184.594,0.0,2.309332
2019-04-23,1,0,reserve,system,3089.497,0.0,0.0,3089.497,0.0,0.0
2019-04-23,2,0,reserve,system,3043.452,0.0,0.0,3043.452,0.0,1.664759
2019-04-23,3,0,reserve,system,3072.279,0.0,0.0,3072.279,0.0,2.65937
2019-04-23,4,0,reserve,system,3246.273,0.0,0.0,3246.273,0.0,4.622522
2019-04-23,5,0,reserve,system,3546.245,0.0,0.0,3546.245,0.0,7.548051
2019-04-23,6,0,reserve,system,3676.109,0.0,0.915656,3676.109,0.0,6.269196
2019-04-23,7,0,reserve,system,3718.125,0.0,0.0,3718.125,0.0,14.17387
2019-04-23,8,0,reserve,system,3814.012,0.0,0.0,3814.012,0.0,5.769991
2019-04-23,9,0,reserve,system,3923.819,0.0,0.0,3923.819,0.0,9.229345
2019-04-23,10,0,reserve,system,4014.028,0.0,0.0,4014.028,0.0,1.77075
2019-04-23,11,0,reserve,system,4075.355,0.0,3.678458,4075.355,0.0,4.913368
2019-04-23,12,0,reserve,system,4136.793,0.0,39.349864,4136.793,0.0,4.436374
2019-04-23,13,0,reserve,system,4179.066,0.0,0.0,4179.066,0.0,8.709628
2019-04-23,14,0,reserve,system,4196.359,0.0,0.0,4196.359,0.0,0.0
2019-04-23,15,0,reserve,system,4218.895,0.0,39.521732,4218.895,0.0,12.17089
2019-04-23,16,0,reserve,system,4197.2,0.0,0.0,4197.2,0.0,4.257597
2019-04-23,17,0,reserve,system,4151.655,0.0,35.614171,4151.655,0.0,5.612064
2019-04-23,18,0,reserve,system,4136.901,0.0,0.0,4136.901,0.0,5.013988
2019-04-23,19,0,reserve,system,4179.997,0.0,0.0,4179.997,0.0,17.591873
2019-04-23,20,0,reserve,system,4055.688,0.0,0.0,4055.688,0.0,8.055744
2019-04-23,21,0,reserve,system,3761.75,0.0,0.0,3761.75,0.0,5.246352
2019-04-23,22,0,reserve,system,3447.732,0.0,0.0,3447.732,0.0,3.334752
2019-04-23,23,0,reserve,system,3223.592,0.0,0.0,3223.592,0.0,1.906818
2019-04-24,0,0,reserve,system,3087.467,0.0,0.0,3087.467,0.0,1.755299
2019-04-24,1,0,reserve,system,3018.893,0.0,0.0,3018.893,0.0,0.0
2019-04-24,2,0,reserve,system,2986.241,0.0,0.0,2986.241,0.0,1.907538
2019-04-24,3,0,reserve,system,3018.281,0.0,0.0,3018.281,0.0,4.30608
2019-04-24,4,0,reserve,system,3194.118,0.0,0.0,3194.118,0.0,4.588121
2019-04-24,5,0,reserve,system,3509.1,0.0,0.0,3509.1,0.0,7.763226
2019-04-24,6,0,reserve,system,3637.664,0.0,0.0,3637.664,0.0,16.087487
2019-04-24,7,0,reserve,system,3688.2,0.0,0.0,3688.2,0.0,6.127507
2019-04-24,8,0,reserve,system,3753.194,0.0,0.0,3753.194,0.0,6.499259
2019-04-24,9,0,reserve,system,3832.822,0.0,0.0,3832.822,0.0,6.764225
2019-04-24,10,0,reserve,system,3888.075,0.0,0.0,3888.075,0.0,0.0
2019-04-24,11,0,reserve,system,3920.234,0.0,0.0,3920.234,0.0,3.97384
2019-04-24,12,0,reserve,system,3964.841,0.0,33.156648,3964.841,0.0,11.266858
2019-04-24,13,0,reserve,system,3999.129,0.0,0.0,3999.129,0.0,0.0
2019-04-24,14,0,reserve,system,4030.882,0.0,0.0,4030.882,0.0,9.901207
2019-04-24,15,0,reserve,system,4057.148,0.0,30.762569,4057.148,0.0,12.894546
2019-04-24,16,0,reserve,system,4056.754,0.0,0.0,4056.754,0.0,0.0
2019-04-24,17,0,reserve,system,4033.074,0.0,0.0,4033.074,0.0,10.636027
2019-04-24,18,0,reserve,system,4007.507,0.0,0.0,4007.507,0.0,9.264264
2019-04-24,19,0,reserve,system,4034.175,0.0,0.0,4034.175,0.0,4.059426
2019-04-24,20,0,reserve,system,3933.267,0.0,0.0,3933.267,0.0,24.986413
2019-04-24,21,0,reserve,system,3665.383,0.0,0.0,3665.383,0.0,8.040667
2019-04-24,22,0,reserve,system,3376.156,0.0,0.0,3376.156,0.0,6.75237
2019-04-24,23,0,reserve,system,3172.392,0.0,0.0,3172.392,0.0,6.031129
2019-04-25,0,0,reserve,system,3050.384,0.0,0.0,3050.384,0.0,11.788662
2019-04-25,1,0,reserve,system,2961.738,0.0,0.0,2961.738,0.0,0.0
2019-04-25,2,0,reserve,system,2926.066,0.0,0.0,2926.066,0.0,7.670992
2019-04-25,3,0,reserve,system,2951.492,0.0,0.0,2951.492,0.0,0.0
2019-04-25,4,0,reserve,system,3118.682,0.0,0.0,3118.682,0.0,0.0
2019-04-25,5,0,reserve,system,3435.955,0.0,0.0,3435.955,0.0,9.500267
2019-04-25,6,0,reserve,system,3543.675,0.0,0.0,3543.675,0.0,5.151583
2019-04-25,7,0,reserve,system,3595.858,0.0,0.0,3595.858,0.0,13.687699
2019-04-25,8,0,reserve,system,3696.145,0.0,0.0,3696.145,0.0,8.84662
2019-04-25,9,0,reserve,system,3820.509,0.0,0.0,3820.509,0.0,2.084205
2019-04-25,10,0,reserve,system,3945.388,0.0,0.0,3945.388,0.0,0.0
2019-04-25,11,0,reserve,system,4063.078,0.0,0.0,4063.078,0.0,8.152615
2019-04-25,12,0,reserve,system,4224.69,0.0,0.0,4224.69,0.0,6.913236
2019-04-25,13,0,reserve,system,4387.424,0.0,0.0,4387.424,0.0,4.698754
2019-04-25,14,0,reserve,system,4546.911,0.0,0.0,4546.911,0.0,7.199262
2019-04-25,15,0,reserve,system,4703.914,0.0,12.253675,4703.914,0.0,7.896539
2019-04-25,16,0,reserve,system,4763.597,0.0,0.0,4763.597,0.0,8.474092
2019-04-25,17,0,reserve,system,4704.773,0.0,0.0,4704.773,0.0,13.40955
2019-04-25,18,0,reserve,system,4551.285,0.0,0.0,4551.285,0.0,1.231026
2019-04-25,19,0,reserve,system,4485.815,0.0,13.505083,4485.815,0.0,22.698284
2019-04-25,20,0,reserve,system,4305.696,0.0,0.0,4305.696,0.0,9.314956
2019-04-25,21,0,reserve,system,3973.424,0.0,0.0,3973.424,0.0,9.29146
2019-04-25,22,0,reserve,system,3615.049,0.0,0.0,3615.049,0.0,5.577551
2019-04-25,23,0,reserve,system,3336.018,0.0,0.0,3336.018,0.0,9.437152
2019-04-26,0,0,reserve,system,3155.704,0.0,0.0,3155.704,0.0,10.074337
2019-04-26,1,0,reserve,system,3033.938,0.0,0.0,3033.938,0.0,4.626959
2019-04-26,2,0,reserve,system,2966.928,0.0,0.0,2966.928,0.0,8.120065
2019-04-26,3,0,reserve,system,2988.251,0.0,0.0,2988.251,0.0,0.0
2019-04-26,4,0,reserve,system,3136.014,0.0,0.0,3136.014,0.0,0.0
2019-04-26,5,0,reserve,system,3411.015,0.0,0.0,3411.015,0.0,9.732152
2019-04-26,6,0,reserve,system,3516.087,0.0,0.0,3516.087,0.0,10.477693
2019-04-26,7,0,reserve,system,3611.167,0.0,0.0,3611.167,0.0,0.0
2019-04-26,8,0,reserve,system,3754.543,0.0,0.0,3754.543,0.0,14.675769
2019-04-26,9,0,reserve,system,3898.744,0.0,0.0,3898.744,0.0,5.538635
2019-04-26,10,0,reserve,system,4036.352,0.0,0.0,4036.352,0.0,0.0
2019-04-26,11,0,reserve,system,4183.926,0.0,0.0,4183.926,0.0,4.219184
2019-04-26,12,0,reserve,system,4363.104,0.0,11.623905,4363.104,0.0,8.645576
2019-04-26,13,0,reserve,system,4516.679,0.0,0.0,4516.679,0.0,3.472792
2019-04-26,14,0,reserve,system,4644.325,0.0,0.0,4644.325,0.0,8.57005
2019-04-26,15,0,reserve,system,4745.048,0.0,0.0,4745.048,0.0,12.069454
2019-04-26,16,0,reserve,system,4751.684,0.0,0.0,4751.684,0.0,17.383471
2019-04-26,17,0,reserve,system,4631.423,0.0,0.0,4631.423,0.0,6.438556
2019-04-26,18,0,reserve,system,4423.635,0.0,0.0,4423.635,0.0,0.0
2019-04-26,19,0,reserve,system,4321.698,0.0,5.98661,4321.698,0.0,18.761987
2019-04-26,20,0,reserve,system,4170.459,0.0,0.0,4170.459,0.0,7.199296
2019-04-26,21,0,reserve,system,3917.558,0.0,0.0,3917.558,0.0,6.888314
2019-04-26,22,0,reserve,system,3620.342,0.0,0.0,3620.342,0.0,5.873419
2019-04-26,23,0,reserve,system,3359.317,0.0,0.0,3359.317,0.0,5.076756
2019-04-27,0,0,reserve,system,3170.786,0.0,0.0,3170.786,0.0,6.383506
2019-04-27,1,0,reserve,system,3042.824,0.0,0.0,3042.824,0.0,1.871362
2019-04-27,2,0,reserve,system,2973.533,0.0,0.0,2973.533,0.0,0.0
2019-04-27,3,0,reserve,system,2951.209,0.0,0.0,2951.209,0.0,0.0
2019-04-27,4,0,reserve,system,3001.467,0.0,0.0,3001.467,0.0,2.413858
2019-04-27,5,0,reserve,system,3093.394,0.0,4.520394,3093.394,0.0,3.094759
2019-04-27,6,0,reserve,system,3189.393,0.0,0.0,3189.393,0.0,2.11529
2019-04-27,7,0,reserve,system,3411.508,0.0,4.68596,3411.508,0.0,6.890282
2019-04-27,8,0,reserve,system,3631.848,0.0,0.467215,3631.848,0.0,5.293212
2019-04-27,9,0,reserve,system,3823.703,0.0,0.0,3823.703,0.0,8.543994
2019-04-27,10,0,reserve,system,3977.343,0.0,0.0,3977.343,0.0,4.458091
2019-04-27,11,0,reserve,system,4117.738,0.0,0.0,4117.738,0.0,7.311105
2019-04-27,12,0,reserve,system,4247.436,0.0,15.362004,4247.436,0.0,7.392381
2019-04-27,13,0,reserve,system,4393.529,0.0,0.0,4393.529,0.0,4.950349
2019-04-27,14,0,reserve,system,4532.266,0.0,7.578965,4532.266,0.0,7.581494
2019-04-27,15,0,reserve,system,4657.466,0.0,0.0,4657.466,0.0,6.665928
2019-04-27,16,0,reserve,system,4711.323,0.0,0.0,4711.323,0.0,12.818853
2019-04-27,17,0,reserve,system,4621.903,0.0,0.0,4621.903,0.0,5.435513
2019-04-27,18,0,reserve,system,4431.575,0.0,0.0,4431.575,0.0,0.0
2019-04-27,19,0,reserve,system,4346.679,0.0,0.0,4346.679,0.0,26.506624
2019-04-27,20,0,reserve,system,4193.889,0.0,0.0,4193.889,0.0,10.482453
2019-04-27,21,0,reserve,system,3960.969,0.0,0.0,3960.969,0.0,8.025625
2019-04-27,22,0,reserve,system,3689.819,0.0,0.0,3689.819,0.0,4.863046
2019-04-27,23,0,reserve,system,3436.878,0.0,0.0,3436.878,0.0,5.257423
2019-04-28,0,0,reserve,system,3250.813,0.0,0.0,3250.813,0.0,6.988734
2019-04-28,1,0,reserve,system,3117.957,0.0,0.0,3117.957,0.0,0.0
2019-04-28,2,0,reserve,system,3030.358,0.0,0.0,3030.358,0.0,0.0
2019-04-28,3,0,reserve,system,2983.288,0.0,0.0,2983.288,0.0,1.774969
2019-04-28,4,0,reserve,system,2972.247,0.0,0.0,2972.247,0.0,1.836393
2019-04-28,5,0,reserve,system,3008.652,0.0,0.0,3008.652,0.0,4.983431
2019-04-28,6,0,reserve,system,3067.006,0.0,0.0,3067.006,0.0,1.011372
2019-04-28,7,0,reserve,system,3260.613,0.0,0.0,3260.613,0.0,6.226372
2019-04-28,8,0,reserve,system,3506.509,0.0,0.0,3506.509,0.0,7.048282
2019-04-28,9,0,reserve,system,3717.915,0.0,0.0,3717.915,0.0,4.84688
2019-04-28,10,0,reserve,system,3937.658,0.0,0.0,3937.658,0.0,6.992039
2019-04-28,11,0,reserve,system,4145.317,0.0,0.0,4145.317,0.0,4.353268
2019-04-28,12,0,reserve,system,4348.301,0.0,0.0,4348.301,0.0,7.529173
2019-04-28,13,0,reserve,system,4528.174,0.0,16.009003,4528.174,0.0,6.505453
2019-04-28,14,0,reserve,system,4679.356,0.0,3.236087,4679.356,0.0,7.278549
2019-04-28,15,0,reserve,system,4779.465,0.0,12.360867,4779.465,0.0,6.933388
2019-04-28,16,0,reserve,system,4809.491,0.0,12.362466,4809.491,0.0,15.704042
2019-04-28,17,0,reserve,system,4740.707,0.0,0.0,4740.707,0.0,9.454666
2019-04-28,18,0,reserve,system,4578.653,0.0,0.0,4578.653,0.0,0.0
2019-04-28,19,0,reserve,system,4507.188,0.0,0.0,4507.188,0.0,10.434273
2019-04-28,20,0,reserve,system,4364.943,0.0,0.0,4364.943,0.0,8.100724
2019-04-28,21,0,reserve,system,4077.228,0.0,0.0,4077.228,0.0,5.209495
2019-04-28,22,0,reserve,system,3736.863,0.0,0.0,3736.863,0.0,3.742212
2019-04-28,23,0,reserve,system,3455.56,0.0,0.0,3455.56,0.0,3.342857
2019-04-29,0,0,reserve,system,3282.7,0.0,0.0,3282.7,0.0,2.583252
2019-04-29,1,0,reserve,system,3176.364,0.0,0.0,3176.364,0.0,0.0
2019-04-29,2,0,reserve,system,3137.366,0.0,0.0,3137.366,0.0,0.0
2019-04-29,3,0,reserve,system,3184.838,0.0,0.0,3184.838,0.0,1.713171
2019-04-29,4,0,reserve,system,3365.582,0.0,0.0,3365.582,0.0,4.27238
2019-04-29,5,0,reserve,system,3681.353,0.0,14.704114,3681.353,0.0,3.930484
2019-04-29,6,0,reserve,system,3805.062,0.0,0.0,3805.062,0.0,5.29029
2019-04-29,7,0,reserve,system,3901.155,0.0,2.950895,3901.155,0.0,6.964305
2019-04-29,8,0,reserve,system,4046.74,0.0,5.215036,4046.74,0.0,6.309797
2019-04-29,9,0,reserve,system,4214.431,0.0,0.0,4214.431,0.0,6.54969
2019-04-29,10,0,reserve,system,4367.295,0.0,0.0,4367.295,0.0,6.457328
2019-04-29,11,0,reserve,system,4498.897,0.0,0.0,4498.897,0.0,6.85393
2019-04-29,12,0,reserve,system,4653.998,0.0,33.275831,4653.998,0.0,7.069662
2019-04-29,13,0,reserve,system,4779.189,0.0,0.0,4779.189,0.0,7.013649
2019-04-29,14,0,reserve,system,4864.017,0.0,0.0,4864.017,0.0,7.509837
2019-04-29,15,0,reserve,system,4942.592,0.0,0.0,4942.592,0.0,7.738125
2019-04-29,16,0,reserve,system,4946.928,0.0,0.0,4946.928,0.0,18.581766
2019-04-29,17,0,reserve,system,4858.906,0.0,0.0,4858.906,0.0,11.5527
2019-04-29,18,0,reserve,system,4739.349,0.0,0.0,4739.349,0.0,0.0
2019-04-29,19,0,reserve,system,4759.062,0.0,5.284888,4759.062,0.0,14.311156
2019-04-29,20,0,reserve,system,4601.889,0.0,0.0,4601.889,0.0,6.519464
2019-04-29,21,0,reserve,system,4303.348,0.0,0.0,4303.348,0.0,7.733294
2019-04-29,22,0,reserve,system,3959.467,0.0,0.0,3959.467,0.0,5.578072
2019-04-29,23,0,reserve,system,3713.942,0.0,0.0,3713.942,0.0,6.736237
2019-04-30,0,0,reserve,system,3554.566,0.0,2.289376,3554.566,0.0,8.190315
2019-04-30,1,0,reserve,system,3457.929,0.0,0.0,3457.929,0.0,0.0
2019-04-30,2,0,reserve,system,3415.73,0.0,0.0,3415.73,0.0,0.0
2019-04-30,3,0,reserve,system,3450.499,0.0,2.440148,3450.499,0.0,4.767553
2019-04-30,4,0,reserve,system,3628.878,0.0,1.800555,3628.878,0.0,4.565926
2019-04-30,5,0,reserve,system,3946.291,0.0,0.0,3946.291,0.0,7.441123
2019-04-30,6,0,reserve,system,4069.38,0.0,0.0,4069.38,0.0,6.374129
2019-04-30,7,0,reserve,system,4139.94,0.0,0.0,4139.94,0.0,9.417376
2019-04-30,8,0,reserve,system,4251.163,0.0,0.0,4251.163,0.0,5.623635
2019-04-30,9,0,reserve,system,4390.422,0.0,20.665977,4390.422,0.0,5.36929
2019-04-30,10,0,reserve,system,4528.256,0.0,17.027839,4528.256,0.0,7.437506
2019-04-30,11,0,reserve,system,4651.642,0.0,22.932066,4651.642,0.0,6.835629
2019-04-30,12,0,reserve,system,4786.138,0.0,0.0,4786.138,0.0,7.602586
2019-04-30,13,0,reserve,system,4845.363,0.0,0.0,4845.363,0.0,23.866627
2019-04-30,14,0,reserve,system,4854.124,0.0,0.0,4854.124,0.0,0.0
2019-04-30,15,0,reserve,system,4864.043,0.0,0.0,4864.043,0.0,14.232481
2019-04-30,16,0,reserve,system,4805.2,0.0,0.0,4805.2,0.0,8.905845
2019-04-30,17,0,reserve,system,4712.254,0.0,0.0,4712.254,0.0,4.641372
2019-04-30,18,0,reserve,system,4664.97,0.0,0.0,4664.97,0.0,0.0
2019-04-30,19,0,reserve,system,4694.41,0.0,0.0,4694.41,0.0,17.797026
2019-04-30,20,0,reserve,system,4574.875,0.0,0.0,4574.875,0.0,6.834367
2019-04-30,21,0,reserve,system,4301.287,0.0,0.0,4301.287,0.0,7.931224
2019-04-30,22,0,reserve,system,3992.096,0.0,0.0,3992.096,0.0,5.376526
2019-04-30,23,0,reserve,system,3758.167,0.0,0.0,3758.167,0.0,5.411076
2019-05-01,0,0,reserve,system,3593.041,0.0,0.0,3593.041,0.0,6.281662
2019-05-01,1,0,reserve,system,3484.166,0.0,0.0,3484.166,0.0,0.0
2019-05-01,2,0,reserve,system,3433.306,0.0,16.309675,3433.306,0.0,0.0
2019-05-01,3,0,reserve,system,3461.607,0.0,0.0,3461.607,0.0,6.635321
2019-05-01,4,0,reserve,system,3621.569,0.0,0.0,3621.569,0.0,5.537841
2019-05-01,5,0,reserve,system,3920.953,0.0,0.0,3920.953,0.0,7.542252
2019-05-01,6,0,reserve,system,4028.01,0.0,0.0,4028.01,0.0,5.896101
2019-05-01,7,0,reserve,system,4109.422,0.0,0.0,4109.422,0.0,16.339665
2019-05-01,8,0,reserve,system,4257.721,0.0,0.0,4257.721,0.0,0.0
2019-05-01,9,0,reserve,system,4441.065,0.0,0.0,4441.065,0.0,18.364948
2019-05-01,10,0,reserve,system,4594.417,0.0,0.0,4594.417,0.0,0.310567
2019-05-01,11,0,reserve,system,4722.577,0.0,0.0,4722.577,0.0,14.309894
2019-05-01,12,0,reserve,system,4847.839,0.0,0.0,4847.839,0.0,7.48082
2019-05-01,13,0,reserve,system,4930.415,0.0,0.0,4930.415,0.0,12.399954
2019-05-01,14,0,reserve,system,4945.267,0.0,5.839551,4945.267,0.0,24.59918
2019-05-01,15,0,reserve,system,4922.264,0.0,0.0,4922.264,0.0,7.451831
2019-05-01,16,0,reserve,system,4875.421,0.0,0.0,4875.421,0.0,4.738377
2019-05-01,17,0,reserve,system,4809.377,0.0,0.0,4809.377,0.0,0.0
2019-05-01,18,0,reserve,system,4746.56,0.0,0.0,4746.56,0.0,20.587978
2019-05-01,19,0,reserve,system,4715.448,0.0,50.0,4715.448,0.0,15.882149
2019-05-01,20,0,reserve,system,4548.777,0.0,0.0,4548.777,0.0,11.082374
2019-05-01,21,0,reserve,system,4239.297,0.0,0.0,4239.297,0.0,6.101414
2019-05-01,22,0,reserve,system,3903.356,0.0,0.0,3903.356,0.0,9.272994
2019-05-01,23,0,reserve,system,3631.41,0.0,0.0,3631.41,0.0,0.0
2019-05-02,0,0,reserve,system,3469.954,0.0,0.0,3469.954,0.0,7.566786
2019-05-02,1,0,reserve,system,3364.092,0.0,0.0,3364.092,0.0,5.137597
2019-05-02,2,0,reserve,system,3296.862,0.0,0.0,3296.862,0.0,0.0
2019-05-02,3,0,reserve,system,3304.406,0.0,0.0,3304.406,0.0,0.0
2019-05-02,4,0,reserve,system,3453.714,0.0,3.587,3453.714,0.0,6.269272
2019-05-02,5,0,reserve,system,3739.642,0.0,10.397491,3739.642,0.0,5.848921
2019-05-02,6,0,reserve,system,3833.331,0.0,0.0,3833.331,0.0,11.361656
2019-05-02,7,0,reserve,system,3852.376,0.0,0.0,3852.376,0.0,0.0
2019-05-02,8,0,reserve,system,3958.521,0.0,0.0,3958.521,0.0,9.813578
2019-05-02,9,0,reserve,system,4100.787,0.0,0.0,4100.787,0.0,5.706611
2019-05-02,10,0,reserve,system,4252.501,0.0,0.0,4252.501,0.0,7.27548
2019-05-02,11,0,reserve,system,4402.839,0.0,11.01164,4402.839,0.0,6.710247
2019-05-02,12,0,reserve,system,4543.64,0.0,0.0,4543.64,0.0,16.258544
2019-05-02,13,0,reserve,system,4638.01,0.0,0.0,4638.01,0.0,7.211769
2019-05-02,14,0,reserve,system,4673.968,0.0,0.0,4673.968,0.0,6.539734
2019-05-02,15,0,reserve,system,4663.436,0.0,0.0,4663.436,0.0,9.665581
2019-05-02,16,0,reserve,system,4567.696,0.0,0.0,4567.696,0.0,3.564599
2019-05-02,17,0,reserve,system,4423.017,0.0,0.0,4423.017,0.0,5.782215
2019-05-02,18,0,reserve,system,4329.218,0.0,0.0,4329.218,0.0,0.0
2019-05-02,19,0,reserve,system,4301.954,0.0,0.0,4301.954,0.0,15.849468
2019-05-02,20,0,reserve,system,4162.634,0.0,0.0,4162.634,0.0,7.380825
2019-05-02,21,0,reserve,system,3880.258,0.0,0.0,3880.258,0.0,6.420468
2019-05-02,22,0,reserve,system,3576.819,0.0,0.0,3576.819,0.0,0.604271
2019-05-02,23,0,reserve,system,3335.458,0.0,0.0,3335.458,0.0,0.0
2019-05-03,0,0,reserve,system,3200.609,0.0,0.0,3200.609,0.0,1.241564
2019-05-03,1,0,reserve,system,3118.059,0.0,0.0,3118.059,0.0,0.0
2019-05-03,2,0,reserve,system,3085.612,0.0,0.0,3085.612,0.0,1.840023
2019-05-03,3,0,reserve,system,3124.297,0.0,0.0,3124.297,0.0,3.483604
2019-05-03,4,0,reserve,system,3302.43,0.0,0.0,3302.43,0.0,3.895752
2019-05-03,5,0,reserve,system,3595.027,0.0,0.0,3595.027,0.0,7.67371
2019-05-03,6,0,reserve,system,3728.612,0.0,0.0,3728.612,0.0,6.537545
2019-05-03,7,0,reserve,system,3796.644,0.0,0.0,3796.644,0.0,6.714098
2019-05-03,8,0,reserve,system,3880.838,0.0,0.0,3880.838,0.0,6.410385
2019-05-03,9,0,reserve,system,3970.477,0.0,0.0,3970.477,0.0,7.299179
2019-05-03,10,0,reserve,system,4061.128,0.0,0.0,4061.128,0.0,14.850169
2019-05-03,11,0,reserve,system,4142.647,0.0,0.0,4142.647,0.0,4.405219
2019-05-03,12,0,reserve,system,4245.032,0.0,0.0,4245.032,0.0,6.20402
2019-05-03,13,0,reserve,system,4302.827,0.0,0.0,4302.827,0.0,0.0
2019-05-03,14,0,reserve,system,4340.709,0.0,13.527594,4340.709,0.0,6.712037
2019-05-03,15,0,reserve,system,4368.891,0.0,0.0,4368.891,0.0,9.174543
2019-05-03,16,0,reserve,system,4323.658,0.0,0.0,4323.658,0.0,3.337064
2019-05-03,17,0,reserve,system,4223.645,0.0,17.915597,4223.645,0.0,8.596814
2019-05-03,18,0,reserve,system,4138.587,0.0,0.0,4138.587,0.0,13.888719
2019-05-03,19,0,reserve,system,4140.684,0.0,0.0,4140.684,0.0,0.0
2019-05-03,20,0,reserve,system,4034.482,0.0,0.0,4034.482,0.0,18.097683
2019-05-03,21,0,reserve,system,3838.32,0.0,0.0,3838.32,0.0,8.439081
2019-05-03,22,0,reserve,system,3581.89,0.0,0.0,3581.89,0.0,0.0
2019-05-03,23,0,reserve,system,3361.15,0.0,0.0,3361.15,0.0,10.029364
2019-05-04,0,0,reserve,system,3198.907,0.0,0.0,3198.907,0.0,13.734448
2019-05-04,1,0,reserve,system,3056.971,0.0,0.0,3056.971,0.0,0.0
2019-05-04,2,0,reserve,system,2954.109,0.0,0.0,2954.109,0.0,2.320904
2019-05-04,3,0,reserve,system,2929.584,0.0,0.0,2929.584,0.0,5.329994
2019-05-04,4,0,reserve,system,2974.39,0.0,0.0,2974.39,0.0,5.346089
2019-05-04,5,0,reserve,system,3061.662,0.0,0.0,3061.662,0.0,6.26628
2019-05-04,6,0,reserve,system,3147.776,0.0,0.0,3147.776,0.0,5.606
2019-05-04,7,0,reserve,system,3360.069,0.0,0.0,3360.069,0.0,7.417113
2019-05-04,8,0,reserve,system,3579.173,0.0,0.0,3579.173,0.0,5.8308
2019-05-04,9,0,reserve,system,3770.688,0.0,14.892078,3770.688,0.0,11.568887
2019-05-04,10,0,reserve,system,3954.916,0.0,0.0,3954.916,0.0,0.0
2019-05-04,11,0,reserve,system,4107.416,0.0,0.0,4107.416,0.0,9.351485
2019-05-04,12,0,reserve,system,4251.11,0.0,0.0,4251.11,0.0,4.684582
2019-05-04,13,0,reserve,system,4399.187,0.0,0.0,4399.187,0.0,8.098766
2019-05-04,14,0,reserve,system,4522.927,0.0,0.0,4522.927,0.0,3.563349
2019-05-04,15,0,reserve,system,4600.652,0.0,0.0,4600.652,0.0,15.084923
2019-05-04,16,0,reserve,system,4619.206,0.0,0.0,4619.206,0.0,2.434724
2019-05-04,17,0,reserve,system,4529.156,0.0,0.0,4529.156,0.0,5.581444
2019-05-04,18,0,reserve,system,4349.963,0.0,0.0,4349.963,0.0,0.522797
2019-05-04,19,0,reserve,system,4264.694,0.0,0.0,4264.694,0.0,21.971556
2019-05-04,20,0,reserve,system,4115.513,0.0,0.0,4115.513,0.0,6.814835
2019-05-04,21,0,reserve,system,3891.613,0.0,0.0,3891.613,0.0,6.660087
2019-05-04,22,0,reserve,system,3620.405,0.0,0.0,3620.405,0.0,5.84439
2019-05-04,23,0,reserve,system,3381.818,0.0,0.0,3381.818,0.0,7.449584
2019-05-05,0,0,reserve,system,3191.673,0.0,0.0,3191.673,0.0,11.948167
2019-05-05,1,0,reserve,system,3062.853,0.0,0.0,3062.853,0.0,0.0
2019-05-05,2,0,reserve,system,2972.885,0.0,0.0,2972.885,0.0,2.828034
2019-05-05,3,0,reserve,system,2925.203,0.0,0.0,2925.203,0.0,0.0
2019-05-05,4,0,reserve,system,2932.179,0.0,0.0,2932.179,0.0,4.619319
2019-05-05,5,0,reserve,system,2968.395,0.0,0.0,2968.395,0.0,6.58276
2019-05-05,6,0,reserve,system,3033.225,0.0,0.0,3033.225,0.0,0.0
2019-05-05,7,0,reserve,system,3265.071,0.0,0.0,3265.071,0.0,16.389368
2019-05-05,8,0,reserve,system,3532.946,0.0,1.273855,3532.946,0.0,1.001104
2019-05-05,9,0,reserve,system,3790.06,0.0,0.0,3790.06,0.0,2.749967
2019-05-05,10,0,reserve,system,4046.495,0.0,0.0,4046.495,0.0,6.690997
2019-05-05,11,0,reserve,system,4268.032,0.0,1.380035,4268.032,0.0,5.276609
2019-05-05,12,0,reserve,system,4481.634,0.0,0.0,4481.634,0.0,6.72575
2019-05-05,13,0,reserve,system,4669.42,0.0,0.0,4669.42,0.0,6.466576
2019-05-05,14,0,reserve,system,4824.008,0.0,0.0,4824.008,0.0,7.232136
2019-05-05,15,0,reserve,system,4931.518,0.0,1.361724,4931.518,0.0,7.256147
2019-05-05,16,0,reserve,system,4971.205,0.0,21.643301,4971.205,0.0,20.934821
2019-05-05,17,0,reserve,system,4882.122,0.0,0.0,4882.122,0.0,9.610054
2019-05-05,18,0,reserve,system,4728.892,0.0,0.0,4728.892,0.0,0.0
2019-05-05,19,0,reserve,system,4638.96,0.0,34.78319,4638.96,0.0,13.592522
2019-05-05,20,0,reserve,system,4487.652,0.0,0.0,4487.652,0.0,6.337537
2019-05-05,21,0,reserve,system,4162.226,0.0,0.0,4162.226,0.0,7.920614
2019-05-05,22,0,reserve,system,3781.48,0.0,0.0,3781.48,0.0,3.399151
2019-05-05,23,0,reserve,system,3486.309,0.0,0.0,3486.309,0.0,4.669922
2019-05-06,0,0,reserve,system,3291.498,0.0,0.0,3291.498,0.0,3.357686
2019-05-06,1,0,reserve,system,3186.934,0.0,0.0,3186.934,0.0,0.0
2019-05-06,2,0,reserve,system,3140.275,0.0,0.0,3140.275,0.0,0.340507
2019-05-06,3,0,reserve,system,3173.22,0.0,0.0,3173.22,0.0,1.415454
2019-05-06,4,0,reserve,system,3352.435,0.0,6.041686,3352.435,0.0,4.460404
2019-05-06,5,0,reserve,system,3650.566,0.0,7.079563,3650.566,0.0,3.940018
2019-05-06,6,0,reserve,system,3770.194,0.0,0.0,3770.194,0.0,6.57092
2019-05-06,7,0,reserve,system,3871.805,0.0,0.0,3871.805,0.0,6.431758
2019-05-06,8,0,reserve,system,4037.693,0.0,0.0,4037.693,0.0,7.373633
2019-05-06,9,0,reserve,system,4221.117,0.0,47.488461,4221.117,0.0,6.919276
2019-05-06,10,0,reserve,system,4372.71,0.0,0.0,4372.71,0.0,4.799597
2019-05-06,11,0,reserve,system,4504.141,0.0,0.0,4504.141,0.0,7.348217
2019-05-06,12,0,reserve,system,4654.527,0.0,15.256186,4654.527,0.0,7.026069
2019-05-06,13,0,reserve,system,4776.755,0.0,0.0,4776.755,0.0,6.632918
2019-05-06,14,0,reserve,system,4859.807,0.0,9.657083,4859.807,0.0,7.203851
2019-05-06,15,0,reserve,system,4902.202,0.0,0.0,4902.202,0.0,18.254749
2019-05-06,16,0,reserve,system,4879.965,0.0,0.0,4879.965,0.0,2.518505
2019-05-06,17,0,reserve,system,4795.498,0.0,0.0,4795.498,0.0,8.367162
2019-05-06,18,0,reserve,system,4695.038,0.0,0.0,4695.038,0.0,0.0
2019-05-06,19,0,reserve,system,4699.705,0.0,34.586076,4699.705,0.0,14.555585
2019-05-06,20,0,reserve,system,4564.436,0.0,0.0,4564.436,0.0,7.0376
2019-05-06,21,0,reserve,system,4237.072,0.0,0.0,4237.072,0.0,6.650564
2019-05-06,22,0,reserve,system,3876.863,0.0,0.0,3876.863,0.0,6.439087
2019-05-06,23,0,reserve,system,3599.299,0.0,0.0,3599.299,0.0,3.98561
2019-05-07,0,0,reserve,system,3412.735,0.0,0.0,3412.735,0.0,5.668469
2019-05-07,1,0,reserve,system,3305.329,0.0,0.0,3305.329,0.0,0.0
2019-05-07,2,0,reserve,system,3251.219,0.0,0.0,3251.219,0.0,0.0
2019-05-07,3,0,reserve,system,3292.694,0.0,5.383046,3292.694,0.0,5.328845
2019-05-07,4,0,reserve,system,3468.905,0.0,0.0,3468.905,0.0,4.014449
2019-05-07,5,0,reserve,system,3776.685,0.0,0.0,3776.685,0.0,8.076121
2019-05-07,6,0,reserve,system,3889.389,0.0,0.0,3889.389,0.0,5.755808
2019-05-07,7,0,reserve,system,3988.179,0.0,0.0,3988.179,0.0,25.224377
2019-05-07,8,0,reserve,system,4150.285,0.0,0.0,4150.285,0.0,7.047638
2019-05-07,9,0,reserve,system,4325.697,0.0,0.0,4325.697,0.0,5.134528
2019-05-07,10,0,reserve,system,4487.109,0.0,0.0,4487.109,0.0,4.069075
2019-05-07,11,0,reserve,system,4605.501,0.0,0.0,4605.501,0.0,3.822703
2019-05-07,12,0,reserve,system,4739.709,0.0,0.0,4739.709,0.0,3.70619
2019-05-07,13,0,reserve,system,4858.429,0.0,0.0,4858.429,0.0,9.146926
2019-05-07,14,0,reserve,system,4936.964,0.0,2.17861,4936.964,0.0,5.536693
2019-05-07,15,0,reserve,system,4996.769,0.0,2.325616,4996.769,0.0,8.318124
2019-05-07,16,0,reserve,system,4992.985,0.0,12.827403,4992.985,0.0,19.906157
2019-05-07,17,0,reserve,system,4869.155,0.0,0.0,4869.155,0.0,9.770992
2019-05-07,18,0,reserve,system,4691.839,0.0,0.0,4691.839,0.0,0.0
2019-05-07,19,0,reserve,system,4626.172,0.0,0.0,4626.172,0.0,11.482309
2019-05-07,20,0,reserve,system,4474.18,0.0,0.0,4474.18,0.0,7.229167
2019-05-07,21,0,reserve,system,4159.595,0.0,0.0,4159.595,0.0,6.853994
2019-05-07,22,0,reserve,system,3818.569,0.0,0.0,3818.569,0.0,3.623848
2019-05-07,23,0,reserve,system,3568.002,0.0,0.0,3568.002,0.0,4.367928
2019-05-08,0,0,reserve,system,3403.971,0.0,0.0,3403.971,0.0,2.070105
2019-05-08,1,0,reserve,system,3306.284,0.0,7.831228,3306.284,0.0,7.927133
2019-05-08,2,0,reserve,system,3252.262,0.0,0.0,3252.262,0.0,0.0
2019-05-08,3,0,reserve,system,3257.708,0.0,0.0,3257.708,0.0,0.0
2019-05-08,4,0,reserve,system,3405.034,0.0,2.492728,3405.034,0.0,4.139224
2019-05-08,5,0,reserve,system,3704.604,0.0,3.284514,3704.604,0.0,4.48744
2019-05-08,6,0,reserve,system,3831.246,0.0,0.0,3831.246,0.0,3.40243
2019-05-08,7,0,reserve,system,3922.583,0.0,30.198834,3922.583,0.0,10.055083
2019-05-08,8,0,reserve,system,4040.716,0.0,13.267595,4040.716,0.0,5.793612
2019-05-08,9,0,reserve,system,4158.086,0.0,0.0,4158.086,0.0,6.635603
2019-05-08,10,0,reserve,system,4259.794,0.0,0.0,4259.794,0.0,3.614088
2019-05-08,11,0,reserve,system,4317.889,0.0,14.695756,4317.889,0.0,8.173566
2019-05-08,12,0,reserve,system,4361.269,0.0,0.0,4361.269,0.0,11.069754
2019-05-08,13,0,reserve,system,4375.56,0.0,0.0,4375.56,0.0,0.0
2019-05-08,14,0,reserve,system,4414.694,0.0,21.453149,4414.694,0.0,9.865626
2019-05-08,15,0,reserve,system,4489.401,0.0,0.0,4489.401,0.0,5.161446
2019-05-08,16,0,reserve,system,4541.229,0.0,0.0,4541.229,0.0,6.736184
2019-05-08,17,0,reserve,system,4514.063,0.0,0.0,4514.063,0.0,14.111724
2019-05-08,18,0,reserve,system,4470.163,0.0,0.0,4470.163,0.0,0.0
2019-05-08,19,0,reserve,system,4486.093,0.0,2.03984,4486.093,0.0,14.778441
2019-05-08,20,0,reserve,system,4385.119,0.0,0.0,4385.119,0.0,19.708851
2019-05-08,21,0,reserve,system,4105.157,0.0,0.0,4105.157,0.0,6.618404
2019-05-08,22,0,reserve,system,3804.335,0.0,0.0,3804.335,0.0,5.884171
2019-05-08,23,0,reserve,system,3574.183,0.0,0.0,3574.183,0.0,7.152012
2019-05-09,0,0,reserve,system,3442.583,0.0,0.0,3442.583,0.0,13.010057
2019-05-09,1,0,reserve,system,3350.476,0.0,0.0,3350.476,0.0,0.0
2019-05-09,2,0,reserve,system,3295.835,0.0,0.0,3295.835,0.0,0.0
2019-05-09,3,0,reserve,system,3336.001,0.0,9.247363,3336.001,0.0,8.597327
2019-05-09,4,0,reserve,system,3512.206,0.0,0.0,3512.206,0.0,4.567333
2019-05-09,5,0,reserve,system,3822.74,0.0,5.97393,3822.74,0.0,16.058441
2019-05-09,6,0,reserve,system,3931.316,0.0,0.0,3931.316,0.0,16.236158
2019-05-09,7,0,reserve,system,4017.778,0.0,0.0,4017.778,0.0,0.0
2019-05-09,8,0,reserve,system,4158.047,0.0,0.0,4158.047,0.0,2.974971
2019-05-09,9,0,reserve,system,4314.87,0.0,0.0,4314.87,0.0,7.966623
2019-05-09,10,0,reserve,system,4492.582,0.0,20.237201,4492.582,0.0,2.453564
2019-05-09,11,0,reserve,system,4650.806,0.0,0.0,4650.806,0.0,7.476964
2019-05-09,12,0,reserve,system,4816.467,0.0,0.0,4816.467,0.0,24.052609
2019-05-09,13,0,reserve,system,4916.111,0.0,0.0,4916.111,0.0,8.343207
2019-05-09,14,0,reserve,system,4910.506,0.0,0.0,4910.506,0.0,7.286368
2019-05-09,15,0,reserve,system,4898.648,0.0,0.0,4898.648,0.0,9.893096
2019-05-09,16,0,reserve,system,4792.367,0.0,0.0,4792.367,0.0,2.413036
2019-05-09,17,0,reserve,system,4621.191,0.0,0.0,4621.191,0.0,11.299779
2019-05-09,18,0,reserve,system,4483.927,0.0,0.0,4483.927,0.0,0.0
2019-05-09,19,0,reserve,system,4412.318,0.0,0.0,4412.318,0.0,14.008027
2019-05-09,20,0,reserve,system,4216.112,0.0,0.0,4216.112,0.0,7.506252
2019-05-09,21,0,reserve,system,3852.915,0.0,0.0,3852.915,0.0,5.607495
2019-05-09,22,0,reserve,system,3500.833,0.0,0.0,3500.833,0.0,4.937441
2019-05-09,23,0,reserve,system,3247.571,0.0,0.0,3247.571,0.0,0.0
2019-05-10,0,0,reserve,system,3097.576,0.0,0.0,3097.576,0.0,3.107127
2019-05-10,1,0,reserve,system,3007.223,0.0,0.0,3007.223,0.0,0.0
2019-05-10,2,0,reserve,system,2973.805,0.0,0.0,2973.805,0.0,0.067135
2019-05-10,3,0,reserve,system,2997.848,0.0,0.0,2997.848,0.0,2.319613
2019-05-10,4,0,reserve,system,3140.394,0.0,0.0,3140.394,0.0,1.106729
2019-05-10,5,0,reserve,system,3422.954,0.0,4.524198,3422.954,0.0,5.033249
2019-05-10,6,0,reserve,system,3560.616,0.0,2.87431,3560.616,0.0,3.436438
2019-05-10,7,0,reserve,system,3622.418,0.0,0.0,3622.418,0.0,3.956723
2019-05-10,8,0,reserve,system,3709.632,0.0,0.0,3709.632,0.0,4.943782
2019-05-10,9,0,reserve,system,3768.253,0.0,0.0,3768.253,0.0,4.588303
2019-05-10,10,0,reserve,system,3788.037,0.0,0.0,3788.037,0.0,3.775307
2019-05-10,11,0,reserve,system,3779.16,0.0,2.43162,3779.16,0.0,3.700424
2019-05-10,12,0,reserve,system,3805.357,0.0,0.0,3805.357,0.0,17.612753
2019-05-10,13,0,reserve,system,3811.181,0.0,0.0,3811.181,0.0,0.0
2019-05-10,14,0,reserve,system,3812.038,0.0,0.0,3812.038,0.0,0.0
2019-05-10,15,0,reserve,system,3818.918,0.0,5.536562,3818.918,0.0,18.659879
2019-05-10,16,0,reserve,system,3821.877,0.0,0.0,3821.877,0.0,0.0
2019-05-10,17,0,reserve,system,3794.667,0.0,0.0,3794.667,0.0,7.584534
2019-05-10,18,0,reserve,system,3752.328,0.0,0.0,3752.328,0.0,0.0
2019-05-10,19,0,reserve,system,3789.01,0.0,0.0,3789.01,0.0,18.034086
2019-05-10,20,0,reserve,system,3727.248,0.0,0.179817,3727.248,0.0,5.95181
2019-05-10,21,0,reserve,system,3562.58,0.0,0.0,3562.58,0.0,9.723849
2019-05-10,22,0,reserve,system,3363.862,0.0,0.0,3363.862,0.0,0.0
2019-05-10,23,0,reserve,system,3178.363,0.0,0.0,3178.363,0.0,10.725057
2019-05-11,0,0,reserve,system,3045.889,0.0,0.0,3045.889,0.0,10.806543
2019-05-11,1,0,reserve,system,2957.962,0.0,0.0,2957.962,0.0,0.0
2019-05-11,2,0,reserve,system,2915.39,0.0,0.0,2915.39,0.0,6.074734
2019-05-11,3,0,reserve,system,2910.599,0.0,0.0,2910.599,0.0,4.321523
2019-05-11,4,0,reserve,system,2952.755,0.0,0.0,2952.755,0.0,6.034041
2019-05-11,5,0,reserve,system,3060.561,0.0,0.0,3060.561,0.0,5.971444
2019-05-11,6,0,reserve,system,3176.435,0.0,0.0,3176.435,0.0,5.238656
2019-05-11,7,0,reserve,system,3334.267,0.0,0.0,3334.267,0.0,7.651179
2019-05-11,8,0,reserve,system,3495.572,0.0,0.0,3495.572,0.0,6.707763
2019-05-11,9,0,reserve,system,3606.191,0.0,0.0,3606.191,0.0,20.611658
2019-05-11,10,0,reserve,system,3662.218,0.0,0.0,3662.218,0.0,6.507574
2019-05-11,11,0,reserve,system,3660.43,0.0,0.0,3660.43,0.0,6.55611
2019-05-11,12,0,reserve,system,3626.384,0.0,0.0,3626.384,0.0,6.975968
2019-05-11,13,0,reserve,system,3582.244,0.0,0.0,3582.244,0.0,5.647948
2019-05-11,14,0,reserve,system,3552.82,0.0,14.662441,3552.82,0.0,8.586685
2019-05-11,15,0,reserve,system,3553.558,0.0,0.0,3553.558,0.0,0.0
2019-05-11,16,0,reserve,system,3555.499,0.0,0.0,3555.499,0.0,0.0
2019-05-11,17,0,reserve,system,3549.025,0.0,0.0,3549.025,0.0,8.743063
2019-05-11,18,0,reserve,system,3547.543,0.0,11.22784,3547.543,0.0,5.3217
2019-05-11,19,0,reserve,system,3618.023,0.0,0.0,3618.023,0.0,6.926532
2019-05-11,20,0,reserve,system,3590.58,0.0,0.0,3590.58,0.0,17.521466
2019-05-11,21,0,reserve,system,3461.565,0.0,0.0,3461.565,0.0,7.140644
2019-05-11,22,0,reserve,system,3288.716,0.0,0.0,3288.716,0.0,5.805863
2019-05-11,23,0,reserve,system,3114.146,0.0,0.0,3114.146,0.0,6.420397
2019-05-12,0,0,reserve,system,2982.502,0.0,0.0,2982.502,0.0,11.750597
2019-05-12,1,0,reserve,system,2895.9,0.0,0.0,2895.9,0.0,0.0
2019-05-12,2,0,reserve,system,2848.468,0.0,0.0,2848.468,0.0,0.0
2019-05-12,3,0,reserve,system,2833.604,0.0,0.0,2833.604,0.0,9.458032
2019-05-12,4,0,reserve,system,2853.044,0.0,0.0,2853.044,0.0,0.0
2019-05-12,5,0,reserve,system,2895.285,0.0,0.0,2895.285,0.0,8.283572
2019-05-12,6,0,reserve,system,2964.676,0.0,0.0,2964.676,0.0,4.782754
2019-05-12,7,0,reserve,system,3136.417,0.0,0.0,3136.417,0.0,6.350241
2019-05-12,8,0,reserve,system,3314.599,0.0,0.0,3314.599,0.0,5.364976
2019-05-12,9,0,reserve,system,3431.661,0.0,0.0,3431.661,0.0,16.62439
2019-05-12,10,0,reserve,system,3533.471,0.0,0.0,3533.471,0.0,0.0
2019-05-12,11,0,reserve,system,3604.549,0.0,0.0,3604.549,0.0,7.751278
2019-05-12,12,0,reserve,system,3689.064,0.0,0.0,3689.064,0.0,0.0
2019-05-12,13,0,reserve,system,3799.242,0.0,0.0,3799.242,0.0,7.921362
2019-05-12,14,0,reserve,system,3924.617,0.0,0.0,3924.617,0.0,6.127435
2019-05-12,15,0,reserve,system,4041.865,0.0,0.0,4041.865,0.0,9.513179
2019-05-12,16,0,reserve,system,4118.314,0.0,3.853469,4118.314,0.0,2.246631
2019-05-12,17,0,reserve,system,4125.442,0.0,0.0,4125.442,0.0,9.091035
2019-05-12,18,0,reserve,system,4066.734,0.0,0.0,4066.734,0.0,5.83879
2019-05-12,19,0,reserve,system,4035.702,0.0,0.0,4035.702,0.0,8.39005
2019-05-12,20,0,reserve,system,3959.366,0.0,0.0,3959.366,0.0,23.622132
2019-05-12,21,0,reserve,system,3730.079,0.0,0.0,3730.079,0.0,8.343761
2019-05-12,22,0,reserve,system,3415.048,0.0,0.0,3415.048,0.0,5.660678
2019-05-12,23,0,reserve,system,3163.73,0.0,0.0,3163.73,0.0,6.582161
2019-05-13,0,0,reserve,system,3009.397,0.0,0.0,3009.397,0.0,11.506587
2019-05-13,1,0,reserve,system,2922.809,0.0,0.0,2922.809,0.0,0.0
2019-05-13,2,0,reserve,system,2884.924,0.0,0.0,2884.924,0.0,0.0
2019-05-13,3,0,reserve,system,2919.262,0.0,0.0,2919.262,0.0,5.094599
2019-05-13,4,0,reserve,system,3084.731,0.0,0.0,3084.731,0.0,4.137315
2019-05-13,5,0,reserve,system,3367.746,0.0,0.0,3367.746,0.0,7.574154
2019-05-13,6,0,reserve,system,3501.524,0.0,0.0,3501.524,0.0,6.426887
2019-05-13,7,0,reserve,system,3602.81,0.0,0.0,3602.81,0.0,7.141151
2019-05-13,8,0,reserve,system,3758.427,0.0,0.0,3758.427,0.0,8.327759
2019-05-13,9,0,reserve,system,3922.293,0.0,30.140871,3922.293,0.0,15.240791
2019-05-13,10,0,reserve,system,4067.176,0.0,0.0,4067.176,0.0,0.0
2019-05-13,11,0,reserve,system,4217.469,0.0,0.0,4217.469,0.0,3.433077
2019-05-13,12,0,reserve,system,4375.642,0.0,0.0,4375.642,0.0,6.487334
2019-05-13,13,0,reserve,system,4515.105,0.0,0.0,4515.105,0.0,5.198526
2019-05-13,14,0,reserve,system,4662.753,0.0,0.0,4662.753,0.0,7.181324
2019-05-13,15,0,reserve,system,4795.471,0.0,1.34295,4795.471,0.0,6.010309
2019-05-13,16,0,reserve,system,4840.59,0.0,0.0,4840.59,0.0,17.22767
2019-05-13,17,0,reserve,system,4773.079,0.0,0.0,4773.079,0.0,8.899954
2019-05-13,18,0,reserve,system,4623.993,0.0,0.0,4623.993,0.0,1.857244
2019-05-13,19,0,reserve,system,4557.951,0.0,0.0,4557.951,0.0,14.722678
2019-05-13,20,0,reserve,system,4387.459,0.0,0.0,4387.459,0.0,6.259645
2019-05-13,21,0,reserve,system,4028.829,0.0,0.0,4028.829,0.0,7.569952
2019-05-13,22,0,reserve,system,3652.056,0.0,0.0,3652.056,0.0,4.820406
2019-05-13,23,0,reserve,system,3376.497,0.0,0.0,3376.497,0.0,9.522025
2019-05-14,0,0,reserve,system,3201.292,0.0,0.0,3201.292,0.0,8.698895
2019-05-14,1,0,reserve,system,3091.001,0.0,0.0,3091.001,0.0,0.0
2019-05-14,2,0,reserve,system,3037.298,0.0,0.0,3037.298,0.0,0.0
2019-05-14,3,0,reserve,system,3054.91,0.0,0.0,3054.91,0.0,5.174546
2019-05-14,4,0,reserve,system,3203.143,0.0,0.0,3203.143,0.0,5.922583
2019-05-14,5,0,reserve,system,3476.69,0.0,0.0,3476.69,0.0,7.295717
2019-05-14,6,0,reserve,system,3616.084,0.0,0.0,3616.084,0.0,7.661994
2019-05-14,7,0,reserve,system,3747.321,0.0,0.0,3747.321,0.0,9.269829
2019-05-14,8,0,reserve,system,3926.916,0.0,0.0,3926.916,0.0,9.412255
2019-05-14,9,0,reserve,system,4137.931,0.0,0.0,4137.931,0.0,13.723961
2019-05-14,10,0,reserve,system,4354.432,0.0,13.632297,4354.432,0.0,0.0
2019-05-14,11,0,reserve,system,4530.978,0.0,0.0,4530.978,0.0,13.852946
2019-05-14,12,0,reserve,system,4689.108,0.0,0.0,4689.108,0.0,12.684743
2019-05-14,13,0,reserve,system,4836.458,0.0,0.0,4836.458,0.0,3.699707
2019-05-14,14,0,reserve,system,4953.412,0.0,14.943881,4953.412,0.0,12.428294
2019-05-14,15,0,reserve,system,5032.11,0.0,31.625959,5032.11,0.0,22.090493
2019-05-14,16,0,reserve,system,5053.436,0.0,50.0,5053.436,0.0,11.10817
2019-05-14,17,0,reserve,system,4960.555,0.0,0.0,4960.555,0.0,8.646091
2019-05-14,18,0,reserve,system,4808.008,0.0,0.0,4808.008,0.0,14.373292
2019-05-14,19,0,reserve,system,4719.259,0.0,0.0,4719.259,0.0,2.917498
2019-05-14,20,0,reserve,system,4553.78,0.0,0.0,4553.78,0.0,15.149788
2019-05-14,21,0,reserve,system,4196.264,0.0,0.0,4196.264,0.0,7.716832
2019-05-14,22,0,reserve,system,3810.612,0.0,0.0,3810.612,0.0,5.71957
2019-05-14,23,0,reserve,system,3512.103,0.0,0.0,3512.103,0.0,8.531538
2019-05-15,0,0,reserve,system,3316.6,0.0,0.0,3316.6,0.0,11.274624
2019-05-15,1,0,reserve,system,3204.002,0.0,0.0,3204.002,0.0,0.0
2019-05-15,2,0,reserve,system,3137.001,0.0,0.0,3137.001,0.0,0.0
2019-05-15,3,0,reserve,system,3139.448,0.0,0.0,3139.448,0.0,4.123167
2019-05-15,4,0,reserve,system,3288.733,0.0,0.0,3288.733,0.0,6.404631
2019-05-15,5,0,reserve,system,3557.727,0.0,0.0,3557.727,0.0,6.562555
2019-05-15,6,0,reserve,system,3691.335,0.0,0.0,3691.335,0.0,7.597553
2019-05-15,7,0,reserve,system,3830.928,0.0,0.0,3830.928,0.0,8.68099
2019-05-15,8,0,reserve,system,4044.14,0.0,29.931057,4044.14,0.0,8.582796
2019-05-15,9,0,reserve,system,4265.889,0.0,0.0,4265.889,0.0,15.450094
2019-05-15,10,0,reserve,system,4499.426,0.0,34.719704,4499.426,0.0,0.0
2019-05-15,11,0,reserve,system,4710.806,0.0,23.433952,4710.806,0.0,14.637267
2019-05-15,12,0,reserve,system,4921.032,0.0,33.492214,4921.032,0.0,7.638466
2019-05-15,13,0,reserve,system,5102.613,0.0,31.552924,5102.613,0.0,10.648674
2019-05-15,14,0,reserve,system,5251.396,0.0,0.0,5251.396,0.0,9.155415
2019-05-15,15,0,reserve,system,5374.335,0.0,0.0,5374.335,0.0,11.213539
2019-05-15,16,0,reserve,system,5392.62,0.0,47.269131,5392.62,0.0,18.708804
2019-05-15,17,0,reserve,system,5272.23,0.0,0.0,5272.23,0.0,9.429266
2019-05-15,18,0,reserve,system,5057.331,0.0,0.0,5057.331,0.0,9.916284
2019-05-15,19,0,reserve,system,4911.535,0.0,0.0,4911.535,0.0,9.60397
2019-05-15,20,0,reserve,system,4733.728,0.0,0.0,4733.728,0.0,10.316208
2019-05-15,21,0,reserve,system,4354.743,0.0,0.0,4354.743,0.0,8.205824
2019-05-15,22,0,reserve,system,3943.177,0.0,0.0,3943.177,0.0,5.72406
2019-05-15,23,0,reserve,system,3621.205,0.0,0.0,3621.205,0.0,8.342019
2019-05-16,0,0,reserve,system,3404.501,0.0,0.0,3404.501,0.0,10.250578
2019-05-16,1,0,reserve,system,3268.691,0.0,0.0,3268.691,0.0,4.711758
2019-05-16,2,0,reserve,system,3182.416,0.0,0.0,3182.416,0.0,4.903743
2019-05-16,3,0,reserve,system,3189.41,0.0,0.0,3189.41,0.0,0.0
2019-05-16,4,0,reserve,system,3345.687,0.0,0.475338,3345.687,0.0,0.0
2019-05-16,5,0,reserve,system,3625.342,0.0,22.0581,3625.342,0.0,9.886184
2019-05-16,6,0,reserve,system,3759.385,0.0,6.277819,3759.385,0.0,4.99818
2019-05-16,7,0,reserve,system,3920.083,0.0,0.0,3920.083,0.0,23.917205
2019-05-16,8,0,reserve,system,4129.444,0.0,0.0,4129.444,0.0,0.0
2019-05-16,9,0,reserve,system,4380.327,0.0,0.0,4380.327,0.0,3.380283
2019-05-16,10,0,reserve,system,4616.884,0.0,6.724595,4616.884,0.0,3.901417
2019-05-16,11,0,reserve,system,4850.701,0.0,0.0,4850.701,0.0,8.27827
2019-05-16,12,0,reserve,system,5081.224,0.0,0.0,5081.224,0.0,11.802411
2019-05-16,13,0,reserve,system,5254.092,0.0,15.655226,5254.092,0.0,8.51497
2019-05-16,14,0,reserve,system,5385.034,0.0,0.0,5385.034,0.0,11.845991
2019-05-16,15,0,reserve,system,5483.97,0.0,0.0,5483.97,0.0,25.00119
2019-05-16,16,0,reserve,system,5468.952,0.0,0.0,5468.952,0.0,9.515165
2019-05-16,17,0,reserve,system,5343.074,0.0,0.0,5343.074,0.0,12.874177
2019-05-16,18,0,reserve,system,5124.568,0.0,0.0,5124.568,0.0,4.335291
2019-05-16,19,0,reserve,system,4988.57,0.0,0.0,4988.57,0.0,12.987817
2019-05-16,20,0,reserve,system,4821.871,0.0,0.0,4821.871,0.0,6.419194
2019-05-16,21,0,reserve,system,4464.356,0.0,0.0,4464.356,0.0,7.865229
2019-05-16,22,0,reserve,system,4080.019,0.0,0.0,4080.019,0.0,3.932568
2019-05-16,23,0,reserve,system,3778.955,0.0,0.0,3778.955,0.0,5.494471
2019-05-17,0,0,reserve,system,3573.437,0.0,0.0,3573.437,0.0,7.556661
2019-05-17,1,0,reserve,system,3438.176,0.0,0.0,3438.176,0.0,2.258558
2019-05-17,2,0,reserve,system,3361.205,0.0,0.0,3361.205,0.0,1.052966
2019-05-17,3,0,reserve,system,3375.223,0.0,0.0,3375.223,0.0,0.0
2019-05-17,4,0,reserve,system,3522.999,0.0,4.73152,3522.999,0.0,5.209584
2019-05-17,5,0,reserve,system,3802.536,0.0,0.0,3802.536,0.0,4.323787
2019-05-17,6,0,reserve,system,3934.343,0.0,6.32019,3934.343,0.0,6.406273
2019-05-17,7,0,reserve,system,4062.376,0.0,0.0,4062.376,0.0,6.603186
2019-05-17,8,0,reserve,system,4255.333,0.0,0.0,4255.333,0.0,6.353772
2019-05-17,9,0,reserve,system,4484.729,0.0,0.0,4484.729,0.0,6.700276
2019-05-17,10,0,reserve,system,4722.834,0.0,0.0,4722.834,0.0,7.127587
2019-05-17,11,0,reserve,system,4912.529,0.0,0.0,4912.529,0.0,6.837002
2019-05-17,12,0,reserve,system,5124.663,0.0,0.0,5124.663,0.0,8.103198
2019-05-17,13,0,reserve,system,5324.157,0.0,2.640213,5324.157,0.0,8.279314
2019-05-17,14,0,reserve,system,5447.157,0.0,0.0,5447.157,0.0,10.261606
2019-05-17,15,0,reserve,system,5528.375,0.0,8.722383,5528.375,0.0,18.172411
2019-05-17,16,0,reserve,system,5499.645,0.0,0.0,5499.645,0.0,17.024037
2019-05-17,17,0,reserve,system,5326.679,0.0,0.0,5326.679,0.0,9.547137
2019-05-17,18,0,reserve,system,5104.959,0.0,0.0,5104.959,0.0,0.0
2019-05-17,19,0,reserve,system,5020.722,0.0,0.0,5020.722,0.0,21.876079
2019-05-17,20,0,reserve,system,4908.421,0.0,0.0,4908.421,0.0,6.816106
2019-05-17,21,0,reserve,system,4676.449,0.0,0.0,4676.449,0.0,7.246151
2019-05-17,22,0,reserve,system,4386.867,0.0,0.0,4386.867,0.0,5.977617
2019-05-17,23,0,reserve,system,4115.245,0.0,0.0,4115.245,0.0,8.161381
2019-05-18,0,0,reserve,system,3904.941,0.0,0.0,3904.941,0.0,7.296786
2019-05-18,1,0,reserve,system,3775.086,0.0,0.0,3775.086,0.0,6.65356
2019-05-18,2,0,reserve,system,3672.755,0.0,0.0,3672.755,0.0,0.0
2019-05-18,3,0,reserve,system,3621.303,0.0,1.849662,3621.303,0.0,0.0
2019-05-18,4,0,reserve,system,3632.366,0.0,0.0,3632.366,0.0,5.633174
2019-05-18,5,0,reserve,system,3684.412,0.0,0.0,3684.412,0.0,2.884033
2019-05-18,6,0,reserve,system,3788.362,0.0,0.0,3788.362,0.0,5.404966
2019-05-18,7,0,reserve,system,3980.53,0.0,0.0,3980.53,0.0,5.189237
2019-05-18,8,0,reserve,system,4204.88,0.0,1.681309,4204.88,0.0,7.174332
2019-05-18,9,0,reserve,system,4383.923,0.0,0.0,4383.923,0.0,6.420836
2019-05-18,10,0,reserve,system,4524.564,0.0,0.0,4524.564,0.0,7.200806
2019-05-18,11,0,reserve,system,4576.268,0.0,0.0,4576.268,0.0,10.82443
2019-05-18,12,0,reserve,system,4577.01,0.0,0.0,4577.01,0.0,6.488101
2019-05-18,13,0,reserve,system,4558.82,0.0,0.0,4558.82,0.0,5.116373
2019-05-18,14,0,reserve,system,4568.4,0.0,9.910014,4568.4,0.0,4.63192
2019-05-18,15,0,reserve,system,4580.532,0.0,0.0,4580.532,0.0,9.04464
2019-05-18,16,0,reserve,system,4541.665,0.0,0.0,4541.665,0.0,3.232897
2019-05-18,17,0,reserve,system,4515.062,0.0,0.0,4515.062,0.0,11.944592
2019-05-18,18,0,reserve,system,4457.648,0.0,0.0,4457.648,0.0,0.0
2019-05-18,19,0,reserve,system,4461.052,0.0,0.0,4461.052,0.0,24.42045
2019-05-18,20,0,reserve,system,4415.369,0.0,0.0,4415.369,0.0,11.458596
2019-05-18,21,0,reserve,system,4239.93,0.0,0.0,4239.93,0.0,0.0
2019-05-18,22,0,reserve,system,4027.286,0.0,0.0,4027.286,0.0,14.875706
2019-05-18,23,0,reserve,system,3804.617,0.0,0.0,3804.617,0.0,0.0
2019-05-19,0,0,reserve,system,3643.742,0.0,0.0,3643.742,0.0,11.515616
2019-05-19,1,0,reserve,system,3530.243,0.0,0.0,3530.243,0.0,0.0
2019-05-19,2,0,reserve,system,3461.473,0.0,0.0,3461.473,0.0,0.0
2019-05-19,3,0,reserve,system,3427.991,0.0,0.0,3427.991,0.0,11.405263
2019-05-19,4,0,reserve,system,3415.126,0.0,0.0,3415.126,0.0,0.0
2019-05-19,5,0,reserve,system,3420.954,0.0,0.0,3420.954,0.0,10.131444
2019-05-19,6,0,reserve,system,3487.492,0.0,0.0,3487.492,0.0,3.474622
2019-05-19,7,0,reserve,system,3736.466,0.0,0.0,3736.466,0.0,10.02826
2019-05-19,8,0,reserve,system,4022.923,0.0,0.0,4022.923,0.0,8.090743
2019-05-19,9,0,reserve,system,4305.18,0.0,29.931057,4305.18,0.0,10.044217
2019-05-19,10,0,reserve,system,4575.398,0.0,0.0,4575.398,0.0,8.926772
2019-05-19,11,0,reserve,system,4822.93,0.0,0.0,4822.93,0.0,11.227734
2019-05-19,12,0,reserve,system,5046.765,0.0,0.0,5046.765,0.0,13.16762
2019-05-19,13,0,reserve,system,5244.954,0.0,0.0,5244.954,0.0,3.694857
2019-05-19,14,0,reserve,system,5391.882,0.0,0.0,5391.882,0.0,11.92086
2019-05-19,15,0,reserve,system,5507.651,0.0,0.0,5507.651,0.0,9.339589
2019-05-19,16,0,reserve,system,5544.152,0.0,0.0,5544.152,0.0,23.934897
2019-05-19,17,0,reserve,system,5461.962,0.0,0.0,5461.962,0.0,9.971481
2019-05-19,18,0,reserve,system,5288.743,0.0,0.0,5288.743,0.0,6.919602
2019-05-19,19,0,reserve,system,5148.488,0.0,0.0,5148.488,0.0,13.364731
2019-05-19,20,0,reserve,system,4997.185,0.0,0.0,4997.185,0.0,10.82416
2019-05-19,21,0,reserve,system,4694.715,0.0,0.0,4694.715,0.0,6.953427
2019-05-19,22,0,reserve,system,4323.568,0.0,0.0,4323.568,0.0,6.715466
2019-05-19,23,0,reserve,system,4019.109,0.0,0.0,4019.109,0.0,6.646943
2019-05-20,0,0,reserve,system,3819.533,0.0,0.0,3819.533,0.0,7.155066
2019-05-20,1,0,reserve,system,3714.01,0.0,3.280427,3714.01,0.0,1.620097
2019-05-20,2,0,reserve,system,3669.596,0.0,0.0,3669.596,0.0,0.0
2019-05-20,3,0,reserve,system,3711.59,0.0,0.0,3711.59,0.0,3.655956
2019-05-20,4,0,reserve,system,3899.241,0.0,0.0,3899.241,0.0,4.728918
2019-05-20,5,0,reserve,system,4192.614,0.0,0.0,4192.614,0.0,7.549277
2019-05-20,6,0,reserve,system,4334.16,0.0,13.139099,4334.16,0.0,6.026224
2019-05-20,7,0,reserve,system,4463.477,0.0,0.0,4463.477,0.0,7.286764
2019-05-20,8,0,reserve,system,4682.244,0.0,0.0,4682.244,0.0,6.442053
2019-05-20,9,0,reserve,system,4921.874,0.0,0.0,4921.874,0.0,7.156314
2019-05-20,10,0,reserve,system,5134.289,0.0,0.0,5134.289,0.0,7.330994
2019-05-20,11,0,reserve,system,5331.485,0.0,4.276067,5331.485,0.0,12.230495
2019-05-20,12,0,reserve,system,5539.323,0.0,0.0,5539.323,0.0,9.466082
2019-05-20,13,0,reserve,system,5691.361,0.0,0.0,5691.361,0.0,13.963476
2019-05-20,14,0,reserve,system,5789.122,0.0,0.0,5789.122,0.0,14.295182
2019-05-20,15,0,reserve,system,5869.052,0.0,0.0,5869.052,0.0,13.565631
2019-05-20,16,0,reserve,system,5839.561,0.0,0.0,5839.561,0.0,25.885648
2019-05-20,17,0,reserve,system,5683.883,0.0,0.0,5683.883,0.0,13.360112
2019-05-20,18,0,reserve,system,5468.823,0.0,0.0,5468.823,0.0,10.645593
2019-05-20,19,0,reserve,system,5377.886,0.0,0.0,5377.886,0.0,17.622598
2019-05-20,20,0,reserve,system,5202.419,0.0,0.0,5202.419,0.0,7.400149
2019-05-20,21,0,reserve,system,4840.61,0.0,0.0,4840.61,0.0,11.047983
2019-05-20,22,0,reserve,system,4466.913,0.0,0.0,4466.913,0.0,0.0
2019-05-20,23,0,reserve,system,4170.082,0.0,0.0,4170.082,0.0,13.153803
2019-05-21,0,0,reserve,system,3975.749,0.0,0.0,3975.749,0.0,0.0
2019-05-21,1,0,reserve,system,3863.878,0.0,11.750699,3863.878,0.0,17.416672
2019-05-21,2,0,reserve,system,3795.989,0.0,0.0,3795.989,0.0,7.735422
2019-05-21,3,0,reserve,system,3806.069,0.0,0.0,3806.069,0.0,0.0
2019-05-21,4,0,reserve,system,3947.623,0.0,0.0,3947.623,0.0,0.0
2019-05-21,5,0,reserve,system,4190.166,0.0,8.04298,4190.166,0.0,9.59924
2019-05-21,6,0,reserve,system,4249.544,0.0,0.0,4249.544,0.0,5.656305
2019-05-21,7,0,reserve,system,4288.393,0.0,21.963259,4288.393,0.0,15.459082
2019-05-21,8,0,reserve,system,4378.823,0.0,0.0,4378.823,0.0,0.409831
2019-05-21,9,0,reserve,system,4499.173,0.0,0.0,4499.173,0.0,6.254475
2019-05-21,10,0,reserve,system,4591.387,0.0,0.0,4591.387,0.0,3.322619
2019-05-21,11,0,reserve,system,4721.336,0.0,0.0,4721.336,0.0,8.70903
2019-05-21,12,0,reserve,system,4901.625,0.0,0.0,4901.625,0.0,7.36017
2019-05-21,13,0,reserve,system,5067.931,0.0,0.0,5067.931,0.0,8.778628
2019-05-21,14,0,reserve,system,5222.184,0.0,26.49193,5222.184,0.0,11.14683
2019-05-21,15,0,reserve,system,5371.54,0.0,22.102791,5371.54,0.0,9.708071
2019-05-21,16,0,reserve,system,5421.268,0.0,50.0,5421.268,0.0,23.002222
2019-05-21,17,0,reserve,system,5333.408,0.0,0.0,5333.408,0.0,12.766055
2019-05-21,18,0,reserve,system,5140.143,0.0,0.0,5140.143,0.0,2.756765
2019-05-21,19,0,reserve,system,4998.589,0.0,12.890673,4998.589,0.0,15.224907
2019-05-21,20,0,reserve,system,4845.151,0.0,0.0,4845.151,0.0,7.952272
2019-05-21,21,0,reserve,system,4516.236,0.0,0.0,4516.236,0.0,5.261695
2019-05-21,22,0,reserve,system,4146.301,0.0,0.0,4146.301,0.0,9.880504
2019-05-21,23,0,reserve,system,3868.554,0.0,0.0,3868.554,0.0,0.0
2019-05-22,0,0,reserve,system,3697.514,0.0,0.0,3697.514,0.0,6.711577
2019-05-22,1,0,reserve,system,3596.059,0.0,0.0,3596.059,0.0,0.0
2019-05-22,2,0,reserve,system,3549.429,0.0,0.0,3549.429,0.0,0.0
2019-05-22,3,0,reserve,system,3598.694,0.0,0.0,3598.694,0.0,4.918618
2019-05-22,4,0,reserve,system,3794.621,0.0,8.298919,3794.621,0.0,7.308671
2019-05-22,5,0,reserve,system,4078.325,0.0,3.549006,4078.325,0.0,6.865986
2019-05-22,6,0,reserve,system,4222.371,0.0,0.0,4222.371,0.0,8.164205
2019-05-22,7,0,reserve,system,4355.16,0.0,21.555555,4355.16,0.0,14.277113
2019-05-22,8,0,reserve,system,4581.283,0.0,0.0,4581.283,0.0,0.0
2019-05-22,9,0,reserve,system,4859.645,0.0,0.0,4859.645,0.0,12.926527
2019-05-22,10,0,reserve,system,5148.692,0.0,0.0,5148.692,0.0,8.411211
2019-05-22,11,0,reserve,system,5388.561,0.0,0.0,5388.561,0.0,12.555625
2019-05-22,12,0,reserve,system,5615.062,0.0,0.912886,5615.062,0.0,8.606059
2019-05-22,13,0,reserve,system,5800.613,0.0,0.0,5800.613,0.0,11.468819
2019-05-22,14,0,reserve,system,5914.431,0.0,0.0,5914.431,0.0,9.346443
2019-05-22,15,0,reserve,system,5982.849,0.0,0.0,5982.849,0.0,10.008921
2019-05-22,16,0,reserve,system,5953.262,0.0,50.0,5953.262,0.0,20.875785
2019-05-22,17,0,reserve,system,5832.981,0.0,0.0,5832.981,0.0,10.538467
2019-05-22,18,0,reserve,system,5655.366,0.0,0.0,5655.366,0.0,9.738718
2019-05-22,19,0,reserve,system,5530.089,0.0,0.0,5530.089,0.0,10.22447
2019-05-22,20,0,reserve,system,5395.113,0.0,0.0,5395.113,0.0,10.522838
2019-05-22,21,0,reserve,system,5062.428,0.0,0.0,5062.428,0.0,9.969063
2019-05-22,22,0,reserve,system,4691.222,0.0,0.0,4691.222,0.0,5.607144
2019-05-22,23,0,reserve,system,4396.694,0.0,0.0,4396.694,0.0,10.092002
2019-05-23,0,0,reserve,system,4204.091,0.0,0.0,4204.091,0.0,9.017688
2019-05-23,1,0,reserve,system,4063.583,0.0,0.0,4063.583,0.0,6.65607
2019-05-23,2,0,reserve,system,3977.546,0.0,0.0,3977.546,0.0,0.0
2019-05-23,3,0,reserve,system,3970.815,0.0,0.0,3970.815,0.0,0.0
2019-05-23,4,0,reserve,system,4097.965,0.0,14.406972,4097.965,0.0,6.674076
2019-05-23,5,0,reserve,system,4333.915,0.0,0.0,4333.915,0.0,6.659908
2019-05-23,6,0,reserve,system,4447.166,0.0,12.289962,4447.166,0.0,6.793996
2019-05-23,7,0,reserve,system,4591.573,0.0,2.28894,4591.573,0.0,6.955275
2019-05-23,8,0,reserve,system,4821.713,0.0,0.0,4821.713,0.0,7.021244
2019-05-23,9,0,reserve,system,5068.131,0.0,4.024821,5068.131,0.0,8.025895
2019-05-23,10,0,reserve,system,5298.214,0.0,0.0,5298.214,0.0,9.09457
2019-05-23,11,0,reserve,system,5498.845,0.0,1.742539,5498.845,0.0,10.801837
2019-05-23,12,0,reserve,system,5708.815,0.0,50.0,5708.815,0.0,10.598195
2019-05-23,13,0,reserve,system,5879.922,0.0,0.0,5879.922,0.0,9.680718
2019-05-23,14,0,reserve,system,6009.964,0.0,0.0,6009.964,0.0,11.172445
2019-05-23,15,0,reserve,system,6081.65,0.0,0.0,6081.65,0.0,17.269032
2019-05-23,16,0,reserve,system,6024.753,0.0,0.0,6024.753,0.0,13.763996
2019-05-23,17,0,reserve,system,5853.578,0.0,0.0,5853.578,0.0,21.309024
2019-05-23,18,0,reserve,system,5652.045,0.0,0.0,5652.045,0.0,0.0
2019-05-23,19,0,reserve,system,5541.315,0.0,0.0,5541.315,0.0,24.587545
2019-05-23,20,0,reserve,system,5407.735,0.0,0.0,5407.735,0.0,13.216106
2019-05-23,21,0,reserve,system,5085.409,0.0,0.0,5085.409,0.0,12.172841
2019-05-23,22,0,reserve,system,4716.428,0.0,0.0,4716.428,0.0,6.520955
2019-05-23,23,0,reserve,system,4408.019,0.0,0.0,4408.019,0.0,6.852085
2019-05-24,0,0,reserve,system,4182.75,0.0,0.0,4182.75,0.0,0.0
2019-05-24,1,0,reserve,system,4023.682,0.0,0.0,4023.682,0.0,21.032052
2019-05-24,2,0,reserve,system,3932.21,0.0,0.0,3932.21,0.0,0.0
2019-05-24,3,0,reserve,system,3915.224,0.0,0.0,3915.224,0.0,5.166381
2019-05-24,4,0,reserve,system,4036.636,0.0,0.0,4036.636,0.0,0.0
2019-05-24,5,0,reserve,system,4244.895,0.0,0.0,4244.895,0.0,9.136082
2019-05-24,6,0,reserve,system,4370.933,0.0,0.0,4370.933,0.0,5.272399
2019-05-24,7,0,reserve,system,4540.442,0.0,0.0,4540.442,0.0,7.50305
2019-05-24,8,0,reserve,system,4790.639,0.0,0.0,4790.639,0.0,6.925025
2019-05-24,9,0,reserve,system,5066.179,0.0,3.460086,5066.179,0.0,7.31521
2019-05-24,10,0,reserve,system,5325.796,0.0,6.906605,5325.796,0.0,11.405726
2019-05-24,11,0,reserve,system,5540.321,0.0,0.0,5540.321,0.0,9.798689
2019-05-24,12,0,reserve,system,5733.607,0.0,0.0,5733.607,0.0,11.03741
2019-05-24,13,0,reserve,system,5876.133,0.0,14.257462,5876.133,0.0,10.529875
2019-05-24,14,0,reserve,system,5969.538,0.0,0.0,5969.538,0.0,10.213432
2019-05-24,15,0,reserve,system,6000.459,0.0,0.0,6000.459,0.0,9.697528
2019-05-24,16,0,reserve,system,5923.603,0.0,0.0,5923.603,0.0,15.997031
2019-05-24,17,0,reserve,system,5715.501,0.0,0.0,5715.501,0.0,12.231152
2019-05-24,18,0,reserve,system,5434.238,0.0,0.0,5434.238,0.0,5.383969
2019-05-24,19,0,reserve,system,5257.025,0.0,0.0,5257.025,0.0,12.918465
2019-05-24,20,0,reserve,system,5098.168,0.0,0.0,5098.168,0.0,8.399744
2019-05-24,21,0,reserve,system,4819.712,0.0,0.0,4819.712,0.0,6.521787
2019-05-24,22,0,reserve,system,4509.293,0.0,0.0,4509.293,0.0,9.054039
2019-05-24,23,0,reserve,system,4208.012,0.0,0.0,4208.012,0.0,0.0
2019-05-25,0,0,reserve,system,3984.488,0.0,0.0,3984.488,0.0,6.778802
2019-05-25,1,0,reserve,system,3828.431,0.0,6.562153,3828.431,0.0,0.0
2019-05-25,2,0,reserve,system,3735.322,0.0,0.0,3735.322,0.0,5.190998
2019-05-25,3,0,reserve,system,3672.436,0.0,0.0,3672.436,0.0,0.0
2019-05-25,4,0,reserve,system,3679.51,0.0,2.654618,3679.51,0.0,4.662975
2019-05-25,5,0,reserve,system,3703.539,0.0,0.0,3703.539,0.0,3.731365
2019-05-25,6,0,reserve,system,3815.927,0.0,8.871085,3815.927,0.0,4.549387
2019-05-25,7,0,reserve,system,4108.888,0.0,6.375761,4108.888,0.0,7.465482
2019-05-25,8,0,reserve,system,4425.493,0.0,0.0,4425.493,0.0,6.310457
2019-05-25,9,0,reserve,system,4737.409,0.0,7.080711,4737.409,0.0,7.327702
2019-05-25,10,0,reserve,system,5012.84,0.0,0.0,5012.84,0.0,7.139392
2019-05-25,11,0,reserve,system,5249.187,0.0,0.0,5249.187,0.0,7.788388
2019-05-25,12,0,reserve,system,5443.228,0.0,0.0,5443.228,0.0,11.516532
2019-05-25,13,0,reserve,system,5590.178,0.0,13.2292,5590.178,0.0,10.227495
2019-05-25,14,0,reserve,system,5693.306,0.0,0.0,5693.306,0.0,10.098068
2019-05-25,15,0,reserve,system,5728.095,0.0,17.928652,5728.095,0.0,15.724188
2019-05-25,16,0,reserve,system,5702.781,0.0,0.0,5702.781,0.0,18.366406
2019-05-25,17,0,reserve,system,5556.114,0.0,0.0,5556.114,0.0,11.422803
2019-05-25,18,0,reserve,system,5319.009,0.0,0.0,5319.009,0.0,5.75165
2019-05-25,19,0,reserve,system,5141.305,0.0,0.0,5141.305,0.0,15.865632
2019-05-25,20,0,reserve,system,4985.741,0.0,0.0,4985.741,0.0,6.267375
2019-05-25,21,0,reserve,system,4731.54,0.0,0.0,4731.54,0.0,8.190402
2019-05-25,22,0,reserve,system,4440.461,0.0,0.0,4440.461,0.0,5.140029
2019-05-25,23,0,reserve,system,4162.806,0.0,0.0,4162.806,0.0,4.88311
2019-05-26,0,0,reserve,system,3936.948,0.0,0.0,3936.948,0.0,6.356985
2019-05-26,1,0,reserve,system,3769.275,0.0,0.0,3769.275,0.0,4.948137
2019-05-26,2,0,reserve,system,3648.895,0.0,0.0,3648.895,0.0,1.120558
2019-05-26,3,0,reserve,system,3576.493,0.0,0.0,3576.493,0.0,0.284809
2019-05-26,4,0,reserve,system,3553.698,0.0,0.0,3553.698,0.0,10.438483
2019-05-26,5,0,reserve,system,3546.859,0.0,0.0,3546.859,0.0,0.0
2019-05-26,6,0,reserve,system,3627.121,0.0,0.0,3627.121,0.0,0.0
2019-05-26,7,0,reserve,system,3913.749,0.0,0.0,3913.749,0.0,6.355704
2019-05-26,8,0,reserve,system,4232.494,0.0,36.941721,4232.494,0.0,5.680833
2019-05-26,9,0,reserve,system,4522.793,0.0,0.0,4522.793,0.0,7.49083
2019-05-26,10,0,reserve,system,4793.534,0.0,0.0,4793.534,0.0,6.815101
2019-05-26,11,0,reserve,system,5038.175,0.0,0.0,5038.175,0.0,7.066147
2019-05-26,12,0,reserve,system,5256.358,0.0,2.774453,5256.358,0.0,7.955927
2019-05-26,13,0,reserve,system,5435.275,0.0,19.550467,5435.275,0.0,11.599322
2019-05-26,14,0,reserve,system,5552.885,0.0,0.0,5552.885,0.0,10.36537
2019-05-26,15,0,reserve,system,5604.761,0.0,20.041435,5604.761,0.0,20.232812
2019-05-26,16,0,reserve,system,5583.691,0.0,0.0,5583.691,0.0,14.581329
2019-05-26,17,0,reserve,system,5436.036,0.0,0.0,5436.036,0.0,11.072711
2019-05-26,18,0,reserve,system,5209.633,0.0,0.0,5209.633,0.0,5.879846
2019-05-26,19,0,reserve,system,5054.773,0.0,0.0,5054.773,0.0,15.390102
2019-05-26,20,0,reserve,system,4912.578,0.0,0.0,4912.578,0.0,6.838731
2019-05-26,21,0,reserve,system,4654.511,0.0,0.0,4654.511,0.0,8.15125
2019-05-26,22,0,reserve,system,4360.857,0.0,0.0,4360.857,0.0,5.29025
2019-05-26,23,0,reserve,system,4092.395,0.0,0.0,4092.395,0.0,4.491485
2019-05-27,0,0,reserve,system,3877.356,0.0,0.0,3877.356,0.0,6.007117
2019-05-27,1,0,reserve,system,3733.838,0.0,5.502023,3733.838,0.0,5.37977
2019-05-27,2,0,reserve,system,3636.578,0.0,0.0,3636.578,0.0,0.0
2019-05-27,3,0,reserve,system,3600.115,0.0,0.0,3600.115,0.0,0.0
2019-05-27,4,0,reserve,system,3626.196,0.0,0.0,3626.196,0.0,6.763378
2019-05-27,5,0,reserve,system,3641.02,0.0,14.657471,3641.02,0.0,0.804414
2019-05-27,6,0,reserve,system,3686.755,0.0,0.0,3686.755,0.0,4.930869
2019-05-27,7,0,reserve,system,3924.437,0.0,0.0,3924.437,0.0,6.408935
2019-05-27,8,0,reserve,system,4271.795,0.0,15.192569,4271.795,0.0,6.982297
2019-05-27,9,0,reserve,system,4621.716,0.0,0.0,4621.716,0.0,6.815888
2019-05-27,10,0,reserve,system,4914.419,0.0,0.0,4914.419,0.0,7.399376
2019-05-27,11,0,reserve,system,5165.579,0.0,0.0,5165.579,0.0,6.938447
2019-05-27,12,0,reserve,system,5377.203,0.0,0.0,5377.203,0.0,9.252741
2019-05-27,13,0,reserve,system,5548.786,0.0,14.123904,5548.786,0.0,11.19559
2019-05-27,14,0,reserve,system,5679.368,0.0,4.064271,5679.368,0.0,10.491342
2019-05-27,15,0,reserve,system,5781.566,0.0,20.487906,5781.566,0.0,11.99042
2019-05-27,16,0,reserve,system,5775.008,0.0,20.752238,5775.008,0.0,19.333966
2019-05-27,17,0,reserve,system,5652.451,0.0,0.0,5652.451,0.0,14.591824
2019-05-27,18,0,reserve,system,5452.708,0.0,0.0,5452.708,0.0,6.473905
2019-05-27,19,0,reserve,system,5300.325,0.0,0.0,5300.325,0.0,13.168717
2019-05-27,20,0,reserve,system,5166.005,0.0,0.0,5166.005,0.0,9.31564
2019-05-27,21,0,reserve,system,4834.795,0.0,0.0,4834.795,0.0,7.886568
2019-05-27,22,0,reserve,system,4450.144,0.0,0.0,4450.144,0.0,5.683635
2019-05-27,23,0,reserve,system,4140.068,0.0,0.0,4140.068,0.0,6.047615
2019-05-28,0,0,reserve,system,3913.034,0.0,0.0,3913.034,0.0,9.036733
2019-05-28,1,0,reserve,system,3771.017,0.0,0.0,3771.017,0.0,0.0
2019-05-28,2,0,reserve,system,3700.533,0.0,0.0,3700.533,0.0,0.219216
2019-05-28,3,0,reserve,system,3719.096,0.0,0.0,3719.096,0.0,4.925572
2019-05-28,4,0,reserve,system,3875.14,0.0,6.932398,3875.14,0.0,4.532481
2019-05-28,5,0,reserve,system,4125.62,0.0,0.0,4125.62,0.0,7.864814
2019-05-28,6,0,reserve,system,4272.019,0.0,0.0,4272.019,0.0,5.506495
2019-05-28,7,0,reserve,system,4445.898,0.0,0.0,4445.898,0.0,7.334594
2019-05-28,8,0,reserve,system,4698.81,0.0,12.793788,4698.81,0.0,6.86981
2019-05-28,9,0,reserve,system,4972.149,0.0,17.197852,4972.149,0.0,7.526715
2019-05-28,10,0,reserve,system,5218.391,0.0,0.0,5218.391,0.0,11.925121
2019-05-28,11,0,reserve,system,5412.308,0.0,2.871292,5412.308,0.0,10.120394
2019-05-28,12,0,reserve,system,5575.484,0.0,0.0,5575.484,0.0,10.537119
2019-05-28,13,0,reserve,system,5666.851,0.0,0.0,5666.851,0.0,11.262272
2019-05-28,14,0,reserve,system,5759.407,0.0,0.0,5759.407,0.0,8.092925
2019-05-28,15,0,reserve,system,5825.252,0.0,0.0,5825.252,0.0,13.484133
2019-05-28,16,0,reserve,system,5817.871,0.0,0.0,5817.871,0.0,17.85415
2019-05-28,17,0,reserve,system,5717.73,0.0,0.0,5717.73,0.0,5.084757
2019-05-28,18,0,reserve,system,5554.426,0.0,0.0,5554.426,0.0,0.0
2019-05-28,19,0,reserve,system,5437.851,0.0,0.0,5437.851,0.0,18.465558
2019-05-28,20,0,reserve,system,5299.425,0.0,0.0,5299.425,0.0,15.508138
2019-05-28,21,0,reserve,system,4983.62,0.0,0.0,4983.62,0.0,10.921457
2019-05-28,22,0,reserve,system,4615.855,0.0,0.0,4615.855,0.0,9.363507
2019-05-28,23,0,reserve,system,4316.761,0.0,0.0,4316.761,0.0,9.314289
2019-05-29,0,0,reserve,system,4110.138,0.0,0.0,4110.138,0.0,10.983228
2019-05-29,1,0,reserve,system,3980.675,0.0,0.0,3980.675,0.0,9.458397
2019-05-29,2,0,reserve,system,3911.014,0.0,0.0,3911.014,0.0,0.0
2019-05-29,3,0,reserve,system,3936.245,0.0,0.0,3936.245,0.0,0.0
2019-05-29,4,0,reserve,system,4085.797,0.0,1.028956,4085.797,0.0,9.610383
2019-05-29,5,0,reserve,system,4299.712,0.0,1.365086,4299.712,0.0,6.024984
2019-05-29,6,0,reserve,system,4436.939,0.0,0.0,4436.939,0.0,11.181906
2019-05-29,7,0,reserve,system,4571.657,0.0,29.931057,4571.657,0.0,17.658629
2019-05-29,8,0,reserve,system,4764.732,0.0,0.0,4764.732,0.0,0.51232
2019-05-29,9,0,reserve,system,4999.704,0.0,0.0,4999.704,0.0,14.324384
2019-05-29,10,0,reserve,system,5164.044,0.0,35.366038,5164.044,0.0,9.063796
2019-05-29,11,0,reserve,system,5304.805,0.0,0.0,5304.805,0.0,10.641463
2019-05-29,12,0,reserve,system,5448.803,0.0,0.0,5448.803,0.0,9.48726
2019-05-29,13,0,reserve,system,5484.736,0.0,0.0,5484.736,0.0,12.078009
2019-05-29,14,0,reserve,system,5510.262,0.0,47.755149,5510.262,0.0,12.951946
2019-05-29,15,0,reserve,system,5553.3,0.0,0.0,5553.3,0.0,29.726317
2019-05-29,16,0,reserve,system,5505.701,0.0,0.0,5505.701,0.0,13.581864
2019-05-29,17,0,reserve,system,5356.094,0.0,0.0,5356.094,0.0,4.0601
2019-05-29,18,0,reserve,system,5184.702,0.0,0.0,5184.702,0.0,13.922954
2019-05-29,19,0,reserve,system,5067.998,0.0,0.0,5067.998,0.0,6.907018
2019-05-29,20,0,reserve,system,4943.142,0.0,0.0,4943.142,0.0,9.463136
2019-05-29,21,0,reserve,system,4618.006,0.0,0.0,4618.006,0.0,13.86177
2019-05-29,22,0,reserve,system,4269.482,0.0,0.0,4269.482,0.0,0.0
2019-05-29,23,0,reserve,system,3975.813,0.0,0.0,3975.813,0.0,0.0
2019-05-30,0,0,reserve,system,3775.172,0.0,0.0,3775.172,0.0,11.207102
2019-05-30,1,0,reserve,system,3654.97,0.0,0.0,3654.97,0.0,0.0
2019-05-30,2,0,reserve,system,3582.916,0.0,0.0,3582.916,0.0,0.0
2019-05-30,3,0,reserve,system,3600.309,0.0,0.0,3600.309,0.0,8.643238
2019-05-30,4,0,reserve,system,3758.222,0.0,0.0,3758.222,0.0,5.908743
2019-05-30,5,0,reserve,system,3990.13,0.0,0.0,3990.13,0.0,8.928536
2019-05-30,6,0,reserve,system,4115.657,0.0,0.0,4115.657,0.0,9.966798
2019-05-30,7,0,reserve,system,4239.46,0.0,0.0,4239.46,0.0,25.95722
2019-05-30,8,0,reserve,system,4392.204,0.0,0.0,4392.204,0.0,0.0
2019-05-30,9,0,reserve,system,4644.132,0.0,0.0,4644.132,0.0,8.030584
2019-05-30,10,0,reserve,system,4926.165,0.0,0.0,4926.165,0.0,3.703984
2019-05-30,11,0,reserve,system,5168.46,0.0,50.0,5168.46,0.0,13.776206
2019-05-30,12,0,reserve,system,5371.536,0.0,0.0,5371.536,0.0,8.016802
2019-05-30,13,0,reserve,system,5521.267,0.0,0.0,5521.267,0.0,14.113767
2019-05-30,14,0,reserve,system,5635.106,0.0,0.0,5635.106,0.0,19.818868
2019-05-30,15,0,reserve,system,5703.555,0.0,0.0,5703.555,0.0,10.22056
2019-05-30,16,0,reserve,system,5677.037,0.0,0.0,5677.037,0.0,10.755901
2019-05-30,17,0,reserve,system,5523.247,0.0,0.0,5523.247,0.0,9.194985
2019-05-30,18,0,reserve,system,5334.644,0.0,0.0,5334.644,0.0,8.2437
2019-05-30,19,0,reserve,system,5196.824,0.0,0.0,5196.824,0.0,13.309627
2019-05-30,20,0,reserve,system,5023.896,0.0,0.0,5023.896,0.0,8.883963
2019-05-30,21,0,reserve,system,4690.17,0.0,0.0,4690.17,0.0,6.683853
2019-05-30,22,0,reserve,system,4314.043,0.0,0.0,4314.043,0.0,11.04978
2019-05-30,23,0,reserve,system,4010.416,0.0,0.0,4010.416,0.0,7.564734
2019-05-31,0,0,reserve,system,3784.082,0.0,0.0,3784.082,0.0,13.14162
2019-05-31,1,0,reserve,system,3627.392,0.0,0.0,3627.392,0.0,0.0
2019-05-31,2,0,reserve,system,3539.716,0.0,0.0,3539.716,0.0,0.0
2019-05-31,3,0,reserve,system,3550.086,0.0,0.0,3550.086,0.0,9.590901
2019-05-31,4,0,reserve,system,3677.108,0.0,0.0,3677.108,0.0,5.771724
2019-05-31,5,0,reserve,system,3881.042,0.0,0.0,3881.042,0.0,14.503592
2019-05-31,6,0,reserve,system,4044.408,0.0,0.0,4044.408,0.0,6.844532
2019-05-31,7,0,reserve,system,4228.334,0.0,0.0,4228.334,0.0,1.878256
2019-05-31,8,0,reserve,system,4433.14,0.0,0.0,4433.14,0.0,13.075214
2019-05-31,9,0,reserve,system,4663.607,0.0,0.0,4663.607,0.0,8.464111
2019-05-31,10,0,reserve,system,4893.606,0.0,0.0,4893.606,0.0,10.348401
2019-05-31,11,0,reserve,system,5109.919,0.0,0.0,5109.919,0.0,12.793943
2019-05-31,12,0,reserve,system,5322.282,0.0,0.0,5322.282,0.0,15.591936
2019-05-31,13,0,reserve,system,5508.933,0.0,0.0,5508.933,0.0,0.0
2019-05-31,14,0,reserve,system,5642.115,0.0,0.0,5642.115,0.0,11.381215
2019-05-31,15,0,reserve,system,5674.559,0.0,0.0,5674.559,0.0,19.332466
2019-05-31,16,0,reserve,system,5630.717,0.0,0.0,5630.717,0.0,12.126192
2019-05-31,17,0,reserve,system,5490.167,0.0,0.0,5490.167,0.0,10.619176
2019-05-31,18,0,reserve,system,5278.186,0.0,0.0,5278.186,0.0,8.222939
2019-05-31,19,0,reserve,system,5083.748,0.0,0.0,5083.748,0.0,12.000179
2019-05-31,20,0,reserve,system,4920.691,0.0,0.0,4920.691,0.0,10.700966
2019-05-31,21,0,reserve,system,4649.852,0.0,0.0,4649.852,0.0,9.943115
2019-05-31,22,0,reserve,system,4324.216,0.0,0.0,4324.216,0.0,6.755446
2019-05-31,23,0,reserve,system,4022.682,0.0,0.0,4022.682,0.0,7.421706
2019-06-01,0,0,reserve,system,3783.616,0.0,0.0,3783.616,0.0,13.674195
2019-06-01,1,0,reserve,system,3609.753,0.0,0.0,3609.753,0.0,0.0
2019-06-01,2,0,reserve,system,3508.364,0.0,0.0,3508.364,0.0,3.571088
2019-06-01,3,0,reserve,system,3465.182,0.0,0.0,3465.182,0.0,0.0
2019-06-01,4,0,reserve,system,3469.919,0.0,0.0,3469.919,0.0,8.903519
2019-06-01,5,0,reserve,system,3500.461,0.0,2.276873,3500.461,0.0,5.491256
2019-06-01,6,0,reserve,system,3635.1,0.0,0.0,3635.1,0.0,7.201985
2019-06-01,7,0,reserve,system,3945.82,0.0,0.0,3945.82,0.0,9.001088
2019-06-01,8,0,reserve,system,4330.637,0.0,0.0,4330.637,0.0,9.74083
2019-06-01,9,0,reserve,system,4731.573,0.0,0.0,4731.573,0.0,12.933813
2019-06-01,10,0,reserve,system,5106.737,0.0,0.0,5106.737,0.0,4.620987
2019-06-01,11,0,reserve,system,5410.706,0.0,0.0,5410.706,0.0,14.000087
2019-06-01,12,0,reserve,system,5667.158,0.0,0.0,5667.158,0.0,7.288633
2019-06-01,13,0,reserve,system,5850.36,0.0,0.0,5850.36,0.0,8.700593
2019-06-01,14,0,reserve,system,5971.141,0.0,0.0,5971.141,0.0,10.423598
2019-06-01,15,0,reserve,system,6010.945,0.0,0.0,6010.945,0.0,28.751129
2019-06-01,16,0,reserve,system,5912.133,0.0,0.0,5912.133,0.0,10.20233
2019-06-01,17,0,reserve,system,5671.396,0.0,0.0,5671.396,0.0,11.000304
2019-06-01,18,0,reserve,system,5381.603,0.0,0.0,5381.603,0.0,4.179885
2019-06-01,19,0,reserve,system,5172.063,0.0,0.0,5172.063,0.0,14.882949
2019-06-01,20,0,reserve,system,4992.844,0.0,0.0,4992.844,0.0,11.882819
2019-06-01,21,0,reserve,system,4725.253,0.0,0.0,4725.253,0.0,6.537153
2019-06-01,22,0,reserve,system,4416.156,0.0,0.0,4416.156,0.0,12.381629
2019-06-01,23,0,reserve,system,4127.297,0.0,0.0,4127.297,0.0,6.489967
2019-06-02,0,0,reserve,system,3892.579,0.0,0.0,3892.579,0.0,6.942152
2019-06-02,1,0,reserve,system,3711.988,0.0,0.0,3711.988,0.0,0.0
2019-06-02,2,0,reserve,system,3584.703,0.0,0.0,3584.703,0.0,3.409131
2019-06-02,3,0,reserve,system,3517.816,0.0,0.0,3517.816,0.0,0.0
2019-06-02,4,0,reserve,system,3494.761,0.0,3.780055,3494.761,0.0,12.256193
2019-06-02,5,0,reserve,system,3487.308,0.0,3.898948,3487.308,0.0,0.0
2019-06-02,6,0,reserve,system,3567.285,0.0,1.845057,3567.285,0.0,9.759951
2019-06-02,7,0,reserve,system,3799.852,0.0,0.0,3799.852,0.0,5.68992
2019-06-02,8,0,reserve,system,4102.095,0.0,30.140871,4102.095,0.0,9.516335
2019-06-02,9,0,reserve,system,4416.791,0.0,0.0,4416.791,0.0,10.196218
2019-06-02,10,0,reserve,system,4738.821,0.0,0.0,4738.821,0.0,11.383471
2019-06-02,11,0,reserve,system,5027.507,0.0,0.0,5027.507,0.0,12.257862
2019-06-02,12,0,reserve,system,5270.532,0.0,0.0,5270.532,0.0,15.281801
2019-06-02,13,0,reserve,system,5503.73,0.0,0.0,5503.73,0.0,0.0
2019-06-02,14,0,reserve,system,5685.548,0.0,0.0,5685.548,0.0,11.28076
2019-06-02,15,0,reserve,system,5793.884,0.0,0.0,5793.884,0.0,9.019342
2019-06-02,16,0,reserve,system,5834.407,0.0,0.0,5834.407,0.0,21.401145
2019-06-02,17,0,reserve,system,5774.218,0.0,0.0,5774.218,0.0,14.281352
2019-06-02,18,0,reserve,system,5609.577,0.0,0.0,5609.577,0.0,2.659825
2019-06-02,19,0,reserve,system,5448.406,0.0,0.0,5448.406,0.0,14.565769
2019-06-02,20,0,reserve,system,5282.76,0.0,0.0,5282.76,0.0,10.418119
2019-06-02,21,0,reserve,system,4956.381,0.0,0.0,4956.381,0.0,10.86675
2019-06-02,22,0,reserve,system,4564.13,0.0,0.0,4564.13,0.0,10.164367
2019-06-02,23,0,reserve,system,4236.965,0.0,0.0,4236.965,0.0,7.4316
2019-06-03,0,0,reserve,system,3996.863,0.0,3.398098,3996.863,0.0,13.376909
2019-06-03,1,0,reserve,system,3850.631,0.0,0.0,3850.631,0.0,0.0
2019-06-03,2,0,reserve,system,3739.882,0.0,0.0,3739.882,0.0,0.185139
2019-06-03,3,0,reserve,system,3742.924,0.0,0.0,3742.924,0.0,9.165744
2019-06-03,4,0,reserve,system,3862.42,0.0,0.0,3862.42,0.0,5.353146
2019-06-03,5,0,reserve,system,4039.504,0.0,0.0,4039.504,0.0,8.611286
2019-06-03,6,0,reserve,system,4217.098,0.0,0.0,4217.098,0.0,4.263495
2019-06-03,7,0,reserve,system,4475.072,0.0,0.0,4475.072,0.0,9.469412
2019-06-03,8,0,reserve,system,4778.633,0.0,0.0,4778.633,0.0,9.85992
2019-06-03,9,0,reserve,system,5154.527,0.0,0.0,5154.527,0.0,10.121725
2019-06-03,10,0,reserve,system,5509.505,0.0,0.0,5509.505,0.0,11.984932
2019-06-03,11,0,reserve,system,5796.554,0.0,0.0,5796.554,0.0,7.231551
2019-06-03,12,0,reserve,system,6045.731,0.0,0.0,6045.731,0.0,11.108096
2019-06-03,13,0,reserve,system,6242.973,0.0,0.0,6242.973,0.0,8.444056
2019-06-03,14,0,reserve,system,6365.427,0.0,0.0,6365.427,0.0,10.599914
2019-06-03,15,0,reserve,system,6412.645,0.0,0.0,6412.645,0.0,26.999918
2019-06-03,16,0,reserve,system,6346.745,0.0,0.0,6346.745,0.0,8.508274
2019-06-03,17,0,reserve,system,6157.954,0.0,0.0,6157.954,0.0,18.828018
2019-06-03,18,0,reserve,system,5905.956,0.0,0.0,5905.956,0.0,0.0
2019-06-03,19,0,reserve,system,5711.097,0.0,0.0,5711.097,0.0,22.327995
2019-06-03,20,0,reserve,system,5520.049,0.0,0.0,5520.049,0.0,14.502553
2019-06-03,21,0,reserve,system,5137.969,0.0,0.0,5137.969,0.0,10.83674
2019-06-03,22,0,reserve,system,4708.433,0.0,0.0,4708.433,0.0,10.58117
2019-06-03,23,0,reserve,system,4362.72,0.0,0.0,4362.72,0.0,7.661203
2019-06-04,0,0,reserve,system,4108.642,0.0,0.0,4108.642,0.0,11.395056
2019-06-04,1,0,reserve,system,3928.269,0.0,0.0,3928.269,0.0,5.54815
2019-06-04,2,0,reserve,system,3815.451,0.0,0.0,3815.451,0.0,8.912853
2019-06-04,3,0,reserve,system,3802.483,0.0,0.0,3802.483,0.0,0.0
2019-06-04,4,0,reserve,system,3919.049,0.0,0.0,3919.049,0.0,0.0
2019-06-04,5,0,reserve,system,4097.182,0.0,0.0,4097.182,0.0,9.728991
2019-06-04,6,0,reserve,system,4258.03,0.0,0.0,4258.03,0.0,5.337451
2019-06-04,7,0,reserve,system,4487.223,9.913,50.0,4487.223,0.0,9.869461
2019-06-04,8,0,reserve,system,4762.357,0.0,0.0,4762.357,0.0,7.965415
2019-06-04,9,0,reserve,system,5069.896,0.0,25.331067,5069.896,0.0,13.573108
2019-06-04,10,0,reserve,system,5334.183,0.0,0.0,5334.183,0.0,5.020862
2019-06-04,11,0,reserve,system,5556.295,0.0,0.0,5556.295,0.0,12.556029
2019-06-04,12,0,reserve,system,5711.218,0.0,0.0,5711.218,0.0,19.46056
2019-06-04,13,0,reserve,system,5773.854,0.0,20.805395,5773.854,0.0,13.587693
2019-06-04,14,0,reserve,system,5751.051,0.0,6.8247,5751.051,0.0,9.82233
2019-06-04,15,0,reserve,system,5643.54,0.0,0.0,5643.54,0.0,11.64397
2019-06-04,16,0,reserve,system,5516.381,0.0,0.0,5516.381,0.0,8.835647
2019-06-04,17,0,reserve,system,5364.128,0.0,0.0,5364.128,0.0,13.568852
2019-06-04,18,0,reserve,system,5181.286,0.0,0.0,5181.286,0.0,3.842051
2019-06-04,19,0,reserve,system,5065.371,0.0,48.89663,5065.371,0.0,15.807773
2019-06-04,20,0,reserve,system,4951.953,0.0,0.0,4951.953,0.0,8.872602
2019-06-04,21,0,reserve,system,4667.522,0.0,0.0,4667.522,0.0,8.985857
2019-06-04,22,0,reserve,system,4331.505,0.0,0.0,4331.505,0.0,9.236327
2019-06-04,23,0,reserve,system,4063.332,0.0,0.0,4063.332,0.0,0.0
2019-06-05,0,0,reserve,system,3891.997,0.0,0.0,3891.997,0.0,12.841142
2019-06-05,1,0,reserve,system,3785.519,0.0,0.0,3785.519,0.0,0.0
2019-06-05,2,0,reserve,system,3720.729,0.0,0.0,3720.729,0.0,3.137211
2019-06-05,3,0,reserve,system,3737.458,0.0,0.0,3737.458,0.0,10.297161
2019-06-05,4,0,reserve,system,3871.53,0.0,0.0,3871.53,0.0,0.0
2019-06-05,5,0,reserve,system,4060.805,0.0,0.0,4060.805,0.0,10.88546
2019-06-05,6,0,reserve,system,4192.707,0.0,0.0,4192.707,0.0,7.607033
2019-06-05,7,0,reserve,system,4333.863,0.0,0.0,4333.863,0.0,10.127218
2019-06-05,8,0,reserve,system,4478.096,0.0,0.0,4478.096,0.0,8.485843
2019-06-05,9,0,reserve,system,4658.241,0.0,0.0,4658.241,0.0,12.131055
2019-06-05,10,0,reserve,system,4809.801,0.0,0.0,4809.801,0.0,17.674386
2019-06-05,11,0,reserve,system,4938.131,0.0,0.0,4938.131,0.0,0.0
2019-06-05,12,0,reserve,system,5092.052,0.0,0.0,5092.052,0.0,0.0
2019-06-05,13,0,reserve,system,5242.237,0.0,0.0,5242.237,0.0,17.301484
2019-06-05,14,0,reserve,system,5361.87,0.0,0.0,5361.87,0.0,28.410499
2019-06-05,15,0,reserve,system,5444.025,0.0,0.0,5444.025,0.0,10.926316
2019-06-05,16,0,reserve,system,5437.825,0.0,0.0,5437.825,0.0,14.174324
2019-06-05,17,0,reserve,system,5350.544,0.0,0.0,5350.544,0.0,7.259421
2019-06-05,18,0,reserve,system,5198.116,0.0,0.0,5198.116,0.0,13.102607
2019-06-05,19,0,reserve,system,5076.067,0.0,0.0,5076.067,0.0,1.280378
2019-06-05,20,0,reserve,system,4929.594,0.0,0.0,4929.594,0.0,14.618867
2019-06-05,21,0,reserve,system,4636.148,0.0,0.0,4636.148,0.0,10.384573
2019-06-05,22,0,reserve,system,4286.749,0.0,0.0,4286.749,0.0,5.82664
2019-06-05,23,0,reserve,system,3994.365,0.0,0.0,3994.365,0.0,10.030769
2019-06-06,0,0,reserve,system,3789.478,0.0,0.0,3789.478,0.0,15.900655
2019-06-06,1,0,reserve,system,3651.428,0.0,0.0,3651.428,0.0,0.0
2019-06-06,2,0,reserve,system,3542.221,0.0,0.0,3542.221,0.0,0.0
2019-06-06,3,0,reserve,system,3519.197,0.0,0.0,3519.197,0.0,8.56166
2019-06-06,4,0,reserve,system,3633.102,0.0,0.0,3633.102,0.0,5.982939
2019-06-06,5,0,reserve,system,3801.628,0.0,0.0,3801.628,0.0,10.233649
2019-06-06,6,0,reserve,system,3942.668,0.0,0.0,3942.668,0.0,9.07312
2019-06-06,7,0,reserve,system,4158.321,0.0,0.0,4158.321,0.0,9.288943
2019-06-06,8,0,reserve,system,4438.771,0.0,0.0,4438.771,0.0,8.74301
2019-06-06,9,0,reserve,system,4783.521,0.0,0.0,4783.521,0.0,9.810723
2019-06-06,10,0,reserve,system,5137.89,0.0,34.774145,5137.89,0.0,9.269172
2019-06-06,11,0,reserve,system,5480.86,0.0,0.0,5480.86,0.0,12.025875
2019-06-06,12,0,reserve,system,5807.69,0.0,0.0,5807.69,0.0,22.608811
2019-06-06,13,0,reserve,system,6054.923,0.0,0.0,6054.923,0.0,0.0
2019-06-06,14,0,reserve,system,6204.776,0.0,0.0,6204.776,0.0,31.45343
2019-06-06,15,0,reserve,system,6253.068,0.0,0.0,6253.068,0.0,10.070927
2019-06-06,16,0,reserve,system,6103.432,0.0,0.0,6103.432,0.0,9.363559
2019-06-06,17,0,reserve,system,5838.89,0.0,0.0,5838.89,0.0,10.58165
2019-06-06,18,0,reserve,system,5567.66,0.0,0.0,5567.66,0.0,8.295867
2019-06-06,19,0,reserve,system,5300.694,0.0,0.0,5300.694,0.0,9.447286
2019-06-06,20,0,reserve,system,5077.438,0.0,0.0,5077.438,0.0,11.728773
2019-06-06,21,0,reserve,system,4718.026,0.0,0.0,4718.026,0.0,9.600025
2019-06-06,22,0,reserve,system,4307.495,0.0,0.0,4307.495,0.0,9.711072
2019-06-06,23,0,reserve,system,3977.068,0.0,0.0,3977.068,0.0,9.451964
2019-06-07,0,0,reserve,system,3748.444,0.0,0.0,3748.444,0.0,13.00881
2019-06-07,1,0,reserve,system,3598.749,0.0,0.0,3598.749,0.0,0.0
2019-06-07,2,0,reserve,system,3513.703,0.0,0.0,3513.703,0.0,0.0
2019-06-07,3,0,reserve,system,3512.96,0.0,0.0,3512.96,0.0,9.318972
2019-06-07,4,0,reserve,system,3622.79,0.0,0.0,3622.79,0.0,5.816458
2019-06-07,5,0,reserve,system,3766.871,0.0,0.0,3766.871,0.0,9.939319
2019-06-07,6,0,reserve,system,3941.965,0.0,0.0,3941.965,0.0,9.044548
2019-06-07,7,0,reserve,system,4220.897,0.0,0.0,4220.897,0.0,9.00485
2019-06-07,8,0,reserve,system,4541.723,0.0,0.0,4541.723,0.0,9.622687
2019-06-07,9,0,reserve,system,4876.918,0.0,0.0,4876.918,0.0,9.92187
2019-06-07,10,0,reserve,system,5186.634,0.0,0.0,5186.634,0.0,11.123077
2019-06-07,11,0,reserve,system,5472.299,0.0,0.0,5472.299,0.0,12.338986
2019-06-07,12,0,reserve,system,5747.205,0.0,50.0,5747.205,0.0,17.845281
2019-06-07,13,0,reserve,system,5942.858,0.0,0.0,5942.858,0.0,3.055958
2019-06-07,14,0,reserve,system,6080.697,0.0,0.0,6080.697,0.0,19.279189
2019-06-07,15,0,reserve,system,6165.603,0.0,39.843334,6165.603,0.0,19.353688
2019-06-07,16,0,reserve,system,6138.705,0.0,0.0,6138.705,0.0,14.06483
2019-06-07,17,0,reserve,system,6010.21,0.0,0.0,6010.21,0.0,8.440328
2019-06-07,18,0,reserve,system,5786.159,0.0,0.0,5786.159,0.0,17.247107
2019-06-07,19,0,reserve,system,5535.0,0.0,0.0,5535.0,0.0,13.76627
2019-06-07,20,0,reserve,system,5332.062,0.0,0.0,5332.062,0.0,16.389353
2019-06-07,21,0,reserve,system,4986.425,0.0,0.0,4986.425,0.0,10.351572
2019-06-07,22,0,reserve,system,4613.451,0.0,0.0,4613.451,0.0,7.655232
2019-06-07,23,0,reserve,system,4261.318,0.0,0.0,4261.318,0.0,13.769011
2019-06-08,0,0,reserve,system,3987.951,0.0,0.0,3987.951,0.0,18.960883
2019-06-08,1,0,reserve,system,3780.756,0.0,0.0,3780.756,0.0,0.0
2019-06-08,2,0,reserve,system,3637.83,0.0,0.0,3637.83,0.0,13.266277
2019-06-08,3,0,reserve,system,3552.092,0.0,0.0,3552.092,0.0,0.0
2019-06-08,4,0,reserve,system,3540.677,0.0,0.0,3540.677,0.0,0.0
2019-06-08,5,0,reserve,system,3563.283,0.0,0.0,3563.283,0.0,9.139508
2019-06-08,6,0,reserve,system,3715.519,0.0,0.0,3715.519,0.0,6.35144
2019-06-08,7,0,reserve,system,4062.793,0.0,0.0,4062.793,0.0,10.7257
2019-06-08,8,0,reserve,system,4460.561,0.0,0.0,4460.561,0.0,8.601146
2019-06-08,9,0,reserve,system,4878.877,0.0,0.0,4878.877,0.0,10.994595
2019-06-08,10,0,reserve,system,5260.992,0.0,0.0,5260.992,0.0,11.084975
2019-06-08,11,0,reserve,system,5579.099,0.0,0.0,5579.099,0.0,14.282963
2019-06-08,12,0,reserve,system,5852.116,0.0,0.0,5852.116,0.0,12.247511
2019-06-08,13,0,reserve,system,6072.176,0.0,3.612369,6072.176,0.0,12.883551
2019-06-08,14,0,reserve,system,6234.382,0.0,0.272291,6234.382,0.0,20.029438
2019-06-08,15,0,reserve,system,6348.959,0.0,26.638309,6348.959,1018.070718,50.0
2019-06-08,16,0,reserve,system,6370.996,0.0,26.681865,6370.996,1116.417141,50.0
2019-06-08,17,0,reserve,system,6269.833,0.0,0.0,6269.833,0.0,25.678937
2019-06-08,18,0,reserve,system,6047.491,0.0,0.0,6047.491,0.0,18.873206
2019-06-08,19,0,reserve,system,5763.499,0.0,0.0,5763.499,0.0,13.513279
2019-06-08,20,0,reserve,system,5551.66,0.0,0.0,5551.66,0.0,13.354117
2019-06-08,21,0,reserve,system,5215.927,0.0,0.0,5215.927,0.0,14.294281
2019-06-08,22,0,reserve,system,4846.633,0.0,0.0,4846.633,0.0,9.054527
2019-06-08,23,0,reserve,system,4502.595,0.0,0.0,4502.595,0.0,11.206636
2019-06-09,0,0,reserve,system,4228.531,0.0,0.0,4228.531,0.0,15.662789
2019-06-09,1,0,reserve,system,4010.61,0.0,0.0,4010.61,0.0,4.363952
2019-06-09,2,0,reserve,system,3852.459,0.0,0.0,3852.459,0.0,9.53354
2019-06-09,3,0,reserve,system,3759.901,0.0,36.109281,3759.901,0.0,0.0
2019-06-09,4,0,reserve,system,3725.339,0.0,40.352817,3725.339,0.0,6.887819
2019-06-09,5,0,reserve,system,3696.966,0.0,12.878412,3696.966,0.0,0.0
2019-06-09,6,0,reserve,system,3813.073,0.0,5.613761,3813.073,0.0,8.218174
2019-06-09,7,0,reserve,system,4167.914,0.0,34.665263,4167.914,0.0,8.310022
2019-06-09,8,0,reserve,system,4596.475,0.0,23.336523,4596.475,0.0,10.154559
2019-06-09,9,0,reserve,system,5039.986,0.0,30.51358,5039.986,0.0,9.509837
2019-06-09,10,0,reserve,system,5457.951,0.0,0.0,5457.951,0.0,8.152496
2019-06-09,11,0,reserve,system,5803.295,0.0,0.0,5803.295,0.0,13.421372
2019-06-09,12,0,reserve,system,5896.856,0.0,0.0,5896.856,0.0,23.86418
2019-06-09,13,0,reserve,system,5785.181,0.0,0.0,5785.181,0.0,0.0
2019-06-09,14,0,reserve,system,5870.985,0.0,8.373196,5870.985,0.0,12.4547
2019-06-09,15,0,reserve,system,5937.734,0.0,50.0,5937.734,0.0,29.458929
2019-06-09,16,0,reserve,system,5914.249,0.0,0.0,5914.249,0.0,1.077278
2019-06-09,17,0,reserve,system,5806.657,0.0,0.0,5806.657,0.0,23.335718
2019-06-09,18,0,reserve,system,5605.416,0.0,0.0,5605.416,0.0,0.648005
2019-06-09,19,0,reserve,system,5414.47,0.0,0.0,5414.47,0.0,16.496214
2019-06-09,20,0,reserve,system,5232.08,0.0,0.0,5232.08,0.0,12.059467
2019-06-09,21,0,reserve,system,4941.198,0.0,0.0,4941.198,0.0,6.303601
2019-06-09,22,0,reserve,system,4565.214,0.0,0.0,4565.214,0.0,9.311203
2019-06-09,23,0,reserve,system,4261.438,0.0,0.0,4261.438,0.0,0.0
2019-06-10,0,0,reserve,system,4046.702,0.0,0.0,4046.702,0.0,0.0
2019-06-10,1,0,reserve,system,3892.886,0.0,1.689745,3892.886,0.0,19.206686
2019-06-10,2,0,reserve,system,3805.648,0.0,0.0,3805.648,0.0,0.0
2019-06-10,3,0,reserve,system,3788.048,0.0,0.0,3788.048,0.0,0.0
2019-06-10,4,0,reserve,system,3875.354,0.0,2.378969,3875.354,0.0,7.169084
2019-06-10,5,0,reserve,system,4006.424,0.0,0.0,4006.424,0.0,5.031278
2019-06-10,6,0,reserve,system,4112.89,0.0,0.0,4112.89,0.0,5.472626
2019-06-10,7,0,reserve,system,4283.508,0.0,11.466867,4283.508,0.0,5.223747
2019-06-10,8,0,reserve,system,4514.176,0.0,0.0,4514.176,0.0,6.468143
2019-06-10,9,0,reserve,system,4762.742,0.0,0.0,4762.742,0.0,6.826295
2019-06-10,10,0,reserve,system,4988.747,0.0,0.0,4988.747,0.0,7.457303
2019-06-10,11,0,reserve,system,5167.266,0.0,34.843661,5167.266,0.0,11.389396
2019-06-10,12,0,reserve,system,5342.753,0.0,0.0,5342.753,0.0,13.479211
2019-06-10,13,0,reserve,system,5480.263,0.0,0.0,5480.263,0.0,5.314337
2019-06-10,14,0,reserve,system,5602.665,0.0,0.0,5602.665,0.0,12.779959
2019-06-10,15,0,reserve,system,5638.27,0.0,8.625153,5638.27,0.0,21.877472
2019-06-10,16,0,reserve,system,5573.583,0.0,0.0,5573.583,0.0,3.830698
2019-06-10,17,0,reserve,system,5393.169,0.0,0.0,5393.169,0.0,13.497678
2019-06-10,18,0,reserve,system,5184.769,0.0,0.0,5184.769,0.0,5.62484
2019-06-10,19,0,reserve,system,5062.039,0.0,0.0,5062.039,0.0,0.0
2019-06-10,20,0,reserve,system,4929.148,0.0,0.0,4929.148,0.0,27.169754
2019-06-10,21,0,reserve,system,4601.692,0.0,0.0,4601.692,0.0,6.406752
2019-06-10,22,0,reserve,system,4242.015,0.0,0.0,4242.015,0.0,14.649016
2019-06-10,23,0,reserve,system,3926.837,0.0,0.0,3926.837,0.0,0.0
2019-06-11,0,0,reserve,system,3711.393,0.0,0.0,3711.393,0.0,12.923123
2019-06-11,1,0,reserve,system,3562.678,0.0,0.0,3562.678,0.0,0.0
2019-06-11,2,0,reserve,system,3475.745,0.0,0.0,3475.745,0.0,0.0
2019-06-11,3,0,reserve,system,3472.83,0.0,0.0,3472.83,0.0,8.492975
2019-06-11,4,0,reserve,system,3585.897,0.0,0.0,3585.897,0.0,5.984758
2019-06-11,5,0,reserve,system,3759.036,0.0,0.0,3759.036,0.0,9.250302
2019-06-11,6,0,reserve,system,3866.934,0.0,0.0,3866.934,0.0,8.47739
2019-06-11,7,0,reserve,system,3992.978,0.0,0.0,3992.978,0.0,9.841898
2019-06-11,8,0,reserve,system,4163.819,0.0,0.0,4163.819,0.0,7.861224
2019-06-11,9,0,reserve,system,4381.985,0.0,0.0,4381.985,0.0,16.129986
2019-06-11,10,0,reserve,system,4597.779,0.0,0.0,4597.779,0.0,0.0
2019-06-11,11,0,reserve,system,4784.879,0.0,0.0,4784.879,0.0,14.664838
2019-06-11,12,0,reserve,system,4966.997,0.0,21.944299,4966.997,0.0,22.65207
2019-06-11,13,0,reserve,system,5086.068,0.0,0.0,5086.068,0.0,1.818011
2019-06-11,14,0,reserve,system,5137.568,0.0,0.0,5137.568,0.0,15.060055
2019-06-11,15,0,reserve,system,5131.475,0.0,0.0,5131.475,0.0,10.397915
2019-06-11,16,0,reserve,system,5048.488,0.0,0.0,5048.488,0.0,9.542776
2019-06-11,17,0,reserve,system,4939.109,0.0,36.258479,4939.109,0.0,11.321937
2019-06-11,18,0,reserve,system,4805.875,0.0,0.0,4805.875,0.0,0.67786
2019-06-11,19,0,reserve,system,4713.88,0.0,0.0,4713.88,0.0,18.258672
2019-06-11,20,0,reserve,system,4616.376,0.0,0.0,4616.376,0.0,9.702475
2019-06-11,21,0,reserve,system,4327.46,0.0,0.0,4327.46,0.0,9.564051
2019-06-11,22,0,reserve,system,3983.375,0.0,0.0,3983.375,0.0,10.459809
2019-06-11,23,0,reserve,system,3697.453,0.0,0.0,3697.453,0.0,0.0
2019-06-12,0,0,reserve,system,3507.888,0.0,0.0,3507.888,0.0,10.603238
2019-06-12,1,0,reserve,system,3393.424,0.0,0.0,3393.424,0.0,8.11299
2019-06-12,2,0,reserve,system,3332.39,0.0,0.0,3332.39,0.0,0.0
2019-06-12,3,0,reserve,system,3345.733,0.0,0.0,3345.733,0.0,0.0
2019-06-12,4,0,reserve,system,3471.059,0.0,0.0,3471.059,0.0,8.256472
2019-06-12,5,0,reserve,system,3653.916,0.0,0.0,3653.916,0.0,6.269414
2019-06-12,6,0,reserve,system,3779.191,0.0,0.0,3779.191,0.0,9.091898
2019-06-12,7,0,reserve,system,3959.77,0.0,0.0,3959.77,0.0,8.067916
2019-06-12,8,0,reserve,system,4183.459,0.0,0.0,4183.459,0.0,10.216283
2019-06-12,9,0,reserve,system,4464.834,0.0,29.931057,4464.834,0.0,15.208875
2019-06-12,10,0,reserve,system,4721.065,0.0,0.0,4721.065,0.0,0.826925
2019-06-12,11,0,reserve,system,4972.974,0.0,0.0,4972.974,0.0,13.350866
2019-06-12,12,0,reserve,system,5239.928,0.0,0.0,5239.928,0.0,7.954724
2019-06-12,13,0,reserve,system,5455.496,0.0,0.0,5455.496,0.0,9.270098
2019-06-12,14,0,reserve,system,5652.745,0.0,0.0,5652.745,0.0,11.976933
2019-06-12,15,0,reserve,system,5798.097,0.0,0.0,5798.097,0.0,21.93839
2019-06-12,16,0,reserve,system,5815.329,0.0,0.0,5815.329,0.0,7.284971
2019-06-12,17,0,reserve,system,5711.324,0.0,0.0,5711.324,0.0,11.003386
2019-06-12,18,0,reserve,system,5501.458,0.0,0.0,5501.458,0.0,0.0
2019-06-12,19,0,reserve,system,5254.77,0.0,0.0,5254.77,0.0,16.457556
2019-06-12,20,0,reserve,system,5060.828,0.0,0.0,5060.828,0.0,7.955939
2019-06-12,21,0,reserve,system,4697.796,0.0,0.0,4697.796,0.0,10.107246
2019-06-12,22,0,reserve,system,4293.853,0.0,0.0,4293.853,0.0,8.725772
2019-06-12,23,0,reserve,system,3950.921,0.0,0.0,3950.921,0.0,11.737243
2019-06-13,0,0,reserve,system,3711.673,0.0,0.0,3711.673,0.0,13.529352
2019-06-13,1,0,reserve,system,3541.348,0.0,0.0,3541.348,0.0,8.486794
2019-06-13,2,0,reserve,system,3435.005,0.0,0.0,3435.005,0.0,0.0
2019-06-13,3,0,reserve,system,3426.069,0.0,0.0,3426.069,0.0,0.0
2019-06-13,4,0,reserve,system,3542.028,0.0,0.0,3542.028,0.0,9.040512
2019-06-13,5,0,reserve,system,3699.839,0.0,0.0,3699.839,0.0,7.893914
2019-06-13,6,0,reserve,system,3871.605,0.0,0.0,3871.605,0.0,9.842573
2019-06-13,7,0,reserve,system,4125.326,0.0,0.0,4125.326,0.0,8.930639
2019-06-13,8,0,reserve,system,4429.688,0.0,29.721244,4429.688,0.0,11.884828
2019-06-13,9,0,reserve,system,4759.417,0.0,30.140871,4759.417,0.0,16.872605
2019-06-13,10,0,reserve,system,5053.029,0.0,0.0,5053.029,0.0,0.0
2019-06-13,11,0,reserve,system,5323.978,0.0,0.0,5323.978,0.0,8.18396
2019-06-13,12,0,reserve,system,5583.71,0.0,0.0,5583.71,0.0,10.23651
2019-06-13,13,0,reserve,system,5788.947,0.0,0.0,5788.947,0.0,5.332153
2019-06-13,14,0,reserve,system,5935.004,0.0,14.662758,5935.004,0.0,8.920437
2019-06-13,15,0,reserve,system,6038.597,0.0,8.901079,6038.597,0.0,26.380849
2019-06-13,16,0,reserve,system,6039.519,0.0,0.0,6039.519,0.0,8.685484
2019-06-13,17,0,reserve,system,5907.427,0.0,0.0,5907.427,0.0,10.772855
2019-06-13,18,0,reserve,system,5654.635,0.0,0.0,5654.635,0.0,7.77441
2019-06-13,19,0,reserve,system,5400.509,0.0,0.0,5400.509,0.0,12.144215
2019-06-13,20,0,reserve,system,5180.675,0.0,0.0,5180.675,0.0,11.023287
2019-06-13,21,0,reserve,system,4828.389,0.0,0.0,4828.389,0.0,7.99878
2019-06-13,22,0,reserve,system,4449.808,0.0,0.0,4449.808,0.0,6.235943
2019-06-13,23,0,reserve,system,4101.72,0.0,0.0,4101.72,0.0,8.178539
2019-06-14,0,0,reserve,system,3862.281,0.0,0.0,3862.281,0.0,11.785593
2019-06-14,1,0,reserve,system,3704.774,0.0,0.0,3704.774,0.0,5.340183
2019-06-14,2,0,reserve,system,3613.712,0.0,0.0,3613.712,0.0,-0.0
2019-06-14,3,0,reserve,system,3603.358,0.0,0.0,3603.358,0.0,0.0
2019-06-14,4,0,reserve,system,3698.465,0.0,0.0,3698.465,0.0,9.289369
2019-06-14,5,0,reserve,system,3840.149,0.0,0.0,3840.149,0.0,4.696163
2019-06-14,6,0,reserve,system,3981.946,0.0,0.0,3981.946,0.0,6.913762
2019-06-14,7,0,reserve,system,4244.693,0.0,12.795694,4244.693,0.0,6.871953
2019-06-14,8,0,reserve,system,4561.387,0.0,34.614937,4561.387,0.0,6.066859
2019-06-14,9,0,reserve,system,4906.419,0.0,0.0,4906.419,0.0,8.39258
2019-06-14,10,0,reserve,system,5226.38,0.0,0.0,5226.38,0.0,10.331521
2019-06-14,11,0,reserve,system,5514.044,0.0,0.0,5514.044,0.0,10.774335
2019-06-14,12,0,reserve,system,5786.729,0.0,0.0,5786.729,0.0,10.694431
2019-06-14,13,0,reserve,system,5997.303,0.0,0.0,5997.303,0.0,10.023915
2019-06-14,14,0,reserve,system,6133.442,0.0,0.0,6133.442,0.0,10.821876
2019-06-14,15,0,reserve,system,6204.489,0.0,0.0,6204.489,0.0,19.95726
2019-06-14,16,0,reserve,system,6182.447,0.0,0.0,6182.447,0.0,12.737325
2019-06-14,17,0,reserve,system,6016.76,0.0,0.0,6016.76,0.0,11.226275
2019-06-14,18,0,reserve,system,5766.77,0.0,0.0,5766.77,0.0,9.817431
2019-06-14,19,0,reserve,system,5528.402,0.0,0.0,5528.402,0.0,10.156074
2019-06-14,20,0,reserve,system,5355.678,0.0,0.0,5355.678,0.0,11.45795
2019-06-14,21,0,reserve,system,5075.017,0.0,0.0,5075.017,0.0,8.526218
2019-06-14,22,0,reserve,system,4748.748,0.0,0.0,4748.748,0.0,6.148183
2019-06-14,23,0,reserve,system,4452.338,0.0,0.0,4452.338,0.0,9.545247
2019-06-15,0,0,reserve,system,4235.349,0.0,0.0,4235.349,0.0,15.427182
2019-06-15,1,0,reserve,system,4070.825,0.0,0.0,4070.825,0.0,7.491805
2019-06-15,2,0,reserve,system,3957.606,0.0,2.059187,3957.606,0.0,0.87437
2019-06-15,3,0,reserve,system,3895.691,0.0,0.0,3895.691,0.0,0.0
2019-06-15,4,0,reserve,system,3909.783,0.0,0.0,3909.783,0.0,4.55076
2019-06-15,5,0,reserve,system,3929.785,0.0,0.0,3929.785,0.0,5.348743
2019-06-15,6,0,reserve,system,4043.276,0.0,0.0,4043.276,0.0,5.520439
2019-06-15,7,0,reserve,system,4354.742,0.0,0.0,4354.742,0.0,6.948605
2019-06-15,8,0,reserve,system,4712.201,0.0,19.144052,4712.201,0.0,6.899246
2019-06-15,9,0,reserve,system,5055.794,0.0,0.0,5055.794,0.0,7.794286
2019-06-15,10,0,reserve,system,5385.073,0.0,0.0,5385.073,0.0,11.464527
2019-06-15,11,0,reserve,system,5661.892,0.0,22.956522,5661.892,0.0,10.244144
2019-06-15,12,0,reserve,system,5871.089,0.0,49.266221,5871.089,0.0,11.061169
2019-06-15,13,0,reserve,system,6024.194,0.0,0.0,6024.194,0.0,9.685639
2019-06-15,14,0,reserve,system,6131.361,0.0,17.946509,6131.361,0.0,11.146692
2019-06-15,15,0,reserve,system,6232.166,0.0,0.0,6232.166,0.0,9.821085
2019-06-15,16,0,reserve,system,6244.747,0.0,0.0,6244.747,0.0,29.341288
2019-06-15,17,0,reserve,system,6133.947,0.0,0.0,6133.947,0.0,12.491447
2019-06-15,18,0,reserve,system,5903.69,0.0,0.0,5903.69,0.0,9.877653
2019-06-15,19,0,reserve,system,5681.851,0.0,0.0,5681.851,0.0,9.693458
2019-06-15,20,0,reserve,system,5523.211,0.0,0.0,5523.211,0.0,10.30885
2019-06-15,21,0,reserve,system,5235.799,0.0,0.0,5235.799,0.0,11.642298
2019-06-15,22,0,reserve,system,4945.748,0.0,0.0,4945.748,0.0,6.805258
2019-06-15,23,0,reserve,system,4635.292,0.0,0.0,4635.292,0.0,7.946077
2019-06-16,0,0,reserve,system,4396.174,0.0,0.0,4396.174,0.0,7.285904
2019-06-16,1,0,reserve,system,4197.989,0.0,0.0,4197.989,0.0,7.213123
2019-06-16,2,0,reserve,system,3992.791,0.0,0.0,3992.791,0.0,7.352138
2019-06-16,3,0,reserve,system,3862.219,0.0,0.0,3862.219,0.0,0.0
2019-06-16,4,0,reserve,system,3812.79,0.0,0.0,3812.79,0.0,7.399119
2019-06-16,5,0,reserve,system,3793.21,0.0,0.0,3793.21,0.0,0.0
2019-06-16,6,0,reserve,system,3839.489,0.0,0.0,3839.489,0.0,0.0
2019-06-16,7,0,reserve,system,4070.254,0.0,0.0,4070.254,0.0,8.712289
2019-06-16,8,0,reserve,system,4353.366,0.0,0.0,4353.366,0.0,5.884565
2019-06-16,9,0,reserve,system,4601.721,0.0,17.271982,4601.721,0.0,7.244
2019-06-16,10,0,reserve,system,4838.139,0.0,0.0,4838.139,0.0,10.430016
2019-06-16,11,0,reserve,system,5007.795,0.0,0.359682,5007.795,0.0,11.050082
2019-06-16,12,0,reserve,system,5143.152,0.0,0.0,5143.152,0.0,10.723548
2019-06-16,13,0,reserve,system,5206.254,0.0,0.0,5206.254,0.0,9.934807
2019-06-16,14,0,reserve,system,5174.928,0.0,0.0,5174.928,0.0,17.234294
2019-06-16,15,0,reserve,system,5078.611,0.0,0.0,5078.611,0.0,0.0
2019-06-16,16,0,reserve,system,5021.095,0.0,0.0,5021.095,0.0,13.83792
2019-06-16,17,0,reserve,system,4950.931,0.0,0.0,4950.931,0.0,4.198224
2019-06-16,18,0,reserve,system,4857.916,0.0,0.0,4857.916,0.0,19.049499
2019-06-16,19,0,reserve,system,4768.191,0.0,0.0,4768.191,0.0,6.06502
2019-06-16,20,0,reserve,system,4664.432,0.0,0.0,4664.432,0.0,8.894555
2019-06-16,21,0,reserve,system,4414.14,0.0,0.0,4414.14,0.0,12.074789
2019-06-16,22,0,reserve,system,4068.617,0.0,0.0,4068.617,0.0,0.0
2019-06-16,23,0,reserve,system,3767.35,0.0,0.0,3767.35,0.0,0.0
2019-06-17,0,0,reserve,system,3529.162,0.0,0.0,3529.162,0.0,2.172617
2019-06-17,1,0,reserve,system,3399.74,0.0,0.0,3399.74,0.0,0.0
2019-06-17,2,0,reserve,system,3345.268,0.0,0.0,3345.268,0.0,5.625163
2019-06-17,3,0,reserve,system,3373.016,0.0,0.0,3373.016,0.0,3.949236
2019-06-17,4,0,reserve,system,3514.231,0.0,0.0,3514.231,0.0,7.843895
2019-06-17,5,0,reserve,system,3708.134,0.0,0.0,3708.134,0.0,6.665904
2019-06-17,6,0,reserve,system,3836.964,0.0,0.0,3836.964,0.0,8.022057
2019-06-17,7,0,reserve,system,3999.954,0.0,0.0,3999.954,0.0,6.526215
2019-06-17,8,0,reserve,system,4172.074,0.0,0.0,4172.074,0.0,8.135532
2019-06-17,9,0,reserve,system,4363.848,0.0,0.0,4363.848,0.0,15.606899
2019-06-17,10,0,reserve,system,4566.768,0.0,0.0,4566.768,0.0,0.0
2019-06-17,11,0,reserve,system,4793.07,0.0,0.0,4793.07,0.0,15.212821
2019-06-17,12,0,reserve,system,5085.062,0.0,0.0,5085.062,0.0,8.874294
2019-06-17,13,0,reserve,system,5375.875,0.0,0.0,5375.875,0.0,10.993046
2019-06-17,14,0,reserve,system,5646.465,0.0,0.0,5646.465,0.0,11.810139
2019-06-17,15,0,reserve,system,5847.429,0.0,0.0,5847.429,0.0,13.681234
2019-06-17,16,0,reserve,system,5938.944,0.0,34.735517,5938.944,0.0,34.526209
2019-06-17,17,0,reserve,system,5884.249,0.0,0.0,5884.249,0.0,11.283436
2019-06-17,18,0,reserve,system,5695.244,0.0,0.0,5695.244,0.0,19.082935
2019-06-17,19,0,reserve,system,5465.074,0.0,0.0,5465.074,0.0,0.0
2019-06-17,20,0,reserve,system,5291.428,0.0,0.0,5291.428,0.0,22.195987
2019-06-17,21,0,reserve,system,4922.143,0.0,0.0,4922.143,0.0,10.925737
2019-06-17,22,0,reserve,system,4519.662,0.0,0.0,4519.662,0.0,8.352513
2019-06-17,23,0,reserve,system,4175.919,0.0,0.0,4175.919,0.0,14.419957
2019-06-18,0,0,reserve,system,3934.166,0.0,0.0,3934.166,0.0,15.608005
2019-06-18,1,0,reserve,system,3758.203,0.0,0.0,3758.203,0.0,0.0
2019-06-18,2,0,reserve,system,3648.262,0.0,0.0,3648.262,0.0,0.0
2019-06-18,3,0,reserve,system,3642.904,0.0,0.0,3642.904,0.0,8.666377
2019-06-18,4,0,reserve,system,3757.073,0.0,0.0,3757.073,0.0,5.655188
2019-06-18,5,0,reserve,system,3915.643,0.0,0.0,3915.643,0.0,9.257048
2019-06-18,6,0,reserve,system,4095.64,0.0,0.0,4095.64,0.0,9.630332
2019-06-18,7,0,reserve,system,4357.858,0.0,0.0,4357.858,0.0,9.201315
2019-06-18,8,0,reserve,system,4649.828,0.0,22.41563,4649.828,0.0,15.282331
2019-06-18,9,0,reserve,system,4974.32,0.0,0.0,4974.32,0.0,15.751057
2019-06-18,10,0,reserve,system,5287.445,0.0,0.0,5287.445,0.0,0.0
2019-06-18,11,0,reserve,system,5608.051,0.0,0.0,5608.051,0.0,2.520624
2019-06-18,12,0,reserve,system,5907.029,0.0,0.0,5907.029,0.0,10.424506
2019-06-18,13,0,reserve,system,6157.85,0.0,0.0,6157.85,0.0,9.599348
2019-06-18,14,0,reserve,system,6362.742,0.0,0.0,6362.742,0.0,9.899485
2019-06-18,15,0,reserve,system,6491.382,0.0,0.0,6491.382,0.0,19.867313
2019-06-18,16,0,reserve,system,6505.383,0.0,0.0,6505.383,0.0,39.970095
2019-06-18,17,0,reserve,system,6407.298,0.0,43.840825,6407.298,0.0,13.655136
2019-06-18,18,0,reserve,system,6185.165,0.0,0.0,6185.165,0.0,13.495738
2019-06-18,19,0,reserve,system,5956.589,0.0,0.0,5956.589,0.0,12.038339
2019-06-18,20,0,reserve,system,5760.822,0.0,0.0,5760.822,0.0,9.765137
2019-06-18,21,0,reserve,system,5374.045,0.0,0.0,5374.045,0.0,10.876005
2019-06-18,22,0,reserve,system,4953.008,0.0,0.0,4953.008,0.0,9.929282
2019-06-18,23,0,reserve,system,4591.021,0.0,0.0,4591.021,0.0,10.337379
2019-06-19,0,0,reserve,system,4335.131,0.0,0.0,4335.131,0.0,10.276011
2019-06-19,1,0,reserve,system,4157.563,0.0,0.0,4157.563,0.0,9.740459
2019-06-19,2,0,reserve,system,4021.861,0.0,0.0,4021.861,0.0,0.0
2019-06-19,3,0,reserve,system,3963.897,0.0,0.0,3963.897,0.0,0.0
2019-06-19,4,0,reserve,system,4051.866,0.0,11.888234,4051.866,0.0,6.978247
2019-06-19,5,0,reserve,system,4184.88,0.0,0.0,4184.88,0.0,5.307547
2019-06-19,6,0,reserve,system,4315.096,0.0,23.077165,4315.096,0.0,6.859175
2019-06-19,7,0,reserve,system,4568.268,0.0,23.186508,4568.268,0.0,7.076143
2019-06-19,8,0,reserve,system,4906.33,0.0,0.0,4906.33,0.0,9.04928
2019-06-19,9,0,reserve,system,5299.823,0.0,0.0,5299.823,0.0,10.49821
2019-06-19,10,0,reserve,system,5681.366,0.0,0.0,5681.366,0.0,9.609074
2019-06-19,11,0,reserve,system,6051.606,0.0,0.0,6051.606,0.0,10.303772
2019-06-19,12,0,reserve,system,6394.543,0.0,39.361133,6394.543,0.0,11.628034
2019-06-19,13,0,reserve,system,6630.501,0.0,1.959411,6630.501,0.0,19.945857
2019-06-19,14,0,reserve,system,6757.229,0.0,0.0,6757.229,0.0,21.210138
2019-06-19,15,0,reserve,system,6808.381,0.0,0.0,6808.381,0.0,26.678693
2019-06-19,16,0,reserve,system,6812.447,0.0,0.0,6812.447,377.663086,50.0
2019-06-19,17,0,reserve,system,6713.862,0.0,0.0,6713.862,333.965308,50.0
2019-06-19,18,0,reserve,system,6472.216,0.0,0.0,6472.216,0.0,16.526881
2019-06-19,19,0,reserve,system,6220.68,0.0,0.0,6220.68,0.0,0.0
2019-06-19,20,0,reserve,system,6007.269,0.0,0.0,6007.269,0.0,23.238192
2019-06-19,21,0,reserve,system,5594.204,0.0,0.0,5594.204,0.0,14.635261
2019-06-19,22,0,reserve,system,5128.39,0.0,0.0,5128.39,0.0,9.474389
2019-06-19,23,0,reserve,system,4737.297,0.0,0.0,4737.297,0.0,11.333591
2019-06-20,0,0,reserve,system,4455.757,0.0,0.0,4455.757,0.0,19.809497
2019-06-20,1,0,reserve,system,4240.318,0.0,0.0,4240.318,0.0,0.0
2019-06-20,2,0,reserve,system,4116.084,0.0,0.0,4116.084,0.0,5.757589
2019-06-20,3,0,reserve,system,4084.006,0.0,0.0,4084.006,0.0,0.0
2019-06-20,4,0,reserve,system,4183.141,0.0,0.0,4183.141,0.0,8.229271
2019-06-20,5,0,reserve,system,4327.16,0.0,0.0,4327.16,0.0,5.726273
2019-06-20,6,0,reserve,system,4467.045,0.0,0.0,4467.045,0.0,7.556255
2019-06-20,7,0,reserve,system,4695.375,0.0,0.0,4695.375,0.0,9.770944
2019-06-20,8,0,reserve,system,5018.741,0.0,17.358891,5018.741,0.0,9.213437
2019-06-20,9,0,reserve,system,5375.463,0.0,45.993964,5375.463,0.0,11.613831
2019-06-20,10,0,reserve,system,5735.907,0.0,0.0,5735.907,0.0,10.346415
2019-06-20,11,0,reserve,system,6083.587,0.0,0.0,6083.587,0.0,10.594327
2019-06-20,12,0,reserve,system,6420.697,0.0,0.0,6420.697,0.0,9.641007
2019-06-20,13,0,reserve,system,6665.077,0.0,0.0,6665.077,0.0,10.859275
2019-06-20,14,0,reserve,system,6766.582,0.0,0.0,6766.582,0.0,19.860727
2019-06-20,15,0,reserve,system,6798.473,0.0,0.0,6798.473,0.0,15.696354
2019-06-20,16,0,reserve,system,6802.419,0.0,34.136061,6802.419,0.0,39.228221
2019-06-20,17,0,reserve,system,6736.813,0.0,0.0,6736.813,0.0,14.101366
2019-06-20,18,0,reserve,system,6535.929,0.0,0.0,6535.929,0.0,11.442089
2019-06-20,19,0,reserve,system,6315.948,0.0,0.0,6315.948,0.0,12.204453
2019-06-20,20,0,reserve,system,6150.672,0.0,0.0,6150.672,0.0,11.72222
2019-06-20,21,0,reserve,system,5789.056,0.0,0.0,5789.056,0.0,12.736089
2019-06-20,22,0,reserve,system,5390.733,0.0,0.0,5390.733,0.0,6.731832
2019-06-20,23,0,reserve,system,5025.543,0.0,0.0,5025.543,0.0,10.555419
2019-06-21,0,0,reserve,system,4770.365,0.0,0.0,4770.365,0.0,8.987702
2019-06-21,1,0,reserve,system,4597.991,0.0,0.0,4597.991,0.0,10.916184
2019-06-21,2,0,reserve,system,4494.623,0.0,0.0,4494.623,0.0,0.0
2019-06-21,3,0,reserve,system,4472.45,0.0,0.0,4472.45,0.0,0.0
2019-06-21,4,0,reserve,system,4571.372,0.0,0.0,4571.372,0.0,9.881513
2019-06-21,5,0,reserve,system,4694.033,0.0,0.0,4694.033,0.0,6.614714
2019-06-21,6,0,reserve,system,4792.405,0.0,0.0,4792.405,0.0,5.344339
2019-06-21,7,0,reserve,system,5028.294,0.0,1.652418,5028.294,0.0,8.669386
2019-06-21,8,0,reserve,system,5335.124,0.0,0.0,5335.124,0.0,7.537015
2019-06-21,9,0,reserve,system,5682.068,0.0,0.0,5682.068,0.0,12.197911
2019-06-21,10,0,reserve,system,5990.648,0.0,0.0,5990.648,0.0,9.834183
2019-06-21,11,0,reserve,system,6268.45,0.0,0.0,6268.45,0.0,10.456327
2019-06-21,12,0,reserve,system,6499.585,0.0,0.0,6499.585,0.0,10.321941
2019-06-21,13,0,reserve,system,6680.325,0.0,0.0,6680.325,0.0,18.484067
2019-06-21,14,0,reserve,system,6749.767,0.0,0.0,6749.767,0.0,19.268363
2019-06-21,15,0,reserve,system,6772.378,0.0,0.0,6772.378,0.0,18.93761
2019-06-21,16,0,reserve,system,6743.376,0.0,0.0,6743.376,0.0,46.96938
2019-06-21,17,0,reserve,system,6600.985,0.0,0.0,6600.985,0.0,13.349088
2019-06-21,18,0,reserve,system,6360.249,0.0,0.0,6360.249,0.0,11.943983
2019-06-21,19,0,reserve,system,6121.444,0.0,0.0,6121.444,0.0,12.887329
2019-06-21,20,0,reserve,system,5959.308,0.0,0.0,5959.308,0.0,9.808027
2019-06-21,21,0,reserve,system,5661.963,0.0,0.0,5661.963,0.0,12.055092
2019-06-21,22,0,reserve,system,5329.255,0.0,0.0,5329.255,0.0,7.883729
2019-06-21,23,0,reserve,system,5012.503,0.0,0.0,5012.503,0.0,7.923466
2019-06-22,0,0,reserve,system,4767.355,0.0,0.0,4767.355,0.0,10.849462
2019-06-22,1,0,reserve,system,4551.006,0.0,0.0,4551.006,0.0,4.604991
2019-06-22,2,0,reserve,system,4407.019,0.0,0.0,4407.019,0.0,6.78422
2019-06-22,3,0,reserve,system,4319.796,0.0,0.0,4319.796,0.0,0.0
2019-06-22,4,0,reserve,system,4299.319,0.0,0.0,4299.319,0.0,0.0
2019-06-22,5,0,reserve,system,4289.8,0.0,0.0,4289.8,0.0,8.491846
2019-06-22,6,0,reserve,system,4368.266,0.0,0.0,4368.266,0.0,5.670094
2019-06-22,7,0,reserve,system,4637.449,0.0,0.0,4637.449,0.0,7.279785
2019-06-22,8,0,reserve,system,4974.572,0.0,0.0,4974.572,0.0,7.822527
2019-06-22,9,0,reserve,system,5275.807,0.0,0.0,5275.807,0.0,8.577923
2019-06-22,10,0,reserve,system,5573.42,0.0,0.0,5573.42,0.0,11.924377
2019-06-22,11,0,reserve,system,5808.901,0.0,5.443585,5808.901,0.0,10.237702
2019-06-22,12,0,reserve,system,5978.111,0.0,0.0,5978.111,0.0,10.768399
2019-06-22,13,0,reserve,system,6045.844,0.0,0.0,6045.844,0.0,10.288126
2019-06-22,14,0,reserve,system,6024.993,0.0,0.0,6024.993,0.0,9.717503
2019-06-22,15,0,reserve,system,6019.347,0.0,0.0,6019.347,0.0,9.860876
2019-06-22,16,0,reserve,system,6013.593,0.0,0.0,6013.593,0.0,20.963664
2019-06-22,17,0,reserve,system,5947.056,0.0,0.0,5947.056,0.0,10.701689
2019-06-22,18,0,reserve,system,5811.737,0.0,0.0,5811.737,0.0,3.182515
2019-06-22,19,0,reserve,system,5675.695,0.0,0.0,5675.695,0.0,14.604524
2019-06-22,20,0,reserve,system,5590.681,0.0,0.0,5590.681,0.0,10.890148
2019-06-22,21,0,reserve,system,5369.951,0.0,0.0,5369.951,0.0,9.760508
2019-06-22,22,0,reserve,system,5100.19,0.0,0.0,5100.19,0.0,8.734737
2019-06-22,23,0,reserve,system,4854.1,0.0,0.0,4854.1,0.0,4.450418
2019-06-23,0,0,reserve,system,4650.943,0.0,0.0,4650.943,0.0,11.29105
2019-06-23,1,0,reserve,system,4501.714,0.0,0.0,4501.714,0.0,5.178732
2019-06-23,2,0,reserve,system,4393.142,0.0,0.0,4393.142,0.0,9.459491
2019-06-23,3,0,reserve,system,4335.062,0.0,0.0,4335.062,0.0,0.0
2019-06-23,4,0,reserve,system,4312.984,0.0,0.0,4312.984,0.0,13.385337
2019-06-23,5,0,reserve,system,4277.179,0.0,0.0,4277.179,0.0,0.0
2019-06-23,6,0,reserve,system,4325.334,0.0,0.0,4325.334,0.0,0.0
2019-06-23,7,0,reserve,system,4586.226,0.0,36.443385,4586.226,0.0,10.019906
2019-06-23,8,0,reserve,system,4916.376,0.0,0.0,4916.376,0.0,5.559102
2019-06-23,9,0,reserve,system,5183.087,0.0,0.0,5183.087,0.0,8.884507
2019-06-23,10,0,reserve,system,5432.22,0.0,0.0,5432.22,0.0,9.097794
2019-06-23,11,0,reserve,system,5653.655,0.0,12.743982,5653.655,0.0,11.481634
2019-06-23,12,0,reserve,system,5863.309,0.0,0.0,5863.309,0.0,10.315822
2019-06-23,13,0,reserve,system,6012.74,0.0,0.0,6012.74,0.0,10.225181
2019-06-23,14,0,reserve,system,6156.488,0.0,0.0,6156.488,0.0,10.461417
2019-06-23,15,0,reserve,system,6292.861,0.0,0.0,6292.861,0.0,10.223207
2019-06-23,16,0,reserve,system,6368.756,0.0,0.0,6368.756,0.0,19.900611
2019-06-23,17,0,reserve,system,6278.421,0.0,0.0,6278.421,0.0,21.815799
2019-06-23,18,0,reserve,system,6068.313,0.0,0.0,6068.313,0.0,15.898317
2019-06-23,19,0,reserve,system,5867.717,0.0,0.0,5867.717,0.0,0.0
2019-06-23,20,0,reserve,system,5543.608,0.0,0.0,5543.608,0.0,25.512173
2019-06-23,21,0,reserve,system,5182.625,0.0,0.0,5182.625,0.0,10.157109
2019-06-23,22,0,reserve,system,4837.974,0.0,0.0,4837.974,0.0,9.787467
2019-06-23,23,0,reserve,system,4526.976,0.0,0.0,4526.976,0.0,0.0
2019-06-24,0,0,reserve,system,4295.454,0.0,0.0,4295.454,0.0,12.023246
2019-06-24,1,0,reserve,system,4142.12,0.0,0.0,4142.12,0.0,0.0
2019-06-24,2,0,reserve,system,4056.959,0.0,0.0,4056.959,0.0,0.0
2019-06-24,3,0,reserve,system,4027.819,0.0,0.0,4027.819,0.0,8.611565
2019-06-24,4,0,reserve,system,4059.387,0.0,0.0,4059.387,0.0,4.694539
2019-06-24,5,0,reserve,system,4116.915,0.0,2.553997,4116.915,0.0,5.972994
2019-06-24,6,0,reserve,system,4180.589,0.0,0.0,4180.589,0.0,6.573796
2019-06-24,7,0,reserve,system,4275.391,0.0,0.0,4275.391,0.0,7.877969
2019-06-24,8,0,reserve,system,4416.89,0.0,0.0,4416.89,0.0,7.242605
2019-06-24,9,0,reserve,system,4585.489,0.0,34.665263,4585.489,0.0,13.981824
2019-06-24,10,0,reserve,system,4772.994,0.0,0.0,4772.994,0.0,0.0
2019-06-24,11,0,reserve,system,4962.603,0.0,0.0,4962.603,0.0,14.983649
2019-06-24,12,0,reserve,system,5173.211,0.0,0.0,5173.211,0.0,9.300828
2019-06-24,13,0,reserve,system,5307.605,0.0,0.0,5307.605,0.0,9.050759
2019-06-24,14,0,reserve,system,5411.057,0.0,0.0,5411.057,0.0,11.772298
2019-06-24,15,0,reserve,system,5486.661,0.0,12.721441,5486.661,0.0,9.052177
2019-06-24,16,0,reserve,system,5517.387,0.0,0.0,5517.387,0.0,24.622009
2019-06-24,17,0,reserve,system,5418.38,0.0,0.0,5418.38,0.0,10.63305
2019-06-24,18,0,reserve,system,5228.753,0.0,0.0,5228.753,0.0,9.936153
2019-06-24,19,0,reserve,system,5075.438,0.0,0.0,5075.438,0.0,12.169221
2019-06-24,20,0,reserve,system,4938.442,0.0,0.0,4938.442,0.0,6.95251
2019-06-24,21,0,reserve,system,4626.232,0.0,0.0,4626.232,0.0,10.204957
2019-06-24,22,0,reserve,system,4267.639,0.0,0.0,4267.639,0.0,0.0
2019-06-24,23,0,reserve,system,3965.537,0.0,0.0,3965.537,0.0,0.0
2019-06-25,0,0,reserve,system,3767.705,0.0,0.0,3767.705,0.0,4.454686
2019-06-25,1,0,reserve,system,3636.891,0.0,0.0,3636.891,0.0,0.0
2019-06-25,2,0,reserve,system,3568.691,0.0,0.0,3568.691,0.0,4.211075
2019-06-25,3,0,reserve,system,3588.758,0.0,0.0,3588.758,0.0,3.448588
2019-06-25,4,0,reserve,system,3726.937,0.0,0.0,3726.937,0.0,6.286436
2019-06-25,5,0,reserve,system,3912.314,0.0,3.917967,3912.314,0.0,7.203239
2019-06-25,6,0,reserve,system,4036.79,0.0,0.0,4036.79,0.0,7.32084
2019-06-25,7,0,reserve,system,4216.897,0.0,0.0,4216.897,0.0,13.130588
2019-06-25,8,0,reserve,system,4435.472,0.0,0.0,4435.472,0.0,18.008957
2019-06-25,9,0,reserve,system,4712.582,0.0,0.0,4712.582,0.0,13.976865
2019-06-25,10,0,reserve,system,5001.766,0.0,0.0,5001.766,0.0,4.446602
2019-06-25,11,0,reserve,system,5275.664,0.0,0.0,5275.664,0.0,3.373837
2019-06-25,12,0,reserve,system,5508.029,0.0,0.0,5508.029,0.0,9.013623
2019-06-25,13,0,reserve,system,5692.298,0.0,0.0,5692.298,0.0,6.18573
2019-06-25,14,0,reserve,system,5823.472,0.0,23.055407,5823.472,0.0,23.396506
2019-06-25,15,0,reserve,system,5857.855,0.0,0.0,5857.855,0.0,12.102663
2019-06-25,16,0,reserve,system,5797.309,0.0,0.0,5797.309,0.0,11.303064
2019-06-25,17,0,reserve,system,5654.827,0.0,0.0,5654.827,0.0,10.233247
2019-06-25,18,0,reserve,system,5456.523,0.0,0.0,5456.523,0.0,10.686615
2019-06-25,19,0,reserve,system,5250.311,0.0,0.0,5250.311,0.0,8.566656
2019-06-25,20,0,reserve,system,5100.689,0.0,0.0,5100.689,0.0,7.226461
2019-06-25,21,0,reserve,system,4773.311,0.0,0.0,4773.311,0.0,7.270174
2019-06-25,22,0,reserve,system,4420.549,0.0,0.0,4420.549,0.0,6.516474
2019-06-25,23,0,reserve,system,4104.227,0.0,0.0,4104.227,0.0,7.957794
2019-06-26,0,0,reserve,system,3877.754,0.0,0.0,3877.754,0.0,9.041691
2019-06-26,1,0,reserve,system,3720.524,0.0,0.0,3720.524,0.0,0.0
2019-06-26,2,0,reserve,system,3645.964,0.0,5.502781,3645.964,0.0,0.0
2019-06-26,3,0,reserve,system,3659.376,0.0,0.0,3659.376,0.0,5.64201
2019-06-26,4,0,reserve,system,3795.615,0.0,0.0,3795.615,0.0,6.684178
2019-06-26,5,0,reserve,system,3985.122,0.0,0.0,3985.122,0.0,7.014181
2019-06-26,6,0,reserve,system,4137.142,0.0,0.0,4137.142,0.0,8.349187
2019-06-26,7,0,reserve,system,4335.691,0.0,0.0,4335.691,0.0,18.627924
2019-06-26,8,0,reserve,system,4597.289,0.0,0.0,4597.289,0.0,0.0
2019-06-26,9,0,reserve,system,4913.061,0.0,0.0,4913.061,0.0,8.746734
2019-06-26,10,0,reserve,system,5255.028,0.0,11.514662,5255.028,0.0,6.446686
2019-06-26,11,0,reserve,system,5549.619,0.0,0.0,5549.619,0.0,12.370391
2019-06-26,12,0,reserve,system,5771.332,0.0,0.0,5771.332,0.0,9.22806
2019-06-26,13,0,reserve,system,5897.412,0.0,13.642138,5897.412,0.0,10.83683
2019-06-26,14,0,reserve,system,6002.967,0.0,0.0,6002.967,0.0,18.905487
2019-06-26,15,0,reserve,system,6044.077,0.0,12.834804,6044.077,0.0,15.673354
2019-06-26,16,0,reserve,system,5974.059,0.0,0.0,5974.059,0.0,8.346864
2019-06-26,17,0,reserve,system,5847.495,0.0,0.0,5847.495,0.0,11.732997
2019-06-26,18,0,reserve,system,5653.648,0.0,0.0,5653.648,0.0,10.886776
2019-06-26,19,0,reserve,system,5458.768,0.0,0.0,5458.768,0.0,10.56746
2019-06-26,20,0,reserve,system,5279.46,0.0,0.0,5279.46,0.0,10.001715
2019-06-26,21,0,reserve,system,4967.425,0.0,0.0,4967.425,0.0,9.458909
2019-06-26,22,0,reserve,system,4589.783,0.0,0.0,4589.783,0.0,6.198557
2019-06-26,23,0,reserve,system,4262.96,0.0,0.0,4262.96,0.0,8.453654
2019-06-27,0,0,reserve,system,4034.33,0.0,33.469363,4034.33,0.0,13.449781
2019-06-27,1,0,reserve,system,3880.061,0.0,0.0,3880.061,0.0,0.0
2019-06-27,2,0,reserve,system,3796.666,0.0,0.0,3796.666,0.0,0.0
2019-06-27,3,0,reserve,system,3804.313,0.0,29.972308,3804.313,0.0,9.324399
2019-06-27,4,0,reserve,system,3941.007,0.0,14.430511,3941.007,0.0,5.617603
2019-06-27,5,0,reserve,system,4134.476,0.0,0.0,4134.476,0.0,9.394765
2019-06-27,6,0,reserve,system,4278.905,0.0,0.0,4278.905,0.0,8.071552
2019-06-27,7,0,reserve,system,4488.801,0.0,0.0,4488.801,0.0,23.429837
2019-06-27,8,0,reserve,system,4777.352,0.0,0.0,4777.352,0.0,0.0
2019-06-27,9,0,reserve,system,5121.145,0.0,0.0,5121.145,0.0,9.827243
2019-06-27,10,0,reserve,system,5474.909,0.0,0.0,5474.909,0.0,5.246359
2019-06-27,11,0,reserve,system,5754.627,0.0,11.25773,5754.627,0.0,14.183679
2019-06-27,12,0,reserve,system,5941.922,0.0,50.0,5941.922,0.0,20.604691
2019-06-27,13,0,reserve,system,6011.98,0.0,0.0,6011.98,0.0,11.397156
2019-06-27,14,0,reserve,system,6029.114,0.0,18.204113,6029.114,0.0,10.305385
2019-06-27,15,0,reserve,system,6038.859,0.0,19.909199,6038.859,0.0,9.607976
2019-06-27,16,0,reserve,system,5989.753,0.0,0.0,5989.753,0.0,11.314066
2019-06-27,17,0,reserve,system,5825.803,0.0,0.0,5825.803,0.0,8.470222
2019-06-27,18,0,reserve,system,5638.671,0.0,0.0,5638.671,0.0,11.440249
2019-06-27,19,0,reserve,system,5470.948,0.0,0.0,5470.948,0.0,10.297442
2019-06-27,20,0,reserve,system,5333.637,0.0,0.0,5333.637,0.0,11.094386
2019-06-27,21,0,reserve,system,4991.478,0.0,0.0,4991.478,0.0,9.238646
2019-06-27,22,0,reserve,system,4604.286,0.0,0.0,4604.286,0.0,9.703326
2019-06-27,23,0,reserve,system,4264.744,0.0,0.0,4264.744,0.0,8.346061
2019-06-28,0,0,reserve,system,4024.691,0.0,0.0,4024.691,0.0,10.471284
2019-06-28,1,0,reserve,system,3870.671,0.0,0.0,3870.671,0.0,9.502855
2019-06-28,2,0,reserve,system,3776.118,0.0,0.0,3776.118,0.0,0.0
2019-06-28,3,0,reserve,system,3760.352,0.0,0.0,3760.352,0.0,0.0
2019-06-28,4,0,reserve,system,3866.323,0.0,0.0,3866.323,0.0,9.5987
2019-06-28,5,0,reserve,system,4015.279,0.0,0.0,4015.279,0.0,5.64769
2019-06-28,6,0,reserve,system,4151.24,0.0,0.0,4151.24,0.0,9.465618
2019-06-28,7,0,reserve,system,4426.266,0.0,0.0,4426.266,0.0,16.100796
2019-06-28,8,0,reserve,system,4788.279,0.0,0.0,4788.279,0.0,0.842615
2019-06-28,9,0,reserve,system,5170.939,0.0,0.0,5170.939,0.0,13.610151
2019-06-28,10,0,reserve,system,5530.581,0.0,0.0,5530.581,0.0,8.476161
2019-06-28,11,0,reserve,system,5858.476,0.0,0.0,5858.476,0.0,10.529722
2019-06-28,12,0,reserve,system,6154.711,0.0,0.0,6154.711,0.0,10.749363
2019-06-28,13,0,reserve,system,6342.236,0.0,0.0,6342.236,0.0,10.619154
2019-06-28,14,0,reserve,system,6438.809,0.0,0.0,6438.809,0.0,23.995661
2019-06-28,15,0,reserve,system,6434.039,0.0,0.0,6434.039,0.0,17.549647
2019-06-28,16,0,reserve,system,6314.412,0.0,0.0,6314.412,0.0,13.648405
2019-06-28,17,0,reserve,system,6127.906,0.0,0.0,6127.906,0.0,13.585249
2019-06-28,18,0,reserve,system,5869.542,0.0,0.0,5869.542,0.0,10.682857
2019-06-28,19,0,reserve,system,5601.207,0.0,0.0,5601.207,0.0,7.522407
2019-06-28,20,0,reserve,system,5404.551,0.0,0.0,5404.551,0.0,11.64442
2019-06-28,21,0,reserve,system,5083.865,0.0,0.0,5083.865,0.0,9.580773
2019-06-28,22,0,reserve,system,4738.143,0.0,0.0,4738.143,0.0,10.804886
2019-06-28,23,0,reserve,system,4402.01,0.0,0.0,4402.01,0.0,10.573197
2019-06-29,0,0,reserve,system,4144.758,0.0,0.0,4144.758,0.0,16.449157
2019-06-29,1,0,reserve,system,3950.545,0.0,0.0,3950.545,0.0,0.0
2019-06-29,2,0,reserve,system,3826.954,0.0,0.0,3826.954,0.0,13.038254
2019-06-29,3,0,reserve,system,3758.946,0.0,0.0,3758.946,0.0,0.0
2019-06-29,4,0,reserve,system,3760.349,0.0,0.0,3760.349,0.0,0.0
2019-06-29,5,0,reserve,system,3776.613,0.0,0.0,3776.613,0.0,9.343945
2019-06-29,6,0,reserve,system,3879.105,0.0,0.0,3879.105,0.0,5.266025
2019-06-29,7,0,reserve,system,4198.406,0.0,0.0,4198.406,0.0,10.023084
2019-06-29,8,0,reserve,system,4595.035,0.0,0.0,4595.035,0.0,9.293376
2019-06-29,9,0,reserve,system,5000.356,0.0,29.721244,5000.356,0.0,15.039991
2019-06-29,10,0,reserve,system,5379.262,0.0,0.0,5379.262,0.0,1.907332
2019-06-29,11,0,reserve,system,5700.703,0.0,0.0,5700.703,0.0,13.150847
2019-06-29,12,0,reserve,system,5915.326,0.0,0.0,5915.326,0.0,21.559403
2019-06-29,13,0,reserve,system,5956.337,0.0,0.0,5956.337,0.0,21.392694
2019-06-29,14,0,reserve,system,5956.397,0.0,0.0,5956.397,0.0,14.200658
2019-06-29,15,0,reserve,system,5964.783,0.0,0.0,5964.783,0.0,13.733739
2019-06-29,16,0,reserve,system,5921.001,0.0,0.0,5921.001,0.0,15.683651
2019-06-29,17,0,reserve,system,5682.779,0.0,0.0,5682.779,0.0,3.663188
2019-06-29,18,0,reserve,system,5366.097,0.0,0.0,5366.097,0.0,7.223137
2019-06-29,19,0,reserve,system,5133.123,0.0,0.0,5133.123,0.0,9.685483
2019-06-29,20,0,reserve,system,4948.208,0.0,0.0,4948.208,0.0,7.54432
2019-06-29,21,0,reserve,system,4674.614,0.0,0.0,4674.614,0.0,6.740568
2019-06-29,22,0,reserve,system,4371.932,0.0,0.0,4371.932,0.0,10.080082
2019-06-29,23,0,reserve,system,4090.325,0.0,0.0,4090.325,0.0,0.0
2019-06-30,0,0,reserve,system,3862.313,0.0,0.0,3862.313,0.0,11.228099
2019-06-30,1,0,reserve,system,3687.893,0.0,0.0,3687.893,0.0,0.0
2019-06-30,2,0,reserve,system,3548.984,0.0,0.0,3548.984,0.0,4.729568
2019-06-30,3,0,reserve,system,3470.617,0.0,0.0,3470.617,0.0,0.0
2019-06-30,4,0,reserve,system,3450.507,0.0,0.0,3450.507,0.0,0.0
2019-06-30,5,0,reserve,system,3446.099,0.0,0.0,3446.099,0.0,5.915771
2019-06-30,6,0,reserve,system,3507.732,0.0,0.0,3507.732,0.0,5.376281
2019-06-30,7,0,reserve,system,3723.234,0.0,0.0,3723.234,0.0,7.111654
2019-06-30,8,0,reserve,system,3986.848,0.0,0.0,3986.848,0.0,7.774047
2019-06-30,9,0,reserve,system,4253.393,0.0,30.678488,4253.393,0.0,8.424456
2019-06-30,10,0,reserve,system,4532.994,0.0,0.0,4532.994,0.0,9.730528
2019-06-30,11,0,reserve,system,4819.283,0.0,0.0,4819.283,0.0,9.734057
2019-06-30,12,0,reserve,system,5052.481,0.0,0.0,5052.481,0.0,9.965755
2019-06-30,13,0,reserve,system,5250.255,0.0,0.0,5250.255,0.0,9.527059
2019-06-30,14,0,reserve,system,5426.44,0.0,0.0,5426.44,0.0,9.498784
2019-06-30,15,0,reserve,system,5558.939,0.0,0.0,5558.939,0.0,12.252081
2019-06-30,16,0,reserve,system,5610.522,0.0,0.0,5610.522,0.0,11.270553
2019-06-30,17,0,reserve,system,5544.126,0.0,0.0,5544.126,0.0,27.000732
2019-06-30,18,0,reserve,system,5382.757,0.0,0.0,5382.757,0.0,10.179415
2019-06-30,19,0,reserve,system,5215.58,0.0,0.0,5215.58,0.0,7.229184
2019-06-30,20,0,reserve,system,5095.309,0.0,0.0,5095.309,0.0,8.426249
2019-06-30,21,0,reserve,system,4802.458,0.0,0.0,4802.458,0.0,10.346704
2019-06-30,22,0,reserve,system,4441.681,0.0,0.0,4441.681,0.0,8.256923
2019-06-30,23,0,reserve,system,4133.512,0.0,0.0,4133.512,0.0,8.748031
2019-07-01,0,0,reserve,system,3911.365,0.0,0.0,3911.365,0.0,10.307898
2019-07-01,1,0,reserve,system,3771.231,0.0,0.0,3771.231,0.0,9.46948
2019-07-01,2,0,reserve,system,3694.172,0.0,0.0,3694.172,0.0,0.0
2019-07-01,3,0,reserve,system,3703.484,0.0,0.0,3703.484,0.0,0.0
2019-07-01,4,0,reserve,system,3820.617,0.0,0.0,3820.617,0.0,9.585136
2019-07-01,5,0,reserve,system,3973.396,0.0,0.0,3973.396,0.0,6.28666
2019-07-01,6,0,reserve,system,4121.768,0.0,0.0,4121.768,0.0,7.968205
2019-07-01,7,0,reserve,system,4388.659,0.0,0.0,4388.659,0.0,10.759403
2019-07-01,8,0,reserve,system,4725.52,0.0,0.0,4725.52,0.0,11.690034
2019-07-01,9,0,reserve,system,5105.284,0.0,0.0,5105.284,0.0,9.51935
2019-07-01,10,0,reserve,system,5464.992,0.0,0.0,5464.992,0.0,9.635325
2019-07-01,11,0,reserve,system,5760.121,0.0,50.0,5760.121,0.0,10.873011
2019-07-01,12,0,reserve,system,6004.738,0.0,0.0,6004.738,0.0,10.533075
2019-07-01,13,0,reserve,system,6188.06,0.0,0.0,6188.06,0.0,14.396362
2019-07-01,14,0,reserve,system,6314.117,0.0,0.0,6314.117,0.0,25.463041
2019-07-01,15,0,reserve,system,6382.721,0.0,0.0,6382.721,0.0,16.154926
2019-07-01,16,0,reserve,system,6324.226,0.0,0.0,6324.226,0.0,10.866435
2019-07-01,17,0,reserve,system,6144.914,0.0,0.0,6144.914,0.0,11.907775
2019-07-01,18,0,reserve,system,5882.428,0.0,0.0,5882.428,0.0,5.038019
2019-07-01,19,0,reserve,system,5662.034,0.0,0.0,5662.034,0.0,13.787296
2019-07-01,20,0,reserve,system,5510.982,0.0,0.0,5510.982,0.0,11.260839
2019-07-01,21,0,reserve,system,5158.839,0.0,0.0,5158.839,0.0,8.973189
2019-07-01,22,0,reserve,system,4773.658,0.0,0.0,4773.658,0.0,8.254589
2019-07-01,23,0,reserve,system,4439.048,0.0,0.0,4439.048,0.0,9.821249
2019-07-02,0,0,reserve,system,4198.851,0.0,0.0,4198.851,0.0,11.973256
2019-07-02,1,0,reserve,system,4038.92,0.0,0.0,4038.92,0.0,0.0
2019-07-02,2,0,reserve,system,3955.602,0.0,0.0,3955.602,0.0,0.713005
2019-07-02,3,0,reserve,system,3949.019,0.0,0.0,3949.019,0.0,5.557617
2019-07-02,4,0,reserve,system,4062.349,0.0,0.510929,4062.349,0.0,6.975806
2019-07-02,5,0,reserve,system,4200.345,0.0,4.143544,4200.345,0.0,6.535071
2019-07-02,6,0,reserve,system,4318.781,0.0,0.0,4318.781,0.0,6.916897
2019-07-02,7,0,reserve,system,4575.092,0.0,0.0,4575.092,0.0,6.428023
2019-07-02,8,0,reserve,system,4902.356,0.0,0.0,4902.356,0.0,8.513024
2019-07-02,9,0,reserve,system,5265.277,0.0,0.0,5265.277,0.0,10.447137
2019-07-02,10,0,reserve,system,5600.098,0.0,6.325471,5600.098,0.0,10.840488
2019-07-02,11,0,reserve,system,5835.053,0.0,13.921624,5835.053,0.0,10.477996
2019-07-02,12,0,reserve,system,6012.36,0.0,0.0,6012.36,0.0,9.92015
2019-07-02,13,0,reserve,system,6131.944,0.0,0.0,6131.944,0.0,11.957229
2019-07-02,14,0,reserve,system,6204.353,0.0,0.0,6204.353,0.0,21.956659
2019-07-02,15,0,reserve,system,6250.908,0.0,0.0,6250.908,0.0,24.003532
2019-07-02,16,0,reserve,system,6197.732,0.0,0.0,6197.732,0.0,16.579764
2019-07-02,17,0,reserve,system,6040.725,0.0,0.0,6040.725,0.0,11.263839
2019-07-02,18,0,reserve,system,5816.997,0.0,0.0,5816.997,0.0,10.010398
2019-07-02,19,0,reserve,system,5589.983,0.0,0.0,5589.983,0.0,9.254838
2019-07-02,20,0,reserve,system,5408.203,0.0,0.0,5408.203,0.0,11.255566
2019-07-02,21,0,reserve,system,5051.082,0.0,0.0,5051.082,0.0,8.509901
2019-07-02,22,0,reserve,system,4660.336,0.0,0.0,4660.336,0.0,7.449981
2019-07-02,23,0,reserve,system,4345.916,0.0,0.0,4345.916,0.0,5.250437
2019-07-03,0,0,reserve,system,4124.245,0.0,0.0,4124.245,0.0,8.66463
2019-07-03,1,0,reserve,system,3962.127,0.0,0.0,3962.127,0.0,0.0
2019-07-03,2,0,reserve,system,3859.968,0.0,0.0,3859.968,0.0,0.0
2019-07-03,3,0,reserve,system,3855.845,0.0,0.0,3855.845,0.0,4.50151
2019-07-03,4,0,reserve,system,3957.472,0.0,0.0,3957.472,0.0,4.227699
2019-07-03,5,0,reserve,system,4111.085,0.0,0.0,4111.085,0.0,7.055628
2019-07-03,6,0,reserve,system,4245.023,0.0,0.0,4245.023,0.0,6.702134
2019-07-03,7,0,reserve,system,4484.432,0.0,0.0,4484.432,0.0,9.538783
2019-07-03,8,0,reserve,system,4779.468,0.0,11.562359,4779.468,0.0,9.786185
2019-07-03,9,0,reserve,system,5062.197,0.0,22.053449,5062.197,0.0,3.502226
2019-07-03,10,0,reserve,system,5299.593,0.0,0.0,5299.593,0.0,9.865453
2019-07-03,11,0,reserve,system,5484.822,0.0,0.0,5484.822,0.0,5.609653
2019-07-03,12,0,reserve,system,5686.129,0.0,0.0,5686.129,0.0,10.47731
2019-07-03,13,0,reserve,system,5865.663,0.0,0.0,5865.663,0.0,10.404238
2019-07-03,14,0,reserve,system,6041.674,0.0,0.0,6041.674,0.0,12.462602
2019-07-03,15,0,reserve,system,6115.715,0.0,0.0,6115.715,0.0,22.173759
2019-07-03,16,0,reserve,system,6047.148,0.0,0.0,6047.148,0.0,9.983006
2019-07-03,17,0,reserve,system,5861.259,0.0,0.0,5861.259,0.0,11.640503
2019-07-03,18,0,reserve,system,5619.504,0.0,0.0,5619.504,0.0,1.974958
2019-07-03,19,0,reserve,system,5405.845,0.0,0.0,5405.845,0.0,17.652285
2019-07-03,20,0,reserve,system,5250.208,0.0,0.0,5250.208,0.0,9.100939
2019-07-03,21,0,reserve,system,4961.559,0.0,0.0,4961.559,0.0,6.820264
2019-07-03,22,0,reserve,system,4628.546,0.0,0.0,4628.546,0.0,7.564871
2019-07-03,23,0,reserve,system,4338.505,0.0,0.0,4338.505,0.0,5.511433
2019-07-04,0,0,reserve,system,4132.339,0.0,0.0,4132.339,0.0,6.479709
2019-07-04,1,0,reserve,system,3993.282,0.0,0.0,3993.282,0.0,5.36469
2019-07-04,2,0,reserve,system,3899.201,0.0,0.0,3899.201,0.0,0.0
2019-07-04,3,0,reserve,system,3851.687,0.0,0.0,3851.687,0.0,0.0
2019-07-04,4,0,reserve,system,3865.48,0.0,20.635246,3865.48,0.0,18.924763
2019-07-04,5,0,reserve,system,3889.482,0.0,0.0,3889.482,0.0,0.0
2019-07-04,6,0,reserve,system,3925.323,0.0,0.0,3925.323,0.0,0.0
2019-07-04,7,0,reserve,system,4145.114,0.0,0.0,4145.114,0.0,9.456477
2019-07-04,8,0,reserve,system,4494.763,0.0,0.0,4494.763,0.0,5.904222
2019-07-04,9,0,reserve,system,4887.607,0.0,0.0,4887.607,0.0,7.076163
2019-07-04,10,0,reserve,system,5232.873,0.0,0.0,5232.873,0.0,7.066033
2019-07-04,11,0,reserve,system,5539.748,0.0,0.0,5539.748,0.0,12.039062
2019-07-04,12,0,reserve,system,5805.965,0.0,0.0,5805.965,0.0,9.983874
2019-07-04,13,0,reserve,system,5995.444,0.0,0.0,5995.444,0.0,11.092938
2019-07-04,14,0,reserve,system,6126.977,0.0,0.0,6126.977,0.0,10.430346
2019-07-04,15,0,reserve,system,6171.385,0.0,0.0,6171.385,0.0,10.750277
2019-07-04,16,0,reserve,system,6127.311,0.0,0.0,6127.311,0.0,21.558072
2019-07-04,17,0,reserve,system,5974.024,0.0,0.0,5974.024,0.0,10.529947
2019-07-04,18,0,reserve,system,5713.663,0.0,0.0,5713.663,0.0,9.555868
2019-07-04,19,0,reserve,system,5449.057,0.0,0.0,5449.057,0.0,10.80477
2019-07-04,20,0,reserve,system,5251.991,0.0,0.0,5251.991,0.0,11.254121
2019-07-04,21,0,reserve,system,5042.85,0.0,0.0,5042.85,0.0,8.6606
2019-07-04,22,0,reserve,system,4821.671,0.0,0.0,4821.671,0.0,6.835682
2019-07-04,23,0,reserve,system,4537.448,0.0,0.0,4537.448,0.0,7.592013
2019-07-05,0,0,reserve,system,4304.706,0.0,0.0,4304.706,0.0,10.948466
2019-07-05,1,0,reserve,system,4131.009,0.0,0.0,4131.009,0.0,6.699508
2019-07-05,2,0,reserve,system,4025.493,0.0,0.0,4025.493,0.0,1.474402
2019-07-05,3,0,reserve,system,3997.103,0.0,0.0,3997.103,0.0,0.0
2019-07-05,4,0,reserve,system,4069.25,0.0,0.0,4069.25,0.0,9.427533
2019-07-05,5,0,reserve,system,4150.911,0.0,0.0,4150.911,0.0,6.433746
2019-07-05,6,0,reserve,system,4242.512,0.0,0.0,4242.512,0.0,5.382908
2019-07-05,7,0,reserve,system,4504.21,0.0,0.0,4504.21,0.0,7.310733
2019-07-05,8,0,reserve,system,4861.267,0.0,0.0,4861.267,0.0,7.464837
2019-07-05,9,0,reserve,system,5227.309,0.0,0.0,5227.309,0.0,11.200675
2019-07-05,10,0,reserve,system,5571.276,0.0,0.0,5571.276,0.0,10.245508
2019-07-05,11,0,reserve,system,5871.167,0.0,0.0,5871.167,0.0,10.977489
2019-07-05,12,0,reserve,system,6131.3,0.0,0.0,6131.3,0.0,9.99456
2019-07-05,13,0,reserve,system,6339.808,0.0,0.0,6339.808,0.0,9.743287
2019-07-05,14,0,reserve,system,6504.969,0.0,0.0,6504.969,0.0,10.611095
2019-07-05,15,0,reserve,system,6584.847,0.0,0.0,6584.847,0.0,25.81316
2019-07-05,16,0,reserve,system,6565.541,0.0,0.0,6565.541,0.0,12.452953
2019-07-05,17,0,reserve,system,6402.58,0.0,0.0,6402.58,0.0,12.796249
2019-07-05,18,0,reserve,system,6141.161,0.0,0.0,6141.161,0.0,9.453364
2019-07-05,19,0,reserve,system,5863.498,0.0,0.0,5863.498,0.0,10.311433
2019-07-05,20,0,reserve,system,5662.407,0.0,0.0,5662.407,0.0,9.681981
2019-07-05,21,0,reserve,system,5343.198,0.0,0.0,5343.198,0.0,10.185803
2019-07-05,22,0,reserve,system,4995.031,0.0,0.0,4995.031,0.0,11.851431
2019-07-05,23,0,reserve,system,4653.007,0.0,0.0,4653.007,0.0,7.172285
2019-07-06,0,0,reserve,system,4395.055,0.0,0.0,4395.055,0.0,11.835541
2019-07-06,1,0,reserve,system,4197.647,0.0,0.0,4197.647,0.0,5.298822
2019-07-06,2,0,reserve,system,4059.221,0.0,0.0,4059.221,0.0,9.935227
2019-07-06,3,0,reserve,system,3970.753,0.0,0.0,3970.753,0.0,0.0
2019-07-06,4,0,reserve,system,3940.325,0.0,0.0,3940.325,0.0,0.0
2019-07-06,5,0,reserve,system,3914.692,0.0,0.0,3914.692,0.0,9.806587
2019-07-06,6,0,reserve,system,3987.916,0.0,0.0,3987.916,0.0,5.654522
2019-07-06,7,0,reserve,system,4275.553,0.0,0.0,4275.553,0.0,9.761471
2019-07-06,8,0,reserve,system,4649.704,0.0,0.0,4649.704,0.0,7.999795
2019-07-06,9,0,reserve,system,5046.553,0.0,0.0,5046.553,0.0,9.55152
2019-07-06,10,0,reserve,system,5418.709,0.0,0.0,5418.709,0.0,7.125557
2019-07-06,11,0,reserve,system,5752.979,0.0,0.0,5752.979,0.0,11.3876
2019-07-06,12,0,reserve,system,6031.711,0.0,0.0,6031.711,0.0,9.411322
2019-07-06,13,0,reserve,system,6242.757,0.0,0.0,6242.757,0.0,11.879578
2019-07-06,14,0,reserve,system,6383.114,0.0,0.0,6383.114,0.0,14.540753
2019-07-06,15,0,reserve,system,6453.575,0.0,0.0,6453.575,0.0,31.458741
2019-07-06,16,0,reserve,system,6388.95,0.0,0.0,6388.95,0.0,10.375349
2019-07-06,17,0,reserve,system,6133.572,0.0,0.0,6133.572,0.0,11.771725
2019-07-06,18,0,reserve,system,5800.811,0.0,0.0,5800.811,0.0,7.426678
2019-07-06,19,0,reserve,system,5550.695,0.0,0.0,5550.695,0.0,11.562159
2019-07-06,20,0,reserve,system,5353.545,0.0,0.0,5353.545,0.0,10.686159
2019-07-06,21,0,reserve,system,5055.622,0.0,0.0,5055.622,0.0,7.193736
2019-07-06,22,0,reserve,system,4732.007,0.0,0.0,4732.007,0.0,14.527176
2019-07-06,23,0,reserve,system,4434.218,0.0,0.0,4434.218,0.0,0.0
2019-07-07,0,0,reserve,system,4198.161,0.0,0.0,4198.161,0.0,12.622266
2019-07-07,1,0,reserve,system,4017.353,0.0,0.0,4017.353,0.0,0.0
2019-07-07,2,0,reserve,system,3892.677,0.0,0.0,3892.677,0.0,10.325493
2019-07-07,3,0,reserve,system,3813.334,0.0,0.0,3813.334,0.0,1.175545
2019-07-07,4,0,reserve,system,3782.229,0.0,0.0,3782.229,0.0,0.0
2019-07-07,5,0,reserve,system,3760.376,0.0,0.0,3760.376,0.0,9.588031
2019-07-07,6,0,reserve,system,3825.964,0.0,0.0,3825.964,0.0,4.905879
2019-07-07,7,0,reserve,system,4135.987,0.0,0.0,4135.987,0.0,9.604707
2019-07-07,8,0,reserve,system,4545.237,0.0,0.0,4545.237,0.0,9.401339
2019-07-07,9,0,reserve,system,4961.348,0.0,0.0,4961.348,0.0,15.798526
2019-07-07,10,0,reserve,system,5356.581,0.0,0.0,5356.581,0.0,0.916731
2019-07-07,11,0,reserve,system,5710.182,0.0,0.0,5710.182,0.0,13.548769
2019-07-07,12,0,reserve,system,6016.436,0.0,0.0,6016.436,0.0,12.126745
2019-07-07,13,0,reserve,system,6248.297,0.0,0.0,6248.297,0.0,12.638462
2019-07-07,14,0,reserve,system,6416.536,0.0,0.0,6416.536,0.0,17.078562
2019-07-07,15,0,reserve,system,6515.324,0.0,0.0,6515.324,242.493911,50.0
2019-07-07,16,0,reserve,system,6519.686,0.0,0.0,6519.686,1376.253578,50.0
2019-07-07,17,0,reserve,system,6410.866,0.0,0.0,6410.866,0.0,30.738845
2019-07-07,18,0,reserve,system,6205.791,0.0,0.0,6205.791,0.0,19.431258
2019-07-07,19,0,reserve,system,5959.425,0.0,0.0,5959.425,0.0,0.0
2019-07-07,20,0,reserve,system,5766.267,0.0,25.059533,5766.267,0.0,22.437725
2019-07-07,21,0,reserve,system,5411.731,0.0,0.0,5411.731,0.0,14.076996
2019-07-07,22,0,reserve,system,5020.912,0.0,0.0,5020.912,0.0,9.040933
2019-07-07,23,0,reserve,system,4666.727,0.0,0.0,4666.727,0.0,11.525681
2019-07-08,0,0,reserve,system,4402.467,0.0,0.0,4402.467,0.0,18.437079
2019-07-08,1,0,reserve,system,4213.928,0.0,0.0,4213.928,0.0,0.0
2019-07-08,2,0,reserve,system,4101.016,0.0,0.0,4101.016,0.0,5.98519
2019-07-08,3,0,reserve,system,4079.491,0.0,0.0,4079.491,0.0,0.0
2019-07-08,4,0,reserve,system,4175.574,0.0,0.0,4175.574,0.0,8.985203
2019-07-08,5,0,reserve,system,4304.036,0.0,0.0,4304.036,0.0,8.019733
2019-07-08,6,0,reserve,system,4436.357,0.0,0.0,4436.357,0.0,10.323374
2019-07-08,7,0,reserve,system,4714.87,0.0,0.0,4714.87,0.0,9.759761
2019-07-08,8,0,reserve,system,5082.063,0.0,0.0,5082.063,0.0,10.090264
2019-07-08,9,0,reserve,system,5499.1,0.0,0.0,5499.1,0.0,11.225391
2019-07-08,10,0,reserve,system,5875.788,0.0,31.883853,5875.788,0.0,8.826063
2019-07-08,11,0,reserve,system,6208.265,0.0,34.774145,6208.265,0.0,12.54039
2019-07-08,12,0,reserve,system,6494.525,0.0,0.0,6494.525,0.0,11.146992
2019-07-08,13,0,reserve,system,6697.836,0.0,0.0,6697.836,644.692717,50.0
2019-07-08,14,0,reserve,system,6771.036,0.0,0.0,6771.036,2574.068139,50.0
2019-07-08,15,0,reserve,system,6715.677,0.0,0.0,6715.677,2252.959763,50.0
2019-07-08,16,0,reserve,system,6552.351,0.0,0.0,6552.351,404.949607,50.0
2019-07-08,17,0,reserve,system,6299.691,0.0,0.0,6299.691,0.0,25.62266
2019-07-08,18,0,reserve,system,6046.593,0.0,0.0,6046.593,0.0,19.818002
2019-07-08,19,0,reserve,system,5833.762,0.0,0.0,5833.762,0.0,13.006626
2019-07-08,20,0,reserve,system,5648.97,0.0,0.0,5648.97,0.0,13.531118
2019-07-08,21,0,reserve,system,5295.354,0.0,0.0,5295.354,0.0,12.45701
2019-07-08,22,0,reserve,system,4914.089,0.0,0.0,4914.089,0.0,10.91126
2019-07-08,23,0,reserve,system,4585.924,0.0,0.0,4585.924,0.0,9.823244
2019-07-09,0,0,reserve,system,4354.666,0.0,0.0,4354.666,0.0,11.107573
2019-07-09,1,0,reserve,system,4188.715,0.0,0.0,4188.715,0.0,9.652665
2019-07-09,2,0,reserve,system,4105.146,0.0,0.0,4105.146,0.0,0.0
2019-07-09,3,0,reserve,system,4105.141,0.0,0.0,4105.141,0.0,0.0
2019-07-09,4,0,reserve,system,4222.999,0.0,35.601696,4222.999,0.0,9.709599
2019-07-09,5,0,reserve,system,4360.618,0.0,14.185704,4360.618,0.0,5.977272
2019-07-09,6,0,reserve,system,4483.956,0.0,0.0,4483.956,0.0,6.679072
2019-07-09,7,0,reserve,system,4727.561,0.0,0.0,4727.561,0.0,9.309175
2019-07-09,8,0,reserve,system,5059.359,0.0,0.0,5059.359,0.0,8.510715
2019-07-09,9,0,reserve,system,5437.879,0.0,19.479268,5437.879,0.0,11.4252
2019-07-09,10,0,reserve,system,5806.812,0.0,20.766669,5806.812,0.0,10.33467
2019-07-09,11,0,reserve,system,6154.391,0.0,0.0,6154.391,0.0,10.734788
2019-07-09,12,0,reserve,system,6473.068,0.0,0.0,6473.068,0.0,10.754648
2019-07-09,13,0,reserve,system,6720.308,0.0,0.0,6720.308,0.0,17.13684
2019-07-09,14,0,reserve,system,6849.859,0.0,0.0,6849.859,1327.111349,50.0
2019-07-09,15,0,reserve,system,6906.024,0.0,0.0,6906.024,2299.084858,50.0
2019-07-09,16,0,reserve,system,6898.767,0.0,0.0,6898.767,2175.587022,50.0
2019-07-09,17,0,reserve,system,6809.693,0.0,0.0,6809.693,1817.231495,50.0
2019-07-09,18,0,reserve,system,6603.813,0.0,0.0,6603.813,0.0,32.546738
2019-07-09,19,0,reserve,system,6351.437,0.0,0.0,6351.437,0.0,13.98629
2019-07-09,20,0,reserve,system,6130.69,0.0,0.0,6130.69,0.0,13.384728
2019-07-09,21,0,reserve,system,5734.902,0.0,0.0,5734.902,0.0,11.279515
2019-07-09,22,0,reserve,system,5303.285,0.0,0.0,5303.285,0.0,8.978299
2019-07-09,23,0,reserve,system,4925.201,0.0,0.0,4925.201,0.0,12.785419
2019-07-10,0,0,reserve,system,4637.934,0.0,0.0,4637.934,0.0,10.213525
2019-07-10,1,0,reserve,system,4420.817,0.0,0.0,4420.817,0.0,9.391159
2019-07-10,2,0,reserve,system,4281.112,0.0,0.0,4281.112,0.0,0.001948
2019-07-10,3,0,reserve,system,4239.105,0.0,0.0,4239.105,0.0,0.0
2019-07-10,4,0,reserve,system,4325.061,0.0,0.0,4325.061,0.0,9.48114
2019-07-10,5,0,reserve,system,4437.822,0.0,0.0,4437.822,0.0,4.969381
2019-07-10,6,0,reserve,system,4552.248,0.0,0.0,4552.248,0.0,7.358606
2019-07-10,7,0,reserve,system,4844.224,0.0,0.0,4844.224,0.0,10.724333
2019-07-10,8,0,reserve,system,5231.37,0.0,0.0,5231.37,0.0,9.463221
2019-07-10,9,0,reserve,system,5663.402,0.0,0.0,5663.402,0.0,16.305844
2019-07-10,10,0,reserve,system,6088.479,0.0,0.0,6088.479,0.0,9.984357
2019-07-10,11,0,reserve,system,6457.838,0.0,0.0,6457.838,0.0,25.899828
2019-07-10,12,0,reserve,system,6775.931,0.0,0.0,6775.931,1412.899907,50.0
2019-07-10,13,0,reserve,system,6969.257,0.0,0.0,6969.257,2497.195907,50.0
2019-07-10,14,0,reserve,system,7049.46,0.0,0.0,7049.46,3211.528907,50.0
2019-07-10,15,0,reserve,system,7058.255,0.0,0.0,7058.255,2986.073907,50.0
2019-07-10,16,0,reserve,system,6992.472,0.0,0.0,6992.472,1856.275232,50.0
2019-07-10,17,0,reserve,system,6694.783,0.0,0.0,6694.783,0.0,33.955931
2019-07-10,18,0,reserve,system,6350.95,0.0,0.0,6350.95,0.0,17.489795
2019-07-10,19,0,reserve,system,6082.348,0.0,0.0,6082.348,0.0,14.823773
2019-07-10,20,0,reserve,system,5813.623,0.0,0.0,5813.623,0.0,13.916232
2019-07-10,21,0,reserve,system,5404.328,0.0,0.0,5404.328,0.0,14.187482
2019-07-10,22,0,reserve,system,4979.928,0.0,0.0,4979.928,0.0,13.691529
2019-07-10,23,0,reserve,system,4603.583,0.0,0.0,4603.583,0.0,0.0
2019-07-11,0,0,reserve,system,4333.618,0.0,0.0,4333.618,0.0,17.638905
2019-07-11,1,0,reserve,system,4142.187,0.0,0.0,4142.187,0.0,0.0
2019-07-11,2,0,reserve,system,4020.919,0.0,0.0,4020.919,0.0,6.589529
2019-07-11,3,0,reserve,system,3986.708,0.0,0.0,3986.708,0.0,0.0
2019-07-11,4,0,reserve,system,4075.405,0.0,0.0,4075.405,0.0,9.32473
2019-07-11,5,0,reserve,system,4205.198,0.0,0.0,4205.198,0.0,9.572713
2019-07-11,6,0,reserve,system,4300.551,0.0,0.0,4300.551,0.0,7.989453
2019-07-11,7,0,reserve,system,4502.886,0.0,0.0,4502.886,0.0,9.398356
2019-07-11,8,0,reserve,system,4810.578,0.0,0.0,4810.578,0.0,9.789796
2019-07-11,9,0,reserve,system,5232.51,0.0,0.0,5232.51,0.0,14.813756
2019-07-11,10,0,reserve,system,5652.128,0.0,0.0,5652.128,0.0,21.185703
2019-07-11,11,0,reserve,system,6031.974,0.0,0.0,6031.974,0.0,0.908595
2019-07-11,12,0,reserve,system,6377.392,0.0,0.0,6377.392,0.0,14.688421
2019-07-11,13,0,reserve,system,6623.428,0.0,0.0,6623.428,0.0,16.052728
2019-07-11,14,0,reserve,system,6776.944,0.0,0.0,6776.944,0.0,23.716767
2019-07-11,15,0,reserve,system,6862.48,0.0,0.0,6862.48,0.0,24.001018
2019-07-11,16,0,reserve,system,6848.106,0.0,0.0,6848.106,944.140904,50.0
2019-07-11,17,0,reserve,system,6697.467,0.0,0.0,6697.467,0.0,23.722651
2019-07-11,18,0,reserve,system,6459.539,0.0,0.0,6459.539,0.0,13.534085
2019-07-11,19,0,reserve,system,6198.908,0.0,0.0,6198.908,0.0,0.0
2019-07-11,20,0,reserve,system,5985.406,0.0,0.0,5985.406,0.0,22.143322
2019-07-11,21,0,reserve,system,5600.149,0.0,0.0,5600.149,0.0,13.420099
2019-07-11,22,0,reserve,system,5174.976,0.0,0.0,5174.976,0.0,15.14001
2019-07-11,23,0,reserve,system,4794.862,0.0,0.0,4794.862,0.0,10.990862
2019-07-12,0,0,reserve,system,4503.635,0.0,0.0,4503.635,0.0,15.639096
2019-07-12,1,0,reserve,system,4290.535,0.0,0.0,4290.535,0.0,7.704562
2019-07-12,2,0,reserve,system,4149.013,0.0,0.0,4149.013,0.0,13.367935
2019-07-12,3,0,reserve,system,4092.724,0.0,0.0,4092.724,0.0,0.0
2019-07-12,4,0,reserve,system,4157.61,0.0,0.0,4157.61,0.0,0.0
2019-07-12,5,0,reserve,system,4257.92,0.0,0.0,4257.92,0.0,13.469039
2019-07-12,6,0,reserve,system,4374.389,0.0,0.0,4374.389,0.0,6.618153
2019-07-12,7,0,reserve,system,4647.213,0.0,0.0,4647.213,0.0,10.501279
2019-07-12,8,0,reserve,system,5027.74,0.0,0.0,5027.74,0.0,15.394712
2019-07-12,9,0,reserve,system,5446.892,0.0,0.0,5446.892,0.0,13.064368
2019-07-12,10,0,reserve,system,5806.183,0.0,0.0,5806.183,0.0,21.033834
2019-07-12,11,0,reserve,system,6107.148,0.0,0.0,6107.148,0.0,0.0
2019-07-12,12,0,reserve,system,6370.498,0.0,0.0,6370.498,0.0,23.329337
2019-07-12,13,0,reserve,system,6545.229,0.0,0.0,6545.229,385.597602,50.0
2019-07-12,14,0,reserve,system,6660.668,0.0,0.0,6660.668,361.271243,50.0
2019-07-12,15,0,reserve,system,6694.238,0.0,0.0,6694.238,1322.506464,50.0
2019-07-12,16,0,reserve,system,6642.592,0.0,0.0,6642.592,690.274496,50.0
2019-07-12,17,0,reserve,system,6459.401,0.0,0.0,6459.401,0.0,13.309679
2019-07-12,18,0,reserve,system,6191.994,0.0,0.0,6191.994,0.0,9.984618
2019-07-12,19,0,reserve,system,5916.195,0.0,0.0,5916.195,0.0,12.309567
2019-07-12,20,0,reserve,system,5693.957,0.0,0.0,5693.957,0.0,12.003997
2019-07-12,21,0,reserve,system,5345.951,0.0,0.0,5345.951,0.0,16.955248
2019-07-12,22,0,reserve,system,4963.088,0.0,0.0,4963.088,0.0,9.576228
2019-07-12,23,0,reserve,system,4613.215,0.0,0.0,4613.215,0.0,8.099799
2019-07-13,0,0,reserve,system,4329.295,0.0,0.0,4329.295,0.0,19.021854
2019-07-13,1,0,reserve,system,4117.864,0.0,0.0,4117.864,0.0,0.0
2019-07-13,2,0,reserve,system,3975.044,0.0,0.0,3975.044,0.0,13.278456
2019-07-13,3,0,reserve,system,3896.01,0.0,0.0,3896.01,0.0,0.0
2019-07-13,4,0,reserve,system,3901.228,0.0,0.0,3901.228,0.0,0.0
2019-07-13,5,0,reserve,system,3912.729,0.0,0.0,3912.729,0.0,9.763842
2019-07-13,6,0,reserve,system,4008.477,0.0,0.0,4008.477,0.0,6.22637
2019-07-13,7,0,reserve,system,4335.481,0.0,0.0,4335.481,0.0,10.866386
2019-07-13,8,0,reserve,system,4754.872,0.0,0.0,4754.872,0.0,8.676343
2019-07-13,9,0,reserve,system,5174.979,0.0,0.0,5174.979,0.0,16.339764
2019-07-13,10,0,reserve,system,5550.9,0.0,0.0,5550.9,0.0,12.813246
2019-07-13,11,0,reserve,system,5837.718,0.0,0.0,5837.718,0.0,15.143635
2019-07-13,12,0,reserve,system,6009.637,0.0,0.0,6009.637,0.0,18.195733
2019-07-13,13,0,reserve,system,6124.394,0.0,0.0,6124.394,0.0,6.203305
2019-07-13,14,0,reserve,system,6213.944,0.0,0.0,6213.944,0.0,12.194125
2019-07-13,15,0,reserve,system,6277.799,0.0,0.0,6277.799,0.0,15.601709
2019-07-13,16,0,reserve,system,6274.931,0.0,0.0,6274.931,0.0,12.128797
2019-07-13,17,0,reserve,system,6137.865,0.0,0.0,6137.865,0.0,9.884723
2019-07-13,18,0,reserve,system,5929.796,0.0,0.0,5929.796,0.0,15.452842
2019-07-13,19,0,reserve,system,5705.413,0.0,0.0,5705.413,0.0,0.645564
2019-07-13,20,0,reserve,system,5551.516,0.0,0.0,5551.516,0.0,15.160934
2019-07-13,21,0,reserve,system,5275.07,0.0,0.0,5275.07,0.0,16.215589
2019-07-13,22,0,reserve,system,4956.463,0.0,0.0,4956.463,0.0,8.345431
2019-07-13,23,0,reserve,system,4638.278,0.0,0.0,4638.278,0.0,8.594388
2019-07-14,0,0,reserve,system,4376.435,0.0,0.0,4376.435,0.0,15.343517
2019-07-14,1,0,reserve,system,4180.79,0.0,0.0,4180.79,0.0,5.556196
2019-07-14,2,0,reserve,system,4040.088,0.0,0.0,4040.088,0.0,12.095968
2019-07-14,3,0,reserve,system,3954.187,0.0,0.0,3954.187,0.0,0.0
2019-07-14,4,0,reserve,system,3926.04,0.0,0.0,3926.04,0.0,0.0
2019-07-14,5,0,reserve,system,3902.894,0.0,0.0,3902.894,0.0,10.915139
2019-07-14,6,0,reserve,system,3946.445,0.0,0.0,3946.445,0.0,6.094085
2019-07-14,7,0,reserve,system,4198.279,0.0,0.0,4198.279,0.0,10.971194
2019-07-14,8,0,reserve,system,4544.027,0.0,0.0,4544.027,0.0,8.562177
2019-07-14,9,0,reserve,system,4890.136,0.0,0.0,4890.136,0.0,10.404445
2019-07-14,10,0,reserve,system,5197.673,0.0,0.0,5197.673,0.0,15.413867
2019-07-14,11,0,reserve,system,5462.384,0.0,0.0,5462.384,0.0,13.072314
2019-07-14,12,0,reserve,system,5678.513,0.0,0.0,5678.513,0.0,13.546055
2019-07-14,13,0,reserve,system,5861.388,0.0,0.0,5861.388,0.0,13.182414
2019-07-14,14,0,reserve,system,5995.61,0.0,0.0,5995.61,0.0,11.52106
2019-07-14,15,0,reserve,system,6058.297,0.0,0.0,6058.297,0.0,21.146054
2019-07-14,16,0,reserve,system,6064.872,0.0,0.0,6064.872,0.0,9.907838
2019-07-14,17,0,reserve,system,5999.876,0.0,16.200884,5999.876,0.0,12.420311
2019-07-14,18,0,reserve,system,5830.348,0.0,0.0,5830.348,0.0,15.203922
2019-07-14,19,0,reserve,system,5630.24,0.0,0.0,5630.24,0.0,9.773945
2019-07-14,20,0,reserve,system,5482.944,0.0,12.688158,5482.944,0.0,16.975661
2019-07-14,21,0,reserve,system,5166.258,0.0,0.0,5166.258,0.0,12.199403
2019-07-14,22,0,reserve,system,4786.144,0.0,0.0,4786.144,0.0,9.145686
2019-07-14,23,0,reserve,system,4464.381,0.0,0.0,4464.381,0.0,7.33018
2019-07-15,0,0,reserve,system,4237.693,0.0,0.0,4237.693,0.0,20.591473
2019-07-15,1,0,reserve,system,4088.918,0.0,0.0,4088.918,0.0,0.0
2019-07-15,2,0,reserve,system,4008.577,0.0,0.0,4008.577,0.0,0.142432
2019-07-15,3,0,reserve,system,4012.881,0.0,0.0,4012.881,0.0,10.686339
2019-07-15,4,0,reserve,system,4127.324,0.0,0.0,4127.324,0.0,9.063887
2019-07-15,5,0,reserve,system,4282.507,0.0,0.0,4282.507,0.0,10.125368
2019-07-15,6,0,reserve,system,4408.762,0.0,0.0,4408.762,0.0,9.038873
2019-07-15,7,0,reserve,system,4671.055,0.0,0.0,4671.055,0.0,9.485381
2019-07-15,8,0,reserve,system,5007.116,0.0,0.0,5007.116,0.0,15.432877
2019-07-15,9,0,reserve,system,5407.228,0.0,0.0,5407.228,0.0,12.832318
2019-07-15,10,0,reserve,system,5795.868,0.0,0.0,5795.868,0.0,14.262012
2019-07-15,11,0,reserve,system,6094.924,0.0,34.95786,6094.924,0.0,13.277206
2019-07-15,12,0,reserve,system,6345.336,0.0,0.0,6345.336,0.0,15.479337
2019-07-15,13,0,reserve,system,6539.718,0.0,0.0,6539.718,0.0,19.535673
2019-07-15,14,0,reserve,system,6669.335,0.0,11.362946,6669.335,1399.238163,50.0
2019-07-15,15,0,reserve,system,6759.295,0.0,0.0,6759.295,1746.098874,50.0
2019-07-15,16,0,reserve,system,6720.693,0.0,0.0,6720.693,1267.479667,50.0
2019-07-15,17,0,reserve,system,6606.901,0.0,0.0,6606.901,1159.019056,50.0
2019-07-15,18,0,reserve,system,6416.776,0.0,0.0,6416.776,140.396,50.0
2019-07-15,19,0,reserve,system,6182.229,0.0,0.0,6182.229,0.0,14.52326
2019-07-15,20,0,reserve,system,5985.991,0.0,0.0,5985.991,0.0,15.037722
2019-07-15,21,0,reserve,system,5618.666,0.0,0.0,5618.666,0.0,9.504623
2019-07-15,22,0,reserve,system,5215.275,0.0,0.0,5215.275,0.0,8.16673
2019-07-15,23,0,reserve,system,4873.158,0.0,0.0,4873.158,0.0,15.228977
2019-07-16,0,0,reserve,system,4623.097,0.0,0.0,4623.097,0.0,19.836852
2019-07-16,1,0,reserve,system,4437.539,0.0,0.0,4437.539,0.0,0.0
2019-07-16,2,0,reserve,system,4336.681,0.0,0.0,4336.681,0.0,6.642518
2019-07-16,3,0,reserve,system,4327.064,0.0,0.0,4327.064,0.0,0.0
2019-07-16,4,0,reserve,system,4448.754,0.0,0.0,4448.754,0.0,9.738043
2019-07-16,5,0,reserve,system,4604.363,0.0,0.0,4604.363,0.0,14.008588
2019-07-16,6,0,reserve,system,4717.666,0.0,0.0,4717.666,0.0,3.771038
2019-07-16,7,0,reserve,system,4974.01,0.0,0.0,4974.01,0.0,19.6128
2019-07-16,8,0,reserve,system,5336.068,0.0,0.0,5336.068,0.0,0.0
2019-07-16,9,0,reserve,system,5731.504,0.0,0.0,5731.504,0.0,13.25193
2019-07-16,10,0,reserve,system,6106.865,0.0,0.0,6106.865,0.0,8.956231
2019-07-16,11,0,reserve,system,6429.464,0.0,0.0,6429.464,0.0,10.729951
2019-07-16,12,0,reserve,system,6729.76,0.0,0.0,6729.76,0.0,20.426895
2019-07-16,13,0,reserve,system,6939.221,0.0,0.0,6939.221,0.0,23.591076
2019-07-16,14,0,reserve,system,7026.069,0.0,0.0,7026.069,0.0,26.16176
2019-07-16,15,0,reserve,system,7019.817,0.0,0.0,7019.817,4.789826,50.0
2019-07-16,16,0,reserve,system,6950.602,0.0,0.0,6950.602,0.0,20.584987
2019-07-16,17,0,reserve,system,6819.761,0.0,0.0,6819.761,0.0,14.234128
2019-07-16,18,0,reserve,system,6592.808,0.0,0.0,6592.808,0.0,11.615232
2019-07-16,19,0,reserve,system,6324.056,0.0,0.0,6324.056,0.0,12.121194
2019-07-16,20,0,reserve,system,6115.703,0.0,0.0,6115.703,0.0,7.420772
2019-07-16,21,0,reserve,system,5727.479,0.0,0.0,5727.479,0.0,10.947791
2019-07-16,22,0,reserve,system,5304.488,0.0,0.0,5304.488,0.0,10.097203
2019-07-16,23,0,reserve,system,4960.332,0.0,0.0,4960.332,0.0,12.187875
2019-07-17,0,0,reserve,system,4707.232,0.0,0.0,4707.232,0.0,15.315253
2019-07-17,1,0,reserve,system,4529.646,0.0,0.0,4529.646,0.0,7.100259
2019-07-17,2,0,reserve,system,4419.306,0.0,0.0,4419.306,0.0,9.567254
2019-07-17,3,0,reserve,system,4387.719,0.0,0.0,4387.719,0.0,0.0
2019-07-17,4,0,reserve,system,4474.7,0.0,0.0,4474.7,0.0,0.03218
2019-07-17,5,0,reserve,system,4594.954,0.0,0.0,4594.954,0.0,10.95071
2019-07-17,6,0,reserve,system,4698.967,0.0,0.0,4698.967,0.0,3.384596
2019-07-17,7,0,reserve,system,4954.898,0.0,0.0,4954.898,0.0,10.584317
2019-07-17,8,0,reserve,system,5302.794,0.0,0.0,5302.794,0.0,7.466954
2019-07-17,9,0,reserve,system,5676.461,0.0,0.0,5676.461,0.0,11.220865
2019-07-17,10,0,reserve,system,6036.217,0.0,0.0,6036.217,0.0,10.495196
2019-07-17,11,0,reserve,system,6354.792,0.0,0.0,6354.792,0.0,10.045831
2019-07-17,12,0,reserve,system,6628.857,0.0,0.0,6628.857,0.0,10.337809
2019-07-17,13,0,reserve,system,6806.769,0.0,0.0,6806.769,0.0,18.481001
2019-07-17,14,0,reserve,system,6920.287,0.0,0.0,6920.287,0.0,17.405066
2019-07-17,15,0,reserve,system,6975.724,0.0,0.0,6975.724,0.0,26.021324
2019-07-17,16,0,reserve,system,6946.994,0.0,0.0,6946.994,633.487798,50.0
2019-07-17,17,0,reserve,system,6808.815,0.0,0.0,6808.815,0.0,19.850783
2019-07-17,18,0,reserve,system,6573.702,0.0,0.0,6573.702,0.0,13.350778
2019-07-17,19,0,reserve,system,6297.264,0.0,0.0,6297.264,0.0,12.128882
2019-07-17,20,0,reserve,system,6083.604,0.0,0.0,6083.604,0.0,10.006465
2019-07-17,21,0,reserve,system,5711.188,0.0,0.0,5711.188,0.0,10.375434
2019-07-17,22,0,reserve,system,5301.767,0.0,0.0,5301.767,0.0,11.706803
2019-07-17,23,0,reserve,system,4949.608,0.0,0.0,4949.608,0.0,7.471968
2019-07-18,0,0,reserve,system,4694.82,0.0,0.0,4694.82,0.0,10.525792
2019-07-18,1,0,reserve,system,4501.387,0.0,0.0,4501.387,0.0,7.691902
2019-07-18,2,0,reserve,system,4374.253,0.0,0.0,4374.253,0.0,1.171977
2019-07-18,3,0,reserve,system,4344.21,0.0,0.0,4344.21,0.0,0.0
2019-07-18,4,0,reserve,system,4431.933,0.0,0.0,4431.933,0.0,9.6664
2019-07-18,5,0,reserve,system,4550.232,0.0,0.0,4550.232,0.0,6.644766
2019-07-18,6,0,reserve,system,4657.554,0.0,0.0,4657.554,0.0,5.869451
2019-07-18,7,0,reserve,system,4929.173,0.0,0.0,4929.173,0.0,7.721696
2019-07-18,8,0,reserve,system,5276.393,0.0,0.0,5276.393,0.0,11.565644
2019-07-18,9,0,reserve,system,5637.389,0.0,0.0,5637.389,0.0,10.265416
2019-07-18,10,0,reserve,system,5993.736,0.0,6.540869,5993.736,0.0,10.596228
2019-07-18,11,0,reserve,system,6308.37,0.0,0.0,6308.37,0.0,10.552955
2019-07-18,12,0,reserve,system,6600.774,0.0,0.0,6600.774,0.0,10.481158
2019-07-18,13,0,reserve,system,6836.621,0.0,0.0,6836.621,0.0,18.249241
2019-07-18,14,0,reserve,system,6984.797,0.0,0.0,6984.797,0.0,19.405684
2019-07-18,15,0,reserve,system,7012.705,0.0,0.0,7012.705,0.0,33.678449
2019-07-18,16,0,reserve,system,6967.35,0.0,0.0,6967.35,165.008471,50.0
2019-07-18,17,0,reserve,system,6834.851,0.0,0.0,6834.851,0.0,21.377545
2019-07-18,18,0,reserve,system,6608.758,0.0,0.0,6608.758,0.0,11.318325
2019-07-18,19,0,reserve,system,6326.653,0.0,0.0,6326.653,0.0,12.226805
2019-07-18,20,0,reserve,system,6125.154,0.0,0.0,6125.154,0.0,9.51348
2019-07-18,21,0,reserve,system,5757.184,0.0,0.0,5757.184,0.0,11.964604
2019-07-18,22,0,reserve,system,5338.968,0.0,0.0,5338.968,0.0,7.865283
2019-07-18,23,0,reserve,system,4991.036,0.0,0.0,4991.036,0.0,8.141979
2019-07-19,0,0,reserve,system,4726.108,0.0,0.0,4726.108,0.0,11.323887
2019-07-19,1,0,reserve,system,4528.996,0.0,0.0,4528.996,0.0,8.125146
2019-07-19,2,0,reserve,system,4395.919,0.0,0.0,4395.919,0.0,2.849587
2019-07-19,3,0,reserve,system,4344.614,0.0,0.0,4344.614,0.0,0.0
2019-07-19,4,0,reserve,system,4402.517,0.0,0.0,4402.517,0.0,6.807955
2019-07-19,5,0,reserve,system,4496.179,0.0,0.0,4496.179,0.0,7.390255
2019-07-19,6,0,reserve,system,4603.044,0.0,0.0,4603.044,0.0,5.34144
2019-07-19,7,0,reserve,system,4887.191,0.0,0.0,4887.191,0.0,7.566974
2019-07-19,8,0,reserve,system,5254.194,0.0,0.0,5254.194,0.0,8.091942
2019-07-19,9,0,reserve,system,5633.137,0.0,0.0,5633.137,0.0,11.918587
2019-07-19,10,0,reserve,system,5988.597,0.0,0.0,5988.597,0.0,9.731518
2019-07-19,11,0,reserve,system,6310.604,0.0,0.0,6310.604,0.0,11.038952
2019-07-19,12,0,reserve,system,6601.389,0.0,0.0,6601.389,0.0,10.262675
2019-07-19,13,0,reserve,system,6818.874,0.0,0.0,6818.874,0.0,18.499129
2019-07-19,14,0,reserve,system,6948.728,0.0,0.0,6948.728,0.0,19.045668
2019-07-19,15,0,reserve,system,6992.98,0.0,0.0,6992.98,0.0,28.992245
2019-07-19,16,0,reserve,system,6941.498,0.0,0.0,6941.498,7.029256,50.0
2019-07-19,17,0,reserve,system,6792.641,0.0,0.0,6792.641,0.0,14.270244
2019-07-19,18,0,reserve,system,6527.756,0.0,0.0,6527.756,0.0,11.519387
2019-07-19,19,0,reserve,system,6242.692,0.0,0.0,6242.692,0.0,12.031021
2019-07-19,20,0,reserve,system,6038.144,0.0,0.0,6038.144,0.0,9.867659
2019-07-19,21,0,reserve,system,5700.743,0.0,0.0,5700.743,0.0,10.305009
2019-07-19,22,0,reserve,system,5338.942,0.0,0.0,5338.942,0.0,11.718086
2019-07-19,23,0,reserve,system,4998.025,0.0,0.0,4998.025,0.0,6.96698
2019-07-20,0,0,reserve,system,4736.4,0.0,0.0,4736.4,0.0,11.552233
2019-07-20,1,0,reserve,system,4538.027,0.0,0.0,4538.027,0.0,7.216001
2019-07-20,2,0,reserve,system,4393.86,0.0,0.0,4393.86,0.0,6.124849
2019-07-20,3,0,reserve,system,4301.652,0.0,0.0,4301.652,0.0,7.315307
2019-07-20,4,0,reserve,system,4264.276,0.0,0.0,4264.276,0.0,4.401387
2019-07-20,5,0,reserve,system,4250.811,0.0,0.0,4250.811,0.0,3.783899
2019-07-20,6,0,reserve,system,4308.951,0.0,0.0,4308.951,0.0,0.0
2019-07-20,7,0,reserve,system,4624.445,0.0,0.0,4624.445,0.0,9.923078
2019-07-20,8,0,reserve,system,5022.55,0.0,0.0,5022.55,0.0,5.952139
2019-07-20,9,0,reserve,system,5428.706,0.0,0.0,5428.706,0.0,12.681729
2019-07-20,10,0,reserve,system,5797.586,0.0,0.0,5797.586,0.0,9.723226
2019-07-20,11,0,reserve,system,6120.896,0.0,0.0,6120.896,0.0,11.19615
2019-07-20,12,0,reserve,system,6386.59,0.0,0.0,6386.59,0.0,9.65702
2019-07-20,13,0,reserve,system,6578.94,0.0,0.0,6578.94,0.0,9.875101
2019-07-20,14,0,reserve,system,6714.375,0.0,0.0,6714.375,0.0,10.571038
2019-07-20,15,0,reserve,system,6783.948,0.0,0.0,6783.948,0.0,18.923934
2019-07-20,16,0,reserve,system,6748.134,0.0,0.0,6748.134,0.0,40.463234
2019-07-20,17,0,reserve,system,6608.488,0.0,0.0,6608.488,0.0,11.028881
2019-07-20,18,0,reserve,system,6372.625,0.0,0.0,6372.625,0.0,12.467999
2019-07-20,19,0,reserve,system,6096.609,0.0,0.0,6096.609,0.0,11.015192
2019-07-20,20,0,reserve,system,5905.85,0.0,0.0,5905.85,0.0,9.763018
2019-07-20,21,0,reserve,system,5574.75,0.0,0.0,5574.75,0.0,10.305151
2019-07-20,22,0,reserve,system,5232.478,0.0,0.0,5232.478,0.0,11.593052
2019-07-20,23,0,reserve,system,4907.566,0.0,0.0,4907.566,0.0,7.019881
2019-07-21,0,0,reserve,system,4643.946,0.0,0.0,4643.946,0.0,11.782287
2019-07-21,1,0,reserve,system,4436.383,0.0,0.0,4436.383,0.0,6.920933
2019-07-21,2,0,reserve,system,4271.398,0.0,0.0,4271.398,0.0,6.541625
2019-07-21,3,0,reserve,system,4150.443,0.0,0.0,4150.443,0.0,4.956848
2019-07-21,4,0,reserve,system,4076.679,0.0,0.0,4076.679,0.0,7.217828
2019-07-21,5,0,reserve,system,4024.024,0.0,0.0,4024.024,0.0,0.0
2019-07-21,6,0,reserve,system,4063.057,0.0,0.0,4063.057,0.0,0.0
2019-07-21,7,0,reserve,system,4355.166,0.0,0.0,4355.166,0.0,10.063292
2019-07-21,8,0,reserve,system,4752.357,0.0,0.0,4752.357,0.0,6.569656
2019-07-21,9,0,reserve,system,5160.094,0.0,0.0,5160.094,0.0,9.260132
2019-07-21,10,0,reserve,system,5550.329,0.0,0.0,5550.329,0.0,6.869104
2019-07-21,11,0,reserve,system,5918.847,0.0,0.0,5918.847,0.0,12.214979
2019-07-21,12,0,reserve,system,6206.283,0.0,0.0,6206.283,0.0,9.981514
2019-07-21,13,0,reserve,system,6383.575,0.0,0.0,6383.575,0.0,10.208953
2019-07-21,14,0,reserve,system,6514.933,0.0,0.0,6514.933,0.0,11.273558
2019-07-21,15,0,reserve,system,6572.065,0.0,0.0,6572.065,0.0,10.723343
2019-07-21,16,0,reserve,system,6573.203,0.0,4.431891,6573.203,0.0,36.683738
2019-07-21,17,0,reserve,system,6472.067,0.0,0.0,6472.067,0.0,13.543962
2019-07-21,18,0,reserve,system,6268.465,0.0,0.0,6268.465,0.0,11.696713
2019-07-21,19,0,reserve,system,6050.663,0.0,0.0,6050.663,0.0,11.717925
2019-07-21,20,0,reserve,system,5870.641,0.0,0.0,5870.641,0.0,15.280692
2019-07-21,21,0,reserve,system,5518.061,0.0,0.0,5518.061,0.0,10.241357
2019-07-21,22,0,reserve,system,5114.2,0.0,0.0,5114.2,0.0,9.981977
2019-07-21,23,0,reserve,system,4765.168,0.0,0.0,4765.168,0.0,10.342247
2019-07-22,0,0,reserve,system,4503.969,0.0,0.0,4503.969,0.0,20.39183
2019-07-22,1,0,reserve,system,4330.803,0.0,0.0,4330.803,0.0,0.0
2019-07-22,2,0,reserve,system,4229.159,0.0,0.0,4229.159,0.0,0.0
2019-07-22,3,0,reserve,system,4207.167,0.0,0.0,4207.167,0.0,9.272747
2019-07-22,4,0,reserve,system,4306.493,0.0,0.0,4306.493,0.0,6.736725
2019-07-22,5,0,reserve,system,4457.381,0.0,0.0,4457.381,0.0,11.294652
2019-07-22,6,0,reserve,system,4565.126,0.0,0.0,4565.126,0.0,8.174413
2019-07-22,7,0,reserve,system,4796.113,0.0,0.0,4796.113,0.0,15.240672
2019-07-22,8,0,reserve,system,5128.798,0.0,13.490604,5128.798,0.0,13.216789
2019-07-22,9,0,reserve,system,5483.76,0.0,19.31329,5483.76,0.0,13.697285
2019-07-22,10,0,reserve,system,5845.553,0.0,0.0,5845.553,0.0,14.660403
2019-07-22,11,0,reserve,system,6153.018,0.0,0.0,6153.018,0.0,10.452682
2019-07-22,12,0,reserve,system,6365.52,0.0,0.0,6365.52,0.0,10.652348
2019-07-22,13,0,reserve,system,6503.424,0.0,0.0,6503.424,0.0,11.318632
2019-07-22,14,0,reserve,system,6575.797,0.0,0.0,6575.797,0.0,11.006298
2019-07-22,15,0,reserve,system,6575.943,0.0,0.0,6575.943,0.0,35.89756
2019-07-22,16,0,reserve,system,6507.735,0.0,0.0,6507.735,0.0,12.979873
2019-07-22,17,0,reserve,system,6362.976,0.0,0.0,6362.976,0.0,12.022367
2019-07-22,18,0,reserve,system,6134.572,0.0,0.0,6134.572,0.0,10.8343
2019-07-22,19,0,reserve,system,5910.501,0.0,0.0,5910.501,0.0,11.081804
2019-07-22,20,0,reserve,system,5702.107,0.0,0.0,5702.107,0.0,10.426651
2019-07-22,21,0,reserve,system,5315.577,0.0,0.0,5315.577,0.0,8.350023
2019-07-22,22,0,reserve,system,4907.497,0.0,0.0,4907.497,0.0,11.201774
2019-07-22,23,0,reserve,system,4562.337,0.0,0.0,4562.337,0.0,0.0
2019-07-23,0,0,reserve,system,4325.965,0.0,0.0,4325.965,0.0,13.387725
2019-07-23,1,0,reserve,system,4157.016,0.0,0.0,4157.016,0.0,1.026708
2019-07-23,2,0,reserve,system,4050.198,0.0,0.0,4050.198,0.0,0.0
2019-07-23,3,0,reserve,system,4030.185,0.0,0.0,4030.185,0.0,8.582783
2019-07-23,4,0,reserve,system,4118.062,0.0,0.0,4118.062,0.0,5.539273
2019-07-23,5,0,reserve,system,4251.884,0.0,20.023444,4251.884,0.0,7.521645
2019-07-23,6,0,reserve,system,4346.849,0.0,0.0,4346.849,0.0,8.202282
2019-07-23,7,0,reserve,system,4529.429,0.0,0.0,4529.429,0.0,25.297773
2019-07-23,8,0,reserve,system,4768.095,0.0,0.0,4768.095,0.0,0.0
2019-07-23,9,0,reserve,system,5031.81,0.0,0.0,5031.81,0.0,8.464952
2019-07-23,10,0,reserve,system,5275.717,0.0,0.0,5275.717,0.0,4.045739
2019-07-23,11,0,reserve,system,5494.896,0.0,0.0,5494.896,0.0,12.279257
2019-07-23,12,0,reserve,system,5687.901,0.0,0.0,5687.901,0.0,9.223395
2019-07-23,13,0,reserve,system,5837.904,0.0,0.0,5837.904,0.0,3.161147
2019-07-23,14,0,reserve,system,5978.067,0.0,0.0,5978.067,0.0,9.408745
2019-07-23,15,0,reserve,system,6055.448,0.0,0.0,6055.448,0.0,13.490719
2019-07-23,16,0,reserve,system,6052.255,0.0,9.740356,6052.255,0.0,21.814873
2019-07-23,17,0,reserve,system,5933.491,0.0,0.0,5933.491,0.0,11.178102
2019-07-23,18,0,reserve,system,5707.056,0.0,0.0,5707.056,0.0,0.0
2019-07-23,19,0,reserve,system,5470.664,0.0,0.0,5470.664,0.0,0.0
2019-07-23,20,0,reserve,system,5274.827,0.0,0.0,5274.827,0.0,22.381516
2019-07-23,21,0,reserve,system,4901.469,0.0,0.0,4901.469,0.0,11.306961
2019-07-23,22,0,reserve,system,4501.494,0.0,0.0,4501.494,0.0,13.677347
2019-07-23,23,0,reserve,system,4167.93,0.0,0.0,4167.93,0.0,0.0
2019-07-24,0,0,reserve,system,3932.967,0.0,0.0,3932.967,0.0,19.187963
2019-07-24,1,0,reserve,system,3767.371,0.0,0.0,3767.371,0.0,0.0
2019-07-24,2,0,reserve,system,3661.988,0.0,0.0,3661.988,0.0,5.705223
2019-07-24,3,0,reserve,system,3641.433,0.0,0.0,3641.433,0.0,0.0
2019-07-24,4,0,reserve,system,3732.489,0.0,0.0,3732.489,0.0,8.983962
2019-07-24,5,0,reserve,system,3871.495,0.0,0.0,3871.495,0.0,8.528914
2019-07-24,6,0,reserve,system,3962.372,0.0,0.0,3962.372,0.0,8.401437
2019-07-24,7,0,reserve,system,4179.824,0.0,0.0,4179.824,0.0,9.838943
2019-07-24,8,0,reserve,system,4451.429,0.0,0.0,4451.429,0.0,8.558249
2019-07-24,9,0,reserve,system,4746.283,0.0,0.0,4746.283,0.0,9.409858
2019-07-24,10,0,reserve,system,5023.818,0.0,0.0,5023.818,0.0,9.572357
2019-07-24,11,0,reserve,system,5279.638,0.0,0.0,5279.638,0.0,9.85478
2019-07-24,12,0,reserve,system,5534.244,0.0,0.0,5534.244,0.0,9.344746
2019-07-24,13,0,reserve,system,5747.637,0.0,0.0,5747.637,0.0,11.554989
2019-07-24,14,0,reserve,system,5932.215,0.0,0.0,5932.215,0.0,14.238559
2019-07-24,15,0,reserve,system,6052.992,0.0,0.0,6052.992,0.0,32.979019
2019-07-24,16,0,reserve,system,6059.02,0.0,0.0,6059.02,0.0,14.463587
2019-07-24,17,0,reserve,system,5924.759,0.0,0.0,5924.759,0.0,11.749048
2019-07-24,18,0,reserve,system,5667.547,0.0,0.0,5667.547,0.0,16.910915
2019-07-24,19,0,reserve,system,5378.862,0.0,0.0,5378.862,0.0,0.0
2019-07-24,20,0,reserve,system,5135.933,0.0,0.0,5135.933,0.0,18.829617
2019-07-24,21,0,reserve,system,4758.072,0.0,0.0,4758.072,0.0,8.346798
2019-07-24,22,0,reserve,system,4340.803,0.0,0.0,4340.803,0.0,13.371463
2019-07-24,23,0,reserve,system,4002.465,0.0,0.0,4002.465,0.0,0.0
2019-07-25,0,0,reserve,system,3753.7,0.0,0.0,3753.7,0.0,13.176239
2019-07-25,1,0,reserve,system,3583.554,0.0,0.0,3583.554,0.0,5.39035
2019-07-25,2,0,reserve,system,3475.251,0.0,0.0,3475.251,0.0,9.281192
2019-07-25,3,0,reserve,system,3456.3,0.0,0.0,3456.3,0.0,0.0
2019-07-25,4,0,reserve,system,3568.14,0.0,0.0,3568.14,0.0,0.0
2019-07-25,5,0,reserve,system,3712.871,0.0,0.0,3712.871,0.0,9.660161
2019-07-25,6,0,reserve,system,3826.401,0.0,0.0,3826.401,0.0,6.753819
2019-07-25,7,0,reserve,system,4051.929,0.0,0.0,4051.929,0.0,10.642402
2019-07-25,8,0,reserve,system,4342.798,0.0,0.0,4342.798,0.0,8.201519
2019-07-25,9,0,reserve,system,4650.833,0.0,32.038242,4650.833,0.0,17.34319
2019-07-25,10,0,reserve,system,4935.118,0.0,0.0,4935.118,0.0,0.0
2019-07-25,11,0,reserve,system,5215.376,0.0,29.909147,5215.376,0.0,15.167103
2019-07-25,12,0,reserve,system,5511.42,0.0,0.0,5511.42,0.0,7.263263
2019-07-25,13,0,reserve,system,5764.651,0.0,0.0,5764.651,0.0,13.937538
2019-07-25,14,0,reserve,system,5968.629,0.0,0.0,5968.629,0.0,13.270014
2019-07-25,15,0,reserve,system,6093.439,0.0,0.0,6093.439,0.0,29.817211
2019-07-25,16,0,reserve,system,6096.733,0.0,0.0,6096.733,0.0,13.522692
2019-07-25,17,0,reserve,system,5960.323,0.0,0.0,5960.323,0.0,13.650185
2019-07-25,18,0,reserve,system,5722.023,0.0,0.0,5722.023,0.0,9.056775
2019-07-25,19,0,reserve,system,5456.587,0.0,0.0,5456.587,0.0,7.696948
2019-07-25,20,0,reserve,system,5241.764,0.0,0.0,5241.764,0.0,8.621545
2019-07-25,21,0,reserve,system,4868.868,0.0,0.0,4868.868,0.0,10.810476
2019-07-25,22,0,reserve,system,4473.498,0.0,0.0,4473.498,0.0,9.551385
2019-07-25,23,0,reserve,system,4122.283,0.0,0.0,4122.283,0.0,9.832536
2019-07-26,0,0,reserve,system,3867.94,0.0,0.0,3867.94,0.0,11.633007
2019-07-26,1,0,reserve,system,3695.26,0.0,0.0,3695.26,0.0,5.444656
2019-07-26,2,0,reserve,system,3592.846,0.0,0.0,3592.846,0.0,8.969667
2019-07-26,3,0,reserve,system,3562.938,0.0,0.0,3562.938,0.0,0.0
2019-07-26,4,0,reserve,system,3650.029,0.0,0.0,3650.029,0.0,0.0
2019-07-26,5,0,reserve,system,3779.03,0.0,0.0,3779.03,0.0,10.758551
2019-07-26,6,0,reserve,system,3890.499,0.0,0.0,3890.499,0.0,7.083602
2019-07-26,7,0,reserve,system,4145.17,0.0,0.0,4145.17,0.0,10.64825
2019-07-26,8,0,reserve,system,4475.269,0.0,0.0,4475.269,0.0,9.13383
2019-07-26,9,0,reserve,system,4855.821,0.0,0.0,4855.821,0.0,11.137973
2019-07-26,10,0,reserve,system,5206.037,0.0,0.0,5206.037,0.0,7.484611
2019-07-26,11,0,reserve,system,5495.444,0.0,0.0,5495.444,0.0,10.055014
2019-07-26,12,0,reserve,system,5769.784,0.0,0.0,5769.784,0.0,12.983215
2019-07-26,13,0,reserve,system,5989.235,0.0,0.0,5989.235,0.0,12.836698
2019-07-26,14,0,reserve,system,6155.304,0.0,0.0,6155.304,0.0,15.377251
2019-07-26,15,0,reserve,system,6237.32,0.0,0.0,6237.32,184.976089,50.0
2019-07-26,16,0,reserve,system,6198.644,0.0,0.0,6198.644,0.0,12.842014
2019-07-26,17,0,reserve,system,6025.95,0.0,0.0,6025.95,0.0,14.893504
2019-07-26,18,0,reserve,system,5780.955,0.0,0.0,5780.955,0.0,5.911304
2019-07-26,19,0,reserve,system,5531.811,0.0,0.0,5531.811,0.0,8.682931
2019-07-26,20,0,reserve,system,5317.846,0.0,0.0,5317.846,0.0,9.695808
2019-07-26,21,0,reserve,system,4987.019,0.0,0.0,4987.019,0.0,11.022651
2019-07-26,22,0,reserve,system,4649.303,0.0,0.0,4649.303,0.0,8.34728
2019-07-26,23,0,reserve,system,4321.096,0.0,0.0,4321.096,0.0,14.721178
2019-07-27,0,0,reserve,system,4075.499,0.0,0.0,4075.499,0.0,17.439396
2019-07-27,1,0,reserve,system,3897.434,0.0,0.0,3897.434,0.0,5.346501
2019-07-27,2,0,reserve,system,3763.274,0.0,0.0,3763.274,0.0,9.136613
2019-07-27,3,0,reserve,system,3694.14,0.0,0.0,3694.14,0.0,0.0
2019-07-27,4,0,reserve,system,3705.948,0.0,0.0,3705.948,0.0,0.0
2019-07-27,5,0,reserve,system,3743.241,0.0,0.0,3743.241,0.0,9.780721
2019-07-27,6,0,reserve,system,3820.091,0.0,0.0,3820.091,0.0,6.294967
2019-07-27,7,0,reserve,system,4136.89,0.0,0.0,4136.89,0.0,10.957456
2019-07-27,8,0,reserve,system,4563.692,0.0,0.0,4563.692,0.0,7.583907
2019-07-27,9,0,reserve,system,5008.985,0.0,29.721244,5008.985,0.0,16.626391
2019-07-27,10,0,reserve,system,5393.066,0.0,0.0,5393.066,0.0,6.192392
2019-07-27,11,0,reserve,system,5705.592,0.0,0.0,5705.592,0.0,9.115659
2019-07-27,12,0,reserve,system,5959.677,0.0,0.0,5959.677,0.0,13.579121
2019-07-27,13,0,reserve,system,6143.683,0.0,0.0,6143.683,0.0,11.711252
2019-07-27,14,0,reserve,system,6274.967,0.0,0.0,6274.967,0.0,14.286595
2019-07-27,15,0,reserve,system,6355.623,0.0,0.0,6355.623,0.0,22.622269
2019-07-27,16,0,reserve,system,6363.765,0.0,0.0,6363.765,101.189991,50.0
2019-07-27,17,0,reserve,system,6263.026,0.0,0.0,6263.026,0.0,13.483071
2019-07-27,18,0,reserve,system,6050.392,0.0,0.0,6050.392,0.0,13.760869
2019-07-27,19,0,reserve,system,5809.061,0.0,0.0,5809.061,0.0,10.687032
2019-07-27,20,0,reserve,system,5616.594,0.0,0.0,5616.594,0.0,11.213797
2019-07-27,21,0,reserve,system,5303.327,0.0,0.0,5303.327,0.0,11.175826
2019-07-27,22,0,reserve,system,4977.949,0.0,0.0,4977.949,0.0,8.163222
2019-07-27,23,0,reserve,system,4660.801,0.0,0.0,4660.801,0.0,15.433057
2019-07-28,0,0,reserve,system,4402.528,0.0,0.0,4402.528,0.0,15.256392
2019-07-28,1,0,reserve,system,4210.585,0.0,0.0,4210.585,0.0,0.0
2019-07-28,2,0,reserve,system,4075.206,0.0,0.0,4075.206,0.0,12.844138
2019-07-28,3,0,reserve,system,3989.935,0.0,0.0,3989.935,0.0,0.0
2019-07-28,4,0,reserve,system,3970.468,0.0,0.0,3970.468,0.0,0.0
2019-07-28,5,0,reserve,system,3971.953,0.0,0.0,3971.953,0.0,11.590904
2019-07-28,6,0,reserve,system,4017.68,0.0,0.0,4017.68,0.0,0.0
2019-07-28,7,0,reserve,system,4322.654,0.0,0.0,4322.654,0.0,11.494046
2019-07-28,8,0,reserve,system,4751.858,0.0,0.0,4751.858,0.0,9.018268
2019-07-28,9,0,reserve,system,5159.045,0.0,0.0,5159.045,0.0,13.817235
2019-07-28,10,0,reserve,system,5528.53,0.0,0.0,5528.53,0.0,5.59042
2019-07-28,11,0,reserve,system,5778.703,0.0,0.0,5778.703,0.0,12.225697
2019-07-28,12,0,reserve,system,5961.074,0.0,0.0,5961.074,0.0,15.070124
2019-07-28,13,0,reserve,system,6064.615,0.0,0.0,6064.615,0.0,0.0
2019-07-28,14,0,reserve,system,6191.683,0.0,14.292685,6191.683,0.0,14.214121
2019-07-28,15,0,reserve,system,6305.602,0.0,0.0,6305.602,0.0,11.455412
2019-07-28,16,0,reserve,system,6374.924,0.0,39.552993,6374.924,0.0,13.697124
2019-07-28,17,0,reserve,system,6327.062,0.0,0.0,6327.062,0.0,13.521827
2019-07-28,18,0,reserve,system,6160.41,0.0,0.0,6160.41,0.0,28.837943
2019-07-28,19,0,reserve,system,5974.053,0.0,0.0,5974.053,0.0,0.0
2019-07-28,20,0,reserve,system,5821.519,0.0,0.0,5821.519,0.0,23.945454
2019-07-28,21,0,reserve,system,5486.956,0.0,0.0,5486.956,0.0,10.451575
2019-07-28,22,0,reserve,system,5097.266,0.0,0.0,5097.266,0.0,9.931904
2019-07-28,23,0,reserve,system,4751.818,0.0,0.0,4751.818,0.0,11.722043
2019-07-29,0,0,reserve,system,4506.51,0.0,0.0,4506.51,0.0,16.200621
2019-07-29,1,0,reserve,system,4338.4,0.0,0.0,4338.4,0.0,5.583051
2019-07-29,2,0,reserve,system,4237.363,0.0,0.0,4237.363,0.0,9.452315
2019-07-29,3,0,reserve,system,4230.16,0.0,0.0,4230.16,0.0,0.0
2019-07-29,4,0,reserve,system,4337.754,0.0,0.0,4337.754,0.0,0.0
2019-07-29,5,0,reserve,system,4485.876,0.0,0.0,4485.876,0.0,13.669408
2019-07-29,6,0,reserve,system,4586.517,0.0,0.0,4586.517,0.0,7.974057
2019-07-29,7,0,reserve,system,4840.729,0.0,0.0,4840.729,0.0,11.693955
2019-07-29,8,0,reserve,system,5207.041,0.0,0.0,5207.041,0.0,10.175927
2019-07-29,9,0,reserve,system,5591.357,0.0,0.0,5591.357,0.0,11.569132
2019-07-29,10,0,reserve,system,5894.645,0.0,2.850743,5894.645,0.0,9.110108
2019-07-29,11,0,reserve,system,6157.409,0.0,0.0,6157.409,0.0,12.890694
2019-07-29,12,0,reserve,system,6402.374,0.0,0.0,6402.374,0.0,15.569738
2019-07-29,13,0,reserve,system,6543.265,0.0,50.0,6543.265,0.0,13.910355
2019-07-29,14,0,reserve,system,6609.056,0.0,0.0,6609.056,0.0,29.721025
2019-07-29,15,0,reserve,system,6608.499,0.0,0.0,6608.499,364.887155,50.0
2019-07-29,16,0,reserve,system,6527.451,0.0,9.701258,6527.451,0.0,12.216842
2019-07-29,17,0,reserve,system,6409.066,0.0,0.0,6409.066,0.0,29.533964
2019-07-29,18,0,reserve,system,6216.001,0.0,0.0,6216.001,0.0,0.0
2019-07-29,19,0,reserve,system,6049.445,0.0,0.0,6049.445,0.0,23.21445
2019-07-29,20,0,reserve,system,5858.714,0.0,0.0,5858.714,0.0,14.083121
2019-07-29,21,0,reserve,system,5483.829,0.0,0.0,5483.829,0.0,12.306399
2019-07-29,22,0,reserve,system,5076.696,0.0,0.0,5076.696,0.0,8.744435
2019-07-29,23,0,reserve,system,4736.107,0.0,0.0,4736.107,0.0,11.034268
2019-07-30,0,0,reserve,system,4479.736,0.0,0.0,4479.736,0.0,18.735096
2019-07-30,1,0,reserve,system,4304.013,0.0,0.0,4304.013,0.0,0.0
2019-07-30,2,0,reserve,system,4200.626,0.0,0.0,4200.626,0.0,0.0
2019-07-30,3,0,reserve,system,4183.701,0.0,0.0,4183.701,0.0,9.534424
2019-07-30,4,0,reserve,system,4288.823,0.0,0.0,4288.823,0.0,5.531305
2019-07-30,5,0,reserve,system,4451.79,0.0,0.0,4451.79,0.0,12.508722
2019-07-30,6,0,reserve,system,4544.929,0.0,0.0,4544.929,0.0,8.649525
2019-07-30,7,0,reserve,system,4801.194,0.0,0.0,4801.194,0.0,10.746185
2019-07-30,8,0,reserve,system,5188.457,0.0,0.0,5188.457,0.0,7.353441
2019-07-30,9,0,reserve,system,5622.258,0.0,0.0,5622.258,0.0,10.633174
2019-07-30,10,0,reserve,system,6041.244,0.0,0.0,6041.244,0.0,11.025729
2019-07-30,11,0,reserve,system,6429.017,0.0,0.0,6429.017,0.0,28.080464
2019-07-30,12,0,reserve,system,6736.634,0.0,0.0,6736.634,1504.288298,50.0
2019-07-30,13,0,reserve,system,6971.083,0.0,0.0,6971.083,2881.58125,50.0
2019-07-30,14,0,reserve,system,7081.081,0.0,0.0,7081.081,3569.90925,50.0
2019-07-30,15,0,reserve,system,7085.481,0.0,0.0,7085.481,3418.68925,50.0
2019-07-30,16,0,reserve,system,6974.205,0.0,0.0,6974.205,1998.29325,50.0
2019-07-30,17,0,reserve,system,6748.167,0.0,0.0,6748.167,0.0,34.602953
2019-07-30,18,0,reserve,system,6444.699,0.0,0.0,6444.699,0.0,11.62919
2019-07-30,19,0,reserve,system,6186.243,0.0,0.0,6186.243,0.0,15.02973
2019-07-30,20,0,reserve,system,5946.61,0.0,0.0,5946.61,0.0,13.795561
2019-07-30,21,0,reserve,system,5542.876,0.0,0.0,5542.876,0.0,14.785762
2019-07-30,22,0,reserve,system,5112.832,0.0,0.0,5112.832,0.0,8.126782
2019-07-30,23,0,reserve,system,4728.844,0.0,0.0,4728.844,0.0,8.941278
2019-07-31,0,0,reserve,system,4451.667,0.0,0.0,4451.667,0.0,16.73899
2019-07-31,1,0,reserve,system,4257.063,0.0,0.0,4257.063,0.0,0.0
2019-07-31,2,0,reserve,system,4129.071,0.0,0.0,4129.071,0.0,6.519431
2019-07-31,3,0,reserve,system,4085.212,0.0,0.0,4085.212,0.0,0.0
2019-07-31,4,0,reserve,system,4172.6,0.0,0.0,4172.6,0.0,9.430302
2019-07-31,5,0,reserve,system,4322.196,0.0,0.0,4322.196,0.0,10.117577
2019-07-31,6,0,reserve,system,4424.347,0.0,0.0,4424.347,0.0,9.200629
2019-07-31,7,0,reserve,system,4670.875,0.0,0.0,4670.875,0.0,9.585516
2019-07-31,8,0,reserve,system,5028.854,0.0,0.0,5028.854,0.0,7.706615
2019-07-31,9,0,reserve,system,5467.303,0.0,0.0,5467.303,0.0,15.83195
2019-07-31,10,0,reserve,system,5917.495,0.0,0.0,5917.495,0.0,12.718675
2019-07-31,11,0,reserve,system,6301.142,0.0,34.719704,6301.142,0.0,25.318636
2019-07-31,12,0,reserve,system,6652.797,0.0,0.0,6652.797,1204.0203,50.0
2019-07-31,13,0,reserve,system,6886.619,0.0,0.0,6886.619,2014.950378,50.0
2019-07-31,14,0,reserve,system,6987.998,0.0,10.26582,6987.998,2507.946175,50.0
2019-07-31,15,0,reserve,system,7033.351,0.0,0.0,7033.351,2693.392123,50.0
2019-07-31,16,0,reserve,system,7015.645,0.0,0.0,7015.645,2471.136535,50.0
2019-07-31,17,0,reserve,system,6900.204,0.0,0.0,6900.204,996.815487,50.0
2019-07-31,18,0,reserve,system,6650.306,0.0,0.0,6650.306,0.0,18.696508
2019-07-31,19,0,reserve,system,6384.354,0.0,0.0,6384.354,0.0,16.38035
2019-07-31,20,0,reserve,system,6132.871,0.0,0.0,6132.871,0.0,13.150615
2019-07-31,21,0,reserve,system,5713.522,0.0,0.0,5713.522,0.0,16.698994
2019-07-31,22,0,reserve,system,5267.687,0.0,0.0,5267.687,0.0,7.353232
2019-07-31,23,0,reserve,system,4879.727,0.0,0.0,4879.727,0.0,12.48098
2019-08-01,0,0,reserve,system,4584.831,0.0,0.0,4584.831,0.0,18.128649
2019-08-01,1,0,reserve,system,4372.422,0.0,0.0,4372.422,0.0,5.451947
2019-08-01,2,0,reserve,system,4232.884,0.0,0.0,4232.884,0.0,9.50058
2019-08-01,3,0,reserve,system,4181.699,0.0,0.0,4181.699,0.0,0.0
2019-08-01,4,0,reserve,system,4257.358,0.0,0.0,4257.358,0.0,0.0
2019-08-01,5,0,reserve,system,4406.472,0.0,0.0,4406.472,0.0,15.095793
2019-08-01,6,0,reserve,system,4484.636,0.0,0.0,4484.636,0.0,6.646475
2019-08-01,7,0,reserve,system,4723.698,0.0,0.0,4723.698,0.0,13.850639
2019-08-01,8,0,reserve,system,5078.5,0.0,0.0,5078.5,0.0,10.461922
2019-08-01,9,0,reserve,system,5484.431,0.0,0.0,5484.431,0.0,19.368229
2019-08-01,10,0,reserve,system,5881.906,0.0,17.376208,5881.906,0.0,3.213917
2019-08-01,11,0,reserve,system,6233.009,0.0,0.0,6233.009,0.0,15.298268
2019-08-01,12,0,reserve,system,6568.988,0.0,0.0,6568.988,0.0,20.24292
2019-08-01,13,0,reserve,system,6807.126,0.0,0.0,6807.126,1773.22635,50.0
2019-08-01,14,0,reserve,system,6917.984,0.0,5.16298,6917.984,2428.406768,50.0
2019-08-01,15,0,reserve,system,6949.734,0.0,0.0,6949.734,2281.946351,50.0
2019-08-01,16,0,reserve,system,6890.341,0.0,0.0,6890.341,345.091725,50.0
2019-08-01,17,0,reserve,system,6738.457,0.0,0.0,6738.457,0.0,23.501937
2019-08-01,18,0,reserve,system,6505.807,0.0,0.0,6505.807,0.0,12.580509
2019-08-01,19,0,reserve,system,6261.885,0.0,0.0,6261.885,0.0,13.167409
2019-08-01,20,0,reserve,system,6023.855,0.0,0.0,6023.855,0.0,13.570034
2019-08-01,21,0,reserve,system,5620.891,0.0,0.0,5620.891,0.0,13.097787
2019-08-01,22,0,reserve,system,5202.973,0.0,0.0,5202.973,0.0,10.127411
2019-08-01,23,0,reserve,system,4842.111,0.0,0.0,4842.111,0.0,10.36224
2019-08-02,0,0,reserve,system,4554.189,0.0,0.0,4554.189,0.0,16.175168
2019-08-02,1,0,reserve,system,4358.989,0.0,0.0,4358.989,0.0,9.5014
2019-08-02,2,0,reserve,system,4231.363,0.0,0.0,4231.363,0.0,0.0
2019-08-02,3,0,reserve,system,4194.329,0.0,0.0,4194.329,0.0,0.0
2019-08-02,4,0,reserve,system,4276.308,0.0,0.0,4276.308,0.0,9.437417
2019-08-02,5,0,reserve,system,4414.226,0.0,0.0,4414.226,0.0,9.558483
2019-08-02,6,0,reserve,system,4502.934,0.0,0.0,4502.934,0.0,8.73686
2019-08-02,7,0,reserve,system,4772.824,0.0,0.0,4772.824,0.0,9.832891
2019-08-02,8,0,reserve,system,5143.875,0.0,0.0,5143.875,0.0,13.598424
2019-08-02,9,0,reserve,system,5566.913,0.0,27.674104,5566.913,0.0,19.825003
2019-08-02,10,0,reserve,system,5966.68,0.0,0.0,5966.68,0.0,0.725428
2019-08-02,11,0,reserve,system,6322.746,0.0,0.0,6322.746,0.0,15.469916
2019-08-02,12,0,reserve,system,6616.682,0.0,0.0,6616.682,0.0,23.292336
2019-08-02,13,0,reserve,system,6816.604,0.0,0.0,6816.604,676.200621,50.0
2019-08-02,14,0,reserve,system,6931.735,0.0,17.245355,6931.735,1505.205828,50.0
2019-08-02,15,0,reserve,system,6956.534,0.0,16.917443,6956.534,1733.542799,50.0
2019-08-02,16,0,reserve,system,6902.347,0.0,0.0,6902.347,985.179682,50.0
2019-08-02,17,0,reserve,system,6742.943,0.0,0.0,6742.943,27.961117,50.0
2019-08-02,18,0,reserve,system,6469.936,0.0,0.0,6469.936,268.307353,50.0
2019-08-02,19,0,reserve,system,6231.051,0.0,0.0,6231.051,0.0,33.566152
2019-08-02,20,0,reserve,system,5996.667,0.0,0.0,5996.667,0.0,17.118081
2019-08-02,21,0,reserve,system,5646.794,0.0,0.0,5646.794,0.0,11.853839
2019-08-02,22,0,reserve,system,5291.36,0.0,0.0,5291.36,0.0,8.77057
2019-08-02,23,0,reserve,system,4959.742,0.0,0.0,4959.742,0.0,11.343813
2019-08-03,0,0,reserve,system,4692.006,0.0,0.0,4692.006,0.0,17.458504
2019-08-03,1,0,reserve,system,4483.259,0.0,0.0,4483.259,0.0,5.828401
2019-08-03,2,0,reserve,system,4333.2,0.0,0.0,4333.2,0.0,10.973972
2019-08-03,3,0,reserve,system,4241.41,0.0,0.0,4241.41,0.0,0.0
2019-08-03,4,0,reserve,system,4225.147,0.0,0.0,4225.147,0.0,12.849078
2019-08-03,5,0,reserve,system,4236.996,0.0,0.0,4236.996,0.0,0.0
2019-08-03,6,0,reserve,system,4261.749,0.0,0.0,4261.749,0.0,0.0
2019-08-03,7,0,reserve,system,4458.962,0.0,0.0,4458.962,0.0,12.220376
2019-08-03,8,0,reserve,system,4698.6,0.0,3.288577,4698.6,0.0,6.726935
2019-08-03,9,0,reserve,system,4971.778,0.0,0.0,4971.778,0.0,11.077716
2019-08-03,10,0,reserve,system,5257.037,0.0,21.989203,5257.037,0.0,9.201815
2019-08-03,11,0,reserve,system,5497.7,0.0,0.0,5497.7,0.0,10.160771
2019-08-03,12,0,reserve,system,5692.103,0.0,0.0,5692.103,0.0,19.046013
2019-08-03,13,0,reserve,system,5862.784,0.0,0.0,5862.784,0.0,2.519523
2019-08-03,14,0,reserve,system,6003.53,0.0,0.0,6003.53,0.0,16.323629
2019-08-03,15,0,reserve,system,6089.563,0.0,4.990916,6089.563,0.0,21.609211
2019-08-03,16,0,reserve,system,6067.65,0.0,0.0,6067.65,0.0,3.794982
2019-08-03,17,0,reserve,system,5945.215,0.0,0.0,5945.215,0.0,29.108156
2019-08-03,18,0,reserve,system,5762.697,0.0,0.0,5762.697,0.0,14.494181
2019-08-03,19,0,reserve,system,5616.835,0.0,0.0,5616.835,0.0,12.535684
2019-08-03,20,0,reserve,system,5451.788,0.0,0.0,5451.788,0.0,16.503506
2019-08-03,21,0,reserve,system,5189.533,0.0,0.0,5189.533,0.0,8.58375
2019-08-03,22,0,reserve,system,4895.959,0.0,0.0,4895.959,0.0,11.612139
2019-08-03,23,0,reserve,system,4614.964,0.0,0.0,4614.964,0.0,0.0
2019-08-04,0,0,reserve,system,4399.119,0.0,0.0,4399.119,0.0,18.283971
2019-08-04,1,0,reserve,system,4239.367,0.0,0.0,4239.367,0.0,0.0
2019-08-04,2,0,reserve,system,4115.057,0.0,0.0,4115.057,0.0,13.246541
2019-08-04,3,0,reserve,system,4043.866,0.0,0.0,4043.866,0.0,0.0
2019-08-04,4,0,reserve,system,4015.54,0.0,0.0,4015.54,0.0,0.0
2019-08-04,5,0,reserve,system,4020.07,0.0,0.0,4020.07,0.0,11.461169
2019-08-04,6,0,reserve,system,4031.083,0.0,0.0,4031.083,0.0,6.938747
2019-08-04,7,0,reserve,system,4228.154,0.0,0.0,4228.154,0.0,10.69849
2019-08-04,8,0,reserve,system,4513.807,0.0,0.0,4513.807,0.0,8.719724
2019-08-04,9,0,reserve,system,4796.238,0.0,0.0,4796.238,0.0,9.161157
2019-08-04,10,0,reserve,system,5102.17,0.0,0.0,5102.17,0.0,9.454175
2019-08-04,11,0,reserve,system,5398.49,0.0,0.0,5398.49,0.0,12.661977
2019-08-04,12,0,reserve,system,5661.528,0.0,0.0,5661.528,0.0,10.459874
2019-08-04,13,0,reserve,system,5889.757,0.0,0.0,5889.757,0.0,11.51625
2019-08-04,14,0,reserve,system,6071.879,0.0,0.0,6071.879,0.0,12.137154
2019-08-04,15,0,reserve,system,6212.783,0.0,0.0,6212.783,0.0,12.150767
2019-08-04,16,0,reserve,system,6274.432,0.0,3.447877,6274.432,0.0,31.370327
2019-08-04,17,0,reserve,system,6233.024,0.0,46.00682,6233.024,0.0,12.669115
2019-08-04,18,0,reserve,system,6062.94,0.0,0.0,6062.94,0.0,10.92345
2019-08-04,19,0,reserve,system,5879.066,0.0,0.0,5879.066,0.0,14.415416
2019-08-04,20,0,reserve,system,5683.917,0.0,0.0,5683.917,0.0,15.727835
2019-08-04,21,0,reserve,system,5329.209,0.0,0.0,5329.209,0.0,8.397046
2019-08-04,22,0,reserve,system,4958.503,0.0,0.0,4958.503,0.0,10.608941
2019-08-04,23,0,reserve,system,4624.654,0.0,0.0,4624.654,0.0,10.124642
2019-08-05,0,0,reserve,system,4381.841,0.0,0.0,4381.841,0.0,16.327583
2019-08-05,1,0,reserve,system,4221.927,0.0,0.0,4221.927,0.0,0.0
2019-08-05,2,0,reserve,system,4125.799,0.0,0.0,4125.799,0.0,0.0
2019-08-05,3,0,reserve,system,4125.981,0.0,0.0,4125.981,0.0,9.556156
2019-08-05,4,0,reserve,system,4239.112,0.0,0.0,4239.112,0.0,5.639662
2019-08-05,5,0,reserve,system,4411.202,0.0,0.0,4411.202,0.0,11.933435
2019-08-05,6,0,reserve,system,4512.563,0.0,0.0,4512.563,0.0,9.424938
2019-08-05,7,0,reserve,system,4806.496,0.0,0.0,4806.496,0.0,9.581349
2019-08-05,8,0,reserve,system,5201.545,0.0,0.0,5201.545,0.0,16.511967
2019-08-05,9,0,reserve,system,5621.69,0.0,0.0,5621.69,0.0,13.732793
2019-08-05,10,0,reserve,system,6012.866,0.0,0.0,6012.866,0.0,15.719805
2019-08-05,11,0,reserve,system,6362.292,0.0,34.719704,6362.292,0.0,24.804643
2019-08-05,12,0,reserve,system,6643.585,0.0,0.0,6643.585,1640.795351,50.0
2019-08-05,13,0,reserve,system,6830.789,0.0,0.0,6830.789,2323.661116,50.0
2019-08-05,14,0,reserve,system,6951.238,0.0,0.0,6951.238,3137.000116,50.0
2019-08-05,15,0,reserve,system,6984.737,0.0,0.0,6984.737,3145.767265,50.0
2019-08-05,16,0,reserve,system,6955.552,0.0,0.0,6955.552,2452.543691,50.0
2019-08-05,17,0,reserve,system,6862.949,0.0,0.0,6862.949,2122.634449,50.0
2019-08-05,18,0,reserve,system,6631.861,0.0,0.0,6631.861,473.656449,50.0
2019-08-05,19,0,reserve,system,6408.338,0.0,0.0,6408.338,0.0,19.112133
2019-08-05,20,0,reserve,system,6169.549,0.0,0.0,6169.549,0.0,16.625914
2019-08-05,21,0,reserve,system,5744.887,0.0,0.0,5744.887,0.0,16.761079
2019-08-05,22,0,reserve,system,5306.177,0.0,0.0,5306.177,0.0,7.955862
2019-08-05,23,0,reserve,system,4943.725,0.0,0.0,4943.725,0.0,15.21073
2019-08-06,0,0,reserve,system,4678.19,0.0,0.0,4678.19,0.0,21.040305
2019-08-06,1,0,reserve,system,4486.558,0.0,0.0,4486.558,0.0,0.0
2019-08-06,2,0,reserve,system,4360.189,0.0,0.0,4360.189,0.0,0.0
2019-08-06,3,0,reserve,system,4334.102,0.0,0.0,4334.102,0.0,9.692032
2019-08-06,4,0,reserve,system,4424.072,0.0,0.0,4424.072,0.0,9.60235
2019-08-06,5,0,reserve,system,4587.248,0.0,0.0,4587.248,0.0,12.534322
2019-08-06,6,0,reserve,system,4667.768,0.0,0.0,4667.768,0.0,4.931867
2019-08-06,7,0,reserve,system,4928.942,0.0,0.0,4928.942,0.0,18.164368
2019-08-06,8,0,reserve,system,5303.277,0.0,0.0,5303.277,0.0,12.401201
2019-08-06,9,0,reserve,system,5754.264,20.364,50.0,5754.264,0.0,14.364424
2019-08-06,10,0,reserve,system,6191.623,0.0,0.0,6191.623,0.0,21.629815
2019-08-06,11,0,reserve,system,6566.294,0.0,0.0,6566.294,0.0,28.010369
2019-08-06,12,0,reserve,system,6837.131,0.0,0.0,6837.131,1149.387808,50.0
2019-08-06,13,0,reserve,system,7021.979,0.0,0.0,7021.979,2757.667252,50.0
2019-08-06,14,0,reserve,system,7106.053,0.0,0.0,7106.053,2946.567701,50.0
2019-08-06,15,0,reserve,system,7120.16,0.0,0.0,7120.16,2656.591175,50.0
2019-08-06,16,0,reserve,system,7080.551,0.0,0.0,7080.551,1788.616251,50.0
2019-08-06,17,0,reserve,system,6967.73,0.0,0.0,6967.73,748.275652,50.0
2019-08-06,18,0,reserve,system,6724.265,0.0,0.0,6724.265,0.0,30.739604
2019-08-06,19,0,reserve,system,6501.416,0.0,0.0,6501.416,0.0,18.979667
2019-08-06,20,0,reserve,system,6258.923,0.0,0.0,6258.923,0.0,21.981536
2019-08-06,21,0,reserve,system,5846.342,0.0,0.0,5846.342,0.0,15.197303
2019-08-06,22,0,reserve,system,5415.875,0.0,0.0,5415.875,0.0,9.487551
2019-08-06,23,0,reserve,system,5056.802,0.0,0.0,5056.802,0.0,11.123872
2019-08-07,0,0,reserve,system,4786.752,0.0,0.0,4786.752,0.0,20.558126
2019-08-07,1,0,reserve,system,4604.632,0.0,0.0,4604.632,0.0,0.0
2019-08-07,2,0,reserve,system,4490.786,0.0,0.0,4490.786,0.0,0.0
2019-08-07,3,0,reserve,system,4475.383,0.0,0.0,4475.383,0.0,9.461754
2019-08-07,4,0,reserve,system,4563.1,0.0,0.0,4563.1,0.0,5.339066
2019-08-07,5,0,reserve,system,4720.753,0.0,0.0,4720.753,0.0,12.876111
2019-08-07,6,0,reserve,system,4791.32,0.0,0.0,4791.32,0.0,8.243762
2019-08-07,7,0,reserve,system,5006.541,0.0,0.0,5006.541,0.0,12.053866
2019-08-07,8,0,reserve,system,5386.986,0.0,0.0,5386.986,0.0,8.769448
2019-08-07,9,0,reserve,system,5823.562,0.0,34.665263,5823.562,0.0,13.659974
2019-08-07,10,0,reserve,system,6256.555,0.0,0.0,6256.555,0.0,12.551381
2019-08-07,11,0,reserve,system,6634.532,0.0,0.0,6634.532,0.0,13.702225
2019-08-07,12,0,reserve,system,6976.795,0.0,0.0,6976.795,1323.72188,50.0
2019-08-07,13,0,reserve,system,7207.868,0.0,0.0,7207.868,3503.92515,50.0
2019-08-07,14,0,reserve,system,7290.908,0.0,0.0,7290.908,4131.533764,50.0
2019-08-07,15,0,reserve,system,7314.96,0.0,31.939347,7314.96,4195.995764,50.0
2019-08-07,16,0,reserve,system,7292.755,0.0,0.0,7292.755,4136.429011,50.0
2019-08-07,17,0,reserve,system,7190.851,0.0,0.0,7190.851,3365.140098,50.0
2019-08-07,18,0,reserve,system,6941.014,0.0,0.0,6941.014,1222.623098,50.0
2019-08-07,19,0,reserve,system,6696.24,0.0,0.0,6696.24,0.0,29.647815
2019-08-07,20,0,reserve,system,6419.2,0.0,0.0,6419.2,0.0,15.368972
2019-08-07,21,0,reserve,system,5984.287,0.0,0.0,5984.287,0.0,14.757006
2019-08-07,22,0,reserve,system,5545.88,0.0,0.0,5545.88,0.0,9.549575
2019-08-07,23,0,reserve,system,5151.558,0.0,0.0,5151.558,0.0,11.750916
2019-08-08,0,0,reserve,system,4874.642,0.0,0.0,4874.642,0.0,18.615852
2019-08-08,1,0,reserve,system,4678.108,0.0,0.0,4678.108,0.0,7.380183
2019-08-08,2,0,reserve,system,4560.588,0.0,0.0,4560.588,0.0,9.972391
2019-08-08,3,0,reserve,system,4533.263,0.0,0.0,4533.263,0.0,0.0
2019-08-08,4,0,reserve,system,4618.144,0.0,0.0,4618.144,0.0,0.0
2019-08-08,5,0,reserve,system,4768.775,0.0,0.0,4768.775,0.0,19.674574
2019-08-08,6,0,reserve,system,4826.078,0.0,0.0,4826.078,0.0,0.993123
2019-08-08,7,0,reserve,system,5041.005,0.0,2.615472,5041.005,0.0,14.947781
2019-08-08,8,0,reserve,system,5391.846,0.0,0.0,5391.846,0.0,7.256226
2019-08-08,9,0,reserve,system,5807.15,0.0,0.0,5807.15,0.0,11.015324
2019-08-08,10,0,reserve,system,6202.601,0.0,0.0,6202.601,0.0,9.017934
2019-08-08,11,0,reserve,system,6570.864,0.0,0.0,6570.864,0.0,12.459301
2019-08-08,12,0,reserve,system,6904.005,0.0,0.0,6904.005,0.0,24.476259
2019-08-08,13,0,reserve,system,7118.715,0.0,0.0,7118.715,729.325923,50.0
2019-08-08,14,0,reserve,system,7211.384,0.0,0.0,7211.384,2593.989508,50.0
2019-08-08,15,0,reserve,system,7237.649,0.0,0.0,7237.649,3409.162493,50.0
2019-08-08,16,0,reserve,system,7183.105,0.0,0.0,7183.105,3340.147295,50.0
2019-08-08,17,0,reserve,system,7029.109,0.0,0.0,7029.109,2569.484906,50.0
2019-08-08,18,0,reserve,system,6797.759,0.0,0.0,6797.759,429.753456,50.0
2019-08-08,19,0,reserve,system,6575.673,0.0,0.0,6575.673,0.0,33.493396
2019-08-08,20,0,reserve,system,6337.845,0.0,0.0,6337.845,0.0,13.313897
2019-08-08,21,0,reserve,system,5946.492,0.0,0.0,5946.492,0.0,14.623334
2019-08-08,22,0,reserve,system,5518.202,0.0,0.0,5518.202,0.0,9.535471
2019-08-08,23,0,reserve,system,5161.206,0.0,0.0,5161.206,0.0,11.271422
2019-08-09,0,0,reserve,system,4883.128,0.0,0.0,4883.128,0.0,14.980684
2019-08-09,1,0,reserve,system,4693.83,0.0,0.0,4693.83,0.0,12.25445
2019-08-09,2,0,reserve,system,4569.883,0.0,0.0,4569.883,0.0,1.838026
2019-08-09,3,0,reserve,system,4545.747,0.0,0.0,4545.747,0.0,0.0
2019-08-09,4,0,reserve,system,4644.948,0.0,0.0,4644.948,0.0,14.930119
2019-08-09,5,0,reserve,system,4795.976,0.0,0.0,4795.976,0.0,16.040299
2019-08-09,6,0,reserve,system,4859.613,0.0,0.0,4859.613,0.0,0.0
2019-08-09,7,0,reserve,system,5081.721,0.0,0.0,5081.721,0.0,14.782863
2019-08-09,8,0,reserve,system,5447.628,0.0,0.0,5447.628,0.0,8.33993
2019-08-09,9,0,reserve,system,5863.505,0.0,0.0,5863.505,0.0,14.914062
2019-08-09,10,0,reserve,system,6271.833,0.0,0.0,6271.833,0.0,10.96182
2019-08-09,11,0,reserve,system,6628.553,0.0,0.0,6628.553,0.0,13.65052
2019-08-09,12,0,reserve,system,6953.88,0.0,0.0,6953.88,0.0,33.048239
2019-08-09,13,0,reserve,system,7176.367,0.0,0.0,7176.367,1781.041801,50.0
2019-08-09,14,0,reserve,system,7294.842,0.0,0.0,7294.842,3216.91927,50.0
2019-08-09,15,0,reserve,system,7314.303,0.0,0.0,7314.303,3913.883811,50.0
2019-08-09,16,0,reserve,system,7264.895,0.0,0.0,7264.895,2701.961397,50.0
2019-08-09,17,0,reserve,system,7089.628,0.0,0.0,7089.628,793.369102,50.0
2019-08-09,18,0,reserve,system,6795.098,0.0,0.0,6795.098,0.0,12.163604
2019-08-09,19,0,reserve,system,6538.747,0.0,0.0,6538.747,0.0,11.902368
2019-08-09,20,0,reserve,system,6287.534,0.0,0.0,6287.534,0.0,13.66389
2019-08-09,21,0,reserve,system,5919.977,0.0,0.0,5919.977,0.0,10.465341
2019-08-09,22,0,reserve,system,5546.888,0.0,0.0,5546.888,0.0,10.325262
2019-08-09,23,0,reserve,system,5189.064,0.0,0.0,5189.064,0.0,10.530796
2019-08-10,0,0,reserve,system,4907.497,0.0,0.0,4907.497,0.0,17.520671
2019-08-10,1,0,reserve,system,4690.996,0.0,0.0,4690.996,0.0,11.141426
2019-08-10,2,0,reserve,system,4526.86,0.0,0.0,4526.86,0.0,6.55471
2019-08-10,3,0,reserve,system,4422.488,0.0,0.0,4422.488,0.0,9.787829
2019-08-10,4,0,reserve,system,4394.959,0.0,0.0,4394.959,0.0,0.0
2019-08-10,5,0,reserve,system,4411.492,0.0,0.0,4411.492,0.0,6.533957
2019-08-10,6,0,reserve,system,4441.545,0.0,0.0,4441.545,0.0,0.0
2019-08-10,7,0,reserve,system,4737.356,0.0,0.0,4737.356,0.0,11.739495
2019-08-10,8,0,reserve,system,5164.168,0.0,2.299261,5164.168,0.0,8.662596
2019-08-10,9,0,reserve,system,5598.675,0.0,42.161976,5598.675,0.0,11.398333
2019-08-10,10,0,reserve,system,6018.927,0.0,0.0,6018.927,0.0,10.207494
2019-08-10,11,0,reserve,system,6373.944,0.0,0.0,6373.944,0.0,10.73977
2019-08-10,12,0,reserve,system,6679.472,0.0,0.0,6679.472,0.0,18.457578
2019-08-10,13,0,reserve,system,6916.491,0.0,0.0,6916.491,0.0,30.883016
2019-08-10,14,0,reserve,system,7087.708,0.0,0.0,7087.708,2013.763568,50.0
2019-08-10,15,0,reserve,system,7174.719,0.0,0.0,7174.719,3081.515338,50.0
2019-08-10,16,0,reserve,system,7162.516,0.0,0.0,7162.516,2414.27271,50.0
2019-08-10,17,0,reserve,system,7022.782,0.0,0.0,7022.782,1946.882162,50.0
2019-08-10,18,0,reserve,system,6755.152,0.0,0.0,6755.152,0.0,31.897588
2019-08-10,19,0,reserve,system,6494.662,0.0,0.0,6494.662,0.0,13.568601
2019-08-10,20,0,reserve,system,6263.91,0.0,0.0,6263.91,0.0,13.741338
2019-08-10,21,0,reserve,system,5914.354,0.0,0.0,5914.354,0.0,14.208047
2019-08-10,22,0,reserve,system,5538.736,0.0,0.0,5538.736,0.0,10.433784
2019-08-10,23,0,reserve,system,5178.988,0.0,0.0,5178.988,0.0,9.391518
2019-08-11,0,0,reserve,system,4893.839,0.0,0.0,4893.839,0.0,18.134427
2019-08-11,1,0,reserve,system,4681.168,0.0,0.0,4681.168,0.0,10.436785
2019-08-11,2,0,reserve,system,4518.721,0.0,0.0,4518.721,0.0,8.399628
2019-08-11,3,0,reserve,system,4408.987,0.0,0.0,4408.987,0.0,11.377465
2019-08-11,4,0,reserve,system,4347.931,0.0,0.0,4347.931,0.0,0.0
2019-08-11,5,0,reserve,system,4321.864,0.0,0.0,4321.864,0.0,6.713433
2019-08-11,6,0,reserve,system,4323.986,0.0,0.0,4323.986,0.0,0.0
2019-08-11,7,0,reserve,system,4614.196,0.0,0.0,4614.196,0.0,19.509119
2019-08-11,8,0,reserve,system,5034.686,0.0,0.0,5034.686,0.0,1.107405
2019-08-11,9,0,reserve,system,5473.853,0.0,0.0,5473.853,0.0,13.424168
2019-08-11,10,0,reserve,system,5892.755,0.0,0.0,5892.755,0.0,8.465162
2019-08-11,11,0,reserve,system,6282.029,0.0,0.0,6282.029,0.0,10.516532
2019-08-11,12,0,reserve,system,6614.134,0.0,0.0,6614.134,0.0,12.355482
2019-08-11,13,0,reserve,system,6875.875,0.0,0.0,6875.875,0.0,22.479429
2019-08-11,14,0,reserve,system,7062.38,0.0,0.0,7062.38,483.778396,50.0
2019-08-11,15,0,reserve,system,7176.388,0.0,0.0,7176.388,3051.665986,50.0
2019-08-11,16,0,reserve,system,7191.548,0.0,0.0,7191.548,3483.586595,50.0
2019-08-11,17,0,reserve,system,7072.158,0.0,0.0,7072.158,2993.67454,50.0
2019-08-11,18,0,reserve,system,6845.17,0.0,0.0,6845.17,703.581929,50.0
2019-08-11,19,0,reserve,system,6621.234,0.0,0.0,6621.234,0.0,29.280779
2019-08-11,20,0,reserve,system,6390.164,0.0,0.0,6390.164,0.0,19.40041
2019-08-11,21,0,reserve,system,5992.956,0.0,0.0,5992.956,0.0,11.684136
2019-08-11,22,0,reserve,system,5549.59,0.0,0.0,5549.59,0.0,10.554491
2019-08-11,23,0,reserve,system,5170.315,0.0,0.0,5170.315,0.0,10.485829
2019-08-12,0,0,reserve,system,4895.752,0.0,0.0,4895.752,0.0,18.315573
2019-08-12,1,0,reserve,system,4693.706,0.0,0.0,4693.706,0.0,10.207834
2019-08-12,2,0,reserve,system,4576.469,0.0,0.0,4576.469,0.0,0.0
2019-08-12,3,0,reserve,system,4554.059,0.0,0.0,4554.059,0.0,0.0
2019-08-12,4,0,reserve,system,4651.106,0.0,0.0,4651.106,0.0,9.390182
2019-08-12,5,0,reserve,system,4818.53,0.0,19.38228,4818.53,0.0,7.773159
2019-08-12,6,0,reserve,system,4891.028,0.0,0.768449,4891.028,0.0,9.356573
2019-08-12,7,0,reserve,system,5146.228,0.0,0.0,5146.228,0.0,12.070299
2019-08-12,8,0,reserve,system,5544.579,0.0,0.0,5544.579,0.0,6.494407
2019-08-12,9,0,reserve,system,5984.555,0.0,0.0,5984.555,0.0,11.224187
2019-08-12,10,0,reserve,system,6414.663,0.0,0.0,6414.663,0.0,12.135285
2019-08-12,11,0,reserve,system,6780.912,0.0,0.0,6780.912,0.0,14.98234
2019-08-12,12,0,reserve,system,7093.939,0.0,0.0,7093.939,0.0,27.314306
2019-08-12,13,0,reserve,system,7331.318,0.0,4.950783,7331.318,2222.886258,50.0
2019-08-12,14,0,reserve,system,7433.013,0.0,2.544348,7433.013,3242.977469,50.0
2019-08-12,15,0,reserve,system,7466.551,0.0,0.0,7466.551,3907.157667,50.0
2019-08-12,16,0,reserve,system,7452.492,0.0,38.065377,7452.492,4460.212,50.0
2019-08-12,17,0,reserve,system,7363.462,0.0,0.0,7363.462,4200.302,50.0
2019-08-12,18,0,reserve,system,7149.98,0.0,0.0,7149.98,2989.63,50.0
2019-08-12,19,0,reserve,system,6903.269,0.0,0.0,6903.269,1276.929,50.0
2019-08-12,20,0,reserve,system,6599.456,0.0,0.0,6599.456,0.0,35.08348
2019-08-12,21,0,reserve,system,6152.779,0.0,0.0,6152.779,0.0,14.07055
2019-08-12,22,0,reserve,system,5703.978,0.0,0.0,5703.978,0.0,10.311249
2019-08-12,23,0,reserve,system,5322.437,0.0,0.0,5322.437,0.0,11.473293
2019-08-13,0,0,reserve,system,5023.539,0.0,0.0,5023.539,0.0,21.342573
2019-08-13,1,0,reserve,system,4799.271,0.0,0.0,4799.271,0.0,5.604024
2019-08-13,2,0,reserve,system,4653.84,0.0,0.0,4653.84,0.0,9.633985
2019-08-13,3,0,reserve,system,4598.249,0.0,0.0,4598.249,0.0,0.0
2019-08-13,4,0,reserve,system,4673.494,0.0,0.0,4673.494,0.0,0.0
2019-08-13,5,0,reserve,system,4822.115,0.0,0.0,4822.115,0.0,13.743474
2019-08-13,6,0,reserve,system,4878.558,527.808,50.0,4878.558,0.0,7.91044
2019-08-13,7,0,reserve,system,5131.926,0.0,0.0,5131.926,0.0,15.234093
2019-08-13,8,0,reserve,system,5508.183,0.0,0.0,5508.183,0.0,13.348292
2019-08-13,9,0,reserve,system,5947.137,0.0,0.0,5947.137,0.0,13.353479
2019-08-13,10,0,reserve,system,6374.519,0.0,0.0,6374.519,0.0,12.943903
2019-08-13,11,0,reserve,system,6779.609,0.0,0.0,6779.609,2634.569,50.0
2019-08-13,12,0,reserve,system,7118.461,0.0,0.0,7118.461,4716.641,50.0
2019-08-13,13,0,reserve,system,7345.468,0.0,30.068107,7345.468,5328.008,50.0
2019-08-13,14,0,reserve,system,7430.178,0.0,50.0,7430.178,5193.268,50.0
2019-08-13,15,0,reserve,system,7429.308,0.0,0.0,7429.308,4913.268,50.0
2019-08-13,16,0,reserve,system,7405.875,0.0,0.0,7405.875,5241.145,50.0
2019-08-13,17,0,reserve,system,7288.318,0.0,0.0,7288.318,4772.268,50.0
2019-08-13,18,0,reserve,system,7064.194,0.0,0.0,7064.194,3475.514,50.0
2019-08-13,19,0,reserve,system,6849.787,0.0,0.0,6849.787,2069.423963,50.0
2019-08-13,20,0,reserve,system,6556.126,0.0,0.0,6556.126,0.0,34.891103
2019-08-13,21,0,reserve,system,6097.943,0.0,0.0,6097.943,0.0,15.21708
2019-08-13,22,0,reserve,system,5634.533,0.0,0.0,5634.533,0.0,11.627344
2019-08-13,23,0,reserve,system,5247.857,0.0,0.0,5247.857,0.0,6.612593
2019-08-14,0,0,reserve,system,4973.435,0.0,0.0,4973.435,0.0,20.423823
2019-08-14,1,0,reserve,system,4769.03,0.0,0.0,4769.03,0.0,0.0
2019-08-14,2,0,reserve,system,4640.998,0.0,0.0,4640.998,0.0,9.600953
2019-08-14,3,0,reserve,system,4594.015,0.0,0.0,4594.015,0.0,0.0
2019-08-14,4,0,reserve,system,4666.979,0.0,0.0,4666.979,0.0,13.573313
2019-08-14,5,0,reserve,system,4808.693,0.0,0.0,4808.693,0.0,7.638206
2019-08-14,6,0,reserve,system,4845.518,0.0,0.0,4845.518,0.0,8.638163
2019-08-14,7,0,reserve,system,4976.049,0.0,0.0,4976.049,0.0,16.199787
2019-08-14,8,0,reserve,system,5281.929,0.0,0.0,5281.929,0.0,13.715318
2019-08-14,9,0,reserve,system,5674.589,0.0,0.0,5674.589,0.0,13.714449
2019-08-14,10,0,reserve,system,6062.382,0.0,0.0,6062.382,0.0,29.117262
2019-08-14,11,0,reserve,system,6400.822,0.0,0.0,6400.822,569.146842,50.0
2019-08-14,12,0,reserve,system,6702.259,0.0,8.965971,6702.259,1348.706394,50.0
2019-08-14,13,0,reserve,system,6932.806,0.0,0.0,6932.806,1759.691965,50.0
2019-08-14,14,0,reserve,system,7086.213,0.0,0.0,7086.213,2667.175318,50.0
2019-08-14,15,0,reserve,system,7175.509,3.565914,50.0,7175.509,4011.927493,50.0
2019-08-14,16,0,reserve,system,7134.068,0.0,50.0,7134.068,4096.611327,50.0
2019-08-14,17,0,reserve,system,6931.219,0.0,0.0,6931.219,2325.842,50.0
2019-08-14,18,0,reserve,system,6581.797,0.0,0.0,6581.797,0.0,25.023978
2019-08-14,19,0,reserve,system,6343.725,0.0,0.0,6343.725,0.0,13.064672
2019-08-14,20,0,reserve,system,6039.699,0.0,0.0,6039.699,0.0,15.309567
2019-08-14,21,0,reserve,system,5613.264,0.0,0.0,5613.264,0.0,12.886113
2019-08-14,22,0,reserve,system,5187.188,0.0,0.0,5187.188,0.0,0.0
2019-08-14,23,0,reserve,system,4835.659,0.0,0.0,4835.659,0.0,0.0
2019-08-15,0,0,reserve,system,4568.354,0.0,0.0,4568.354,0.0,16.417359
2019-08-15,1,0,reserve,system,4384.016,0.0,0.0,4384.016,0.0,0.0
2019-08-15,2,0,reserve,system,4273.951,0.0,0.0,4273.951,0.0,0.0
2019-08-15,3,0,reserve,system,4249.728,0.0,0.0,4249.728,0.0,9.440878
2019-08-15,4,0,reserve,system,4356.529,0.0,0.0,4356.529,0.0,6.977314
2019-08-15,5,0,reserve,system,4553.987,0.0,0.0,4553.987,0.0,10.657838
2019-08-15,6,0,reserve,system,4617.133,0.0,0.0,4617.133,0.0,7.06463
2019-08-15,7,0,reserve,system,4843.028,0.0,0.0,4843.028,0.0,12.047113
2019-08-15,8,0,reserve,system,5230.319,0.0,0.0,5230.319,0.0,14.480222
2019-08-15,9,0,reserve,system,5669.819,0.0,0.0,5669.819,0.0,13.674535
2019-08-15,10,0,reserve,system,6102.243,0.0,0.0,6102.243,0.0,12.867675
2019-08-15,11,0,reserve,system,6489.809,0.0,0.0,6489.809,0.0,40.644481
2019-08-15,12,0,reserve,system,6784.491,0.0,1.139404,6784.491,1125.516238,50.0
2019-08-15,13,0,reserve,system,6985.55,0.0,0.0,6985.55,2921.558466,50.0
2019-08-15,14,0,reserve,system,7096.192,0.0,0.0,7096.192,3830.666468,50.0
2019-08-15,15,0,reserve,system,7107.295,0.0,0.0,7107.295,3802.758581,50.0
2019-08-15,16,0,reserve,system,7054.275,0.0,0.0,7054.275,3066.500269,50.0
2019-08-15,17,0,reserve,system,6945.299,0.0,0.0,6945.299,2215.468464,50.0
2019-08-15,18,0,reserve,system,6716.782,0.0,0.0,6716.782,814.271276,50.0
2019-08-15,19,0,reserve,system,6511.438,0.0,0.0,6511.438,0.0,28.784267
2019-08-15,20,0,reserve,system,6227.666,0.0,0.0,6227.666,0.0,16.137052
2019-08-15,21,0,reserve,system,5787.167,0.0,0.0,5787.167,0.0,15.326809
2019-08-15,22,0,reserve,system,5353.792,0.0,0.0,5353.792,0.0,8.381474
2019-08-15,23,0,reserve,system,4996.624,0.0,0.0,4996.624,0.0,11.803897
2019-08-16,0,0,reserve,system,4747.094,0.0,0.0,4747.094,0.0,17.933185
2019-08-16,1,0,reserve,system,4551.412,0.0,0.0,4551.412,0.0,4.616644
2019-08-16,2,0,reserve,system,4432.495,0.0,0.0,4432.495,0.0,9.934185
2019-08-16,3,0,reserve,system,4408.751,0.0,0.0,4408.751,0.0,0.0
2019-08-16,4,0,reserve,system,4514.419,0.0,0.0,4514.419,0.0,0.0
2019-08-16,5,0,reserve,system,4686.371,0.0,0.0,4686.371,0.0,14.976596
2019-08-16,6,0,reserve,system,4743.593,0.0,0.0,4743.593,0.0,7.08449
2019-08-16,7,0,reserve,system,4981.4,0.0,0.0,4981.4,0.0,16.334787
2019-08-16,8,0,reserve,system,5374.021,0.0,0.0,5374.021,0.0,12.547083
2019-08-16,9,0,reserve,system,5835.804,0.0,0.0,5835.804,0.0,13.738165
2019-08-16,10,0,reserve,system,6271.361,0.0,0.0,6271.361,0.0,9.903911
2019-08-16,11,0,reserve,system,6645.905,0.0,0.0,6645.905,0.0,24.927101
2019-08-16,12,0,reserve,system,6967.015,0.0,0.0,6967.015,1752.156989,50.0
2019-08-16,13,0,reserve,system,7166.842,0.0,0.0,7166.842,3211.482484,50.0
2019-08-16,14,0,reserve,system,7273.517,0.0,0.0,7273.517,4292.433056,50.0
2019-08-16,15,0,reserve,system,7285.792,0.0,0.0,7285.792,4396.90139,50.0
2019-08-16,16,0,reserve,system,7232.428,0.0,0.0,7232.428,4297.03739,50.0
2019-08-16,17,0,reserve,system,7048.328,0.0,0.0,7048.328,2543.03739,50.0
2019-08-16,18,0,reserve,system,6761.803,0.0,0.0,6761.803,0.0,28.407396
2019-08-16,19,0,reserve,system,6541.366,0.0,0.0,6541.366,0.0,13.444204
2019-08-16,20,0,reserve,system,6275.259,0.0,0.0,6275.259,0.0,13.278427
2019-08-16,21,0,reserve,system,5911.628,0.0,0.0,5911.628,0.0,14.340217
2019-08-16,22,0,reserve,system,5540.331,0.0,0.0,5540.331,0.0,9.606339
2019-08-16,23,0,reserve,system,5211.758,0.0,0.0,5211.758,0.0,11.538743
2019-08-17,0,0,reserve,system,4945.142,0.0,0.0,4945.142,0.0,18.416599
2019-08-17,1,0,reserve,system,4737.679,0.0,0.0,4737.679,0.0,6.602541
2019-08-17,2,0,reserve,system,4585.301,0.0,0.0,4585.301,0.0,7.012229
2019-08-17,3,0,reserve,system,4495.616,0.0,0.0,4495.616,0.0,0.0
2019-08-17,4,0,reserve,system,4485.294,0.0,0.0,4485.294,0.0,6.633962
2019-08-17,5,0,reserve,system,4505.459,0.0,0.0,4505.459,0.0,7.771695
2019-08-17,6,0,reserve,system,4538.826,0.0,0.0,4538.826,0.0,0.0
2019-08-17,7,0,reserve,system,4827.561,0.0,27.573571,4827.561,0.0,11.170314
2019-08-17,8,0,reserve,system,5258.994,0.0,11.084973,5258.994,0.0,9.269919
2019-08-17,9,0,reserve,system,5700.928,0.0,0.0,5700.928,0.0,10.712519
2019-08-17,10,0,reserve,system,6101.703,0.0,0.0,6101.703,0.0,9.333483
2019-08-17,11,0,reserve,system,6434.902,0.0,0.0,6434.902,0.0,11.935863
2019-08-17,12,0,reserve,system,6701.436,0.0,0.0,6701.436,0.0,12.868163
2019-08-17,13,0,reserve,system,6903.924,0.0,3.794822,6903.924,0.0,23.872464
2019-08-17,14,0,reserve,system,7027.186,0.0,0.0,7027.186,0.0,24.664065
2019-08-17,15,0,reserve,system,7079.44,0.0,0.0,7079.44,108.147422,50.0
2019-08-17,16,0,reserve,system,7052.93,0.0,0.0,7052.93,279.262351,50.0
2019-08-17,17,0,reserve,system,6898.603,0.0,0.0,6898.603,0.0,23.874906
2019-08-17,18,0,reserve,system,6636.385,0.0,0.0,6636.385,0.0,13.141257
2019-08-17,19,0,reserve,system,6425.871,0.0,0.0,6425.871,0.0,11.475619
2019-08-17,20,0,reserve,system,6185.24,0.0,0.0,6185.24,0.0,12.314493
2019-08-17,21,0,reserve,system,5851.867,0.0,0.0,5851.867,0.0,8.076956
2019-08-17,22,0,reserve,system,5493.905,0.0,0.0,5493.905,0.0,11.896665
2019-08-17,23,0,reserve,system,5179.508,0.0,0.0,5179.508,0.0,8.257324
2019-08-18,0,0,reserve,system,4922.201,0.0,0.0,4922.201,0.0,13.401723
2019-08-18,1,0,reserve,system,4724.754,0.0,0.0,4724.754,0.0,6.008016
2019-08-18,2,0,reserve,system,4577.823,0.0,0.0,4577.823,0.0,9.212832
2019-08-18,3,0,reserve,system,4471.349,0.0,0.0,4471.349,0.0,0.875606
2019-08-18,4,0,reserve,system,4429.87,0.0,0.0,4429.87,0.0,3.737247
2019-08-18,5,0,reserve,system,4420.81,0.0,0.0,4420.81,0.0,8.847755
2019-08-18,6,0,reserve,system,4426.29,0.0,0.0,4426.29,0.0,0.0
2019-08-18,7,0,reserve,system,4702.789,0.0,0.0,4702.789,0.0,9.71796
2019-08-18,8,0,reserve,system,5143.187,0.0,0.0,5143.187,0.0,8.364762
2019-08-18,9,0,reserve,system,5559.198,0.0,0.0,5559.198,0.0,11.52262
2019-08-18,10,0,reserve,system,5930.971,0.0,0.0,5930.971,0.0,10.023531
2019-08-18,11,0,reserve,system,6238.763,0.0,0.0,6238.763,0.0,11.0547
2019-08-18,12,0,reserve,system,6531.498,0.0,0.0,6531.498,0.0,12.572695
2019-08-18,13,0,reserve,system,6797.757,0.0,0.0,6797.757,0.0,17.291214
2019-08-18,14,0,reserve,system,7000.362,0.0,0.0,7000.362,0.0,26.830278
2019-08-18,15,0,reserve,system,7123.894,0.0,0.0,7123.894,620.958788,50.0
2019-08-18,16,0,reserve,system,7150.487,0.0,0.0,7150.487,2085.715672,50.0
2019-08-18,17,0,reserve,system,7029.356,0.0,0.0,7029.356,542.598055,50.0
2019-08-18,18,0,reserve,system,6788.102,0.0,0.0,6788.102,0.0,18.595951
2019-08-18,19,0,reserve,system,6607.348,0.0,0.0,6607.348,0.0,24.665513
2019-08-18,20,0,reserve,system,6342.157,0.0,0.0,6342.157,0.0,12.92571
2019-08-18,21,0,reserve,system,5933.027,0.0,0.0,5933.027,0.0,9.93539
2019-08-18,22,0,reserve,system,5498.329,0.0,0.0,5498.329,0.0,11.830793
2019-08-18,23,0,reserve,system,5153.007,0.0,0.0,5153.007,0.0,8.249018
2019-08-19,0,0,reserve,system,4902.309,0.0,0.0,4902.309,0.0,10.714887
2019-08-19,1,0,reserve,system,4726.482,0.0,0.0,4726.482,0.0,0.0
2019-08-19,2,0,reserve,system,4622.45,0.0,0.0,4622.45,0.0,4.352714
2019-08-19,3,0,reserve,system,4609.488,0.0,0.0,4609.488,0.0,7.369316
2019-08-19,4,0,reserve,system,4719.087,0.0,0.0,4719.087,0.0,7.801396
2019-08-19,5,0,reserve,system,4912.203,0.0,22.808974,4912.203,0.0,11.241412
2019-08-19,6,0,reserve,system,4945.602,0.0,0.0,4945.602,0.0,9.029271
2019-08-19,7,0,reserve,system,5159.08,0.0,0.0,5159.08,0.0,11.867067
2019-08-19,8,0,reserve,system,5523.763,0.0,0.0,5523.763,0.0,11.556396
2019-08-19,9,0,reserve,system,5913.802,0.0,0.0,5913.802,0.0,21.867075
2019-08-19,10,0,reserve,system,6290.09,0.0,0.0,6290.09,0.0,1.375403
2019-08-19,11,0,reserve,system,6656.802,0.0,0.0,6656.802,0.0,18.886361
2019-08-19,12,0,reserve,system,7004.228,0.0,0.0,7004.228,2031.038579,50.0
2019-08-19,13,0,reserve,system,7264.781,0.0,0.0,7264.781,3558.647667,50.0
2019-08-19,14,0,reserve,system,7379.364,0.0,0.0,7379.364,4314.650667,50.0
2019-08-19,15,0,reserve,system,7387.064,0.0,0.0,7387.064,3852.795239,50.0
2019-08-19,16,0,reserve,system,7338.241,0.0,0.0,7338.241,3567.69361,50.0
2019-08-19,17,0,reserve,system,7193.896,0.0,0.0,7193.896,1701.958512,50.0
2019-08-19,18,0,reserve,system,6945.764,0.0,0.0,6945.764,0.0,28.774217
2019-08-19,19,0,reserve,system,6766.555,0.0,0.0,6766.555,0.0,19.418316
2019-08-19,20,0,reserve,system,6464.622,0.0,0.0,6464.622,0.0,13.293291
2019-08-19,21,0,reserve,system,6003.562,0.0,0.0,6003.562,0.0,14.447876
2019-08-19,22,0,reserve,system,5555.992,0.0,0.0,5555.992,0.0,11.14357
2019-08-19,23,0,reserve,system,5187.474,0.0,0.0,5187.474,0.0,10.250994
2019-08-20,0,0,reserve,system,4924.303,0.0,0.0,4924.303,0.0,13.707057
2019-08-20,1,0,reserve,system,4719.078,0.0,0.0,4719.078,0.0,0.0
2019-08-20,2,0,reserve,system,4598.223,0.0,0.0,4598.223,0.0,6.75824
2019-08-20,3,0,reserve,system,4559.906,0.0,6.162201,4559.906,0.0,0.0
2019-08-20,4,0,reserve,system,4652.991,0.0,0.0,4652.991,0.0,9.263454
2019-08-20,5,0,reserve,system,4851.842,0.0,0.0,4851.842,0.0,10.418435
2019-08-20,6,0,reserve,system,4876.367,0.0,0.0,4876.367,0.0,9.482384
2019-08-20,7,0,reserve,system,5062.624,0.0,0.0,5062.624,0.0,16.159165
2019-08-20,8,0,reserve,system,5446.784,0.0,0.0,5446.784,0.0,12.997401
2019-08-20,9,0,reserve,system,5861.923,0.0,0.0,5861.923,0.0,15.518245
2019-08-20,10,0,reserve,system,6262.084,0.0,0.0,6262.084,0.0,11.23715
2019-08-20,11,0,reserve,system,6552.526,0.0,0.0,6552.526,0.0,13.626797
2019-08-20,12,0,reserve,system,6749.362,0.0,0.0,6749.362,293.231295,50.0
2019-08-20,13,0,reserve,system,6892.202,0.0,0.0,6892.202,1013.450703,50.0
2019-08-20,14,0,reserve,system,7027.103,0.0,0.0,7027.103,2151.279445,50.0
2019-08-20,15,0,reserve,system,7116.305,0.0,0.0,7116.305,2715.372852,50.0
2019-08-20,16,0,reserve,system,7117.137,0.0,0.0,7117.137,2301.924764,50.0
2019-08-20,17,0,reserve,system,6966.075,0.0,0.0,6966.075,950.490115,50.0
2019-08-20,18,0,reserve,system,6724.067,0.0,0.0,6724.067,0.0,17.010459
2019-08-20,19,0,reserve,system,6534.361,0.0,0.0,6534.361,0.0,13.230655
2019-08-20,20,0,reserve,system,6231.051,0.0,0.0,6231.051,0.0,14.563452
2019-08-20,21,0,reserve,system,5780.475,0.0,0.0,5780.475,0.0,11.062025
2019-08-20,22,0,reserve,system,5336.794,0.0,0.0,5336.794,0.0,14.217083
2019-08-20,23,0,reserve,system,4986.804,0.0,0.0,4986.804,0.0,0.0
2019-08-21,0,0,reserve,system,4717.951,0.0,0.0,4717.951,0.0,23.449933
2019-08-21,1,0,reserve,system,4519.67,0.0,0.0,4519.67,0.0,0.0
2019-08-21,2,0,reserve,system,4397.409,0.0,0.0,4397.409,0.0,0.0
2019-08-21,3,0,reserve,system,4377.839,0.0,0.0,4377.839,0.0,9.51065
2019-08-21,4,0,reserve,system,4498.338,0.0,0.0,4498.338,0.0,5.40956
2019-08-21,5,0,reserve,system,4711.195,0.0,0.0,4711.195,0.0,12.189076
2019-08-21,6,0,reserve,system,4741.059,0.0,0.0,4741.059,0.0,8.19902
2019-08-21,7,0,reserve,system,4934.174,0.0,0.0,4934.174,0.0,11.103119
2019-08-21,8,0,reserve,system,5283.115,0.0,0.0,5283.115,0.0,13.686749
2019-08-21,9,0,reserve,system,5694.874,0.0,0.0,5694.874,0.0,15.182356
2019-08-21,10,0,reserve,system,6091.43,0.0,0.0,6091.43,0.0,5.759902
2019-08-21,11,0,reserve,system,6444.972,0.0,0.0,6444.972,0.0,12.821633
2019-08-21,12,0,reserve,system,6753.899,0.0,0.0,6753.899,0.0,25.390157
2019-08-21,13,0,reserve,system,6977.932,0.0,0.0,6977.932,2016.316668,50.0
2019-08-21,14,0,reserve,system,7094.711,0.0,0.0,7094.711,3006.633596,50.0
2019-08-21,15,0,reserve,system,7168.289,0.0,0.0,7168.289,3455.794498,50.0
2019-08-21,16,0,reserve,system,7146.806,0.0,0.0,7146.806,2935.64269,50.0
2019-08-21,17,0,reserve,system,6977.136,0.0,0.0,6977.136,565.041054,50.0
2019-08-21,18,0,reserve,system,6713.633,0.0,0.0,6713.633,0.0,20.983759
2019-08-21,19,0,reserve,system,6516.796,0.0,0.0,6516.796,0.0,13.590048
2019-08-21,20,0,reserve,system,6216.321,0.0,0.0,6216.321,0.0,13.44011
2019-08-21,21,0,reserve,system,5761.287,0.0,0.0,5761.287,0.0,14.549546
2019-08-21,22,0,reserve,system,5318.412,0.0,0.0,5318.412,0.0,9.993672
2019-08-21,23,0,reserve,system,4945.781,0.0,0.0,4945.781,0.0,11.246636
2019-08-22,0,0,reserve,system,4687.384,0.0,0.0,4687.384,0.0,16.325088
2019-08-22,1,0,reserve,system,4496.266,0.0,0.0,4496.266,0.0,9.008941
2019-08-22,2,0,reserve,system,4377.274,0.0,0.0,4377.274,0.0,0.0
2019-08-22,3,0,reserve,system,4347.019,0.0,0.0,4347.019,0.0,6.328481
2019-08-22,4,0,reserve,system,4462.843,0.0,0.0,4462.843,0.0,0.0
2019-08-22,5,0,reserve,system,4676.85,0.0,0.0,4676.85,0.0,13.798494
2019-08-22,6,0,reserve,system,4718.948,0.0,0.0,4718.948,0.0,7.421036
2019-08-22,7,0,reserve,system,4924.702,0.0,0.0,4924.702,0.0,10.189459
2019-08-22,8,0,reserve,system,5277.204,0.0,0.0,5277.204,0.0,14.559621
2019-08-22,9,0,reserve,system,5660.404,0.0,0.0,5660.404,0.0,11.293059
2019-08-22,10,0,reserve,system,6016.73,0.0,0.0,6016.73,0.0,12.091875
2019-08-22,11,0,reserve,system,6349.998,0.0,0.0,6349.998,0.0,10.451259
2019-08-22,12,0,reserve,system,6676.518,0.0,50.0,6676.518,0.0,23.754156
2019-08-22,13,0,reserve,system,6915.795,0.0,0.0,6915.795,1977.342565,50.0
2019-08-22,14,0,reserve,system,7054.941,0.0,0.0,7054.941,2942.089773,50.0
2019-08-22,15,0,reserve,system,7118.583,0.0,0.0,7118.583,3701.738135,50.0
2019-08-22,16,0,reserve,system,7068.736,0.0,0.0,7068.736,3610.906,50.0
2019-08-22,17,0,reserve,system,6886.195,0.0,0.0,6886.195,1678.820189,50.0
2019-08-22,18,0,reserve,system,6616.716,0.0,0.0,6616.716,0.0,33.52187
2019-08-22,19,0,reserve,system,6419.991,0.0,0.0,6419.991,0.0,12.990029
2019-08-22,20,0,reserve,system,6133.31,0.0,0.0,6133.31,0.0,15.628845
2019-08-22,21,0,reserve,system,5710.771,0.0,0.0,5710.771,0.0,11.153858
2019-08-22,22,0,reserve,system,5280.142,0.0,0.0,5280.142,0.0,9.946986
2019-08-22,23,0,reserve,system,4939.521,0.0,0.0,4939.521,0.0,11.218468
2019-08-23,0,0,reserve,system,4697.544,0.0,0.0,4697.544,0.0,14.745657
2019-08-23,1,0,reserve,system,4523.455,0.0,0.0,4523.455,0.0,5.737366
2019-08-23,2,0,reserve,system,4406.754,0.0,0.0,4406.754,0.0,9.446793
2019-08-23,3,0,reserve,system,4384.636,0.0,0.0,4384.636,0.0,0.0
2019-08-23,4,0,reserve,system,4492.68,0.0,0.0,4492.68,0.0,0.0
2019-08-23,5,0,reserve,system,4699.612,0.0,0.0,4699.612,0.0,13.960927
2019-08-23,6,0,reserve,system,4737.487,0.0,0.0,4737.487,0.0,8.136179
2019-08-23,7,0,reserve,system,4930.991,0.0,0.0,4930.991,0.0,10.468845
2019-08-23,8,0,reserve,system,5261.321,0.0,0.0,5261.321,0.0,15.74817
2019-08-23,9,0,reserve,system,5622.182,0.0,0.0,5622.182,0.0,11.509132
2019-08-23,10,0,reserve,system,5974.38,0.0,0.0,5974.38,0.0,11.952273
2019-08-23,11,0,reserve,system,6262.532,0.0,0.0,6262.532,0.0,11.706126
2019-08-23,12,0,reserve,system,6467.956,0.0,6.409999,6467.956,0.0,13.519988
2019-08-23,13,0,reserve,system,6566.698,0.0,8.870952,6566.698,93.117784,50.0
2019-08-23,14,0,reserve,system,6597.967,0.0,0.0,6597.967,379.434557,50.0
2019-08-23,15,0,reserve,system,6566.825,0.0,0.0,6566.825,0.0,20.992635
2019-08-23,16,0,reserve,system,6399.608,0.0,0.0,6399.608,0.0,14.198187
2019-08-23,17,0,reserve,system,6157.663,0.0,0.0,6157.663,0.0,13.39479
2019-08-23,18,0,reserve,system,5900.761,0.0,0.0,5900.761,0.0,13.931295
2019-08-23,19,0,reserve,system,5774.081,0.0,0.0,5774.081,0.0,12.728208
2019-08-23,20,0,reserve,system,5568.794,0.0,0.0,5568.794,0.0,14.940569
2019-08-23,21,0,reserve,system,5256.439,0.0,0.0,5256.439,0.0,8.093534
2019-08-23,22,0,reserve,system,4935.798,0.0,0.0,4935.798,0.0,15.172408
2019-08-23,23,0,reserve,system,4636.932,0.0,0.0,4636.932,0.0,0.0
2019-08-24,0,0,reserve,system,4412.263,0.0,0.0,4412.263,0.0,14.108029
2019-08-24,1,0,reserve,system,4245.184,0.0,0.0,4245.184,0.0,5.427126
2019-08-24,2,0,reserve,system,4124.38,0.0,0.0,4124.38,0.0,9.43961
2019-08-24,3,0,reserve,system,4074.035,0.0,0.0,4074.035,0.0,0.0
2019-08-24,4,0,reserve,system,4084.231,0.0,0.0,4084.231,0.0,0.0
2019-08-24,5,0,reserve,system,4142.651,0.0,0.0,4142.651,0.0,12.202503
2019-08-24,6,0,reserve,system,4199.043,0.0,0.0,4199.043,0.0,7.361296
2019-08-24,7,0,reserve,system,4436.56,0.0,0.0,4436.56,0.0,10.461244
2019-08-24,8,0,reserve,system,4759.768,0.0,0.0,4759.768,0.0,7.465468
2019-08-24,9,0,reserve,system,5138.738,0.0,0.0,5138.738,0.0,16.37489
2019-08-24,10,0,reserve,system,5528.192,0.0,0.0,5528.192,0.0,8.980691
2019-08-24,11,0,reserve,system,5852.18,0.0,0.0,5852.18,0.0,12.940887
2019-08-24,12,0,reserve,system,6133.8,0.0,8.10579,6133.8,0.0,13.130776
2019-08-24,13,0,reserve,system,6356.243,0.0,0.0,6356.243,424.728743,50.0
2019-08-24,14,0,reserve,system,6468.928,0.0,0.0,6468.928,834.521996,50.0
2019-08-24,15,0,reserve,system,6458.698,0.0,0.0,6458.698,0.0,27.281543
2019-08-24,16,0,reserve,system,6325.89,0.0,0.0,6325.89,0.0,0.0
2019-08-24,17,0,reserve,system,6102.824,0.0,0.0,6102.824,0.0,23.055889
2019-08-24,18,0,reserve,system,5853.148,0.0,0.0,5853.148,0.0,12.829998
2019-08-24,19,0,reserve,system,5729.026,0.0,0.0,5729.026,0.0,12.80111
2019-08-24,20,0,reserve,system,5504.184,0.0,0.0,5504.184,0.0,10.230372
2019-08-24,21,0,reserve,system,5206.178,0.0,0.0,5206.178,0.0,9.354664
2019-08-24,22,0,reserve,system,4903.721,0.0,0.0,4903.721,0.0,9.337901
2019-08-24,23,0,reserve,system,4630.049,0.0,0.0,4630.049,0.0,9.91018
2019-08-25,0,0,reserve,system,4410.037,0.0,0.0,4410.037,0.0,16.696677
2019-08-25,1,0,reserve,system,4245.34,0.0,0.0,4245.34,0.0,7.360652
2019-08-25,2,0,reserve,system,4127.01,0.0,0.0,4127.01,0.0,13.444873
2019-08-25,3,0,reserve,system,4056.236,0.0,0.0,4056.236,0.0,0.0
2019-08-25,4,0,reserve,system,4038.057,0.0,0.0,4038.057,0.0,3.929869
2019-08-25,5,0,reserve,system,4057.302,0.0,0.0,4057.302,0.0,14.109521
2019-08-25,6,0,reserve,system,4086.857,0.0,0.0,4086.857,0.0,0.0
2019-08-25,7,0,reserve,system,4337.157,0.0,0.0,4337.157,0.0,13.460552
2019-08-25,8,0,reserve,system,4729.218,0.0,0.0,4729.218,0.0,8.165462
2019-08-25,9,0,reserve,system,5172.925,0.0,0.0,5172.925,0.0,13.494118
2019-08-25,10,0,reserve,system,5613.033,0.0,0.0,5613.033,0.0,3.903646
2019-08-25,11,0,reserve,system,5970.745,0.0,0.0,5970.745,0.0,13.350342
2019-08-25,12,0,reserve,system,6164.081,0.0,0.0,6164.081,0.0,10.31151
2019-08-25,13,0,reserve,system,6315.262,0.0,0.0,6315.262,0.0,12.856288
2019-08-25,14,0,reserve,system,6442.383,0.0,0.0,6442.383,0.0,13.998359
2019-08-25,15,0,reserve,system,6542.339,0.0,0.0,6542.339,0.0,12.821616
2019-08-25,16,0,reserve,system,6569.708,0.0,0.0,6569.708,0.0,36.737596
2019-08-25,17,0,reserve,system,6508.072,0.0,0.0,6508.072,0.0,20.614899
2019-08-25,18,0,reserve,system,6328.205,0.0,0.0,6328.205,0.0,0.0
2019-08-25,19,0,reserve,system,6214.474,0.0,0.0,6214.474,0.0,23.771079
2019-08-25,20,0,reserve,system,5974.249,0.0,0.0,5974.249,0.0,14.834852
2019-08-25,21,0,reserve,system,5598.69,0.0,0.0,5598.69,0.0,11.75456
2019-08-25,22,0,reserve,system,5201.065,0.0,0.0,5201.065,0.0,7.584966
2019-08-25,23,0,reserve,system,4888.056,0.0,0.0,4888.056,0.0,9.265208
2019-08-26,0,0,reserve,system,4677.529,0.0,0.0,4677.529,0.0,13.516433
2019-08-26,1,0,reserve,system,4541.167,0.0,0.0,4541.167,0.0,0.881519
2019-08-26,2,0,reserve,system,4467.643,0.0,0.0,4467.643,0.0,1.801081
2019-08-26,3,0,reserve,system,4473.231,0.0,0.0,4473.231,0.0,6.101422
2019-08-26,4,0,reserve,system,4616.955,0.0,0.0,4616.955,0.0,7.201686
2019-08-26,5,0,reserve,system,4873.104,0.0,0.0,4873.104,0.0,8.841262
2019-08-26,6,0,reserve,system,4907.207,0.0,0.0,4907.207,0.0,6.420604
2019-08-26,7,0,reserve,system,5079.872,0.0,0.0,5079.872,0.0,17.262643
2019-08-26,8,0,reserve,system,5434.512,0.0,0.0,5434.512,0.0,0.0
2019-08-26,9,0,reserve,system,5860.557,0.0,0.0,5860.557,0.0,14.108826
2019-08-26,10,0,reserve,system,6291.282,0.0,0.0,6291.282,0.0,10.474805
2019-08-26,11,0,reserve,system,6678.069,0.0,0.0,6678.069,0.0,13.305306
2019-08-26,12,0,reserve,system,7025.784,0.0,0.0,7025.784,0.0,12.209965
2019-08-26,13,0,reserve,system,7292.785,0.0,0.0,7292.785,929.184448,50.0
2019-08-26,14,0,reserve,system,7394.648,0.0,0.0,7394.648,1809.303654,50.0
2019-08-26,15,0,reserve,system,7443.315,0.0,0.0,7443.315,2513.408664,50.0
2019-08-26,16,0,reserve,system,7426.372,0.0,0.0,7426.372,3013.299656,50.0
2019-08-26,17,0,reserve,system,7321.314,0.0,0.0,7321.314,2455.132098,50.0
2019-08-26,18,0,reserve,system,7076.037,0.0,0.0,7076.037,982.255098,50.0
2019-08-26,19,0,reserve,system,6905.138,0.0,0.0,6905.138,89.496098,50.0
2019-08-26,20,0,reserve,system,6594.249,0.0,0.0,6594.249,0.0,12.03809
2019-08-26,21,0,reserve,system,6143.264,0.0,0.0,6143.264,0.0,10.490786
2019-08-26,22,0,reserve,system,5706.637,0.0,0.0,5706.637,0.0,9.655216
2019-08-26,23,0,reserve,system,5347.335,0.0,0.0,5347.335,0.0,12.014313
2019-08-27,0,0,reserve,system,5091.778,0.0,0.0,5091.778,0.0,11.892252
2019-08-27,1,0,reserve,system,4898.882,0.0,0.0,4898.882,0.0,5.854858
2019-08-27,2,0,reserve,system,4768.617,0.0,0.0,4768.617,0.0,2.854421
2019-08-27,3,0,reserve,system,4731.17,0.0,0.0,4731.17,0.0,0.0
2019-08-27,4,0,reserve,system,4823.919,0.0,0.0,4823.919,0.0,9.892443
2019-08-27,5,0,reserve,system,4980.5,0.0,0.0,4980.5,0.0,13.586834
2019-08-27,6,0,reserve,system,4956.879,0.0,0.0,4956.879,0.0,4.247509
2019-08-27,7,0,reserve,system,5001.834,0.0,0.0,5001.834,0.0,12.742795
2019-08-27,8,0,reserve,system,5179.645,0.0,0.0,5179.645,0.0,9.324431
2019-08-27,9,0,reserve,system,5407.419,0.0,0.0,5407.419,0.0,11.574967
2019-08-27,10,0,reserve,system,5597.225,0.0,0.0,5597.225,0.0,13.094449
2019-08-27,11,0,reserve,system,5806.059,0.0,0.0,5806.059,0.0,22.092866
2019-08-27,12,0,reserve,system,6018.952,0.0,0.0,6018.952,0.0,16.053983
2019-08-27,13,0,reserve,system,6114.709,0.0,0.0,6114.709,0.0,6.301074
2019-08-27,14,0,reserve,system,6107.523,0.0,0.0,6107.523,0.0,16.931662
2019-08-27,15,0,reserve,system,6112.597,0.0,0.0,6112.597,0.0,15.531752
2019-08-27,16,0,reserve,system,6076.918,0.0,0.0,6076.918,0.0,10.224556
2019-08-27,17,0,reserve,system,5945.823,0.0,0.0,5945.823,0.0,4.072541
2019-08-27,18,0,reserve,system,5801.12,0.0,0.0,5801.12,0.0,5.061815
2019-08-27,19,0,reserve,system,5740.416,0.0,0.0,5740.416,0.0,26.851475
2019-08-27,20,0,reserve,system,5515.29,0.0,0.0,5515.29,0.0,13.78483
2019-08-27,21,0,reserve,system,5137.59,0.0,0.0,5137.59,0.0,14.15147
2019-08-27,22,0,reserve,system,4774.651,0.0,0.0,4774.651,0.0,0.0
2019-08-27,23,0,reserve,system,4484.354,0.0,0.0,4484.354,0.0,0.0
2019-08-28,0,0,reserve,system,4281.719,0.0,0.0,4281.719,0.0,10.691446
2019-08-28,1,0,reserve,system,4129.193,0.0,0.0,4129.193,0.0,4.800675
2019-08-28,2,0,reserve,system,4058.775,0.0,0.0,4058.775,0.0,8.200094
2019-08-28,3,0,reserve,system,4058.032,0.0,0.0,4058.032,0.0,0.0
2019-08-28,4,0,reserve,system,4213.525,0.0,0.0,4213.525,0.0,0.0
2019-08-28,5,0,reserve,system,4486.083,0.0,11.820547,4486.083,0.0,12.160521
2019-08-28,6,0,reserve,system,4554.729,0.0,0.0,4554.729,0.0,7.662052
2019-08-28,7,0,reserve,system,4724.106,0.0,0.0,4724.106,0.0,13.119111
2019-08-28,8,0,reserve,system,5001.986,0.0,0.0,5001.986,0.0,14.00943
2019-08-28,9,0,reserve,system,5354.577,0.0,0.0,5354.577,0.0,13.862806
2019-08-28,10,0,reserve,system,5699.533,0.0,0.0,5699.533,0.0,12.874715
2019-08-28,11,0,reserve,system,6018.805,0.0,0.0,6018.805,0.0,12.674748
2019-08-28,12,0,reserve,system,6300.468,0.0,0.0,6300.468,0.0,12.216132
2019-08-28,13,0,reserve,system,6525.982,0.0,0.0,6525.982,0.0,26.272918
2019-08-28,14,0,reserve,system,6661.84,0.0,0.0,6661.84,376.263268,50.0
2019-08-28,15,0,reserve,system,6718.057,0.0,0.0,6718.057,2395.219821,50.0
2019-08-28,16,0,reserve,system,6616.001,0.0,0.0,6616.001,916.957667,50.0
2019-08-28,17,0,reserve,system,6390.992,0.0,0.0,6390.992,0.0,26.842745
2019-08-28,18,0,reserve,system,6149.917,0.0,0.0,6149.917,0.0,10.170195
2019-08-28,19,0,reserve,system,6011.357,0.0,32.19584,6011.357,0.0,16.197248
2019-08-28,20,0,reserve,system,5718.776,0.0,0.0,5718.776,0.0,15.869904
2019-08-28,21,0,reserve,system,5293.945,0.0,0.0,5293.945,0.0,10.001091
2019-08-28,22,0,reserve,system,4890.307,0.0,0.0,4890.307,0.0,8.692325
2019-08-28,23,0,reserve,system,4566.359,0.0,0.0,4566.359,0.0,11.31491
2019-08-29,0,0,reserve,system,4342.113,0.0,0.0,4342.113,0.0,16.960596
2019-08-29,1,0,reserve,system,4190.811,0.0,0.0,4190.811,0.0,5.528135
2019-08-29,2,0,reserve,system,4100.092,0.0,0.0,4100.092,0.0,9.399484
2019-08-29,3,0,reserve,system,4102.044,0.0,0.0,4102.044,0.0,0.0
2019-08-29,4,0,reserve,system,4236.584,0.0,0.0,4236.584,0.0,0.0
2019-08-29,5,0,reserve,system,4485.038,0.0,0.0,4485.038,0.0,20.413732
2019-08-29,6,0,reserve,system,4544.18,0.0,0.0,4544.18,0.0,0.0
2019-08-29,7,0,reserve,system,4712.755,0.0,0.0,4712.755,0.0,13.323261
2019-08-29,8,0,reserve,system,5052.232,0.0,0.0,5052.232,0.0,8.088423
2019-08-29,9,0,reserve,system,5476.716,0.0,0.0,5476.716,0.0,11.386711
2019-08-29,10,0,reserve,system,5888.218,0.0,5.212938,5888.218,0.0,10.908483
2019-08-29,11,0,reserve,system,6270.972,0.0,0.0,6270.972,0.0,10.500497
2019-08-29,12,0,reserve,system,6611.1,0.0,0.0,6611.1,0.0,16.208406
2019-08-29,13,0,reserve,system,6877.273,0.0,0.0,6877.273,0.0,23.652946
2019-08-29,14,0,reserve,system,7045.073,0.0,0.0,7045.073,810.322874,50.0
2019-08-29,15,0,reserve,system,7107.161,0.0,0.0,7107.161,1540.404044,50.0
2019-08-29,16,0,reserve,system,7049.445,0.0,0.0,7049.445,1046.759998,50.0
2019-08-29,17,0,reserve,system,6869.766,0.0,0.0,6869.766,0.0,29.844716
2019-08-29,18,0,reserve,system,6584.554,0.0,0.0,6584.554,0.0,9.595407
2019-08-29,19,0,reserve,system,6410.635,0.0,0.0,6410.635,0.0,26.789324
2019-08-29,20,0,reserve,system,6109.977,0.0,0.0,6109.977,0.0,15.651414
2019-08-29,21,0,reserve,system,5679.079,0.0,0.0,5679.079,0.0,8.824581
2019-08-29,22,0,reserve,system,5262.192,0.0,0.0,5262.192,0.0,7.810335
2019-08-29,23,0,reserve,system,4907.765,0.0,0.0,4907.765,0.0,14.982839
2019-08-30,0,0,reserve,system,4643.746,0.0,0.0,4643.746,0.0,19.331379
2019-08-30,1,0,reserve,system,4448.649,0.0,0.0,4448.649,0.0,2.332348
2019-08-30,2,0,reserve,system,4321.696,0.0,0.0,4321.696,0.0,12.313973
2019-08-30,3,0,reserve,system,4291.728,0.0,0.0,4291.728,0.0,0.0
2019-08-30,4,0,reserve,system,4412.875,0.0,0.0,4412.875,0.0,0.0
2019-08-30,5,0,reserve,system,4636.59,0.0,0.0,4636.59,0.0,14.859979
2019-08-30,6,0,reserve,system,4670.427,0.0,0.0,4670.427,0.0,6.828184
2019-08-30,7,0,reserve,system,4834.343,0.0,0.0,4834.343,0.0,10.67928
2019-08-30,8,0,reserve,system,5155.826,0.0,27.175245,5155.826,0.0,13.545957
2019-08-30,9,0,reserve,system,5532.526,0.0,0.0,5532.526,0.0,13.711885
2019-08-30,10,0,reserve,system,5903.189,0.0,0.0,5903.189,0.0,10.439495
2019-08-30,11,0,reserve,system,6221.503,0.0,0.0,6221.503,0.0,12.89109
2019-08-30,12,0,reserve,system,6486.134,0.0,0.0,6486.134,1481.351466,50.0
2019-08-30,13,0,reserve,system,6463.242,0.0,0.0,6463.242,1372.599654,50.0
2019-08-30,14,0,reserve,system,6375.735,0.0,0.0,6375.735,259.188684,50.0
2019-08-30,15,0,reserve,system,6270.539,0.0,0.0,6270.539,0.0,22.819178
2019-08-30,16,0,reserve,system,6116.232,0.0,0.0,6116.232,0.0,8.61842
2019-08-30,17,0,reserve,system,5879.842,0.0,0.0,5879.842,0.0,18.335471
2019-08-30,18,0,reserve,system,5618.407,0.0,0.0,5618.407,0.0,0.0
2019-08-30,19,0,reserve,system,5503.421,0.0,0.0,5503.421,0.0,22.059115
2019-08-30,20,0,reserve,system,5292.892,0.0,0.0,5292.892,0.0,10.245759
2019-08-30,21,0,reserve,system,5007.902,0.0,0.0,5007.902,0.0,8.042722
2019-08-30,22,0,reserve,system,4700.313,0.0,0.0,4700.313,0.0,13.762365
2019-08-30,23,0,reserve,system,4414.452,0.0,0.0,4414.452,0.0,0.0
2019-08-31,0,0,reserve,system,4182.247,0.0,0.0,4182.247,0.0,11.23709
2019-08-31,1,0,reserve,system,4011.094,0.0,0.0,4011.094,0.0,4.658694
2019-08-31,2,0,reserve,system,3892.963,0.0,0.0,3892.963,0.0,8.111694
2019-08-31,3,0,reserve,system,3828.834,0.0,0.0,3828.834,0.0,0.0
2019-08-31,4,0,reserve,system,3827.554,0.0,0.0,3827.554,0.0,0.0
2019-08-31,5,0,reserve,system,3878.305,0.0,0.0,3878.305,0.0,9.835109
2019-08-31,6,0,reserve,system,3925.923,0.0,0.0,3925.923,0.0,5.960034
2019-08-31,7,0,reserve,system,4164.441,0.0,0.0,4164.441,0.0,10.939172
2019-08-31,8,0,reserve,system,4506.313,0.0,0.0,4506.313,0.0,8.669185
2019-08-31,9,0,reserve,system,4848.029,0.0,0.0,4848.029,0.0,10.66077
2019-08-31,10,0,reserve,system,5173.089,0.0,0.0,5173.089,0.0,14.264955
2019-08-31,11,0,reserve,system,5455.18,0.0,36.377276,5455.18,0.0,13.389043
2019-08-31,12,0,reserve,system,5688.627,0.0,9.247126,5688.627,0.0,12.852238
2019-08-31,13,0,reserve,system,5863.85,0.0,10.42189,5863.85,0.0,12.281809
2019-08-31,14,0,reserve,system,5970.07,0.0,9.605405,5970.07,0.0,27.280363
2019-08-31,15,0,reserve,system,6018.591,0.0,25.560643,6018.591,0.0,14.328714
2019-08-31,16,0,reserve,system,5987.776,0.0,0.0,5987.776,0.0,12.711605
2019-08-31,17,0,reserve,system,5853.306,0.0,0.0,5853.306,0.0,16.535804
2019-08-31,18,0,reserve,system,5611.112,0.0,0.0,5611.112,0.0,7.709342
2019-08-31,19,0,reserve,system,5461.761,0.0,0.0,5461.761,0.0,17.862041
2019-08-31,20,0,reserve,system,5226.549,0.0,0.0,5226.549,0.0,6.80448
2019-08-31,21,0,reserve,system,4916.842,0.0,0.0,4916.842,0.0,9.380842
2019-08-31,22,0,reserve,system,4619.025,0.0,0.0,4619.025,0.0,9.424325
2019-08-31,23,0,reserve,system,4326.968,0.0,0.0,4326.968,0.0,9.655189
2019-09-01,0,0,reserve,system,4111.928,0.0,0.0,4111.928,0.0,16.562329
2019-09-01,1,0,reserve,system,3942.367,0.0,0.0,3942.367,0.0,0.0
2019-09-01,2,0,reserve,system,3820.243,0.0,0.0,3820.243,0.0,0.0
2019-09-01,3,0,reserve,system,3749.705,0.0,0.0,3749.705,0.0,9.363758
2019-09-01,4,0,reserve,system,3723.115,0.0,0.0,3723.115,0.0,5.582437
2019-09-01,5,0,reserve,system,3734.173,0.0,0.0,3734.173,0.0,14.811631
2019-09-01,6,0,reserve,system,3745.231,0.0,0.0,3745.231,0.0,0.0
2019-09-01,7,0,reserve,system,4022.016,0.0,0.0,4022.016,0.0,13.462119
2019-09-01,8,0,reserve,system,4458.135,0.0,0.0,4458.135,0.0,6.371505
2019-09-01,9,0,reserve,system,4919.781,0.0,0.0,4919.781,0.0,11.050182
2019-09-01,10,0,reserve,system,5334.901,0.0,0.0,5334.901,0.0,15.24075
2019-09-01,11,0,reserve,system,5694.444,0.0,0.0,5694.444,0.0,12.966138
2019-09-01,12,0,reserve,system,5991.796,0.0,0.0,5991.796,0.0,13.524451
2019-09-01,13,0,reserve,system,6222.652,0.0,0.0,6222.652,0.0,13.554084
2019-09-01,14,0,reserve,system,6358.572,0.0,0.0,6358.572,877.562871,50.0
2019-09-01,15,0,reserve,system,6424.581,0.0,11.398208,6424.581,839.811003,50.0
2019-09-01,16,0,reserve,system,6391.037,0.0,0.0,6391.037,0.0,23.330221
2019-09-01,17,0,reserve,system,6211.814,0.0,0.0,6211.814,0.0,13.30405
2019-09-01,18,0,reserve,system,5926.88,0.0,0.0,5926.88,0.0,13.867436
2019-09-01,19,0,reserve,system,5733.174,0.0,0.0,5733.174,0.0,10.86885
2019-09-01,20,0,reserve,system,5446.324,0.0,0.0,5446.324,0.0,14.175887
2019-09-01,21,0,reserve,system,5112.953,0.0,0.0,5112.953,0.0,8.105641
2019-09-01,22,0,reserve,system,4772.04,0.0,0.0,4772.04,0.0,9.123645
2019-09-01,23,0,reserve,system,4465.99,0.0,0.0,4465.99,0.0,9.697576
2019-09-02,0,0,reserve,system,4229.045,0.0,0.0,4229.045,0.0,17.331451
2019-09-02,1,0,reserve,system,4055.33,0.0,0.0,4055.33,0.0,5.466352
2019-09-02,2,0,reserve,system,3934.8,0.0,0.0,3934.8,0.0,9.281192
2019-09-02,3,0,reserve,system,3880.255,0.0,0.0,3880.255,0.0,0.0
2019-09-02,4,0,reserve,system,3880.434,0.0,0.0,3880.434,0.0,0.0
2019-09-02,5,0,reserve,system,3898.193,0.0,0.0,3898.193,0.0,15.376569
2019-09-02,6,0,reserve,system,3880.362,0.0,0.0,3880.362,0.0,0.0
2019-09-02,7,0,reserve,system,4129.481,0.0,0.0,4129.481,0.0,10.72111
2019-09-02,8,0,reserve,system,4571.411,0.0,0.0,4571.411,0.0,8.855693
2019-09-02,9,0,reserve,system,5084.486,0.0,0.0,5084.486,0.0,11.565246
2019-09-02,10,0,reserve,system,5551.177,0.0,0.0,5551.177,0.0,14.816029
2019-09-02,11,0,reserve,system,5945.51,0.0,0.0,5945.51,0.0,13.09149
2019-09-02,12,0,reserve,system,6226.947,0.0,0.0,6226.947,0.0,13.50724
2019-09-02,13,0,reserve,system,6439.855,0.0,0.0,6439.855,0.0,17.231357
2019-09-02,14,0,reserve,system,6585.225,0.0,0.0,6585.225,0.0,26.950605
2019-09-02,15,0,reserve,system,6665.387,0.0,0.0,6665.387,183.716004,50.0
2019-09-02,16,0,reserve,system,6639.727,0.0,0.0,6639.727,0.0,28.607978
2019-09-02,17,0,reserve,system,6469.003,0.0,0.0,6469.003,0.0,11.888826
2019-09-02,18,0,reserve,system,6205.001,0.0,0.0,6205.001,0.0,11.695723
2019-09-02,19,0,reserve,system,6021.236,0.0,0.0,6021.236,0.0,13.44982
2019-09-02,20,0,reserve,system,5684.355,0.0,0.0,5684.355,0.0,14.136059
2019-09-02,21,0,reserve,system,5232.791,0.0,0.0,5232.791,0.0,12.031676
2019-09-02,22,0,reserve,system,4794.328,0.0,0.0,4794.328,0.0,10.832182
2019-09-02,23,0,reserve,system,4446.252,0.0,0.0,4446.252,0.0,8.808087
2019-09-03,0,0,reserve,system,4204.357,0.0,0.0,4204.357,0.0,12.768116
2019-09-03,1,0,reserve,system,4044.156,0.0,0.0,4044.156,0.0,9.244351
2019-09-03,2,0,reserve,system,3950.026,0.0,0.0,3950.026,0.0,0.0
2019-09-03,3,0,reserve,system,3944.127,0.0,0.0,3944.127,0.0,0.0
2019-09-03,4,0,reserve,system,4081.252,0.0,0.0,4081.252,0.0,9.398442
2019-09-03,5,0,reserve,system,4332.677,0.0,0.0,4332.677,0.0,9.650021
2019-09-03,6,0,reserve,system,4392.788,0.0,0.0,4392.788,0.0,7.762903
2019-09-03,7,0,reserve,system,4581.318,0.0,0.0,4581.318,0.0,10.249068
2019-09-03,8,0,reserve,system,4935.574,0.0,0.0,4935.574,0.0,8.795322
2019-09-03,9,0,reserve,system,5371.489,0.0,0.0,5371.489,0.0,14.881448
2019-09-03,10,0,reserve,system,5771.609,0.0,0.0,5771.609,0.0,10.03877
2019-09-03,11,0,reserve,system,6120.994,0.0,0.0,6120.994,0.0,12.72728
2019-09-03,12,0,reserve,system,6455.541,0.0,0.0,6455.541,0.0,11.837979
2019-09-03,13,0,reserve,system,6684.158,0.0,0.0,6684.158,1060.138155,50.0
2019-09-03,14,0,reserve,system,6796.054,0.0,0.0,6796.054,1064.05721,50.0
2019-09-03,15,0,reserve,system,6857.949,0.0,0.0,6857.949,1061.402693,50.0
2019-09-03,16,0,reserve,system,6810.08,0.0,0.0,6810.08,109.227363,50.0
2019-09-03,17,0,reserve,system,6626.383,0.0,0.0,6626.383,0.0,11.742894
2019-09-03,18,0,reserve,system,6373.881,0.0,0.0,6373.881,0.0,13.720945
2019-09-03,19,0,reserve,system,6198.58,0.0,0.0,6198.58,0.0,13.391635
2019-09-03,20,0,reserve,system,5852.901,0.0,0.0,5852.901,0.0,13.047706
2019-09-03,21,0,reserve,system,5400.203,0.0,0.0,5400.203,0.0,7.981454
2019-09-03,22,0,reserve,system,4963.925,0.0,0.0,4963.925,0.0,9.344715
2019-09-03,23,0,reserve,system,4618.11,0.0,0.0,4618.11,0.0,11.512122
2019-09-04,0,0,reserve,system,4370.235,0.0,0.0,4370.235,0.0,15.117449
2019-09-04,1,0,reserve,system,4198.312,5.682,50.0,4198.312,0.0,10.385341
2019-09-04,2,0,reserve,system,4097.744,0.0,0.0,4097.744,0.0,0.0
2019-09-04,3,0,reserve,system,4079.319,0.0,0.0,4079.319,0.0,0.0
2019-09-04,4,0,reserve,system,4218.968,0.0,0.0,4218.968,0.0,9.404549
2019-09-04,5,0,reserve,system,4445.845,0.0,0.0,4445.845,0.0,10.281891
2019-09-04,6,0,reserve,system,4510.598,0.0,0.0,4510.598,0.0,9.916342
2019-09-04,7,0,reserve,system,4698.308,0.0,0.0,4698.308,0.0,7.587628
2019-09-04,8,0,reserve,system,5073.731,0.0,0.0,5073.731,0.0,9.563378
2019-09-04,9,0,reserve,system,5503.653,0.0,0.0,5503.653,0.0,12.099154
2019-09-04,10,0,reserve,system,5892.475,0.0,0.0,5892.475,0.0,23.105768
2019-09-04,11,0,reserve,system,6206.06,0.0,0.0,6206.06,0.0,0.0
2019-09-04,12,0,reserve,system,6490.821,0.0,0.0,6490.821,0.0,16.434805
2019-09-04,13,0,reserve,system,6680.239,0.0,0.0,6680.239,0.0,8.605336
2019-09-04,14,0,reserve,system,6791.851,0.0,0.0,6791.851,0.0,45.516146
2019-09-04,15,0,reserve,system,6853.799,0.0,0.0,6853.799,198.775884,50.0
2019-09-04,16,0,reserve,system,6815.769,0.0,0.0,6815.769,0.0,32.237488
2019-09-04,17,0,reserve,system,6627.448,0.0,0.0,6627.448,0.0,11.494801
2019-09-04,18,0,reserve,system,6374.437,0.0,0.0,6374.437,0.0,10.460022
2019-09-04,19,0,reserve,system,6181.422,0.0,0.0,6181.422,0.0,12.874506
2019-09-04,20,0,reserve,system,5817.048,0.0,0.0,5817.048,0.0,14.349578
2019-09-04,21,0,reserve,system,5352.774,0.0,0.0,5352.774,0.0,7.801724
2019-09-04,22,0,reserve,system,4910.281,0.0,0.0,4910.281,0.0,8.60966
2019-09-04,23,0,reserve,system,4554.014,0.0,0.0,4554.014,0.0,9.790764
2019-09-05,0,0,reserve,system,4301.129,0.0,0.0,4301.129,0.0,14.377158
2019-09-05,1,0,reserve,system,4122.646,0.0,0.0,4122.646,0.0,9.550661
2019-09-05,2,0,reserve,system,4012.94,0.0,0.0,4012.94,0.0,0.050268
2019-09-05,3,0,reserve,system,3983.812,0.0,0.0,3983.812,0.0,0.0
2019-09-05,4,0,reserve,system,4113.01,0.0,0.0,4113.01,0.0,9.581664
2019-09-05,5,0,reserve,system,4359.473,0.0,0.0,4359.473,0.0,10.846569
2019-09-05,6,0,reserve,system,4405.297,0.0,0.0,4405.297,0.0,8.949206
2019-09-05,7,0,reserve,system,4575.942,0.0,0.0,4575.942,0.0,9.45944
2019-09-05,8,0,reserve,system,4941.993,0.0,0.0,4941.993,0.0,9.506083
2019-09-05,9,0,reserve,system,5377.247,0.0,0.0,5377.247,0.0,20.332212
2019-09-05,10,0,reserve,system,5809.608,0.0,0.0,5809.608,0.0,0.0
2019-09-05,11,0,reserve,system,6159.749,0.0,0.0,6159.749,0.0,17.536659
2019-09-05,12,0,reserve,system,6455.785,0.0,0.0,6455.785,0.0,27.707303
2019-09-05,13,0,reserve,system,6661.677,0.0,0.0,6661.677,766.659179,50.0
2019-09-05,14,0,reserve,system,6755.382,0.0,0.0,6755.382,1367.145301,50.0
2019-09-05,15,0,reserve,system,6810.067,0.0,0.0,6810.067,1797.810037,50.0
2019-09-05,16,0,reserve,system,6779.31,0.0,0.0,6779.31,1810.650157,50.0
2019-09-05,17,0,reserve,system,6623.006,0.0,0.0,6623.006,847.703913,50.0
2019-09-05,18,0,reserve,system,6369.086,0.0,0.0,6369.086,0.0,27.972588
2019-09-05,19,0,reserve,system,6169.1,0.0,0.0,6169.1,0.0,15.192156
2019-09-05,20,0,reserve,system,5831.118,0.0,0.0,5831.118,0.0,12.901467
2019-09-05,21,0,reserve,system,5386.67,0.0,0.0,5386.67,0.0,15.181565
2019-09-05,22,0,reserve,system,4945.746,0.0,0.0,4945.746,0.0,10.034227
2019-09-05,23,0,reserve,system,4598.139,0.0,0.0,4598.139,0.0,8.740994
2019-09-06,0,0,reserve,system,4341.18,0.0,0.0,4341.18,0.0,13.841356
2019-09-06,1,0,reserve,system,4157.873,0.0,0.0,4157.873,0.0,10.836665
2019-09-06,2,0,reserve,system,4048.918,0.0,0.0,4048.918,0.0,0.0
2019-09-06,3,0,reserve,system,4031.675,0.0,0.0,4031.675,0.0,0.0
2019-09-06,4,0,reserve,system,4156.059,0.0,0.0,4156.059,0.0,10.722082
2019-09-06,5,0,reserve,system,4387.695,0.0,0.0,4387.695,0.0,10.478475
2019-09-06,6,0,reserve,system,4441.614,0.0,0.0,4441.614,0.0,4.88251
2019-09-06,7,0,reserve,system,4619.963,0.0,0.0,4619.963,0.0,11.061595
2019-09-06,8,0,reserve,system,5003.144,0.0,0.0,5003.144,0.0,10.444785
2019-09-06,9,0,reserve,system,5470.086,0.0,20.675956,5470.086,0.0,13.443748
2019-09-06,10,0,reserve,system,5921.198,0.0,0.0,5921.198,0.0,11.396736
2019-09-06,11,0,reserve,system,6285.373,0.0,0.0,6285.373,0.0,11.467209
2019-09-06,12,0,reserve,system,6602.061,0.0,17.359646,6602.061,1070.699232,50.0
2019-09-06,13,0,reserve,system,6800.139,0.0,0.0,6800.139,3393.848378,50.0
2019-09-06,14,0,reserve,system,6863.319,0.0,0.0,6863.319,4061.75767,50.0
2019-09-06,15,0,reserve,system,6895.859,36.084482,50.0,6895.859,3956.062646,50.0
2019-09-06,16,0,reserve,system,6864.382,0.0,0.0,6864.382,3186.743833,50.0
2019-09-06,17,0,reserve,system,6698.884,0.0,0.0,6698.884,1440.642845,50.0
2019-09-06,18,0,reserve,system,6393.873,0.0,0.0,6393.873,0.0,16.844914
2019-09-06,19,0,reserve,system,6140.276,0.0,0.0,6140.276,0.0,13.806365
2019-09-06,20,0,reserve,system,5792.861,0.0,0.0,5792.861,0.0,12.36017
2019-09-06,21,0,reserve,system,5417.746,0.0,0.0,5417.746,0.0,16.756284
2019-09-06,22,0,reserve,system,5042.187,0.0,0.0,5042.187,0.0,8.980137
2019-09-06,23,0,reserve,system,4709.69,0.0,0.0,4709.69,0.0,10.114272
2019-09-07,0,0,reserve,system,4442.194,0.0,0.0,4442.194,0.0,16.73639
2019-09-07,1,0,reserve,system,4236.817,0.0,0.0,4236.817,0.0,5.598443
2019-09-07,2,0,reserve,system,4086.441,0.0,0.0,4086.441,0.0,9.748877
2019-09-07,3,0,reserve,system,3993.532,0.0,0.0,3993.532,0.0,0.0
2019-09-07,4,0,reserve,system,3974.958,0.0,0.0,3974.958,0.0,0.0
2019-09-07,5,0,reserve,system,4008.113,0.0,0.0,4008.113,0.0,16.639027
2019-09-07,6,0,reserve,system,4043.657,0.0,0.0,4043.657,0.0,0.0
2019-09-07,7,0,reserve,system,4314.724,0.0,0.0,4314.724,0.0,12.641475
2019-09-07,8,0,reserve,system,4756.492,0.0,0.0,4756.492,0.0,8.020022
2019-09-07,9,0,reserve,system,5241.669,0.0,0.0,5241.669,0.0,16.659903
2019-09-07,10,0,reserve,system,5705.999,0.0,0.0,5705.999,0.0,11.977933
2019-09-07,11,0,reserve,system,6104.978,0.0,0.0,6104.978,0.0,13.071442
2019-09-07,12,0,reserve,system,6428.967,0.0,0.0,6428.967,0.0,18.35157
2019-09-07,13,0,reserve,system,6661.776,0.0,0.0,6661.776,1463.149776,50.0
2019-09-07,14,0,reserve,system,6811.049,0.0,0.0,6811.049,2003.403122,50.0
2019-09-07,15,0,reserve,system,6860.946,0.0,0.0,6860.946,905.483627,50.0
2019-09-07,16,0,reserve,system,6808.542,0.0,0.0,6808.542,0.0,28.246151
2019-09-07,17,0,reserve,system,6616.021,0.0,0.0,6616.021,0.0,12.808586
2019-09-07,18,0,reserve,system,6304.918,0.0,0.0,6304.918,0.0,11.847199
2019-09-07,19,0,reserve,system,6062.678,0.0,0.0,6062.678,0.0,14.197974
2019-09-07,20,0,reserve,system,5739.518,0.0,0.0,5739.518,0.0,10.538566
2019-09-07,21,0,reserve,system,5381.677,0.0,0.0,5381.677,0.0,10.479912
2019-09-07,22,0,reserve,system,5034.522,0.0,0.0,5034.522,0.0,10.820509
2019-09-07,23,0,reserve,system,4688.469,0.0,0.0,4688.469,0.0,9.794705
2019-09-08,0,0,reserve,system,4414.161,0.0,0.0,4414.161,0.0,11.356651
2019-09-08,1,0,reserve,system,4207.374,0.0,0.0,4207.374,0.0,7.216711
2019-09-08,2,0,reserve,system,4057.118,0.0,0.0,4057.118,0.0,5.084494
2019-09-08,3,0,reserve,system,3961.483,0.0,0.0,3961.483,0.0,8.710216
2019-09-08,4,0,reserve,system,3911.327,0.0,0.0,3911.327,0.0,0.0
2019-09-08,5,0,reserve,system,3903.779,0.0,22.4554,3903.779,0.0,5.889143
2019-09-08,6,0,reserve,system,3907.891,0.0,0.0,3907.891,0.0,0.0
2019-09-08,7,0,reserve,system,4157.076,0.0,0.0,4157.076,0.0,9.69037
2019-09-08,8,0,reserve,system,4581.471,0.0,0.0,4581.471,0.0,7.098617
2019-09-08,9,0,reserve,system,5047.817,0.0,13.251235,5047.817,0.0,8.199031
2019-09-08,10,0,reserve,system,5478.741,0.0,0.0,5478.741,0.0,10.892596
2019-09-08,11,0,reserve,system,5889.626,0.0,0.0,5889.626,0.0,10.263225
2019-09-08,12,0,reserve,system,6257.911,0.0,0.0,6257.911,0.0,10.454307
2019-09-08,13,0,reserve,system,6511.938,0.0,15.070085,6511.938,0.0,11.535627
2019-09-08,14,0,reserve,system,6690.637,0.0,0.0,6690.637,0.0,10.611028
2019-09-08,15,0,reserve,system,6773.372,0.0,0.0,6773.372,0.0,22.213913
2019-09-08,16,0,reserve,system,6733.077,0.0,0.0,6733.077,0.0,34.254884
2019-09-08,17,0,reserve,system,6555.515,0.0,0.0,6555.515,0.0,14.277321
2019-09-08,18,0,reserve,system,6283.33,0.0,0.0,6283.33,0.0,9.835964
2019-09-08,19,0,reserve,system,6101.614,0.0,0.0,6101.614,0.0,14.96272
2019-09-08,20,0,reserve,system,5776.167,0.0,0.0,5776.167,0.0,9.880878
2019-09-08,21,0,reserve,system,5335.033,0.0,0.0,5335.033,0.0,11.754799
2019-09-08,22,0,reserve,system,4907.459,0.0,0.0,4907.459,0.0,7.268031
2019-09-08,23,0,reserve,system,4575.054,0.0,0.0,4575.054,0.0,6.710706
2019-09-09,0,0,reserve,system,4342.477,0.0,0.0,4342.477,0.0,12.098108
2019-09-09,1,0,reserve,system,4185.117,0.0,0.0,4185.117,0.0,6.49313
2019-09-09,2,0,reserve,system,4100.884,0.0,0.0,4100.884,0.0,4.59359
2019-09-09,3,0,reserve,system,4107.765,0.0,0.0,4107.765,0.0,0.055084
2019-09-09,4,0,reserve,system,4239.474,0.0,0.0,4239.474,0.0,5.535771
2019-09-09,5,0,reserve,system,4489.605,0.0,0.0,4489.605,0.0,7.478158
2019-09-09,6,0,reserve,system,4528.262,0.0,0.0,4528.262,0.0,6.541047
2019-09-09,7,0,reserve,system,4645.299,0.0,0.078706,4645.299,0.0,8.018352
2019-09-09,8,0,reserve,system,4941.687,0.0,0.0,4941.687,0.0,8.161462
2019-09-09,9,0,reserve,system,5337.459,0.0,0.0,5337.459,0.0,10.864428
2019-09-09,10,0,reserve,system,5722.328,0.0,0.0,5722.328,0.0,9.757843
2019-09-09,11,0,reserve,system,6075.333,0.0,0.0,6075.333,0.0,10.874734
2019-09-09,12,0,reserve,system,6390.632,0.0,0.0,6390.632,0.0,11.068547
2019-09-09,13,0,reserve,system,6605.168,0.0,0.0,6605.168,0.0,10.979726
2019-09-09,14,0,reserve,system,6726.139,0.0,0.0,6726.139,0.0,19.463888
2019-09-09,15,0,reserve,system,6769.955,0.0,2.873611,6769.955,0.0,39.355205
2019-09-09,16,0,reserve,system,6658.961,0.0,0.0,6658.961,0.0,14.843554
2019-09-09,17,0,reserve,system,6454.549,0.0,0.0,6454.549,0.0,10.658616
2019-09-09,18,0,reserve,system,6208.743,0.0,0.0,6208.743,0.0,9.754631
2019-09-09,19,0,reserve,system,6050.677,0.0,0.0,6050.677,0.0,17.502545
2019-09-09,20,0,reserve,system,5730.427,0.0,0.0,5730.427,0.0,11.825482
2019-09-09,21,0,reserve,system,5301.97,0.0,0.0,5301.97,0.0,8.236129
2019-09-09,22,0,reserve,system,4887.572,0.0,0.0,4887.572,0.0,7.413121
2019-09-09,23,0,reserve,system,4568.674,0.0,0.0,4568.674,0.0,6.677262
2019-09-10,0,0,reserve,system,4339.275,0.0,0.0,4339.275,0.0,9.110245
2019-09-10,1,0,reserve,system,4177.932,0.0,0.0,4177.932,0.0,8.468964
2019-09-10,2,0,reserve,system,4087.385,0.0,0.0,4087.385,0.0,0.0
2019-09-10,3,0,reserve,system,4082.481,0.0,0.0,4082.481,0.0,0.0
2019-09-10,4,0,reserve,system,4230.059,0.0,0.0,4230.059,0.0,9.403644
2019-09-10,5,0,reserve,system,4474.433,0.0,0.0,4474.433,0.0,7.323656
2019-09-10,6,0,reserve,system,4532.541,0.0,0.0,4532.541,0.0,4.934646
2019-09-10,7,0,reserve,system,4674.989,0.0,0.0,4674.989,0.0,7.377914
2019-09-10,8,0,reserve,system,5019.242,0.0,0.0,5019.242,0.0,8.721947
2019-09-10,9,0,reserve,system,5400.323,0.0,35.827206,5400.323,0.0,10.600718
2019-09-10,10,0,reserve,system,5745.912,0.0,0.0,5745.912,0.0,10.576471
2019-09-10,11,0,reserve,system,6056.856,0.0,0.0,6056.856,0.0,10.586579
2019-09-10,12,0,reserve,system,6291.262,0.0,0.0,6291.262,0.0,10.240778
2019-09-10,13,0,reserve,system,6408.34,0.0,0.0,6408.34,0.0,10.516994
2019-09-10,14,0,reserve,system,6482.011,0.0,0.0,6482.011,0.0,9.706816
2019-09-10,15,0,reserve,system,6509.767,0.0,0.0,6509.767,0.0,28.4268
2019-09-10,16,0,reserve,system,6356.94,0.0,0.0,6356.94,0.0,14.162032
2019-09-10,17,0,reserve,system,6098.807,0.0,0.0,6098.807,0.0,9.706993
2019-09-10,18,0,reserve,system,5858.4,0.0,0.0,5858.4,0.0,9.653599
2019-09-10,19,0,reserve,system,5746.312,0.0,0.0,5746.312,0.0,9.890021
2019-09-10,20,0,reserve,system,5465.599,0.0,0.0,5465.599,0.0,12.038724
2019-09-10,21,0,reserve,system,5067.517,0.0,0.0,5067.517,0.0,7.30276
2019-09-10,22,0,reserve,system,4685.133,0.0,0.0,4685.133,0.0,8.846683
2019-09-10,23,0,reserve,system,4381.489,0.0,0.0,4381.489,0.0,1.121993
2019-09-11,0,0,reserve,system,4174.31,0.0,0.0,4174.31,0.0,13.371506
2019-09-11,1,0,reserve,system,4037.501,0.0,0.0,4037.501,0.0,3.084625
2019-09-11,2,0,reserve,system,3964.72,0.0,13.175149,3964.72,0.0,0.230947
2019-09-11,3,0,reserve,system,3972.017,0.0,0.0,3972.017,0.0,2.336914
2019-09-11,4,0,reserve,system,4136.995,0.0,0.0,4136.995,0.0,8.46924
2019-09-11,5,0,reserve,system,4404.4,0.0,2.219163,4404.4,0.0,7.063141
2019-09-11,6,0,reserve,system,4466.763,0.0,0.0,4466.763,0.0,5.711936
2019-09-11,7,0,reserve,system,4524.382,0.0,0.0,4524.382,0.0,7.263178
2019-09-11,8,0,reserve,system,4717.73,0.0,11.404842,4717.73,0.0,5.83668
2019-09-11,9,0,reserve,system,5011.935,0.0,0.0,5011.935,0.0,8.230612
2019-09-11,10,0,reserve,system,5364.655,0.0,0.0,5364.655,0.0,10.842678
2019-09-11,11,0,reserve,system,5727.225,0.0,0.0,5727.225,0.0,10.610626
2019-09-11,12,0,reserve,system,6078.314,0.0,0.0,6078.314,0.0,10.591356
2019-09-11,13,0,reserve,system,6314.086,0.0,0.0,6314.086,0.0,10.036637
2019-09-11,14,0,reserve,system,6386.914,0.0,50.0,6386.914,0.0,22.065952
2019-09-11,15,0,reserve,system,6360.94,0.0,18.478006,6360.94,0.0,11.10102
2019-09-11,16,0,reserve,system,6237.379,0.0,0.0,6237.379,0.0,12.381369
2019-09-11,17,0,reserve,system,6002.924,0.0,0.0,6002.924,0.0,8.902045
2019-09-11,18,0,reserve,system,5770.616,0.0,0.0,5770.616,0.0,9.903473
2019-09-11,19,0,reserve,system,5651.597,0.0,20.098414,5651.597,0.0,10.341216
2019-09-11,20,0,reserve,system,5365.102,0.0,0.0,5365.102,0.0,11.561619
2019-09-11,21,0,reserve,system,4967.543,0.0,0.0,4967.543,0.0,7.753664
2019-09-11,22,0,reserve,system,4590.649,0.0,0.0,4590.649,0.0,7.125141
2019-09-11,23,0,reserve,system,4284.377,0.0,0.0,4284.377,0.0,6.250609
2019-09-12,0,0,reserve,system,4069.981,0.0,0.0,4069.981,0.0,8.670642
2019-09-12,1,0,reserve,system,3915.029,0.0,0.0,3915.029,0.0,4.894908
2019-09-12,2,0,reserve,system,3834.757,0.0,0.0,3834.757,0.0,0.0
2019-09-12,3,0,reserve,system,3838.604,0.0,0.0,3838.604,0.0,0.0
2019-09-12,4,0,reserve,system,3992.589,0.0,7.34815,3992.589,0.0,8.322038
2019-09-12,5,0,reserve,system,4268.425,0.0,7.985314,4268.425,0.0,6.277319
2019-09-12,6,0,reserve,system,4337.427,0.0,0.0,4337.427,0.0,6.894986
2019-09-12,7,0,reserve,system,4478.891,0.0,13.786528,4478.891,0.0,9.084013
2019-09-12,8,0,reserve,system,4784.375,0.0,0.0,4784.375,0.0,8.208183
2019-09-12,9,0,reserve,system,5150.09,0.0,0.0,5150.09,0.0,10.49323
2019-09-12,10,0,reserve,system,5483.572,0.0,35.28819,5483.572,0.0,10.005297
2019-09-12,11,0,reserve,system,5793.578,0.0,0.0,5793.578,0.0,10.150675
2019-09-12,12,0,reserve,system,6113.162,0.0,0.0,6113.162,0.0,11.402591
2019-09-12,13,0,reserve,system,6353.089,0.0,0.0,6353.089,0.0,8.912902
2019-09-12,14,0,reserve,system,6511.392,0.0,0.0,6511.392,0.0,17.171635
2019-09-12,15,0,reserve,system,6600.851,0.0,0.0,6600.851,0.0,18.887509
2019-09-12,16,0,reserve,system,6529.308,0.0,0.0,6529.308,0.0,10.141213
2019-09-12,17,0,reserve,system,6322.969,0.0,0.0,6322.969,0.0,13.011841
2019-09-12,18,0,reserve,system,6070.746,0.0,0.0,6070.746,0.0,-0.0
2019-09-12,19,0,reserve,system,5924.202,0.0,0.0,5924.202,0.0,19.181627
2019-09-12,20,0,reserve,system,5626.182,0.0,0.0,5626.182,0.0,12.267664
2019-09-12,21,0,reserve,system,5206.336,0.0,0.0,5206.336,0.0,0.94392
2019-09-12,22,0,reserve,system,4789.264,0.0,0.0,4789.264,0.0,17.293918
2019-09-12,23,0,reserve,system,4466.247,0.0,0.0,4466.247,0.0,9.33196
2019-09-13,0,0,reserve,system,4223.773,0.0,0.0,4223.773,0.0,13.31921
2019-09-13,1,0,reserve,system,4065.973,0.0,0.0,4065.973,0.0,0.0
2019-09-13,2,0,reserve,system,3962.462,0.0,0.0,3962.462,0.0,0.0
2019-09-13,3,0,reserve,system,3952.944,0.0,0.0,3952.944,0.0,9.611356
2019-09-13,4,0,reserve,system,4090.934,0.0,0.0,4090.934,0.0,5.206416
2019-09-13,5,0,reserve,system,4347.553,0.0,0.0,4347.553,0.0,9.929181
2019-09-13,6,0,reserve,system,4405.504,0.0,0.0,4405.504,0.0,8.872213
2019-09-13,7,0,reserve,system,4549.453,0.0,0.0,4549.453,0.0,10.036375
2019-09-13,8,0,reserve,system,4867.054,0.0,0.0,4867.054,0.0,9.193976
2019-09-13,9,0,reserve,system,5250.445,0.0,0.0,5250.445,0.0,21.140028
2019-09-13,10,0,reserve,system,5597.355,0.0,0.0,5597.355,0.0,0.0
2019-09-13,11,0,reserve,system,5919.897,0.0,0.0,5919.897,0.0,16.927856
2019-09-13,12,0,reserve,system,6208.089,0.0,0.0,6208.089,0.0,13.859167
2019-09-13,13,0,reserve,system,6412.607,0.0,0.0,6412.607,0.0,29.126804
2019-09-13,14,0,reserve,system,6512.844,0.0,0.0,6512.844,1094.267138,50.0
2019-09-13,15,0,reserve,system,6527.936,0.0,0.0,6527.936,972.051708,50.0
2019-09-13,16,0,reserve,system,6410.895,0.0,0.0,6410.895,0.0,34.856526
2019-09-13,17,0,reserve,system,6148.613,0.0,0.0,6148.613,0.0,12.241393
2019-09-13,18,0,reserve,system,5870.437,0.0,0.0,5870.437,0.0,13.358002
2019-09-13,19,0,reserve,system,5667.247,0.0,0.0,5667.247,0.0,11.571775
2019-09-13,20,0,reserve,system,5381.406,0.0,0.0,5381.406,0.0,13.693439
2019-09-13,21,0,reserve,system,5039.435,0.0,0.0,5039.435,0.0,9.283138
2019-09-13,22,0,reserve,system,4702.526,0.0,0.0,4702.526,0.0,9.256888
2019-09-13,23,0,reserve,system,4389.987,0.0,0.0,4389.987,0.0,10.310029
2019-09-14,0,0,reserve,system,4145.015,0.0,0.0,4145.015,0.0,17.414511
2019-09-14,1,0,reserve,system,3961.038,0.0,0.0,3961.038,0.0,5.329808
2019-09-14,2,0,reserve,system,3826.418,0.0,0.0,3826.418,0.0,9.188026
2019-09-14,3,0,reserve,system,3755.435,0.0,0.0,3755.435,0.0,0.0
2019-09-14,4,0,reserve,system,3760.776,0.0,0.0,3760.776,0.0,0.0
2019-09-14,5,0,reserve,system,3820.668,0.0,0.0,3820.668,0.0,9.742433
2019-09-14,6,0,reserve,system,3866.358,0.0,0.0,3866.358,0.0,6.74058
2019-09-14,7,0,reserve,system,4101.467,0.0,0.0,4101.467,0.0,10.689059
2019-09-14,8,0,reserve,system,4524.724,0.0,0.0,4524.724,0.0,8.745633
2019-09-14,9,0,reserve,system,5011.178,0.0,0.0,5011.178,0.0,9.524716
2019-09-14,10,0,reserve,system,5473.244,0.0,0.0,5473.244,0.0,13.095124
2019-09-14,11,0,reserve,system,5874.147,0.0,0.0,5874.147,0.0,12.627742
2019-09-14,12,0,reserve,system,6152.276,0.0,0.0,6152.276,0.0,12.81384
2019-09-14,13,0,reserve,system,6340.213,0.0,0.0,6340.213,0.0,10.486022
2019-09-14,14,0,reserve,system,6442.102,0.0,0.0,6442.102,0.0,24.186533
2019-09-14,15,0,reserve,system,6480.098,0.0,0.0,6480.098,128.804122,50.0
2019-09-14,16,0,reserve,system,6407.953,0.0,0.0,6407.953,0.0,29.86893
2019-09-14,17,0,reserve,system,6186.885,0.0,0.0,6186.885,0.0,13.853278
2019-09-14,18,0,reserve,system,5900.655,0.0,0.0,5900.655,0.0,10.585413
2019-09-14,19,0,reserve,system,5680.747,0.0,0.0,5680.747,0.0,9.215327
2019-09-14,20,0,reserve,system,5375.663,0.0,0.0,5375.663,0.0,14.681628
2019-09-14,21,0,reserve,system,5043.767,0.0,0.0,5043.767,0.0,7.463658
2019-09-14,22,0,reserve,system,4712.233,0.0,0.0,4712.233,0.0,9.857339
2019-09-14,23,0,reserve,system,4411.655,0.0,0.0,4411.655,0.0,9.203082
2019-09-15,0,0,reserve,system,4173.636,0.0,0.0,4173.636,0.0,17.849513
2019-09-15,1,0,reserve,system,3988.832,0.0,0.0,3988.832,0.0,3.663102
2019-09-15,2,0,reserve,system,3856.712,0.0,0.0,3856.712,0.0,11.023926
2019-09-15,3,0,reserve,system,3761.983,0.0,0.0,3761.983,0.0,0.0
2019-09-15,4,0,reserve,system,3722.174,0.0,0.0,3722.174,0.0,0.0
2019-09-15,5,0,reserve,system,3732.091,0.0,0.0,3732.091,0.0,13.264245
2019-09-15,6,0,reserve,system,3744.254,0.0,0.0,3744.254,0.0,0.0
2019-09-15,7,0,reserve,system,3988.075,0.0,0.0,3988.075,0.0,11.500204
2019-09-15,8,0,reserve,system,4417.869,0.0,0.0,4417.869,0.0,8.608074
2019-09-15,9,0,reserve,system,4892.75,0.0,0.0,4892.75,0.0,9.373319
2019-09-15,10,0,reserve,system,5340.555,0.0,0.0,5340.555,0.0,12.750099
2019-09-15,11,0,reserve,system,5722.475,0.0,0.0,5722.475,0.0,12.526359
2019-09-15,12,0,reserve,system,6033.76,0.0,0.0,6033.76,0.0,13.379593
2019-09-15,13,0,reserve,system,6276.372,0.0,0.0,6276.372,0.0,12.770315
2019-09-15,14,0,reserve,system,6431.193,0.0,0.0,6431.193,0.0,10.709696
2019-09-15,15,0,reserve,system,6492.989,0.0,0.0,6492.989,0.0,29.294737
2019-09-15,16,0,reserve,system,6465.24,0.0,0.0,6465.24,0.0,9.499871
2019-09-15,17,0,reserve,system,6291.27,0.0,0.0,6291.27,0.0,19.511665
2019-09-15,18,0,reserve,system,6072.251,0.0,0.0,6072.251,0.0,0.0
2019-09-15,19,0,reserve,system,5896.667,0.0,0.0,5896.667,0.0,22.919474
2019-09-15,20,0,reserve,system,5563.991,0.0,0.0,5563.991,0.0,13.048239
2019-09-15,21,0,reserve,system,5153.119,0.0,0.0,5153.119,0.0,9.311684
2019-09-15,22,0,reserve,system,4746.473,0.0,0.0,4746.473,0.0,9.221987
2019-09-15,23,0,reserve,system,4410.691,0.0,0.0,4410.691,0.0,9.811171
2019-09-16,0,0,reserve,system,4183.878,0.0,0.0,4183.878,0.0,12.966622
2019-09-16,1,0,reserve,system,4040.962,0.0,0.0,4040.962,0.0,9.410403
2019-09-16,2,0,reserve,system,3958.404,0.0,0.0,3958.404,0.0,0.0
2019-09-16,3,0,reserve,system,3960.22,0.0,0.0,3960.22,0.0,0.0
2019-09-16,4,0,reserve,system,4109.35,0.0,0.0,4109.35,0.0,9.434451
2019-09-16,5,0,reserve,system,4369.911,0.0,0.0,4369.911,0.0,9.701733
2019-09-16,6,0,reserve,system,4425.77,0.0,0.0,4425.77,0.0,8.474011
2019-09-16,7,0,reserve,system,4575.367,0.0,0.0,4575.367,0.0,7.651992
2019-09-16,8,0,reserve,system,4927.051,0.0,0.0,4927.051,0.0,9.784855
2019-09-16,9,0,reserve,system,5338.187,0.0,0.0,5338.187,0.0,15.804045
2019-09-16,10,0,reserve,system,5719.17,0.0,0.0,5719.17,0.0,13.17306
2019-09-16,11,0,reserve,system,6009.081,0.0,0.0,6009.081,0.0,13.350093
2019-09-16,12,0,reserve,system,6248.905,0.0,0.0,6248.905,0.0,10.677325
2019-09-16,13,0,reserve,system,6389.964,0.0,0.0,6389.964,0.0,20.124378
2019-09-16,14,0,reserve,system,6490.444,0.0,8.983116,6490.444,38.979366,50.0
2019-09-16,15,0,reserve,system,6519.561,0.0,8.093502,6519.561,0.0,13.408755
2019-09-16,16,0,reserve,system,6430.381,0.0,0.0,6430.381,0.0,14.81651
2019-09-16,17,0,reserve,system,6225.187,0.0,0.0,6225.187,0.0,1.722836
2019-09-16,18,0,reserve,system,6017.522,0.0,0.0,6017.522,0.0,15.519894
2019-09-16,19,0,reserve,system,5867.596,0.0,0.0,5867.596,0.0,16.576027
2019-09-16,20,0,reserve,system,5544.424,0.0,0.0,5544.424,0.0,15.624555
2019-09-16,21,0,reserve,system,5118.313,0.0,0.0,5118.313,0.0,9.56892
2019-09-16,22,0,reserve,system,4703.395,0.0,0.0,4703.395,0.0,8.964923
2019-09-16,23,0,reserve,system,4382.549,0.0,0.0,4382.549,0.0,9.520467
2019-09-17,0,0,reserve,system,4166.261,0.0,0.0,4166.261,0.0,16.973673
2019-09-17,1,0,reserve,system,4008.085,0.0,0.0,4008.085,0.0,0.0
2019-09-17,2,0,reserve,system,3913.475,0.0,0.0,3913.475,0.0,0.0
2019-09-17,3,0,reserve,system,3913.289,0.0,0.0,3913.289,0.0,9.250111
2019-09-17,4,0,reserve,system,4059.412,0.0,0.0,4059.412,0.0,6.738861
2019-09-17,5,0,reserve,system,4319.109,0.0,0.0,4319.109,0.0,10.608026
2019-09-17,6,0,reserve,system,4387.17,0.0,0.0,4387.17,0.0,7.621107
2019-09-17,7,0,reserve,system,4474.448,0.0,0.0,4474.448,0.0,13.76659
2019-09-17,8,0,reserve,system,4703.833,0.0,0.0,4703.833,0.0,14.912013
2019-09-17,9,0,reserve,system,4996.918,0.0,0.0,4996.918,0.0,2.423935
2019-09-17,10,0,reserve,system,5277.615,0.0,0.0,5277.615,0.0,0.807846
2019-09-17,11,0,reserve,system,5549.377,0.0,0.0,5549.377,0.0,9.202491
2019-09-17,12,0,reserve,system,5811.504,0.0,0.0,5811.504,0.0,12.46271
2019-09-17,13,0,reserve,system,5986.391,0.0,0.0,5986.391,0.0,12.388105
2019-09-17,14,0,reserve,system,6082.405,0.0,0.0,6082.405,0.0,22.962119
2019-09-17,15,0,reserve,system,6126.461,0.0,0.0,6126.461,0.0,20.595478
2019-09-17,16,0,reserve,system,6062.229,0.0,0.0,6062.229,0.0,0.0
2019-09-17,17,0,reserve,system,5905.738,0.0,0.0,5905.738,0.0,24.869209
2019-09-17,18,0,reserve,system,5744.542,0.0,0.0,5744.542,0.0,4.805502
2019-09-17,19,0,reserve,system,5643.136,0.0,0.0,5643.136,0.0,17.338428
2019-09-17,20,0,reserve,system,5362.9,0.0,0.0,5362.9,0.0,11.564698
2019-09-17,21,0,reserve,system,4978.022,0.0,0.0,4978.022,0.0,8.981002
2019-09-17,22,0,reserve,system,4612.921,0.0,0.0,4612.921,0.0,9.320921
2019-09-17,23,0,reserve,system,4322.914,0.0,0.0,4322.914,0.0,8.534604
2019-09-18,0,0,reserve,system,4114.548,0.0,0.0,4114.548,0.0,15.183064
2019-09-18,1,0,reserve,system,3968.213,0.0,0.0,3968.213,0.0,0.0
2019-09-18,2,0,reserve,system,3880.867,0.0,0.0,3880.867,0.0,0.0
2019-09-18,3,0,reserve,system,3885.419,0.0,0.0,3885.419,0.0,9.392057
2019-09-18,4,0,reserve,system,4032.677,0.0,0.0,4032.677,0.0,5.380837
2019-09-18,5,0,reserve,system,4306.607,0.0,0.0,4306.607,0.0,11.017788
2019-09-18,6,0,reserve,system,4382.053,0.0,0.0,4382.053,0.0,10.169471
2019-09-18,7,0,reserve,system,4470.469,0.0,0.0,4470.469,0.0,9.139741
2019-09-18,8,0,reserve,system,4687.24,0.0,0.0,4687.24,0.0,9.484892
2019-09-18,9,0,reserve,system,4968.113,0.0,0.0,4968.113,0.0,9.076584
2019-09-18,10,0,reserve,system,5261.69,0.0,0.0,5261.69,0.0,9.045124
2019-09-18,11,0,reserve,system,5554.104,0.0,0.0,5554.104,0.0,7.910885
2019-09-18,12,0,reserve,system,5856.974,0.0,0.0,5856.974,0.0,11.923906
2019-09-18,13,0,reserve,system,6098.234,0.0,0.0,6098.234,0.0,13.638772
2019-09-18,14,0,reserve,system,6233.828,0.0,0.0,6233.828,0.0,13.846557
2019-09-18,15,0,reserve,system,6335.085,0.0,0.0,6335.085,0.0,33.618178
2019-09-18,16,0,reserve,system,6321.612,0.0,0.0,6321.612,0.0,20.201561
2019-09-18,17,0,reserve,system,6151.732,0.0,0.0,6151.732,0.0,13.450114
2019-09-18,18,0,reserve,system,5939.031,0.0,0.0,5939.031,0.0,12.587312
2019-09-18,19,0,reserve,system,5795.688,0.0,0.0,5795.688,0.0,14.26246
2019-09-18,20,0,reserve,system,5502.98,0.0,0.0,5502.98,0.0,10.971038
2019-09-18,21,0,reserve,system,5102.542,0.0,0.0,5102.542,0.0,8.290754
2019-09-18,22,0,reserve,system,4717.588,0.0,0.0,4717.588,0.0,7.868107
2019-09-18,23,0,reserve,system,4424.468,0.0,0.0,4424.468,0.0,9.482044
2019-09-19,0,0,reserve,system,4232.746,0.0,0.0,4232.746,0.0,16.940511
2019-09-19,1,0,reserve,system,4101.672,0.0,0.0,4101.672,0.0,0.0
2019-09-19,2,0,reserve,system,4021.543,0.0,0.0,4021.543,0.0,0.12196
2019-09-19,3,0,reserve,system,4044.287,0.0,0.0,4044.287,0.0,9.399581
2019-09-19,4,0,reserve,system,4212.164,0.0,0.0,4212.164,0.0,7.387529
2019-09-19,5,0,reserve,system,4498.818,0.0,0.0,4498.818,0.0,11.560758
2019-09-19,6,0,reserve,system,4603.09,0.0,0.0,4603.09,0.0,7.783785
2019-09-19,7,0,reserve,system,4652.206,0.0,0.0,4652.206,0.0,7.560214
2019-09-19,8,0,reserve,system,4816.842,0.0,0.0,4816.842,0.0,8.898307
2019-09-19,9,0,reserve,system,4989.199,0.0,0.0,4989.199,0.0,16.191379
2019-09-19,10,0,reserve,system,5129.223,0.0,0.0,5129.223,0.0,0.0
2019-09-19,11,0,reserve,system,5276.967,0.0,0.0,5276.967,0.0,18.19257
2019-09-19,12,0,reserve,system,5423.863,0.0,0.0,5423.863,0.0,0.0
2019-09-19,13,0,reserve,system,5522.746,0.0,0.0,5522.746,0.0,21.709832
2019-09-19,14,0,reserve,system,5538.511,0.0,0.0,5538.511,0.0,15.14337
2019-09-19,15,0,reserve,system,5517.205,0.0,0.0,5517.205,0.0,15.980107
2019-09-19,16,0,reserve,system,5465.554,0.0,0.0,5465.554,0.0,0.0
2019-09-19,17,0,reserve,system,5347.279,0.0,0.0,5347.279,0.0,0.734586
2019-09-19,18,0,reserve,system,5267.454,0.0,0.0,5267.454,0.0,14.907176
2019-09-19,19,0,reserve,system,5206.249,0.0,0.0,5206.249,0.0,21.721913
2019-09-19,20,0,reserve,system,4975.314,0.0,0.0,4975.314,0.0,7.428866
2019-09-19,21,0,reserve,system,4676.767,0.0,0.0,4676.767,0.0,13.843019
2019-09-19,22,0,reserve,system,4383.79,0.0,0.0,4383.79,0.0,0.0
2019-09-19,23,0,reserve,system,4159.931,0.0,0.0,4159.931,0.0,0.0
2019-09-20,0,0,reserve,system,4018.737,0.0,0.0,4018.737,0.0,13.21087
2019-09-20,1,0,reserve,system,3931.919,0.0,0.0,3931.919,0.0,0.0
2019-09-20,2,0,reserve,system,3888.76,0.0,0.0,3888.76,0.0,0.0
2019-09-20,3,0,reserve,system,3914.307,0.0,0.0,3914.307,0.0,9.463019
2019-09-20,4,0,reserve,system,4079.282,0.0,0.0,4079.282,0.0,5.53486
2019-09-20,5,0,reserve,system,4359.952,0.0,0.0,4359.952,0.0,10.286303
2019-09-20,6,0,reserve,system,4482.825,0.0,0.0,4482.825,0.0,6.788228
2019-09-20,7,0,reserve,system,4606.831,0.0,0.0,4606.831,0.0,8.744824
2019-09-20,8,0,reserve,system,4883.353,0.0,1.702714,4883.353,0.0,9.14079
2019-09-20,9,0,reserve,system,5191.692,0.0,35.273404,5191.692,0.0,17.100817
2019-09-20,10,0,reserve,system,5459.912,0.0,0.0,5459.912,0.0,1.465612
2019-09-20,11,0,reserve,system,5716.606,0.0,13.929913,5716.606,0.0,14.820786
2019-09-20,12,0,reserve,system,5918.008,0.0,0.0,5918.008,0.0,7.99221
2019-09-20,13,0,reserve,system,6090.692,0.0,0.0,6090.692,0.0,11.639849
2019-09-20,14,0,reserve,system,6210.061,0.0,0.0,6210.061,0.0,28.805248
2019-09-20,15,0,reserve,system,6198.428,0.0,0.0,6198.428,0.0,9.793774
2019-09-20,16,0,reserve,system,6049.651,0.0,0.0,6049.651,0.0,9.935996
2019-09-20,17,0,reserve,system,5789.074,0.0,0.0,5789.074,0.0,8.620436
2019-09-20,18,0,reserve,system,5575.958,0.0,0.0,5575.958,0.0,0.0
2019-09-20,19,0,reserve,system,5457.139,0.0,0.0,5457.139,0.0,23.494161
2019-09-20,20,0,reserve,system,5257.965,0.0,0.0,5257.965,0.0,10.213359
2019-09-20,21,0,reserve,system,4999.08,0.0,0.0,4999.08,0.0,8.706815
2019-09-20,22,0,reserve,system,4712.029,0.0,0.0,4712.029,0.0,5.746942
2019-09-20,23,0,reserve,system,4439.689,0.0,0.0,4439.689,0.0,10.040483
2019-09-21,0,0,reserve,system,4222.839,0.0,0.0,4222.839,0.0,7.267378
2019-09-21,1,0,reserve,system,4073.764,0.0,0.0,4073.764,0.0,5.383327
2019-09-21,2,0,reserve,system,3974.772,0.0,0.0,3974.772,0.0,0.0
2019-09-21,3,0,reserve,system,3926.331,0.0,0.0,3926.331,0.0,0.0
2019-09-21,4,0,reserve,system,3947.866,0.0,18.62336,3947.866,0.0,5.347692
2019-09-21,5,0,reserve,system,4010.935,0.0,0.0,4010.935,0.0,3.954436
2019-09-21,6,0,reserve,system,4074.01,0.0,6.814601,4074.01,0.0,4.657241
2019-09-21,7,0,reserve,system,4289.628,0.0,0.0,4289.628,0.0,7.200976
2019-09-21,8,0,reserve,system,4639.591,0.0,5.954843,4639.591,0.0,6.781445
2019-09-21,9,0,reserve,system,4981.572,0.0,9.064194,4981.572,0.0,6.85898
2019-09-21,10,0,reserve,system,5282.264,0.0,5.110265,5282.264,0.0,8.26615
2019-09-21,11,0,reserve,system,5560.594,0.0,50.0,5560.594,0.0,11.183326
2019-09-21,12,0,reserve,system,5793.465,0.0,38.281948,5793.465,0.0,10.095778
2019-09-21,13,0,reserve,system,5965.198,0.0,50.0,5965.198,0.0,10.396276
2019-09-21,14,0,reserve,system,6075.669,0.0,0.0,6075.669,0.0,10.422765
2019-09-21,15,0,reserve,system,6111.548,0.0,0.0,6111.548,0.0,17.192171
2019-09-21,16,0,reserve,system,6023.551,0.0,0.0,6023.551,0.0,13.904391
2019-09-21,17,0,reserve,system,5799.507,0.0,0.0,5799.507,0.0,5.838763
2019-09-21,18,0,reserve,system,5580.56,0.0,0.0,5580.56,0.0,0.0
2019-09-21,19,0,reserve,system,5430.771,0.0,0.0,5430.771,0.0,21.212718
2019-09-21,20,0,reserve,system,5212.582,0.0,0.0,5212.582,0.0,9.721102
2019-09-21,21,0,reserve,system,4938.753,0.0,0.0,4938.753,0.0,6.694894
2019-09-21,22,0,reserve,system,4661.637,0.0,0.0,4661.637,0.0,7.457281
2019-09-21,23,0,reserve,system,4404.608,0.0,0.0,4404.608,0.0,5.261954
2019-09-22,0,0,reserve,system,4190.402,0.0,0.0,4190.402,0.0,7.15525
2019-09-22,1,0,reserve,system,4037.261,0.0,0.0,4037.261,0.0,3.070781
2019-09-22,2,0,reserve,system,3917.021,0.0,0.0,3917.021,0.0,5.22449
2019-09-22,3,0,reserve,system,3834.32,0.0,0.0,3834.32,0.0,0.0
2019-09-22,4,0,reserve,system,3816.071,0.0,0.0,3816.071,0.0,0.0
2019-09-22,5,0,reserve,system,3836.479,0.0,0.0,3836.479,0.0,6.502365
2019-09-22,6,0,reserve,system,3857.219,0.0,11.207387,3857.219,0.0,3.559327
2019-09-22,7,0,reserve,system,4075.6,0.0,2.336725,4075.6,0.0,7.804912
2019-09-22,8,0,reserve,system,4458.113,0.0,0.0,4458.113,0.0,6.728178
2019-09-22,9,0,reserve,system,4839.125,0.0,0.0,4839.125,0.0,7.977679
2019-09-22,10,0,reserve,system,5201.962,0.0,3.153577,5201.962,0.0,9.448246
2019-09-22,11,0,reserve,system,5513.136,0.0,0.0,5513.136,0.0,10.241835
2019-09-22,12,0,reserve,system,5767.101,0.0,0.0,5767.101,0.0,10.486071
2019-09-22,13,0,reserve,system,5966.658,0.0,0.0,5966.658,0.0,9.712784
2019-09-22,14,0,reserve,system,6059.531,0.0,0.0,6059.531,0.0,9.826091
2019-09-22,15,0,reserve,system,6096.34,0.0,0.0,6096.34,0.0,9.59724
2019-09-22,16,0,reserve,system,6079.392,0.0,0.0,6079.392,0.0,18.627815
2019-09-22,17,0,reserve,system,5964.047,0.0,29.931057,5964.047,0.0,9.073461
2019-09-22,18,0,reserve,system,5814.515,0.0,0.0,5814.515,0.0,16.028115
2019-09-22,19,0,reserve,system,5700.244,0.0,0.0,5700.244,0.0,35.853193
2019-09-22,20,0,reserve,system,5442.708,0.0,0.0,5442.708,0.0,10.015944
2019-09-22,21,0,reserve,system,5082.092,0.0,0.0,5082.092,0.0,10.862432
2019-09-22,22,0,reserve,system,4717.938,0.0,0.0,4717.938,0.0,9.498582
2019-09-22,23,0,reserve,system,4422.285,0.0,0.0,4422.285,0.0,8.913303
2019-09-23,0,0,reserve,system,4234.682,0.0,0.0,4234.682,0.0,15.142768
2019-09-23,1,0,reserve,system,4108.361,0.0,0.0,4108.361,0.0,6.364723
2019-09-23,2,0,reserve,system,4038.986,0.0,0.0,4038.986,0.0,9.507957
2019-09-23,3,0,reserve,system,4052.596,0.0,0.0,4052.596,0.0,0.0
2019-09-23,4,0,reserve,system,4213.616,0.0,0.0,4213.616,0.0,0.0
2019-09-23,5,0,reserve,system,4479.095,0.0,0.0,4479.095,0.0,11.17953
2019-09-23,6,0,reserve,system,4547.625,0.0,0.0,4547.625,0.0,5.981566
2019-09-23,7,0,reserve,system,4651.365,0.0,0.0,4651.365,0.0,9.636721
2019-09-23,8,0,reserve,system,4939.013,0.0,0.0,4939.013,0.0,9.743201
2019-09-23,9,0,reserve,system,5287.083,0.0,0.0,5287.083,0.0,9.029065
2019-09-23,10,0,reserve,system,5653.422,0.0,0.0,5653.422,0.0,13.46782
2019-09-23,11,0,reserve,system,5976.946,0.0,0.0,5976.946,0.0,11.837606
2019-09-23,12,0,reserve,system,6243.411,0.0,0.0,6243.411,0.0,18.395688
2019-09-23,13,0,reserve,system,6401.618,0.0,0.0,6401.618,0.0,4.55838
2019-09-23,14,0,reserve,system,6456.29,0.0,0.0,6456.29,0.0,14.740287
2019-09-23,15,0,reserve,system,6461.915,0.0,0.0,6461.915,0.0,35.488185
2019-09-23,16,0,reserve,system,6428.285,0.0,0.0,6428.285,269.362362,50.0
2019-09-23,17,0,reserve,system,6260.718,0.0,0.0,6260.718,0.0,16.999024
2019-09-23,18,0,reserve,system,6074.955,0.0,0.0,6074.955,0.0,5.018174
2019-09-23,19,0,reserve,system,5905.129,0.0,0.0,5905.129,0.0,21.579252
2019-09-23,20,0,reserve,system,5590.226,0.0,0.0,5590.226,0.0,9.687486
2019-09-23,21,0,reserve,system,5187.226,0.0,0.0,5187.226,0.0,10.806264
2019-09-23,22,0,reserve,system,4808.993,0.0,0.0,4808.993,0.0,9.695309
2019-09-23,23,0,reserve,system,4492.808,0.0,0.0,4492.808,0.0,10.48417
2019-09-24,0,0,reserve,system,4276.067,0.0,0.0,4276.067,0.0,14.235181
2019-09-24,1,0,reserve,system,4132.957,0.0,0.0,4132.957,0.0,6.538705
2019-09-24,2,0,reserve,system,4045.846,0.0,0.0,4045.846,0.0,9.53924
2019-09-24,3,0,reserve,system,4042.021,0.0,0.0,4042.021,0.0,0.0
2019-09-24,4,0,reserve,system,4184.779,0.0,0.0,4184.779,0.0,0.0
2019-09-24,5,0,reserve,system,4449.671,0.0,0.0,4449.671,0.0,12.154913
2019-09-24,6,0,reserve,system,4511.096,0.0,0.0,4511.096,0.0,7.054557
2019-09-24,7,0,reserve,system,4613.806,0.0,0.0,4613.806,0.0,14.613978
2019-09-24,8,0,reserve,system,4890.203,0.0,0.0,4890.203,0.0,3.709482
2019-09-24,9,0,reserve,system,5232.951,0.0,0.0,5232.951,0.0,10.795016
2019-09-24,10,0,reserve,system,5562.863,0.0,0.0,5562.863,0.0,5.633063
2019-09-24,11,0,reserve,system,5894.93,0.0,0.0,5894.93,0.0,9.291646
2019-09-24,12,0,reserve,system,6195.605,0.0,0.0,6195.605,0.0,11.49051
2019-09-24,13,0,reserve,system,6401.044,0.0,0.0,6401.044,0.0,11.113815
2019-09-24,14,0,reserve,system,6524.164,0.0,0.0,6524.164,0.0,11.097736
2019-09-24,15,0,reserve,system,6552.204,0.0,0.0,6552.204,0.0,17.841876
2019-09-24,16,0,reserve,system,6476.85,0.0,0.0,6476.85,0.0,21.759306
2019-09-24,17,0,reserve,system,6244.149,0.0,0.0,6244.149,0.0,14.928801
2019-09-24,18,0,reserve,system,6009.289,0.0,0.0,6009.289,0.0,13.704395
2019-09-24,19,0,reserve,system,5837.319,0.0,0.0,5837.319,0.0,16.132447
2019-09-24,20,0,reserve,system,5522.588,0.0,0.0,5522.588,0.0,10.169857
2019-09-24,21,0,reserve,system,5122.822,0.0,0.0,5122.822,0.0,10.441651
2019-09-24,22,0,reserve,system,4731.761,0.0,0.0,4731.761,0.0,10.514582
2019-09-24,23,0,reserve,system,4425.391,0.0,0.0,4425.391,0.0,6.626265
2019-09-25,0,0,reserve,system,4200.772,0.0,0.0,4200.772,0.0,11.415538
2019-09-25,1,0,reserve,system,4047.305,0.0,0.0,4047.305,0.0,5.490257
2019-09-25,2,0,reserve,system,3956.25,0.0,0.0,3956.25,0.0,2.642551
2019-09-25,3,0,reserve,system,3950.624,0.0,0.0,3950.624,0.0,0.0
2019-09-25,4,0,reserve,system,4090.961,0.0,0.0,4090.961,0.0,9.6513
2019-09-25,5,0,reserve,system,4346.42,0.0,0.0,4346.42,0.0,5.958256
2019-09-25,6,0,reserve,system,4411.575,0.0,0.0,4411.575,0.0,7.65478
2019-09-25,7,0,reserve,system,4516.079,0.0,0.0,4516.079,0.0,8.424918
2019-09-25,8,0,reserve,system,4800.031,0.0,0.0,4800.031,0.0,8.676852
2019-09-25,9,0,reserve,system,5159.463,0.0,13.946846,5159.463,0.0,11.728771
2019-09-25,10,0,reserve,system,5493.431,0.0,0.0,5493.431,0.0,7.1007
2019-09-25,11,0,reserve,system,5850.319,0.0,0.0,5850.319,0.0,11.085453
2019-09-25,12,0,reserve,system,6215.288,0.0,0.0,6215.288,0.0,12.081014
2019-09-25,13,0,reserve,system,6503.567,0.0,0.0,6503.567,0.0,12.041906
2019-09-25,14,0,reserve,system,6673.42,0.0,0.0,6673.42,0.0,23.745529
2019-09-25,15,0,reserve,system,6746.652,0.0,0.0,6746.652,269.231864,50.0
2019-09-25,16,0,reserve,system,6682.726,0.0,0.0,6682.726,0.0,38.797524
2019-09-25,17,0,reserve,system,6451.39,0.0,0.0,6451.39,0.0,15.324783
2019-09-25,18,0,reserve,system,6187.518,0.0,0.0,6187.518,0.0,13.414958
2019-09-25,19,0,reserve,system,5969.652,0.0,0.0,5969.652,0.0,13.709126
2019-09-25,20,0,reserve,system,5622.023,0.0,0.0,5622.023,0.0,13.80092
2019-09-25,21,0,reserve,system,5209.336,0.0,0.0,5209.336,0.0,10.426554
2019-09-25,22,0,reserve,system,4805.133,0.0,0.0,4805.133,0.0,11.182954
2019-09-25,23,0,reserve,system,4475.068,0.0,0.0,4475.068,0.0,8.669276
2019-09-26,0,0,reserve,system,4238.077,0.0,0.0,4238.077,0.0,13.093304
2019-09-26,1,0,reserve,system,4069.729,0.0,0.0,4069.729,0.0,0.0
2019-09-26,2,0,reserve,system,3977.073,0.0,0.0,3977.073,0.0,13.037965
2019-09-26,3,0,reserve,system,3953.04,0.0,0.0,3953.04,0.0,0.0
2019-09-26,4,0,reserve,system,4073.022,0.0,0.0,4073.022,0.0,0.0
2019-09-26,5,0,reserve,system,4323.862,0.0,0.0,4323.862,0.0,12.152693
2019-09-26,6,0,reserve,system,4381.598,0.0,0.0,4381.598,0.0,6.879794
2019-09-26,7,0,reserve,system,4493.009,0.0,0.0,4493.009,0.0,10.833781
2019-09-26,8,0,reserve,system,4775.845,0.0,0.0,4775.845,0.0,8.765584
2019-09-26,9,0,reserve,system,5124.135,0.0,25.480313,5124.135,0.0,9.061928
2019-09-26,10,0,reserve,system,5468.14,0.0,0.0,5468.14,0.0,5.580579
2019-09-26,11,0,reserve,system,5824.533,0.0,0.0,5824.533,0.0,13.908016
2019-09-26,12,0,reserve,system,6171.269,0.0,0.0,6171.269,0.0,11.462291
2019-09-26,13,0,reserve,system,6430.736,0.0,0.0,6430.736,0.0,25.590353
2019-09-26,14,0,reserve,system,6591.448,0.0,0.0,6591.448,0.0,11.221752
2019-09-26,15,0,reserve,system,6667.66,0.0,0.0,6667.66,0.0,10.449886
2019-09-26,16,0,reserve,system,6588.193,0.0,0.0,6588.193,0.0,13.548446
2019-09-26,17,0,reserve,system,6320.806,0.0,0.0,6320.806,0.0,14.026848
2019-09-26,18,0,reserve,system,6075.049,0.0,0.0,6075.049,0.0,12.765758
2019-09-26,19,0,reserve,system,5871.743,0.0,0.0,5871.743,0.0,15.925084
2019-09-26,20,0,reserve,system,5549.741,0.0,0.0,5549.741,0.0,10.454901
2019-09-26,21,0,reserve,system,5139.597,0.0,0.0,5139.597,0.0,11.031437
2019-09-26,22,0,reserve,system,4744.618,0.0,0.0,4744.618,0.0,9.808737
2019-09-26,23,0,reserve,system,4420.986,0.0,0.0,4420.986,0.0,8.965333
2019-09-27,0,0,reserve,system,4189.715,0.0,0.0,4189.715,0.0,11.690557
2019-09-27,1,0,reserve,system,4035.284,0.0,0.0,4035.284,0.0,5.348914
2019-09-27,2,0,reserve,system,3928.259,0.0,0.0,3928.259,0.0,9.314757
2019-09-27,3,0,reserve,system,3917.129,0.0,0.0,3917.129,0.0,0.0
2019-09-27,4,0,reserve,system,4049.272,0.0,0.0,4049.272,0.0,0.0
2019-09-27,5,0,reserve,system,4308.975,0.0,0.481095,4308.975,0.0,9.68013
2019-09-27,6,0,reserve,system,4384.418,0.0,41.480246,4384.418,0.0,6.878831
2019-09-27,7,0,reserve,system,4487.457,0.0,0.0,4487.457,0.0,9.201626
2019-09-27,8,0,reserve,system,4741.952,0.0,30.340881,4741.952,0.0,9.776719
2019-09-27,9,0,reserve,system,5068.948,0.0,1.922495,5068.948,0.0,9.817234
2019-09-27,10,0,reserve,system,5396.0,0.0,0.0,5396.0,0.0,9.909301
2019-09-27,11,0,reserve,system,5674.87,0.0,0.0,5674.87,0.0,9.769904
2019-09-27,12,0,reserve,system,5947.014,0.0,0.0,5947.014,0.0,11.327651
2019-09-27,13,0,reserve,system,6126.045,0.0,0.0,6126.045,0.0,9.797919
2019-09-27,14,0,reserve,system,6275.141,0.0,0.0,6275.141,0.0,12.223108
2019-09-27,15,0,reserve,system,6341.625,0.0,0.0,6341.625,0.0,17.028629
2019-09-27,16,0,reserve,system,6259.15,0.0,0.0,6259.15,0.0,27.134148
2019-09-27,17,0,reserve,system,6027.376,0.0,0.0,6027.376,0.0,14.046441
2019-09-27,18,0,reserve,system,5792.971,0.0,0.0,5792.971,0.0,13.204187
2019-09-27,19,0,reserve,system,5616.624,0.0,0.0,5616.624,0.0,14.92438
2019-09-27,20,0,reserve,system,5405.48,0.0,0.0,5405.48,0.0,10.624557
2019-09-27,21,0,reserve,system,5139.792,0.0,0.0,5139.792,0.0,10.771449
2019-09-27,22,0,reserve,system,4853.732,0.0,0.0,4853.732,0.0,8.37667
2019-09-27,23,0,reserve,system,4576.938,0.0,0.0,4576.938,0.0,7.523472
2019-09-28,0,0,reserve,system,4368.394,0.0,0.0,4368.394,0.0,11.281524
2019-09-28,1,0,reserve,system,4213.754,0.0,0.0,4213.754,0.0,5.585972
2019-09-28,2,0,reserve,system,4096.464,0.0,0.0,4096.464,0.0,8.250684
2019-09-28,3,0,reserve,system,4036.48,0.0,0.0,4036.48,0.0,0.0
2019-09-28,4,0,reserve,system,4038.089,0.0,0.0,4038.089,0.0,0.0
2019-09-28,5,0,reserve,system,4096.46,0.0,36.182184,4096.46,0.0,9.781128
2019-09-28,6,0,reserve,system,4152.96,0.0,0.0,4152.96,0.0,4.857352
2019-09-28,7,0,reserve,system,4363.802,0.0,0.0,4363.802,0.0,7.76744
2019-09-28,8,0,reserve,system,4717.956,0.0,0.0,4717.956,0.0,7.095954
2019-09-28,9,0,reserve,system,5072.786,0.0,0.0,5072.786,0.0,10.043945
2019-09-28,10,0,reserve,system,5419.436,0.0,0.0,5419.436,0.0,10.510457
2019-09-28,11,0,reserve,system,5713.141,0.0,35.366313,5713.141,0.0,10.761114
2019-09-28,12,0,reserve,system,5961.754,0.0,0.0,5961.754,0.0,10.05874
2019-09-28,13,0,reserve,system,6117.983,0.0,0.0,6117.983,0.0,10.190879
2019-09-28,14,0,reserve,system,6213.471,0.0,0.0,6213.471,0.0,18.333452
2019-09-28,15,0,reserve,system,6231.78,0.0,2.436737,6231.78,0.0,13.115505
2019-09-28,16,0,reserve,system,6130.26,0.0,0.0,6130.26,0.0,10.123287
2019-09-28,17,0,reserve,system,5895.099,0.0,0.0,5895.099,0.0,8.300216
2019-09-28,18,0,reserve,system,5705.233,0.0,0.0,5705.233,0.0,9.812779
2019-09-28,19,0,reserve,system,5546.707,0.0,0.0,5546.707,0.0,13.138862
2019-09-28,20,0,reserve,system,5334.599,0.0,0.0,5334.599,0.0,11.058497
2019-09-28,21,0,reserve,system,5079.802,0.0,0.0,5079.802,0.0,8.010474
2019-09-28,22,0,reserve,system,4822.8,0.0,0.0,4822.8,0.0,6.771755
2019-09-28,23,0,reserve,system,4614.968,0.0,0.0,4614.968,0.0,7.458606
2019-09-29,0,0,reserve,system,4420.164,0.0,0.0,4420.164,0.0,12.040845
2019-09-29,1,0,reserve,system,4274.524,0.0,0.0,4274.524,0.0,5.372345
2019-09-29,2,0,reserve,system,4154.756,0.0,0.0,4154.756,0.0,8.951098
2019-09-29,3,0,reserve,system,4085.179,0.0,0.0,4085.179,0.0,0.0
2019-09-29,4,0,reserve,system,4058.742,0.0,0.0,4058.742,0.0,0.0
2019-09-29,5,0,reserve,system,4074.367,0.0,2.020119,4074.367,0.0,7.840063
2019-09-29,6,0,reserve,system,4104.792,0.0,0.0,4104.792,0.0,5.128823
2019-09-29,7,0,reserve,system,4296.65,0.0,0.0,4296.65,0.0,7.204202
2019-09-29,8,0,reserve,system,4660.6,0.0,0.0,4660.6,0.0,6.813507
2019-09-29,9,0,reserve,system,5019.026,0.0,21.688508,5019.026,0.0,8.571636
2019-09-29,10,0,reserve,system,5350.383,0.0,0.0,5350.383,0.0,10.489049
2019-09-29,11,0,reserve,system,5652.705,0.0,39.739496,5652.705,0.0,10.811004
2019-09-29,12,0,reserve,system,5925.575,0.0,50.0,5925.575,0.0,10.867617
2019-09-29,13,0,reserve,system,6124.808,0.0,0.0,6124.808,0.0,9.547403
2019-09-29,14,0,reserve,system,6248.675,0.0,0.0,6248.675,0.0,10.823955
2019-09-29,15,0,reserve,system,6291.871,0.0,0.0,6291.871,0.0,14.051316
2019-09-29,16,0,reserve,system,6236.865,0.0,0.0,6236.865,0.0,12.363733
2019-09-29,17,0,reserve,system,6047.163,0.0,0.0,6047.163,0.0,10.021451
2019-09-29,18,0,reserve,system,5868.674,0.0,0.0,5868.674,0.0,10.632504
2019-09-29,19,0,reserve,system,5694.263,0.0,0.0,5694.263,0.0,15.598475
2019-09-29,20,0,reserve,system,5405.539,0.0,0.0,5405.539,0.0,11.381786
2019-09-29,21,0,reserve,system,5069.517,0.0,0.0,5069.517,0.0,6.785746
2019-09-29,22,0,reserve,system,4713.415,0.0,0.0,4713.415,0.0,9.48952
2019-09-29,23,0,reserve,system,4425.463,0.0,0.0,4425.463,0.0,0.551629
2019-09-30,0,0,reserve,system,4226.256,0.0,0.0,4226.256,0.0,8.65022
2019-09-30,1,0,reserve,system,4110.096,0.0,0.0,4110.096,0.0,0.0
2019-09-30,2,0,reserve,system,4063.987,0.0,0.0,4063.987,0.0,0.0
2019-09-30,3,0,reserve,system,4096.395,0.0,6.377257,4096.395,0.0,4.958546
2019-09-30,4,0,reserve,system,4260.147,0.0,6.96353,4260.147,0.0,6.969175
2019-09-30,5,0,reserve,system,4530.276,0.0,0.0,4530.276,0.0,6.911693
2019-09-30,6,0,reserve,system,4638.383,0.0,0.0,4638.383,0.0,6.654723
2019-09-30,7,0,reserve,system,4736.923,0.0,0.0,4736.923,0.0,6.372122
2019-09-30,8,0,reserve,system,4999.65,0.0,9.722762,4999.65,0.0,8.901885
2019-09-30,9,0,reserve,system,5306.175,0.0,0.0,5306.175,0.0,9.202631
2019-09-30,10,0,reserve,system,5618.624,0.0,0.0,5618.624,0.0,11.01884
2019-09-30,11,0,reserve,system,5895.643,0.0,0.0,5895.643,0.0,10.436197
2019-09-30,12,0,reserve,system,6142.849,0.0,0.0,6142.849,0.0,10.368668
2019-09-30,13,0,reserve,system,6319.082,0.0,19.21781,6319.082,0.0,10.153589
2019-09-30,14,0,reserve,system,6407.66,0.0,0.0,6407.66,0.0,9.528845
2019-09-30,15,0,reserve,system,6471.491,0.0,14.343656,6471.491,0.0,21.512479
2019-09-30,16,0,reserve,system,6433.796,0.0,0.0,6433.796,0.0,12.979179
2019-09-30,17,0,reserve,system,6234.055,0.0,0.0,6234.055,0.0,4.256105
2019-09-30,18,0,reserve,system,6086.134,0.0,0.0,6086.134,0.0,0.0
2019-09-30,19,0,reserve,system,5927.745,0.0,0.0,5927.745,0.0,30.095218
2019-09-30,20,0,reserve,system,5647.6,0.0,0.0,5647.6,0.0,11.522855
2019-09-30,21,0,reserve,system,5265.242,0.0,0.0,5265.242,0.0,8.228195
2019-09-30,22,0,reserve,system,4868.622,0.0,0.0,4868.622,0.0,5.466105
2019-09-30,23,0,reserve,system,4568.737,0.0,0.0,4568.737,0.0,9.595788
2019-10-01,0,0,reserve,system,4371.248,0.0,0.0,4371.248,0.0,13.143934
2019-10-01,1,0,reserve,system,4229.324,0.0,0.0,4229.324,0.0,0.0
2019-10-01,2,0,reserve,system,4146.651,0.0,0.0,4146.651,0.0,3.342857
2019-10-01,3,0,reserve,system,4141.585,0.0,0.0,4141.585,0.0,3.342857
2019-10-01,4,0,reserve,system,4273.787,0.0,0.0,4273.787,0.0,8.353357
2019-10-01,5,0,reserve,system,4510.951,0.0,15.858697,4510.951,0.0,6.401024
2019-10-01,6,0,reserve,system,4561.008,0.0,10.383282,4561.008,0.0,6.548944
2019-10-01,7,0,reserve,system,4644.241,0.0,0.0,4644.241,0.0,6.977087
2019-10-01,8,0,reserve,system,4915.361,0.0,8.240642,4915.361,0.0,8.869109
2019-10-01,9,0,reserve,system,5235.025,0.0,0.0,5235.025,0.0,9.655399
2019-10-01,10,0,reserve,system,5536.736,0.0,36.277936,5536.736,0.0,10.362529
2019-10-01,11,0,reserve,system,5831.385,0.0,0.0,5831.385,0.0,10.483088
2019-10-01,12,0,reserve,system,6110.315,0.0,0.0,6110.315,0.0,10.122861
2019-10-01,13,0,reserve,system,6317.33,0.0,15.070085,6317.33,0.0,9.848739
2019-10-01,14,0,reserve,system,6442.512,0.0,0.0,6442.512,0.0,11.987518
2019-10-01,15,0,reserve,system,6473.432,0.0,0.0,6473.432,0.0,29.883034
2019-10-01,16,0,reserve,system,6375.489,0.0,0.0,6375.489,0.0,15.398747
2019-10-01,17,0,reserve,system,6142.439,0.0,0.0,6142.439,0.0,8.116148
2019-10-01,18,0,reserve,system,5961.385,0.0,0.0,5961.385,0.0,9.825625
2019-10-01,19,0,reserve,system,5812.289,0.0,0.0,5812.289,0.0,20.093781
2019-10-01,20,0,reserve,system,5515.45,0.0,0.0,5515.45,0.0,11.398422
2019-10-01,21,0,reserve,system,5133.292,0.0,0.0,5133.292,0.0,8.188295
2019-10-01,22,0,reserve,system,4735.719,0.0,0.0,4735.719,0.0,6.828365
2019-10-01,23,0,reserve,system,4436.756,0.0,0.0,4436.756,0.0,6.677213
2019-10-02,0,0,reserve,system,4227.316,0.0,0.0,4227.316,0.0,8.654652
2019-10-02,1,0,reserve,system,4077.21,0.0,0.449054,4077.21,0.0,7.601129
2019-10-02,2,0,reserve,system,3984.018,0.0,0.0,3984.018,0.0,0.0
2019-10-02,3,0,reserve,system,3980.622,0.0,0.0,3980.622,0.0,0.0
2019-10-02,4,0,reserve,system,4123.745,0.0,6.346336,4123.745,0.0,9.281103
2019-10-02,5,0,reserve,system,4381.296,0.0,12.061918,4381.296,0.0,5.839051
2019-10-02,6,0,reserve,system,4443.362,0.0,10.432759,4443.362,0.0,7.261734
2019-10-02,7,0,reserve,system,4527.865,0.0,0.0,4527.865,0.0,6.57791
2019-10-02,8,0,reserve,system,4798.294,0.0,0.0,4798.294,0.0,8.498132
2019-10-02,9,0,reserve,system,5157.069,0.0,0.0,5157.069,0.0,10.527991
2019-10-02,10,0,reserve,system,5501.298,0.0,11.893589,5501.298,0.0,9.674876
2019-10-02,11,0,reserve,system,5819.621,0.0,22.99498,5819.621,0.0,9.917961
2019-10-02,12,0,reserve,system,6115.467,0.0,0.0,6115.467,0.0,11.638062
2019-10-02,13,0,reserve,system,6338.04,0.0,5.183311,6338.04,0.0,11.058486
2019-10-02,14,0,reserve,system,6471.272,0.0,0.0,6471.272,0.0,11.314242
2019-10-02,15,0,reserve,system,6519.747,0.0,0.0,6519.747,0.0,11.128707
2019-10-02,16,0,reserve,system,6439.06,0.0,0.0,6439.06,0.0,15.823451
2019-10-02,17,0,reserve,system,6216.362,0.0,0.0,6216.362,0.0,28.962356
2019-10-02,18,0,reserve,system,6007.287,0.0,0.0,6007.287,0.0,14.107886
2019-10-02,19,0,reserve,system,5807.95,0.0,16.52518,5807.95,0.0,16.044644
2019-10-02,20,0,reserve,system,5492.374,0.0,0.0,5492.374,0.0,10.168559
2019-10-02,21,0,reserve,system,5088.333,0.0,0.0,5088.333,0.0,10.876958
2019-10-02,22,0,reserve,system,4684.459,0.0,0.0,4684.459,0.0,9.736106
2019-10-02,23,0,reserve,system,4373.958,0.0,0.0,4373.958,0.0,8.499046
2019-10-03,0,0,reserve,system,4155.663,0.0,0.0,4155.663,0.0,16.720455
2019-10-03,1,0,reserve,system,4007.505,0.0,0.0,4007.505,0.0,0.0
2019-10-03,2,0,reserve,system,3920.046,0.0,0.0,3920.046,0.0,0.0
2019-10-03,3,0,reserve,system,3916.215,0.0,0.0,3916.215,0.0,13.40041
2019-10-03,4,0,reserve,system,4057.788,0.0,0.0,4057.788,0.0,0.0
2019-10-03,5,0,reserve,system,4320.71,0.0,0.0,4320.71,0.0,12.308769
2019-10-03,6,0,reserve,system,4378.373,0.0,0.0,4378.373,0.0,8.595778
2019-10-03,7,0,reserve,system,4474.37,0.0,0.0,4474.37,0.0,9.657616
2019-10-03,8,0,reserve,system,4780.502,0.0,0.0,4780.502,0.0,9.168618
2019-10-03,9,0,reserve,system,5132.444,0.0,0.0,5132.444,0.0,17.224608
2019-10-03,10,0,reserve,system,5495.497,0.0,0.0,5495.497,0.0,0.0
2019-10-03,11,0,reserve,system,5819.525,0.0,0.0,5819.525,0.0,18.685645
2019-10-03,12,0,reserve,system,6100.932,0.0,0.0,6100.932,0.0,10.624255
2019-10-03,13,0,reserve,system,6302.021,0.0,0.0,6302.021,81.371407,50.0
2019-10-03,14,0,reserve,system,6412.506,0.0,0.0,6412.506,0.0,35.735213
2019-10-03,15,0,reserve,system,6419.088,0.0,0.0,6419.088,0.0,13.515571
2019-10-03,16,0,reserve,system,6281.432,0.0,0.0,6281.432,0.0,9.871905
2019-10-03,17,0,reserve,system,6037.417,0.0,0.0,6037.417,0.0,11.138144
2019-10-03,18,0,reserve,system,5850.146,0.0,0.0,5850.146,0.0,0.0
2019-10-03,19,0,reserve,system,5663.289,0.0,0.0,5663.289,0.0,20.105992
2019-10-03,20,0,reserve,system,5384.226,0.0,0.0,5384.226,0.0,10.556457
2019-10-03,21,0,reserve,system,4987.405,0.0,0.0,4987.405,0.0,8.723528
2019-10-03,22,0,reserve,system,4587.541,0.0,0.0,4587.541,0.0,7.509008
2019-10-03,23,0,reserve,system,4260.057,0.0,0.0,4260.057,0.0,6.154513
2019-10-04,0,0,reserve,system,4038.421,0.0,0.0,4038.421,0.0,13.095483
2019-10-04,1,0,reserve,system,3875.529,0.0,0.0,3875.529,0.0,0.0
2019-10-04,2,0,reserve,system,3776.101,0.0,0.0,3776.101,0.0,0.0
2019-10-04,3,0,reserve,system,3770.812,0.0,0.0,3770.812,0.0,9.324294
2019-10-04,4,0,reserve,system,3913.611,0.0,0.0,3913.611,0.0,5.587005
2019-10-04,5,0,reserve,system,4169.581,0.0,0.0,4169.581,0.0,9.90277
2019-10-04,6,0,reserve,system,4249.186,0.0,0.0,4249.186,0.0,9.43769
2019-10-04,7,0,reserve,system,4323.931,0.0,0.0,4323.931,0.0,9.407261
2019-10-04,8,0,reserve,system,4554.96,0.0,0.0,4554.96,0.0,9.42865
2019-10-04,9,0,reserve,system,4852.89,0.0,0.0,4852.89,0.0,8.82201
2019-10-04,10,0,reserve,system,5161.739,0.0,0.0,5161.739,0.0,9.70269
2019-10-04,11,0,reserve,system,5479.893,0.0,0.0,5479.893,0.0,14.519098
2019-10-04,12,0,reserve,system,5797.139,0.0,0.0,5797.139,0.0,11.925515
2019-10-04,13,0,reserve,system,6031.889,0.0,0.0,6031.889,0.0,13.519806
2019-10-04,14,0,reserve,system,6190.49,0.0,0.0,6190.49,0.0,25.795107
2019-10-04,15,0,reserve,system,6260.758,0.0,0.0,6260.758,672.77079,50.0
2019-10-04,16,0,reserve,system,6152.015,0.0,0.0,6152.015,0.0,13.487934
2019-10-04,17,0,reserve,system,5859.808,0.0,0.0,5859.808,0.0,13.127717
2019-10-04,18,0,reserve,system,5608.692,0.0,0.0,5608.692,0.0,12.104853
2019-10-04,19,0,reserve,system,5411.828,0.0,0.0,5411.828,0.0,11.950998
2019-10-04,20,0,reserve,system,5151.497,0.0,0.0,5151.497,0.0,12.557424
2019-10-04,21,0,reserve,system,4853.423,0.0,0.0,4853.423,0.0,9.364296
2019-10-04,22,0,reserve,system,4527.572,0.0,0.0,4527.572,0.0,9.177851
2019-10-04,23,0,reserve,system,4232.348,0.0,0.0,4232.348,0.0,10.161538
2019-10-05,0,0,reserve,system,4010.521,0.0,0.0,4010.521,0.0,14.972612
2019-10-05,1,0,reserve,system,3841.086,0.0,0.0,3841.086,0.0,5.240912
2019-10-05,2,0,reserve,system,3714.513,0.0,0.0,3714.513,0.0,9.270515
2019-10-05,3,0,reserve,system,3643.332,0.0,0.0,3643.332,0.0,0.0
2019-10-05,4,0,reserve,system,3647.734,0.0,0.0,3647.734,0.0,0.0
2019-10-05,5,0,reserve,system,3710.688,0.0,0.0,3710.688,0.0,8.113113
2019-10-05,6,0,reserve,system,3756.049,0.0,0.0,3756.049,0.0,5.437446
2019-10-05,7,0,reserve,system,3946.268,0.0,0.0,3946.268,0.0,7.073645
2019-10-05,8,0,reserve,system,4292.135,0.0,0.0,4292.135,0.0,10.020005
2019-10-05,9,0,reserve,system,4676.678,0.0,0.0,4676.678,0.0,8.954908
2019-10-05,10,0,reserve,system,5072.693,0.0,0.0,5072.693,0.0,12.172164
2019-10-05,11,0,reserve,system,5455.866,0.0,0.0,5455.866,0.0,13.751145
2019-10-05,12,0,reserve,system,5758.069,0.0,0.0,5758.069,0.0,20.52491
2019-10-05,13,0,reserve,system,5966.23,0.0,0.0,5966.23,0.0,0.0
2019-10-05,14,0,reserve,system,6091.136,0.0,0.0,6091.136,0.0,15.38572
2019-10-05,15,0,reserve,system,6137.051,0.0,6.559641,6137.051,0.0,14.957725
2019-10-05,16,0,reserve,system,6075.897,0.0,0.0,6075.897,0.0,22.322356
2019-10-05,17,0,reserve,system,5853.242,0.0,0.0,5853.242,0.0,16.77803
2019-10-05,18,0,reserve,system,5626.45,0.0,0.0,5626.45,0.0,14.350117
2019-10-05,19,0,reserve,system,5392.119,0.0,0.0,5392.119,0.0,13.621655
2019-10-05,20,0,reserve,system,5120.192,0.0,0.0,5120.192,0.0,15.338386
2019-10-05,21,0,reserve,system,4823.667,0.0,0.0,4823.667,0.0,9.086111
2019-10-05,22,0,reserve,system,4518.335,0.0,0.0,4518.335,0.0,10.085755
2019-10-05,23,0,reserve,system,4245.1,0.0,0.0,4245.1,0.0,8.353756
2019-10-06,0,0,reserve,system,4032.166,0.0,0.0,4032.166,0.0,15.869601
2019-10-06,1,0,reserve,system,3851.643,0.0,0.0,3851.643,0.0,0.0
2019-10-06,2,0,reserve,system,3718.906,0.0,0.0,3718.906,0.0,11.901139
2019-10-06,3,0,reserve,system,3649.108,0.0,0.0,3649.108,0.0,0.0
2019-10-06,4,0,reserve,system,3621.244,0.0,0.0,3621.244,0.0,0.0
2019-10-06,5,0,reserve,system,3636.158,0.0,0.0,3636.158,0.0,11.293311
2019-10-06,6,0,reserve,system,3656.38,0.0,0.0,3656.38,0.0,0.0
2019-10-06,7,0,reserve,system,3854.09,0.0,0.0,3854.09,0.0,9.481993
2019-10-06,8,0,reserve,system,4247.889,0.0,0.0,4247.889,0.0,8.356663
2019-10-06,9,0,reserve,system,4660.384,0.0,0.0,4660.384,0.0,10.04086
2019-10-06,10,0,reserve,system,5064.701,0.0,0.343416,5064.701,0.0,9.493415
2019-10-06,11,0,reserve,system,5459.487,0.0,0.0,5459.487,0.0,9.828264
2019-10-06,12,0,reserve,system,5803.242,0.0,30.024115,5803.242,0.0,14.111893
2019-10-06,13,0,reserve,system,6060.767,0.0,0.0,6060.767,0.0,10.388574
2019-10-06,14,0,reserve,system,6205.003,0.0,0.0,6205.003,0.0,21.15682
2019-10-06,15,0,reserve,system,6260.882,0.0,9.211798,6260.882,657.222026,50.0
2019-10-06,16,0,reserve,system,6135.651,0.0,0.0,6135.651,0.0,22.215331
2019-10-06,17,0,reserve,system,5874.264,0.0,0.0,5874.264,0.0,7.673314
2019-10-06,18,0,reserve,system,5706.94,0.0,0.0,5706.94,0.0,17.905909
2019-10-06,19,0,reserve,system,5479.427,0.0,0.0,5479.427,0.0,14.141091
2019-10-06,20,0,reserve,system,5124.085,0.0,0.0,5124.085,0.0,12.148563
2019-10-06,21,0,reserve,system,4708.943,0.0,0.0,4708.943,0.0,7.258693
2019-10-06,22,0,reserve,system,4306.236,0.0,0.0,4306.236,0.0,10.272921
2019-10-06,23,0,reserve,system,3996.506,0.0,0.0,3996.506,0.0,0.0
2019-10-07,0,0,reserve,system,3789.509,0.0,0.0,3789.509,0.0,0.0
2019-10-07,1,0,reserve,system,3650.264,0.0,0.0,3650.264,0.0,13.487289
2019-10-07,2,0,reserve,system,3567.484,0.0,0.0,3567.484,0.0,0.0
2019-10-07,3,0,reserve,system,3560.87,0.0,0.0,3560.87,0.0,0.0
2019-10-07,4,0,reserve,system,3705.889,0.0,5.719375,3705.889,0.0,7.782318
2019-10-07,5,0,reserve,system,3956.467,0.0,18.333082,3956.467,0.0,5.698598
2019-10-07,6,0,reserve,system,4032.212,0.0,0.0,4032.212,0.0,9.751315
2019-10-07,7,0,reserve,system,4055.801,0.0,0.0,4055.801,0.0,0.0
2019-10-07,8,0,reserve,system,4215.256,0.0,0.0,4215.256,0.0,9.450539
2019-10-07,9,0,reserve,system,4382.356,0.0,0.0,4382.356,0.0,6.828512
2019-10-07,10,0,reserve,system,4538.913,0.0,0.0,4538.913,0.0,3.931803
2019-10-07,11,0,reserve,system,4688.921,0.0,0.0,4688.921,0.0,7.638541
2019-10-07,12,0,reserve,system,4874.864,0.0,17.381597,4874.864,0.0,7.528123
2019-10-07,13,0,reserve,system,5030.032,0.0,3.308151,5030.032,0.0,7.047709
2019-10-07,14,0,reserve,system,5134.002,0.0,0.0,5134.002,0.0,9.553208
2019-10-07,15,0,reserve,system,5165.114,0.0,16.628985,5165.114,0.0,17.882132
2019-10-07,16,0,reserve,system,5083.767,0.0,0.0,5083.767,0.0,9.595312
2019-10-07,17,0,reserve,system,4917.87,0.0,0.0,4917.87,0.0,0.0
2019-10-07,18,0,reserve,system,4840.774,0.0,0.0,4840.774,0.0,13.937982
2019-10-07,19,0,reserve,system,4706.401,0.0,25.0442,4706.401,0.0,21.288339
2019-10-07,20,0,reserve,system,4449.018,0.0,0.0,4449.018,0.0,9.106595
2019-10-07,21,0,reserve,system,4096.695,0.0,0.0,4096.695,0.0,11.455253
2019-10-07,22,0,reserve,system,3745.299,0.0,0.0,3745.299,0.0,0.0
2019-10-07,23,0,reserve,system,3486.591,0.0,0.0,3486.591,0.0,0.0
2019-10-08,0,0,reserve,system,3317.219,0.0,0.0,3317.219,0.0,12.307844
2019-10-08,1,0,reserve,system,3222.648,0.0,0.0,3222.648,0.0,0.0
2019-10-08,2,0,reserve,system,3176.355,0.0,0.0,3176.355,0.0,0.0
2019-10-08,3,0,reserve,system,3205.212,0.0,0.0,3205.212,0.0,8.76478
2019-10-08,4,0,reserve,system,3362.488,0.0,0.0,3362.488,0.0,4.759062
2019-10-08,5,0,reserve,system,3629.769,0.0,0.0,3629.769,0.0,7.558801
2019-10-08,6,0,reserve,system,3710.754,0.0,0.0,3710.754,0.0,12.272028
2019-10-08,7,0,reserve,system,3741.412,0.0,0.0,3741.412,0.0,0.0
2019-10-08,8,0,reserve,system,3868.468,0.0,0.0,3868.468,0.0,10.763229
2019-10-08,9,0,reserve,system,4036.174,0.0,0.0,4036.174,0.0,12.39796
2019-10-08,10,0,reserve,system,4208.101,0.0,0.0,4208.101,0.0,0.0
2019-10-08,11,0,reserve,system,4387.91,0.0,19.519288,4387.91,0.0,11.571822
2019-10-08,12,0,reserve,system,4602.457,0.0,0.0,4602.457,0.0,8.064593
2019-10-08,13,0,reserve,system,4801.128,0.0,0.0,4801.128,0.0,7.999232
2019-10-08,14,0,reserve,system,4974.856,0.0,0.0,4974.856,0.0,10.635507
2019-10-08,15,0,reserve,system,5103.16,0.0,0.0,5103.16,0.0,13.111899
2019-10-08,16,0,reserve,system,5106.042,0.0,11.382535,5106.042,0.0,17.826022
2019-10-08,17,0,reserve,system,4933.033,0.0,0.0,4933.033,0.0,4.980723
2019-10-08,18,0,reserve,system,4826.755,0.0,18.544019,4826.755,0.0,0.0
2019-10-08,19,0,reserve,system,4687.136,0.0,0.0,4687.136,0.0,26.407671
2019-10-08,20,0,reserve,system,4421.171,0.0,0.0,4421.171,0.0,8.864623
2019-10-08,21,0,reserve,system,4074.495,0.0,0.0,4074.495,0.0,7.418177
2019-10-08,22,0,reserve,system,3736.92,0.0,0.0,3736.92,0.0,5.177873
2019-10-08,23,0,reserve,system,3492.268,0.0,0.0,3492.268,0.0,6.674348
2019-10-09,0,0,reserve,system,3344.975,0.0,0.0,3344.975,0.0,5.003488
2019-10-09,1,0,reserve,system,3252.15,0.0,18.92346,3252.15,0.0,5.313475
2019-10-09,2,0,reserve,system,3218.462,0.0,0.0,3218.462,0.0,0.0
2019-10-09,3,0,reserve,system,3256.784,0.0,0.0,3256.784,0.0,0.0
2019-10-09,4,0,reserve,system,3437.586,0.0,1.44225,3437.586,0.0,4.993822
2019-10-09,5,0,reserve,system,3734.175,0.0,4.683194,3734.175,0.0,6.131355
2019-10-09,6,0,reserve,system,3856.305,0.0,0.0,3856.305,0.0,6.147292
2019-10-09,7,0,reserve,system,3914.827,0.0,0.0,3914.827,0.0,6.4339
2019-10-09,8,0,reserve,system,4107.778,0.0,35.409745,4107.778,0.0,6.897596
2019-10-09,9,0,reserve,system,4363.085,0.0,0.0,4363.085,0.0,6.350851
2019-10-09,10,0,reserve,system,4618.534,0.0,0.0,4618.534,0.0,6.48929
2019-10-09,11,0,reserve,system,4901.084,0.0,0.0,4901.084,0.0,6.568857
2019-10-09,12,0,reserve,system,5201.717,0.0,3.418271,5201.717,0.0,8.733442
2019-10-09,13,0,reserve,system,5461.759,0.0,13.233656,5461.759,0.0,10.571971
2019-10-09,14,0,reserve,system,5673.697,0.0,42.977786,5673.697,0.0,10.367925
2019-10-09,15,0,reserve,system,5796.837,0.0,0.0,5796.837,0.0,21.814288
2019-10-09,16,0,reserve,system,5775.049,0.0,0.0,5775.049,0.0,13.266304
2019-10-09,17,0,reserve,system,5611.335,0.0,0.0,5611.335,0.0,0.0
2019-10-09,18,0,reserve,system,5526.056,0.0,0.0,5526.056,0.0,1.878937
2019-10-09,19,0,reserve,system,5388.758,0.0,0.0,5388.758,0.0,26.248427
2019-10-09,20,0,reserve,system,5140.042,0.0,0.0,5140.042,0.0,9.21616
2019-10-09,21,0,reserve,system,4788.566,0.0,0.0,4788.566,0.0,7.899701
2019-10-09,22,0,reserve,system,4441.334,0.0,0.0,4441.334,0.0,4.768781
2019-10-09,23,0,reserve,system,4181.828,0.0,0.0,4181.828,0.0,10.425875
2019-10-10,0,0,reserve,system,4013.757,0.0,0.0,4013.757,0.0,7.10718
2019-10-10,1,0,reserve,system,3918.145,0.0,0.0,3918.145,0.0,3.664085
2019-10-10,2,0,reserve,system,3866.795,0.0,0.0,3866.795,0.0,0.0
2019-10-10,3,0,reserve,system,3903.947,0.0,0.0,3903.947,0.0,1.819538
2019-10-10,4,0,reserve,system,4084.93,0.0,16.482275,4084.93,0.0,8.474598
2019-10-10,5,0,reserve,system,4380.988,0.0,0.0,4380.988,0.0,5.754948
2019-10-10,6,0,reserve,system,4492.081,0.0,0.0,4492.081,0.0,11.903654
2019-10-10,7,0,reserve,system,4538.707,0.0,0.0,4538.707,0.0,0.0
2019-10-10,8,0,reserve,system,4757.08,0.0,41.594462,4757.08,0.0,10.999549
2019-10-10,9,0,reserve,system,5022.822,0.0,0.0,5022.822,0.0,7.393623
2019-10-10,10,0,reserve,system,5288.41,0.0,0.0,5288.41,0.0,8.87128
2019-10-10,11,0,reserve,system,5547.063,0.0,19.23117,5547.063,0.0,11.263185
2019-10-10,12,0,reserve,system,5809.96,0.0,0.0,5809.96,0.0,9.972809
2019-10-10,13,0,reserve,system,6013.079,0.0,0.0,6013.079,0.0,10.220481
2019-10-10,14,0,reserve,system,6162.158,0.0,0.0,6162.158,0.0,10.062317
2019-10-10,15,0,reserve,system,6234.169,0.0,0.0,6234.169,0.0,22.123669
2019-10-10,16,0,reserve,system,6151.849,0.0,0.0,6151.849,0.0,16.901151
2019-10-10,17,0,reserve,system,5935.867,0.0,0.0,5935.867,0.0,0.0
2019-10-10,18,0,reserve,system,5790.503,0.0,30.344013,5790.503,0.0,20.348974
2019-10-10,19,0,reserve,system,5578.701,0.0,0.0,5578.701,0.0,17.373844
2019-10-10,20,0,reserve,system,5208.142,0.0,0.0,5208.142,0.0,10.804021
2019-10-10,21,0,reserve,system,4778.767,0.0,0.0,4778.767,0.0,8.499215
2019-10-10,22,0,reserve,system,4379.594,0.0,0.0,4379.594,0.0,11.498867
2019-10-10,23,0,reserve,system,4075.901,0.0,0.0,4075.901,0.0,0.0
2019-10-11,0,0,reserve,system,3868.946,0.0,0.0,3868.946,0.0,0.0
2019-10-11,1,0,reserve,system,3716.865,0.0,0.0,3716.865,0.0,19.702132
2019-10-11,2,0,reserve,system,3615.431,0.0,0.0,3615.431,0.0,0.0
2019-10-11,3,0,reserve,system,3581.294,0.0,0.0,3581.294,0.0,0.0
2019-10-11,4,0,reserve,system,3665.934,0.0,0.0,3665.934,0.0,9.353984
2019-10-11,5,0,reserve,system,3857.912,0.0,0.0,3857.912,0.0,13.663695
2019-10-11,6,0,reserve,system,3933.81,0.0,0.0,3933.81,0.0,0.0
2019-10-11,7,0,reserve,system,3969.08,0.0,30.658719,3969.08,0.0,12.41172
2019-10-11,8,0,reserve,system,4030.13,0.0,0.0,4030.13,0.0,1.871992
2019-10-11,9,0,reserve,system,4042.35,0.0,0.0,4042.35,0.0,9.206497
2019-10-11,10,0,reserve,system,3981.36,0.0,0.0,3981.36,0.0,7.27397
2019-10-11,11,0,reserve,system,3902.062,0.0,0.0,3902.062,0.0,6.475891
2019-10-11,12,0,reserve,system,3857.575,0.0,0.0,3857.575,0.0,2.645816
2019-10-11,13,0,reserve,system,3812.961,0.0,0.0,3812.961,0.0,7.816104
2019-10-11,14,0,reserve,system,3756.578,0.0,0.0,3756.578,0.0,0.0
2019-10-11,15,0,reserve,system,3708.732,0.0,0.0,3708.732,0.0,0.0
2019-10-11,16,0,reserve,system,3654.914,0.0,3.901284,3654.914,0.0,5.458976
2019-10-11,17,0,reserve,system,3610.284,0.0,0.0,3610.284,0.0,2.524982
2019-10-11,18,0,reserve,system,3676.106,0.0,3.707155,3676.106,0.0,6.415457
2019-10-11,19,0,reserve,system,3645.403,0.0,0.0,3645.403,0.0,16.024399
2019-10-11,20,0,reserve,system,3540.108,0.0,0.0,3540.108,0.0,6.37901
2019-10-11,21,0,reserve,system,3396.292,0.0,0.0,3396.292,0.0,8.232812
2019-10-11,22,0,reserve,system,3225.712,0.0,0.0,3225.712,0.0,0.0
2019-10-11,23,0,reserve,system,3086.604,0.0,0.0,3086.604,0.0,0.0
2019-10-12,0,0,reserve,system,2994.76,0.0,0.0,2994.76,0.0,0.0
2019-10-12,1,0,reserve,system,2939.444,0.0,0.0,2939.444,0.0,2.366698
2019-10-12,2,0,reserve,system,2930.22,0.0,0.0,2930.22,0.0,3.923971
2019-10-12,3,0,reserve,system,2944.832,0.0,0.0,2944.832,0.0,3.743251
2019-10-12,4,0,reserve,system,3014.832,0.0,0.0,3014.832,0.0,5.030917
2019-10-12,5,0,reserve,system,3142.471,0.0,0.810378,3142.471,0.0,5.006482
2019-10-12,6,0,reserve,system,3282.369,0.0,0.0,3282.369,0.0,6.792615
2019-10-12,7,0,reserve,system,3408.769,0.0,0.0,3408.769,0.0,6.28367
2019-10-12,8,0,reserve,system,3499.885,0.0,0.0,3499.885,0.0,11.964979
2019-10-12,9,0,reserve,system,3522.986,0.0,0.0,3522.986,0.0,6.84338
2019-10-12,10,0,reserve,system,3502.413,0.0,0.0,3502.413,0.0,6.712054
2019-10-12,11,0,reserve,system,3457.914,0.0,0.0,3457.914,0.0,6.293298
2019-10-12,12,0,reserve,system,3427.939,0.0,0.0,3427.939,0.0,5.479891
2019-10-12,13,0,reserve,system,3423.065,0.0,8.355513,3423.065,0.0,5.751346
2019-10-12,14,0,reserve,system,3441.656,0.0,0.0,3441.656,0.0,5.251268
2019-10-12,15,0,reserve,system,3467.19,0.0,0.0,3467.19,0.0,5.070779
2019-10-12,16,0,reserve,system,3482.282,0.0,0.0,3482.282,0.0,0.0
2019-10-12,17,0,reserve,system,3463.946,0.0,0.0,3463.946,0.0,0.0
2019-10-12,18,0,reserve,system,3551.338,0.0,15.592778,3551.338,0.0,9.217337
2019-10-12,19,0,reserve,system,3534.685,0.0,0.0,3534.685,0.0,14.107997
2019-10-12,20,0,reserve,system,3450.764,0.0,0.0,3450.764,0.0,6.298471
2019-10-12,21,0,reserve,system,3329.549,0.0,0.0,3329.549,0.0,6.974369
2019-10-12,22,0,reserve,system,3176.159,0.0,0.0,3176.159,0.0,5.334387
2019-10-12,23,0,reserve,system,3034.977,0.0,0.0,3034.977,0.0,2.434127
2019-10-13,0,0,reserve,system,2944.268,0.0,0.0,2944.268,0.0,6.98016
2019-10-13,1,0,reserve,system,2881.549,0.0,0.0,2881.549,0.0,0.0
2019-10-13,2,0,reserve,system,2842.132,0.0,0.0,2842.132,0.0,1.702803
2019-10-13,3,0,reserve,system,2833.505,0.0,0.0,2833.505,0.0,3.174087
2019-10-13,4,0,reserve,system,2860.996,0.0,0.0,2860.996,0.0,4.074752
2019-10-13,5,0,reserve,system,2925.725,0.0,0.0,2925.725,0.0,5.614693
2019-10-13,6,0,reserve,system,3018.932,0.0,0.0,3018.932,0.0,5.818833
2019-10-13,7,0,reserve,system,3132.708,0.0,0.0,3132.708,0.0,6.126868
2019-10-13,8,0,reserve,system,3256.021,0.0,0.0,3256.021,0.0,13.032562
2019-10-13,9,0,reserve,system,3345.959,0.0,0.0,3345.959,0.0,9.579291
2019-10-13,10,0,reserve,system,3429.243,0.0,0.0,3429.243,0.0,0.0
2019-10-13,11,0,reserve,system,3516.226,0.0,0.0,3516.226,0.0,5.571178
2019-10-13,12,0,reserve,system,3616.988,0.0,0.0,3616.988,0.0,5.799105
2019-10-13,13,0,reserve,system,3749.073,0.0,0.0,3749.073,0.0,2.483817
2019-10-13,14,0,reserve,system,3899.281,0.0,24.288442,3899.281,0.0,8.722686
2019-10-13,15,0,reserve,system,4007.672,0.0,0.0,4007.672,0.0,5.148362
2019-10-13,16,0,reserve,system,4053.738,0.0,23.704159,4053.738,0.0,7.116632
2019-10-13,17,0,reserve,system,4037.842,0.0,0.0,4037.842,0.0,8.239823
2019-10-13,18,0,reserve,system,4116.879,0.0,0.0,4116.879,0.0,10.102091
2019-10-13,19,0,reserve,system,4067.507,0.0,0.0,4067.507,0.0,20.27325
2019-10-13,20,0,reserve,system,3931.948,0.0,0.0,3931.948,0.0,10.333526
2019-10-13,21,0,reserve,system,3730.653,0.0,0.0,3730.653,0.0,7.399007
2019-10-13,22,0,reserve,system,3497.484,0.0,0.0,3497.484,0.0,4.848823
2019-10-13,23,0,reserve,system,3307.4,0.0,0.0,3307.4,0.0,8.557941
2019-10-14,0,0,reserve,system,3174.367,0.0,0.0,3174.367,0.0,6.63617
2019-10-14,1,0,reserve,system,3099.903,0.0,0.0,3099.903,0.0,0.0
2019-10-14,2,0,reserve,system,3079.99,0.0,0.0,3079.99,0.0,0.0
2019-10-14,3,0,reserve,system,3119.861,0.0,0.0,3119.861,0.0,6.820521
2019-10-14,4,0,reserve,system,3270.198,0.0,0.0,3270.198,0.0,5.586372
2019-10-14,5,0,reserve,system,3497.957,0.0,0.642117,3497.957,0.0,7.25339
2019-10-14,6,0,reserve,system,3656.62,0.0,0.0,3656.62,0.0,6.561834
2019-10-14,7,0,reserve,system,3753.955,0.0,0.0,3753.955,0.0,7.763323
2019-10-14,8,0,reserve,system,3930.761,0.0,0.0,3930.761,0.0,8.463254
2019-10-14,9,0,reserve,system,4129.701,0.0,0.0,4129.701,0.0,9.686767
2019-10-14,10,0,reserve,system,4334.089,0.0,0.0,4334.089,0.0,6.486014
2019-10-14,11,0,reserve,system,4534.935,0.0,0.0,4534.935,0.0,10.940951
2019-10-14,12,0,reserve,system,4702.455,0.0,0.0,4702.455,0.0,13.391425
2019-10-14,13,0,reserve,system,4841.588,0.0,0.0,4841.588,0.0,1.321247
2019-10-14,14,0,reserve,system,4946.812,0.0,29.931057,4946.812,0.0,20.435098
2019-10-14,15,0,reserve,system,4987.229,0.0,8.729667,4987.229,0.0,13.822427
2019-10-14,16,0,reserve,system,4965.666,0.0,0.0,4965.666,0.0,0.0
2019-10-14,17,0,reserve,system,4912.88,0.0,0.0,4912.88,0.0,0.0
2019-10-14,18,0,reserve,system,4921.449,0.0,0.0,4921.449,0.0,13.852072
2019-10-14,19,0,reserve,system,4815.454,0.0,0.0,4815.454,0.0,19.289774
2019-10-14,20,0,reserve,system,4605.392,0.0,0.0,4605.392,0.0,8.323623
2019-10-14,21,0,reserve,system,4313.521,0.0,0.0,4313.521,0.0,8.047554
2019-10-14,22,0,reserve,system,4009.699,0.0,0.0,4009.699,0.0,5.035381
2019-10-14,23,0,reserve,system,3786.313,0.0,0.0,3786.313,0.0,10.134789
2019-10-15,0,0,reserve,system,3652.391,0.0,0.0,3652.391,0.0,12.093542
2019-10-15,1,0,reserve,system,3567.262,0.0,0.0,3567.262,0.0,0.0
2019-10-15,2,0,reserve,system,3528.701,0.0,0.0,3528.701,0.0,0.0
2019-10-15,3,0,reserve,system,3574.217,0.0,0.0,3574.217,0.0,9.422516
2019-10-15,4,0,reserve,system,3765.214,0.0,0.0,3765.214,0.0,5.390085
2019-10-15,5,0,reserve,system,4075.094,0.0,0.0,4075.094,0.0,8.910889
2019-10-15,6,0,reserve,system,4208.808,0.0,0.0,4208.808,0.0,11.270123
2019-10-15,7,0,reserve,system,4252.589,0.0,0.0,4252.589,0.0,3.921596
2019-10-15,8,0,reserve,system,4423.641,0.0,0.0,4423.641,0.0,12.271878
2019-10-15,9,0,reserve,system,4645.104,0.0,26.077439,4645.104,0.0,14.21973
2019-10-15,10,0,reserve,system,4873.346,0.0,0.0,4873.346,0.0,2.336535
2019-10-15,11,0,reserve,system,5098.896,0.0,0.0,5098.896,0.0,12.990425
2019-10-15,12,0,reserve,system,5283.468,0.0,0.986919,5283.468,0.0,15.426586
2019-10-15,13,0,reserve,system,5439.91,0.0,0.0,5439.91,0.0,0.0
2019-10-15,14,0,reserve,system,5597.562,0.0,14.620257,5597.562,0.0,15.908163
2019-10-15,15,0,reserve,system,5706.428,0.0,29.505417,5706.428,0.0,22.246799
2019-10-15,16,0,reserve,system,5647.999,0.0,28.213852,5647.999,0.0,19.691779
2019-10-15,17,0,reserve,system,5444.785,0.0,0.0,5444.785,0.0,14.024577
2019-10-15,18,0,reserve,system,5337.49,0.0,11.826412,5337.49,0.0,13.41876
2019-10-15,19,0,reserve,system,5165.904,0.0,0.0,5165.904,0.0,13.585825
2019-10-15,20,0,reserve,system,4887.457,0.0,0.0,4887.457,0.0,11.998332
2019-10-15,21,0,reserve,system,4521.096,0.0,0.0,4521.096,0.0,5.476676
2019-10-15,22,0,reserve,system,4146.355,0.0,0.0,4146.355,0.0,7.266065
2019-10-15,23,0,reserve,system,3837.704,0.0,0.0,3837.704,0.0,5.299932
2019-10-16,0,0,reserve,system,3630.452,0.0,0.0,3630.452,0.0,7.995119
2019-10-16,1,0,reserve,system,3490.591,0.0,17.138982,3490.591,0.0,4.77972
2019-10-16,2,0,reserve,system,3420.29,0.0,0.0,3420.29,0.0,0.0
2019-10-16,3,0,reserve,system,3417.505,0.0,0.0,3417.505,0.0,0.0
2019-10-16,4,0,reserve,system,3540.234,0.0,13.520645,3540.234,0.0,4.032221
2019-10-16,5,0,reserve,system,3779.649,0.0,4.371896,3779.649,0.0,6.476937
2019-10-16,6,0,reserve,system,3875.966,0.0,0.0,3875.966,0.0,4.97236
2019-10-16,7,0,reserve,system,3858.348,0.0,0.0,3858.348,0.0,7.096558
2019-10-16,8,0,reserve,system,3896.824,0.0,0.0,3896.824,0.0,13.198774
2019-10-16,9,0,reserve,system,3934.716,0.0,0.0,3934.716,0.0,8.030298
2019-10-16,10,0,reserve,system,3950.881,0.0,0.0,3950.881,0.0,5.166461
2019-10-16,11,0,reserve,system,3931.459,0.0,6.821705,3931.459,0.0,7.673809
2019-10-16,12,0,reserve,system,3927.341,0.0,30.026817,3927.341,0.0,5.812782
2019-10-16,13,0,reserve,system,3907.945,0.0,0.0,3907.945,0.0,8.523798
2019-10-16,14,0,reserve,system,3896.714,0.0,0.0,3896.714,0.0,0.0
2019-10-16,15,0,reserve,system,3893.707,0.0,0.0,3893.707,0.0,5.523083
2019-10-16,16,0,reserve,system,3865.286,0.0,0.0,3865.286,0.0,0.0
2019-10-16,17,0,reserve,system,3847.481,0.0,0.0,3847.481,0.0,9.714455
2019-10-16,18,0,reserve,system,3927.385,0.0,30.140871,3927.385,0.0,6.325592
2019-10-16,19,0,reserve,system,3881.346,0.0,0.0,3881.346,0.0,19.901538
2019-10-16,20,0,reserve,system,3726.941,0.0,0.0,3726.941,0.0,6.201528
2019-10-16,21,0,reserve,system,3479.593,0.0,0.0,3479.593,0.0,9.184079
2019-10-16,22,0,reserve,system,3224.37,0.0,0.0,3224.37,0.0,0.0
2019-10-16,23,0,reserve,system,3047.351,0.0,0.0,3047.351,0.0,0.0
2019-10-17,0,0,reserve,system,2943.356,0.0,0.0,2943.356,0.0,4.038039
2019-10-17,1,0,reserve,system,2880.476,0.0,0.0,2880.476,0.0,8.767305
2019-10-17,2,0,reserve,system,2866.717,0.0,0.0,2866.717,0.0,0.0
2019-10-17,3,0,reserve,system,2915.568,0.0,0.0,2915.568,0.0,0.0
2019-10-17,4,0,reserve,system,3098.635,0.0,0.546623,3098.635,0.0,5.603479
2019-10-17,5,0,reserve,system,3416.708,0.0,0.0,3416.708,0.0,5.431799
2019-10-17,6,0,reserve,system,3564.678,0.0,3.732532,3564.678,0.0,6.956177
2019-10-17,7,0,reserve,system,3572.121,0.0,0.0,3572.121,0.0,6.51839
2019-10-17,8,0,reserve,system,3597.334,0.0,0.0,3597.334,0.0,15.58251
2019-10-17,9,0,reserve,system,3623.332,0.0,0.0,3623.332,0.0,7.184139
2019-10-17,10,0,reserve,system,3639.698,0.0,0.0,3639.698,0.0,5.33125
2019-10-17,11,0,reserve,system,3661.013,0.0,0.0,3661.013,0.0,9.354459
2019-10-17,12,0,reserve,system,3709.56,0.0,0.0,3709.56,0.0,0.0
2019-10-17,13,0,reserve,system,3764.122,0.0,0.0,3764.122,0.0,0.0
2019-10-17,14,0,reserve,system,3808.29,0.0,9.794453,3808.29,0.0,9.363967
2019-10-17,15,0,reserve,system,3852.831,0.0,10.027177,3852.831,0.0,10.408712
2019-10-17,16,0,reserve,system,3856.603,0.0,0.0,3856.603,0.0,0.0
2019-10-17,17,0,reserve,system,3834.096,0.0,0.0,3834.096,0.0,9.567362
2019-10-17,18,0,reserve,system,3912.296,0.0,0.0,3912.296,0.0,5.610737
2019-10-17,19,0,reserve,system,3879.588,0.0,0.0,3879.588,0.0,20.66367
2019-10-17,20,0,reserve,system,3727.848,0.0,0.0,3727.848,0.0,6.602085
2019-10-17,21,0,reserve,system,3499.946,0.0,0.0,3499.946,0.0,6.266722
2019-10-17,22,0,reserve,system,3262.714,0.0,0.0,3262.714,0.0,3.210549
2019-10-17,23,0,reserve,system,3099.831,0.0,0.0,3099.831,0.0,4.036382
2019-10-18,0,0,reserve,system,2997.368,0.0,0.0,2997.368,0.0,6.157692
2019-10-18,1,0,reserve,system,2935.101,0.0,0.0,2935.101,0.0,0.0
2019-10-18,2,0,reserve,system,2913.35,0.0,0.0,2913.35,0.0,0.0
2019-10-18,3,0,reserve,system,2974.116,0.0,0.0,2974.116,0.0,3.491424
2019-10-18,4,0,reserve,system,3150.993,0.0,0.0,3150.993,0.0,4.270923
2019-10-18,5,0,reserve,system,3446.532,0.0,0.0,3446.532,0.0,7.397043
2019-10-18,6,0,reserve,system,3594.107,0.0,0.0,3594.107,0.0,6.048214
2019-10-18,7,0,reserve,system,3600.361,0.0,0.0,3600.361,0.0,6.652774
2019-10-18,8,0,reserve,system,3655.09,0.0,24.930659,3655.09,0.0,16.251624
2019-10-18,9,0,reserve,system,3732.966,0.0,0.0,3732.966,0.0,2.065022
2019-10-18,10,0,reserve,system,3813.046,0.0,0.0,3813.046,0.0,10.031905
2019-10-18,11,0,reserve,system,3901.704,0.0,0.0,3901.704,0.0,0.0
2019-10-18,12,0,reserve,system,4029.771,0.0,19.586504,4029.771,0.0,6.782218
2019-10-18,13,0,reserve,system,4154.805,0.0,0.0,4154.805,0.0,3.545035
2019-10-18,14,0,reserve,system,4275.029,0.0,17.501738,4275.029,0.0,5.802396
2019-10-18,15,0,reserve,system,4386.879,0.0,0.0,4386.879,0.0,10.839486
2019-10-18,16,0,reserve,system,4389.53,0.0,0.0,4389.53,0.0,6.322457
2019-10-18,17,0,reserve,system,4261.706,0.0,0.0,4261.706,0.0,0.0
2019-10-18,18,0,reserve,system,4208.605,0.0,33.794145,4208.605,0.0,9.736462
2019-10-18,19,0,reserve,system,4103.823,0.0,0.0,4103.823,0.0,20.202537
2019-10-18,20,0,reserve,system,3953.866,0.0,0.0,3953.866,0.0,6.403045
2019-10-18,21,0,reserve,system,3755.995,0.0,0.0,3755.995,0.0,6.733676
2019-10-18,22,0,reserve,system,3530.796,0.0,0.0,3530.796,0.0,4.104757
2019-10-18,23,0,reserve,system,3343.635,0.0,0.0,3343.635,0.0,5.402226
2019-10-19,0,0,reserve,system,3203.123,0.0,0.0,3203.123,0.0,5.534156
2019-10-19,1,0,reserve,system,3108.32,0.0,0.0,3108.32,0.0,0.0
2019-10-19,2,0,reserve,system,3059.627,0.0,0.0,3059.627,0.0,0.0
2019-10-19,3,0,reserve,system,3056.014,0.0,0.0,3056.014,0.0,1.854241
2019-10-19,4,0,reserve,system,3105.156,0.0,0.0,3105.156,0.0,2.570152
2019-10-19,5,0,reserve,system,3211.275,0.0,0.0,3211.275,0.0,3.837918
2019-10-19,6,0,reserve,system,3329.737,0.0,0.0,3329.737,0.0,5.715675
2019-10-19,7,0,reserve,system,3475.363,0.0,0.0,3475.363,0.0,6.905483
2019-10-19,8,0,reserve,system,3702.838,0.0,22.737423,3702.838,0.0,6.838564
2019-10-19,9,0,reserve,system,3946.857,0.0,5.251805,3946.857,0.0,14.35666
2019-10-19,10,0,reserve,system,4184.5,0.0,0.0,4184.5,0.0,0.0
2019-10-19,11,0,reserve,system,4421.531,0.0,0.0,4421.531,0.0,12.721895
2019-10-19,12,0,reserve,system,4643.601,0.0,0.0,4643.601,0.0,10.987201
2019-10-19,13,0,reserve,system,4828.429,0.0,0.0,4828.429,0.0,2.696885
2019-10-19,14,0,reserve,system,4996.79,0.0,50.0,4996.79,0.0,12.82309
2019-10-19,15,0,reserve,system,5081.917,0.0,0.0,5081.917,0.0,8.704914
2019-10-19,16,0,reserve,system,5035.64,0.0,0.0,5035.64,0.0,9.907796
2019-10-19,17,0,reserve,system,4849.229,0.0,0.0,4849.229,0.0,14.762945
2019-10-19,18,0,reserve,system,4718.617,0.0,0.0,4718.617,0.0,13.337339
2019-10-19,19,0,reserve,system,4529.411,0.0,0.0,4529.411,0.0,8.371158
2019-10-19,20,0,reserve,system,4334.232,0.0,0.0,4334.232,0.0,7.681114
2019-10-19,21,0,reserve,system,4094.918,0.0,0.0,4094.918,0.0,9.150263
2019-10-19,22,0,reserve,system,3850.996,0.0,0.0,3850.996,0.0,4.773645
2019-10-19,23,0,reserve,system,3644.863,0.0,0.0,3644.863,0.0,10.050911
2019-10-20,0,0,reserve,system,3472.931,0.0,0.0,3472.931,0.0,11.318133
2019-10-20,1,0,reserve,system,3346.118,0.0,0.0,3346.118,0.0,3.100946
2019-10-20,2,0,reserve,system,3263.266,0.0,0.0,3263.266,0.0,9.377516
2019-10-20,3,0,reserve,system,3225.877,0.0,0.0,3225.877,0.0,0.0
2019-10-20,4,0,reserve,system,3226.354,0.0,0.0,3226.354,0.0,0.0
2019-10-20,5,0,reserve,system,3269.793,0.0,0.0,3269.793,0.0,8.991746
2019-10-20,6,0,reserve,system,3346.018,0.0,0.0,3346.018,0.0,4.223331
2019-10-20,7,0,reserve,system,3480.731,0.0,0.0,3480.731,0.0,6.164529
2019-10-20,8,0,reserve,system,3723.566,0.0,0.0,3723.566,0.0,6.857673
2019-10-20,9,0,reserve,system,3974.227,0.0,13.479653,3974.227,0.0,6.5217
2019-10-20,10,0,reserve,system,4217.328,0.0,0.0,4217.328,0.0,9.633804
2019-10-20,11,0,reserve,system,4471.915,0.0,0.0,4471.915,0.0,2.933354
2019-10-20,12,0,reserve,system,4734.355,0.0,0.0,4734.355,0.0,7.086176
2019-10-20,13,0,reserve,system,4969.104,0.0,12.050256,4969.104,0.0,6.556893
2019-10-20,14,0,reserve,system,5151.619,0.0,0.0,5151.619,0.0,7.773928
2019-10-20,15,0,reserve,system,5256.423,0.0,19.029922,5256.423,0.0,11.226811
2019-10-20,16,0,reserve,system,5250.193,0.0,20.672575,5250.193,0.0,16.980704
2019-10-20,17,0,reserve,system,5151.72,0.0,0.0,5151.72,0.0,0.0
2019-10-20,18,0,reserve,system,5168.875,0.0,0.0,5168.875,0.0,13.966073
2019-10-20,19,0,reserve,system,5029.737,0.0,0.0,5029.737,0.0,23.248768
2019-10-20,20,0,reserve,system,4750.065,0.0,0.0,4750.065,0.0,7.47323
2019-10-20,21,0,reserve,system,4453.92,0.0,0.0,4453.92,0.0,7.910187
2019-10-20,22,0,reserve,system,4178.375,0.0,0.0,4178.375,0.0,3.809574
2019-10-20,23,0,reserve,system,3960.484,0.0,0.0,3960.484,0.0,10.711289
2019-10-21,0,0,reserve,system,3753.921,0.0,0.0,3753.921,0.0,10.149743
2019-10-21,1,0,reserve,system,3624.31,0.0,0.0,3624.31,0.0,0.0
2019-10-21,2,0,reserve,system,3521.251,0.0,0.0,3521.251,0.0,0.0
2019-10-21,3,0,reserve,system,3475.343,0.0,0.0,3475.343,0.0,8.916349
2019-10-21,4,0,reserve,system,3578.83,0.0,0.0,3578.83,0.0,0.0
2019-10-21,5,0,reserve,system,3803.402,0.0,0.0,3803.402,0.0,9.766716
2019-10-21,6,0,reserve,system,3863.235,0.0,0.0,3863.235,0.0,4.994737
2019-10-21,7,0,reserve,system,3829.449,0.0,0.0,3829.449,0.0,6.859183
2019-10-21,8,0,reserve,system,3869.012,0.0,0.0,3869.012,0.0,7.719068
2019-10-21,9,0,reserve,system,3947.762,0.0,0.0,3947.762,0.0,13.564324
2019-10-21,10,0,reserve,system,4024.277,0.0,0.0,4024.277,0.0,0.0
2019-10-21,11,0,reserve,system,4101.794,0.0,0.0,4101.794,0.0,11.44439
2019-10-21,12,0,reserve,system,4212.275,0.0,0.0,4212.275,0.0,11.400165
2019-10-21,13,0,reserve,system,4335.833,0.0,0.0,4335.833,0.0,0.0
2019-10-21,14,0,reserve,system,4446.683,0.0,0.0,4446.683,0.0,11.217961
2019-10-21,15,0,reserve,system,4510.489,0.0,0.0,4510.489,0.0,24.896867
2019-10-21,16,0,reserve,system,4464.403,0.0,0.0,4464.403,0.0,0.0
2019-10-21,17,0,reserve,system,4321.249,0.0,0.0,4321.249,0.0,0.0
2019-10-21,18,0,reserve,system,4287.375,0.0,0.0,4287.375,0.0,18.768273
2019-10-21,19,0,reserve,system,4150.339,0.0,0.0,4150.339,0.0,15.753292
2019-10-21,20,0,reserve,system,3906.887,0.0,0.0,3906.887,0.0,7.979281
2019-10-21,21,0,reserve,system,3600.137,0.0,0.0,3600.137,0.0,9.939811
2019-10-21,22,0,reserve,system,3303.556,0.0,0.0,3303.556,0.0,0.0
2019-10-21,23,0,reserve,system,3097.562,0.0,0.0,3097.562,0.0,0.0
2019-10-22,0,0,reserve,system,2970.44,0.0,0.0,2970.44,0.0,3.249783
2019-10-22,1,0,reserve,system,2899.252,0.0,0.0,2899.252,0.0,0.0
2019-10-22,2,0,reserve,system,2883.295,0.0,0.0,2883.295,0.0,4.859424
2019-10-22,3,0,reserve,system,2931.654,0.0,0.0,2931.654,0.0,7.519732
2019-10-22,4,0,reserve,system,3107.316,0.0,0.0,3107.316,0.0,0.0
2019-10-22,5,0,reserve,system,3429.268,0.0,0.0,3429.268,0.0,9.148916
2019-10-22,6,0,reserve,system,3572.117,0.0,0.0,3572.117,0.0,13.470229
2019-10-22,7,0,reserve,system,3560.554,0.0,0.0,3560.554,0.0,0.0
2019-10-22,8,0,reserve,system,3603.198,0.0,0.0,3603.198,0.0,13.885714
2019-10-22,9,0,reserve,system,3676.197,0.0,0.0,3676.197,0.0,10.060814
2019-10-22,10,0,reserve,system,3744.974,0.0,0.0,3744.974,0.0,5.408911
2019-10-22,11,0,reserve,system,3816.364,0.0,0.0,3816.364,0.0,9.366685
2019-10-22,12,0,reserve,system,3914.547,0.0,0.0,3914.547,0.0,0.0
2019-10-22,13,0,reserve,system,4009.212,0.0,0.0,4009.212,0.0,0.084357
2019-10-22,14,0,reserve,system,4095.067,0.0,0.0,4095.067,0.0,9.231484
2019-10-22,15,0,reserve,system,4175.924,0.0,0.0,4175.924,0.0,5.514377
2019-10-22,16,0,reserve,system,4177.886,0.0,0.0,4177.886,0.0,8.161521
2019-10-22,17,0,reserve,system,4092.286,0.0,0.0,4092.286,0.0,7.049686
2019-10-22,18,0,reserve,system,4105.011,0.0,0.0,4105.011,0.0,21.39285
2019-10-22,19,0,reserve,system,4003.173,0.0,0.0,4003.173,0.0,10.913185
2019-10-22,20,0,reserve,system,3819.27,0.0,0.0,3819.27,0.0,6.698949
2019-10-22,21,0,reserve,system,3552.436,0.0,0.0,3552.436,0.0,6.712994
2019-10-22,22,0,reserve,system,3280.664,0.0,0.0,3280.664,0.0,3.342857
2019-10-22,23,0,reserve,system,3074.628,0.0,0.0,3074.628,0.0,2.43127
2019-10-23,0,0,reserve,system,2960.396,0.0,0.0,2960.396,0.0,2.112677
2019-10-23,1,0,reserve,system,2889.576,0.0,0.0,2889.576,0.0,0.0
2019-10-23,2,0,reserve,system,2879.723,0.0,0.0,2879.723,0.0,0.0
2019-10-23,3,0,reserve,system,2937.658,0.0,0.0,2937.658,0.0,1.522862
2019-10-23,4,0,reserve,system,3124.846,0.0,0.0,3124.846,0.0,2.472049
2019-10-23,5,0,reserve,system,3454.849,0.0,0.072773,3454.849,0.0,4.236553
2019-10-23,6,0,reserve,system,3587.898,0.0,0.0,3587.898,0.0,4.015419
2019-10-23,7,0,reserve,system,3588.177,0.0,0.0,3588.177,0.0,4.468988
2019-10-23,8,0,reserve,system,3653.82,0.0,0.0,3653.82,0.0,5.976415
2019-10-23,9,0,reserve,system,3766.823,0.0,0.0,3766.823,0.0,5.612652
2019-10-23,10,0,reserve,system,3878.631,0.0,0.0,3878.631,0.0,6.371062
2019-10-23,11,0,reserve,system,3980.653,0.0,12.661535,3980.653,0.0,6.50191
2019-10-23,12,0,reserve,system,4104.092,0.0,10.036855,4104.092,0.0,11.052304
2019-10-23,13,0,reserve,system,4216.444,0.0,17.74978,4216.444,0.0,0.0
2019-10-23,14,0,reserve,system,4347.096,0.0,0.0,4347.096,0.0,9.220575
2019-10-23,15,0,reserve,system,4445.586,0.0,0.0,4445.586,0.0,5.979039
2019-10-23,16,0,reserve,system,4440.13,0.0,0.0,4440.13,0.0,10.882561
2019-10-23,17,0,reserve,system,4355.825,0.0,0.0,4355.825,0.0,1.628828
2019-10-23,18,0,reserve,system,4374.013,0.0,30.140871,4374.013,0.0,10.257012
2019-10-23,19,0,reserve,system,4290.192,0.0,0.0,4290.192,0.0,22.399189
2019-10-23,20,0,reserve,system,4109.571,0.0,0.0,4109.571,0.0,8.117937
2019-10-23,21,0,reserve,system,3834.724,0.0,0.0,3834.724,0.0,8.306189
2019-10-23,22,0,reserve,system,3544.382,0.0,0.0,3544.382,0.0,2.970438
2019-10-23,23,0,reserve,system,3332.144,0.0,0.0,3332.144,0.0,5.812951
2019-10-24,0,0,reserve,system,3182.255,0.0,0.0,3182.255,0.0,2.047551
2019-10-24,1,0,reserve,system,3100.364,0.0,0.0,3100.364,0.0,0.0
2019-10-24,2,0,reserve,system,3064.388,0.0,0.0,3064.388,0.0,3.089293
2019-10-24,3,0,reserve,system,3097.012,0.0,0.0,3097.012,0.0,3.45637
2019-10-24,4,0,reserve,system,3268.261,0.0,0.0,3268.261,0.0,3.983903
2019-10-24,5,0,reserve,system,3578.872,0.0,0.0,3578.872,0.0,7.80126
2019-10-24,6,0,reserve,system,3725.049,0.0,0.0,3725.049,0.0,8.23547
2019-10-24,7,0,reserve,system,3743.464,0.0,0.0,3743.464,0.0,2.211081
2019-10-24,8,0,reserve,system,3857.093,0.0,0.0,3857.093,0.0,16.391358
2019-10-24,9,0,reserve,system,3996.678,0.0,0.0,3996.678,0.0,3.583323
2019-10-24,10,0,reserve,system,4155.782,0.0,0.0,4155.782,0.0,0.77044
2019-10-24,11,0,reserve,system,4283.581,0.0,0.0,4283.581,0.0,6.528161
2019-10-24,12,0,reserve,system,4403.541,0.0,9.066675,4403.541,0.0,6.147043
2019-10-24,13,0,reserve,system,4462.311,0.0,11.559029,4462.311,0.0,5.783513
2019-10-24,14,0,reserve,system,4484.247,0.0,17.429473,4484.247,0.0,6.102082
2019-10-24,15,0,reserve,system,4506.511,0.0,0.0,4506.511,0.0,6.623829
2019-10-24,16,0,reserve,system,4470.748,0.0,0.0,4470.748,0.0,6.535236
2019-10-24,17,0,reserve,system,4416.731,0.0,22.696614,4416.731,0.0,24.468018
2019-10-24,18,0,reserve,system,4400.789,0.0,0.0,4400.789,0.0,8.734802
2019-10-24,19,0,reserve,system,4280.909,0.0,0.0,4280.909,0.0,6.990579
2019-10-24,20,0,reserve,system,4073.276,0.0,0.0,4073.276,0.0,8.97924
2019-10-24,21,0,reserve,system,3790.489,0.0,0.0,3790.489,0.0,0.0
2019-10-24,22,0,reserve,system,3501.412,0.0,0.0,3501.412,0.0,8.536099
2019-10-24,23,0,reserve,system,3301.171,0.0,0.0,3301.171,0.0,0.0
2019-10-25,0,0,reserve,system,3162.922,0.0,0.0,3162.922,0.0,2.887804
2019-10-25,1,0,reserve,system,3071.781,0.0,0.0,3071.781,0.0,2.225844
2019-10-25,2,0,reserve,system,3025.033,0.0,0.0,3025.033,0.0,0.0
2019-10-25,3,0,reserve,system,3048.994,0.0,0.0,3048.994,0.0,0.0
2019-10-25,4,0,reserve,system,3225.95,0.0,4.398264,3225.95,0.0,5.614934
2019-10-25,5,0,reserve,system,3570.778,0.0,0.0,3570.778,0.0,3.848498
2019-10-25,6,0,reserve,system,3777.14,0.0,0.0,3777.14,0.0,5.650642
2019-10-25,7,0,reserve,system,3823.738,0.0,0.0,3823.738,0.0,4.631792
2019-10-25,8,0,reserve,system,3860.494,0.0,16.223915,3860.494,0.0,10.575742
2019-10-25,9,0,reserve,system,3894.813,0.0,12.868362,3894.813,0.0,6.426554
2019-10-25,10,0,reserve,system,3879.055,0.0,0.0,3879.055,0.0,12.564834
2019-10-25,11,0,reserve,system,3842.642,0.0,0.0,3842.642,0.0,3.644369
2019-10-25,12,0,reserve,system,3823.676,0.0,0.0,3823.676,0.0,7.068226
2019-10-25,13,0,reserve,system,3795.755,0.0,0.0,3795.755,0.0,0.0
2019-10-25,14,0,reserve,system,3766.2,0.0,0.0,3766.2,0.0,0.0
2019-10-25,15,0,reserve,system,3770.874,0.0,22.887356,3770.874,0.0,5.881247
2019-10-25,16,0,reserve,system,3781.051,0.0,1.394602,3781.051,0.0,4.039159
2019-10-25,17,0,reserve,system,3807.695,0.0,5.437667,3807.695,0.0,6.370577
2019-10-25,18,0,reserve,system,3858.791,0.0,0.0,3858.791,0.0,6.090419
2019-10-25,19,0,reserve,system,3821.74,0.0,1.753256,3821.74,0.0,15.567676
2019-10-25,20,0,reserve,system,3733.1,0.0,0.0,3733.1,0.0,8.236681
2019-10-25,21,0,reserve,system,3590.336,0.0,0.0,3590.336,0.0,0.0
2019-10-25,22,0,reserve,system,3426.368,0.0,0.0,3426.368,0.0,8.914447
2019-10-25,23,0,reserve,system,3281.559,0.0,0.0,3281.559,0.0,4.075686
2019-10-26,0,0,reserve,system,3179.689,0.0,0.0,3179.689,0.0,6.833226
2019-10-26,1,0,reserve,system,3120.175,0.0,0.0,3120.175,0.0,0.0
2019-10-26,2,0,reserve,system,3101.671,0.0,0.0,3101.671,0.0,0.0
2019-10-26,3,0,reserve,system,3122.839,0.0,0.0,3122.839,0.0,6.475478
2019-10-26,4,0,reserve,system,3201.272,0.0,0.0,3201.272,0.0,3.729295
2019-10-26,5,0,reserve,system,3340.707,0.0,0.0,3340.707,0.0,5.995794
2019-10-26,6,0,reserve,system,3504.918,0.0,0.0,3504.918,0.0,6.891137
2019-10-26,7,0,reserve,system,3619.442,0.0,0.0,3619.442,0.0,6.48953
2019-10-26,8,0,reserve,system,3673.449,0.0,0.0,3673.449,0.0,16.164643
2019-10-26,9,0,reserve,system,3657.793,0.0,0.0,3657.793,0.0,7.061727
2019-10-26,10,0,reserve,system,3570.994,0.0,0.0,3570.994,0.0,6.806064
2019-10-26,11,0,reserve,system,3493.129,0.0,0.0,3493.129,0.0,5.915035
2019-10-26,12,0,reserve,system,3439.413,0.0,0.0,3439.413,0.0,0.0
2019-10-26,13,0,reserve,system,3410.765,0.0,0.0,3410.765,0.0,0.0
2019-10-26,14,0,reserve,system,3412.229,0.0,0.0,3412.229,0.0,5.627717
2019-10-26,15,0,reserve,system,3431.535,0.0,0.0,3431.535,0.0,5.130377
2019-10-26,16,0,reserve,system,3446.083,0.0,0.0,3446.083,0.0,3.284191
2019-10-26,17,0,reserve,system,3454.551,0.0,0.0,3454.551,0.0,7.822264
2019-10-26,18,0,reserve,system,3549.769,0.0,0.0,3549.769,0.0,6.287156
2019-10-26,19,0,reserve,system,3517.022,0.0,0.0,3517.022,0.0,17.708348
2019-10-26,20,0,reserve,system,3445.042,0.0,0.0,3445.042,0.0,5.569016
2019-10-26,21,0,reserve,system,3327.865,0.0,0.0,3327.865,0.0,9.168057
2019-10-26,22,0,reserve,system,3194.791,0.0,0.0,3194.791,0.0,0.0
2019-10-26,23,0,reserve,system,3072.485,0.0,0.0,3072.485,0.0,0.0
2019-10-27,0,0,reserve,system,2990.639,0.0,0.0,2990.639,0.0,5.739856
2019-10-27,1,0,reserve,system,2942.982,0.0,0.0,2942.982,0.0,2.309332
2019-10-27,2,0,reserve,system,2925.979,0.0,0.0,2925.979,0.0,0.0
2019-10-27,3,0,reserve,system,2943.257,0.0,0.0,2943.257,0.0,0.0
2019-10-27,4,0,reserve,system,2995.444,0.0,0.0,2995.444,0.0,3.759064
2019-10-27,5,0,reserve,system,3107.306,0.0,0.0,3107.306,0.0,2.926651
2019-10-27,6,0,reserve,system,3240.643,0.0,0.0,3240.643,0.0,5.790878
2019-10-27,7,0,reserve,system,3359.714,0.0,0.0,3359.714,0.0,6.442808
2019-10-27,8,0,reserve,system,3426.968,0.0,6.392521,3426.968,0.0,15.179997
2019-10-27,9,0,reserve,system,3438.993,0.0,0.0,3438.993,0.0,5.819317
2019-10-27,10,0,reserve,system,3443.454,0.0,0.0,3443.454,0.0,3.952655
2019-10-27,11,0,reserve,system,3456.409,0.0,0.0,3456.409,0.0,4.504786
2019-10-27,12,0,reserve,system,3491.917,0.0,0.0,3491.917,0.0,1.243736
2019-10-27,13,0,reserve,system,3551.559,0.0,0.0,3551.559,0.0,0.0
2019-10-27,14,0,reserve,system,3627.127,0.0,2.895853,3627.127,0.0,3.92133
2019-10-27,15,0,reserve,system,3701.461,0.0,0.0,3701.461,0.0,6.408119
2019-10-27,16,0,reserve,system,3752.272,0.0,32.468779,3752.272,0.0,4.898428
2019-10-27,17,0,reserve,system,3764.959,0.0,35.434555,3764.959,0.0,7.03685
2019-10-27,18,0,reserve,system,3869.013,0.0,30.140871,3869.013,0.0,7.560881
2019-10-27,19,0,reserve,system,3815.866,0.0,0.0,3815.866,0.0,18.518065
2019-10-27,20,0,reserve,system,3686.674,0.0,0.0,3686.674,0.0,6.103454
2019-10-27,21,0,reserve,system,3481.22,0.0,0.0,3481.22,0.0,7.821094
2019-10-27,22,0,reserve,system,3236.725,0.0,0.0,3236.725,0.0,3.521612
2019-10-27,23,0,reserve,system,3048.548,0.0,0.0,3048.548,0.0,2.768109
2019-10-28,0,0,reserve,system,2933.716,0.0,0.0,2933.716,0.0,6.602734
2019-10-28,1,0,reserve,system,2883.841,0.0,0.0,2883.841,0.0,0.0
2019-10-28,2,0,reserve,system,2889.134,0.0,0.0,2889.134,0.0,0.0
2019-10-28,3,0,reserve,system,2960.131,0.0,12.965308,2960.131,0.0,4.40202
2019-10-28,4,0,reserve,system,3158.985,0.0,8.348028,3158.985,0.0,3.09064
2019-10-28,5,0,reserve,system,3493.005,0.0,10.986258,3493.005,0.0,7.892201
2019-10-28,6,0,reserve,system,3659.884,0.0,11.334194,3659.884,0.0,6.692029
2019-10-28,7,0,reserve,system,3657.096,0.0,14.587637,3657.096,0.0,6.186562
2019-10-28,8,0,reserve,system,3717.639,0.0,32.249176,3717.639,0.0,19.236629
2019-10-28,9,0,reserve,system,3801.135,0.0,16.030015,3801.135,0.0,9.392983
2019-10-28,10,0,reserve,system,3859.741,0.0,0.0,3859.741,0.0,0.0
2019-10-28,11,0,reserve,system,3910.901,0.0,0.0,3910.901,0.0,9.813308
2019-10-28,12,0,reserve,system,3975.105,0.0,0.0,3975.105,0.0,9.835823
2019-10-28,13,0,reserve,system,4026.384,0.0,0.0,4026.384,0.0,0.0
2019-10-28,14,0,reserve,system,4059.514,0.0,0.0,4059.514,0.0,0.0
2019-10-28,15,0,reserve,system,4101.431,0.0,0.0,4101.431,0.0,9.373917
2019-10-28,16,0,reserve,system,4115.639,0.0,34.665263,4115.639,0.0,5.385804
2019-10-28,17,0,reserve,system,4136.02,0.0,0.0,4136.02,0.0,8.117111
2019-10-28,18,0,reserve,system,4200.25,0.0,0.0,4200.25,0.0,20.661626
2019-10-28,19,0,reserve,system,4141.092,0.0,0.0,4141.092,0.0,10.008289
2019-10-28,20,0,reserve,system,3982.322,0.0,0.0,3982.322,0.0,7.721439
2019-10-28,21,0,reserve,system,3732.294,0.0,0.0,3732.294,0.0,5.420657
2019-10-28,22,0,reserve,system,3465.074,0.0,0.0,3465.074,0.0,2.164168
2019-10-28,23,0,reserve,system,3294.261,0.0,0.0,3294.261,0.0,5.581531
2019-10-29,0,0,reserve,system,3198.052,0.0,0.0,3198.052,0.0,0.84385
2019-10-29,1,0,reserve,system,3141.66,0.0,0.085699,3141.66,0.0,0.843454
2019-10-29,2,0,reserve,system,3131.029,0.0,0.0,3131.029,0.0,2.170846
2019-10-29,3,0,reserve,system,3195.066,0.0,0.0,3195.066,0.0,3.225701
2019-10-29,4,0,reserve,system,3398.851,0.0,27.810305,3398.851,0.0,3.903909
2019-10-29,5,0,reserve,system,3729.499,0.0,9.938803,3729.499,0.0,6.380298
2019-10-29,6,0,reserve,system,3902.988,0.0,0.0,3902.988,0.0,11.114289
2019-10-29,7,0,reserve,system,3917.692,0.0,0.0,3917.692,0.0,0.0
2019-10-29,8,0,reserve,system,3977.626,0.0,0.0,3977.626,0.0,10.561881
2019-10-29,9,0,reserve,system,4051.545,0.0,0.0,4051.545,0.0,14.526882
2019-10-29,10,0,reserve,system,4089.655,0.0,0.0,4089.655,0.0,0.0
2019-10-29,11,0,reserve,system,4115.882,0.0,0.0,4115.882,0.0,6.996822
2019-10-29,12,0,reserve,system,4130.087,0.0,0.0,4130.087,0.0,11.014906
2019-10-29,13,0,reserve,system,4126.474,0.0,0.0,4126.474,0.0,9.63188
2019-10-29,14,0,reserve,system,4128.401,0.0,0.0,4128.401,0.0,0.0
2019-10-29,15,0,reserve,system,4165.978,0.0,0.0,4165.978,0.0,1.351848
2019-10-29,16,0,reserve,system,4203.635,0.0,19.868752,4203.635,0.0,7.429753
2019-10-29,17,0,reserve,system,4270.58,0.0,13.808429,4270.58,0.0,6.580458
2019-10-29,18,0,reserve,system,4326.613,0.0,17.901532,4326.613,0.0,6.436356
2019-10-29,19,0,reserve,system,4274.225,0.0,0.0,4274.225,0.0,18.286065
2019-10-29,20,0,reserve,system,4128.131,0.0,0.0,4128.131,0.0,6.564329
2019-10-29,21,0,reserve,system,3898.45,0.0,0.0,3898.45,0.0,5.927845
2019-10-29,22,0,reserve,system,3658.555,0.0,0.360622,3658.555,0.0,0.41134
2019-10-29,23,0,reserve,system,3495.934,0.0,0.0,3495.934,0.0,7.921322
2019-10-30,0,0,reserve,system,3400.545,0.0,0.0,3400.545,0.0,7.523374
2019-10-30,1,0,reserve,system,3348.148,0.0,0.0,3348.148,0.0,0.0
2019-10-30,2,0,reserve,system,3341.102,0.0,2.407056,3341.102,0.0,0.282494
2019-10-30,3,0,reserve,system,3415.136,0.0,0.0,3415.136,0.0,4.650552
2019-10-30,4,0,reserve,system,3633.526,0.0,0.0,3633.526,0.0,3.574376
2019-10-30,5,0,reserve,system,3962.488,0.0,36.127063,3962.488,0.0,7.505574
2019-10-30,6,0,reserve,system,4127.724,0.0,0.0,4127.724,0.0,6.019354
2019-10-30,7,0,reserve,system,4160.37,0.0,0.0,4160.37,0.0,6.649989
2019-10-30,8,0,reserve,system,4206.215,0.0,0.0,4206.215,0.0,12.961301
2019-10-30,9,0,reserve,system,4242.928,0.0,0.0,4242.928,0.0,8.675861
2019-10-30,10,0,reserve,system,4262.183,0.0,0.0,4262.183,0.0,6.946028
2019-10-30,11,0,reserve,system,4262.493,0.0,0.0,4262.493,0.0,5.320043
2019-10-30,12,0,reserve,system,4263.209,0.0,0.0,4263.209,0.0,9.361082
2019-10-30,13,0,reserve,system,4256.729,0.0,0.0,4256.729,0.0,0.0
2019-10-30,14,0,reserve,system,4268.33,0.0,0.0,4268.33,0.0,0.0
2019-10-30,15,0,reserve,system,4330.2,0.0,0.0,4330.2,0.0,9.367091
2019-10-30,16,0,reserve,system,4397.206,0.0,0.563258,4397.206,0.0,5.756905
2019-10-30,17,0,reserve,system,4510.218,0.0,0.0,4510.218,0.0,11.723254
2019-10-30,18,0,reserve,system,4568.19,0.0,0.0,4568.19,0.0,-0.0
2019-10-30,19,0,reserve,system,4536.74,0.0,3.058898,4536.74,0.0,22.490569
2019-10-30,20,0,reserve,system,4421.269,0.0,0.0,4421.269,0.0,6.606308
2019-10-30,21,0,reserve,system,4217.722,0.0,0.0,4217.722,0.0,4.924425
2019-10-30,22,0,reserve,system,4016.057,0.0,0.0,4016.057,0.0,4.195202
2019-10-30,23,0,reserve,system,3882.115,0.0,0.0,3882.115,0.0,9.666672
2019-10-31,0,0,reserve,system,3831.921,0.0,21.07219,3831.921,0.0,39.003953
2019-10-31,1,0,reserve,system,3839.962,0.0,41.800767,3839.962,0.0,3.670976
2019-10-31,2,0,reserve,system,3890.877,0.0,0.0,3890.877,0.0,0.590988
2019-10-31,3,0,reserve,system,4009.669,0.0,0.0,4009.669,0.0,4.329464
2019-10-31,4,0,reserve,system,4299.865,0.0,0.0,4299.865,0.0,8.072595
2019-10-31,5,0,reserve,system,4737.902,0.0,0.0,4737.902,0.0,10.844597
2019-10-31,6,0,reserve,system,4943.294,0.0,0.0,4943.294,0.0,9.12429
2019-10-31,7,0,reserve,system,4863.782,0.0,0.0,4863.782,0.0,19.895102
2019-10-31,8,0,reserve,system,4746.041,0.0,0.0,4746.041,0.0,9.290512
2019-10-31,9,0,reserve,system,4616.756,0.0,0.0,4616.756,0.0,10.37086
2019-10-31,10,0,reserve,system,4459.334,0.0,0.0,4459.334,0.0,8.681868
2019-10-31,11,0,reserve,system,4273.907,0.0,0.0,4273.907,0.0,7.734401
2019-10-31,12,0,reserve,system,4132.011,0.0,0.0,4132.011,0.0,5.935108
2019-10-31,13,0,reserve,system,3993.213,0.0,0.0,3993.213,0.0,8.309884
2019-10-31,14,0,reserve,system,3881.081,0.0,0.0,3881.081,0.0,2.704796
2019-10-31,15,0,reserve,system,3848.164,0.0,0.0,3848.164,0.0,4.64012
2019-10-31,16,0,reserve,system,3858.884,0.0,0.0,3858.884,0.0,0.0
2019-10-31,17,0,reserve,system,3948.322,0.0,0.0,3948.322,0.0,9.978462
2019-10-31,18,0,reserve,system,4133.772,0.0,0.0,4133.772,0.0,9.855648
2019-10-31,19,0,reserve,system,4249.389,0.0,0.0,4249.389,0.0,15.625366
2019-10-31,20,0,reserve,system,4293.655,0.0,0.0,4293.655,0.0,9.881793
2019-10-31,21,0,reserve,system,4190.361,0.0,0.0,4190.361,0.0,9.614808
2019-10-31,22,0,reserve,system,4041.007,0.0,0.0,4041.007,0.0,5.197904
2019-10-31,23,0,reserve,system,3950.957,0.0,0.0,3950.957,0.0,9.733629
2019-11-01,0,0,reserve,system,3945.681,0.0,20.923249,3945.681,0.0,36.474636
2019-11-01,1,0,reserve,system,3970.776,0.0,0.0,3970.776,0.0,0.0
2019-11-01,2,0,reserve,system,4028.332,0.0,0.0,4028.332,0.0,3.024139
2019-11-01,3,0,reserve,system,4150.485,0.0,0.0,4150.485,0.0,10.157511
2019-11-01,4,0,reserve,system,4417.435,0.0,0.0,4417.435,0.0,7.568776
2019-11-01,5,0,reserve,system,4813.833,0.0,0.0,4813.833,0.0,10.594318
2019-11-01,6,0,reserve,system,4974.323,0.0,0.0,4974.323,0.0,17.593604
2019-11-01,7,0,reserve,system,4870.123,0.0,0.0,4870.123,0.0,9.266094
2019-11-01,8,0,reserve,system,4665.296,0.0,0.0,4665.296,0.0,10.305108
2019-11-01,9,0,reserve,system,4444.599,0.0,0.0,4444.599,0.0,8.515265
2019-11-01,10,0,reserve,system,4231.442,0.0,0.0,4231.442,0.0,7.49616
2019-11-01,11,0,reserve,system,4034.946,0.0,0.0,4034.946,0.0,5.183707
2019-11-01,12,0,reserve,system,3900.587,0.0,0.0,3900.587,0.0,9.349492
2019-11-01,13,0,reserve,system,3784.518,0.0,0.0,3784.518,0.0,0.0
2019-11-01,14,0,reserve,system,3683.074,0.0,0.0,3683.074,0.0,0.0
2019-11-01,15,0,reserve,system,3654.868,0.0,0.0,3654.868,0.0,11.400431
2019-11-01,16,0,reserve,system,3659.556,0.0,0.0,3659.556,0.0,0.0
2019-11-01,17,0,reserve,system,3732.571,0.0,0.0,3732.571,0.0,9.345947
2019-11-01,18,0,reserve,system,3870.392,0.0,28.413359,3870.392,0.0,9.139388
2019-11-01,19,0,reserve,system,3879.164,0.0,0.0,3879.164,0.0,21.442577
2019-11-01,20,0,reserve,system,3827.597,0.0,0.0,3827.597,0.0,9.069128
2019-11-01,21,0,reserve,system,3725.697,0.0,0.0,3725.697,0.0,9.871946
2019-11-01,22,0,reserve,system,3601.496,0.0,0.0,3601.496,0.0,0.0
2019-11-01,23,0,reserve,system,3511.61,0.0,0.0,3511.61,0.0,0.0
2019-11-02,0,0,reserve,system,3464.716,0.0,0.0,3464.716,0.0,10.699853
2019-11-02,1,0,reserve,system,3457.968,0.0,0.0,3457.968,0.0,1.457113
2019-11-02,2,0,reserve,system,3473.067,0.0,0.0,3473.067,0.0,0.0
2019-11-02,3,0,reserve,system,3533.511,0.0,0.0,3533.511,0.0,6.997437
2019-11-02,4,0,reserve,system,3646.999,0.0,0.0,3646.999,0.0,4.211413
2019-11-02,5,0,reserve,system,3833.298,0.0,5.200773,3833.298,0.0,6.944192
2019-11-02,6,0,reserve,system,4020.505,0.0,0.0,4020.505,0.0,6.58881
2019-11-02,7,0,reserve,system,4115.318,0.0,0.0,4115.318,0.0,18.328102
2019-11-02,8,0,reserve,system,4059.711,0.0,3.20441,4059.711,0.0,8.004828
2019-11-02,9,0,reserve,system,3934.294,0.0,0.0,3934.294,0.0,6.674452
2019-11-02,10,0,reserve,system,3792.411,0.0,0.0,3792.411,0.0,7.089538
2019-11-02,11,0,reserve,system,3649.018,0.0,0.0,3649.018,0.0,5.82978
2019-11-02,12,0,reserve,system,3547.386,0.0,0.0,3547.386,0.0,9.629441
2019-11-02,13,0,reserve,system,3466.386,0.0,0.0,3466.386,0.0,0.0
2019-11-02,14,0,reserve,system,3430.308,0.0,0.0,3430.308,0.0,0.0
2019-11-02,15,0,reserve,system,3423.101,0.0,0.0,3423.101,0.0,5.095103
2019-11-02,16,0,reserve,system,3432.395,0.0,0.0,3432.395,0.0,5.264324
2019-11-02,17,0,reserve,system,3484.962,0.0,0.0,3484.962,0.0,7.281772
2019-11-02,18,0,reserve,system,3619.673,0.0,26.94784,3619.673,0.0,9.577041
2019-11-02,19,0,reserve,system,3614.388,0.0,1.396014,3614.388,0.0,14.666985
2019-11-02,20,0,reserve,system,3583.243,0.0,0.0,3583.243,0.0,5.57113
2019-11-02,21,0,reserve,system,3509.684,0.0,0.0,3509.684,0.0,9.471532
2019-11-02,22,0,reserve,system,3417.353,0.0,0.0,3417.353,0.0,0.0
2019-11-02,23,0,reserve,system,3358.937,0.0,0.0,3358.937,0.0,0.0
2019-11-03,0,0,reserve,system,3332.502,0.0,0.0,3332.502,0.0,0.0
2019-11-03,1,0,reserve,system,3330.993,0.0,0.0,3330.993,0.0,5.143473
2019-11-03,2,0,reserve,system,3351.336,0.0,0.0,3351.336,0.0,4.78432
2019-11-03,3,0,reserve,system,3386.827,0.0,0.0,3386.827,0.0,6.535629
2019-11-03,4,0,reserve,system,3460.986,0.0,0.0,3460.986,0.0,6.129484
2019-11-03,5,0,reserve,system,3579.45,0.0,0.0,3579.45,0.0,6.752914
2019-11-03,6,0,reserve,system,3724.894,0.0,0.0,3724.894,0.0,6.754883
2019-11-03,7,0,reserve,system,3849.487,0.0,0.0,3849.487,0.0,19.191082
2019-11-03,8,0,reserve,system,3871.66,0.0,0.0,3871.66,0.0,7.738038
2019-11-03,9,0,reserve,system,3790.787,0.0,0.0,3790.787,0.0,6.29055
2019-11-03,10,0,reserve,system,3671.31,0.0,0.0,3671.31,0.0,6.822706
2019-11-03,11,0,reserve,system,3573.725,0.0,0.0,3573.725,0.0,4.742741
2019-11-03,12,0,reserve,system,3507.113,0.0,0.0,3507.113,0.0,7.386367
2019-11-03,13,0,reserve,system,3473.037,0.0,0.0,3473.037,0.0,0.0
2019-11-03,14,0,reserve,system,3457.984,0.0,0.0,3457.984,0.0,0.0
2019-11-03,15,0,reserve,system,3464.429,0.0,0.0,3464.429,0.0,6.654381
2019-11-03,16,0,reserve,system,3493.408,0.0,0.0,3493.408,0.0,0.0
2019-11-03,17,0,reserve,system,3614.443,0.0,6.130426,3614.443,0.0,8.546007
2019-11-03,18,0,reserve,system,3784.489,0.0,10.225055,3784.489,0.0,5.975077
2019-11-03,19,0,reserve,system,3777.535,0.0,0.0,3777.535,0.0,20.769315
2019-11-03,20,0,reserve,system,3706.771,0.0,0.0,3706.771,0.0,6.106225
2019-11-03,21,0,reserve,system,3583.175,0.0,0.0,3583.175,0.0,7.52725
2019-11-03,22,0,reserve,system,3389.312,0.0,0.0,3389.312,0.0,0.0
2019-11-03,23,0,reserve,system,3207.743,0.0,0.0,3207.743,0.0,0.0
2019-11-04,0,0,reserve,system,3080.099,0.0,0.0,3080.099,0.0,2.471283
2019-11-04,1,0,reserve,system,3026.969,0.0,0.0,3026.969,0.0,0.0
2019-11-04,2,0,reserve,system,3006.616,0.0,0.0,3006.616,0.0,3.044041
2019-11-04,3,0,reserve,system,3036.589,0.0,0.0,3036.589,0.0,3.794701
2019-11-04,4,0,reserve,system,3133.903,0.0,0.0,3133.903,0.0,3.804461
2019-11-04,5,0,reserve,system,3380.469,0.0,0.0,3380.469,0.0,6.461781
2019-11-04,6,0,reserve,system,3721.111,0.0,0.0,3721.111,0.0,7.057783
2019-11-04,7,0,reserve,system,3795.988,0.0,0.0,3795.988,0.0,8.791312
2019-11-04,8,0,reserve,system,3767.039,0.0,0.0,3767.039,0.0,19.898252
2019-11-04,9,0,reserve,system,3767.481,0.0,0.0,3767.481,0.0,7.171668
2019-11-04,10,0,reserve,system,3790.684,0.0,0.0,3790.684,0.0,5.283024
2019-11-04,11,0,reserve,system,3815.859,0.0,0.0,3815.859,0.0,8.759086
2019-11-04,12,0,reserve,system,3856.514,0.0,0.0,3856.514,0.0,1.351415
2019-11-04,13,0,reserve,system,3915.512,0.0,0.0,3915.512,0.0,0.0
2019-11-04,14,0,reserve,system,3953.868,0.0,0.0,3953.868,0.0,8.66
2019-11-04,15,0,reserve,system,3979.613,0.0,0.0,3979.613,0.0,6.199728
2019-11-04,16,0,reserve,system,4003.028,0.0,0.0,4003.028,0.0,6.517332
2019-11-04,17,0,reserve,system,4045.161,0.0,30.722859,4045.161,0.0,6.87031
2019-11-04,18,0,reserve,system,4144.789,0.0,0.0,4144.789,0.0,16.189612
2019-11-04,19,0,reserve,system,4078.718,0.0,0.0,4078.718,0.0,14.934353
2019-11-04,20,0,reserve,system,3976.422,0.0,0.0,3976.422,0.0,7.974799
2019-11-04,21,0,reserve,system,3795.239,0.0,0.0,3795.239,0.0,7.471266
2019-11-04,22,0,reserve,system,3546.602,0.0,0.0,3546.602,0.0,4.711892
2019-11-04,23,0,reserve,system,3302.686,0.0,0.0,3302.686,0.0,6.533767
2019-11-05,0,0,reserve,system,3119.593,0.0,0.0,3119.593,0.0,7.823109
2019-11-05,1,0,reserve,system,3023.87,0.0,0.0,3023.87,0.0,0.0
2019-11-05,2,0,reserve,system,2974.367,0.0,0.0,2974.367,0.0,0.0
2019-11-05,3,0,reserve,system,2970.514,0.0,0.0,2970.514,0.0,4.639358
2019-11-05,4,0,reserve,system,3030.21,0.0,0.0,3030.21,0.0,1.987803
2019-11-05,5,0,reserve,system,3228.983,0.0,0.0,3228.983,0.0,6.20586
2019-11-05,6,0,reserve,system,3557.011,0.0,0.0,3557.011,0.0,6.918651
2019-11-05,7,0,reserve,system,3669.656,0.0,0.0,3669.656,0.0,6.389573
2019-11-05,8,0,reserve,system,3745.83,0.0,0.0,3745.83,0.0,8.9822
2019-11-05,9,0,reserve,system,3857.589,0.0,0.0,3857.589,0.0,23.890623
2019-11-05,10,0,reserve,system,3963.326,0.0,0.0,3963.326,0.0,0.0
2019-11-05,11,0,reserve,system,4048.193,0.0,0.0,4048.193,0.0,14.223744
2019-11-05,12,0,reserve,system,4097.611,0.0,0.0,4097.611,0.0,9.013478
2019-11-05,13,0,reserve,system,4165.602,0.0,0.0,4165.602,0.0,0.0
2019-11-05,14,0,reserve,system,4211.144,0.0,0.0,4211.144,0.0,8.535897
2019-11-05,15,0,reserve,system,4217.626,0.0,0.0,4217.626,0.0,4.240044
2019-11-05,16,0,reserve,system,4214.048,0.0,0.0,4214.048,0.0,0.0
2019-11-05,17,0,reserve,system,4235.719,0.0,0.0,4235.719,0.0,11.342898
2019-11-05,18,0,reserve,system,4306.232,0.0,27.449334,4306.232,0.0,13.956916
2019-11-05,19,0,reserve,system,4235.66,0.0,0.0,4235.66,0.0,16.93192
2019-11-05,20,0,reserve,system,4116.374,0.0,0.0,4116.374,0.0,9.29934
2019-11-05,21,0,reserve,system,3925.287,0.0,0.0,3925.287,0.0,9.493645
2019-11-05,22,0,reserve,system,3665.694,0.0,0.0,3665.694,0.0,5.568737
2019-11-05,23,0,reserve,system,3409.676,0.0,0.0,3409.676,0.0,9.487425
2019-11-06,0,0,reserve,system,3230.344,0.0,0.0,3230.344,0.0,12.32573
2019-11-06,1,0,reserve,system,3120.561,0.0,0.0,3120.561,0.0,0.0
2019-11-06,2,0,reserve,system,3067.22,0.0,0.0,3067.22,0.0,8.552978
2019-11-06,3,0,reserve,system,3046.2,0.0,0.0,3046.2,0.0,0.0
2019-11-06,4,0,reserve,system,3105.004,0.0,0.0,3105.004,0.0,0.0
2019-11-06,5,0,reserve,system,3296.851,0.0,0.0,3296.851,0.0,8.990744
2019-11-06,6,0,reserve,system,3598.438,0.0,0.0,3598.438,0.0,5.935387
2019-11-06,7,0,reserve,system,3708.906,0.0,0.0,3708.906,0.0,7.148209
2019-11-06,8,0,reserve,system,3778.533,0.0,0.0,3778.533,0.0,9.043163
2019-11-06,9,0,reserve,system,3892.932,0.0,0.0,3892.932,0.0,16.994639
2019-11-06,10,0,reserve,system,4011.043,0.0,0.0,4011.043,0.0,7.835402
2019-11-06,11,0,reserve,system,4110.762,0.0,0.0,4110.762,0.0,9.894605
2019-11-06,12,0,reserve,system,4190.809,0.0,0.0,4190.809,0.0,0.0
2019-11-06,13,0,reserve,system,4276.004,0.0,0.0,4276.004,0.0,0.935204
2019-11-06,14,0,reserve,system,4303.481,0.0,5.470384,4303.481,0.0,13.360542
2019-11-06,15,0,reserve,system,4298.192,0.0,0.0,4298.192,0.0,4.837633
2019-11-06,16,0,reserve,system,4267.99,0.0,0.0,4267.99,0.0,0.0
2019-11-06,17,0,reserve,system,4277.497,0.0,0.0,4277.497,0.0,9.497315
2019-11-06,18,0,reserve,system,4336.77,0.0,0.0,4336.77,0.0,7.633164
2019-11-06,19,0,reserve,system,4213.493,0.0,0.0,4213.493,0.0,25.476133
2019-11-06,20,0,reserve,system,4090.554,0.0,0.0,4090.554,0.0,7.081384
2019-11-06,21,0,reserve,system,3902.778,0.0,0.0,3902.778,0.0,7.128359
2019-11-06,22,0,reserve,system,3645.077,0.0,0.0,3645.077,0.0,5.874648
2019-11-06,23,0,reserve,system,3386.984,0.0,0.0,3386.984,0.0,3.974366
2019-11-07,0,0,reserve,system,3198.272,0.0,0.0,3198.272,0.0,3.555609
2019-11-07,1,0,reserve,system,3088.389,0.0,0.0,3088.389,0.0,0.0
2019-11-07,2,0,reserve,system,3037.398,0.0,0.0,3037.398,0.0,3.908794
2019-11-07,3,0,reserve,system,3021.725,0.0,0.0,3021.725,0.0,3.159225
2019-11-07,4,0,reserve,system,3081.496,0.0,14.683299,3081.496,0.0,3.331405
2019-11-07,5,0,reserve,system,3287.147,0.0,0.0,3287.147,0.0,5.533333
2019-11-07,6,0,reserve,system,3617.554,0.0,0.0,3617.554,0.0,8.916126
2019-11-07,7,0,reserve,system,3745.428,0.0,0.0,3745.428,0.0,14.365859
2019-11-07,8,0,reserve,system,3812.71,0.0,0.0,3812.71,0.0,1.210224
2019-11-07,9,0,reserve,system,3920.321,0.0,0.0,3920.321,0.0,0.0
2019-11-07,10,0,reserve,system,4029.686,0.0,0.0,4029.686,0.0,15.964204
2019-11-07,11,0,reserve,system,4102.983,0.0,0.0,4102.983,0.0,4.95988
2019-11-07,12,0,reserve,system,4126.564,0.0,0.0,4126.564,0.0,9.020058
2019-11-07,13,0,reserve,system,4151.752,0.0,0.0,4151.752,0.0,1.06825
2019-11-07,14,0,reserve,system,4158.755,0.0,0.0,4158.755,0.0,6.520018
2019-11-07,15,0,reserve,system,4155.321,0.0,0.0,4155.321,0.0,6.783844
2019-11-07,16,0,reserve,system,4200.679,0.0,0.0,4200.679,0.0,0.0
2019-11-07,17,0,reserve,system,4323.81,0.0,2.350266,4323.81,0.0,8.876449
2019-11-07,18,0,reserve,system,4402.63,0.0,0.0,4402.63,0.0,17.668826
2019-11-07,19,0,reserve,system,4342.83,0.0,24.427833,4342.83,0.0,9.839727
2019-11-07,20,0,reserve,system,4260.834,0.0,0.0,4260.834,0.0,7.090315
2019-11-07,21,0,reserve,system,4106.822,0.0,0.0,4106.822,0.0,5.788634
2019-11-07,22,0,reserve,system,3876.252,0.0,0.0,3876.252,0.0,3.299814
2019-11-07,23,0,reserve,system,3670.225,0.0,0.0,3670.225,0.0,7.361159
2019-11-08,0,0,reserve,system,3535.436,0.0,0.0,3535.436,0.0,3.730241
2019-11-08,1,0,reserve,system,3455.661,0.0,0.0,3455.661,0.0,0.0
2019-11-08,2,0,reserve,system,3425.729,0.0,0.0,3425.729,0.0,4.91308
2019-11-08,3,0,reserve,system,3437.819,0.0,0.350866,3437.819,0.0,4.215646
2019-11-08,4,0,reserve,system,3527.298,0.0,0.0,3527.298,0.0,5.043488
2019-11-08,5,0,reserve,system,3775.104,0.0,0.323649,3775.104,0.0,6.864886
2019-11-08,6,0,reserve,system,4146.293,0.0,0.0,4146.293,0.0,6.981393
2019-11-08,7,0,reserve,system,4272.011,0.0,0.0,4272.011,0.0,6.552835
2019-11-08,8,0,reserve,system,4296.411,0.0,3.444701,4296.411,0.0,7.913832
2019-11-08,9,0,reserve,system,4318.315,0.0,0.0,4318.315,0.0,10.695195
2019-11-08,10,0,reserve,system,4279.436,0.0,0.0,4279.436,0.0,7.107273
2019-11-08,11,0,reserve,system,4201.441,0.0,0.0,4201.441,0.0,21.068106
2019-11-08,12,0,reserve,system,4108.166,0.0,0.0,4108.166,0.0,13.777393
2019-11-08,13,0,reserve,system,4057.708,0.0,0.0,4057.708,0.0,0.0
2019-11-08,14,0,reserve,system,3991.249,0.0,0.0,3991.249,0.0,0.0
2019-11-08,15,0,reserve,system,3950.19,0.0,0.0,3950.19,0.0,13.667806
2019-11-08,16,0,reserve,system,3977.309,0.0,0.0,3977.309,0.0,0.0
2019-11-08,17,0,reserve,system,4108.375,0.0,29.721244,4108.375,0.0,14.150208
2019-11-08,18,0,reserve,system,4214.899,0.0,0.0,4214.899,0.0,15.511267
2019-11-08,19,0,reserve,system,4169.607,0.0,0.0,4169.607,0.0,11.782041
2019-11-08,20,0,reserve,system,4124.861,0.0,0.0,4124.861,0.0,6.727949
2019-11-08,21,0,reserve,system,4044.332,0.0,0.0,4044.332,0.0,8.527529
2019-11-08,22,0,reserve,system,3914.363,0.0,0.0,3914.363,0.0,5.318295
2019-11-08,23,0,reserve,system,3760.441,0.0,0.0,3760.441,0.0,11.740791
2019-11-09,0,0,reserve,system,3646.147,0.0,0.0,3646.147,0.0,14.047252
2019-11-09,1,0,reserve,system,3573.846,0.0,0.0,3573.846,0.0,0.0
2019-11-09,2,0,reserve,system,3547.968,0.0,0.0,3547.968,0.0,1.142012
2019-11-09,3,0,reserve,system,3560.077,0.0,1.938819,3560.077,0.0,8.232046
2019-11-09,4,0,reserve,system,3622.786,0.0,0.0,3622.786,0.0,6.668211
2019-11-09,5,0,reserve,system,3734.669,0.0,0.0,3734.669,0.0,7.032058
2019-11-09,6,0,reserve,system,3895.198,0.0,0.0,3895.198,0.0,6.87463
2019-11-09,7,0,reserve,system,4013.44,0.0,2.024862,4013.44,0.0,11.637234
2019-11-09,8,0,reserve,system,4023.874,0.0,0.0,4023.874,0.0,14.347162
2019-11-09,9,0,reserve,system,3938.288,0.0,0.0,3938.288,0.0,7.226217
2019-11-09,10,0,reserve,system,3818.278,0.0,0.0,3818.278,0.0,7.336975
2019-11-09,11,0,reserve,system,3685.953,0.0,0.0,3685.953,0.0,5.204949
2019-11-09,12,0,reserve,system,3580.267,0.0,0.0,3580.267,0.0,9.635833
2019-11-09,13,0,reserve,system,3509.141,0.0,0.0,3509.141,0.0,0.0
2019-11-09,14,0,reserve,system,3466.632,0.0,0.0,3466.632,0.0,0.0
2019-11-09,15,0,reserve,system,3451.537,0.0,0.0,3451.537,0.0,7.34015
2019-11-09,16,0,reserve,system,3464.162,0.0,13.329317,3464.162,0.0,5.618994
2019-11-09,17,0,reserve,system,3546.501,0.0,0.0,3546.501,0.0,6.747302
2019-11-09,18,0,reserve,system,3659.214,0.0,0.0,3659.214,0.0,6.492325
2019-11-09,19,0,reserve,system,3636.497,0.0,0.0,3636.497,0.0,20.896546
2019-11-09,20,0,reserve,system,3596.976,0.0,0.0,3596.976,0.0,5.615083
2019-11-09,21,0,reserve,system,3534.366,0.0,0.0,3534.366,0.0,9.268791
2019-11-09,22,0,reserve,system,3426.617,0.0,0.0,3426.617,0.0,0.0
2019-11-09,23,0,reserve,system,3300.973,0.0,0.0,3300.973,0.0,0.0
2019-11-10,0,0,reserve,system,3201.885,0.0,0.0,3201.885,0.0,3.850321
2019-11-10,1,0,reserve,system,3146.556,0.0,0.0,3146.556,0.0,0.456974
2019-11-10,2,0,reserve,system,3117.137,0.0,0.0,3117.137,0.0,9.856968
2019-11-10,3,0,reserve,system,3111.931,0.0,0.0,3111.931,0.0,0.0
2019-11-10,4,0,reserve,system,3152.34,0.0,0.0,3152.34,0.0,7.645954
2019-11-10,5,0,reserve,system,3230.747,0.0,0.0,3230.747,0.0,5.057131
2019-11-10,6,0,reserve,system,3351.207,0.0,0.0,3351.207,0.0,7.163736
2019-11-10,7,0,reserve,system,3449.285,0.0,0.0,3449.285,0.0,15.746108
2019-11-10,8,0,reserve,system,3512.936,0.0,0.0,3512.936,0.0,6.508542
2019-11-10,9,0,reserve,system,3508.08,0.0,0.0,3508.08,0.0,7.078984
2019-11-10,10,0,reserve,system,3485.322,0.0,0.0,3485.322,0.0,4.45744
2019-11-10,11,0,reserve,system,3473.158,0.0,0.0,3473.158,0.0,5.111051
2019-11-10,12,0,reserve,system,3488.336,0.0,0.0,3488.336,0.0,6.157141
2019-11-10,13,0,reserve,system,3510.813,0.0,0.0,3510.813,0.0,0.0
2019-11-10,14,0,reserve,system,3531.185,0.0,0.0,3531.185,0.0,0.0
2019-11-10,15,0,reserve,system,3541.566,0.0,0.0,3541.566,0.0,7.277869
2019-11-10,16,0,reserve,system,3562.409,0.0,0.0,3562.409,0.0,0.0
2019-11-10,17,0,reserve,system,3686.165,0.0,0.0,3686.165,0.0,9.035642
2019-11-10,18,0,reserve,system,3823.178,0.0,0.0,3823.178,0.0,5.955176
2019-11-10,19,0,reserve,system,3792.123,0.0,0.0,3792.123,0.0,18.944914
2019-11-10,20,0,reserve,system,3711.451,0.0,0.0,3711.451,0.0,7.531397
2019-11-10,21,0,reserve,system,3599.256,0.0,0.0,3599.256,0.0,4.690333
2019-11-10,22,0,reserve,system,3420.157,0.0,0.0,3420.157,0.0,4.772647
2019-11-10,23,0,reserve,system,3218.018,0.0,0.0,3218.018,0.0,0.0
2019-11-11,0,0,reserve,system,3061.497,0.0,0.0,3061.497,0.0,2.251666
2019-11-11,1,0,reserve,system,2971.538,0.0,0.0,2971.538,0.0,1.890874
2019-11-11,2,0,reserve,system,2929.835,0.0,0.0,2929.835,0.0,0.0
2019-11-11,3,0,reserve,system,2925.439,0.0,0.0,2925.439,0.0,0.0
2019-11-11,4,0,reserve,system,2992.05,0.0,0.0,2992.05,0.0,1.713171
2019-11-11,5,0,reserve,system,3182.652,0.0,0.0,3182.652,0.0,3.995201
2019-11-11,6,0,reserve,system,3489.039,0.0,0.0,3489.039,0.0,7.835284
2019-11-11,7,0,reserve,system,3640.628,0.0,0.0,3640.628,0.0,6.594891
2019-11-11,8,0,reserve,system,3725.12,0.0,12.71917,3725.12,0.0,12.561532
2019-11-11,9,0,reserve,system,3838.036,0.0,0.0,3838.036,0.0,0.0
2019-11-11,10,0,reserve,system,3951.611,0.0,0.0,3951.611,0.0,7.458673
2019-11-11,11,0,reserve,system,4049.743,0.0,0.0,4049.743,0.0,5.68399
2019-11-11,12,0,reserve,system,4148.975,0.0,0.0,4148.975,0.0,8.917785
2019-11-11,13,0,reserve,system,4239.961,0.0,0.0,4239.961,0.0,5.573288
2019-11-11,14,0,reserve,system,4309.668,0.0,0.0,4309.668,0.0,9.087736
2019-11-11,15,0,reserve,system,4395.302,0.0,0.0,4395.302,0.0,7.933517
2019-11-11,16,0,reserve,system,4543.286,0.0,0.0,4543.286,0.0,9.94201
2019-11-11,17,0,reserve,system,4785.848,0.0,0.0,4785.848,0.0,9.894697
2019-11-11,18,0,reserve,system,4960.651,0.0,0.0,4960.651,0.0,13.193318
2019-11-11,19,0,reserve,system,4994.648,0.0,0.767739,4994.648,0.0,13.776004
2019-11-11,20,0,reserve,system,4982.662,0.0,0.0,4982.662,0.0,7.937634
2019-11-11,21,0,reserve,system,4874.29,0.0,0.0,4874.29,0.0,4.136361
2019-11-11,22,0,reserve,system,4688.223,0.0,0.0,4688.223,0.0,4.718199
2019-11-11,23,0,reserve,system,4548.527,0.0,0.0,4548.527,0.0,13.766755
2019-11-12,0,0,reserve,system,4466.987,0.0,0.0,4466.987,0.0,10.144779
2019-11-12,1,0,reserve,system,4460.386,0.0,0.0,4460.386,0.0,0.0
2019-11-12,2,0,reserve,system,4501.977,0.0,0.0,4501.977,0.0,6.531217
2019-11-12,3,0,reserve,system,4585.002,0.0,0.0,4585.002,0.0,3.365508
2019-11-12,4,0,reserve,system,4751.142,0.0,0.0,4751.142,0.0,11.170725
2019-11-12,5,0,reserve,system,5078.612,0.0,0.0,5078.612,0.0,4.16595
2019-11-12,6,0,reserve,system,5518.872,0.0,0.0,5518.872,0.0,13.337047
2019-11-12,7,0,reserve,system,5642.676,0.0,8.666949,5642.676,0.0,10.882887
2019-11-12,8,0,reserve,system,5590.564,0.0,0.0,5590.564,0.0,36.332395
2019-11-12,9,0,reserve,system,5502.052,0.0,0.0,5502.052,0.0,11.413858
2019-11-12,10,0,reserve,system,5376.081,0.0,0.0,5376.081,0.0,10.901076
2019-11-12,11,0,reserve,system,5222.912,0.0,0.0,5222.912,0.0,9.765562
2019-11-12,12,0,reserve,system,5036.801,0.0,0.0,5036.801,0.0,11.321386
2019-11-12,13,0,reserve,system,4873.701,0.0,0.0,4873.701,0.0,9.399281
2019-11-12,14,0,reserve,system,4753.22,0.0,0.0,4753.22,0.0,0.0
2019-11-12,15,0,reserve,system,4727.292,0.0,0.0,4727.292,0.0,0.0
2019-11-12,16,0,reserve,system,4850.141,0.0,0.0,4850.141,0.0,11.595015
2019-11-12,17,0,reserve,system,5150.215,0.0,0.0,5150.215,0.0,8.801845
2019-11-12,18,0,reserve,system,5390.254,0.0,0.0,5390.254,0.0,14.155856
2019-11-12,19,0,reserve,system,5436.607,0.0,0.0,5436.607,0.0,35.347769
2019-11-12,20,0,reserve,system,5420.741,0.0,0.0,5420.741,0.0,15.007473
2019-11-12,21,0,reserve,system,5287.874,0.0,0.0,5287.874,0.0,13.049075
2019-11-12,22,0,reserve,system,5057.427,0.0,0.0,5057.427,0.0,4.235194
2019-11-12,23,0,reserve,system,4880.697,0.0,0.0,4880.697,0.0,12.681403
2019-11-13,0,0,reserve,system,4782.159,0.0,0.0,4782.159,0.0,11.929357
2019-11-13,1,0,reserve,system,4758.569,0.0,0.0,4758.569,0.0,0.0
2019-11-13,2,0,reserve,system,4778.057,0.0,0.0,4778.057,0.0,4.940363
2019-11-13,3,0,reserve,system,4825.099,0.0,0.554309,4825.099,0.0,7.498079
2019-11-13,4,0,reserve,system,4948.919,0.0,0.0,4948.919,0.0,7.555103
2019-11-13,5,0,reserve,system,5226.155,0.0,0.0,5226.155,0.0,7.800096
2019-11-13,6,0,reserve,system,5598.364,0.0,50.0,5598.364,0.0,30.049534
2019-11-13,7,0,reserve,system,5611.962,0.0,0.0,5611.962,0.0,14.581029
2019-11-13,8,0,reserve,system,5439.667,0.0,0.0,5439.667,0.0,8.675507
2019-11-13,9,0,reserve,system,5255.59,0.0,0.0,5255.59,0.0,12.361624
2019-11-13,10,0,reserve,system,5092.401,0.0,0.0,5092.401,0.0,3.975488
2019-11-13,11,0,reserve,system,4944.872,0.0,0.0,4944.872,0.0,11.873225
2019-11-13,12,0,reserve,system,4808.78,0.0,0.0,4808.78,0.0,8.076597
2019-11-13,13,0,reserve,system,4713.476,0.0,0.0,4713.476,0.0,6.511282
2019-11-13,14,0,reserve,system,4651.438,0.0,0.0,4651.438,0.0,0.0
2019-11-13,15,0,reserve,system,4669.525,0.0,0.0,4669.525,0.0,7.532337
2019-11-13,16,0,reserve,system,4760.105,0.0,0.0,4760.105,0.0,1.798967
2019-11-13,17,0,reserve,system,4963.968,0.0,4.13867,4963.968,0.0,13.290492
2019-11-13,18,0,reserve,system,5084.81,0.0,0.0,5084.81,0.0,8.235128
2019-11-13,19,0,reserve,system,5038.674,0.0,0.0,5038.674,0.0,26.798665
2019-11-13,20,0,reserve,system,4939.934,0.0,0.0,4939.934,0.0,6.210163
2019-11-13,21,0,reserve,system,4742.91,0.0,0.0,4742.91,0.0,13.441639
2019-11-13,22,0,reserve,system,4465.702,0.0,0.0,4465.702,0.0,0.0
2019-11-13,23,0,reserve,system,4214.947,0.0,0.0,4214.947,0.0,0.0
2019-11-14,0,0,reserve,system,4066.298,0.0,0.0,4066.298,0.0,8.443849
2019-11-14,1,0,reserve,system,3984.0,0.0,0.0,3984.0,0.0,0.0
2019-11-14,2,0,reserve,system,3960.681,0.0,0.0,3960.681,0.0,8.214331
2019-11-14,3,0,reserve,system,3982.884,0.0,0.0,3982.884,0.0,0.0
2019-11-14,4,0,reserve,system,4081.291,0.0,0.0,4081.291,0.0,11.308054
2019-11-14,5,0,reserve,system,4342.338,0.0,0.0,4342.338,0.0,5.625292
2019-11-14,6,0,reserve,system,4712.817,0.0,0.0,4712.817,0.0,11.248142
2019-11-14,7,0,reserve,system,4788.514,0.0,0.0,4788.514,0.0,17.687221
2019-11-14,8,0,reserve,system,4711.59,0.0,0.0,4711.59,0.0,10.323286
2019-11-14,9,0,reserve,system,4648.553,0.0,0.0,4648.553,0.0,8.294216
2019-11-14,10,0,reserve,system,4579.759,0.0,0.0,4579.759,0.0,7.199767
2019-11-14,11,0,reserve,system,4507.193,0.0,0.0,4507.193,0.0,6.097755
2019-11-14,12,0,reserve,system,4416.519,0.0,0.0,4416.519,0.0,7.86719
2019-11-14,13,0,reserve,system,4359.835,0.0,0.0,4359.835,0.0,4.357811
2019-11-14,14,0,reserve,system,4295.008,0.0,0.0,4295.008,0.0,10.159372
2019-11-14,15,0,reserve,system,4256.529,0.0,0.0,4256.529,0.0,0.0
2019-11-14,16,0,reserve,system,4290.731,0.0,0.0,4290.731,0.0,0.0
2019-11-14,17,0,reserve,system,4468.788,0.0,0.0,4468.788,0.0,9.959618
2019-11-14,18,0,reserve,system,4620.345,0.0,0.0,4620.345,0.0,10.147416
2019-11-14,19,0,reserve,system,4621.417,0.0,0.0,4621.417,0.0,19.181964
2019-11-14,20,0,reserve,system,4591.047,0.0,0.0,4591.047,0.0,8.7076
2019-11-14,21,0,reserve,system,4483.888,0.0,0.0,4483.888,0.0,8.489874
2019-11-14,22,0,reserve,system,4287.917,0.0,0.0,4287.917,0.0,8.71069
2019-11-14,23,0,reserve,system,4114.527,0.0,0.0,4114.527,0.0,4.629682
2019-11-15,0,0,reserve,system,4015.625,0.0,1.665791,4015.625,0.0,38.830639
2019-11-15,1,0,reserve,system,3999.019,0.0,0.0,3999.019,0.0,0.0
2019-11-15,2,0,reserve,system,4015.024,0.0,0.0,4015.024,0.0,2.218881
2019-11-15,3,0,reserve,system,4084.27,0.0,0.0,4084.27,0.0,9.458447
2019-11-15,4,0,reserve,system,4241.088,0.0,1.491695,4241.088,0.0,6.527333
2019-11-15,5,0,reserve,system,4554.339,0.0,0.0,4554.339,0.0,8.222154
2019-11-15,6,0,reserve,system,4946.183,0.0,0.0,4946.183,0.0,8.983884
2019-11-15,7,0,reserve,system,4987.827,0.0,0.0,4987.827,0.0,13.696766
2019-11-15,8,0,reserve,system,4748.693,0.0,0.0,4748.693,0.0,8.279512
2019-11-15,9,0,reserve,system,4498.231,0.0,0.0,4498.231,0.0,9.684696
2019-11-15,10,0,reserve,system,4277.298,0.0,0.0,4277.298,0.0,7.950602
2019-11-15,11,0,reserve,system,4078.243,0.0,0.0,4078.243,0.0,8.481999
2019-11-15,12,0,reserve,system,3912.875,0.0,0.0,3912.875,0.0,5.579449
2019-11-15,13,0,reserve,system,3811.502,0.0,0.0,3811.502,0.0,9.335687
2019-11-15,14,0,reserve,system,3727.104,0.0,0.0,3727.104,0.0,0.0219
2019-11-15,15,0,reserve,system,3674.999,0.0,0.0,3674.999,0.0,0.0
2019-11-15,16,0,reserve,system,3699.029,0.0,0.0,3699.029,0.0,9.356405
2019-11-15,17,0,reserve,system,3850.418,0.0,0.0,3850.418,0.0,6.175193
2019-11-15,18,0,reserve,system,4014.877,0.0,0.0,4014.877,0.0,9.590743
2019-11-15,19,0,reserve,system,4044.035,0.0,0.0,4044.035,0.0,13.751695
2019-11-15,20,0,reserve,system,4073.54,0.0,0.0,4073.54,0.0,15.919225
2019-11-15,21,0,reserve,system,4069.355,0.0,0.0,4069.355,0.0,10.53066
2019-11-15,22,0,reserve,system,4017.969,0.0,0.0,4017.969,0.0,0.0
2019-11-15,23,0,reserve,system,3929.784,0.0,0.0,3929.784,0.0,0.0
2019-11-16,0,0,reserve,system,3869.709,0.0,0.0,3869.709,0.0,0.0
2019-11-16,1,0,reserve,system,3856.612,0.0,0.0,3856.612,0.0,10.776161
2019-11-16,2,0,reserve,system,3871.874,0.0,0.0,3871.874,0.0,7.747156
2019-11-16,3,0,reserve,system,3919.658,0.0,0.0,3919.658,0.0,9.806105
2019-11-16,4,0,reserve,system,4015.539,0.0,0.0,4015.539,0.0,9.187358
2019-11-16,5,0,reserve,system,4178.455,0.0,0.0,4178.455,0.0,9.338
2019-11-16,6,0,reserve,system,4376.113,0.0,0.0,4376.113,0.0,8.641819
2019-11-16,7,0,reserve,system,4515.229,0.0,0.0,4515.229,0.0,17.030416
2019-11-16,8,0,reserve,system,4441.961,0.0,0.0,4441.961,0.0,9.141195
2019-11-16,9,0,reserve,system,4241.563,0.0,0.0,4241.563,0.0,9.970263
2019-11-16,10,0,reserve,system,4037.903,0.0,0.0,4037.903,0.0,8.730719
2019-11-16,11,0,reserve,system,3858.557,0.0,0.0,3858.557,0.0,5.225282
2019-11-16,12,0,reserve,system,3706.098,0.0,0.0,3706.098,0.0,9.680505
2019-11-16,13,0,reserve,system,3587.58,0.0,0.0,3587.58,0.0,0.0
2019-11-16,14,0,reserve,system,3524.517,0.0,0.0,3524.517,0.0,7.184513
2019-11-16,15,0,reserve,system,3493.442,0.0,0.0,3493.442,0.0,0.0
2019-11-16,16,0,reserve,system,3521.726,0.0,0.0,3521.726,0.0,0.0
2019-11-16,17,0,reserve,system,3672.858,0.0,30.851301,3672.858,0.0,9.760735
2019-11-16,18,0,reserve,system,3815.986,0.0,11.504938,3815.986,0.0,5.368608
2019-11-16,19,0,reserve,system,3830.873,0.0,0.0,3830.873,0.0,24.590884
2019-11-16,20,0,reserve,system,3830.123,0.0,0.0,3830.123,0.0,5.389216
2019-11-16,21,0,reserve,system,3793.854,0.0,0.0,3793.854,0.0,9.650146
2019-11-16,22,0,reserve,system,3709.509,0.0,0.0,3709.509,0.0,0.0
2019-11-16,23,0,reserve,system,3598.31,0.0,0.0,3598.31,0.0,0.0
2019-11-17,0,0,reserve,system,3517.373,0.0,0.0,3517.373,0.0,4.642133
2019-11-17,1,0,reserve,system,3470.461,0.0,0.0,3470.461,0.0,0.0
2019-11-17,2,0,reserve,system,3459.604,0.0,0.0,3459.604,0.0,8.741405
2019-11-17,3,0,reserve,system,3475.311,0.0,0.0,3475.311,0.0,4.864155
2019-11-17,4,0,reserve,system,3530.315,0.0,0.0,3530.315,0.0,7.095781
2019-11-17,5,0,reserve,system,3641.736,0.0,0.0,3641.736,0.0,7.56085
2019-11-17,6,0,reserve,system,3784.27,0.0,0.0,3784.27,0.0,14.827984
2019-11-17,7,0,reserve,system,3894.96,0.0,0.0,3894.96,0.0,0.0
2019-11-17,8,0,reserve,system,3936.583,0.0,0.0,3936.583,0.0,24.633896
2019-11-17,9,0,reserve,system,3878.033,0.0,0.0,3878.033,0.0,10.579919
2019-11-17,10,0,reserve,system,3756.074,0.0,0.0,3756.074,0.0,7.041353
2019-11-17,11,0,reserve,system,3638.133,0.0,0.0,3638.133,0.0,5.872255
2019-11-17,12,0,reserve,system,3550.024,0.0,0.0,3550.024,0.0,8.151561
2019-11-17,13,0,reserve,system,3488.695,0.0,0.0,3488.695,0.0,0.0
2019-11-17,14,0,reserve,system,3451.359,0.0,0.0,3451.359,0.0,0.0
2019-11-17,15,0,reserve,system,3457.782,0.0,0.0,3457.782,0.0,5.262787
2019-11-17,16,0,reserve,system,3490.591,0.0,0.0,3490.591,0.0,2.624034
2019-11-17,17,0,reserve,system,3662.252,0.0,0.0,3662.252,0.0,8.692789
2019-11-17,18,0,reserve,system,3819.737,0.0,0.0,3819.737,0.0,7.95967
2019-11-17,19,0,reserve,system,3822.19,0.0,0.0,3822.19,0.0,21.3651
2019-11-17,20,0,reserve,system,3777.658,0.0,0.0,3777.658,0.0,8.055327
2019-11-17,21,0,reserve,system,3677.193,0.0,0.0,3677.193,0.0,12.061616
2019-11-17,22,0,reserve,system,3502.37,0.0,0.0,3502.37,0.0,0.0
2019-11-17,23,0,reserve,system,3328.73,0.0,0.0,3328.73,0.0,0.0
2019-11-18,0,0,reserve,system,3229.815,0.0,0.0,3229.815,0.0,11.395859
2019-11-18,1,0,reserve,system,3195.831,0.0,0.0,3195.831,0.0,0.0
2019-11-18,2,0,reserve,system,3204.176,0.0,0.0,3204.176,0.0,0.0
2019-11-18,3,0,reserve,system,3260.722,0.0,0.0,3260.722,0.0,11.373096
2019-11-18,4,0,reserve,system,3410.002,0.0,0.0,3410.002,0.0,0.0
2019-11-18,5,0,reserve,system,3706.599,0.0,0.0,3706.599,0.0,9.706773
2019-11-18,6,0,reserve,system,4136.953,0.0,0.0,4136.953,0.0,9.593028
2019-11-18,7,0,reserve,system,4225.118,0.0,0.0,4225.118,0.0,20.550916
2019-11-18,8,0,reserve,system,4091.557,0.0,0.0,4091.557,0.0,9.080963
2019-11-18,9,0,reserve,system,3961.881,0.0,0.0,3961.881,0.0,10.053656
2019-11-18,10,0,reserve,system,3866.874,0.0,0.0,3866.874,0.0,8.091557
2019-11-18,11,0,reserve,system,3794.971,0.0,0.0,3794.971,0.0,5.540645
2019-11-18,12,0,reserve,system,3762.305,0.0,0.0,3762.305,0.0,9.40408
2019-11-18,13,0,reserve,system,3761.751,0.0,0.0,3761.751,0.0,0.0
2019-11-18,14,0,reserve,system,3761.839,0.0,23.378166,3761.839,0.0,0.0
2019-11-18,15,0,reserve,system,3763.212,0.0,0.0,3763.212,0.0,9.326312
2019-11-18,16,0,reserve,system,3785.087,0.0,0.0,3785.087,0.0,5.5069
2019-11-18,17,0,reserve,system,3867.472,0.0,0.0,3867.472,0.0,9.221814
2019-11-18,18,0,reserve,system,3981.826,0.0,0.0,3981.826,0.0,14.133576
2019-11-18,19,0,reserve,system,3943.997,0.0,0.0,3943.997,0.0,15.241409
2019-11-18,20,0,reserve,system,3868.611,0.0,0.0,3868.611,0.0,9.694025
2019-11-18,21,0,reserve,system,3715.889,0.0,0.0,3715.889,0.0,8.337298
2019-11-18,22,0,reserve,system,3501.182,0.0,0.0,3501.182,0.0,8.701606
2019-11-18,23,0,reserve,system,3297.968,0.0,0.0,3297.968,0.0,4.175361
2019-11-19,0,0,reserve,system,3171.756,0.0,0.0,3171.756,0.0,11.599557
2019-11-19,1,0,reserve,system,3122.146,0.0,0.0,3122.146,0.0,0.0
2019-11-19,2,0,reserve,system,3111.567,0.0,0.0,3111.567,0.0,0.0
2019-11-19,3,0,reserve,system,3147.303,0.0,0.0,3147.303,0.0,8.098416
2019-11-19,4,0,reserve,system,3262.575,0.0,0.0,3262.575,0.0,4.92434
2019-11-19,5,0,reserve,system,3538.472,0.0,0.0,3538.472,0.0,8.413015
2019-11-19,6,0,reserve,system,3927.241,0.0,0.0,3927.241,0.0,11.748763
2019-11-19,7,0,reserve,system,4008.842,0.0,0.0,4008.842,0.0,10.39793
2019-11-19,8,0,reserve,system,3909.948,0.0,0.0,3909.948,0.0,17.76348
2019-11-19,9,0,reserve,system,3824.213,0.0,0.0,3824.213,0.0,9.100887
2019-11-19,10,0,reserve,system,3785.114,0.0,0.0,3785.114,0.0,8.510328
2019-11-19,11,0,reserve,system,3764.563,0.0,0.0,3764.563,0.0,5.80452
2019-11-19,12,0,reserve,system,3793.318,0.0,0.0,3793.318,0.0,7.564644
2019-11-19,13,0,reserve,system,3850.627,0.0,0.0,3850.627,0.0,4.92388
2019-11-19,14,0,reserve,system,3873.491,0.0,0.0,3873.491,0.0,9.44729
2019-11-19,15,0,reserve,system,3881.514,0.0,0.0,3881.514,0.0,0.0
2019-11-19,16,0,reserve,system,3886.332,0.0,0.0,3886.332,0.0,0.0
2019-11-19,17,0,reserve,system,3933.798,0.0,6.525976,3933.798,0.0,9.741274
2019-11-19,18,0,reserve,system,4035.386,0.0,0.0,4035.386,0.0,6.793146
2019-11-19,19,0,reserve,system,3974.559,0.0,11.078341,3974.559,0.0,20.631736
2019-11-19,20,0,reserve,system,3896.24,0.0,0.0,3896.24,0.0,7.296006
2019-11-19,21,0,reserve,system,3740.747,0.0,0.0,3740.747,0.0,5.148158
2019-11-19,22,0,reserve,system,3500.643,0.0,0.0,3500.643,0.0,3.489113
2019-11-19,23,0,reserve,system,3272.253,0.0,0.0,3272.253,0.0,3.625807
2019-11-20,0,0,reserve,system,3111.021,0.0,0.0,3111.021,0.0,2.112583
2019-11-20,1,0,reserve,system,3013.904,0.0,0.0,3013.904,0.0,1.603047
2019-11-20,2,0,reserve,system,2969.337,0.0,0.0,2969.337,0.0,0.0
2019-11-20,3,0,reserve,system,2966.967,0.0,0.0,2966.967,0.0,0.0
2019-11-20,4,0,reserve,system,3036.233,0.0,0.0,3036.233,0.0,2.082768
2019-11-20,5,0,reserve,system,3246.423,0.0,0.0,3246.423,0.0,3.353181
2019-11-20,6,0,reserve,system,3580.609,0.0,0.0,3580.609,0.0,4.494751
2019-11-20,7,0,reserve,system,3702.014,0.0,6.832742,3702.014,0.0,5.659803
2019-11-20,8,0,reserve,system,3740.409,0.0,0.0,3740.409,0.0,6.588955
2019-11-20,9,0,reserve,system,3806.221,0.0,0.0,3806.221,0.0,6.332633
2019-11-20,10,0,reserve,system,3882.95,0.0,1.578194,3882.95,0.0,6.833303
2019-11-20,11,0,reserve,system,3930.108,0.0,35.338253,3930.108,0.0,16.708813
2019-11-20,12,0,reserve,system,3972.814,0.0,34.287555,3972.814,0.0,0.0
2019-11-20,13,0,reserve,system,4031.89,0.0,0.0,4031.89,0.0,0.615399
2019-11-20,14,0,reserve,system,4052.382,0.0,0.0,4052.382,0.0,8.969891
2019-11-20,15,0,reserve,system,4055.898,0.0,0.0,4055.898,0.0,9.80276
2019-11-20,16,0,reserve,system,4056.073,0.0,0.0,4056.073,0.0,0.0
2019-11-20,17,0,reserve,system,4131.672,0.0,0.0,4131.672,0.0,9.380217
2019-11-20,18,0,reserve,system,4222.29,0.0,30.734286,4222.29,0.0,5.804629
2019-11-20,19,0,reserve,system,4172.983,0.0,30.771306,4172.983,0.0,14.880571
2019-11-20,20,0,reserve,system,4100.81,0.0,0.0,4100.81,0.0,6.748171
2019-11-20,21,0,reserve,system,3947.981,0.0,0.0,3947.981,0.0,5.448555
2019-11-20,22,0,reserve,system,3710.886,0.0,0.0,3710.886,0.0,3.186783
2019-11-20,23,0,reserve,system,3454.131,0.0,0.0,3454.131,0.0,5.031382
2019-11-21,0,0,reserve,system,3270.393,0.0,0.0,3270.393,0.0,2.52263
2019-11-21,1,0,reserve,system,3143.095,0.0,0.0,3143.095,0.0,0.0
2019-11-21,2,0,reserve,system,3078.221,0.0,0.0,3078.221,0.0,1.046673
2019-11-21,3,0,reserve,system,3055.882,0.0,0.0,3055.882,0.0,0.0
2019-11-21,4,0,reserve,system,3108.617,0.0,0.0,3108.617,0.0,3.398132
2019-11-21,5,0,reserve,system,3296.235,0.0,0.0,3296.235,0.0,2.775939
2019-11-21,6,0,reserve,system,3627.964,0.0,0.0,3627.964,0.0,6.61735
2019-11-21,7,0,reserve,system,3758.356,0.0,0.0,3758.356,0.0,6.45433
2019-11-21,8,0,reserve,system,3824.988,0.0,0.0,3824.988,0.0,7.278638
2019-11-21,9,0,reserve,system,3937.248,0.0,0.0,3937.248,0.0,6.481228
2019-11-21,10,0,reserve,system,4038.925,0.0,34.388831,4038.925,0.0,6.61748
2019-11-21,11,0,reserve,system,4100.59,0.0,0.0,4100.59,0.0,15.683476
2019-11-21,12,0,reserve,system,4130.675,0.0,0.0,4130.675,0.0,8.566875
2019-11-21,13,0,reserve,system,4164.479,0.0,0.0,4164.479,0.0,0.0
2019-11-21,14,0,reserve,system,4171.589,0.0,0.0,4171.589,0.0,7.387733
2019-11-21,15,0,reserve,system,4164.213,0.0,0.0,4164.213,0.0,5.245663
2019-11-21,16,0,reserve,system,4177.346,0.0,0.0,4177.346,0.0,0.0
2019-11-21,17,0,reserve,system,4262.145,0.0,18.093231,4262.145,0.0,9.944497
2019-11-21,18,0,reserve,system,4308.361,0.0,24.517262,4308.361,0.0,11.226068
2019-11-21,19,0,reserve,system,4253.344,0.0,0.0,4253.344,0.0,19.361115
2019-11-21,20,0,reserve,system,4158.921,0.0,0.0,4158.921,0.0,7.005236
2019-11-21,21,0,reserve,system,3998.315,0.0,0.0,3998.315,0.0,7.076657
2019-11-21,22,0,reserve,system,3770.167,0.0,0.0,3770.167,0.0,5.728989
2019-11-21,23,0,reserve,system,3523.681,0.0,0.0,3523.681,0.0,7.893413
2019-11-22,0,0,reserve,system,3335.143,0.0,0.0,3335.143,0.0,8.368697
2019-11-22,1,0,reserve,system,3222.584,0.0,0.0,3222.584,0.0,2.765743
2019-11-22,2,0,reserve,system,3153.744,0.0,0.0,3153.744,0.0,4.803447
2019-11-22,3,0,reserve,system,3132.53,0.0,0.0,3132.53,0.0,0.0
2019-11-22,4,0,reserve,system,3192.102,0.0,0.0,3192.102,0.0,0.0
2019-11-22,5,0,reserve,system,3391.002,0.0,1.02482,3391.002,0.0,5.122182
2019-11-22,6,0,reserve,system,3724.667,0.0,8.526835,3724.667,0.0,7.332269
2019-11-22,7,0,reserve,system,3884.191,0.0,0.0,3884.191,0.0,6.081756
2019-11-22,8,0,reserve,system,3961.199,0.0,0.0,3961.199,0.0,6.934066
2019-11-22,9,0,reserve,system,4059.967,0.0,0.0,4059.967,0.0,5.855105
2019-11-22,10,0,reserve,system,4137.373,0.0,0.0,4137.373,0.0,6.763212
2019-11-22,11,0,reserve,system,4149.375,0.0,19.168366,4149.375,0.0,17.824762
2019-11-22,12,0,reserve,system,4094.592,0.0,0.0,4094.592,0.0,7.375122
2019-11-22,13,0,reserve,system,4068.615,0.0,0.0,4068.615,0.0,4.480016
2019-11-22,14,0,reserve,system,4027.201,0.0,0.0,4027.201,0.0,6.218131
2019-11-22,15,0,reserve,system,3986.758,0.0,0.0,3986.758,0.0,0.907376
2019-11-22,16,0,reserve,system,4005.425,0.0,0.0,4005.425,0.0,4.227674
2019-11-22,17,0,reserve,system,4110.952,0.0,0.0,4110.952,0.0,13.480715
2019-11-22,18,0,reserve,system,4167.252,0.0,0.0,4167.252,0.0,7.949197
2019-11-22,19,0,reserve,system,4110.17,0.0,0.0,4110.17,0.0,19.19955
2019-11-22,20,0,reserve,system,4048.819,0.0,0.0,4048.819,0.0,10.187051
2019-11-22,21,0,reserve,system,3964.674,0.0,0.0,3964.674,0.0,7.41099
2019-11-22,22,0,reserve,system,3808.947,0.0,0.0,3808.947,0.0,5.477415
2019-11-22,23,0,reserve,system,3656.122,0.0,0.0,3656.122,0.0,9.093535
2019-11-23,0,0,reserve,system,3527.87,0.0,0.0,3527.87,0.0,11.858732
2019-11-23,1,0,reserve,system,3462.564,0.0,0.0,3462.564,0.0,0.0
2019-11-23,2,0,reserve,system,3432.749,0.0,0.0,3432.749,0.0,0.0
2019-11-23,3,0,reserve,system,3431.004,0.0,0.0,3431.004,0.0,9.265368
2019-11-23,4,0,reserve,system,3486.209,0.0,0.0,3486.209,0.0,3.73171
2019-11-23,5,0,reserve,system,3613.7,0.0,3.104248,3613.7,0.0,7.436439
2019-11-23,6,0,reserve,system,3792.325,0.0,0.0,3792.325,0.0,7.95134
2019-11-23,7,0,reserve,system,3957.556,0.0,0.0,3957.556,0.0,8.015998
2019-11-23,8,0,reserve,system,4047.245,0.0,0.0,4047.245,0.0,13.132919
2019-11-23,9,0,reserve,system,4047.638,0.0,0.0,4047.638,0.0,15.327533
2019-11-23,10,0,reserve,system,3981.646,0.0,0.0,3981.646,0.0,7.194759
2019-11-23,11,0,reserve,system,3865.871,0.0,0.0,3865.871,0.0,6.936892
2019-11-23,12,0,reserve,system,3748.725,0.0,0.0,3748.725,0.0,6.25476
2019-11-23,13,0,reserve,system,3652.156,0.0,0.0,3652.156,0.0,6.647509
2019-11-23,14,0,reserve,system,3590.41,0.0,0.0,3590.41,0.0,0.0
2019-11-23,15,0,reserve,system,3555.017,0.0,0.0,3555.017,0.0,6.571448
2019-11-23,16,0,reserve,system,3579.325,0.0,0.0,3579.325,0.0,0.0
2019-11-23,17,0,reserve,system,3709.907,0.0,0.0,3709.907,0.0,9.905703
2019-11-23,18,0,reserve,system,3843.361,0.0,0.0,3843.361,0.0,7.711338
2019-11-23,19,0,reserve,system,3832.434,0.0,0.0,3832.434,0.0,15.012299
2019-11-23,20,0,reserve,system,3816.477,0.0,0.0,3816.477,0.0,11.38976
2019-11-23,21,0,reserve,system,3765.416,0.0,0.0,3765.416,0.0,10.48424
2019-11-23,22,0,reserve,system,3679.738,0.0,0.0,3679.738,0.0,8.454363
2019-11-23,23,0,reserve,system,3573.799,0.0,0.0,3573.799,0.0,8.533186
2019-11-24,0,0,reserve,system,3487.002,0.0,0.0,3487.002,0.0,14.371258
2019-11-24,1,0,reserve,system,3437.298,0.0,0.0,3437.298,0.0,0.0
2019-11-24,2,0,reserve,system,3425.965,0.0,0.0,3425.965,0.0,13.097779
2019-11-24,3,0,reserve,system,3439.14,0.0,0.0,3439.14,0.0,0.0
2019-11-24,4,0,reserve,system,3492.828,0.0,0.0,3492.828,0.0,0.0
2019-11-24,5,0,reserve,system,3600.557,0.0,0.0,3600.557,0.0,9.346937
2019-11-24,6,0,reserve,system,3753.901,0.0,0.0,3753.901,0.0,5.700517
2019-11-24,7,0,reserve,system,3880.939,0.0,0.0,3880.939,0.0,9.131104
2019-11-24,8,0,reserve,system,3907.935,0.0,10.040823,3907.935,0.0,20.002273
2019-11-24,9,0,reserve,system,3814.591,0.0,0.0,3814.591,0.0,7.548996
2019-11-24,10,0,reserve,system,3698.356,0.0,0.0,3698.356,0.0,6.87897
2019-11-24,11,0,reserve,system,3603.532,0.0,0.0,3603.532,0.0,6.093909
2019-11-24,12,0,reserve,system,3546.277,0.0,0.0,3546.277,0.0,7.455264
2019-11-24,13,0,reserve,system,3525.771,0.0,0.0,3525.771,0.0,4.671163
2019-11-24,14,0,reserve,system,3510.904,0.0,0.0,3510.904,0.0,7.362244
2019-11-24,15,0,reserve,system,3503.806,0.0,0.0,3503.806,0.0,0.0
2019-11-24,16,0,reserve,system,3518.223,0.0,0.0,3518.223,0.0,0.0
2019-11-24,17,0,reserve,system,3647.215,0.0,0.0,3647.215,0.0,9.841756
2019-11-24,18,0,reserve,system,3765.638,0.0,0.0,3765.638,0.0,5.317126
2019-11-24,19,0,reserve,system,3760.547,0.0,0.0,3760.547,0.0,21.539137
2019-11-24,20,0,reserve,system,3721.023,0.0,0.0,3721.023,0.0,5.33387
2019-11-24,21,0,reserve,system,3638.397,0.0,0.0,3638.397,0.0,9.134303
2019-11-24,22,0,reserve,system,3492.256,0.0,0.0,3492.256,0.0,0.0
2019-11-24,23,0,reserve,system,3314.288,0.0,0.0,3314.288,0.0,0.0
2019-11-25,0,0,reserve,system,3188.239,0.0,0.0,3188.239,0.0,6.279713
2019-11-25,1,0,reserve,system,3125.892,0.0,0.0,3125.892,0.0,3.634338
2019-11-25,2,0,reserve,system,3108.492,0.0,0.0,3108.492,0.0,0.0
2019-11-25,3,0,reserve,system,3131.706,0.0,0.0,3131.706,0.0,0.0
2019-11-25,4,0,reserve,system,3227.315,0.0,0.0,3227.315,0.0,5.629302
2019-11-25,5,0,reserve,system,3428.393,0.0,4.213409,3428.393,0.0,2.938167
2019-11-25,6,0,reserve,system,3700.409,0.0,9.906056,3700.409,0.0,6.925724
2019-11-25,7,0,reserve,system,3841.0,0.0,10.003568,3841.0,0.0,6.14375
2019-11-25,8,0,reserve,system,3861.645,0.0,0.0,3861.645,0.0,15.704391
2019-11-25,9,0,reserve,system,3843.786,0.0,14.346866,3843.786,0.0,7.623353
2019-11-25,10,0,reserve,system,3846.976,0.0,0.0,3846.976,0.0,5.079414
2019-11-25,11,0,reserve,system,3857.49,0.0,24.597797,3857.49,0.0,9.271318
2019-11-25,12,0,reserve,system,3872.897,0.0,0.0,3872.897,0.0,0.0
2019-11-25,13,0,reserve,system,3912.892,0.0,0.0,3912.892,0.0,0.0
2019-11-25,14,0,reserve,system,3957.858,0.0,36.175462,3957.858,0.0,9.385542
2019-11-25,15,0,reserve,system,3981.25,0.0,27.556067,3981.25,0.0,9.821745
2019-11-25,16,0,reserve,system,3972.779,0.0,0.0,3972.779,0.0,0.0
2019-11-25,17,0,reserve,system,4043.397,0.0,36.790888,4043.397,0.0,9.90866
2019-11-25,18,0,reserve,system,4122.725,0.0,30.262045,4122.725,0.0,9.798891
2019-11-25,19,0,reserve,system,4054.306,0.0,0.0,4054.306,0.0,23.370617
2019-11-25,20,0,reserve,system,3967.653,0.0,0.0,3967.653,0.0,7.740247
2019-11-25,21,0,reserve,system,3849.581,0.0,0.0,3849.581,0.0,7.029965
2019-11-25,22,0,reserve,system,3657.789,0.0,0.0,3657.789,0.0,6.76048
2019-11-25,23,0,reserve,system,3452.744,0.0,0.0,3452.744,0.0,5.820873
2019-11-26,0,0,reserve,system,3289.808,0.0,0.0,3289.808,0.0,6.414773
2019-11-26,1,0,reserve,system,3197.025,0.0,0.0,3197.025,0.0,0.0
2019-11-26,2,0,reserve,system,3134.051,0.0,0.0,3134.051,0.0,1.253162
2019-11-26,3,0,reserve,system,3124.108,0.0,0.0,3124.108,0.0,0.0
2019-11-26,4,0,reserve,system,3173.773,0.0,0.0,3173.773,0.0,3.091595
2019-11-26,5,0,reserve,system,3325.643,0.0,2.989857,3325.643,0.0,3.713279
2019-11-26,6,0,reserve,system,3549.328,0.0,6.422023,3549.328,0.0,3.762816
2019-11-26,7,0,reserve,system,3697.853,0.0,0.0,3697.853,0.0,5.027205
2019-11-26,8,0,reserve,system,3829.14,0.0,0.0,3829.14,0.0,7.24458
2019-11-26,9,0,reserve,system,3933.915,0.0,14.384242,3933.915,0.0,6.128677
2019-11-26,10,0,reserve,system,4026.669,0.0,0.0,4026.669,0.0,7.108939
2019-11-26,11,0,reserve,system,4082.201,0.0,0.0,4082.201,0.0,10.993536
2019-11-26,12,0,reserve,system,4089.003,0.0,0.0,4089.003,0.0,0.0
2019-11-26,13,0,reserve,system,4105.056,0.0,27.170728,4105.056,0.0,11.296421
2019-11-26,14,0,reserve,system,4111.965,0.0,0.0,4111.965,0.0,0.0
2019-11-26,15,0,reserve,system,4120.38,0.0,0.0,4120.38,0.0,10.212519
2019-11-26,16,0,reserve,system,4108.894,0.0,30.554929,4108.894,0.0,5.494785
2019-11-26,17,0,reserve,system,4211.785,0.0,0.0,4211.785,0.0,26.298982
2019-11-26,18,0,reserve,system,4265.787,0.0,0.0,4265.787,0.0,7.601663
2019-11-26,19,0,reserve,system,4195.02,0.0,0.0,4195.02,0.0,8.618918
2019-11-26,20,0,reserve,system,4101.081,0.0,0.0,4101.081,0.0,5.428372
2019-11-26,21,0,reserve,system,3972.169,0.0,0.0,3972.169,0.0,9.35626
2019-11-26,22,0,reserve,system,3787.375,0.0,0.0,3787.375,0.0,0.0
2019-11-26,23,0,reserve,system,3569.833,0.0,0.0,3569.833,0.0,12.771649
2019-11-27,0,0,reserve,system,3389.675,0.0,0.0,3389.675,0.0,15.160663
2019-11-27,1,0,reserve,system,3284.405,0.0,0.0,3284.405,0.0,0.0
2019-11-27,2,0,reserve,system,3230.707,0.0,0.0,3230.707,0.0,9.46213
2019-11-27,3,0,reserve,system,3180.364,0.0,0.0,3180.364,0.0,0.0
2019-11-27,4,0,reserve,system,3217.671,0.0,8.229652,3217.671,0.0,0.0
2019-11-27,5,0,reserve,system,3383.702,0.0,7.412807,3383.702,0.0,4.519233
2019-11-27,6,0,reserve,system,3634.757,0.0,0.0,3634.757,0.0,5.338241
2019-11-27,7,0,reserve,system,3812.583,0.0,1.104611,3812.583,0.0,7.176699
2019-11-27,8,0,reserve,system,3942.154,0.0,0.0,3942.154,0.0,8.072137
2019-11-27,9,0,reserve,system,4030.607,0.0,0.0,4030.607,0.0,10.871578
2019-11-27,10,0,reserve,system,4038.793,0.0,1.650732,4038.793,0.0,9.266674
2019-11-27,11,0,reserve,system,4014.563,0.0,0.0,4014.563,0.0,5.587278
2019-11-27,12,0,reserve,system,3962.244,0.0,0.0,3962.244,0.0,3.236856
2019-11-27,13,0,reserve,system,3946.913,0.0,0.0,3946.913,0.0,0.0
2019-11-27,14,0,reserve,system,3930.549,0.0,23.58413,3930.549,0.0,2.435151
2019-11-27,15,0,reserve,system,3930.941,0.0,23.905508,3930.941,0.0,6.43557
2019-11-27,16,0,reserve,system,3985.017,0.0,34.90447,3985.017,0.0,6.156228
2019-11-27,17,0,reserve,system,4129.715,0.0,0.0,4129.715,0.0,7.229122
2019-11-27,18,0,reserve,system,4177.347,0.0,0.0,4177.347,0.0,6.838906
2019-11-27,19,0,reserve,system,4122.007,0.0,0.0,4122.007,0.0,15.149479
2019-11-27,20,0,reserve,system,4063.789,0.0,0.0,4063.789,0.0,6.729889
2019-11-27,21,0,reserve,system,3964.328,0.0,0.0,3964.328,0.0,5.379313
2019-11-27,22,0,reserve,system,3806.468,0.0,0.0,3806.468,0.0,3.454786
2019-11-27,23,0,reserve,system,3611.396,0.0,0.0,3611.396,0.0,6.855534
2019-11-28,0,0,reserve,system,3450.464,0.0,0.0,3450.464,0.0,3.743476
2019-11-28,1,0,reserve,system,3333.349,0.0,1.412275,3333.349,0.0,0.0
2019-11-28,2,0,reserve,system,3271.817,0.0,1.019809,3271.817,0.0,5.108956
2019-11-28,3,0,reserve,system,3245.307,0.0,0.0,3245.307,0.0,4.453956
2019-11-28,4,0,reserve,system,3271.025,0.0,0.0,3271.025,0.0,4.714141
2019-11-28,5,0,reserve,system,3359.465,0.0,0.0,3359.465,0.0,4.57181
2019-11-28,6,0,reserve,system,3486.996,0.0,0.0,3486.996,0.0,7.800308
2019-11-28,7,0,reserve,system,3621.592,0.0,0.0,3621.592,0.0,6.011504
2019-11-28,8,0,reserve,system,3817.786,0.0,11.03709,3817.786,0.0,7.492115
2019-11-28,9,0,reserve,system,4003.821,0.0,0.0,4003.821,0.0,20.45184
2019-11-28,10,0,reserve,system,4099.918,0.0,0.0,4099.918,0.0,9.135625
2019-11-28,11,0,reserve,system,4121.075,0.0,0.0,4121.075,0.0,6.122384
2019-11-28,12,0,reserve,system,4030.395,0.0,0.0,4030.395,0.0,7.379871
2019-11-28,13,0,reserve,system,3908.163,0.0,0.0,3908.163,0.0,4.495749
2019-11-28,14,0,reserve,system,3818.512,0.0,0.0,3818.512,0.0,4.054525
2019-11-28,15,0,reserve,system,3752.867,0.0,0.0,3752.867,0.0,5.038521
2019-11-28,16,0,reserve,system,3715.058,0.0,0.0,3715.058,0.0,0.0
2019-11-28,17,0,reserve,system,3792.448,0.0,12.229411,3792.448,0.0,9.865102
2019-11-28,18,0,reserve,system,3805.457,0.0,29.721244,3805.457,0.0,5.368579
2019-11-28,19,0,reserve,system,3783.528,0.0,0.0,3783.528,0.0,23.3989
2019-11-28,20,0,reserve,system,3756.808,0.0,0.0,3756.808,0.0,8.671903
2019-11-28,21,0,reserve,system,3714.97,0.0,0.0,3714.97,0.0,7.659313
2019-11-28,22,0,reserve,system,3625.097,0.0,0.0,3625.097,0.0,7.458344
2019-11-28,23,0,reserve,system,3508.068,0.0,0.0,3508.068,0.0,5.005146
2019-11-29,0,0,reserve,system,3396.82,0.0,0.0,3396.82,0.0,13.940271
2019-11-29,1,0,reserve,system,3306.529,0.0,0.0,3306.529,0.0,0.0
2019-11-29,2,0,reserve,system,3256.756,0.0,0.0,3256.756,0.0,0.0
2019-11-29,3,0,reserve,system,3238.16,0.0,0.0,3238.16,0.0,7.684684
2019-11-29,4,0,reserve,system,3282.794,0.0,0.0,3282.794,0.0,6.441266
2019-11-29,5,0,reserve,system,3381.315,0.0,0.0,3381.315,0.0,6.863881
2019-11-29,6,0,reserve,system,3497.975,0.0,0.0,3497.975,0.0,6.893481
2019-11-29,7,0,reserve,system,3596.797,0.0,0.0,3596.797,0.0,6.766176
2019-11-29,8,0,reserve,system,3705.607,0.0,0.0,3705.607,0.0,14.439769
2019-11-29,9,0,reserve,system,3822.007,0.0,0.0,3822.007,0.0,7.017953
2019-11-29,10,0,reserve,system,3919.091,0.0,0.0,3919.091,0.0,6.763326
2019-11-29,11,0,reserve,system,3956.504,0.0,0.0,3956.504,0.0,7.34021
2019-11-29,12,0,reserve,system,3964.401,0.0,6.603401,3964.401,0.0,4.779848
2019-11-29,13,0,reserve,system,3950.638,0.0,0.0,3950.638,0.0,4.909277
2019-11-29,14,0,reserve,system,3919.088,0.0,0.0,3919.088,0.0,1.000987
2019-11-29,15,0,reserve,system,3904.63,0.0,4.140348,3904.63,0.0,5.969866
2019-11-29,16,0,reserve,system,3919.619,0.0,0.0,3919.619,0.0,5.457698
2019-11-29,17,0,reserve,system,4011.168,0.0,3.961185,4011.168,0.0,6.951596
2019-11-29,18,0,reserve,system,4029.124,0.0,7.040693,4029.124,0.0,11.321096
2019-11-29,19,0,reserve,system,3956.699,0.0,0.0,3956.699,0.0,10.842072
2019-11-29,20,0,reserve,system,3884.895,0.0,0.0,3884.895,0.0,6.659909
2019-11-29,21,0,reserve,system,3794.432,0.0,0.0,3794.432,0.0,5.066176
2019-11-29,22,0,reserve,system,3663.461,0.0,0.0,3663.461,0.0,3.747436
2019-11-29,23,0,reserve,system,3504.568,0.0,0.0,3504.568,0.0,3.64495
2019-11-30,0,0,reserve,system,3346.235,0.0,0.0,3346.235,0.0,3.335517
2019-11-30,1,0,reserve,system,3233.134,0.0,0.0,3233.134,0.0,1.686712
2019-11-30,2,0,reserve,system,3159.951,0.0,0.0,3159.951,0.0,0.0
2019-11-30,3,0,reserve,system,3124.57,0.0,0.0,3124.57,0.0,0.0
2019-11-30,4,0,reserve,system,3124.017,0.0,0.0,3124.017,0.0,2.780718
2019-11-30,5,0,reserve,system,3173.272,0.0,20.532827,3173.272,0.0,2.473212
2019-11-30,6,0,reserve,system,3265.585,0.0,15.610802,3265.585,0.0,3.520613
2019-11-30,7,0,reserve,system,3369.223,0.0,0.0,3369.223,0.0,3.88822
2019-11-30,8,0,reserve,system,3529.766,0.0,0.0,3529.766,0.0,4.895161
2019-11-30,9,0,reserve,system,3710.118,0.0,0.627767,3710.118,0.0,6.496708
2019-11-30,10,0,reserve,system,3866.022,0.0,2.027605,3866.022,0.0,7.008409
2019-11-30,11,0,reserve,system,3969.757,0.0,0.0,3969.757,0.0,10.302321
2019-11-30,12,0,reserve,system,4021.991,0.0,0.0,4021.991,0.0,0.0
2019-11-30,13,0,reserve,system,4062.179,0.0,0.0,4062.179,0.0,19.078815
2019-11-30,14,0,reserve,system,4075.45,0.0,0.0,4075.45,0.0,3.600537
2019-11-30,15,0,reserve,system,4085.727,0.0,0.0,4085.727,0.0,10.4059
2019-11-30,16,0,reserve,system,4064.633,0.0,0.0,4064.633,0.0,0.339259
2019-11-30,17,0,reserve,system,4091.56,0.0,0.0,4091.56,0.0,0.0
2019-11-30,18,0,reserve,system,4129.651,0.0,0.0,4129.651,0.0,9.231457
2019-11-30,19,0,reserve,system,4036.731,0.0,1.996352,4036.731,0.0,19.443212
2019-11-30,20,0,reserve,system,3943.979,0.0,0.0,3943.979,0.0,6.877197
2019-11-30,21,0,reserve,system,3833.262,0.0,0.0,3833.262,0.0,5.989676
2019-11-30,22,0,reserve,system,3682.721,0.0,0.0,3682.721,0.0,7.075186
2019-11-30,23,0,reserve,system,3487.187,0.0,0.0,3487.187,0.0,5.592381
2019-12-01,0,0,reserve,system,3302.634,0.0,0.0,3302.634,0.0,4.652569
2019-12-01,1,0,reserve,system,3197.126,0.0,0.0,3197.126,0.0,0.0
2019-12-01,2,0,reserve,system,3125.112,0.0,13.063351,3125.112,0.0,2.608597
2019-12-01,3,0,reserve,system,3096.197,0.0,0.0,3096.197,0.0,2.014079
2019-12-01,4,0,reserve,system,3117.191,0.0,0.0,3117.191,0.0,5.613795
2019-12-01,5,0,reserve,system,3179.398,0.0,0.0,3179.398,0.0,6.402882
2019-12-01,6,0,reserve,system,3303.858,0.0,0.0,3303.858,0.0,5.627502
2019-12-01,7,0,reserve,system,3425.004,0.0,0.0,3425.004,0.0,5.217221
2019-12-01,8,0,reserve,system,3564.174,0.0,0.0,3564.174,0.0,7.243822
2019-12-01,9,0,reserve,system,3644.85,0.0,0.0,3644.85,0.0,15.863488
2019-12-01,10,0,reserve,system,3669.851,0.0,0.0,3669.851,0.0,6.438007
2019-12-01,11,0,reserve,system,3645.564,0.0,0.0,3645.564,0.0,6.954763
2019-12-01,12,0,reserve,system,3616.12,0.0,0.0,3616.12,0.0,5.365445
2019-12-01,13,0,reserve,system,3583.821,0.0,0.0,3583.821,0.0,0.0
2019-12-01,14,0,reserve,system,3550.522,0.0,0.0,3550.522,0.0,0.0
2019-12-01,15,0,reserve,system,3548.52,0.0,14.87802,3548.52,0.0,5.342569
2019-12-01,16,0,reserve,system,3593.721,0.0,0.0,3593.721,0.0,4.560197
2019-12-01,17,0,reserve,system,3790.574,0.0,22.954275,3790.574,0.0,7.910044
2019-12-01,18,0,reserve,system,4014.712,0.0,8.494926,4014.712,0.0,9.244229
2019-12-01,19,0,reserve,system,4049.972,0.0,0.0,4049.972,0.0,22.422357
2019-12-01,20,0,reserve,system,4031.719,0.0,0.0,4031.719,0.0,9.299795
2019-12-01,21,0,reserve,system,3950.082,0.0,0.0,3950.082,0.0,9.409765
2019-12-01,22,0,reserve,system,3784.06,0.0,0.0,3784.06,0.0,6.897179
2019-12-01,23,0,reserve,system,3614.124,0.0,0.0,3614.124,0.0,9.387563
2019-12-02,0,0,reserve,system,3483.633,0.0,0.0,3483.633,0.0,12.05443
2019-12-02,1,0,reserve,system,3445.872,0.0,0.0,3445.872,0.0,0.0
2019-12-02,2,0,reserve,system,3444.023,0.0,0.0,3444.023,0.0,0.140463
2019-12-02,3,0,reserve,system,3499.368,0.0,0.0,3499.368,0.0,8.746707
2019-12-02,4,0,reserve,system,3639.704,0.0,1.791696,3639.704,0.0,5.867147
2019-12-02,5,0,reserve,system,3946.76,0.0,0.0,3946.76,0.0,8.648762
2019-12-02,6,0,reserve,system,4393.51,0.0,0.0,4393.51,0.0,9.23911
2019-12-02,7,0,reserve,system,4543.185,0.0,0.0,4543.185,0.0,12.791538
2019-12-02,8,0,reserve,system,4424.891,0.0,0.0,4424.891,0.0,7.677581
2019-12-02,9,0,reserve,system,4288.246,0.0,0.0,4288.246,0.0,10.40098
2019-12-02,10,0,reserve,system,4166.352,0.0,0.0,4166.352,0.0,9.660685
2019-12-02,11,0,reserve,system,4043.506,0.0,0.0,4043.506,0.0,7.984564
2019-12-02,12,0,reserve,system,3937.219,0.0,0.0,3937.219,0.0,9.817081
2019-12-02,13,0,reserve,system,3875.277,0.0,0.0,3875.277,0.0,0.0
2019-12-02,14,0,reserve,system,3820.362,0.0,0.0,3820.362,0.0,0.0
2019-12-02,15,0,reserve,system,3782.25,0.0,9.263207,3782.25,0.0,13.116446
2019-12-02,16,0,reserve,system,3819.075,0.0,0.0,3819.075,0.0,0.0
2019-12-02,17,0,reserve,system,4019.08,0.0,0.0,4019.08,0.0,10.246483
2019-12-02,18,0,reserve,system,4243.958,0.0,0.0,4243.958,0.0,9.335406
2019-12-02,19,0,reserve,system,4276.533,0.0,0.0,4276.533,0.0,20.257383
2019-12-02,20,0,reserve,system,4289.179,0.0,0.0,4289.179,0.0,9.161702
2019-12-02,21,0,reserve,system,4208.513,0.0,0.0,4208.513,0.0,10.390688
2019-12-02,22,0,reserve,system,4014.711,0.0,0.0,4014.711,0.0,5.775705
2019-12-02,23,0,reserve,system,3826.864,0.0,0.0,3826.864,0.0,10.057881
2019-12-03,0,0,reserve,system,3710.988,0.0,0.0,3710.988,0.0,12.236858
2019-12-03,1,0,reserve,system,3662.218,0.0,0.0,3662.218,0.0,0.0
2019-12-03,2,0,reserve,system,3659.287,0.0,23.351367,3659.287,0.0,0.181632
2019-12-03,3,0,reserve,system,3704.933,0.0,0.0,3704.933,0.0,9.180393
2019-12-03,4,0,reserve,system,3835.256,0.0,0.0,3835.256,0.0,5.637391
2019-12-03,5,0,reserve,system,4125.018,0.0,0.0,4125.018,0.0,9.534637
2019-12-03,6,0,reserve,system,4534.234,0.0,0.0,4534.234,0.0,9.677151
2019-12-03,7,0,reserve,system,4628.832,0.0,0.0,4628.832,0.0,19.13275
2019-12-03,8,0,reserve,system,4460.626,0.0,0.0,4460.626,0.0,9.754394
2019-12-03,9,0,reserve,system,4251.762,0.0,0.0,4251.762,0.0,9.252407
2019-12-03,10,0,reserve,system,4087.536,0.0,0.0,4087.536,0.0,6.334479
2019-12-03,11,0,reserve,system,3951.864,0.0,0.0,3951.864,0.0,6.60025
2019-12-03,12,0,reserve,system,3862.058,0.0,0.0,3862.058,0.0,7.485252
2019-12-03,13,0,reserve,system,3823.155,0.0,0.0,3823.155,0.0,4.105956
2019-12-03,14,0,reserve,system,3796.888,0.0,0.0,3796.888,0.0,5.148573
2019-12-03,15,0,reserve,system,3785.398,0.0,4.857647,3785.398,0.0,3.773186
2019-12-03,16,0,reserve,system,3802.409,0.0,0.0,3802.409,0.0,0.0
2019-12-03,17,0,reserve,system,3948.232,0.0,0.0,3948.232,0.0,9.955808
2019-12-03,18,0,reserve,system,4100.397,0.0,0.0,4100.397,0.0,7.671934
2019-12-03,19,0,reserve,system,4094.454,0.0,0.0,4094.454,0.0,23.483333
2019-12-03,20,0,reserve,system,4059.678,0.0,0.0,4059.678,0.0,8.274609
2019-12-03,21,0,reserve,system,3941.24,0.0,0.0,3941.24,0.0,12.316064
2019-12-03,22,0,reserve,system,3731.883,0.0,0.0,3731.883,0.0,0.0
2019-12-03,23,0,reserve,system,3521.872,0.0,0.0,3521.872,0.0,0.0
2019-12-04,0,0,reserve,system,3394.76,0.0,0.0,3394.76,0.0,14.211258
2019-12-04,1,0,reserve,system,3339.794,0.0,0.0,3339.794,0.0,0.0
2019-12-04,2,0,reserve,system,3342.147,0.0,0.0,3342.147,0.0,0.398746
2019-12-04,3,0,reserve,system,3382.839,0.0,0.0,3382.839,0.0,8.17199
2019-12-04,4,0,reserve,system,3502.65,0.0,0.0,3502.65,0.0,5.903723
2019-12-04,5,0,reserve,system,3783.457,0.0,0.0,3783.457,0.0,8.131331
2019-12-04,6,0,reserve,system,4187.358,0.0,0.0,4187.358,0.0,9.874383
2019-12-04,7,0,reserve,system,4300.234,0.0,0.0,4300.234,0.0,17.847057
2019-12-04,8,0,reserve,system,4173.035,0.0,0.0,4173.035,0.0,8.818337
2019-12-04,9,0,reserve,system,4044.515,0.0,0.0,4044.515,0.0,10.029418
2019-12-04,10,0,reserve,system,3944.527,0.0,0.0,3944.527,0.0,8.21917
2019-12-04,11,0,reserve,system,3868.16,0.0,0.0,3868.16,0.0,9.367954
2019-12-04,12,0,reserve,system,3835.573,0.0,0.0,3835.573,0.0,5.331478
2019-12-04,13,0,reserve,system,3835.437,0.0,4.872494,3835.437,0.0,9.561048
2019-12-04,14,0,reserve,system,3832.487,0.0,0.0,3832.487,0.0,0.0
2019-12-04,15,0,reserve,system,3822.699,0.0,0.0,3822.699,0.0,6.676507
2019-12-04,16,0,reserve,system,3840.268,0.0,0.0,3840.268,0.0,0.0
2019-12-04,17,0,reserve,system,3982.338,0.0,0.0,3982.338,0.0,11.674843
2019-12-04,18,0,reserve,system,4108.909,0.0,25.539539,4108.909,0.0,13.02528
2019-12-04,19,0,reserve,system,4082.085,0.0,0.0,4082.085,0.0,16.973412
2019-12-04,20,0,reserve,system,4042.184,0.0,0.0,4042.184,0.0,10.592771
2019-12-04,21,0,reserve,system,3927.442,0.0,0.0,3927.442,0.0,7.03467
2019-12-04,22,0,reserve,system,3700.067,0.0,0.0,3700.067,0.0,9.066303
2019-12-04,23,0,reserve,system,3463.814,0.0,0.0,3463.814,0.0,1.062748
2019-12-05,0,0,reserve,system,3306.257,0.0,0.0,3306.257,0.0,8.718111
2019-12-05,1,0,reserve,system,3233.928,0.0,0.0,3233.928,0.0,0.0
2019-12-05,2,0,reserve,system,3206.349,0.0,0.0,3206.349,0.0,0.0
2019-12-05,3,0,reserve,system,3225.659,0.0,13.617082,3225.659,0.0,5.372239
2019-12-05,4,0,reserve,system,3316.427,0.0,0.175805,3316.427,0.0,5.391051
2019-12-05,5,0,reserve,system,3561.952,0.0,22.438464,3561.952,0.0,7.041125
2019-12-05,6,0,reserve,system,3920.075,0.0,0.0,3920.075,0.0,7.367932
2019-12-05,7,0,reserve,system,4029.239,0.0,0.0,4029.239,0.0,24.039772
2019-12-05,8,0,reserve,system,3973.034,0.0,0.0,3973.034,0.0,9.127592
2019-12-05,9,0,reserve,system,3932.322,0.0,0.0,3932.322,0.0,6.786769
2019-12-05,10,0,reserve,system,3901.238,0.0,0.0,3901.238,0.0,6.465543
2019-12-05,11,0,reserve,system,3879.07,0.0,0.0,3879.07,0.0,6.458338
2019-12-05,12,0,reserve,system,3876.025,0.0,0.0,3876.025,0.0,6.686443
2019-12-05,13,0,reserve,system,3899.022,0.0,0.0,3899.022,0.0,5.081473
2019-12-05,14,0,reserve,system,3908.201,0.0,0.0,3908.201,0.0,5.36789
2019-12-05,15,0,reserve,system,3904.981,0.0,0.0,3904.981,0.0,3.7181
2019-12-05,16,0,reserve,system,3916.337,0.0,0.0,3916.337,0.0,0.0
2019-12-05,17,0,reserve,system,4013.608,0.0,2.660471,4013.608,0.0,9.35654
2019-12-05,18,0,reserve,system,4123.466,0.0,0.195305,4123.466,0.0,5.690033
2019-12-05,19,0,reserve,system,4098.387,0.0,0.0,4098.387,0.0,20.822822
2019-12-05,20,0,reserve,system,4041.647,0.0,0.0,4041.647,0.0,6.771652
2019-12-05,21,0,reserve,system,3908.048,0.0,0.0,3908.048,0.0,6.508944
2019-12-05,22,0,reserve,system,3686.452,0.0,0.0,3686.452,0.0,6.696596
2019-12-05,23,0,reserve,system,3436.744,0.0,0.0,3436.744,0.0,6.475553
2019-12-06,0,0,reserve,system,3242.09,0.0,0.0,3242.09,0.0,6.665037
2019-12-06,1,0,reserve,system,3137.781,0.0,0.0,3137.781,0.0,0.0
2019-12-06,2,0,reserve,system,3096.509,0.0,0.0,3096.509,0.0,6.547623
2019-12-06,3,0,reserve,system,3083.227,0.0,0.0,3083.227,0.0,0.0
2019-12-06,4,0,reserve,system,3160.379,0.0,0.0,3160.379,0.0,0.0
2019-12-06,5,0,reserve,system,3371.607,0.0,3.608436,3371.607,0.0,4.744589
2019-12-06,6,0,reserve,system,3732.507,0.0,0.0,3732.507,0.0,6.651886
2019-12-06,7,0,reserve,system,3878.375,0.0,0.0,3878.375,0.0,5.754013
2019-12-06,8,0,reserve,system,3880.864,0.0,0.0,3880.864,0.0,6.556603
2019-12-06,9,0,reserve,system,3903.783,0.0,0.0,3903.783,0.0,14.504588
2019-12-06,10,0,reserve,system,3907.744,0.0,0.0,3907.744,0.0,6.454509
2019-12-06,11,0,reserve,system,3896.62,0.0,0.0,3896.62,0.0,5.20797
2019-12-06,12,0,reserve,system,3877.184,0.0,4.049154,3877.184,0.0,10.186124
2019-12-06,13,0,reserve,system,3882.883,0.0,0.0,3882.883,0.0,0.0
2019-12-06,14,0,reserve,system,3884.042,0.0,2.090983,3884.042,0.0,0.0
2019-12-06,15,0,reserve,system,3872.362,0.0,34.720318,3872.362,0.0,13.079198
2019-12-06,16,0,reserve,system,3864.337,0.0,0.0,3864.337,0.0,0.0
2019-12-06,17,0,reserve,system,3951.358,0.0,0.0,3951.358,0.0,9.865931
2019-12-06,18,0,reserve,system,4033.051,0.0,0.0,4033.051,0.0,12.19396
2019-12-06,19,0,reserve,system,3966.756,0.0,0.0,3966.756,0.0,20.334162
2019-12-06,20,0,reserve,system,3907.651,0.0,0.0,3907.651,0.0,8.068351
2019-12-06,21,0,reserve,system,3830.69,0.0,0.0,3830.69,0.0,7.862772
2019-12-06,22,0,reserve,system,3692.732,0.0,0.0,3692.732,0.0,5.416825
2019-12-06,23,0,reserve,system,3526.486,0.0,0.0,3526.486,0.0,9.273479
2019-12-07,0,0,reserve,system,3387.482,0.0,0.0,3387.482,0.0,8.974101
2019-12-07,1,0,reserve,system,3309.018,0.0,0.0,3309.018,0.0,1.042159
2019-12-07,2,0,reserve,system,3272.107,0.0,0.0,3272.107,0.0,0.0
2019-12-07,3,0,reserve,system,3277.53,0.0,0.0,3277.53,0.0,7.85022
2019-12-07,4,0,reserve,system,3334.756,0.0,0.0,3334.756,0.0,4.465035
2019-12-07,5,0,reserve,system,3455.576,0.0,0.290704,3455.576,0.0,6.392594
2019-12-07,6,0,reserve,system,3649.596,0.0,0.0,3649.596,0.0,6.636765
2019-12-07,7,0,reserve,system,3822.391,0.0,0.0,3822.391,0.0,8.324636
2019-12-07,8,0,reserve,system,3930.641,0.0,3.918518,3930.641,0.0,16.922904
2019-12-07,9,0,reserve,system,3916.944,0.0,0.0,3916.944,0.0,10.959043
2019-12-07,10,0,reserve,system,3853.093,0.0,0.0,3853.093,0.0,5.027242
2019-12-07,11,0,reserve,system,3777.47,0.0,0.0,3777.47,0.0,8.414844
2019-12-07,12,0,reserve,system,3709.523,0.0,0.0,3709.523,0.0,5.351902
2019-12-07,13,0,reserve,system,3666.471,0.0,0.0,3666.471,0.0,9.374552
2019-12-07,14,0,reserve,system,3631.161,0.0,0.0,3631.161,0.0,0.0
2019-12-07,15,0,reserve,system,3630.186,0.0,0.0,3630.186,0.0,6.545101
2019-12-07,16,0,reserve,system,3642.933,0.0,0.0,3642.933,0.0,0.0
2019-12-07,17,0,reserve,system,3767.268,0.0,0.0,3767.268,0.0,9.702811
2019-12-07,18,0,reserve,system,3878.245,0.0,24.276433,3878.245,0.0,7.592176
2019-12-07,19,0,reserve,system,3856.053,0.0,50.0,3856.053,0.0,21.97676
2019-12-07,20,0,reserve,system,3830.125,0.0,0.0,3830.125,0.0,8.535821
2019-12-07,21,0,reserve,system,3777.483,0.0,0.0,3777.483,0.0,6.441678
2019-12-07,22,0,reserve,system,3665.041,0.0,0.0,3665.041,0.0,6.628832
2019-12-07,23,0,reserve,system,3520.725,0.0,0.0,3520.725,0.0,6.099164
2019-12-08,0,0,reserve,system,3393.892,0.0,0.0,3393.892,0.0,12.026382
2019-12-08,1,0,reserve,system,3305.894,0.0,0.0,3305.894,0.0,0.895749
2019-12-08,2,0,reserve,system,3258.069,0.0,0.0,3258.069,0.0,2.415775
2019-12-08,3,0,reserve,system,3242.263,0.0,0.0,3242.263,0.0,0.0
2019-12-08,4,0,reserve,system,3257.706,0.0,0.0,3257.706,0.0,9.52253
2019-12-08,5,0,reserve,system,3312.707,0.0,0.0,3312.707,0.0,0.0
2019-12-08,6,0,reserve,system,3426.286,0.0,0.0,3426.286,0.0,11.354166
2019-12-08,7,0,reserve,system,3538.677,0.0,0.0,3538.677,0.0,0.0
2019-12-08,8,0,reserve,system,3652.004,0.0,14.232068,3652.004,0.0,9.16529
2019-12-08,9,0,reserve,system,3691.186,0.0,22.858608,3691.186,0.0,14.597183
2019-12-08,10,0,reserve,system,3680.976,0.0,0.0,3680.976,0.0,5.249674
2019-12-08,11,0,reserve,system,3662.459,0.0,2.561234,3662.459,0.0,4.237999
2019-12-08,12,0,reserve,system,3659.522,0.0,0.0,3659.522,0.0,8.087088
2019-12-08,13,0,reserve,system,3669.869,0.0,0.0,3669.869,0.0,0.0
2019-12-08,14,0,reserve,system,3685.343,0.0,0.0,3685.343,0.0,0.0
2019-12-08,15,0,reserve,system,3697.138,0.0,0.0,3697.138,0.0,7.520746
2019-12-08,16,0,reserve,system,3732.399,0.0,0.0,3732.399,0.0,0.0
2019-12-08,17,0,reserve,system,3911.488,0.0,5.140234,3911.488,0.0,9.306536
2019-12-08,18,0,reserve,system,4078.603,0.0,0.0,4078.603,0.0,5.788019
2019-12-08,19,0,reserve,system,4059.466,0.0,26.327669,4059.466,0.0,25.320743
2019-12-08,20,0,reserve,system,3998.637,0.0,0.0,3998.637,0.0,6.89276
2019-12-08,21,0,reserve,system,3861.787,0.0,0.0,3861.787,0.0,6.627729
2019-12-08,22,0,reserve,system,3627.985,0.0,0.0,3627.985,0.0,5.385014
2019-12-08,23,0,reserve,system,3379.315,0.0,0.0,3379.315,0.0,0.0
2019-12-09,0,0,reserve,system,3194.489,0.0,0.0,3194.489,0.0,3.400476
2019-12-09,1,0,reserve,system,3089.44,0.0,0.0,3089.44,0.0,0.0
2019-12-09,2,0,reserve,system,3041.156,0.0,0.0,3041.156,0.0,0.0
2019-12-09,3,0,reserve,system,3038.372,0.0,0.0,3038.372,0.0,1.840388
2019-12-09,4,0,reserve,system,3113.255,0.0,0.0,3113.255,0.0,2.477983
2019-12-09,5,0,reserve,system,3320.288,0.0,0.0,3320.288,0.0,3.876886
2019-12-09,6,0,reserve,system,3665.083,0.0,0.0,3665.083,0.0,6.764506
2019-12-09,7,0,reserve,system,3793.978,0.0,23.354122,3793.978,0.0,6.448241
2019-12-09,8,0,reserve,system,3822.237,0.0,0.0,3822.237,0.0,6.508961
2019-12-09,9,0,reserve,system,3888.408,0.0,18.167255,3888.408,0.0,10.963365
2019-12-09,10,0,reserve,system,3970.533,0.0,0.0,3970.533,0.0,0.0
2019-12-09,11,0,reserve,system,4045.345,0.0,18.065995,4045.345,0.0,14.340565
2019-12-09,12,0,reserve,system,4098.386,0.0,0.0,4098.386,0.0,10.543545
2019-12-09,13,0,reserve,system,4163.692,0.0,0.0,4163.692,0.0,0.0
2019-12-09,14,0,reserve,system,4184.319,0.0,18.065995,4184.319,0.0,11.759792
2019-12-09,15,0,reserve,system,4181.767,0.0,26.500945,4181.767,0.0,12.939394
2019-12-09,16,0,reserve,system,4205.044,0.0,0.0,4205.044,0.0,0.0
2019-12-09,17,0,reserve,system,4347.928,0.0,32.103921,4347.928,0.0,13.818746
2019-12-09,18,0,reserve,system,4474.17,0.0,0.0,4474.17,0.0,21.836688
2019-12-09,19,0,reserve,system,4438.882,0.0,0.0,4438.882,0.0,11.451165
2019-12-09,20,0,reserve,system,4362.262,0.0,0.0,4362.262,0.0,7.958569
2019-12-09,21,0,reserve,system,4216.025,0.0,0.0,4216.025,0.0,7.821187
2019-12-09,22,0,reserve,system,3975.718,0.0,0.0,3975.718,0.0,5.608892
2019-12-09,23,0,reserve,system,3730.987,0.0,0.0,3730.987,0.0,5.630997
2019-12-10,0,0,reserve,system,3570.938,0.0,0.0,3570.938,0.0,7.89688
2019-12-10,1,0,reserve,system,3484.454,0.0,4.868712,3484.454,0.0,0.0
2019-12-10,2,0,reserve,system,3439.309,0.0,0.0,3439.309,0.0,0.0
2019-12-10,3,0,reserve,system,3446.441,0.0,0.0,3446.441,0.0,5.412881
2019-12-10,4,0,reserve,system,3546.567,0.0,11.421146,3546.567,0.0,3.533705
2019-12-10,5,0,reserve,system,3805.888,0.0,5.585722,3805.888,0.0,5.279819
2019-12-10,6,0,reserve,system,4205.332,0.0,0.0,4205.332,0.0,7.009271
2019-12-10,7,0,reserve,system,4406.522,0.0,10.12642,4406.522,0.0,7.039082
2019-12-10,8,0,reserve,system,4436.859,0.0,0.0,4436.859,0.0,7.08757
2019-12-10,9,0,reserve,system,4492.043,0.0,0.0,4492.043,0.0,6.88877
2019-12-10,10,0,reserve,system,4529.606,0.0,0.0,4529.606,0.0,12.139038
2019-12-10,11,0,reserve,system,4543.422,0.0,0.0,4543.422,0.0,23.139205
2019-12-10,12,0,reserve,system,4509.588,0.0,0.0,4509.588,0.0,11.113778
2019-12-10,13,0,reserve,system,4459.637,0.0,0.0,4459.637,0.0,0.0
2019-12-10,14,0,reserve,system,4377.578,0.0,0.0,4377.578,0.0,0.0
2019-12-10,15,0,reserve,system,4350.618,0.0,0.0,4350.618,0.0,9.57634
2019-12-10,16,0,reserve,system,4405.249,0.0,29.721244,4405.249,0.0,8.469865
2019-12-10,17,0,reserve,system,4642.379,0.0,0.0,4642.379,0.0,10.131971
2019-12-10,18,0,reserve,system,4840.868,0.0,0.0,4840.868,0.0,15.25454
2019-12-10,19,0,reserve,system,4849.77,0.0,0.0,4849.77,0.0,7.568455
2019-12-10,20,0,reserve,system,4818.655,0.0,0.0,4818.655,0.0,6.449394
2019-12-10,21,0,reserve,system,4695.704,0.0,0.0,4695.704,0.0,9.80333
2019-12-10,22,0,reserve,system,4465.666,0.0,0.0,4465.666,0.0,4.609092
2019-12-10,23,0,reserve,system,4247.541,0.0,0.0,4247.541,0.0,13.027365
2019-12-11,0,0,reserve,system,4119.093,0.0,0.0,4119.093,0.0,15.401625
2019-12-11,1,0,reserve,system,4066.914,0.0,0.0,4066.914,0.0,0.0
2019-12-11,2,0,reserve,system,4061.861,0.0,0.0,4061.861,0.0,2.257891
2019-12-11,3,0,reserve,system,4099.414,0.0,1.450821,4099.414,0.0,7.071291
2019-12-11,4,0,reserve,system,4221.126,0.0,0.0,4221.126,0.0,7.815133
2019-12-11,5,0,reserve,system,4502.99,0.0,0.0,4502.99,0.0,7.582916
2019-12-11,6,0,reserve,system,4883.512,0.0,0.0,4883.512,0.0,10.935087
2019-12-11,7,0,reserve,system,4974.725,0.0,0.0,4974.725,0.0,14.978081
2019-12-11,8,0,reserve,system,4864.13,0.0,0.0,4864.13,0.0,7.280178
2019-12-11,9,0,reserve,system,4742.691,0.0,0.0,4742.691,0.0,10.259316
2019-12-11,10,0,reserve,system,4593.193,0.0,0.0,4593.193,0.0,10.399685
2019-12-11,11,0,reserve,system,4415.636,0.0,0.0,4415.636,0.0,7.918487
2019-12-11,12,0,reserve,system,4245.1,0.0,0.0,4245.1,0.0,7.274837
2019-12-11,13,0,reserve,system,4122.165,0.0,0.0,4122.165,0.0,5.98941
2019-12-11,14,0,reserve,system,4018.574,0.0,0.0,4018.574,0.0,7.550986
2019-12-11,15,0,reserve,system,3968.806,0.0,0.0,3968.806,0.0,0.0
2019-12-11,16,0,reserve,system,4032.88,0.0,0.0,4032.88,0.0,0.0
2019-12-11,17,0,reserve,system,4299.353,0.0,0.0,4299.353,0.0,9.972551
2019-12-11,18,0,reserve,system,4577.33,0.0,0.0,4577.33,0.0,9.794439
2019-12-11,19,0,reserve,system,4656.379,0.0,3.350481,4656.379,0.0,20.727975
2019-12-11,20,0,reserve,system,4691.377,0.0,0.0,4691.377,0.0,10.413814
2019-12-11,21,0,reserve,system,4621.408,0.0,0.0,4621.408,0.0,8.114351
2019-12-11,22,0,reserve,system,4423.506,0.0,0.0,4423.506,0.0,6.655689
2019-12-11,23,0,reserve,system,4224.008,0.0,0.0,4224.008,0.0,5.565349
2019-12-12,0,0,reserve,system,4102.803,0.0,0.0,4102.803,0.0,13.726534
2019-12-12,1,0,reserve,system,4056.939,0.0,0.0,4056.939,0.0,0.0
2019-12-12,2,0,reserve,system,4051.953,0.0,12.719221,4051.953,0.0,3.206814
2019-12-12,3,0,reserve,system,4079.033,0.0,0.0,4079.033,0.0,4.657029
2019-12-12,4,0,reserve,system,4197.637,0.0,14.074412,4197.637,0.0,7.252441
2019-12-12,5,0,reserve,system,4497.216,0.0,7.327337,4497.216,0.0,8.80382
2019-12-12,6,0,reserve,system,4910.884,0.0,31.272976,4910.884,0.0,10.154643
2019-12-12,7,0,reserve,system,4999.284,0.0,0.0,4999.284,0.0,19.666598
2019-12-12,8,0,reserve,system,4840.002,0.0,0.0,4840.002,0.0,9.767155
2019-12-12,9,0,reserve,system,4636.514,0.0,0.0,4636.514,0.0,9.51739
2019-12-12,10,0,reserve,system,4436.49,0.0,0.0,4436.49,0.0,6.465584
2019-12-12,11,0,reserve,system,4232.72,0.0,0.0,4232.72,0.0,6.594672
2019-12-12,12,0,reserve,system,4061.616,0.0,0.0,4061.616,0.0,6.292485
2019-12-12,13,0,reserve,system,3945.313,0.0,0.0,3945.313,0.0,6.757021
2019-12-12,14,0,reserve,system,3861.643,0.0,0.0,3861.643,0.0,0.82786
2019-12-12,15,0,reserve,system,3824.347,0.0,0.0,3824.347,0.0,0.0
2019-12-12,16,0,reserve,system,3868.129,0.0,0.0,3868.129,0.0,9.321341
2019-12-12,17,0,reserve,system,4081.888,0.0,32.495983,4081.888,0.0,6.08973
2019-12-12,18,0,reserve,system,4286.467,0.0,23.039444,4286.467,0.0,11.280115
2019-12-12,19,0,reserve,system,4314.573,0.0,0.0,4314.573,0.0,20.353595
2019-12-12,20,0,reserve,system,4309.279,0.0,0.0,4309.279,0.0,7.729603
2019-12-12,21,0,reserve,system,4220.204,0.0,0.0,4220.204,0.0,13.695607
2019-12-12,22,0,reserve,system,4022.116,0.0,0.0,4022.116,0.0,0.0
2019-12-12,23,0,reserve,system,3826.021,0.0,0.0,3826.021,0.0,0.0
2019-12-13,0,0,reserve,system,3680.718,0.0,0.0,3680.718,0.0,11.204208
2019-12-13,1,0,reserve,system,3610.609,0.0,0.0,3610.609,0.0,0.0
2019-12-13,2,0,reserve,system,3595.148,0.0,0.0,3595.148,0.0,9.29296
2019-12-13,3,0,reserve,system,3617.527,0.0,0.0,3617.527,0.0,0.0
2019-12-13,4,0,reserve,system,3728.326,0.0,0.0,3728.326,0.0,9.791873
2019-12-13,5,0,reserve,system,3984.888,0.0,0.0,3984.888,0.0,5.624317
2019-12-13,6,0,reserve,system,4366.403,0.0,0.0,4366.403,0.0,11.344788
2019-12-13,7,0,reserve,system,4464.252,0.0,0.0,4464.252,0.0,21.604646
2019-12-13,8,0,reserve,system,4341.965,0.0,0.0,4341.965,0.0,9.818455
2019-12-13,9,0,reserve,system,4193.571,0.0,0.0,4193.571,0.0,9.217827
2019-12-13,10,0,reserve,system,4069.488,0.0,0.0,4069.488,0.0,7.069866
2019-12-13,11,0,reserve,system,3963.427,0.0,0.0,3963.427,0.0,6.428023
2019-12-13,12,0,reserve,system,3883.505,0.0,0.0,3883.505,0.0,7.35669
2019-12-13,13,0,reserve,system,3854.679,0.0,0.0,3854.679,0.0,4.314798
2019-12-13,14,0,reserve,system,3836.198,0.0,18.652221,3836.198,0.0,6.280308
2019-12-13,15,0,reserve,system,3827.276,0.0,20.967043,3827.276,0.0,0.0
2019-12-13,16,0,reserve,system,3832.845,0.0,0.0,3832.845,0.0,0.0
2019-12-13,17,0,reserve,system,3955.483,0.0,0.0,3955.483,0.0,9.574126
2019-12-13,18,0,reserve,system,4057.027,0.0,0.0,4057.027,0.0,6.09308
2019-12-13,19,0,reserve,system,3999.189,0.0,0.0,3999.189,0.0,24.218179
2019-12-13,20,0,reserve,system,3958.065,0.0,0.0,3958.065,0.0,9.787133
2019-12-13,21,0,reserve,system,3892.57,0.0,0.0,3892.57,0.0,6.712231
2019-12-13,22,0,reserve,system,3772.264,0.0,0.0,3772.264,0.0,11.965421
2019-12-13,23,0,reserve,system,3621.582,0.0,0.0,3621.582,0.0,0.0
2019-12-14,0,0,reserve,system,3489.717,0.0,0.0,3489.717,0.0,16.768736
2019-12-14,1,0,reserve,system,3428.852,0.0,0.0,3428.852,0.0,0.0
2019-12-14,2,0,reserve,system,3402.949,0.0,0.0,3402.949,0.0,0.0
2019-12-14,3,0,reserve,system,3425.987,0.0,0.0,3425.987,0.0,11.415142
2019-12-14,4,0,reserve,system,3508.589,0.0,0.0,3508.589,0.0,5.754915
2019-12-14,5,0,reserve,system,3637.612,0.0,0.0,3637.612,0.0,9.151344
2019-12-14,6,0,reserve,system,3827.885,0.0,0.0,3827.885,0.0,8.529849
2019-12-14,7,0,reserve,system,3996.344,0.0,0.0,3996.344,0.0,9.606517
2019-12-14,8,0,reserve,system,4060.38,0.0,0.0,4060.38,0.0,20.188775
2019-12-14,9,0,reserve,system,3978.068,0.0,0.0,3978.068,0.0,9.085582
2019-12-14,10,0,reserve,system,3880.072,0.0,0.0,3880.072,0.0,10.290236
2019-12-14,11,0,reserve,system,3788.21,0.0,0.0,3788.21,0.0,7.28567
2019-12-14,12,0,reserve,system,3724.843,0.0,0.0,3724.843,0.0,7.335632
2019-12-14,13,0,reserve,system,3687.086,0.0,0.0,3687.086,0.0,4.84982
2019-12-14,14,0,reserve,system,3669.749,0.0,0.0,3669.749,0.0,9.01288
2019-12-14,15,0,reserve,system,3678.228,0.0,0.0,3678.228,0.0,0.0
2019-12-14,16,0,reserve,system,3697.325,0.0,0.0,3697.325,0.0,0.0
2019-12-14,17,0,reserve,system,3806.338,0.0,0.0,3806.338,0.0,9.689152
2019-12-14,18,0,reserve,system,3925.616,0.0,0.0,3925.616,0.0,15.5125
2019-12-14,19,0,reserve,system,3879.947,0.0,0.0,3879.947,0.0,14.318962
2019-12-14,20,0,reserve,system,3834.047,0.0,0.0,3834.047,0.0,6.765233
2019-12-14,21,0,reserve,system,3780.832,0.0,0.0,3780.832,0.0,6.885892
2019-12-14,22,0,reserve,system,3670.283,0.0,0.0,3670.283,0.0,6.292144
2019-12-14,23,0,reserve,system,3534.032,0.0,0.0,3534.032,0.0,7.436461
2019-12-15,0,0,reserve,system,3408.073,0.0,0.0,3408.073,0.0,11.910543
2019-12-15,1,0,reserve,system,3329.882,0.0,0.0,3329.882,0.0,0.0
2019-12-15,2,0,reserve,system,3277.627,0.0,0.0,3277.627,0.0,0.0
2019-12-15,3,0,reserve,system,3253.183,0.0,0.0,3253.183,0.0,6.69517
2019-12-15,4,0,reserve,system,3251.138,0.0,0.0,3251.138,0.0,6.346851
2019-12-15,5,0,reserve,system,3294.775,0.0,0.0,3294.775,0.0,6.222964
2019-12-15,6,0,reserve,system,3389.425,0.0,0.0,3389.425,0.0,6.39951
2019-12-15,7,0,reserve,system,3492.931,0.0,0.0,3492.931,0.0,6.400231
2019-12-15,8,0,reserve,system,3614.063,0.0,0.0,3614.063,0.0,6.494244
2019-12-15,9,0,reserve,system,3707.002,0.0,0.0,3707.002,0.0,17.447204
2019-12-15,10,0,reserve,system,3743.013,0.0,0.0,3743.013,0.0,6.675405
2019-12-15,11,0,reserve,system,3778.466,0.0,0.0,3778.466,0.0,6.034153
2019-12-15,12,0,reserve,system,3820.549,0.0,0.0,3820.549,0.0,9.340304
2019-12-15,13,0,reserve,system,3867.755,0.0,0.0,3867.755,0.0,0.0
2019-12-15,14,0,reserve,system,3911.612,0.0,0.0,3911.612,0.0,0.0
2019-12-15,15,0,reserve,system,3942.737,0.0,14.319709,3942.737,0.0,13.284387
2019-12-15,16,0,reserve,system,3951.547,0.0,0.0,3951.547,0.0,0.0
2019-12-15,17,0,reserve,system,4077.214,0.0,0.0,4077.214,0.0,10.016057
2019-12-15,18,0,reserve,system,4225.844,0.0,0.0,4225.844,0.0,10.842649
2019-12-15,19,0,reserve,system,4215.815,0.0,0.0,4215.815,0.0,19.95029
2019-12-15,20,0,reserve,system,4163.194,0.0,0.0,4163.194,0.0,6.215934
2019-12-15,21,0,reserve,system,4052.03,0.0,0.0,4052.03,0.0,10.131624
2019-12-15,22,0,reserve,system,3842.496,0.0,0.0,3842.496,0.0,0.0
2019-12-15,23,0,reserve,system,3612.087,0.0,0.0,3612.087,0.0,9.73418
2019-12-16,0,0,reserve,system,3443.241,0.0,0.0,3443.241,0.0,6.683189
2019-12-16,1,0,reserve,system,3359.514,0.0,0.0,3359.514,0.0,0.0
2019-12-16,2,0,reserve,system,3327.822,0.0,0.0,3327.822,0.0,3.556362
2019-12-16,3,0,reserve,system,3348.93,0.0,0.0,3348.93,0.0,5.172727
2019-12-16,4,0,reserve,system,3459.126,0.0,0.0,3459.126,0.0,5.306546
2019-12-16,5,0,reserve,system,3720.083,0.0,0.0,3720.083,0.0,7.15997
2019-12-16,6,0,reserve,system,4114.346,0.0,0.0,4114.346,0.0,7.149655
2019-12-16,7,0,reserve,system,4308.889,0.0,0.0,4308.889,0.0,14.788245
2019-12-16,8,0,reserve,system,4354.217,0.0,0.0,4354.217,0.0,13.231047
2019-12-16,9,0,reserve,system,4429.1,0.0,0.0,4429.1,0.0,9.19375
2019-12-16,10,0,reserve,system,4495.429,0.0,0.0,4495.429,0.0,1.673269
2019-12-16,11,0,reserve,system,4514.203,0.0,0.0,4514.203,0.0,9.173469
2019-12-16,12,0,reserve,system,4459.36,0.0,0.0,4459.36,0.0,10.031582
2019-12-16,13,0,reserve,system,4389.374,0.0,0.0,4389.374,0.0,0.0
2019-12-16,14,0,reserve,system,4341.689,0.0,0.227536,4341.689,0.0,3.813158
2019-12-16,15,0,reserve,system,4338.017,0.0,6.051822,4338.017,0.0,3.294399
2019-12-16,16,0,reserve,system,4423.303,0.0,0.0,4423.303,0.0,8.040893
2019-12-16,17,0,reserve,system,4651.877,0.0,36.36924,4651.877,0.0,6.561421
2019-12-16,18,0,reserve,system,4869.616,0.0,0.0,4869.616,0.0,10.257059
2019-12-16,19,0,reserve,system,4886.802,0.0,7.246234,4886.802,0.0,21.763136
2019-12-16,20,0,reserve,system,4874.513,0.0,0.0,4874.513,0.0,10.329413
2019-12-16,21,0,reserve,system,4768.385,0.0,0.0,4768.385,0.0,8.789483
2019-12-16,22,0,reserve,system,4543.968,0.0,0.0,4543.968,0.0,5.209535
2019-12-16,23,0,reserve,system,4323.686,0.0,0.0,4323.686,0.0,10.917348
2019-12-17,0,0,reserve,system,4186.906,0.0,0.0,4186.906,0.0,9.423301
2019-12-17,1,0,reserve,system,4133.333,0.0,0.0,4133.333,0.0,3.657025
2019-12-17,2,0,reserve,system,4134.406,0.0,0.0,4134.406,0.0,0.0
2019-12-17,3,0,reserve,system,4190.272,0.0,6.837726,4190.272,0.0,9.61575
2019-12-17,4,0,reserve,system,4344.342,0.0,0.151982,4344.342,0.0,5.778472
2019-12-17,5,0,reserve,system,4669.605,0.0,1.670738,4669.605,0.0,7.416138
2019-12-17,6,0,reserve,system,5124.733,0.0,1.336079,5124.733,0.0,11.503628
2019-12-17,7,0,reserve,system,5293.046,0.0,0.0,5293.046,0.0,15.490475
2019-12-17,8,0,reserve,system,5198.443,0.0,0.0,5198.443,0.0,15.047839
2019-12-17,9,0,reserve,system,5042.575,0.0,0.0,5042.575,0.0,10.401926
2019-12-17,10,0,reserve,system,4865.973,0.0,0.0,4865.973,0.0,10.371711
2019-12-17,11,0,reserve,system,4667.976,0.0,0.0,4667.976,0.0,11.137569
2019-12-17,12,0,reserve,system,4481.453,0.0,0.0,4481.453,0.0,6.87451
2019-12-17,13,0,reserve,system,4346.823,0.0,0.0,4346.823,0.0,7.475211
2019-12-17,14,0,reserve,system,4229.876,0.0,0.0,4229.876,0.0,5.429157
2019-12-17,15,0,reserve,system,4181.642,0.0,0.0,4181.642,0.0,2.843837
2019-12-17,16,0,reserve,system,4254.446,0.0,0.0,4254.446,0.0,0.0
2019-12-17,17,0,reserve,system,4558.246,0.0,6.962585,4558.246,0.0,12.97851
2019-12-17,18,0,reserve,system,4861.955,0.0,0.0,4861.955,0.0,8.985631
2019-12-17,19,0,reserve,system,4962.293,0.0,0.0,4962.293,0.0,9.616523
2019-12-17,20,0,reserve,system,5013.603,0.0,0.0,5013.603,0.0,16.136897
2019-12-17,21,0,reserve,system,4961.15,0.0,0.0,4961.15,0.0,10.995738
2019-12-17,22,0,reserve,system,4777.239,0.0,0.0,4777.239,0.0,3.894822
2019-12-17,23,0,reserve,system,4596.681,0.0,0.0,4596.681,0.0,14.326236
2019-12-18,0,0,reserve,system,4488.204,0.0,0.0,4488.204,0.0,11.282934
2019-12-18,1,0,reserve,system,4470.716,0.0,0.0,4470.716,0.0,0.0
2019-12-18,2,0,reserve,system,4498.835,0.0,0.0,4498.835,0.0,10.154322
2019-12-18,3,0,reserve,system,4572.379,0.0,0.0,4572.379,0.0,5.72238
2019-12-18,4,0,reserve,system,4741.499,0.0,0.0,4741.499,0.0,9.150073
2019-12-18,5,0,reserve,system,5066.486,0.0,0.0,5066.486,0.0,9.498521
2019-12-18,6,0,reserve,system,5502.887,0.0,0.0,5502.887,0.0,16.368032
2019-12-18,7,0,reserve,system,5606.616,0.0,0.0,5606.616,0.0,38.118247
2019-12-18,8,0,reserve,system,5358.922,0.0,0.0,5358.922,0.0,14.30759
2019-12-18,9,0,reserve,system,5019.296,0.0,0.0,5019.296,0.0,9.31864
2019-12-18,10,0,reserve,system,4707.868,0.0,0.0,4707.868,0.0,10.215105
2019-12-18,11,0,reserve,system,4428.909,0.0,0.0,4428.909,0.0,8.295971
2019-12-18,12,0,reserve,system,4202.849,0.0,0.0,4202.849,0.0,9.471145
2019-12-18,13,0,reserve,system,4061.794,0.0,0.0,4061.794,0.0,0.0
2019-12-18,14,0,reserve,system,3955.941,0.0,0.0,3955.941,0.0,0.0
2019-12-18,15,0,reserve,system,3905.624,0.0,34.774145,3905.624,0.0,9.466757
2019-12-18,16,0,reserve,system,3959.833,0.0,0.0,3959.833,0.0,5.462513
2019-12-18,17,0,reserve,system,4238.848,0.0,0.0,4238.848,0.0,9.579027
2019-12-18,18,0,reserve,system,4562.384,0.0,0.0,4562.384,0.0,9.530484
2019-12-18,19,0,reserve,system,4674.283,0.0,0.0,4674.283,0.0,9.103349
2019-12-18,20,0,reserve,system,4756.386,0.0,0.0,4756.386,0.0,18.182877
2019-12-18,21,0,reserve,system,4740.871,0.0,0.0,4740.871,0.0,5.90411
2019-12-18,22,0,reserve,system,4594.947,0.0,0.0,4594.947,0.0,11.999884
2019-12-18,23,0,reserve,system,4433.595,0.0,0.0,4433.595,0.0,0.0
2019-12-19,0,0,reserve,system,4346.157,0.0,0.0,4346.157,0.0,22.987331
2019-12-19,1,0,reserve,system,4334.943,0.0,0.0,4334.943,0.0,0.0
2019-12-19,2,0,reserve,system,4367.232,0.0,50.0,4367.232,0.0,9.894414
2019-12-19,3,0,reserve,system,4443.13,0.0,0.0,4443.13,0.0,9.18677
2019-12-19,4,0,reserve,system,4605.728,0.0,0.0,4605.728,0.0,9.467806
2019-12-19,5,0,reserve,system,4940.984,0.0,0.0,4940.984,0.0,8.629457
2019-12-19,6,0,reserve,system,5382.556,8.566,50.0,5382.556,0.0,17.737604
2019-12-19,7,0,reserve,system,5498.243,0.0,0.0,5498.243,0.0,32.73931
2019-12-19,8,0,reserve,system,5277.512,0.0,0.0,5277.512,0.0,16.375487
2019-12-19,9,0,reserve,system,4956.502,0.0,0.0,4956.502,0.0,9.078207
2019-12-19,10,0,reserve,system,4663.891,0.0,0.0,4663.891,0.0,10.129685
2019-12-19,11,0,reserve,system,4418.039,0.0,0.0,4418.039,0.0,8.764952
2019-12-19,12,0,reserve,system,4218.152,0.0,0.0,4218.152,0.0,7.584724
2019-12-19,13,0,reserve,system,4101.708,0.0,0.0,4101.708,0.0,5.187935
2019-12-19,14,0,reserve,system,4018.426,0.0,0.0,4018.426,0.0,8.969931
2019-12-19,15,0,reserve,system,3988.691,0.0,0.0,3988.691,0.0,0.0
2019-12-19,16,0,reserve,system,4055.441,0.0,0.0,4055.441,0.0,0.0
2019-12-19,17,0,reserve,system,4299.817,0.0,0.0,4299.817,0.0,9.873223
2019-12-19,18,0,reserve,system,4544.199,0.0,0.0,4544.199,0.0,7.90329
2019-12-19,19,0,reserve,system,4605.61,0.0,22.300127,4605.61,0.0,21.072035
2019-12-19,20,0,reserve,system,4626.317,0.0,0.0,4626.317,0.0,10.485373
2019-12-19,21,0,reserve,system,4554.971,0.0,0.0,4554.971,0.0,9.909338
2019-12-19,22,0,reserve,system,4356.981,0.0,0.0,4356.981,0.0,0.0
2019-12-19,23,0,reserve,system,4133.032,0.0,0.0,4133.032,0.0,0.0
2019-12-20,0,0,reserve,system,3972.749,0.0,0.0,3972.749,0.0,12.772889
2019-12-20,1,0,reserve,system,3883.349,0.0,0.0,3883.349,0.0,0.0
2019-12-20,2,0,reserve,system,3840.793,0.0,0.0,3840.793,0.0,0.170343
2019-12-20,3,0,reserve,system,3838.568,0.0,0.0,3838.568,0.0,9.20725
2019-12-20,4,0,reserve,system,3910.646,0.0,0.0,3910.646,0.0,6.032805
2019-12-20,5,0,reserve,system,4119.342,0.0,0.0,4119.342,0.0,8.426981
2019-12-20,6,0,reserve,system,4421.814,0.0,0.0,4421.814,0.0,10.143253
2019-12-20,7,0,reserve,system,4562.082,0.0,0.0,4562.082,0.0,24.778409
2019-12-20,8,0,reserve,system,4551.122,0.0,0.0,4551.122,0.0,7.580892
2019-12-20,9,0,reserve,system,4551.33,0.0,0.0,4551.33,0.0,14.079245
2019-12-20,10,0,reserve,system,4536.565,0.0,0.0,4536.565,0.0,0.0
2019-12-20,11,0,reserve,system,4494.618,0.0,0.0,4494.618,0.0,14.267946
2019-12-20,12,0,reserve,system,4422.782,0.0,0.0,4422.782,0.0,8.926855
2019-12-20,13,0,reserve,system,4387.089,0.0,0.0,4387.089,0.0,0.0
2019-12-20,14,0,reserve,system,4353.244,0.0,0.0,4353.244,0.0,0.0
2019-12-20,15,0,reserve,system,4338.339,0.0,0.0,4338.339,0.0,13.928222
2019-12-20,16,0,reserve,system,4366.165,0.0,0.0,4366.165,0.0,0.0
2019-12-20,17,0,reserve,system,4500.996,0.0,0.0,4500.996,0.0,15.225421
2019-12-20,18,0,reserve,system,4551.245,0.0,25.506678,4551.245,0.0,11.974607
2019-12-20,19,0,reserve,system,4480.7,0.0,0.0,4480.7,0.0,16.150796
2019-12-20,20,0,reserve,system,4416.463,0.0,0.0,4416.463,0.0,10.600847
2019-12-20,21,0,reserve,system,4313.498,0.0,0.0,4313.498,0.0,7.836122
2019-12-20,22,0,reserve,system,4153.367,0.0,0.0,4153.367,0.0,13.11777
2019-12-20,23,0,reserve,system,3958.623,0.0,0.0,3958.623,0.0,0.0
2019-12-21,0,0,reserve,system,3779.361,0.0,0.0,3779.361,0.0,15.280611
2019-12-21,1,0,reserve,system,3673.859,0.0,0.0,3673.859,0.0,0.0
2019-12-21,2,0,reserve,system,3616.734,0.0,0.0,3616.734,0.0,13.836637
2019-12-21,3,0,reserve,system,3596.699,0.0,0.0,3596.699,0.0,0.0
2019-12-21,4,0,reserve,system,3632.131,0.0,0.0,3632.131,0.0,0.0
2019-12-21,5,0,reserve,system,3725.06,0.0,0.0,3725.06,0.0,9.36986
2019-12-21,6,0,reserve,system,3883.618,0.0,0.0,3883.618,0.0,6.488216
2019-12-21,7,0,reserve,system,4067.618,0.0,0.0,4067.618,0.0,7.728314
2019-12-21,8,0,reserve,system,4193.009,0.0,0.0,4193.009,0.0,8.317158
2019-12-21,9,0,reserve,system,4252.683,0.0,0.0,4252.683,0.0,21.37276
2019-12-21,10,0,reserve,system,4232.438,0.0,0.0,4232.438,0.0,9.431259
2019-12-21,11,0,reserve,system,4150.98,0.0,0.0,4150.98,0.0,8.70159
2019-12-21,12,0,reserve,system,4039.747,0.0,0.0,4039.747,0.0,6.617243
2019-12-21,13,0,reserve,system,3931.404,0.0,0.0,3931.404,0.0,9.315111
2019-12-21,14,0,reserve,system,3858.872,0.0,0.0,3858.872,0.0,0.0
2019-12-21,15,0,reserve,system,3835.871,0.0,0.0,3835.871,0.0,6.498806
2019-12-21,16,0,reserve,system,3876.905,0.0,0.0,3876.905,0.0,0.0
2019-12-21,17,0,reserve,system,4052.664,0.0,29.721244,4052.664,0.0,11.458872
2019-12-21,18,0,reserve,system,4210.885,0.0,22.321044,4210.885,0.0,8.78261
2019-12-21,19,0,reserve,system,4207.803,0.0,0.0,4207.803,0.0,20.688616
2019-12-21,20,0,reserve,system,4202.446,0.0,0.0,4202.446,0.0,5.97423
2019-12-21,21,0,reserve,system,4178.682,0.0,0.0,4178.682,0.0,11.185606
2019-12-21,22,0,reserve,system,4091.871,0.0,0.0,4091.871,0.0,5.225784
2019-12-21,23,0,reserve,system,3968.204,0.0,0.0,3968.204,0.0,12.71545
2019-12-22,0,0,reserve,system,3877.368,0.0,0.0,3877.368,0.0,29.977961
2019-12-22,1,0,reserve,system,3821.288,0.0,0.0,3821.288,0.0,0.0
2019-12-22,2,0,reserve,system,3808.268,0.0,0.0,3808.268,0.0,12.062002
2019-12-22,3,0,reserve,system,3830.143,0.0,0.0,3830.143,0.0,7.391402
2019-12-22,4,0,reserve,system,3896.45,0.0,0.0,3896.45,0.0,9.728907
2019-12-22,5,0,reserve,system,4013.557,0.0,0.0,4013.557,0.0,8.035068
2019-12-22,6,0,reserve,system,4180.454,0.0,0.0,4180.454,0.0,16.068002
2019-12-22,7,0,reserve,system,4353.212,0.0,0.0,4353.212,0.0,0.0
2019-12-22,8,0,reserve,system,4423.284,0.0,0.0,4423.284,0.0,22.526744
2019-12-22,9,0,reserve,system,4352.64,0.0,0.0,4352.64,0.0,9.355291
2019-12-22,10,0,reserve,system,4211.517,0.0,0.0,4211.517,0.0,9.8805
2019-12-22,11,0,reserve,system,4044.272,0.0,0.0,4044.272,0.0,8.924977
2019-12-22,12,0,reserve,system,3883.148,0.0,0.0,3883.148,0.0,5.51676
2019-12-22,13,0,reserve,system,3734.501,0.0,0.0,3734.501,0.0,9.556214
2019-12-22,14,0,reserve,system,3632.774,0.0,0.0,3632.774,0.0,0.0
2019-12-22,15,0,reserve,system,3594.106,0.0,13.728147,3594.106,0.0,6.578093
2019-12-22,16,0,reserve,system,3620.958,0.0,0.0,3620.958,0.0,0.0
2019-12-22,17,0,reserve,system,3829.637,0.0,29.721244,3829.637,0.0,9.587549
2019-12-22,18,0,reserve,system,4069.265,0.0,0.0,4069.265,0.0,9.319655
2019-12-22,19,0,reserve,system,4146.847,0.0,0.0,4146.847,0.0,9.464279
2019-12-22,20,0,reserve,system,4186.334,0.0,0.0,4186.334,0.0,13.737462
2019-12-22,21,0,reserve,system,4186.269,0.0,0.0,4186.269,0.0,18.264106
2019-12-22,22,0,reserve,system,4110.548,0.0,0.0,4110.548,0.0,0.0
2019-12-22,23,0,reserve,system,3996.325,0.0,0.0,3996.325,0.0,14.844933
2019-12-23,0,0,reserve,system,3912.323,0.0,0.0,3912.323,0.0,25.768748
2019-12-23,1,0,reserve,system,3883.162,0.0,0.0,3883.162,0.0,0.0
2019-12-23,2,0,reserve,system,3906.754,0.0,0.0,3906.754,0.0,11.588578
2019-12-23,3,0,reserve,system,3974.113,0.0,0.0,3974.113,0.0,6.782056
2019-12-23,4,0,reserve,system,4118.635,0.0,0.0,4118.635,0.0,9.640536
2019-12-23,5,0,reserve,system,4364.825,0.0,0.0,4364.825,0.0,9.220277
2019-12-23,6,0,reserve,system,4666.587,0.0,0.0,4666.587,0.0,9.145839
2019-12-23,7,0,reserve,system,4843.291,0.0,0.0,4843.291,0.0,17.815811
2019-12-23,8,0,reserve,system,4805.325,0.0,0.0,4805.325,0.0,7.737293
2019-12-23,9,0,reserve,system,4600.05,0.0,0.0,4600.05,0.0,10.202261
2019-12-23,10,0,reserve,system,4349.756,0.0,0.0,4349.756,0.0,8.13679
2019-12-23,11,0,reserve,system,4130.627,0.0,0.0,4130.627,0.0,9.332904
2019-12-23,12,0,reserve,system,3939.935,0.0,0.0,3939.935,0.0,5.454235
2019-12-23,13,0,reserve,system,3834.876,0.0,0.0,3834.876,0.0,9.47419
2019-12-23,14,0,reserve,system,3765.611,0.0,0.0,3765.611,0.0,0.0
2019-12-23,15,0,reserve,system,3728.363,0.0,0.0,3728.363,0.0,6.366503
2019-12-23,16,0,reserve,system,3728.354,0.0,0.0,3728.354,0.0,0.0
2019-12-23,17,0,reserve,system,3867.086,0.0,0.0,3867.086,0.0,9.555635
2019-12-23,18,0,reserve,system,4035.855,0.0,0.0,4035.855,0.0,9.591686
2019-12-23,19,0,reserve,system,4047.272,0.0,0.0,4047.272,0.0,22.026371
2019-12-23,20,0,reserve,system,4058.868,0.0,0.0,4058.868,0.0,8.449482
2019-12-23,21,0,reserve,system,4046.305,0.0,0.0,4046.305,0.0,11.956444
2019-12-23,22,0,reserve,system,3952.05,0.0,0.0,3952.05,0.0,0.0
2019-12-23,23,0,reserve,system,3827.015,0.0,0.0,3827.015,0.0,0.0
2019-12-24,0,0,reserve,system,3720.089,0.0,0.0,3720.089,0.0,12.524019
2019-12-24,1,0,reserve,system,3667.107,0.0,0.0,3667.107,0.0,0.0
2019-12-24,2,0,reserve,system,3666.296,0.0,0.0,3666.296,0.0,0.0
2019-12-24,3,0,reserve,system,3700.212,0.0,0.0,3700.212,0.0,8.452087
2019-12-24,4,0,reserve,system,3798.468,0.0,0.0,3798.468,0.0,5.923536
2019-12-24,5,0,reserve,system,3980.706,0.0,0.0,3980.706,0.0,9.128185
2019-12-24,6,0,reserve,system,4202.672,0.0,0.0,4202.672,0.0,9.688571
2019-12-24,7,0,reserve,system,4356.245,0.0,0.0,4356.245,0.0,18.475213
2019-12-24,8,0,reserve,system,4358.108,0.0,0.0,4358.108,0.0,9.507147
2019-12-24,9,0,reserve,system,4214.202,0.0,0.0,4214.202,0.0,9.538636
2019-12-24,10,0,reserve,system,4024.299,0.0,0.0,4024.299,0.0,5.986903
2019-12-24,11,0,reserve,system,3870.979,0.0,0.0,3870.979,0.0,7.248123
2019-12-24,12,0,reserve,system,3752.269,0.0,0.0,3752.269,0.0,5.376682
2019-12-24,13,0,reserve,system,3684.257,0.0,0.0,3684.257,0.0,9.32994
2019-12-24,14,0,reserve,system,3652.891,0.0,0.0,3652.891,0.0,0.0
2019-12-24,15,0,reserve,system,3629.335,0.0,0.0,3629.335,0.0,6.770129
2019-12-24,16,0,reserve,system,3622.674,0.0,0.0,3622.674,0.0,0.0
2019-12-24,17,0,reserve,system,3718.821,0.0,0.0,3718.821,0.0,9.699946
2019-12-24,18,0,reserve,system,3817.125,0.0,19.303382,3817.125,0.0,10.918154
2019-12-24,19,0,reserve,system,3751.797,0.0,0.0,3751.797,0.0,14.943122
2019-12-24,20,0,reserve,system,3692.174,0.0,0.0,3692.174,0.0,5.822891
2019-12-24,21,0,reserve,system,3634.324,0.0,0.0,3634.324,0.0,8.465702
2019-12-24,22,0,reserve,system,3557.559,0.0,0.0,3557.559,0.0,0.0
2019-12-24,23,0,reserve,system,3451.81,0.0,0.0,3451.81,0.0,0.0
2019-12-25,0,0,reserve,system,3352.374,0.0,0.0,3352.374,0.0,0.0
2019-12-25,1,0,reserve,system,3294.307,0.0,19.438416,3294.307,0.0,9.31277
2019-12-25,2,0,reserve,system,3265.978,0.0,0.0,3265.978,0.0,0.0
2019-12-25,3,0,reserve,system,3264.97,0.0,7.308642,3264.97,0.0,0.0
2019-12-25,4,0,reserve,system,3309.14,0.0,0.0,3309.14,0.0,5.25933
2019-12-25,5,0,reserve,system,3400.518,0.0,0.0,3400.518,0.0,5.196577
2019-12-25,6,0,reserve,system,3518.341,0.0,0.0,3518.341,0.0,6.746997
2019-12-25,7,0,reserve,system,3614.706,0.0,0.0,3614.706,0.0,6.372526
2019-12-25,8,0,reserve,system,3674.573,0.0,14.246285,3674.573,0.0,14.625351
2019-12-25,9,0,reserve,system,3667.588,0.0,0.0,3667.588,0.0,9.952715
2019-12-25,10,0,reserve,system,3623.718,0.0,0.0,3623.718,0.0,0.0
2019-12-25,11,0,reserve,system,3577.318,0.0,0.0,3577.318,0.0,10.8745
2019-12-25,12,0,reserve,system,3514.583,0.0,0.0,3514.583,0.0,6.815114
2019-12-25,13,0,reserve,system,3462.091,0.0,0.0,3462.091,0.0,2.867449
2019-12-25,14,0,reserve,system,3422.922,0.0,0.0,3422.922,0.0,5.219433
2019-12-25,15,0,reserve,system,3400.005,0.0,0.0,3400.005,0.0,0.0
2019-12-25,16,0,reserve,system,3381.798,0.0,0.0,3381.798,0.0,0.0
2019-12-25,17,0,reserve,system,3462.799,0.0,16.159068,3462.799,0.0,7.592563
2019-12-25,18,0,reserve,system,3586.028,0.0,25.577143,3586.028,0.0,6.481187
2019-12-25,19,0,reserve,system,3568.954,0.0,12.394324,3568.954,0.0,16.306574
2019-12-25,20,0,reserve,system,3542.063,0.0,0.0,3542.063,0.0,4.838632
2019-12-25,21,0,reserve,system,3487.716,0.0,0.0,3487.716,0.0,9.483261
2019-12-25,22,0,reserve,system,3375.707,0.0,0.0,3375.707,0.0,0.0
2019-12-25,23,0,reserve,system,3222.83,0.0,0.0,3222.83,0.0,0.0
2019-12-26,0,0,reserve,system,3088.745,0.0,0.0,3088.745,0.0,8.935855
2019-12-26,1,0,reserve,system,3004.606,0.0,0.0,3004.606,0.0,0.0
2019-12-26,2,0,reserve,system,2967.284,0.0,0.0,2967.284,0.0,0.0
2019-12-26,3,0,reserve,system,2970.806,0.0,0.0,2970.806,0.0,6.500676
2019-12-26,4,0,reserve,system,3035.391,0.0,0.0,3035.391,0.0,0.0
2019-12-26,5,0,reserve,system,3186.167,0.0,0.0,3186.167,0.0,9.272824
2019-12-26,6,0,reserve,system,3384.992,0.0,0.0,3384.992,0.0,5.252298
2019-12-26,7,0,reserve,system,3520.438,0.0,0.0,3520.438,0.0,8.13519
2019-12-26,8,0,reserve,system,3609.954,0.0,0.0,3609.954,0.0,7.78499
2019-12-26,9,0,reserve,system,3709.217,0.0,0.0,3709.217,0.0,22.632277
2019-12-26,10,0,reserve,system,3780.615,0.0,0.0,3780.615,0.0,0.0
2019-12-26,11,0,reserve,system,3808.309,0.0,0.0,3808.309,0.0,12.139741
2019-12-26,12,0,reserve,system,3798.356,0.0,0.0,3798.356,0.0,9.51403
2019-12-26,13,0,reserve,system,3790.699,0.0,0.0,3790.699,0.0,0.0
2019-12-26,14,0,reserve,system,3765.858,0.0,0.0,3765.858,0.0,0.0
2019-12-26,15,0,reserve,system,3746.536,0.0,32.283951,3746.536,0.0,13.323665
2019-12-26,16,0,reserve,system,3744.824,0.0,0.0,3744.824,0.0,0.0
2019-12-26,17,0,reserve,system,3861.435,0.0,0.0,3861.435,0.0,9.596655
2019-12-26,18,0,reserve,system,3970.17,0.0,0.0,3970.17,0.0,14.260059
2019-12-26,19,0,reserve,system,3907.294,0.0,0.0,3907.294,0.0,17.124719
2019-12-26,20,0,reserve,system,3825.899,0.0,0.0,3825.899,0.0,6.472585
2019-12-26,21,0,reserve,system,3718.304,0.0,0.0,3718.304,0.0,7.574933
2019-12-26,22,0,reserve,system,3552.752,0.0,0.0,3552.752,0.0,5.178912
2019-12-26,23,0,reserve,system,3356.542,0.0,0.0,3356.542,0.0,7.345519
2019-12-27,0,0,reserve,system,3186.024,0.0,0.0,3186.024,0.0,6.886192
2019-12-27,1,0,reserve,system,3087.097,0.0,0.0,3087.097,0.0,0.0
2019-12-27,2,0,reserve,system,3029.641,0.0,0.0,3029.641,0.0,3.330017
2019-12-27,3,0,reserve,system,3015.347,0.0,0.0,3015.347,0.0,0.0
2019-12-27,4,0,reserve,system,3064.282,0.0,0.0,3064.282,0.0,4.770087
2019-12-27,5,0,reserve,system,3198.395,0.0,15.650022,3198.395,0.0,3.853954
2019-12-27,6,0,reserve,system,3386.627,0.0,0.0,3386.627,0.0,7.756306
2019-12-27,7,0,reserve,system,3526.926,0.0,0.0,3526.926,0.0,6.070367
2019-12-27,8,0,reserve,system,3612.176,0.0,0.0,3612.176,0.0,6.564672
2019-12-27,9,0,reserve,system,3686.937,0.0,1.950909,3686.937,0.0,17.350169
2019-12-27,10,0,reserve,system,3728.231,0.0,0.0,3728.231,0.0,0.0
2019-12-27,11,0,reserve,system,3751.53,0.0,0.0,3751.53,0.0,10.283236
2019-12-27,12,0,reserve,system,3752.078,0.0,0.0,3752.078,0.0,5.37452
2019-12-27,13,0,reserve,system,3761.119,0.0,0.0,3761.119,0.0,0.13287
2019-12-27,14,0,reserve,system,3753.173,0.0,3.302798,3753.173,0.0,0.0
2019-12-27,15,0,reserve,system,3744.09,0.0,0.0,3744.09,0.0,7.396201
2019-12-27,16,0,reserve,system,3728.536,0.0,0.0,3728.536,0.0,0.0
2019-12-27,17,0,reserve,system,3831.039,0.0,0.0,3831.039,0.0,7.901054
2019-12-27,18,0,reserve,system,3935.181,0.0,0.0,3935.181,0.0,6.021364
2019-12-27,19,0,reserve,system,3878.418,0.0,0.0,3878.418,0.0,15.819147
2019-12-27,20,0,reserve,system,3812.813,0.0,0.0,3812.813,0.0,7.019575
2019-12-27,21,0,reserve,system,3717.756,0.0,0.0,3717.756,0.0,3.991654
2019-12-27,22,0,reserve,system,3569.603,0.0,0.0,3569.603,0.0,3.372624
2019-12-27,23,0,reserve,system,3385.47,0.0,0.0,3385.47,0.0,4.726887
2019-12-28,0,0,reserve,system,3223.93,0.0,0.0,3223.93,0.0,6.221315
2019-12-28,1,0,reserve,system,3104.513,0.0,0.0,3104.513,0.0,1.75798
2019-12-28,2,0,reserve,system,3025.16,0.0,0.0,3025.16,0.0,0.0
2019-12-28,3,0,reserve,system,2993.92,0.0,0.0,2993.92,0.0,0.0
2019-12-28,4,0,reserve,system,2995.433,0.0,0.0,2995.433,0.0,2.447514
2019-12-28,5,0,reserve,system,3045.558,0.0,0.0,3045.558,0.0,0.276083
2019-12-28,6,0,reserve,system,3145.363,0.0,0.0,3145.363,0.0,1.713171
2019-12-28,7,0,reserve,system,3256.908,0.0,0.0,3256.908,0.0,3.357472
2019-12-28,8,0,reserve,system,3393.988,0.0,0.0,3393.988,0.0,3.470664
2019-12-28,9,0,reserve,system,3553.141,0.0,0.0,3553.141,0.0,6.523804
2019-12-28,10,0,reserve,system,3680.9,0.0,0.660858,3680.9,0.0,1.113172
2019-12-28,11,0,reserve,system,3757.202,0.0,1.474499,3757.202,0.0,5.909194
2019-12-28,12,0,reserve,system,3780.573,0.0,0.0,3780.573,0.0,12.583044
2019-12-28,13,0,reserve,system,3777.325,0.0,0.0,3777.325,0.0,0.0
2019-12-28,14,0,reserve,system,3775.522,0.0,0.0,3775.522,0.0,6.113203
2019-12-28,15,0,reserve,system,3752.752,0.0,0.0,3752.752,0.0,0.0
2019-12-28,16,0,reserve,system,3733.094,0.0,0.0,3733.094,0.0,11.519679
2019-12-28,17,0,reserve,system,3829.337,0.0,3.686943,3829.337,0.0,0.0
2019-12-28,18,0,reserve,system,3916.12,0.0,3.288233,3916.12,0.0,9.841195
2019-12-28,19,0,reserve,system,3881.183,0.0,0.0,3881.183,0.0,14.835534
2019-12-28,20,0,reserve,system,3830.809,0.0,0.0,3830.809,0.0,5.83083
2019-12-28,21,0,reserve,system,3752.432,0.0,1.459747,3752.432,0.0,6.408372
2019-12-28,22,0,reserve,system,3619.453,0.0,0.0,3619.453,0.0,5.933091
2019-12-28,23,0,reserve,system,3480.168,0.0,0.0,3480.168,0.0,7.781293
2019-12-29,0,0,reserve,system,3338.804,0.0,0.0,3338.804,0.0,3.214836
2019-12-29,1,0,reserve,system,3236.772,0.0,0.0,3236.772,0.0,0.0
2019-12-29,2,0,reserve,system,3177.113,0.0,0.0,3177.113,0.0,3.321122
2019-12-29,3,0,reserve,system,3157.068,0.0,0.0,3157.068,0.0,5.487812
2019-12-29,4,0,reserve,system,3160.689,0.0,23.581522,3160.689,0.0,4.93699
2019-12-29,5,0,reserve,system,3208.454,0.0,16.839318,3208.454,0.0,6.452904
2019-12-29,6,0,reserve,system,3299.695,0.0,0.0,3299.695,0.0,5.417007
2019-12-29,7,0,reserve,system,3427.877,0.0,0.0,3427.877,0.0,5.794769
2019-12-29,8,0,reserve,system,3561.769,0.0,0.0,3561.769,0.0,6.914075
2019-12-29,9,0,reserve,system,3686.335,0.0,0.0,3686.335,0.0,15.525918
2019-12-29,10,0,reserve,system,3752.52,0.0,0.0,3752.52,0.0,6.944414
2019-12-29,11,0,reserve,system,3770.927,0.0,0.0,3770.927,0.0,4.330443
2019-12-29,12,0,reserve,system,3737.748,0.0,0.0,3737.748,0.0,4.654684
2019-12-29,13,0,reserve,system,3690.494,0.0,0.0,3690.494,0.0,4.298196
2019-12-29,14,0,reserve,system,3634.803,0.0,0.0,3634.803,0.0,5.41765
2019-12-29,15,0,reserve,system,3608.55,0.0,0.0,3608.55,0.0,0.0
2019-12-29,16,0,reserve,system,3623.888,0.0,0.0,3623.888,0.0,0.0
2019-12-29,17,0,reserve,system,3796.617,0.0,13.899316,3796.617,0.0,5.883417
2019-12-29,18,0,reserve,system,4019.265,0.0,0.0,4019.265,0.0,6.287803
2019-12-29,19,0,reserve,system,4063.983,0.0,0.0,4063.983,0.0,16.565122
2019-12-29,20,0,reserve,system,4053.265,0.0,0.0,4053.265,0.0,16.648931
2019-12-29,21,0,reserve,system,4017.702,0.0,0.0,4017.702,0.0,10.033121
2019-12-29,22,0,reserve,system,3903.341,0.0,0.0,3903.341,0.0,7.130157
2019-12-29,23,0,reserve,system,3768.295,0.0,0.0,3768.295,0.0,11.550112
2019-12-30,0,0,reserve,system,3673.154,0.0,0.0,3673.154,0.0,14.825386
2019-12-30,1,0,reserve,system,3635.897,0.0,0.0,3635.897,0.0,0.0
2019-12-30,2,0,reserve,system,3653.155,0.0,0.0,3653.155,0.0,0.370318
2019-12-30,3,0,reserve,system,3703.217,0.0,0.0,3703.217,0.0,10.58658
2019-12-30,4,0,reserve,system,3832.785,0.0,0.0,3832.785,0.0,4.97947
2019-12-30,5,0,reserve,system,4071.542,0.0,0.0,4071.542,0.0,8.503911
2019-12-30,6,0,reserve,system,4371.681,0.0,0.0,4371.681,0.0,9.955414
2019-12-30,7,0,reserve,system,4579.059,0.0,0.0,4579.059,0.0,10.245493
2019-12-30,8,0,reserve,system,4565.644,0.0,0.0,4565.644,0.0,20.992822
2019-12-30,9,0,reserve,system,4435.59,0.0,0.0,4435.59,0.0,9.52688
2019-12-30,10,0,reserve,system,4292.079,0.0,0.0,4292.079,0.0,9.783616
2019-12-30,11,0,reserve,system,4140.361,0.0,0.0,4140.361,0.0,8.596223
2019-12-30,12,0,reserve,system,4003.666,0.0,0.0,4003.666,0.0,5.588632
2019-12-30,13,0,reserve,system,3904.478,0.0,0.0,3904.478,0.0,9.373082
2019-12-30,14,0,reserve,system,3819.958,0.0,0.0,3819.958,0.0,0.0
2019-12-30,15,0,reserve,system,3775.42,0.0,0.0,3775.42,0.0,0.103495
2019-12-30,16,0,reserve,system,3796.495,0.0,0.0,3796.495,0.0,9.351323
2019-12-30,17,0,reserve,system,3986.646,0.0,0.0,3986.646,0.0,6.630036
2019-12-30,18,0,reserve,system,4243.492,0.0,13.52569,4243.492,0.0,10.788186
2019-12-30,19,0,reserve,system,4291.64,0.0,0.0,4291.64,0.0,8.631168
2019-12-30,20,0,reserve,system,4310.732,0.0,0.0,4310.732,0.0,18.077446
2019-12-30,21,0,reserve,system,4271.535,0.0,0.0,4271.535,0.0,9.899505
2019-12-30,22,0,reserve,system,4160.143,0.0,0.0,4160.143,0.0,6.935213
2019-12-30,23,0,reserve,system,4028.273,0.0,0.0,4028.273,0.0,13.588243
2019-12-31,0,0,reserve,system,3922.207,0.0,0.0,3922.207,0.0,15.924342
2019-12-31,1,0,reserve,system,3886.359,0.0,0.0,3886.359,0.0,3.47834
2019-12-31,2,0,reserve,system,3887.054,0.0,0.0,3887.054,0.0,6.041322
2019-12-31,3,0,reserve,system,3941.065,0.0,0.0,3941.065,0.0,0.0
2019-12-31,4,0,reserve,system,4068.303,0.0,0.0,4068.303,0.0,12.110143
2019-12-31,5,0,reserve,system,4291.313,0.0,0.0,4291.313,0.0,7.666617
2019-12-31,6,0,reserve,system,4556.24,0.0,0.0,4556.24,0.0,8.864146
2019-12-31,7,0,reserve,system,4725.019,0.0,0.0,4725.019,0.0,13.976761
2019-12-31,8,0,reserve,system,4686.666,0.0,0.0,4686.666,0.0,8.029383
2019-12-31,9,0,reserve,system,4516.184,0.0,0.0,4516.184,0.0,9.755287
2019-12-31,10,0,reserve,system,4323.562,0.0,0.0,4323.562,0.0,9.642125
2019-12-31,11,0,reserve,system,4139.347,0.0,0.0,4139.347,0.0,9.221939
2019-12-31,12,0,reserve,system,3973.371,0.0,0.0,3973.371,0.0,5.858357
2019-12-31,13,0,reserve,system,3869.475,0.0,0.0,3869.475,0.0,6.337797
2019-12-31,14,0,reserve,system,3803.027,0.0,0.0,3803.027,0.0,9.428563
2019-12-31,15,0,reserve,system,3766.814,0.0,13.632397,3766.814,0.0,0.0
2019-12-31,16,0,reserve,system,3811.482,0.0,0.0,3811.482,0.0,0.0
2019-12-31,17,0,reserve,system,4021.658,0.0,18.30154,4021.658,0.0,10.871643
2019-12-31,18,0,reserve,system,4181.298,0.0,0.0,4181.298,0.0,20.462264
2019-12-31,19,0,reserve,system,4107.975,0.0,0.0,4107.975,0.0,9.856614
2019-12-31,20,0,reserve,system,4014.551,0.0,0.0,4014.551,0.0,8.313821
2019-12-31,21,0,reserve,system,3933.062,0.0,0.0,3933.062,0.0,9.751744
2019-12-31,22,0,reserve,system,3837.737,0.0,0.0,3837.737,0.0,0.0
2019-12-31,23,0,reserve,system,3746.083,0.0,0.0,3746.083,0.0,0.0
