Date,Hour,committed_mw,num_committed
2019-01-01,0,33089.0,94
2019-01-01,1,33089.0,94
2019-01-01,2,32918.6,93
2019-01-01,3,33244.1,93
2019-01-01,4,33244.1,93
2019-01-01,5,35277.9,96
2019-01-01,6,35277.9,96
2019-01-01,7,37011.9,97
2019-01-01,8,39398.2,99
2019-01-01,9,37606.4,97
2019-01-01,10,37756.4,98
2019-01-01,11,36297.1,96
2019-01-01,12,36297.1,96
2019-01-01,13,34501.7,95
2019-01-01,14,33685.8,93
2019-01-01,15,33812.3,94
2019-01-01,16,38160.5,98
2019-01-01,17,40770.0,102
2019-01-01,18,41956.8,103
2019-01-01,19,41956.8,103
2019-01-01,20,41956.8,103
2019-01-01,21,41956.8,103
2019-01-01,22,41042.2,102
2019-01-01,23,40118.4,101
2019-01-02,0,39456.9,100
2019-01-02,1,37722.9,99
2019-01-02,2,37722.9,99
2019-01-02,3,38646.7,100
2019-01-02,4,40790.7,102
2019-01-02,5,44019.0,106
2019-01-02,6,45672.2,108
2019-01-02,7,49680.6,109
2019-01-02,8,50995.4,110
2019-01-02,9,51873.8,111
2019-01-02,10,53026.6,112
2019-01-02,11,53026.6,112
2019-01-02,12,53026.6,112
2019-01-02,13,53026.6,112
2019-01-02,14,52087.0,111
2019-01-02,15,52087.0,111
2019-01-02,16,53829.8,113
2019-01-02,17,55005.2,114
2019-01-02,18,55005.2,114
2019-01-02,19,55005.2,114
2019-01-02,20,55005.2,114
2019-01-02,21,53690.4,113
2019-01-02,22,49682.0,112
2019-01-02,23,46458.0,109
2019-01-03,0,46458.0,109
2019-01-03,1,43845.6,107
2019-01-03,2,43845.6,107
2019-01-03,3,43845.6,107
2019-01-03,4,47430.4,109
2019-01-03,5,50263.4,109
2019-01-03,6,50263.4,109
2019-01-03,7,50263.4,109
2019-01-03,8,50263.4,109
2019-01-03,9,50263.4,109
2019-01-03,10,50263.4,109
2019-01-03,11,48309.6,107
2019-01-03,12,44301.2,106
2019-01-03,13,41633.7,103
2019-01-03,14,39148.9,101
2019-01-03,15,38983.3,100
2019-01-03,16,42093.5,102
2019-01-03,17,47618.4,106
2019-01-03,18,51580.4,110
2019-01-03,19,51580.4,110
2019-01-03,20,51580.4,110
2019-01-03,21,51580.4,110
2019-01-03,22,49729.6,109
2019-01-03,23,47995.6,108
2019-01-04,0,45903.2,106
2019-01-04,1,44017.8,104
2019-01-04,2,44017.8,104
2019-01-04,3,45751.8,105
2019-01-04,4,45240.2,105
2019-01-04,5,50774.4,110
2019-01-04,6,51714.0,111
2019-01-04,7,50861.8,110
2019-01-04,8,50861.8,110
2019-01-04,9,50861.8,110
2019-01-04,10,47643.8,107
2019-01-04,11,43635.4,106
2019-01-04,12,40016.0,103
2019-01-04,13,35293.1,97
2019-01-04,14,33497.7,96
2019-01-04,15,33497.7,96
2019-01-04,16,36232.7,98
2019-01-04,17,40528.2,103
2019-01-04,18,43065.4,105
2019-01-04,19,43065.4,105
2019-01-04,20,43065.4,105
2019-01-04,21,43065.4,105
2019-01-04,22,41331.4,104
2019-01-04,23,43943.8,106
2019-01-05,0,42089.6,104
2019-01-05,1,37591.8,100
2019-01-05,2,38161.8,101
2019-01-05,3,39101.4,102
2019-01-05,4,40016.0,103
2019-01-05,5,42779.8,106
2019-01-05,6,44513.8,107
2019-01-05,7,45666.6,108
2019-01-05,8,45666.6,108
2019-01-05,9,45666.6,108
2019-01-05,10,43065.4,105
2019-01-05,11,39334.6,102
2019-01-05,12,36258.0,98
2019-01-05,13,33087.7,95
2019-01-05,14,31537.3,93
2019-01-05,15,31205.6,91
2019-01-05,16,31055.2,93
2019-01-05,17,34824.1,97
2019-01-05,18,36199.0,99
2019-01-05,19,36199.0,99
2019-01-05,20,36199.0,99
2019-01-05,21,34824.1,97
2019-01-05,22,33884.5,96
2019-01-05,23,35521.7,98
2019-01-06,0,33726.3,97
2019-01-06,1,30155.8,92
2019-01-06,2,30155.8,92
2019-01-06,3,31951.2,93
2019-01-06,4,31415.7,92
2019-01-06,5,31415.7,92
2019-01-06,6,32875.1,94
2019-01-06,7,33410.6,95
2019-01-06,8,33410.6,95
2019-01-06,9,33410.6,95
2019-01-06,10,32875.1,94
2019-01-06,11,31079.7,93
2019-01-06,12,30227.5,92
2019-01-06,13,27837.1,88
2019-01-06,14,26316.9,86
2019-01-06,15,26316.9,86
2019-01-06,16,28268.5,89
2019-01-06,17,30763.0,93
2019-01-06,18,34292.4,95
2019-01-06,19,34292.4,95
2019-01-06,20,32558.4,94
2019-01-06,21,30181.0,91
2019-01-06,22,25455.9,85
2019-01-06,23,23802.3,83
2019-01-07,0,21537.8,79
2019-01-07,1,19420.9,74
2019-01-07,2,20683.9,76
2019-01-07,3,22078.0,80
2019-01-07,4,23058.5,82
2019-01-07,5,28845.5,90
2019-01-07,6,31002.4,93
2019-01-07,7,32304.6,95
2019-01-07,8,34100.0,96
2019-01-07,9,34100.0,96
2019-01-07,10,34100.0,96
2019-01-07,11,34100.0,96
2019-01-07,12,33564.5,95
2019-01-07,13,31769.1,94
2019-01-07,14,31769.1,94
2019-01-07,15,31769.1,94
2019-01-07,16,32304.6,95
2019-01-07,17,37031.3,100
2019-01-07,18,37945.9,101
2019-01-07,19,37945.9,101
2019-01-07,20,37945.9,101
2019-01-07,21,37375.9,100
2019-01-07,22,33745.7,96
2019-01-07,23,30547.5,93
2019-01-08,0,28923.8,91
2019-01-08,1,28177.8,90
2019-01-08,2,28768.1,90
2019-01-08,3,28768.1,90
2019-01-08,4,31099.0,92
2019-01-08,5,36038.2,97
2019-01-08,6,38374.5,100
2019-01-08,7,39456.7,101
2019-01-08,8,39456.7,101
2019-01-08,9,39456.7,101
2019-01-08,10,39456.7,101
2019-01-08,11,37459.9,99
2019-01-08,12,37459.9,99
2019-01-08,13,35664.5,98
2019-01-08,14,33813.7,97
2019-01-08,15,33100.3,96
2019-01-08,16,32874.1,96
2019-01-08,17,36520.3,98
2019-01-08,18,38374.5,100
2019-01-08,19,38374.5,100
2019-01-08,20,38374.5,100
2019-01-08,21,36924.4,98
2019-01-08,22,33265.6,95
2019-01-08,23,29366.5,91
2019-01-09,0,29200.9,90
2019-01-09,1,25872.3,86
2019-01-09,2,27059.1,87
2019-01-09,3,27059.1,87
2019-01-09,4,29603.3,90
2019-01-09,5,35723.3,98
2019-01-09,6,38433.3,100
2019-01-09,7,39372.9,101
2019-01-09,8,39372.9,101
2019-01-09,9,39372.9,101
2019-01-09,10,39372.9,101
2019-01-09,11,37638.9,100
2019-01-09,12,36724.3,99
2019-01-09,13,34239.5,97
2019-01-09,14,33052.7,96
2019-01-09,15,32339.3,95
2019-01-09,16,33253.9,96
2019-01-09,17,38186.1,100
2019-01-09,18,39929.8,102
2019-01-09,19,39929.8,102
2019-01-09,20,39929.8,102
2019-01-09,21,39929.8,102
2019-01-09,22,38075.6,100
2019-01-09,23,35680.1,98
2019-01-10,0,34597.9,97
2019-01-10,1,34597.9,97
2019-01-10,2,34597.9,97
2019-01-10,3,35537.5,98
2019-01-10,4,37604.9,100
2019-01-10,5,42914.2,105
2019-01-10,6,44362.6,107
2019-01-10,7,44362.6,107
2019-01-10,8,44362.6,107
2019-01-10,9,43209.8,106
2019-01-10,10,40752.9,104
2019-01-10,11,38465.1,101
2019-01-10,12,35852.7,99
2019-01-10,13,34913.1,98
2019-01-10,14,32632.2,92
2019-01-10,15,32979.5,94
2019-01-10,16,35573.3,97
2019-01-10,17,37255.7,99
2019-01-10,18,38195.3,100
2019-01-10,19,38195.3,100
2019-01-10,20,38195.3,100
2019-01-10,21,36472.5,97
2019-01-10,22,32813.7,94
2019-01-10,23,31079.7,93
2019-01-11,0,29825.9,91
2019-01-11,1,30200.7,91
2019-01-11,2,30864.2,93
2019-01-11,3,33349.0,95
2019-01-11,4,33884.5,96
2019-01-11,5,39109.9,101
2019-01-11,6,39109.9,101
2019-01-11,7,39109.9,101
2019-01-11,8,39109.9,101
2019-01-11,9,37271.5,99
2019-01-11,10,37271.5,99
2019-01-11,11,37271.5,99
2019-01-11,12,35476.1,98
2019-01-11,13,34001.0,96
2019-01-11,14,32747.0,92
2019-01-11,15,32394.9,90
2019-01-11,16,33311.6,95
2019-01-11,17,36736.0,98
2019-01-11,18,37271.5,99
2019-01-11,19,37271.5,99
2019-01-11,20,37271.5,99
2019-01-11,21,34597.9,97
2019-01-11,22,31615.2,94
2019-01-11,23,29505.3,91
2019-01-12,0,28258.3,89
2019-01-12,1,28221.1,89
2019-01-12,2,29514.1,91
2019-01-12,3,29514.1,91
2019-01-12,4,29514.1,91
2019-01-12,5,31364.9,92
2019-01-12,6,30503.9,91
2019-01-12,7,33160.3,93
2019-01-12,8,34563.1,95
2019-01-12,9,34563.1,95
2019-01-12,10,34563.1,95
2019-01-12,11,36795.0,97
2019-01-12,12,36105.6,96
2019-01-12,13,31644.2,93
2019-01-12,14,31644.2,93
2019-01-12,15,31556.3,93
2019-01-12,16,34117.3,96
2019-01-12,17,36884.7,99
2019-01-12,18,40518.5,102
2019-01-12,19,41671.3,103
2019-01-12,20,39937.3,102
2019-01-12,21,39937.3,102
2019-01-12,22,38784.5,101
2019-01-12,23,37860.7,100
2019-01-13,0,36006.5,98
2019-01-13,1,36006.5,98
2019-01-13,2,36006.5,98
2019-01-13,3,36678.7,98
2019-01-13,4,37618.3,99
2019-01-13,5,39957.9,101
2019-01-13,6,40881.7,102
2019-01-13,7,43530.3,104
2019-01-13,8,43530.3,104
2019-01-13,9,43530.3,104
2019-01-13,10,43530.3,104
2019-01-13,11,41295.3,102
2019-01-13,12,39431.9,100
2019-01-13,13,37827.9,98
2019-01-13,14,36093.9,97
2019-01-13,15,37827.9,98
2019-01-13,16,39456.9,100
2019-01-13,17,42526.8,104
2019-01-13,18,45565.0,107
2019-01-13,19,45565.0,107
2019-01-13,20,45565.0,107
2019-01-13,21,45565.0,107
2019-01-13,22,44761.8,106
2019-01-13,23,42606.5,103
2019-01-14,0,40872.5,102
2019-01-14,1,40520.7,102
2019-01-14,2,39581.1,101
2019-01-14,3,42238.9,103
2019-01-14,4,43535.0,105
2019-01-14,5,48631.6,107
2019-01-14,6,50697.0,110
2019-01-14,7,50697.0,110
2019-01-14,8,50697.0,110
2019-01-14,9,51636.6,111
2019-01-14,10,50554.4,110
2019-01-14,11,46546.0,109
2019-01-14,12,44695.2,108
2019-01-14,13,41938.2,105
2019-01-14,14,39648.7,102
2019-01-14,15,38829.3,102
2019-01-14,16,42358.9,105
2019-01-14,17,47520.1,107
2019-01-14,18,49370.9,108
2019-01-14,19,49370.9,108
2019-01-14,20,49370.9,108
2019-01-14,21,47520.1,107
2019-01-14,22,47520.1,107
2019-01-14,23,42358.9,105
2019-01-15,0,39685.3,103
2019-01-15,1,39685.3,103
2019-01-15,2,38770.7,102
2019-01-15,3,39710.3,103
2019-01-15,4,42358.9,105
2019-01-15,5,48879.6,108
2019-01-15,6,48027.4,107
2019-01-15,7,48027.4,107
2019-01-15,8,48027.4,107
2019-01-15,9,48027.4,107
2019-01-15,10,46840.6,106
2019-01-15,11,45758.4,105
2019-01-15,12,41750.0,104
2019-01-15,13,39422.2,100
2019-01-15,14,37476.8,98
2019-01-15,15,38391.4,99
2019-01-15,16,41180.0,103
2019-01-15,17,47073.8,106
2019-01-15,18,47073.8,106
2019-01-15,19,47073.8,106
2019-01-15,20,47073.8,106
2019-01-15,21,47073.8,106
2019-01-15,22,41331.4,104
2019-01-15,23,37869.9,100
2019-01-16,0,36216.9,98
2019-01-16,1,34294.5,97
2019-01-16,2,33759.0,96
2019-01-16,3,33759.0,96
2019-01-16,4,36335.8,99
2019-01-16,5,40984.6,104
2019-01-16,6,42636.8,106
2019-01-16,7,42636.8,106
2019-01-16,8,41554.6,105
2019-01-16,9,41554.6,105
2019-01-16,10,41554.6,105
2019-01-16,11,39175.3,102
2019-01-16,12,36809.9,100
2019-01-16,13,35075.9,99
2019-01-16,14,34136.3,98
2019-01-16,15,32761.4,95
2019-01-16,16,35075.9,99
2019-01-16,17,37869.9,100
2019-01-16,18,40819.2,104
2019-01-16,19,40819.2,104
2019-01-16,20,40819.2,104
2019-01-16,21,41180.0,103
2019-01-16,22,37753.1,100
2019-01-16,23,34757.6,96
2019-01-17,0,32173.8,94
2019-01-17,1,28669.1,90
2019-01-17,2,29457.5,91
2019-01-17,3,29457.5,91
2019-01-17,4,31788.4,93
2019-01-17,5,36878.0,99
2019-01-17,6,38037.4,101
2019-01-17,7,39771.4,102
2019-01-17,8,39771.4,102
2019-01-17,9,39771.4,102
2019-01-17,10,39771.4,102
2019-01-17,11,38195.3,100
2019-01-17,12,37271.5,99
2019-01-17,13,34597.9,97
2019-01-17,14,33195.1,95
2019-01-17,15,33884.5,96
2019-01-17,16,35537.5,98
2019-01-17,17,39268.3,101
2019-01-17,18,40192.1,102
2019-01-17,19,40192.1,102
2019-01-17,20,40192.1,102
2019-01-17,21,39252.5,101
2019-01-17,22,37246.5,99
2019-01-17,23,33349.0,95
2019-01-18,0,31553.6,94
2019-01-18,1,30864.2,93
2019-01-18,2,29505.3,91
2019-01-18,3,29505.3,91
2019-01-18,4,30908.1,93
2019-01-18,5,33581.7,95
2019-01-18,6,35902.0,98
2019-01-18,7,35902.0,98
2019-01-18,8,36399.9,99
2019-01-18,9,36399.9,99
2019-01-18,10,36399.9,99
2019-01-18,11,34665.9,98
2019-01-18,12,34500.3,97
2019-01-18,13,33790.6,94
2019-01-18,14,31229.6,91
2019-01-18,15,29378.8,90
2019-01-18,16,30559.8,92
2019-01-18,17,31499.4,93
2019-01-18,18,33515.8,95
2019-01-18,19,35249.8,96
2019-01-18,20,33399.0,95
2019-01-18,21,29978.5,91
2019-01-18,22,27922.0,86
2019-01-18,23,25425.6,81
2019-01-19,0,24613.9,82
2019-01-19,1,23356.4,82
2019-01-19,2,23356.4,82
2019-01-19,3,30647.7,92
2019-01-19,4,31079.7,93
2019-01-19,5,31769.1,94
2019-01-19,6,35353.9,96
2019-01-19,7,37149.3,97
2019-01-19,8,39811.2,100
2019-01-19,9,40309.1,101
2019-01-19,10,40309.1,101
2019-01-19,11,40309.1,101
2019-01-19,12,40309.1,101
2019-01-19,13,38039.6,99
2019-01-19,14,36244.2,98
2019-01-19,15,36244.2,98
2019-01-19,16,35392.0,97
2019-01-19,17,39146.1,101
2019-01-19,18,43609.0,105
2019-01-19,19,43609.0,105
2019-01-19,20,43609.0,105
2019-01-19,21,43609.0,105
2019-01-19,22,42919.6,104
2019-01-19,23,42258.1,103
2019-01-20,0,44410.0,106
2019-01-20,1,44410.0,106
2019-01-20,2,46134.8,108
2019-01-20,3,44400.8,107
2019-01-20,4,46231.7,109
2019-01-20,5,47965.7,110
2019-01-20,6,51974.1,111
2019-01-20,7,51974.1,111
2019-01-20,8,51296.0,110
2019-01-20,9,51296.0,110
2019-01-20,10,49061.0,108
2019-01-20,11,43865.8,106
2019-01-20,12,40669.3,103
2019-01-20,13,35776.1,98
2019-01-20,14,32272.8,94
2019-01-20,15,31340.8,93
2019-01-20,16,32986.2,95
2019-01-20,17,38784.5,101
2019-01-20,18,43706.0,106
2019-01-20,19,43706.0,106
2019-01-20,20,43706.0,106
2019-01-20,21,43706.0,106
2019-01-20,22,40810.4,103
2019-01-20,23,38664.3,100
2019-01-21,0,35134.9,98
2019-01-21,1,35134.9,98
2019-01-21,2,34969.3,97
2019-01-21,3,36074.5,99
2019-01-21,4,37808.5,100
2019-01-21,5,40977.1,103
2019-01-21,6,43369.2,106
2019-01-21,7,44283.8,107
2019-01-21,8,44283.8,107
2019-01-21,9,44283.8,107
2019-01-21,10,43405.4,106
2019-01-21,11,40456.1,102
2019-01-21,12,38195.3,100
2019-01-21,13,34536.5,97
2019-01-21,14,31870.5,95
2019-01-21,15,31181.1,94
2019-01-21,16,31870.5,95
2019-01-21,17,34597.9,97
2019-01-21,18,37271.5,99
2019-01-21,19,37271.5,99
2019-01-21,20,36331.9,98
2019-01-21,21,33908.5,96
2019-01-21,22,30749.1,93
2019-01-21,23,30000.9,90
2019-01-22,0,26791.1,85
2019-01-22,1,23107.4,81
2019-01-22,2,22071.4,80
2019-01-22,3,22486.0,82
2019-01-22,4,24987.1,85
2019-01-22,5,29405.9,89
2019-01-22,6,31900.4,93
2019-01-22,7,31900.4,93
2019-01-22,8,32613.8,94
2019-01-22,9,32613.8,94
2019-01-22,10,32613.8,94
2019-01-22,11,32463.8,93
2019-01-22,12,32613.8,94
2019-01-22,13,30968.4,92
2019-01-22,14,30968.4,92
2019-01-22,15,30968.4,92
2019-01-22,16,31466.3,93
2019-01-22,17,35596.5,97
2019-01-22,18,36536.1,98
2019-01-22,19,38270.1,99
2019-01-22,20,38270.1,99
2019-01-22,21,35939.2,97
2019-01-22,22,32621.4,94
2019-01-22,23,31681.8,93
2019-01-23,0,31946.1,90
2019-01-23,1,31928.3,92
2019-01-23,2,32078.3,93
2019-01-23,3,36221.9,97
2019-01-23,4,37955.9,98
2019-01-23,5,44063.4,105
2019-01-23,6,51493.6,109
2019-01-23,7,52063.6,110
2019-01-23,8,50910.8,109
2019-01-23,9,50910.8,109
2019-01-23,10,50249.3,108
2019-01-23,11,47316.3,106
2019-01-23,12,43307.9,105
2019-01-23,13,39846.9,102
2019-01-23,14,37481.5,100
2019-01-23,15,37900.7,100
2019-01-23,16,39006.7,100
2019-01-23,17,44379.9,102
2019-01-23,18,49059.6,108
2019-01-23,19,50835.6,110
2019-01-23,20,50835.6,110
2019-01-23,21,50835.6,110
2019-01-23,22,49682.8,109
2019-01-23,23,46322.4,106
2019-01-24,0,45240.2,105
2019-01-24,1,45240.2,105
2019-01-24,2,45810.2,106
2019-01-24,3,47125.0,107
2019-01-24,4,50025.2,110
2019-01-24,5,55007.4,114
2019-01-24,6,57387.0,115
2019-01-24,7,57387.0,115
2019-01-24,8,57387.0,115
2019-01-24,9,55007.4,114
2019-01-24,10,49436.0,109
2019-01-24,11,44345.4,107
2019-01-24,12,40655.4,104
2019-01-24,13,35932.5,98
2019-01-24,14,33447.7,96
2019-01-24,15,32132.9,95
2019-01-24,16,32846.3,96
2019-01-24,17,36946.1,99
2019-01-24,18,40819.2,104
2019-01-24,19,42553.2,105
2019-01-24,20,42553.2,105
2019-01-24,21,42553.2,105
2019-01-24,22,40819.2,104
2019-01-24,23,42553.2,105
2019-01-25,0,40699.0,103
2019-01-25,1,38303.5,101
2019-01-25,2,39243.1,102
2019-01-25,3,40557.9,103
2019-01-25,4,44473.6,107
2019-01-25,5,51298.2,110
2019-01-25,6,51298.2,110
2019-01-25,7,52150.4,111
2019-01-25,8,52150.4,111
2019-01-25,9,50997.6,110
2019-01-25,10,49146.8,109
2019-01-25,11,48064.6,108
2019-01-25,12,40857.5,104
2019-01-25,13,37158.3,100
2019-01-25,14,34815.9,97
2019-01-25,15,33501.1,96
2019-01-25,16,35843.5,99
2019-01-25,17,40455.1,102
2019-01-25,18,41378.9,103
2019-01-25,19,41378.9,103
2019-01-25,20,41378.9,103
2019-01-25,21,41378.9,103
2019-01-25,22,39333.7,100
2019-01-25,23,36660.1,98
2019-01-26,0,37349.5,99
2019-01-26,1,36267.3,98
2019-01-26,2,36699.3,99
2019-01-26,3,36699.3,99
2019-01-26,4,38721.1,101
2019-01-26,5,41378.9,103
2019-01-26,6,43763.2,106
2019-01-26,7,44566.4,107
2019-01-26,8,44566.4,107
2019-01-26,9,44566.4,107
2019-01-26,10,43413.6,106
2019-01-26,11,40214.9,103
2019-01-26,12,37648.1,100
2019-01-26,13,34824.1,97
2019-01-26,14,32089.1,95
2019-01-26,15,31399.7,94
2019-01-26,16,33111.7,95
2019-01-26,17,37172.6,99
2019-01-26,18,38824.8,101
2019-01-26,19,38824.8,101
2019-01-26,20,38824.8,101
2019-01-26,21,38824.8,101
2019-01-26,22,38111.4,100
2019-01-26,23,38849.8,101
2019-01-27,0,38849.8,101
2019-01-27,1,35722.5,97
2019-01-27,2,36258.0,98
2019-01-27,3,36258.0,98
2019-01-27,4,37197.6,99
2019-01-27,5,38279.8,100
2019-01-27,6,40937.6,102
2019-01-27,7,41852.2,103
2019-01-27,8,41852.2,103
2019-01-27,9,41852.2,103
2019-01-27,10,40118.2,102
2019-01-27,11,37388.3,99
2019-01-27,12,35537.5,98
2019-01-27,13,31769.1,94
2019-01-27,14,30366.3,92
2019-01-27,15,29505.3,91
2019-01-27,16,31055.7,93
2019-01-27,17,35747.9,98
2019-01-27,18,39190.2,102
2019-01-27,19,40924.2,103
2019-01-27,20,40924.2,103
2019-01-27,21,39190.2,102
2019-01-27,22,37539.5,100
2019-01-27,23,33244.2,96
2019-01-28,0,31591.2,94
2019-01-28,1,31055.7,93
2019-01-28,2,31591.2,94
2019-01-28,3,33884.5,96
2019-01-28,4,35747.9,98
2019-01-28,5,41144.6,104
2019-01-28,6,41144.6,104
2019-01-28,7,42995.4,105
2019-01-28,8,42995.4,105
2019-01-28,9,41144.6,104
2019-01-28,10,40341.4,103
2019-01-28,11,36566.3,98
2019-01-28,12,34832.3,97
2019-01-28,13,31947.5,94
2019-01-28,14,32113.1,95
2019-01-28,15,31260.9,94
2019-01-28,16,33111.7,95
2019-01-28,17,35094.4,94
2019-01-28,18,38374.5,100
2019-01-28,19,38374.5,100
2019-01-28,20,38374.5,100
2019-01-28,21,37459.9,99
2019-01-28,22,34631.1,96
2019-01-28,23,31906.7,93
2019-01-29,0,32018.3,93
2019-01-29,1,32879.3,94
2019-01-29,2,33377.2,95
2019-01-29,3,37712.3,99
2019-01-29,4,41962.0,103
2019-01-29,5,49163.2,107
2019-01-29,6,52541.4,111
2019-01-29,7,52541.4,111
2019-01-29,8,52541.4,111
2019-01-29,9,51388.6,110
2019-01-29,10,50306.4,109
2019-01-29,11,44447.2,107
2019-01-29,12,41912.2,105
2019-01-29,13,37300.7,99
2019-01-29,14,35696.7,97
2019-01-29,15,34381.9,96
2019-01-29,16,37134.3,100
2019-01-29,17,41276.7,104
2019-01-29,18,48218.1,107
2019-01-29,19,48218.1,107
2019-01-29,20,46367.3,106
2019-01-29,21,46367.3,106
2019-01-29,22,45285.1,105
2019-01-29,23,43551.1,104
2019-01-30,0,40343.7,104
2019-01-30,1,40343.7,104
2019-01-30,2,41496.5,105
2019-01-30,3,43240.2,107
2019-01-30,4,44974.2,108
2019-01-30,5,51636.6,111
2019-01-30,6,51636.6,111
2019-01-30,7,51636.6,111
2019-01-30,8,51636.6,111
2019-01-30,9,50784.4,110
2019-01-30,10,50784.4,110
2019-01-30,11,46776.0,109
2019-01-30,12,43740.0,106
2019-01-30,13,39855.4,101
2019-01-30,14,37330.5,98
2019-01-30,15,35596.5,97
2019-01-30,16,36536.1,98
2019-01-30,17,40678.5,102
2019-01-30,18,44686.9,103
2019-01-30,19,44686.9,103
2019-01-30,20,44686.9,103
2019-01-30,21,44116.9,102
2019-01-30,22,40108.5,101
2019-01-30,23,37459.9,99
2019-01-31,0,36088.3,97
2019-01-31,1,35374.9,96
2019-01-31,2,35374.9,96
2019-01-31,3,36088.3,97
2019-01-31,4,37459.9,99
2019-01-31,5,41573.2,103
2019-01-31,6,42143.2,104
2019-01-31,7,42143.2,104
2019-01-31,8,42143.2,104
2019-01-31,9,41573.2,103
2019-01-31,10,39997.1,101
2019-01-31,11,40046.1,101
2019-01-31,12,38195.3,100
2019-01-31,13,35460.3,98
2019-01-31,14,36399.9,99
2019-01-31,15,34665.9,98
2019-01-31,16,36399.9,99
2019-01-31,17,40574.6,103
2019-01-31,18,42226.8,105
2019-01-31,19,42226.8,105
2019-01-31,20,42226.8,105
2019-01-31,21,40853.6,103
2019-01-31,22,36461.3,99
2019-01-31,23,35596.5,97
2019-02-01,0,31999.5,94
2019-02-01,1,30203.5,92
2019-02-01,2,30701.4,93
2019-02-01,3,31641.0,94
2019-02-01,4,33436.4,95
2019-02-01,5,38642.2,100
2019-02-01,6,40330.5,102
2019-02-01,7,40330.5,102
2019-02-01,8,40330.5,102
2019-02-01,9,40330.5,102
2019-02-01,10,41412.7,103
2019-02-01,11,39394.3,101
2019-02-01,12,36461.3,99
2019-02-01,13,34062.4,96
2019-02-01,14,31769.1,94
2019-02-01,15,31769.1,94
2019-02-01,16,32851.1,94
2019-02-01,17,35738.7,98
2019-02-01,18,36452.1,99
2019-02-01,19,36452.1,99
2019-02-01,20,36452.1,99
2019-02-01,21,35537.5,98
2019-02-01,22,33908.5,96
2019-02-01,23,32520.8,94
2019-02-02,0,30725.4,93
2019-02-02,1,28768.1,90
2019-02-02,2,28768.1,90
2019-02-02,3,29457.5,91
2019-02-02,4,29457.5,91
2019-02-02,5,31998.9,93
2019-02-02,6,31676.3,93
2019-02-02,7,34563.1,95
2019-02-02,8,35502.7,96
2019-02-02,9,35502.7,96
2019-02-02,10,35502.7,96
2019-02-02,11,34563.1,95
2019-02-02,12,32767.7,94
2019-02-02,13,30227.5,92
2019-02-02,14,27721.1,89
2019-02-02,15,27721.1,89
2019-02-02,16,29514.1,91
2019-02-02,17,32496.8,94
2019-02-02,18,34685.3,97
2019-02-02,19,34685.3,97
2019-02-02,20,34685.3,97
2019-02-02,21,34685.3,97
2019-02-02,22,31252.9,92
2019-02-02,23,28768.1,90
2019-02-03,0,26654.7,86
2019-02-03,1,23724.5,82
2019-02-03,2,22939.2,80
2019-02-03,3,23291.3,82
2019-02-03,4,23291.3,82
2019-02-03,5,23894.9,83
2019-02-03,6,24983.1,84
2019-02-03,7,26975.1,88
2019-02-03,8,30203.5,92
2019-02-03,9,30203.5,92
2019-02-03,10,30203.5,92
2019-02-03,11,29514.1,91
2019-02-03,12,29514.1,91
2019-02-03,13,28150.1,89
2019-02-03,14,27818.4,87
2019-02-03,15,28000.1,88
2019-02-03,16,28582.1,90
2019-02-03,17,30049.6,92
2019-02-03,18,31845.0,93
2019-02-03,19,31845.0,93
2019-02-03,20,31845.0,93
2019-02-03,21,30049.6,92
2019-02-03,22,27836.1,89
2019-02-03,23,26543.1,87
2019-02-04,0,25123.2,84
2019-02-04,1,23474.6,81
2019-02-04,2,23656.3,82
2019-02-04,3,24744.5,83
2019-02-04,4,26628.6,87
2019-02-04,5,31338.4,92
2019-02-04,6,35071.7,97
2019-02-04,7,35071.7,97
2019-02-04,8,35071.7,97
2019-02-04,9,35071.7,97
2019-02-04,10,35071.7,97
2019-02-04,11,35521.7,98
2019-02-04,12,33726.3,97
2019-02-04,13,33726.3,97
2019-02-04,14,34665.9,98
2019-02-04,15,34665.9,98
2019-02-04,16,35580.5,99
2019-02-04,17,39109.9,101
2019-02-04,18,40341.4,103
2019-02-04,19,40341.4,103
2019-02-04,20,40341.4,103
2019-02-04,21,38607.4,102
2019-02-04,22,36461.3,99
2019-02-04,23,32143.9,95
2019-02-05,0,30490.9,93
2019-02-05,1,28164.5,89
2019-02-05,2,27376.1,88
2019-02-05,3,28164.5,89
2019-02-05,4,28768.1,90
2019-02-05,5,32712.3,94
2019-02-05,6,34563.1,95
2019-02-05,7,35061.0,96
2019-02-05,8,35061.0,96
2019-02-05,9,35061.0,96
2019-02-05,10,35061.0,96
2019-02-05,11,35913.2,97
2019-02-05,12,34062.4,96
2019-02-05,13,32267.0,95
2019-02-05,14,32267.0,95
2019-02-05,15,32267.0,95
2019-02-05,16,31935.3,93
2019-02-05,17,35537.5,98
2019-02-05,18,37375.9,100
2019-02-05,19,39109.9,101
2019-02-05,20,39109.9,101
2019-02-05,21,36452.1,99
2019-02-05,22,35537.5,98
2019-02-05,23,32200.5,95
2019-02-06,0,29027.3,91
2019-02-06,1,27349.3,89
2019-02-06,2,26210.2,87
2019-02-06,3,26210.2,87
2019-02-06,4,27298.4,88
2019-02-06,5,31744.5,94
2019-02-06,6,33644.7,96
2019-02-06,7,34076.7,97
2019-02-06,8,35810.7,98
2019-02-06,9,38176.1,100
2019-02-06,10,37140.1,99
2019-02-06,11,36442.1,99
2019-02-06,12,34646.7,98
2019-02-06,13,32553.0,93
2019-02-06,14,32553.0,93
2019-02-06,15,32553.0,93
2019-02-06,16,33137.1,96
2019-02-06,17,36783.3,98
2019-02-06,18,36536.1,98
2019-02-06,19,36536.1,98
2019-02-06,20,36536.1,98
2019-02-06,21,34740.7,97
2019-02-06,22,30498.8,91
2019-02-06,23,27306.1,87
2019-02-07,0,25897.5,84
2019-02-07,1,21220.2,77
2019-02-07,2,21220.2,77
2019-02-07,3,22005.6,79
2019-02-07,4,22005.6,79
2019-02-07,5,30227.5,92
2019-02-07,6,31856.5,94
2019-02-07,7,32708.7,95
2019-02-07,8,33244.2,96
2019-02-07,9,34431.0,97
2019-02-07,10,34431.0,97
2019-02-07,11,34431.0,97
2019-02-07,12,34431.0,97
2019-02-07,13,33499.0,96
2019-02-07,14,32559.4,95
2019-02-07,15,32393.8,94
2019-02-07,16,33333.4,95
2019-02-07,17,38875.0,100
2019-02-07,18,42147.5,103
2019-02-07,19,41295.3,102
2019-02-07,20,41295.3,102
2019-02-07,21,41295.3,102
2019-02-07,22,38959.0,99
2019-02-07,23,37082.8,97
2019-02-08,0,35121.8,95
2019-02-08,1,35121.8,95
2019-02-08,2,36436.6,96
2019-02-08,3,37237.6,97
2019-02-08,4,40220.3,100
2019-02-08,5,45475.9,105
2019-02-08,6,52282.8,110
2019-02-08,7,52282.8,110
2019-02-08,8,52282.8,110
2019-02-08,9,52282.8,110
2019-02-08,10,52282.8,110
2019-02-08,11,50432.0,109
2019-02-08,12,50432.0,109
2019-02-08,13,50432.0,109
2019-02-08,14,49117.2,108
2019-02-08,15,48316.2,107
2019-02-08,16,50167.0,108
2019-02-08,17,52876.3,111
2019-02-08,18,51700.9,110
2019-02-08,19,51700.9,110
2019-02-08,20,52783.1,111
2019-02-08,21,52783.1,111
2019-02-08,22,49021.2,107
2019-02-08,23,47287.2,106
2019-02-09,0,46847.6,105
2019-02-09,1,46847.6,105
2019-02-09,2,42839.2,104
2019-02-09,3,42839.2,104
2019-02-09,4,42839.2,104
2019-02-09,5,46847.6,105
2019-02-09,6,49734.4,107
2019-02-09,7,49734.4,107
2019-02-09,8,50612.8,108
2019-02-09,9,50612.8,108
2019-02-09,10,51022.8,109
2019-02-09,11,51022.8,109
2019-02-09,12,49870.0,108
2019-02-09,13,45679.9,106
2019-02-09,14,44833.2,105
2019-02-09,15,44833.2,105
2019-02-09,16,44801.5,105
2019-02-09,17,48991.6,107
2019-02-09,18,48991.6,107
2019-02-09,19,48991.6,107
2019-02-09,20,48991.6,107
2019-02-09,21,48991.6,107
2019-02-09,22,48991.6,107
2019-02-09,23,47257.6,106
2019-02-10,0,42309.6,104
2019-02-10,1,40859.5,102
2019-02-10,2,40146.1,101
2019-02-10,3,42334.6,104
2019-02-10,4,44436.0,106
2019-02-10,5,44037.2,107
2019-02-10,6,44715.3,108
2019-02-10,7,46449.3,109
2019-02-10,8,46449.3,109
2019-02-10,9,46449.3,109
2019-02-10,10,46449.3,109
2019-02-10,11,44618.4,107
2019-02-10,12,44048.4,106
2019-02-10,13,41281.8,102
2019-02-10,14,40738.8,102
2019-02-10,15,41452.2,103
2019-02-10,16,41180.0,103
2019-02-10,17,43635.4,106
2019-02-10,18,44788.2,107
2019-02-10,19,44788.2,107
2019-02-10,20,44788.2,107
2019-02-10,21,43635.4,106
2019-02-10,22,40407.1,102
2019-02-10,23,42835.4,105
2019-02-11,0,34941.2,99
2019-02-11,1,31102.6,94
2019-02-11,2,29915.3,92
2019-02-11,3,30776.3,93
2019-02-11,4,33118.7,96
2019-02-11,5,37571.9,99
2019-02-11,6,41370.7,103
2019-02-11,7,41370.7,103
2019-02-11,8,39519.9,102
2019-02-11,9,38605.3,101
2019-02-11,10,38605.3,101
2019-02-11,11,36809.9,100
2019-02-11,12,36809.9,100
2019-02-11,13,35864.4,98
2019-02-11,14,34130.4,97
2019-02-11,15,34130.4,97
2019-02-11,16,35175.0,97
2019-02-11,17,35864.4,98
2019-02-11,18,39109.9,101
2019-02-11,19,39109.9,101
2019-02-11,20,39109.9,101
2019-02-11,21,36878.0,99
2019-02-11,22,33414.5,94
2019-02-11,23,30929.7,92
2019-02-12,0,29003.2,88
2019-02-12,1,25378.8,83
2019-02-12,2,25378.8,83
2019-02-12,3,26417.3,87
2019-02-12,4,28759.3,90
2019-02-12,5,33503.1,95
2019-02-12,6,38186.1,100
2019-02-12,7,39372.9,101
2019-02-12,8,39372.9,101
2019-02-12,9,39372.9,101
2019-02-12,10,39372.9,101
2019-02-12,11,37638.9,100
2019-02-12,12,35843.5,99
2019-02-12,13,32673.9,95
2019-02-12,14,31734.3,94
2019-02-12,15,31734.3,94
2019-02-12,16,33387.3,96
2019-02-12,17,37722.9,99
2019-02-12,18,42678.2,105
2019-02-12,19,42678.2,105
2019-02-12,20,44412.2,106
2019-02-12,21,44412.2,106
2019-02-12,22,40688.2,103
2019-02-12,23,37459.9,99
2019-02-13,0,34883.1,96
2019-02-13,1,34883.1,96
2019-02-13,2,35656.9,96
2019-02-13,3,36971.7,97
2019-02-13,4,39436.2,101
2019-02-13,5,46860.2,105
2019-02-13,6,48344.8,107
2019-02-13,7,48344.8,107
2019-02-13,8,48344.8,107
2019-02-13,9,43838.5,105
2019-02-13,10,40311.5,102
2019-02-13,11,36413.4,97
2019-02-13,12,34325.1,93
2019-02-13,13,31315.7,91
2019-02-13,14,30218.3,90
2019-02-13,15,28903.5,89
2019-02-13,16,30000.9,90
2019-02-13,17,33369.1,95
2019-02-13,18,35596.5,97
2019-02-13,19,35596.5,97
2019-02-13,20,35596.5,97
2019-02-13,21,34907.1,96
2019-02-13,22,30536.4,91
2019-02-13,23,27674.8,87
2019-02-14,0,27482.3,85
2019-02-14,1,26009.8,83
2019-02-14,2,26009.8,83
2019-02-14,3,27700.4,86
2019-02-14,4,28561.4,87
2019-02-14,5,33707.3,95
2019-02-14,6,35502.7,96
2019-02-14,7,35502.7,96
2019-02-14,8,35502.7,96
2019-02-14,9,35502.7,96
2019-02-14,10,33707.3,95
2019-02-14,11,32085.9,93
2019-02-14,12,30235.1,92
2019-02-14,13,29651.0,89
2019-02-14,14,28109.0,86
2019-02-14,15,28448.9,88
2019-02-14,16,29295.5,91
2019-02-14,17,32200.5,95
2019-02-14,18,36536.1,98
2019-02-14,19,36536.1,98
2019-02-14,20,36536.1,98
2019-02-14,21,36536.1,98
2019-02-14,22,33745.7,96
2019-02-14,23,31236.4,93
2019-02-15,0,28901.2,90
2019-02-15,1,25308.6,85
2019-02-15,2,26123.6,86
2019-02-15,3,27643.8,88
2019-02-15,4,29436.8,90
2019-02-15,5,34210.8,95
2019-02-15,6,35776.4,97
2019-02-15,7,35776.4,97
2019-02-15,8,35776.4,97
2019-02-15,9,35776.4,97
2019-02-15,10,34431.0,97
2019-02-15,11,33244.2,96
2019-02-15,12,33244.2,96
2019-02-15,13,32304.6,95
2019-02-15,14,32304.6,95
2019-02-15,15,32304.6,95
2019-02-15,16,31591.2,94
2019-02-15,17,32530.8,95
2019-02-15,18,37375.9,100
2019-02-15,19,37375.9,100
2019-02-15,20,38257.7,100
2019-02-15,21,37343.1,99
2019-02-15,22,34616.3,95
2019-02-15,23,33926.9,94
2019-02-16,0,34007.7,95
2019-02-16,1,32423.7,95
2019-02-16,2,31390.3,93
2019-02-16,3,31390.3,93
2019-02-16,4,33124.3,94
2019-02-16,5,37163.6,98
2019-02-16,6,37722.9,99
2019-02-16,7,41295.3,102
2019-02-16,8,42947.5,104
2019-02-16,9,42947.5,104
2019-02-16,10,42947.5,104
2019-02-16,11,41295.3,102
2019-02-16,12,39836.0,100
2019-02-16,13,36795.0,97
2019-02-16,14,34999.6,96
2019-02-16,15,34310.2,95
2019-02-16,16,33596.8,94
2019-02-16,17,36105.6,96
2019-02-16,18,39193.9,100
2019-02-16,19,39193.9,100
2019-02-16,20,39193.9,100
2019-02-16,21,38254.3,99
2019-02-16,22,34724.9,97
2019-02-16,23,33691.5,95
2019-02-17,0,32078.3,93
2019-02-17,1,29571.9,90
2019-02-17,2,31364.9,92
2019-02-17,3,32054.3,93
2019-02-17,4,33087.7,95
2019-02-17,5,34883.1,96
2019-02-17,6,35596.5,97
2019-02-17,7,38931.6,100
2019-02-17,8,38931.6,100
2019-02-17,9,38931.6,100
2019-02-17,10,38931.6,100
2019-02-17,11,36474.7,98
2019-02-17,12,32933.9,93
2019-02-17,13,29934.2,88
2019-02-17,14,28083.4,87
2019-02-17,15,28083.4,87
2019-02-17,16,29361.4,91
2019-02-17,17,33373.0,95
2019-02-17,18,37271.5,99
2019-02-17,19,37271.5,99
2019-02-17,20,37271.5,99
2019-02-17,21,36582.1,98
2019-02-17,22,33415.1,95
2019-02-17,23,31449.7,92
2019-02-18,0,28110.3,89
2019-02-18,1,27515.3,88
2019-02-18,2,26700.3,87
2019-02-18,3,28110.3,89
2019-02-18,4,30736.3,91
2019-02-18,5,35043.6,96
2019-02-18,6,37960.4,99
2019-02-18,7,39811.2,100
2019-02-18,8,39811.2,100
2019-02-18,9,39811.2,100
2019-02-18,10,39811.2,100
2019-02-18,11,38015.8,99
2019-02-18,12,36165.0,98
2019-02-18,13,34543.6,96
2019-02-18,14,32308.6,92
2019-02-18,15,32308.6,92
2019-02-18,16,34409.5,95
2019-02-18,17,39243.0,99
2019-02-18,18,40036.9,101
2019-02-18,19,40036.9,101
2019-02-18,20,40036.9,101
2019-02-18,21,39501.4,100
2019-02-18,22,34849.6,95
2019-02-18,23,32796.2,92
2019-02-19,0,32531.6,91
2019-02-19,1,30299.7,89
2019-02-19,2,30731.7,90
2019-02-19,3,30731.7,90
2019-02-19,4,34510.1,93
2019-02-19,5,38937.0,98
2019-02-19,6,41078.7,102
2019-02-19,7,43206.5,105
2019-02-19,8,43868.0,106
2019-02-19,9,45054.8,107
2019-02-19,10,45054.8,107
2019-02-19,11,45054.8,107
2019-02-19,12,45054.8,107
2019-02-19,13,43957.4,106
2019-02-19,14,45054.8,107
2019-02-19,15,45054.8,107
2019-02-19,16,49915.4,109
2019-02-19,17,50554.4,110
2019-02-19,18,51636.6,111
2019-02-19,19,52314.7,112
2019-02-19,20,52314.7,112
2019-02-19,21,51636.6,111
2019-02-19,22,50833.4,110
2019-02-19,23,44974.2,108
2019-02-20,0,44034.6,107
2019-02-20,1,41386.0,105
2019-02-20,2,40303.8,104
2019-02-20,3,42037.8,105
2019-02-20,4,43892.0,107
2019-02-20,5,48950.2,108
2019-02-20,6,48950.2,108
2019-02-20,7,48950.2,108
2019-02-20,8,48950.2,108
2019-02-20,9,47387.4,106
2019-02-20,10,41528.2,104
2019-02-20,11,36472.0,99
2019-02-20,12,34978.2,97
2019-02-20,13,33244.2,96
2019-02-20,14,31615.2,94
2019-02-20,15,30751.8,92
2019-02-20,16,32802.5,96
2019-02-20,17,37271.5,99
2019-02-20,18,42226.8,105
2019-02-20,19,42226.8,105
2019-02-20,20,42226.8,105
2019-02-20,21,42226.8,105
2019-02-20,22,40509.0,103
2019-02-20,23,38765.3,101
2019-02-21,0,35378.3,98
2019-02-21,1,33884.5,96
2019-02-21,2,33884.5,96
2019-02-21,3,35167.9,98
2019-02-21,4,37018.7,99
2019-02-21,5,43021.6,105
2019-02-21,6,43699.7,106
2019-02-21,7,43129.7,105
2019-02-21,8,43129.7,105
2019-02-21,9,42451.6,104
2019-02-21,10,40108.5,101
2019-02-21,11,39193.9,100
2019-02-21,12,37768.0,96
2019-02-21,13,36324.7,97
2019-02-21,14,35385.1,96
2019-02-21,15,33651.1,95
2019-02-21,16,35339.7,96
2019-02-21,17,37130.3,97
2019-02-21,18,39788.1,99
2019-02-21,19,40108.5,101
2019-02-21,20,40108.5,101
2019-02-21,21,38374.5,100
2019-02-21,22,36235.0,97
2019-02-21,23,35311.2,96
2019-02-22,0,31862.8,93
2019-02-22,1,29617.9,90
2019-02-22,2,30112.5,89
2019-02-22,3,30282.9,90
2019-02-22,4,33801.1,96
2019-02-22,5,40678.5,102
2019-02-22,6,42422.2,104
2019-02-22,7,43575.0,105
2019-02-22,8,43575.0,105
2019-02-22,9,43575.0,105
2019-02-22,10,43575.0,105
2019-02-22,11,41340.0,103
2019-02-22,12,39855.4,101
2019-02-22,13,36863.0,98
2019-02-22,14,35234.0,96
2019-02-22,15,34819.4,94
2019-02-22,16,35619.5,96
2019-02-22,17,35413.8,95
2019-02-22,18,39063.4,98
2019-02-22,19,40108.5,101
2019-02-22,20,36579.1,99
2019-02-22,21,36579.1,99
2019-02-22,22,35141.6,97
2019-02-22,23,33303.2,95
2019-02-23,0,30276.7,91
2019-02-23,1,28346.1,90
2019-02-23,2,27227.7,87
2019-02-23,3,26458.1,87
2019-02-23,4,27546.3,88
2019-02-23,5,29505.3,91
2019-02-23,6,33003.7,96
2019-02-23,7,34799.1,97
2019-02-23,8,35738.7,98
2019-02-23,9,35738.7,98
2019-02-23,10,35738.7,98
2019-02-23,11,34288.6,96
2019-02-23,12,33599.2,95
2019-02-23,13,30012.0,92
2019-02-23,14,30012.0,92
2019-02-23,15,29080.0,91
2019-02-23,16,29080.0,91
2019-02-23,17,30725.4,93
2019-02-23,18,31414.8,94
2019-02-23,19,32354.4,95
2019-02-23,20,32889.9,96
2019-02-23,21,33032.3,95
2019-02-23,22,33032.3,95
2019-02-23,23,33032.3,95
2019-02-24,0,33032.3,95
2019-02-24,1,32342.9,94
2019-02-24,2,34193.7,95
2019-02-24,3,34193.7,95
2019-02-24,4,35596.5,97
2019-02-24,5,36678.7,98
2019-02-24,6,38412.7,99
2019-02-24,7,39327.3,100
2019-02-24,8,39327.3,100
2019-02-24,9,39327.3,100
2019-02-24,10,37593.3,99
2019-02-24,11,34907.1,96
2019-02-24,12,31681.8,93
2019-02-24,13,28268.5,89
2019-02-24,14,27376.5,88
2019-02-24,15,26288.3,87
2019-02-24,16,27140.5,88
2019-02-24,17,29537.8,91
2019-02-24,18,33410.6,95
2019-02-24,19,35834.0,97
2019-02-24,20,35834.0,97
2019-02-24,21,35834.0,97
2019-02-24,22,33386.6,95
2019-02-24,23,33386.6,95
2019-02-25,0,32697.2,94
2019-02-25,1,32697.2,94
2019-02-25,2,33884.5,96
2019-02-25,3,34597.9,97
2019-02-25,4,37648.1,100
2019-02-25,5,44531.8,106
2019-02-25,6,44357.7,106
2019-02-25,7,44357.7,106
2019-02-25,8,44357.7,106
2019-02-25,9,41945.6,104
2019-02-25,10,39216.7,101
2019-02-25,11,35392.0,97
2019-02-25,12,33541.2,96
2019-02-25,13,31487.8,93
2019-02-25,14,29514.4,89
2019-02-25,15,29460.0,91
2019-02-25,16,30328.9,93
2019-02-25,17,31260.9,94
2019-02-25,18,35537.5,98
2019-02-25,19,35537.5,98
2019-02-25,20,35537.5,98
2019-02-25,21,35537.5,98
2019-02-25,22,32530.8,95
2019-02-25,23,31055.7,93
2019-02-26,0,29278.1,91
2019-02-26,1,26589.1,87
2019-02-26,2,26589.1,87
2019-02-26,3,26739.1,88
2019-02-26,4,28688.3,90
2019-02-26,5,35023.8,97
2019-02-26,6,37150.2,99
2019-02-26,7,37150.2,99
2019-02-26,8,37150.2,99
2019-02-26,9,37150.2,99
2019-02-26,10,36210.6,98
2019-02-26,11,35286.8,97
2019-02-26,12,34955.1,95
2019-02-26,13,32955.9,95
2019-02-26,14,31243.9,92
2019-02-26,15,31243.9,92
2019-02-26,16,31949.8,94
2019-02-26,17,34076.7,97
2019-02-26,18,36795.9,99
2019-02-26,19,36795.9,99
2019-02-26,20,36795.9,99
2019-02-26,21,35856.3,98
2019-02-26,22,33210.2,95
2019-02-26,23,29979.4,92
2019-02-27,0,29266.0,91
2019-02-27,1,26719.4,87
2019-02-27,2,26869.4,88
2019-02-27,3,27801.4,89
2019-02-27,4,29955.4,92
2019-02-27,5,35537.5,98
2019-02-27,6,37375.9,100
2019-02-27,7,38528.7,101
2019-02-27,8,38528.7,101
2019-02-27,9,38528.7,101
2019-02-27,10,38528.7,101
2019-02-27,11,36662.5,99
2019-02-27,12,35747.9,98
2019-02-27,13,33734.5,95
2019-02-27,14,33734.5,95
2019-02-27,15,34674.1,96
2019-02-27,16,36558.1,98
2019-02-27,17,40036.9,101
2019-02-27,18,40337.5,101
2019-02-27,19,41261.3,102
2019-02-27,20,41261.3,102
2019-02-27,21,41261.3,102
2019-02-27,22,38686.8,99
2019-02-27,23,35263.4,96
2019-02-28,0,32589.8,94
2019-02-28,1,32589.8,94
2019-02-28,2,32419.4,93
2019-02-28,3,34153.4,94
2019-02-28,4,35037.2,96
2019-02-28,5,40683.8,101
2019-02-28,6,42908.7,104
2019-02-28,7,45054.8,107
2019-02-28,8,45907.0,108
2019-02-28,9,45907.0,108
2019-02-28,10,45907.0,108
2019-02-28,11,45245.5,107
2019-02-28,12,45524.5,107
2019-02-28,13,44954.5,106
2019-02-28,14,42021.5,104
2019-02-28,15,40226.1,103
2019-02-28,16,42021.5,104
2019-02-28,17,44592.2,107
2019-02-28,18,46827.2,109
2019-02-28,19,47505.3,110
2019-02-28,20,47505.3,110
2019-02-28,21,47505.3,110
2019-02-28,22,45012.9,107
2019-02-28,23,42557.5,104
2019-03-01,0,39767.1,102
2019-03-01,1,38843.3,101
2019-03-01,2,37928.7,100
2019-03-01,3,38843.3,101
2019-03-01,4,40849.3,103
2019-03-01,5,45674.4,108
2019-03-01,6,47505.3,110
2019-03-01,7,47505.3,110
2019-03-01,8,47505.3,110
2019-03-01,9,47505.3,110
2019-03-01,10,45674.4,108
2019-03-01,11,43127.5,105
2019-03-01,12,41232.9,102
2019-03-01,13,37768.9,99
2019-03-01,14,35033.9,97
2019-03-01,15,35033.9,97
2019-03-01,16,35973.5,98
2019-03-01,17,39028.3,101
2019-03-01,18,41686.6,104
2019-03-01,19,41686.6,104
2019-03-01,20,41686.6,104
2019-03-01,21,41686.6,104
2019-03-01,22,40455.1,102
2019-03-01,23,37638.9,100
2019-03-02,0,34928.9,98
2019-03-02,1,32708.7,95
2019-03-02,2,31619.1,93
2019-03-02,3,30758.1,92
2019-03-02,4,30742.5,92
2019-03-02,5,33914.0,95
2019-03-02,6,37725.8,98
2019-03-02,7,40108.5,101
2019-03-02,8,40678.5,102
2019-03-02,9,40678.5,102
2019-03-02,10,40678.5,102
2019-03-02,11,40108.5,101
2019-03-02,12,39610.6,100
2019-03-02,13,38686.8,99
2019-03-02,14,37058.8,97
2019-03-02,15,37058.8,97
2019-03-02,16,36369.4,96
2019-03-02,17,37772.2,98
2019-03-02,18,37772.2,98
2019-03-02,19,37772.2,98
2019-03-02,20,37772.2,98
2019-03-02,21,35348.8,96
2019-03-02,22,32181.8,93
2019-03-02,23,31468.4,92
2019-03-03,0,32589.8,94
2019-03-03,1,32589.8,94
2019-03-03,2,32054.3,93
2019-03-03,3,31364.9,92
2019-03-03,4,30503.9,91
2019-03-03,5,32846.3,94
2019-03-03,6,35502.7,96
2019-03-03,7,37055.3,96
2019-03-03,8,38943.2,99
2019-03-03,9,39882.8,100
2019-03-03,10,39882.8,100
2019-03-03,11,39262.8,100
2019-03-03,12,39262.8,100
2019-03-03,13,37412.0,99
2019-03-03,14,37246.4,98
2019-03-03,15,35880.9,97
2019-03-03,16,36986.1,99
2019-03-03,17,39751.5,101
2019-03-03,18,46479.1,104
2019-03-03,19,46479.1,104
2019-03-03,20,46479.1,104
2019-03-03,21,46479.1,104
2019-03-03,22,40434.7,100
2019-03-03,23,39259.3,99
2019-03-04,0,37395.9,97
2019-03-04,1,36860.4,96
2019-03-04,2,37981.8,98
2019-03-04,3,40236.2,100
2019-03-04,4,43068.7,104
2019-03-04,5,47484.8,108
2019-03-04,6,51493.2,109
2019-03-04,7,53223.8,111
2019-03-04,8,53901.9,112
2019-03-04,9,53901.9,112
2019-03-04,10,53901.9,112
2019-03-04,11,53901.9,112
2019-03-04,12,53223.8,111
2019-03-04,13,53223.8,111
2019-03-04,14,51373.0,110
2019-03-04,15,50058.2,109
2019-03-04,16,50058.2,109
2019-03-04,17,53115.9,111
2019-03-04,18,56119.5,113
2019-03-04,19,57201.7,114
2019-03-04,20,57201.7,114
2019-03-04,21,57201.7,114
2019-03-04,22,57201.7,114
2019-03-04,23,53943.7,112
2019-03-05,0,53502.0,111
2019-03-05,1,53450.8,111
2019-03-05,2,53237.6,111
2019-03-05,3,54552.4,112
2019-03-05,4,56880.6,114
2019-03-05,5,62809.8,119
2019-03-05,6,62809.8,119
2019-03-05,7,62809.8,119
2019-03-05,8,62809.8,119
2019-03-05,9,59627.0,117
2019-03-05,10,56586.3,115
2019-03-05,11,52617.3,112
2019-03-05,12,47432.9,110
2019-03-05,13,44272.2,106
2019-03-05,14,40832.7,102
2019-03-05,15,39517.9,101
2019-03-05,16,40193.3,101
2019-03-05,17,43774.5,105
2019-03-05,18,48444.4,107
2019-03-05,19,49597.2,108
2019-03-05,20,50679.4,109
2019-03-05,21,50679.4,109
2019-03-05,22,50679.4,109
2019-03-05,23,53291.8,111
2019-03-06,0,50556.8,109
2019-03-06,1,48383.2,107
2019-03-06,2,48383.2,107
2019-03-06,3,50637.6,109
2019-03-06,4,54606.6,112
2019-03-06,5,57776.5,115
2019-03-06,6,57776.5,115
2019-03-06,7,57776.5,115
2019-03-06,8,56086.5,114
2019-03-06,9,51946.6,111
2019-03-06,10,47261.4,107
2019-03-06,11,42591.5,105
2019-03-06,12,38186.1,101
2019-03-06,13,35466.9,99
2019-03-06,14,33991.8,97
2019-03-06,15,33616.6,97
2019-03-06,16,33616.6,97
2019-03-06,17,36274.4,99
2019-03-06,18,40984.6,104
2019-03-06,19,40984.6,104
2019-03-06,20,40984.6,104
2019-03-06,21,40984.6,104
2019-03-06,22,36138.0,99
2019-03-06,23,39978.5,103
2019-03-07,0,35478.6,96
2019-03-07,1,30113.2,90
2019-03-07,2,30294.9,91
2019-03-07,3,31305.9,93
2019-03-07,4,32875.1,94
2019-03-07,5,37659.8,99
2019-03-07,6,38195.3,100
2019-03-07,7,38195.3,100
2019-03-07,8,38195.3,100
2019-03-07,9,38195.3,100
2019-03-07,10,39106.5,100
2019-03-07,11,36022.4,97
2019-03-07,12,34073.3,95
2019-03-07,13,33541.9,93
2019-03-07,14,33424.9,94
2019-03-07,15,30751.3,92
2019-03-07,16,31690.9,93
2019-03-07,17,31690.9,93
2019-03-07,18,35502.7,96
2019-03-07,19,35502.7,96
2019-03-07,20,35182.3,94
2019-03-07,21,35000.6,93
2019-03-07,22,29482.8,89
2019-03-07,23,29984.9,92
2019-03-08,0,27322.3,89
2019-03-08,1,22738.1,80
2019-03-08,2,22738.1,80
2019-03-08,3,22908.5,81
2019-03-08,4,23594.9,83
2019-03-08,5,29514.1,91
2019-03-08,6,32161.7,93
2019-03-08,7,34326.2,96
2019-03-08,8,34824.1,97
2019-03-08,9,34824.1,97
2019-03-08,10,34824.1,97
2019-03-08,11,34824.1,97
2019-03-08,12,34134.7,96
2019-03-08,13,32339.3,95
2019-03-08,14,32339.3,95
2019-03-08,15,32212.8,94
2019-03-08,16,32113.1,95
2019-03-08,17,33052.7,96
2019-03-08,18,34848.1,97
2019-03-08,19,34848.1,97
2019-03-08,20,34848.1,97
2019-03-08,21,33052.7,96
2019-03-08,22,29399.0,91
2019-03-08,23,27933.9,89
2019-03-09,0,26085.1,85
2019-03-09,1,22361.2,79
2019-03-09,2,22681.6,81
2019-03-09,3,24033.0,83
2019-03-09,4,24033.0,83
2019-03-09,5,24033.0,83
2019-03-09,6,24709.9,84
2019-03-09,7,26315.9,87
2019-03-09,8,31665.0,94
2019-03-09,9,32686.2,94
2019-03-09,10,32851.8,95
2019-03-09,11,32353.9,94
2019-03-09,12,32353.9,94
2019-03-09,13,32329.9,94
2019-03-09,14,31390.3,93
2019-03-09,15,33185.7,94
2019-03-09,16,33185.7,94
2019-03-09,17,34069.1,95
2019-03-09,18,38372.0,101
2019-03-09,19,38372.0,101
2019-03-09,20,39454.2,102
2019-03-09,21,39454.2,102
2019-03-09,22,36413.2,99
2019-03-09,23,33923.5,96
2019-03-10,0,31204.3,94
2019-03-10,1,31204.3,94
2019-03-10,2,29454.9,92
2019-03-10,3,28918.5,91
2019-03-10,4,29454.9,92
2019-03-10,5,30490.9,93
2019-03-10,6,30490.9,93
2019-03-10,7,33745.7,96
2019-03-10,8,35479.7,97
2019-03-10,9,34273.3,95
2019-03-10,10,34107.7,94
2019-03-10,11,33745.7,96
2019-03-10,12,33496.7,95
2019-03-10,13,30725.4,93
2019-03-10,14,29793.4,92
2019-03-10,15,29793.4,92
2019-03-10,16,30725.4,93
2019-03-10,17,31414.8,94
2019-03-10,18,34088.4,96
2019-03-10,19,34623.9,97
2019-03-10,20,34623.9,97
2019-03-10,21,32889.9,96
2019-03-10,22,30763.0,93
2019-03-10,23,30763.0,93
2019-03-11,0,29514.1,91
2019-03-11,1,28768.1,90
2019-03-11,2,29801.5,92
2019-03-11,3,30490.9,93
2019-03-11,4,33939.3,96
2019-03-11,5,37459.9,99
2019-03-11,6,38374.5,100
2019-03-11,7,38944.5,101
2019-03-11,8,38944.5,101
2019-03-11,9,40131.3,102
2019-03-11,10,39216.7,101
2019-03-11,11,35872.1,98
2019-03-11,12,35872.1,98
2019-03-11,13,34076.7,97
2019-03-11,14,33387.3,96
2019-03-11,15,32297.7,94
2019-03-11,16,31584.3,93
2019-03-11,17,32987.1,95
2019-03-11,18,34076.7,97
2019-03-11,19,34076.7,97
2019-03-11,20,34076.7,97
2019-03-11,21,32889.9,96
2019-03-11,22,29615.5,92
2019-03-11,23,28869.5,91
2019-03-12,0,27349.3,89
2019-03-12,1,26851.4,88
2019-03-12,2,26315.9,87
2019-03-12,3,27404.1,88
2019-03-12,4,30017.0,92
2019-03-12,5,33244.2,96
2019-03-12,6,33244.2,96
2019-03-12,7,33244.2,96
2019-03-12,8,33244.2,96
2019-03-12,9,33244.2,96
2019-03-12,10,32304.6,95
2019-03-12,11,31615.2,94
2019-03-12,12,31615.2,94
2019-03-12,13,32113.1,95
2019-03-12,14,32113.1,95
2019-03-12,15,34597.9,97
2019-03-12,16,34597.9,97
2019-03-12,17,35479.7,97
2019-03-12,18,35479.7,97
2019-03-12,19,36419.3,98
2019-03-12,20,36419.3,98
2019-03-12,21,34685.3,97
2019-03-12,22,34685.3,97
2019-03-12,23,30309.1,92
2019-03-13,0,27783.4,89
2019-03-13,1,26315.9,87
2019-03-13,2,25304.9,85
2019-03-13,3,22364.5,82
2019-03-13,4,27404.1,88
2019-03-13,5,27404.1,88
2019-03-13,6,33476.5,95
2019-03-13,7,34597.9,97
2019-03-13,8,34597.9,97
2019-03-13,9,34597.9,97
2019-03-13,10,34597.9,97
2019-03-13,11,34597.9,97
2019-03-13,12,34597.9,97
2019-03-13,13,34597.9,97
2019-03-13,14,35521.7,98
2019-03-13,15,35521.7,98
2019-03-13,16,37926.0,101
2019-03-13,17,38840.6,102
2019-03-13,18,40804.6,103
2019-03-13,19,40804.6,103
2019-03-13,20,40804.6,103
2019-03-13,21,39070.6,102
2019-03-13,22,32286.3,94
2019-03-13,23,27907.1,89
2019-03-14,0,27907.1,89
2019-03-14,1,25948.1,86
2019-03-14,2,25948.1,86
2019-03-14,3,23542.8,81
2019-03-14,4,27836.1,89
2019-03-14,5,28582.1,90
2019-03-14,6,30432.9,91
2019-03-14,7,32061.9,93
2019-03-14,8,32061.9,93
2019-03-14,9,32061.9,93
2019-03-14,10,32775.3,94
2019-03-14,11,30924.5,93
2019-03-14,12,30924.5,93
2019-03-14,13,28697.9,89
2019-03-14,14,28150.1,89
2019-03-14,15,29615.5,92
2019-03-14,16,29615.5,92
2019-03-14,17,31487.1,94
2019-03-14,18,33971.9,96
2019-03-14,19,35822.7,97
2019-03-14,20,35822.7,97
2019-03-14,21,33447.7,94
2019-03-14,22,31164.9,92
2019-03-14,23,28437.5,90
2019-03-15,0,27349.3,89
2019-03-15,1,26315.9,87
2019-03-15,2,25720.9,86
2019-03-15,3,25555.3,85
2019-03-15,4,29240.3,88
2019-03-15,5,31084.2,91
2019-03-15,6,35183.2,95
2019-03-15,7,35183.2,95
2019-03-15,8,37082.8,97
2019-03-15,9,37082.8,97
2019-03-15,10,34409.2,95
2019-03-15,11,32613.8,94
2019-03-15,12,31249.8,92
2019-03-15,13,29399.0,91
2019-03-15,14,29399.0,91
2019-03-15,15,29617.6,91
2019-03-15,16,30049.6,92
2019-03-15,17,32534.4,94
2019-03-15,18,35596.5,97
2019-03-15,19,36536.1,98
2019-03-15,20,36536.1,98
2019-03-15,21,36536.1,98
2019-03-15,22,34907.1,96
2019-03-15,23,34907.1,96
2019-03-16,0,33908.5,96
2019-03-16,1,33908.5,96
2019-03-16,2,34597.9,97
2019-03-16,3,35537.5,98
2019-03-16,4,36619.7,99
2019-03-16,5,39015.2,101
2019-03-16,6,39015.2,101
2019-03-16,7,39929.8,102
2019-03-16,8,39929.8,102
2019-03-16,9,39929.8,102
2019-03-16,10,38847.6,101
2019-03-16,11,35537.5,98
2019-03-16,12,32802.5,96
2019-03-16,13,32497.0,94
2019-03-16,14,30523.5,90
2019-03-16,15,29514.1,91
2019-03-16,16,30700.9,92
2019-03-16,17,31925.8,94
2019-03-16,18,35872.1,98
2019-03-16,19,36533.6,99
2019-03-16,20,36533.6,99
2019-03-16,21,36533.6,99
2019-03-16,22,35594.0,98
2019-03-16,23,34219.1,96
2019-03-17,0,34219.1,96
2019-03-17,1,33683.6,95
2019-03-17,2,33683.6,95
2019-03-17,3,34219.1,96
2019-03-17,4,36014.7,98
2019-03-17,5,37865.5,99
2019-03-17,6,39728.9,101
2019-03-17,7,39728.9,101
2019-03-17,8,39728.9,101
2019-03-17,9,39728.9,101
2019-03-17,10,36795.9,99
2019-03-17,11,35374.2,97
2019-03-17,12,32103.7,94
2019-03-17,13,30203.5,92
2019-03-17,14,29514.1,91
2019-03-17,15,29514.1,91
2019-03-17,16,30739.0,93
2019-03-17,17,32589.8,94
2019-03-17,18,36038.2,97
2019-03-17,19,36038.2,97
2019-03-17,20,36038.2,97
2019-03-17,21,36038.2,97
2019-03-17,22,33474.0,95
2019-03-17,23,31998.9,93
2019-03-18,0,30739.0,93
2019-03-18,1,30739.0,93
2019-03-18,2,33247.8,95
2019-03-18,3,35095.3,98
2019-03-18,4,40590.9,104
2019-03-18,5,45640.4,108
2019-03-18,6,45640.4,108
2019-03-18,7,43789.6,107
2019-03-18,8,43789.6,107
2019-03-18,9,42986.4,106
2019-03-18,10,40099.6,104
2019-03-18,11,37432.1,101
2019-03-18,12,34544.7,97
2019-03-18,13,32749.3,96
2019-03-18,14,31809.7,95
2019-03-18,15,31399.7,94
2019-03-18,16,31577.6,94
2019-03-18,17,32802.5,96
2019-03-18,18,34597.9,97
2019-03-18,19,35537.5,98
2019-03-18,20,35537.5,98
2019-03-18,21,34824.1,97
2019-03-18,22,33032.3,95
2019-03-18,23,30490.9,93
2019-03-19,0,29402.7,92
2019-03-19,1,29993.0,92
2019-03-19,2,29993.0,92
2019-03-19,3,32534.4,94
2019-03-19,4,37185.2,100
2019-03-19,5,39839.2,102
2019-03-19,6,39839.2,102
2019-03-19,7,39839.2,102
2019-03-19,8,39839.2,102
2019-03-19,9,38121.4,100
2019-03-19,10,36924.4,98
2019-03-19,11,33941.7,95
2019-03-19,12,32078.3,93
2019-03-19,13,30227.5,92
2019-03-19,14,30227.5,92
2019-03-19,15,29200.9,90
2019-03-19,16,29030.5,89
2019-03-19,17,30916.9,93
2019-03-19,18,32392.0,95
2019-03-19,19,34242.8,96
2019-03-19,20,34242.8,96
2019-03-19,21,31452.4,94
2019-03-19,22,31452.4,94
2019-03-19,23,30706.4,93
2019-03-20,0,27354.4,89
2019-03-20,1,26422.4,88
2019-03-20,2,28442.6,90
2019-03-20,3,30932.6,93
2019-03-20,4,36461.3,99
2019-03-20,5,39610.9,102
2019-03-20,6,41344.9,103
2019-03-20,7,41344.9,103
2019-03-20,8,39610.9,102
2019-03-20,9,39610.9,102
2019-03-20,10,37375.9,100
2019-03-20,11,36461.3,99
2019-03-20,12,34597.9,97
2019-03-20,13,32802.5,96
2019-03-20,14,32802.5,96
2019-03-20,15,32802.5,96
2019-03-20,16,32802.5,96
2019-03-20,17,34597.9,97
2019-03-20,18,38528.7,101
2019-03-20,19,38528.7,101
2019-03-20,20,38528.7,101
2019-03-20,21,38528.7,101
2019-03-20,22,34685.3,97
2019-03-20,23,32999.7,95
2019-03-21,0,30490.9,93
2019-03-21,1,30490.9,93
2019-03-21,2,30490.9,93
2019-03-21,3,32889.9,96
2019-03-21,4,37459.9,99
2019-03-21,5,40688.2,103
2019-03-21,6,40688.2,103
2019-03-21,7,40688.2,103
2019-03-21,8,39748.6,102
2019-03-21,9,39748.6,102
2019-03-21,10,38948.6,101
2019-03-21,11,36436.3,99
2019-03-21,12,34597.9,97
2019-03-21,13,34597.9,97
2019-03-21,14,34597.9,97
2019-03-21,15,35537.5,98
2019-03-21,16,35537.5,98
2019-03-21,17,35537.5,98
2019-03-21,18,37375.9,100
2019-03-21,19,37375.9,100
2019-03-21,20,37375.9,100
2019-03-21,21,36461.3,99
2019-03-21,22,33032.3,95
2019-03-21,23,28940.5,91
2019-03-22,0,28940.5,91
2019-03-22,1,26986.4,88
2019-03-22,2,27801.4,89
2019-03-22,3,29840.4,92
2019-03-22,4,34149.8,96
2019-03-22,5,37459.9,99
2019-03-22,6,37459.9,99
2019-03-22,7,37459.9,99
2019-03-22,8,37459.9,99
2019-03-22,9,37459.9,99
2019-03-22,10,36000.6,97
2019-03-22,11,33265.6,95
2019-03-22,12,30000.9,90
2019-03-22,13,29850.9,89
2019-03-22,14,28903.5,89
2019-03-22,15,30000.9,90
2019-03-22,16,32585.9,93
2019-03-22,17,30250.0,89
2019-03-22,18,30735.1,92
2019-03-22,19,30735.1,92
2019-03-22,20,30735.1,92
2019-03-22,21,28683.1,88
2019-03-22,22,23979.9,82
2019-03-22,23,21597.1,78
2019-03-23,0,19529.6,75
2019-03-23,1,18549.1,73
2019-03-23,2,19646.5,74
2019-03-23,3,20865.6,77
2019-03-23,4,21949.3,80
2019-03-23,5,23594.9,83
2019-03-23,6,26543.1,87
2019-03-23,7,28863.5,90
2019-03-23,8,28863.5,90
2019-03-23,9,30597.5,91
2019-03-23,10,30597.5,91
2019-03-23,11,28150.1,89
2019-03-23,12,28000.1,88
2019-03-23,13,27234.7,86
2019-03-23,14,26137.3,85
2019-03-23,15,26137.3,85
2019-03-23,16,27405.1,87
2019-03-23,17,29117.6,91
2019-03-23,18,32342.9,94
2019-03-23,19,33056.3,95
2019-03-23,20,33056.3,95
2019-03-23,21,33056.3,95
2019-03-23,22,29369.5,91
2019-03-23,23,26543.1,87
2019-03-24,0,24859.9,85
2019-03-24,1,24859.9,85
2019-03-24,2,23823.9,84
2019-03-24,3,23823.9,84
2019-03-24,4,24912.1,85
2019-03-24,5,26543.1,87
2019-03-24,6,28768.1,90
2019-03-24,7,30453.7,92
2019-03-24,8,30453.7,92
2019-03-24,9,30453.7,92
2019-03-24,10,30453.7,92
2019-03-24,11,29348.5,90
2019-03-24,12,31001.5,92
2019-03-24,13,31001.5,92
2019-03-24,14,32852.3,93
2019-03-24,15,33017.9,94
2019-03-24,16,34740.7,97
2019-03-24,17,34740.7,97
2019-03-24,18,38112.2,100
2019-03-24,19,38112.2,100
2019-03-24,20,38112.2,100
2019-03-24,21,38112.2,100
2019-03-24,22,34228.3,96
2019-03-24,23,30082.9,92
2019-03-25,0,28834.0,90
2019-03-25,1,27300.1,88
2019-03-25,2,28671.7,90
2019-03-25,3,29361.1,91
2019-03-25,4,33939.3,96
2019-03-25,5,36795.9,99
2019-03-25,6,36795.9,99
2019-03-25,7,36795.9,99
2019-03-25,8,36082.5,98
2019-03-25,9,35142.9,97
2019-03-25,10,33533.6,94
2019-03-25,11,33533.6,94
2019-03-25,12,33363.2,93
2019-03-25,13,34076.6,94
2019-03-25,14,35336.6,97
2019-03-25,15,35336.6,97
2019-03-25,16,36795.9,99
2019-03-25,17,36630.3,98
2019-03-25,18,37008.0,97
2019-03-25,19,37343.1,99
2019-03-25,20,37343.1,99
2019-03-25,21,35609.1,98
2019-03-25,22,32999.7,95
2019-03-25,23,29801.5,92
2019-03-26,0,29266.0,91
2019-03-26,1,26437.4,87
2019-03-26,2,26437.4,87
2019-03-26,3,26437.4,87
2019-03-26,4,31950.3,95
2019-03-26,5,34597.9,97
2019-03-26,6,34597.9,97
2019-03-26,7,34597.9,97
2019-03-26,8,33884.5,96
2019-03-26,9,33884.5,96
2019-03-26,10,33195.1,95
2019-03-26,11,31399.7,94
2019-03-26,12,30297.3,92
2019-03-26,13,30297.3,92
2019-03-26,14,31229.3,93
2019-03-26,15,31399.7,94
2019-03-26,16,32113.1,95
2019-03-26,17,32113.1,95
2019-03-26,18,33738.1,95
2019-03-26,19,33738.1,95
2019-03-26,20,33908.5,96
2019-03-26,21,31399.7,94
2019-03-26,22,27041.0,88
2019-03-26,23,25846.0,85
2019-03-27,0,23590.7,81
2019-03-27,1,22556.4,79
2019-03-27,2,23413.2,82
2019-03-27,3,26543.1,87
2019-03-27,4,31518.3,94
2019-03-27,5,33801.1,96
2019-03-27,6,35927.5,98
2019-03-27,7,34076.7,97
2019-03-27,8,32705.1,95
2019-03-27,9,31072.0,92
2019-03-27,10,29900.3,90
2019-03-27,11,28239.8,86
2019-03-27,12,28239.8,86
2019-03-27,13,28741.9,89
2019-03-27,14,29336.9,90
2019-03-27,15,30304.4,92
2019-03-27,16,30304.4,92
2019-03-27,17,31017.8,93
2019-03-27,18,33578.8,96
2019-03-27,19,33578.8,96
2019-03-27,20,32542.8,95
2019-03-27,21,32015.1,94
2019-03-27,22,24597.3,83
2019-03-27,23,20755.4,76
2019-03-28,0,19487.6,74
2019-03-28,1,18240.5,71
2019-03-28,2,19464.4,73
2019-03-28,3,19981.4,74
2019-03-28,4,27751.1,87
2019-03-28,5,27751.1,87
2019-03-28,6,28603.3,88
2019-03-28,7,29387.8,90
2019-03-28,8,29537.8,91
2019-03-28,9,29537.8,91
2019-03-28,10,29537.8,91
2019-03-28,11,29537.8,91
2019-03-28,12,29002.3,90
2019-03-28,13,29934.3,91
2019-03-28,14,30469.8,92
2019-03-28,15,30901.8,93
2019-03-28,16,32697.2,94
2019-03-28,17,32547.2,93
2019-03-28,18,33410.6,95
2019-03-28,19,33410.6,95
2019-03-28,20,33410.6,95
2019-03-28,21,30763.0,93
2019-03-28,22,25798.1,85
2019-03-28,23,22176.0,80
2019-03-29,0,20726.5,77
2019-03-29,1,19337.5,74
2019-03-29,2,19917.9,74
2019-03-29,3,20683.9,76
2019-03-29,4,27325.3,88
2019-03-29,5,28863.5,90
2019-03-29,6,31146.3,92
2019-03-29,7,31146.3,92
2019-03-29,8,31900.4,93
2019-03-29,9,33111.7,95
2019-03-29,10,33111.7,95
2019-03-29,11,31260.9,94
2019-03-29,12,31260.9,94
2019-03-29,13,31260.9,94
2019-03-29,14,31260.9,94
2019-03-29,15,33056.3,95
2019-03-29,16,33056.3,95
2019-03-29,17,33056.3,95
2019-03-29,18,34685.3,97
2019-03-29,19,34685.3,97
2019-03-29,20,34685.3,97
2019-03-29,21,34253.3,96
2019-03-29,22,28437.5,90
2019-03-29,23,23218.0,82
2019-03-30,0,22326.0,81
2019-03-30,1,20247.6,77
2019-03-30,2,21722.4,80
2019-03-30,3,21722.4,80
2019-03-30,4,27907.1,89
2019-03-30,5,27907.1,89
2019-03-30,6,28653.1,90
2019-03-30,7,31452.4,94
2019-03-30,8,33186.4,95
2019-03-30,9,34126.0,96
2019-03-30,10,34126.0,96
2019-03-30,11,34126.0,96
2019-03-30,12,32392.0,95
2019-03-30,13,32613.8,94
2019-03-30,14,31900.4,93
2019-03-30,15,29514.1,91
2019-03-30,16,29514.1,91
2019-03-30,17,29514.1,91
2019-03-30,18,31645.9,91
2019-03-30,19,31961.5,93
2019-03-30,20,30227.5,92
2019-03-30,21,29295.5,91
2019-03-30,22,26266.6,85
2019-03-30,23,26393.1,86
2019-03-31,0,27078.6,88
2019-03-31,1,27078.6,88
2019-03-31,2,27078.6,88
2019-03-31,3,26543.1,87
2019-03-31,4,28150.1,89
2019-03-31,5,30000.9,90
2019-03-31,6,33441.7,93
2019-03-31,7,34813.3,95
2019-03-31,8,34813.3,95
2019-03-31,9,34813.3,95
2019-03-31,10,34813.3,95
2019-03-31,11,33017.9,94
2019-03-31,12,31001.5,92
2019-03-31,13,30227.5,92
2019-03-31,14,28150.1,89
2019-03-31,15,27139.1,87
2019-03-31,16,28000.1,88
2019-03-31,17,28432.1,89
2019-03-31,18,32534.4,94
2019-03-31,19,34385.2,95
2019-03-31,20,35098.6,96
2019-03-31,21,35596.5,97
2019-03-31,22,35596.5,97
2019-03-31,23,35596.5,97
2019-04-01,0,34932.5,97
2019-04-01,1,34932.5,97
2019-04-01,2,34932.5,97
2019-04-01,3,36786.7,99
2019-04-01,4,41679.6,105
2019-04-01,5,44566.4,107
2019-04-01,6,44566.4,107
2019-04-01,7,44566.4,107
2019-04-01,8,44566.4,107
2019-04-01,9,42832.4,106
2019-04-01,10,40597.4,104
2019-04-01,11,37648.1,100
2019-04-01,12,35217.1,96
2019-04-01,13,33592.1,96
2019-04-01,14,31399.7,94
2019-04-01,15,31399.7,94
2019-04-01,16,32089.1,95
2019-04-01,17,33884.5,96
2019-04-01,18,39410.6,103
2019-04-01,19,39410.6,103
2019-04-01,20,39410.6,103
2019-04-01,21,39410.6,103
2019-04-01,22,36270.6,99
2019-04-01,23,33745.7,96
2019-04-02,0,31950.3,95
2019-04-02,1,31950.3,95
2019-04-02,2,31414.8,94
2019-04-02,3,34072.6,96
2019-04-02,4,38658.4,99
2019-04-02,5,42143.2,104
2019-04-02,6,42143.2,104
2019-04-02,7,40409.2,103
2019-04-02,8,39911.3,102
2019-04-02,9,36962.0,98
2019-04-02,10,35095.0,97
2019-04-02,11,32154.6,94
2019-04-02,12,30147.7,92
2019-04-02,13,29434.3,91
2019-04-02,14,28688.3,90
2019-04-02,15,28688.3,90
2019-04-02,16,28256.3,89
2019-04-02,17,28256.3,89
2019-04-02,18,31808.8,94
2019-04-02,19,31808.8,94
2019-04-02,20,31808.8,94
2019-04-02,21,31273.3,93
2019-04-02,22,25728.1,86
2019-04-02,23,25973.7,84
2019-04-03,0,24703.8,82
2019-04-03,1,22047.1,79
2019-04-03,2,22296.1,80
2019-04-03,3,24971.5,84
2019-04-03,4,29295.5,91
2019-04-03,5,32078.3,93
2019-04-03,6,32613.8,94
2019-04-03,7,32613.8,94
2019-04-03,8,32613.8,94
2019-04-03,9,31928.3,92
2019-04-03,10,32085.9,93
2019-04-03,11,30069.5,91
2019-04-03,12,30069.5,91
2019-04-03,13,28448.9,88
2019-04-03,14,27946.8,85
2019-04-03,15,28298.9,87
2019-04-03,16,28880.9,89
2019-04-03,17,28880.9,89
2019-04-03,18,32901.1,94
2019-04-03,19,32901.1,94
2019-04-03,20,31167.1,93
2019-04-03,21,30227.5,92
2019-04-03,22,24409.9,84
2019-04-03,23,21789.6,80
2019-04-04,0,20680.8,77
2019-04-04,1,20077.2,76
2019-04-04,2,20865.6,77
2019-04-04,3,22552.9,81
2019-04-04,4,28432.1,89
2019-04-04,5,30763.0,93
2019-04-04,6,31615.2,94
2019-04-04,7,33908.5,96
2019-04-04,8,34597.9,97
2019-04-04,9,34597.9,97
2019-04-04,10,35521.7,98
2019-04-04,11,34296.3,98
2019-04-04,12,34296.3,98
2019-04-04,13,35645.9,100
2019-04-04,14,39175.3,102
2019-04-04,15,39836.8,103
2019-04-04,16,41554.6,105
2019-04-04,17,42433.0,106
2019-04-04,18,44668.0,108
2019-04-04,19,44668.0,108
2019-04-04,20,44668.0,108
2019-04-04,21,42934.0,107
2019-04-04,22,39738.7,103
2019-04-04,23,35095.3,98
2019-04-05,0,32586.5,96
2019-04-05,1,31840.5,95
2019-04-05,2,30297.3,93
2019-04-05,3,30297.3,93
2019-04-05,4,35079.5,98
2019-04-05,5,37180.9,100
2019-04-05,6,37180.9,100
2019-04-05,7,37750.9,101
2019-04-05,8,37750.9,101
2019-04-05,9,37750.9,101
2019-04-05,10,37750.9,101
2019-04-05,11,36836.3,100
2019-04-05,12,36426.3,99
2019-04-05,13,35570.5,99
2019-04-05,14,35570.5,99
2019-04-05,15,37304.5,100
2019-04-05,16,37304.5,100
2019-04-05,17,35570.5,99
2019-04-05,18,35404.9,98
2019-04-05,19,35570.5,99
2019-04-05,20,35570.5,99
2019-04-05,21,34060.9,97
2019-04-05,22,30156.8,92
2019-04-05,23,28256.6,90
2019-04-06,0,27168.4,89
2019-04-06,1,25886.9,87
2019-04-06,2,24859.9,85
2019-04-06,3,24044.9,84
2019-04-06,4,28336.1,89
2019-04-06,5,30514.9,93
2019-04-06,6,32999.7,95
2019-04-06,7,33939.3,96
2019-04-06,8,35790.1,97
2019-04-06,9,35790.1,97
2019-04-06,10,35790.1,97
2019-04-06,11,33994.7,96
2019-04-06,12,33994.7,96
2019-04-06,13,32143.9,95
2019-04-06,14,33939.3,96
2019-04-06,15,33939.3,96
2019-04-06,16,33939.3,96
2019-04-06,17,34863.1,97
2019-04-06,18,35777.7,98
2019-04-06,19,35777.7,98
2019-04-06,20,35777.7,98
2019-04-06,21,35777.7,98
2019-04-06,22,33939.3,96
2019-04-06,23,31812.4,93
2019-04-07,0,29303.6,91
2019-04-07,1,28768.1,90
2019-04-07,2,27732.1,89
2019-04-07,3,27732.1,89
2019-04-07,4,29266.0,91
2019-04-07,5,29955.4,92
2019-04-07,6,30490.9,93
2019-04-07,7,34685.3,97
2019-04-07,8,34685.3,97
2019-04-07,9,35872.1,98
2019-04-07,10,35158.7,97
2019-04-07,11,34219.1,96
2019-04-07,12,31888.2,94
2019-04-07,13,31888.2,94
2019-04-07,14,31329.2,93
2019-04-07,15,31390.3,93
2019-04-07,16,33185.7,94
2019-04-07,17,34645.0,96
2019-04-07,18,36795.9,99
2019-04-07,19,37710.5,100
2019-04-07,20,37710.5,100
2019-04-07,21,37710.5,100
2019-04-07,22,35609.1,98
2019-04-07,23,32999.7,95
2019-04-08,0,30490.9,93
2019-04-08,1,29457.5,91
2019-04-08,2,29457.5,91
2019-04-08,3,29955.4,92
2019-04-08,4,34149.8,96
2019-04-08,5,36461.3,99
2019-04-08,6,36461.3,99
2019-04-08,7,37375.9,100
2019-04-08,8,37785.9,101
2019-04-08,9,37785.9,101
2019-04-08,10,37785.9,101
2019-04-08,11,37250.4,100
2019-04-08,12,38437.2,101
2019-04-08,13,39098.7,102
2019-04-08,14,41315.8,105
2019-04-08,15,41885.8,106
2019-04-08,16,44702.0,108
2019-04-08,17,44702.0,108
2019-04-08,18,47531.5,110
2019-04-08,19,47531.5,110
2019-04-08,20,45797.5,109
2019-04-08,21,43946.7,108
2019-04-08,22,38437.4,102
2019-04-08,23,33473.1,95
2019-04-09,0,31677.7,94
2019-04-09,1,29351.8,91
2019-04-09,2,28164.5,89
2019-04-09,3,29481.5,91
2019-04-09,4,33403.8,95
2019-04-09,5,35254.6,96
2019-04-09,6,35254.6,96
2019-04-09,7,36713.9,98
2019-04-09,8,36713.9,98
2019-04-09,9,37459.9,99
2019-04-09,10,37459.9,99
2019-04-09,11,38774.6,100
2019-04-09,12,39344.6,101
2019-04-09,13,41078.6,102
2019-04-09,14,42871.6,104
2019-04-09,15,42871.6,104
2019-04-09,16,43699.7,106
2019-04-09,17,43699.7,106
2019-04-09,18,43699.7,106
2019-04-09,19,43699.7,106
2019-04-09,20,43699.7,106
2019-04-09,21,40123.1,101
2019-04-09,22,32903.7,96
2019-04-09,23,30820.5,93
2019-04-10,0,27290.5,87
2019-04-10,1,23724.5,82
2019-04-10,2,22832.5,81
2019-04-10,3,23152.9,83
2019-04-10,4,27404.1,88
2019-04-10,5,28688.3,90
2019-04-10,6,29434.3,91
2019-04-10,7,30901.8,93
2019-04-10,8,34848.1,97
2019-04-10,9,35537.5,98
2019-04-10,10,37271.5,99
2019-04-10,11,38765.3,101
2019-04-10,12,38765.3,101
2019-04-10,13,41530.7,103
2019-04-10,14,43486.7,105
2019-04-10,15,45026.6,107
2019-04-10,16,45026.6,107
2019-04-10,17,45026.6,107
2019-04-10,18,44174.4,106
2019-04-10,19,43296.0,105
2019-04-10,20,42143.2,104
2019-04-10,21,38374.5,100
2019-04-10,22,31034.3,92
2019-04-10,23,27061.9,88
2019-04-11,0,26492.5,85
2019-04-11,1,22206.6,79
2019-04-11,2,22206.6,79
2019-04-11,3,24709.9,84
2019-04-11,4,28871.6,90
2019-04-11,5,31220.3,92
2019-04-11,6,31220.3,92
2019-04-11,7,31220.3,92
2019-04-11,8,32398.3,94
2019-04-11,9,32398.3,94
2019-04-11,10,36234.5,99
2019-04-11,11,34383.7,98
2019-04-11,12,34383.7,98
2019-04-11,13,32512.1,96
2019-04-11,14,33444.1,97
2019-04-11,15,34383.7,98
2019-04-11,16,34383.7,98
2019-04-11,17,36234.5,99
2019-04-11,18,37459.9,99
2019-04-11,19,38374.5,100
2019-04-11,20,38374.5,100
2019-04-11,21,38374.5,100
2019-04-11,22,35584.1,98
2019-04-11,23,32999.7,95
2019-04-12,0,30490.9,93
2019-04-12,1,29197.9,91
2019-04-12,2,28662.4,90
2019-04-12,3,28662.4,90
2019-04-12,4,33745.7,96
2019-04-12,5,35596.5,97
2019-04-12,6,35596.5,97
2019-04-12,7,35596.5,97
2019-04-12,8,35596.5,97
2019-04-12,9,33801.1,96
2019-04-12,10,31950.3,95
2019-04-12,11,31950.3,95
2019-04-12,12,29615.5,92
2019-04-12,13,29117.6,91
2019-04-12,14,29831.0,92
2019-04-12,15,29831.0,92
2019-04-12,16,30763.0,93
2019-04-12,17,30763.0,93
2019-04-12,18,32558.4,94
2019-04-12,19,32558.4,94
2019-04-12,20,32558.4,94
2019-04-12,21,31845.0,93
2019-04-12,22,28371.6,90
2019-04-12,23,27836.1,89
2019-04-13,0,25430.8,84
2019-04-13,1,22489.2,79
2019-04-13,2,22489.2,79
2019-04-13,3,22841.3,81
2019-04-13,4,23806.3,83
2019-04-13,5,25498.1,85
2019-04-13,6,26093.1,86
2019-04-13,7,32392.0,95
2019-04-13,8,32392.0,95
2019-04-13,9,34740.7,97
2019-04-13,10,34740.7,97
2019-04-13,11,32889.9,96
2019-04-13,12,32889.9,96
2019-04-13,13,32889.9,96
2019-04-13,14,32889.9,96
2019-04-13,15,31260.9,94
2019-04-13,16,31260.9,94
2019-04-13,17,31260.9,94
2019-04-13,18,32200.5,95
2019-04-13,19,32200.5,95
2019-04-13,20,32200.5,95
2019-04-13,21,29617.6,91
2019-04-13,22,27555.1,88
2019-04-13,23,25498.1,85
2019-04-14,0,24409.9,84
2019-04-14,1,24409.9,84
2019-04-14,2,25948.1,86
2019-04-14,3,26543.1,87
2019-04-14,4,28336.1,89
2019-04-14,5,29369.5,91
2019-04-14,6,33111.7,95
2019-04-14,7,33111.7,95
2019-04-14,8,33111.7,95
2019-04-14,9,33111.7,95
2019-04-14,10,31260.9,94
2019-04-14,11,29801.5,92
2019-04-14,12,27404.1,88
2019-04-14,13,26589.1,87
2019-04-14,14,27686.1,88
2019-04-14,15,27686.1,88
2019-04-14,16,30916.9,93
2019-04-14,17,30916.9,93
2019-04-14,18,32767.7,94
2019-04-14,19,35098.6,96
2019-04-14,20,35098.6,96
2019-04-14,21,33247.8,95
2019-04-14,22,30055.9,92
2019-04-14,23,26543.1,87
2019-04-15,0,24516.5,84
2019-04-15,1,21228.1,79
2019-04-15,2,21228.1,79
2019-04-15,3,23594.9,83
2019-04-15,4,27836.1,89
2019-04-15,5,29969.8,92
2019-04-15,6,29969.8,92
2019-04-15,7,29969.8,92
2019-04-15,8,29969.8,92
2019-04-15,9,29969.8,92
2019-04-15,10,29819.8,91
2019-04-15,11,29284.3,90
2019-04-15,12,29284.3,90
2019-04-15,13,30362.8,91
2019-04-15,14,31294.8,92
2019-04-15,15,33090.2,93
2019-04-15,16,33410.6,95
2019-04-15,17,33410.6,95
2019-04-15,18,34597.9,97
2019-04-15,19,34597.9,97
2019-04-15,20,34597.9,97
2019-04-15,21,32813.7,95
2019-04-15,22,25832.2,84
2019-04-15,23,22176.0,80
2019-04-16,0,20726.5,77
2019-04-16,1,19337.5,74
2019-04-16,2,19689.6,76
2019-04-16,3,21390.6,78
2019-04-16,4,26217.9,86
2019-04-16,5,27404.7,87
2019-04-16,6,28492.9,88
2019-04-16,7,29270.2,88
2019-04-16,8,32033.1,93
2019-04-16,9,32033.1,93
2019-04-16,10,32033.1,93
2019-04-16,11,32033.1,93
2019-04-16,12,33221.7,95
2019-04-16,13,33387.3,96
2019-04-16,14,34311.1,97
2019-04-16,15,35000.5,98
2019-04-16,16,35000.5,98
2019-04-16,17,35000.5,98
2019-04-16,18,35594.7,97
2019-04-16,19,37499.1,99
2019-04-16,20,37499.1,99
2019-04-16,21,33625.6,95
2019-04-16,22,28498.0,89
2019-04-16,23,24587.4,83
2019-04-17,0,24405.7,82
2019-04-17,1,21664.4,78
2019-04-17,2,21846.1,79
2019-04-17,3,23058.5,82
2019-04-17,4,27555.1,88
2019-04-17,5,29500.2,91
2019-04-17,6,31145.6,93
2019-04-17,7,31835.0,94
2019-04-17,8,33206.6,96
2019-04-17,9,33206.6,96
2019-04-17,10,33742.1,97
2019-04-17,11,34665.9,98
2019-04-17,12,34665.9,98
2019-04-17,13,34665.9,98
2019-04-17,14,36399.9,99
2019-04-17,15,38195.3,100
2019-04-17,16,39730.5,99
2019-04-17,17,39028.3,99
2019-04-17,18,39036.0,101
2019-04-17,19,39036.0,101
2019-04-17,20,39036.0,101
2019-04-17,21,38374.5,100
2019-04-17,22,33804.5,97
2019-04-17,23,30115.5,92
2019-04-18,0,29027.3,91
2019-04-18,1,26315.9,87
2019-04-18,2,27404.1,88
2019-04-18,3,27836.1,89
2019-04-18,4,32999.7,95
2019-04-18,5,33851.9,96
2019-04-18,6,33851.9,96
2019-04-18,7,30118.2,92
2019-04-18,8,30864.2,93
2019-04-18,9,32113.1,95
2019-04-18,10,32113.1,95
2019-04-18,11,32113.1,95
2019-04-18,12,31399.7,94
2019-04-18,13,29932.2,92
2019-04-18,14,30645.6,93
2019-04-18,15,32113.1,95
2019-04-18,16,32113.1,95
2019-04-18,17,31260.9,94
2019-04-18,18,31950.3,95
2019-04-18,19,31950.3,95
2019-04-18,20,31950.3,95
2019-04-18,21,31204.3,94
2019-04-18,22,29801.5,92
2019-04-18,23,29801.5,92
2019-04-19,0,29801.5,92
2019-04-19,1,27128.5,88
2019-04-19,2,27128.5,88
2019-04-19,3,27732.1,89
2019-04-19,4,29457.5,91
2019-04-19,5,31110.5,93
2019-04-19,6,31856.5,94
2019-04-19,7,31856.5,94
2019-04-19,8,33590.5,95
2019-04-19,9,32650.9,94
2019-04-19,10,30916.9,93
2019-04-19,11,28582.1,90
2019-04-19,12,28582.1,90
2019-04-19,13,28150.1,89
2019-04-19,14,29082.1,90
2019-04-19,15,29082.1,90
2019-04-19,16,31998.9,93
2019-04-19,17,32496.8,94
2019-04-19,18,35988.2,98
2019-04-19,19,37070.4,99
2019-04-19,20,37070.4,99
2019-04-19,21,37070.4,99
2019-04-19,22,35232.0,97
2019-04-19,23,32464.2,94
2019-04-20,0,29955.4,92
2019-04-20,1,28768.1,90
2019-04-20,2,26643.9,88
2019-04-20,3,27732.1,89
2019-04-20,4,28768.1,90
2019-04-20,5,29955.4,92
2019-04-20,6,32286.3,94
2019-04-20,7,32286.3,94
2019-04-20,8,33473.1,95
2019-04-20,9,33473.1,95
2019-04-20,10,31179.8,93
2019-04-20,11,29954.9,91
2019-04-20,12,28161.9,89
2019-04-20,13,28702.5,88
2019-04-20,14,29768.9,91
2019-04-20,15,30482.3,92
2019-04-20,16,31414.3,93
2019-04-20,17,31912.2,94
2019-04-20,18,32447.7,95
2019-04-20,19,31949.8,94
2019-04-20,20,31949.8,94
2019-04-20,21,30668.3,92
2019-04-20,22,26315.9,87
2019-04-20,23,22902.4,80
2019-04-21,0,21618.5,78
2019-04-21,1,18884.0,73
2019-04-21,2,18884.0,73
2019-04-21,3,19193.0,73
2019-04-21,4,19981.4,74
2019-04-21,5,19981.4,74
2019-04-21,6,23452.3,80
2019-04-21,7,24679.0,83
2019-04-21,8,27374.2,86
2019-04-21,9,27208.6,85
2019-04-21,10,27457.6,86
2019-04-21,11,28644.4,87
2019-04-21,12,28644.4,87
2019-04-21,13,29789.8,89
2019-04-21,14,31391.6,92
2019-04-21,15,33761.1,95
2019-04-21,16,33761.1,95
2019-04-21,17,33761.1,95
2019-04-21,18,33761.1,95
2019-04-21,19,33926.7,96
2019-04-21,20,33926.7,96
2019-04-21,21,33180.7,95
2019-04-21,22,27482.8,87
2019-04-21,23,23942.8,83
2019-04-22,0,23590.7,81
2019-04-22,1,20166.9,75
2019-04-22,2,20683.9,76
2019-04-22,3,22134.5,79
2019-04-22,4,26954.1,87
2019-04-22,5,27836.1,89
2019-04-22,6,32078.3,93
2019-04-22,7,32078.3,93
2019-04-22,8,32078.3,93
2019-04-22,9,32648.3,94
2019-04-22,10,34443.7,95
2019-04-22,11,35327.1,96
2019-04-22,12,36416.7,98
2019-04-22,13,37340.5,99
2019-04-22,14,38029.9,100
2019-04-22,15,38029.9,100
2019-04-22,16,38029.9,100
2019-04-22,17,38029.9,100
2019-04-22,18,37450.7,99
2019-04-22,19,37450.7,99
2019-04-22,20,37450.7,99
2019-04-22,21,35655.3,98
2019-04-22,22,29361.4,91
2019-04-22,23,27398.4,88
2019-04-23,0,25081.6,85
2019-04-23,1,21987.6,81
2019-04-23,2,25948.1,86
2019-04-23,3,27404.1,88
2019-04-23,4,32310.3,94
2019-04-23,5,34161.1,95
2019-04-23,6,34907.1,96
2019-04-23,7,34907.1,96
2019-04-23,8,34907.1,96
2019-04-23,9,34907.1,96
2019-04-23,10,34907.1,96
2019-04-23,11,34193.7,95
2019-04-23,12,34193.7,95
2019-04-23,13,34193.7,95
2019-04-23,14,34907.1,96
2019-04-23,15,34907.1,96
2019-04-23,16,34757.1,95
2019-04-23,17,35446.5,96
2019-04-23,18,36536.1,98
2019-04-23,19,36536.1,98
2019-04-23,20,36536.1,98
2019-04-23,21,34740.7,97
2019-04-23,22,28308.7,89
2019-04-23,23,25198.0,85
2019-04-24,0,24409.6,84
2019-04-24,1,23591.0,83
2019-04-24,2,24859.9,85
2019-04-24,3,28343.7,89
2019-04-24,4,33971.9,96
2019-04-24,5,36452.1,99
2019-04-24,6,36452.1,99
2019-04-24,7,36452.1,99
2019-04-24,8,36452.1,99
2019-04-24,9,36452.1,99
2019-04-24,10,36452.1,99
2019-04-24,11,36452.1,99
2019-04-24,12,35738.7,98
2019-04-24,13,35738.7,98
2019-04-24,14,37375.9,100
2019-04-24,15,37375.9,100
2019-04-24,16,37945.9,101
2019-04-24,17,38355.9,102
2019-04-24,18,38355.9,102
2019-04-24,19,39017.4,103
2019-04-24,20,39017.4,103
2019-04-24,21,39017.4,103
2019-04-24,22,37595.2,101
2019-04-24,23,33620.2,96
2019-04-25,0,31824.8,95
2019-04-25,1,31078.8,94
2019-04-25,2,30365.4,93
2019-04-25,3,30365.4,93
2019-04-25,4,33442.3,96
2019-04-25,5,34951.9,98
2019-04-25,6,36802.7,99
2019-04-25,7,36802.7,99
2019-04-25,8,35863.1,98
2019-04-25,9,35863.1,98
2019-04-25,10,35863.1,98
2019-04-25,11,36576.5,99
2019-04-25,12,37516.1,100
2019-04-25,13,39354.5,102
2019-04-25,14,40016.0,103
2019-04-25,15,41697.6,105
2019-04-25,16,41697.6,105
2019-04-25,17,41697.6,105
2019-04-25,18,42850.4,106
2019-04-25,19,42850.4,106
2019-04-25,20,42850.4,106
2019-04-25,21,42850.4,106
2019-04-25,22,38968.4,103
2019-04-25,23,35609.1,98
2019-04-26,0,32160.7,95
2019-04-26,1,32160.7,95
2019-04-26,2,30490.9,93
2019-04-26,3,29955.4,92
2019-04-26,4,34149.8,96
2019-04-26,5,35073.6,97
2019-04-26,6,36461.3,99
2019-04-26,7,36461.3,99
2019-04-26,8,36461.3,99
2019-04-26,9,36461.3,99
2019-04-26,10,36461.3,99
2019-04-26,11,38081.4,100
2019-04-26,12,38081.4,100
2019-04-26,13,39815.4,101
2019-04-26,14,40230.0,103
2019-04-26,15,40230.0,103
2019-04-26,16,41144.6,104
2019-04-26,17,41144.6,104
2019-04-26,18,39410.6,103
2019-04-26,19,38912.7,102
2019-04-26,20,38912.7,102
2019-04-26,21,37428.1,100
2019-04-26,22,33247.8,95
2019-04-26,23,29902.0,92
2019-04-27,0,27950.4,89
2019-04-27,1,24854.9,84
2019-04-27,2,24502.8,82
2019-04-27,3,24251.3,83
2019-04-27,4,25339.5,84
2019-04-27,5,25943.1,85
2019-04-27,6,28446.5,89
2019-04-27,7,31706.5,93
2019-04-27,8,31706.5,93
2019-04-27,9,33557.3,94
2019-04-27,10,35160.7,97
2019-04-27,11,34162.1,97
2019-04-27,12,34312.1,98
2019-04-27,13,36107.5,99
2019-04-27,14,37841.5,100
2019-04-27,15,38765.3,101
2019-04-27,16,39918.1,102
2019-04-27,17,39918.1,102
2019-04-27,18,40832.7,103
2019-04-27,19,40832.7,103
2019-04-27,20,40832.7,103
2019-04-27,21,39098.7,102
2019-04-27,22,35049.3,97
2019-04-27,23,30115.5,92
2019-04-28,0,29027.3,91
2019-04-28,1,25454.9,86
2019-04-28,2,24701.3,84
2019-04-28,3,24851.3,85
2019-04-28,4,25939.5,86
2019-04-28,5,26869.4,88
2019-04-28,6,29979.4,92
2019-04-28,7,30725.4,93
2019-04-28,8,31830.9,95
2019-04-28,9,33681.7,96
2019-04-28,10,33681.7,96
2019-04-28,11,34371.1,97
2019-04-28,12,36166.5,98
2019-04-28,13,37106.1,99
2019-04-28,14,38840.1,100
2019-04-28,15,38840.1,100
2019-04-28,16,40429.5,101
2019-04-28,17,40678.5,102
2019-04-28,18,38944.5,101
2019-04-28,19,38794.5,100
2019-04-28,20,38794.5,100
2019-04-28,21,36386.1,97
2019-04-28,22,30013.3,91
2019-04-28,23,27030.3,87
2019-04-29,0,25149.8,83
2019-04-29,1,22650.8,80
2019-04-29,2,23002.9,82
2019-04-29,3,25207.8,85
2019-04-29,4,29116.0,90
2019-04-29,5,30966.8,91
2019-04-29,6,31712.8,92
2019-04-29,7,33187.9,94
2019-04-29,8,36386.1,97
2019-04-29,9,35868.4,94
2019-04-29,10,36940.5,98
2019-04-29,11,38944.5,101
2019-04-29,12,40097.3,102
2019-04-29,13,41831.3,103
2019-04-29,14,41831.3,103
2019-04-29,15,43296.0,105
2019-04-29,16,43296.0,105
2019-04-29,17,42143.2,104
2019-04-29,18,42143.2,104
2019-04-29,19,42143.2,104
2019-04-29,20,42143.2,104
2019-04-29,21,40678.5,102
2019-04-29,22,34965.9,97
2019-04-29,23,32405.9,94
2019-04-30,0,28095.3,90
2019-04-30,1,28095.3,90
2019-04-30,2,26964.8,88
2019-04-30,3,28648.0,90
2019-04-30,4,32624.3,94
2019-04-30,5,34475.1,95
2019-04-30,6,35846.7,97
2019-04-30,7,35846.7,97
2019-04-30,8,37860.7,100
2019-04-30,9,37860.7,100
2019-04-30,10,40157.7,103
2019-04-30,11,40819.2,104
2019-04-30,12,42553.2,105
2019-04-30,13,42403.2,104
2019-04-30,14,42403.2,104
2019-04-30,15,41844.2,103
2019-04-30,16,42403.2,104
2019-04-30,17,42403.2,104
2019-04-30,18,40819.2,104
2019-04-30,19,40819.2,104
2019-04-30,20,40819.2,104
2019-04-30,21,39747.7,102
2019-04-30,22,34740.7,97
2019-04-30,23,31260.9,94
2019-05-01,0,30010.6,90
2019-05-01,1,28685.6,90
2019-05-01,2,30115.5,92
2019-05-01,3,31462.1,94
2019-05-01,4,36169.9,99
2019-05-01,5,38944.5,101
2019-05-01,6,40409.2,103
2019-05-01,7,40409.2,103
2019-05-01,8,42143.2,104
2019-05-01,9,42143.2,104
2019-05-01,10,42553.2,105
2019-05-01,11,43706.0,106
2019-05-01,12,43706.0,106
2019-05-01,13,43706.0,106
2019-05-01,14,43706.0,106
2019-05-01,15,43706.0,106
2019-05-01,16,42766.4,105
2019-05-01,17,43706.0,106
2019-05-01,18,43706.0,106
2019-05-01,19,41972.0,105
2019-05-01,20,41972.0,105
2019-05-01,21,40819.2,104
2019-05-01,22,36261.4,99
2019-05-01,23,32175.5,95
2019-05-02,0,30293.4,92
2019-05-02,1,28684.0,89
2019-05-02,2,27752.0,88
2019-05-02,3,27752.0,88
2019-05-02,4,32176.5,95
2019-05-02,5,33028.7,96
2019-05-02,6,33028.7,96
2019-05-02,7,33028.7,96
2019-05-02,8,35738.7,98
2019-05-02,9,36452.1,99
2019-05-02,10,37945.9,101
2019-05-02,11,37945.9,101
2019-05-02,12,40832.7,103
2019-05-02,13,40832.7,103
2019-05-02,14,40682.7,102
2019-05-02,15,40682.7,102
2019-05-02,16,39529.9,101
2019-05-02,17,39529.9,101
2019-05-02,18,37225.9,99
2019-05-02,19,37375.9,100
2019-05-02,20,37375.9,100
2019-05-02,21,34848.1,97
2019-05-02,22,29896.9,92
2019-05-02,23,28053.0,89
2019-05-03,0,26964.8,88
2019-05-03,1,24840.8,85
2019-05-03,2,25357.8,86
2019-05-03,3,28334.0,90
2019-05-03,4,31807.4,93
2019-05-03,5,34193.7,95
2019-05-03,6,34883.1,96
2019-05-03,7,36536.1,98
2019-05-03,8,36536.1,98
2019-05-03,9,37450.7,99
2019-05-03,10,37450.7,99
2019-05-03,11,37450.7,99
2019-05-03,12,36536.1,98
2019-05-03,13,36536.1,98
2019-05-03,14,37450.7,99
2019-05-03,15,37450.7,99
2019-05-03,16,38374.5,100
2019-05-03,17,37434.9,99
2019-05-03,18,37434.9,99
2019-05-03,19,37434.9,99
2019-05-03,20,37434.9,99
2019-05-03,21,36511.1,98
2019-05-03,22,34850.5,96
2019-05-03,23,32999.7,95
2019-05-04,0,32999.7,95
2019-05-04,1,32286.3,94
2019-05-04,2,29955.4,92
2019-05-04,3,29955.4,92
2019-05-04,4,31750.8,93
2019-05-04,5,31750.8,93
2019-05-04,6,33745.7,96
2019-05-04,7,35609.1,98
2019-05-04,8,36461.3,99
2019-05-04,9,36461.3,99
2019-05-04,10,36461.3,99
2019-05-04,11,37375.9,100
2019-05-04,12,37375.9,100
2019-05-04,13,39109.9,101
2019-05-04,14,39109.9,101
2019-05-04,15,38607.8,98
2019-05-04,16,38607.8,98
2019-05-04,17,39109.9,101
2019-05-04,18,40341.4,103
2019-05-04,19,38607.4,102
2019-05-04,20,38607.4,102
2019-05-04,21,38607.4,102
2019-05-04,22,35609.1,98
2019-05-04,23,33745.7,96
2019-05-05,0,31236.9,94
2019-05-05,1,29955.4,92
2019-05-05,2,28405.0,90
2019-05-05,3,28405.0,90
2019-05-05,4,29094.4,91
2019-05-05,5,29094.4,91
2019-05-05,6,31603.2,93
2019-05-05,7,32884.7,95
2019-05-05,8,32884.7,95
2019-05-05,9,34735.5,96
2019-05-05,10,35446.5,96
2019-05-05,11,36386.1,97
2019-05-05,12,36536.1,98
2019-05-05,13,38270.1,99
2019-05-05,14,40108.5,101
2019-05-05,15,40911.7,102
2019-05-05,16,42143.2,104
2019-05-05,17,42143.2,104
2019-05-05,18,40409.2,103
2019-05-05,19,40409.2,103
2019-05-05,20,40409.2,103
2019-05-05,21,38029.9,100
2019-05-05,22,32576.2,94
2019-05-05,23,28845.5,90
2019-05-06,0,27175.3,87
2019-05-06,1,23444.9,82
2019-05-06,2,24533.1,83
2019-05-06,3,25498.1,85
2019-05-06,4,29514.1,91
2019-05-06,5,31364.9,92
2019-05-06,6,33849.7,94
2019-05-06,7,35098.6,96
2019-05-06,8,36608.2,98
2019-05-06,9,36608.2,98
2019-05-06,10,38342.2,99
2019-05-06,11,38840.1,100
2019-05-06,12,40678.5,102
2019-05-06,13,41481.7,103
2019-05-06,14,42143.2,104
2019-05-06,15,42143.2,104
2019-05-06,16,42143.2,104
2019-05-06,17,41559.1,101
2019-05-06,18,42143.2,104
2019-05-06,19,42143.2,104
2019-05-06,20,40409.2,103
2019-05-06,21,39036.0,101
2019-05-06,22,33111.7,95
2019-05-06,23,31260.9,94
2019-05-07,0,30861.9,92
2019-05-07,1,25418.9,85
2019-05-07,2,26632.9,88
2019-05-07,3,29514.1,91
2019-05-07,4,34685.3,97
2019-05-07,5,37264.5,100
2019-05-07,6,39410.6,103
2019-05-07,7,39410.6,103
2019-05-07,8,39410.6,103
2019-05-07,9,41144.6,104
2019-05-07,10,40148.0,101
2019-05-07,11,38651.4,98
2019-05-07,12,40502.2,99
2019-05-07,13,40136.2,99
2019-05-07,14,41419.3,103
2019-05-07,15,42333.9,104
2019-05-07,16,42333.9,104
2019-05-07,17,42333.9,104
2019-05-07,18,41481.7,103
2019-05-07,19,41481.7,103
2019-05-07,20,39747.7,102
2019-05-07,21,38029.9,100
2019-05-07,22,30968.4,92
2019-05-07,23,27405.1,87
2019-05-08,0,26067.9,85
2019-05-08,1,25321.9,84
2019-05-08,2,25321.9,84
2019-05-08,3,24755.9,84
2019-05-08,4,28371.6,90
2019-05-08,5,30222.4,91
2019-05-08,6,35759.3,97
2019-05-08,7,33908.5,96
2019-05-08,8,34848.1,97
2019-05-08,9,34682.5,96
2019-05-08,10,35941.9,98
2019-05-08,11,36107.5,99
2019-05-08,12,36107.5,99
2019-05-08,13,36107.5,99
2019-05-08,14,37031.3,100
2019-05-08,15,37692.8,101
2019-05-08,16,38496.0,102
2019-05-08,17,38496.0,102
2019-05-08,18,40289.0,104
2019-05-08,19,40967.1,105
2019-05-08,20,40967.1,105
2019-05-08,21,40114.9,104
2019-05-08,22,37073.8,100
2019-05-08,23,33939.3,96
2019-05-09,0,32143.9,95
2019-05-09,1,31430.5,94
2019-05-09,2,31430.5,94
2019-05-09,3,33225.9,95
2019-05-09,4,36680.6,100
2019-05-09,5,38531.4,101
2019-05-09,6,38531.4,101
2019-05-09,7,37591.8,100
2019-05-09,8,38531.4,101
2019-05-09,9,38531.4,101
2019-05-09,10,39446.0,102
2019-05-09,11,40819.2,104
2019-05-09,12,40819.2,104
2019-05-09,13,40819.2,104
2019-05-09,14,40819.2,104
2019-05-09,15,40819.2,104
2019-05-09,16,40409.2,103
2019-05-09,17,39747.7,102
2019-05-09,18,37896.9,101
2019-05-09,19,37746.9,100
2019-05-09,20,37746.9,100
2019-05-09,21,34685.3,97
2019-05-09,22,29303.6,91
2019-05-09,23,25133.1,85
2019-05-10,0,23542.8,81
2019-05-10,1,20499.1,76
2019-05-10,2,20851.2,78
2019-05-10,3,21789.6,80
2019-05-10,4,25571.2,85
2019-05-10,5,29399.0,91
2019-05-10,6,29233.4,90
2019-05-10,7,31084.2,91
2019-05-10,8,30216.0,89
2019-05-10,9,31468.4,92
2019-05-10,10,33337.9,95
2019-05-10,11,33282.5,95
2019-05-10,12,32962.1,93
2019-05-10,13,32342.9,94
2019-05-10,14,33282.5,95
2019-05-10,15,33282.5,95
2019-05-10,16,33282.5,95
2019-05-10,17,33282.5,95
2019-05-10,18,33971.9,96
2019-05-10,19,34685.3,97
2019-05-10,20,34685.3,97
2019-05-10,21,34685.3,97
2019-05-10,22,32143.9,95
2019-05-10,23,30706.4,93
2019-05-11,0,30706.4,93
2019-05-11,1,30170.9,92
2019-05-11,2,30170.9,92
2019-05-11,3,30170.9,92
2019-05-11,4,31966.3,93
2019-05-11,5,33247.8,95
2019-05-11,6,35346.8,98
2019-05-11,7,35346.8,98
2019-05-11,8,37197.6,99
2019-05-11,9,37197.6,99
2019-05-11,10,36258.0,98
2019-05-11,11,37330.5,98
2019-05-11,12,35314.1,96
2019-05-11,13,33269.7,94
2019-05-11,14,31535.7,93
2019-05-11,15,31535.7,93
2019-05-11,16,31000.2,92
2019-05-11,17,31950.3,95
2019-05-11,18,34669.5,97
2019-05-11,19,35609.1,98
2019-05-11,20,35609.1,98
2019-05-11,21,35609.1,98
2019-05-11,22,34685.3,97
2019-05-11,23,33225.9,95
2019-05-12,0,30490.9,93
2019-05-12,1,30490.9,93
2019-05-12,2,29454.9,92
2019-05-12,3,29454.9,92
2019-05-12,4,30490.9,93
2019-05-12,5,30490.9,93
2019-05-12,6,32286.3,94
2019-05-12,7,33971.9,96
2019-05-12,8,33971.9,96
2019-05-12,9,33971.9,96
2019-05-12,10,34824.1,97
2019-05-12,11,33195.1,95
2019-05-12,12,32659.6,94
2019-05-12,13,33908.5,96
2019-05-12,14,33908.5,96
2019-05-12,15,35537.5,98
2019-05-12,16,35537.5,98
2019-05-12,17,38756.1,101
2019-05-12,18,39679.9,102
2019-05-12,19,39028.1,102
2019-05-12,20,39028.1,102
2019-05-12,21,39028.1,102
2019-05-12,22,36523.7,99
2019-05-12,23,33032.3,95
2019-05-13,0,31236.9,94
2019-05-13,1,29955.4,92
2019-05-13,2,29351.8,91
2019-05-13,3,29955.4,92
2019-05-13,4,33745.7,96
2019-05-13,5,35239.5,98
2019-05-13,6,37090.3,99
2019-05-13,7,37090.3,99
2019-05-13,8,38004.9,100
2019-05-13,9,38004.9,100
2019-05-13,10,37291.5,99
2019-05-13,11,38004.9,100
2019-05-13,12,38004.9,100
2019-05-13,13,39738.9,101
2019-05-13,14,40678.5,102
2019-05-13,15,41481.7,103
2019-05-13,16,42143.2,104
2019-05-13,17,42143.2,104
2019-05-13,18,42143.2,104
2019-05-13,19,42143.2,104
2019-05-13,20,40409.2,103
2019-05-13,21,40409.2,103
2019-05-13,22,36536.1,98
2019-05-13,23,34685.3,97
2019-05-14,0,31236.9,94
2019-05-14,1,30490.9,93
2019-05-14,2,29955.4,92
2019-05-14,3,31750.8,93
2019-05-14,4,35609.1,98
2019-05-14,5,37457.4,100
2019-05-14,6,38782.0,102
2019-05-14,7,40632.8,103
2019-05-14,8,41436.0,104
2019-05-14,9,41436.0,104
2019-05-14,10,42006.0,105
2019-05-14,11,42884.4,106
2019-05-14,12,43562.5,107
2019-05-14,13,44715.3,108
2019-05-14,14,46449.3,109
2019-05-14,15,46449.3,109
2019-05-14,16,46449.3,109
2019-05-14,17,46449.3,109
2019-05-14,18,45570.9,108
2019-05-14,19,44384.1,107
2019-05-14,20,44384.1,107
2019-05-14,21,42650.1,106
2019-05-14,22,38944.5,101
2019-05-14,23,35465.7,98
2019-05-15,0,33956.1,96
2019-05-15,1,31750.8,93
2019-05-15,2,30962.4,92
2019-05-15,3,31750.8,93
2019-05-15,4,35609.1,98
2019-05-15,5,37122.8,100
2019-05-15,6,38840.6,102
2019-05-15,7,39410.6,103
2019-05-15,8,42279.0,106
2019-05-15,9,42279.0,106
2019-05-15,10,44013.0,107
2019-05-15,11,45101.1,109
2019-05-15,12,46253.9,110
2019-05-15,13,48104.7,111
2019-05-15,14,52113.1,112
2019-05-15,15,50807.8,108
2019-05-15,16,50111.1,108
2019-05-15,17,50431.5,110
2019-05-15,18,50431.5,110
2019-05-15,19,47748.4,107
2019-05-15,20,46561.6,106
2019-05-15,21,45758.4,105
2019-05-15,22,39354.5,102
2019-05-15,23,35790.1,97
2019-05-16,0,34850.5,96
2019-05-16,1,29993.0,92
2019-05-16,2,29993.0,92
2019-05-16,3,28618.1,89
2019-05-16,4,33403.8,95
2019-05-16,5,35790.1,97
2019-05-16,6,38924.6,101
2019-05-16,7,39494.6,102
2019-05-16,8,39494.6,102
2019-05-16,9,40511.0,102
2019-05-16,10,40681.4,103
2019-05-16,11,43740.0,106
2019-05-16,12,43740.0,106
2019-05-16,13,46148.7,109
2019-05-16,14,46951.9,110
2019-05-16,15,46951.9,110
2019-05-16,16,46951.9,110
2019-05-16,17,46951.9,110
2019-05-16,18,46148.7,109
2019-05-16,19,43619.8,107
2019-05-16,20,43619.8,107
2019-05-16,21,41826.8,105
2019-05-16,22,34760.2,97
2019-05-16,23,30251.2,92
2019-05-17,0,28129.2,88
2019-05-17,1,24867.0,82
2019-05-17,2,24701.4,81
2019-05-17,3,26748.7,87
2019-05-17,4,30227.5,92
2019-05-17,5,32078.3,93
2019-05-17,6,34563.1,95
2019-05-17,7,35098.6,96
2019-05-17,8,37106.1,99
2019-05-17,9,38840.1,100
2019-05-17,10,39763.9,101
2019-05-17,11,42275.3,104
2019-05-17,12,43078.5,105
2019-05-17,13,45270.3,108
2019-05-17,14,46148.7,109
2019-05-17,15,46148.7,109
2019-05-17,16,46148.7,109
2019-05-17,17,46148.7,109
2019-05-17,18,45270.3,108
2019-05-17,19,43419.5,107
2019-05-17,20,43419.5,107
2019-05-17,21,42741.4,106
2019-05-17,22,37704.3,101
2019-05-17,23,34312.1,98
2019-05-18,0,32077.1,94
2019-05-18,1,30071.7,91
2019-05-18,2,29139.7,90
2019-05-18,3,28252.1,87
2019-05-18,4,28604.2,89
2019-05-18,5,28604.2,89
2019-05-18,6,31963.1,94
2019-05-18,7,33222.5,96
2019-05-18,8,36751.9,98
2019-05-18,9,36751.9,98
2019-05-18,10,36946.3,97
2019-05-18,11,38444.9,99
2019-05-18,12,38268.0,98
2019-05-18,13,36546.2,97
2019-05-18,14,36715.7,98
2019-05-18,15,36881.3,99
2019-05-18,16,37031.3,100
2019-05-18,17,37031.3,100
2019-05-18,18,37945.9,101
2019-05-18,19,38607.4,102
2019-05-18,20,38607.4,102
2019-05-18,21,37755.2,101
2019-05-18,22,37755.2,101
2019-05-18,23,36245.6,99
2019-05-19,0,35584.1,98
2019-05-19,1,34124.7,96
2019-05-19,2,34124.7,96
2019-05-19,3,34124.7,96
2019-05-19,4,35584.1,98
2019-05-19,5,35584.1,98
2019-05-19,6,38165.2,102
2019-05-19,7,40030.1,104
2019-05-19,8,40833.3,105
2019-05-19,9,42684.1,106
2019-05-19,10,42684.1,106
2019-05-19,11,46692.5,107
2019-05-19,12,46542.5,106
2019-05-19,13,46360.8,105
2019-05-19,14,48094.8,106
2019-05-19,15,48276.5,107
2019-05-19,16,48276.5,107
2019-05-19,17,48276.5,107
2019-05-19,18,47598.4,106
2019-05-19,19,45864.4,105
2019-05-19,20,45864.4,105
2019-05-19,21,44267.6,103
2019-05-19,22,38020.7,100
2019-05-19,23,34740.7,97
2019-05-20,0,32889.9,96
2019-05-20,1,31665.0,94
2019-05-20,2,30350.8,91
2019-05-20,3,30725.4,93
2019-05-20,4,34312.1,98
2019-05-20,5,37031.3,100
2019-05-20,6,36715.7,98
2019-05-20,7,38765.3,101
2019-05-20,8,41144.6,104
2019-05-20,9,42741.4,106
2019-05-20,10,45101.1,109
2019-05-20,11,50274.3,110
2019-05-20,12,52767.0,113
2019-05-20,13,54617.8,114
2019-05-20,14,55700.0,115
2019-05-20,15,58079.6,116
2019-05-20,16,58079.6,116
2019-05-20,17,55700.0,115
2019-05-20,18,54847.8,114
2019-05-20,19,54044.6,113
2019-05-20,20,54044.6,113
2019-05-20,21,44746.4,107
2019-05-20,22,41724.0,104
2019-05-20,23,35327.1,96
2019-05-21,0,35477.1,97
2019-05-21,1,33111.7,95
2019-05-21,2,33111.7,95
2019-05-21,3,31934.9,93
2019-05-21,4,34775.2,97
2019-05-21,5,35310.7,98
2019-05-21,6,37106.1,99
2019-05-21,7,37106.1,99
2019-05-21,8,36956.1,98
2019-05-21,9,37870.7,99
2019-05-21,10,39981.3,101
2019-05-21,11,40465.1,101
2019-05-21,12,41344.5,104
2019-05-21,13,45352.9,105
2019-05-21,14,47086.9,106
2019-05-21,15,48067.8,107
2019-05-21,16,47917.8,106
2019-05-21,17,49158.6,107
2019-05-21,18,47126.1,105
2019-05-21,19,45693.9,107
2019-05-21,20,45693.9,107
2019-05-21,21,41685.5,106
2019-05-21,22,36560.5,101
2019-05-21,23,36150.5,100
2019-05-22,0,35210.9,99
2019-05-22,1,30155.8,92
2019-05-22,2,30155.8,92
2019-05-22,3,32996.1,96
2019-05-22,4,36452.1,99
2019-05-22,5,40460.5,100
2019-05-22,6,40460.5,100
2019-05-22,7,42194.5,101
2019-05-22,8,43567.7,103
2019-05-22,9,44882.5,104
2019-05-22,10,46730.8,106
2019-05-22,11,48064.6,108
2019-05-22,12,49915.4,109
2019-05-22,13,51983.7,111
2019-05-22,14,53465.0,113
2019-05-22,15,53465.0,113
2019-05-22,16,53465.0,113
2019-05-22,17,52612.8,112
2019-05-22,18,52612.8,112
2019-05-22,19,49741.3,109
2019-05-22,20,49741.3,109
2019-05-22,21,47748.4,107
2019-05-22,22,42553.2,105
2019-05-22,23,39184.7,100
2019-05-23,0,35164.5,96
2019-05-23,1,34475.1,95
2019-05-23,2,31966.3,93
2019-05-23,3,31816.3,92
2019-05-23,4,34907.1,96
2019-05-23,5,36166.5,98
2019-05-23,6,37106.1,99
2019-05-23,7,39754.7,101
2019-05-23,8,42821.3,105
2019-05-23,9,44136.1,106
2019-05-23,10,48144.5,107
2019-05-23,11,49425.7,107
2019-05-23,12,51107.3,109
2019-05-23,13,53486.9,110
2019-05-23,14,56017.8,113
2019-05-23,15,56017.8,113
2019-05-23,16,57320.6,115
2019-05-23,17,57599.6,115
2019-05-23,18,55220.0,114
2019-05-23,19,55220.0,114
2019-05-23,20,55220.0,114
2019-05-23,21,51836.9,111
2019-05-23,22,46411.5,106
2019-05-23,23,38532.1,101
2019-05-24,0,38100.1,100
2019-05-24,1,37185.5,99
2019-05-24,2,36708.1,98
2019-05-24,3,33101.6,93
2019-05-24,4,33853.4,96
2019-05-24,5,34963.4,98
2019-05-24,6,37294.3,100
2019-05-24,7,39952.1,102
2019-05-24,8,43009.5,106
2019-05-24,9,44324.3,107
2019-05-24,10,46175.1,108
2019-05-24,11,50593.5,110
2019-05-24,12,51396.7,111
2019-05-24,13,52275.1,112
2019-05-24,14,53465.0,113
2019-05-24,15,53465.0,113
2019-05-24,16,53465.0,113
2019-05-24,17,53465.0,113
2019-05-24,18,51422.9,111
2019-05-24,19,50236.1,110
2019-05-24,20,48754.8,108
2019-05-24,21,43431.6,106
2019-05-24,22,39904.6,103
2019-05-24,23,34757.1,95
2019-05-25,0,33827.2,93
2019-05-25,1,28930.4,88
2019-05-25,2,28930.4,88
2019-05-25,3,28265.0,88
2019-05-25,4,29362.4,89
2019-05-25,5,29180.7,88
2019-05-25,6,34051.3,96
2019-05-25,7,35846.7,97
2019-05-25,8,39411.3,100
2019-05-25,9,41156.7,102
2019-05-25,10,44505.4,106
2019-05-25,11,45793.8,108
2019-05-25,12,49802.2,109
2019-05-25,13,50119.4,107
2019-05-25,14,51283.5,111
2019-05-25,15,51283.5,111
2019-05-25,16,51283.5,111
2019-05-25,17,51283.5,111
2019-05-25,18,47275.1,110
2019-05-25,19,46471.9,109
2019-05-25,20,45285.1,108
2019-05-25,21,42553.2,105
2019-05-25,22,37750.5,100
2019-05-25,23,33539.3,95
2019-05-26,0,32510.4,93
2019-05-26,1,31823.6,92
2019-05-26,2,32255.6,93
2019-05-26,3,28060.9,87
2019-05-26,4,28060.9,87
2019-05-26,5,28230.4,88
2019-05-26,6,31117.2,90
2019-05-26,7,33403.4,94
2019-05-26,8,37338.8,98
2019-05-26,9,38355.7,99
2019-05-26,10,41928.1,102
2019-05-26,11,43740.0,106
2019-05-26,12,45421.6,108
2019-05-26,13,46786.3,109
2019-05-26,14,47976.2,110
2019-05-26,15,47976.2,110
2019-05-26,16,47976.2,110
2019-05-26,17,48141.8,111
2019-05-26,18,46951.9,110
2019-05-26,19,44423.0,108
2019-05-26,20,44423.0,108
2019-05-26,21,41554.6,105
2019-05-26,22,37205.1,100
2019-05-26,23,33206.9,96
2019-05-27,0,31387.7,93
2019-05-27,1,28852.3,89
2019-05-27,2,28500.2,87
2019-05-27,3,28500.2,87
2019-05-27,4,28670.6,88
2019-05-27,5,28670.6,88
2019-05-27,6,31729.7,92
2019-05-27,7,34597.9,97
2019-05-27,8,38998.5,101
2019-05-27,9,40185.3,102
2019-05-27,10,43009.5,106
2019-05-27,11,45270.3,108
2019-05-27,12,46073.5,109
2019-05-27,13,46951.9,110
2019-05-27,14,50960.3,111
2019-05-27,15,50960.3,111
2019-05-27,16,50644.7,109
2019-05-27,17,50644.7,109
2019-05-27,18,50007.1,109
2019-05-27,19,48306.3,109
2019-05-27,20,48306.3,109
2019-05-27,21,44297.9,108
2019-05-27,22,38251.5,101
2019-05-27,23,34312.1,98
2019-05-28,0,31725.0,92
2019-05-28,1,28998.1,88
2019-05-28,2,27909.9,87
2019-05-28,3,29350.2,90
2019-05-28,4,32652.5,95
2019-05-28,5,34447.9,96
2019-05-28,6,36331.9,98
2019-05-28,7,38756.1,101
2019-05-28,8,42023.0,105
2019-05-28,9,43873.8,106
2019-05-28,10,47882.2,107
2019-05-28,11,48566.9,105
2019-05-28,12,48748.6,106
2019-05-28,13,49836.700000000004,108
2019-05-28,14,51026.6,109
2019-05-28,15,51347.0,111
2019-05-28,16,51347.0,111
2019-05-28,17,51347.0,111
2019-05-28,18,51347.0,111
2019-05-28,19,49496.2,110
2019-05-28,20,49496.2,110
2019-05-28,21,49496.2,110
2019-05-28,22,46749.8,107
2019-05-28,23,39820.6,104
2019-05-29,0,39820.6,104
2019-05-29,1,35803.1,99
2019-05-29,2,35089.7,98
2019-05-29,3,35089.7,98
2019-05-29,4,38093.6,102
2019-05-29,5,40630.8,104
2019-05-29,6,44639.2,105
2019-05-29,7,44639.2,105
2019-05-29,8,46490.0,106
2019-05-29,9,47168.1,107
2019-05-29,10,48970.3,109
2019-05-29,11,50926.3,111
2019-05-29,12,50926.3,111
2019-05-29,13,52116.200000000004,112
2019-05-29,14,51264.0,111
2019-05-29,15,51264.0,111
2019-05-29,16,51264.0,111
2019-05-29,17,50074.1,110
2019-05-29,18,49270.9,109
2019-05-29,19,48392.5,108
2019-05-29,20,48392.5,108
2019-05-29,21,46658.5,107
2019-05-29,22,41972.0,105
2019-05-29,23,38374.5,100
2019-05-30,0,36523.7,99
2019-05-30,1,35064.4,97
2019-05-30,2,34124.8,96
2019-05-30,3,35230.3,98
2019-05-30,4,39238.7,99
2019-05-30,5,41555.6,102
2019-05-30,6,42479.4,103
2019-05-30,7,43666.2,104
2019-05-30,8,43666.2,104
2019-05-30,9,45283.9,106
2019-05-30,10,47017.9,107
2019-05-30,11,48699.5,109
2019-05-30,12,48699.5,109
2019-05-30,13,50550.3,110
2019-05-30,14,50550.3,110
2019-05-30,15,50550.3,110
2019-05-30,16,50550.3,110
2019-05-30,17,50550.3,110
2019-05-30,18,48190.6,107
2019-05-30,19,47338.4,106
2019-05-30,20,46151.6,105
2019-05-30,21,45490.1,104
2019-05-30,22,39747.7,102
2019-05-30,23,39747.7,102
2019-05-31,0,37012.7,100
2019-05-31,1,35161.9,99
2019-05-31,2,35186.9,99
2019-05-31,3,36982.3,100
2019-05-31,4,39136.0,103
2019-05-31,5,40986.8,104
2019-05-31,6,39904.6,103
2019-05-31,7,41497.3,105
2019-05-31,8,45505.7,106
2019-05-31,9,45505.7,106
2019-05-31,10,47570.9,108
2019-05-31,11,47570.9,108
2019-05-31,12,49304.9,109
2019-05-31,13,50157.1,110
2019-05-31,14,50960.3,111
2019-05-31,15,50960.3,111
2019-05-31,16,50960.3,111
2019-05-31,17,50157.1,110
2019-05-31,18,50157.1,110
2019-05-31,19,48600.6,108
2019-05-31,20,46339.8,106
2019-05-31,21,46339.8,106
2019-05-31,22,41144.6,104
2019-05-31,23,37916.8,101
2019-06-01,0,36263.8,99
2019-06-01,1,33411.4,95
2019-06-01,2,32496.8,94
2019-06-01,3,32496.8,94
2019-06-01,4,33436.4,95
2019-06-01,5,36523.7,99
2019-06-01,6,38360.6,101
2019-06-01,7,43683.8,103
2019-06-01,8,45746.0,106
2019-06-01,9,48283.2,108
2019-06-01,10,51026.5,111
2019-06-01,11,51795.1,111
2019-06-01,12,51795.1,111
2019-06-01,13,53788.2,113
2019-06-01,14,53788.2,113
2019-06-01,15,53788.2,113
2019-06-01,16,53788.2,113
2019-06-01,17,53788.2,113
2019-06-01,18,50619.7,110
2019-06-01,19,47420.9,107
2019-06-01,20,46692.5,107
2019-06-01,21,46692.5,107
2019-06-01,22,41497.3,105
2019-06-01,23,40819.2,104
2019-06-02,0,36681.4,100
2019-06-02,1,30957.5,94
2019-06-02,2,30708.5,93
2019-06-02,3,30957.5,94
2019-06-02,4,30957.5,94
2019-06-02,5,33442.3,96
2019-06-02,6,35296.5,98
2019-06-02,7,38355.9,102
2019-06-02,8,42364.3,103
2019-06-02,9,43829.0,105
2019-06-02,10,47427.9,108
2019-06-02,11,48231.1,109
2019-06-02,12,48231.1,109
2019-06-02,13,50299.4,111
2019-06-02,14,52150.200000000004,112
2019-06-02,15,52150.200000000004,112
2019-06-02,16,52150.200000000004,112
2019-06-02,17,52150.200000000004,112
2019-06-02,18,52150.200000000004,112
2019-06-02,19,50108.1,110
2019-06-02,20,49304.9,109
2019-06-02,21,48426.5,108
2019-06-02,22,44287.4,104
2019-06-02,23,40279.0,103
2019-06-03,0,35693.2,100
2019-06-03,1,35693.2,100
2019-06-03,2,34979.8,99
2019-06-03,3,36775.2,100
2019-06-03,4,38638.6,102
2019-06-03,5,39814.0,103
2019-06-03,6,41330.6,105
2019-06-03,7,46191.2,107
2019-06-03,8,48803.6,109
2019-06-03,9,50796.5,111
2019-06-03,10,52789.6,113
2019-06-03,11,54640.4,114
2019-06-03,12,57020.0,115
2019-06-03,13,56870.0,114
2019-06-03,14,59129.6,114
2019-06-03,15,59129.6,114
2019-06-03,16,58570.6,113
2019-06-03,17,57922.5,113
2019-06-03,18,58274.6,115
2019-06-03,19,55432.4,112
2019-06-03,20,55432.4,112
2019-06-03,21,54117.6,111
2019-06-03,22,47257.6,106
2019-06-03,23,41915.4,103
2019-06-04,0,38467.0,100
2019-06-04,1,37093.8,98
2019-06-04,2,37093.8,98
2019-06-04,3,36558.3,97
2019-06-04,4,39135.1,100
2019-06-04,5,39135.1,100
2019-06-04,6,45474.4,103
2019-06-04,7,46847.6,105
2019-06-04,8,46847.6,105
2019-06-04,9,48581.6,106
2019-06-04,10,50062.9,108
2019-06-04,11,51512.8,109
2019-06-04,12,51662.8,110
2019-06-04,13,51497.2,109
2019-06-04,14,51497.2,109
2019-06-04,15,50953.8,108
2019-06-04,16,49743.5,107
2019-06-04,17,48821.200000000004,106
2019-06-04,18,48659.9,105
2019-06-04,19,47075.9,105
2019-06-04,20,47257.6,106
2019-06-04,21,47257.6,106
2019-06-04,22,45672.3,104
2019-06-04,23,39134.7,99
2019-06-05,0,38195.1,98
2019-06-05,1,36344.3,97
2019-06-05,2,37268.1,98
2019-06-05,3,37268.1,98
2019-06-05,4,41349.2,102
2019-06-05,5,43574.6,105
2019-06-05,6,46727.4,106
2019-06-05,7,47880.2,107
2019-06-05,8,47880.2,107
2019-06-05,9,47880.2,107
2019-06-05,10,49614.2,108
2019-06-05,11,50024.2,109
2019-06-05,12,50024.2,109
2019-06-05,13,53061.8,111
2019-06-05,14,50631.8,110
2019-06-05,15,50631.8,110
2019-06-05,16,50631.8,110
2019-06-05,17,50631.8,110
2019-06-05,18,50631.8,110
2019-06-05,19,48781.0,109
2019-06-05,20,47902.6,108
2019-06-05,21,47902.6,108
2019-06-05,22,46168.6,107
2019-06-05,23,40204.2,104
2019-06-06,0,40204.2,104
2019-06-06,1,38447.4,102
2019-06-06,2,36846.3,100
2019-06-06,3,36846.3,100
2019-06-06,4,40332.8,104
2019-06-06,5,40902.8,105
2019-06-06,6,44911.2,106
2019-06-06,7,46645.2,107
2019-06-06,8,48201.7,109
2019-06-06,9,49516.5,110
2019-06-06,10,51367.3,111
2019-06-06,11,53360.4,113
2019-06-06,12,56915.4,115
2019-06-06,13,56915.4,115
2019-06-06,14,57020.0,115
2019-06-06,15,57020.0,115
2019-06-06,16,57020.0,115
2019-06-06,17,53788.2,113
2019-06-06,18,52598.3,112
2019-06-06,19,50747.5,111
2019-06-06,20,49065.9,109
2019-06-06,21,47751.1,108
2019-06-06,22,47073.0,107
2019-06-06,23,41330.6,105
2019-06-07,0,40391.0,104
2019-06-07,1,36953.0,100
2019-06-07,2,36038.4,99
2019-06-07,3,37497.8,101
2019-06-07,4,38437.4,102
2019-06-07,5,40155.2,104
2019-06-07,6,42767.7,107
2019-06-07,7,46776.1,108
2019-06-07,8,47654.5,109
2019-06-07,9,50541.3,111
2019-06-07,10,51344.5,112
2019-06-07,11,52534.4,113
2019-06-07,12,54385.200000000004,114
2019-06-07,13,56075.200000000004,115
2019-06-07,14,58454.8,116
2019-06-07,15,58454.8,116
2019-06-07,16,58454.8,116
2019-06-07,17,58454.8,116
2019-06-07,18,56764.8,115
2019-06-07,19,55912.6,114
2019-06-07,20,55109.4,113
2019-06-07,21,53919.5,112
2019-06-07,22,50353.1,110
2019-06-07,23,45909.8,106
2019-06-08,0,40248.4,103
2019-06-08,1,40248.4,103
2019-06-08,2,38213.7,100
2019-06-08,3,36362.9,99
2019-06-08,4,36362.9,99
2019-06-08,5,38875.2,101
2019-06-08,6,41331.4,104
2019-06-08,7,45339.8,105
2019-06-08,8,48522.2,108
2019-06-08,9,51205.3,111
2019-06-08,10,53195.3,113
2019-06-08,11,55700.0,115
2019-06-08,12,57390.0,116
2019-06-08,13,58565.4,117
2019-06-08,14,60945.0,118
2019-06-08,15,60945.0,118
2019-06-08,16,60945.0,118
2019-06-08,17,60945.0,118
2019-06-08,18,60945.0,118
2019-06-08,19,57404.2,116
2019-06-08,20,55132.1,114
2019-06-08,21,53476.7,112
2019-06-08,22,49910.3,110
2019-06-08,23,47442.7,108
2019-06-09,0,41816.6,105
2019-06-09,1,41922.0,104
2019-06-09,2,36930.3,99
2019-06-09,3,35134.9,98
2019-06-09,4,35134.9,98
2019-06-09,5,36074.5,99
2019-06-09,6,39587.7,102
2019-06-09,7,43596.1,103
2019-06-09,8,47440.0,107
2019-06-09,9,49445.0,109
2019-06-09,10,55004.5,113
2019-06-09,11,55004.5,113
2019-06-09,12,55004.5,113
2019-06-09,13,55004.5,113
2019-06-09,14,53831.8,113
2019-06-09,15,53831.8,113
2019-06-09,16,53831.8,113
2019-06-09,17,51452.200000000004,112
2019-06-09,18,51452.200000000004,112
2019-06-09,19,49109.5,110
2019-06-09,20,49109.5,110
2019-06-09,21,47427.9,108
2019-06-09,22,40498.7,105
2019-06-09,23,37031.3,100
2019-06-10,0,35235.9,99
2019-06-10,1,33813.7,97
2019-06-10,2,33813.7,97
2019-06-10,3,33112.6,95
2019-06-10,4,33278.2,96
2019-06-10,5,35129.0,97
2019-06-10,6,35664.5,98
2019-06-10,7,38263.1,100
2019-06-10,8,41212.4,104
2019-06-10,9,41212.4,104
2019-06-10,10,46954.8,106
2019-06-10,11,46954.8,106
2019-06-10,12,47063.5,104
2019-06-10,13,48895.1,109
2019-06-10,14,49773.5,110
2019-06-10,15,49773.5,110
2019-06-10,16,49773.5,110
2019-06-10,17,49773.5,110
2019-06-10,18,48970.3,109
2019-06-10,19,46241.1,107
2019-06-10,20,46241.1,107
2019-06-10,21,47393.9,108
2019-06-10,22,45659.9,107
2019-06-10,23,41651.5,106
2019-06-11,0,39559.1,104
2019-06-11,1,36797.3,100
2019-06-11,2,35280.7,98
2019-06-11,3,36083.9,99
2019-06-11,4,38306.9,102
2019-06-11,5,40819.2,104
2019-06-11,6,41972.0,105
2019-06-11,7,41972.0,105
2019-06-11,8,45980.4,106
2019-06-11,9,45980.4,106
2019-06-11,10,46561.6,106
2019-06-11,11,47239.7,107
2019-06-11,12,47239.7,107
2019-06-11,13,47239.7,107
2019-06-11,14,46919.3,105
2019-06-11,15,47239.7,107
2019-06-11,16,48118.1,108
2019-06-11,17,44109.7,107
2019-06-11,18,44109.7,107
2019-06-11,19,42375.7,106
2019-06-11,20,42375.7,106
2019-06-11,21,42375.7,106
2019-06-11,22,41497.3,105
2019-06-11,23,38784.5,101
2019-06-12,0,35138.3,99
2019-06-12,1,35138.3,99
2019-06-12,2,33477.7,97
2019-06-12,3,34392.3,98
2019-06-12,4,36933.7,100
2019-06-12,5,38589.1,102
2019-06-12,6,39159.1,103
2019-06-12,7,43167.5,104
2019-06-12,8,44354.3,105
2019-06-12,9,44354.3,105
2019-06-12,10,46749.8,107
2019-06-12,11,48306.3,109
2019-06-12,12,49109.5,110
2019-06-12,13,50960.3,111
2019-06-12,14,52150.200000000004,112
2019-06-12,15,52150.200000000004,112
2019-06-12,16,52150.200000000004,112
2019-06-12,17,52150.200000000004,112
2019-06-12,18,51298.0,111
2019-06-12,19,49304.9,109
2019-06-12,20,48118.1,108
2019-06-12,21,48118.1,108
2019-06-12,22,45706.0,106
2019-06-12,23,44024.4,104
2019-06-13,0,39076.4,102
2019-06-13,1,36564.1,100
2019-06-13,2,35280.7,98
2019-06-13,3,35280.7,98
2019-06-13,4,37595.2,101
2019-06-13,5,40927.3,104
2019-06-13,6,41497.3,105
2019-06-13,7,45505.7,106
2019-06-13,8,45505.7,106
2019-06-13,9,48118.1,108
2019-06-13,10,49304.9,109
2019-06-13,11,50619.7,110
2019-06-13,12,51422.9,111
2019-06-13,13,53465.0,113
2019-06-13,14,53465.0,113
2019-06-13,15,53465.0,113
2019-06-13,16,53465.0,113
2019-06-13,17,53465.0,113
2019-06-13,18,52275.1,112
2019-06-13,19,49545.9,110
2019-06-13,20,47811.9,109
2019-06-13,21,45669.1,106
2019-06-13,22,40063.9,103
2019-06-13,23,37834.5,101
2019-06-14,0,34410.1,98
2019-06-14,1,32019.1,94
2019-06-14,2,32019.1,94
2019-06-14,3,30937.1,92
2019-06-14,4,32953.5,94
2019-06-14,5,33885.5,95
2019-06-14,6,37459.9,99
2019-06-14,7,39177.7,101
2019-06-14,8,42143.2,104
2019-06-14,9,46151.6,105
2019-06-14,10,48141.6,107
2019-06-14,11,49301.8,106
2019-06-14,12,51734.4,111
2019-06-14,13,52909.8,112
2019-06-14,14,53788.2,113
2019-06-14,15,53788.2,113
2019-06-14,16,53788.2,113
2019-06-14,17,53788.2,113
2019-06-14,18,52598.3,112
2019-06-14,19,49944.3,110
2019-06-14,20,49944.3,110
2019-06-14,21,45935.9,109
2019-06-14,22,41727.9,104
2019-06-14,23,36535.7,98
2019-06-15,0,36535.7,98
2019-06-15,1,35415.7,97
2019-06-15,2,32576.2,94
2019-06-15,3,31577.6,94
2019-06-15,4,31577.6,94
2019-06-15,5,31427.6,93
2019-06-15,6,35167.9,98
2019-06-15,7,38644.7,101
2019-06-15,8,42333.9,104
2019-06-15,9,47003.8,106
2019-06-15,10,48703.1,107
2019-06-15,11,50443.5,109
2019-06-15,12,51246.7,110
2019-06-15,13,53300.5,112
2019-06-15,14,53450.5,113
2019-06-15,15,57020.0,115
2019-06-15,16,57020.0,115
2019-06-15,17,55830.1,114
2019-06-15,18,54977.9,113
2019-06-15,19,52598.3,112
2019-06-15,20,50747.5,111
2019-06-15,21,49944.3,110
2019-06-15,22,44379.4,107
2019-06-15,23,40669.1,104
2019-06-16,0,42022.0,104
2019-06-16,1,37080.6,98
2019-06-16,2,35229.8,97
2019-06-16,3,32864.4,95
2019-06-16,4,31236.4,93
2019-06-16,5,31236.4,93
2019-06-16,6,31949.8,94
2019-06-16,7,38280.5,101
2019-06-16,8,39745.2,103
2019-06-16,9,41475.8,105
2019-06-16,10,45484.2,106
2019-06-16,11,45484.2,106
2019-06-16,12,47812.0,107
2019-06-16,13,47812.0,107
2019-06-16,14,45527.8,105
2019-06-16,15,45527.8,105
2019-06-16,16,46625.2,106
2019-06-16,17,47184.2,107
2019-06-16,18,45450.2,106
2019-06-16,19,45450.2,106
2019-06-16,20,44571.8,105
2019-06-16,21,44571.8,105
2019-06-16,22,38179.1,101
2019-06-16,23,36582.1,98
2019-06-17,0,32725.8,93
2019-06-17,1,28719.0,90
2019-06-17,2,29580.0,91
2019-06-17,3,31236.9,94
2019-06-17,4,34685.3,97
2019-06-17,5,37710.5,100
2019-06-17,6,38942.0,102
2019-06-17,7,40792.8,103
2019-06-17,8,42006.0,105
2019-06-17,9,42006.0,105
2019-06-17,10,42006.0,105
2019-06-17,11,47329.2,107
2019-06-17,12,48482.0,108
2019-06-17,13,51990.5,111
2019-06-17,14,54510.1,114
2019-06-17,15,56889.7,115
2019-06-17,16,56889.7,115
2019-06-17,17,56889.7,115
2019-06-17,18,56889.7,115
2019-06-17,19,54899.7,113
2019-06-17,20,52520.1,112
2019-06-17,21,52520.1,112
2019-06-17,22,47960.0,108
2019-06-17,23,42636.8,106
2019-06-18,0,39963.2,104
2019-06-18,1,37649.5,101
2019-06-18,2,36012.3,99
2019-06-18,3,36936.1,100
2019-06-18,4,39820.6,104
2019-06-18,5,40498.7,105
2019-06-18,6,46241.1,107
2019-06-18,7,46241.1,107
2019-06-18,8,48306.3,109
2019-06-18,9,48306.3,109
2019-06-18,10,50284.9,111
2019-06-18,11,51599.7,112
2019-06-18,12,53450.5,113
2019-06-18,13,57020.0,115
2019-06-18,14,57020.0,115
2019-06-18,15,59450.0,116
2019-06-18,16,59450.0,116
2019-06-18,17,57599.2,115
2019-06-18,18,57599.2,115
2019-06-18,19,56796.0,114
2019-06-18,20,55609.2,113
2019-06-18,21,53229.6,112
2019-06-18,22,47163.8,106
2019-06-18,23,44925.2,104
2019-06-19,0,39977.2,102
2019-06-19,1,36697.2,99
2019-06-19,2,36213.5,98
2019-06-19,3,35361.3,97
2019-06-19,4,37212.1,98
2019-06-19,5,38294.1,98
2019-06-19,6,41354.6,102
2019-06-19,7,43717.6,105
2019-06-19,8,47726.0,106
2019-06-19,9,50612.8,108
2019-06-19,10,53679.5,112
2019-06-19,11,57373.9,114
2019-06-19,12,59750.6,116
2019-06-19,13,60832.8,117
2019-06-19,14,62522.8,118
2019-06-19,15,63375.0,119
2019-06-19,16,63375.0,119
2019-06-19,17,63375.0,119
2019-06-19,18,61685.0,118
2019-06-19,19,59834.2,117
2019-06-19,20,59834.2,117
2019-06-19,21,59834.2,117
2019-06-19,22,53355.3,113
2019-06-19,23,50084.5,110
2019-06-20,0,46076.1,109
2019-06-20,1,42250.6,105
2019-06-20,2,39936.1,102
2019-06-20,3,39936.1,102
2019-06-20,4,41589.1,104
2019-06-20,5,42250.6,105
2019-06-20,6,42250.6,105
2019-06-20,7,46259.0,106
2019-06-20,8,49474.3,109
2019-06-20,9,52477.9,111
2019-06-20,10,55721.6,114
2019-06-20,11,59416.0,116
2019-06-20,12,59416.0,116
2019-06-20,13,60602.8,117
2019-06-20,14,60602.8,117
2019-06-20,15,60602.8,117
2019-06-20,16,60602.8,117
2019-06-20,17,60602.8,117
2019-06-20,18,60602.8,117
2019-06-20,19,58172.8,116
2019-06-20,20,58172.8,116
2019-06-20,21,56982.9,115
2019-06-20,22,51471.9,111
2019-06-20,23,44182.2,106
2019-06-21,0,40652.8,104
2019-06-21,1,38802.0,103
2019-06-21,2,37225.9,101
2019-06-21,3,39021.3,102
2019-06-21,4,40423.6,101
2019-06-21,5,40253.2,100
2019-06-21,6,42331.4,105
2019-06-21,7,44860.3,107
2019-06-21,8,49727.1,112
2019-06-21,9,53735.5,113
2019-06-21,10,54910.9,114
2019-06-21,11,56635.700000000004,116
2019-06-21,12,60097.5,118
2019-06-21,13,60097.5,118
2019-06-21,14,60097.5,118
2019-06-21,15,60097.5,118
2019-06-21,16,60097.5,118
2019-06-21,17,60097.5,118
2019-06-21,18,60097.5,118
2019-06-21,19,58865.3,116
2019-06-21,20,58172.8,116
2019-06-21,21,52564.3,112
2019-06-21,22,48555.9,111
2019-06-21,23,43868.0,106
2019-06-22,0,42953.4,105
2019-06-22,1,37571.5,99
2019-06-22,2,37571.5,99
2019-06-22,3,34836.5,97
2019-06-22,4,34836.5,97
2019-06-22,5,34836.5,97
2019-06-22,6,37571.5,99
2019-06-22,7,41479.5,103
2019-06-22,8,45549.6,108
2019-06-22,9,47588.6,110
2019-06-22,10,49968.2,111
2019-06-22,11,52333.5,113
2019-06-22,12,53011.6,114
2019-06-22,13,53011.6,114
2019-06-22,14,53011.6,114
2019-06-22,15,55705.2,114
2019-06-22,16,55705.2,114
2019-06-22,17,53325.6,113
2019-06-22,18,54478.4,114
2019-06-22,19,52627.6,113
2019-06-22,20,52627.6,113
2019-06-22,21,49756.1,110
2019-06-22,22,44594.9,108
2019-06-22,23,40866.7,103
2019-06-23,0,40866.7,103
2019-06-23,1,36724.3,99
2019-06-23,2,36724.3,99
2019-06-23,3,35532.8,95
2019-06-23,4,35884.9,97
2019-06-23,5,35884.9,97
2019-06-23,6,37318.5,98
2019-06-23,7,41519.9,103
2019-06-23,8,44860.3,107
2019-06-23,9,45322.9,107
2019-06-23,10,49331.3,108
2019-06-23,11,50506.7,109
2019-06-23,12,51696.6,110
2019-06-23,13,53378.2,112
2019-06-23,14,55768.8,112
2019-06-23,15,58597.8,115
2019-06-23,16,58597.8,115
2019-06-23,17,57411.0,114
2019-06-23,18,57411.0,114
2019-06-23,19,57912.0,115
2019-06-23,20,56722.1,114
2019-06-23,21,52753.3,111
2019-06-23,22,50373.7,110
2019-06-23,23,45163.7,108
2019-06-24,0,42463.8,105
2019-06-24,1,39333.5,101
2019-06-24,2,37538.1,100
2019-06-24,3,37538.1,100
2019-06-24,4,39333.5,101
2019-06-24,5,39995.0,102
2019-06-24,6,40934.6,103
2019-06-24,7,41680.6,104
2019-06-24,8,42250.6,105
2019-06-24,9,43403.4,106
2019-06-24,10,43403.4,106
2019-06-24,11,44590.2,107
2019-06-24,12,48175.0,109
2019-06-24,13,48853.1,110
2019-06-24,14,48853.1,110
2019-06-24,15,49561.1,110
2019-06-24,16,49731.5,111
2019-06-24,17,49731.5,111
2019-06-24,18,47997.5,110
2019-06-24,19,46146.7,109
2019-06-24,20,45468.6,108
2019-06-24,21,43518.7,105
2019-06-24,22,39132.1,101
2019-06-24,23,37889.9,100
2019-06-25,0,35322.3,97
2019-06-25,1,31406.0,92
2019-06-25,2,31406.0,92
2019-06-25,3,33732.6,95
2019-06-25,4,36243.7,98
2019-06-25,5,40804.5,101
2019-06-25,6,46186.1,104
2019-06-25,7,45510.7,104
2019-06-25,8,46172.2,105
2019-06-25,9,47906.2,106
2019-06-25,10,49221.0,107
2019-06-25,11,48612.4,107
2019-06-25,12,48612.4,107
2019-06-25,13,50463.2,108
2019-06-25,14,50463.2,108
2019-06-25,15,51315.4,109
2019-06-25,16,53110.8,110
2019-06-25,17,50680.8,109
2019-06-25,18,48223.9,107
2019-06-25,19,48223.9,107
2019-06-25,20,46231.4,106
2019-06-25,21,44558.1,104
2019-06-25,22,37649.6,100
2019-06-25,23,35548.2,98
2019-06-26,0,32874.6,96
2019-06-26,1,29002.3,90
2019-06-26,2,29537.8,91
2019-06-26,3,31399.7,94
2019-06-26,4,35537.5,98
2019-06-26,5,37375.9,100
2019-06-26,6,43111.1,107
2019-06-26,7,43111.1,107
2019-06-26,8,44961.9,108
2019-06-26,9,47341.5,109
2019-06-26,10,48656.3,110
2019-06-26,11,49905.6,110
2019-06-26,12,50646.3,112
2019-06-26,13,51821.7,113
2019-06-26,14,55830.1,114
2019-06-26,15,55830.1,114
2019-06-26,16,52572.1,112
2019-06-26,17,52572.1,112
2019-06-26,18,50710.1,108
2019-06-26,19,49906.9,107
2019-06-26,20,48387.8,108
2019-06-26,21,47977.8,107
2019-06-26,22,40920.6,104
2019-06-26,23,39335.3,102
2019-06-27,0,35886.9,99
2019-06-27,1,32853.1,95
2019-06-27,2,33566.5,96
2019-06-27,3,36285.7,98
2019-06-27,4,39604.6,102
2019-06-27,5,40920.6,104
2019-06-27,6,45807.4,106
2019-06-27,7,45807.4,106
2019-06-27,8,45746.0,106
2019-06-27,9,48223.200000000004,107
2019-06-27,10,50646.5,110
2019-06-27,11,51599.7,112
2019-06-27,12,53450.5,113
2019-06-27,13,53450.5,113
2019-06-27,14,53300.5,112
2019-06-27,15,53118.8,111
2019-06-27,16,52492.5,110
2019-06-27,17,53130.1,111
2019-06-27,18,51448.5,109
2019-06-27,19,49800.9,109
2019-06-27,20,51746.3,111
2019-06-27,21,50216.0,109
2019-06-27,22,42936.8,105
2019-06-27,23,42936.8,105
2019-06-28,0,38467.8,102
2019-06-28,1,37806.3,101
2019-06-28,2,38745.9,102
2019-06-28,3,35859.1,100
2019-06-28,4,38745.9,102
2019-06-28,5,38745.9,102
2019-06-28,6,44549.7,104
2019-06-28,7,44549.7,104
2019-06-28,8,47086.9,106
2019-06-28,9,48262.3,107
2019-06-28,10,51624.7,110
2019-06-28,11,55793.200000000004,115
2019-06-28,12,55793.200000000004,115
2019-06-28,13,58223.200000000004,116
2019-06-28,14,58223.200000000004,116
2019-06-28,15,58223.200000000004,116
2019-06-28,16,58223.200000000004,116
2019-06-28,17,55883.6,114
2019-06-28,18,54693.7,113
2019-06-28,19,52842.9,112
2019-06-28,20,51161.3,110
2019-06-28,21,51636.0,110
2019-06-28,22,49145.8,108
2019-06-28,23,45137.4,107
2019-06-29,0,40597.6,103
2019-06-29,1,39103.8,101
2019-06-29,2,37639.1,99
2019-06-29,3,37639.1,99
2019-06-29,4,38578.7,100
2019-06-29,5,39502.5,101
2019-06-29,6,42250.6,105
2019-06-29,7,48324.2,108
2019-06-29,8,49477.0,109
2019-06-29,9,53061.8,111
2019-06-29,10,56230.1,114
2019-06-29,11,57312.3,115
2019-06-29,12,56753.3,114
2019-06-29,13,56753.3,114
2019-06-29,14,56753.3,114
2019-06-29,15,56753.3,114
2019-06-29,16,55901.1,113
2019-06-29,17,56460.1,114
2019-06-29,18,53931.2,112
2019-06-29,19,52197.2,111
2019-06-29,20,50132.0,109
2019-06-29,21,49722.0,108
2019-06-29,22,48407.2,107
2019-06-29,23,41593.8,103
2019-06-30,0,40654.2,102
2019-06-30,1,36091.2,97
2019-06-30,2,36091.2,97
2019-06-30,3,34295.8,96
2019-06-30,4,33582.4,95
2019-06-30,5,36317.4,97
2019-06-30,6,38700.6,100
2019-06-30,7,39382.4,101
2019-06-30,8,42839.2,104
2019-06-30,9,44402.0,106
2019-06-30,10,44402.0,106
2019-06-30,11,51331.2,109
2019-06-30,12,52646.0,110
2019-06-30,13,50535.4,109
2019-06-30,14,51094.4,110
2019-06-30,15,52624.7,112
2019-06-30,16,52454.3,111
2019-06-30,17,52454.3,111
2019-06-30,18,52122.6,109
2019-06-30,19,49543.4,108
2019-06-30,20,49895.5,110
2019-06-30,21,48161.5,109
2019-06-30,22,46598.7,107
2019-06-30,23,39352.2,102
2019-07-01,0,39352.2,102
2019-07-01,1,36307.5,98
2019-07-01,2,36307.5,98
2019-07-01,3,36307.5,98
2019-07-01,4,37020.9,99
2019-07-01,5,39493.9,102
2019-07-01,6,44733.8,105
2019-07-01,7,44733.8,105
2019-07-01,8,49197.0,108
2019-07-01,9,51525.2,110
2019-07-01,10,53416.5,113
2019-07-01,11,55793.200000000004,115
2019-07-01,12,57613.8,115
2019-07-01,13,58172.8,116
2019-07-01,14,58172.8,116
2019-07-01,15,58172.8,116
2019-07-01,16,58172.8,116
2019-07-01,17,58022.8,115
2019-07-01,18,54791.0,113
2019-07-01,19,52115.9,110
2019-07-01,20,52436.3,112
2019-07-01,21,51260.9,111
2019-07-01,22,43740.0,106
2019-07-01,23,43330.0,105
2019-07-02,0,37026.2,99
2019-07-02,1,33187.6,94
2019-07-02,2,32758.6,94
2019-07-02,3,35022.4,97
2019-07-02,4,36817.8,98
2019-07-02,5,36817.8,98
2019-07-02,6,41060.5,103
2019-07-02,7,41596.0,104
2019-07-02,8,49331.3,108
2019-07-02,9,50183.5,109
2019-07-02,10,51715.1,110
2019-07-02,11,53465.0,113
2019-07-02,12,54640.4,114
2019-07-02,13,54640.4,114
2019-07-02,14,57070.4,115
2019-07-02,15,57070.4,115
2019-07-02,16,58223.200000000004,116
2019-07-02,17,56372.4,115
2019-07-02,18,54229.3,112
2019-07-02,19,52690.4,109
2019-07-02,20,51727.700000000004,110
2019-07-02,21,51199.6,110
2019-07-02,22,42764.5,105
2019-07-02,23,38607.4,99
2019-07-03,0,35440.4,96
2019-07-03,1,31184.2,91
2019-07-03,2,31184.2,91
2019-07-03,3,31616.2,92
2019-07-03,4,37095.9,99
2019-07-03,5,38891.3,100
2019-07-03,6,42269.2,103
2019-07-03,7,42839.2,104
2019-07-03,8,44026.0,105
2019-07-03,9,45340.8,106
2019-07-03,10,45340.8,106
2019-07-03,11,49349.2,107
2019-07-03,12,51083.2,108
2019-07-03,13,52371.6,110
2019-07-03,14,53852.9,112
2019-07-03,15,53852.9,112
2019-07-03,16,53852.9,112
2019-07-03,17,53852.9,112
2019-07-03,18,52646.0,110
2019-07-03,19,50912.0,109
2019-07-03,20,48572.4,107
2019-07-03,21,47257.6,106
2019-07-03,22,40749.3,102
2019-07-03,23,36789.4,98
2019-07-04,0,34767.1,93
2019-07-04,1,34974.0,92
2019-07-04,2,33994.3,93
2019-07-04,3,34562.8,96
2019-07-04,4,35724.2,96
2019-07-04,5,34784.6,95
2019-07-04,6,37269.4,97
2019-07-04,7,38569.6,99
2019-07-04,8,41912.3,104
2019-07-04,9,44307.8,106
2019-07-04,10,46809.4,108
2019-07-04,11,50817.8,109
2019-07-04,12,53471.8,111
2019-07-04,13,55683.3,112
2019-07-04,14,53962.3,113
2019-07-04,15,53962.3,113
2019-07-04,16,53962.3,113
2019-07-04,17,53962.3,113
2019-07-04,18,52111.5,112
2019-07-04,19,50392.8,110
2019-07-04,20,49067.4,108
2019-07-04,21,47489.0,106
2019-07-04,22,44310.2,106
2019-07-04,23,42995.4,105
2019-07-05,0,40260.4,103
2019-07-05,1,35106.5,98
2019-07-05,2,35106.5,98
2019-07-05,3,36046.1,99
2019-07-05,4,36046.1,99
2019-07-05,5,36046.1,99
2019-07-05,6,38765.3,101
2019-07-05,7,42333.9,104
2019-07-05,8,49057.6,108
2019-07-05,9,50948.9,111
2019-07-05,10,53325.6,113
2019-07-05,11,54640.4,114
2019-07-05,12,57020.0,115
2019-07-05,13,57020.0,115
2019-07-05,14,58172.8,116
2019-07-05,15,58172.8,116
2019-07-05,16,58172.8,116
2019-07-05,17,58172.8,116
2019-07-05,18,58172.8,116
2019-07-05,19,54603.3,114
2019-07-05,20,53427.9,113
2019-07-05,21,51746.3,111
2019-07-05,22,49505.4,108
2019-07-05,23,48190.6,107
2019-07-06,0,39657.8,103
2019-07-06,1,38996.3,102
2019-07-06,2,35784.7,98
2019-07-06,3,35784.7,98
2019-07-06,4,35071.3,97
2019-07-06,5,35995.1,98
2019-07-06,6,40597.4,104
2019-07-06,7,43209.8,106
2019-07-06,8,48393.6,108
2019-07-06,9,50244.4,109
2019-07-06,10,53729.7,113
2019-07-06,11,54686.9,113
2019-07-06,12,58102.2,116
2019-07-06,13,58102.2,116
2019-07-06,14,60532.2,117
2019-07-06,15,60532.2,117
2019-07-06,16,59680.0,116
2019-07-06,17,59680.0,116
2019-07-06,18,58493.200000000004,115
2019-07-06,19,53297.4,112
2019-07-06,20,52122.0,111
2019-07-06,21,52122.0,111
2019-07-06,22,49250.5,108
2019-07-06,23,47935.7,107
2019-07-07,0,42987.7,105
2019-07-07,1,39422.8,102
2019-07-07,2,38424.1,100
2019-07-07,3,38424.1,100
2019-07-07,4,38327.7,100
2019-07-07,5,38327.7,100
2019-07-07,6,41240.8,104
2019-07-07,7,44805.7,107
2019-07-07,8,48814.1,108
2019-07-07,9,50548.1,109
2019-07-07,10,52817.1,111
2019-07-07,11,55321.8,113
2019-07-07,12,57701.4,114
2019-07-07,13,59680.0,116
2019-07-07,14,60832.8,117
2019-07-07,15,62522.8,118
2019-07-07,16,62522.8,118
2019-07-07,17,62522.8,118
2019-07-07,18,60832.8,117
2019-07-07,19,59098.8,116
2019-07-07,20,56719.2,115
2019-07-07,21,56719.2,115
2019-07-07,22,52250.9,110
2019-07-07,23,49085.3,108
2019-07-08,0,43924.1,106
2019-07-08,1,42841.9,105
2019-07-08,2,41224.2,103
2019-07-08,3,41224.2,103
2019-07-08,4,43042.2,105
2019-07-08,5,43720.3,106
2019-07-08,6,47728.7,107
2019-07-08,7,49733.700000000004,109
2019-07-08,8,52657.6,111
2019-07-08,9,55311.6,113
2019-07-08,10,60370.2,117
2019-07-08,11,61478.5,118
2019-07-08,12,61478.5,118
2019-07-08,13,62793.3,119
2019-07-08,14,64483.3,120
2019-07-08,15,64483.3,120
2019-07-08,16,62053.3,119
2019-07-08,17,62053.3,119
2019-07-08,18,58105.7,116
2019-07-08,19,57955.7,115
2019-07-08,20,54378.6,113
2019-07-08,21,55234.2,113
2019-07-08,22,51667.8,111
2019-07-08,23,47672.7,108
2019-07-09,0,40160.5,104
2019-07-09,1,37897.1,101
2019-07-09,2,35489.9,98
2019-07-09,3,35489.9,98
2019-07-09,4,37832.3,101
2019-07-09,5,38756.1,102
2019-07-09,6,41135.4,105
2019-07-09,7,46877.8,107
2019-07-09,8,50285.1,110
2019-07-09,9,53431.0,113
2019-07-09,10,55793.200000000004,115
2019-07-09,11,58006.9,117
2019-07-09,12,61229.0,119
2019-07-09,13,63182.8,121
2019-07-09,14,64872.8,122
2019-07-09,15,64872.8,122
2019-07-09,16,64872.8,122
2019-07-09,17,64872.8,122
2019-07-09,18,63182.8,121
2019-07-09,19,63182.8,121
2019-07-09,20,60000.0,119
2019-07-09,21,59147.8,118
2019-07-09,22,54682.5,114
2019-07-09,23,50835.4,110
2019-07-10,0,44414.9,107
2019-07-10,1,41060.1,104
2019-07-10,2,38418.5,101
2019-07-10,3,39342.3,102
2019-07-10,4,41721.6,105
2019-07-10,5,42600.0,106
2019-07-10,6,48342.4,108
2019-07-10,7,50193.2,109
2019-07-10,8,55461.200000000004,114
2019-07-10,9,57395.6,116
2019-07-10,10,61090.0,118
2019-07-10,11,63784.3,121
2019-07-10,12,65474.3,122
2019-07-10,13,66316.8,123
2019-07-10,14,66316.8,123
2019-07-10,15,66316.8,123
2019-07-10,16,68746.8,124
2019-07-10,17,66253.6,122
2019-07-10,18,63195.0,119
2019-07-10,19,60274.2,117
2019-07-10,20,58830.2,116
2019-07-10,21,58830.2,116
2019-07-10,22,56325.5,114
2019-07-10,23,49132.7,109
2019-07-11,0,45124.3,108
2019-07-11,1,43129.0,106
2019-07-11,2,41476.0,104
2019-07-11,3,41476.0,104
2019-07-11,4,43129.0,106
2019-07-11,5,44281.8,107
2019-07-11,6,46042.1,109
2019-07-11,7,46042.1,109
2019-07-11,8,52040.5,112
2019-07-11,9,54964.4,114
2019-07-11,10,56815.200000000004,115
2019-07-11,11,60509.6,117
2019-07-11,12,61126.0,117
2019-07-11,13,62666.0,117
2019-07-11,14,63375.0,119
2019-07-11,15,63375.0,119
2019-07-11,16,63375.0,119
2019-07-11,17,63375.0,119
2019-07-11,18,62522.8,118
2019-07-11,19,60832.8,117
2019-07-11,20,59646.0,116
2019-07-11,21,59646.0,116
2019-07-11,22,57912.0,115
2019-07-11,23,53414.4,112
2019-07-12,0,49406.0,111
2019-07-12,1,46365.3,109
2019-07-12,2,45283.1,108
2019-07-12,3,43452.2,106
2019-07-12,4,44933.5,108
2019-07-12,5,46015.7,109
2019-07-12,6,50024.1,110
2019-07-12,7,51176.9,111
2019-07-12,8,55933.2,114
2019-07-12,9,57667.2,115
2019-07-12,10,60209.4,117
2019-07-12,11,61524.2,118
2019-07-12,12,63375.0,119
2019-07-12,13,63375.0,119
2019-07-12,14,63375.0,119
2019-07-12,15,63375.0,119
2019-07-12,16,63225.0,118
2019-07-12,17,63054.6,117
2019-07-12,18,60795.0,117
2019-07-12,19,59769.6,117
2019-07-12,20,56892.8,115
2019-07-12,21,56892.8,115
2019-07-12,22,54513.2,114
2019-07-12,23,50544.4,111
2019-07-13,0,45346.1,109
2019-07-13,1,43612.1,108
2019-07-13,2,41580.9,106
2019-07-13,3,40902.8,105
2019-07-13,4,40902.8,105
2019-07-13,5,41580.9,106
2019-07-13,6,44467.7,108
2019-07-13,7,49651.5,110
2019-07-13,8,51333.1,112
2019-07-13,9,55560.6,115
2019-07-13,10,55560.6,115
2019-07-13,11,56875.4,116
2019-07-13,12,56875.4,116
2019-07-13,13,58172.8,116
2019-07-13,14,57020.0,115
2019-07-13,15,56341.9,114
2019-07-13,16,56341.9,114
2019-07-13,17,57494.7,115
2019-07-13,18,55839.3,113
2019-07-13,19,52284.3,111
2019-07-13,20,52284.3,111
2019-07-13,21,52284.3,111
2019-07-13,22,51094.4,110
2019-07-13,23,48491.2,107
2019-07-14,0,44482.8,106
2019-07-14,1,42748.8,105
2019-07-14,2,40656.4,103
2019-07-14,3,39741.8,102
2019-07-14,4,40681.4,103
2019-07-14,5,40681.4,103
2019-07-14,6,42474.4,105
2019-07-14,7,47565.0,107
2019-07-14,8,49395.9,109
2019-07-14,9,51129.9,110
2019-07-14,10,52319.8,111
2019-07-14,11,52729.8,112
2019-07-14,12,54385.200000000004,114
2019-07-14,13,54385.200000000004,114
2019-07-14,14,54385.200000000004,114
2019-07-14,15,54385.200000000004,114
2019-07-14,16,54385.200000000004,114
2019-07-14,17,54385.200000000004,114
2019-07-14,18,54385.200000000004,114
2019-07-14,19,54235.200000000004,113
2019-07-14,20,52534.4,113
2019-07-14,21,52534.4,113
2019-07-14,22,50541.3,111
2019-07-14,23,45346.1,109
2019-07-15,0,45346.1,109
2019-07-15,1,40902.8,105
2019-07-15,2,40902.8,105
2019-07-15,3,40902.8,105
2019-07-15,4,44911.2,106
2019-07-15,5,46645.2,107
2019-07-15,6,47798.0,108
2019-07-15,7,50544.4,111
2019-07-15,8,53570.6,113
2019-07-15,9,54885.4,114
2019-07-15,10,58068.2,116
2019-07-15,11,59255.0,117
2019-07-15,12,61685.0,118
2019-07-15,13,62486.0,119
2019-07-15,14,64176.0,120
2019-07-15,15,64176.0,120
2019-07-15,16,64176.0,120
2019-07-15,17,64176.0,120
2019-07-15,18,62486.0,119
2019-07-15,19,62486.0,119
2019-07-15,20,60458.4,117
2019-07-15,21,59268.5,116
2019-07-15,22,53688.7,112
2019-07-15,23,48736.7,108
2019-07-16,0,46941.3,107
2019-07-16,1,40792.3,103
2019-07-16,2,40792.3,103
2019-07-16,3,42587.7,104
2019-07-16,4,43249.2,105
2019-07-16,5,43249.2,105
2019-07-16,6,48410.4,107
2019-07-16,7,50144.4,108
2019-07-16,8,52172.0,110
2019-07-16,9,55721.6,114
2019-07-16,10,57036.4,115
2019-07-16,11,60602.8,117
2019-07-16,12,60602.8,117
2019-07-16,13,63375.0,119
2019-07-16,14,63375.0,119
2019-07-16,15,63375.0,119
2019-07-16,16,63375.0,119
2019-07-16,17,61685.0,118
2019-07-16,18,61685.0,118
2019-07-16,19,60452.8,116
2019-07-16,20,59075.3,114
2019-07-16,21,58237.5,115
2019-07-16,22,53739.9,112
2019-07-16,23,51298.7,109
2019-07-17,0,45556.3,107
2019-07-17,1,44216.7,105
2019-07-17,2,43413.5,104
2019-07-17,3,41559.3,102
2019-07-17,4,42498.9,103
2019-07-17,5,42498.9,103
2019-07-17,6,49103.5,107
2019-07-17,7,49765.0,108
2019-07-17,8,52674.4,110
2019-07-17,9,54155.700000000004,112
2019-07-17,10,57850.1,114
2019-07-17,11,59450.0,116
2019-07-17,12,59450.0,116
2019-07-17,13,62292.8,118
2019-07-17,14,62292.8,118
2019-07-17,15,62292.8,118
2019-07-17,16,62292.8,118
2019-07-17,17,62292.8,118
2019-07-17,18,60602.8,117
2019-07-17,19,60602.8,117
2019-07-17,20,58172.8,116
2019-07-17,21,53427.9,113
2019-07-17,22,49278.7,109
2019-07-17,23,48190.6,107
2019-07-18,0,42386.8,105
2019-07-18,1,39874.5,103
2019-07-18,2,38156.7,101
2019-07-18,3,38218.1,101
2019-07-18,4,39952.1,102
2019-07-18,5,39952.1,102
2019-07-18,6,43209.8,106
2019-07-18,7,49069.0,108
2019-07-18,8,51740.200000000004,111
2019-07-18,9,52915.6,112
2019-07-18,10,56610.0,114
2019-07-18,11,58172.8,116
2019-07-18,12,60945.0,118
2019-07-18,13,60945.0,118
2019-07-18,14,60945.0,118
2019-07-18,15,60945.0,118
2019-07-18,16,60945.0,118
2019-07-18,17,60945.0,118
2019-07-18,18,60945.0,118
2019-07-18,19,59255.0,117
2019-07-18,20,58172.8,116
2019-07-18,21,56997.4,115
2019-07-18,22,50960.3,111
2019-07-18,23,49671.9,109
2019-07-19,0,41456.0,105
2019-07-19,1,39188.1,102
2019-07-19,2,37337.3,101
2019-07-19,3,37337.3,101
2019-07-19,4,38218.1,101
2019-07-19,5,39952.1,102
2019-07-19,6,41416.8,104
2019-07-19,7,44182.2,106
2019-07-19,8,50550.3,110
2019-07-19,9,52595.200000000004,110
2019-07-19,10,54230.4,113
2019-07-19,11,58172.8,116
2019-07-19,12,59255.0,117
2019-07-19,13,60945.0,118
2019-07-19,14,60945.0,118
2019-07-19,15,60945.0,118
2019-07-19,16,60945.0,118
2019-07-19,17,60945.0,118
2019-07-19,18,59255.0,117
2019-07-19,19,58172.8,116
2019-07-19,20,58172.8,116
2019-07-19,21,54654.7,113
2019-07-19,22,46951.9,110
2019-07-19,23,44860.3,107
2019-07-20,0,41508.6,104
2019-07-20,1,40043.9,102
2019-07-20,2,38193.1,101
2019-07-20,3,36354.7,99
2019-07-20,4,36354.7,99
2019-07-20,5,36354.7,99
2019-07-20,6,39682.8,103
2019-07-20,7,42331.4,105
2019-07-20,8,47731.8,110
2019-07-20,9,48907.2,111
2019-07-20,10,54230.4,113
2019-07-20,11,54640.4,114
2019-07-20,12,59450.0,116
2019-07-20,13,59450.0,116
2019-07-20,14,59450.0,116
2019-07-20,15,60602.8,117
2019-07-20,16,60602.8,117
2019-07-20,17,59750.6,116
2019-07-20,18,59750.6,116
2019-07-20,19,58563.8,115
2019-07-20,20,54994.3,113
2019-07-20,21,53818.9,112
2019-07-20,22,48991.6,107
2019-07-20,23,46847.6,105
2019-07-21,0,41899.6,103
2019-07-21,1,39511.1,100
2019-07-21,2,38026.5,98
2019-07-21,3,34828.3,95
2019-07-21,4,34828.3,95
2019-07-21,5,34828.3,95
2019-07-21,6,40804.5,101
2019-07-21,7,42839.2,104
2019-07-21,8,45425.4,106
2019-07-21,9,46612.2,107
2019-07-21,10,53491.9,111
2019-07-21,11,55895.0,114
2019-07-21,12,58891.0,115
2019-07-21,13,59450.0,116
2019-07-21,14,59450.0,116
2019-07-21,15,60602.8,117
2019-07-21,16,60602.8,117
2019-07-21,17,60602.8,117
2019-07-21,18,60602.8,117
2019-07-21,19,57562.1,115
2019-07-21,20,57562.1,115
2019-07-21,21,56375.3,114
2019-07-21,22,51877.700000000004,111
2019-07-21,23,47702.5,107
2019-07-22,0,43694.1,106
2019-07-22,1,42518.7,105
2019-07-22,2,40901.0,103
2019-07-22,3,41840.6,104
2019-07-22,4,45849.0,105
2019-07-22,5,46727.4,106
2019-07-22,6,48558.3,108
2019-07-22,7,52285.4,111
2019-07-22,8,54136.200000000004,112
2019-07-22,9,55323.0,113
2019-07-22,10,56637.8,114
2019-07-22,11,59427.4,116
2019-07-22,12,58274.6,115
2019-07-22,13,58274.6,115
2019-07-22,14,58274.6,115
2019-07-22,15,58274.6,115
2019-07-22,16,59450.0,116
2019-07-22,17,59129.6,114
2019-07-22,18,56870.0,114
2019-07-22,19,56017.8,113
2019-07-22,20,54977.9,113
2019-07-22,21,50608.3,110
2019-07-22,22,44406.7,107
2019-07-22,23,41860.8,103
2019-07-23,0,38647.8,101
2019-07-23,1,36631.4,99
2019-07-23,2,36135.5,99
2019-07-23,3,36135.5,99
2019-07-23,4,39229.2,103
2019-07-23,5,40963.2,104
2019-07-23,6,44971.6,105
2019-07-23,7,44971.6,105
2019-07-23,8,46822.4,106
2019-07-23,9,46822.4,106
2019-07-23,10,49015.6,108
2019-07-23,11,50608.3,110
2019-07-23,12,51795.1,111
2019-07-23,13,54174.7,112
2019-07-23,14,53496.6,111
2019-07-23,15,54348.8,112
2019-07-23,16,54348.8,112
2019-07-23,17,54348.8,112
2019-07-23,18,55004.3,113
2019-07-23,19,52624.7,112
2019-07-23,20,50773.9,111
2019-07-23,21,50773.9,111
2019-07-23,22,48781.0,109
2019-07-23,23,44659.0,105
2019-07-24,0,39497.8,103
2019-07-24,1,39497.8,103
2019-07-24,2,37123.8,100
2019-07-24,3,37837.2,101
2019-07-24,4,40437.4,104
2019-07-24,5,40437.4,104
2019-07-24,6,43646.1,108
2019-07-24,7,45380.1,109
2019-07-24,8,46532.9,110
2019-07-24,9,46532.9,110
2019-07-24,10,49698.5,112
2019-07-24,11,53706.9,113
2019-07-24,12,52624.7,112
2019-07-24,13,54990.0,114
2019-07-24,14,55793.200000000004,115
2019-07-24,15,55793.200000000004,115
2019-07-24,16,55793.200000000004,115
2019-07-24,17,55793.200000000004,115
2019-07-24,18,55793.200000000004,115
2019-07-24,19,54833.3,114
2019-07-24,20,52982.5,113
2019-07-24,21,51501.2,111
2019-07-24,22,49308.0,109
2019-07-24,23,42412.8,106
2019-07-25,0,41473.2,105
2019-07-25,1,37750.9,101
2019-07-25,2,37037.5,100
2019-07-25,3,36291.5,99
2019-07-25,4,37977.1,101
2019-07-25,5,40793.3,103
2019-07-25,6,40418.8,103
2019-07-25,7,43823.6,107
2019-07-25,8,44976.4,108
2019-07-25,9,47902.6,108
2019-07-25,10,49217.4,109
2019-07-25,11,49915.4,109
2019-07-25,12,52624.7,112
2019-07-25,13,54617.8,114
2019-07-25,14,55793.200000000004,115
2019-07-25,15,55793.200000000004,115
2019-07-25,16,55793.200000000004,115
2019-07-25,17,55793.200000000004,115
2019-07-25,18,54990.0,114
2019-07-25,19,52287.0,112
2019-07-25,20,51097.1,111
2019-07-25,21,49910.3,110
2019-07-25,22,47039.0,107
2019-07-25,23,43030.6,106
2019-07-26,0,39430.4,103
2019-07-26,1,38627.2,102
2019-07-26,2,37051.1,100
2019-07-26,3,37051.1,100
2019-07-26,4,38679.1,102
2019-07-26,5,38679.1,102
2019-07-26,6,41974.7,106
2019-07-26,7,43708.7,107
2019-07-26,8,47717.1,108
2019-07-26,9,49567.9,109
2019-07-26,10,50754.7,110
2019-07-26,11,53626.200000000004,113
2019-07-26,12,54941.0,114
2019-07-26,13,57320.6,115
2019-07-26,14,58172.8,116
2019-07-26,15,58172.8,116
2019-07-26,16,58172.8,116
2019-07-26,17,58172.8,116
2019-07-26,18,54617.8,114
2019-07-26,19,53814.6,113
2019-07-26,20,52624.7,112
2019-07-26,21,50773.9,111
2019-07-26,22,48708.7,109
2019-07-26,23,45821.9,107
2019-07-27,0,41813.5,106
2019-07-27,1,40389.4,104
2019-07-27,2,39157.9,102
2019-07-27,3,37504.9,100
2019-07-27,4,39157.9,102
2019-07-27,5,39157.9,102
2019-07-27,6,42288.2,106
2019-07-27,7,46296.6,107
2019-07-27,8,49587.1,110
2019-07-27,9,52627.8,112
2019-07-27,10,53814.6,113
2019-07-27,11,54617.8,114
2019-07-27,12,57613.8,115
2019-07-27,13,58172.8,116
2019-07-27,14,58172.8,116
2019-07-27,15,60602.8,117
2019-07-27,16,60602.8,117
2019-07-27,17,58435.8,115
2019-07-27,18,58435.8,115
2019-07-27,19,56056.200000000004,114
2019-07-27,20,54322.200000000004,113
2019-07-27,21,54322.200000000004,113
2019-07-27,22,52329.1,111
2019-07-27,23,45181.5,107
2019-07-28,0,43563.8,105
2019-07-28,1,39686.4,101
2019-07-28,2,39024.9,100
2019-07-28,3,39024.9,100
2019-07-28,4,39024.9,100
2019-07-28,5,39024.9,100
2019-07-28,6,39964.5,101
2019-07-28,7,45823.7,103
2019-07-28,8,48525.7,106
2019-07-28,9,49187.2,107
2019-07-28,10,53280.9,111
2019-07-28,11,55005.7,113
2019-07-28,12,55005.7,113
2019-07-28,13,56181.1,114
2019-07-28,14,58560.7,115
2019-07-28,15,58560.7,115
2019-07-28,16,58560.7,115
2019-07-28,17,58560.7,115
2019-07-28,18,58560.7,115
2019-07-28,19,57373.9,114
2019-07-28,20,57373.9,114
2019-07-28,21,55523.1,113
2019-07-28,22,51461.9,110
2019-07-28,23,47906.2,106
2019-07-29,0,43897.8,105
2019-07-29,1,42163.8,104
2019-07-29,2,40300.4,102
2019-07-29,3,39587.0,101
2019-07-29,4,42163.8,104
2019-07-29,5,42163.8,104
2019-07-29,6,46172.2,105
2019-07-29,7,48584.3,107
2019-07-29,8,53687.7,112
2019-07-29,9,54877.6,113
2019-07-29,10,59108.0,115
2019-07-29,11,59518.0,116
2019-07-29,12,59518.0,116
2019-07-29,13,60832.8,117
2019-07-29,14,60832.8,117
2019-07-29,15,60832.8,117
2019-07-29,16,60832.8,117
2019-07-29,17,61685.0,118
2019-07-29,18,61685.0,118
2019-07-29,19,59255.0,117
2019-07-29,20,59255.0,117
2019-07-29,21,58079.6,116
2019-07-29,22,52828.5,112
2019-07-29,23,45406.5,108
2019-07-30,0,43672.5,107
2019-07-30,1,42590.3,106
2019-07-30,2,40972.6,104
2019-07-30,3,40972.6,104
2019-07-30,4,44981.0,105
2019-07-30,5,46133.8,106
2019-07-30,6,47874.4,108
2019-07-30,7,50833.5,110
2019-07-30,8,54124.0,113
2019-07-30,9,57081.6,116
2019-07-30,10,59607.8,118
2019-07-30,11,64376.6,122
2019-07-30,12,65566.5,123
2019-07-30,13,67256.5,124
2019-07-30,14,67256.5,124
2019-07-30,15,67256.5,124
2019-07-30,16,67256.5,124
2019-07-30,17,64275.1,120
2019-07-30,18,61894.0,119
2019-07-30,19,58406.1,117
2019-07-30,20,58406.1,117
2019-07-30,21,55541.7,114
2019-07-30,22,52246.9,112
2019-07-30,23,47062.5,110
2019-07-31,0,44650.4,108
2019-07-31,1,43497.6,107
2019-07-31,2,42751.6,106
2019-07-31,3,42038.2,105
2019-07-31,4,48384.4,109
2019-07-31,5,48384.4,109
2019-07-31,6,49466.6,110
2019-07-31,7,52098.5,113
2019-07-31,8,58510.3,117
2019-07-31,9,61300.8,119
2019-07-31,10,63587.3,121
2019-07-31,11,66453.3,123
2019-07-31,12,67256.5,124
2019-07-31,13,67256.5,124
2019-07-31,14,67256.5,124
2019-07-31,15,67256.5,124
2019-07-31,16,67256.5,124
2019-07-31,17,67256.5,124
2019-07-31,18,66453.3,123
2019-07-31,19,67193.3,123
2019-07-31,20,67193.3,123
2019-07-31,21,63763.4,120
2019-07-31,22,59434.8,116
2019-07-31,23,54770.9,113
2019-08-01,0,45915.1,108
2019-08-01,1,44436.0,106
2019-08-01,2,42213.0,103
2019-08-01,3,42213.0,103
2019-08-01,4,44744.4,106
2019-08-01,5,44744.4,106
2019-08-01,6,48752.8,107
2019-08-01,7,50475.6,109
2019-08-01,8,55526.4,113
2019-08-01,9,57260.4,114
2019-08-01,10,58435.8,115
2019-08-01,11,61870.8,117
2019-08-01,12,64483.3,120
2019-08-01,13,65284.3,121
2019-08-01,14,65284.3,121
2019-08-01,15,65284.3,121
2019-08-01,16,65284.3,121
2019-08-01,17,64202.1,120
2019-08-01,18,61663.6,117
2019-08-01,19,60661.3,118
2019-08-01,20,59858.1,117
2019-08-01,21,56803.3,114
2019-08-01,22,53545.3,112
2019-08-01,23,48794.0,108
2019-08-02,0,47060.0,107
2019-08-02,1,46259.0,106
2019-08-02,2,42250.6,105
2019-08-02,3,42250.6,105
2019-08-02,4,46259.0,106
2019-08-02,5,46259.0,106
2019-08-02,6,48290.2,108
2019-08-02,7,51505.5,111
2019-08-02,8,54546.200000000004,113
2019-08-02,9,55485.9,114
2019-08-02,10,59052.3,116
2019-08-02,11,61475.4,118
2019-08-02,12,64340.8,120
2019-08-02,13,65423.0,121
2019-08-02,14,65423.0,121
2019-08-02,15,65423.0,121
2019-08-02,16,65423.0,121
2019-08-02,17,65423.0,121
2019-08-02,18,63733.0,120
2019-08-02,19,62543.1,119
2019-08-02,20,60113.1,118
2019-08-02,21,58370.2,116
2019-08-02,22,53287.6,113
2019-08-02,23,51300.9,111
2019-08-03,0,48868.9,111
2019-08-03,1,44513.8,107
2019-08-03,2,42779.8,106
2019-08-03,3,42779.8,106
2019-08-03,4,41697.6,105
2019-08-03,5,41697.6,105
2019-08-03,6,41697.6,105
2019-08-03,7,44584.4,107
2019-08-03,8,44584.4,107
2019-08-03,9,48592.8,108
2019-08-03,10,49782.700000000004,109
2019-08-03,11,51438.1,111
2019-08-03,12,51438.1,111
2019-08-03,13,53303.0,113
2019-08-03,14,55700.0,115
2019-08-03,15,55700.0,115
2019-08-03,16,55700.0,115
2019-08-03,17,55700.0,115
2019-08-03,18,55700.0,115
2019-08-03,19,55700.0,115
2019-08-03,20,54896.8,114
2019-08-03,21,53046.0,113
2019-08-03,22,50363.9,110
2019-08-03,23,44621.5,108
2019-08-04,0,44621.5,108
2019-08-04,1,40155.4,103
2019-08-04,2,38696.0,101
2019-08-04,3,38696.0,101
2019-08-04,4,40155.4,103
2019-08-04,5,40725.4,104
2019-08-04,6,41878.2,105
2019-08-04,7,45886.6,106
2019-08-04,8,48499.0,108
2019-08-04,9,49177.1,109
2019-08-04,10,51437.9,111
2019-08-04,11,52613.3,112
2019-08-04,12,53416.5,113
2019-08-04,13,54603.3,114
2019-08-04,14,56982.9,115
2019-08-04,15,56982.9,115
2019-08-04,16,56832.9,114
2019-08-04,17,56832.9,114
2019-08-04,18,56832.9,114
2019-08-04,19,55668.1,114
2019-08-04,20,54815.9,113
2019-08-04,21,52436.3,112
2019-08-04,22,50344.7,109
2019-08-04,23,45833.4,105
2019-08-05,0,44893.8,104
2019-08-05,1,39732.6,102
2019-08-05,2,39732.6,102
2019-08-05,3,40656.4,103
2019-08-05,4,44664.8,104
2019-08-05,5,45543.2,105
2019-08-05,6,50451.8,109
2019-08-05,7,52319.8,111
2019-08-05,8,56866.4,114
2019-08-05,9,59150.7,116
2019-08-05,10,61825.1,117
2019-08-05,11,64856.1,120
2019-08-05,12,65659.3,121
2019-08-05,13,67302.8,123
2019-08-05,14,67302.8,123
2019-08-05,15,67302.8,123
2019-08-05,16,67302.8,123
2019-08-05,17,66499.6,122
2019-08-05,18,66499.6,122
2019-08-05,19,64809.6,121
2019-08-05,20,63494.8,120
2019-08-05,21,60023.700000000004,117
2019-08-05,22,55793.3,115
2019-08-05,23,50789.3,110
2019-08-06,0,46780.9,109
2019-08-06,1,44204.4,107
2019-08-06,2,43051.6,106
2019-08-06,3,43051.6,106
2019-08-06,4,49091.2,109
2019-08-06,5,49091.2,109
2019-08-06,6,52585.5,112
2019-08-06,7,54965.1,113
2019-08-06,8,58945.5,116
2019-08-06,9,61447.1,118
2019-08-06,10,63731.4,120
2019-08-06,11,65710.0,122
2019-08-06,12,67400.0,123
2019-08-06,13,68242.5,124
2019-08-06,14,68242.5,124
2019-08-06,15,68242.5,124
2019-08-06,16,68242.5,124
2019-08-06,17,67441.5,123
2019-08-06,18,65751.5,122
2019-08-06,19,65751.5,122
2019-08-06,20,63959.6,120
2019-08-06,21,62644.8,119
2019-08-06,22,57180.6,114
2019-08-06,23,52071.8,111
2019-08-07,0,48063.4,110
2019-08-07,1,43251.9,106
2019-08-07,2,43251.9,106
2019-08-07,3,43251.9,106
2019-08-07,4,47260.3,107
2019-08-07,5,47260.3,107
2019-08-07,6,51025.5,110
2019-08-07,7,51025.5,110
2019-08-07,8,54869.4,113
2019-08-07,9,56184.2,114
2019-08-07,10,60271.200000000004,118
2019-08-07,11,64909.0,121
2019-08-07,12,66599.0,122
2019-08-07,13,68242.5,124
2019-08-07,14,68242.5,124
2019-08-07,15,68242.5,124
2019-08-07,16,68242.5,124
2019-08-07,17,68242.5,124
2019-08-07,18,68242.5,124
2019-08-07,19,66552.5,123
2019-08-07,20,65749.3,122
2019-08-07,21,63244.6,120
2019-08-07,22,58817.0,117
2019-08-07,23,50219.0,112
2019-08-08,0,46724.7,109
2019-08-08,1,45081.2,107
2019-08-08,2,43263.2,105
2019-08-08,3,43263.2,105
2019-08-08,4,48211.2,107
2019-08-08,5,48211.2,107
2019-08-08,6,49364.0,108
2019-08-08,7,50920.5,110
2019-08-08,8,54647.6,113
2019-08-08,9,56498.4,114
2019-08-08,10,60192.8,116
2019-08-08,11,62887.1,119
2019-08-08,12,65659.3,121
2019-08-08,13,67302.8,123
2019-08-08,14,67302.8,123
2019-08-08,15,67302.8,123
2019-08-08,16,67302.8,123
2019-08-08,17,67302.8,123
2019-08-08,18,67302.8,123
2019-08-08,19,67302.8,123
2019-08-08,20,65612.8,122
2019-08-08,21,65612.8,122
2019-08-08,22,61129.5,118
2019-08-08,23,55383.4,114
2019-08-09,0,47790.2,111
2019-08-09,1,46146.7,109
2019-08-09,2,44115.5,107
2019-08-09,3,43437.4,106
2019-08-09,4,47445.8,107
2019-08-09,5,47445.8,107
2019-08-09,6,48598.6,108
2019-08-09,7,51135.8,110
2019-08-09,8,54543.1,113
2019-08-09,9,55733.0,114
2019-08-09,10,60509.6,117
2019-08-09,11,63969.3,120
2019-08-09,12,65659.3,121
2019-08-09,13,67302.8,123
2019-08-09,14,67302.8,123
2019-08-09,15,67302.8,123
2019-08-09,16,67302.8,123
2019-08-09,17,67302.8,123
2019-08-09,18,65612.8,122
2019-08-09,19,62151.0,120
2019-08-09,20,60112.0,118
2019-08-09,21,58922.1,117
2019-08-09,22,55247.6,113
2019-08-09,23,51787.9,110
2019-08-10,0,47779.5,109
2019-08-10,1,43249.2,105
2019-08-10,2,43249.2,105
2019-08-10,3,41876.0,103
2019-08-10,4,41186.6,102
2019-08-10,5,41186.6,102
2019-08-10,6,42446.0,104
2019-08-10,7,47257.6,106
2019-08-10,8,52209.6,110
2019-08-10,9,53690.9,112
2019-08-10,10,57047.8,115
2019-08-10,11,60535.7,117
2019-08-10,12,61711.1,118
2019-08-10,13,65325.8,121
2019-08-10,14,66126.8,122
2019-08-10,15,66126.8,122
2019-08-10,16,66126.8,122
2019-08-10,17,66126.8,122
2019-08-10,18,66126.8,122
2019-08-10,19,64436.8,121
2019-08-10,20,63250.0,120
2019-08-10,21,63250.0,120
2019-08-10,22,56710.3,115
2019-08-10,23,55192.0,113
2019-08-11,0,48367.4,110
2019-08-11,1,43642.9,106
2019-08-11,2,42163.8,104
2019-08-11,3,42163.8,104
2019-08-11,4,42163.8,104
2019-08-11,5,45458.8,104
2019-08-11,6,47050.6,106
2019-08-11,7,48203.4,107
2019-08-11,8,49937.4,108
2019-08-11,9,51124.2,109
2019-08-11,10,54968.1,112
2019-08-11,11,58514.6,116
2019-08-11,12,62209.0,118
2019-08-11,13,64577.1,120
2019-08-11,14,66460.3,122
2019-08-11,15,66460.3,122
2019-08-11,16,66460.3,122
2019-08-11,17,66460.3,122
2019-08-11,18,66460.3,122
2019-08-11,19,63688.1,120
2019-08-11,20,63688.1,120
2019-08-11,21,61258.1,119
2019-08-11,22,55710.0,115
2019-08-11,23,50696.5,111
2019-08-12,0,46688.1,110
2019-08-12,1,43801.3,108
2019-08-12,2,42461.7,106
2019-08-12,3,42400.5,106
2019-08-12,4,44001.6,108
2019-08-12,5,44001.6,108
2019-08-12,6,48813.2,110
2019-08-12,7,53550.8,113
2019-08-12,8,55071.4,115
2019-08-12,9,57343.5,117
2019-08-12,10,59962.9,119
2019-08-12,11,62247.2,121
2019-08-12,12,63777.2,122
2019-08-12,13,66156.8,123
2019-08-12,14,67846.8,124
2019-08-12,15,67846.8,124
2019-08-12,16,67846.8,124
2019-08-12,17,67846.8,124
2019-08-12,18,67846.8,124
2019-08-12,19,66156.8,123
2019-08-12,20,63710.1,120
2019-08-12,21,62520.2,119
2019-08-12,22,58696.6,117
2019-08-12,23,53408.7,113
2019-08-13,0,49400.3,112
2019-08-13,1,46584.1,110
2019-08-13,2,45027.6,108
2019-08-13,3,44314.2,107
2019-08-13,4,49036.0,109
2019-08-13,5,49914.4,110
2019-08-13,6,52827.5,113
2019-08-13,7,58934.2,117
2019-08-13,8,60785.0,118
2019-08-13,9,64547.2,121
2019-08-13,10,66792.2,123
2019-08-13,11,69076.5,125
2019-08-13,12,73475.1,127
2019-08-13,13,73475.1,127
2019-08-13,14,73475.1,127
2019-08-13,15,73475.1,127
2019-08-13,16,73475.1,127
2019-08-13,17,73475.1,127
2019-08-13,18,73475.1,127
2019-08-13,19,71095.5,126
2019-08-13,20,69905.6,125
2019-08-13,21,70645.6,125
2019-08-13,22,65815.2,120
2019-08-13,23,59700.1,116
2019-08-14,0,52804.9,113
2019-08-14,1,47347.6,108
2019-08-14,2,47347.6,108
2019-08-14,3,47347.6,108
2019-08-14,4,48500.4,109
2019-08-14,5,50190.4,110
2019-08-14,6,55281.0,112
2019-08-14,7,54269.1,112
2019-08-14,8,59185.9,115
2019-08-14,9,60375.8,116
2019-08-14,10,62226.6,117
2019-08-14,11,65024.9,119
2019-08-14,12,65024.9,119
2019-08-14,13,67191.9,121
2019-08-14,14,67191.9,121
2019-08-14,15,67191.9,121
2019-08-14,16,67191.9,121
2019-08-14,17,67191.9,121
2019-08-14,18,65501.9,120
2019-08-14,19,64312.0,119
2019-08-14,20,64312.0,119
2019-08-14,21,61932.4,118
2019-08-14,22,58385.9,114
2019-08-14,23,54390.8,111
2019-08-15,0,47592.0,108
2019-08-15,1,44849.2,105
2019-08-15,2,43053.8,104
2019-08-15,3,44849.2,105
2019-08-15,4,48327.8,109
2019-08-15,5,49128.8,110
2019-08-15,6,49128.8,110
2019-08-15,7,54290.0,112
2019-08-15,8,57784.3,115
2019-08-15,9,59777.4,117
2019-08-15,10,64259.0,120
2019-08-15,11,68233.3,123
2019-08-15,12,68746.8,124
2019-08-15,13,68746.8,124
2019-08-15,14,68746.8,124
2019-08-15,15,68746.8,124
2019-08-15,16,68746.8,124
2019-08-15,17,68746.8,124
2019-08-15,18,67056.8,123
2019-08-15,19,67056.8,123
2019-08-15,20,65881.4,122
2019-08-15,21,63888.3,120
2019-08-15,22,57563.1,116
2019-08-15,23,50906.1,110
2019-08-16,0,50906.1,110
2019-08-16,1,47060.0,107
2019-08-16,2,47060.0,107
2019-08-16,3,43051.6,106
2019-08-16,4,47938.4,108
2019-08-16,5,47938.4,108
2019-08-16,6,55733.700000000004,113
2019-08-16,7,58005.8,115
2019-08-16,8,59748.700000000004,117
2019-08-16,9,62614.1,119
2019-08-16,10,66559.7,122
2019-08-16,11,68844.0,124
2019-08-16,12,68844.0,124
2019-08-16,13,69686.5,125
2019-08-16,14,69686.5,125
2019-08-16,15,69686.5,125
2019-08-16,16,69686.5,125
2019-08-16,17,69686.5,125
2019-08-16,18,69686.5,125
2019-08-16,19,67996.5,124
2019-08-16,20,67996.5,124
2019-08-16,21,65078.2,121
2019-08-16,22,58749.9,117
2019-08-16,23,55383.4,114
2019-08-17,0,45158.3,108
2019-08-17,1,43437.4,106
2019-08-17,2,41266.3,103
2019-08-17,3,40552.9,102
2019-08-17,4,40552.9,102
2019-08-17,5,40552.9,102
2019-08-17,6,42867.4,105
2019-08-17,7,48174.2,107
2019-08-17,8,50861.4,110
2019-08-17,9,53867.700000000004,113
2019-08-17,10,55718.5,114
2019-08-17,11,60602.8,117
2019-08-17,12,61685.0,118
2019-08-17,13,63375.0,119
2019-08-17,14,63375.0,119
2019-08-17,15,63375.0,119
2019-08-17,16,63375.0,119
2019-08-17,17,63375.0,119
2019-08-17,18,61685.0,118
2019-08-17,19,60602.8,117
2019-08-17,20,59412.9,116
2019-08-17,21,55807.5,114
2019-08-17,22,51946.6,111
2019-08-17,23,49505.4,108
2019-08-18,0,43763.0,106
2019-08-18,1,41912.2,105
2019-08-18,2,40297.5,102
2019-08-18,3,38039.1,100
2019-08-18,4,37325.7,99
2019-08-18,5,37325.7,99
2019-08-18,6,40427.6,103
2019-08-18,7,43442.6,104
2019-08-18,8,51363.0,108
2019-08-18,9,52686.2,110
2019-08-18,10,54760.9,111
2019-08-18,11,58853.0,115
2019-08-18,12,60363.3,118
2019-08-18,13,60363.3,118
2019-08-18,14,62854.3,120
2019-08-18,15,62854.3,120
2019-08-18,16,62854.3,120
2019-08-18,17,62854.3,120
2019-08-18,18,62854.3,120
2019-08-18,19,61164.3,119
2019-08-18,20,61164.3,119
2019-08-18,21,58892.2,117
2019-08-18,22,53286.3,113
2019-08-18,23,50282.7,111
2019-08-19,0,46103.9,109
2019-08-19,1,43906.3,106
2019-08-19,2,42095.5,104
2019-08-19,3,44056.3,107
2019-08-19,4,48726.2,109
2019-08-19,5,48726.2,109
2019-08-19,6,51599.9,112
2019-08-19,7,53450.7,113
2019-08-19,8,55211.0,115
2019-08-19,9,56150.7,116
2019-08-19,10,62065.5,120
2019-08-19,11,64703.8,122
2019-08-19,12,67197.0,124
2019-08-19,13,68386.9,125
2019-08-19,14,70731.5,125
2019-08-19,15,70766.5,126
2019-08-19,16,69076.5,125
2019-08-19,17,65893.7,123
2019-08-19,18,65051.200000000004,122
2019-08-19,19,64250.200000000004,121
2019-08-19,20,64250.200000000004,121
2019-08-19,21,61038.4,118
2019-08-19,22,55263.0,114
2019-08-19,23,51471.9,111
2019-08-20,0,45729.5,109
2019-08-20,1,41490.3,104
2019-08-20,2,40414.4,102
2019-08-20,3,40596.1,103
2019-08-20,4,47209.0,108
2019-08-20,5,48943.0,109
2019-08-20,6,51856.1,112
2019-08-20,7,57276.4,115
2019-08-20,8,58079.6,116
2019-08-20,9,60509.6,117
2019-08-20,10,61685.0,118
2019-08-20,11,62793.3,119
2019-08-20,12,62793.3,119
2019-08-20,13,65284.3,121
2019-08-20,14,65284.3,121
2019-08-20,15,65284.3,121
2019-08-20,16,65284.3,121
2019-08-20,17,65284.3,121
2019-08-20,18,63594.3,120
2019-08-20,19,62512.1,119
2019-08-20,20,62512.1,119
2019-08-20,21,60007.4,117
2019-08-20,22,54770.8,113
2019-08-20,23,51811.7,111
2019-08-21,0,46069.3,109
2019-08-21,1,46069.3,109
2019-08-21,2,44238.4,107
2019-08-21,3,44238.4,107
2019-08-21,4,49125.2,109
2019-08-21,5,49125.2,109
2019-08-21,6,49803.3,110
2019-08-21,7,53493.3,113
2019-08-21,8,55344.1,114
2019-08-21,9,56658.9,115
2019-08-21,10,60200.200000000004,118
2019-08-21,11,63233.2,121
2019-08-21,12,65612.8,122
2019-08-21,13,67302.8,123
2019-08-21,14,67302.8,123
2019-08-21,15,67302.8,123
2019-08-21,16,67302.8,123
2019-08-21,17,67302.8,123
2019-08-21,18,64811.8,121
2019-08-21,19,62539.7,119
2019-08-21,20,61736.5,118
2019-08-21,21,59234.9,116
2019-08-21,22,52673.0,111
2019-08-21,23,50686.3,109
2019-08-22,0,48952.3,108
2019-08-22,1,48109.8,107
2019-08-22,2,46259.0,106
2019-08-22,3,46259.0,106
2019-08-22,4,48871.4,108
2019-08-22,5,48871.4,108
2019-08-22,6,52553.1,111
2019-08-22,7,57726.8,115
2019-08-22,8,57726.8,115
2019-08-22,9,57726.8,115
2019-08-22,10,62579.8,119
2019-08-22,11,63688.1,120
2019-08-22,12,66460.3,122
2019-08-22,13,67302.8,123
2019-08-22,14,67302.8,123
2019-08-22,15,67302.8,123
2019-08-22,16,67302.8,123
2019-08-22,17,67302.8,123
2019-08-22,18,67302.8,123
2019-08-22,19,65612.8,122
2019-08-22,20,65612.8,122
2019-08-22,21,64809.6,121
2019-08-22,22,58888.7,117
2019-08-22,23,56902.0,115
2019-08-23,0,45682.3,108
2019-08-23,1,44038.8,106
2019-08-23,2,41523.1,103
2019-08-23,3,41523.1,103
2019-08-23,4,44752.2,107
2019-08-23,5,45630.6,108
2019-08-23,6,49639.0,109
2019-08-23,7,51469.9,111
2019-08-23,8,53320.7,112
2019-08-23,9,53320.7,112
2019-08-23,10,59427.4,116
2019-08-23,11,60421.1,116
2019-08-23,12,60602.8,117
2019-08-23,13,62292.8,118
2019-08-23,14,62292.8,118
2019-08-23,15,62292.8,118
2019-08-23,16,60602.8,117
2019-08-23,17,58098.1,115
2019-08-23,18,58098.1,115
2019-08-23,19,55040.4,113
2019-08-23,20,54531.700000000004,113
2019-08-23,21,54531.700000000004,113
2019-08-23,22,49846.5,109
2019-08-23,23,46259.0,106
2019-08-24,0,42250.6,105
2019-08-24,1,41336.0,104
2019-08-24,2,39826.4,102
2019-08-24,3,39113.0,101
2019-08-24,4,40766.0,103
2019-08-24,5,41336.0,104
2019-08-24,6,45344.4,105
2019-08-24,7,48219.6,108
2019-08-24,8,51362.4,111
2019-08-24,9,53096.4,112
2019-08-24,10,56262.0,114
2019-08-24,11,58130.0,116
2019-08-24,12,60509.6,117
2019-08-24,13,60509.6,117
2019-08-24,14,61685.0,118
2019-08-24,15,61685.0,118
2019-08-24,16,59255.0,117
2019-08-24,17,58172.8,116
2019-08-24,18,54941.0,114
2019-08-24,19,54609.3,112
2019-08-24,20,53252.1,110
2019-08-24,21,51624.7,111
2019-08-24,22,49218.3,109
2019-08-24,23,47484.3,108
2019-08-25,0,45831.3,106
2019-08-25,1,42499.2,103
2019-08-25,2,41837.7,102
2019-08-25,3,41837.7,102
2019-08-25,4,41837.7,102
2019-08-25,5,41837.7,102
2019-08-25,6,43652.0,104
2019-08-25,7,46099.4,106
2019-08-25,8,49782.3,110
2019-08-25,9,51633.1,111
2019-08-25,10,54941.0,114
2019-08-25,11,55793.200000000004,115
2019-08-25,12,56875.4,116
2019-08-25,13,56875.4,116
2019-08-25,14,59255.0,117
2019-08-25,15,59255.0,117
2019-08-25,16,59255.0,117
2019-08-25,17,59255.0,117
2019-08-25,18,60431.0,118
2019-08-25,19,59627.8,117
2019-08-25,20,59627.8,117
2019-08-25,21,56058.3,115
2019-08-25,22,50519.4,109
2019-08-25,23,45358.2,107
2019-08-26,0,43562.8,106
2019-08-26,1,40247.3,103
2019-08-26,2,40247.3,103
2019-08-26,3,42042.7,104
2019-08-26,4,47515.8,107
2019-08-26,5,49366.6,108
2019-08-26,6,51197.5,110
2019-08-26,7,51998.5,111
2019-08-26,8,55952.200000000004,115
2019-08-26,9,60282.6,118
2019-08-26,10,64122.5,122
2019-08-26,11,64122.5,122
2019-08-26,12,65812.5,123
2019-08-26,13,65812.5,123
2019-08-26,14,65812.5,123
2019-08-26,15,65812.5,123
2019-08-26,16,68242.5,124
2019-08-26,17,68242.5,124
2019-08-26,18,68242.5,124
2019-08-26,19,67066.5,123
2019-08-26,20,67066.5,123
2019-08-26,21,62599.6,119
2019-08-26,22,57178.8,114
2019-08-26,23,53012.8,111
2019-08-27,0,45089.2,106
2019-08-27,1,43249.2,105
2019-08-27,2,42587.7,104
2019-08-27,3,42587.7,104
2019-08-27,4,43249.2,105
2019-08-27,5,43249.2,105
2019-08-27,6,48410.4,107
2019-08-27,7,49088.5,108
2019-08-27,8,52504.1,111
2019-08-27,9,53694.0,112
2019-08-27,10,53694.0,112
2019-08-27,11,53694.0,112
2019-08-27,12,53694.0,112
2019-08-27,13,53694.0,112
2019-08-27,14,53694.0,112
2019-08-27,15,53694.0,112
2019-08-27,16,53694.0,112
2019-08-27,17,53694.0,112
2019-08-27,18,53694.0,112
2019-08-27,19,53694.0,112
2019-08-27,20,53694.0,112
2019-08-27,21,50770.1,110
2019-08-27,22,47935.7,107
2019-08-27,23,49669.7,108
2019-08-28,0,41590.9,104
2019-08-28,1,41446.8,103
2019-08-28,2,38228.2,100
2019-08-28,3,37907.8,98
2019-08-28,4,42250.6,105
2019-08-28,5,46259.0,106
2019-08-28,6,48290.2,108
2019-08-28,7,50853.7,111
2019-08-28,8,53777.6,113
2019-08-28,9,55628.4,114
2019-08-28,10,58119.2,116
2019-08-28,11,60498.8,117
2019-08-28,12,63375.6,119
2019-08-28,13,63375.6,119
2019-08-28,14,64551.0,120
2019-08-28,15,64551.0,120
2019-08-28,16,64551.0,120
2019-08-28,17,62057.8,118
2019-08-28,18,62057.8,118
2019-08-28,19,59627.8,117
2019-08-28,20,59627.8,117
2019-08-28,21,55206.1,114
2019-08-28,22,50754.7,110
2019-08-28,23,44895.5,108
2019-08-29,0,44217.4,107
2019-08-29,1,42483.4,106
2019-08-29,2,41330.6,105
2019-08-29,3,41330.6,105
2019-08-29,4,44399.4,105
2019-08-29,5,46133.4,106
2019-08-29,6,46934.4,107
2019-08-29,7,47812.8,108
2019-08-29,8,51756.0,111
2019-08-29,9,54601.3,114
2019-08-29,10,55916.1,115
2019-08-29,11,62176.2,119
2019-08-29,12,62854.3,120
2019-08-29,13,62854.3,120
2019-08-29,14,62854.3,120
2019-08-29,15,62854.3,120
2019-08-29,16,62854.3,120
2019-08-29,17,62854.3,120
2019-08-29,18,62053.3,119
2019-08-29,19,60363.3,118
2019-08-29,20,59281.1,117
2019-08-29,21,56435.8,114
2019-08-29,22,52202.7,111
2019-08-29,23,49063.2,108
2019-08-30,0,43320.8,106
2019-08-30,1,43320.8,106
2019-08-30,2,42607.4,105
2019-08-30,3,41667.8,104
2019-08-30,4,44199.2,107
2019-08-30,5,48207.6,108
2019-08-30,6,48207.6,108
2019-08-30,7,50038.5,110
2019-08-30,8,53765.6,113
2019-08-30,9,54617.8,114
2019-08-30,10,55793.200000000004,115
2019-08-30,11,62053.3,119
2019-08-30,12,62053.3,119
2019-08-30,13,61494.3,118
2019-08-30,14,62053.3,119
2019-08-30,15,60738.5,118
2019-08-30,16,57197.7,116
2019-08-30,17,53735.9,114
2019-08-30,18,52001.9,113
2019-08-30,19,51670.200000000004,111
2019-08-30,20,51851.9,112
2019-08-30,21,49858.8,110
2019-08-30,22,47276.9,108
2019-08-30,23,46749.8,107
2019-08-31,0,42028.0,105
2019-08-31,1,38125.8,101
2019-08-31,2,37186.2,100
2019-08-31,3,37186.2,100
2019-08-31,4,39585.2,103
2019-08-31,5,39585.2,103
2019-08-31,6,42006.0,105
2019-08-31,7,46014.4,106
2019-08-31,8,48723.7,109
2019-08-31,9,49805.9,110
2019-08-31,10,52343.1,112
2019-08-31,11,53533.0,113
2019-08-31,12,54847.8,114
2019-08-31,13,57227.4,115
2019-08-31,14,57227.4,115
2019-08-31,15,57227.4,115
2019-08-31,16,56889.7,115
2019-08-31,17,56889.7,115
2019-08-31,18,53323.3,113
2019-08-31,19,52241.1,112
2019-08-31,20,51437.9,111
2019-08-31,21,49587.1,110
2019-08-31,22,48030.6,108
2019-08-31,23,45143.8,106
2019-09-01,0,41135.4,105
2019-09-01,1,40389.4,104
2019-09-01,2,38904.8,102
2019-09-01,3,39650.8,103
2019-09-01,4,39650.8,103
2019-09-01,5,39650.8,103
2019-09-01,6,41135.4,105
2019-09-01,7,47378.8,108
2019-09-01,8,50122.1,111
2019-09-01,9,55425.6,114
2019-09-01,10,58079.6,116
2019-09-01,11,60945.0,118
2019-09-01,12,60945.0,118
2019-09-01,13,63375.0,119
2019-09-01,14,62816.0,118
2019-09-01,15,62060.2,118
2019-09-01,16,62060.2,118
2019-09-01,17,60370.2,117
2019-09-01,18,60370.2,117
2019-09-01,19,58519.4,116
2019-09-01,20,56529.4,114
2019-09-01,21,56529.4,114
2019-09-01,22,51225.9,111
2019-09-01,23,48219.6,108
2019-09-02,0,44211.2,107
2019-09-02,1,43332.8,106
2019-09-02,2,41848.2,104
2019-09-02,3,39960.0,102
2019-09-02,4,40996.0,103
2019-09-02,5,42846.8,104
2019-09-02,6,41764.6,103
2019-09-02,7,46362.6,108
2019-09-02,8,51049.1,110
2019-09-02,9,54743.5,112
2019-09-02,10,57664.3,114
2019-09-02,11,58839.7,115
2019-09-02,12,60029.6,116
2019-09-02,13,60832.8,117
2019-09-02,14,60832.8,117
2019-09-02,15,61685.0,118
2019-09-02,16,61685.0,118
2019-09-02,17,60602.8,117
2019-09-02,18,58752.0,116
2019-09-02,19,57562.1,115
2019-09-02,20,55024.9,113
2019-09-02,21,55024.9,113
2019-09-02,22,50143.700000000004,110
2019-09-02,23,48290.2,108
2019-09-03,0,43129.0,106
2019-09-03,1,42559.0,105
2019-09-03,2,40741.0,103
2019-09-03,3,40741.0,103
2019-09-03,4,44749.4,104
2019-09-03,5,44749.4,104
2019-09-03,6,46472.2,106
2019-09-03,7,48968.3,109
2019-09-03,8,52553.1,111
2019-09-03,9,53743.0,112
2019-09-03,10,58240.6,115
2019-09-03,11,60509.6,117
2019-09-03,12,61685.0,118
2019-09-03,13,63375.0,119
2019-09-03,14,63375.0,119
2019-09-03,15,63375.0,119
2019-09-03,16,63375.0,119
2019-09-03,17,61685.0,118
2019-09-03,18,61685.0,118
2019-09-03,19,61685.0,118
2019-09-03,20,59255.0,117
2019-09-03,21,57212.9,115
2019-09-03,22,50754.7,110
2019-09-03,23,47073.0,107
2019-09-04,0,43064.6,106
2019-09-04,1,41330.6,105
2019-09-04,2,40406.8,104
2019-09-04,3,41330.6,105
2019-09-04,4,42811.9,107
2019-09-04,5,44765.7,109
2019-09-04,6,46778.7,110
2019-09-04,7,50787.1,111
2019-09-04,8,54706.2,114
2019-09-04,9,57938.0,116
2019-09-04,10,60056.0,118
2019-09-04,11,60056.0,118
2019-09-04,12,60056.0,118
2019-09-04,13,61746.0,119
2019-09-04,14,61497.0,118
2019-09-04,15,61746.0,119
2019-09-04,16,61746.0,119
2019-09-04,17,60056.0,118
2019-09-04,18,60056.0,118
2019-09-04,19,60056.0,118
2019-09-04,20,59255.0,117
2019-09-04,21,56889.7,115
2019-09-04,22,50977.7,111
2019-09-04,23,48565.6,109
2019-09-05,0,43404.4,107
2019-09-05,1,42322.2,106
2019-09-05,2,41382.6,105
2019-09-05,3,41382.6,105
2019-09-05,4,47412.8,108
2019-09-05,5,47412.8,108
2019-09-05,6,49444.0,110
2019-09-05,7,53706.9,113
2019-09-05,8,56808.3,116
2019-09-05,9,57609.3,117
2019-09-05,10,59960.7,119
2019-09-05,11,62340.3,120
2019-09-05,12,64030.3,121
2019-09-05,13,64030.3,121
2019-09-05,14,64030.3,121
2019-09-05,15,64030.3,121
2019-09-05,16,64030.3,121
2019-09-05,17,64030.3,121
2019-09-05,18,64030.3,121
2019-09-05,19,62340.3,120
2019-09-05,20,62340.3,120
2019-09-05,21,61537.1,119
2019-09-05,22,57938.6,116
2019-09-05,23,53193.1,113
2019-09-06,0,46297.9,110
2019-09-06,1,43646.1,108
2019-09-06,2,42968.0,107
2019-09-06,3,42028.4,106
2019-09-06,4,46036.8,107
2019-09-06,5,46036.8,107
2019-09-06,6,47887.6,108
2019-09-06,7,50658.1,111
2019-09-06,8,53195.3,113
2019-09-06,9,55625.3,114
2019-09-06,10,58130.0,116
2019-09-06,11,62171.4,119
2019-09-06,12,66081.0,121
2019-09-06,13,66081.0,121
2019-09-06,14,66081.0,121
2019-09-06,15,66081.0,121
2019-09-06,16,66081.0,121
2019-09-06,17,66081.0,121
2019-09-06,18,64391.0,120
2019-09-06,19,60824.6,118
2019-09-06,20,59972.4,117
2019-09-06,21,57048.5,115
2019-09-06,22,54252.4,112
2019-09-06,23,50818.8,109
2019-09-07,0,46810.4,108
2019-09-07,1,45280.4,107
2019-09-07,2,42384.8,104
2019-09-07,3,42384.8,104
2019-09-07,4,42384.8,104
2019-09-07,5,42384.8,104
2019-09-07,6,44338.6,106
2019-09-07,7,49533.8,108
2019-09-07,8,52757.9,112
2019-09-07,9,55882.200000000004,115
2019-09-07,10,58931.0,117
2019-09-07,11,60621.0,118
2019-09-07,12,64176.0,120
2019-09-07,13,64176.0,120
2019-09-07,14,64176.0,120
2019-09-07,15,64176.0,120
2019-09-07,16,64176.0,120
2019-09-07,17,61403.8,118
2019-09-07,18,60602.8,117
2019-09-07,19,57565.200000000004,115
2019-09-07,20,55572.1,113
2019-09-07,21,52340.3,111
2019-09-07,22,48135.2,106
2019-09-07,23,45248.4,104
2019-09-08,0,43090.8,104
2019-09-08,1,40683.9,101
2019-09-08,2,38950.3,99
2019-09-08,3,37914.3,98
2019-09-08,4,36063.5,97
2019-09-08,5,36063.5,97
2019-09-08,6,39067.1,99
2019-09-08,7,40764.6,101
2019-09-08,8,44870.4,106
2019-09-08,9,46860.4,108
2019-09-08,10,52861.7,111
2019-09-08,11,56195.6,114
2019-09-08,12,55895.0,114
2019-09-08,13,59450.0,116
2019-09-08,14,59450.0,116
2019-09-08,15,59450.0,116
2019-09-08,16,59450.0,116
2019-09-08,17,59450.0,116
2019-09-08,18,58646.8,115
2019-09-08,19,57369.6,115
2019-09-08,20,57369.6,115
2019-09-08,21,51290.1,110
2019-09-08,22,44116.1,107
2019-09-08,23,40285.3,102
2019-09-09,0,37400.3,99
2019-09-09,1,33977.9,97
2019-09-09,2,33977.9,97
2019-09-09,3,32575.1,95
2019-09-09,4,39009.9,102
2019-09-09,5,39009.9,102
2019-09-09,6,41464.4,105
2019-09-09,7,43198.4,106
2019-09-09,8,45049.2,107
2019-09-09,9,47717.3,110
2019-09-09,10,53040.5,112
2019-09-09,11,57020.0,115
2019-09-09,12,59255.0,117
2019-09-09,13,59255.0,117
2019-09-09,14,59255.0,117
2019-09-09,15,59255.0,117
2019-09-09,16,59255.0,117
2019-09-09,17,59255.0,117
2019-09-09,18,59255.0,117
2019-09-09,19,55793.200000000004,115
2019-09-09,20,54617.8,114
2019-09-09,21,50285.1,110
2019-09-09,22,42743.9,105
2019-09-09,23,39122.3,100
2019-09-10,0,34653.3,97
2019-09-10,1,34653.3,97
2019-09-10,2,32802.5,96
2019-09-10,3,34597.9,97
2019-09-10,4,38195.3,100
2019-09-10,5,38045.3,99
2019-09-10,6,39418.5,101
2019-09-10,7,43873.8,106
2019-09-10,8,50538.9,110
2019-09-10,9,51223.6,108
2019-09-10,10,53040.5,112
2019-09-10,11,54640.4,114
2019-09-10,12,54640.4,114
2019-09-10,13,56875.4,116
2019-09-10,14,59255.0,117
2019-09-10,15,58102.2,116
2019-09-10,16,55722.6,115
2019-09-10,17,55722.6,115
2019-09-10,18,53450.5,113
2019-09-10,19,52598.3,112
2019-09-10,20,52598.3,112
2019-09-10,21,49591.3,108
2019-09-10,22,41943.6,102
2019-09-10,23,37329.8,97
2019-09-11,0,33510.8,93
2019-09-11,1,32285.9,91
2019-09-11,2,32115.5,90
2019-09-11,3,33049.6,94
2019-09-11,4,37722.9,99
2019-09-11,5,38646.7,100
2019-09-11,6,40222.8,102
2019-09-11,7,41026.0,103
2019-09-11,8,44008.1,106
2019-09-11,9,45689.7,108
2019-09-11,10,49032.1,111
2019-09-11,11,53040.5,112
2019-09-11,12,55470.5,113
2019-09-11,13,56660.4,114
2019-09-11,14,56660.4,114
2019-09-11,15,56660.4,114
2019-09-11,16,56660.4,114
2019-09-11,17,54795.5,112
2019-09-11,18,53842.3,110
2019-09-11,19,51821.1,108
2019-09-11,20,51991.5,109
2019-09-11,21,47677.7,106
2019-09-11,22,41179.1,103
2019-09-11,23,37967.5,99
2019-09-12,0,34519.1,96
2019-09-12,1,32796.3,93
2019-09-12,2,31935.3,92
2019-09-12,3,32646.3,92
2019-09-12,4,38243.4,98
2019-09-12,5,38393.4,99
2019-09-12,6,42250.6,105
2019-09-12,7,43129.0,106
2019-09-12,8,48871.4,108
2019-09-12,9,49737.8,107
2019-09-12,10,52380.5,109
2019-09-12,11,56074.9,111
2019-09-12,12,56412.6,111
2019-09-12,13,58597.8,115
2019-09-12,14,58597.8,115
2019-09-12,15,58597.8,115
2019-09-12,16,58597.8,115
2019-09-12,17,58266.1,113
2019-09-12,18,58447.8,114
2019-09-12,19,56597.0,113
2019-09-12,20,56747.0,114
2019-09-12,21,50247.9,109
2019-09-12,22,47897.0,107
2019-09-12,23,46582.2,106
2019-09-13,0,40920.8,103
2019-09-13,1,38886.1,100
2019-09-13,2,37971.5,99
2019-09-13,3,37971.5,99
2019-09-13,4,42003.8,104
2019-09-13,5,42573.8,105
2019-09-13,6,46582.2,106
2019-09-13,7,48542.8,108
2019-09-13,8,53763.1,113
2019-09-13,9,54949.9,114
2019-09-13,10,56139.8,115
2019-09-13,11,60370.2,117
2019-09-13,12,60370.2,117
2019-09-13,13,61685.0,118
2019-09-13,14,61685.0,118
2019-09-13,15,61685.0,118
2019-09-13,16,61685.0,118
2019-09-13,17,61685.0,118
2019-09-13,18,58172.8,116
2019-09-13,19,54617.8,114
2019-09-13,20,53765.6,113
2019-09-13,21,53765.6,113
2019-09-13,22,50216.0,109
2019-09-13,23,48482.0,108
2019-09-14,0,43320.8,106
2019-09-14,1,43320.8,106
2019-09-14,2,42004.8,104
2019-09-14,3,42004.8,104
2019-09-14,4,42004.8,104
2019-09-14,5,42004.8,104
2019-09-14,6,43320.8,106
2019-09-14,7,49360.4,109
2019-09-14,8,51772.5,111
2019-09-14,9,56997.4,115
2019-09-14,10,58172.8,116
2019-09-14,11,60945.0,118
2019-09-14,12,60945.0,118
2019-09-14,13,60945.0,118
2019-09-14,14,60945.0,118
2019-09-14,15,60945.0,118
2019-09-14,16,60945.0,118
2019-09-14,17,60945.0,118
2019-09-14,18,59255.0,117
2019-09-14,19,59255.0,117
2019-09-14,20,57940.2,116
2019-09-14,21,56750.3,115
2019-09-14,22,51539.9,111
2019-09-14,23,50661.5,110
2019-09-15,0,43088.2,106
2019-09-15,1,43088.2,106
2019-09-15,2,41202.8,104
2019-09-15,3,41202.8,104
2019-09-15,4,41202.8,104
2019-09-15,5,41202.8,104
2019-09-15,6,42285.0,105
2019-09-15,7,44241.0,107
2019-09-15,8,49983.4,109
2019-09-15,9,52854.7,112
2019-09-15,10,54030.1,113
2019-09-15,11,56875.4,116
2019-09-15,12,57676.4,117
2019-09-15,13,60056.0,118
2019-09-15,14,60056.0,118
2019-09-15,15,60056.0,118
2019-09-15,16,60056.0,118
2019-09-15,17,60056.0,118
2019-09-15,18,59885.6,117
2019-09-15,19,60056.0,118
2019-09-15,20,57676.4,117
2019-09-15,21,55171.700000000004,115
2019-09-15,22,52040.3,112
2019-09-15,23,46475.4,109
2019-09-16,0,44741.4,108
2019-09-16,1,42089.6,106
2019-09-16,2,41007.4,105
2019-09-16,3,41007.4,105
2019-09-16,4,46098.0,107
2019-09-16,5,47948.8,108
2019-09-16,6,49682.8,109
2019-09-16,7,51714.0,111
2019-09-16,8,53582.0,113
2019-09-16,9,57276.4,115
2019-09-16,10,59706.4,116
2019-09-16,11,60881.8,117
2019-09-16,12,61514.6,117
2019-09-16,13,61685.0,118
2019-09-16,14,61685.0,118
2019-09-16,15,61685.0,118
2019-09-16,16,61685.0,118
2019-09-16,17,59750.6,116
2019-09-16,18,58560.7,115
2019-09-16,19,57373.9,114
2019-09-16,20,56695.8,113
2019-09-16,21,53647.0,111
2019-09-16,22,50464.200000000004,109
2019-09-16,23,46687.6,105
2019-09-17,0,42679.2,104
2019-09-17,1,41764.6,103
2019-09-17,2,40825.0,102
2019-09-17,3,41739.6,103
2019-09-17,4,45748.0,104
2019-09-17,5,45748.0,104
2019-09-17,6,46900.8,105
2019-09-17,7,47840.4,106
2019-09-17,8,49027.2,107
2019-09-17,9,51220.4,109
2019-09-17,10,51790.4,110
2019-09-17,11,54699.8,112
2019-09-17,12,56181.1,114
2019-09-17,13,57871.1,115
2019-09-17,14,57871.1,115
2019-09-17,15,57871.1,115
2019-09-17,16,57871.1,115
2019-09-17,17,57871.1,115
2019-09-17,18,54330.3,113
2019-09-17,19,55182.5,114
2019-09-17,20,53995.700000000004,113
2019-09-17,21,51199.6,110
2019-09-17,22,52172.0,110
2019-09-17,23,45254.2,107
2019-09-18,0,40597.6,103
2019-09-18,1,39021.5,101
2019-09-18,2,37226.1,100
2019-09-18,3,38165.7,101
2019-09-18,4,42250.6,105
2019-09-18,5,43403.4,106
2019-09-18,6,47411.8,107
2019-09-18,7,49262.6,108
2019-09-18,8,48410.4,107
2019-09-18,9,50912.0,109
2019-09-18,10,52468.5,111
2019-09-18,11,55005.7,113
2019-09-18,12,56087.9,114
2019-09-18,13,59642.9,116
2019-09-18,14,59642.9,116
2019-09-18,15,59642.9,116
2019-09-18,16,59642.9,116
2019-09-18,17,59642.9,116
2019-09-18,18,59642.9,116
2019-09-18,19,57212.9,115
2019-09-18,20,56409.7,114
2019-09-18,21,52843.3,112
2019-09-18,22,49562.0,108
2019-09-18,23,46745.8,106
2019-09-19,0,40645.0,103
2019-09-19,1,38808.1,101
2019-09-19,2,38833.1,101
2019-09-19,3,39747.7,102
2019-09-19,4,45499.8,105
2019-09-19,5,47233.8,106
2019-09-19,6,47233.8,106
2019-09-19,7,48386.6,107
2019-09-19,8,49265.0,108
2019-09-19,9,50451.8,109
2019-09-19,10,50451.8,109
2019-09-19,11,50861.8,110
2019-09-19,12,50861.8,110
2019-09-19,13,51714.0,111
2019-09-19,14,51714.0,111
2019-09-19,15,50561.2,110
2019-09-19,16,49495.6,109
2019-09-19,17,50648.4,110
2019-09-19,18,48797.6,109
2019-09-19,19,48797.6,109
2019-09-19,20,48797.6,109
2019-09-19,21,45251.1,105
2019-09-19,22,41242.7,104
2019-09-19,23,37945.9,101
2019-09-20,0,36292.9,99
2019-09-20,1,35369.1,98
2019-09-20,2,35369.1,98
2019-09-20,3,36308.7,99
2019-09-20,4,41144.6,104
2019-09-20,5,41144.6,104
2019-09-20,6,42995.4,105
2019-09-20,7,42995.4,105
2019-09-20,8,47882.2,107
2019-09-20,9,49069.0,108
2019-09-20,10,51061.9,110
2019-09-20,11,52275.1,112
2019-09-20,12,53450.5,113
2019-09-20,13,53450.5,113
2019-09-20,14,53450.5,113
2019-09-20,15,53450.5,113
2019-09-20,16,53450.5,113
2019-09-20,17,53450.5,113
2019-09-20,18,51599.7,112
2019-09-20,19,50476.1,109
2019-09-20,20,50464.8,109
2019-09-20,21,47903.2,107
2019-09-20,22,41918.5,104
2019-09-20,23,36501.5,98
2019-09-21,0,33977.9,97
2019-09-21,1,32802.5,96
2019-09-21,2,31079.7,93
2019-09-21,3,32019.3,94
2019-09-21,4,32019.3,94
2019-09-21,5,32708.7,95
2019-09-21,6,34665.9,98
2019-09-21,7,38765.3,101
2019-09-21,8,42995.4,105
2019-09-21,9,44182.2,106
2019-09-21,10,48190.6,107
2019-09-21,11,50593.5,110
2019-09-21,12,51321.9,110
2019-09-21,13,53300.5,112
2019-09-21,14,53450.5,113
2019-09-21,15,54640.4,114
2019-09-21,16,54640.4,114
2019-09-21,17,52598.3,112
2019-09-21,18,51645.1,110
2019-09-21,19,49944.3,110
2019-09-21,20,49944.3,110
2019-09-21,21,44749.1,108
2019-09-21,22,39889.5,102
2019-09-21,23,36369.3,99
2019-09-22,0,36745.0,98
2019-09-22,1,33265.6,95
2019-09-22,2,30930.8,92
2019-09-22,3,30930.8,92
2019-09-22,4,31360.7,90
2019-09-22,5,32050.1,91
2019-09-22,6,35061.0,96
2019-09-22,7,38691.4,101
2019-09-22,8,43021.6,105
2019-09-22,9,45060.6,107
2019-09-22,10,48898.6,107
2019-09-22,11,51094.9,108
2019-09-22,12,51773.0,109
2019-09-22,13,54138.3,111
2019-09-22,14,53579.3,110
2019-09-22,15,55793.200000000004,115
2019-09-22,16,56875.4,116
2019-09-22,17,56875.4,116
2019-09-22,18,56875.4,116
2019-09-22,19,56875.4,116
2019-09-22,20,56875.4,116
2019-09-22,21,52843.3,112
2019-09-22,22,47956.5,110
2019-09-22,23,43819.6,106
2019-09-23,0,42880.0,105
2019-09-23,1,40645.0,103
2019-09-23,2,38794.2,102
2019-09-23,3,37344.1,100
2019-09-23,4,42346.2,105
2019-09-23,5,42346.2,105
2019-09-23,6,42346.2,105
2019-09-23,7,48205.4,107
2019-09-23,8,49008.6,108
2019-09-23,9,52625.4,110
2019-09-23,10,57240.0,113
2019-09-23,11,60154.7,116
2019-09-23,12,61006.9,117
2019-09-23,13,61006.9,117
2019-09-23,14,61006.9,117
2019-09-23,15,61685.0,118
2019-09-23,16,61685.0,118
2019-09-23,17,61685.0,118
2019-09-23,18,60509.6,117
2019-09-23,19,60509.6,117
2019-09-23,20,57585.7,115
2019-09-23,21,53320.7,112
2019-09-23,22,50102.7,109
2019-09-23,23,42928.7,106
2019-09-24,0,41311.0,104
2019-09-24,1,41311.0,104
2019-09-24,2,39021.5,101
2019-09-24,3,39021.5,101
2019-09-24,4,43129.0,106
2019-09-24,5,44281.8,107
2019-09-24,6,44281.8,107
2019-09-24,7,50024.2,109
2019-09-24,8,51875.0,110
2019-09-24,9,50163.6,109
2019-09-24,10,53762.5,112
2019-09-24,11,56142.1,113
2019-09-24,12,56945.3,114
2019-09-24,13,58260.1,115
2019-09-24,14,58560.7,115
2019-09-24,15,58560.7,115
2019-09-24,16,58560.7,115
2019-09-24,17,58560.7,115
2019-09-24,18,58560.7,115
2019-09-24,19,58560.7,115
2019-09-24,20,56826.7,114
2019-09-24,21,53271.7,112
2019-09-24,22,47273.3,109
2019-09-24,23,43099.3,104
2019-09-25,0,42159.7,103
2019-09-25,1,37420.4,98
2019-09-25,2,36421.8,98
2019-09-25,3,36421.8,98
2019-09-25,4,40080.6,101
2019-09-25,5,40080.6,101
2019-09-25,6,40616.1,102
2019-09-25,7,47003.8,106
2019-09-25,8,49605.0,109
2019-09-25,9,53189.8,111
2019-09-25,10,53867.9,112
2019-09-25,11,57036.4,115
2019-09-25,12,60602.8,117
2019-09-25,13,60602.8,117
2019-09-25,14,61685.0,118
2019-09-25,15,61685.0,118
2019-09-25,16,61685.0,118
2019-09-25,17,61685.0,118
2019-09-25,18,60495.1,117
2019-09-25,19,60495.1,117
2019-09-25,20,57212.9,115
2019-09-25,21,54030.1,113
2019-09-25,22,47150.4,109
2019-09-25,23,43330.0,105
2019-09-26,0,40656.4,103
2019-09-26,1,39994.9,102
2019-09-26,2,39191.7,101
2019-09-26,3,38277.1,100
2019-09-26,4,43330.0,105
2019-09-26,5,48216.8,107
2019-09-26,6,50451.8,109
2019-09-26,7,50451.8,109
2019-09-26,8,51255.0,110
2019-09-26,9,52107.2,111
2019-09-26,10,55801.6,113
2019-09-26,11,59255.0,117
2019-09-26,12,59255.0,117
2019-09-26,13,59255.0,117
2019-09-26,14,59255.0,117
2019-09-26,15,59255.0,117
2019-09-26,16,59255.0,117
2019-09-26,17,59255.0,117
2019-09-26,18,59255.0,117
2019-09-26,19,59255.0,117
2019-09-26,20,59255.0,117
2019-09-26,21,54030.1,113
2019-09-26,22,51836.9,111
2019-09-26,23,49983.4,109
2019-09-27,0,40353.0,103
2019-09-27,1,38318.3,100
2019-09-27,2,37403.7,99
2019-09-27,3,35437.9,97
2019-09-27,4,39056.7,101
2019-09-27,5,40521.4,103
2019-09-27,6,41674.2,104
2019-09-27,7,44037.2,107
2019-09-27,8,45771.2,108
2019-09-27,9,50631.8,110
2019-09-27,10,51946.6,111
2019-09-27,11,53593.5,111
2019-09-27,12,53775.2,112
2019-09-27,13,55793.200000000004,115
2019-09-27,14,56875.4,116
2019-09-27,15,56875.4,116
2019-09-27,16,56875.4,116
2019-09-27,17,56875.4,116
2019-09-27,18,56875.4,116
2019-09-27,19,55024.6,115
2019-09-27,20,55024.6,115
2019-09-27,21,51734.9,111
2019-09-27,22,46411.700000000004,109
2019-09-27,23,41144.6,104
2019-09-28,0,37720.2,101
2019-09-28,1,35340.9,98
2019-09-28,2,33606.9,97
2019-09-28,3,33606.9,97
2019-09-28,4,34296.3,98
2019-09-28,5,34296.3,98
2019-09-28,6,38765.3,101
2019-09-28,7,42773.7,102
2019-09-28,8,44624.5,103
2019-09-28,9,47529.1,106
2019-09-28,10,50183.5,109
2019-09-28,11,51768.9,111
2019-09-28,12,53450.5,113
2019-09-28,13,53450.5,113
2019-09-28,14,55880.5,114
2019-09-28,15,55880.5,114
2019-09-28,16,55077.3,113
2019-09-28,17,53226.5,112
2019-09-28,18,51492.5,111
2019-09-28,19,51492.5,111
2019-09-28,20,49936.0,109
2019-09-28,21,47284.5,106
2019-09-28,22,41811.3,103
2019-09-28,23,38537.5,100
2019-09-29,0,36310.1,98
2019-09-29,1,35061.2,96
2019-09-29,2,33510.8,94
2019-09-29,3,32571.2,93
2019-09-29,4,33003.2,94
2019-09-29,5,33003.2,94
2019-09-29,6,34831.5,96
2019-09-29,7,39401.1,100
2019-09-29,8,43541.4,104
2019-09-29,9,45586.2,106
2019-09-29,10,50909.4,108
2019-09-29,11,50372.5,110
2019-09-29,12,52971.1,112
2019-09-29,13,54705.1,113
2019-09-29,14,54705.1,113
2019-09-29,15,54705.1,113
2019-09-29,16,54705.1,113
2019-09-29,17,54705.1,113
2019-09-29,18,54123.9,113
2019-09-29,19,54123.9,113
2019-09-29,20,52167.9,111
2019-09-29,21,46094.3,108
2019-09-29,22,41601.5,103
2019-09-29,23,36455.8,96
2019-09-30,0,33665.4,94
2019-09-30,1,32862.2,93
2019-09-30,2,32001.2,92
2019-09-30,3,33294.2,94
2019-09-30,4,37432.0,98
2019-09-30,5,38891.3,100
2019-09-30,6,39461.3,101
2019-09-30,7,42719.0,105
2019-09-30,8,45934.3,108
2019-09-30,9,51129.5,110
2019-09-30,10,52444.3,111
2019-09-30,11,53879.7,112
2019-09-30,12,57097.1,112
2019-09-30,13,56708.5,112
2019-09-30,14,57267.5,113
2019-09-30,15,59450.0,116
2019-09-30,16,59450.0,116
2019-09-30,17,57020.0,115
2019-09-30,18,56517.9,112
2019-09-30,19,56017.8,113
2019-09-30,20,56017.8,113
2019-09-30,21,50426.6,109
2019-09-30,22,43067.1,105
2019-09-30,23,39989.1,101
2019-10-01,0,37254.1,99
2019-10-01,1,34035.5,96
2019-10-01,2,34035.5,96
2019-10-01,3,34574.9,96
2019-10-01,4,39043.9,99
2019-10-01,5,39043.9,99
2019-10-01,6,40908.2,101
2019-10-01,7,42689.9,103
2019-10-01,8,47732.2,106
2019-10-01,9,48748.6,106
2019-10-01,10,50911.9,109
2019-10-01,11,54490.4,113
2019-10-01,12,54640.4,114
2019-10-01,13,57020.0,115
2019-10-01,14,57020.0,115
2019-10-01,15,57020.0,115
2019-10-01,16,57020.0,115
2019-10-01,17,57020.0,115
2019-10-01,18,54640.4,114
2019-10-01,19,54640.4,114
2019-10-01,20,52789.6,113
2019-10-01,21,49918.1,110
2019-10-01,22,42331.5,105
2019-10-01,23,39028.3,101
2019-10-02,0,36293.3,99
2019-10-02,1,33989.3,97
2019-10-02,2,33453.8,96
2019-10-02,3,32764.4,95
2019-10-02,4,37648.1,100
2019-10-02,5,39682.8,103
2019-10-02,6,39682.8,103
2019-10-02,7,45392.0,104
2019-10-02,8,47126.0,105
2019-10-02,9,49069.0,108
2019-10-02,10,53055.0,112
2019-10-02,11,54640.4,114
2019-10-02,12,55793.200000000004,115
2019-10-02,13,59255.0,117
2019-10-02,14,59255.0,117
2019-10-02,15,59255.0,117
2019-10-02,16,59255.0,117
2019-10-02,17,59255.0,117
2019-10-02,18,59255.0,117
2019-10-02,19,58402.8,116
2019-10-02,20,57212.9,115
2019-10-02,21,52843.3,112
2019-10-02,22,47520.1,110
2019-10-02,23,43706.0,106
2019-10-03,0,42766.4,105
2019-10-03,1,39218.1,102
2019-10-03,2,38303.5,101
2019-10-03,3,38303.5,101
2019-10-03,4,42553.2,105
2019-10-03,5,42553.2,105
2019-10-03,6,43706.0,106
2019-10-03,7,48566.6,108
2019-10-03,8,50123.1,110
2019-10-03,9,52113.1,112
2019-10-03,10,54543.1,113
2019-10-03,11,57047.8,115
2019-10-03,12,59427.4,116
2019-10-03,13,60602.8,117
2019-10-03,14,60602.8,117
2019-10-03,15,60602.8,117
2019-10-03,16,59450.0,116
2019-10-03,17,55219.6,114
2019-10-03,18,55069.6,113
2019-10-03,19,53335.6,112
2019-10-03,20,52145.7,111
2019-10-03,21,48599.2,107
2019-10-03,22,43126.1,104
2019-10-03,23,39613.3,100
2019-10-04,0,36878.3,98
2019-10-04,1,35317.4,97
2019-10-04,2,35852.9,98
2019-10-04,3,37648.3,99
2019-10-04,4,42250.6,105
2019-10-04,5,43129.0,106
2019-10-04,6,43129.0,106
2019-10-04,7,48219.6,108
2019-10-04,8,48219.6,108
2019-10-04,9,51237.3,111
2019-10-04,10,53774.5,113
2019-10-04,11,54964.4,114
2019-10-04,12,56815.200000000004,115
2019-10-04,13,59194.8,116
2019-10-04,14,60370.2,117
2019-10-04,15,60370.2,117
2019-10-04,16,59518.0,116
2019-10-04,17,57138.4,115
2019-10-04,18,55287.6,114
2019-10-04,19,54097.7,113
2019-10-04,20,52212.3,111
2019-10-04,21,51025.5,110
2019-10-04,22,48138.7,108
2019-10-04,23,45779.0,105
2019-10-05,0,40831.0,103
2019-10-05,1,40831.0,103
2019-10-05,2,37887.0,99
2019-10-05,3,37887.0,99
2019-10-05,4,37887.0,99
2019-10-05,5,37887.0,99
2019-10-05,6,37887.0,99
2019-10-05,7,42003.8,104
2019-10-05,8,49469.0,108
2019-10-05,9,52212.3,111
2019-10-05,10,53139.200000000004,113
2019-10-05,11,56322.0,115
2019-10-05,12,58172.8,116
2019-10-05,13,57991.1,115
2019-10-05,14,59073.3,116
2019-10-05,15,59255.0,117
2019-10-05,16,59255.0,117
2019-10-05,17,59255.0,117
2019-10-05,18,58079.6,116
2019-10-05,19,57276.4,115
2019-10-05,20,56086.5,114
2019-10-05,21,52520.1,112
2019-10-05,22,49648.8,109
2019-10-05,23,47798.0,108
2019-10-06,0,43789.6,107
2019-10-06,1,39820.6,104
2019-10-06,2,38355.9,102
2019-10-06,3,37441.3,101
2019-10-06,4,37441.3,101
2019-10-06,5,37441.3,101
2019-10-06,6,38355.9,102
2019-10-06,7,41554.6,105
2019-10-06,8,48769.6,109
2019-10-06,9,49956.4,110
2019-10-06,10,52074.4,112
2019-10-06,11,55115.1,114
2019-10-06,12,55115.1,114
2019-10-06,13,60945.0,118
2019-10-06,14,60945.0,118
2019-10-06,15,60624.6,116
2019-10-06,16,60624.6,116
2019-10-06,17,58923.3,115
2019-10-06,18,57138.9,114
2019-10-06,19,55778.6,112
2019-10-06,20,54623.6,111
2019-10-06,21,46839.1,106
2019-10-06,22,41105.9,103
2019-10-06,23,37803.3,99
2019-10-07,0,36189.6,99
2019-10-07,1,31950.3,95
2019-10-07,2,31950.3,95
2019-10-07,3,30701.4,93
2019-10-07,4,33210.2,95
2019-10-07,5,35061.0,96
2019-10-07,6,35061.0,96
2019-10-07,7,36924.4,98
2019-10-07,8,39494.6,102
2019-10-07,9,39494.6,102
2019-10-07,10,40409.2,103
2019-10-07,11,41697.6,105
2019-10-07,12,41697.6,105
2019-10-07,13,43431.6,106
2019-10-07,14,44109.7,107
2019-10-07,15,44109.7,107
2019-10-07,16,45262.5,108
2019-10-07,17,45262.5,108
2019-10-07,18,45262.5,108
2019-10-07,19,45262.5,108
2019-10-07,20,45262.5,108
2019-10-07,21,42650.1,106
2019-10-07,22,40040.9,103
2019-10-07,23,37584.7,100
2019-10-08,0,34055.3,98
2019-10-08,1,31280.0,94
2019-10-08,2,31280.0,94
2019-10-08,3,32528.9,96
2019-10-08,4,35994.1,99
2019-10-08,5,37844.9,100
2019-10-08,6,37844.9,100
2019-10-08,7,38784.5,101
2019-10-08,8,39446.0,102
2019-10-08,9,40016.0,103
2019-10-08,10,40819.2,104
2019-10-08,11,41697.6,105
2019-10-08,12,41697.6,105
2019-10-08,13,47440.0,107
2019-10-08,14,47290.0,106
2019-10-08,15,45494.6,105
2019-10-08,16,45494.6,105
2019-10-08,17,45324.2,104
2019-10-08,18,47440.0,107
2019-10-08,19,46561.6,106
2019-10-08,20,44827.6,105
2019-10-08,21,40819.2,104
2019-10-08,22,35111.2,97
2019-10-08,23,32376.2,95
2019-10-09,0,30823.4,92
2019-10-09,1,27571.1,88
2019-10-09,2,27571.1,88
2019-10-09,3,27389.4,87
2019-10-09,4,30203.5,92
2019-10-09,5,32851.1,94
2019-10-09,6,32851.1,94
2019-10-09,7,35250.0,97
2019-10-09,8,37926.0,101
2019-10-09,9,39112.8,102
2019-10-09,10,41685.5,106
2019-10-09,11,43419.5,107
2019-10-09,12,47427.9,108
2019-10-09,13,48926.6,107
2019-10-09,14,50157.1,110
2019-10-09,15,50157.1,110
2019-10-09,16,50157.1,110
2019-10-09,17,50157.1,110
2019-10-09,18,49304.9,109
2019-10-09,19,49304.9,109
2019-10-09,20,49304.9,109
2019-10-09,21,44109.7,107
2019-10-09,22,38224.5,99
2019-10-09,23,34242.8,96
2019-10-10,0,32215.0,94
2019-10-10,1,30812.2,92
2019-10-10,2,30491.8,90
2019-10-10,3,32077.9,92
2019-10-10,4,35264.8,95
2019-10-10,5,38029.9,100
2019-10-10,6,39182.7,101
2019-10-10,7,40916.7,102
2019-10-10,8,43296.0,105
2019-10-10,9,46039.3,108
2019-10-10,10,50047.7,109
2019-10-10,11,50438.0,109
2019-10-10,12,51422.9,111
2019-10-10,13,53465.0,113
2019-10-10,14,56997.4,115
2019-10-10,15,56997.4,115
2019-10-10,16,54617.8,114
2019-10-10,17,54617.8,114
2019-10-10,18,53814.6,113
2019-10-10,19,53814.6,113
2019-10-10,20,51963.8,112
2019-10-10,21,48708.7,109
2019-10-10,22,41626.7,105
2019-10-10,23,38528.7,101
2019-10-11,0,37537.2,100
2019-10-11,1,34608.4,97
2019-10-11,2,34608.4,97
2019-10-11,3,34285.8,97
2019-10-11,4,36228.2,98
2019-10-11,5,36378.2,99
2019-10-11,6,39265.0,101
2019-10-11,7,36536.1,98
2019-10-11,8,35596.5,97
2019-10-11,9,34883.1,96
2019-10-11,10,35061.0,96
2019-10-11,11,33265.6,95
2019-10-11,12,31414.8,94
2019-10-11,13,31414.8,94
2019-10-11,14,30317.2,92
2019-10-11,15,28582.1,90
2019-10-11,16,28582.1,90
2019-10-11,17,31309.5,92
2019-10-11,18,33474.0,95
2019-10-11,19,33474.0,95
2019-10-11,20,33474.0,95
2019-10-11,21,33474.0,95
2019-10-11,22,30049.6,92
2019-10-11,23,35599.9,98
2019-10-12,0,34511.7,97
2019-10-12,1,27247.9,88
2019-10-12,2,28336.1,89
2019-10-12,3,29082.1,90
2019-10-12,4,29771.5,91
2019-10-12,5,32280.3,93
2019-10-12,6,33132.5,94
2019-10-12,7,34100.0,96
2019-10-12,8,34100.0,96
2019-10-12,9,34100.0,96
2019-10-12,10,34100.0,96
2019-10-12,11,32304.6,95
2019-10-12,12,30437.2,92
2019-10-12,13,29723.8,91
2019-10-12,14,29188.3,90
2019-10-12,15,29188.3,90
2019-10-12,16,29188.3,90
2019-10-12,17,30845.2,93
2019-10-12,18,33580.2,95
2019-10-12,19,33580.2,95
2019-10-12,20,33474.0,95
2019-10-12,21,32534.4,94
2019-10-12,22,29993.0,92
2019-10-12,23,29993.0,92
2019-10-13,0,29303.6,91
2019-10-13,1,28164.5,89
2019-10-13,2,28164.5,89
2019-10-13,3,28853.9,90
2019-10-13,4,29457.5,91
2019-10-13,5,29955.4,92
2019-10-13,6,31750.8,93
2019-10-13,7,33210.2,95
2019-10-13,8,33210.2,95
2019-10-13,9,33210.2,95
2019-10-13,10,34062.4,96
2019-10-13,11,34062.4,96
2019-10-13,12,33419.8,96
2019-10-13,13,35215.2,97
2019-10-13,14,36195.2,99
2019-10-13,15,37119.0,100
2019-10-13,16,38973.2,102
2019-10-13,17,40973.4,105
2019-10-13,18,41651.5,106
2019-10-13,19,41651.5,106
2019-10-13,20,41651.5,106
2019-10-13,21,39820.6,104
2019-10-13,22,36019.1,99
2019-10-13,23,33138.0,95
2019-10-14,0,30403.0,93
2019-10-14,1,30403.0,93
2019-10-14,2,30403.0,93
2019-10-14,3,32198.4,94
2019-10-14,4,35079.5,98
2019-10-14,5,36019.1,99
2019-10-14,6,38531.4,101
2019-10-14,7,39446.0,102
2019-10-14,8,40819.2,104
2019-10-14,9,40819.2,104
2019-10-14,10,44827.6,105
2019-10-14,11,44292.1,104
2019-10-14,12,44292.1,104
2019-10-14,13,44827.6,105
2019-10-14,14,44827.6,105
2019-10-14,15,44827.6,105
2019-10-14,16,44827.6,105
2019-10-14,17,44827.6,105
2019-10-14,18,44827.6,105
2019-10-14,19,44827.6,105
2019-10-14,20,44827.6,105
2019-10-14,21,40819.2,104
2019-10-14,22,38398.4,102
2019-10-14,23,35515.4,98
2019-10-15,0,33862.4,96
2019-10-15,1,32947.8,95
2019-10-15,2,32947.8,95
2019-10-15,3,34407.2,97
2019-10-15,4,38691.4,101
2019-10-15,5,40409.2,103
2019-10-15,6,40409.2,103
2019-10-15,7,44417.6,104
2019-10-15,8,44417.6,104
2019-10-15,9,45604.4,105
2019-10-15,10,47160.9,107
2019-10-15,11,48374.1,109
2019-10-15,12,48374.1,109
2019-10-15,13,50753.7,110
2019-10-15,14,53490.5,111
2019-10-15,15,53640.5,112
2019-10-15,16,53470.1,111
2019-10-15,17,53640.5,112
2019-10-15,18,53640.5,112
2019-10-15,19,51260.9,111
2019-10-15,20,49526.9,110
2019-10-15,21,44379.3,104
2019-10-15,22,37379.7,100
2019-10-15,23,35118.9,98
2019-10-16,0,31749.1,95
2019-10-16,1,28940.5,91
2019-10-16,2,28442.6,90
2019-10-16,3,27405.0,86
2019-10-16,4,33149.8,92
2019-10-16,5,33651.9,95
2019-10-16,6,35502.7,96
2019-10-16,7,35502.7,96
2019-10-16,8,35502.7,96
2019-10-16,9,35502.7,96
2019-10-16,10,35502.7,96
2019-10-16,11,33651.9,95
2019-10-16,12,33651.9,95
2019-10-16,13,32022.9,93
2019-10-16,14,32022.9,93
2019-10-16,15,31853.4,92
2019-10-16,16,32712.3,94
2019-10-16,17,37459.9,99
2019-10-16,18,38612.7,100
2019-10-16,19,38612.7,100
2019-10-16,20,38612.7,100
2019-10-16,21,36329.9,98
2019-10-16,22,32624.3,94
2019-10-16,23,35167.9,97
2019-10-17,0,30709.9,93
2019-10-17,1,27420.3,89
2019-10-17,2,27420.3,89
2019-10-17,3,27420.3,89
2019-10-17,4,32286.3,94
2019-10-17,5,34791.5,97
2019-10-17,6,35537.5,98
2019-10-17,7,35537.5,98
2019-10-17,8,35537.5,98
2019-10-17,9,35537.5,98
2019-10-17,10,35537.5,98
2019-10-17,11,33884.5,96
2019-10-17,12,32659.6,94
2019-10-17,13,32509.6,93
2019-10-17,14,33028.6,93
2019-10-17,15,33028.6,93
2019-10-17,16,33349.0,95
2019-10-17,17,35925.8,98
2019-10-17,18,36840.4,99
2019-10-17,19,36840.4,99
2019-10-17,20,36840.4,99
2019-10-17,21,33984.0,95
2019-10-17,22,29805.4,91
2019-10-17,23,26825.1,87
2019-10-18,0,25566.5,85
2019-10-18,1,25030.1,84
2019-10-18,2,25886.9,87
2019-10-18,3,27907.1,89
2019-10-18,4,32712.3,94
2019-10-18,5,33899.1,95
2019-10-18,6,35762.5,97
2019-10-18,7,36260.4,98
2019-10-18,8,35224.4,97
2019-10-18,9,37493.9,99
2019-10-18,10,36584.5,98
2019-10-18,11,34850.5,97
2019-10-18,12,34850.5,97
2019-10-18,13,35000.5,98
2019-10-18,14,36795.9,99
2019-10-18,15,36795.9,99
2019-10-18,16,36795.9,99
2019-10-18,17,36795.9,99
2019-10-18,18,37948.7,100
2019-10-18,19,37948.7,100
2019-10-18,20,36795.9,99
2019-10-18,21,35110.3,97
2019-10-18,22,30668.8,93
2019-10-18,23,29457.5,91
2019-10-19,0,27867.2,87
2019-10-19,1,24934.8,83
2019-10-19,2,24934.8,83
2019-10-19,3,25116.5,84
2019-10-19,4,27457.1,88
2019-10-19,5,30563.5,91
2019-10-19,6,31252.9,92
2019-10-19,7,36019.1,99
2019-10-19,8,37869.9,100
2019-10-19,9,37869.9,100
2019-10-19,10,40487.4,103
2019-10-19,11,41972.0,105
2019-10-19,12,41972.0,105
2019-10-19,13,44827.6,105
2019-10-19,14,44827.6,105
2019-10-19,15,47714.4,107
2019-10-19,16,47714.4,107
2019-10-19,17,45980.4,106
2019-10-19,18,45980.4,106
2019-10-19,19,45980.4,106
2019-10-19,20,45980.4,106
2019-10-19,21,41972.0,105
2019-10-19,22,39711.2,103
2019-10-19,23,36523.7,99
2019-10-20,0,35584.1,98
2019-10-20,1,33589.2,95
2019-10-20,2,31750.8,93
2019-10-20,3,31750.8,93
2019-10-20,4,31750.8,93
2019-10-20,5,32464.2,94
2019-10-20,6,33125.7,95
2019-10-20,7,35735.1,98
2019-10-20,8,36270.6,99
2019-10-20,9,38121.4,100
2019-10-20,10,38691.4,101
2019-10-20,11,40016.0,103
2019-10-20,12,40819.2,104
2019-10-20,13,42553.2,105
2019-10-20,14,46561.6,106
2019-10-20,15,46312.6,105
2019-10-20,16,44713.1,101
2019-10-20,17,46059.5,103
2019-10-20,18,46561.6,106
2019-10-20,19,46561.6,106
2019-10-20,20,46561.6,106
2019-10-20,21,41903.6,101
2019-10-20,22,38430.7,101
2019-10-20,23,36169.9,99
2019-10-21,0,35672.0,98
2019-10-21,1,29723.6,91
2019-10-21,2,29153.6,90
2019-10-21,3,29153.6,90
2019-10-21,4,32569.5,94
2019-10-21,5,36412.3,99
2019-10-21,6,36290.9,99
2019-10-21,7,39177.7,101
2019-10-21,8,39177.7,101
2019-10-21,9,38464.3,100
2019-10-21,10,38464.3,100
2019-10-21,11,38874.3,101
2019-10-21,12,38874.3,101
2019-10-21,13,39267.3,100
2019-10-21,14,40249.2,103
2019-10-21,15,40249.2,103
2019-10-21,16,40249.2,103
2019-10-21,17,41972.0,105
2019-10-21,18,43054.2,106
2019-10-21,19,43054.2,106
2019-10-21,20,43054.2,106
2019-10-21,21,39866.7,102
2019-10-21,22,35488.1,98
2019-10-21,23,36523.7,99
2019-10-22,0,31555.1,94
2019-10-22,1,27745.8,89
2019-10-22,2,28834.0,90
2019-10-22,3,28834.0,90
2019-10-22,4,33745.7,96
2019-10-22,5,36107.5,99
2019-10-22,6,36107.5,99
2019-10-22,7,37189.7,100
2019-10-22,8,37189.7,100
2019-10-22,9,37189.7,100
2019-10-22,10,36107.5,99
2019-10-22,11,35394.1,98
2019-10-22,12,35394.1,98
2019-10-22,13,35394.1,98
2019-10-22,14,36317.9,99
2019-10-22,15,37945.9,101
2019-10-22,16,37945.9,101
2019-10-22,17,39760.2,103
2019-10-22,18,39760.2,103
2019-10-22,19,39760.2,103
2019-10-22,20,39190.2,102
2019-10-22,21,35346.8,98
2019-10-22,22,31055.1,93
2019-10-22,23,26543.1,87
2019-10-23,0,24666.5,85
2019-10-23,1,21440.5,79
2019-10-23,2,21440.5,79
2019-10-23,3,22832.5,81
2019-10-23,4,26593.9,86
2019-10-23,5,28868.9,88
2019-10-23,6,29471.3,90
2019-10-23,7,30553.3,92
2019-10-23,8,32103.7,94
2019-10-23,9,32103.7,94
2019-10-23,10,34076.7,97
2019-10-23,11,34076.7,97
2019-10-23,12,34076.7,97
2019-10-23,13,36795.9,99
2019-10-23,14,36795.9,99
2019-10-23,15,38646.7,100
2019-10-23,16,39561.3,101
2019-10-23,17,39839.2,102
2019-10-23,18,40992.0,103
2019-10-23,19,40992.0,103
2019-10-23,20,40992.0,103
2019-10-23,21,36752.7,99
2019-10-23,22,30763.0,93
2019-10-23,23,26093.1,86
2019-10-24,0,25004.9,85
2019-10-24,1,25454.9,86
2019-10-24,2,26975.1,88
2019-10-24,3,28768.1,90
2019-10-24,4,33745.7,96
2019-10-24,5,34685.3,97
2019-10-24,6,36690.3,99
2019-10-24,7,36690.3,99
2019-10-24,8,36690.3,99
2019-10-24,9,36461.3,99
2019-10-24,10,36461.3,99
2019-10-24,11,37031.3,100
2019-10-24,12,37031.3,100
2019-10-24,13,37664.1,100
2019-10-24,14,37834.5,101
2019-10-24,15,37834.5,101
2019-10-24,16,38749.1,102
2019-10-24,17,38749.1,102
2019-10-24,18,39747.7,102
2019-10-24,19,41481.7,103
2019-10-24,20,37913.1,100
2019-10-24,21,33459.9,97
2019-10-24,22,27836.1,89
2019-10-24,23,27836.1,89
2019-10-25,0,26825.1,87
2019-10-25,1,23358.5,82
2019-10-25,2,23358.5,82
2019-10-25,3,24528.2,83
2019-10-25,4,27836.1,89
2019-10-25,5,31122.3,92
2019-10-25,6,33127.3,94
2019-10-25,7,34397.0,97
2019-10-25,8,33244.2,96
2019-10-25,9,33244.2,96
2019-10-25,10,33244.2,96
2019-10-25,11,32304.6,95
2019-10-25,12,31299.6,92
2019-10-25,13,29935.6,90
2019-10-25,14,28803.7,87
2019-10-25,15,29202.7,89
2019-10-25,16,30517.6,92
2019-10-25,17,33466.0,95
2019-10-25,18,33303.2,95
2019-10-25,19,33303.2,95
2019-10-25,20,33303.2,95
2019-10-25,21,31020.4,93
2019-10-25,22,31483.8,93
2019-10-25,23,30024.4,91
2019-10-26,0,29092.4,90
2019-10-26,1,29092.4,90
2019-10-26,2,29092.4,90
2019-10-26,3,29092.4,90
2019-10-26,4,30024.4,91
2019-10-26,5,32389.7,95
2019-10-26,6,34240.5,96
2019-10-26,7,34953.9,97
2019-10-26,8,34953.9,97
2019-10-26,9,34953.9,97
2019-10-26,10,33801.1,96
2019-10-26,11,31260.9,94
2019-10-26,12,29117.6,91
2019-10-26,13,28023.1,89
2019-10-26,14,28736.5,90
2019-10-26,15,29295.5,91
2019-10-26,16,30916.9,93
2019-10-26,17,33303.2,95
2019-10-26,18,36962.0,98
2019-10-26,19,36962.0,98
2019-10-26,20,35111.2,97
2019-10-26,21,33458.2,95
2019-10-26,22,31252.9,92
2019-10-26,23,28768.1,90
2019-10-27,0,28768.1,90
2019-10-27,1,25402.7,86
2019-10-27,2,25402.7,86
2019-10-27,3,25402.7,86
2019-10-27,4,26871.1,88
2019-10-27,5,29355.9,90
2019-10-27,6,31754.9,93
2019-10-27,7,32615.9,94
2019-10-27,8,34349.9,95
2019-10-27,9,34349.9,95
2019-10-27,10,31856.5,94
2019-10-27,11,31143.1,93
2019-10-27,12,28582.1,90
2019-10-27,13,28582.1,90
2019-10-27,14,30049.6,92
2019-10-27,15,30049.6,92
2019-10-27,16,33498.0,95
2019-10-27,17,35609.1,98
2019-10-27,18,37459.9,99
2019-10-27,19,37459.9,99
2019-10-27,20,37459.9,99
2019-10-27,21,34685.3,97
2019-10-27,22,31596.9,93
2019-10-27,23,28334.0,90
2019-10-28,0,27836.1,89
2019-10-28,1,26654.7,86
2019-10-28,2,26975.1,88
2019-10-28,3,27836.1,89
2019-10-28,4,32999.7,95
2019-10-28,5,35521.7,98
2019-10-28,6,36461.3,99
2019-10-28,7,36461.3,99
2019-10-28,8,36461.3,99
2019-10-28,9,36461.3,99
2019-10-28,10,36461.3,99
2019-10-28,11,36519.9,98
2019-10-28,12,36519.9,98
2019-10-28,13,34542.8,96
2019-10-28,14,35809.5,99
2019-10-28,15,36733.3,100
2019-10-28,16,38528.7,101
2019-10-28,17,40563.4,104
2019-10-28,18,40563.4,104
2019-10-28,19,40563.4,104
2019-10-28,20,39190.2,102
2019-10-28,21,34291.3,96
2019-10-28,22,28437.5,90
2019-10-28,23,24859.9,85
2019-10-29,0,24859.9,85
2019-10-29,1,24709.9,84
2019-10-29,2,24859.9,85
2019-10-29,3,27475.1,88
2019-10-29,4,31309.5,92
2019-10-29,5,34347.6,95
2019-10-29,6,34347.6,95
2019-10-29,7,36825.5,97
2019-10-29,8,37688.9,99
2019-10-29,9,36536.1,98
2019-10-29,10,36536.1,98
2019-10-29,11,36536.1,98
2019-10-29,12,36536.1,98
2019-10-29,13,35596.5,97
2019-10-29,14,34907.1,96
2019-10-29,15,34193.7,95
2019-10-29,16,36520.3,98
2019-10-29,17,38374.5,100
2019-10-29,18,38374.5,100
2019-10-29,19,39527.3,101
2019-10-29,20,38612.7,100
2019-10-29,21,33515.8,95
2019-10-29,22,28863.5,90
2019-10-29,23,28614.5,89
2019-10-30,0,27526.3,88
2019-10-30,1,27040.1,87
2019-10-30,2,27040.1,87
2019-10-30,3,28890.9,88
2019-10-30,4,33010.3,92
2019-10-30,5,35587.1,95
2019-10-30,6,36426.5,97
2019-10-30,7,37579.3,98
2019-10-30,8,39313.3,99
2019-10-30,9,39163.3,98
2019-10-30,10,37066.3,96
2019-10-30,11,36297.1,96
2019-10-30,12,36297.1,96
2019-10-30,13,34501.7,95
2019-10-30,14,35026.7,94
2019-10-30,15,35275.7,95
2019-10-30,16,38151.3,98
2019-10-30,17,39610.6,100
2019-10-30,18,40108.5,101
2019-10-30,19,40108.5,101
2019-10-30,20,40108.5,101
2019-10-30,21,37330.5,98
2019-10-30,22,32248.3,93
2019-10-30,23,31750.4,92
2019-10-31,0,33087.7,95
2019-10-31,1,33087.7,95
2019-10-31,2,34240.5,96
2019-10-31,3,38433.7,100
2019-10-31,4,45032.3,107
2019-10-31,5,49184.7,112
2019-10-31,6,49184.7,112
2019-10-31,7,49184.7,112
2019-10-31,8,49184.7,112
2019-10-31,9,47224.1,110
2019-10-31,10,45373.3,109
2019-10-31,11,41023.3,103
2019-10-31,12,38136.5,101
2019-10-31,13,35481.3,98
2019-10-31,14,35116.2,98
2019-10-31,15,33128.4,96
2019-10-31,16,35397.9,98
2019-10-31,17,39257.6,102
2019-10-31,18,42416.4,105
2019-10-31,19,42416.4,105
2019-10-31,20,42416.4,105
2019-10-31,21,42006.4,104
2019-10-31,22,39771.4,102
2019-10-31,23,37917.2,100
2019-11-01,0,38831.8,101
2019-11-01,1,38831.8,101
2019-11-01,2,40341.4,103
2019-11-01,3,41528.2,104
2019-11-01,4,49343.4,108
2019-11-01,5,49343.4,108
2019-11-01,6,49343.4,108
2019-11-01,7,48491.2,107
2019-11-01,8,48491.2,107
2019-11-01,9,47118.0,105
2019-11-01,10,41375.6,103
2019-11-01,11,38646.7,100
2019-11-01,12,35429.6,97
2019-11-01,13,32468.8,94
2019-11-01,14,31788.1,92
2019-11-01,15,30751.3,92
2019-11-01,16,33580.1,95
2019-11-01,17,38784.5,101
2019-11-01,18,39937.3,102
2019-11-01,19,39937.3,102
2019-11-01,20,39937.3,102
2019-11-01,21,39937.3,102
2019-11-01,22,36818.7,99
2019-11-01,23,37367.8,97
2019-11-02,0,34026.8,94
2019-11-02,1,30274.2,90
2019-11-02,2,30455.9,91
2019-11-02,3,31489.7,94
2019-11-02,4,34510.0,97
2019-11-02,5,37183.6,99
2019-11-02,6,40262.7,102
2019-11-02,7,40262.7,102
2019-11-02,8,40262.7,102
2019-11-02,9,40262.7,102
2019-11-02,10,37484.7,99
2019-11-02,11,35061.3,97
2019-11-02,12,33265.9,96
2019-11-02,13,31085.0,93
2019-11-02,14,29673.8,91
2019-11-02,15,30232.8,92
2019-11-02,16,32351.6,94
2019-11-02,17,36085.3,98
2019-11-02,18,36085.3,98
2019-11-02,19,36085.3,98
2019-11-02,20,36085.3,98
2019-11-02,21,35371.9,97
2019-11-02,22,34219.1,96
2019-11-02,23,33683.6,95
2019-11-03,0,33683.6,95
2019-11-03,1,32937.6,94
2019-11-03,2,33473.1,95
2019-11-03,3,34219.1,96
2019-11-03,4,35872.1,98
2019-11-03,5,38875.7,100
2019-11-03,6,37688.9,99
2019-11-03,7,37688.9,99
2019-11-03,8,37688.9,99
2019-11-03,9,37688.9,99
2019-11-03,10,34832.1,94
2019-11-03,11,33160.3,93
2019-11-03,12,31309.5,92
2019-11-03,13,28582.1,90
2019-11-03,14,27721.1,89
2019-11-03,15,27721.1,89
2019-11-03,16,30227.5,92
2019-11-03,17,34187.4,96
2019-11-03,18,37074.2,98
2019-11-03,19,36038.2,97
2019-11-03,20,36038.2,97
2019-11-03,21,34885.4,96
2019-11-03,22,31167.1,93
2019-11-03,23,28434.5,90
2019-11-04,0,26632.9,88
2019-11-04,1,25886.9,87
2019-11-04,2,26975.1,88
2019-11-04,3,29303.6,91
2019-11-04,4,31099.0,92
2019-11-04,5,36662.5,99
2019-11-04,6,37375.9,100
2019-11-04,7,38528.7,101
2019-11-04,8,38528.7,101
2019-11-04,9,37614.1,100
2019-11-04,10,37614.1,100
2019-11-04,11,35747.9,98
2019-11-04,12,35747.9,98
2019-11-04,13,33884.5,96
2019-11-04,14,33884.5,96
2019-11-04,15,35537.5,98
2019-11-04,16,37375.9,100
2019-11-04,17,40609.5,102
2019-11-04,18,40609.5,102
2019-11-04,19,40609.5,102
2019-11-04,20,40609.5,102
2019-11-04,21,38813.9,100
2019-11-04,22,35051.7,96
2019-11-04,23,30180.6,92
2019-11-05,0,29266.0,91
2019-11-05,1,28230.0,90
2019-11-05,2,28919.4,91
2019-11-05,3,30072.2,92
2019-11-05,4,31108.2,93
2019-11-05,5,35822.3,98
2019-11-05,6,36674.5,99
2019-11-05,7,38528.7,101
2019-11-05,8,39190.2,102
2019-11-05,9,38037.4,101
2019-11-05,10,38037.4,101
2019-11-05,11,38037.4,101
2019-11-05,12,38037.4,101
2019-11-05,13,37097.8,100
2019-11-05,14,37097.8,100
2019-11-05,15,37097.8,100
2019-11-05,16,39410.6,103
2019-11-05,17,43092.3,106
2019-11-05,18,42240.1,105
2019-11-05,19,42240.1,105
2019-11-05,20,42240.1,105
2019-11-05,21,41670.1,104
2019-11-05,22,38374.5,100
2019-11-05,23,34660.3,97
2019-11-06,0,32864.9,96
2019-11-06,1,31405.5,94
2019-11-06,2,30490.9,93
2019-11-06,3,30490.9,93
2019-11-06,4,32286.3,94
2019-11-06,5,35609.1,98
2019-11-06,6,37375.9,100
2019-11-06,7,37375.9,100
2019-11-06,8,38179.1,101
2019-11-06,9,38179.1,101
2019-11-06,10,38179.1,101
2019-11-06,11,38179.1,101
2019-11-06,12,37264.5,100
2019-11-06,13,35401.1,98
2019-11-06,14,35401.1,98
2019-11-06,15,35401.1,98
2019-11-06,16,36340.7,99
2019-11-06,17,39331.9,102
2019-11-06,18,41065.9,103
2019-11-06,19,41065.9,103
2019-11-06,20,39913.1,102
2019-11-06,21,39109.9,101
2019-11-06,22,33247.8,95
2019-11-06,23,30763.0,93
2019-11-07,0,27741.0,89
2019-11-07,1,26922.4,88
2019-11-07,2,28215.4,90
2019-11-07,3,29303.6,91
2019-11-07,4,30490.4,92
2019-11-07,5,34502.6,97
2019-11-07,6,36153.3,99
2019-11-07,7,37887.3,100
2019-11-07,8,35698.5,98
2019-11-07,9,37493.9,99
2019-11-07,10,37493.9,99
2019-11-07,11,36795.9,99
2019-11-07,12,36795.9,99
2019-11-07,13,38379.9,99
2019-11-07,14,36516.5,97
2019-11-07,15,38367.3,98
2019-11-07,16,37162.4,98
2019-11-07,17,39561.3,101
2019-11-07,18,39561.3,101
2019-11-07,19,38374.5,100
2019-11-07,20,38374.5,100
2019-11-07,21,35596.5,97
2019-11-07,22,31466.3,93
2019-11-07,23,29128.3,89
2019-11-08,0,29128.3,89
2019-11-08,1,27777.8,87
2019-11-08,2,29042.8,89
2019-11-08,3,30498.8,91
2019-11-08,4,32583.6,93
2019-11-08,5,38051.3,98
2019-11-08,6,40059.4,101
2019-11-08,7,40999.0,102
2019-11-08,8,41922.8,103
2019-11-08,9,41922.8,103
2019-11-08,10,41922.8,103
2019-11-08,11,41922.8,103
2019-11-08,12,40188.8,102
2019-11-08,13,39249.2,101
2019-11-08,14,40101.4,102
2019-11-08,15,38250.6,101
2019-11-08,16,39868.3,103
2019-11-08,17,42684.5,105
2019-11-08,18,42684.5,105
2019-11-08,19,44535.3,106
2019-11-08,20,44535.3,106
2019-11-08,21,42006.4,104
2019-11-08,22,41082.6,103
2019-11-08,23,38409.0,101
2019-11-09,0,37977.0,100
2019-11-09,1,35980.2,98
2019-11-09,2,35318.7,97
2019-11-09,3,35750.7,98
2019-11-09,4,36690.3,99
2019-11-09,5,38528.7,101
2019-11-09,6,40262.7,102
2019-11-09,7,40262.7,102
2019-11-09,8,40262.7,102
2019-11-09,9,40262.7,102
2019-11-09,10,38528.7,101
2019-11-09,11,36167.4,98
2019-11-09,12,33457.4,96
2019-11-09,13,31452.4,94
2019-11-09,14,32069.7,94
2019-11-09,15,31356.3,93
2019-11-09,16,33649.6,95
2019-11-09,17,36632.5,98
2019-11-09,18,37556.3,99
2019-11-09,19,37556.3,99
2019-11-09,20,37556.3,99
2019-11-09,21,35822.3,98
2019-11-09,22,34669.5,97
2019-11-09,23,35609.1,98
2019-11-10,0,33100.3,96
2019-11-10,1,30895.0,93
2019-11-10,2,30895.0,93
2019-11-10,3,30895.0,93
2019-11-10,4,31608.4,94
2019-11-10,5,33403.8,95
2019-11-10,6,35302.6,97
2019-11-10,7,37036.6,98
2019-11-10,8,37036.6,98
2019-11-10,9,34743.3,96
2019-11-10,10,33803.7,95
2019-11-10,11,30916.9,93
2019-11-10,12,29514.1,91
2019-11-10,13,29364.1,90
2019-11-10,14,28432.1,89
2019-11-10,15,28432.1,89
2019-11-10,16,30763.0,93
2019-11-10,17,34187.4,96
2019-11-10,18,36254.8,98
2019-11-10,19,36254.8,98
2019-11-10,20,36254.8,98
2019-11-10,21,33880.8,95
2019-11-10,22,28371.6,90
2019-11-10,23,25498.1,85
2019-11-11,0,24409.9,84
2019-11-11,1,22702.9,82
2019-11-11,2,22166.5,81
2019-11-11,3,22166.5,81
2019-11-11,4,25133.1,85
2019-11-11,5,31204.3,94
2019-11-11,6,35750.7,98
2019-11-11,7,36160.7,99
2019-11-11,8,36160.7,99
2019-11-11,9,37347.5,100
2019-11-11,10,40125.5,103
2019-11-11,11,38972.7,102
2019-11-11,12,40287.5,103
2019-11-11,13,40857.5,104
2019-11-11,14,42591.5,105
2019-11-11,15,43744.3,106
2019-11-11,16,46934.7,109
2019-11-11,17,48616.3,111
2019-11-11,18,48616.3,111
2019-11-11,19,48616.3,111
2019-11-11,20,48616.3,111
2019-11-11,21,47086.0,109
2019-11-11,22,41170.2,102
2019-11-11,23,41170.2,102
2019-11-12,0,41170.2,102
2019-11-12,1,39033.6,99
2019-11-12,2,39033.6,99
2019-11-12,3,42888.0,104
2019-11-12,4,44063.4,105
2019-11-12,5,51380.2,108
2019-11-12,6,53103.0,110
2019-11-12,7,54863.3,112
2019-11-12,8,54863.3,112
2019-11-12,9,53548.5,111
2019-11-12,10,53280.4,111
2019-11-12,11,52198.200000000004,110
2019-11-12,12,49469.0,108
2019-11-12,13,45460.6,107
2019-11-12,14,43726.6,106
2019-11-12,15,45577.4,107
2019-11-12,16,48882.4,110
2019-11-12,17,53973.0,112
2019-11-12,18,55159.8,113
2019-11-12,19,55159.8,113
2019-11-12,20,55159.8,113
2019-11-12,21,55159.8,113
2019-11-12,22,52413.4,110
2019-11-12,23,49597.2,108
2019-11-13,0,48657.6,107
2019-11-13,1,47944.2,106
2019-11-13,2,47944.2,106
2019-11-13,3,48657.6,107
2019-11-13,4,50391.6,108
2019-11-13,5,53690.9,112
2019-11-13,6,54543.1,113
2019-11-13,7,54543.1,113
2019-11-13,8,54543.1,113
2019-11-13,9,54543.1,113
2019-11-13,10,47497.1,110
2019-11-13,11,46819.0,109
2019-11-13,12,44935.0,107
2019-11-13,13,42979.0,105
2019-11-13,14,41336.0,104
2019-11-13,15,41336.0,104
2019-11-13,16,44281.8,107
2019-11-13,17,50141.0,109
2019-11-13,18,51875.0,110
2019-11-13,19,50024.2,109
2019-11-13,20,50024.2,109
2019-11-13,21,50024.2,109
2019-11-13,22,48206.2,107
2019-11-13,23,49288.4,108
2019-11-14,0,43546.0,106
2019-11-14,1,41549.2,104
2019-11-14,2,41549.2,104
2019-11-14,3,43400.0,105
2019-11-14,4,46336.4,108
2019-11-14,5,49648.8,109
2019-11-14,6,49648.8,109
2019-11-14,7,49648.8,109
2019-11-14,8,49648.8,109
2019-11-14,9,46610.6,106
2019-11-14,10,41750.0,104
2019-11-14,11,41750.0,104
2019-11-14,12,39354.5,102
2019-11-14,13,38078.6,99
2019-11-14,14,37369.6,97
2019-11-14,15,38249.0,100
2019-11-14,16,39354.5,102
2019-11-14,17,45909.8,106
2019-11-14,18,48796.6,108
2019-11-14,19,48796.6,108
2019-11-14,20,48386.6,107
2019-11-14,21,48386.6,107
2019-11-14,22,47583.4,106
2019-11-14,23,43005.0,104
2019-11-15,0,41382.6,103
2019-11-15,1,41487.2,103
2019-11-15,2,41754.9,103
2019-11-15,3,42444.3,104
2019-11-15,4,44632.0,107
2019-11-15,5,50374.4,109
2019-11-15,6,51226.6,110
2019-11-15,7,51226.6,110
2019-11-15,8,51226.6,110
2019-11-15,9,49375.8,109
2019-11-15,10,44285.2,107
2019-11-15,11,41178.0,104
2019-11-15,12,37852.1,100
2019-11-15,13,34716.9,95
2019-11-15,14,34027.5,94
2019-11-15,15,33564.1,94
2019-11-15,16,36290.9,98
2019-11-15,17,39508.7,103
2019-11-15,18,42021.0,105
2019-11-15,19,42021.0,105
2019-11-15,20,41904.2,105
2019-11-15,21,41904.2,105
2019-11-15,22,40751.4,104
2019-11-15,23,39017.4,103
2019-11-16,0,39017.4,103
2019-11-16,1,39017.4,103
2019-11-16,2,40170.2,104
2019-11-16,3,40170.2,104
2019-11-16,4,42021.0,105
2019-11-16,5,46029.4,106
2019-11-16,6,46911.2,106
2019-11-16,7,46911.2,106
2019-11-16,8,46911.2,106
2019-11-16,9,45401.6,104
2019-11-16,10,42596.1,101
2019-11-16,11,38587.7,100
2019-11-16,12,35446.5,96
2019-11-16,13,32767.7,94
2019-11-16,14,30227.5,92
2019-11-16,15,30227.5,92
2019-11-16,16,32010.7,94
2019-11-16,17,36459.3,97
2019-11-16,18,39633.3,100
2019-11-16,19,37899.3,99
2019-11-16,20,37899.3,99
2019-11-16,21,37899.3,99
2019-11-16,22,34951.1,97
2019-11-16,23,36746.5,98
2019-11-17,0,35690.1,97
2019-11-17,1,33894.7,96
2019-11-17,2,34834.3,97
2019-11-17,3,34834.3,97
2019-11-17,4,37343.1,99
2019-11-17,5,41008.2,102
2019-11-17,6,39274.2,101
2019-11-17,7,40758.8,103
2019-11-17,8,40758.8,103
2019-11-17,9,40758.8,103
2019-11-17,10,38612.7,100
2019-11-17,11,34227.0,96
2019-11-17,12,32617.7,93
2019-11-17,13,29481.9,90
2019-11-17,14,29395.8,89
2019-11-17,15,29715.3,91
2019-11-17,16,33210.2,95
2019-11-17,17,38024.1,101
2019-11-17,18,40020.9,103
2019-11-17,19,40020.9,103
2019-11-17,20,40020.9,103
2019-11-17,21,40020.9,103
2019-11-17,22,39106.3,102
2019-11-17,23,37084.5,100
2019-11-18,0,35289.1,99
2019-11-18,1,34365.3,98
2019-11-18,2,34365.3,98
2019-11-18,3,34365.3,98
2019-11-18,4,36160.7,99
2019-11-18,5,42986.4,106
2019-11-18,6,43789.6,107
2019-11-18,7,43789.6,107
2019-11-18,8,43789.6,107
2019-11-18,9,42416.4,105
2019-11-18,10,40020.9,103
2019-11-18,11,37310.7,100
2019-11-18,12,35447.3,98
2019-11-18,13,35447.3,98
2019-11-18,14,35447.3,98
2019-11-18,15,35447.3,98
2019-11-18,16,38024.1,101
2019-11-18,17,42055.6,106
2019-11-18,18,42055.6,106
2019-11-18,19,42055.6,106
2019-11-18,20,42055.6,106
2019-11-18,21,41252.4,105
2019-11-18,22,38938.7,102
2019-11-18,23,36248.1,99
2019-11-19,0,33513.1,97
2019-11-19,1,32360.3,96
2019-11-19,2,32360.3,96
2019-11-19,3,33513.1,97
2019-11-19,4,35308.5,98
2019-11-19,5,41168.8,104
2019-11-19,6,41168.8,104
2019-11-19,7,41168.8,104
2019-11-19,8,41168.8,104
2019-11-19,9,41168.8,104
2019-11-19,10,39274.2,101
2019-11-19,11,37673.1,99
2019-11-19,12,35877.7,98
2019-11-19,13,34953.9,97
2019-11-19,14,33801.1,96
2019-11-19,15,33087.7,95
2019-11-19,16,33651.1,95
2019-11-19,17,37309.9,98
2019-11-19,18,37459.9,99
2019-11-19,19,38612.7,100
2019-11-19,20,38612.7,100
2019-11-19,21,33742.6,95
2019-11-19,22,28967.6,90
2019-11-19,23,25570.9,85
2019-11-20,0,25400.5,84
2019-11-20,1,22296.1,80
2019-11-20,2,22296.1,80
2019-11-20,3,23006.4,80
2019-11-20,4,24044.9,84
2019-11-20,5,28336.1,89
2019-11-20,6,30839.0,92
2019-11-20,7,30839.0,92
2019-11-20,8,33380.4,94
2019-11-20,9,33380.4,94
2019-11-20,10,32659.6,94
2019-11-20,11,32659.6,94
2019-11-20,12,32659.6,94
2019-11-20,13,32509.6,93
2019-11-20,14,32659.6,94
2019-11-20,15,32659.6,94
2019-11-20,16,33599.2,95
2019-11-20,17,36461.3,99
2019-11-20,18,36461.3,99
2019-11-20,19,36461.3,99
2019-11-20,20,37614.1,100
2019-11-20,21,34563.4,96
2019-11-20,22,29399.0,91
2019-11-20,23,27597.4,89
2019-11-21,0,25138.1,84
2019-11-21,1,22044.1,80
2019-11-21,2,22044.1,80
2019-11-21,3,25133.1,85
2019-11-21,4,25728.1,86
2019-11-21,5,30734.2,92
2019-11-21,6,32447.7,95
2019-11-21,7,34076.7,97
2019-11-21,8,35810.7,98
2019-11-21,9,37606.1,99
2019-11-21,10,38006.6,99
2019-11-21,11,36442.1,99
2019-11-21,12,36442.1,99
2019-11-21,13,34646.7,98
2019-11-21,14,34646.7,98
2019-11-21,15,36497.5,99
2019-11-21,16,39299.0,101
2019-11-21,17,40188.8,102
2019-11-21,18,40188.8,102
2019-11-21,19,40188.8,102
2019-11-21,20,40188.8,102
2019-11-21,21,38334.6,100
2019-11-21,22,36059.9,97
2019-11-21,23,31981.7,94
2019-11-22,0,30115.5,92
2019-11-22,1,29369.5,91
2019-11-22,2,27732.5,88
2019-11-22,3,26480.1,85
2019-11-22,4,27072.4,86
2019-11-22,5,31456.7,91
2019-11-22,6,34642.0,94
2019-11-22,7,36063.7,96
2019-11-22,8,37673.1,99
2019-11-22,9,37673.1,99
2019-11-22,10,38612.7,100
2019-11-22,11,38612.7,100
2019-11-22,12,38612.7,100
2019-11-22,13,37688.9,99
2019-11-22,14,36749.3,98
2019-11-22,15,36749.3,98
2019-11-22,16,39694.9,101
2019-11-22,17,43575.0,105
2019-11-22,18,43575.0,105
2019-11-22,19,43575.0,105
2019-11-22,20,43575.0,105
2019-11-22,21,42343.5,103
2019-11-22,22,38771.1,100
2019-11-22,23,35989.3,97
2019-11-23,0,36841.5,98
2019-11-23,1,33845.3,95
2019-11-23,2,33845.3,95
2019-11-23,3,33845.3,95
2019-11-23,4,35248.1,97
2019-11-23,5,38134.9,99
2019-11-23,6,39506.5,101
2019-11-23,7,41344.9,103
2019-11-23,8,43195.7,104
2019-11-23,9,43195.7,104
2019-11-23,10,40262.7,102
2019-11-23,11,38186.1,100
2019-11-23,12,37271.5,99
2019-11-23,13,33206.6,96
2019-11-23,14,31553.6,94
2019-11-23,15,31553.6,94
2019-11-23,16,34347.6,95
2019-11-23,17,38784.5,101
2019-11-23,18,39866.7,102
2019-11-23,19,41019.5,103
2019-11-23,20,41019.5,103
2019-11-23,21,41019.5,103
2019-11-23,22,40104.9,102
2019-11-23,23,39181.1,101
2019-11-24,0,38028.3,100
2019-11-24,1,36232.7,98
2019-11-24,2,35293.1,97
2019-11-24,3,35293.1,97
2019-11-24,4,35293.1,97
2019-11-24,5,38083.1,100
2019-11-24,6,39022.7,101
2019-11-24,7,39937.3,102
2019-11-24,8,39937.3,102
2019-11-24,9,41252.1,103
2019-11-24,10,38490.0,99
2019-11-24,11,34618.0,96
2019-11-24,12,33046.5,94
2019-11-24,13,31195.7,93
2019-11-24,14,30899.7,91
2019-11-24,15,29303.0,88
2019-11-24,16,30482.3,92
2019-11-24,17,35664.7,96
2019-11-24,18,37124.0,98
2019-11-24,19,41163.6,101
2019-11-24,20,39429.6,100
2019-11-24,21,36319.4,98
2019-11-24,22,32602.4,95
2019-11-24,23,30739.0,93
2019-11-25,0,29650.8,92
2019-11-25,1,26422.4,88
2019-11-25,2,26422.4,88
2019-11-25,3,26975.1,88
2019-11-25,4,27836.1,89
2019-11-25,5,32554.8,95
2019-11-25,6,34397.0,97
2019-11-25,7,36192.4,98
2019-11-25,8,36192.4,98
2019-11-25,9,35039.6,97
2019-11-25,10,35039.6,97
2019-11-25,11,34326.2,96
2019-11-25,12,33386.6,95
2019-11-25,13,33929.6,95
2019-11-25,14,35039.6,97
2019-11-25,15,35039.6,97
2019-11-25,16,37122.8,100
2019-11-25,17,40341.4,103
2019-11-25,18,40341.4,103
2019-11-25,19,40341.4,103
2019-11-25,20,40341.4,103
2019-11-25,21,38607.4,102
2019-11-25,22,36107.5,99
2019-11-25,23,32392.0,95
2019-11-26,0,30364.2,93
2019-11-26,1,25004.9,85
2019-11-26,2,25004.9,85
2019-11-26,3,24409.9,84
2019-11-26,4,26359.1,86
2019-11-26,5,27700.1,88
2019-11-26,6,30703.7,90
2019-11-26,7,32517.7,93
2019-11-26,8,34953.9,97
2019-11-26,9,35596.5,97
2019-11-26,10,36536.1,98
2019-11-26,11,35537.5,98
2019-11-26,12,35537.5,98
2019-11-26,13,35061.3,97
2019-11-26,14,36320.7,99
2019-11-26,15,37235.3,100
2019-11-26,16,39760.2,103
2019-11-26,17,39760.2,103
2019-11-26,18,39760.2,103
2019-11-26,19,38607.4,102
2019-11-26,20,37692.8,101
2019-11-26,21,35537.5,98
2019-11-26,22,33435.5,96
2019-11-26,23,31643.7,94
2019-11-27,0,31643.7,94
2019-11-27,1,30610.3,92
2019-11-27,2,30610.3,92
2019-11-27,3,30610.3,92
2019-11-27,4,29457.5,91
2019-11-27,5,31308.3,92
2019-11-27,6,33742.6,95
2019-11-27,7,34456.0,96
2019-11-27,8,35893.5,98
2019-11-27,9,35893.5,98
2019-11-27,10,34740.7,97
2019-11-27,11,34740.7,97
2019-11-27,12,34051.3,96
2019-11-27,13,32802.4,94
2019-11-27,14,32802.4,94
2019-11-27,15,33515.8,95
2019-11-27,16,36536.1,98
2019-11-27,17,38270.1,99
2019-11-27,18,38270.1,99
2019-11-27,19,39422.9,100
2019-11-27,20,37688.9,99
2019-11-27,21,35348.8,96
2019-11-27,22,31249.8,92
2019-11-27,23,29576.8,88
2019-11-28,0,28863.4,87
2019-11-28,1,27178.2,87
2019-11-28,2,28150.1,89
2019-11-28,3,28150.1,89
2019-11-28,4,30012.0,92
2019-11-28,5,32802.5,96
2019-11-28,6,33955.3,97
2019-11-28,7,37614.1,100
2019-11-28,8,40262.7,102
2019-11-28,9,40262.7,102
2019-11-28,10,40262.7,102
2019-11-28,11,39109.9,101
2019-11-28,12,37659.8,99
2019-11-28,13,34986.2,97
2019-11-28,14,32267.0,95
2019-11-28,15,32267.0,95
2019-11-28,16,34597.9,97
2019-11-28,17,37375.9,100
2019-11-28,18,38528.7,101
2019-11-28,19,38528.7,101
2019-11-28,20,38528.7,101
2019-11-28,21,38528.7,101
2019-11-28,22,37604.9,100
2019-11-28,23,35537.5,98
2019-11-29,0,32802.5,96
2019-11-29,1,32802.5,96
2019-11-29,2,31591.2,94
2019-11-29,3,31591.2,94
2019-11-29,4,33386.6,95
2019-11-29,5,35039.6,97
2019-11-29,6,36192.4,98
2019-11-29,7,37926.4,99
2019-11-29,8,37926.4,99
2019-11-29,9,36773.6,98
2019-11-29,10,36773.6,98
2019-11-29,11,35383.1,95
2019-11-29,12,35383.1,95
2019-11-29,13,33587.7,94
2019-11-29,14,31853.7,93
2019-11-29,15,32554.8,95
2019-11-29,16,34350.2,96
2019-11-29,17,35348.8,96
2019-11-29,18,37082.8,97
2019-11-29,19,35232.0,96
2019-11-29,20,33498.0,95
2019-11-29,21,31702.6,94
2019-11-29,22,28432.1,89
2019-11-29,23,26544.1,86
2019-11-30,0,25285.5,84
2019-11-30,1,22832.5,81
2019-11-30,2,22832.5,81
2019-11-30,3,23713.2,82
2019-11-30,4,24044.9,84
2019-11-30,5,24859.9,85
2019-11-30,6,25948.1,86
2019-11-30,7,29303.6,91
2019-11-30,8,31452.4,94
2019-11-30,9,32889.9,96
2019-11-30,10,32889.9,96
2019-11-30,11,32889.9,96
2019-11-30,12,35609.1,98
2019-11-30,13,36761.9,99
2019-11-30,14,36761.9,99
2019-11-30,15,35609.1,98
2019-11-30,16,35609.1,98
2019-11-30,17,35609.1,98
2019-11-30,18,37185.2,100
2019-11-30,19,37185.2,100
2019-11-30,20,37185.2,100
2019-11-30,21,36264.0,98
2019-11-30,22,33151.7,94
2019-11-30,23,31998.9,93
2019-12-01,0,30203.5,92
2019-12-01,1,28219.3,89
2019-12-01,2,29457.5,91
2019-12-01,3,29955.4,92
2019-12-01,4,30490.9,93
2019-12-01,5,31643.7,94
2019-12-01,6,33494.5,95
2019-12-01,7,34264.5,96
2019-12-01,8,34264.5,96
2019-12-01,9,34264.5,96
2019-12-01,10,34264.5,96
2019-12-01,11,33551.1,95
2019-12-01,12,31700.3,94
2019-12-01,13,29144.6,91
2019-12-01,14,30232.8,92
2019-12-01,15,30012.0,92
2019-12-01,16,33602.3,96
2019-12-01,17,39182.7,101
2019-12-01,18,40758.8,103
2019-12-01,19,41841.0,104
2019-12-01,20,41841.0,104
2019-12-01,21,41343.1,103
2019-12-01,22,40111.6,101
2019-12-01,23,38273.2,99
2019-12-02,0,38520.4,99
2019-12-02,1,34874.2,97
2019-12-02,2,35372.1,98
2019-12-02,3,37163.9,100
2019-12-02,4,39369.3,102
2019-12-02,5,44976.4,108
2019-12-02,6,46827.2,109
2019-12-02,7,46827.2,109
2019-12-02,8,46827.2,109
2019-12-02,9,44976.4,108
2019-12-02,10,44173.2,107
2019-12-02,11,40853.9,104
2019-12-02,12,38857.1,102
2019-12-02,13,35874.9,100
2019-12-02,14,34044.9,96
2019-12-02,15,34365.3,98
2019-12-02,16,37100.3,100
2019-12-02,17,42137.4,105
2019-12-02,18,43385.5,107
2019-12-02,19,43385.5,107
2019-12-02,20,43385.5,107
2019-12-02,21,43385.5,107
2019-12-02,22,40989.6,104
2019-12-02,23,38102.8,102
2019-12-03,0,35931.7,99
2019-12-03,1,35931.7,99
2019-12-03,2,35931.7,99
2019-12-03,3,37785.9,101
2019-12-03,4,40672.7,103
2019-12-03,5,45251.1,105
2019-12-03,6,47101.9,106
2019-12-03,7,47101.9,106
2019-12-03,8,47101.9,106
2019-12-03,9,45251.1,105
2019-12-03,10,41242.7,104
2019-12-03,11,38605.3,101
2019-12-03,12,35947.5,99
2019-12-03,13,33616.6,97
2019-12-03,14,32677.0,96
2019-12-03,15,32677.0,96
2019-12-03,16,34472.4,97
2019-12-03,17,40170.2,104
2019-12-03,18,41904.2,105
2019-12-03,19,41904.2,105
2019-12-03,20,41904.2,105
2019-12-03,21,41904.2,105
2019-12-03,22,40170.2,104
2019-12-03,23,38024.1,101
2019-12-04,0,35931.7,99
2019-12-04,1,36160.7,99
2019-12-04,2,36160.7,99
2019-12-04,3,37159.3,99
2019-12-04,4,38098.9,100
2019-12-04,5,44663.1,107
2019-12-04,6,45466.3,108
2019-12-04,7,45466.3,108
2019-12-04,8,45466.3,108
2019-12-04,9,44788.2,107
2019-12-04,10,41681.0,104
2019-12-04,11,39659.2,102
2019-12-04,12,38284.3,100
2019-12-04,13,35991.0,98
2019-12-04,14,35991.0,98
2019-12-04,15,35991.0,98
2019-12-04,16,37786.4,99
2019-12-04,17,41972.0,105
2019-12-04,18,41972.0,105
2019-12-04,19,41972.0,105
2019-12-04,20,41972.0,105
2019-12-04,21,41057.4,104
2019-12-04,22,38531.4,101
2019-12-04,23,34347.6,95
2019-12-05,0,30701.4,93
2019-12-05,1,29514.1,91
2019-12-05,2,29514.1,91
2019-12-05,3,30203.5,92
2019-12-05,4,32496.8,94
2019-12-05,5,38121.4,100
2019-12-05,6,40188.8,102
2019-12-05,7,40188.8,102
2019-12-05,8,40188.8,102
2019-12-05,9,39036.0,101
2019-12-05,10,37459.9,99
2019-12-05,11,34554.5,96
2019-12-05,12,34724.9,97
2019-12-05,13,32874.1,96
2019-12-05,14,32874.1,96
2019-12-05,15,32539.0,94
2019-12-05,16,33632.0,96
2019-12-05,17,36579.1,99
2019-12-05,18,38374.5,100
2019-12-05,19,38374.5,100
2019-12-05,20,39527.3,101
2019-12-05,21,37153.4,98
2019-12-05,22,34149.8,96
2019-12-05,23,33210.2,95
2019-12-06,0,30701.4,93
2019-12-06,1,29116.0,90
2019-12-06,2,27586.7,87
2019-12-06,3,27586.7,87
2019-12-06,4,28292.6,89
2019-12-06,5,32534.4,94
2019-12-06,6,35538.0,96
2019-12-06,7,35538.0,96
2019-12-06,8,35538.0,96
2019-12-06,9,35538.0,96
2019-12-06,10,36035.9,97
2019-12-06,11,36749.3,98
2019-12-06,12,34898.5,97
2019-12-06,13,33103.1,96
2019-12-06,14,33103.1,96
2019-12-06,15,33103.1,96
2019-12-06,16,35838.1,98
2019-12-06,17,40188.8,102
2019-12-06,18,40188.8,102
2019-12-06,19,40188.8,102
2019-12-06,20,40188.8,102
2019-12-06,21,40188.8,102
2019-12-06,22,37663.9,99
2019-12-06,23,35596.5,97
2019-12-07,0,35596.5,97
2019-12-07,1,33111.7,95
2019-12-07,2,33111.7,95
2019-12-07,3,34193.7,95
2019-12-07,4,36428.7,97
2019-12-07,5,38566.9,100
2019-12-07,6,38566.9,100
2019-12-07,7,40421.1,102
2019-12-07,8,40421.1,102
2019-12-07,9,40421.1,102
2019-12-07,10,40421.1,102
2019-12-07,11,37604.9,100
2019-12-07,12,35750.7,98
2019-12-07,13,33773.6,96
2019-12-07,14,32802.5,96
2019-12-07,15,32267.0,95
2019-12-07,16,34597.9,97
2019-12-07,17,37375.9,100
2019-12-07,18,38528.7,101
2019-12-07,19,38528.7,101
2019-12-07,20,38528.7,101
2019-12-07,21,38528.7,101
2019-12-07,22,37811.9,99
2019-12-07,23,35806.9,97
2019-12-08,0,31625.2,94
2019-12-08,1,31625.2,94
2019-12-08,2,30203.5,92
2019-12-08,3,30203.5,92
2019-12-08,4,30203.5,92
2019-12-08,5,30916.9,93
2019-12-08,6,32069.7,94
2019-12-08,7,33207.1,94
2019-12-08,8,32886.7,92
2019-12-08,9,33770.5,94
2019-12-08,10,34456.0,96
2019-12-08,11,31452.4,94
2019-12-08,12,31452.4,94
2019-12-08,13,30049.6,92
2019-12-08,14,29117.6,91
2019-12-08,15,29117.6,91
2019-12-08,16,31950.3,95
2019-12-08,17,35596.5,97
2019-12-08,18,37459.9,99
2019-12-08,19,38612.7,100
2019-12-08,20,38612.7,100
2019-12-08,21,35609.1,98
2019-12-08,22,31856.5,94
2019-12-08,23,27836.1,89
2019-12-09,0,26245.8,85
2019-12-09,1,22939.2,80
2019-12-09,2,23291.3,82
2019-12-09,3,24256.3,84
2019-12-09,4,26543.1,87
2019-12-09,5,31788.4,93
2019-12-09,6,34291.3,96
2019-12-09,7,35928.5,98
2019-12-09,8,36868.1,99
2019-12-09,9,36868.1,99
2019-12-09,10,39190.2,102
2019-12-09,11,38037.4,101
2019-12-09,12,37705.7,99
2019-12-09,13,38037.4,101
2019-12-09,14,38037.4,101
2019-12-09,15,38037.4,101
2019-12-09,16,40088.7,104
2019-12-09,17,42119.9,106
2019-12-09,18,42119.9,106
2019-12-09,19,42119.9,106
2019-12-09,20,41241.5,105
2019-12-09,21,39993.4,103
2019-12-09,22,36192.4,98
2019-12-09,23,32768.0,95
2019-12-10,0,30534.4,92
2019-12-10,1,27914.1,89
2019-12-10,2,29002.3,90
2019-12-10,3,29932.2,92
2019-12-10,4,31731.8,93
2019-12-10,5,35111.2,96
2019-12-10,6,37986.3,99
2019-12-10,7,40471.1,101
2019-12-10,8,42986.8,104
2019-12-10,9,44480.6,106
2019-12-10,10,44480.6,106
2019-12-10,11,44480.6,106
2019-12-10,12,44480.6,106
2019-12-10,13,42677.6,103
2019-12-10,14,41093.6,103
2019-12-10,15,41807.0,104
2019-12-10,16,46748.4,105
2019-12-10,17,48770.2,107
2019-12-10,18,49622.4,108
2019-12-10,19,49622.4,108
2019-12-10,20,49622.4,108
2019-12-10,21,49622.4,108
2019-12-10,22,45614.0,107
2019-12-10,23,41410.3,102
2019-12-11,0,40470.7,101
2019-12-11,1,39935.2,100
2019-12-11,2,39935.2,100
2019-12-11,3,41592.1,103
2019-12-11,4,43193.2,105
2019-12-11,5,49622.4,108
2019-12-11,6,49622.4,108
2019-12-11,7,49622.4,108
2019-12-11,8,49622.4,108
2019-12-11,9,48770.2,107
2019-12-11,10,48770.2,107
2019-12-11,11,42492.8,104
2019-12-11,12,40916.7,102
2019-12-11,13,36536.1,98
2019-12-11,14,34205.2,96
2019-12-11,15,33491.8,95
2019-12-11,16,37459.9,99
2019-12-11,17,42850.4,106
2019-12-11,18,44584.4,107
2019-12-11,19,44584.4,107
2019-12-11,20,44584.4,107
2019-12-11,21,44584.4,107
2019-12-11,22,41068.6,103
2019-12-11,23,38531.4,101
2019-12-12,0,37089.7,97
2019-12-12,1,36558.0,97
2019-12-12,2,36728.4,98
2019-12-12,3,38594.6,100
2019-12-12,4,40598.8,103
2019-12-12,5,48406.4,107
2019-12-12,6,48976.4,108
2019-12-12,7,48976.4,108
2019-12-12,8,48976.4,108
2019-12-12,9,48976.4,108
2019-12-12,10,43234.0,106
2019-12-12,11,40209.5,102
2019-12-12,12,38117.1,100
2019-12-12,13,35397.9,98
2019-12-12,14,33547.1,97
2019-12-12,15,33547.1,97
2019-12-12,16,38120.5,101
2019-12-12,17,42968.0,107
2019-12-12,18,44120.8,108
2019-12-12,19,45854.8,109
2019-12-12,20,45854.8,109
2019-12-12,21,44120.8,108
2019-12-12,22,42672.4,106
2019-12-12,23,41519.6,105
2019-12-13,0,39665.4,103
2019-12-13,1,36593.2,100
2019-12-13,2,36593.2,100
2019-12-13,3,37746.0,101
2019-12-13,4,39480.0,102
2019-12-13,5,45640.4,108
2019-12-13,6,44788.2,107
2019-12-13,7,44788.2,107
2019-12-13,8,44788.2,107
2019-12-13,9,43706.0,106
2019-12-13,10,41180.0,103
2019-12-13,11,37459.9,99
2019-12-13,12,36536.1,98
2019-12-13,13,32576.2,94
2019-12-13,14,31862.8,93
2019-12-13,15,31862.8,93
2019-12-13,16,34347.6,95
2019-12-13,17,39036.0,101
2019-12-13,18,41271.0,103
2019-12-13,19,41271.0,103
2019-12-13,20,41271.0,103
2019-12-13,21,41271.0,103
2019-12-13,22,40118.2,102
2019-12-13,23,39456.7,101
2019-12-14,0,38517.1,100
2019-12-14,1,36059.2,98
2019-12-14,2,36059.2,98
2019-12-14,3,36059.2,98
2019-12-14,4,39081.3,102
2019-12-14,5,40815.3,103
2019-12-14,6,42324.9,105
2019-12-14,7,42986.4,106
2019-12-14,8,42986.4,106
2019-12-14,9,42986.4,106
2019-12-14,10,42986.4,106
2019-12-14,11,38225.3,101
2019-12-14,12,37072.5,100
2019-12-14,13,35234.1,98
2019-12-14,14,35234.1,98
2019-12-14,15,34294.5,97
2019-12-14,16,34294.5,97
2019-12-14,17,38938.7,102
2019-12-14,18,38938.7,102
2019-12-14,19,38938.7,102
2019-12-14,20,38938.7,102
2019-12-14,21,38014.9,101
2019-12-14,22,36452.1,99
2019-12-14,23,33452.5,95
2019-12-15,0,32089.1,95
2019-12-15,1,32089.1,95
2019-12-15,2,31343.1,94
2019-12-15,3,32056.5,95
2019-12-15,4,32802.5,96
2019-12-15,5,32802.5,96
2019-12-15,6,35750.7,98
2019-12-15,7,35750.7,98
2019-12-15,8,37772.5,100
2019-12-15,9,37772.5,100
2019-12-15,10,36690.3,99
2019-12-15,11,35537.5,98
2019-12-15,12,35002.0,97
2019-12-15,13,33349.0,95
2019-12-15,14,33195.1,95
2019-12-15,15,33765.1,96
2019-12-15,16,35394.1,98
2019-12-15,17,39410.6,103
2019-12-15,18,40563.4,104
2019-12-15,19,40563.4,104
2019-12-15,20,40563.4,104
2019-12-15,21,39760.2,103
2019-12-15,22,35105.5,97
2019-12-15,23,29916.4,90
2019-12-16,0,30331.0,92
2019-12-16,1,28721.6,89
2019-12-16,2,29369.5,91
2019-12-16,3,30547.5,93
2019-12-16,4,33087.7,95
2019-12-16,5,38603.5,100
2019-12-16,6,41261.3,102
2019-12-16,7,41261.3,102
2019-12-16,8,41261.3,102
2019-12-16,9,41261.3,102
2019-12-16,10,41261.3,102
2019-12-16,11,42448.1,103
2019-12-16,12,42147.5,103
2019-12-16,13,38458.3,100
2019-12-16,14,38088.7,100
2019-12-16,15,36293.3,99
2019-12-16,16,39939.5,101
2019-12-16,17,44032.2,105
2019-12-16,18,46213.4,108
2019-12-16,19,46213.4,108
2019-12-16,20,46213.4,108
2019-12-16,21,45715.5,107
2019-12-16,22,41833.5,104
2019-12-16,23,39454.2,101
2019-12-17,0,35795.4,98
2019-12-17,1,36735.0,99
2019-12-17,2,38049.8,100
2019-12-17,3,38111.2,100
2019-12-17,4,41495.9,103
2019-12-17,5,47732.0,109
2019-12-17,6,51740.4,110
2019-12-17,7,51740.4,110
2019-12-17,8,51740.4,110
2019-12-17,9,51740.4,110
2019-12-17,10,50006.4,109
2019-12-17,11,45998.0,108
2019-12-17,12,43065.0,106
2019-12-17,13,40676.5,103
2019-12-17,14,36651.7,100
2019-12-17,15,36651.7,100
2019-12-17,16,40360.3,102
2019-12-17,17,47567.4,106
2019-12-17,18,49573.4,108
2019-12-17,19,49573.4,108
2019-12-17,20,49573.4,108
2019-12-17,21,49573.4,108
2019-12-17,22,49573.4,108
2019-12-17,23,45565.0,107
2019-12-18,0,43831.0,106
2019-12-18,1,43831.0,106
2019-12-18,2,45145.8,107
2019-12-18,3,45555.8,108
2019-12-18,4,50242.3,110
2019-12-18,5,53706.9,113
2019-12-18,6,55700.0,115
2019-12-18,7,55700.0,115
2019-12-18,8,55700.0,115
2019-12-18,9,53706.9,113
2019-12-18,10,50977.7,111
2019-12-18,11,45235.3,109
2019-12-18,12,42322.2,106
2019-12-18,13,38079.5,101
2019-12-18,14,35577.9,99
2019-12-18,15,36730.7,100
2019-12-18,16,41242.7,104
2019-12-18,17,47763.4,107
2019-12-18,18,48796.6,108
2019-12-18,19,49675.0,109
2019-12-18,20,49675.0,109
2019-12-18,21,49675.0,109
2019-12-18,22,49675.0,109
2019-12-18,23,45666.6,108
2019-12-19,0,43932.6,107
2019-12-19,1,43932.6,107
2019-12-19,2,45119.4,108
2019-12-19,3,49127.8,109
2019-12-19,4,50861.8,110
2019-12-19,5,54416.8,112
2019-12-19,6,55898.1,114
2019-12-19,7,55898.1,114
2019-12-19,8,55898.1,114
2019-12-19,9,53518.5,113
2019-12-19,10,50186.4,110
2019-12-19,11,45095.8,108
2019-12-19,12,40760.6,104
2019-12-19,13,36922.0,99
2019-12-19,14,33939.8,97
2019-12-19,15,33226.4,96
2019-12-19,16,37123.9,100
2019-12-19,17,41088.5,103
2019-12-19,18,44384.1,107
2019-12-19,19,44384.1,107
2019-12-19,20,44384.1,107
2019-12-19,21,44384.1,107
2019-12-19,22,41190.3,103
2019-12-19,23,39243.1,102
2019-12-20,0,38600.5,102
2019-12-20,1,35768.0,98
2019-12-20,2,36682.6,99
2019-12-20,3,38478.0,100
2019-12-20,4,39937.3,102
2019-12-20,5,43706.0,106
2019-12-20,6,45466.3,108
2019-12-20,7,45466.3,108
2019-12-20,8,45466.3,108
2019-12-20,9,45466.3,108
2019-12-20,10,45466.3,108
2019-12-20,11,43136.0,105
2019-12-20,12,42474.5,104
2019-12-20,13,40731.7,102
2019-12-20,14,40518.5,102
2019-12-20,15,40518.5,102
2019-12-20,16,43231.3,106
2019-12-20,17,45466.3,108
2019-12-20,18,45466.3,108
2019-12-20,19,45466.3,108
2019-12-20,20,45466.3,108
2019-12-20,21,45466.3,108
2019-12-20,22,45466.3,108
2019-12-20,23,42251.0,105
2019-12-21,0,41311.4,104
2019-12-21,1,38414.9,101
2019-12-21,2,36921.1,99
2019-12-21,3,36921.1,99
2019-12-21,4,36385.6,98
2019-12-21,5,39013.5,101
2019-12-21,6,39937.3,102
2019-12-21,7,43415.0,105
2019-12-21,8,43415.0,105
2019-12-21,9,43415.0,105
2019-12-21,10,43415.0,105
2019-12-21,11,41829.7,103
2019-12-21,12,40747.5,102
2019-12-21,13,38098.9,100
2019-12-21,14,36303.5,99
2019-12-21,15,36303.5,99
2019-12-21,16,39675.0,102
2019-12-21,17,44218.2,106
2019-12-21,18,44896.3,107
2019-12-21,19,45466.3,108
2019-12-21,20,45466.3,108
2019-12-21,21,44896.3,107
2019-12-21,22,44218.2,106
2019-12-21,23,42484.2,105
2019-12-22,0,42533.2,105
2019-12-22,1,40682.4,104
2019-12-22,2,40682.4,104
2019-12-22,3,41252.4,105
2019-12-22,4,41252.4,105
2019-12-22,5,43789.6,107
2019-12-22,6,43789.6,107
2019-12-22,7,47798.0,108
2019-12-22,8,47798.0,108
2019-12-22,9,45501.0,105
2019-12-22,10,45501.0,105
2019-12-22,11,41492.6,104
2019-12-22,12,39495.8,102
2019-12-22,13,35947.5,99
2019-12-22,14,33783.0,96
2019-12-22,15,34222.4,96
2019-12-22,16,36539.8,99
2019-12-22,17,42022.6,104
2019-12-22,18,43789.6,107
2019-12-22,19,43789.6,107
2019-12-22,20,43789.6,107
2019-12-22,21,43789.6,107
2019-12-22,22,42986.4,106
2019-12-22,23,40989.6,104
2019-12-23,0,39872.4,103
2019-12-23,1,39872.4,103
2019-12-23,2,39872.4,103
2019-12-23,3,41357.0,105
2019-12-23,4,44889.4,108
2019-12-23,5,46853.4,109
2019-12-23,6,50861.8,110
2019-12-23,7,50861.8,110
2019-12-23,8,50291.8,109
2019-12-23,9,50291.8,109
2019-12-23,10,46283.4,108
2019-12-23,11,42588.8,105
2019-12-23,12,39684.2,102
2019-12-23,13,37159.3,99
2019-12-23,14,35363.9,98
2019-12-23,15,34650.5,97
2019-12-23,16,37159.3,99
2019-12-23,17,40487.4,103
2019-12-23,18,41402.0,104
2019-12-23,19,41402.0,104
2019-12-23,20,41402.0,104
2019-12-23,21,41402.0,104
2019-12-23,22,39587.7,102
2019-12-23,23,37959.7,100
2019-12-24,0,36961.1,100
2019-12-24,1,36961.1,100
2019-12-24,2,36961.1,100
2019-12-24,3,37674.5,101
2019-12-24,4,39820.6,104
2019-12-24,5,42707.4,106
2019-12-24,6,46715.8,107
2019-12-24,7,46715.8,107
2019-12-24,8,46715.8,107
2019-12-24,9,46715.8,107
2019-12-24,10,42137.4,105
2019-12-24,11,37614.1,100
2019-12-24,12,35750.7,98
2019-12-24,13,33955.3,97
2019-12-24,14,33103.1,96
2019-12-24,15,31950.3,95
2019-12-24,16,33745.7,96
2019-12-24,17,36795.9,99
2019-12-24,18,37948.7,100
2019-12-24,19,37948.7,100
2019-12-24,20,37948.7,100
2019-12-24,21,35371.9,97
2019-12-24,22,31236.4,93
2019-12-24,23,32103.7,94
2019-12-25,0,30845.1,92
2019-12-25,1,27685.3,87
2019-12-25,2,27685.3,87
2019-12-25,3,28591.8,87
2019-12-25,4,29633.3,90
2019-12-25,5,30722.9,92
2019-12-25,6,33335.1,95
2019-12-25,7,34196.1,96
2019-12-25,8,36046.9,97
2019-12-25,9,35876.5,96
2019-12-25,10,34025.7,95
2019-12-25,11,33043.3,95
2019-12-25,12,31856.5,94
2019-12-25,13,29514.1,91
2019-12-25,14,27721.1,89
2019-12-25,15,27721.1,89
2019-12-25,16,29364.1,90
2019-12-25,17,32534.4,94
2019-12-25,18,35340.2,97
2019-12-25,19,35340.2,97
2019-12-25,20,35340.2,97
2019-12-25,21,34400.6,96
2019-12-25,22,33247.8,95
2019-12-25,23,31788.4,93
2019-12-26,0,29993.0,92
2019-12-26,1,29993.0,92
2019-12-26,2,30610.3,92
2019-12-26,3,29920.9,91
2019-12-26,4,31643.7,94
2019-12-26,5,34185.1,96
2019-12-26,6,36690.3,99
2019-12-26,7,37351.8,100
2019-12-26,8,38434.0,101
2019-12-26,9,38434.0,101
2019-12-26,10,38434.0,101
2019-12-26,11,37351.8,100
2019-12-26,12,37351.8,100
2019-12-26,13,35976.9,98
2019-12-26,14,34894.9,98
2019-12-26,15,34894.9,98
2019-12-26,16,36690.3,99
2019-12-26,17,38528.7,101
2019-12-26,18,38528.7,101
2019-12-26,19,38528.7,101
2019-12-26,20,38528.7,101
2019-12-26,21,37604.9,100
2019-12-26,22,34823.1,97
2019-12-26,23,31260.9,94
2019-12-27,0,30828.9,93
2019-12-27,1,28336.1,89
2019-12-27,2,28336.1,89
2019-12-27,3,28768.1,90
2019-12-27,4,29481.5,91
2019-12-27,5,30916.9,93
2019-12-27,6,32605.2,95
2019-12-27,7,35526.0,97
2019-12-27,8,35312.8,97
2019-12-27,9,33578.8,96
2019-12-27,10,33578.8,96
2019-12-27,11,31414.3,93
2019-12-27,12,31414.3,93
2019-12-27,13,29216.2,91
2019-12-27,14,29216.2,91
2019-12-27,15,29216.2,91
2019-12-27,16,30700.9,92
2019-12-27,17,33541.2,96
2019-12-27,18,34076.7,97
2019-12-27,19,35229.5,98
2019-12-27,20,34483.5,97
2019-12-27,21,31424.6,93
2019-12-27,22,28549.5,90
2019-12-27,23,26747.9,88
2019-12-28,0,25180.5,84
2019-12-28,1,23274.5,81
2019-12-28,2,23274.5,81
2019-12-28,3,22489.2,79
2019-12-28,4,22489.2,79
2019-12-28,5,23444.9,82
2019-12-28,6,24597.7,83
2019-12-28,7,27100.9,87
2019-12-28,8,30448.3,92
2019-12-28,9,30916.9,93
2019-12-28,10,31856.5,94
2019-12-28,11,31856.5,94
2019-12-28,12,31856.5,94
2019-12-28,13,32069.7,94
2019-12-28,14,31380.3,93
2019-12-28,15,32605.2,95
2019-12-28,16,32605.2,95
2019-12-28,17,34171.6,96
2019-12-28,18,35111.2,97
2019-12-28,19,35111.2,97
2019-12-28,20,35111.2,97
2019-12-28,21,34171.6,96
2019-12-28,22,31840.7,94
2019-12-28,23,31840.7,94
2019-12-29,0,30766.9,92
2019-12-29,1,28446.5,89
2019-12-29,2,29457.5,91
2019-12-29,3,29993.0,92
2019-12-29,4,31788.4,93
2019-12-29,5,32534.4,94
2019-12-29,6,33247.8,95
2019-12-29,7,35039.6,97
2019-12-29,8,35537.5,98
2019-12-29,9,35537.5,98
2019-12-29,10,35537.5,98
2019-12-29,11,33884.5,96
2019-12-29,12,31399.7,94
2019-12-29,13,29500.2,91
2019-12-29,14,27894.2,88
2019-12-29,15,27712.5,87
2019-12-29,16,29500.2,91
2019-12-29,17,34656.7,98
2019-12-29,18,41344.9,103
2019-12-29,19,41344.9,103
2019-12-29,20,41344.9,103
2019-12-29,21,41344.9,103
2019-12-29,22,40405.3,102
2019-12-29,23,38671.3,101
2019-12-30,0,38671.3,101
2019-12-30,1,36498.6,98
2019-12-30,2,37212.0,99
2019-12-30,3,37212.0,99
2019-12-30,4,40262.2,102
2019-12-30,5,43193.2,105
2019-12-30,6,47201.6,106
2019-12-30,7,47201.6,106
2019-12-30,8,47201.6,106
2019-12-30,9,47201.6,106
2019-12-30,10,47201.6,106
2019-12-30,11,41449.5,103
2019-12-30,12,39715.5,102
2019-12-30,13,37877.1,100
2019-12-30,14,34345.7,96
2019-12-30,15,35229.5,98
2019-12-30,16,37625.0,100
2019-12-30,17,43415.0,105
2019-12-30,18,44788.2,107
2019-12-30,19,45466.3,108
2019-12-30,20,45466.3,108
2019-12-30,21,45466.3,108
2019-12-30,22,44788.2,107
2019-12-30,23,43985.0,106
2019-12-31,0,42112.4,105
2019-12-31,1,42112.4,105
2019-12-31,2,42112.4,105
2019-12-31,3,42112.4,105
2019-12-31,4,45589.2,108
2019-12-31,5,46776.0,109
2019-12-31,6,50784.4,110
2019-12-31,7,50784.4,110
2019-12-31,8,49981.2,109
2019-12-31,9,49981.2,109
2019-12-31,10,45972.8,108
2019-12-31,11,43156.6,106
2019-12-31,12,40200.3,102
2019-12-31,13,40080.1,101
2019-12-31,14,36503.9,98
2019-12-31,15,37076.5,99
2019-12-31,16,39056.7,101
2019-12-31,17,42251.0,105
2019-12-31,18,42251.0,105
2019-12-31,19,42251.0,105
2019-12-31,20,42251.0,105
2019-12-31,21,40507.3,103
2019-12-31,22,38997.7,101
2019-12-31,23,38997.7,101
