Date,Hour,Minute,Reserve,Scope,Magnitude,Shortfall,Price,DA Magnitude,DA Shortfall,DA Price
2019-01-01,0,0,reserve,system,3708.144,0.0,0.0,3708.144,0.0,9.731587
2019-01-01,1,0,reserve,system,3725.898,0.0,0.0,3725.898,0.0,7.568849
2019-01-01,2,0,reserve,system,3730.018,0.0,0.0,3730.018,0.0,2.332983
2019-01-01,3,0,reserve,system,3742.351,0.0,0.0,3742.351,0.0,0.0
2019-01-01,4,0,reserve,system,3789.527,0.0,0.0,3789.527,0.0,8.483227
2019-01-01,5,0,reserve,system,3882.508,0.0,0.0,3882.508,0.0,6.155831
2019-01-01,6,0,reserve,system,3991.068,0.0,4.213232,3991.068,0.0,6.309517
2019-01-01,7,0,reserve,system,4043.658,0.0,0.0,4043.658,0.0,6.260711
2019-01-01,8,0,reserve,system,4095.022,0.0,0.0,4095.022,0.0,6.63898
2019-01-01,9,0,reserve,system,4176.345,0.0,0.0,4176.345,0.0,14.393858
2019-01-01,10,0,reserve,system,4224.997,0.0,0.0,4224.997,0.0,7.003226
2019-01-01,11,0,reserve,system,4229.669,0.0,4.125548,4229.669,0.0,6.134662
2019-01-01,12,0,reserve,system,4187.917,0.0,0.0,4187.917,0.0,8.347069
2019-01-01,13,0,reserve,system,4137.635,0.0,0.0,4137.635,0.0,1.940458
2019-01-01,14,0,reserve,system,4099.132,0.0,43.38611,4099.132,0.0,0.0
2019-01-01,15,0,reserve,system,4101.588,0.0,0.772938,4101.588,0.0,6.517445
2019-01-01,16,0,reserve,system,4184.215,0.0,0.0,4184.215,0.0,6.394499
2019-01-01,17,0,reserve,system,4405.87,0.0,16.054759,4405.87,0.0,7.161318
2019-01-01,18,0,reserve,system,4540.064,0.0,0.0,4540.064,0.0,6.839119
2019-01-01,19,0,reserve,system,4524.605,0.0,0.0,4524.605,0.0,21.249234
2019-01-01,20,0,reserve,system,4484.433,0.0,0.0,4484.433,0.0,6.682656
2019-01-01,21,0,reserve,system,4390.175,0.0,0.0,4390.175,0.0,8.946517
2019-01-01,22,0,reserve,system,4220.658,0.0,0.0,4220.658,0.0,6.49374
2019-01-01,23,0,reserve,system,4049.484,0.0,0.0,4049.484,0.0,9.657977
2019-01-02,0,0,reserve,system,3924.669,0.0,0.0,3924.669,0.0,13.791106
2019-01-02,1,0,reserve,system,3857.795,0.0,0.0,3857.795,0.0,0.0
2019-01-02,2,0,reserve,system,3843.415,0.0,0.0,3843.415,0.0,4.882018
2019-01-02,3,0,reserve,system,3883.097,0.0,0.0,3883.097,0.0,3.649801
2019-01-02,4,0,reserve,system,4007.212,0.0,0.0,4007.212,0.0,7.476584
2019-01-02,5,0,reserve,system,4248.581,0.0,0.0,4248.581,0.0,6.516388
2019-01-02,6,0,reserve,system,4529.973,0.0,0.0,4529.973,0.0,9.193671
2019-01-02,7,0,reserve,system,4742.065,0.0,0.0,4742.065,0.0,8.095677
2019-01-02,8,0,reserve,system,4854.797,0.0,0.0,4854.797,0.0,10.466587
2019-01-02,9,0,reserve,system,4967.919,0.0,0.0,4967.919,0.0,16.028565
2019-01-02,10,0,reserve,system,5068.264,0.0,0.0,5068.264,0.0,0.0
2019-01-02,11,0,reserve,system,5125.653,0.0,0.0,5125.653,0.0,13.660317
2019-01-02,12,0,reserve,system,5141.429,0.0,0.0,5141.429,0.0,18.392347
2019-01-02,13,0,reserve,system,5145.522,0.0,0.0,5145.522,0.0,0.0
2019-01-02,14,0,reserve,system,5126.349,0.0,0.0,5126.349,0.0,14.516555
2019-01-02,15,0,reserve,system,5114.919,0.0,0.0,5114.919,0.0,0.0
2019-01-02,16,0,reserve,system,5138.154,0.0,0.0,5138.154,0.0,0.0
2019-01-02,17,0,reserve,system,5271.756,0.0,0.0,5271.756,0.0,13.364417
2019-01-02,18,0,reserve,system,5327.715,0.0,0.0,5327.715,0.0,33.554097
2019-01-02,19,0,reserve,system,5230.918,0.0,0.0,5230.918,0.0,15.447047
2019-01-02,20,0,reserve,system,5104.385,0.0,0.0,5104.385,0.0,9.089309
2019-01-02,21,0,reserve,system,4919.405,0.0,0.0,4919.405,0.0,11.457966
2019-01-02,22,0,reserve,system,4662.821,0.0,0.0,4662.821,0.0,0.0
2019-01-02,23,0,reserve,system,4428.741,0.0,0.0,4428.741,0.0,17.527614
2019-01-03,0,0,reserve,system,4247.06,0.0,0.0,4247.06,0.0,24.290223
2019-01-03,1,0,reserve,system,4144.547,0.0,0.0,4144.547,0.0,0.0
2019-01-03,2,0,reserve,system,4106.186,0.0,0.0,4106.186,0.0,16.988453
2019-01-03,3,0,reserve,system,4101.988,0.0,0.0,4101.988,0.0,0.0
2019-01-03,4,0,reserve,system,4199.932,0.0,0.0,4199.932,0.0,0.051013
2019-01-03,5,0,reserve,system,4402.488,0.0,0.0,4402.488,0.0,12.28979
2019-01-03,6,0,reserve,system,4657.245,0.0,15.933578,4657.245,0.0,7.212002
2019-01-03,7,0,reserve,system,4825.579,0.0,0.0,4825.579,0.0,16.394366
2019-01-03,8,0,reserve,system,4868.484,0.0,0.0,4868.484,0.0,8.639544
2019-01-03,9,0,reserve,system,4889.665,0.0,0.0,4889.665,0.0,10.844554
2019-01-03,10,0,reserve,system,4902.608,0.0,0.0,4902.608,0.0,10.383954
2019-01-03,11,0,reserve,system,4854.095,0.0,0.0,4854.095,0.0,7.037928
2019-01-03,12,0,reserve,system,4749.249,0.0,0.0,4749.249,0.0,7.153255
2019-01-03,13,0,reserve,system,4631.289,0.0,0.0,4631.289,0.0,7.046677
2019-01-03,14,0,reserve,system,4521.614,0.0,0.0,4521.614,0.0,6.991491
2019-01-03,15,0,reserve,system,4453.04,0.0,0.0,4453.04,0.0,0.0
2019-01-03,16,0,reserve,system,4477.264,0.0,0.0,4477.264,0.0,0.0
2019-01-03,17,0,reserve,system,4651.285,0.0,2.113428,4651.285,0.0,10.326234
2019-01-03,18,0,reserve,system,4859.656,0.0,0.0,4859.656,0.0,10.771886
2019-01-03,19,0,reserve,system,4881.473,0.0,0.0,4881.473,0.0,19.6495
2019-01-03,20,0,reserve,system,4864.715,0.0,0.0,4864.715,0.0,7.403885
2019-01-03,21,0,reserve,system,4776.528,0.0,0.0,4776.528,0.0,6.931877
2019-01-03,22,0,reserve,system,4602.102,0.0,0.0,4602.102,0.0,9.0179
2019-01-03,23,0,reserve,system,4419.185,0.0,0.0,4419.185,0.0,10.104681
2019-01-04,0,0,reserve,system,4306.239,0.0,25.074636,4306.239,0.0,15.656625
2019-01-04,1,0,reserve,system,4251.588,0.0,0.0,4251.588,0.0,1.366497
2019-01-04,2,0,reserve,system,4236.744,0.0,0.0,4236.744,0.0,0.0
2019-01-04,3,0,reserve,system,4273.201,0.0,0.0,4273.201,0.0,16.999064
2019-01-04,4,0,reserve,system,4370.485,0.0,0.0,4370.485,0.0,0.0
2019-01-04,5,0,reserve,system,4601.904,0.0,20.183881,4601.904,0.0,13.597998
2019-01-04,6,0,reserve,system,4882.483,0.0,0.0,4882.483,0.0,7.652416
2019-01-04,7,0,reserve,system,5016.197,0.0,0.0,5016.197,0.0,27.73836
2019-01-04,8,0,reserve,system,4929.212,0.0,0.0,4929.212,0.0,8.976169
2019-01-04,9,0,reserve,system,4711.1,0.0,0.0,4711.1,0.0,9.898369
2019-01-04,10,0,reserve,system,4504.631,0.0,0.0,4504.631,0.0,9.039797
2019-01-04,11,0,reserve,system,4286.169,0.0,0.0,4286.169,0.0,7.909197
2019-01-04,12,0,reserve,system,4074.04,0.0,0.0,4074.04,0.0,7.778242
2019-01-04,13,0,reserve,system,3919.319,0.0,0.0,3919.319,0.0,3.958559
2019-01-04,14,0,reserve,system,3795.251,0.0,0.0,3795.251,0.0,5.928108
2019-01-04,15,0,reserve,system,3705.617,0.0,0.0,3705.617,0.0,0.0
2019-01-04,16,0,reserve,system,3675.0,0.0,0.0,3675.0,0.0,4.994267
2019-01-04,17,0,reserve,system,3795.417,0.0,0.0,3795.417,0.0,7.533359
2019-01-04,18,0,reserve,system,4015.089,0.0,0.0,4015.089,0.0,9.199504
2019-01-04,19,0,reserve,system,4052.482,0.0,0.0,4052.482,0.0,22.996547
2019-01-04,20,0,reserve,system,4071.868,0.0,0.0,4071.868,0.0,7.622239
2019-01-04,21,0,reserve,system,4057.263,0.0,0.0,4057.263,0.0,13.686303
2019-01-04,22,0,reserve,system,3977.738,0.0,0.0,3977.738,0.0,0.0
2019-01-04,23,0,reserve,system,3863.697,0.0,0.0,3863.697,0.0,0.0
2019-01-05,0,0,reserve,system,3780.265,0.0,0.0,3780.265,0.0,12.992708
2019-01-05,1,0,reserve,system,3750.089,0.0,37.788085,3750.089,0.0,0.0
2019-01-05,2,0,reserve,system,3756.742,0.0,0.0,3756.742,0.0,0.07934
2019-01-05,3,0,reserve,system,3805.525,0.0,0.0,3805.525,0.0,9.619707
2019-01-05,4,0,reserve,system,3892.597,0.0,0.0,3892.597,0.0,5.345303
2019-01-05,5,0,reserve,system,4039.927,0.0,0.0,4039.927,0.0,8.597747
2019-01-05,6,0,reserve,system,4231.434,0.0,0.0,4231.434,0.0,9.931616
2019-01-05,7,0,reserve,system,4389.822,0.0,0.0,4389.822,0.0,9.342742
2019-01-05,8,0,reserve,system,4386.157,0.0,0.0,4386.157,0.0,18.048379
2019-01-05,9,0,reserve,system,4201.002,0.0,0.0,4201.002,0.0,9.857144
2019-01-05,10,0,reserve,system,3982.432,0.0,0.0,3982.432,0.0,8.93887
2019-01-05,11,0,reserve,system,3777.883,0.0,0.0,3777.883,0.0,6.743857
2019-01-05,12,0,reserve,system,3619.129,0.0,0.0,3619.129,0.0,6.619951
2019-01-05,13,0,reserve,system,3509.054,0.0,0.0,3509.054,0.0,6.342755
2019-01-05,14,0,reserve,system,3436.94,0.0,0.0,3436.94,0.0,6.923535
2019-01-05,15,0,reserve,system,3396.839,0.0,0.0,3396.839,0.0,0.0
2019-01-05,16,0,reserve,system,3389.4,0.0,0.0,3389.4,0.0,0.0
2019-01-05,17,0,reserve,system,3481.873,0.0,0.0,3481.873,0.0,8.882062
2019-01-05,18,0,reserve,system,3665.534,0.0,0.0,3665.534,0.0,5.779387
2019-01-05,19,0,reserve,system,3668.504,0.0,0.0,3668.504,0.0,16.431492
2019-01-05,20,0,reserve,system,3629.315,0.0,0.0,3629.315,0.0,5.095857
2019-01-05,21,0,reserve,system,3606.174,0.0,0.0,3606.174,0.0,9.708252
2019-01-05,22,0,reserve,system,3533.325,0.0,0.0,3533.325,0.0,0.0
2019-01-05,23,0,reserve,system,3451.658,0.0,0.0,3451.658,0.0,0.0
2019-01-06,0,0,reserve,system,3349.797,0.0,0.0,3349.797,0.0,6.072262
2019-01-06,1,0,reserve,system,3291.225,0.0,0.0,3291.225,0.0,6.819466
2019-01-06,2,0,reserve,system,3269.653,0.0,0.0,3269.653,0.0,0.0
2019-01-06,3,0,reserve,system,3284.638,0.0,0.0,3284.638,0.0,0.191277
2019-01-06,4,0,reserve,system,3336.941,0.0,22.43714,3336.941,0.0,11.536204
2019-01-06,5,0,reserve,system,3429.41,0.0,14.956836,3429.41,0.0,0.0
2019-01-06,6,0,reserve,system,3566.648,0.0,0.0,3566.648,0.0,7.830063
2019-01-06,7,0,reserve,system,3673.776,0.0,34.045827,3673.776,0.0,4.48675
2019-01-06,8,0,reserve,system,3736.19,0.0,3.796413,3736.19,0.0,15.181516
2019-01-06,9,0,reserve,system,3698.865,0.0,0.0,3698.865,0.0,7.070196
2019-01-06,10,0,reserve,system,3608.982,0.0,0.0,3608.982,0.0,5.337118
2019-01-06,11,0,reserve,system,3546.706,0.0,0.0,3546.706,0.0,4.578614
2019-01-06,12,0,reserve,system,3497.929,0.0,0.0,3497.929,0.0,5.440217
2019-01-06,13,0,reserve,system,3466.128,0.0,0.0,3466.128,0.0,0.0
2019-01-06,14,0,reserve,system,3429.094,0.0,0.0,3429.094,0.0,7.737103
2019-01-06,15,0,reserve,system,3418.523,0.0,0.0,3418.523,0.0,0.0
2019-01-06,16,0,reserve,system,3439.609,0.0,0.0,3439.609,0.0,0.0
2019-01-06,17,0,reserve,system,3547.713,0.0,3.870826,3547.713,0.0,6.136162
2019-01-06,18,0,reserve,system,3728.804,0.0,2.582154,3728.804,0.0,5.599805
2019-01-06,19,0,reserve,system,3726.228,0.0,0.0,3726.228,0.0,16.619424
2019-01-06,20,0,reserve,system,3657.882,0.0,0.0,3657.882,0.0,3.96413
2019-01-06,21,0,reserve,system,3540.299,0.0,0.0,3540.299,0.0,6.426781
2019-01-06,22,0,reserve,system,3353.023,0.0,0.0,3353.023,0.0,0.0
2019-01-06,23,0,reserve,system,3144.491,0.0,0.0,3144.491,0.0,0.0
2019-01-07,0,0,reserve,system,2995.143,0.0,0.0,2995.143,0.0,3.065246
2019-01-07,1,0,reserve,system,2888.818,0.0,0.0,2888.818,0.0,0.0
2019-01-07,2,0,reserve,system,2850.92,0.0,0.0,2850.92,0.0,0.45803
2019-01-07,3,0,reserve,system,2844.878,0.0,0.0,2844.878,0.0,2.117734
2019-01-07,4,0,reserve,system,2923.403,0.0,0.0,2923.403,0.0,1.051486
2019-01-07,5,0,reserve,system,3117.107,0.0,0.0,3117.107,0.0,3.342857
2019-01-07,6,0,reserve,system,3416.558,0.0,3.064174,3416.558,0.0,4.521883
2019-01-07,7,0,reserve,system,3560.836,0.0,0.0,3560.836,0.0,5.765721
2019-01-07,8,0,reserve,system,3584.133,0.0,0.0,3584.133,0.0,6.637541
2019-01-07,9,0,reserve,system,3621.297,0.0,13.45514,3621.297,0.0,15.085281
2019-01-07,10,0,reserve,system,3672.164,0.0,0.0,3672.164,0.0,7.013602
2019-01-07,11,0,reserve,system,3695.868,0.0,0.0,3695.868,0.0,5.40394
2019-01-07,12,0,reserve,system,3712.958,0.0,0.0,3712.958,0.0,9.940128
2019-01-07,13,0,reserve,system,3740.076,0.0,0.0,3740.076,0.0,0.0
2019-01-07,14,0,reserve,system,3741.5,0.0,0.0,3741.5,0.0,11.729517
2019-01-07,15,0,reserve,system,3725.601,0.0,0.0,3725.601,0.0,0.110631
2019-01-07,16,0,reserve,system,3704.013,0.0,0.0,3704.013,0.0,0.0
2019-01-07,17,0,reserve,system,3767.549,0.0,16.193625,3767.549,0.0,8.921044
2019-01-07,18,0,reserve,system,3933.472,0.0,0.0,3933.472,0.0,6.802887
2019-01-07,19,0,reserve,system,3903.69,0.0,38.0967,3903.69,0.0,23.731135
2019-01-07,20,0,reserve,system,3810.282,0.0,0.0,3810.282,0.0,6.649835
2019-01-07,21,0,reserve,system,3669.114,0.0,0.0,3669.114,0.0,6.826558
2019-01-07,22,0,reserve,system,3449.474,0.0,0.0,3449.474,0.0,5.8979
2019-01-07,23,0,reserve,system,3218.817,0.0,0.0,3218.817,0.0,4.51577
2019-01-08,0,0,reserve,system,3051.767,0.0,0.0,3051.767,0.0,6.648335
2019-01-08,1,0,reserve,system,2965.177,0.0,0.0,2965.177,0.0,0.0
2019-01-08,2,0,reserve,system,2932.261,0.0,0.0,2932.261,0.0,0.0
2019-01-08,3,0,reserve,system,2943.326,0.0,0.0,2943.326,0.0,4.69837
2019-01-08,4,0,reserve,system,3025.693,0.0,0.0,3025.693,0.0,3.965996
2019-01-08,5,0,reserve,system,3266.236,0.0,0.0,3266.236,0.0,7.622249
2019-01-08,6,0,reserve,system,3637.7,0.0,0.0,3637.7,0.0,6.560615
2019-01-08,7,0,reserve,system,3791.54,0.0,0.0,3791.54,0.0,6.79445
2019-01-08,8,0,reserve,system,3752.68,0.0,0.0,3752.68,0.0,8.947075
2019-01-08,9,0,reserve,system,3742.638,0.0,0.0,3742.638,0.0,19.957021
2019-01-08,10,0,reserve,system,3754.653,0.0,0.0,3754.653,0.0,8.621664
2019-01-08,11,0,reserve,system,3757.985,0.0,0.0,3757.985,0.0,6.362451
2019-01-08,12,0,reserve,system,3754.828,0.0,0.0,3754.828,0.0,7.295507
2019-01-08,13,0,reserve,system,3754.363,0.0,0.0,3754.363,0.0,5.079354
2019-01-08,14,0,reserve,system,3738.702,0.0,2.424153,3738.702,0.0,9.50774
2019-01-08,15,0,reserve,system,3705.694,0.0,0.0,3705.694,0.0,0.0
2019-01-08,16,0,reserve,system,3695.454,0.0,0.0,3695.454,0.0,0.0
2019-01-08,17,0,reserve,system,3789.248,0.0,5.427239,3789.248,0.0,9.633816
2019-01-08,18,0,reserve,system,3971.175,0.0,0.0,3971.175,0.0,5.509024
2019-01-08,19,0,reserve,system,3962.439,0.0,7.130232,3962.439,0.0,24.825639
2019-01-08,20,0,reserve,system,3895.755,0.0,0.0,3895.755,0.0,6.433014
2019-01-08,21,0,reserve,system,3752.889,0.0,0.0,3752.889,0.0,7.566199
2019-01-08,22,0,reserve,system,3529.483,0.0,0.0,3529.483,0.0,3.016882
2019-01-08,23,0,reserve,system,3309.363,0.0,1.789672,3309.363,0.0,4.519892
2019-01-09,0,0,reserve,system,3170.33,0.0,0.0,3170.33,0.0,5.002541
2019-01-09,1,0,reserve,system,3102.276,0.0,0.0,3102.276,0.0,0.0
2019-01-09,2,0,reserve,system,3092.024,0.0,5.200573,3092.024,0.0,0.382617
2019-01-09,3,0,reserve,system,3115.366,0.0,0.0,3115.366,0.0,4.869042
2019-01-09,4,0,reserve,system,3210.395,0.0,0.023395,3210.395,0.0,3.223632
2019-01-09,5,0,reserve,system,3466.382,0.0,0.0,3466.382,0.0,4.933843
2019-01-09,6,0,reserve,system,3887.584,0.0,0.443565,3887.584,0.0,6.857623
2019-01-09,7,0,reserve,system,4052.149,0.0,0.0,4052.149,0.0,6.840753
2019-01-09,8,0,reserve,system,4018.338,0.0,0.0,4018.338,0.0,6.71154
2019-01-09,9,0,reserve,system,3989.305,0.0,0.0,3989.305,0.0,19.470084
2019-01-09,10,0,reserve,system,3941.593,0.0,0.0,3941.593,0.0,0.0
2019-01-09,11,0,reserve,system,3863.387,0.0,0.0,3863.387,0.0,11.240502
2019-01-09,12,0,reserve,system,3774.269,0.0,0.0,3774.269,0.0,7.143233
2019-01-09,13,0,reserve,system,3717.991,0.0,0.0,3717.991,0.0,5.78921
2019-01-09,14,0,reserve,system,3667.213,0.0,0.0,3667.213,0.0,7.92137
2019-01-09,15,0,reserve,system,3634.996,0.0,0.0,3634.996,0.0,0.0
2019-01-09,16,0,reserve,system,3661.022,0.0,0.0,3661.022,0.0,0.0
2019-01-09,17,0,reserve,system,3808.719,0.0,29.509067,3808.719,0.0,9.237678
2019-01-09,18,0,reserve,system,4051.98,0.0,0.0,4051.98,0.0,6.074818
2019-01-09,19,0,reserve,system,4095.12,0.0,0.0,4095.12,0.0,16.239359
2019-01-09,20,0,reserve,system,4078.751,0.0,0.0,4078.751,0.0,10.312626
2019-01-09,21,0,reserve,system,3984.112,0.0,0.0,3984.112,0.0,10.753584
2019-01-09,22,0,reserve,system,3775.796,0.0,0.0,3775.796,0.0,0.555305
2019-01-09,23,0,reserve,system,3575.396,0.0,0.0,3575.396,0.0,13.952072
2019-01-10,0,0,reserve,system,3456.611,0.0,0.0,3456.611,0.0,11.267474
2019-01-10,1,0,reserve,system,3402.202,0.0,0.0,3402.202,0.0,0.0
2019-01-10,2,0,reserve,system,3384.255,0.0,0.0,3384.255,0.0,2.426135
2019-01-10,3,0,reserve,system,3415.378,0.0,0.0,3415.378,0.0,8.336676
2019-01-10,4,0,reserve,system,3520.948,0.0,0.0,3520.948,0.0,7.041322
2019-01-10,5,0,reserve,system,3786.462,0.0,24.308361,3786.462,0.0,9.051256
2019-01-10,6,0,reserve,system,4195.508,0.0,0.0,4195.508,0.0,9.45245
2019-01-10,7,0,reserve,system,4328.657,0.0,0.0,4328.657,0.0,22.127706
2019-01-10,8,0,reserve,system,4254.497,0.0,0.0,4254.497,0.0,10.387407
2019-01-10,9,0,reserve,system,4196.328,0.0,0.0,4196.328,0.0,7.934702
2019-01-10,10,0,reserve,system,4134.534,0.0,0.0,4134.534,0.0,6.836536
2019-01-10,11,0,reserve,system,4051.283,0.0,0.0,4051.283,0.0,6.795594
2019-01-10,12,0,reserve,system,3963.087,0.0,0.0,3963.087,0.0,7.046591
2019-01-10,13,0,reserve,system,3893.994,0.0,0.0,3893.994,0.0,5.244205
2019-01-10,14,0,reserve,system,3838.115,0.0,0.0,3838.115,0.0,5.965929
2019-01-10,15,0,reserve,system,3814.624,0.0,0.0,3814.624,0.0,0.0
2019-01-10,16,0,reserve,system,3854.897,0.0,0.0,3854.897,0.0,0.0
2019-01-10,17,0,reserve,system,3976.888,0.0,2.326477,3976.888,0.0,9.302641
2019-01-10,18,0,reserve,system,4167.068,0.0,0.0,4167.068,0.0,5.754316
2019-01-10,19,0,reserve,system,4183.112,0.0,0.0,4183.112,0.0,16.146257
2019-01-10,20,0,reserve,system,4143.899,0.0,0.0,4143.899,0.0,6.261125
2019-01-10,21,0,reserve,system,4020.48,0.0,0.0,4020.48,0.0,6.921995
2019-01-10,22,0,reserve,system,3794.533,0.0,0.0,3794.533,0.0,5.002707
2019-01-10,23,0,reserve,system,3582.474,0.0,0.0,3582.474,0.0,4.587331
2019-01-11,0,0,reserve,system,3440.009,0.0,0.0,3440.009,0.0,12.354486
2019-01-11,1,0,reserve,system,3363.416,0.0,0.0,3363.416,0.0,0.0
2019-01-11,2,0,reserve,system,3329.368,0.0,3.52975,3329.368,0.0,5.381977
2019-01-11,3,0,reserve,system,3337.76,0.0,0.0,3337.76,0.0,5.276573
2019-01-11,4,0,reserve,system,3430.787,0.0,0.0,3430.787,0.0,7.581117
2019-01-11,5,0,reserve,system,3669.105,0.0,0.0,3669.105,0.0,6.458453
2019-01-11,6,0,reserve,system,4040.615,0.0,0.0,4040.615,0.0,6.777017
2019-01-11,7,0,reserve,system,4180.392,0.0,0.0,4180.392,0.0,22.03241
2019-01-11,8,0,reserve,system,4140.042,0.0,0.0,4140.042,0.0,-0.0
2019-01-11,9,0,reserve,system,4138.106,0.0,0.0,4138.106,0.0,11.314857
2019-01-11,10,0,reserve,system,4130.318,0.0,0.0,4130.318,0.0,6.94588
2019-01-11,11,0,reserve,system,4075.317,0.0,0.0,4075.317,0.0,5.188134
2019-01-11,12,0,reserve,system,4003.385,0.0,0.0,4003.385,0.0,9.335574
2019-01-11,13,0,reserve,system,3952.429,0.0,0.0,3952.429,0.0,0.0
2019-01-11,14,0,reserve,system,3921.945,0.0,0.0,3921.945,0.0,9.776421
2019-01-11,15,0,reserve,system,3894.329,0.0,0.0,3894.329,0.0,-0.0
2019-01-11,16,0,reserve,system,3916.691,0.0,0.0,3916.691,0.0,0.0
2019-01-11,17,0,reserve,system,4010.908,0.0,1.720919,4010.908,0.0,9.411994
2019-01-11,18,0,reserve,system,4078.979,0.0,0.0,4078.979,0.0,5.632006
2019-01-11,19,0,reserve,system,4006.161,0.0,2.330669,4006.161,0.0,15.75572
2019-01-11,20,0,reserve,system,3921.86,0.0,0.0,3921.86,0.0,6.355116
2019-01-11,21,0,reserve,system,3795.841,0.0,0.0,3795.841,0.0,6.697768
2019-01-11,22,0,reserve,system,3615.88,0.0,0.0,3615.88,0.0,5.424489
2019-01-11,23,0,reserve,system,3426.934,0.0,0.0,3426.934,0.0,0.0
2019-01-12,0,0,reserve,system,3277.952,0.0,0.0,3277.952,0.0,0.0
2019-01-12,1,0,reserve,system,3175.93,0.0,1.059438,3175.93,0.0,5.838187
2019-01-12,2,0,reserve,system,3115.664,0.0,0.0,3115.664,0.0,3.758661
2019-01-12,3,0,reserve,system,3105.999,0.0,0.0,3105.999,0.0,8.34484
2019-01-12,4,0,reserve,system,3154.734,0.0,0.0,3154.734,0.0,11.132665
2019-01-12,5,0,reserve,system,3282.625,0.0,0.0,3282.625,0.0,0.0
2019-01-12,6,0,reserve,system,3462.533,0.0,0.0,3462.533,0.0,0.0
2019-01-12,7,0,reserve,system,3635.278,0.0,0.0,3635.278,0.0,7.284163
2019-01-12,8,0,reserve,system,3752.647,0.0,50.0,3752.647,0.0,5.474778
2019-01-12,9,0,reserve,system,3835.445,0.0,0.0,3835.445,0.0,14.785415
2019-01-12,10,0,reserve,system,3888.42,0.0,0.0,3888.42,0.0,5.159888
2019-01-12,11,0,reserve,system,3912.268,0.0,0.0,3912.268,0.0,7.889169
2019-01-12,12,0,reserve,system,3891.471,0.0,0.0,3891.471,0.0,9.152747
2019-01-12,13,0,reserve,system,3853.418,0.0,9.88872,3853.418,0.0,0.0
2019-01-12,14,0,reserve,system,3814.749,0.0,0.0,3814.749,0.0,0.0
2019-01-12,15,0,reserve,system,3807.585,0.0,0.0,3807.585,0.0,5.720044
2019-01-12,16,0,reserve,system,3817.433,0.0,9.09461,3817.433,0.0,3.408381
2019-01-12,17,0,reserve,system,3896.968,0.0,1.728661,3896.968,0.0,7.837571
2019-01-12,18,0,reserve,system,4046.328,0.0,0.0,4046.328,0.0,6.341506
2019-01-12,19,0,reserve,system,4035.686,0.0,0.0,4035.686,0.0,22.421364
2019-01-12,20,0,reserve,system,3996.466,0.0,0.0,3996.466,0.0,7.810305
2019-01-12,21,0,reserve,system,3939.248,0.0,0.0,3939.248,0.0,9.533666
2019-01-12,22,0,reserve,system,3856.947,0.0,0.0,3856.947,0.0,5.437528
2019-01-12,23,0,reserve,system,3743.931,0.0,0.0,3743.931,0.0,9.839259
2019-01-13,0,0,reserve,system,3645.935,0.0,0.0,3645.935,0.0,13.499477
2019-01-13,1,0,reserve,system,3597.877,0.0,0.0,3597.877,0.0,0.0
2019-01-13,2,0,reserve,system,3587.11,0.0,0.0,3587.11,0.0,0.249379
2019-01-13,3,0,reserve,system,3608.592,0.0,0.0,3608.592,0.0,9.101127
2019-01-13,4,0,reserve,system,3668.052,0.0,0.0,3668.052,0.0,5.358887
2019-01-13,5,0,reserve,system,3781.128,0.0,0.0,3781.128,0.0,7.982036
2019-01-13,6,0,reserve,system,3948.615,0.0,0.0,3948.615,0.0,7.045464
2019-01-13,7,0,reserve,system,4115.545,0.0,0.0,4115.545,0.0,7.433822
2019-01-13,8,0,reserve,system,4240.926,0.0,0.0,4240.926,0.0,11.335246
2019-01-13,9,0,reserve,system,4299.013,0.0,0.0,4299.013,0.0,20.955365
2019-01-13,10,0,reserve,system,4265.958,0.0,0.0,4265.958,0.0,5.631918
2019-01-13,11,0,reserve,system,4176.524,0.0,0.0,4176.524,0.0,8.084093
2019-01-13,12,0,reserve,system,4074.62,0.0,0.0,4074.62,0.0,5.477404
2019-01-13,13,0,reserve,system,3992.715,0.0,0.0,3992.715,0.0,9.80119
2019-01-13,14,0,reserve,system,3928.894,0.0,0.0,3928.894,0.0,0.0
2019-01-13,15,0,reserve,system,3918.887,0.0,0.0,3918.887,0.0,0.0
2019-01-13,16,0,reserve,system,3971.055,0.0,0.0,3971.055,0.0,9.730672
2019-01-13,17,0,reserve,system,4157.689,0.0,0.0,4157.689,0.0,5.390083
2019-01-13,18,0,reserve,system,4406.474,0.0,0.0,4406.474,0.0,10.334894
2019-01-13,19,0,reserve,system,4487.596,0.0,0.0,4487.596,0.0,13.978259
2019-01-13,20,0,reserve,system,4465.504,0.0,0.0,4465.504,0.0,17.838425
2019-01-13,21,0,reserve,system,4364.993,0.0,0.0,4364.993,0.0,9.692951
2019-01-13,22,0,reserve,system,4158.177,0.0,0.0,4158.177,0.0,7.354358
2019-01-13,23,0,reserve,system,3968.37,0.0,0.0,3968.37,0.0,12.062342
2019-01-14,0,0,reserve,system,3850.154,0.0,0.0,3850.154,0.0,15.525812
2019-01-14,1,0,reserve,system,3801.82,0.0,0.0,3801.82,0.0,0.0
2019-01-14,2,0,reserve,system,3804.18,0.0,0.0,3804.18,0.0,2.373123
2019-01-14,3,0,reserve,system,3851.764,0.0,0.0,3851.764,0.0,7.359193
2019-01-14,4,0,reserve,system,3990.567,0.0,1.410167,3990.567,0.0,7.089722
2019-01-14,5,0,reserve,system,4310.313,0.0,0.0,4310.313,0.0,8.093175
2019-01-14,6,0,reserve,system,4753.178,0.0,0.0,4753.178,0.0,9.185382
2019-01-14,7,0,reserve,system,4908.569,0.0,0.0,4908.569,0.0,13.615408
2019-01-14,8,0,reserve,system,4851.866,0.0,0.0,4851.866,0.0,6.360391
2019-01-14,9,0,reserve,system,4825.228,0.0,0.0,4825.228,0.0,9.395001
2019-01-14,10,0,reserve,system,4753.3,0.0,0.0,4753.3,0.0,9.285155
2019-01-14,11,0,reserve,system,4629.537,0.0,0.0,4629.537,0.0,9.400235
2019-01-14,12,0,reserve,system,4465.503,0.0,0.0,4465.503,0.0,9.615552
2019-01-14,13,0,reserve,system,4309.329,0.0,0.0,4309.329,0.0,5.382812
2019-01-14,14,0,reserve,system,4182.737,0.0,0.0,4182.737,0.0,9.425657
2019-01-14,15,0,reserve,system,4118.94,0.0,0.0,4118.94,0.0,0.0
2019-01-14,16,0,reserve,system,4185.24,0.0,0.0,4185.24,0.0,0.0
2019-01-14,17,0,reserve,system,4414.02,0.0,0.0,4414.02,0.0,13.795565
2019-01-14,18,0,reserve,system,4675.991,0.0,0.0,4675.991,0.0,8.140694
2019-01-14,19,0,reserve,system,4702.385,0.0,0.0,4702.385,0.0,19.59831
2019-01-14,20,0,reserve,system,4663.305,0.0,0.0,4663.305,0.0,9.059275
2019-01-14,21,0,reserve,system,4513.445,0.0,0.0,4513.445,0.0,9.981536
2019-01-14,22,0,reserve,system,4248.554,0.0,0.0,4248.554,0.0,8.628042
2019-01-14,23,0,reserve,system,4032.933,0.0,0.0,4032.933,0.0,11.834575
2019-01-15,0,0,reserve,system,3897.446,0.0,0.0,3897.446,0.0,13.676159
2019-01-15,1,0,reserve,system,3813.591,0.0,0.0,3813.591,0.0,0.0
2019-01-15,2,0,reserve,system,3788.475,0.0,0.0,3788.475,0.0,0.0
2019-01-15,3,0,reserve,system,3798.606,0.0,0.0,3798.606,0.0,9.770935
2019-01-15,4,0,reserve,system,3888.712,0.0,0.0,3888.712,0.0,7.521606
2019-01-15,5,0,reserve,system,4154.446,0.0,0.0,4154.446,0.0,9.079012
2019-01-15,6,0,reserve,system,4540.843,0.0,0.0,4540.843,0.0,9.638918
2019-01-15,7,0,reserve,system,4665.347,0.0,0.0,4665.347,0.0,22.399368
2019-01-15,8,0,reserve,system,4577.648,0.0,0.0,4577.648,0.0,9.119996
2019-01-15,9,0,reserve,system,4524.34,0.0,0.0,4524.34,0.0,9.37333
2019-01-15,10,0,reserve,system,4484.74,0.0,0.0,4484.74,0.0,10.062797
2019-01-15,11,0,reserve,system,4412.683,0.0,0.0,4412.683,0.0,8.831693
2019-01-15,12,0,reserve,system,4313.486,0.0,0.0,4313.486,0.0,7.599817
2019-01-15,13,0,reserve,system,4232.015,0.0,0.0,4232.015,0.0,5.205448
2019-01-15,14,0,reserve,system,4173.127,0.0,0.0,4173.127,0.0,2.98947
2019-01-15,15,0,reserve,system,4150.687,0.0,0.0,4150.687,0.0,0.076223
2019-01-15,16,0,reserve,system,4222.27,0.0,0.0,4222.27,0.0,9.271791
2019-01-15,17,0,reserve,system,4394.485,0.0,0.0,4394.485,0.0,8.128084
2019-01-15,18,0,reserve,system,4556.369,0.0,0.0,4556.369,0.0,10.249627
2019-01-15,19,0,reserve,system,4535.306,0.0,0.0,4535.306,0.0,16.639429
2019-01-15,20,0,reserve,system,4461.098,0.0,0.0,4461.098,0.0,9.98545
2019-01-15,21,0,reserve,system,4279.256,0.0,0.0,4279.256,0.0,8.6508
2019-01-15,22,0,reserve,system,4016.353,0.0,0.0,4016.353,0.0,9.629746
2019-01-15,23,0,reserve,system,3772.586,0.0,0.0,3772.586,0.0,0.0
2019-01-16,0,0,reserve,system,3613.2,0.0,0.0,3613.2,0.0,13.083581
2019-01-16,1,0,reserve,system,3532.477,0.0,0.0,3532.477,0.0,0.0
2019-01-16,2,0,reserve,system,3498.948,0.0,0.0,3498.948,0.0,0.0
2019-01-16,3,0,reserve,system,3510.691,0.0,0.0,3510.691,0.0,9.463524
2019-01-16,4,0,reserve,system,3602.265,0.0,0.0,3602.265,0.0,5.288385
2019-01-16,5,0,reserve,system,3847.988,0.0,21.240751,3847.988,0.0,7.192674
2019-01-16,6,0,reserve,system,4220.967,0.0,1.18123,4220.967,0.0,8.731532
2019-01-16,7,0,reserve,system,4314.984,0.0,0.0,4314.984,0.0,22.739553
2019-01-16,8,0,reserve,system,4236.228,0.0,0.0,4236.228,0.0,8.649447
2019-01-16,9,0,reserve,system,4208.807,0.0,0.0,4208.807,0.0,8.483464
2019-01-16,10,0,reserve,system,4163.018,0.0,0.0,4163.018,0.0,6.766307
2019-01-16,11,0,reserve,system,4083.755,0.0,0.0,4083.755,0.0,6.135742
2019-01-16,12,0,reserve,system,4004.92,0.0,0.0,4004.92,0.0,7.435437
2019-01-16,13,0,reserve,system,3928.66,0.0,0.0,3928.66,0.0,4.502515
2019-01-16,14,0,reserve,system,3842.522,0.0,0.0,3842.522,0.0,8.08709
2019-01-16,15,0,reserve,system,3806.376,0.0,0.0,3806.376,0.0,0.0
2019-01-16,16,0,reserve,system,3840.316,0.0,0.0,3840.316,0.0,0.0
2019-01-16,17,0,reserve,system,3967.061,0.0,10.70784,3967.061,0.0,9.459498
2019-01-16,18,0,reserve,system,4126.57,0.0,23.34264,4126.57,0.0,6.376819
2019-01-16,19,0,reserve,system,4108.602,0.0,0.0,4108.602,0.0,22.458751
2019-01-16,20,0,reserve,system,4034.451,0.0,0.0,4034.451,0.0,7.840689
2019-01-16,21,0,reserve,system,3887.818,0.0,0.0,3887.818,0.0,9.593242
2019-01-16,22,0,reserve,system,3633.966,0.0,0.0,3633.966,0.0,0.0
2019-01-16,23,0,reserve,system,3393.027,0.0,0.0,3393.027,0.0,0.0
2019-01-17,0,0,reserve,system,3228.836,0.0,0.0,3228.836,0.0,6.383727
2019-01-17,1,0,reserve,system,3134.435,0.0,0.0,3134.435,0.0,0.0
2019-01-17,2,0,reserve,system,3095.806,0.0,0.0,3095.806,0.0,0.0
2019-01-17,3,0,reserve,system,3097.847,0.0,15.648963,3097.847,0.0,3.9259
2019-01-17,4,0,reserve,system,3177.698,0.0,0.0,3177.698,0.0,4.515153
2019-01-17,5,0,reserve,system,3416.739,0.0,3.301814,3416.739,0.0,7.129849
2019-01-17,6,0,reserve,system,3795.674,0.0,1.435951,3795.674,0.0,6.497098
2019-01-17,7,0,reserve,system,3939.908,0.0,0.0,3939.908,0.0,7.508437
2019-01-17,8,0,reserve,system,3897.465,0.0,0.0,3897.465,0.0,8.942073
2019-01-17,9,0,reserve,system,3880.895,0.0,24.181534,3880.895,0.0,23.497352
2019-01-17,10,0,reserve,system,3852.648,0.0,0.0,3852.648,0.0,7.394167
2019-01-17,11,0,reserve,system,3797.025,0.0,0.0,3797.025,0.0,5.347581
2019-01-17,12,0,reserve,system,3725.972,0.0,0.0,3725.972,0.0,9.856549
2019-01-17,13,0,reserve,system,3672.373,0.0,0.0,3672.373,0.0,0.0
2019-01-17,14,0,reserve,system,3627.349,0.0,0.0,3627.349,0.0,6.828871
2019-01-17,15,0,reserve,system,3590.694,0.0,0.0,3590.694,0.0,0.007023
2019-01-17,16,0,reserve,system,3606.842,0.0,0.0,3606.842,0.0,9.308363
2019-01-17,17,0,reserve,system,3693.998,0.0,0.0,3693.998,0.0,5.741897
2019-01-17,18,0,reserve,system,3905.319,0.0,0.0,3905.319,0.0,16.14884
2019-01-17,19,0,reserve,system,3941.592,0.0,0.0,3941.592,0.0,16.875717
2019-01-17,20,0,reserve,system,3922.985,0.0,0.0,3922.985,0.0,9.379543
2019-01-17,21,0,reserve,system,3822.38,0.0,0.0,3822.38,0.0,7.486847
2019-01-17,22,0,reserve,system,3633.007,0.0,0.0,3633.007,0.0,5.667353
2019-01-17,23,0,reserve,system,3439.021,0.0,0.0,3439.021,0.0,8.027353
2019-01-18,0,0,reserve,system,3316.187,0.0,0.0,3316.187,0.0,10.414198
2019-01-18,1,0,reserve,system,3269.433,0.0,0.0,3269.433,0.0,5.096116
2019-01-18,2,0,reserve,system,3247.695,0.0,0.0,3247.695,0.0,0.0
2019-01-18,3,0,reserve,system,3264.87,0.0,0.0,3264.87,0.0,0.0
2019-01-18,4,0,reserve,system,3357.565,0.0,0.0,3357.565,0.0,7.140305
2019-01-18,5,0,reserve,system,3592.585,0.0,6.831691,3592.585,0.0,4.049279
2019-01-18,6,0,reserve,system,3962.62,0.0,10.39448,3962.62,0.0,7.11483
2019-01-18,7,0,reserve,system,4115.713,0.0,14.369582,4115.713,0.0,14.997544
2019-01-18,8,0,reserve,system,4071.806,0.0,0.0,4071.806,0.0,7.573276
2019-01-18,9,0,reserve,system,4033.203,0.0,0.0,4033.203,0.0,7.155997
2019-01-18,10,0,reserve,system,3981.546,0.0,0.0,3981.546,0.0,6.090934
2019-01-18,11,0,reserve,system,3915.07,0.0,0.0,3915.07,0.0,6.562711
2019-01-18,12,0,reserve,system,3854.497,0.0,0.0,3854.497,0.0,5.402423
2019-01-18,13,0,reserve,system,3814.531,0.0,0.0,3814.531,0.0,4.653162
2019-01-18,14,0,reserve,system,3754.81,0.0,0.0,3754.81,0.0,5.447628
2019-01-18,15,0,reserve,system,3707.275,0.0,0.375902,3707.275,0.0,0.0
2019-01-18,16,0,reserve,system,3699.087,0.0,0.0,3699.087,0.0,0.0
2019-01-18,17,0,reserve,system,3751.288,0.0,2.112377,3751.288,0.0,5.631287
2019-01-18,18,0,reserve,system,3852.642,0.0,16.380221,3852.642,0.0,6.310732
2019-01-18,19,0,reserve,system,3810.647,0.0,12.921512,3810.647,0.0,16.316302
2019-01-18,20,0,reserve,system,3735.323,0.0,0.0,3735.323,0.0,5.178092
2019-01-18,21,0,reserve,system,3629.233,0.0,0.0,3629.233,0.0,3.637805
2019-01-18,22,0,reserve,system,3485.802,0.0,0.0,3485.802,0.0,4.941404
2019-01-18,23,0,reserve,system,3307.826,0.0,0.0,3307.826,0.0,0.0
2019-01-19,0,0,reserve,system,3162.615,0.0,0.0,3162.615,0.0,0.0
2019-01-19,1,0,reserve,system,3086.228,0.0,0.0,3086.228,0.0,2.59059
2019-01-19,2,0,reserve,system,3079.776,0.0,0.0,3079.776,0.0,1.33118
2019-01-19,3,0,reserve,system,3137.198,0.0,0.0,3137.198,0.0,0.575393
2019-01-19,4,0,reserve,system,3256.748,0.0,0.0,3256.748,0.0,11.907679
2019-01-19,5,0,reserve,system,3468.037,0.0,0.0,3468.037,0.0,0.0
2019-01-19,6,0,reserve,system,3732.571,0.0,0.0,3732.571,0.0,7.211895
2019-01-19,7,0,reserve,system,4007.232,0.0,23.35791,4007.232,0.0,4.328229
2019-01-19,8,0,reserve,system,4257.589,0.0,0.0,4257.589,0.0,7.654605
2019-01-19,9,0,reserve,system,4413.403,0.0,0.0,4413.403,0.0,5.76927
2019-01-19,10,0,reserve,system,4459.878,0.0,0.0,4459.878,0.0,16.406795
2019-01-19,11,0,reserve,system,4415.049,0.0,0.0,4415.049,0.0,6.906705
2019-01-19,12,0,reserve,system,4322.322,0.0,0.0,4322.322,0.0,7.315395
2019-01-19,13,0,reserve,system,4205.723,0.0,0.0,4205.723,0.0,5.848422
2019-01-19,14,0,reserve,system,4108.519,0.0,0.0,4108.519,0.0,6.422239
2019-01-19,15,0,reserve,system,4048.15,0.0,0.0,4048.15,0.0,7.641611
2019-01-19,16,0,reserve,system,4065.008,0.0,4.60008,4065.008,0.0,1.12483
2019-01-19,17,0,reserve,system,4207.262,0.0,0.0,4207.262,0.0,0.0
2019-01-19,18,0,reserve,system,4494.132,0.0,0.0,4494.132,0.0,10.214578
2019-01-19,19,0,reserve,system,4549.774,0.0,4.409825,4549.774,0.0,24.471793
2019-01-19,20,0,reserve,system,4569.893,0.0,1.559293,4569.893,0.0,11.242889
2019-01-19,21,0,reserve,system,4545.899,0.0,0.0,4545.899,0.0,7.116945
2019-01-19,22,0,reserve,system,4466.281,0.0,0.0,4466.281,0.0,0.0
2019-01-19,23,0,reserve,system,4376.0,0.0,0.156865,4376.0,0.0,23.763272
2019-01-20,0,0,reserve,system,4310.565,0.0,0.0,4310.565,351.393365,50.0
2019-01-20,1,0,reserve,system,4293.434,0.0,0.0,4293.434,0.0,0.0
2019-01-20,2,0,reserve,system,4296.877,0.0,0.0,4296.877,0.0,2.990651
2019-01-20,3,0,reserve,system,4331.024,0.0,0.0,4331.024,0.0,14.649921
2019-01-20,4,0,reserve,system,4414.709,0.0,0.0,4414.709,0.0,0.0
2019-01-20,5,0,reserve,system,4546.111,0.0,0.0,4546.111,0.0,14.784821
2019-01-20,6,0,reserve,system,4726.97,0.0,0.0,4726.97,0.0,7.341138
2019-01-20,7,0,reserve,system,4893.053,0.0,0.0,4893.053,0.0,7.986386
2019-01-20,8,0,reserve,system,4935.202,0.0,0.0,4935.202,0.0,18.393101
2019-01-20,9,0,reserve,system,4825.844,0.0,0.0,4825.844,0.0,10.405609
2019-01-20,10,0,reserve,system,4595.468,0.0,0.0,4595.468,0.0,11.106212
2019-01-20,11,0,reserve,system,4353.639,0.0,0.0,4353.639,0.0,8.264213
2019-01-20,12,0,reserve,system,4125.963,0.0,0.0,4125.963,0.0,7.368024
2019-01-20,13,0,reserve,system,3936.088,0.0,0.0,3936.088,0.0,4.928281
2019-01-20,14,0,reserve,system,3787.006,0.0,0.0,3787.006,0.0,6.669873
2019-01-20,15,0,reserve,system,3702.17,0.0,0.0,3702.17,0.0,0.0
2019-01-20,16,0,reserve,system,3690.81,0.0,0.0,3690.81,0.0,0.0
2019-01-20,17,0,reserve,system,3862.314,0.0,2.314594,3862.314,0.0,9.611531
2019-01-20,18,0,reserve,system,4176.405,0.0,0.0,4176.405,0.0,7.290545
2019-01-20,19,0,reserve,system,4298.914,0.0,0.0,4298.914,0.0,21.915815
2019-01-20,20,0,reserve,system,4314.99,0.0,0.0,4314.99,0.0,8.596082
2019-01-20,21,0,reserve,system,4327.811,0.0,0.0,4327.811,0.0,12.10481
2019-01-20,22,0,reserve,system,4211.785,0.0,0.0,4211.785,0.0,0.0
2019-01-20,23,0,reserve,system,4067.263,0.0,0.0,4067.263,0.0,0.0
2019-01-21,0,0,reserve,system,3976.955,0.0,0.0,3976.955,0.0,12.704133
2019-01-21,1,0,reserve,system,3939.277,0.0,0.0,3939.277,0.0,-0.0
2019-01-21,2,0,reserve,system,3949.273,0.0,5.210005,3949.273,0.0,3.725428
2019-01-21,3,0,reserve,system,4013.148,0.0,0.0,4013.148,0.0,3.887397
2019-01-21,4,0,reserve,system,4148.082,0.0,0.0,4148.082,0.0,7.777552
2019-01-21,5,0,reserve,system,4406.223,0.0,0.0,4406.223,0.0,6.1574
2019-01-21,6,0,reserve,system,4729.487,0.0,0.0,4729.487,0.0,8.021176
2019-01-21,7,0,reserve,system,4897.312,0.0,50.0,4897.312,0.0,8.682038
2019-01-21,8,0,reserve,system,4855.562,0.0,13.405258,4855.562,0.0,21.41721
2019-01-21,9,0,reserve,system,4727.63,0.0,0.0,4727.63,0.0,8.832613
2019-01-21,10,0,reserve,system,4587.677,0.0,0.0,4587.677,0.0,6.783403
2019-01-21,11,0,reserve,system,4385.136,0.0,0.0,4385.136,0.0,7.332052
2019-01-21,12,0,reserve,system,4166.056,0.0,0.0,4166.056,0.0,5.768609
2019-01-21,13,0,reserve,system,4005.948,0.0,0.0,4005.948,0.0,5.983892
2019-01-21,14,0,reserve,system,3877.697,0.0,0.0,3877.697,0.0,0.0
2019-01-21,15,0,reserve,system,3809.944,0.0,0.0,3809.944,0.0,0.0
2019-01-21,16,0,reserve,system,3821.064,0.0,3.966902,3821.064,0.0,8.64206
2019-01-21,17,0,reserve,system,3939.163,0.0,0.0,3939.163,0.0,-0.0
2019-01-21,18,0,reserve,system,4170.184,0.0,0.0,4170.184,0.0,10.494658
2019-01-21,19,0,reserve,system,4181.339,0.0,12.159369,4181.339,0.0,15.22867
2019-01-21,20,0,reserve,system,4117.18,0.0,0.0,4117.18,0.0,5.569893
2019-01-21,21,0,reserve,system,3977.621,0.0,0.0,3977.621,0.0,7.079978
2019-01-21,22,0,reserve,system,3728.792,0.0,0.0,3728.792,0.0,0.0
2019-01-21,23,0,reserve,system,3478.54,0.0,0.0,3478.54,0.0,0.0
2019-01-22,0,0,reserve,system,3315.043,0.0,0.0,3315.043,0.0,4.723804
2019-01-22,1,0,reserve,system,3219.233,0.0,4.693798,3219.233,0.0,2.689749
2019-01-22,2,0,reserve,system,3170.304,0.0,0.0,3170.304,0.0,0.0
2019-01-22,3,0,reserve,system,3168.739,0.0,3.65684,3168.739,0.0,0.0
2019-01-22,4,0,reserve,system,3245.675,0.0,7.440608,3245.675,0.0,2.788625
2019-01-22,5,0,reserve,system,3469.399,0.0,0.0,3469.399,0.0,2.107282
2019-01-22,6,0,reserve,system,3827.589,0.0,0.0,3827.589,0.0,5.876302
2019-01-22,7,0,reserve,system,3926.45,0.0,19.426364,3926.45,0.0,8.791405
2019-01-22,8,0,reserve,system,3857.22,0.0,0.0,3857.22,0.0,0.0
2019-01-22,9,0,reserve,system,3842.765,0.0,0.0,3842.765,0.0,18.724277
2019-01-22,10,0,reserve,system,3833.672,0.0,22.165485,3833.672,0.0,0.865632
2019-01-22,11,0,reserve,system,3819.455,0.0,16.173917,3819.455,0.0,9.634656
2019-01-22,12,0,reserve,system,3804.739,0.0,0.0,3804.739,0.0,3.596924
2019-01-22,13,0,reserve,system,3792.88,0.0,0.0,3792.88,0.0,5.984813
2019-01-22,14,0,reserve,system,3776.487,0.0,0.0,3776.487,0.0,0.060733
2019-01-22,15,0,reserve,system,3772.142,0.0,0.0,3772.142,0.0,0.0
2019-01-22,16,0,reserve,system,3819.79,0.0,0.0,3819.79,0.0,5.37144
2019-01-22,17,0,reserve,system,3954.944,0.0,2.423215,3954.944,0.0,5.731427
2019-01-22,18,0,reserve,system,4148.282,0.0,37.729629,4148.282,0.0,7.216024
2019-01-22,19,0,reserve,system,4194.856,0.0,0.0,4194.856,0.0,17.595512
2019-01-22,20,0,reserve,system,4204.629,0.0,0.0,4204.629,0.0,5.506964
2019-01-22,21,0,reserve,system,4118.299,0.0,0.0,4118.299,0.0,9.122313
2019-01-22,22,0,reserve,system,3950.801,0.0,0.0,3950.801,0.0,0.0
2019-01-22,23,0,reserve,system,3785.836,0.0,0.0,3785.836,0.0,10.938792
2019-01-23,0,0,reserve,system,3687.4,0.0,0.0,3687.4,0.0,0.0
2019-01-23,1,0,reserve,system,3689.658,0.0,7.955905,3689.658,0.0,12.285496
2019-01-23,2,0,reserve,system,3734.084,0.0,0.0,3734.084,0.0,0.0
2019-01-23,3,0,reserve,system,3858.172,0.0,0.0,3858.172,0.0,6.681908
2019-01-23,4,0,reserve,system,4062.056,0.0,0.0,4062.056,0.0,5.8602
2019-01-23,5,0,reserve,system,4417.09,0.0,0.0,4417.09,0.0,6.749616
2019-01-23,6,0,reserve,system,4925.431,0.0,0.0,4925.431,0.0,11.243809
2019-01-23,7,0,reserve,system,5179.61,0.0,6.037525,5179.61,0.0,13.614392
2019-01-23,8,0,reserve,system,5137.974,0.0,0.0,5137.974,0.0,18.514681
2019-01-23,9,0,reserve,system,5058.91,0.0,0.0,5058.91,0.0,10.693699
2019-01-23,10,0,reserve,system,4954.431,0.0,0.0,4954.431,0.0,11.252014
2019-01-23,11,0,reserve,system,4803.587,0.0,0.0,4803.587,0.0,8.420075
2019-01-23,12,0,reserve,system,4627.273,0.0,0.0,4627.273,0.0,7.495146
2019-01-23,13,0,reserve,system,4475.221,0.0,0.0,4475.221,0.0,6.201066
2019-01-23,14,0,reserve,system,4312.143,0.0,0.0,4312.143,0.0,7.108781
2019-01-23,15,0,reserve,system,4197.203,0.0,0.0,4197.203,0.0,0.0
2019-01-23,16,0,reserve,system,4201.747,0.0,0.0,4201.747,0.0,2.416803
2019-01-23,17,0,reserve,system,4347.913,0.0,0.0,4347.913,0.0,9.158332
2019-01-23,18,0,reserve,system,4678.157,0.0,0.0,4678.157,0.0,11.627185
2019-01-23,19,0,reserve,system,4812.109,0.0,0.0,4812.109,0.0,10.170018
2019-01-23,20,0,reserve,system,4858.925,0.0,0.0,4858.925,0.0,18.440879
2019-01-23,21,0,reserve,system,4798.746,0.0,0.0,4798.746,0.0,8.76612
2019-01-23,22,0,reserve,system,4614.405,0.0,0.0,4614.405,0.0,6.68641
2019-01-23,23,0,reserve,system,4440.189,0.0,0.0,4440.189,0.0,15.079123
2019-01-24,0,0,reserve,system,4353.671,0.0,0.0,4353.671,0.0,18.828037
2019-01-24,1,0,reserve,system,4333.108,0.0,0.0,4333.108,0.0,0.0
2019-01-24,2,0,reserve,system,4355.602,0.0,20.520863,4355.602,0.0,0.0
2019-01-24,3,0,reserve,system,4417.862,0.0,0.0,4417.862,0.0,13.388661
2019-01-24,4,0,reserve,system,4568.305,0.0,0.0,4568.305,0.0,7.869016
2019-01-24,5,0,reserve,system,4902.105,0.0,0.0,4902.105,0.0,10.166831
2019-01-24,6,0,reserve,system,5364.376,0.0,0.0,5364.376,0.0,15.995366
2019-01-24,7,0,reserve,system,5466.949,0.0,0.0,5466.949,0.0,44.196102
2019-01-24,8,0,reserve,system,5185.74,0.0,0.0,5185.74,0.0,14.217339
2019-01-24,9,0,reserve,system,4851.05,0.0,0.0,4851.05,0.0,9.496829
2019-01-24,10,0,reserve,system,4558.032,0.0,0.0,4558.032,0.0,9.971948
2019-01-24,11,0,reserve,system,4287.12,0.0,0.0,4287.12,0.0,8.582068
2019-01-24,12,0,reserve,system,4065.735,0.0,0.0,4065.735,0.0,7.449721
2019-01-24,13,0,reserve,system,3913.3,0.0,0.0,3913.3,0.0,5.323853
2019-01-24,14,0,reserve,system,3793.713,0.0,0.0,3793.713,0.0,9.025519
2019-01-24,15,0,reserve,system,3739.883,0.0,0.0,3739.883,0.0,0.0
2019-01-24,16,0,reserve,system,3762.228,0.0,0.0,3762.228,0.0,0.0
2019-01-24,17,0,reserve,system,3884.386,0.0,0.0,3884.386,0.0,6.687237
2019-01-24,18,0,reserve,system,4167.385,0.0,0.0,4167.385,0.0,6.957932
2019-01-24,19,0,reserve,system,4286.265,0.0,50.0,4286.265,0.0,9.007763
2019-01-24,20,0,reserve,system,4331.839,0.0,0.0,4331.839,0.0,22.471097
2019-01-24,21,0,reserve,system,4261.388,0.0,0.0,4261.388,0.0,10.021725
2019-01-24,22,0,reserve,system,4092.854,0.0,0.0,4092.854,0.0,0.0
2019-01-24,23,0,reserve,system,3936.033,0.0,0.0,3936.033,0.0,0.0
2019-01-25,0,0,reserve,system,3860.892,0.0,0.0,3860.892,0.0,0.0
2019-01-25,1,0,reserve,system,3864.437,0.0,0.0,3864.437,0.0,9.527725
2019-01-25,2,0,reserve,system,3902.54,0.0,0.0,3902.54,0.0,5.394529
2019-01-25,3,0,reserve,system,3980.626,0.0,0.0,3980.626,0.0,11.615084
2019-01-25,4,0,reserve,system,4143.544,0.0,0.0,4143.544,0.0,0.0
2019-01-25,5,0,reserve,system,4464.823,0.0,0.0,4464.823,0.0,14.022033
2019-01-25,6,0,reserve,system,4907.458,0.0,0.0,4907.458,0.0,8.810275
2019-01-25,7,0,reserve,system,5040.628,0.0,0.0,5040.628,0.0,20.058082
2019-01-25,8,0,reserve,system,4881.658,0.0,0.0,4881.658,0.0,8.946387
2019-01-25,9,0,reserve,system,4687.583,0.0,0.0,4687.583,0.0,10.253506
2019-01-25,10,0,reserve,system,4479.998,0.0,0.0,4479.998,0.0,10.223413
2019-01-25,11,0,reserve,system,4265.018,0.0,0.0,4265.018,0.0,8.268874
2019-01-25,12,0,reserve,system,4073.449,0.0,0.0,4073.449,0.0,9.285571
2019-01-25,13,0,reserve,system,3934.461,0.0,0.0,3934.461,0.0,1.526976
2019-01-25,14,0,reserve,system,3820.248,0.0,0.0,3820.248,0.0,11.91014
2019-01-25,15,0,reserve,system,3759.134,0.0,0.0,3759.134,0.0,0.0
2019-01-25,16,0,reserve,system,3781.207,0.0,0.0,3781.207,0.0,0.0
2019-01-25,17,0,reserve,system,3877.265,0.0,0.0,3877.265,0.0,10.044728
2019-01-25,18,0,reserve,system,4097.341,0.0,0.0,4097.341,0.0,11.656653
2019-01-25,19,0,reserve,system,4131.559,0.0,0.0,4131.559,0.0,18.705936
2019-01-25,20,0,reserve,system,4128.615,0.0,0.0,4128.615,0.0,7.271466
2019-01-25,21,0,reserve,system,4087.496,0.0,0.0,4087.496,0.0,11.301512
2019-01-25,22,0,reserve,system,3972.431,0.0,0.0,3972.431,0.0,0.0
2019-01-25,23,0,reserve,system,3834.309,0.0,0.0,3834.309,0.0,0.0
2019-01-26,0,0,reserve,system,3735.591,0.0,0.0,3735.591,0.0,10.862435
2019-01-26,1,0,reserve,system,3677.714,0.0,0.0,3677.714,0.0,2.122311
2019-01-26,2,0,reserve,system,3653.254,0.0,0.0,3653.254,0.0,0.436488
2019-01-26,3,0,reserve,system,3658.877,0.0,0.0,3658.877,0.0,9.609149
2019-01-26,4,0,reserve,system,3709.72,0.0,0.0,3709.72,0.0,5.653882
2019-01-26,5,0,reserve,system,3826.057,0.0,0.0,3826.057,0.0,8.133483
2019-01-26,6,0,reserve,system,4014.812,0.0,0.0,4014.812,0.0,8.446555
2019-01-26,7,0,reserve,system,4185.289,0.0,0.0,4185.289,0.0,10.060964
2019-01-26,8,0,reserve,system,4257.934,0.0,0.0,4257.934,0.0,21.709767
2019-01-26,9,0,reserve,system,4209.368,0.0,0.0,4209.368,0.0,10.488533
2019-01-26,10,0,reserve,system,4066.089,0.0,0.0,4066.089,0.0,8.118748
2019-01-26,11,0,reserve,system,3903.963,0.0,0.0,3903.963,0.0,8.230572
2019-01-26,12,0,reserve,system,3752.087,0.0,0.0,3752.087,0.0,7.094526
2019-01-26,13,0,reserve,system,3624.242,0.0,0.0,3624.242,0.0,5.155691
2019-01-26,14,0,reserve,system,3528.878,0.0,0.0,3528.878,0.0,9.445157
2019-01-26,15,0,reserve,system,3473.923,0.0,0.0,3473.923,0.0,0.0
2019-01-26,16,0,reserve,system,3486.37,0.0,0.0,3486.37,0.0,0.0
2019-01-26,17,0,reserve,system,3607.937,0.0,0.0,3607.937,0.0,9.848463
2019-01-26,18,0,reserve,system,3802.136,0.0,0.0,3802.136,0.0,14.177783
2019-01-26,19,0,reserve,system,3834.354,0.0,0.0,3834.354,0.0,8.717237
2019-01-26,20,0,reserve,system,3825.007,0.0,0.0,3825.007,0.0,6.192825
2019-01-26,21,0,reserve,system,3783.027,0.0,0.0,3783.027,0.0,9.758316
2019-01-26,22,0,reserve,system,3706.494,0.0,0.0,3706.494,0.0,0.0
2019-01-26,23,0,reserve,system,3604.013,0.0,0.0,3604.013,0.0,0.0
2019-01-27,0,0,reserve,system,3506.449,0.0,0.0,3506.449,0.0,10.944449
2019-01-27,1,0,reserve,system,3472.896,0.0,0.0,3472.896,0.0,0.0
2019-01-27,2,0,reserve,system,3462.895,0.0,0.0,3462.895,0.0,2.890727
2019-01-27,3,0,reserve,system,3498.506,0.0,0.0,3498.506,0.0,12.280499
2019-01-27,4,0,reserve,system,3552.254,0.0,0.0,3552.254,0.0,0.0
2019-01-27,5,0,reserve,system,3657.447,0.0,0.0,3657.447,0.0,9.785714
2019-01-27,6,0,reserve,system,3819.477,0.0,0.0,3819.477,0.0,13.233083
2019-01-27,7,0,reserve,system,3975.386,0.0,0.0,3975.386,0.0,0.0
2019-01-27,8,0,reserve,system,4042.405,0.0,0.0,4042.405,0.0,24.849131
2019-01-27,9,0,reserve,system,3968.148,0.0,0.0,3968.148,0.0,10.953977
2019-01-27,10,0,reserve,system,3815.772,0.0,0.0,3815.772,0.0,6.571157
2019-01-27,11,0,reserve,system,3683.559,0.0,0.0,3683.559,0.0,6.843484
2019-01-27,12,0,reserve,system,3569.167,0.0,0.0,3569.167,0.0,6.257631
2019-01-27,13,0,reserve,system,3481.867,0.0,0.0,3481.867,0.0,7.089409
2019-01-27,14,0,reserve,system,3418.975,0.0,0.0,3418.975,0.0,5.311889
2019-01-27,15,0,reserve,system,3386.603,0.0,0.0,3386.603,0.0,0.0
2019-01-27,16,0,reserve,system,3394.306,0.0,0.0,3394.306,0.0,0.0
2019-01-27,17,0,reserve,system,3489.13,0.0,16.901409,3489.13,0.0,9.650695
2019-01-27,18,0,reserve,system,3753.935,0.0,0.0,3753.935,0.0,5.595561
2019-01-27,19,0,reserve,system,3861.024,0.0,0.0,3861.024,0.0,19.565851
2019-01-27,20,0,reserve,system,3891.937,0.0,0.0,3891.937,0.0,9.93573
2019-01-27,21,0,reserve,system,3844.185,0.0,0.0,3844.185,0.0,8.564539
2019-01-27,22,0,reserve,system,3702.09,0.0,0.0,3702.09,0.0,7.091524
2019-01-27,23,0,reserve,system,3553.804,0.0,0.0,3553.804,0.0,5.956057
2019-01-28,0,0,reserve,system,3444.281,0.0,0.0,3444.281,0.0,10.447216
2019-01-28,1,0,reserve,system,3394.589,0.0,0.0,3394.589,0.0,0.0
2019-01-28,2,0,reserve,system,3407.24,0.0,0.0,3407.24,0.0,0.0
2019-01-28,3,0,reserve,system,3456.103,0.0,0.0,3456.103,0.0,7.577974
2019-01-28,4,0,reserve,system,3602.7,0.0,50.0,3602.7,0.0,6.108337
2019-01-28,5,0,reserve,system,3900.356,0.0,37.793144,3900.356,0.0,6.77443
2019-01-28,6,0,reserve,system,4332.503,0.0,0.0,4332.503,0.0,14.943754
2019-01-28,7,0,reserve,system,4447.447,0.0,0.0,4447.447,0.0,0.0
2019-01-28,8,0,reserve,system,4296.955,0.0,37.80394,4296.955,0.0,25.471471
2019-01-28,9,0,reserve,system,4140.695,0.0,0.0,4140.695,0.0,11.529546
2019-01-28,10,0,reserve,system,3985.032,0.0,0.0,3985.032,0.0,0.0
2019-01-28,11,0,reserve,system,3872.587,0.0,13.134303,3872.587,0.0,13.427578
2019-01-28,12,0,reserve,system,3784.219,0.0,0.0,3784.219,0.0,0.0
2019-01-28,13,0,reserve,system,3742.164,0.0,0.0,3742.164,0.0,5.756743
2019-01-28,14,0,reserve,system,3697.075,0.0,0.0,3697.075,0.0,0.0
2019-01-28,15,0,reserve,system,3678.785,0.0,0.661994,3678.785,0.0,7.807318
2019-01-28,16,0,reserve,system,3725.401,0.0,0.0,3725.401,0.0,0.0
2019-01-28,17,0,reserve,system,3840.44,0.0,21.075478,3840.44,0.0,9.483641
2019-01-28,18,0,reserve,system,4090.935,0.0,0.0,4090.935,0.0,4.649541
2019-01-28,19,0,reserve,system,4163.591,0.0,0.0,4163.591,0.0,19.721775
2019-01-28,20,0,reserve,system,4151.959,0.0,0.0,4151.959,0.0,6.842566
2019-01-28,21,0,reserve,system,4049.824,0.0,0.0,4049.824,0.0,6.812709
2019-01-28,22,0,reserve,system,3879.628,0.0,0.0,3879.628,0.0,5.626929
2019-01-28,23,0,reserve,system,3720.029,0.0,0.0,3720.029,0.0,8.029629
2019-01-29,0,0,reserve,system,3660.824,0.0,15.426357,3660.824,0.0,3.917059
2019-01-29,1,0,reserve,system,3677.655,0.0,0.0,3677.655,0.0,1.883851
2019-01-29,2,0,reserve,system,3732.761,0.0,0.0,3732.761,0.0,5.554288
2019-01-29,3,0,reserve,system,3849.783,0.0,5.37407,3849.783,0.0,2.482148
2019-01-29,4,0,reserve,system,4064.13,0.0,0.0,4064.13,0.0,8.966793
2019-01-29,5,0,reserve,system,4459.511,0.0,0.0,4459.511,0.0,7.662174
2019-01-29,6,0,reserve,system,4981.139,0.0,0.0,4981.139,0.0,10.943808
2019-01-29,7,0,reserve,system,5175.851,0.0,0.0,5175.851,0.0,28.422114
2019-01-29,8,0,reserve,system,5030.302,0.0,0.0,5030.302,0.0,9.071327
2019-01-29,9,0,reserve,system,4854.669,0.0,0.0,4854.669,0.0,10.419181
2019-01-29,10,0,reserve,system,4675.684,0.0,0.0,4675.684,0.0,10.479622
2019-01-29,11,0,reserve,system,4492.747,0.0,0.0,4492.747,0.0,9.292337
2019-01-29,12,0,reserve,system,4311.994,0.0,0.0,4311.994,0.0,7.64215
2019-01-29,13,0,reserve,system,4164.55,0.0,0.0,4164.55,0.0,5.166061
2019-01-29,14,0,reserve,system,4037.183,0.0,0.0,4037.183,0.0,9.682384
2019-01-29,15,0,reserve,system,3973.222,0.0,0.0,3973.222,0.0,0.0
2019-01-29,16,0,reserve,system,4043.808,0.0,0.0,4043.808,0.0,0.0
2019-01-29,17,0,reserve,system,4274.354,0.0,3.142799,4274.354,0.0,9.686532
2019-01-29,18,0,reserve,system,4609.601,0.0,29.565328,4609.601,0.0,8.628018
2019-01-29,19,0,reserve,system,4688.954,0.0,0.0,4688.954,0.0,10.903277
2019-01-29,20,0,reserve,system,4685.568,0.0,0.0,4685.568,0.0,22.86588
2019-01-29,21,0,reserve,system,4561.81,0.0,0.0,4561.81,0.0,10.533971
2019-01-29,22,0,reserve,system,4333.79,0.0,0.0,4333.79,0.0,7.343647
2019-01-29,23,0,reserve,system,4127.416,0.0,0.0,4127.416,0.0,13.054353
2019-01-30,0,0,reserve,system,4010.503,0.0,0.0,4010.503,0.0,8.180231
2019-01-30,1,0,reserve,system,3966.72,0.0,0.0,3966.72,0.0,0.0
2019-01-30,2,0,reserve,system,3969.792,0.0,0.0,3969.792,0.0,11.503575
2019-01-30,3,0,reserve,system,4016.285,0.0,0.0,4016.285,0.0,6.765868
2019-01-30,4,0,reserve,system,4154.986,0.0,0.0,4154.986,0.0,9.238877
2019-01-30,5,0,reserve,system,4472.857,0.0,0.0,4472.857,0.0,9.572396
2019-01-30,6,0,reserve,system,4890.917,0.0,0.0,4890.917,0.0,9.636639
2019-01-30,7,0,reserve,system,4994.027,0.0,0.0,4994.027,0.0,26.054791
2019-01-30,8,0,reserve,system,4873.848,0.0,0.0,4873.848,0.0,8.775114
2019-01-30,9,0,reserve,system,4777.643,0.0,0.0,4777.643,0.0,10.663126
2019-01-30,10,0,reserve,system,4669.604,0.0,0.0,4669.604,0.0,9.95319
2019-01-30,11,0,reserve,system,4510.252,0.0,0.0,4510.252,0.0,9.17404
2019-01-30,12,0,reserve,system,4351.981,0.0,0.0,4351.981,0.0,7.314887
2019-01-30,13,0,reserve,system,4259.293,0.0,0.0,4259.293,0.0,5.913545
2019-01-30,14,0,reserve,system,4159.82,0.0,0.0,4159.82,0.0,8.048285
2019-01-30,15,0,reserve,system,4085.565,0.0,0.0,4085.565,0.0,0.0
2019-01-30,16,0,reserve,system,4136.542,0.0,0.0,4136.542,0.0,0.0
2019-01-30,17,0,reserve,system,4293.89,0.0,16.106346,4293.89,0.0,9.871776
2019-01-30,18,0,reserve,system,4570.801,0.0,0.0,4570.801,0.0,5.584012
2019-01-30,19,0,reserve,system,4632.32,0.0,0.0,4632.32,0.0,25.435266
2019-01-30,20,0,reserve,system,4609.99,0.0,0.0,4609.99,0.0,9.892469
2019-01-30,21,0,reserve,system,4478.121,0.0,0.0,4478.121,0.0,7.584309
2019-01-30,22,0,reserve,system,4228.62,0.0,0.0,4228.62,0.0,5.443123
2019-01-30,23,0,reserve,system,3991.888,0.0,0.0,3991.888,0.0,4.924046
2019-01-31,0,0,reserve,system,3849.2,0.0,39.439622,3849.2,0.0,14.399955
2019-01-31,1,0,reserve,system,3771.0,0.0,0.0,3771.0,0.0,0.0
2019-01-31,2,0,reserve,system,3731.358,0.0,0.0,3731.358,0.0,6.558296
2019-01-31,3,0,reserve,system,3727.996,0.0,0.0,3727.996,0.0,0.0
2019-01-31,4,0,reserve,system,3808.45,0.0,0.0,3808.45,0.0,9.550272
2019-01-31,5,0,reserve,system,4055.302,0.0,0.0,4055.302,0.0,3.698399
2019-01-31,6,0,reserve,system,4418.638,0.0,0.296403,4418.638,0.0,10.563052
2019-01-31,7,0,reserve,system,4515.828,0.0,18.196016,4515.828,0.0,20.613551
2019-01-31,8,0,reserve,system,4428.141,0.0,0.0,4428.141,0.0,6.00815
2019-01-31,9,0,reserve,system,4375.547,0.0,0.0,4375.547,0.0,7.40226
2019-01-31,10,0,reserve,system,4319.1,0.0,0.0,4319.1,0.0,5.819272
2019-01-31,11,0,reserve,system,4232.735,0.0,0.0,4232.735,0.0,7.59065
2019-01-31,12,0,reserve,system,4137.284,0.0,0.0,4137.284,0.0,6.498975
2019-01-31,13,0,reserve,system,4071.056,0.0,9.315852,4071.056,0.0,6.305267
2019-01-31,14,0,reserve,system,4006.099,0.0,0.0,4006.099,0.0,5.742677
2019-01-31,15,0,reserve,system,3963.595,0.0,0.0,3963.595,0.0,1.246385
2019-01-31,16,0,reserve,system,3994.559,0.0,0.0,3994.559,0.0,1.250408
2019-01-31,17,0,reserve,system,4086.971,0.0,14.322181,4086.971,0.0,9.092098
2019-01-31,18,0,reserve,system,4214.214,0.0,0.0,4214.214,0.0,8.181801
2019-01-31,19,0,reserve,system,4203.87,0.0,0.0,4203.87,0.0,22.646176
2019-01-31,20,0,reserve,system,4124.269,0.0,0.0,4124.269,0.0,9.157743
2019-01-31,21,0,reserve,system,3949.561,0.0,0.0,3949.561,0.0,10.084827
2019-01-31,22,0,reserve,system,3699.933,0.0,0.0,3699.933,0.0,0.0
2019-01-31,23,0,reserve,system,3457.804,0.0,0.0,3457.804,0.0,0.0
2019-02-01,0,0,reserve,system,3298.012,0.0,0.0,3298.012,0.0,3.530174
2019-02-01,1,0,reserve,system,3199.836,0.0,0.0,3199.836,0.0,0.0
2019-02-01,2,0,reserve,system,3160.57,0.0,0.0,3160.57,0.0,7.305155
2019-02-01,3,0,reserve,system,3166.349,0.0,0.0,3166.349,0.0,5.701199
2019-02-01,4,0,reserve,system,3234.819,0.0,2.262518,3234.819,0.0,7.211664
2019-02-01,5,0,reserve,system,3454.387,0.0,0.0,3454.387,0.0,6.325485
2019-02-01,6,0,reserve,system,3806.917,0.0,0.0,3806.917,0.0,9.178023
2019-02-01,7,0,reserve,system,3935.612,0.0,0.0,3935.612,0.0,13.971433
2019-02-01,8,0,reserve,system,3904.326,0.0,0.0,3904.326,0.0,17.831343
2019-02-01,9,0,reserve,system,3896.894,0.0,0.0,3896.894,0.0,11.027491
2019-02-01,10,0,reserve,system,3868.472,0.0,0.0,3868.472,0.0,7.257941
2019-02-01,11,0,reserve,system,3816.372,0.0,0.0,3816.372,0.0,6.567271
2019-02-01,12,0,reserve,system,3749.438,0.0,0.0,3749.438,0.0,6.618932
2019-02-01,13,0,reserve,system,3716.365,0.0,0.0,3716.365,0.0,6.072518
2019-02-01,14,0,reserve,system,3673.849,0.0,0.0,3673.849,0.0,6.383275
2019-02-01,15,0,reserve,system,3643.811,0.0,0.0,3643.811,0.0,0.730059
2019-02-01,16,0,reserve,system,3633.988,0.0,0.0,3633.988,0.0,0.0
2019-02-01,17,0,reserve,system,3685.523,0.0,31.889448,3685.523,0.0,9.520479
2019-02-01,18,0,reserve,system,3799.278,0.0,0.0,3799.278,0.0,5.314741
2019-02-01,19,0,reserve,system,3789.007,0.0,0.0,3789.007,0.0,17.797896
2019-02-01,20,0,reserve,system,3731.505,0.0,0.0,3731.505,0.0,7.051456
2019-02-01,21,0,reserve,system,3649.265,0.0,0.0,3649.265,0.0,5.873563
2019-02-01,22,0,reserve,system,3500.367,0.0,0.0,3500.367,0.0,8.820773
2019-02-01,23,0,reserve,system,3319.249,0.0,0.0,3319.249,0.0,0.0
2019-02-02,0,0,reserve,system,3168.063,0.0,0.0,3168.063,0.0,5.796871
2019-02-02,1,0,reserve,system,3081.343,0.0,0.0,3081.343,0.0,0.0
2019-02-02,2,0,reserve,system,3032.054,0.0,0.0,3032.054,0.0,2.162784
2019-02-02,3,0,reserve,system,3003.631,0.0,0.0,3003.631,0.0,3.495962
2019-02-02,4,0,reserve,system,3029.682,0.0,0.0,3029.682,0.0,4.231786
2019-02-02,5,0,reserve,system,3112.726,0.0,0.0,3112.726,0.0,5.41844
2019-02-02,6,0,reserve,system,3249.001,0.0,0.419369,3249.001,0.0,6.802401
2019-02-02,7,0,reserve,system,3388.531,0.0,0.0,3388.531,0.0,6.36411
2019-02-02,8,0,reserve,system,3521.111,0.0,0.0,3521.111,0.0,6.73744
2019-02-02,9,0,reserve,system,3630.649,0.0,0.0,3630.649,0.0,16.20935
2019-02-02,10,0,reserve,system,3681.978,0.0,0.0,3681.978,0.0,6.522623
2019-02-02,11,0,reserve,system,3677.495,0.0,0.0,3677.495,0.0,6.251267
2019-02-02,12,0,reserve,system,3622.918,0.0,0.0,3622.918,0.0,7.078458
2019-02-02,13,0,reserve,system,3555.6,0.0,0.0,3555.6,0.0,3.133994
2019-02-02,14,0,reserve,system,3494.537,0.0,0.0,3494.537,0.0,5.054115
2019-02-02,15,0,reserve,system,3470.558,0.0,0.0,3470.558,0.0,0.0
2019-02-02,16,0,reserve,system,3466.772,0.0,0.0,3466.772,0.0,0.0
2019-02-02,17,0,reserve,system,3522.013,0.0,15.856119,3522.013,0.0,7.501281
2019-02-02,18,0,reserve,system,3645.652,0.0,0.0,3645.652,0.0,6.477751
2019-02-02,19,0,reserve,system,3634.025,0.0,12.029711,3634.025,0.0,15.821639
2019-02-02,20,0,reserve,system,3583.99,0.0,0.0,3583.99,0.0,6.145726
2019-02-02,21,0,reserve,system,3509.954,0.0,0.0,3509.954,0.0,7.206328
2019-02-02,22,0,reserve,system,3384.198,0.0,0.0,3384.198,0.0,5.309709
2019-02-02,23,0,reserve,system,3236.413,0.0,0.0,3236.413,0.0,3.510691
2019-02-03,0,0,reserve,system,3089.076,0.0,0.0,3089.076,0.0,6.706824
2019-02-03,1,0,reserve,system,2980.123,0.0,0.0,2980.123,0.0,0.0
2019-02-03,2,0,reserve,system,2923.778,0.0,0.0,2923.778,0.0,1.233307
2019-02-03,3,0,reserve,system,2887.582,0.0,0.0,2887.582,0.0,0.0
2019-02-03,4,0,reserve,system,2885.993,0.0,0.0,2885.993,0.0,1.964118
2019-02-03,5,0,reserve,system,2927.415,0.0,0.0,2927.415,0.0,1.812452
2019-02-03,6,0,reserve,system,3015.78,0.0,0.0,3015.78,0.0,3.159223
2019-02-03,7,0,reserve,system,3127.785,0.0,0.0,3127.785,0.0,3.164796
2019-02-03,8,0,reserve,system,3267.313,0.0,2.577028,3267.313,0.0,3.910358
2019-02-03,9,0,reserve,system,3397.101,0.0,1.561772,3397.101,0.0,15.358847
2019-02-03,10,0,reserve,system,3474.337,0.0,0.0,3474.337,0.0,4.273309
2019-02-03,11,0,reserve,system,3523.632,0.0,0.0,3523.632,0.0,3.382071
2019-02-03,12,0,reserve,system,3532.023,0.0,0.0,3532.023,0.0,6.381098
2019-02-03,13,0,reserve,system,3544.882,0.0,0.0,3544.882,0.0,0.0
2019-02-03,14,0,reserve,system,3550.304,0.0,0.0,3550.304,0.0,0.0
2019-02-03,15,0,reserve,system,3565.165,0.0,0.0,3565.165,0.0,7.413126
2019-02-03,16,0,reserve,system,3593.043,0.0,0.0,3593.043,0.0,0.10762
2019-02-03,17,0,reserve,system,3601.656,0.0,0.0,3601.656,0.0,5.997593
2019-02-03,18,0,reserve,system,3688.384,0.0,24.899657,3688.384,0.0,5.50905
2019-02-03,19,0,reserve,system,3688.56,0.0,0.0,3688.56,0.0,16.302025
2019-02-03,20,0,reserve,system,3635.598,0.0,0.0,3635.598,0.0,6.905598
2019-02-03,21,0,reserve,system,3588.986,0.0,0.0,3588.986,0.0,4.438175
2019-02-03,22,0,reserve,system,3430.283,0.0,0.0,3430.283,0.0,4.023819
2019-02-03,23,0,reserve,system,3188.338,0.0,0.0,3188.338,0.0,3.041861
2019-02-04,0,0,reserve,system,3009.226,0.0,0.0,3009.226,0.0,4.673829
2019-02-04,1,0,reserve,system,2899.553,0.0,0.0,2899.553,0.0,0.0
2019-02-04,2,0,reserve,system,2844.389,0.0,0.0,2844.389,0.0,0.0
2019-02-04,3,0,reserve,system,2843.973,0.0,0.0,2843.973,0.0,2.309332
2019-02-04,4,0,reserve,system,2897.911,0.0,0.0,2897.911,0.0,3.321577
2019-02-04,5,0,reserve,system,3102.199,0.0,0.0,3102.199,0.0,3.275646
2019-02-04,6,0,reserve,system,3458.092,0.0,0.0,3458.092,0.0,7.794689
2019-02-04,7,0,reserve,system,3610.255,0.0,0.0,3610.255,0.0,6.143371
2019-02-04,8,0,reserve,system,3621.788,0.0,0.0,3621.788,0.0,6.808442
2019-02-04,9,0,reserve,system,3683.413,0.0,0.0,3683.413,0.0,15.77988
2019-02-04,10,0,reserve,system,3738.285,0.0,0.0,3738.285,0.0,6.07931
2019-02-04,11,0,reserve,system,3777.917,0.0,0.0,3777.917,0.0,6.499032
2019-02-04,12,0,reserve,system,3822.323,0.0,0.0,3822.323,0.0,6.287627
2019-02-04,13,0,reserve,system,3861.809,0.0,0.0,3861.809,0.0,0.0
2019-02-04,14,0,reserve,system,3879.133,0.0,1.131861,3879.133,0.0,5.608994
2019-02-04,15,0,reserve,system,3879.188,0.0,1.391003,3879.188,0.0,5.180732
2019-02-04,16,0,reserve,system,3889.301,0.0,1.136608,3889.301,0.0,4.544555
2019-02-04,17,0,reserve,system,3908.97,0.0,0.0,3908.97,0.0,7.881901
2019-02-04,18,0,reserve,system,4048.601,0.0,0.0,4048.601,0.0,8.054643
2019-02-04,19,0,reserve,system,4060.716,0.0,0.0,4060.716,0.0,24.179825
2019-02-04,20,0,reserve,system,3969.442,0.0,0.0,3969.442,0.0,9.024384
2019-02-04,21,0,reserve,system,3810.17,0.0,0.0,3810.17,0.0,7.108287
2019-02-04,22,0,reserve,system,3558.611,0.0,0.0,3558.611,0.0,6.231662
2019-02-04,23,0,reserve,system,3288.306,0.0,0.0,3288.306,0.0,6.797463
2019-02-05,0,0,reserve,system,3101.664,0.0,0.0,3101.664,0.0,6.927692
2019-02-05,1,0,reserve,system,2988.443,0.0,0.0,2988.443,0.0,0.0
2019-02-05,2,0,reserve,system,2934.12,0.0,0.0,2934.12,0.0,3.265308
2019-02-05,3,0,reserve,system,2909.467,0.0,0.0,2909.467,0.0,0.0
2019-02-05,4,0,reserve,system,2960.155,0.0,0.0,2960.155,0.0,4.72414
2019-02-05,5,0,reserve,system,3155.97,0.0,0.0,3155.97,0.0,2.939767
2019-02-05,6,0,reserve,system,3519.38,0.0,0.0,3519.38,0.0,8.13542
2019-02-05,7,0,reserve,system,3674.062,0.0,0.0,3674.062,0.0,6.825365
2019-02-05,8,0,reserve,system,3671.691,0.0,0.0,3671.691,0.0,13.056821
2019-02-05,9,0,reserve,system,3723.137,0.0,0.0,3723.137,0.0,6.476385
2019-02-05,10,0,reserve,system,3794.018,0.0,0.0,3794.018,0.0,7.176158
2019-02-05,11,0,reserve,system,3840.065,0.0,0.0,3840.065,0.0,6.303289
2019-02-05,12,0,reserve,system,3867.084,0.0,0.0,3867.084,0.0,6.844372
2019-02-05,13,0,reserve,system,3908.957,0.0,0.0,3908.957,0.0,6.185991
2019-02-05,14,0,reserve,system,3918.134,0.0,0.0,3918.134,0.0,6.959361
2019-02-05,15,0,reserve,system,3919.466,0.0,0.0,3919.466,0.0,0.647964
2019-02-05,16,0,reserve,system,3911.934,0.0,0.0,3911.934,0.0,7.319669
2019-02-05,17,0,reserve,system,3921.15,0.0,6.460821,3921.15,0.0,0.0
2019-02-05,18,0,reserve,system,4056.397,0.0,0.0,4056.397,0.0,9.46352
2019-02-05,19,0,reserve,system,4063.458,0.0,0.0,4063.458,0.0,22.070653
2019-02-05,20,0,reserve,system,3973.331,0.0,0.0,3973.331,0.0,6.680833
2019-02-05,21,0,reserve,system,3823.917,0.0,0.0,3823.917,0.0,6.481853
2019-02-05,22,0,reserve,system,3593.663,0.0,0.0,3593.663,0.0,7.400849
2019-02-05,23,0,reserve,system,3326.13,0.0,0.0,3326.13,0.0,5.023791
2019-02-06,0,0,reserve,system,3145.906,0.0,0.0,3145.906,0.0,8.288497
2019-02-06,1,0,reserve,system,3029.403,0.0,0.0,3029.403,0.0,0.0
2019-02-06,2,0,reserve,system,2966.903,0.0,0.0,2966.903,0.0,4.518923
2019-02-06,3,0,reserve,system,2952.253,0.0,5.740985,2952.253,0.0,0.0
2019-02-06,4,0,reserve,system,2999.935,0.0,0.0,2999.935,0.0,0.0
2019-02-06,5,0,reserve,system,3190.95,0.0,0.384218,3190.95,0.0,5.219849
2019-02-06,6,0,reserve,system,3539.723,0.0,49.804452,3539.723,0.0,6.874873
2019-02-06,7,0,reserve,system,3691.287,0.0,0.0,3691.287,0.0,6.430721
2019-02-06,8,0,reserve,system,3693.227,0.0,0.0,3693.227,0.0,6.836431
2019-02-06,9,0,reserve,system,3767.34,0.0,0.0,3767.34,0.0,6.769463
2019-02-06,10,0,reserve,system,3850.464,0.0,0.0,3850.464,0.0,15.896723
2019-02-06,11,0,reserve,system,3912.197,0.0,0.0,3912.197,0.0,3.814314
2019-02-06,12,0,reserve,system,3964.07,0.0,0.0,3964.07,0.0,7.055574
2019-02-06,13,0,reserve,system,4020.586,0.0,0.0,4020.586,0.0,9.241713
2019-02-06,14,0,reserve,system,4021.415,0.0,0.0,4021.415,0.0,0.300913
2019-02-06,15,0,reserve,system,4033.167,0.0,0.0,4033.167,0.0,0.0
2019-02-06,16,0,reserve,system,4038.506,0.0,0.0,4038.506,0.0,9.068888
2019-02-06,17,0,reserve,system,4055.609,0.0,6.420364,4055.609,0.0,4.999814
2019-02-06,18,0,reserve,system,4166.008,0.0,0.0,4166.008,0.0,7.346964
2019-02-06,19,0,reserve,system,4166.022,0.0,0.0,4166.022,0.0,15.617722
2019-02-06,20,0,reserve,system,4088.389,0.0,0.0,4088.389,0.0,6.707681
2019-02-06,21,0,reserve,system,3932.319,0.0,0.0,3932.319,0.0,5.819632
2019-02-06,22,0,reserve,system,3673.867,0.0,0.0,3673.867,0.0,4.79593
2019-02-06,23,0,reserve,system,3411.643,0.0,0.0,3411.643,0.0,3.342857
2019-02-07,0,0,reserve,system,3214.235,0.0,0.0,3214.235,0.0,3.481428
2019-02-07,1,0,reserve,system,3100.724,0.0,0.0,3100.724,0.0,0.83621
2019-02-07,2,0,reserve,system,3040.85,0.0,0.0,3040.85,0.0,1.03317
2019-02-07,3,0,reserve,system,3016.949,0.0,0.0,3016.949,0.0,0.0
2019-02-07,4,0,reserve,system,3059.887,0.0,0.0,3059.887,0.0,1.569875
2019-02-07,5,0,reserve,system,3226.86,0.0,0.0,3226.86,0.0,1.674393
2019-02-07,6,0,reserve,system,3564.303,0.0,0.0,3564.303,0.0,6.023382
2019-02-07,7,0,reserve,system,3723.074,0.0,0.0,3723.074,0.0,5.585857
2019-02-07,8,0,reserve,system,3783.032,0.0,1.656784,3783.032,0.0,7.308298
2019-02-07,9,0,reserve,system,3888.334,0.0,0.0,3888.334,0.0,12.794185
2019-02-07,10,0,reserve,system,3999.867,0.0,0.0,3999.867,0.0,7.495643
2019-02-07,11,0,reserve,system,4055.763,0.0,0.0,4055.763,0.0,7.398434
2019-02-07,12,0,reserve,system,4036.873,0.0,0.0,4036.873,0.0,6.688339
2019-02-07,13,0,reserve,system,4014.028,0.0,0.0,4014.028,0.0,6.76484
2019-02-07,14,0,reserve,system,3968.998,0.0,0.0,3968.998,0.0,0.0
2019-02-07,15,0,reserve,system,3939.71,0.0,0.0,3939.71,0.0,0.0
2019-02-07,16,0,reserve,system,3978.403,0.0,7.671755,3978.403,0.0,6.016548
2019-02-07,17,0,reserve,system,4107.832,0.0,0.0,4107.832,0.0,6.609563
2019-02-07,18,0,reserve,system,4386.632,0.0,0.0,4386.632,0.0,6.981002
2019-02-07,19,0,reserve,system,4502.072,0.0,0.0,4502.072,0.0,22.884052
2019-02-07,20,0,reserve,system,4536.147,0.0,1.587956,4536.147,0.0,9.585491
2019-02-07,21,0,reserve,system,4469.957,0.0,0.0,4469.957,0.0,6.938907
2019-02-07,22,0,reserve,system,4310.269,0.0,0.0,4310.269,0.0,5.424145
2019-02-07,23,0,reserve,system,4155.616,0.0,0.0,4155.616,0.0,10.662194
2019-02-08,0,0,reserve,system,4065.873,0.0,0.0,4065.873,0.0,3.910069
2019-02-08,1,0,reserve,system,4052.559,0.0,3.440156,4052.559,0.0,6.267181
2019-02-08,2,0,reserve,system,4094.853,0.0,0.0,4094.853,0.0,4.979029
2019-02-08,3,0,reserve,system,4179.79,0.0,0.0,4179.79,0.0,8.914437
2019-02-08,4,0,reserve,system,4345.623,0.0,0.0,4345.623,0.0,2.080565
2019-02-08,5,0,reserve,system,4678.577,0.0,0.0,4678.577,0.0,8.452859
2019-02-08,6,0,reserve,system,5164.912,0.0,3.361716,5164.912,0.0,6.380176
2019-02-08,7,0,reserve,system,5373.132,0.0,0.0,5373.132,0.0,12.470944
2019-02-08,8,0,reserve,system,5358.151,0.0,0.0,5358.151,0.0,7.10485
2019-02-08,9,0,reserve,system,5372.347,0.0,0.0,5372.347,0.0,18.28548
2019-02-08,10,0,reserve,system,5304.437,0.0,0.0,5304.437,0.0,0.0
2019-02-08,11,0,reserve,system,5241.324,0.0,0.0,5241.324,0.0,26.255423
2019-02-08,12,0,reserve,system,5161.059,0.0,0.0,5161.059,0.0,0.0
2019-02-08,13,0,reserve,system,5118.636,0.0,0.0,5118.636,0.0,16.719429
2019-02-08,14,0,reserve,system,5076.361,0.0,0.0,5076.361,0.0,15.164824
2019-02-08,15,0,reserve,system,5070.155,0.0,0.0,5070.155,0.0,0.0
2019-02-08,16,0,reserve,system,5134.671,0.0,0.0,5134.671,0.0,0.0
2019-02-08,17,0,reserve,system,5247.655,0.0,0.0,5247.655,0.0,14.993519
2019-02-08,18,0,reserve,system,5364.554,0.0,0.0,5364.554,0.0,11.458468
2019-02-08,19,0,reserve,system,5331.438,0.0,0.0,5331.438,0.0,21.984906
2019-02-08,20,0,reserve,system,5249.533,0.0,0.0,5249.533,0.0,8.443266
2019-02-08,21,0,reserve,system,5119.92,0.0,0.0,5119.92,0.0,9.658912
2019-02-08,22,0,reserve,system,4930.048,0.0,0.0,4930.048,0.0,7.482629
2019-02-08,23,0,reserve,system,4731.889,0.0,0.0,4731.889,0.0,15.991419
2019-02-09,0,0,reserve,system,4583.048,0.0,0.0,4583.048,0.0,19.273443
2019-02-09,1,0,reserve,system,4493.775,0.0,0.0,4493.775,0.0,0.0
2019-02-09,2,0,reserve,system,4431.785,0.0,0.0,4431.785,0.0,0.0
2019-02-09,3,0,reserve,system,4414.28,0.0,0.0,4414.28,0.0,9.576497
2019-02-09,4,0,reserve,system,4449.366,0.0,0.0,4449.366,0.0,7.525079
2019-02-09,5,0,reserve,system,4548.493,0.0,0.0,4548.493,0.0,9.86556
2019-02-09,6,0,reserve,system,4707.341,0.0,0.0,4707.341,0.0,9.488436
2019-02-09,7,0,reserve,system,4871.448,0.0,0.0,4871.448,0.0,8.597858
2019-02-09,8,0,reserve,system,5005.131,0.0,0.0,5005.131,0.0,8.283422
2019-02-09,9,0,reserve,system,5093.886,0.0,0.0,5093.886,0.0,19.489441
2019-02-09,10,0,reserve,system,5130.005,0.0,0.0,5130.005,0.0,8.311807
2019-02-09,11,0,reserve,system,5076.065,0.0,0.0,5076.065,0.0,9.737456
2019-02-09,12,0,reserve,system,4978.936,0.0,0.0,4978.936,0.0,9.766278
2019-02-09,13,0,reserve,system,4891.569,0.0,0.0,4891.569,0.0,5.54894
2019-02-09,14,0,reserve,system,4831.567,0.0,0.0,4831.567,0.0,0.0
2019-02-09,15,0,reserve,system,4812.488,0.0,0.0,4812.488,0.0,9.804324
2019-02-09,16,0,reserve,system,4832.869,0.0,0.0,4832.869,0.0,0.0
2019-02-09,17,0,reserve,system,4911.353,0.0,0.0,4911.353,0.0,12.076302
2019-02-09,18,0,reserve,system,5037.884,0.0,22.224923,5037.884,0.0,9.005282
2019-02-09,19,0,reserve,system,5018.155,0.0,0.0,5018.155,0.0,20.114249
2019-02-09,20,0,reserve,system,4949.173,0.0,0.0,4949.173,0.0,8.60422
2019-02-09,21,0,reserve,system,4838.739,0.0,0.0,4838.739,0.0,6.730229
2019-02-09,22,0,reserve,system,4654.129,0.0,0.0,4654.129,0.0,13.834935
2019-02-09,23,0,reserve,system,4476.535,0.0,0.0,4476.535,0.0,0.0
2019-02-10,0,0,reserve,system,4331.515,0.0,0.0,4331.515,0.0,13.431376
2019-02-10,1,0,reserve,system,4234.09,0.0,0.0,4234.09,0.0,0.0
2019-02-10,2,0,reserve,system,4167.83,0.0,0.0,4167.83,0.0,0.0
2019-02-10,3,0,reserve,system,4131.008,0.0,0.0,4131.008,0.0,13.201432
2019-02-10,4,0,reserve,system,4138.91,0.0,0.0,4138.91,0.0,0.0
2019-02-10,5,0,reserve,system,4195.183,0.0,0.0,4195.183,0.0,13.68408
2019-02-10,6,0,reserve,system,4294.366,0.0,0.0,4294.366,0.0,7.407828
2019-02-10,7,0,reserve,system,4397.436,0.0,0.0,4397.436,0.0,9.487393
2019-02-10,8,0,reserve,system,4493.631,0.0,0.0,4493.631,0.0,16.846939
2019-02-10,9,0,reserve,system,4546.564,0.0,0.0,4546.564,0.0,9.084104
2019-02-10,10,0,reserve,system,4513.566,0.0,0.0,4513.566,0.0,9.63251
2019-02-10,11,0,reserve,system,4440.111,0.0,0.0,4440.111,0.0,8.555107
2019-02-10,12,0,reserve,system,4346.741,0.0,0.0,4346.741,0.0,11.916346
2019-02-10,13,0,reserve,system,4257.463,0.0,0.0,4257.463,0.0,0.0
2019-02-10,14,0,reserve,system,4175.554,0.0,0.0,4175.554,0.0,13.305848
2019-02-10,15,0,reserve,system,4138.846,0.0,0.0,4138.846,0.0,0.0
2019-02-10,16,0,reserve,system,4147.961,0.0,0.0,4147.961,0.0,0.0
2019-02-10,17,0,reserve,system,4231.858,0.0,0.0,4231.858,0.0,11.703737
2019-02-10,18,0,reserve,system,4378.498,0.0,0.0,4378.498,0.0,8.662069
2019-02-10,19,0,reserve,system,4397.089,0.0,0.0,4397.089,0.0,21.511628
2019-02-10,20,0,reserve,system,4320.433,0.0,0.0,4320.433,0.0,8.923169
2019-02-10,21,0,reserve,system,4180.016,0.0,0.0,4180.016,0.0,10.964839
2019-02-10,22,0,reserve,system,3944.936,0.0,0.0,3944.936,0.0,0.0
2019-02-10,23,0,reserve,system,3703.078,0.0,0.0,3703.078,0.0,0.0
2019-02-11,0,0,reserve,system,3536.93,0.0,0.0,3536.93,0.0,9.429749
2019-02-11,1,0,reserve,system,3450.691,0.0,0.0,3450.691,0.0,4.256478
2019-02-11,2,0,reserve,system,3407.244,0.0,0.0,3407.244,0.0,2.150279
2019-02-11,3,0,reserve,system,3408.903,0.0,0.0,3408.903,0.0,0.0
2019-02-11,4,0,reserve,system,3504.554,0.0,14.06511,3504.554,0.0,7.130361
2019-02-11,5,0,reserve,system,3751.16,0.0,13.107163,3751.16,0.0,4.821416
2019-02-11,6,0,reserve,system,4102.616,0.0,0.0,4102.616,0.0,7.3103
2019-02-11,7,0,reserve,system,4218.456,0.0,41.460446,4218.456,0.0,20.701764
2019-02-11,8,0,reserve,system,4158.513,0.0,0.0,4158.513,0.0,6.962996
2019-02-11,9,0,reserve,system,4142.728,0.0,0.0,4142.728,0.0,6.114651
2019-02-11,10,0,reserve,system,4112.666,0.0,0.0,4112.666,0.0,7.266431
2019-02-11,11,0,reserve,system,4082.673,0.0,0.0,4082.673,0.0,4.676097
2019-02-11,12,0,reserve,system,4056.846,0.0,0.0,4056.846,0.0,10.236761
2019-02-11,13,0,reserve,system,4011.631,0.0,0.0,4011.631,0.0,0.0
2019-02-11,14,0,reserve,system,3977.994,0.0,0.0,3977.994,0.0,7.723538
2019-02-11,15,0,reserve,system,3958.606,0.0,0.0,3958.606,0.0,4.710395
2019-02-11,16,0,reserve,system,3973.702,0.0,0.0,3973.702,0.0,0.0
2019-02-11,17,0,reserve,system,4042.219,0.0,0.0,4042.219,0.0,9.411943
2019-02-11,18,0,reserve,system,4161.872,0.0,0.0,4161.872,0.0,5.318258
2019-02-11,19,0,reserve,system,4168.473,0.0,0.0,4168.473,0.0,23.085532
2019-02-11,20,0,reserve,system,4088.927,0.0,0.0,4088.927,0.0,6.184871
2019-02-11,21,0,reserve,system,3926.065,0.0,0.0,3926.065,0.0,7.104683
2019-02-11,22,0,reserve,system,3692.478,0.0,0.0,3692.478,0.0,5.706727
2019-02-11,23,0,reserve,system,3454.112,0.0,0.0,3454.112,0.0,0.0
2019-02-12,0,0,reserve,system,3294.694,0.0,0.0,3294.694,0.0,3.35361
2019-02-12,1,0,reserve,system,3210.617,0.0,0.0,3210.617,0.0,0.0
2019-02-12,2,0,reserve,system,3206.736,0.0,5.160401,3206.736,0.0,2.879036
2019-02-12,3,0,reserve,system,3225.29,0.0,3.421548,3225.29,0.0,0.0
2019-02-12,4,0,reserve,system,3330.16,0.0,14.90769,3330.16,0.0,4.466283
2019-02-12,5,0,reserve,system,3627.851,0.0,0.0,3627.851,0.0,3.322974
2019-02-12,6,0,reserve,system,4075.742,0.0,43.280643,4075.742,0.0,7.946497
2019-02-12,7,0,reserve,system,4244.165,0.0,37.793144,4244.165,0.0,6.419481
2019-02-12,8,0,reserve,system,4165.961,0.0,0.0,4165.961,0.0,16.910624
2019-02-12,9,0,reserve,system,4086.851,0.0,0.0,4086.851,0.0,8.132683
2019-02-12,10,0,reserve,system,4004.924,0.0,0.0,4004.924,0.0,6.849439
2019-02-12,11,0,reserve,system,3907.129,0.0,0.0,3907.129,0.0,6.486177
2019-02-12,12,0,reserve,system,3812.342,0.0,0.0,3812.342,0.0,7.835932
2019-02-12,13,0,reserve,system,3744.893,0.0,0.0,3744.893,0.0,3.397312
2019-02-12,14,0,reserve,system,3681.032,0.0,0.0,3681.032,0.0,1.37796
2019-02-12,15,0,reserve,system,3639.252,0.0,0.0,3639.252,0.0,1.474199
2019-02-12,16,0,reserve,system,3650.913,0.0,0.0,3650.913,0.0,8.909153
2019-02-12,17,0,reserve,system,3711.483,0.0,0.0,3711.483,0.0,5.855592
2019-02-12,18,0,reserve,system,3949.452,0.0,0.0,3949.452,0.0,7.543112
2019-02-12,19,0,reserve,system,4096.772,0.0,0.0,4096.772,0.0,10.407628
2019-02-12,20,0,reserve,system,4145.725,0.0,0.0,4145.725,0.0,20.977495
2019-02-12,21,0,reserve,system,4105.107,0.0,0.0,4105.107,0.0,11.835151
2019-02-12,22,0,reserve,system,3955.466,0.0,0.0,3955.466,0.0,4.584082
2019-02-12,23,0,reserve,system,3794.66,0.0,0.0,3794.66,0.0,10.276132
2019-02-13,0,0,reserve,system,3706.004,0.0,0.0,3706.004,0.0,13.102315
2019-02-13,1,0,reserve,system,3703.493,0.0,0.0,3703.493,0.0,0.0
2019-02-13,2,0,reserve,system,3739.31,0.0,0.0,3739.31,0.0,0.0
2019-02-13,3,0,reserve,system,3829.071,0.0,16.036593,3829.071,0.0,9.0248
2019-02-13,4,0,reserve,system,3995.792,0.0,0.0,3995.792,0.0,4.842835
2019-02-13,5,0,reserve,system,4348.025,0.0,0.0,4348.025,0.0,7.840824
2019-02-13,6,0,reserve,system,4839.238,0.0,0.0,4839.238,0.0,10.516435
2019-02-13,7,0,reserve,system,4954.392,0.0,0.0,4954.392,0.0,20.976246
2019-02-13,8,0,reserve,system,4722.791,0.0,0.0,4722.791,0.0,8.195851
2019-02-13,9,0,reserve,system,4449.268,0.0,0.0,4449.268,0.0,6.829662
2019-02-13,10,0,reserve,system,4226.509,0.0,0.0,4226.509,0.0,6.811937
2019-02-13,11,0,reserve,system,4039.026,0.0,0.0,4039.026,0.0,6.882304
2019-02-13,12,0,reserve,system,3890.048,0.0,0.0,3890.048,0.0,5.040538
2019-02-13,13,0,reserve,system,3817.908,0.0,0.0,3817.908,0.0,5.521518
2019-02-13,14,0,reserve,system,3762.921,0.0,0.0,3762.921,0.0,2.676845
2019-02-13,15,0,reserve,system,3745.783,0.0,0.0,3745.783,0.0,0.0
2019-02-13,16,0,reserve,system,3781.336,0.0,3.40825,3781.336,0.0,2.736344
2019-02-13,17,0,reserve,system,3861.119,0.0,0.0,3861.119,0.0,5.704001
2019-02-13,18,0,reserve,system,4076.191,0.0,1.816303,4076.191,0.0,6.994601
2019-02-13,19,0,reserve,system,4151.458,0.0,0.809826,4151.458,0.0,16.184187
2019-02-13,20,0,reserve,system,4121.326,0.0,0.0,4121.326,0.0,6.294596
2019-02-13,21,0,reserve,system,4011.938,0.0,0.0,4011.938,0.0,6.742474
2019-02-13,22,0,reserve,system,3794.014,0.0,0.0,3794.014,0.0,0.0
2019-02-13,23,0,reserve,system,3567.442,0.0,0.0,3567.442,0.0,0.0
2019-02-14,0,0,reserve,system,3422.847,0.0,0.0,3422.847,0.0,1.749051
2019-02-14,1,0,reserve,system,3339.106,0.0,1.936536,3339.106,0.0,2.94167
2019-02-14,2,0,reserve,system,3304.527,0.0,4.505153,3304.527,0.0,5.679094
2019-02-14,3,0,reserve,system,3309.472,0.0,0.0,3309.472,0.0,0.0
2019-02-14,4,0,reserve,system,3403.996,0.0,0.0,3403.996,0.0,5.14361
2019-02-14,5,0,reserve,system,3659.253,0.0,0.0,3659.253,0.0,3.165693
2019-02-14,6,0,reserve,system,4044.442,0.0,22.471482,4044.442,0.0,7.562154
2019-02-14,7,0,reserve,system,4121.25,0.0,0.0,4121.25,0.0,13.597674
2019-02-14,8,0,reserve,system,4010.999,0.0,0.0,4010.999,0.0,7.709661
2019-02-14,9,0,reserve,system,3924.573,0.0,0.0,3924.573,0.0,6.919611
2019-02-14,10,0,reserve,system,3835.095,0.0,0.0,3835.095,0.0,5.55761
2019-02-14,11,0,reserve,system,3755.927,0.0,0.0,3755.927,0.0,4.478851
2019-02-14,12,0,reserve,system,3691.409,0.0,0.0,3691.409,0.0,5.930764
2019-02-14,13,0,reserve,system,3679.945,0.0,0.0,3679.945,0.0,0.0
2019-02-14,14,0,reserve,system,3664.289,0.0,4.152406,3664.289,0.0,0.0
2019-02-14,15,0,reserve,system,3652.168,0.0,0.0,3652.168,0.0,5.432173
2019-02-14,16,0,reserve,system,3649.028,0.0,0.0,3649.028,0.0,4.248355
2019-02-14,17,0,reserve,system,3650.482,0.0,2.06075,3650.482,0.0,4.117
2019-02-14,18,0,reserve,system,3776.923,0.0,0.0,3776.923,0.0,7.21878
2019-02-14,19,0,reserve,system,3807.823,0.0,0.0,3807.823,0.0,20.59763
2019-02-14,20,0,reserve,system,3744.2,0.0,0.0,3744.2,0.0,5.562781
2019-02-14,21,0,reserve,system,3620.624,0.0,0.0,3620.624,0.0,9.971786
2019-02-14,22,0,reserve,system,3405.203,0.0,0.0,3405.203,0.0,0.0
2019-02-14,23,0,reserve,system,3181.401,0.0,0.0,3181.401,0.0,0.0
2019-02-15,0,0,reserve,system,3031.774,0.0,0.0,3031.774,0.0,5.775029
2019-02-15,1,0,reserve,system,2957.506,0.0,0.0,2957.506,0.0,0.0
2019-02-15,2,0,reserve,system,2917.421,0.0,0.0,2917.421,0.0,0.0
2019-02-15,3,0,reserve,system,2923.62,0.0,0.0,2923.62,0.0,4.872038
2019-02-15,4,0,reserve,system,3002.492,0.0,0.0,3002.492,0.0,2.580878
2019-02-15,5,0,reserve,system,3227.481,0.0,0.0,3227.481,0.0,5.415221
2019-02-15,6,0,reserve,system,3588.887,0.0,0.0,3588.887,0.0,7.262493
2019-02-15,7,0,reserve,system,3732.096,0.0,0.0,3732.096,0.0,14.555019
2019-02-15,8,0,reserve,system,3730.523,0.0,12.566652,3730.523,0.0,7.017984
2019-02-15,9,0,reserve,system,3734.125,0.0,10.97202,3734.125,0.0,6.351707
2019-02-15,10,0,reserve,system,3751.685,0.0,0.0,3751.685,0.0,6.493172
2019-02-15,11,0,reserve,system,3766.819,0.0,0.0,3766.819,0.0,6.43978
2019-02-15,12,0,reserve,system,3785.988,0.0,0.0,3785.988,0.0,6.53731
2019-02-15,13,0,reserve,system,3841.576,0.0,7.329812,3841.576,0.0,4.725978
2019-02-15,14,0,reserve,system,3867.134,0.0,0.0,3867.134,0.0,4.066605
2019-02-15,15,0,reserve,system,3872.599,0.0,0.0,3872.599,0.0,7.003399
2019-02-15,16,0,reserve,system,3866.523,0.0,0.0,3866.523,0.0,0.0
2019-02-15,17,0,reserve,system,3845.778,0.0,26.559064,3845.778,0.0,5.901505
2019-02-15,18,0,reserve,system,3920.843,0.0,0.0,3920.843,0.0,6.804423
2019-02-15,19,0,reserve,system,3928.105,0.0,31.791275,3928.105,0.0,20.733651
2019-02-15,20,0,reserve,system,3860.424,0.0,0.0,3860.424,0.0,6.192312
2019-02-15,21,0,reserve,system,3774.117,0.0,0.0,3774.117,0.0,7.579532
2019-02-15,22,0,reserve,system,3639.459,0.0,0.0,3639.459,0.0,4.330607
2019-02-15,23,0,reserve,system,3490.417,0.0,0.0,3490.417,0.0,9.61784
2019-02-16,0,0,reserve,system,3364.336,0.0,0.0,3364.336,0.0,6.495866
2019-02-16,1,0,reserve,system,3296.677,0.0,0.0,3296.677,0.0,0.0
2019-02-16,2,0,reserve,system,3270.959,0.0,0.0,3270.959,0.0,18.366715
2019-02-16,3,0,reserve,system,3272.62,0.0,0.0,3272.62,0.0,0.0
2019-02-16,4,0,reserve,system,3323.041,0.0,0.0,3323.041,0.0,0.0
2019-02-16,5,0,reserve,system,3426.296,0.0,0.0,3426.296,0.0,9.001807
2019-02-16,6,0,reserve,system,3606.166,0.0,0.0,3606.166,0.0,5.84817
2019-02-16,7,0,reserve,system,3805.768,0.0,0.0,3805.768,0.0,7.190438
2019-02-16,8,0,reserve,system,4000.83,0.0,0.0,4000.83,0.0,8.738459
2019-02-16,9,0,reserve,system,4128.191,0.0,0.0,4128.191,0.0,24.413084
2019-02-16,10,0,reserve,system,4194.621,0.0,0.0,4194.621,0.0,7.054217
2019-02-16,11,0,reserve,system,4189.499,0.0,0.0,4189.499,0.0,6.742065
2019-02-16,12,0,reserve,system,4134.26,0.0,0.0,4134.26,0.0,6.988956
2019-02-16,13,0,reserve,system,4059.883,0.0,0.0,4059.883,0.0,6.317958
2019-02-16,14,0,reserve,system,3993.182,0.0,0.0,3993.182,0.0,6.720727
2019-02-16,15,0,reserve,system,3945.276,0.0,0.0,3945.276,0.0,0.759484
2019-02-16,16,0,reserve,system,3934.687,0.0,0.0,3934.687,0.0,0.0
2019-02-16,17,0,reserve,system,3980.997,0.0,16.513811,3980.997,0.0,9.331387
2019-02-16,18,0,reserve,system,4086.429,0.0,7.467179,4086.429,0.0,5.217283
2019-02-16,19,0,reserve,system,4103.265,0.0,0.0,4103.265,0.0,19.582971
2019-02-16,20,0,reserve,system,4034.828,0.0,0.0,4034.828,0.0,6.595393
2019-02-16,21,0,reserve,system,3942.85,0.0,0.0,3942.85,0.0,7.498288
2019-02-16,22,0,reserve,system,3786.156,0.0,0.0,3786.156,0.0,4.04934
2019-02-16,23,0,reserve,system,3609.108,0.0,0.0,3609.108,0.0,7.495539
2019-02-17,0,0,reserve,system,3456.194,0.0,0.0,3456.194,0.0,8.739362
2019-02-17,1,0,reserve,system,3343.329,0.0,0.0,3343.329,0.0,0.0
2019-02-17,2,0,reserve,system,3284.094,0.0,0.0,3284.094,0.0,5.246648
2019-02-17,3,0,reserve,system,3260.42,0.0,0.0,3260.42,0.0,8.333913
2019-02-17,4,0,reserve,system,3273.648,0.0,0.0,3273.648,0.0,2.598384
2019-02-17,5,0,reserve,system,3335.739,0.0,0.0,3335.739,0.0,8.341917
2019-02-17,6,0,reserve,system,3447.811,0.0,0.0,3447.811,0.0,9.854561
2019-02-17,7,0,reserve,system,3585.309,0.0,26.252805,3585.309,0.0,0.0
2019-02-17,8,0,reserve,system,3746.515,0.0,0.0,3746.515,0.0,21.437373
2019-02-17,9,0,reserve,system,3869.317,0.0,20.832877,3869.317,0.0,7.325701
2019-02-17,10,0,reserve,system,3875.642,0.0,0.0,3875.642,0.0,6.555412
2019-02-17,11,0,reserve,system,3788.759,0.0,0.0,3788.759,0.0,7.382581
2019-02-17,12,0,reserve,system,3703.05,0.0,0.0,3703.05,0.0,4.301572
2019-02-17,13,0,reserve,system,3624.467,0.0,0.0,3624.467,0.0,5.471817
2019-02-17,14,0,reserve,system,3545.629,0.0,5.344853,3545.629,0.0,0.0
2019-02-17,15,0,reserve,system,3501.435,0.0,0.0,3501.435,0.0,0.0
2019-02-17,16,0,reserve,system,3530.12,0.0,0.0,3530.12,0.0,5.501845
2019-02-17,17,0,reserve,system,3619.354,0.0,3.76314,3619.354,0.0,4.02938
2019-02-17,18,0,reserve,system,3835.717,0.0,0.0,3835.717,0.0,7.594971
2019-02-17,19,0,reserve,system,3952.52,0.0,29.30753,3952.52,0.0,15.930355
2019-02-17,20,0,reserve,system,3954.408,0.0,0.0,3954.408,0.0,6.476781
2019-02-17,21,0,reserve,system,3913.616,0.0,0.0,3913.616,0.0,6.886978
2019-02-17,22,0,reserve,system,3782.565,0.0,0.0,3782.565,0.0,4.711169
2019-02-17,23,0,reserve,system,3621.133,0.0,0.0,3621.133,0.0,4.711773
2019-02-18,0,0,reserve,system,3515.008,0.0,0.0,3515.008,0.0,6.358979
2019-02-18,1,0,reserve,system,3465.79,0.0,0.0,3465.79,0.0,0.0
2019-02-18,2,0,reserve,system,3482.379,0.0,0.0,3482.379,0.0,0.295402
2019-02-18,3,0,reserve,system,3540.63,0.0,3.200414,3540.63,0.0,4.537855
2019-02-18,4,0,reserve,system,3680.645,0.0,3.15117,3680.645,0.0,4.924648
2019-02-18,5,0,reserve,system,3959.269,0.0,0.0,3959.269,0.0,4.639525
2019-02-18,6,0,reserve,system,4335.619,0.0,0.0,4335.619,0.0,7.14935
2019-02-18,7,0,reserve,system,4551.756,0.0,0.0,4551.756,0.0,7.275335
2019-02-18,8,0,reserve,system,4609.005,0.0,0.054023,4609.005,0.0,7.673744
2019-02-18,9,0,reserve,system,4608.468,0.0,50.0,4608.468,0.0,15.296345
2019-02-18,10,0,reserve,system,4538.899,0.0,0.0,4538.899,0.0,7.473132
2019-02-18,11,0,reserve,system,4425.412,0.0,0.0,4425.412,0.0,5.903098
2019-02-18,12,0,reserve,system,4299.621,0.0,0.0,4299.621,0.0,6.061669
2019-02-18,13,0,reserve,system,4201.312,0.0,0.0,4201.312,0.0,5.848724
2019-02-18,14,0,reserve,system,4124.373,0.0,7.931599,4124.373,0.0,0.0
2019-02-18,15,0,reserve,system,4099.56,0.0,0.0,4099.56,0.0,0.0
2019-02-18,16,0,reserve,system,4142.497,0.0,0.01499,4142.497,0.0,5.950317
2019-02-18,17,0,reserve,system,4262.911,0.0,0.0,4262.911,0.0,6.627081
2019-02-18,18,0,reserve,system,4504.591,0.0,0.0,4504.591,0.0,7.102721
2019-02-18,19,0,reserve,system,4599.537,0.0,2.836862,4599.537,0.0,16.955042
2019-02-18,20,0,reserve,system,4557.921,0.0,0.0,4557.921,0.0,6.452907
2019-02-18,21,0,reserve,system,4427.019,0.0,0.0,4427.019,0.0,8.520601
2019-02-18,22,0,reserve,system,4201.616,0.0,0.0,4201.616,0.0,3.569766
2019-02-18,23,0,reserve,system,3986.07,0.0,0.0,3986.07,0.0,7.05893
2019-02-19,0,0,reserve,system,3851.348,0.0,0.0,3851.348,0.0,14.261897
2019-02-19,1,0,reserve,system,3787.611,0.0,0.0,3787.611,0.0,0.0
2019-02-19,2,0,reserve,system,3754.743,0.0,0.0,3754.743,0.0,2.923757
2019-02-19,3,0,reserve,system,3765.479,0.0,0.0,3765.479,0.0,3.342857
2019-02-19,4,0,reserve,system,3864.094,0.0,0.0,3864.094,0.0,4.740336
2019-02-19,5,0,reserve,system,4134.633,0.0,0.0,4134.633,0.0,4.970115
2019-02-19,6,0,reserve,system,4550.607,0.0,0.0,4550.607,0.0,7.936115
2019-02-19,7,0,reserve,system,4705.548,0.0,0.0,4705.548,0.0,6.560421
2019-02-19,8,0,reserve,system,4685.787,0.0,0.0,4685.787,0.0,7.446312
2019-02-19,9,0,reserve,system,4726.97,0.0,0.0,4726.97,0.0,7.181591
2019-02-19,10,0,reserve,system,4774.986,0.0,0.0,4774.986,0.0,10.507652
2019-02-19,11,0,reserve,system,4774.332,0.0,0.0,4774.332,0.0,18.013025
2019-02-19,12,0,reserve,system,4748.934,0.0,0.0,4748.934,0.0,8.870912
2019-02-19,13,0,reserve,system,4721.355,0.0,0.0,4721.355,0.0,1.679819
2019-02-19,14,0,reserve,system,4679.225,0.0,0.0,4679.225,0.0,0.0
2019-02-19,15,0,reserve,system,4666.581,0.0,0.0,4666.581,0.0,12.385719
2019-02-19,16,0,reserve,system,4721.819,0.0,0.0,4721.819,0.0,6.396331
2019-02-19,17,0,reserve,system,4818.098,0.0,0.0,4818.098,0.0,11.487609
2019-02-19,18,0,reserve,system,4944.777,0.0,0.0,4944.777,0.0,8.836805
2019-02-19,19,0,reserve,system,4935.823,0.0,0.0,4935.823,0.0,9.420106
2019-02-19,20,0,reserve,system,4837.616,0.0,0.0,4837.616,0.0,24.474125
2019-02-19,21,0,reserve,system,4657.45,0.0,0.0,4657.45,0.0,9.658735
2019-02-19,22,0,reserve,system,4374.825,0.0,0.0,4374.825,0.0,7.328074
2019-02-19,23,0,reserve,system,4130.709,0.0,0.0,4130.709,0.0,13.3014
2019-02-20,0,0,reserve,system,3982.98,0.0,0.0,3982.98,0.0,15.934006
2019-02-20,1,0,reserve,system,3913.41,0.0,0.0,3913.41,0.0,0.0
2019-02-20,2,0,reserve,system,3895.883,0.0,0.0,3895.883,0.0,2.354836
2019-02-20,3,0,reserve,system,3945.666,0.0,0.0,3945.666,0.0,6.631138
2019-02-20,4,0,reserve,system,4083.648,0.0,0.0,4083.648,0.0,8.180454
2019-02-20,5,0,reserve,system,4371.474,0.0,0.0,4371.474,0.0,9.281168
2019-02-20,6,0,reserve,system,4788.652,0.0,0.0,4788.652,0.0,9.070416
2019-02-20,7,0,reserve,system,4894.484,0.0,0.0,4894.484,0.0,18.182078
2019-02-20,8,0,reserve,system,4748.79,0.0,0.0,4748.79,0.0,10.421614
2019-02-20,9,0,reserve,system,4564.852,0.0,0.0,4564.852,0.0,9.34488
2019-02-20,10,0,reserve,system,4365.306,0.0,0.0,4365.306,0.0,7.128329
2019-02-20,11,0,reserve,system,4153.855,0.0,0.0,4153.855,0.0,6.165202
2019-02-20,12,0,reserve,system,3970.571,0.0,0.0,3970.571,0.0,7.354339
2019-02-20,13,0,reserve,system,3844.055,0.0,0.0,3844.055,0.0,3.827306
2019-02-20,14,0,reserve,system,3740.067,0.0,0.0,3740.067,0.0,6.45767
2019-02-20,15,0,reserve,system,3687.038,0.0,6.036173,3687.038,0.0,0.0
2019-02-20,16,0,reserve,system,3692.907,0.0,8.77178,3692.907,0.0,2.802892
2019-02-20,17,0,reserve,system,3762.639,0.0,0.0,3762.639,0.0,8.228151
2019-02-20,18,0,reserve,system,3981.113,0.0,21.860408,3981.113,0.0,6.782068
2019-02-20,19,0,reserve,system,4108.942,0.0,0.0,4108.942,0.0,10.86241
2019-02-20,20,0,reserve,system,4108.126,0.0,0.0,4108.126,0.0,21.064643
2019-02-20,21,0,reserve,system,4023.479,0.0,0.0,4023.479,0.0,12.596518
2019-02-20,22,0,reserve,system,3843.812,0.0,0.0,3843.812,0.0,0.0
2019-02-20,23,0,reserve,system,3657.55,0.0,0.0,3657.55,0.0,0.0
2019-02-21,0,0,reserve,system,3530.673,0.0,0.0,3530.673,0.0,13.160662
2019-02-21,1,0,reserve,system,3480.937,0.0,0.0,3480.937,0.0,0.0
2019-02-21,2,0,reserve,system,3472.792,0.0,0.0,3472.792,0.0,0.199839
2019-02-21,3,0,reserve,system,3497.725,0.0,0.0,3497.725,0.0,9.064898
2019-02-21,4,0,reserve,system,3596.165,0.0,0.0,3596.165,0.0,5.378401
2019-02-21,5,0,reserve,system,3858.25,0.0,37.798202,3858.25,0.0,7.233077
2019-02-21,6,0,reserve,system,4248.445,0.0,0.0,4248.445,0.0,9.851964
2019-02-21,7,0,reserve,system,4350.019,0.0,0.0,4350.019,0.0,23.067155
2019-02-21,8,0,reserve,system,4302.368,0.0,0.0,4302.368,0.0,8.556331
2019-02-21,9,0,reserve,system,4298.717,0.0,0.0,4298.717,0.0,6.809651
2019-02-21,10,0,reserve,system,4298.998,0.0,0.0,4298.998,0.0,7.053387
2019-02-21,11,0,reserve,system,4273.342,0.0,0.0,4273.342,0.0,6.365261
2019-02-21,12,0,reserve,system,4213.666,0.0,0.0,4213.666,0.0,6.167425
2019-02-21,13,0,reserve,system,4175.869,0.0,0.0,4175.869,0.0,7.559639
2019-02-21,14,0,reserve,system,4101.232,0.0,0.0,4101.232,0.0,4.196888
2019-02-21,15,0,reserve,system,4061.396,0.0,0.0,4061.396,0.0,2.630862
2019-02-21,16,0,reserve,system,4111.097,0.0,0.0,4111.097,0.0,0.0
2019-02-21,17,0,reserve,system,4199.028,0.0,0.87437,4199.028,0.0,9.326783
2019-02-21,18,0,reserve,system,4354.172,0.0,2.678833,4354.172,0.0,5.691241
2019-02-21,19,0,reserve,system,4386.268,0.0,0.0,4386.268,0.0,19.041365
2019-02-21,20,0,reserve,system,4317.149,0.0,0.0,4317.149,0.0,6.849114
2019-02-21,21,0,reserve,system,4160.162,0.0,0.0,4160.162,0.0,6.897225
2019-02-21,22,0,reserve,system,3916.83,0.0,0.0,3916.83,0.0,5.914788
2019-02-21,23,0,reserve,system,3693.223,0.0,0.0,3693.223,0.0,7.541688
2019-02-22,0,0,reserve,system,3533.798,0.0,0.0,3533.798,0.0,8.92983
2019-02-22,1,0,reserve,system,3449.511,0.0,0.0,3449.511,0.0,0.0
2019-02-22,2,0,reserve,system,3419.478,0.0,0.0,3419.478,0.0,0.0
2019-02-22,3,0,reserve,system,3426.378,0.0,0.0,3426.378,0.0,5.278692
2019-02-22,4,0,reserve,system,3519.342,0.0,0.0,3519.342,0.0,5.213449
2019-02-22,5,0,reserve,system,3766.804,0.0,0.0,3766.804,0.0,6.95745
2019-02-22,6,0,reserve,system,4121.336,0.0,0.0,4121.336,0.0,8.323623
2019-02-22,7,0,reserve,system,4236.787,0.0,0.0,4236.787,0.0,10.403472
2019-02-22,8,0,reserve,system,4200.065,0.0,0.0,4200.065,0.0,20.836026
2019-02-22,9,0,reserve,system,4185.112,0.0,0.0,4185.112,0.0,9.856895
2019-02-22,10,0,reserve,system,4169.796,0.0,0.0,4169.796,0.0,8.914528
2019-02-22,11,0,reserve,system,4129.805,0.0,0.0,4129.805,0.0,8.79193
2019-02-22,12,0,reserve,system,4079.783,0.0,0.0,4079.783,0.0,6.839826
2019-02-22,13,0,reserve,system,4035.017,0.0,0.0,4035.017,0.0,6.8351
2019-02-22,14,0,reserve,system,3996.133,0.0,0.0,3996.133,0.0,5.579458
2019-02-22,15,0,reserve,system,3965.143,0.0,0.0,3965.143,0.0,1.426766
2019-02-22,16,0,reserve,system,3964.065,0.0,0.0,3964.065,0.0,1.729707
2019-02-22,17,0,reserve,system,3998.134,0.0,0.0,3998.134,0.0,8.531744
2019-02-22,18,0,reserve,system,4062.997,0.0,0.0,4062.997,0.0,6.024934
2019-02-22,19,0,reserve,system,4058.586,0.0,29.684467,4058.586,0.0,15.873362
2019-02-22,20,0,reserve,system,3986.67,0.0,0.0,3986.67,0.0,7.430398
2019-02-22,21,0,reserve,system,3879.665,0.0,0.0,3879.665,0.0,5.109971
2019-02-22,22,0,reserve,system,3717.819,0.0,0.0,3717.819,0.0,9.372881
2019-02-22,23,0,reserve,system,3546.363,0.0,0.0,3546.363,0.0,0.0
2019-02-23,0,0,reserve,system,3391.965,0.0,0.0,3391.965,0.0,7.102689
2019-02-23,1,0,reserve,system,3299.959,0.0,0.0,3299.959,0.0,5.179456
2019-02-23,2,0,reserve,system,3241.485,0.0,0.0,3241.485,0.0,0.0
2019-02-23,3,0,reserve,system,3209.598,0.0,0.0,3209.598,0.0,0.0
2019-02-23,4,0,reserve,system,3227.692,0.0,0.0,3227.692,0.0,4.67154
2019-02-23,5,0,reserve,system,3312.745,0.0,0.0,3312.745,0.0,2.998049
2019-02-23,6,0,reserve,system,3453.504,0.0,0.0,3453.504,0.0,5.039988
2019-02-23,7,0,reserve,system,3569.056,0.0,0.0,3569.056,0.0,7.054487
2019-02-23,8,0,reserve,system,3693.693,0.0,0.0,3693.693,0.0,6.484965
2019-02-23,9,0,reserve,system,3774.467,0.0,0.0,3774.467,0.0,15.004836
2019-02-23,10,0,reserve,system,3801.366,0.0,0.0,3801.366,0.0,6.440994
2019-02-23,11,0,reserve,system,3762.504,0.0,0.0,3762.504,0.0,7.101541
2019-02-23,12,0,reserve,system,3684.524,0.0,0.0,3684.524,0.0,3.465088
2019-02-23,13,0,reserve,system,3625.174,0.0,0.0,3625.174,0.0,7.196649
2019-02-23,14,0,reserve,system,3567.675,0.0,0.0,3567.675,0.0,0.34876
2019-02-23,15,0,reserve,system,3533.647,0.0,0.0,3533.647,0.0,3.409471
2019-02-23,16,0,reserve,system,3516.371,0.0,0.0,3516.371,0.0,0.0
2019-02-23,17,0,reserve,system,3522.145,0.0,0.0,3522.145,0.0,8.791298
2019-02-23,18,0,reserve,system,3621.735,0.0,0.0,3621.735,0.0,0.0
2019-02-23,19,0,reserve,system,3682.891,0.0,1.080366,3682.891,0.0,19.330436
2019-02-23,20,0,reserve,system,3647.769,0.0,0.0,3647.769,0.0,0.0
2019-02-23,21,0,reserve,system,3593.444,0.0,0.0,3593.444,0.0,0.0
2019-02-23,22,0,reserve,system,3500.02,0.0,28.7741,3500.02,0.0,19.56713
2019-02-23,23,0,reserve,system,3395.868,0.0,0.0,3395.868,0.0,0.0
2019-02-24,0,0,reserve,system,3307.137,0.0,0.0,3307.137,0.0,7.236278
2019-02-24,1,0,reserve,system,3255.077,0.0,0.0,3255.077,0.0,0.0
2019-02-24,2,0,reserve,system,3250.021,0.0,22.272486,3250.021,0.0,9.557116
2019-02-24,3,0,reserve,system,3284.934,0.0,0.0,3284.934,0.0,9.50868
2019-02-24,4,0,reserve,system,3355.958,0.0,0.0,3355.958,0.0,0.0
2019-02-24,5,0,reserve,system,3489.052,0.0,0.0,3489.052,0.0,9.25097
2019-02-24,6,0,reserve,system,3669.965,0.0,0.0,3669.965,0.0,10.351737
2019-02-24,7,0,reserve,system,3814.643,0.0,0.0,3814.643,0.0,0.0
2019-02-24,8,0,reserve,system,3878.759,0.0,2.212999,3878.759,0.0,12.114192
2019-02-24,9,0,reserve,system,3863.739,0.0,0.0,3863.739,0.0,13.472898
2019-02-24,10,0,reserve,system,3768.731,0.0,0.0,3768.731,0.0,6.57674
2019-02-24,11,0,reserve,system,3654.3,0.0,0.0,3654.3,0.0,6.627585
2019-02-24,12,0,reserve,system,3551.745,0.0,0.0,3551.745,0.0,4.949517
2019-02-24,13,0,reserve,system,3466.481,0.0,0.0,3466.481,0.0,3.409987
2019-02-24,14,0,reserve,system,3396.801,0.0,0.0,3396.801,0.0,5.864941
2019-02-24,15,0,reserve,system,3364.366,0.0,0.0,3364.366,0.0,0.0
2019-02-24,16,0,reserve,system,3382.492,0.0,0.0,3382.492,0.0,0.0
2019-02-24,17,0,reserve,system,3456.292,0.0,0.0,3456.292,0.0,5.506563
2019-02-24,18,0,reserve,system,3659.553,0.0,0.0,3659.553,0.0,4.192616
2019-02-24,19,0,reserve,system,3839.21,0.0,17.807737,3839.21,0.0,9.031498
2019-02-24,20,0,reserve,system,3870.861,0.0,0.0,3870.861,0.0,12.671481
2019-02-24,21,0,reserve,system,3811.648,0.0,0.0,3811.648,0.0,6.044069
2019-02-24,22,0,reserve,system,3668.58,0.0,0.0,3668.58,0.0,5.982077
2019-02-24,23,0,reserve,system,3509.3,0.0,0.0,3509.3,0.0,8.920069
2019-02-25,0,0,reserve,system,3418.546,0.0,0.0,3418.546,0.0,0.0
2019-02-25,1,0,reserve,system,3392.149,0.0,18.328733,3392.149,0.0,7.315623
2019-02-25,2,0,reserve,system,3405.878,0.0,0.0,3405.878,0.0,6.405034
2019-02-25,3,0,reserve,system,3469.358,0.0,0.0,3469.358,0.0,6.861007
2019-02-25,4,0,reserve,system,3608.605,0.0,0.0,3608.605,0.0,6.416315
2019-02-25,5,0,reserve,system,3915.753,0.0,0.0,3915.753,0.0,7.032384
2019-02-25,6,0,reserve,system,4355.678,0.0,0.0,4355.678,0.0,11.035451
2019-02-25,7,0,reserve,system,4462.879,0.0,0.0,4462.879,0.0,22.589726
2019-02-25,8,0,reserve,system,4334.5,0.0,0.0,4334.5,0.0,8.556242
2019-02-25,9,0,reserve,system,4224.182,0.0,0.0,4224.182,0.0,6.849799
2019-02-25,10,0,reserve,system,4114.082,0.0,0.0,4114.082,0.0,6.943039
2019-02-25,11,0,reserve,system,3989.863,0.0,0.0,3989.863,0.0,5.303554
2019-02-25,12,0,reserve,system,3873.75,0.0,0.0,3873.75,0.0,4.740669
2019-02-25,13,0,reserve,system,3796.099,0.0,0.0,3796.099,0.0,4.037419
2019-02-25,14,0,reserve,system,3730.035,0.0,0.0,3730.035,0.0,5.76372
2019-02-25,15,0,reserve,system,3679.295,0.0,32.283428,3679.295,0.0,0.0
2019-02-25,16,0,reserve,system,3695.297,0.0,0.0,3695.297,0.0,0.226969
2019-02-25,17,0,reserve,system,3754.791,0.0,0.0,3754.791,0.0,5.696829
2019-02-25,18,0,reserve,system,3922.46,0.0,0.0,3922.46,0.0,4.016635
2019-02-25,19,0,reserve,system,4041.251,0.0,40.310149,4041.251,0.0,13.327505
2019-02-25,20,0,reserve,system,4004.353,0.0,0.0,4004.353,0.0,11.024358
2019-02-25,21,0,reserve,system,3867.115,0.0,0.0,3867.115,0.0,6.096733
2019-02-25,22,0,reserve,system,3635.776,0.0,0.0,3635.776,0.0,8.019477
2019-02-25,23,0,reserve,system,3408.133,0.0,0.0,3408.133,0.0,0.0
2019-02-26,0,0,reserve,system,3258.027,0.0,0.0,3258.027,0.0,5.976329
2019-02-26,1,0,reserve,system,3185.681,0.0,0.0,3185.681,0.0,4.177222
2019-02-26,2,0,reserve,system,3153.963,0.0,0.0,3153.963,0.0,1.324058
2019-02-26,3,0,reserve,system,3156.71,0.0,0.0,3156.71,0.0,0.0
2019-02-26,4,0,reserve,system,3236.127,0.0,5.055375,3236.127,0.0,3.552484
2019-02-26,5,0,reserve,system,3463.875,0.0,14.935485,3463.875,0.0,3.80502
2019-02-26,6,0,reserve,system,3815.887,0.0,12.368889,3815.887,0.0,7.697277
2019-02-26,7,0,reserve,system,3912.497,0.0,0.0,3912.497,0.0,6.283044
2019-02-26,8,0,reserve,system,3883.226,0.0,9.193739,3883.226,0.0,14.689789
2019-02-26,9,0,reserve,system,3858.017,0.0,0.0,3858.017,0.0,6.427681
2019-02-26,10,0,reserve,system,3853.881,0.0,0.0,3853.881,0.0,6.483143
2019-02-26,11,0,reserve,system,3825.379,0.0,0.0,3825.379,0.0,6.410245
2019-02-26,12,0,reserve,system,3785.527,0.0,0.0,3785.527,0.0,6.846786
2019-02-26,13,0,reserve,system,3761.822,0.0,0.0,3761.822,0.0,5.077819
2019-02-26,14,0,reserve,system,3733.18,0.0,1.324897,3733.18,0.0,3.567056
2019-02-26,15,0,reserve,system,3719.681,0.0,0.0,3719.681,0.0,5.416226
2019-02-26,16,0,reserve,system,3754.725,0.0,0.0,3754.725,0.0,0.0
2019-02-26,17,0,reserve,system,3821.234,0.0,0.0,3821.234,0.0,7.513243
2019-02-26,18,0,reserve,system,3937.227,0.0,50.0,3937.227,0.0,6.289535
2019-02-26,19,0,reserve,system,3974.221,0.0,0.0,3974.221,0.0,20.865627
2019-02-26,20,0,reserve,system,3905.517,0.0,0.0,3905.517,0.0,7.048855
2019-02-26,21,0,reserve,system,3750.173,0.0,0.0,3750.173,0.0,6.052437
2019-02-26,22,0,reserve,system,3515.774,0.0,0.0,3515.774,0.0,8.448318
2019-02-26,23,0,reserve,system,3279.842,0.0,0.0,3279.842,0.0,0.0
2019-02-27,0,0,reserve,system,3118.941,0.0,0.0,3118.941,0.0,7.04237
2019-02-27,1,0,reserve,system,3024.53,0.0,0.0,3024.53,0.0,0.0
2019-02-27,2,0,reserve,system,2978.812,0.0,0.0,2978.812,0.0,0.0
2019-02-27,3,0,reserve,system,2973.024,0.0,9.572077,2973.024,0.0,3.641134
2019-02-27,4,0,reserve,system,3042.263,0.0,12.754067,3042.263,0.0,3.058401
2019-02-27,5,0,reserve,system,3261.509,0.0,0.0,3261.509,0.0,5.798019
2019-02-27,6,0,reserve,system,3623.587,0.0,0.0,3623.587,0.0,7.252971
2019-02-27,7,0,reserve,system,3724.99,0.0,0.0,3724.99,0.0,6.526778
2019-02-27,8,0,reserve,system,3720.94,0.0,0.0,3720.94,0.0,18.275538
2019-02-27,9,0,reserve,system,3749.024,0.0,0.0,3749.024,0.0,15.717745
2019-02-27,10,0,reserve,system,3763.9,0.0,0.0,3763.9,0.0,6.713742
2019-02-27,11,0,reserve,system,3773.285,0.0,0.0,3773.285,0.0,6.496996
2019-02-27,12,0,reserve,system,3772.723,0.0,0.0,3772.723,0.0,6.561217
2019-02-27,13,0,reserve,system,3791.468,0.0,13.417222,3791.468,0.0,1.932287
2019-02-27,14,0,reserve,system,3825.767,0.0,0.0,3825.767,0.0,0.0
2019-02-27,15,0,reserve,system,3867.76,0.0,0.0,3867.76,0.0,9.461173
2019-02-27,16,0,reserve,system,3955.267,0.0,0.0,3955.267,0.0,4.768868
2019-02-27,17,0,reserve,system,4055.161,0.0,0.0,4055.161,0.0,7.423989
2019-02-27,18,0,reserve,system,4209.978,0.0,0.0,4209.978,0.0,6.835903
2019-02-27,19,0,reserve,system,4307.727,0.0,0.0,4307.727,0.0,15.469553
2019-02-27,20,0,reserve,system,4290.896,0.0,0.0,4290.896,0.0,12.997848
2019-02-27,21,0,reserve,system,4190.858,0.0,0.0,4190.858,0.0,8.617555
2019-02-27,22,0,reserve,system,3988.258,0.0,0.0,3988.258,0.0,4.822543
2019-02-27,23,0,reserve,system,3773.503,0.0,0.0,3773.503,0.0,10.012156
2019-02-28,0,0,reserve,system,3649.536,0.0,0.0,3649.536,0.0,11.916266
2019-02-28,1,0,reserve,system,3591.299,0.0,0.0,3591.299,0.0,0.0
2019-02-28,2,0,reserve,system,3579.798,0.0,41.042261,3579.798,0.0,2.535386
2019-02-28,3,0,reserve,system,3603.915,0.0,50.0,3603.915,0.0,3.342857
2019-02-28,4,0,reserve,system,3704.102,0.0,0.0,3704.102,0.0,7.922869
2019-02-28,5,0,reserve,system,3967.713,0.0,0.0,3967.713,0.0,5.940272
2019-02-28,6,0,reserve,system,4378.495,0.0,0.0,4378.495,0.0,7.835664
2019-02-28,7,0,reserve,system,4542.983,0.0,0.0,4542.983,0.0,8.815926
2019-02-28,8,0,reserve,system,4568.042,0.0,50.0,4568.042,0.0,10.05197
2019-02-28,9,0,reserve,system,4611.776,0.0,0.0,4611.776,0.0,22.989021
2019-02-28,10,0,reserve,system,4644.514,0.0,0.0,4644.514,0.0,8.504752
2019-02-28,11,0,reserve,system,4634.622,0.0,0.0,4634.622,0.0,12.02301
2019-02-28,12,0,reserve,system,4581.337,0.0,0.0,4581.337,0.0,0.0
2019-02-28,13,0,reserve,system,4539.482,0.0,0.0,4539.482,0.0,14.074956
2019-02-28,14,0,reserve,system,4476.34,0.0,0.0,4476.34,0.0,9.540964
2019-02-28,15,0,reserve,system,4420.187,0.0,0.0,4420.187,0.0,0.0
2019-02-28,16,0,reserve,system,4442.885,0.0,0.0,4442.885,0.0,0.0
2019-02-28,17,0,reserve,system,4526.778,0.0,7.729293,4526.778,0.0,9.844516
2019-02-28,18,0,reserve,system,4705.46,0.0,0.0,4705.46,0.0,9.728103
2019-02-28,19,0,reserve,system,4782.491,0.0,0.0,4782.491,0.0,10.937961
2019-02-28,20,0,reserve,system,4738.333,0.0,0.0,4738.333,0.0,22.263941
2019-02-28,21,0,reserve,system,4594.379,0.0,0.0,4594.379,0.0,10.978017
2019-02-28,22,0,reserve,system,4347.768,0.0,0.0,4347.768,0.0,5.990674
2019-02-28,23,0,reserve,system,4116.122,0.0,0.0,4116.122,0.0,11.836628
2019-03-01,0,0,reserve,system,3957.088,0.0,0.0,3957.088,0.0,13.401311
2019-03-01,1,0,reserve,system,3869.898,0.0,0.0,3869.898,0.0,0.0
2019-03-01,2,0,reserve,system,3830.201,0.0,0.3314,3830.201,0.0,0.0
2019-03-01,3,0,reserve,system,3840.144,0.0,20.824409,3840.144,0.0,9.593148
2019-03-01,4,0,reserve,system,3929.787,0.0,0.0,3929.787,0.0,5.564444
2019-03-01,5,0,reserve,system,4172.265,0.0,0.0,4172.265,0.0,8.887671
2019-03-01,6,0,reserve,system,4532.089,0.0,0.0,4532.089,0.0,10.024143
2019-03-01,7,0,reserve,system,4621.85,0.0,0.0,4621.85,0.0,9.464576
2019-03-01,8,0,reserve,system,4580.713,0.0,0.0,4580.713,0.0,23.150455
2019-03-01,9,0,reserve,system,4549.172,0.0,0.0,4549.172,0.0,10.332444
2019-03-01,10,0,reserve,system,4489.605,0.0,0.0,4489.605,0.0,8.120898
2019-03-01,11,0,reserve,system,4391.188,0.0,0.0,4391.188,0.0,7.102828
2019-03-01,12,0,reserve,system,4240.209,0.0,0.0,4240.209,0.0,6.689501
2019-03-01,13,0,reserve,system,4133.277,0.0,0.0,4133.277,0.0,7.416348
2019-03-01,14,0,reserve,system,4065.09,0.0,0.0,4065.09,0.0,3.250632
2019-03-01,15,0,reserve,system,4038.149,0.0,6.74375,4038.149,0.0,4.865516
2019-03-01,16,0,reserve,system,4055.897,0.0,2.573037,4055.897,0.0,0.0
2019-03-01,17,0,reserve,system,4097.427,0.0,0.0,4097.427,0.0,9.74963
2019-03-01,18,0,reserve,system,4181.174,0.0,0.0,4181.174,0.0,6.341903
2019-03-01,19,0,reserve,system,4191.284,0.0,0.0,4191.284,0.0,17.331863
2019-03-01,20,0,reserve,system,4128.811,0.0,0.0,4128.811,0.0,15.384336
2019-03-01,21,0,reserve,system,4028.99,0.0,0.0,4028.99,0.0,11.281774
2019-03-01,22,0,reserve,system,3865.698,0.0,0.0,3865.698,0.0,0.0
2019-03-01,23,0,reserve,system,3684.848,0.0,0.0,3684.848,0.0,0.0
2019-03-02,0,0,reserve,system,3534.637,0.0,0.0,3534.637,0.0,12.243521
2019-03-02,1,0,reserve,system,3440.356,0.0,0.0,3440.356,0.0,3.280149
2019-03-02,2,0,reserve,system,3395.348,0.0,0.0,3395.348,0.0,8.268944
2019-03-02,3,0,reserve,system,3391.41,0.0,0.0,3391.41,0.0,0.0
2019-03-02,4,0,reserve,system,3428.748,0.0,0.0,3428.748,0.0,1.070907
2019-03-02,5,0,reserve,system,3534.64,0.0,50.0,3534.64,0.0,6.22265
2019-03-02,6,0,reserve,system,3695.682,0.0,4.908897,3695.682,0.0,4.930284
2019-03-02,7,0,reserve,system,3844.315,0.0,0.0,3844.315,0.0,7.258524
2019-03-02,8,0,reserve,system,4006.55,0.0,0.0,4006.55,0.0,6.848342
2019-03-02,9,0,reserve,system,4113.065,0.0,0.0,4113.065,0.0,22.941033
2019-03-02,10,0,reserve,system,4154.913,0.0,0.0,4154.913,0.0,0.0
2019-03-02,11,0,reserve,system,4150.419,0.0,0.0,4150.419,0.0,11.043982
2019-03-02,12,0,reserve,system,4105.592,0.0,0.0,4105.592,0.0,7.757943
2019-03-02,13,0,reserve,system,4074.318,0.0,0.0,4074.318,0.0,4.934416
2019-03-02,14,0,reserve,system,4050.665,0.0,0.0,4050.665,0.0,5.491425
2019-03-02,15,0,reserve,system,4045.082,0.0,0.0,4045.082,0.0,9.202527
2019-03-02,16,0,reserve,system,4055.413,0.0,0.0,4055.413,0.0,0.0
2019-03-02,17,0,reserve,system,4104.806,0.0,3.677395,4104.806,0.0,1.957697
2019-03-02,18,0,reserve,system,4184.771,0.0,0.0,4184.771,0.0,9.221753
2019-03-02,19,0,reserve,system,4196.346,0.0,0.0,4196.346,0.0,14.416707
2019-03-02,20,0,reserve,system,4120.25,0.0,0.0,4120.25,0.0,6.896049
2019-03-02,21,0,reserve,system,4015.75,0.0,0.0,4015.75,0.0,6.743902
2019-03-02,22,0,reserve,system,3874.928,0.0,0.0,3874.928,0.0,3.835665
2019-03-02,23,0,reserve,system,3716.585,0.0,25.380384,3716.585,0.0,6.525232
2019-03-03,0,0,reserve,system,3592.188,0.0,32.089201,3592.188,0.0,37.121939
2019-03-03,1,0,reserve,system,3502.679,0.0,0.0,3502.679,0.0,5.948267
2019-03-03,2,0,reserve,system,3465.348,0.0,0.0,3465.348,0.0,7.968691
2019-03-03,3,0,reserve,system,3457.921,0.0,0.0,3457.921,0.0,0.0
2019-03-03,4,0,reserve,system,3498.999,0.0,0.0,3498.999,0.0,0.0
2019-03-03,5,0,reserve,system,3584.063,0.0,10.986844,3584.063,0.0,7.363977
2019-03-03,6,0,reserve,system,3730.753,0.0,0.0,3730.753,0.0,4.343821
2019-03-03,7,0,reserve,system,3891.705,0.0,0.0,3891.705,0.0,7.353574
2019-03-03,8,0,reserve,system,4090.352,0.0,42.19153,4090.352,0.0,6.921023
2019-03-03,9,0,reserve,system,4272.821,0.0,0.0,4272.821,0.0,7.954935
2019-03-03,10,0,reserve,system,4393.058,0.0,2.247042,4393.058,0.0,13.461933
2019-03-03,11,0,reserve,system,4439.306,0.0,0.0,4439.306,0.0,6.31804
2019-03-03,12,0,reserve,system,4436.611,0.0,0.0,4436.611,0.0,7.739796
2019-03-03,13,0,reserve,system,4400.608,0.0,0.0,4400.608,0.0,5.224554
2019-03-03,14,0,reserve,system,4356.967,0.0,0.0,4356.967,0.0,9.329695
2019-03-03,15,0,reserve,system,4373.27,0.0,0.0,4373.27,0.0,0.0
2019-03-03,16,0,reserve,system,4439.643,0.0,0.0,4439.643,0.0,0.0
2019-03-03,17,0,reserve,system,4588.563,0.0,5.325573,4588.563,0.0,10.004362
2019-03-03,18,0,reserve,system,4837.587,0.0,0.0,4837.587,0.0,5.58565
2019-03-03,19,0,reserve,system,5034.613,0.0,0.0,5034.613,0.0,23.894614
2019-03-03,20,0,reserve,system,5066.877,0.0,0.0,5066.877,0.0,11.170065
2019-03-03,21,0,reserve,system,5003.765,0.0,0.0,5003.765,0.0,7.74541
2019-03-03,22,0,reserve,system,4825.56,0.0,0.0,4825.56,0.0,4.933543
2019-03-03,23,0,reserve,system,4663.073,0.0,0.0,4663.073,0.0,11.314721
2019-03-04,0,0,reserve,system,4565.796,0.0,0.482473,4565.796,0.0,6.704707
2019-03-04,1,0,reserve,system,4539.028,0.0,0.240592,4539.028,0.0,0.0
2019-03-04,2,0,reserve,system,4570.617,0.0,0.685738,4570.617,0.0,8.380273
2019-03-04,3,0,reserve,system,4660.719,0.0,1.088942,4660.719,0.0,5.362833
2019-03-04,4,0,reserve,system,4855.333,0.0,0.0,4855.333,0.0,7.674871
2019-03-04,5,0,reserve,system,5209.748,0.0,0.0,5209.748,0.0,6.706875
2019-03-04,6,0,reserve,system,5699.099,0.0,0.0,5699.099,0.0,12.276671
2019-03-04,7,0,reserve,system,5867.265,0.0,0.0,5867.265,0.0,10.032859
2019-03-04,8,0,reserve,system,5846.299,0.0,0.0,5846.299,0.0,10.239495
2019-03-04,9,0,reserve,system,5835.823,0.0,0.0,5835.823,0.0,23.355131
2019-03-04,10,0,reserve,system,5787.381,0.0,0.0,5787.381,0.0,10.162393
2019-03-04,11,0,reserve,system,5679.723,0.0,0.0,5679.723,0.0,9.284786
2019-03-04,12,0,reserve,system,5551.677,0.0,0.0,5551.677,0.0,10.748063
2019-03-04,13,0,reserve,system,5451.671,0.0,0.0,5451.671,0.0,8.021583
2019-03-04,14,0,reserve,system,5354.364,0.0,0.0,5354.364,0.0,14.754628
2019-03-04,15,0,reserve,system,5265.068,0.0,0.0,5265.068,0.0,0.0
2019-03-04,16,0,reserve,system,5312.536,0.0,0.0,5312.536,0.0,0.0
2019-03-04,17,0,reserve,system,5453.972,0.0,0.0,5453.972,0.0,15.413388
2019-03-04,18,0,reserve,system,5709.428,0.0,0.0,5709.428,0.0,8.493779
2019-03-04,19,0,reserve,system,5854.201,0.0,0.0,5854.201,0.0,15.214689
2019-03-04,20,0,reserve,system,5804.754,0.0,0.0,5804.754,0.0,33.050324
2019-03-04,21,0,reserve,system,5664.87,0.0,0.0,5664.87,0.0,16.569534
2019-03-04,22,0,reserve,system,5404.548,0.0,0.0,5404.548,0.0,9.922167
2019-03-04,23,0,reserve,system,5189.194,0.0,0.0,5189.194,0.0,13.922191
2019-03-05,0,0,reserve,system,5076.208,0.0,0.0,5076.208,0.0,14.96838
2019-03-05,1,0,reserve,system,5060.338,0.0,0.0,5060.338,0.0,0.0
2019-03-05,2,0,reserve,system,5088.354,0.0,0.0,5088.354,0.0,0.0
2019-03-05,3,0,reserve,system,5156.839,0.0,0.0,5156.839,0.0,11.072663
2019-03-05,4,0,reserve,system,5319.204,0.0,0.0,5319.204,0.0,6.97518
2019-03-05,5,0,reserve,system,5634.349,0.0,0.0,5634.349,0.0,13.909131
2019-03-05,6,0,reserve,system,6030.015,0.0,0.0,6030.015,0.0,28.041778
2019-03-05,7,0,reserve,system,6065.216,0.0,0.0,6065.216,278.661,50.0
2019-03-05,8,0,reserve,system,5840.899,0.0,0.0,5840.899,0.0,13.035381
2019-03-05,9,0,reserve,system,5615.533,0.0,0.0,5615.533,0.0,15.901662
2019-03-05,10,0,reserve,system,5389.648,0.0,0.0,5389.648,0.0,9.246489
2019-03-05,11,0,reserve,system,5150.731,0.0,0.0,5150.731,0.0,10.562826
2019-03-05,12,0,reserve,system,4900.103,0.0,0.0,4900.103,0.0,11.066051
2019-03-05,13,0,reserve,system,4684.727,0.0,0.0,4684.727,0.0,6.392142
2019-03-05,14,0,reserve,system,4480.415,0.0,0.0,4480.415,0.0,9.883912
2019-03-05,15,0,reserve,system,4367.672,0.0,0.0,4367.672,0.0,0.0
2019-03-05,16,0,reserve,system,4364.914,0.0,0.0,4364.914,0.0,0.0
2019-03-05,17,0,reserve,system,4490.07,0.0,0.0,4490.07,0.0,9.969816
2019-03-05,18,0,reserve,system,4792.107,0.0,0.0,4792.107,0.0,8.580108
2019-03-05,19,0,reserve,system,5042.478,0.0,0.0,5042.478,0.0,11.383093
2019-03-05,20,0,reserve,system,5084.572,0.0,0.0,5084.572,0.0,10.269768
2019-03-05,21,0,reserve,system,5011.711,0.0,0.0,5011.711,0.0,23.8861
2019-03-05,22,0,reserve,system,4820.127,0.0,0.0,4820.127,0.0,0.0
2019-03-05,23,0,reserve,system,4667.761,0.0,0.0,4667.761,0.0,0.0
2019-03-06,0,0,reserve,system,4593.887,0.0,0.0,4593.887,0.0,9.444258
2019-03-06,1,0,reserve,system,4588.188,0.0,0.0,4588.188,0.0,0.0
2019-03-06,2,0,reserve,system,4629.007,0.0,0.0,4629.007,0.0,18.531409
2019-03-06,3,0,reserve,system,4711.252,0.0,0.0,4711.252,0.0,0.0
2019-03-06,4,0,reserve,system,4875.038,0.0,0.0,4875.038,0.0,13.475215
2019-03-06,5,0,reserve,system,5197.659,0.0,0.0,5197.659,0.0,6.89143
2019-03-06,6,0,reserve,system,5621.368,0.0,0.0,5621.368,222.714137,50.0
2019-03-06,7,0,reserve,system,5595.627,0.0,0.0,5595.627,0.0,16.622576
2019-03-06,8,0,reserve,system,5239.189,0.0,0.0,5239.189,0.0,9.153625
2019-03-06,9,0,reserve,system,4947.296,0.0,0.0,4947.296,0.0,10.638345
2019-03-06,10,0,reserve,system,4708.94,0.0,0.0,4708.94,0.0,8.225945
2019-03-06,11,0,reserve,system,4486.708,0.0,0.0,4486.708,0.0,6.623966
2019-03-06,12,0,reserve,system,4277.907,0.0,0.0,4277.907,0.0,7.476312
2019-03-06,13,0,reserve,system,4139.252,0.0,0.0,4139.252,0.0,4.918156
2019-03-06,14,0,reserve,system,4007.689,0.0,0.0,4007.689,0.0,3.867641
2019-03-06,15,0,reserve,system,3945.146,0.0,0.0,3945.146,0.0,0.0306
2019-03-06,16,0,reserve,system,3976.321,0.0,1.559318,3976.321,0.0,6.108708
2019-03-06,17,0,reserve,system,4076.697,0.0,0.0,4076.697,0.0,6.491902
2019-03-06,18,0,reserve,system,4297.763,0.0,41.556345,4297.763,0.0,6.628171
2019-03-06,19,0,reserve,system,4442.064,0.0,0.0,4442.064,0.0,21.816401
2019-03-06,20,0,reserve,system,4438.125,0.0,0.0,4438.125,0.0,6.093644
2019-03-06,21,0,reserve,system,4320.338,0.0,0.0,4320.338,0.0,9.967092
2019-03-06,22,0,reserve,system,4075.398,0.0,0.0,4075.398,0.0,0.0
2019-03-06,23,0,reserve,system,3847.909,0.0,0.0,3847.909,0.0,0.0
2019-03-07,0,0,reserve,system,3693.997,0.0,0.0,3693.997,0.0,6.029215
2019-03-07,1,0,reserve,system,3617.213,0.0,5.419231,3617.213,0.0,8.39948
2019-03-07,2,0,reserve,system,3577.197,0.0,0.0,3577.197,0.0,0.0
2019-03-07,3,0,reserve,system,3576.488,0.0,0.0,3576.488,0.0,0.0
2019-03-07,4,0,reserve,system,3658.019,0.0,0.0,3658.019,0.0,7.982307
2019-03-07,5,0,reserve,system,3891.754,0.0,0.0,3891.754,0.0,5.61975
2019-03-07,6,0,reserve,system,4247.74,0.0,0.0,4247.74,0.0,7.423106
2019-03-07,7,0,reserve,system,4293.032,0.0,0.0,4293.032,0.0,15.705792
2019-03-07,8,0,reserve,system,4191.676,0.0,0.0,4191.676,0.0,6.662568
2019-03-07,9,0,reserve,system,4103.955,0.0,0.0,4103.955,0.0,6.924784
2019-03-07,10,0,reserve,system,3997.652,0.0,0.0,3997.652,0.0,6.459179
2019-03-07,11,0,reserve,system,3877.161,0.0,0.0,3877.161,0.0,5.932114
2019-03-07,12,0,reserve,system,3774.439,0.0,0.0,3774.439,0.0,5.85523
2019-03-07,13,0,reserve,system,3708.523,0.0,0.0,3708.523,0.0,4.666837
2019-03-07,14,0,reserve,system,3677.436,0.0,0.0,3677.436,0.0,4.40386
2019-03-07,15,0,reserve,system,3668.233,0.0,0.0,3668.233,0.0,4.136581
2019-03-07,16,0,reserve,system,3682.4,0.0,0.0,3682.4,0.0,0.0
2019-03-07,17,0,reserve,system,3723.597,0.0,0.0,3723.597,0.0,8.10689
2019-03-07,18,0,reserve,system,3850.602,0.0,13.343099,3850.602,0.0,5.544254
2019-03-07,19,0,reserve,system,3936.47,0.0,0.0,3936.47,0.0,16.526159
2019-03-07,20,0,reserve,system,3886.197,0.0,0.0,3886.197,0.0,5.623956
2019-03-07,21,0,reserve,system,3749.219,0.0,0.0,3749.219,0.0,8.913259
2019-03-07,22,0,reserve,system,3527.647,0.0,0.0,3527.647,0.0,0.0
2019-03-07,23,0,reserve,system,3293.362,0.0,0.0,3293.362,0.0,0.0
2019-03-08,0,0,reserve,system,3129.951,0.0,0.0,3129.951,0.0,3.614435
2019-03-08,1,0,reserve,system,3030.024,0.0,0.0,3030.024,0.0,1.687305
2019-03-08,2,0,reserve,system,2987.79,0.0,0.0,2987.79,0.0,0.0
2019-03-08,3,0,reserve,system,2966.078,0.0,0.0,2966.078,0.0,0.0
2019-03-08,4,0,reserve,system,3015.442,0.0,0.0,3015.442,0.0,1.749849
2019-03-08,5,0,reserve,system,3217.055,0.0,0.0,3217.055,0.0,3.482935
2019-03-08,6,0,reserve,system,3551.693,0.0,0.0,3551.693,0.0,4.760721
2019-03-08,7,0,reserve,system,3678.354,0.0,0.0,3678.354,0.0,6.104552
2019-03-08,8,0,reserve,system,3709.482,0.0,0.0,3709.482,0.0,7.804903
2019-03-08,9,0,reserve,system,3753.235,0.0,0.0,3753.235,0.0,14.556942
2019-03-08,10,0,reserve,system,3795.208,0.0,0.0,3795.208,0.0,5.714742
2019-03-08,11,0,reserve,system,3819.735,0.0,0.0,3819.735,0.0,8.419483
2019-03-08,12,0,reserve,system,3838.641,0.0,0.0,3838.641,0.0,2.805962
2019-03-08,13,0,reserve,system,3901.231,0.0,0.0,3901.231,0.0,1.233192
2019-03-08,14,0,reserve,system,3942.945,0.0,0.0,3942.945,0.0,8.555017
2019-03-08,15,0,reserve,system,3951.676,0.0,0.0,3951.676,0.0,4.434543
2019-03-08,16,0,reserve,system,3938.091,0.0,0.0,3938.091,0.0,1.859113
2019-03-08,17,0,reserve,system,3922.727,0.0,8.592866,3922.727,0.0,6.766322
2019-03-08,18,0,reserve,system,3971.125,0.0,8.78309,3971.125,0.0,6.284222
2019-03-08,19,0,reserve,system,4007.803,0.0,0.0,4007.803,0.0,15.917716
2019-03-08,20,0,reserve,system,3936.205,0.0,0.0,3936.205,0.0,6.686067
2019-03-08,21,0,reserve,system,3823.722,0.0,0.0,3823.722,0.0,5.282935
2019-03-08,22,0,reserve,system,3646.71,0.0,0.0,3646.71,0.0,3.306245
2019-03-08,23,0,reserve,system,3452.75,0.0,0.0,3452.75,0.0,4.848382
2019-03-09,0,0,reserve,system,3269.687,0.0,0.0,3269.687,0.0,2.048207
2019-03-09,1,0,reserve,system,3153.191,0.0,0.0,3153.191,0.0,1.788942
2019-03-09,2,0,reserve,system,3067.628,0.0,0.0,3067.628,0.0,0.0
2019-03-09,3,0,reserve,system,3023.952,0.0,0.0,3023.952,0.0,0.0
2019-03-09,4,0,reserve,system,3021.512,0.0,0.0,3021.512,0.0,7.367537
2019-03-09,5,0,reserve,system,3064.471,0.0,0.0,3064.471,0.0,0.0
2019-03-09,6,0,reserve,system,3179.782,0.0,0.0,3179.782,0.0,0.0
2019-03-09,7,0,reserve,system,3279.445,0.0,0.0,3279.445,0.0,4.348052
2019-03-09,8,0,reserve,system,3467.481,0.0,0.0,3467.481,0.0,3.421264
2019-03-09,9,0,reserve,system,3650.128,0.0,4.55176,3650.128,0.0,5.353159
2019-03-09,10,0,reserve,system,3799.04,0.0,0.0,3799.04,0.0,14.554414
2019-03-09,11,0,reserve,system,3870.202,0.0,0.0,3870.202,0.0,4.047358
2019-03-09,12,0,reserve,system,3902.025,0.0,0.0,3902.025,0.0,12.255119
2019-03-09,13,0,reserve,system,3930.226,0.0,0.0,3930.226,0.0,0.0
2019-03-09,14,0,reserve,system,3944.78,0.0,0.0,3944.78,0.0,0.0
2019-03-09,15,0,reserve,system,3978.267,0.0,34.047591,3978.267,0.0,8.59259
2019-03-09,16,0,reserve,system,3984.102,0.0,31.637593,3984.102,0.0,4.94026
2019-03-09,17,0,reserve,system,3927.747,0.0,0.0,3927.747,0.0,6.314278
2019-03-09,18,0,reserve,system,3892.156,0.0,0.0,3892.156,0.0,6.697396
2019-03-09,19,0,reserve,system,3894.61,0.0,29.930357,3894.61,0.0,10.707433
2019-03-09,20,0,reserve,system,3767.626,0.0,0.0,3767.626,0.0,22.876215
2019-03-09,21,0,reserve,system,3634.599,0.0,0.0,3634.599,0.0,6.344485
2019-03-09,22,0,reserve,system,3470.061,0.0,0.0,3470.061,0.0,9.454779
2019-03-09,23,0,reserve,system,3286.737,0.0,0.0,3286.737,0.0,0.0
2019-03-10,0,0,reserve,system,3136.461,0.0,0.0,3136.461,0.0,11.635496
2019-03-10,1,0,reserve,system,3030.132,0.0,0.0,3030.132,0.0,0.0
2019-03-10,2,0,reserve,system,2963.487,0.0,37.798188,2963.487,0.0,5.560086
2019-03-10,3,0,reserve,system,2939.229,0.0,0.0,2939.229,0.0,0.0
2019-03-10,4,0,reserve,system,2966.975,0.0,0.0,2966.975,0.0,0.0
2019-03-10,5,0,reserve,system,3042.704,0.0,0.0,3042.704,0.0,4.735525
2019-03-10,6,0,reserve,system,3145.455,0.0,15.790909,3145.455,0.0,6.434197
2019-03-10,7,0,reserve,system,3253.185,0.0,15.718861,3253.185,0.0,5.011293
2019-03-10,8,0,reserve,system,3405.883,0.0,4.468478,3405.883,0.0,6.963854
2019-03-10,9,0,reserve,system,3544.02,0.0,3.960907,3544.02,0.0,13.829145
2019-03-10,10,0,reserve,system,3639.389,0.0,0.0,3639.389,0.0,6.917026
2019-03-10,11,0,reserve,system,3699.896,0.0,3.188489,3699.896,0.0,5.624399
2019-03-10,12,0,reserve,system,3741.559,0.0,0.0,3741.559,0.0,9.106958
2019-03-10,13,0,reserve,system,3757.529,0.0,0.0,3757.529,0.0,0.0
2019-03-10,14,0,reserve,system,3770.017,0.0,0.0,3770.017,0.0,0.0
2019-03-10,15,0,reserve,system,3797.057,0.0,0.0,3797.057,0.0,5.367221
2019-03-10,16,0,reserve,system,3812.458,0.0,0.0,3812.458,0.0,3.037072
2019-03-10,17,0,reserve,system,3817.69,0.0,6.107112,3817.69,0.0,6.676302
2019-03-10,18,0,reserve,system,3904.899,0.0,0.0,3904.899,0.0,6.36109
2019-03-10,19,0,reserve,system,3960.939,0.0,0.0,3960.939,0.0,16.254153
2019-03-10,20,0,reserve,system,3869.86,0.0,0.0,3869.86,0.0,6.561268
2019-03-10,21,0,reserve,system,3694.252,0.0,0.0,3694.252,0.0,6.411355
2019-03-10,22,0,reserve,system,3473.833,0.0,0.0,3473.833,0.0,7.251525
2019-03-10,23,0,reserve,system,3280.653,0.0,0.0,3280.653,0.0,4.643492
2019-03-11,0,0,reserve,system,3156.458,0.0,0.0,3156.458,0.0,3.493778
2019-03-11,1,0,reserve,system,3082.174,0.0,0.0,3082.174,0.0,0.0
2019-03-11,2,0,reserve,system,3063.838,0.0,27.964957,3063.838,0.0,4.940674
2019-03-11,3,0,reserve,system,3117.618,0.0,0.0,3117.618,0.0,3.96202
2019-03-11,4,0,reserve,system,3272.592,0.0,0.0,3272.592,0.0,5.819233
2019-03-11,5,0,reserve,system,3518.481,0.0,0.0,3518.481,0.0,7.092603
2019-03-11,6,0,reserve,system,3701.154,0.0,26.983846,3701.154,0.0,7.414956
2019-03-11,7,0,reserve,system,3753.485,0.0,0.0,3753.485,0.0,12.811466
2019-03-11,8,0,reserve,system,3822.24,0.0,0.0,3822.24,0.0,20.006546
2019-03-11,9,0,reserve,system,3918.812,0.0,0.0,3918.812,0.0,6.72656
2019-03-11,10,0,reserve,system,3977.857,0.0,0.0,3977.857,0.0,7.27193
2019-03-11,11,0,reserve,system,4015.215,0.0,0.0,4015.215,0.0,4.536007
2019-03-11,12,0,reserve,system,4045.367,0.0,0.0,4045.367,0.0,7.414201
2019-03-11,13,0,reserve,system,4031.51,0.0,0.0,4031.51,0.0,6.438606
2019-03-11,14,0,reserve,system,4017.545,0.0,0.0,4017.545,0.0,7.000352
2019-03-11,15,0,reserve,system,4006.706,0.0,0.0,4006.706,0.0,4.365492
2019-03-11,16,0,reserve,system,3986.14,0.0,0.0,3986.14,0.0,4.624241
2019-03-11,17,0,reserve,system,3969.981,0.0,49.402638,3969.981,0.0,4.630891
2019-03-11,18,0,reserve,system,4018.366,0.0,0.0,4018.366,0.0,1.09188
2019-03-11,19,0,reserve,system,4024.744,0.0,0.0,4024.744,0.0,17.399069
2019-03-11,20,0,reserve,system,3896.64,0.0,0.0,3896.64,0.0,7.31713
2019-03-11,21,0,reserve,system,3697.133,0.0,0.0,3697.133,0.0,3.454176
2019-03-11,22,0,reserve,system,3445.983,0.0,0.0,3445.983,0.0,5.007583
2019-03-11,23,0,reserve,system,3251.136,0.0,0.0,3251.136,0.0,3.340997
2019-03-12,0,0,reserve,system,3128.424,0.0,0.0,3128.424,0.0,7.40589
2019-03-12,1,0,reserve,system,3046.143,0.0,0.0,3046.143,0.0,0.0
2019-03-12,2,0,reserve,system,3013.952,0.0,0.0,3013.952,0.0,0.0
2019-03-12,3,0,reserve,system,3059.651,0.0,0.0,3059.651,0.0,3.78115
2019-03-12,4,0,reserve,system,3213.421,0.0,0.0,3213.421,0.0,3.692323
2019-03-12,5,0,reserve,system,3447.496,0.0,0.0,3447.496,0.0,6.322646
2019-03-12,6,0,reserve,system,3638.093,0.0,0.0,3638.093,0.0,7.067019
2019-03-12,7,0,reserve,system,3693.782,0.0,0.0,3693.782,0.0,6.719671
2019-03-12,8,0,reserve,system,3759.685,0.0,0.0,3759.685,0.0,10.891848
2019-03-12,9,0,reserve,system,3852.864,0.0,0.0,3852.864,0.0,9.868759
2019-03-12,10,0,reserve,system,3912.901,0.0,0.0,3912.901,0.0,0.0
2019-03-12,11,0,reserve,system,3944.699,0.0,0.262232,3944.699,0.0,7.046933
2019-03-12,12,0,reserve,system,3970.871,0.0,0.0,3970.871,0.0,2.686836
2019-03-12,13,0,reserve,system,3964.747,0.0,15.773376,3964.747,0.0,5.158109
2019-03-12,14,0,reserve,system,3958.601,0.0,0.0,3958.601,0.0,11.755136
2019-03-12,15,0,reserve,system,3952.051,0.0,0.0,3952.051,0.0,0.0
2019-03-12,16,0,reserve,system,3940.827,0.0,0.0,3940.827,0.0,12.937838
2019-03-12,17,0,reserve,system,3920.826,0.0,0.0,3920.826,0.0,0.0
2019-03-12,18,0,reserve,system,3963.57,0.0,0.0,3963.57,0.0,9.971734
2019-03-12,19,0,reserve,system,3981.63,0.0,0.0,3981.63,0.0,18.18681
2019-03-12,20,0,reserve,system,3871.311,0.0,0.0,3871.311,0.0,6.601497
2019-03-12,21,0,reserve,system,3664.932,0.0,0.0,3664.932,0.0,6.755483
2019-03-12,22,0,reserve,system,3421.138,0.0,0.0,3421.138,0.0,7.316877
2019-03-12,23,0,reserve,system,3225.776,0.0,0.0,3225.776,0.0,3.909637
2019-03-13,0,0,reserve,system,3120.366,0.0,0.0,3120.366,0.0,7.450794
2019-03-13,1,0,reserve,system,3048.889,0.0,11.431079,3048.889,0.0,5.410653
2019-03-13,2,0,reserve,system,3014.01,0.0,0.0,3014.01,0.0,0.0
2019-03-13,3,0,reserve,system,3034.22,0.0,0.0,3034.22,0.0,0.0
2019-03-13,4,0,reserve,system,3143.612,0.0,0.0,3143.612,0.0,1.876233
2019-03-13,5,0,reserve,system,3370.615,0.0,1.390512,3370.615,0.0,7.114316
2019-03-13,6,0,reserve,system,3548.629,0.0,0.0,3548.629,0.0,0.0
2019-03-13,7,0,reserve,system,3614.872,0.0,0.0,3614.872,0.0,10.039963
2019-03-13,8,0,reserve,system,3701.676,0.0,0.0,3701.676,0.0,14.970084
2019-03-13,9,0,reserve,system,3766.357,0.0,0.0,3766.357,0.0,4.076116
2019-03-13,10,0,reserve,system,3801.154,0.0,0.0,3801.154,0.0,2.454691
2019-03-13,11,0,reserve,system,3810.907,0.0,0.0,3810.907,0.0,3.742794
2019-03-13,12,0,reserve,system,3844.29,0.0,0.0,3844.29,0.0,17.01069
2019-03-13,13,0,reserve,system,3867.517,0.0,0.0,3867.517,0.0,0.0
2019-03-13,14,0,reserve,system,3893.451,0.0,0.0,3893.451,0.0,2.732027
2019-03-13,15,0,reserve,system,3908.496,0.0,0.0,3908.496,0.0,7.271933
2019-03-13,16,0,reserve,system,3925.259,0.0,0.0,3925.259,0.0,4.988066
2019-03-13,17,0,reserve,system,3925.82,0.0,0.0,3925.82,0.0,7.419653
2019-03-13,18,0,reserve,system,3940.44,0.0,0.0,3940.44,0.0,8.650986
2019-03-13,19,0,reserve,system,3988.947,0.0,0.0,3988.947,0.0,21.853818
2019-03-13,20,0,reserve,system,3891.933,0.0,0.0,3891.933,0.0,8.105107
2019-03-13,21,0,reserve,system,3704.624,0.0,0.0,3704.624,0.0,8.139663
2019-03-13,22,0,reserve,system,3479.328,0.0,0.0,3479.328,0.0,3.11632
2019-03-13,23,0,reserve,system,3296.506,0.0,0.0,3296.506,0.0,4.276958
2019-03-14,0,0,reserve,system,3166.296,0.0,0.0,3166.296,0.0,0.0
2019-03-14,1,0,reserve,system,3076.881,0.0,12.662473,3076.881,0.0,8.919127
2019-03-14,2,0,reserve,system,3024.339,0.0,0.0,3024.339,0.0,0.0
2019-03-14,3,0,reserve,system,3041.266,0.0,0.0,3041.266,0.0,0.0
2019-03-14,4,0,reserve,system,3181.404,0.0,0.0,3181.404,0.0,2.676218
2019-03-14,5,0,reserve,system,3411.502,0.0,0.637669,3411.502,0.0,4.034134
2019-03-14,6,0,reserve,system,3569.004,0.0,0.0,3569.004,0.0,3.599173
2019-03-14,7,0,reserve,system,3607.015,0.0,0.0,3607.015,0.0,4.15728
2019-03-14,8,0,reserve,system,3665.414,0.0,0.0,3665.414,0.0,7.448056
2019-03-14,9,0,reserve,system,3728.056,0.0,0.0,3728.056,0.0,14.331771
2019-03-14,10,0,reserve,system,3756.003,0.0,0.0,3756.003,0.0,5.192363
2019-03-14,11,0,reserve,system,3757.863,0.0,0.0,3757.863,0.0,3.918288
2019-03-14,12,0,reserve,system,3771.788,0.0,0.0,3771.788,0.0,5.845718
2019-03-14,13,0,reserve,system,3753.033,0.0,0.0,3753.033,0.0,0.014508
2019-03-14,14,0,reserve,system,3742.759,0.0,0.0,3742.759,0.0,0.0
2019-03-14,15,0,reserve,system,3735.044,0.0,0.0,3735.044,0.0,5.45299
2019-03-14,16,0,reserve,system,3707.522,0.0,0.0,3707.522,0.0,4.118931
2019-03-14,17,0,reserve,system,3661.747,0.0,0.0,3661.747,0.0,4.365984
2019-03-14,18,0,reserve,system,3682.641,0.0,0.0,3682.641,0.0,6.12705
2019-03-14,19,0,reserve,system,3771.64,0.0,0.0,3771.64,0.0,15.05962
2019-03-14,20,0,reserve,system,3698.08,0.0,0.0,3698.08,0.0,7.852937
2019-03-14,21,0,reserve,system,3534.846,0.0,0.0,3534.846,0.0,4.574023
2019-03-14,22,0,reserve,system,3334.486,0.0,0.0,3334.486,0.0,6.706602
2019-03-14,23,0,reserve,system,3185.103,0.0,0.0,3185.103,0.0,0.214556
2019-03-15,0,0,reserve,system,3087.422,0.0,0.0,3087.422,0.0,3.909516
2019-03-15,1,0,reserve,system,3043.416,0.0,22.856464,3043.416,0.0,4.400974
2019-03-15,2,0,reserve,system,3044.382,0.0,0.0,3044.382,0.0,0.070688
2019-03-15,3,0,reserve,system,3116.448,0.0,0.0,3116.448,0.0,0.0
2019-03-15,4,0,reserve,system,3310.135,0.0,0.0,3310.135,0.0,3.342857
2019-03-15,5,0,reserve,system,3592.021,0.0,0.0,3592.021,0.0,4.308041
2019-03-15,6,0,reserve,system,3819.102,0.0,1.372481,3819.102,0.0,4.768367
2019-03-15,7,0,reserve,system,3905.316,0.0,3.739473,3905.316,0.0,7.369908
2019-03-15,8,0,reserve,system,3962.341,0.0,1.398807,3962.341,0.0,16.353644
2019-03-15,9,0,reserve,system,3958.206,0.0,0.0,3958.206,0.0,6.824033
2019-03-15,10,0,reserve,system,3907.135,0.0,0.0,3907.135,0.0,5.742965
2019-03-15,11,0,reserve,system,3827.939,0.0,0.0,3827.939,0.0,4.444664
2019-03-15,12,0,reserve,system,3760.531,0.0,0.0,3760.531,0.0,3.838751
2019-03-15,13,0,reserve,system,3677.878,0.0,0.375902,3677.878,0.0,4.767803
2019-03-15,14,0,reserve,system,3617.312,0.0,0.0,3617.312,0.0,0.0
2019-03-15,15,0,reserve,system,3583.4,0.0,0.0,3583.4,0.0,0.668095
2019-03-15,16,0,reserve,system,3576.494,0.0,0.0,3576.494,0.0,4.9791
2019-03-15,17,0,reserve,system,3588.625,0.0,0.0,3588.625,0.0,4.720975
2019-03-15,18,0,reserve,system,3674.767,0.0,0.0,3674.767,0.0,7.489923
2019-03-15,19,0,reserve,system,3774.783,0.0,0.0,3774.783,0.0,6.944582
2019-03-15,20,0,reserve,system,3740.149,0.0,0.0,3740.149,0.0,16.622372
2019-03-15,21,0,reserve,system,3642.272,0.0,0.0,3642.272,0.0,7.154985
2019-03-15,22,0,reserve,system,3511.918,0.0,0.0,3511.918,0.0,4.82292
2019-03-15,23,0,reserve,system,3400.083,0.0,0.0,3400.083,0.0,9.548652
2019-03-16,0,0,reserve,system,3329.198,0.0,0.0,3329.198,0.0,7.557448
2019-03-16,1,0,reserve,system,3301.287,0.0,0.0,3301.287,0.0,0.0
2019-03-16,2,0,reserve,system,3313.129,0.0,0.0,3313.129,0.0,6.074406
2019-03-16,3,0,reserve,system,3364.743,0.0,0.0,3364.743,0.0,6.372484
2019-03-16,4,0,reserve,system,3473.148,0.0,0.0,3473.148,0.0,6.423333
2019-03-16,5,0,reserve,system,3639.078,0.0,0.0,3639.078,0.0,6.761787
2019-03-16,6,0,reserve,system,3829.491,0.0,0.0,3829.491,0.0,11.780234
2019-03-16,7,0,reserve,system,3934.089,0.0,0.0,3934.089,0.0,0.0
2019-03-16,8,0,reserve,system,3953.876,0.0,0.0,3953.876,0.0,21.464809
2019-03-16,9,0,reserve,system,3904.252,0.0,0.0,3904.252,0.0,6.623143
2019-03-16,10,0,reserve,system,3805.994,0.0,0.0,3805.994,0.0,6.83229
2019-03-16,11,0,reserve,system,3677.183,0.0,0.0,3677.183,0.0,6.823669
2019-03-16,12,0,reserve,system,3571.596,0.0,0.0,3571.596,0.0,5.966185
2019-03-16,13,0,reserve,system,3468.296,0.0,0.0,3468.296,0.0,5.037216
2019-03-16,14,0,reserve,system,3402.285,0.0,0.0,3402.285,0.0,0.0
2019-03-16,15,0,reserve,system,3376.485,0.0,0.0,3376.485,0.0,0.0
2019-03-16,16,0,reserve,system,3381.631,0.0,0.0,3381.631,0.0,4.502133
2019-03-16,17,0,reserve,system,3407.262,0.0,0.0,3407.262,0.0,6.09142
2019-03-16,18,0,reserve,system,3512.374,0.0,0.0,3512.374,0.0,6.829796
2019-03-16,19,0,reserve,system,3617.036,0.0,0.0,3617.036,0.0,8.111396
2019-03-16,20,0,reserve,system,3592.81,0.0,0.0,3592.81,0.0,19.485526
2019-03-16,21,0,reserve,system,3507.825,0.0,0.0,3507.825,0.0,5.938878
2019-03-16,22,0,reserve,system,3397.734,0.0,0.0,3397.734,0.0,9.406005
2019-03-16,23,0,reserve,system,3302.132,0.0,0.0,3302.132,0.0,0.0
2019-03-17,0,0,reserve,system,3244.486,0.0,0.0,3244.486,0.0,9.067548
2019-03-17,1,0,reserve,system,3217.361,0.0,0.0,3217.361,0.0,0.0
2019-03-17,2,0,reserve,system,3226.867,0.0,0.0,3226.867,0.0,6.768379
2019-03-17,3,0,reserve,system,3263.118,0.0,0.0,3263.118,0.0,4.037544
2019-03-17,4,0,reserve,system,3355.845,0.0,0.0,3355.845,0.0,4.999466
2019-03-17,5,0,reserve,system,3507.082,0.0,0.0,3507.082,0.0,6.727726
2019-03-17,6,0,reserve,system,3672.713,0.0,0.0,3672.713,0.0,7.444779
2019-03-17,7,0,reserve,system,3766.27,0.0,0.0,3766.27,0.0,7.026522
2019-03-17,8,0,reserve,system,3761.98,0.0,0.0,3761.98,0.0,20.382877
2019-03-17,9,0,reserve,system,3676.406,0.0,0.0,3676.406,0.0,8.816372
2019-03-17,10,0,reserve,system,3583.111,0.0,0.0,3583.111,0.0,7.148962
2019-03-17,11,0,reserve,system,3493.798,0.0,0.0,3493.798,0.0,6.097295
2019-03-17,12,0,reserve,system,3411.86,0.0,0.0,3411.86,0.0,7.748345
2019-03-17,13,0,reserve,system,3354.974,0.0,0.0,3354.974,0.0,0.0
2019-03-17,14,0,reserve,system,3318.325,0.0,0.0,3318.325,0.0,0.0
2019-03-17,15,0,reserve,system,3320.475,0.0,1.483534,3320.475,0.0,4.475254
2019-03-17,16,0,reserve,system,3355.058,0.0,0.0,3355.058,0.0,5.485991
2019-03-17,17,0,reserve,system,3388.698,0.0,50.0,3388.698,0.0,6.463506
2019-03-17,18,0,reserve,system,3494.824,0.0,0.0,3494.824,0.0,6.572075
2019-03-17,19,0,reserve,system,3662.495,0.0,0.0,3662.495,0.0,6.858082
2019-03-17,20,0,reserve,system,3615.421,0.0,0.0,3615.421,0.0,17.14046
2019-03-17,21,0,reserve,system,3471.364,0.0,0.0,3471.364,0.0,9.375638
2019-03-17,22,0,reserve,system,3266.453,0.0,0.0,3266.453,0.0,0.0
2019-03-17,23,0,reserve,system,3149.658,0.0,0.0,3149.658,0.0,0.0
2019-03-18,0,0,reserve,system,3092.5,0.0,0.0,3092.5,0.0,4.057319
2019-03-18,1,0,reserve,system,3096.214,0.0,0.0,3096.214,0.0,0.0
2019-03-18,2,0,reserve,system,3139.148,0.0,0.0,3139.148,0.0,8.808162
2019-03-18,3,0,reserve,system,3266.867,0.0,0.0,3266.867,0.0,4.704481
2019-03-18,4,0,reserve,system,3547.163,0.0,0.0,3547.163,0.0,7.688612
2019-03-18,5,0,reserve,system,3957.855,0.0,0.0,3957.855,0.0,10.234985
2019-03-18,6,0,reserve,system,4172.27,0.0,0.0,4172.27,0.0,22.072825
2019-03-18,7,0,reserve,system,4139.951,0.0,0.0,4139.951,0.0,0.0
2019-03-18,8,0,reserve,system,4054.325,0.0,0.0,4054.325,0.0,15.186609
2019-03-18,9,0,reserve,system,3934.617,0.0,0.0,3934.617,0.0,9.602662
2019-03-18,10,0,reserve,system,3813.309,0.0,0.0,3813.309,0.0,8.212602
2019-03-18,11,0,reserve,system,3712.742,0.0,0.0,3712.742,0.0,6.134924
2019-03-18,12,0,reserve,system,3673.082,0.0,0.0,3673.082,0.0,7.438796
2019-03-18,13,0,reserve,system,3627.546,0.0,0.0,3627.546,0.0,5.980222
2019-03-18,14,0,reserve,system,3586.961,0.0,0.0,3586.961,0.0,9.057994
2019-03-18,15,0,reserve,system,3585.194,0.0,0.0,3585.194,0.0,0.0
2019-03-18,16,0,reserve,system,3605.672,0.0,0.0,3605.672,0.0,0.0
2019-03-18,17,0,reserve,system,3619.396,0.0,15.926877,3619.396,0.0,8.152117
2019-03-18,18,0,reserve,system,3687.311,0.0,34.592548,3687.311,0.0,6.062274
2019-03-18,19,0,reserve,system,3807.924,0.0,24.457367,3807.924,0.0,7.684384
2019-03-18,20,0,reserve,system,3706.607,0.0,15.316677,3706.607,0.0,14.160608
2019-03-18,21,0,reserve,system,3481.258,0.0,0.0,3481.258,0.0,5.281202
2019-03-18,22,0,reserve,system,3248.164,0.0,0.0,3248.164,0.0,8.255696
2019-03-18,23,0,reserve,system,3088.798,0.0,0.0,3088.798,0.0,0.0
2019-03-19,0,0,reserve,system,3019.692,0.0,0.0,3019.692,0.0,3.126737
2019-03-19,1,0,reserve,system,3001.666,0.0,0.0,3001.666,0.0,0.0
2019-03-19,2,0,reserve,system,3034.587,0.0,0.0,3034.587,0.0,4.494033
2019-03-19,3,0,reserve,system,3135.069,0.0,38.08886,3135.069,0.0,4.55037
2019-03-19,4,0,reserve,system,3377.987,0.0,0.0,3377.987,0.0,6.284167
2019-03-19,5,0,reserve,system,3773.008,0.0,0.0,3773.008,0.0,6.771246
2019-03-19,6,0,reserve,system,3969.601,0.0,0.0,3969.601,0.0,22.474098
2019-03-19,7,0,reserve,system,3919.967,0.0,0.0,3919.967,0.0,9.78682
2019-03-19,8,0,reserve,system,3848.474,0.0,0.0,3848.474,0.0,8.970688
2019-03-19,9,0,reserve,system,3794.083,0.0,0.0,3794.083,0.0,6.528157
2019-03-19,10,0,reserve,system,3733.952,0.0,0.0,3733.952,0.0,6.663941
2019-03-19,11,0,reserve,system,3677.523,0.0,0.0,3677.523,0.0,6.233191
2019-03-19,12,0,reserve,system,3645.906,0.0,0.0,3645.906,0.0,6.594671
2019-03-19,13,0,reserve,system,3614.647,0.0,0.0,3614.647,0.0,0.836056
2019-03-19,14,0,reserve,system,3603.943,0.0,0.0,3603.943,0.0,2.369192
2019-03-19,15,0,reserve,system,3602.54,0.0,0.0,3602.54,0.0,4.315498
2019-03-19,16,0,reserve,system,3604.352,0.0,0.0,3604.352,0.0,0.0
2019-03-19,17,0,reserve,system,3603.07,0.0,2.049654,3603.07,0.0,7.865518
2019-03-19,18,0,reserve,system,3659.355,0.0,0.0,3659.355,0.0,0.7341
2019-03-19,19,0,reserve,system,3770.188,0.0,0.0,3770.188,0.0,16.669935
2019-03-19,20,0,reserve,system,3673.721,0.0,0.0,3673.721,0.0,9.313683
2019-03-19,21,0,reserve,system,3445.282,0.0,0.0,3445.282,0.0,0.0
2019-03-19,22,0,reserve,system,3219.442,0.0,0.0,3219.442,0.0,10.775579
2019-03-19,23,0,reserve,system,3057.152,0.0,0.0,3057.152,0.0,0.0
2019-03-20,0,0,reserve,system,2968.46,0.0,0.0,2968.46,0.0,1.450408
2019-03-20,1,0,reserve,system,2940.509,0.0,0.0,2940.509,0.0,0.0
2019-03-20,2,0,reserve,system,2949.983,0.0,0.0,2949.983,0.0,3.699505
2019-03-20,3,0,reserve,system,3038.486,0.0,0.0,3038.486,0.0,4.839345
2019-03-20,4,0,reserve,system,3271.201,0.0,0.0,3271.201,0.0,7.344351
2019-03-20,5,0,reserve,system,3643.752,0.0,0.0,3643.752,0.0,7.094898
2019-03-20,6,0,reserve,system,3819.983,0.0,0.0,3819.983,0.0,22.216809
2019-03-20,7,0,reserve,system,3772.359,0.0,0.0,3772.359,0.0,0.0
2019-03-20,8,0,reserve,system,3736.418,0.0,0.0,3736.418,0.0,20.231265
2019-03-20,9,0,reserve,system,3703.934,0.0,0.0,3703.934,0.0,7.933131
2019-03-20,10,0,reserve,system,3668.752,0.0,0.0,3668.752,0.0,6.869414
2019-03-20,11,0,reserve,system,3647.705,0.0,0.0,3647.705,0.0,6.377412
2019-03-20,12,0,reserve,system,3647.229,0.0,0.0,3647.229,0.0,7.096155
2019-03-20,13,0,reserve,system,3638.996,0.0,0.0,3638.996,0.0,5.343908
2019-03-20,14,0,reserve,system,3631.778,0.0,0.0,3631.778,0.0,9.307267
2019-03-20,15,0,reserve,system,3659.515,0.0,0.0,3659.515,0.0,0.0
2019-03-20,16,0,reserve,system,3681.476,0.0,0.0,3681.476,0.0,0.0
2019-03-20,17,0,reserve,system,3672.318,0.0,0.0,3672.318,0.0,9.751083
2019-03-20,18,0,reserve,system,3714.266,0.0,0.0,3714.266,0.0,5.172069
2019-03-20,19,0,reserve,system,3819.711,0.0,0.0,3819.711,0.0,11.540933
2019-03-20,20,0,reserve,system,3726.493,0.0,0.0,3726.493,0.0,22.717818
2019-03-20,21,0,reserve,system,3496.142,0.0,0.0,3496.142,0.0,7.321398
2019-03-20,22,0,reserve,system,3247.495,0.0,0.0,3247.495,0.0,5.729167
2019-03-20,23,0,reserve,system,3078.012,0.0,0.0,3078.012,0.0,8.459971
2019-03-21,0,0,reserve,system,2988.627,0.0,0.0,2988.627,0.0,12.241314
2019-03-21,1,0,reserve,system,2956.777,0.0,0.0,2956.777,0.0,0.0
2019-03-21,2,0,reserve,system,2962.763,0.0,0.0,2962.763,0.0,0.0
2019-03-21,3,0,reserve,system,3041.643,0.0,0.0,3041.643,0.0,8.305973
2019-03-21,4,0,reserve,system,3277.053,0.0,0.0,3277.053,0.0,4.84113
2019-03-21,5,0,reserve,system,3660.416,0.0,0.0,3660.416,0.0,10.034794
2019-03-21,6,0,reserve,system,3845.663,0.0,10.570874,3845.663,0.0,24.356353
2019-03-21,7,0,reserve,system,3781.781,0.0,0.0,3781.781,0.0,0.0
2019-03-21,8,0,reserve,system,3723.412,0.0,24.373259,3723.412,0.0,16.170829
2019-03-21,9,0,reserve,system,3685.958,0.0,0.0,3685.958,0.0,8.027061
2019-03-21,10,0,reserve,system,3662.436,0.0,0.0,3662.436,0.0,6.543472
2019-03-21,11,0,reserve,system,3652.037,0.0,0.0,3652.037,0.0,9.368004
2019-03-21,12,0,reserve,system,3675.51,0.0,0.0,3675.51,0.0,0.0
2019-03-21,13,0,reserve,system,3710.708,0.0,0.0,3710.708,0.0,0.0
2019-03-21,14,0,reserve,system,3753.274,0.0,0.0,3753.274,0.0,9.449991
2019-03-21,15,0,reserve,system,3803.57,0.0,0.0,3803.57,0.0,5.60219
2019-03-21,16,0,reserve,system,3811.374,0.0,0.0,3811.374,0.0,18.184035
2019-03-21,17,0,reserve,system,3759.655,0.0,0.0,3759.655,0.0,-0.0
2019-03-21,18,0,reserve,system,3754.854,0.0,0.0,3754.854,0.0,0.0
2019-03-21,19,0,reserve,system,3833.58,0.0,0.0,3833.58,0.0,24.263697
2019-03-21,20,0,reserve,system,3694.437,0.0,0.0,3694.437,0.0,9.152492
2019-03-21,21,0,reserve,system,3441.24,0.0,0.0,3441.24,0.0,6.806278
2019-03-21,22,0,reserve,system,3174.449,0.0,0.0,3174.449,0.0,6.217282
2019-03-21,23,0,reserve,system,2993.089,0.0,0.0,2993.089,0.0,0.0
2019-03-22,0,0,reserve,system,2895.437,0.0,0.0,2895.437,0.0,6.638909
2019-03-22,1,0,reserve,system,2842.61,0.0,0.0,2842.61,0.0,0.0
2019-03-22,2,0,reserve,system,2840.015,0.0,0.0,2840.015,0.0,0.0
2019-03-22,3,0,reserve,system,2916.616,0.0,0.0,2916.616,0.0,5.437791
2019-03-22,4,0,reserve,system,3131.578,0.0,28.503548,3131.578,0.0,4.528778
2019-03-22,5,0,reserve,system,3499.18,0.0,0.0,3499.18,0.0,7.494018
2019-03-22,6,0,reserve,system,3687.675,0.0,0.0,3687.675,0.0,8.391082
2019-03-22,7,0,reserve,system,3667.237,0.0,0.0,3667.237,0.0,19.370034
2019-03-22,8,0,reserve,system,3663.441,0.0,0.0,3663.441,0.0,8.903988
2019-03-22,9,0,reserve,system,3670.672,0.0,0.0,3670.672,0.0,6.10625
2019-03-22,10,0,reserve,system,3683.812,0.0,0.0,3683.812,0.0,7.733883
2019-03-22,11,0,reserve,system,3698.887,0.0,0.0,3698.887,0.0,3.252685
2019-03-22,12,0,reserve,system,3750.097,0.0,8.644289,3750.097,0.0,6.049607
2019-03-22,13,0,reserve,system,3785.499,0.0,0.0,3785.499,0.0,0.0
2019-03-22,14,0,reserve,system,3819.273,0.0,0.0,3819.273,0.0,0.0
2019-03-22,15,0,reserve,system,3844.1,0.0,0.0,3844.1,0.0,10.77765
2019-03-22,16,0,reserve,system,3821.764,0.0,0.0,3821.764,0.0,5.219884
2019-03-22,17,0,reserve,system,3744.903,0.0,0.0,3744.903,0.0,0.057832
2019-03-22,18,0,reserve,system,3708.085,0.0,0.0,3708.085,0.0,0.0
2019-03-22,19,0,reserve,system,3735.067,0.0,2.027805,3735.067,0.0,16.860922
2019-03-22,20,0,reserve,system,3621.982,0.0,0.0,3621.982,0.0,5.0779
2019-03-22,21,0,reserve,system,3456.095,0.0,0.0,3456.095,0.0,3.647297
2019-03-22,22,0,reserve,system,3252.167,0.0,0.0,3252.167,0.0,1.064017
2019-03-22,23,0,reserve,system,3060.757,0.0,0.0,3060.757,0.0,2.362326
2019-03-23,0,0,reserve,system,2928.474,0.0,0.0,2928.474,0.0,3.511393
2019-03-23,1,0,reserve,system,2839.53,0.0,0.0,2839.53,0.0,0.0
2019-03-23,2,0,reserve,system,2809.369,0.0,33.534381,2809.369,0.0,0.0
2019-03-23,3,0,reserve,system,2812.547,0.0,33.53412,2812.547,0.0,1.570551
2019-03-23,4,0,reserve,system,2866.785,0.0,0.0,2866.785,0.0,0.897625
2019-03-23,5,0,reserve,system,2984.691,0.0,0.0,2984.691,0.0,1.713171
2019-03-23,6,0,reserve,system,3111.099,0.0,0.0,3111.099,0.0,3.342857
2019-03-23,7,0,reserve,system,3227.582,0.0,0.0,3227.582,0.0,3.593259
2019-03-23,8,0,reserve,system,3364.37,0.0,0.0,3364.37,0.0,8.874071
2019-03-23,9,0,reserve,system,3466.766,0.0,0.0,3466.766,0.0,2.122279
2019-03-23,10,0,reserve,system,3525.691,0.0,0.0,3525.691,0.0,0.466454
2019-03-23,11,0,reserve,system,3543.13,0.0,0.0,3543.13,0.0,2.918657
2019-03-23,12,0,reserve,system,3535.948,0.0,0.0,3535.948,0.0,10.395455
2019-03-23,13,0,reserve,system,3516.595,0.0,0.0,3516.595,0.0,0.0
2019-03-23,14,0,reserve,system,3518.303,0.0,0.0,3518.303,0.0,0.0
2019-03-23,15,0,reserve,system,3526.75,0.0,0.0,3526.75,0.0,7.520746
2019-03-23,16,0,reserve,system,3517.394,0.0,0.0,3517.394,0.0,0.0
2019-03-23,17,0,reserve,system,3513.966,0.0,0.0,3513.966,0.0,5.434222
2019-03-23,18,0,reserve,system,3536.633,0.0,0.0,3536.633,0.0,2.868192
2019-03-23,19,0,reserve,system,3586.221,0.0,0.0,3586.221,0.0,8.302296
2019-03-23,20,0,reserve,system,3519.93,0.0,0.0,3519.93,0.0,15.929271
2019-03-23,21,0,reserve,system,3378.694,0.0,0.0,3378.694,0.0,5.518521
2019-03-23,22,0,reserve,system,3198.961,0.0,0.0,3198.961,0.0,4.372386
2019-03-23,23,0,reserve,system,3027.098,0.0,0.0,3027.098,0.0,2.424077
2019-03-24,0,0,reserve,system,2916.687,0.0,0.0,2916.687,0.0,5.504103
2019-03-24,1,0,reserve,system,2839.303,0.0,0.0,2839.303,0.0,0.0
2019-03-24,2,0,reserve,system,2789.566,0.0,0.0,2789.566,0.0,1.293267
2019-03-24,3,0,reserve,system,2774.115,0.0,0.0,2774.115,0.0,0.0
2019-03-24,4,0,reserve,system,2803.222,0.0,0.0,2803.222,0.0,2.115563
2019-03-24,5,0,reserve,system,2866.316,0.0,0.0,2866.316,0.0,3.975025
2019-03-24,6,0,reserve,system,2957.762,0.0,0.0,2957.762,0.0,3.155842
2019-03-24,7,0,reserve,system,3091.985,0.0,0.0,3091.985,0.0,3.839871
2019-03-24,8,0,reserve,system,3266.488,0.0,0.0,3266.488,0.0,14.544309
2019-03-24,9,0,reserve,system,3399.158,0.0,0.0,3399.158,0.0,3.75478
2019-03-24,10,0,reserve,system,3500.204,0.0,1.547859,3500.204,0.0,0.0
2019-03-24,11,0,reserve,system,3584.682,0.0,0.0,3584.682,0.0,1.43635
2019-03-24,12,0,reserve,system,3668.726,0.0,0.0,3668.726,0.0,6.080196
2019-03-24,13,0,reserve,system,3758.622,0.0,0.0,3758.622,0.0,3.274173
2019-03-24,14,0,reserve,system,3857.247,0.0,0.0,3857.247,0.0,5.439572
2019-03-24,15,0,reserve,system,3933.291,0.0,0.0,3933.291,0.0,5.68441
2019-03-24,16,0,reserve,system,3999.488,0.0,0.0,3999.488,0.0,6.847328
2019-03-24,17,0,reserve,system,4001.701,0.0,0.0,4001.701,0.0,11.001794
2019-03-24,18,0,reserve,system,3974.251,0.0,0.0,3974.251,0.0,0.0
2019-03-24,19,0,reserve,system,4071.567,0.0,0.0,4071.567,0.0,10.103841
2019-03-24,20,0,reserve,system,3956.527,0.0,0.0,3956.527,0.0,17.875524
2019-03-24,21,0,reserve,system,3696.896,0.0,0.0,3696.896,0.0,7.568006
2019-03-24,22,0,reserve,system,3383.848,0.0,0.0,3383.848,0.0,3.572983
2019-03-24,23,0,reserve,system,3141.287,0.0,0.0,3141.287,0.0,6.590728
2019-03-25,0,0,reserve,system,2994.858,0.0,0.0,2994.858,0.0,8.988826
2019-03-25,1,0,reserve,system,2902.577,0.0,0.0,2902.577,0.0,0.0
2019-03-25,2,0,reserve,system,2869.666,0.0,38.08886,2869.666,0.0,0.64565
2019-03-25,3,0,reserve,system,2919.982,0.0,0.0,2919.982,0.0,4.49019
2019-03-25,4,0,reserve,system,3112.876,0.0,37.80394,3112.876,0.0,3.924843
2019-03-25,5,0,reserve,system,3459.1,0.0,0.0,3459.1,0.0,7.816586
2019-03-25,6,0,reserve,system,3623.737,0.0,0.0,3623.737,0.0,19.032432
2019-03-25,7,0,reserve,system,3626.399,0.0,0.0,3626.399,0.0,6.774369
2019-03-25,8,0,reserve,system,3631.885,0.0,0.0,3631.885,0.0,6.565324
2019-03-25,9,0,reserve,system,3712.991,0.0,0.0,3712.991,0.0,4.692435
2019-03-25,10,0,reserve,system,3788.501,0.0,0.0,3788.501,0.0,5.989726
2019-03-25,11,0,reserve,system,3874.397,0.0,0.0,3874.397,0.0,3.163415
2019-03-25,12,0,reserve,system,3972.296,0.0,8.305048,3972.296,0.0,6.176183
2019-03-25,13,0,reserve,system,4065.523,0.0,0.0,4065.523,0.0,3.783423
2019-03-25,14,0,reserve,system,4149.23,0.0,34.464863,4149.23,0.0,4.875863
2019-03-25,15,0,reserve,system,4232.308,0.0,6.552055,4232.308,0.0,9.157466
2019-03-25,16,0,reserve,system,4246.613,0.0,5.631774,4246.613,0.0,6.84584
2019-03-25,17,0,reserve,system,4196.877,0.0,0.0,4196.877,0.0,8.777996
2019-03-25,18,0,reserve,system,4115.199,0.0,0.0,4115.199,0.0,0.0
2019-03-25,19,0,reserve,system,4138.525,0.0,0.0,4138.525,0.0,17.918587
2019-03-25,20,0,reserve,system,3959.711,0.0,0.0,3959.711,0.0,6.557397
2019-03-25,21,0,reserve,system,3663.856,0.0,0.0,3663.856,0.0,7.079037
2019-03-25,22,0,reserve,system,3332.664,0.0,0.0,3332.664,0.0,5.950997
2019-03-25,23,0,reserve,system,3106.173,0.0,0.0,3106.173,0.0,2.775442
2019-03-26,0,0,reserve,system,2956.136,0.0,0.0,2956.136,0.0,6.692973
2019-03-26,1,0,reserve,system,2867.217,0.0,0.0,2867.217,0.0,0.0
2019-03-26,2,0,reserve,system,2837.725,0.0,0.0,2837.725,0.0,2.365602
2019-03-26,3,0,reserve,system,2884.307,0.0,0.0,2884.307,0.0,4.192036
2019-03-26,4,0,reserve,system,3058.559,0.0,0.0,3058.559,0.0,0.0
2019-03-26,5,0,reserve,system,3385.49,0.0,28.314698,3385.49,0.0,9.871864
2019-03-26,6,0,reserve,system,3524.338,0.0,0.0,3524.338,0.0,13.541706
2019-03-26,7,0,reserve,system,3507.383,0.0,0.0,3507.383,0.0,0.0
2019-03-26,8,0,reserve,system,3532.787,0.0,0.0,3532.787,0.0,14.495913
2019-03-26,9,0,reserve,system,3563.998,0.0,0.0,3563.998,0.0,6.306828
2019-03-26,10,0,reserve,system,3608.384,0.0,0.0,3608.384,0.0,7.02537
2019-03-26,11,0,reserve,system,3639.031,0.0,0.0,3639.031,0.0,0.534899
2019-03-26,12,0,reserve,system,3697.149,0.0,0.0,3697.149,0.0,2.175094
2019-03-26,13,0,reserve,system,3764.198,0.0,0.0,3764.198,0.0,1.571225
2019-03-26,14,0,reserve,system,3831.973,0.0,0.0,3831.973,0.0,5.015571
2019-03-26,15,0,reserve,system,3917.113,0.0,18.238998,3917.113,0.0,5.015571
2019-03-26,16,0,reserve,system,3948.221,0.0,7.187502,3948.221,0.0,10.46747
2019-03-26,17,0,reserve,system,3906.212,0.0,0.0,3906.212,0.0,6.738847
2019-03-26,18,0,reserve,system,3867.565,0.0,0.0,3867.565,0.0,0.0
2019-03-26,19,0,reserve,system,3933.62,0.0,22.2529,3933.62,0.0,17.651392
2019-03-26,20,0,reserve,system,3782.96,0.0,0.0,3782.96,0.0,6.18295
2019-03-26,21,0,reserve,system,3519.636,0.0,0.0,3519.636,0.0,3.527071
2019-03-26,22,0,reserve,system,3263.115,0.0,0.0,3263.115,0.0,4.187561
2019-03-26,23,0,reserve,system,3054.341,0.0,0.0,3054.341,0.0,2.52231
2019-03-27,0,0,reserve,system,2935.235,0.0,0.0,2935.235,0.0,2.320331
2019-03-27,1,0,reserve,system,2871.488,0.0,0.0,2871.488,0.0,0.0
2019-03-27,2,0,reserve,system,2852.172,0.0,0.0,2852.172,0.0,0.0
2019-03-27,3,0,reserve,system,2906.35,0.0,0.0,2906.35,0.0,3.569562
2019-03-27,4,0,reserve,system,3112.567,0.0,6.676237,3112.567,0.0,3.722311
2019-03-27,5,0,reserve,system,3465.325,0.0,0.0,3465.325,0.0,6.813197
2019-03-27,6,0,reserve,system,3584.574,0.0,0.0,3584.574,0.0,11.278583
2019-03-27,7,0,reserve,system,3558.538,0.0,0.0,3558.538,0.0,11.896957
2019-03-27,8,0,reserve,system,3595.958,0.0,0.0,3595.958,0.0,3.641592
2019-03-27,9,0,reserve,system,3642.873,0.0,0.0,3642.873,0.0,5.860847
2019-03-27,10,0,reserve,system,3666.248,0.0,0.0,3666.248,0.0,0.0
2019-03-27,11,0,reserve,system,3686.267,0.0,0.0,3686.267,0.0,0.0
2019-03-27,12,0,reserve,system,3730.476,0.0,0.0,3730.476,0.0,5.573658
2019-03-27,13,0,reserve,system,3792.038,0.0,0.0,3792.038,0.0,4.139842
2019-03-27,14,0,reserve,system,3848.393,0.0,4.38715,3848.393,0.0,4.697649
2019-03-27,15,0,reserve,system,3913.03,0.0,0.0,3913.03,0.0,4.236573
2019-03-27,16,0,reserve,system,3937.068,0.0,4.590344,3937.068,0.0,11.958995
2019-03-27,17,0,reserve,system,3890.69,0.0,15.860703,3890.69,0.0,0.0
2019-03-27,18,0,reserve,system,3850.169,0.0,0.0,3850.169,0.0,0.0
2019-03-27,19,0,reserve,system,3927.064,0.0,1.326174,3927.064,0.0,18.229426
2019-03-27,20,0,reserve,system,3801.373,0.0,0.0,3801.373,0.0,5.130254
2019-03-27,21,0,reserve,system,3531.406,0.0,0.0,3531.406,0.0,3.795494
2019-03-27,22,0,reserve,system,3250.662,0.0,0.0,3250.662,0.0,2.302073
2019-03-27,23,0,reserve,system,3034.986,0.0,0.0,3034.986,0.0,1.442754
2019-03-28,0,0,reserve,system,2914.028,0.0,50.0,2914.028,0.0,3.688553
2019-03-28,1,0,reserve,system,2850.157,0.0,0.0,2850.157,0.0,0.0
2019-03-28,2,0,reserve,system,2822.121,0.0,0.0,2822.121,0.0,0.0
2019-03-28,3,0,reserve,system,2878.366,0.0,14.841433,2878.366,0.0,2.530697
2019-03-28,4,0,reserve,system,3065.927,0.0,0.0,3065.927,0.0,1.293418
2019-03-28,5,0,reserve,system,3386.37,0.0,0.0,3386.37,0.0,4.979777
2019-03-28,6,0,reserve,system,3542.999,0.0,0.0,3542.999,0.0,3.848624
2019-03-28,7,0,reserve,system,3532.596,0.0,0.0,3532.596,0.0,3.812857
2019-03-28,8,0,reserve,system,3588.945,0.0,15.056409,3588.945,0.0,4.439601
2019-03-28,9,0,reserve,system,3629.419,0.0,3.641202,3629.419,0.0,10.29515
2019-03-28,10,0,reserve,system,3662.652,0.0,0.0,3662.652,0.0,0.0
2019-03-28,11,0,reserve,system,3698.396,0.0,0.0,3698.396,0.0,0.0
2019-03-28,12,0,reserve,system,3768.844,0.0,8.234303,3768.844,0.0,6.839572
2019-03-28,13,0,reserve,system,3819.773,0.0,0.0,3819.773,0.0,2.221441
2019-03-28,14,0,reserve,system,3872.959,0.0,16.378156,3872.959,0.0,4.936868
2019-03-28,15,0,reserve,system,3932.381,0.0,0.0,3932.381,0.0,5.343125
2019-03-28,16,0,reserve,system,3937.823,0.0,0.0,3937.823,0.0,13.709367
2019-03-28,17,0,reserve,system,3877.657,0.0,4.12774,3877.657,0.0,3.740435
2019-03-28,18,0,reserve,system,3859.667,0.0,0.0,3859.667,0.0,0.173193
2019-03-28,19,0,reserve,system,3943.895,0.0,22.871617,3943.895,0.0,17.707484
2019-03-28,20,0,reserve,system,3831.549,0.0,0.0,3831.549,0.0,6.385508
2019-03-28,21,0,reserve,system,3594.785,0.0,0.0,3594.785,0.0,5.228782
2019-03-28,22,0,reserve,system,3308.474,0.0,0.0,3308.474,0.0,1.979129
2019-03-28,23,0,reserve,system,3104.283,0.0,0.0,3104.283,0.0,2.456228
2019-03-29,0,0,reserve,system,2973.703,0.0,0.0,2973.703,0.0,3.253651
2019-03-29,1,0,reserve,system,2894.391,0.0,0.0,2894.391,0.0,0.0
2019-03-29,2,0,reserve,system,2871.177,0.0,0.0,2871.177,0.0,0.0
2019-03-29,3,0,reserve,system,2919.659,0.0,15.170056,2919.659,0.0,2.520547
2019-03-29,4,0,reserve,system,3087.641,0.0,0.0,3087.641,0.0,0.698986
2019-03-29,5,0,reserve,system,3412.523,0.0,0.434823,3412.523,0.0,5.045847
2019-03-29,6,0,reserve,system,3575.498,0.0,0.0,3575.498,0.0,3.997473
2019-03-29,7,0,reserve,system,3582.385,0.0,0.0,3582.385,0.0,9.835321
2019-03-29,8,0,reserve,system,3652.797,0.0,0.0,3652.797,0.0,0.0
2019-03-29,9,0,reserve,system,3734.443,0.0,13.995962,3734.443,0.0,9.695914
2019-03-29,10,0,reserve,system,3780.942,0.0,0.0,3780.942,0.0,0.0
2019-03-29,11,0,reserve,system,3816.32,0.0,0.0,3816.32,0.0,0.275429
2019-03-29,12,0,reserve,system,3878.631,0.0,1.165252,3878.631,0.0,8.280781
2019-03-29,13,0,reserve,system,3926.494,0.0,1.830036,3926.494,0.0,0.690647
2019-03-29,14,0,reserve,system,3950.681,0.0,1.229282,3950.681,0.0,5.015571
2019-03-29,15,0,reserve,system,3976.627,0.0,1.121111,3976.627,0.0,7.187593
2019-03-29,16,0,reserve,system,3967.795,0.0,0.0,3967.795,0.0,6.614396
2019-03-29,17,0,reserve,system,3909.141,0.0,0.0,3909.141,0.0,11.093333
2019-03-29,18,0,reserve,system,3857.453,0.0,0.0,3857.453,0.0,0.0
2019-03-29,19,0,reserve,system,3888.22,0.0,0.458007,3888.22,0.0,17.853078
2019-03-29,20,0,reserve,system,3788.937,0.0,0.0,3788.937,0.0,7.743314
2019-03-29,21,0,reserve,system,3625.112,0.0,0.0,3625.112,0.0,5.540245
2019-03-29,22,0,reserve,system,3404.843,0.0,0.0,3404.843,0.0,3.148889
2019-03-29,23,0,reserve,system,3190.264,0.0,0.0,3190.264,0.0,1.911346
2019-03-30,0,0,reserve,system,3033.003,0.0,0.0,3033.003,0.0,3.09204
2019-03-30,1,0,reserve,system,2932.499,0.0,0.0,2932.499,0.0,0.0
2019-03-30,2,0,reserve,system,2889.427,0.0,0.0,2889.427,0.0,0.0
2019-03-30,3,0,reserve,system,2883.343,0.0,0.0,2883.343,0.0,2.991994
2019-03-30,4,0,reserve,system,2927.023,0.0,0.0,2927.023,0.0,0.0
2019-03-30,5,0,reserve,system,3050.366,0.0,0.0,3050.366,0.0,12.176022
2019-03-30,6,0,reserve,system,3172.793,0.0,0.0,3172.793,0.0,0.0
2019-03-30,7,0,reserve,system,3321.88,0.0,0.0,3321.88,0.0,0.0
2019-03-30,8,0,reserve,system,3498.033,0.0,0.145247,3498.033,0.0,9.071719
2019-03-30,9,0,reserve,system,3631.732,0.0,0.0,3631.732,0.0,4.539771
2019-03-30,10,0,reserve,system,3707.445,0.0,0.0,3707.445,0.0,15.986394
2019-03-30,11,0,reserve,system,3720.108,0.0,0.0,3720.108,0.0,9.608933
2019-03-30,12,0,reserve,system,3707.46,0.0,0.0,3707.46,0.0,0.0
2019-03-30,13,0,reserve,system,3696.559,0.0,0.0,3696.559,0.0,9.613114
2019-03-30,14,0,reserve,system,3665.21,0.0,0.0,3665.21,0.0,7.832419
2019-03-30,15,0,reserve,system,3608.814,0.0,0.0,3608.814,0.0,0.0
2019-03-30,16,0,reserve,system,3566.376,0.0,0.0,3566.376,0.0,13.073278
2019-03-30,17,0,reserve,system,3542.468,0.0,0.0,3542.468,0.0,0.0
2019-03-30,18,0,reserve,system,3608.316,0.0,1.110563,3608.316,0.0,0.0
2019-03-30,19,0,reserve,system,3691.272,0.0,0.552745,3691.272,0.0,17.749131
2019-03-30,20,0,reserve,system,3632.213,0.0,0.0,3632.213,0.0,6.029691
2019-03-30,21,0,reserve,system,3508.57,0.0,0.0,3508.57,0.0,0.0
2019-03-30,22,0,reserve,system,3354.314,0.0,4.351739,3354.314,0.0,6.171321
2019-03-30,23,0,reserve,system,3224.635,0.0,0.0,3224.635,0.0,4.439916
2019-03-31,0,0,reserve,system,3131.172,0.0,0.0,3131.172,0.0,0.0
2019-03-31,1,0,reserve,system,3090.271,0.0,31.179723,3090.271,0.0,9.266314
2019-03-31,2,0,reserve,system,3083.271,0.0,0.0,3083.271,0.0,5.097967
2019-03-31,3,0,reserve,system,3120.995,0.0,0.0,3120.995,0.0,0.0
2019-03-31,4,0,reserve,system,3193.391,0.0,0.0,3193.391,0.0,0.0
2019-03-31,5,0,reserve,system,3336.949,0.0,0.0,3336.949,0.0,5.58341
2019-03-31,6,0,reserve,system,3524.221,0.0,0.0,3524.221,0.0,4.9259
2019-03-31,7,0,reserve,system,3711.685,0.0,0.0,3711.685,0.0,7.140892
2019-03-31,8,0,reserve,system,3857.206,0.0,10.799447,3857.206,0.0,16.179794
2019-03-31,9,0,reserve,system,3904.553,0.0,0.0,3904.553,0.0,6.98753
2019-03-31,10,0,reserve,system,3878.907,0.0,0.0,3878.907,0.0,5.030352
2019-03-31,11,0,reserve,system,3807.95,0.0,0.0,3807.95,0.0,5.178465
2019-03-31,12,0,reserve,system,3701.026,0.0,4.350912,3701.026,0.0,4.121325
2019-03-31,13,0,reserve,system,3611.964,0.0,0.0,3611.964,0.0,4.165579
2019-03-31,14,0,reserve,system,3532.952,0.0,0.0,3532.952,0.0,2.839985
2019-03-31,15,0,reserve,system,3499.637,0.0,0.0,3499.637,0.0,1.665614
2019-03-31,16,0,reserve,system,3507.67,0.0,0.0,3507.67,0.0,0.0
2019-03-31,17,0,reserve,system,3547.933,0.0,0.0,3547.933,0.0,7.551826
2019-03-31,18,0,reserve,system,3659.194,0.0,0.0,3659.194,0.0,0.0
2019-03-31,19,0,reserve,system,3883.105,0.0,0.0,3883.105,0.0,9.681595
2019-03-31,20,0,reserve,system,3874.623,0.0,0.0,3874.623,0.0,5.230628
2019-03-31,21,0,reserve,system,3714.251,0.0,37.793144,3714.251,0.0,7.08439
2019-03-31,22,0,reserve,system,3523.109,0.0,0.0,3523.109,0.0,15.497256
2019-03-31,23,0,reserve,system,3393.351,0.0,0.0,3393.351,0.0,9.435393
2019-04-01,0,0,reserve,system,3350.747,0.0,0.0,3350.747,0.0,41.201295
2019-04-01,1,0,reserve,system,3352.883,0.0,0.0,3352.883,0.0,0.342839
2019-04-01,2,0,reserve,system,3389.589,0.0,0.0,3389.589,0.0,0.0
2019-04-01,3,0,reserve,system,3501.758,0.0,0.0,3501.758,0.0,8.967909
2019-04-01,4,0,reserve,system,3763.074,0.0,0.0,3763.074,0.0,5.562615
2019-04-01,5,0,reserve,system,4181.87,0.0,0.0,4181.87,0.0,8.75129
2019-04-01,6,0,reserve,system,4348.2,0.0,0.0,4348.2,0.0,19.140601
2019-04-01,7,0,reserve,system,4286.16,0.0,0.0,4286.16,0.0,8.165344
2019-04-01,8,0,reserve,system,4235.496,0.0,0.0,4235.496,0.0,9.346911
2019-04-01,9,0,reserve,system,4188.917,0.0,0.0,4188.917,0.0,10.90807
2019-04-01,10,0,reserve,system,4104.293,0.0,0.0,4104.293,0.0,7.363358
2019-04-01,11,0,reserve,system,3977.14,0.0,0.0,3977.14,0.0,5.13317
2019-04-01,12,0,reserve,system,3863.151,0.0,0.0,3863.151,0.0,9.892724
2019-04-01,13,0,reserve,system,3760.57,0.0,0.0,3760.57,0.0,0.0
2019-04-01,14,0,reserve,system,3684.686,0.0,0.0,3684.686,0.0,0.0
2019-04-01,15,0,reserve,system,3665.53,0.0,22.8244,3665.53,0.0,13.3988
2019-04-01,16,0,reserve,system,3672.477,0.0,10.815671,3672.477,0.0,0.0
2019-04-01,17,0,reserve,system,3673.624,0.0,12.078513,3673.624,0.0,9.945798
2019-04-01,18,0,reserve,system,3757.494,0.0,0.0,3757.494,0.0,4.898722
2019-04-01,19,0,reserve,system,3934.914,0.0,8.384399,3934.914,0.0,11.742008
2019-04-01,20,0,reserve,system,3877.601,0.0,0.0,3877.601,0.0,21.242773
2019-04-01,21,0,reserve,system,3677.705,0.0,0.0,3677.705,0.0,5.420892
2019-04-01,22,0,reserve,system,3472.452,0.0,0.0,3472.452,0.0,9.232794
2019-04-01,23,0,reserve,system,3367.108,0.0,0.0,3367.108,0.0,0.0
2019-04-02,0,0,reserve,system,3337.276,0.0,0.0,3337.276,0.0,13.366388
2019-04-02,1,0,reserve,system,3347.498,0.0,0.0,3347.498,0.0,0.0
2019-04-02,2,0,reserve,system,3393.442,0.0,0.0,3393.442,0.0,0.0
2019-04-02,3,0,reserve,system,3520.983,0.0,0.0,3520.983,0.0,4.706405
2019-04-02,4,0,reserve,system,3812.961,0.0,0.0,3812.961,0.0,7.49467
2019-04-02,5,0,reserve,system,4274.164,0.0,22.16989,4274.164,0.0,6.464578
2019-04-02,6,0,reserve,system,4426.059,0.0,17.499336,4426.059,0.0,20.825838
2019-04-02,7,0,reserve,system,4271.311,0.0,0.0,4271.311,0.0,8.67567
2019-04-02,8,0,reserve,system,4091.372,0.0,0.0,4091.372,0.0,6.760464
2019-04-02,9,0,reserve,system,3935.463,0.0,0.0,3935.463,0.0,7.120026
2019-04-02,10,0,reserve,system,3792.954,0.0,0.0,3792.954,0.0,5.062695
2019-04-02,11,0,reserve,system,3684.288,0.0,0.0,3684.288,0.0,5.702046
2019-04-02,12,0,reserve,system,3642.395,0.0,0.0,3642.395,0.0,3.842302
2019-04-02,13,0,reserve,system,3608.593,0.0,0.0,3608.593,0.0,5.687305
2019-04-02,14,0,reserve,system,3588.897,0.0,0.0,3588.897,0.0,0.0
2019-04-02,15,0,reserve,system,3612.859,0.0,15.673613,3612.859,0.0,7.624255
2019-04-02,16,0,reserve,system,3623.891,0.0,0.0,3623.891,0.0,0.0
2019-04-02,17,0,reserve,system,3612.202,0.0,0.0,3612.202,0.0,3.758231
2019-04-02,18,0,reserve,system,3658.569,0.0,0.0,3658.569,0.0,0.0
2019-04-02,19,0,reserve,system,3794.549,0.0,22.908124,3794.549,0.0,17.783012
2019-04-02,20,0,reserve,system,3699.784,0.0,0.0,3699.784,0.0,5.316999
2019-04-02,21,0,reserve,system,3463.831,0.0,0.0,3463.831,0.0,5.92841
2019-04-02,22,0,reserve,system,3212.117,0.0,0.0,3212.117,0.0,0.0
2019-04-02,23,0,reserve,system,3044.529,0.0,0.0,3044.529,0.0,0.0
2019-04-03,0,0,reserve,system,2965.613,0.0,0.0,2965.613,0.0,0.0
2019-04-03,1,0,reserve,system,2935.688,0.0,9.801349,2935.688,0.0,2.905344
2019-04-03,2,0,reserve,system,2945.881,0.0,0.0,2945.881,0.0,0.398738
2019-04-03,3,0,reserve,system,3027.155,0.0,0.0,3027.155,0.0,1.354521
2019-04-03,4,0,reserve,system,3252.022,0.0,2.562655,3252.022,0.0,3.342857
2019-04-03,5,0,reserve,system,3628.503,0.0,0.0,3628.503,0.0,3.847954
2019-04-03,6,0,reserve,system,3783.027,0.0,0.0,3783.027,0.0,13.137144
2019-04-03,7,0,reserve,system,3735.995,0.0,15.48877,3735.995,0.0,8.345114
2019-04-03,8,0,reserve,system,3713.401,0.0,0.0,3713.401,0.0,5.180924
2019-04-03,9,0,reserve,system,3718.17,0.0,0.0,3718.17,0.0,5.015571
2019-04-03,10,0,reserve,system,3710.706,0.0,0.0,3710.706,0.0,3.276317
2019-04-03,11,0,reserve,system,3687.101,0.0,0.511969,3687.101,0.0,4.695224
2019-04-03,12,0,reserve,system,3676.434,0.0,0.0,3676.434,0.0,4.293075
2019-04-03,13,0,reserve,system,3671.044,0.0,0.0,3671.044,0.0,5.488537
2019-04-03,14,0,reserve,system,3666.792,0.0,0.0,3666.792,0.0,0.0
2019-04-03,15,0,reserve,system,3690.141,0.0,0.0,3690.141,0.0,0.0
2019-04-03,16,0,reserve,system,3708.277,0.0,4.340685,3708.277,0.0,5.903793
2019-04-03,17,0,reserve,system,3726.028,0.0,2.826806,3726.028,0.0,6.032471
2019-04-03,18,0,reserve,system,3779.911,0.0,2.277544,3779.911,0.0,0.0
2019-04-03,19,0,reserve,system,3856.302,0.0,0.0,3856.302,0.0,18.185852
2019-04-03,20,0,reserve,system,3747.391,0.0,0.0,3747.391,0.0,4.663949
2019-04-03,21,0,reserve,system,3509.878,0.0,0.0,3509.878,0.0,4.820563
2019-04-03,22,0,reserve,system,3263.709,0.0,0.0,3263.709,0.0,1.235614
2019-04-03,23,0,reserve,system,3076.638,0.0,0.0,3076.638,0.0,2.076551
2019-04-04,0,0,reserve,system,2968.158,0.0,0.0,2968.158,0.0,1.270446
2019-04-04,1,0,reserve,system,2898.668,0.0,0.0,2898.668,0.0,1.770744
2019-04-04,2,0,reserve,system,2876.168,0.0,0.0,2876.168,0.0,0.0
2019-04-04,3,0,reserve,system,2923.566,0.0,0.0,2923.566,0.0,1.713171
2019-04-04,4,0,reserve,system,3121.034,0.0,0.0,3121.034,0.0,2.300052
2019-04-04,5,0,reserve,system,3464.397,0.0,0.0,3464.397,0.0,4.330768
2019-04-04,6,0,reserve,system,3628.035,0.0,13.29604,3628.035,0.0,6.45596
2019-04-04,7,0,reserve,system,3632.817,0.0,0.0,3632.817,0.0,5.382556
2019-04-04,8,0,reserve,system,3697.448,0.0,0.0,3697.448,0.0,9.364146
2019-04-04,9,0,reserve,system,3774.86,0.0,7.521124,3774.86,0.0,14.024541
2019-04-04,10,0,reserve,system,3850.331,0.0,0.0,3850.331,0.0,0.0
2019-04-04,11,0,reserve,system,3927.353,0.0,0.0,3927.353,0.0,6.817233
2019-04-04,12,0,reserve,system,4034.96,0.0,16.181066,4034.96,0.0,8.08783
2019-04-04,13,0,reserve,system,4142.842,0.0,0.0,4142.842,0.0,0.0
2019-04-04,14,0,reserve,system,4252.229,0.0,4.083991,4252.229,0.0,8.030103
2019-04-04,15,0,reserve,system,4377.829,0.0,8.393852,4377.829,0.0,6.357057
2019-04-04,16,0,reserve,system,4429.669,0.0,3.451507,4429.669,0.0,7.774593
2019-04-04,17,0,reserve,system,4393.682,0.0,0.0,4393.682,0.0,10.254378
2019-04-04,18,0,reserve,system,4326.519,0.0,0.0,4326.519,0.0,9.459816
2019-04-04,19,0,reserve,system,4350.235,0.0,0.0,4350.235,0.0,19.33388
2019-04-04,20,0,reserve,system,4172.866,0.0,0.0,4172.866,0.0,9.16686
2019-04-04,21,0,reserve,system,3859.107,0.0,0.0,3859.107,0.0,9.81111
2019-04-04,22,0,reserve,system,3528.579,0.0,0.0,3528.579,0.0,5.92482
2019-04-04,23,0,reserve,system,3271.869,0.0,0.0,3271.869,0.0,9.126521
2019-04-05,0,0,reserve,system,3114.571,0.0,0.0,3114.571,0.0,11.536557
2019-04-05,1,0,reserve,system,3006.238,0.0,0.0,3006.238,0.0,0.0
2019-04-05,2,0,reserve,system,2973.534,0.0,0.0,2973.534,0.0,10.014838
2019-04-05,3,0,reserve,system,3010.881,0.0,0.0,3010.881,0.0,0.0
2019-04-05,4,0,reserve,system,3183.378,0.0,0.0,3183.378,0.0,0.0
2019-04-05,5,0,reserve,system,3502.574,0.0,0.0,3502.574,0.0,9.534502
2019-04-05,6,0,reserve,system,3630.308,0.0,28.485401,3630.308,0.0,10.443897
2019-04-05,7,0,reserve,system,3646.311,0.0,0.0,3646.311,0.0,0.0
2019-04-05,8,0,reserve,system,3710.669,0.0,0.0,3710.669,0.0,22.257652
2019-04-05,9,0,reserve,system,3786.198,0.0,0.0,3786.198,0.0,6.921363
2019-04-05,10,0,reserve,system,3869.595,0.0,37.798202,3869.595,0.0,8.779129
2019-04-05,11,0,reserve,system,3946.482,0.0,0.0,3946.482,0.0,5.026393
2019-04-05,12,0,reserve,system,4050.351,0.0,13.97285,4050.351,0.0,9.758502
2019-04-05,13,0,reserve,system,4144.461,0.0,0.0,4144.461,0.0,0.124678
2019-04-05,14,0,reserve,system,4250.894,0.0,0.0,4250.894,0.0,5.239729
2019-04-05,15,0,reserve,system,4338.603,0.0,13.368043,4338.603,0.0,11.646529
2019-04-05,16,0,reserve,system,4327.458,0.0,0.798531,4327.458,0.0,4.13684
2019-04-05,17,0,reserve,system,4222.083,0.0,0.0,4222.083,0.0,6.118713
2019-04-05,18,0,reserve,system,4111.664,0.0,0.0,4111.664,0.0,0.0
2019-04-05,19,0,reserve,system,4115.865,0.0,17.338867,4115.865,0.0,18.001107
2019-04-05,20,0,reserve,system,4003.238,0.0,0.0,4003.238,0.0,6.827053
2019-04-05,21,0,reserve,system,3807.347,0.0,0.0,3807.347,0.0,5.598315
2019-04-05,22,0,reserve,system,3570.081,0.0,1.888566,3570.081,0.0,3.662928
2019-04-05,23,0,reserve,system,3349.782,0.0,0.0,3349.782,0.0,4.21123
2019-04-06,0,0,reserve,system,3186.16,0.0,0.0,3186.16,0.0,6.335943
2019-04-06,1,0,reserve,system,3073.557,0.0,13.110164,3073.557,0.0,3.684923
2019-04-06,2,0,reserve,system,2998.864,0.0,0.0,2998.864,0.0,1.804291
2019-04-06,3,0,reserve,system,2972.875,0.0,0.0,2972.875,0.0,0.0
2019-04-06,4,0,reserve,system,3016.807,0.0,0.0,3016.807,0.0,0.0
2019-04-06,5,0,reserve,system,3126.104,0.0,0.0,3126.104,0.0,5.382404
2019-04-06,6,0,reserve,system,3247.028,0.0,0.0,3247.028,0.0,4.69696
2019-04-06,7,0,reserve,system,3405.727,0.0,0.0,3405.727,0.0,7.510238
2019-04-06,8,0,reserve,system,3560.535,0.0,0.0,3560.535,0.0,6.225332
2019-04-06,9,0,reserve,system,3696.736,0.0,0.0,3696.736,0.0,17.852248
2019-04-06,10,0,reserve,system,3753.06,0.0,0.0,3753.06,0.0,0.0
2019-04-06,11,0,reserve,system,3790.916,0.0,0.0,3790.916,0.0,10.093483
2019-04-06,12,0,reserve,system,3821.097,0.0,0.0,3821.097,0.0,7.962292
2019-04-06,13,0,reserve,system,3878.183,0.0,0.0,3878.183,0.0,0.0
2019-04-06,14,0,reserve,system,3938.719,0.0,19.20492,3938.719,0.0,2.0078
2019-04-06,15,0,reserve,system,3981.089,0.0,0.0,3981.089,0.0,8.752818
2019-04-06,16,0,reserve,system,3980.667,0.0,0.0,3980.667,0.0,6.755156
2019-04-06,17,0,reserve,system,3926.488,0.0,0.0,3926.488,0.0,9.490561
2019-04-06,18,0,reserve,system,3873.346,0.0,0.0,3873.346,0.0,0.0
2019-04-06,19,0,reserve,system,3908.68,0.0,0.0,3908.68,0.0,14.211353
2019-04-06,20,0,reserve,system,3816.558,0.0,0.0,3816.558,0.0,9.812181
2019-04-06,21,0,reserve,system,3671.75,0.0,0.0,3671.75,0.0,7.240768
2019-04-06,22,0,reserve,system,3481.562,0.0,0.0,3481.562,0.0,5.246579
2019-04-06,23,0,reserve,system,3284.946,0.0,0.0,3284.946,0.0,5.224298
2019-04-07,0,0,reserve,system,3141.677,0.0,0.0,3141.677,0.0,8.150461
2019-04-07,1,0,reserve,system,3031.797,0.0,0.0,3031.797,0.0,0.0
2019-04-07,2,0,reserve,system,2973.914,0.0,0.0,2973.914,0.0,0.0
2019-04-07,3,0,reserve,system,2957.332,0.0,0.0,2957.332,0.0,6.624894
2019-04-07,4,0,reserve,system,2973.098,0.0,0.0,2973.098,0.0,0.0
2019-04-07,5,0,reserve,system,3018.975,0.0,0.0,3018.975,0.0,7.493382
2019-04-07,6,0,reserve,system,3069.306,0.0,30.570193,3069.306,0.0,9.423009
2019-04-07,7,0,reserve,system,3203.447,0.0,0.0,3203.447,0.0,0.0
2019-04-07,8,0,reserve,system,3349.296,0.0,0.0,3349.296,0.0,10.857045
2019-04-07,9,0,reserve,system,3461.115,0.0,0.0,3461.115,0.0,15.614839
2019-04-07,10,0,reserve,system,3534.436,0.0,0.0,3534.436,0.0,0.0
2019-04-07,11,0,reserve,system,3568.832,0.0,0.0,3568.832,0.0,9.832793
2019-04-07,12,0,reserve,system,3558.705,0.0,0.0,3558.705,0.0,9.691195
2019-04-07,13,0,reserve,system,3555.166,0.0,0.0,3555.166,0.0,0.0
2019-04-07,14,0,reserve,system,3587.813,0.0,0.0,3587.813,0.0,6.810057
2019-04-07,15,0,reserve,system,3629.275,0.0,0.0,3629.275,0.0,0.0
2019-04-07,16,0,reserve,system,3685.215,0.0,0.0,3685.215,0.0,8.989548
2019-04-07,17,0,reserve,system,3704.334,0.0,0.0,3704.334,0.0,5.307193
2019-04-07,18,0,reserve,system,3726.622,0.0,0.0,3726.622,0.0,7.046652
2019-04-07,19,0,reserve,system,3791.343,0.0,0.0,3791.343,0.0,6.491969
2019-04-07,20,0,reserve,system,3683.12,0.0,0.0,3683.12,0.0,21.3173
2019-04-07,21,0,reserve,system,3444.398,0.0,0.0,3444.398,0.0,10.502783
2019-04-07,22,0,reserve,system,3164.828,0.0,0.0,3164.828,0.0,0.0
2019-04-07,23,0,reserve,system,2967.598,0.0,0.0,2967.598,0.0,0.0
2019-04-08,0,0,reserve,system,2836.721,0.0,0.0,2836.721,0.0,11.179375
2019-04-08,1,0,reserve,system,2776.989,0.0,0.0,2776.989,0.0,0.0
2019-04-08,2,0,reserve,system,2761.203,0.0,0.0,2761.203,0.0,0.0
2019-04-08,3,0,reserve,system,2823.033,0.0,0.0,2823.033,0.0,8.252218
2019-04-08,4,0,reserve,system,3020.005,0.0,0.0,3020.005,0.0,4.679265
2019-04-08,5,0,reserve,system,3357.467,0.0,0.0,3357.467,0.0,7.6683
2019-04-08,6,0,reserve,system,3499.846,0.0,0.0,3499.846,0.0,12.2524
2019-04-08,7,0,reserve,system,3529.417,0.0,0.0,3529.417,0.0,0.0
2019-04-08,8,0,reserve,system,3610.679,0.0,24.674216,3610.679,0.0,17.009096
2019-04-08,9,0,reserve,system,3717.327,0.0,0.0,3717.327,0.0,12.99739
2019-04-08,10,0,reserve,system,3821.745,0.0,0.0,3821.745,0.0,1.790727
2019-04-08,11,0,reserve,system,3937.27,0.0,0.0,3937.27,0.0,0.0
2019-04-08,12,0,reserve,system,4092.8,0.0,0.0,4092.8,0.0,7.68775
2019-04-08,13,0,reserve,system,4239.675,0.0,0.0,4239.675,0.0,5.574299
2019-04-08,14,0,reserve,system,4374.85,0.0,0.0,4374.85,0.0,8.557415
2019-04-08,15,0,reserve,system,4507.247,0.0,0.0,4507.247,0.0,9.187521
2019-04-08,16,0,reserve,system,4567.923,0.0,0.0,4567.923,0.0,9.942305
2019-04-08,17,0,reserve,system,4549.153,0.0,0.0,4549.153,0.0,9.589201
2019-04-08,18,0,reserve,system,4445.201,0.0,0.0,4445.201,0.0,6.104503
2019-04-08,19,0,reserve,system,4407.058,0.0,0.0,4407.058,0.0,20.45713
2019-04-08,20,0,reserve,system,4176.344,0.0,0.0,4176.344,0.0,8.939044
2019-04-08,21,0,reserve,system,3806.981,0.0,0.0,3806.981,0.0,10.217226
2019-04-08,22,0,reserve,system,3460.556,0.0,0.0,3460.556,0.0,5.323828
2019-04-08,23,0,reserve,system,3188.717,0.0,0.0,3188.717,0.0,9.428288
2019-04-09,0,0,reserve,system,3023.779,0.0,0.0,3023.779,0.0,9.663161
2019-04-09,1,0,reserve,system,2925.453,0.0,0.0,2925.453,0.0,0.0
2019-04-09,2,0,reserve,system,2883.766,0.0,0.0,2883.766,0.0,0.0
2019-04-09,3,0,reserve,system,2907.191,0.0,0.0,2907.191,0.0,3.501026
2019-04-09,4,0,reserve,system,3081.728,0.0,0.0,3081.728,0.0,3.456616
2019-04-09,5,0,reserve,system,3397.571,0.0,0.0,3397.571,0.0,7.992523
2019-04-09,6,0,reserve,system,3508.419,0.0,0.0,3508.419,0.0,5.852878
2019-04-09,7,0,reserve,system,3554.886,0.0,0.0,3554.886,0.0,6.610026
2019-04-09,8,0,reserve,system,3686.111,0.0,15.367464,3686.111,0.0,6.555526
2019-04-09,9,0,reserve,system,3847.743,0.0,0.0,3847.743,0.0,9.989736
2019-04-09,10,0,reserve,system,4037.022,0.0,0.0,4037.022,0.0,3.39359
2019-04-09,11,0,reserve,system,4233.668,0.0,0.0,4233.668,0.0,3.195245
2019-04-09,12,0,reserve,system,4469.656,0.0,18.650911,4469.656,0.0,7.099266
2019-04-09,13,0,reserve,system,4682.414,0.0,22.932066,4682.414,0.0,6.832328
2019-04-09,14,0,reserve,system,4870.451,0.0,0.0,4870.451,0.0,7.403835
2019-04-09,15,0,reserve,system,5023.426,0.0,9.939814,5023.426,0.0,8.465819
2019-04-09,16,0,reserve,system,5074.029,0.0,11.627519,5074.029,0.0,17.154567
2019-04-09,17,0,reserve,system,4988.194,0.0,0.0,4988.194,0.0,10.436877
2019-04-09,18,0,reserve,system,4787.443,0.0,0.0,4787.443,0.0,0.0
2019-04-09,19,0,reserve,system,4703.74,0.0,28.804848,4703.74,0.0,27.175547
2019-04-09,20,0,reserve,system,4466.232,0.0,0.0,4466.232,0.0,8.462538
2019-04-09,21,0,reserve,system,4095.774,0.0,0.0,4095.774,0.0,7.898597
2019-04-09,22,0,reserve,system,3699.834,0.0,0.0,3699.834,0.0,3.4358
2019-04-09,23,0,reserve,system,3408.035,0.0,0.0,3408.035,0.0,6.041649
2019-04-10,0,0,reserve,system,3223.435,0.0,0.0,3223.435,0.0,1.877583
2019-04-10,1,0,reserve,system,3106.95,0.0,0.0,3106.95,0.0,1.825116
2019-04-10,2,0,reserve,system,3048.043,0.0,0.0,3048.043,0.0,0.0
2019-04-10,3,0,reserve,system,3064.884,0.0,0.0,3064.884,0.0,0.0
2019-04-10,4,0,reserve,system,3234.895,0.0,0.0,3234.895,0.0,2.336914
2019-04-10,5,0,reserve,system,3548.133,0.0,0.965319,3548.133,0.0,5.066621
2019-04-10,6,0,reserve,system,3645.186,0.0,0.0,3645.186,0.0,3.25542
2019-04-10,7,0,reserve,system,3702.55,0.0,13.497439,3702.55,0.0,4.238811
2019-04-10,8,0,reserve,system,3846.861,0.0,0.0,3846.861,0.0,7.707743
2019-04-10,9,0,reserve,system,4029.746,0.0,42.119394,4029.746,0.0,6.052571
2019-04-10,10,0,reserve,system,4237.849,0.0,8.158382,4237.849,0.0,5.949195
2019-04-10,11,0,reserve,system,4450.557,0.0,19.956928,4450.557,0.0,7.088407
2019-04-10,12,0,reserve,system,4676.639,0.0,7.883907,4676.639,0.0,6.770289
2019-04-10,13,0,reserve,system,4860.416,0.0,8.151225,4860.416,0.0,7.014564
2019-04-10,14,0,reserve,system,5025.733,0.0,0.0,5025.733,0.0,6.989247
2019-04-10,15,0,reserve,system,5160.996,0.0,0.0,5160.996,0.0,8.559215
2019-04-10,16,0,reserve,system,5163.552,0.0,0.0,5163.552,0.0,23.120087
2019-04-10,17,0,reserve,system,5046.861,0.0,0.0,5046.861,0.0,11.938881
2019-04-10,18,0,reserve,system,4826.248,0.0,0.0,4826.248,0.0,0.0
2019-04-10,19,0,reserve,system,4769.621,0.0,0.0,4769.621,0.0,14.445964
2019-04-10,20,0,reserve,system,4562.63,0.0,0.0,4562.63,0.0,6.729725
2019-04-10,21,0,reserve,system,4188.043,0.0,0.0,4188.043,0.0,7.926421
2019-04-10,22,0,reserve,system,3791.121,0.0,0.0,3791.121,0.0,3.057658
2019-04-10,23,0,reserve,system,3486.442,0.0,0.064654,3486.442,0.0,5.007356
2019-04-11,0,0,reserve,system,3288.003,0.0,0.0,3288.003,0.0,4.673829
2019-04-11,1,0,reserve,system,3162.301,0.0,0.0,3162.301,0.0,0.0
2019-04-11,2,0,reserve,system,3096.546,0.0,0.0,3096.546,0.0,0.0
2019-04-11,3,0,reserve,system,3110.393,0.0,0.0,3110.393,0.0,1.879268
2019-04-11,4,0,reserve,system,3269.273,0.0,15.036807,3269.273,0.0,3.18756
2019-04-11,5,0,reserve,system,3573.671,0.0,14.094346,3573.671,0.0,5.495493
2019-04-11,6,0,reserve,system,3658.506,0.0,7.281726,3658.506,0.0,5.790461
2019-04-11,7,0,reserve,system,3694.703,0.0,7.174081,3694.703,0.0,10.421962
2019-04-11,8,0,reserve,system,3803.813,0.0,0.0,3803.813,0.0,0.0
2019-04-11,9,0,reserve,system,3909.973,0.0,3.524125,3909.973,0.0,11.100285
2019-04-11,10,0,reserve,system,3972.015,0.0,0.0,3972.015,0.0,0.0
2019-04-11,11,0,reserve,system,4012.678,0.0,2.924322,4012.678,0.0,13.103691
2019-04-11,12,0,reserve,system,4049.151,0.0,0.0,4049.151,0.0,12.505766
2019-04-11,13,0,reserve,system,4067.247,0.0,0.0,4067.247,0.0,0.0
2019-04-11,14,0,reserve,system,4119.17,0.0,0.0,4119.17,0.0,0.0
2019-04-11,15,0,reserve,system,4188.501,0.0,0.0,4188.501,0.0,9.692756
2019-04-11,16,0,reserve,system,4195.05,0.0,0.0,4195.05,0.0,4.614696
2019-04-11,17,0,reserve,system,4125.278,0.0,50.0,4125.278,0.0,11.114235
2019-04-11,18,0,reserve,system,4051.829,0.0,0.0,4051.829,0.0,0.0
2019-04-11,19,0,reserve,system,4098.185,0.0,18.934549,4098.185,0.0,9.874457
2019-04-11,20,0,reserve,system,3970.955,0.0,0.0,3970.955,0.0,19.741107
2019-04-11,21,0,reserve,system,3676.193,0.0,0.0,3676.193,0.0,9.703826
2019-04-11,22,0,reserve,system,3361.387,0.0,0.0,3361.387,0.0,0.0
2019-04-11,23,0,reserve,system,3135.12,0.0,0.0,3135.12,0.0,0.0
2019-04-12,0,0,reserve,system,2994.104,0.0,0.0,2994.104,0.0,10.325958
2019-04-12,1,0,reserve,system,2912.478,0.0,0.0,2912.478,0.0,0.0
2019-04-12,2,0,reserve,system,2887.846,0.0,0.0,2887.846,0.0,0.0
2019-04-12,3,0,reserve,system,2935.816,0.0,0.0,2935.816,0.0,5.741677
2019-04-12,4,0,reserve,system,3124.247,0.0,0.0,3124.247,0.0,1.135004
2019-04-12,5,0,reserve,system,3477.64,0.0,0.0,3477.64,0.0,9.262986
2019-04-12,6,0,reserve,system,3614.506,0.0,37.788085,3614.506,0.0,14.672611
2019-04-12,7,0,reserve,system,3616.286,0.0,0.0,3616.286,0.0,6.229371
2019-04-12,8,0,reserve,system,3649.608,0.0,0.0,3649.608,0.0,7.460242
2019-04-12,9,0,reserve,system,3678.484,0.0,0.0,3678.484,0.0,6.083338
2019-04-12,10,0,reserve,system,3699.501,0.0,2.778656,3699.501,0.0,7.603351
2019-04-12,11,0,reserve,system,3713.408,0.0,0.0,3713.408,0.0,2.987701
2019-04-12,12,0,reserve,system,3774.125,0.0,4.133994,3774.125,0.0,5.465247
2019-04-12,13,0,reserve,system,3824.308,0.0,0.0,3824.308,0.0,0.0
2019-04-12,14,0,reserve,system,3890.4,0.0,0.0,3890.4,0.0,0.0
2019-04-12,15,0,reserve,system,3942.471,0.0,6.263929,3942.471,0.0,9.256374
2019-04-12,16,0,reserve,system,3933.911,0.0,6.341939,3933.911,0.0,0.0
2019-04-12,17,0,reserve,system,3889.562,0.0,0.0,3889.562,0.0,11.838674
2019-04-12,18,0,reserve,system,3857.448,0.0,0.0,3857.448,0.0,0.0
2019-04-12,19,0,reserve,system,3920.097,0.0,11.023273,3920.097,0.0,18.302802
2019-04-12,20,0,reserve,system,3852.491,0.0,0.0,3852.491,0.0,6.431882
2019-04-12,21,0,reserve,system,3689.899,0.0,0.0,3689.899,0.0,4.803323
2019-04-12,22,0,reserve,system,3472.294,0.0,0.0,3472.294,0.0,4.151308
2019-04-12,23,0,reserve,system,3285.834,0.0,0.0,3285.834,0.0,3.64343
2019-04-13,0,0,reserve,system,3129.503,0.0,0.0,3129.503,0.0,3.30268
2019-04-13,1,0,reserve,system,3035.717,0.0,0.0,3035.717,0.0,0.0
2019-04-13,2,0,reserve,system,2983.978,0.0,0.0,2983.978,0.0,1.046673
2019-04-13,3,0,reserve,system,2970.469,0.0,0.0,2970.469,0.0,0.0
2019-04-13,4,0,reserve,system,3018.982,0.0,0.0,3018.982,0.0,1.891695
2019-04-13,5,0,reserve,system,3127.567,0.0,1.129756,3127.567,0.0,3.056273
2019-04-13,6,0,reserve,system,3263.12,0.0,19.540783,3263.12,0.0,3.318388
2019-04-13,7,0,reserve,system,3445.478,0.0,1.845428,3445.478,0.0,3.69493
2019-04-13,8,0,reserve,system,3645.026,0.0,0.71912,3645.026,0.0,6.664877
2019-04-13,9,0,reserve,system,3801.151,0.0,0.0,3801.151,0.0,7.236789
2019-04-13,10,0,reserve,system,3901.217,0.0,0.0,3901.217,0.0,13.591402
2019-04-13,11,0,reserve,system,3948.825,0.0,0.0,3948.825,0.0,9.470426
2019-04-13,12,0,reserve,system,3983.36,0.0,0.0,3983.36,0.0,0.0
2019-04-13,13,0,reserve,system,3989.398,0.0,6.140409,3989.398,0.0,13.53867
2019-04-13,14,0,reserve,system,3892.32,0.0,0.0,3892.32,0.0,0.0
2019-04-13,15,0,reserve,system,3846.206,0.0,0.0,3846.206,0.0,0.0
2019-04-13,16,0,reserve,system,3864.655,0.0,6.107112,3864.655,0.0,12.428706
2019-04-13,17,0,reserve,system,3824.313,0.0,0.0,3824.313,0.0,3.374329
2019-04-13,18,0,reserve,system,3752.411,0.0,0.0,3752.411,0.0,0.0
2019-04-13,19,0,reserve,system,3764.119,0.0,1.926487,3764.119,0.0,18.438989
2019-04-13,20,0,reserve,system,3670.542,0.0,0.0,3670.542,0.0,5.047034
2019-04-13,21,0,reserve,system,3519.387,0.0,0.0,3519.387,0.0,3.869256
2019-04-13,22,0,reserve,system,3351.95,0.0,0.0,3351.95,0.0,5.046555
2019-04-13,23,0,reserve,system,3207.075,0.0,0.0,3207.075,0.0,0.0
2019-04-14,0,0,reserve,system,3112.176,0.0,0.0,3112.176,0.0,0.0
2019-04-14,1,0,reserve,system,3048.97,0.0,2.160376,3048.97,0.0,2.258039
2019-04-14,2,0,reserve,system,3020.098,0.0,0.0,3020.098,0.0,0.509603
2019-04-14,3,0,reserve,system,3021.694,0.0,28.606978,3021.694,0.0,3.111705
2019-04-14,4,0,reserve,system,3075.353,0.0,0.0,3075.353,0.0,3.341868
2019-04-14,5,0,reserve,system,3182.903,0.0,3.291796,3182.903,0.0,5.314874
2019-04-14,6,0,reserve,system,3290.071,0.0,0.0,3290.071,0.0,4.936687
2019-04-14,7,0,reserve,system,3424.625,0.0,0.0,3424.625,0.0,7.278128
2019-04-14,8,0,reserve,system,3492.429,0.0,0.0,3492.429,0.0,15.587226
2019-04-14,9,0,reserve,system,3481.17,0.0,0.0,3481.17,0.0,7.801246
2019-04-14,10,0,reserve,system,3436.115,0.0,0.0,3436.115,0.0,3.583554
2019-04-14,11,0,reserve,system,3398.602,0.0,0.0,3398.602,0.0,6.329279
2019-04-14,12,0,reserve,system,3363.528,0.0,0.0,3363.528,0.0,0.0
2019-04-14,13,0,reserve,system,3359.008,0.0,0.0,3359.008,0.0,0.0
2019-04-14,14,0,reserve,system,3384.694,0.0,0.0,3384.694,0.0,5.469784
2019-04-14,15,0,reserve,system,3448.128,0.0,0.0,3448.128,0.0,3.294882
2019-04-14,16,0,reserve,system,3527.09,0.0,0.0,3527.09,0.0,4.172585
2019-04-14,17,0,reserve,system,3574.768,0.0,0.916522,3574.768,0.0,11.290816
2019-04-14,18,0,reserve,system,3578.803,0.0,0.0,3578.803,0.0,0.0
2019-04-14,19,0,reserve,system,3678.952,0.0,0.0,3678.952,0.0,17.11305
2019-04-14,20,0,reserve,system,3638.865,0.0,0.0,3638.865,0.0,6.875802
2019-04-14,21,0,reserve,system,3436.265,0.0,0.0,3436.265,0.0,5.556538
2019-04-14,22,0,reserve,system,3181.537,0.0,0.0,3181.537,0.0,5.398027
2019-04-14,23,0,reserve,system,2988.699,0.0,0.0,2988.699,0.0,0.0
2019-04-15,0,0,reserve,system,2889.81,0.0,0.0,2889.81,0.0,2.177076
2019-04-15,1,0,reserve,system,2848.882,0.0,9.53472,2848.882,0.0,0.051172
2019-04-15,2,0,reserve,system,2848.265,0.0,0.0,2848.265,0.0,0.0
2019-04-15,3,0,reserve,system,2928.704,0.0,14.28358,2928.704,0.0,2.336914
2019-04-15,4,0,reserve,system,3157.51,0.0,0.0,3157.51,0.0,3.136175
2019-04-15,5,0,reserve,system,3523.67,0.0,2.635029,3523.67,0.0,3.944449
2019-04-15,6,0,reserve,system,3649.617,0.0,5.12951,3649.617,0.0,6.299052
2019-04-15,7,0,reserve,system,3647.993,0.0,5.871017,3647.993,0.0,7.400025
2019-04-15,8,0,reserve,system,3664.387,0.0,0.0,3664.387,0.0,0.940939
2019-04-15,9,0,reserve,system,3697.956,0.0,0.0,3697.956,0.0,7.477772
2019-04-15,10,0,reserve,system,3740.217,0.0,0.0,3740.217,0.0,1.780643
2019-04-15,11,0,reserve,system,3783.043,0.0,0.0,3783.043,0.0,0.0
2019-04-15,12,0,reserve,system,3863.484,0.0,0.0,3863.484,0.0,4.558412
2019-04-15,13,0,reserve,system,3950.016,0.0,0.0,3950.016,0.0,3.433802
2019-04-15,14,0,reserve,system,4043.99,0.0,0.156647,4043.99,0.0,4.854898
2019-04-15,15,0,reserve,system,4138.29,0.0,17.74978,4138.29,0.0,6.130444
2019-04-15,16,0,reserve,system,4191.783,0.0,13.724415,4191.783,0.0,8.804752
2019-04-15,17,0,reserve,system,4170.337,0.0,0.0,4170.337,0.0,8.55889
2019-04-15,18,0,reserve,system,4089.825,0.0,0.0,4089.825,0.0,0.0
2019-04-15,19,0,reserve,system,4140.966,0.0,1.09194,4140.966,0.0,18.181693
2019-04-15,20,0,reserve,system,4008.394,0.0,0.0,4008.394,0.0,6.924796
2019-04-15,21,0,reserve,system,3702.362,0.0,0.0,3702.362,0.0,5.331967
2019-04-15,22,0,reserve,system,3386.269,0.0,0.0,3386.269,0.0,1.476769
2019-04-15,23,0,reserve,system,3153.07,0.0,0.0,3153.07,0.0,3.127188
2019-04-16,0,0,reserve,system,3015.327,0.0,0.0,3015.327,0.0,3.336676
2019-04-16,1,0,reserve,system,2936.567,0.0,0.0,2936.567,0.0,0.0
2019-04-16,2,0,reserve,system,2912.361,0.0,0.0,2912.361,0.0,0.016677
2019-04-16,3,0,reserve,system,2956.058,0.0,0.0,2956.058,0.0,2.36517
2019-04-16,4,0,reserve,system,3147.947,0.0,0.0,3147.947,0.0,1.067201
2019-04-16,5,0,reserve,system,3476.918,0.0,2.077498,3476.918,0.0,5.249671
2019-04-16,6,0,reserve,system,3594.331,0.0,0.0,3594.331,0.0,3.187629
2019-04-16,7,0,reserve,system,3640.236,0.0,1.941842,3640.236,0.0,4.777278
2019-04-16,8,0,reserve,system,3720.722,0.0,3.665977,3720.722,0.0,4.590173
2019-04-16,9,0,reserve,system,3826.227,0.0,0.0,3826.227,0.0,4.741218
2019-04-16,10,0,reserve,system,3915.684,0.0,0.0,3915.684,0.0,3.927645
2019-04-16,11,0,reserve,system,3999.041,0.0,3.553185,3999.041,0.0,4.486296
2019-04-16,12,0,reserve,system,4116.041,0.0,3.461409,4116.041,0.0,5.762097
2019-04-16,13,0,reserve,system,4193.779,0.0,4.485541,4193.779,0.0,4.905427
2019-04-16,14,0,reserve,system,4249.016,0.0,4.485541,4249.016,0.0,6.874462
2019-04-16,15,0,reserve,system,4295.919,0.0,0.0,4295.919,0.0,6.706296
2019-04-16,16,0,reserve,system,4276.906,0.0,4.454218,4276.906,0.0,10.082106
2019-04-16,17,0,reserve,system,4215.081,0.0,0.0,4215.081,0.0,7.047888
2019-04-16,18,0,reserve,system,4191.021,0.0,0.0,4191.021,0.0,0.0
2019-04-16,19,0,reserve,system,4271.136,0.0,0.0,4271.136,0.0,17.743351
2019-04-16,20,0,reserve,system,4164.219,0.0,0.0,4164.219,0.0,7.971233
2019-04-16,21,0,reserve,system,3889.213,0.0,0.0,3889.213,0.0,4.583033
2019-04-16,22,0,reserve,system,3585.988,0.0,0.0,3585.988,0.0,3.784413
2019-04-16,23,0,reserve,system,3361.997,0.0,0.0,3361.997,0.0,3.517383
2019-04-17,0,0,reserve,system,3210.511,0.0,0.0,3210.511,0.0,2.847387
2019-04-17,1,0,reserve,system,3128.406,0.0,0.0,3128.406,0.0,0.0
2019-04-17,2,0,reserve,system,3090.109,0.0,0.0,3090.109,0.0,0.0
2019-04-17,3,0,reserve,system,3138.809,0.0,7.647674,3138.809,0.0,2.389172
2019-04-17,4,0,reserve,system,3322.936,0.0,0.0,3322.936,0.0,2.018735
2019-04-17,5,0,reserve,system,3653.474,0.0,0.0,3653.474,0.0,4.775981
2019-04-17,6,0,reserve,system,3788.458,0.0,0.0,3788.458,0.0,4.62354
2019-04-17,7,0,reserve,system,3833.092,0.0,0.0,3833.092,0.0,4.656707
2019-04-17,8,0,reserve,system,3924.707,0.0,0.0,3924.707,0.0,5.38207
2019-04-17,9,0,reserve,system,4024.884,0.0,29.257172,4024.884,0.0,7.958684
2019-04-17,10,0,reserve,system,4091.348,0.0,0.0,4091.348,0.0,4.225916
2019-04-17,11,0,reserve,system,4141.56,0.0,33.477338,4141.56,0.0,5.181814
2019-04-17,12,0,reserve,system,4224.079,0.0,50.0,4224.079,0.0,8.580956
2019-04-17,13,0,reserve,system,4307.835,0.0,0.0,4307.835,0.0,4.583623
2019-04-17,14,0,reserve,system,4389.197,0.0,0.0,4389.197,0.0,6.982562
2019-04-17,15,0,reserve,system,4474.943,0.0,0.661786,4474.943,0.0,6.792482
2019-04-17,16,0,reserve,system,4529.666,0.0,12.515233,4529.666,0.0,12.557011
2019-04-17,17,0,reserve,system,4490.389,0.0,0.0,4490.389,0.0,5.595237
2019-04-17,18,0,reserve,system,4449.627,0.0,12.957914,4449.627,0.0,0.0
2019-04-17,19,0,reserve,system,4472.732,0.0,0.0,4472.732,0.0,20.198946
2019-04-17,20,0,reserve,system,4347.252,0.0,0.0,4347.252,0.0,6.567343
2019-04-17,21,0,reserve,system,4074.667,0.0,0.0,4074.667,0.0,7.438786
2019-04-17,22,0,reserve,system,3744.252,0.0,0.0,3744.252,0.0,4.147983
2019-04-17,23,0,reserve,system,3427.303,0.0,0.0,3427.303,0.0,5.873136
2019-04-18,0,0,reserve,system,3209.317,0.0,0.0,3209.317,0.0,6.578774
2019-04-18,1,0,reserve,system,3103.073,0.0,0.0,3103.073,0.0,0.0
2019-04-18,2,0,reserve,system,3046.315,0.0,0.0,3046.315,0.0,0.0
2019-04-18,3,0,reserve,system,3032.913,0.0,0.0,3032.913,0.0,6.415376
2019-04-18,4,0,reserve,system,3147.955,0.0,0.0,3147.955,0.0,2.063286
2019-04-18,5,0,reserve,system,3449.637,0.0,50.0,3449.637,0.0,16.066606
2019-04-18,6,0,reserve,system,3578.381,0.0,0.0,3578.381,0.0,7.75129
2019-04-18,7,0,reserve,system,3619.887,0.0,0.0,3619.887,0.0,0.0
2019-04-18,8,0,reserve,system,3696.136,0.0,0.0,3696.136,0.0,0.0
2019-04-18,9,0,reserve,system,3762.311,0.0,0.0,3762.311,0.0,6.538116
2019-04-18,10,0,reserve,system,3826.367,0.0,0.0,3826.367,0.0,15.850241
2019-04-18,11,0,reserve,system,3865.046,0.0,0.0,3865.046,0.0,5.832004
2019-04-18,12,0,reserve,system,3907.783,0.0,0.0,3907.783,0.0,0.0
2019-04-18,13,0,reserve,system,3933.777,0.0,0.0,3933.777,0.0,0.0
2019-04-18,14,0,reserve,system,3972.008,0.0,0.0,3972.008,0.0,5.935259
2019-04-18,15,0,reserve,system,4008.854,0.0,0.0,4008.854,0.0,4.844231
2019-04-18,16,0,reserve,system,3997.128,0.0,0.0,3997.128,0.0,14.47942
2019-04-18,17,0,reserve,system,3915.267,0.0,4.284313,3915.267,0.0,4.16044
2019-04-18,18,0,reserve,system,3808.974,0.0,0.0,3808.974,0.0,0.0
2019-04-18,19,0,reserve,system,3843.838,0.0,0.419979,3843.838,0.0,15.201773
2019-04-18,20,0,reserve,system,3744.792,0.0,0.0,3744.792,0.0,9.507462
2019-04-18,21,0,reserve,system,3521.999,0.0,0.0,3521.999,0.0,0.0
2019-04-18,22,0,reserve,system,3254.965,0.0,1.22597,3254.965,0.0,4.469783
2019-04-18,23,0,reserve,system,3041.407,0.0,0.0,3041.407,0.0,0.0
2019-04-19,0,0,reserve,system,2911.162,0.0,0.0,2911.162,0.0,6.577159
2019-04-19,1,0,reserve,system,2836.535,0.0,0.0,2836.535,0.0,0.0
2019-04-19,2,0,reserve,system,2805.026,0.0,0.0,2805.026,0.0,0.0
2019-04-19,3,0,reserve,system,2841.523,0.0,0.0,2841.523,0.0,3.12773
2019-04-19,4,0,reserve,system,2954.695,0.0,0.0,2954.695,0.0,2.310528
2019-04-19,5,0,reserve,system,3136.657,0.0,0.0,3136.657,0.0,5.543829
2019-04-19,6,0,reserve,system,3244.019,0.0,0.0,3244.019,0.0,4.810434
2019-04-19,7,0,reserve,system,3380.267,0.0,0.0,3380.267,0.0,16.604159
2019-04-19,8,0,reserve,system,3481.729,0.0,0.0,3481.729,0.0,5.568764
2019-04-19,9,0,reserve,system,3541.432,0.0,0.0,3541.432,0.0,6.565987
2019-04-19,10,0,reserve,system,3567.031,0.0,0.0,3567.031,0.0,0.0
2019-04-19,11,0,reserve,system,3578.291,0.0,0.0,3578.291,0.0,5.68293
2019-04-19,12,0,reserve,system,3589.555,0.0,0.0,3589.555,0.0,5.602738
2019-04-19,13,0,reserve,system,3612.928,0.0,0.0,3612.928,0.0,0.0
2019-04-19,14,0,reserve,system,3644.671,0.0,0.0,3644.671,0.0,0.0
2019-04-19,15,0,reserve,system,3697.712,0.0,4.849602,3697.712,0.0,6.637759
2019-04-19,16,0,reserve,system,3718.636,0.0,0.0,3718.636,0.0,4.894574
2019-04-19,17,0,reserve,system,3674.812,0.0,0.0,3674.812,0.0,7.817808
2019-04-19,18,0,reserve,system,3592.671,0.0,0.0,3592.671,0.0,5.913178
2019-04-19,19,0,reserve,system,3618.459,0.0,0.0,3618.459,0.0,7.635409
2019-04-19,20,0,reserve,system,3538.251,0.0,0.0,3538.251,0.0,20.487246
2019-04-19,21,0,reserve,system,3369.951,0.0,0.0,3369.951,0.0,7.671058
2019-04-19,22,0,reserve,system,3167.808,0.0,0.0,3167.808,0.0,6.514669
2019-04-19,23,0,reserve,system,2988.181,0.0,0.0,2988.181,0.0,4.976515
2019-04-20,0,0,reserve,system,2867.94,0.0,0.0,2867.94,0.0,11.462799
2019-04-20,1,0,reserve,system,2803.872,0.0,0.0,2803.872,0.0,0.0
2019-04-20,2,0,reserve,system,2779.278,0.0,0.0,2779.278,0.0,0.0
2019-04-20,3,0,reserve,system,2790.37,0.0,0.0,2790.37,0.0,3.715521
2019-04-20,4,0,reserve,system,2854.783,0.0,0.0,2854.783,0.0,3.011643
2019-04-20,5,0,reserve,system,2967.808,0.0,0.0,2967.808,0.0,4.180739
2019-04-20,6,0,reserve,system,3083.638,0.0,0.0,3083.638,0.0,4.711522
2019-04-20,7,0,reserve,system,3240.391,0.0,0.0,3240.391,0.0,15.121004
2019-04-20,8,0,reserve,system,3353.888,0.0,0.0,3353.888,0.0,6.078504
2019-04-20,9,0,reserve,system,3426.51,0.0,0.0,3426.51,0.0,7.729587
2019-04-20,10,0,reserve,system,3464.451,0.0,0.0,3464.451,0.0,4.657643
2019-04-20,11,0,reserve,system,3511.072,0.0,0.0,3511.072,0.0,5.072298
2019-04-20,12,0,reserve,system,3583.189,0.0,0.0,3583.189,0.0,0.0
2019-04-20,13,0,reserve,system,3688.535,0.0,0.0,3688.535,0.0,0.0
2019-04-20,14,0,reserve,system,3800.534,0.0,0.0,3800.534,0.0,5.467498
2019-04-20,15,0,reserve,system,3917.233,0.0,2.73159,3917.233,0.0,5.168286
2019-04-20,16,0,reserve,system,3996.834,0.0,6.052848,3996.834,0.0,10.047873
2019-04-20,17,0,reserve,system,3987.038,0.0,2.67126,3987.038,0.0,8.015039
2019-04-20,18,0,reserve,system,3877.112,0.0,0.0,3877.112,0.0,0.0
2019-04-20,19,0,reserve,system,3857.294,0.0,0.0,3857.294,0.0,17.327475
2019-04-20,20,0,reserve,system,3776.127,0.0,0.0,3776.127,0.0,5.605926
2019-04-20,21,0,reserve,system,3593.984,0.0,0.0,3593.984,0.0,4.327177
2019-04-20,22,0,reserve,system,3356.518,0.0,0.0,3356.518,0.0,1.909861
2019-04-20,23,0,reserve,system,3132.846,0.0,0.0,3132.846,0.0,2.94666
2019-04-21,0,0,reserve,system,2966.083,0.0,0.0,2966.083,0.0,2.465205
2019-04-21,1,0,reserve,system,2861.111,0.0,0.0,2861.111,0.0,2.555354
2019-04-21,2,0,reserve,system,2796.107,0.0,0.0,2796.107,0.0,0.0
2019-04-21,3,0,reserve,system,2771.531,0.0,0.0,2771.531,0.0,0.0
2019-04-21,4,0,reserve,system,2791.762,0.0,0.0,2791.762,0.0,2.105705
2019-04-21,5,0,reserve,system,2862.91,0.0,0.0,2862.91,0.0,0.85836
2019-04-21,6,0,reserve,system,2940.054,0.0,0.0,2940.054,0.0,1.154994
2019-04-21,7,0,reserve,system,3132.376,0.0,0.0,3132.376,0.0,3.433765
2019-04-21,8,0,reserve,system,3313.95,0.0,2.64951,3313.95,0.0,3.546565
2019-04-21,9,0,reserve,system,3446.903,0.0,6.375019,3446.903,0.0,6.504413
2019-04-21,10,0,reserve,system,3570.934,0.0,0.0,3570.934,0.0,0.0
2019-04-21,11,0,reserve,system,3691.794,0.0,0.0,3691.794,0.0,5.459362
2019-04-21,12,0,reserve,system,3809.3,0.0,8.287716,3809.3,0.0,4.217983
2019-04-21,13,0,reserve,system,3924.004,0.0,19.224548,3924.004,0.0,4.30515
2019-04-21,14,0,reserve,system,4027.032,0.0,0.0,4027.032,0.0,4.495589
2019-04-21,15,0,reserve,system,4116.153,0.0,21.197267,4116.153,0.0,5.463965
2019-04-21,16,0,reserve,system,4161.469,0.0,0.0,4161.469,0.0,9.670696
2019-04-21,17,0,reserve,system,4121.899,0.0,0.0,4121.899,0.0,8.284159
2019-04-21,18,0,reserve,system,4034.153,0.0,0.0,4034.153,0.0,0.0
2019-04-21,19,0,reserve,system,4044.578,0.0,0.0,4044.578,0.0,17.949111
2019-04-21,20,0,reserve,system,3974.375,0.0,0.0,3974.375,0.0,7.198042
2019-04-21,21,0,reserve,system,3747.656,0.0,0.0,3747.656,0.0,5.040634
2019-04-21,22,0,reserve,system,3452.632,0.0,0.0,3452.632,0.0,3.342857
2019-04-21,23,0,reserve,system,3213.148,0.0,0.0,3213.148,0.0,2.336914
2019-04-22,0,0,reserve,system,3066.512,0.0,0.0,3066.512,0.0,3.089349
2019-04-22,1,0,reserve,system,2976.603,0.0,0.0,2976.603,0.0,0.0
2019-04-22,2,0,reserve,system,2942.891,0.0,0.0,2942.891,0.0,0.148622
2019-04-22,3,0,reserve,system,2968.96,0.0,0.0,2968.96,0.0,1.713171
2019-04-22,4,0,reserve,system,3131.736,0.0,0.0,3131.736,0.0,1.713171
2019-04-22,5,0,reserve,system,3398.867,0.0,3.043788,3398.867,0.0,4.477113
2019-04-22,6,0,reserve,system,3518.05,0.0,0.0,3518.05,0.0,4.25832
2019-04-22,7,0,reserve,system,3623.651,0.0,21.944666,3623.651,0.0,13.002051
2019-04-22,8,0,reserve,system,3772.86,0.0,0.0,3772.86,0.0,0.0
2019-04-22,9,0,reserve,system,3921.721,0.0,0.0,3921.721,0.0,8.602094
2019-04-22,10,0,reserve,system,4073.921,0.0,0.109663,4073.921,0.0,3.650439
2019-04-22,11,0,reserve,system,4203.464,0.0,7.235247,4203.464,0.0,7.303934
2019-04-22,12,0,reserve,system,4322.243,0.0,2.60053,4322.243,0.0,6.491907
2019-04-22,13,0,reserve,system,4415.812,0.0,0.695884,4415.812,0.0,7.085976
2019-04-22,14,0,reserve,system,4484.447,0.0,0.0,4484.447,0.0,7.008607
2019-04-22,15,0,reserve,system,4510.042,0.0,8.730277,4510.042,0.0,7.118871
2019-04-22,16,0,reserve,system,4490.0,0.0,20.967245,4490.0,0.0,15.458124
2019-04-22,17,0,reserve,system,4388.488,0.0,0.0,4388.488,0.0,3.015989
2019-04-22,18,0,reserve,system,4310.049,0.0,0.0,4310.049,0.0,0.0
2019-04-22,19,0,reserve,system,4353.546,0.0,11.751427,4353.546,0.0,16.750311
2019-04-22,20,0,reserve,system,4211.908,0.0,0.0,4211.908,0.0,7.223777
2019-04-22,21,0,reserve,system,3908.75,0.0,0.0,3908.75,0.0,5.538378
2019-04-22,22,0,reserve,system,3583.06,0.0,0.0,3583.06,0.0,2.758041
2019-04-22,23,0,reserve,system,3336.431,0.0,0.0,3336.431,0.0,4.518645
2019-04-23,0,0,reserve,system,3184.594,0.0,0.0,3184.594,0.0,2.309332
2019-04-23,1,0,reserve,system,3089.497,0.0,0.0,3089.497,0.0,0.0
2019-04-23,2,0,reserve,system,3043.452,0.0,0.0,3043.452,0.0,1.340311
2019-04-23,3,0,reserve,system,3072.279,0.0,0.0,3072.279,0.0,3.009789
2019-04-23,4,0,reserve,system,3246.273,0.0,37.798188,3246.273,0.0,4.537964
2019-04-23,5,0,reserve,system,3546.245,0.0,0.149514,3546.245,0.0,7.58429
2019-04-23,6,0,reserve,system,3676.109,0.0,1.150126,3676.109,0.0,6.24204
2019-04-23,7,0,reserve,system,3718.125,0.0,0.0,3718.125,0.0,14.416525
2019-04-23,8,0,reserve,system,3814.012,0.0,0.0,3814.012,0.0,5.832261
2019-04-23,9,0,reserve,system,3923.819,0.0,9.233324,3923.819,0.0,9.058425
2019-04-23,10,0,reserve,system,4014.028,0.0,0.0,4014.028,0.0,1.590585
2019-04-23,11,0,reserve,system,4075.355,0.0,0.0,4075.355,0.0,4.944803
2019-04-23,12,0,reserve,system,4136.793,0.0,3.117804,4136.793,0.0,4.721647
2019-04-23,13,0,reserve,system,4179.066,0.0,0.0,4179.066,0.0,8.508619
2019-04-23,14,0,reserve,system,4196.359,0.0,0.0,4196.359,0.0,0.0
2019-04-23,15,0,reserve,system,4218.895,0.0,0.0,4218.895,0.0,12.272105
2019-04-23,16,0,reserve,system,4197.2,0.0,0.0,4197.2,0.0,4.234094
2019-04-23,17,0,reserve,system,4151.655,0.0,0.0,4151.655,0.0,6.591386
2019-04-23,18,0,reserve,system,4136.901,0.0,0.095827,4136.901,0.0,3.506048
2019-04-23,19,0,reserve,system,4179.997,0.0,0.0,4179.997,0.0,17.548118
2019-04-23,20,0,reserve,system,4055.688,0.0,0.0,4055.688,0.0,8.055744
2019-04-23,21,0,reserve,system,3761.75,0.0,0.0,3761.75,0.0,5.246352
2019-04-23,22,0,reserve,system,3447.732,0.0,0.0,3447.732,0.0,3.334752
2019-04-23,23,0,reserve,system,3223.592,0.0,0.0,3223.592,0.0,1.906818
2019-04-24,0,0,reserve,system,3087.467,0.0,0.0,3087.467,0.0,1.729323
2019-04-24,1,0,reserve,system,3018.893,0.0,0.0,3018.893,0.0,0.0
2019-04-24,2,0,reserve,system,2986.241,0.0,0.0,2986.241,0.0,1.789184
2019-04-24,3,0,reserve,system,3018.281,0.0,0.0,3018.281,0.0,4.386171
2019-04-24,4,0,reserve,system,3194.118,0.0,0.0,3194.118,0.0,4.678672
2019-04-24,5,0,reserve,system,3509.1,0.0,0.0,3509.1,0.0,7.776698
2019-04-24,6,0,reserve,system,3637.664,0.0,0.0,3637.664,0.0,15.858911
2019-04-24,7,0,reserve,system,3688.2,0.0,0.0,3688.2,0.0,6.454543
2019-04-24,8,0,reserve,system,3753.194,0.0,0.0,3753.194,0.0,5.701088
2019-04-24,9,0,reserve,system,3832.822,0.0,0.0,3832.822,0.0,8.803429
2019-04-24,10,0,reserve,system,3888.075,0.0,0.0,3888.075,0.0,0.0
2019-04-24,11,0,reserve,system,3920.234,0.0,0.0,3920.234,0.0,1.938642
2019-04-24,12,0,reserve,system,3964.841,0.0,0.0,3964.841,0.0,11.872624
2019-04-24,13,0,reserve,system,3999.129,0.0,0.0,3999.129,0.0,0.0
2019-04-24,14,0,reserve,system,4030.882,0.0,0.0,4030.882,0.0,9.930344
2019-04-24,15,0,reserve,system,4057.148,0.0,0.0,4057.148,0.0,12.522096
2019-04-24,16,0,reserve,system,4056.754,0.0,0.0,4056.754,0.0,0.0
2019-04-24,17,0,reserve,system,4033.074,0.0,0.0,4033.074,0.0,11.24429
2019-04-24,18,0,reserve,system,4007.507,0.0,37.80394,4007.507,0.0,11.893376
2019-04-24,19,0,reserve,system,4034.175,0.0,0.0,4034.175,0.0,0.0
2019-04-24,20,0,reserve,system,3933.267,0.0,0.0,3933.267,0.0,26.176887
2019-04-24,21,0,reserve,system,3665.383,0.0,0.0,3665.383,0.0,8.040912
2019-04-24,22,0,reserve,system,3376.156,0.0,0.0,3376.156,0.0,6.75237
2019-04-24,23,0,reserve,system,3172.392,0.0,0.0,3172.392,0.0,6.031129
2019-04-25,0,0,reserve,system,3050.384,0.0,0.0,3050.384,0.0,11.456077
2019-04-25,1,0,reserve,system,2961.738,0.0,0.0,2961.738,0.0,0.0
2019-04-25,2,0,reserve,system,2926.066,0.0,0.0,2926.066,0.0,9.104874
2019-04-25,3,0,reserve,system,2951.492,0.0,0.0,2951.492,0.0,0.0
2019-04-25,4,0,reserve,system,3118.682,0.0,0.0,3118.682,0.0,0.0
2019-04-25,5,0,reserve,system,3435.955,0.0,0.0,3435.955,0.0,9.491295
2019-04-25,6,0,reserve,system,3543.675,0.0,0.0,3543.675,0.0,5.158935
2019-04-25,7,0,reserve,system,3595.858,0.0,0.0,3595.858,0.0,13.886188
2019-04-25,8,0,reserve,system,3696.145,0.0,0.0,3696.145,0.0,9.100446
2019-04-25,9,0,reserve,system,3820.509,0.0,0.0,3820.509,0.0,1.461328
2019-04-25,10,0,reserve,system,3945.388,0.0,0.0,3945.388,0.0,0.0
2019-04-25,11,0,reserve,system,4063.078,0.0,0.0,4063.078,0.0,8.435037
2019-04-25,12,0,reserve,system,4224.69,0.0,0.0,4224.69,0.0,7.183592
2019-04-25,13,0,reserve,system,4387.424,0.0,0.0,4387.424,0.0,4.758047
2019-04-25,14,0,reserve,system,4546.911,0.0,1.935545,4546.911,0.0,7.148833
2019-04-25,15,0,reserve,system,4703.914,0.0,17.673929,4703.914,0.0,7.483837
2019-04-25,16,0,reserve,system,4763.597,0.0,11.580939,4763.597,0.0,8.760625
2019-04-25,17,0,reserve,system,4704.773,0.0,0.0,4704.773,0.0,14.227755
2019-04-25,18,0,reserve,system,4551.285,0.0,0.0,4551.285,0.0,0.0
2019-04-25,19,0,reserve,system,4485.815,0.0,0.0,4485.815,0.0,23.183438
2019-04-25,20,0,reserve,system,4305.696,0.0,0.0,4305.696,0.0,9.434347
2019-04-25,21,0,reserve,system,3973.424,0.0,0.0,3973.424,0.0,9.168644
2019-04-25,22,0,reserve,system,3615.049,0.0,0.0,3615.049,0.0,5.723986
2019-04-25,23,0,reserve,system,3336.018,0.0,0.0,3336.018,0.0,8.91708
2019-04-26,0,0,reserve,system,3155.704,0.0,0.0,3155.704,0.0,10.14465
2019-04-26,1,0,reserve,system,3033.938,0.0,0.0,3033.938,0.0,4.588151
2019-04-26,2,0,reserve,system,2966.928,0.0,0.0,2966.928,0.0,8.171146
2019-04-26,3,0,reserve,system,2988.251,0.0,0.0,2988.251,0.0,0.0
2019-04-26,4,0,reserve,system,3136.014,0.0,0.0,3136.014,0.0,0.0
2019-04-26,5,0,reserve,system,3411.015,0.0,28.82499,3411.015,0.0,9.748701
2019-04-26,6,0,reserve,system,3516.087,0.0,0.0,3516.087,0.0,10.466089
2019-04-26,7,0,reserve,system,3611.167,0.0,0.0,3611.167,0.0,0.0
2019-04-26,8,0,reserve,system,3754.543,0.0,0.0,3754.543,0.0,15.983268
2019-04-26,9,0,reserve,system,3898.744,0.0,0.0,3898.744,0.0,3.044611
2019-04-26,10,0,reserve,system,4036.352,0.0,0.0,4036.352,0.0,1.977223
2019-04-26,11,0,reserve,system,4183.926,0.0,0.0,4183.926,0.0,3.83271
2019-04-26,12,0,reserve,system,4363.104,0.0,11.623905,4363.104,0.0,8.842396
2019-04-26,13,0,reserve,system,4516.679,0.0,0.0,4516.679,0.0,3.391966
2019-04-26,14,0,reserve,system,4644.325,0.0,13.998834,4644.325,0.0,8.596779
2019-04-26,15,0,reserve,system,4745.048,0.0,50.0,4745.048,0.0,11.769687
2019-04-26,16,0,reserve,system,4751.684,0.0,0.0,4751.684,0.0,15.93928
2019-04-26,17,0,reserve,system,4631.423,0.0,0.0,4631.423,0.0,12.151581
2019-04-26,18,0,reserve,system,4423.635,0.0,0.0,4423.635,0.0,0.0
2019-04-26,19,0,reserve,system,4321.698,0.0,50.0,4321.698,0.0,14.773487
2019-04-26,20,0,reserve,system,4170.459,0.0,0.0,4170.459,0.0,7.199296
2019-04-26,21,0,reserve,system,3917.558,0.0,0.0,3917.558,0.0,6.888314
2019-04-26,22,0,reserve,system,3620.342,0.0,0.0,3620.342,0.0,5.873419
2019-04-26,23,0,reserve,system,3359.317,0.0,0.0,3359.317,0.0,5.076756
2019-04-27,0,0,reserve,system,3170.786,0.0,0.0,3170.786,0.0,6.383506
2019-04-27,1,0,reserve,system,3042.824,0.0,0.0,3042.824,0.0,1.871362
2019-04-27,2,0,reserve,system,2973.533,0.0,0.0,2973.533,0.0,0.0
2019-04-27,3,0,reserve,system,2951.209,0.0,0.0,2951.209,0.0,0.0
2019-04-27,4,0,reserve,system,3001.467,0.0,12.24559,3001.467,0.0,2.413858
2019-04-27,5,0,reserve,system,3093.394,0.0,4.520394,3093.394,0.0,3.094759
2019-04-27,6,0,reserve,system,3189.393,0.0,0.0,3189.393,0.0,2.11529
2019-04-27,7,0,reserve,system,3411.508,0.0,0.023151,3411.508,0.0,7.040933
2019-04-27,8,0,reserve,system,3631.848,0.0,34.150846,3631.848,0.0,5.258493
2019-04-27,9,0,reserve,system,3823.703,0.0,0.0,3823.703,0.0,8.765853
2019-04-27,10,0,reserve,system,3977.343,0.0,21.469658,3977.343,0.0,4.085662
2019-04-27,11,0,reserve,system,4117.738,0.0,0.0,4117.738,0.0,7.475261
2019-04-27,12,0,reserve,system,4247.436,0.0,1.123948,4247.436,0.0,7.352387
2019-04-27,13,0,reserve,system,4393.529,0.0,0.0,4393.529,0.0,4.935435
2019-04-27,14,0,reserve,system,4532.266,0.0,0.0,4532.266,0.0,7.590694
2019-04-27,15,0,reserve,system,4657.466,0.0,0.0,4657.466,0.0,6.663267
2019-04-27,16,0,reserve,system,4711.323,0.0,17.074853,4711.323,0.0,12.675103
2019-04-27,17,0,reserve,system,4621.903,0.0,0.0,4621.903,0.0,5.890662
2019-04-27,18,0,reserve,system,4431.575,0.0,0.0,4431.575,0.0,0.0
2019-04-27,19,0,reserve,system,4346.679,0.0,0.0,4346.679,0.0,25.629415
2019-04-27,20,0,reserve,system,4193.889,0.0,0.0,4193.889,0.0,10.482904
2019-04-27,21,0,reserve,system,3960.969,0.0,0.0,3960.969,0.0,8.025625
2019-04-27,22,0,reserve,system,3689.819,0.0,0.0,3689.819,0.0,4.863046
2019-04-27,23,0,reserve,system,3436.878,0.0,0.0,3436.878,0.0,5.257423
2019-04-28,0,0,reserve,system,3250.813,0.0,0.0,3250.813,0.0,7.078394
2019-04-28,1,0,reserve,system,3117.957,0.0,0.0,3117.957,0.0,0.0
2019-04-28,2,0,reserve,system,3030.358,0.0,0.0,3030.358,0.0,0.0
2019-04-28,3,0,reserve,system,2983.288,0.0,0.0,2983.288,0.0,1.759665
2019-04-28,4,0,reserve,system,2972.247,0.0,0.0,2972.247,0.0,1.879615
2019-04-28,5,0,reserve,system,3008.652,0.0,0.0,3008.652,0.0,3.653257
2019-04-28,6,0,reserve,system,3067.006,0.0,0.0,3067.006,0.0,2.879722
2019-04-28,7,0,reserve,system,3260.613,0.0,0.0,3260.613,0.0,5.54024
2019-04-28,8,0,reserve,system,3506.509,0.0,0.0,3506.509,0.0,10.640897
2019-04-28,9,0,reserve,system,3717.915,0.0,0.0,3717.915,0.0,0.23658
2019-04-28,10,0,reserve,system,3937.658,0.0,0.0,3937.658,0.0,7.067248
2019-04-28,11,0,reserve,system,4145.317,0.0,0.0,4145.317,0.0,4.105086
2019-04-28,12,0,reserve,system,4348.301,0.0,0.0,4348.301,0.0,7.638707
2019-04-28,13,0,reserve,system,4528.174,0.0,23.099742,4528.174,0.0,6.456232
2019-04-28,14,0,reserve,system,4679.356,0.0,0.0,4679.356,0.0,7.299656
2019-04-28,15,0,reserve,system,4779.465,0.0,0.0,4779.465,0.0,6.924244
2019-04-28,16,0,reserve,system,4809.491,0.0,0.0,4809.491,0.0,15.671907
2019-04-28,17,0,reserve,system,4740.707,0.0,0.0,4740.707,0.0,9.541983
2019-04-28,18,0,reserve,system,4578.653,0.0,0.0,4578.653,0.0,0.0
2019-04-28,19,0,reserve,system,4507.188,0.0,24.427833,4507.188,0.0,10.660655
2019-04-28,20,0,reserve,system,4364.943,0.0,0.0,4364.943,0.0,8.155704
2019-04-28,21,0,reserve,system,4077.228,0.0,0.0,4077.228,0.0,5.103261
2019-04-28,22,0,reserve,system,3736.863,0.0,0.0,3736.863,0.0,3.742212
2019-04-28,23,0,reserve,system,3455.56,0.0,0.0,3455.56,0.0,3.342857
2019-04-29,0,0,reserve,system,3282.7,0.0,0.0,3282.7,0.0,3.298032
2019-04-29,1,0,reserve,system,3176.364,0.0,0.0,3176.364,0.0,0.0
2019-04-29,2,0,reserve,system,3137.366,0.0,0.0,3137.366,0.0,0.0
2019-04-29,3,0,reserve,system,3184.838,0.0,0.0,3184.838,0.0,1.713171
2019-04-29,4,0,reserve,system,3365.582,0.0,0.0,3365.582,0.0,4.27238
2019-04-29,5,0,reserve,system,3681.353,0.0,0.0,3681.353,0.0,3.930484
2019-04-29,6,0,reserve,system,3805.062,0.0,0.0,3805.062,0.0,5.29029
2019-04-29,7,0,reserve,system,3901.155,0.0,2.950895,3901.155,0.0,6.964305
2019-04-29,8,0,reserve,system,4046.74,0.0,0.0,4046.74,0.0,6.359722
2019-04-29,9,0,reserve,system,4214.431,0.0,7.89147,4214.431,0.0,6.515779
2019-04-29,10,0,reserve,system,4367.295,0.0,0.0,4367.295,0.0,6.481533
2019-04-29,11,0,reserve,system,4498.897,0.0,0.0,4498.897,0.0,6.818973
2019-04-29,12,0,reserve,system,4653.998,0.0,0.0,4653.998,0.0,7.073096
2019-04-29,13,0,reserve,system,4779.189,0.0,0.0,4779.189,0.0,7.12238
2019-04-29,14,0,reserve,system,4864.017,0.0,0.0,4864.017,0.0,7.462796
2019-04-29,15,0,reserve,system,4942.592,0.0,0.0,4942.592,0.0,7.749991
2019-04-29,16,0,reserve,system,4946.928,0.0,0.0,4946.928,0.0,18.454193
2019-04-29,17,0,reserve,system,4858.906,0.0,0.0,4858.906,0.0,11.068327
2019-04-29,18,0,reserve,system,4739.349,0.0,0.0,4739.349,0.0,0.0
2019-04-29,19,0,reserve,system,4759.062,0.0,5.284888,4759.062,0.0,14.170816
2019-04-29,20,0,reserve,system,4601.889,0.0,0.0,4601.889,0.0,6.519464
2019-04-29,21,0,reserve,system,4303.348,0.0,0.0,4303.348,0.0,7.733294
2019-04-29,22,0,reserve,system,3959.467,0.0,0.0,3959.467,0.0,5.578072
2019-04-29,23,0,reserve,system,3713.942,0.0,0.0,3713.942,0.0,6.736237
2019-04-30,0,0,reserve,system,3554.566,0.0,2.289376,3554.566,0.0,8.190315
2019-04-30,1,0,reserve,system,3457.929,0.0,0.0,3457.929,0.0,0.0
2019-04-30,2,0,reserve,system,3415.73,0.0,0.0,3415.73,0.0,0.0
2019-04-30,3,0,reserve,system,3450.499,0.0,2.440148,3450.499,0.0,4.767553
2019-04-30,4,0,reserve,system,3628.878,0.0,1.37372,3628.878,0.0,4.565926
2019-04-30,5,0,reserve,system,3946.291,0.0,38.08886,3946.291,0.0,7.441123
2019-04-30,6,0,reserve,system,4069.38,0.0,0.0,4069.38,0.0,6.374129
2019-04-30,7,0,reserve,system,4139.94,0.0,0.0,4139.94,0.0,9.549472
2019-04-30,8,0,reserve,system,4251.163,0.0,0.0,4251.163,0.0,5.59194
2019-04-30,9,0,reserve,system,4390.422,0.0,14.564456,4390.422,0.0,5.410522
2019-04-30,10,0,reserve,system,4528.256,0.0,0.0,4528.256,0.0,7.092973
2019-04-30,11,0,reserve,system,4651.642,0.0,17.673929,4651.642,0.0,7.015316
2019-04-30,12,0,reserve,system,4786.138,0.0,0.0,4786.138,0.0,7.439084
2019-04-30,13,0,reserve,system,4845.363,0.0,50.0,4845.363,0.0,23.992614
2019-04-30,14,0,reserve,system,4854.124,0.0,0.0,4854.124,0.0,0.0
2019-04-30,15,0,reserve,system,4864.043,0.0,0.0,4864.043,0.0,14.273842
2019-04-30,16,0,reserve,system,4805.2,0.0,0.0,4805.2,0.0,8.768337
2019-04-30,17,0,reserve,system,4712.254,0.0,0.0,4712.254,0.0,5.232888
2019-04-30,18,0,reserve,system,4664.97,0.0,0.0,4664.97,0.0,0.0
2019-04-30,19,0,reserve,system,4694.41,0.0,0.0,4694.41,0.0,18.086736
2019-04-30,20,0,reserve,system,4574.875,0.0,0.0,4574.875,0.0,6.834368
2019-04-30,21,0,reserve,system,4301.287,0.0,0.0,4301.287,0.0,7.931223
2019-04-30,22,0,reserve,system,3992.096,0.0,0.0,3992.096,0.0,5.376528
2019-04-30,23,0,reserve,system,3758.167,0.0,0.0,3758.167,0.0,5.411062
2019-05-01,0,0,reserve,system,3593.041,0.0,0.0,3593.041,0.0,6.281662
2019-05-01,1,0,reserve,system,3484.166,0.0,0.0,3484.166,0.0,0.0
2019-05-01,2,0,reserve,system,3433.306,0.0,9.028358,3433.306,0.0,0.0
2019-05-01,3,0,reserve,system,3461.607,0.0,0.0,3461.607,0.0,6.635321
2019-05-01,4,0,reserve,system,3621.569,0.0,0.0,3621.569,0.0,5.442991
2019-05-01,5,0,reserve,system,3920.953,0.0,0.0,3920.953,0.0,7.612604
2019-05-01,6,0,reserve,system,4028.01,0.0,0.0,4028.01,0.0,5.865453
2019-05-01,7,0,reserve,system,4109.422,0.0,25.38316,4109.422,0.0,18.282122
2019-05-01,8,0,reserve,system,4257.721,0.0,0.0,4257.721,0.0,0.0
2019-05-01,9,0,reserve,system,4441.065,0.0,0.0,4441.065,0.0,13.366701
2019-05-01,10,0,reserve,system,4594.417,0.0,0.0,4594.417,0.0,1.849751
2019-05-01,11,0,reserve,system,4722.577,0.0,0.0,4722.577,0.0,13.230185
2019-05-01,12,0,reserve,system,4847.839,0.0,0.0,4847.839,0.0,7.865445
2019-05-01,13,0,reserve,system,4930.415,0.0,0.0,4930.415,0.0,12.235174
2019-05-01,14,0,reserve,system,4945.267,0.0,50.0,4945.267,0.0,24.566216
2019-05-01,15,0,reserve,system,4922.264,0.0,0.0,4922.264,0.0,7.658222
2019-05-01,16,0,reserve,system,4875.421,0.0,0.0,4875.421,0.0,3.03063
2019-05-01,17,0,reserve,system,4809.377,0.0,0.0,4809.377,0.0,0.0
2019-05-01,18,0,reserve,system,4746.56,0.0,0.0,4746.56,0.0,15.337698
2019-05-01,19,0,reserve,system,4715.448,0.0,32.75599,4715.448,0.0,20.612458
2019-05-01,20,0,reserve,system,4548.777,0.0,0.0,4548.777,0.0,10.878048
2019-05-01,21,0,reserve,system,4239.297,0.0,0.0,4239.297,0.0,6.104591
2019-05-01,22,0,reserve,system,3903.356,0.0,0.0,3903.356,0.0,9.283564
2019-05-01,23,0,reserve,system,3631.41,0.0,0.0,3631.41,0.0,0.0
2019-05-02,0,0,reserve,system,3469.954,0.0,0.0,3469.954,0.0,7.301811
2019-05-02,1,0,reserve,system,3364.092,0.0,0.0,3364.092,0.0,5.996128
2019-05-02,2,0,reserve,system,3296.862,0.0,0.0,3296.862,0.0,0.0
2019-05-02,3,0,reserve,system,3304.406,0.0,0.0,3304.406,0.0,0.0
2019-05-02,4,0,reserve,system,3453.714,0.0,0.0,3453.714,0.0,5.695458
2019-05-02,5,0,reserve,system,3739.642,0.0,9.764425,3739.642,0.0,6.218446
2019-05-02,6,0,reserve,system,3833.331,0.0,0.0,3833.331,0.0,11.265685
2019-05-02,7,0,reserve,system,3852.376,0.0,0.0,3852.376,0.0,0.0
2019-05-02,8,0,reserve,system,3958.521,0.0,0.0,3958.521,0.0,9.906311
2019-05-02,9,0,reserve,system,4100.787,0.0,28.228276,4100.787,0.0,6.125511
2019-05-02,10,0,reserve,system,4252.501,0.0,0.0,4252.501,0.0,6.749637
2019-05-02,11,0,reserve,system,4402.839,0.0,11.01164,4402.839,0.0,6.937305
2019-05-02,12,0,reserve,system,4543.64,0.0,0.0,4543.64,0.0,16.263215
2019-05-02,13,0,reserve,system,4638.01,0.0,0.0,4638.01,0.0,7.236295
2019-05-02,14,0,reserve,system,4673.968,0.0,0.0,4673.968,0.0,6.582563
2019-05-02,15,0,reserve,system,4663.436,0.0,0.0,4663.436,0.0,9.457719
2019-05-02,16,0,reserve,system,4567.696,0.0,0.0,4567.696,0.0,3.838616
2019-05-02,17,0,reserve,system,4423.017,0.0,0.0,4423.017,0.0,5.666206
2019-05-02,18,0,reserve,system,4329.218,0.0,0.0,4329.218,0.0,0.0
2019-05-02,19,0,reserve,system,4301.954,0.0,23.837504,4301.954,0.0,15.799811
2019-05-02,20,0,reserve,system,4162.634,0.0,0.0,4162.634,0.0,7.397573
2019-05-02,21,0,reserve,system,3880.258,0.0,0.0,3880.258,0.0,6.372735
2019-05-02,22,0,reserve,system,3576.819,0.0,0.0,3576.819,0.0,0.719216
2019-05-02,23,0,reserve,system,3335.458,0.0,0.0,3335.458,0.0,0.0
2019-05-03,0,0,reserve,system,3200.609,0.0,0.0,3200.609,0.0,1.291063
2019-05-03,1,0,reserve,system,3118.059,0.0,0.0,3118.059,0.0,0.0
2019-05-03,2,0,reserve,system,3085.612,0.0,0.0,3085.612,0.0,2.037571
2019-05-03,3,0,reserve,system,3124.297,0.0,0.0,3124.297,0.0,3.313798
2019-05-03,4,0,reserve,system,3302.43,0.0,0.0,3302.43,0.0,3.968526
2019-05-03,5,0,reserve,system,3595.027,0.0,0.0,3595.027,0.0,7.642521
2019-05-03,6,0,reserve,system,3728.612,0.0,0.0,3728.612,0.0,6.550912
2019-05-03,7,0,reserve,system,3796.644,0.0,0.0,3796.644,0.0,6.70837
2019-05-03,8,0,reserve,system,3880.838,0.0,0.0,3880.838,0.0,6.41284
2019-05-03,9,0,reserve,system,3970.477,0.0,0.0,3970.477,0.0,7.359076
2019-05-03,10,0,reserve,system,4061.128,0.0,0.0,4061.128,0.0,14.946026
2019-05-03,11,0,reserve,system,4142.647,0.0,0.0,4142.647,0.0,4.869462
2019-05-03,12,0,reserve,system,4245.032,0.0,0.0,4245.032,0.0,6.381301
2019-05-03,13,0,reserve,system,4302.827,0.0,8.192841,4302.827,0.0,0.0
2019-05-03,14,0,reserve,system,4340.709,0.0,9.185029,4340.709,0.0,5.998794
2019-05-03,15,0,reserve,system,4368.891,0.0,0.0,4368.891,0.0,9.685617
2019-05-03,16,0,reserve,system,4323.658,0.0,0.0,4323.658,0.0,3.097125
2019-05-03,17,0,reserve,system,4223.645,0.0,0.0,4223.645,0.0,8.693651
2019-05-03,18,0,reserve,system,4138.587,0.0,0.0,4138.587,0.0,13.810706
2019-05-03,19,0,reserve,system,4140.684,0.0,0.0,4140.684,0.0,0.0
2019-05-03,20,0,reserve,system,4034.482,0.0,9.052318,4034.482,0.0,19.054198
2019-05-03,21,0,reserve,system,3838.32,0.0,0.0,3838.32,0.0,8.439081
2019-05-03,22,0,reserve,system,3581.89,0.0,0.0,3581.89,0.0,0.0
2019-05-03,23,0,reserve,system,3361.15,0.0,5.112433,3361.15,0.0,10.029364
2019-05-04,0,0,reserve,system,3198.907,0.0,0.0,3198.907,0.0,12.262305
2019-05-04,1,0,reserve,system,3056.971,0.0,0.0,3056.971,0.0,0.0
2019-05-04,2,0,reserve,system,2954.109,0.0,0.0,2954.109,0.0,0.0
2019-05-04,3,0,reserve,system,2929.584,0.0,0.0,2929.584,0.0,5.117835
2019-05-04,4,0,reserve,system,2974.39,0.0,30.64492,2974.39,0.0,5.245465
2019-05-04,5,0,reserve,system,3061.662,0.0,0.0,3061.662,0.0,6.444151
2019-05-04,6,0,reserve,system,3147.776,0.0,0.0,3147.776,0.0,5.495942
2019-05-04,7,0,reserve,system,3360.069,0.0,0.0,3360.069,0.0,7.61399
2019-05-04,8,0,reserve,system,3579.173,0.0,0.0,3579.173,0.0,5.513789
2019-05-04,9,0,reserve,system,3770.688,0.0,0.0,3770.688,0.0,11.65334
2019-05-04,10,0,reserve,system,3954.916,0.0,0.0,3954.916,0.0,0.0
2019-05-04,11,0,reserve,system,4107.416,0.0,0.0,4107.416,0.0,9.319897
2019-05-04,12,0,reserve,system,4251.11,0.0,24.798977,4251.11,0.0,4.699918
2019-05-04,13,0,reserve,system,4399.187,0.0,0.0,4399.187,0.0,8.125671
2019-05-04,14,0,reserve,system,4522.927,0.0,0.0,4522.927,0.0,3.622594
2019-05-04,15,0,reserve,system,4600.652,0.0,0.0,4600.652,0.0,15.297998
2019-05-04,16,0,reserve,system,4619.206,0.0,0.0,4619.206,0.0,2.355058
2019-05-04,17,0,reserve,system,4529.156,0.0,0.0,4529.156,0.0,5.762374
2019-05-04,18,0,reserve,system,4349.963,0.0,0.0,4349.963,0.0,0.0
2019-05-04,19,0,reserve,system,4264.694,0.0,0.0,4264.694,0.0,21.987357
2019-05-04,20,0,reserve,system,4115.513,0.0,0.0,4115.513,0.0,6.81522
2019-05-04,21,0,reserve,system,3891.613,0.0,0.0,3891.613,0.0,6.659197
2019-05-04,22,0,reserve,system,3620.405,0.0,0.0,3620.405,0.0,5.846409
2019-05-04,23,0,reserve,system,3381.818,0.0,0.0,3381.818,0.0,7.444806
2019-05-05,0,0,reserve,system,3191.673,0.0,0.0,3191.673,0.0,10.404253
2019-05-05,1,0,reserve,system,3062.853,0.0,0.0,3062.853,0.0,0.0
2019-05-05,2,0,reserve,system,2972.885,0.0,0.0,2972.885,0.0,2.690798
2019-05-05,3,0,reserve,system,2925.203,0.0,0.0,2925.203,0.0,0.0
2019-05-05,4,0,reserve,system,2932.179,0.0,0.0,2932.179,0.0,4.619319
2019-05-05,5,0,reserve,system,2968.395,0.0,0.0,2968.395,0.0,7.353502
2019-05-05,6,0,reserve,system,3033.225,0.0,0.0,3033.225,0.0,0.0
2019-05-05,7,0,reserve,system,3265.071,0.0,0.0,3265.071,0.0,17.685198
2019-05-05,8,0,reserve,system,3532.946,0.0,0.826552,3532.946,0.0,0.0
2019-05-05,9,0,reserve,system,3790.06,0.0,0.0,3790.06,0.0,2.47973
2019-05-05,10,0,reserve,system,4046.495,0.0,0.0,4046.495,0.0,6.864339
2019-05-05,11,0,reserve,system,4268.032,0.0,2.866221,4268.032,0.0,5.220799
2019-05-05,12,0,reserve,system,4481.634,0.0,14.334199,4481.634,0.0,6.758866
2019-05-05,13,0,reserve,system,4669.42,0.0,20.802889,4669.42,0.0,6.421063
2019-05-05,14,0,reserve,system,4824.008,0.0,0.0,4824.008,0.0,7.251642
2019-05-05,15,0,reserve,system,4931.518,0.0,0.0,4931.518,0.0,7.246571
2019-05-05,16,0,reserve,system,4971.205,0.0,17.829368,4971.205,0.0,20.934821
2019-05-05,17,0,reserve,system,4882.122,0.0,0.0,4882.122,0.0,9.753726
2019-05-05,18,0,reserve,system,4728.892,0.0,0.0,4728.892,0.0,0.0
2019-05-05,19,0,reserve,system,4638.96,0.0,33.934222,4638.96,0.0,12.915685
2019-05-05,20,0,reserve,system,4487.652,0.0,0.0,4487.652,0.0,6.337537
2019-05-05,21,0,reserve,system,4162.226,0.0,0.0,4162.226,0.0,7.920614
2019-05-05,22,0,reserve,system,3781.48,0.0,0.0,3781.48,0.0,3.399151
2019-05-05,23,0,reserve,system,3486.309,0.0,0.0,3486.309,0.0,4.669922
2019-05-06,0,0,reserve,system,3291.498,0.0,0.0,3291.498,0.0,3.357686
2019-05-06,1,0,reserve,system,3186.934,0.0,0.0,3186.934,0.0,0.0
2019-05-06,2,0,reserve,system,3140.275,0.0,0.0,3140.275,0.0,0.340507
2019-05-06,3,0,reserve,system,3173.22,0.0,0.0,3173.22,0.0,1.415454
2019-05-06,4,0,reserve,system,3352.435,0.0,6.041686,3352.435,0.0,4.460404
2019-05-06,5,0,reserve,system,3650.566,0.0,0.0,3650.566,0.0,3.940018
2019-05-06,6,0,reserve,system,3770.194,0.0,0.0,3770.194,0.0,6.57092
2019-05-06,7,0,reserve,system,3871.805,0.0,0.0,3871.805,0.0,6.431758
2019-05-06,8,0,reserve,system,4037.693,0.0,0.0,4037.693,0.0,7.373633
2019-05-06,9,0,reserve,system,4221.117,0.0,5.912274,4221.117,0.0,6.699958
2019-05-06,10,0,reserve,system,4372.71,0.0,0.0,4372.71,0.0,5.105231
2019-05-06,11,0,reserve,system,4504.141,0.0,0.0,4504.141,0.0,7.42269
2019-05-06,12,0,reserve,system,4654.527,0.0,6.514034,4654.527,0.0,6.990593
2019-05-06,13,0,reserve,system,4776.755,0.0,0.0,4776.755,0.0,6.650892
2019-05-06,14,0,reserve,system,4859.807,0.0,0.0,4859.807,0.0,7.194814
2019-05-06,15,0,reserve,system,4902.202,0.0,10.195267,4902.202,0.0,18.244909
2019-05-06,16,0,reserve,system,4879.965,0.0,0.0,4879.965,0.0,2.418805
2019-05-06,17,0,reserve,system,4795.498,0.0,0.0,4795.498,0.0,9.106559
2019-05-06,18,0,reserve,system,4695.038,0.0,0.0,4695.038,0.0,0.0
2019-05-06,19,0,reserve,system,4699.705,0.0,7.275878,4699.705,0.0,13.884268
2019-05-06,20,0,reserve,system,4564.436,0.0,0.0,4564.436,0.0,7.0376
2019-05-06,21,0,reserve,system,4237.072,0.0,0.0,4237.072,0.0,6.650564
2019-05-06,22,0,reserve,system,3876.863,0.0,0.0,3876.863,0.0,6.439087
2019-05-06,23,0,reserve,system,3599.299,0.0,0.0,3599.299,0.0,3.98561
2019-05-07,0,0,reserve,system,3412.735,0.0,0.0,3412.735,0.0,5.668469
2019-05-07,1,0,reserve,system,3305.329,0.0,0.0,3305.329,0.0,0.0
2019-05-07,2,0,reserve,system,3251.219,0.0,0.0,3251.219,0.0,0.0
2019-05-07,3,0,reserve,system,3292.694,0.0,5.383046,3292.694,0.0,5.328845
2019-05-07,4,0,reserve,system,3468.905,0.0,0.0,3468.905,0.0,4.221269
2019-05-07,5,0,reserve,system,3776.685,0.0,22.641955,3776.685,0.0,7.82948
2019-05-07,6,0,reserve,system,3889.389,0.0,0.0,3889.389,0.0,6.079698
2019-05-07,7,0,reserve,system,3988.179,0.0,0.0,3988.179,0.0,25.531957
2019-05-07,8,0,reserve,system,4150.285,0.0,0.0,4150.285,0.0,7.012465
2019-05-07,9,0,reserve,system,4325.697,0.0,0.0,4325.697,0.0,5.214315
2019-05-07,10,0,reserve,system,4487.109,0.0,0.0,4487.109,0.0,3.962081
2019-05-07,11,0,reserve,system,4605.501,0.0,2.972021,4605.501,0.0,3.869501
2019-05-07,12,0,reserve,system,4739.709,0.0,0.0,4739.709,0.0,3.701052
2019-05-07,13,0,reserve,system,4858.429,0.0,0.0,4858.429,0.0,9.150225
2019-05-07,14,0,reserve,system,4936.964,0.0,0.0,4936.964,0.0,5.533853
2019-05-07,15,0,reserve,system,4996.769,0.0,0.0,4996.769,0.0,8.509551
2019-05-07,16,0,reserve,system,4992.985,0.0,0.0,4992.985,0.0,19.86067
2019-05-07,17,0,reserve,system,4869.155,0.0,0.0,4869.155,0.0,9.722184
2019-05-07,18,0,reserve,system,4691.839,0.0,0.0,4691.839,0.0,0.0
2019-05-07,19,0,reserve,system,4626.172,0.0,0.0,4626.172,0.0,11.508166
2019-05-07,20,0,reserve,system,4474.18,0.0,0.0,4474.18,0.0,7.229169
2019-05-07,21,0,reserve,system,4159.595,0.0,0.0,4159.595,0.0,6.854024
2019-05-07,22,0,reserve,system,3818.569,0.0,0.0,3818.569,0.0,3.623848
2019-05-07,23,0,reserve,system,3568.002,0.0,3.959156,3568.002,0.0,4.367928
2019-05-08,0,0,reserve,system,3403.971,0.0,0.0,3403.971,0.0,3.836854
2019-05-08,1,0,reserve,system,3306.284,0.0,0.0,3306.284,0.0,7.380564
2019-05-08,2,0,reserve,system,3252.262,0.0,0.0,3252.262,0.0,0.0
2019-05-08,3,0,reserve,system,3257.708,0.0,0.0,3257.708,0.0,0.0
2019-05-08,4,0,reserve,system,3405.034,0.0,0.0,3405.034,0.0,4.138326
2019-05-08,5,0,reserve,system,3704.604,0.0,0.458994,3704.604,0.0,4.340639
2019-05-08,6,0,reserve,system,3831.246,0.0,0.0,3831.246,0.0,3.398059
2019-05-08,7,0,reserve,system,3922.583,0.0,30.834084,3922.583,0.0,9.248977
2019-05-08,8,0,reserve,system,4040.716,0.0,0.0,4040.716,0.0,5.302142
2019-05-08,9,0,reserve,system,4158.086,0.0,2.111222,4158.086,0.0,6.628326
2019-05-08,10,0,reserve,system,4259.794,0.0,0.0,4259.794,0.0,4.599873
2019-05-08,11,0,reserve,system,4317.889,0.0,0.0,4317.889,0.0,7.722715
2019-05-08,12,0,reserve,system,4361.269,0.0,0.0,4361.269,0.0,11.054808
2019-05-08,13,0,reserve,system,4375.56,0.0,0.0,4375.56,0.0,0.0
2019-05-08,14,0,reserve,system,4414.694,0.0,0.0,4414.694,0.0,9.857043
2019-05-08,15,0,reserve,system,4489.401,0.0,11.892015,4489.401,0.0,5.136878
2019-05-08,16,0,reserve,system,4541.229,0.0,0.0,4541.229,0.0,6.741081
2019-05-08,17,0,reserve,system,4514.063,0.0,0.0,4514.063,0.0,14.09879
2019-05-08,18,0,reserve,system,4470.163,0.0,0.0,4470.163,0.0,0.0
2019-05-08,19,0,reserve,system,4486.093,0.0,0.0,4486.093,0.0,14.018981
2019-05-08,20,0,reserve,system,4385.119,0.0,0.0,4385.119,0.0,20.515949
2019-05-08,21,0,reserve,system,4105.157,0.0,0.0,4105.157,0.0,6.625959
2019-05-08,22,0,reserve,system,3804.335,0.0,0.0,3804.335,0.0,5.877885
2019-05-08,23,0,reserve,system,3574.183,0.0,0.0,3574.183,0.0,7.151723
2019-05-09,0,0,reserve,system,3442.583,0.0,0.0,3442.583,0.0,12.844145
2019-05-09,1,0,reserve,system,3350.476,0.0,0.0,3350.476,0.0,0.0
2019-05-09,2,0,reserve,system,3295.835,0.0,0.0,3295.835,0.0,0.0
2019-05-09,3,0,reserve,system,3336.001,0.0,9.385269,3336.001,0.0,8.934578
2019-05-09,4,0,reserve,system,3512.206,0.0,0.0,3512.206,0.0,4.427973
2019-05-09,5,0,reserve,system,3822.74,0.0,13.257819,3822.74,0.0,16.100652
2019-05-09,6,0,reserve,system,3931.316,0.0,0.0,3931.316,0.0,16.291502
2019-05-09,7,0,reserve,system,4017.778,0.0,0.0,4017.778,0.0,0.0
2019-05-09,8,0,reserve,system,4158.047,0.0,14.473131,4158.047,0.0,3.716332
2019-05-09,9,0,reserve,system,4314.87,0.0,0.0,4314.87,0.0,7.135024
2019-05-09,10,0,reserve,system,4492.582,0.0,0.0,4492.582,0.0,2.563166
2019-05-09,11,0,reserve,system,4650.806,0.0,0.0,4650.806,0.0,7.468376
2019-05-09,12,0,reserve,system,4816.467,0.0,0.0,4816.467,0.0,24.034336
2019-05-09,13,0,reserve,system,4916.111,0.0,0.0,4916.111,0.0,8.355507
2019-05-09,14,0,reserve,system,4910.506,0.0,0.0,4910.506,0.0,7.25472
2019-05-09,15,0,reserve,system,4898.648,0.0,0.0,4898.648,0.0,9.913912
2019-05-09,16,0,reserve,system,4792.367,0.0,0.0,4792.367,0.0,2.414905
2019-05-09,17,0,reserve,system,4621.191,0.0,0.0,4621.191,0.0,11.309337
2019-05-09,18,0,reserve,system,4483.927,0.0,3.716763,4483.927,0.0,0.0
2019-05-09,19,0,reserve,system,4412.318,0.0,2.495281,4412.318,0.0,14.003141
2019-05-09,20,0,reserve,system,4216.112,0.0,0.0,4216.112,0.0,7.506252
2019-05-09,21,0,reserve,system,3852.915,0.0,0.0,3852.915,0.0,5.607495
2019-05-09,22,0,reserve,system,3500.833,0.0,0.0,3500.833,0.0,4.937441
2019-05-09,23,0,reserve,system,3247.571,0.0,0.0,3247.571,0.0,0.0
2019-05-10,0,0,reserve,system,3097.576,0.0,0.0,3097.576,0.0,3.107127
2019-05-10,1,0,reserve,system,3007.223,0.0,0.0,3007.223,0.0,0.0
2019-05-10,2,0,reserve,system,2973.805,0.0,0.0,2973.805,0.0,0.067135
2019-05-10,3,0,reserve,system,2997.848,0.0,0.0,2997.848,0.0,2.319613
2019-05-10,4,0,reserve,system,3140.394,0.0,0.0,3140.394,0.0,1.106729
2019-05-10,5,0,reserve,system,3422.954,0.0,4.524198,3422.954,0.0,5.033324
2019-05-10,6,0,reserve,system,3560.616,0.0,1.686017,3560.616,0.0,3.436421
2019-05-10,7,0,reserve,system,3622.418,0.0,0.0,3622.418,0.0,3.956704
2019-05-10,8,0,reserve,system,3709.632,0.0,0.0,3709.632,0.0,4.948029
2019-05-10,9,0,reserve,system,3768.253,0.0,3.333236,3768.253,0.0,4.586942
2019-05-10,10,0,reserve,system,3788.037,0.0,0.0,3788.037,0.0,3.776657
2019-05-10,11,0,reserve,system,3779.16,0.0,3.188489,3779.16,0.0,3.700475
2019-05-10,12,0,reserve,system,3805.357,0.0,32.929094,3805.357,0.0,17.559052
2019-05-10,13,0,reserve,system,3811.181,0.0,0.0,3811.181,0.0,0.0
2019-05-10,14,0,reserve,system,3812.038,0.0,0.0,3812.038,0.0,0.0
2019-05-10,15,0,reserve,system,3818.918,0.0,7.876479,3818.918,0.0,18.489809
2019-05-10,16,0,reserve,system,3821.877,0.0,0.0,3821.877,0.0,0.0
2019-05-10,17,0,reserve,system,3794.667,0.0,0.0,3794.667,0.0,7.552779
2019-05-10,18,0,reserve,system,3752.328,0.0,0.0,3752.328,0.0,0.0
2019-05-10,19,0,reserve,system,3789.01,0.0,0.0,3789.01,0.0,10.100852
2019-05-10,20,0,reserve,system,3727.248,0.0,1.694299,3727.248,0.0,13.925012
2019-05-10,21,0,reserve,system,3562.58,0.0,0.0,3562.58,0.0,9.72314
2019-05-10,22,0,reserve,system,3363.862,0.0,0.0,3363.862,0.0,0.0
2019-05-10,23,0,reserve,system,3178.363,0.0,0.0,3178.363,0.0,10.810521
2019-05-11,0,0,reserve,system,3045.889,0.0,0.0,3045.889,0.0,12.314882
2019-05-11,1,0,reserve,system,2957.962,0.0,0.0,2957.962,0.0,0.0
2019-05-11,2,0,reserve,system,2915.39,0.0,0.0,2915.39,0.0,6.074564
2019-05-11,3,0,reserve,system,2910.599,0.0,0.0,2910.599,0.0,3.724845
2019-05-11,4,0,reserve,system,2952.755,0.0,0.0,2952.755,0.0,5.7745
2019-05-11,5,0,reserve,system,3060.561,0.0,0.0,3060.561,0.0,6.00638
2019-05-11,6,0,reserve,system,3176.435,0.0,0.0,3176.435,0.0,5.223683
2019-05-11,7,0,reserve,system,3334.267,0.0,0.0,3334.267,0.0,7.664238
2019-05-11,8,0,reserve,system,3495.572,0.0,0.0,3495.572,0.0,6.614476
2019-05-11,9,0,reserve,system,3606.191,0.0,0.0,3606.191,0.0,20.435028
2019-05-11,10,0,reserve,system,3662.218,0.0,0.0,3662.218,0.0,6.635182
2019-05-11,11,0,reserve,system,3660.43,0.0,0.0,3660.43,0.0,6.052176
2019-05-11,12,0,reserve,system,3626.384,0.0,0.0,3626.384,0.0,7.264853
2019-05-11,13,0,reserve,system,3582.244,0.0,0.0,3582.244,0.0,5.53426
2019-05-11,14,0,reserve,system,3552.82,0.0,14.662441,3552.82,0.0,8.611817
2019-05-11,15,0,reserve,system,3553.558,0.0,0.0,3553.558,0.0,0.0
2019-05-11,16,0,reserve,system,3555.499,0.0,0.0,3555.499,0.0,0.0
2019-05-11,17,0,reserve,system,3549.025,0.0,0.0,3549.025,0.0,9.254031
2019-05-11,18,0,reserve,system,3547.543,0.0,38.670081,3547.543,0.0,5.061036
2019-05-11,19,0,reserve,system,3618.023,0.0,0.0,3618.023,0.0,6.953186
2019-05-11,20,0,reserve,system,3590.58,0.0,0.0,3590.58,0.0,17.580513
2019-05-11,21,0,reserve,system,3461.565,0.0,0.0,3461.565,0.0,7.140644
2019-05-11,22,0,reserve,system,3288.716,0.0,0.0,3288.716,0.0,5.805863
2019-05-11,23,0,reserve,system,3114.146,0.0,0.0,3114.146,0.0,6.420397
2019-05-12,0,0,reserve,system,2982.502,0.0,0.0,2982.502,0.0,11.750597
2019-05-12,1,0,reserve,system,2895.9,0.0,0.0,2895.9,0.0,0.0
2019-05-12,2,0,reserve,system,2848.468,0.0,0.0,2848.468,0.0,0.0
2019-05-12,3,0,reserve,system,2833.604,0.0,0.0,2833.604,0.0,9.458032
2019-05-12,4,0,reserve,system,2853.044,0.0,0.0,2853.044,0.0,0.0
2019-05-12,5,0,reserve,system,2895.285,0.0,0.0,2895.285,0.0,8.283572
2019-05-12,6,0,reserve,system,2964.676,0.0,0.0,2964.676,0.0,4.782754
2019-05-12,7,0,reserve,system,3136.417,0.0,0.0,3136.417,0.0,6.350241
2019-05-12,8,0,reserve,system,3314.599,0.0,0.0,3314.599,0.0,12.001865
2019-05-12,9,0,reserve,system,3431.661,0.0,0.0,3431.661,0.0,9.727372
2019-05-12,10,0,reserve,system,3533.471,0.0,0.0,3533.471,0.0,0.0
2019-05-12,11,0,reserve,system,3604.549,0.0,0.0,3604.549,0.0,8.117422
2019-05-12,12,0,reserve,system,3689.064,0.0,0.0,3689.064,0.0,0.0
2019-05-12,13,0,reserve,system,3799.242,0.0,0.0,3799.242,0.0,7.421493
2019-05-12,14,0,reserve,system,3924.617,0.0,0.0,3924.617,0.0,6.367624
2019-05-12,15,0,reserve,system,4041.865,0.0,0.0,4041.865,0.0,9.419697
2019-05-12,16,0,reserve,system,4118.314,0.0,2.075066,4118.314,0.0,2.257943
2019-05-12,17,0,reserve,system,4125.442,0.0,0.0,4125.442,0.0,9.0839
2019-05-12,18,0,reserve,system,4066.734,0.0,0.0,4066.734,0.0,5.855774
2019-05-12,19,0,reserve,system,4035.702,0.0,0.0,4035.702,0.0,8.455081
2019-05-12,20,0,reserve,system,3959.366,0.0,12.25603,3959.366,0.0,23.603466
2019-05-12,21,0,reserve,system,3730.079,0.0,0.0,3730.079,0.0,8.44569
2019-05-12,22,0,reserve,system,3415.048,0.0,0.0,3415.048,0.0,5.660678
2019-05-12,23,0,reserve,system,3163.73,0.0,0.0,3163.73,0.0,6.582161
2019-05-13,0,0,reserve,system,3009.397,0.0,30.81377,3009.397,0.0,11.696808
2019-05-13,1,0,reserve,system,2922.809,0.0,0.0,2922.809,0.0,0.0
2019-05-13,2,0,reserve,system,2884.924,0.0,0.0,2884.924,0.0,0.0
2019-05-13,3,0,reserve,system,2919.262,0.0,0.0,2919.262,0.0,4.821138
2019-05-13,4,0,reserve,system,3084.731,0.0,0.0,3084.731,0.0,5.214775
2019-05-13,5,0,reserve,system,3367.746,0.0,23.583061,3367.746,0.0,7.254707
2019-05-13,6,0,reserve,system,3501.524,0.0,0.0,3501.524,0.0,6.563792
2019-05-13,7,0,reserve,system,3602.81,0.0,0.0,3602.81,0.0,8.421955
2019-05-13,8,0,reserve,system,3758.427,0.0,0.0,3758.427,0.0,12.872633
2019-05-13,9,0,reserve,system,3922.293,0.0,38.08886,3922.293,0.0,9.537787
2019-05-13,10,0,reserve,system,4067.176,0.0,0.0,4067.176,0.0,0.0
2019-05-13,11,0,reserve,system,4217.469,0.0,0.0,4217.469,0.0,3.315757
2019-05-13,12,0,reserve,system,4375.642,0.0,0.0,4375.642,0.0,6.527989
2019-05-13,13,0,reserve,system,4515.105,0.0,0.0,4515.105,0.0,5.270321
2019-05-13,14,0,reserve,system,4662.753,0.0,0.0,4662.753,0.0,7.170668
2019-05-13,15,0,reserve,system,4795.471,0.0,1.378929,4795.471,0.0,6.029035
2019-05-13,16,0,reserve,system,4840.59,0.0,0.0,4840.59,0.0,17.22767
2019-05-13,17,0,reserve,system,4773.079,0.0,0.0,4773.079,0.0,8.939665
2019-05-13,18,0,reserve,system,4623.993,0.0,0.0,4623.993,0.0,3.79543
2019-05-13,19,0,reserve,system,4557.951,0.0,0.0,4557.951,0.0,12.254714
2019-05-13,20,0,reserve,system,4387.459,0.0,0.0,4387.459,0.0,6.259645
2019-05-13,21,0,reserve,system,4028.829,0.0,0.0,4028.829,0.0,7.569952
2019-05-13,22,0,reserve,system,3652.056,0.0,0.0,3652.056,0.0,4.820406
2019-05-13,23,0,reserve,system,3376.497,0.0,0.0,3376.497,0.0,9.522025
2019-05-14,0,0,reserve,system,3201.292,0.0,0.0,3201.292,0.0,9.016401
2019-05-14,1,0,reserve,system,3091.001,0.0,0.0,3091.001,0.0,0.0
2019-05-14,2,0,reserve,system,3037.298,0.0,0.0,3037.298,0.0,0.0
2019-05-14,3,0,reserve,system,3054.91,0.0,0.0,3054.91,0.0,5.349814
2019-05-14,4,0,reserve,system,3203.143,0.0,0.0,3203.143,0.0,6.072835
2019-05-14,5,0,reserve,system,3476.69,0.0,0.0,3476.69,0.0,7.231324
2019-05-14,6,0,reserve,system,3616.084,0.0,0.0,3616.084,0.0,7.689591
2019-05-14,7,0,reserve,system,3747.321,0.0,0.0,3747.321,0.0,9.263258
2019-05-14,8,0,reserve,system,3926.916,0.0,0.0,3926.916,0.0,9.424716
2019-05-14,9,0,reserve,system,4137.931,0.0,0.0,4137.931,0.0,13.720524
2019-05-14,10,0,reserve,system,4354.432,0.0,0.0,4354.432,0.0,0.0
2019-05-14,11,0,reserve,system,4530.978,0.0,0.0,4530.978,0.0,13.853011
2019-05-14,12,0,reserve,system,4689.108,0.0,0.0,4689.108,0.0,12.680391
2019-05-14,13,0,reserve,system,4836.458,0.0,0.0,4836.458,0.0,3.705888
2019-05-14,14,0,reserve,system,4953.412,0.0,14.943881,4953.412,0.0,12.425608
2019-05-14,15,0,reserve,system,5032.11,0.0,31.625959,5032.11,0.0,22.079599
2019-05-14,16,0,reserve,system,5053.436,0.0,50.0,5053.436,0.0,11.147853
2019-05-14,17,0,reserve,system,4960.555,0.0,0.0,4960.555,0.0,8.707372
2019-05-14,18,0,reserve,system,4808.008,0.0,0.0,4808.008,0.0,14.372701
2019-05-14,19,0,reserve,system,4719.259,0.0,0.0,4719.259,0.0,2.778669
2019-05-14,20,0,reserve,system,4553.78,0.0,0.0,4553.78,0.0,15.24066
2019-05-14,21,0,reserve,system,4196.264,0.0,0.0,4196.264,0.0,7.696172
2019-05-14,22,0,reserve,system,3810.612,0.0,0.0,3810.612,0.0,5.737125
2019-05-14,23,0,reserve,system,3512.103,0.0,0.0,3512.103,0.0,8.559661
2019-05-15,0,0,reserve,system,3316.6,0.0,0.0,3316.6,0.0,12.680002
2019-05-15,1,0,reserve,system,3204.002,0.0,0.0,3204.002,0.0,0.0
2019-05-15,2,0,reserve,system,3137.001,0.0,0.0,3137.001,0.0,0.0
2019-05-15,3,0,reserve,system,3139.448,0.0,0.0,3139.448,0.0,4.11462
2019-05-15,4,0,reserve,system,3288.733,0.0,0.0,3288.733,0.0,6.376886
2019-05-15,5,0,reserve,system,3557.727,0.0,0.0,3557.727,0.0,6.574735
2019-05-15,6,0,reserve,system,3691.335,0.0,0.0,3691.335,0.0,7.568902
2019-05-15,7,0,reserve,system,3830.928,0.0,0.0,3830.928,0.0,8.669273
2019-05-15,8,0,reserve,system,4044.14,0.0,0.0,4044.14,0.0,8.508234
2019-05-15,9,0,reserve,system,4265.889,0.0,0.0,4265.889,0.0,14.91639
2019-05-15,10,0,reserve,system,4499.426,0.0,0.0,4499.426,0.0,0.0
2019-05-15,11,0,reserve,system,4710.806,0.0,23.433952,4710.806,0.0,14.946861
2019-05-15,12,0,reserve,system,4921.032,0.0,35.510164,4921.032,0.0,7.505173
2019-05-15,13,0,reserve,system,5102.613,0.0,30.032886,5102.613,0.0,10.706062
2019-05-15,14,0,reserve,system,5251.396,0.0,0.0,5251.396,0.0,9.131746
2019-05-15,15,0,reserve,system,5374.335,0.0,0.0,5374.335,0.0,11.213269
2019-05-15,16,0,reserve,system,5392.62,0.0,0.0,5392.62,0.0,18.776752
2019-05-15,17,0,reserve,system,5272.23,0.0,30.70424,5272.23,0.0,9.227227
2019-05-15,18,0,reserve,system,5057.331,0.0,0.0,5057.331,0.0,10.193953
2019-05-15,19,0,reserve,system,4911.535,0.0,0.0,4911.535,0.0,9.721016
2019-05-15,20,0,reserve,system,4733.728,0.0,0.0,4733.728,0.0,10.316208
2019-05-15,21,0,reserve,system,4354.743,0.0,0.0,4354.743,0.0,8.205824
2019-05-15,22,0,reserve,system,3943.177,0.0,0.0,3943.177,0.0,5.72406
2019-05-15,23,0,reserve,system,3621.205,0.0,0.0,3621.205,0.0,8.342019
2019-05-16,0,0,reserve,system,3404.501,0.0,0.0,3404.501,0.0,10.299128
2019-05-16,1,0,reserve,system,3268.691,0.0,0.0,3268.691,0.0,4.386329
2019-05-16,2,0,reserve,system,3182.416,0.0,0.0,3182.416,0.0,4.93384
2019-05-16,3,0,reserve,system,3189.41,0.0,12.662473,3189.41,0.0,0.0
2019-05-16,4,0,reserve,system,3345.687,0.0,0.0,3345.687,0.0,0.0
2019-05-16,5,0,reserve,system,3625.342,0.0,22.0581,3625.342,0.0,9.888731
2019-05-16,6,0,reserve,system,3759.385,0.0,6.277819,3759.385,0.0,5.071203
2019-05-16,7,0,reserve,system,3920.083,0.0,0.0,3920.083,0.0,23.887309
2019-05-16,8,0,reserve,system,4129.444,0.0,0.0,4129.444,0.0,0.0
2019-05-16,9,0,reserve,system,4380.327,0.0,0.0,4380.327,0.0,3.115105
2019-05-16,10,0,reserve,system,4616.884,0.0,0.0,4616.884,0.0,4.327538
2019-05-16,11,0,reserve,system,4850.701,0.0,0.0,4850.701,0.0,7.858973
2019-05-16,12,0,reserve,system,5081.224,0.0,10.96904,5081.224,0.0,11.973724
2019-05-16,13,0,reserve,system,5254.092,0.0,1.956531,5254.092,0.0,8.566371
2019-05-16,14,0,reserve,system,5385.034,0.0,0.0,5385.034,0.0,11.811045
2019-05-16,15,0,reserve,system,5483.97,0.0,0.0,5483.97,0.0,24.721275
2019-05-16,16,0,reserve,system,5468.952,0.0,0.0,5468.952,0.0,10.14745
2019-05-16,17,0,reserve,system,5343.074,0.0,0.0,5343.074,0.0,11.693551
2019-05-16,18,0,reserve,system,5124.568,0.0,0.0,5124.568,0.0,6.578217
2019-05-16,19,0,reserve,system,4988.57,0.0,0.0,4988.57,0.0,8.894539
2019-05-16,20,0,reserve,system,4821.871,0.0,0.0,4821.871,0.0,6.419394
2019-05-16,21,0,reserve,system,4464.356,0.0,0.0,4464.356,0.0,7.868221
2019-05-16,22,0,reserve,system,4080.019,0.0,0.0,4080.019,0.0,3.932568
2019-05-16,23,0,reserve,system,3778.955,0.0,0.0,3778.955,0.0,5.494471
2019-05-17,0,0,reserve,system,3573.437,0.0,0.0,3573.437,0.0,8.315965
2019-05-17,1,0,reserve,system,3438.176,0.0,0.0,3438.176,0.0,0.0
2019-05-17,2,0,reserve,system,3361.205,0.0,0.0,3361.205,0.0,1.740588
2019-05-17,3,0,reserve,system,3375.223,0.0,0.0,3375.223,0.0,1.414822
2019-05-17,4,0,reserve,system,3522.999,0.0,3.511112,3522.999,0.0,4.604206
2019-05-17,5,0,reserve,system,3802.536,0.0,0.0,3802.536,0.0,4.409977
2019-05-17,6,0,reserve,system,3934.343,0.0,2.623594,3934.343,0.0,6.397077
2019-05-17,7,0,reserve,system,4062.376,0.0,15.103167,4062.376,0.0,6.656048
2019-05-17,8,0,reserve,system,4255.333,0.0,12.914157,4255.333,0.0,6.257437
2019-05-17,9,0,reserve,system,4484.729,0.0,0.0,4484.729,0.0,6.69049
2019-05-17,10,0,reserve,system,4722.834,0.0,0.0,4722.834,0.0,7.128573
2019-05-17,11,0,reserve,system,4912.529,0.0,0.0,4912.529,0.0,6.837699
2019-05-17,12,0,reserve,system,5124.663,0.0,10.264497,5124.663,0.0,8.103185
2019-05-17,13,0,reserve,system,5324.157,0.0,2.640213,5324.157,0.0,8.279319
2019-05-17,14,0,reserve,system,5447.157,0.0,0.0,5447.157,0.0,10.261603
2019-05-17,15,0,reserve,system,5528.375,0.0,18.238998,5528.375,0.0,18.18835
2019-05-17,16,0,reserve,system,5499.645,0.0,11.334129,5499.645,0.0,16.90991
2019-05-17,17,0,reserve,system,5326.679,0.0,0.0,5326.679,0.0,10.040829
2019-05-17,18,0,reserve,system,5104.959,0.0,0.0,5104.959,0.0,0.0
2019-05-17,19,0,reserve,system,5020.722,0.0,2.784359,5020.722,0.0,21.846085
2019-05-17,20,0,reserve,system,4908.421,0.0,0.0,4908.421,0.0,6.819913
2019-05-17,21,0,reserve,system,4676.449,0.0,0.0,4676.449,0.0,7.242525
2019-05-17,22,0,reserve,system,4386.867,0.0,0.0,4386.867,0.0,5.985399
2019-05-17,23,0,reserve,system,4115.245,0.0,0.0,4115.245,0.0,8.135567
2019-05-18,0,0,reserve,system,3904.941,0.0,0.0,3904.941,0.0,8.929867
2019-05-18,1,0,reserve,system,3775.086,0.0,0.0,3775.086,0.0,5.838275
2019-05-18,2,0,reserve,system,3672.755,0.0,0.0,3672.755,0.0,1.912618
2019-05-18,3,0,reserve,system,3621.303,0.0,0.0,3621.303,0.0,0.0
2019-05-18,4,0,reserve,system,3632.366,0.0,0.0,3632.366,0.0,3.729595
2019-05-18,5,0,reserve,system,3684.412,0.0,4.699001,3684.412,0.0,3.733928
2019-05-18,6,0,reserve,system,3788.362,0.0,0.0,3788.362,0.0,5.035646
2019-05-18,7,0,reserve,system,3980.53,0.0,3.406373,3980.53,0.0,5.366787
2019-05-18,8,0,reserve,system,4204.88,0.0,12.896285,4204.88,0.0,7.101133
2019-05-18,9,0,reserve,system,4383.923,0.0,0.0,4383.923,0.0,6.293596
2019-05-18,10,0,reserve,system,4524.564,0.0,6.165304,4524.564,0.0,7.184546
2019-05-18,11,0,reserve,system,4576.268,0.0,0.0,4576.268,0.0,10.869291
2019-05-18,12,0,reserve,system,4577.01,0.0,0.0,4577.01,0.0,6.448428
2019-05-18,13,0,reserve,system,4558.82,0.0,0.0,4558.82,0.0,5.112129
2019-05-18,14,0,reserve,system,4568.4,0.0,8.093758,4568.4,0.0,4.640129
2019-05-18,15,0,reserve,system,4580.532,0.0,0.0,4580.532,0.0,9.009662
2019-05-18,16,0,reserve,system,4541.665,0.0,0.0,4541.665,0.0,3.285647
2019-05-18,17,0,reserve,system,4515.062,0.0,21.398153,4515.062,0.0,11.959283
2019-05-18,18,0,reserve,system,4457.648,0.0,0.0,4457.648,0.0,0.0
2019-05-18,19,0,reserve,system,4461.052,0.0,16.676706,4461.052,0.0,21.624737
2019-05-18,20,0,reserve,system,4415.369,0.0,0.0,4415.369,0.0,11.574855
2019-05-18,21,0,reserve,system,4239.93,0.0,0.0,4239.93,0.0,0.0
2019-05-18,22,0,reserve,system,4027.286,0.0,0.0,4027.286,0.0,14.84798
2019-05-18,23,0,reserve,system,3804.617,0.0,0.0,3804.617,0.0,0.0
2019-05-19,0,0,reserve,system,3643.742,0.0,0.0,3643.742,0.0,11.191909
2019-05-19,1,0,reserve,system,3530.243,0.0,0.0,3530.243,0.0,0.0
2019-05-19,2,0,reserve,system,3461.473,0.0,0.0,3461.473,0.0,0.0
2019-05-19,3,0,reserve,system,3427.991,0.0,0.0,3427.991,0.0,11.591401
2019-05-19,4,0,reserve,system,3415.126,0.0,0.0,3415.126,0.0,0.0
2019-05-19,5,0,reserve,system,3420.954,0.0,0.0,3420.954,0.0,10.128094
2019-05-19,6,0,reserve,system,3487.492,0.0,13.340292,3487.492,0.0,3.456254
2019-05-19,7,0,reserve,system,3736.466,0.0,0.0,3736.466,0.0,10.05806
2019-05-19,8,0,reserve,system,4022.923,0.0,0.0,4022.923,0.0,8.075322
2019-05-19,9,0,reserve,system,4305.18,0.0,0.0,4305.18,0.0,10.303484
2019-05-19,10,0,reserve,system,4575.398,0.0,16.498487,4575.398,0.0,8.609721
2019-05-19,11,0,reserve,system,4822.93,0.0,19.817626,4822.93,0.0,11.297107
2019-05-19,12,0,reserve,system,5046.765,0.0,0.0,5046.765,0.0,13.402862
2019-05-19,13,0,reserve,system,5244.954,0.0,0.0,5244.954,0.0,3.47452
2019-05-19,14,0,reserve,system,5391.882,0.0,0.0,5391.882,0.0,11.950403
2019-05-19,15,0,reserve,system,5507.651,0.0,0.0,5507.651,0.0,9.380495
2019-05-19,16,0,reserve,system,5544.152,0.0,0.0,5544.152,0.0,23.856234
2019-05-19,17,0,reserve,system,5461.962,0.0,0.0,5461.962,0.0,9.997029
2019-05-19,18,0,reserve,system,5288.743,0.0,0.0,5288.743,0.0,7.200641
2019-05-19,19,0,reserve,system,5148.488,0.0,20.034021,5148.488,0.0,13.108193
2019-05-19,20,0,reserve,system,4997.185,0.0,0.0,4997.185,0.0,10.905302
2019-05-19,21,0,reserve,system,4694.715,0.0,0.0,4694.715,0.0,6.953427
2019-05-19,22,0,reserve,system,4323.568,0.0,0.0,4323.568,0.0,6.715466
2019-05-19,23,0,reserve,system,4019.109,0.0,0.0,4019.109,0.0,6.646943
2019-05-20,0,0,reserve,system,3819.533,0.0,0.0,3819.533,0.0,7.323038
2019-05-20,1,0,reserve,system,3714.01,0.0,0.0,3714.01,0.0,0.428712
2019-05-20,2,0,reserve,system,3669.596,0.0,0.0,3669.596,0.0,0.0
2019-05-20,3,0,reserve,system,3711.59,0.0,0.0,3711.59,0.0,4.758303
2019-05-20,4,0,reserve,system,3899.241,0.0,2.562655,3899.241,0.0,4.05714
2019-05-20,5,0,reserve,system,4192.614,0.0,0.0,4192.614,0.0,7.663773
2019-05-20,6,0,reserve,system,4334.16,0.0,0.0,4334.16,0.0,5.889514
2019-05-20,7,0,reserve,system,4463.477,0.0,0.0,4463.477,0.0,7.898564
2019-05-20,8,0,reserve,system,4682.244,0.0,0.0,4682.244,0.0,5.404933
2019-05-20,9,0,reserve,system,4921.874,0.0,17.168004,4921.874,0.0,7.846926
2019-05-20,10,0,reserve,system,5134.289,0.0,0.0,5134.289,0.0,6.979355
2019-05-20,11,0,reserve,system,5331.485,0.0,0.0,5331.485,0.0,12.377807
2019-05-20,12,0,reserve,system,5539.323,0.0,0.0,5539.323,0.0,9.77833
2019-05-20,13,0,reserve,system,5691.361,0.0,0.0,5691.361,0.0,14.720071
2019-05-20,14,0,reserve,system,5789.122,0.0,0.0,5789.122,0.0,12.634398
2019-05-20,15,0,reserve,system,5869.052,0.0,0.0,5869.052,0.0,14.086584
2019-05-20,16,0,reserve,system,5839.561,0.0,0.0,5839.561,0.0,25.384646
2019-05-20,17,0,reserve,system,5683.883,0.0,0.0,5683.883,0.0,18.468489
2019-05-20,18,0,reserve,system,5468.823,0.0,0.0,5468.823,0.0,0.0
2019-05-20,19,0,reserve,system,5377.886,0.0,0.0,5377.886,0.0,24.510699
2019-05-20,20,0,reserve,system,5202.419,0.0,0.0,5202.419,0.0,7.376525
2019-05-20,21,0,reserve,system,4840.61,0.0,0.0,4840.61,0.0,11.262575
2019-05-20,22,0,reserve,system,4466.913,0.0,0.0,4466.913,0.0,0.0
2019-05-20,23,0,reserve,system,4170.082,0.0,0.0,4170.082,0.0,13.112889
2019-05-21,0,0,reserve,system,3975.749,0.0,0.0,3975.749,0.0,0.0
2019-05-21,1,0,reserve,system,3863.878,0.0,0.0,3863.878,0.0,17.263275
2019-05-21,2,0,reserve,system,3795.989,0.0,0.0,3795.989,0.0,7.853277
2019-05-21,3,0,reserve,system,3806.069,0.0,0.0,3806.069,0.0,0.0
2019-05-21,4,0,reserve,system,3947.623,0.0,0.0,3947.623,0.0,0.0
2019-05-21,5,0,reserve,system,4190.166,0.0,0.0,4190.166,0.0,9.584526
2019-05-21,6,0,reserve,system,4249.544,0.0,13.402139,4249.544,0.0,5.873896
2019-05-21,7,0,reserve,system,4288.393,0.0,44.283253,4288.393,0.0,15.533182
2019-05-21,8,0,reserve,system,4378.823,0.0,0.0,4378.823,0.0,0.0
2019-05-21,9,0,reserve,system,4499.173,0.0,0.0,4499.173,0.0,6.422607
2019-05-21,10,0,reserve,system,4591.387,0.0,6.244556,4591.387,0.0,3.243994
2019-05-21,11,0,reserve,system,4721.336,0.0,7.769888,4721.336,0.0,8.736944
2019-05-21,12,0,reserve,system,4901.625,0.0,10.92588,4901.625,0.0,7.350991
2019-05-21,13,0,reserve,system,5067.931,0.0,0.0,5067.931,0.0,8.782942
2019-05-21,14,0,reserve,system,5222.184,0.0,4.777992,5222.184,0.0,11.144867
2019-05-21,15,0,reserve,system,5371.54,0.0,0.0,5371.54,0.0,9.708879
2019-05-21,16,0,reserve,system,5421.268,0.0,7.60085,5421.268,0.0,23.001935
2019-05-21,17,0,reserve,system,5333.408,0.0,0.0,5333.408,0.0,12.766055
2019-05-21,18,0,reserve,system,5140.143,0.0,0.0,5140.143,0.0,2.756765
2019-05-21,19,0,reserve,system,4998.589,0.0,0.0,4998.589,0.0,15.224907
2019-05-21,20,0,reserve,system,4845.151,0.0,0.0,4845.151,0.0,7.952272
2019-05-21,21,0,reserve,system,4516.236,0.0,0.0,4516.236,0.0,5.261695
2019-05-21,22,0,reserve,system,4146.301,0.0,0.0,4146.301,0.0,9.880504
2019-05-21,23,0,reserve,system,3868.554,0.0,0.0,3868.554,0.0,0.0
2019-05-22,0,0,reserve,system,3697.514,0.0,0.0,3697.514,0.0,7.822382
2019-05-22,1,0,reserve,system,3596.059,0.0,0.0,3596.059,0.0,0.0
2019-05-22,2,0,reserve,system,3549.429,0.0,0.0,3549.429,0.0,0.0
2019-05-22,3,0,reserve,system,3598.694,0.0,9.572077,3598.694,0.0,4.807374
2019-05-22,4,0,reserve,system,3794.621,0.0,8.298919,3794.621,0.0,7.271128
2019-05-22,5,0,reserve,system,4078.325,0.0,0.0,4078.325,0.0,6.872441
2019-05-22,6,0,reserve,system,4222.371,0.0,0.0,4222.371,0.0,8.168008
2019-05-22,7,0,reserve,system,4355.16,0.0,12.745384,4355.16,0.0,13.884796
2019-05-22,8,0,reserve,system,4581.283,0.0,0.0,4581.283,0.0,0.0
2019-05-22,9,0,reserve,system,4859.645,0.0,3.229219,4859.645,0.0,12.821902
2019-05-22,10,0,reserve,system,5148.692,0.0,0.706027,5148.692,0.0,7.23462
2019-05-22,11,0,reserve,system,5388.561,0.0,0.0,5388.561,0.0,14.56301
2019-05-22,12,0,reserve,system,5615.062,0.0,0.0,5615.062,0.0,6.038298
2019-05-22,13,0,reserve,system,5800.613,0.0,0.0,5800.613,0.0,12.876154
2019-05-22,14,0,reserve,system,5914.431,0.0,0.0,5914.431,0.0,8.682198
2019-05-22,15,0,reserve,system,5982.849,0.0,0.0,5982.849,0.0,10.273941
2019-05-22,16,0,reserve,system,5953.262,0.0,0.0,5953.262,0.0,16.7543
2019-05-22,17,0,reserve,system,5832.981,0.0,0.0,5832.981,0.0,10.562846
2019-05-22,18,0,reserve,system,5655.366,0.0,0.0,5655.366,0.0,9.691971
2019-05-22,19,0,reserve,system,5530.089,0.0,0.0,5530.089,0.0,10.248311
2019-05-22,20,0,reserve,system,5395.113,0.0,0.0,5395.113,0.0,10.651059
2019-05-22,21,0,reserve,system,5062.428,0.0,0.0,5062.428,0.0,10.100869
2019-05-22,22,0,reserve,system,4691.222,0.0,0.0,4691.222,0.0,5.608584
2019-05-22,23,0,reserve,system,4396.694,0.0,0.0,4396.694,0.0,10.092002
2019-05-23,0,0,reserve,system,4204.091,0.0,0.0,4204.091,0.0,7.851147
2019-05-23,1,0,reserve,system,4063.583,0.0,0.0,4063.583,0.0,6.65607
2019-05-23,2,0,reserve,system,3977.546,0.0,0.0,3977.546,0.0,0.0
2019-05-23,3,0,reserve,system,3970.815,0.0,0.0,3970.815,0.0,0.0
2019-05-23,4,0,reserve,system,4097.965,0.0,0.0,4097.965,0.0,6.672909
2019-05-23,5,0,reserve,system,4333.915,0.0,0.0,4333.915,0.0,6.661253
2019-05-23,6,0,reserve,system,4447.166,0.0,4.068415,4447.166,0.0,6.458948
2019-05-23,7,0,reserve,system,4591.573,0.0,0.0,4591.573,0.0,7.039906
2019-05-23,8,0,reserve,system,4821.713,0.0,0.0,4821.713,0.0,7.116643
2019-05-23,9,0,reserve,system,5068.131,0.0,2.840731,5068.131,0.0,8.533646
2019-05-23,10,0,reserve,system,5298.214,0.0,0.0,5298.214,0.0,17.730791
2019-05-23,11,0,reserve,system,5498.845,0.0,0.0,5498.845,0.0,0.0
2019-05-23,12,0,reserve,system,5708.815,0.0,0.0,5708.815,0.0,15.459387
2019-05-23,13,0,reserve,system,5879.922,0.0,0.0,5879.922,0.0,7.64517
2019-05-23,14,0,reserve,system,6009.964,0.0,0.0,6009.964,0.0,12.23054
2019-05-23,15,0,reserve,system,6081.65,0.0,49.344741,6081.65,0.0,17.127169
2019-05-23,16,0,reserve,system,6024.753,0.0,0.0,6024.753,0.0,14.835661
2019-05-23,17,0,reserve,system,5853.578,0.0,0.0,5853.578,0.0,16.220696
2019-05-23,18,0,reserve,system,5652.045,0.0,0.0,5652.045,0.0,11.96915
2019-05-23,19,0,reserve,system,5541.315,0.0,0.0,5541.315,0.0,15.547638
2019-05-23,20,0,reserve,system,5407.735,0.0,0.0,5407.735,0.0,13.329853
2019-05-23,21,0,reserve,system,5085.409,0.0,0.0,5085.409,0.0,12.060619
2019-05-23,22,0,reserve,system,4716.428,0.0,0.0,4716.428,0.0,6.520955
2019-05-23,23,0,reserve,system,4408.019,0.0,0.0,4408.019,0.0,6.852085
2019-05-24,0,0,reserve,system,4182.75,0.0,0.0,4182.75,0.0,0.0
2019-05-24,1,0,reserve,system,4023.682,0.0,0.0,4023.682,0.0,19.904663
2019-05-24,2,0,reserve,system,3932.21,0.0,0.0,3932.21,0.0,0.0
2019-05-24,3,0,reserve,system,3915.224,0.0,1.073577,3915.224,0.0,4.623229
2019-05-24,4,0,reserve,system,4036.636,0.0,0.0,4036.636,0.0,0.0
2019-05-24,5,0,reserve,system,4244.895,0.0,10.777366,4244.895,0.0,9.331007
2019-05-24,6,0,reserve,system,4370.933,0.0,0.0,4370.933,0.0,5.213173
2019-05-24,7,0,reserve,system,4540.442,0.0,17.867167,4540.442,0.0,7.512027
2019-05-24,8,0,reserve,system,4790.639,0.0,0.0,4790.639,0.0,6.686134
2019-05-24,9,0,reserve,system,5066.179,0.0,2.741982,5066.179,0.0,8.413335
2019-05-24,10,0,reserve,system,5325.796,0.0,0.0,5325.796,0.0,7.451748
2019-05-24,11,0,reserve,system,5540.321,0.0,0.0,5540.321,0.0,12.283848
2019-05-24,12,0,reserve,system,5733.607,0.0,0.0,5733.607,0.0,9.898413
2019-05-24,13,0,reserve,system,5876.133,0.0,0.0,5876.133,0.0,11.162081
2019-05-24,14,0,reserve,system,5969.538,0.0,0.0,5969.538,0.0,9.858854
2019-05-24,15,0,reserve,system,6000.459,0.0,0.0,6000.459,0.0,9.849989
2019-05-24,16,0,reserve,system,5923.603,0.0,0.0,5923.603,0.0,16.112192
2019-05-24,17,0,reserve,system,5715.501,0.0,0.0,5715.501,0.0,12.061055
2019-05-24,18,0,reserve,system,5434.238,0.0,0.0,5434.238,0.0,6.090384
2019-05-24,19,0,reserve,system,5257.025,0.0,0.0,5257.025,0.0,13.317915
2019-05-24,20,0,reserve,system,5098.168,0.0,0.0,5098.168,0.0,7.789029
2019-05-24,21,0,reserve,system,4819.712,0.0,0.0,4819.712,0.0,6.26442
2019-05-24,22,0,reserve,system,4509.293,0.0,0.0,4509.293,0.0,9.193933
2019-05-24,23,0,reserve,system,4208.012,0.0,0.0,4208.012,0.0,0.0
2019-05-25,0,0,reserve,system,3984.488,0.0,0.0,3984.488,0.0,4.533677
2019-05-25,1,0,reserve,system,3828.431,0.0,0.0,3828.431,0.0,5.924575
2019-05-25,2,0,reserve,system,3735.322,0.0,0.0,3735.322,0.0,0.77819
2019-05-25,3,0,reserve,system,3672.436,0.0,0.0,3672.436,0.0,0.0
2019-05-25,4,0,reserve,system,3679.51,0.0,7.799815,3679.51,0.0,4.841945
2019-05-25,5,0,reserve,system,3703.539,0.0,4.12774,3703.539,0.0,3.166134
2019-05-25,6,0,reserve,system,3815.927,0.0,0.0,3815.927,0.0,4.199356
2019-05-25,7,0,reserve,system,4108.888,0.0,0.0,4108.888,0.0,8.102698
2019-05-25,8,0,reserve,system,4425.493,0.0,2.220967,4425.493,0.0,5.318732
2019-05-25,9,0,reserve,system,4737.409,0.0,17.171327,4737.409,0.0,7.653167
2019-05-25,10,0,reserve,system,5012.84,0.0,0.0,5012.84,0.0,6.826084
2019-05-25,11,0,reserve,system,5249.187,0.0,35.434713,5249.187,0.0,8.107979
2019-05-25,12,0,reserve,system,5443.228,0.0,41.349978,5443.228,0.0,11.240477
2019-05-25,13,0,reserve,system,5590.178,0.0,13.695773,5590.178,0.0,10.392949
2019-05-25,14,0,reserve,system,5693.306,0.0,0.0,5693.306,0.0,10.029708
2019-05-25,15,0,reserve,system,5728.095,0.0,0.0,5728.095,0.0,16.231681
2019-05-25,16,0,reserve,system,5702.781,0.0,0.0,5702.781,0.0,17.935103
2019-05-25,17,0,reserve,system,5556.114,0.0,0.0,5556.114,0.0,11.013879
2019-05-25,18,0,reserve,system,5319.009,0.0,0.0,5319.009,0.0,5.763844
2019-05-25,19,0,reserve,system,5141.305,0.0,0.0,5141.305,0.0,16.233144
2019-05-25,20,0,reserve,system,4985.741,0.0,0.0,4985.741,0.0,7.096103
2019-05-25,21,0,reserve,system,4731.54,0.0,0.0,4731.54,0.0,7.979536
2019-05-25,22,0,reserve,system,4440.461,0.0,0.0,4440.461,0.0,5.583396
2019-05-25,23,0,reserve,system,4162.806,0.0,0.0,4162.806,0.0,4.585787
2019-05-26,0,0,reserve,system,3936.948,0.0,0.0,3936.948,0.0,6.416139
2019-05-26,1,0,reserve,system,3769.275,0.0,0.0,3769.275,0.0,4.696647
2019-05-26,2,0,reserve,system,3648.895,0.0,0.0,3648.895,0.0,1.704344
2019-05-26,3,0,reserve,system,3576.493,0.0,0.0,3576.493,0.0,0.0
2019-05-26,4,0,reserve,system,3553.698,0.0,0.0,3553.698,0.0,10.31179
2019-05-26,5,0,reserve,system,3546.859,0.0,1.340521,3546.859,0.0,0.0
2019-05-26,6,0,reserve,system,3627.121,0.0,0.0,3627.121,0.0,0.0
2019-05-26,7,0,reserve,system,3913.749,0.0,0.0,3913.749,0.0,6.30594
2019-05-26,8,0,reserve,system,4232.494,0.0,1.671713,4232.494,0.0,5.481173
2019-05-26,9,0,reserve,system,4522.793,0.0,0.0,4522.793,0.0,7.650461
2019-05-26,10,0,reserve,system,4793.534,0.0,15.140508,4793.534,0.0,6.755772
2019-05-26,11,0,reserve,system,5038.175,0.0,0.0,5038.175,0.0,7.389333
2019-05-26,12,0,reserve,system,5256.358,0.0,2.774453,5256.358,0.0,7.774099
2019-05-26,13,0,reserve,system,5435.275,0.0,19.550467,5435.275,0.0,11.677057
2019-05-26,14,0,reserve,system,5552.885,0.0,0.0,5552.885,0.0,10.324625
2019-05-26,15,0,reserve,system,5604.761,0.0,20.041435,5604.761,0.0,20.232812
2019-05-26,16,0,reserve,system,5583.691,0.0,0.0,5583.691,0.0,14.807192
2019-05-26,17,0,reserve,system,5436.036,0.0,0.0,5436.036,0.0,10.784207
2019-05-26,18,0,reserve,system,5209.633,0.0,0.0,5209.633,0.0,9.533101
2019-05-26,19,0,reserve,system,5054.773,0.0,0.0,5054.773,0.0,12.474535
2019-05-26,20,0,reserve,system,4912.578,0.0,0.0,4912.578,0.0,6.508188
2019-05-26,21,0,reserve,system,4654.511,0.0,0.0,4654.511,0.0,8.15171
2019-05-26,22,0,reserve,system,4360.857,0.0,0.0,4360.857,0.0,5.289425
2019-05-26,23,0,reserve,system,4092.395,0.0,0.0,4092.395,0.0,4.4931
2019-05-27,0,0,reserve,system,3877.356,0.0,0.0,3877.356,0.0,6.11459
2019-05-27,1,0,reserve,system,3733.838,0.0,2.304552,3733.838,0.0,5.333746
2019-05-27,2,0,reserve,system,3636.578,0.0,0.0,3636.578,0.0,-0.0
2019-05-27,3,0,reserve,system,3600.115,0.0,0.0,3600.115,0.0,0.0
2019-05-27,4,0,reserve,system,3626.196,0.0,0.0,3626.196,0.0,5.841646
2019-05-27,5,0,reserve,system,3641.02,0.0,6.848045,3641.02,0.0,2.125736
2019-05-27,6,0,reserve,system,3686.755,0.0,0.0,3686.755,0.0,4.386697
2019-05-27,7,0,reserve,system,3924.437,0.0,3.822198,3924.437,0.0,6.660302
2019-05-27,8,0,reserve,system,4271.795,0.0,0.0,4271.795,0.0,6.868209
2019-05-27,9,0,reserve,system,4621.716,0.0,14.970521,4621.716,0.0,6.860815
2019-05-27,10,0,reserve,system,4914.419,0.0,0.0,4914.419,0.0,7.152396
2019-05-27,11,0,reserve,system,5165.579,0.0,0.0,5165.579,0.0,7.033131
2019-05-27,12,0,reserve,system,5377.203,0.0,0.0,5377.203,0.0,9.707554
2019-05-27,13,0,reserve,system,5548.786,0.0,11.573324,5548.786,0.0,10.681621
2019-05-27,14,0,reserve,system,5679.368,0.0,4.064271,5679.368,0.0,10.510418
2019-05-27,15,0,reserve,system,5781.566,0.0,20.487906,5781.566,0.0,11.944864
2019-05-27,16,0,reserve,system,5775.008,0.0,20.752238,5775.008,0.0,18.214014
2019-05-27,17,0,reserve,system,5652.451,0.0,0.0,5652.451,0.0,14.724338
2019-05-27,18,0,reserve,system,5452.708,0.0,0.0,5452.708,0.0,6.07072
2019-05-27,19,0,reserve,system,5300.325,0.0,0.0,5300.325,0.0,13.254715
2019-05-27,20,0,reserve,system,5166.005,0.0,0.0,5166.005,0.0,8.99625
2019-05-27,21,0,reserve,system,4834.795,0.0,0.0,4834.795,0.0,7.918363
2019-05-27,22,0,reserve,system,4450.144,0.0,0.0,4450.144,0.0,5.711731
2019-05-27,23,0,reserve,system,4140.068,0.0,0.0,4140.068,0.0,6.085684
2019-05-28,0,0,reserve,system,3913.034,0.0,0.0,3913.034,0.0,9.036733
2019-05-28,1,0,reserve,system,3771.017,0.0,0.0,3771.017,0.0,0.0
2019-05-28,2,0,reserve,system,3700.533,0.0,0.0,3700.533,0.0,0.219216
2019-05-28,3,0,reserve,system,3719.096,0.0,0.0,3719.096,0.0,4.925572
2019-05-28,4,0,reserve,system,3875.14,0.0,0.0,3875.14,0.0,4.532481
2019-05-28,5,0,reserve,system,4125.62,0.0,3.956235,4125.62,0.0,7.872256
2019-05-28,6,0,reserve,system,4272.019,0.0,1.618003,4272.019,0.0,5.522231
2019-05-28,7,0,reserve,system,4445.898,0.0,0.0,4445.898,0.0,7.327765
2019-05-28,8,0,reserve,system,4698.81,0.0,0.0,4698.81,0.0,6.872607
2019-05-28,9,0,reserve,system,4972.149,0.0,0.0,4972.149,0.0,7.526465
2019-05-28,10,0,reserve,system,5218.391,0.0,10.96904,5218.391,0.0,11.92519
2019-05-28,11,0,reserve,system,5412.308,0.0,0.0,5412.308,0.0,10.120392
2019-05-28,12,0,reserve,system,5575.484,0.0,0.0,5575.484,0.0,10.537121
2019-05-28,13,0,reserve,system,5666.851,0.0,0.0,5666.851,0.0,11.412011
2019-05-28,14,0,reserve,system,5759.407,0.0,0.0,5759.407,0.0,7.801377
2019-05-28,15,0,reserve,system,5825.252,0.0,0.0,5825.252,0.0,10.667253
2019-05-28,16,0,reserve,system,5817.871,0.0,0.0,5817.871,0.0,19.95422
2019-05-28,17,0,reserve,system,5717.73,0.0,0.0,5717.73,0.0,8.077708
2019-05-28,18,0,reserve,system,5554.426,0.0,0.0,5554.426,0.0,0.0
2019-05-28,19,0,reserve,system,5437.851,0.0,2.254366,5437.851,0.0,18.186427
2019-05-28,20,0,reserve,system,5299.425,0.0,0.0,5299.425,0.0,15.483941
2019-05-28,21,0,reserve,system,4983.62,0.0,0.0,4983.62,0.0,10.936733
2019-05-28,22,0,reserve,system,4615.855,0.0,0.0,4615.855,0.0,9.302609
2019-05-28,23,0,reserve,system,4316.761,0.0,0.0,4316.761,0.0,9.315257
2019-05-29,0,0,reserve,system,4110.138,0.0,0.0,4110.138,0.0,10.906689
2019-05-29,1,0,reserve,system,3980.675,0.0,0.0,3980.675,0.0,9.568967
2019-05-29,2,0,reserve,system,3911.014,0.0,0.0,3911.014,0.0,0.0
2019-05-29,3,0,reserve,system,3936.245,0.0,0.0,3936.245,0.0,0.0
2019-05-29,4,0,reserve,system,4085.797,0.0,0.0,4085.797,0.0,9.613788
2019-05-29,5,0,reserve,system,4299.712,0.0,0.0,4299.712,0.0,5.961648
2019-05-29,6,0,reserve,system,4436.939,0.0,0.0,4436.939,0.0,11.218622
2019-05-29,7,0,reserve,system,4571.657,0.0,0.0,4571.657,0.0,18.106883
2019-05-29,8,0,reserve,system,4764.732,0.0,0.0,4764.732,0.0,0.0
2019-05-29,9,0,reserve,system,4999.704,0.0,0.0,4999.704,0.0,14.416519
2019-05-29,10,0,reserve,system,5164.044,0.0,0.0,5164.044,0.0,9.043114
2019-05-29,11,0,reserve,system,5304.805,0.0,0.0,5304.805,0.0,10.594461
2019-05-29,12,0,reserve,system,5448.803,0.0,2.383258,5448.803,0.0,9.488032
2019-05-29,13,0,reserve,system,5484.736,0.0,0.0,5484.736,0.0,12.082571
2019-05-29,14,0,reserve,system,5510.262,0.0,47.755149,5510.262,0.0,12.949948
2019-05-29,15,0,reserve,system,5553.3,0.0,0.0,5553.3,0.0,29.741779
2019-05-29,16,0,reserve,system,5505.701,0.0,0.0,5505.701,0.0,13.605474
2019-05-29,17,0,reserve,system,5356.094,0.0,0.0,5356.094,0.0,4.419584
2019-05-29,18,0,reserve,system,5184.702,0.0,0.0,5184.702,0.0,13.769578
2019-05-29,19,0,reserve,system,5067.998,0.0,0.0,5067.998,0.0,6.535763
2019-05-29,20,0,reserve,system,4943.142,0.0,0.0,4943.142,0.0,9.689211
2019-05-29,21,0,reserve,system,4618.006,0.0,0.0,4618.006,0.0,13.868956
2019-05-29,22,0,reserve,system,4269.482,0.0,0.0,4269.482,0.0,0.0
2019-05-29,23,0,reserve,system,3975.813,0.0,0.0,3975.813,0.0,0.0
2019-05-30,0,0,reserve,system,3775.172,0.0,0.0,3775.172,0.0,11.19352
2019-05-30,1,0,reserve,system,3654.97,0.0,0.0,3654.97,0.0,0.0
2019-05-30,2,0,reserve,system,3582.916,0.0,0.0,3582.916,0.0,0.0
2019-05-30,3,0,reserve,system,3600.309,0.0,0.0,3600.309,0.0,8.612702
2019-05-30,4,0,reserve,system,3758.222,0.0,0.0,3758.222,0.0,5.903808
2019-05-30,5,0,reserve,system,3990.13,0.0,0.0,3990.13,0.0,8.930651
2019-05-30,6,0,reserve,system,4115.657,0.0,0.0,4115.657,0.0,9.967368
2019-05-30,7,0,reserve,system,4239.46,0.0,0.0,4239.46,0.0,25.360134
2019-05-30,8,0,reserve,system,4392.204,0.0,0.0,4392.204,0.0,0.0
2019-05-30,9,0,reserve,system,4644.132,0.0,26.953417,4644.132,0.0,7.764229
2019-05-30,10,0,reserve,system,4926.165,0.0,0.0,4926.165,0.0,3.527399
2019-05-30,11,0,reserve,system,5168.46,0.0,50.0,5168.46,0.0,13.450687
2019-05-30,12,0,reserve,system,5371.536,0.0,0.0,5371.536,0.0,8.098227
2019-05-30,13,0,reserve,system,5521.267,0.0,0.0,5521.267,0.0,14.238111
2019-05-30,14,0,reserve,system,5635.106,0.0,0.0,5635.106,0.0,19.677065
2019-05-30,15,0,reserve,system,5703.555,0.0,13.768147,5703.555,0.0,10.281903
2019-05-30,16,0,reserve,system,5677.037,0.0,0.0,5677.037,0.0,10.670429
2019-05-30,17,0,reserve,system,5523.247,0.0,0.0,5523.247,0.0,9.372699
2019-05-30,18,0,reserve,system,5334.644,0.0,0.0,5334.644,0.0,8.189058
2019-05-30,19,0,reserve,system,5196.824,0.0,0.0,5196.824,0.0,13.730788
2019-05-30,20,0,reserve,system,5023.896,0.0,0.0,5023.896,0.0,8.480163
2019-05-30,21,0,reserve,system,4690.17,0.0,0.0,4690.17,0.0,6.733137
2019-05-30,22,0,reserve,system,4314.043,0.0,0.0,4314.043,0.0,11.05082
2019-05-30,23,0,reserve,system,4010.416,0.0,0.0,4010.416,0.0,7.564759
2019-05-31,0,0,reserve,system,3784.082,0.0,0.0,3784.082,0.0,13.14162
2019-05-31,1,0,reserve,system,3627.392,0.0,0.0,3627.392,0.0,0.0
2019-05-31,2,0,reserve,system,3539.716,0.0,0.0,3539.716,0.0,0.0
2019-05-31,3,0,reserve,system,3550.086,0.0,0.0,3550.086,0.0,9.590901
2019-05-31,4,0,reserve,system,3677.108,0.0,0.0,3677.108,0.0,5.771724
2019-05-31,5,0,reserve,system,3881.042,0.0,0.0,3881.042,0.0,14.637255
2019-05-31,6,0,reserve,system,4044.408,0.0,0.0,4044.408,0.0,6.705975
2019-05-31,7,0,reserve,system,4228.334,0.0,0.0,4228.334,0.0,1.885644
2019-05-31,8,0,reserve,system,4433.14,0.0,0.0,4433.14,0.0,13.072233
2019-05-31,9,0,reserve,system,4663.607,0.0,0.0,4663.607,0.0,8.542225
2019-05-31,10,0,reserve,system,4893.606,0.0,0.0,4893.606,0.0,10.273171
2019-05-31,11,0,reserve,system,5109.919,0.0,0.0,5109.919,0.0,13.004519
2019-05-31,12,0,reserve,system,5322.282,0.0,0.0,5322.282,0.0,14.31758
2019-05-31,13,0,reserve,system,5508.933,0.0,0.0,5508.933,0.0,0.0
2019-05-31,14,0,reserve,system,5642.115,0.0,0.0,5642.115,0.0,13.65347
2019-05-31,15,0,reserve,system,5674.559,0.0,0.0,5674.559,0.0,18.810301
2019-05-31,16,0,reserve,system,5630.717,0.0,0.0,5630.717,0.0,11.41169
2019-05-31,17,0,reserve,system,5490.167,0.0,0.0,5490.167,0.0,10.789868
2019-05-31,18,0,reserve,system,5278.186,0.0,0.0,5278.186,0.0,8.315347
2019-05-31,19,0,reserve,system,5083.748,0.0,0.0,5083.748,0.0,11.746382
2019-05-31,20,0,reserve,system,4920.691,0.0,0.0,4920.691,0.0,10.696955
2019-05-31,21,0,reserve,system,4649.852,0.0,0.0,4649.852,0.0,9.942928
2019-05-31,22,0,reserve,system,4324.216,0.0,0.0,4324.216,0.0,6.716008
2019-05-31,23,0,reserve,system,4022.682,0.0,0.0,4022.682,0.0,7.421417
2019-06-01,0,0,reserve,system,3783.616,0.0,0.0,3783.616,0.0,13.822131
2019-06-01,1,0,reserve,system,3609.753,0.0,0.0,3609.753,0.0,0.0
2019-06-01,2,0,reserve,system,3508.364,0.0,0.0,3508.364,0.0,5.913659
2019-06-01,3,0,reserve,system,3465.182,0.0,0.0,3465.182,0.0,0.0
2019-06-01,4,0,reserve,system,3469.919,0.0,2.553972,3469.919,0.0,9.339091
2019-06-01,5,0,reserve,system,3500.461,0.0,2.276873,3500.461,0.0,5.303713
2019-06-01,6,0,reserve,system,3635.1,0.0,27.705898,3635.1,0.0,7.346499
2019-06-01,7,0,reserve,system,3945.82,0.0,0.0,3945.82,0.0,9.131566
2019-06-01,8,0,reserve,system,4330.637,0.0,0.0,4330.637,0.0,9.658126
2019-06-01,9,0,reserve,system,4731.573,0.0,0.0,4731.573,0.0,10.257842
2019-06-01,10,0,reserve,system,5106.737,0.0,0.0,5106.737,0.0,11.622283
2019-06-01,11,0,reserve,system,5410.706,0.0,0.0,5410.706,0.0,5.836299
2019-06-01,12,0,reserve,system,5667.158,0.0,0.0,5667.158,0.0,11.547696
2019-06-01,13,0,reserve,system,5850.36,0.0,0.0,5850.36,0.0,8.959935
2019-06-01,14,0,reserve,system,5971.141,0.0,0.0,5971.141,0.0,10.399603
2019-06-01,15,0,reserve,system,6010.945,0.0,0.0,6010.945,0.0,28.437697
2019-06-01,16,0,reserve,system,5912.133,0.0,0.0,5912.133,0.0,11.080522
2019-06-01,17,0,reserve,system,5671.396,0.0,0.0,5671.396,0.0,12.33655
2019-06-01,18,0,reserve,system,5381.603,0.0,0.0,5381.603,0.0,2.552812
2019-06-01,19,0,reserve,system,5172.063,0.0,0.0,5172.063,0.0,16.114745
2019-06-01,20,0,reserve,system,4992.844,0.0,0.0,4992.844,0.0,10.0607
2019-06-01,21,0,reserve,system,4725.253,0.0,0.0,4725.253,0.0,10.065241
2019-06-01,22,0,reserve,system,4416.156,0.0,0.0,4416.156,0.0,11.66299
2019-06-01,23,0,reserve,system,4127.297,0.0,0.0,4127.297,0.0,6.526196
2019-06-02,0,0,reserve,system,3892.579,0.0,0.0,3892.579,0.0,10.64509
2019-06-02,1,0,reserve,system,3711.988,0.0,0.636369,3711.988,0.0,0.0
2019-06-02,2,0,reserve,system,3584.703,0.0,0.0,3584.703,0.0,3.380882
2019-06-02,3,0,reserve,system,3517.816,0.0,0.0,3517.816,0.0,0.0
2019-06-02,4,0,reserve,system,3494.761,0.0,1.254265,3494.761,0.0,12.535018
2019-06-02,5,0,reserve,system,3487.308,0.0,0.952689,3487.308,0.0,0.0
2019-06-02,6,0,reserve,system,3567.285,0.0,0.0,3567.285,0.0,9.786387
2019-06-02,7,0,reserve,system,3799.852,0.0,0.0,3799.852,0.0,5.698441
2019-06-02,8,0,reserve,system,4102.095,0.0,0.0,4102.095,0.0,9.518028
2019-06-02,9,0,reserve,system,4416.791,0.0,0.0,4416.791,0.0,10.203221
2019-06-02,10,0,reserve,system,4738.821,0.0,0.0,4738.821,0.0,10.63072
2019-06-02,11,0,reserve,system,5027.507,0.0,0.0,5027.507,0.0,10.260646
2019-06-02,12,0,reserve,system,5270.532,0.0,37.788085,5270.532,0.0,17.47958
2019-06-02,13,0,reserve,system,5503.73,0.0,0.0,5503.73,0.0,0.0
2019-06-02,14,0,reserve,system,5685.548,0.0,0.0,5685.548,0.0,11.154358
2019-06-02,15,0,reserve,system,5793.884,0.0,0.0,5793.884,0.0,9.039808
2019-06-02,16,0,reserve,system,5834.407,0.0,0.0,5834.407,0.0,21.704232
2019-06-02,17,0,reserve,system,5774.218,0.0,0.0,5774.218,0.0,13.772056
2019-06-02,18,0,reserve,system,5609.577,0.0,0.0,5609.577,0.0,3.569863
2019-06-02,19,0,reserve,system,5448.406,0.0,0.0,5448.406,0.0,13.998171
2019-06-02,20,0,reserve,system,5282.76,0.0,0.0,5282.76,0.0,10.471444
2019-06-02,21,0,reserve,system,4956.381,0.0,0.0,4956.381,0.0,10.807002
2019-06-02,22,0,reserve,system,4564.13,0.0,0.0,4564.13,0.0,10.361614
2019-06-02,23,0,reserve,system,4236.965,0.0,0.0,4236.965,0.0,7.862356
2019-06-03,0,0,reserve,system,3996.863,0.0,0.0,3996.863,0.0,13.386271
2019-06-03,1,0,reserve,system,3850.631,0.0,0.0,3850.631,0.0,0.0
2019-06-03,2,0,reserve,system,3739.882,0.0,0.0,3739.882,0.0,0.05832
2019-06-03,3,0,reserve,system,3742.924,0.0,0.0,3742.924,0.0,9.398376
2019-06-03,4,0,reserve,system,3862.42,0.0,0.0,3862.42,0.0,5.62322
2019-06-03,5,0,reserve,system,4039.504,0.0,0.0,4039.504,0.0,12.399042
2019-06-03,6,0,reserve,system,4217.098,0.0,0.0,4217.098,0.0,1.959433
2019-06-03,7,0,reserve,system,4475.072,0.0,0.0,4475.072,0.0,10.153029
2019-06-03,8,0,reserve,system,4778.633,0.0,0.0,4778.633,0.0,9.627416
2019-06-03,9,0,reserve,system,5154.527,0.0,0.0,5154.527,0.0,10.549791
2019-06-03,10,0,reserve,system,5509.505,0.0,0.0,5509.505,0.0,12.40469
2019-06-03,11,0,reserve,system,5796.554,0.0,0.0,5796.554,0.0,6.047886
2019-06-03,12,0,reserve,system,6045.731,0.0,0.0,6045.731,0.0,11.365886
2019-06-03,13,0,reserve,system,6242.973,0.0,0.0,6242.973,0.0,8.41722
2019-06-03,14,0,reserve,system,6365.427,0.0,0.0,6365.427,0.0,10.720127
2019-06-03,15,0,reserve,system,6412.645,0.0,0.0,6412.645,0.0,26.499684
2019-06-03,16,0,reserve,system,6346.745,0.0,0.0,6346.745,0.0,10.055508
2019-06-03,17,0,reserve,system,6157.954,0.0,0.0,6157.954,0.0,18.637937
2019-06-03,18,0,reserve,system,5905.956,0.0,0.0,5905.956,0.0,-0.0
2019-06-03,19,0,reserve,system,5711.097,0.0,0.0,5711.097,0.0,22.12397
2019-06-03,20,0,reserve,system,5520.049,0.0,0.0,5520.049,0.0,14.473813
2019-06-03,21,0,reserve,system,5137.969,0.0,0.0,5137.969,0.0,10.928895
2019-06-03,22,0,reserve,system,4708.433,0.0,0.0,4708.433,0.0,10.400138
2019-06-03,23,0,reserve,system,4362.72,0.0,0.0,4362.72,0.0,7.661203
2019-06-04,0,0,reserve,system,4108.642,0.0,0.0,4108.642,0.0,11.375648
2019-06-04,1,0,reserve,system,3928.269,0.0,0.0,3928.269,0.0,5.562002
2019-06-04,2,0,reserve,system,3815.451,0.0,0.0,3815.451,0.0,8.88834
2019-06-04,3,0,reserve,system,3802.483,0.0,0.0,3802.483,0.0,0.0
2019-06-04,4,0,reserve,system,3919.049,0.0,0.0,3919.049,0.0,0.0
2019-06-04,5,0,reserve,system,4097.182,0.0,0.0,4097.182,0.0,9.728991
2019-06-04,6,0,reserve,system,4258.03,0.0,0.0,4258.03,0.0,5.337451
2019-06-04,7,0,reserve,system,4487.223,0.0,26.963144,4487.223,0.0,9.85347
2019-06-04,8,0,reserve,system,4762.357,0.0,0.0,4762.357,0.0,7.970919
2019-06-04,9,0,reserve,system,5069.896,0.0,0.0,5069.896,0.0,10.552006
2019-06-04,10,0,reserve,system,5334.183,0.0,0.0,5334.183,0.0,9.556761
2019-06-04,11,0,reserve,system,5556.295,0.0,0.0,5556.295,0.0,10.722095
2019-06-04,12,0,reserve,system,5711.218,0.0,0.0,5711.218,0.0,19.685623
2019-06-04,13,0,reserve,system,5773.854,0.0,0.0,5773.854,0.0,13.194205
2019-06-04,14,0,reserve,system,5751.051,0.0,0.0,5751.051,0.0,9.830286
2019-06-04,15,0,reserve,system,5643.54,0.0,0.0,5643.54,0.0,11.530489
2019-06-04,16,0,reserve,system,5516.381,0.0,0.0,5516.381,0.0,8.587178
2019-06-04,17,0,reserve,system,5364.128,0.0,0.0,5364.128,0.0,13.488294
2019-06-04,18,0,reserve,system,5181.286,0.0,0.0,5181.286,0.0,4.582893
2019-06-04,19,0,reserve,system,5065.371,0.0,0.0,5065.371,0.0,15.153481
2019-06-04,20,0,reserve,system,4951.953,0.0,0.0,4951.953,0.0,8.494005
2019-06-04,21,0,reserve,system,4667.522,0.0,0.0,4667.522,0.0,8.858318
2019-06-04,22,0,reserve,system,4331.505,0.0,0.0,4331.505,0.0,9.23082
2019-06-04,23,0,reserve,system,4063.332,0.0,0.0,4063.332,0.0,0.0
2019-06-05,0,0,reserve,system,3891.997,0.0,0.0,3891.997,0.0,12.656815
2019-06-05,1,0,reserve,system,3785.519,0.0,0.0,3785.519,0.0,0.0
2019-06-05,2,0,reserve,system,3720.729,0.0,0.0,3720.729,0.0,2.061302
2019-06-05,3,0,reserve,system,3737.458,0.0,0.0,3737.458,0.0,5.13011
2019-06-05,4,0,reserve,system,3871.53,0.0,0.0,3871.53,0.0,5.694038
2019-06-05,5,0,reserve,system,4060.805,0.0,0.0,4060.805,0.0,7.79894
2019-06-05,6,0,reserve,system,4192.707,0.0,0.0,4192.707,0.0,7.932487
2019-06-05,7,0,reserve,system,4333.863,0.0,0.0,4333.863,0.0,10.33583
2019-06-05,8,0,reserve,system,4478.096,0.0,0.0,4478.096,0.0,9.132181
2019-06-05,9,0,reserve,system,4658.241,0.0,0.0,4658.241,0.0,12.947253
2019-06-05,10,0,reserve,system,4809.801,0.0,0.0,4809.801,0.0,4.452716
2019-06-05,11,0,reserve,system,4938.131,0.0,0.0,4938.131,0.0,13.41173
2019-06-05,12,0,reserve,system,5092.052,0.0,0.0,5092.052,0.0,0.0
2019-06-05,13,0,reserve,system,5242.237,0.0,0.0,5242.237,0.0,17.284405
2019-06-05,14,0,reserve,system,5361.87,0.0,0.0,5361.87,0.0,28.5957
2019-06-05,15,0,reserve,system,5444.025,0.0,0.0,5444.025,0.0,10.92808
2019-06-05,16,0,reserve,system,5437.825,0.0,0.0,5437.825,0.0,14.236084
2019-06-05,17,0,reserve,system,5350.544,0.0,0.0,5350.544,0.0,7.115385
2019-06-05,18,0,reserve,system,5198.116,0.0,0.0,5198.116,0.0,13.442481
2019-06-05,19,0,reserve,system,5076.067,0.0,0.0,5076.067,0.0,0.487338
2019-06-05,20,0,reserve,system,4929.594,0.0,0.0,4929.594,0.0,15.410695
2019-06-05,21,0,reserve,system,4636.148,0.0,0.0,4636.148,0.0,10.876601
2019-06-05,22,0,reserve,system,4286.749,0.0,0.0,4286.749,0.0,5.510707
2019-06-05,23,0,reserve,system,3994.365,0.0,0.0,3994.365,0.0,10.169643
2019-06-06,0,0,reserve,system,3789.478,0.0,0.0,3789.478,0.0,15.424279
2019-06-06,1,0,reserve,system,3651.428,0.0,0.0,3651.428,0.0,0.0
2019-06-06,2,0,reserve,system,3542.221,0.0,0.0,3542.221,0.0,0.0
2019-06-06,3,0,reserve,system,3519.197,0.0,0.0,3519.197,0.0,9.184079
2019-06-06,4,0,reserve,system,3633.102,0.0,0.0,3633.102,0.0,5.678967
2019-06-06,5,0,reserve,system,3801.628,0.0,0.0,3801.628,0.0,9.706535
2019-06-06,6,0,reserve,system,3942.668,0.0,0.0,3942.668,0.0,8.800219
2019-06-06,7,0,reserve,system,4158.321,0.0,0.0,4158.321,0.0,9.607384
2019-06-06,8,0,reserve,system,4438.771,0.0,0.0,4438.771,0.0,8.286399
2019-06-06,9,0,reserve,system,4783.521,0.0,0.0,4783.521,0.0,9.330892
2019-06-06,10,0,reserve,system,5137.89,0.0,0.0,5137.89,0.0,7.661658
2019-06-06,11,0,reserve,system,5480.86,0.0,0.0,5480.86,0.0,12.361026
2019-06-06,12,0,reserve,system,5807.69,0.0,0.0,5807.69,0.0,11.342082
2019-06-06,13,0,reserve,system,6054.923,0.0,0.0,6054.923,0.0,11.464402
2019-06-06,14,0,reserve,system,6204.776,0.0,0.0,6204.776,0.0,38.157183
2019-06-06,15,0,reserve,system,6253.068,0.0,0.0,6253.068,0.0,9.761233
2019-06-06,16,0,reserve,system,6103.432,0.0,0.0,6103.432,0.0,10.122735
2019-06-06,17,0,reserve,system,5838.89,0.0,0.0,5838.89,0.0,9.342457
2019-06-06,18,0,reserve,system,5567.66,0.0,0.0,5567.66,0.0,11.385351
2019-06-06,19,0,reserve,system,5300.694,0.0,0.0,5300.694,0.0,0.0
2019-06-06,20,0,reserve,system,5077.438,0.0,0.0,5077.438,0.0,19.166249
2019-06-06,21,0,reserve,system,4718.026,0.0,0.0,4718.026,0.0,9.591872
2019-06-06,22,0,reserve,system,4307.495,0.0,0.0,4307.495,0.0,9.710012
2019-06-06,23,0,reserve,system,3977.068,0.0,0.0,3977.068,0.0,9.434352
2019-06-07,0,0,reserve,system,3748.444,0.0,0.0,3748.444,0.0,13.407797
2019-06-07,1,0,reserve,system,3598.749,0.0,0.0,3598.749,0.0,0.0
2019-06-07,2,0,reserve,system,3513.703,0.0,0.0,3513.703,0.0,0.230152
2019-06-07,3,0,reserve,system,3512.96,0.0,0.0,3512.96,0.0,9.310904
2019-06-07,4,0,reserve,system,3622.79,0.0,0.0,3622.79,0.0,5.810578
2019-06-07,5,0,reserve,system,3766.871,0.0,24.449408,3766.871,0.0,10.068764
2019-06-07,6,0,reserve,system,3941.965,0.0,0.0,3941.965,0.0,8.948312
2019-06-07,7,0,reserve,system,4220.897,0.0,0.0,4220.897,0.0,8.965278
2019-06-07,8,0,reserve,system,4541.723,0.0,0.0,4541.723,0.0,9.561856
2019-06-07,9,0,reserve,system,4876.918,0.0,0.0,4876.918,0.0,10.610465
2019-06-07,10,0,reserve,system,5186.634,0.0,0.0,5186.634,0.0,9.47362
2019-06-07,11,0,reserve,system,5472.299,0.0,0.0,5472.299,0.0,13.062985
2019-06-07,12,0,reserve,system,5747.205,0.0,8.94046,5747.205,0.0,16.481819
2019-06-07,13,0,reserve,system,5942.858,0.0,0.0,5942.858,0.0,4.707249
2019-06-07,14,0,reserve,system,6080.697,0.0,0.0,6080.697,0.0,18.766669
2019-06-07,15,0,reserve,system,6165.603,0.0,38.0967,6165.603,0.0,19.844236
2019-06-07,16,0,reserve,system,6138.705,0.0,0.0,6138.705,0.0,13.843836
2019-06-07,17,0,reserve,system,6010.21,0.0,0.0,6010.21,0.0,8.209103
2019-06-07,18,0,reserve,system,5786.159,0.0,0.0,5786.159,0.0,17.392113
2019-06-07,19,0,reserve,system,5535.0,0.0,0.0,5535.0,0.0,13.768912
2019-06-07,20,0,reserve,system,5332.062,0.0,0.0,5332.062,0.0,16.38694
2019-06-07,21,0,reserve,system,4986.425,0.0,0.0,4986.425,0.0,10.352315
2019-06-07,22,0,reserve,system,4613.451,0.0,0.0,4613.451,0.0,7.652853
2019-06-07,23,0,reserve,system,4261.318,0.0,0.0,4261.318,0.0,13.769011
2019-06-08,0,0,reserve,system,3987.951,0.0,0.0,3987.951,0.0,15.929335
2019-06-08,1,0,reserve,system,3780.756,0.0,0.0,3780.756,0.0,0.0
2019-06-08,2,0,reserve,system,3637.83,0.0,29.721244,3637.83,0.0,13.148737
2019-06-08,3,0,reserve,system,3552.092,0.0,0.0,3552.092,0.0,0.0
2019-06-08,4,0,reserve,system,3540.677,0.0,0.0,3540.677,0.0,0.0
2019-06-08,5,0,reserve,system,3563.283,0.0,0.0,3563.283,0.0,9.135317
2019-06-08,6,0,reserve,system,3715.519,0.0,0.0,3715.519,0.0,5.793522
2019-06-08,7,0,reserve,system,4062.793,0.0,0.0,4062.793,0.0,11.055698
2019-06-08,8,0,reserve,system,4460.561,0.0,0.0,4460.561,0.0,8.628919
2019-06-08,9,0,reserve,system,4878.877,0.0,0.0,4878.877,0.0,10.647122
2019-06-08,10,0,reserve,system,5260.992,0.0,0.0,5260.992,0.0,11.031267
2019-06-08,11,0,reserve,system,5579.099,0.0,0.0,5579.099,0.0,13.903775
2019-06-08,12,0,reserve,system,5852.116,0.0,0.0,5852.116,0.0,13.23859
2019-06-08,13,0,reserve,system,6072.176,0.0,33.382349,6072.176,0.0,12.449905
2019-06-08,14,0,reserve,system,6234.382,0.0,0.272291,6234.382,0.0,17.801096
2019-06-08,15,0,reserve,system,6348.959,0.0,26.638309,6348.959,882.408456,50.0
2019-06-08,16,0,reserve,system,6370.996,0.0,26.681865,6370.996,979.968106,50.0
2019-06-08,17,0,reserve,system,6269.833,0.0,0.0,6269.833,0.0,14.644852
2019-06-08,18,0,reserve,system,6047.491,0.0,0.0,6047.491,0.0,13.637715
2019-06-08,19,0,reserve,system,5763.499,0.0,0.0,5763.499,0.0,13.060585
2019-06-08,20,0,reserve,system,5551.66,0.0,0.0,5551.66,0.0,13.732881
2019-06-08,21,0,reserve,system,5215.927,0.0,0.0,5215.927,0.0,14.462241
2019-06-08,22,0,reserve,system,4846.633,0.0,0.0,4846.633,0.0,8.869928
2019-06-08,23,0,reserve,system,4502.595,0.0,0.0,4502.595,0.0,11.664063
2019-06-09,0,0,reserve,system,4228.531,0.0,0.0,4228.531,0.0,12.848444
2019-06-09,1,0,reserve,system,4010.61,0.0,0.0,4010.61,0.0,5.003021
2019-06-09,2,0,reserve,system,3852.459,0.0,3.473242,3852.459,0.0,9.322597
2019-06-09,3,0,reserve,system,3759.901,0.0,0.0,3759.901,0.0,0.0
2019-06-09,4,0,reserve,system,3725.339,0.0,0.0,3725.339,0.0,5.963228
2019-06-09,5,0,reserve,system,3696.966,0.0,0.0,3696.966,0.0,0.0
2019-06-09,6,0,reserve,system,3813.073,0.0,1.40367,3813.073,0.0,8.20614
2019-06-09,7,0,reserve,system,4167.914,0.0,23.800354,4167.914,0.0,8.126087
2019-06-09,8,0,reserve,system,4596.475,0.0,0.0,4596.475,0.0,9.940046
2019-06-09,9,0,reserve,system,5039.986,0.0,3.351234,5039.986,0.0,9.69014
2019-06-09,10,0,reserve,system,5457.951,0.0,0.0,5457.951,0.0,9.669536
2019-06-09,11,0,reserve,system,5803.295,0.0,0.0,5803.295,0.0,13.191559
2019-06-09,12,0,reserve,system,5896.856,0.0,0.0,5896.856,0.0,24.834754
2019-06-09,13,0,reserve,system,5785.181,0.0,0.0,5785.181,0.0,0.0
2019-06-09,14,0,reserve,system,5870.985,0.0,8.373196,5870.985,0.0,12.680579
2019-06-09,15,0,reserve,system,5937.734,0.0,50.0,5937.734,0.0,29.333137
2019-06-09,16,0,reserve,system,5914.249,0.0,0.0,5914.249,0.0,1.41966
2019-06-09,17,0,reserve,system,5806.657,0.0,0.0,5806.657,0.0,23.351016
2019-06-09,18,0,reserve,system,5605.416,0.0,0.0,5605.416,0.0,0.0
2019-06-09,19,0,reserve,system,5414.47,0.0,0.0,5414.47,0.0,15.334234
2019-06-09,20,0,reserve,system,5232.08,0.0,0.0,5232.08,0.0,11.906472
2019-06-09,21,0,reserve,system,4941.198,0.0,0.0,4941.198,0.0,6.922015
2019-06-09,22,0,reserve,system,4565.214,0.0,0.0,4565.214,0.0,9.294104
2019-06-09,23,0,reserve,system,4261.438,0.0,0.0,4261.438,0.0,0.0
2019-06-10,0,0,reserve,system,4046.702,0.0,0.0,4046.702,0.0,0.0
2019-06-10,1,0,reserve,system,3892.886,0.0,0.0,3892.886,0.0,19.204816
2019-06-10,2,0,reserve,system,3805.648,0.0,0.0,3805.648,0.0,0.0
2019-06-10,3,0,reserve,system,3788.048,0.0,0.0,3788.048,0.0,0.0
2019-06-10,4,0,reserve,system,3875.354,0.0,0.0,3875.354,0.0,7.050226
2019-06-10,5,0,reserve,system,4006.424,0.0,0.0,4006.424,0.0,5.151628
2019-06-10,6,0,reserve,system,4112.89,0.0,0.0,4112.89,0.0,5.434493
2019-06-10,7,0,reserve,system,4283.508,0.0,16.577116,4283.508,0.0,5.238097
2019-06-10,8,0,reserve,system,4514.176,0.0,0.0,4514.176,0.0,6.167474
2019-06-10,9,0,reserve,system,4762.742,0.0,0.0,4762.742,0.0,6.952172
2019-06-10,10,0,reserve,system,4988.747,0.0,0.0,4988.747,0.0,6.836849
2019-06-10,11,0,reserve,system,5167.266,0.0,0.0,5167.266,0.0,11.638057
2019-06-10,12,0,reserve,system,5342.753,0.0,35.767651,5342.753,0.0,13.085267
2019-06-10,13,0,reserve,system,5480.263,0.0,0.0,5480.263,0.0,6.409392
2019-06-10,14,0,reserve,system,5602.665,0.0,0.0,5602.665,0.0,12.618487
2019-06-10,15,0,reserve,system,5638.27,0.0,6.856088,5638.27,0.0,22.495817
2019-06-10,16,0,reserve,system,5573.583,0.0,0.0,5573.583,0.0,4.031258
2019-06-10,17,0,reserve,system,5393.169,0.0,0.0,5393.169,0.0,13.537051
2019-06-10,18,0,reserve,system,5184.769,0.0,0.0,5184.769,0.0,5.352449
2019-06-10,19,0,reserve,system,5062.039,0.0,0.0,5062.039,0.0,0.0
2019-06-10,20,0,reserve,system,4929.148,0.0,0.0,4929.148,0.0,27.103791
2019-06-10,21,0,reserve,system,4601.692,0.0,0.0,4601.692,0.0,6.432659
2019-06-10,22,0,reserve,system,4242.015,0.0,0.0,4242.015,0.0,14.649016
2019-06-10,23,0,reserve,system,3926.837,0.0,0.0,3926.837,0.0,0.0
2019-06-11,0,0,reserve,system,3711.393,0.0,0.0,3711.393,0.0,13.079671
2019-06-11,1,0,reserve,system,3562.678,0.0,0.0,3562.678,0.0,0.0
2019-06-11,2,0,reserve,system,3475.745,0.0,0.0,3475.745,0.0,0.0
2019-06-11,3,0,reserve,system,3472.83,0.0,0.0,3472.83,0.0,8.405845
2019-06-11,4,0,reserve,system,3585.897,0.0,0.0,3585.897,0.0,6.0221
2019-06-11,5,0,reserve,system,3759.036,0.0,0.0,3759.036,0.0,9.234299
2019-06-11,6,0,reserve,system,3866.934,0.0,0.0,3866.934,0.0,8.484512
2019-06-11,7,0,reserve,system,3992.978,0.0,0.0,3992.978,0.0,9.838522
2019-06-11,8,0,reserve,system,4163.819,0.0,0.0,4163.819,0.0,7.863117
2019-06-11,9,0,reserve,system,4381.985,0.0,0.0,4381.985,0.0,16.284259
2019-06-11,10,0,reserve,system,4597.779,0.0,0.0,4597.779,0.0,0.0
2019-06-11,11,0,reserve,system,4784.879,0.0,0.0,4784.879,0.0,14.418768
2019-06-11,12,0,reserve,system,4966.997,0.0,0.0,4966.997,0.0,23.122772
2019-06-11,13,0,reserve,system,5086.068,0.0,0.0,5086.068,0.0,1.818005
2019-06-11,14,0,reserve,system,5137.568,0.0,0.0,5137.568,0.0,15.135956
2019-06-11,15,0,reserve,system,5131.475,0.0,0.0,5131.475,0.0,10.378541
2019-06-11,16,0,reserve,system,5048.488,0.0,0.0,5048.488,0.0,9.568961
2019-06-11,17,0,reserve,system,4939.109,0.0,36.258479,4939.109,0.0,11.36113
2019-06-11,18,0,reserve,system,4805.875,0.0,0.0,4805.875,0.0,2.65976
2019-06-11,19,0,reserve,system,4713.88,0.0,0.0,4713.88,0.0,16.507468
2019-06-11,20,0,reserve,system,4616.376,0.0,0.0,4616.376,0.0,9.799072
2019-06-11,21,0,reserve,system,4327.46,0.0,0.0,4327.46,0.0,9.45677
2019-06-11,22,0,reserve,system,3983.375,0.0,0.0,3983.375,0.0,10.636706
2019-06-11,23,0,reserve,system,3697.453,0.0,0.0,3697.453,0.0,0.0
2019-06-12,0,0,reserve,system,3507.888,0.0,0.0,3507.888,0.0,10.899377
2019-06-12,1,0,reserve,system,3393.424,0.0,0.0,3393.424,0.0,8.099411
2019-06-12,2,0,reserve,system,3332.39,0.0,0.0,3332.39,0.0,0.0
2019-06-12,3,0,reserve,system,3345.733,0.0,0.0,3345.733,0.0,0.0
2019-06-12,4,0,reserve,system,3471.059,0.0,0.0,3471.059,0.0,8.333512
2019-06-12,5,0,reserve,system,3653.916,0.0,0.0,3653.916,0.0,7.562696
2019-06-12,6,0,reserve,system,3779.191,0.0,0.0,3779.191,0.0,8.719067
2019-06-12,7,0,reserve,system,3959.77,0.0,0.0,3959.77,0.0,9.861671
2019-06-12,8,0,reserve,system,4183.459,0.0,0.0,4183.459,0.0,9.371208
2019-06-12,9,0,reserve,system,4464.834,0.0,0.0,4464.834,0.0,15.040004
2019-06-12,10,0,reserve,system,4721.065,0.0,0.0,4721.065,0.0,0.0
2019-06-12,11,0,reserve,system,4972.974,0.0,0.0,4972.974,0.0,13.709385
2019-06-12,12,0,reserve,system,5239.928,0.0,0.0,5239.928,0.0,7.773195
2019-06-12,13,0,reserve,system,5455.496,0.0,0.0,5455.496,0.0,9.225481
2019-06-12,14,0,reserve,system,5652.745,0.0,0.0,5652.745,0.0,11.990141
2019-06-12,15,0,reserve,system,5798.097,0.0,0.0,5798.097,0.0,21.942542
2019-06-12,16,0,reserve,system,5815.329,0.0,0.0,5815.329,0.0,7.265799
2019-06-12,17,0,reserve,system,5711.324,0.0,0.0,5711.324,0.0,10.557162
2019-06-12,18,0,reserve,system,5501.458,0.0,0.0,5501.458,0.0,0.413138
2019-06-12,19,0,reserve,system,5254.77,0.0,0.0,5254.77,0.0,14.272087
2019-06-12,20,0,reserve,system,5060.828,0.0,0.0,5060.828,0.0,8.734241
2019-06-12,21,0,reserve,system,4697.796,0.0,0.0,4697.796,0.0,11.96136
2019-06-12,22,0,reserve,system,4293.853,0.0,0.0,4293.853,0.0,8.722676
2019-06-12,23,0,reserve,system,3950.921,0.0,0.0,3950.921,0.0,11.744467
2019-06-13,0,0,reserve,system,3711.673,0.0,0.0,3711.673,0.0,13.529352
2019-06-13,1,0,reserve,system,3541.348,0.0,0.0,3541.348,0.0,8.486794
2019-06-13,2,0,reserve,system,3435.005,0.0,0.0,3435.005,0.0,0.0
2019-06-13,3,0,reserve,system,3426.069,0.0,0.0,3426.069,0.0,0.0
2019-06-13,4,0,reserve,system,3542.028,0.0,0.0,3542.028,0.0,9.040512
2019-06-13,5,0,reserve,system,3699.839,0.0,0.0,3699.839,0.0,7.893914
2019-06-13,6,0,reserve,system,3871.605,0.0,0.0,3871.605,0.0,9.883031
2019-06-13,7,0,reserve,system,4125.326,0.0,0.0,4125.326,0.0,8.909384
2019-06-13,8,0,reserve,system,4429.688,0.0,0.0,4429.688,0.0,11.977342
2019-06-13,9,0,reserve,system,4759.417,0.0,1.011066,4759.417,0.0,11.730152
2019-06-13,10,0,reserve,system,5053.029,0.0,0.0,5053.029,0.0,3.893666
2019-06-13,11,0,reserve,system,5323.978,0.0,0.0,5323.978,0.0,10.570407
2019-06-13,12,0,reserve,system,5583.71,0.0,0.0,5583.71,0.0,10.847068
2019-06-13,13,0,reserve,system,5788.947,0.0,0.0,5788.947,0.0,3.431984
2019-06-13,14,0,reserve,system,5935.004,0.0,14.662758,5935.004,0.0,9.089692
2019-06-13,15,0,reserve,system,6038.597,0.0,8.901079,6038.597,0.0,25.587503
2019-06-13,16,0,reserve,system,6039.519,0.0,0.0,6039.519,0.0,8.917363
2019-06-13,17,0,reserve,system,5907.427,0.0,0.0,5907.427,0.0,11.223588
2019-06-13,18,0,reserve,system,5654.635,0.0,0.0,5654.635,0.0,6.390893
2019-06-13,19,0,reserve,system,5400.509,0.0,0.0,5400.509,0.0,12.605418
2019-06-13,20,0,reserve,system,5180.675,0.0,0.0,5180.675,0.0,11.449436
2019-06-13,21,0,reserve,system,4828.389,0.0,0.0,4828.389,0.0,7.148203
2019-06-13,22,0,reserve,system,4449.808,0.0,0.0,4449.808,0.0,6.207976
2019-06-13,23,0,reserve,system,4101.72,0.0,0.0,4101.72,0.0,8.199925
2019-06-14,0,0,reserve,system,3862.281,0.0,0.0,3862.281,0.0,9.490787
2019-06-14,1,0,reserve,system,3704.774,0.0,0.488289,3704.774,0.0,5.387654
2019-06-14,2,0,reserve,system,3613.712,0.0,0.0,3613.712,0.0,-0.0
2019-06-14,3,0,reserve,system,3603.358,0.0,0.365057,3603.358,0.0,0.0
2019-06-14,4,0,reserve,system,3698.465,0.0,0.0,3698.465,0.0,9.309764
2019-06-14,5,0,reserve,system,3840.149,0.0,0.0,3840.149,0.0,4.437225
2019-06-14,6,0,reserve,system,3981.946,0.0,4.724823,3981.946,0.0,6.862071
2019-06-14,7,0,reserve,system,4244.693,0.0,0.0,4244.693,0.0,7.130244
2019-06-14,8,0,reserve,system,4561.387,0.0,0.0,4561.387,0.0,5.381094
2019-06-14,9,0,reserve,system,4906.419,0.0,0.0,4906.419,0.0,8.417141
2019-06-14,10,0,reserve,system,5226.38,0.0,0.0,5226.38,0.0,10.23854
2019-06-14,11,0,reserve,system,5514.044,0.0,21.414235,5514.044,0.0,10.58431
2019-06-14,12,0,reserve,system,5786.729,0.0,0.0,5786.729,0.0,10.731307
2019-06-14,13,0,reserve,system,5997.303,0.0,6.516028,5997.303,0.0,9.996419
2019-06-14,14,0,reserve,system,6133.442,0.0,0.0,6133.442,0.0,10.859948
2019-06-14,15,0,reserve,system,6204.489,0.0,22.969485,6204.489,0.0,19.972347
2019-06-14,16,0,reserve,system,6182.447,0.0,21.300907,6182.447,0.0,12.737192
2019-06-14,17,0,reserve,system,6016.76,0.0,0.0,6016.76,0.0,11.226291
2019-06-14,18,0,reserve,system,5766.77,0.0,0.0,5766.77,0.0,9.824757
2019-06-14,19,0,reserve,system,5528.402,0.0,0.0,5528.402,0.0,10.153721
2019-06-14,20,0,reserve,system,5355.678,0.0,0.0,5355.678,0.0,11.457766
2019-06-14,21,0,reserve,system,5075.017,0.0,0.0,5075.017,0.0,8.526581
2019-06-14,22,0,reserve,system,4748.748,0.0,0.0,4748.748,0.0,6.147736
2019-06-14,23,0,reserve,system,4452.338,0.0,0.0,4452.338,0.0,9.545189
2019-06-15,0,0,reserve,system,4235.349,0.0,0.0,4235.349,0.0,12.213204
2019-06-15,1,0,reserve,system,4070.825,0.0,0.0,4070.825,0.0,4.329819
2019-06-15,2,0,reserve,system,3957.606,0.0,6.701526,3957.606,0.0,4.296452
2019-06-15,3,0,reserve,system,3895.691,0.0,0.0,3895.691,0.0,0.0
2019-06-15,4,0,reserve,system,3909.783,0.0,7.212589,3909.783,0.0,2.268527
2019-06-15,5,0,reserve,system,3929.785,0.0,0.0,3929.785,0.0,4.343944
2019-06-15,6,0,reserve,system,4043.276,0.0,0.0,4043.276,0.0,6.454745
2019-06-15,7,0,reserve,system,4354.742,0.0,0.134342,4354.742,0.0,6.546554
2019-06-15,8,0,reserve,system,4712.201,0.0,1.133776,4712.201,0.0,7.091943
2019-06-15,9,0,reserve,system,5055.794,0.0,0.0,5055.794,0.0,7.622193
2019-06-15,10,0,reserve,system,5385.073,0.0,20.09344,5385.073,0.0,11.541796
2019-06-15,11,0,reserve,system,5661.892,0.0,0.0,5661.892,0.0,10.197935
2019-06-15,12,0,reserve,system,5871.089,0.0,0.0,5871.089,0.0,11.182945
2019-06-15,13,0,reserve,system,6024.194,0.0,14.725159,6024.194,0.0,9.510834
2019-06-15,14,0,reserve,system,6131.361,0.0,17.485863,6131.361,0.0,11.228507
2019-06-15,15,0,reserve,system,6232.166,0.0,0.0,6232.166,0.0,9.783164
2019-06-15,16,0,reserve,system,6244.747,0.0,0.0,6244.747,0.0,29.532525
2019-06-15,17,0,reserve,system,6133.947,0.0,0.0,6133.947,0.0,12.44901
2019-06-15,18,0,reserve,system,5903.69,0.0,0.0,5903.69,0.0,9.676579
2019-06-15,19,0,reserve,system,5681.851,0.0,0.0,5681.851,0.0,9.767074
2019-06-15,20,0,reserve,system,5523.211,0.0,0.0,5523.211,0.0,10.309671
2019-06-15,21,0,reserve,system,5235.799,0.0,0.0,5235.799,0.0,11.640869
2019-06-15,22,0,reserve,system,4945.748,0.0,0.0,4945.748,0.0,6.808644
2019-06-15,23,0,reserve,system,4635.292,0.0,0.0,4635.292,0.0,7.936366
2019-06-16,0,0,reserve,system,4396.174,0.0,0.0,4396.174,0.0,9.669801
2019-06-16,1,0,reserve,system,4197.989,0.0,0.0,4197.989,0.0,7.297316
2019-06-16,2,0,reserve,system,3992.791,0.0,0.0,3992.791,0.0,8.178855
2019-06-16,3,0,reserve,system,3862.219,0.0,0.0,3862.219,0.0,0.0
2019-06-16,4,0,reserve,system,3812.79,0.0,0.0,3812.79,0.0,7.39295
2019-06-16,5,0,reserve,system,3793.21,0.0,0.0,3793.21,0.0,0.0
2019-06-16,6,0,reserve,system,3839.489,0.0,4.138587,3839.489,0.0,0.0
2019-06-16,7,0,reserve,system,4070.254,0.0,0.0,4070.254,0.0,8.836281
2019-06-16,8,0,reserve,system,4353.366,0.0,38.09278,4353.366,0.0,5.897436
2019-06-16,9,0,reserve,system,4601.721,0.0,0.0,4601.721,0.0,7.226553
2019-06-16,10,0,reserve,system,4838.139,0.0,5.372269,4838.139,0.0,10.463269
2019-06-16,11,0,reserve,system,5007.795,0.0,0.0,5007.795,0.0,11.030594
2019-06-16,12,0,reserve,system,5143.152,0.0,0.0,5143.152,0.0,10.818178
2019-06-16,13,0,reserve,system,5206.254,0.0,0.0,5206.254,0.0,10.16422
2019-06-16,14,0,reserve,system,5174.928,0.0,0.0,5174.928,0.0,17.191737
2019-06-16,15,0,reserve,system,5078.611,0.0,0.0,5078.611,0.0,0.0
2019-06-16,16,0,reserve,system,5021.095,0.0,45.16292,5021.095,0.0,13.845141
2019-06-16,17,0,reserve,system,4950.931,0.0,0.0,4950.931,0.0,4.195107
2019-06-16,18,0,reserve,system,4857.916,0.0,0.0,4857.916,0.0,19.045685
2019-06-16,19,0,reserve,system,4768.191,0.0,0.0,4768.191,0.0,6.065016
2019-06-16,20,0,reserve,system,4664.432,0.0,0.0,4664.432,0.0,8.894555
2019-06-16,21,0,reserve,system,4414.14,0.0,0.0,4414.14,0.0,12.074789
2019-06-16,22,0,reserve,system,4068.617,0.0,0.0,4068.617,0.0,0.0
2019-06-16,23,0,reserve,system,3767.35,0.0,0.0,3767.35,0.0,0.0
2019-06-17,0,0,reserve,system,3529.162,0.0,0.0,3529.162,0.0,1.030341
2019-06-17,1,0,reserve,system,3399.74,0.0,0.0,3399.74,0.0,0.0
2019-06-17,2,0,reserve,system,3345.268,0.0,0.0,3345.268,0.0,4.388516
2019-06-17,3,0,reserve,system,3373.016,0.0,0.0,3373.016,0.0,3.644653
2019-06-17,4,0,reserve,system,3514.231,0.0,0.0,3514.231,0.0,5.935759
2019-06-17,5,0,reserve,system,3708.134,0.0,0.0,3708.134,0.0,6.966067
2019-06-17,6,0,reserve,system,3836.964,0.0,0.0,3836.964,0.0,6.250304
2019-06-17,7,0,reserve,system,3999.954,0.0,0.0,3999.954,0.0,8.325934
2019-06-17,8,0,reserve,system,4172.074,0.0,0.0,4172.074,0.0,9.276926
2019-06-17,9,0,reserve,system,4363.848,0.0,0.0,4363.848,0.0,15.358536
2019-06-17,10,0,reserve,system,4566.768,0.0,0.0,4566.768,0.0,0.0
2019-06-17,11,0,reserve,system,4793.07,0.0,21.440181,4793.07,0.0,15.219667
2019-06-17,12,0,reserve,system,5085.062,0.0,0.0,5085.062,0.0,8.870429
2019-06-17,13,0,reserve,system,5375.875,0.0,0.0,5375.875,0.0,10.955696
2019-06-17,14,0,reserve,system,5646.465,0.0,0.0,5646.465,0.0,11.826146
2019-06-17,15,0,reserve,system,5847.429,0.0,0.0,5847.429,0.0,13.686185
2019-06-17,16,0,reserve,system,5938.944,0.0,0.0,5938.944,0.0,34.334262
2019-06-17,17,0,reserve,system,5884.249,0.0,0.0,5884.249,0.0,12.132682
2019-06-17,18,0,reserve,system,5695.244,0.0,0.0,5695.244,0.0,18.575908
2019-06-17,19,0,reserve,system,5465.074,0.0,0.0,5465.074,0.0,0.0
2019-06-17,20,0,reserve,system,5291.428,0.0,0.0,5291.428,0.0,21.527442
2019-06-17,21,0,reserve,system,4922.143,0.0,0.0,4922.143,0.0,10.901506
2019-06-17,22,0,reserve,system,4519.662,0.0,0.0,4519.662,0.0,8.36614
2019-06-17,23,0,reserve,system,4175.919,0.0,0.0,4175.919,0.0,14.370362
2019-06-18,0,0,reserve,system,3934.166,0.0,0.0,3934.166,0.0,15.108387
2019-06-18,1,0,reserve,system,3758.203,0.0,0.0,3758.203,0.0,0.0
2019-06-18,2,0,reserve,system,3648.262,0.0,0.0,3648.262,0.0,0.0
2019-06-18,3,0,reserve,system,3642.904,0.0,0.0,3642.904,0.0,8.365401
2019-06-18,4,0,reserve,system,3757.073,0.0,0.0,3757.073,0.0,5.872685
2019-06-18,5,0,reserve,system,3915.643,0.0,0.0,3915.643,0.0,9.327233
2019-06-18,6,0,reserve,system,4095.64,0.0,0.0,4095.64,0.0,9.75592
2019-06-18,7,0,reserve,system,4357.858,0.0,0.0,4357.858,0.0,8.971415
2019-06-18,8,0,reserve,system,4649.828,0.0,0.0,4649.828,0.0,17.569546
2019-06-18,9,0,reserve,system,4974.32,0.0,0.0,4974.32,0.0,14.129737
2019-06-18,10,0,reserve,system,5287.445,0.0,0.0,5287.445,0.0,0.0
2019-06-18,11,0,reserve,system,5608.051,0.0,0.0,5608.051,0.0,3.265044
2019-06-18,12,0,reserve,system,5907.029,0.0,15.11545,5907.029,0.0,11.800925
2019-06-18,13,0,reserve,system,6157.85,0.0,0.0,6157.85,0.0,9.033042
2019-06-18,14,0,reserve,system,6362.742,0.0,0.0,6362.742,0.0,10.190568
2019-06-18,15,0,reserve,system,6491.382,0.0,0.0,6491.382,0.0,25.271997
2019-06-18,16,0,reserve,system,6505.383,0.0,0.0,6505.383,0.0,35.272754
2019-06-18,17,0,reserve,system,6407.298,0.0,0.0,6407.298,0.0,13.64402
2019-06-18,18,0,reserve,system,6185.165,0.0,0.0,6185.165,0.0,13.476579
2019-06-18,19,0,reserve,system,5956.589,0.0,0.0,5956.589,0.0,12.047603
2019-06-18,20,0,reserve,system,5760.822,0.0,0.0,5760.822,0.0,9.431517
2019-06-18,21,0,reserve,system,5374.045,0.0,0.0,5374.045,0.0,11.004758
2019-06-18,22,0,reserve,system,4953.008,0.0,0.0,4953.008,0.0,10.02626
2019-06-18,23,0,reserve,system,4591.021,0.0,0.0,4591.021,0.0,10.506095
2019-06-19,0,0,reserve,system,4335.131,0.0,0.0,4335.131,0.0,10.468308
2019-06-19,1,0,reserve,system,4157.563,0.0,0.0,4157.563,0.0,9.797404
2019-06-19,2,0,reserve,system,4021.861,0.0,0.0,4021.861,0.0,0.0
2019-06-19,3,0,reserve,system,3963.897,0.0,0.0,3963.897,0.0,0.0
2019-06-19,4,0,reserve,system,4051.866,0.0,0.0,4051.866,0.0,6.932737
2019-06-19,5,0,reserve,system,4184.88,0.0,0.0,4184.88,0.0,5.22631
2019-06-19,6,0,reserve,system,4315.096,0.0,0.0,4315.096,0.0,6.520978
2019-06-19,7,0,reserve,system,4568.268,0.0,0.0,4568.268,0.0,7.375156
2019-06-19,8,0,reserve,system,4906.33,0.0,0.0,4906.33,0.0,8.858355
2019-06-19,9,0,reserve,system,5299.823,0.0,0.0,5299.823,0.0,10.53155
2019-06-19,10,0,reserve,system,5681.366,0.0,0.0,5681.366,0.0,9.726232
2019-06-19,11,0,reserve,system,6051.606,0.0,0.0,6051.606,0.0,10.492278
2019-06-19,12,0,reserve,system,6394.543,0.0,0.0,6394.543,0.0,11.363607
2019-06-19,13,0,reserve,system,6630.501,0.0,0.0,6630.501,0.0,19.004235
2019-06-19,14,0,reserve,system,6757.229,0.0,0.0,6757.229,0.0,21.145447
2019-06-19,15,0,reserve,system,6808.381,0.0,0.0,6808.381,0.0,26.706803
2019-06-19,16,0,reserve,system,6812.447,0.0,0.0,6812.447,380.678873,50.0
2019-06-19,17,0,reserve,system,6713.862,0.0,0.0,6713.862,337.102915,50.0
2019-06-19,18,0,reserve,system,6472.216,0.0,0.0,6472.216,0.0,16.608093
2019-06-19,19,0,reserve,system,6220.68,0.0,0.0,6220.68,0.0,0.0
2019-06-19,20,0,reserve,system,6007.269,0.0,0.0,6007.269,0.0,22.982518
2019-06-19,21,0,reserve,system,5594.204,0.0,0.0,5594.204,0.0,14.846913
2019-06-19,22,0,reserve,system,5128.39,0.0,0.0,5128.39,0.0,9.425851
2019-06-19,23,0,reserve,system,4737.297,0.0,0.0,4737.297,0.0,11.446845
2019-06-20,0,0,reserve,system,4455.757,0.0,0.0,4455.757,0.0,19.6477
2019-06-20,1,0,reserve,system,4240.318,0.0,0.0,4240.318,0.0,0.0
2019-06-20,2,0,reserve,system,4116.084,0.0,0.0,4116.084,0.0,5.693709
2019-06-20,3,0,reserve,system,4084.006,0.0,0.0,4084.006,0.0,0.0
2019-06-20,4,0,reserve,system,4183.141,0.0,0.0,4183.141,0.0,8.521841
2019-06-20,5,0,reserve,system,4327.16,0.0,0.0,4327.16,0.0,5.636022
2019-06-20,6,0,reserve,system,4467.045,0.0,0.0,4467.045,0.0,8.265027
2019-06-20,7,0,reserve,system,4695.375,0.0,0.0,4695.375,0.0,8.762876
2019-06-20,8,0,reserve,system,5018.741,0.0,0.0,5018.741,0.0,10.907721
2019-06-20,9,0,reserve,system,5375.463,0.0,0.0,5375.463,0.0,10.809366
2019-06-20,10,0,reserve,system,5735.907,0.0,0.0,5735.907,0.0,10.259057
2019-06-20,11,0,reserve,system,6083.587,0.0,0.0,6083.587,0.0,17.433941
2019-06-20,12,0,reserve,system,6420.697,0.0,0.0,6420.697,0.0,0.010066
2019-06-20,13,0,reserve,system,6665.077,0.0,0.0,6665.077,0.0,14.986821
2019-06-20,14,0,reserve,system,6766.582,0.0,0.0,6766.582,0.0,22.087217
2019-06-20,15,0,reserve,system,6798.473,0.0,0.0,6798.473,0.0,12.749265
2019-06-20,16,0,reserve,system,6802.419,0.0,0.0,6802.419,0.0,37.746333
2019-06-20,17,0,reserve,system,6736.813,0.0,0.0,6736.813,0.0,22.921047
2019-06-20,18,0,reserve,system,6535.929,0.0,0.0,6535.929,0.0,11.438171
2019-06-20,19,0,reserve,system,6315.948,0.0,0.0,6315.948,0.0,12.213595
2019-06-20,20,0,reserve,system,6150.672,0.0,0.0,6150.672,0.0,11.696193
2019-06-20,21,0,reserve,system,5789.056,0.0,0.0,5789.056,0.0,12.60011
2019-06-20,22,0,reserve,system,5390.733,0.0,0.0,5390.733,0.0,6.925043
2019-06-20,23,0,reserve,system,5025.543,0.0,0.0,5025.543,0.0,10.554927
2019-06-21,0,0,reserve,system,4770.365,0.0,0.0,4770.365,0.0,10.82932
2019-06-21,1,0,reserve,system,4597.991,0.0,0.0,4597.991,0.0,9.46027
2019-06-21,2,0,reserve,system,4494.623,0.0,0.0,4494.623,0.0,0.0
2019-06-21,3,0,reserve,system,4472.45,0.0,0.0,4472.45,0.0,0.0
2019-06-21,4,0,reserve,system,4571.372,0.0,0.0,4571.372,0.0,9.895423
2019-06-21,5,0,reserve,system,4694.033,0.0,0.0,4694.033,0.0,6.470074
2019-06-21,6,0,reserve,system,4792.405,0.0,0.0,4792.405,0.0,5.560838
2019-06-21,7,0,reserve,system,5028.294,0.0,0.0,5028.294,0.0,8.56863
2019-06-21,8,0,reserve,system,5335.124,0.0,0.0,5335.124,0.0,7.527758
2019-06-21,9,0,reserve,system,5682.068,111.168462,50.0,5682.068,0.0,12.202506
2019-06-21,10,0,reserve,system,5990.648,0.0,0.0,5990.648,0.0,9.860648
2019-06-21,11,0,reserve,system,6268.45,0.0,0.0,6268.45,0.0,10.477031
2019-06-21,12,0,reserve,system,6499.585,0.0,0.0,6499.585,0.0,10.313068
2019-06-21,13,0,reserve,system,6680.325,0.0,0.0,6680.325,0.0,18.486322
2019-06-21,14,0,reserve,system,6749.767,0.0,0.0,6749.767,0.0,18.337438
2019-06-21,15,0,reserve,system,6772.378,0.0,0.0,6772.378,0.0,18.682519
2019-06-21,16,0,reserve,system,6743.376,0.0,0.0,6743.376,0.0,44.294007
2019-06-21,17,0,reserve,system,6600.985,0.0,0.0,6600.985,0.0,13.618866
2019-06-21,18,0,reserve,system,6360.249,0.0,0.0,6360.249,0.0,11.069473
2019-06-21,19,0,reserve,system,6121.444,0.0,0.0,6121.444,0.0,12.887329
2019-06-21,20,0,reserve,system,5959.308,0.0,0.0,5959.308,0.0,9.808027
2019-06-21,21,0,reserve,system,5661.963,0.0,0.0,5661.963,0.0,12.042432
2019-06-21,22,0,reserve,system,5329.255,0.0,0.0,5329.255,0.0,7.883729
2019-06-21,23,0,reserve,system,5012.503,0.0,0.0,5012.503,0.0,7.923466
2019-06-22,0,0,reserve,system,4767.355,0.0,0.0,4767.355,0.0,12.383326
2019-06-22,1,0,reserve,system,4551.006,0.0,0.0,4551.006,0.0,5.716088
2019-06-22,2,0,reserve,system,4407.019,0.0,0.0,4407.019,0.0,9.451191
2019-06-22,3,0,reserve,system,4319.796,0.0,0.0,4319.796,0.0,0.0
2019-06-22,4,0,reserve,system,4299.319,0.0,0.0,4299.319,0.0,7.677923
2019-06-22,5,0,reserve,system,4289.8,0.0,0.0,4289.8,0.0,0.0
2019-06-22,6,0,reserve,system,4368.266,0.0,0.0,4368.266,0.0,7.799349
2019-06-22,7,0,reserve,system,4637.449,0.0,0.0,4637.449,0.0,6.126584
2019-06-22,8,0,reserve,system,4974.572,0.0,0.0,4974.572,0.0,8.165344
2019-06-22,9,0,reserve,system,5275.807,0.0,3.872312,5275.807,0.0,8.322195
2019-06-22,10,0,reserve,system,5573.42,0.0,22.062225,5573.42,0.0,12.040579
2019-06-22,11,0,reserve,system,5808.901,0.0,16.936889,5808.901,0.0,10.23885
2019-06-22,12,0,reserve,system,5978.111,0.0,0.0,5978.111,0.0,10.748758
2019-06-22,13,0,reserve,system,6045.844,0.0,0.0,6045.844,0.0,10.31851
2019-06-22,14,0,reserve,system,6024.993,0.0,0.0,6024.993,0.0,10.080236
2019-06-22,15,0,reserve,system,6019.347,0.0,0.0,6019.347,0.0,9.345754
2019-06-22,16,0,reserve,system,6013.593,0.0,0.0,6013.593,0.0,21.458743
2019-06-22,17,0,reserve,system,5947.056,0.0,0.0,5947.056,0.0,9.49638
2019-06-22,18,0,reserve,system,5811.737,0.0,0.0,5811.737,0.0,5.888138
2019-06-22,19,0,reserve,system,5675.695,0.0,0.0,5675.695,0.0,12.55121
2019-06-22,20,0,reserve,system,5590.681,0.0,0.0,5590.681,0.0,11.37357
2019-06-22,21,0,reserve,system,5369.951,0.0,0.0,5369.951,0.0,9.315779
2019-06-22,22,0,reserve,system,5100.19,0.0,0.0,5100.19,0.0,8.043341
2019-06-22,23,0,reserve,system,4854.1,0.0,0.0,4854.1,0.0,4.868216
2019-06-23,0,0,reserve,system,4650.943,0.0,0.0,4650.943,0.0,10.04322
2019-06-23,1,0,reserve,system,4501.714,0.0,17.311812,4501.714,0.0,7.088474
2019-06-23,2,0,reserve,system,4393.142,0.0,0.0,4393.142,0.0,6.34642
2019-06-23,3,0,reserve,system,4335.062,0.0,3.584164,4335.062,0.0,5.524119
2019-06-23,4,0,reserve,system,4312.984,0.0,12.402567,4312.984,0.0,9.701519
2019-06-23,5,0,reserve,system,4277.179,0.0,0.0,4277.179,0.0,0.0
2019-06-23,6,0,reserve,system,4325.334,0.0,0.0,4325.334,0.0,0.0
2019-06-23,7,0,reserve,system,4586.226,0.0,0.0,4586.226,0.0,9.982525
2019-06-23,8,0,reserve,system,4916.376,0.0,15.787311,4916.376,0.0,6.170257
2019-06-23,9,0,reserve,system,5183.087,0.0,0.0,5183.087,0.0,8.656632
2019-06-23,10,0,reserve,system,5432.22,0.0,0.0,5432.22,0.0,7.805444
2019-06-23,11,0,reserve,system,5653.655,0.0,0.0,5653.655,0.0,12.040331
2019-06-23,12,0,reserve,system,5863.309,0.0,2.868809,5863.309,0.0,10.080827
2019-06-23,13,0,reserve,system,6012.74,0.0,0.0,6012.74,0.0,10.373783
2019-06-23,14,0,reserve,system,6156.488,0.0,0.0,6156.488,0.0,10.355014
2019-06-23,15,0,reserve,system,6292.861,0.0,0.0,6292.861,0.0,10.292855
2019-06-23,16,0,reserve,system,6368.756,0.0,0.0,6368.756,0.0,19.681473
2019-06-23,17,0,reserve,system,6278.421,0.0,0.0,6278.421,0.0,24.162684
2019-06-23,18,0,reserve,system,6068.313,0.0,0.0,6068.313,0.0,12.654675
2019-06-23,19,0,reserve,system,5867.717,0.0,0.0,5867.717,0.0,0.0
2019-06-23,20,0,reserve,system,5543.608,0.0,0.0,5543.608,0.0,27.909623
2019-06-23,21,0,reserve,system,5182.625,0.0,0.0,5182.625,0.0,8.767625
2019-06-23,22,0,reserve,system,4837.974,0.0,0.0,4837.974,0.0,13.151304
2019-06-23,23,0,reserve,system,4526.976,0.0,0.0,4526.976,0.0,0.0
2019-06-24,0,0,reserve,system,4295.454,0.0,0.0,4295.454,0.0,12.179735
2019-06-24,1,0,reserve,system,4142.12,0.0,0.0,4142.12,0.0,0.0
2019-06-24,2,0,reserve,system,4056.959,0.0,0.0,4056.959,0.0,0.0
2019-06-24,3,0,reserve,system,4027.819,0.0,0.0,4027.819,0.0,8.611617
2019-06-24,4,0,reserve,system,4059.387,0.0,20.036572,4059.387,0.0,4.694526
2019-06-24,5,0,reserve,system,4116.915,0.0,0.0,4116.915,0.0,6.051569
2019-06-24,6,0,reserve,system,4180.589,0.0,0.0,4180.589,0.0,6.556924
2019-06-24,7,0,reserve,system,4275.391,0.0,2.00055,4275.391,0.0,7.789735
2019-06-24,8,0,reserve,system,4416.89,0.0,0.0,4416.89,0.0,7.188898
2019-06-24,9,0,reserve,system,4585.489,0.0,0.0,4585.489,0.0,12.5973
2019-06-24,10,0,reserve,system,4772.994,0.0,0.0,4772.994,0.0,0.0
2019-06-24,11,0,reserve,system,4962.603,0.0,0.0,4962.603,0.0,15.173838
2019-06-24,12,0,reserve,system,5173.211,0.0,25.967295,5173.211,0.0,8.000412
2019-06-24,13,0,reserve,system,5307.605,0.0,14.861435,5307.605,0.0,10.037054
2019-06-24,14,0,reserve,system,5411.057,0.0,0.0,5411.057,0.0,11.453602
2019-06-24,15,0,reserve,system,5486.661,0.0,0.0,5486.661,0.0,9.105103
2019-06-24,16,0,reserve,system,5517.387,0.0,0.0,5517.387,0.0,24.566398
2019-06-24,17,0,reserve,system,5418.38,0.0,0.0,5418.38,0.0,10.633876
2019-06-24,18,0,reserve,system,5228.753,0.0,0.0,5228.753,0.0,9.95231
2019-06-24,19,0,reserve,system,5075.438,0.0,0.0,5075.438,0.0,12.170335
2019-06-24,20,0,reserve,system,4938.442,0.0,0.0,4938.442,0.0,6.951844
2019-06-24,21,0,reserve,system,4626.232,0.0,0.0,4626.232,0.0,10.204922
2019-06-24,22,0,reserve,system,4267.639,0.0,0.0,4267.639,0.0,0.0
2019-06-24,23,0,reserve,system,3965.537,0.0,0.0,3965.537,0.0,0.0
2019-06-25,0,0,reserve,system,3767.705,0.0,0.0,3767.705,0.0,3.575339
2019-06-25,1,0,reserve,system,3636.891,0.0,0.0,3636.891,0.0,0.0
2019-06-25,2,0,reserve,system,3568.691,0.0,1.309295,3568.691,0.0,5.285033
2019-06-25,3,0,reserve,system,3588.758,0.0,3.583193,3588.758,0.0,3.032534
2019-06-25,4,0,reserve,system,3726.937,0.0,2.598738,3726.937,0.0,6.507365
2019-06-25,5,0,reserve,system,3912.314,0.0,0.0,3912.314,0.0,7.107504
2019-06-25,6,0,reserve,system,4036.79,0.0,0.0,4036.79,0.0,7.361058
2019-06-25,7,0,reserve,system,4216.897,0.0,0.0,4216.897,0.0,13.3766
2019-06-25,8,0,reserve,system,4435.472,0.0,0.0,4435.472,0.0,18.882819
2019-06-25,9,0,reserve,system,4712.582,0.0,0.0,4712.582,0.0,13.399838
2019-06-25,10,0,reserve,system,5001.766,0.0,0.0,5001.766,0.0,2.719217
2019-06-25,11,0,reserve,system,5275.664,0.0,0.0,5275.664,0.0,3.354409
2019-06-25,12,0,reserve,system,5508.029,0.0,0.0,5508.029,0.0,9.92998
2019-06-25,13,0,reserve,system,5692.298,0.0,2.36047,5692.298,0.0,6.645766
2019-06-25,14,0,reserve,system,5823.472,0.0,23.055407,5823.472,0.0,23.698638
2019-06-25,15,0,reserve,system,5857.855,0.0,0.0,5857.855,0.0,12.329546
2019-06-25,16,0,reserve,system,5797.309,0.0,0.0,5797.309,0.0,10.585148
2019-06-25,17,0,reserve,system,5654.827,0.0,0.0,5654.827,0.0,10.142012
2019-06-25,18,0,reserve,system,5456.523,0.0,0.0,5456.523,0.0,10.699446
2019-06-25,19,0,reserve,system,5250.311,0.0,0.0,5250.311,0.0,8.535491
2019-06-25,20,0,reserve,system,5100.689,0.0,0.0,5100.689,0.0,7.218869
2019-06-25,21,0,reserve,system,4773.311,0.0,0.0,4773.311,0.0,7.270174
2019-06-25,22,0,reserve,system,4420.549,0.0,0.0,4420.549,0.0,6.516474
2019-06-25,23,0,reserve,system,4104.227,0.0,0.0,4104.227,0.0,7.957794
2019-06-26,0,0,reserve,system,3877.754,0.0,0.0,3877.754,0.0,8.725523
2019-06-26,1,0,reserve,system,3720.524,0.0,0.0,3720.524,0.0,0.0
2019-06-26,2,0,reserve,system,3645.964,0.0,0.0,3645.964,0.0,0.0
2019-06-26,3,0,reserve,system,3659.376,0.0,0.0,3659.376,0.0,5.653387
2019-06-26,4,0,reserve,system,3795.615,0.0,31.487316,3795.615,0.0,6.528974
2019-06-26,5,0,reserve,system,3985.122,0.0,0.0,3985.122,0.0,7.084067
2019-06-26,6,0,reserve,system,4137.142,0.0,0.0,4137.142,0.0,8.313839
2019-06-26,7,0,reserve,system,4335.691,0.0,0.0,4335.691,0.0,18.947316
2019-06-26,8,0,reserve,system,4597.289,0.0,0.0,4597.289,0.0,0.0
2019-06-26,9,0,reserve,system,4913.061,0.0,0.0,4913.061,0.0,8.50866
2019-06-26,10,0,reserve,system,5255.028,0.0,0.0,5255.028,0.0,6.460056
2019-06-26,11,0,reserve,system,5549.619,0.0,0.0,5549.619,0.0,12.392355
2019-06-26,12,0,reserve,system,5771.332,0.0,0.0,5771.332,0.0,9.215504
2019-06-26,13,0,reserve,system,5897.412,0.0,0.0,5897.412,0.0,10.84523
2019-06-26,14,0,reserve,system,6002.967,0.0,0.0,6002.967,0.0,18.469257
2019-06-26,15,0,reserve,system,6044.077,0.0,0.0,6044.077,0.0,16.504861
2019-06-26,16,0,reserve,system,5974.059,0.0,0.0,5974.059,0.0,8.603907
2019-06-26,17,0,reserve,system,5847.495,0.0,0.0,5847.495,0.0,11.811788
2019-06-26,18,0,reserve,system,5653.648,0.0,0.0,5653.648,0.0,10.300088
2019-06-26,19,0,reserve,system,5458.768,0.0,0.0,5458.768,0.0,10.546034
2019-06-26,20,0,reserve,system,5279.46,0.0,0.0,5279.46,0.0,9.996102
2019-06-26,21,0,reserve,system,4967.425,0.0,0.0,4967.425,0.0,9.514344
2019-06-26,22,0,reserve,system,4589.783,0.0,0.0,4589.783,0.0,6.133384
2019-06-26,23,0,reserve,system,4262.96,0.0,0.0,4262.96,0.0,8.407582
2019-06-27,0,0,reserve,system,4034.33,0.0,0.0,4034.33,0.0,13.514077
2019-06-27,1,0,reserve,system,3880.061,0.0,0.0,3880.061,0.0,0.0
2019-06-27,2,0,reserve,system,3796.666,0.0,0.0,3796.666,0.0,0.0
2019-06-27,3,0,reserve,system,3804.313,0.0,0.0,3804.313,0.0,9.359773
2019-06-27,4,0,reserve,system,3941.007,0.0,0.0,3941.007,0.0,5.603554
2019-06-27,5,0,reserve,system,4134.476,0.0,38.09278,4134.476,0.0,9.399961
2019-06-27,6,0,reserve,system,4278.905,0.0,0.0,4278.905,0.0,8.069325
2019-06-27,7,0,reserve,system,4488.801,0.0,0.0,4488.801,0.0,23.68616
2019-06-27,8,0,reserve,system,4777.352,0.0,0.0,4777.352,0.0,0.0
2019-06-27,9,0,reserve,system,5121.145,0.0,0.0,5121.145,0.0,9.55044
2019-06-27,10,0,reserve,system,5474.909,0.0,0.0,5474.909,0.0,5.426077
2019-06-27,11,0,reserve,system,5754.627,0.0,18.965079,5754.627,0.0,13.872204
2019-06-27,12,0,reserve,system,5941.922,0.0,0.0,5941.922,0.0,20.703904
2019-06-27,13,0,reserve,system,6011.98,0.0,0.0,6011.98,0.0,11.470412
2019-06-27,14,0,reserve,system,6029.114,0.0,0.0,6029.114,0.0,10.368378
2019-06-27,15,0,reserve,system,6038.859,0.0,0.0,6038.859,0.0,9.600097
2019-06-27,16,0,reserve,system,5989.753,0.0,0.0,5989.753,0.0,11.343291
2019-06-27,17,0,reserve,system,5825.803,0.0,0.0,5825.803,0.0,8.774146
2019-06-27,18,0,reserve,system,5638.671,0.0,0.0,5638.671,0.0,11.63399
2019-06-27,19,0,reserve,system,5470.948,0.0,0.0,5470.948,0.0,10.294701
2019-06-27,20,0,reserve,system,5333.637,0.0,0.0,5333.637,0.0,11.126696
2019-06-27,21,0,reserve,system,4991.478,0.0,0.0,4991.478,0.0,9.091381
2019-06-27,22,0,reserve,system,4604.286,0.0,0.0,4604.286,0.0,10.321243
2019-06-27,23,0,reserve,system,4264.744,0.0,0.0,4264.744,0.0,8.437803
2019-06-28,0,0,reserve,system,4024.691,0.0,0.0,4024.691,0.0,10.457445
2019-06-28,1,0,reserve,system,3870.671,0.0,0.0,3870.671,0.0,9.504887
2019-06-28,2,0,reserve,system,3776.118,0.0,0.0,3776.118,0.0,0.0
2019-06-28,3,0,reserve,system,3760.352,0.0,0.0,3760.352,0.0,0.0
2019-06-28,4,0,reserve,system,3866.323,0.0,0.0,3866.323,0.0,8.706671
2019-06-28,5,0,reserve,system,4015.279,0.0,0.0,4015.279,0.0,6.464539
2019-06-28,6,0,reserve,system,4151.24,0.0,0.0,4151.24,0.0,8.976479
2019-06-28,7,0,reserve,system,4426.266,0.0,0.0,4426.266,0.0,13.080796
2019-06-28,8,0,reserve,system,4788.279,0.0,0.0,4788.279,0.0,6.035565
2019-06-28,9,0,reserve,system,5170.939,0.0,23.268342,5170.939,0.0,11.417321
2019-06-28,10,0,reserve,system,5530.581,0.0,0.0,5530.581,0.0,9.781545
2019-06-28,11,0,reserve,system,5858.476,0.0,0.0,5858.476,0.0,10.114048
2019-06-28,12,0,reserve,system,6154.711,0.0,0.0,6154.711,0.0,11.108096
2019-06-28,13,0,reserve,system,6342.236,0.0,0.0,6342.236,0.0,10.794256
2019-06-28,14,0,reserve,system,6438.809,0.0,0.0,6438.809,0.0,28.133277
2019-06-28,15,0,reserve,system,6434.039,0.0,0.0,6434.039,0.0,13.818305
2019-06-28,16,0,reserve,system,6314.412,0.0,0.0,6314.412,0.0,13.658299
2019-06-28,17,0,reserve,system,6127.906,0.0,0.0,6127.906,0.0,13.536283
2019-06-28,18,0,reserve,system,5869.542,0.0,0.0,5869.542,0.0,10.735194
2019-06-28,19,0,reserve,system,5601.207,0.0,0.0,5601.207,0.0,6.944657
2019-06-28,20,0,reserve,system,5404.551,0.0,0.0,5404.551,0.0,12.218889
2019-06-28,21,0,reserve,system,5083.865,0.0,0.0,5083.865,0.0,9.601545
2019-06-28,22,0,reserve,system,4738.143,0.0,0.0,4738.143,0.0,10.799435
2019-06-28,23,0,reserve,system,4402.01,0.0,0.0,4402.01,0.0,10.470404
2019-06-29,0,0,reserve,system,4144.758,0.0,0.0,4144.758,0.0,13.283874
2019-06-29,1,0,reserve,system,3950.545,0.0,0.0,3950.545,0.0,0.0
2019-06-29,2,0,reserve,system,3826.954,0.0,0.0,3826.954,0.0,12.497679
2019-06-29,3,0,reserve,system,3758.946,0.0,0.0,3758.946,0.0,0.0
2019-06-29,4,0,reserve,system,3760.349,0.0,0.0,3760.349,0.0,0.0
2019-06-29,5,0,reserve,system,3776.613,0.0,0.0,3776.613,0.0,9.007858
2019-06-29,6,0,reserve,system,3879.105,0.0,0.0,3879.105,0.0,5.41518
2019-06-29,7,0,reserve,system,4198.406,0.0,27.177836,4198.406,0.0,9.817874
2019-06-29,8,0,reserve,system,4595.035,0.0,0.0,4595.035,0.0,9.476419
2019-06-29,9,0,reserve,system,5000.356,0.0,0.0,5000.356,0.0,14.277057
2019-06-29,10,0,reserve,system,5379.262,0.0,0.0,5379.262,0.0,3.087076
2019-06-29,11,0,reserve,system,5700.703,0.0,0.0,5700.703,0.0,13.185808
2019-06-29,12,0,reserve,system,5915.326,0.0,0.0,5915.326,0.0,21.539615
2019-06-29,13,0,reserve,system,5956.337,0.0,0.0,5956.337,0.0,21.771637
2019-06-29,14,0,reserve,system,5956.397,0.0,0.0,5956.397,0.0,14.083714
2019-06-29,15,0,reserve,system,5964.783,0.0,0.0,5964.783,0.0,14.006577
2019-06-29,16,0,reserve,system,5921.001,0.0,0.0,5921.001,0.0,15.24062
2019-06-29,17,0,reserve,system,5682.779,0.0,0.0,5682.779,0.0,4.779112
2019-06-29,18,0,reserve,system,5366.097,0.0,0.0,5366.097,0.0,5.36462
2019-06-29,19,0,reserve,system,5133.123,0.0,0.0,5133.123,0.0,10.454307
2019-06-29,20,0,reserve,system,4948.208,0.0,0.0,4948.208,0.0,7.561211
2019-06-29,21,0,reserve,system,4674.614,0.0,0.0,4674.614,0.0,6.735391
2019-06-29,22,0,reserve,system,4371.932,0.0,0.0,4371.932,0.0,10.051567
2019-06-29,23,0,reserve,system,4090.325,0.0,0.0,4090.325,0.0,0.0
2019-06-30,0,0,reserve,system,3862.313,0.0,0.0,3862.313,0.0,10.031536
2019-06-30,1,0,reserve,system,3687.893,0.0,0.0,3687.893,0.0,3.511069
2019-06-30,2,0,reserve,system,3548.984,0.0,0.0,3548.984,0.0,3.223228
2019-06-30,3,0,reserve,system,3470.617,0.0,0.0,3470.617,0.0,0.0
2019-06-30,4,0,reserve,system,3450.507,0.0,0.0,3450.507,0.0,0.0
2019-06-30,5,0,reserve,system,3446.099,0.0,0.0,3446.099,0.0,6.256526
2019-06-30,6,0,reserve,system,3507.732,0.0,0.0,3507.732,0.0,5.39734
2019-06-30,7,0,reserve,system,3723.234,0.0,0.0,3723.234,0.0,7.052789
2019-06-30,8,0,reserve,system,3986.848,0.0,0.0,3986.848,0.0,8.11424
2019-06-30,9,0,reserve,system,4253.393,0.0,0.0,4253.393,0.0,8.896259
2019-06-30,10,0,reserve,system,4532.994,0.0,0.0,4532.994,0.0,7.825774
2019-06-30,11,0,reserve,system,4819.283,0.0,0.0,4819.283,0.0,10.619294
2019-06-30,12,0,reserve,system,5052.481,0.0,0.0,5052.481,0.0,9.651238
2019-06-30,13,0,reserve,system,5250.255,0.0,0.0,5250.255,0.0,9.715346
2019-06-30,14,0,reserve,system,5426.44,0.0,0.0,5426.44,0.0,9.702586
2019-06-30,15,0,reserve,system,5558.939,0.0,0.0,5558.939,0.0,12.033933
2019-06-30,16,0,reserve,system,5610.522,0.0,0.0,5610.522,0.0,5.704362
2019-06-30,17,0,reserve,system,5544.126,0.0,0.0,5544.126,0.0,25.985028
2019-06-30,18,0,reserve,system,5382.757,0.0,0.0,5382.757,0.0,8.973797
2019-06-30,19,0,reserve,system,5215.58,0.0,0.0,5215.58,0.0,7.113571
2019-06-30,20,0,reserve,system,5095.309,0.0,0.0,5095.309,0.0,8.389235
2019-06-30,21,0,reserve,system,4802.458,0.0,0.0,4802.458,0.0,10.347028
2019-06-30,22,0,reserve,system,4441.681,0.0,0.0,4441.681,0.0,8.256167
2019-06-30,23,0,reserve,system,4133.512,0.0,0.0,4133.512,0.0,8.756604
2019-07-01,0,0,reserve,system,3911.365,0.0,0.0,3911.365,0.0,6.365665
2019-07-01,1,0,reserve,system,3771.231,0.0,0.0,3771.231,0.0,13.460088
2019-07-01,2,0,reserve,system,3694.172,0.0,0.0,3694.172,0.0,0.0
2019-07-01,3,0,reserve,system,3703.484,0.0,0.0,3703.484,0.0,0.073151
2019-07-01,4,0,reserve,system,3820.617,0.0,0.0,3820.617,0.0,9.618939
2019-07-01,5,0,reserve,system,3973.396,0.0,0.0,3973.396,0.0,6.289485
2019-07-01,6,0,reserve,system,4121.768,0.0,0.0,4121.768,0.0,8.168318
2019-07-01,7,0,reserve,system,4388.659,0.0,0.0,4388.659,0.0,10.56153
2019-07-01,8,0,reserve,system,4725.52,0.0,0.0,4725.52,0.0,12.542342
2019-07-01,9,0,reserve,system,5105.284,0.0,0.0,5105.284,0.0,8.04217
2019-07-01,10,0,reserve,system,5464.992,0.0,0.0,5464.992,0.0,10.545218
2019-07-01,11,0,reserve,system,5760.121,0.0,0.0,5760.121,0.0,10.578601
2019-07-01,12,0,reserve,system,6004.738,0.0,0.0,6004.738,0.0,11.55908
2019-07-01,13,0,reserve,system,6188.06,0.0,0.0,6188.06,0.0,13.94377
2019-07-01,14,0,reserve,system,6314.117,0.0,0.0,6314.117,0.0,24.593694
2019-07-01,15,0,reserve,system,6382.721,0.0,0.0,6382.721,0.0,16.307305
2019-07-01,16,0,reserve,system,6324.226,0.0,0.0,6324.226,0.0,10.35942
2019-07-01,17,0,reserve,system,6144.914,0.0,0.0,6144.914,0.0,12.672381
2019-07-01,18,0,reserve,system,5882.428,0.0,0.0,5882.428,0.0,3.170643
2019-07-01,19,0,reserve,system,5662.034,0.0,0.0,5662.034,0.0,15.014661
2019-07-01,20,0,reserve,system,5510.982,0.0,0.0,5510.982,0.0,11.330845
2019-07-01,21,0,reserve,system,5158.839,0.0,0.0,5158.839,0.0,8.534248
2019-07-01,22,0,reserve,system,4773.658,0.0,0.0,4773.658,0.0,8.45561
2019-07-01,23,0,reserve,system,4439.048,0.0,0.0,4439.048,0.0,9.900821
2019-07-02,0,0,reserve,system,4198.851,0.0,0.0,4198.851,0.0,13.076234
2019-07-02,1,0,reserve,system,4038.92,0.0,0.0,4038.92,0.0,0.0
2019-07-02,2,0,reserve,system,3955.602,0.0,0.0,3955.602,0.0,0.0
2019-07-02,3,0,reserve,system,3949.019,0.0,0.0,3949.019,0.0,5.311619
2019-07-02,4,0,reserve,system,4062.349,0.0,9.824391,4062.349,0.0,7.156134
2019-07-02,5,0,reserve,system,4200.345,0.0,0.0,4200.345,0.0,6.543652
2019-07-02,6,0,reserve,system,4318.781,0.0,0.0,4318.781,0.0,6.678202
2019-07-02,7,0,reserve,system,4575.092,0.0,19.677742,4575.092,0.0,8.448779
2019-07-02,8,0,reserve,system,4902.356,0.0,0.0,4902.356,0.0,7.055416
2019-07-02,9,0,reserve,system,5265.277,0.0,25.380384,5265.277,0.0,8.768768
2019-07-02,10,0,reserve,system,5600.098,0.0,0.0,5600.098,0.0,10.586201
2019-07-02,11,0,reserve,system,5835.053,0.0,50.0,5835.053,0.0,10.836989
2019-07-02,12,0,reserve,system,6012.36,0.0,0.0,6012.36,0.0,9.655589
2019-07-02,13,0,reserve,system,6131.944,0.0,0.0,6131.944,0.0,11.932223
2019-07-02,14,0,reserve,system,6204.353,0.0,0.0,6204.353,0.0,19.264493
2019-07-02,15,0,reserve,system,6250.908,0.0,0.0,6250.908,0.0,27.240051
2019-07-02,16,0,reserve,system,6197.732,0.0,0.0,6197.732,0.0,15.198045
2019-07-02,17,0,reserve,system,6040.725,0.0,0.0,6040.725,0.0,14.131485
2019-07-02,18,0,reserve,system,5816.997,0.0,0.0,5816.997,0.0,9.780658
2019-07-02,19,0,reserve,system,5589.983,0.0,0.0,5589.983,0.0,9.649198
2019-07-02,20,0,reserve,system,5408.203,0.0,0.0,5408.203,0.0,10.814992
2019-07-02,21,0,reserve,system,5051.082,0.0,0.0,5051.082,0.0,7.946379
2019-07-02,22,0,reserve,system,4660.336,0.0,0.0,4660.336,0.0,7.180701
2019-07-02,23,0,reserve,system,4345.916,0.0,0.0,4345.916,0.0,5.911348
2019-07-03,0,0,reserve,system,4124.245,0.0,0.0,4124.245,0.0,7.86619
2019-07-03,1,0,reserve,system,3962.127,0.0,0.0,3962.127,0.0,0.874645
2019-07-03,2,0,reserve,system,3859.968,0.0,0.0,3859.968,0.0,0.0
2019-07-03,3,0,reserve,system,3855.845,0.0,0.0,3855.845,0.0,3.629925
2019-07-03,4,0,reserve,system,3957.472,0.0,0.0,3957.472,0.0,4.606692
2019-07-03,5,0,reserve,system,4111.085,0.0,47.403386,4111.085,0.0,7.241169
2019-07-03,6,0,reserve,system,4245.023,0.0,0.0,4245.023,0.0,6.775122
2019-07-03,7,0,reserve,system,4484.432,0.0,0.0,4484.432,0.0,9.349222
2019-07-03,8,0,reserve,system,4779.468,0.0,0.0,4779.468,0.0,12.480644
2019-07-03,9,0,reserve,system,5062.197,0.0,0.0,5062.197,0.0,3.258965
2019-07-03,10,0,reserve,system,5299.593,0.0,0.0,5299.593,0.0,3.869623
2019-07-03,11,0,reserve,system,5484.822,0.0,0.0,5484.822,0.0,9.377401
2019-07-03,12,0,reserve,system,5686.129,0.0,0.0,5686.129,0.0,9.191988
2019-07-03,13,0,reserve,system,5865.663,0.0,0.0,5865.663,0.0,10.985602
2019-07-03,14,0,reserve,system,6041.674,0.0,0.0,6041.674,0.0,12.164273
2019-07-03,15,0,reserve,system,6115.715,0.0,16.667729,6115.715,0.0,21.758546
2019-07-03,16,0,reserve,system,6047.148,0.0,0.0,6047.148,0.0,10.300359
2019-07-03,17,0,reserve,system,5861.259,0.0,0.0,5861.259,0.0,11.923205
2019-07-03,18,0,reserve,system,5619.504,0.0,0.0,5619.504,0.0,3.774954
2019-07-03,19,0,reserve,system,5405.845,0.0,7.289151,5405.845,0.0,15.957931
2019-07-03,20,0,reserve,system,5250.208,0.0,0.0,5250.208,0.0,10.230322
2019-07-03,21,0,reserve,system,4961.559,0.0,0.0,4961.559,0.0,6.820157
2019-07-03,22,0,reserve,system,4628.546,0.0,0.0,4628.546,0.0,7.024713
2019-07-03,23,0,reserve,system,4338.505,0.0,0.0,4338.505,0.0,5.871816
2019-07-04,0,0,reserve,system,4132.339,0.0,0.0,4132.339,0.0,6.213909
2019-07-04,1,0,reserve,system,3993.282,0.0,0.0,3993.282,0.0,5.601532
2019-07-04,2,0,reserve,system,3899.201,0.0,0.0,3899.201,0.0,0.0
2019-07-04,3,0,reserve,system,3851.687,0.0,0.0,3851.687,0.0,0.0
2019-07-04,4,0,reserve,system,3865.48,0.0,20.465094,3865.48,0.0,18.754302
2019-07-04,5,0,reserve,system,3889.482,0.0,0.0,3889.482,0.0,0.0
2019-07-04,6,0,reserve,system,3925.323,0.0,0.0,3925.323,0.0,0.0
2019-07-04,7,0,reserve,system,4145.114,0.0,0.0,4145.114,0.0,9.905624
2019-07-04,8,0,reserve,system,4494.763,0.0,0.0,4494.763,0.0,5.711966
2019-07-04,9,0,reserve,system,4887.607,0.0,0.0,4887.607,0.0,7.189815
2019-07-04,10,0,reserve,system,5232.873,0.0,0.0,5232.873,0.0,6.920789
2019-07-04,11,0,reserve,system,5539.748,0.0,0.0,5539.748,0.0,12.179844
2019-07-04,12,0,reserve,system,5805.965,0.0,0.0,5805.965,0.0,9.768861
2019-07-04,13,0,reserve,system,5995.444,0.0,0.0,5995.444,0.0,11.291211
2019-07-04,14,0,reserve,system,6126.977,0.0,0.0,6126.977,0.0,10.10665
2019-07-04,15,0,reserve,system,6171.385,0.0,1.645744,6171.385,0.0,10.832088
2019-07-04,16,0,reserve,system,6127.311,0.0,0.0,6127.311,0.0,22.251127
2019-07-04,17,0,reserve,system,5974.024,0.0,0.0,5974.024,0.0,10.637841
2019-07-04,18,0,reserve,system,5713.663,0.0,0.0,5713.663,0.0,9.562704
2019-07-04,19,0,reserve,system,5449.057,0.0,0.0,5449.057,0.0,10.839602
2019-07-04,20,0,reserve,system,5251.991,0.0,0.0,5251.991,0.0,11.150412
2019-07-04,21,0,reserve,system,5042.85,0.0,0.0,5042.85,0.0,8.903676
2019-07-04,22,0,reserve,system,4821.671,0.0,0.0,4821.671,0.0,6.374221
2019-07-04,23,0,reserve,system,4537.448,0.0,0.0,4537.448,0.0,8.248972
2019-07-05,0,0,reserve,system,4304.706,0.0,0.0,4304.706,0.0,12.755771
2019-07-05,1,0,reserve,system,4131.009,0.0,0.0,4131.009,0.0,0.0
2019-07-05,2,0,reserve,system,4025.493,0.0,0.0,4025.493,0.0,3.694047
2019-07-05,3,0,reserve,system,3997.103,0.0,0.0,3997.103,0.0,0.0
2019-07-05,4,0,reserve,system,4069.25,0.0,0.0,4069.25,0.0,9.736371
2019-07-05,5,0,reserve,system,4150.911,0.0,0.0,4150.911,0.0,6.443827
2019-07-05,6,0,reserve,system,4242.512,0.0,0.0,4242.512,0.0,4.769672
2019-07-05,7,0,reserve,system,4504.21,0.0,0.0,4504.21,0.0,7.653276
2019-07-05,8,0,reserve,system,4861.267,0.0,0.0,4861.267,0.0,6.588075
2019-07-05,9,0,reserve,system,5227.309,0.0,0.0,5227.309,0.0,7.866431
2019-07-05,10,0,reserve,system,5571.276,0.0,0.0,5571.276,0.0,11.658724
2019-07-05,11,0,reserve,system,5871.167,0.0,0.0,5871.167,0.0,10.262039
2019-07-05,12,0,reserve,system,6131.3,0.0,0.0,6131.3,0.0,10.724726
2019-07-05,13,0,reserve,system,6339.808,0.0,0.0,6339.808,0.0,9.606506
2019-07-05,14,0,reserve,system,6504.969,0.0,0.0,6504.969,0.0,10.68615
2019-07-05,15,0,reserve,system,6584.847,0.0,0.0,6584.847,0.0,26.058266
2019-07-05,16,0,reserve,system,6565.541,0.0,0.0,6565.541,0.0,12.493094
2019-07-05,17,0,reserve,system,6402.58,0.0,0.0,6402.58,0.0,12.71929
2019-07-05,18,0,reserve,system,6141.161,0.0,0.0,6141.161,0.0,9.479546
2019-07-05,19,0,reserve,system,5863.498,0.0,0.0,5863.498,0.0,10.355022
2019-07-05,20,0,reserve,system,5662.407,0.0,0.0,5662.407,0.0,9.782665
2019-07-05,21,0,reserve,system,5343.198,0.0,0.0,5343.198,0.0,10.200747
2019-07-05,22,0,reserve,system,4995.031,0.0,0.0,4995.031,0.0,11.816622
2019-07-05,23,0,reserve,system,4653.007,0.0,0.0,4653.007,0.0,7.268213
2019-07-06,0,0,reserve,system,4395.055,0.0,0.0,4395.055,0.0,11.457068
2019-07-06,1,0,reserve,system,4197.647,0.0,0.0,4197.647,0.0,5.542707
2019-07-06,2,0,reserve,system,4059.221,0.0,0.0,4059.221,0.0,10.000219
2019-07-06,3,0,reserve,system,3970.753,0.0,0.0,3970.753,0.0,0.0
2019-07-06,4,0,reserve,system,3940.325,0.0,0.0,3940.325,0.0,0.0
2019-07-06,5,0,reserve,system,3914.692,0.0,0.0,3914.692,0.0,9.971429
2019-07-06,6,0,reserve,system,3987.916,0.0,28.931807,3987.916,0.0,5.584911
2019-07-06,7,0,reserve,system,4275.553,0.0,0.0,4275.553,0.0,9.95334
2019-07-06,8,0,reserve,system,4649.704,0.0,0.0,4649.704,0.0,8.460538
2019-07-06,9,0,reserve,system,5046.553,0.0,15.524777,5046.553,0.0,7.752733
2019-07-06,10,0,reserve,system,5418.709,0.0,0.0,5418.709,0.0,10.962835
2019-07-06,11,0,reserve,system,5752.979,0.0,0.0,5752.979,0.0,9.578724
2019-07-06,12,0,reserve,system,6031.711,0.0,0.0,6031.711,0.0,10.185241
2019-07-06,13,0,reserve,system,6242.757,0.0,0.0,6242.757,0.0,10.792987
2019-07-06,14,0,reserve,system,6383.114,0.0,0.0,6383.114,0.0,14.699053
2019-07-06,15,0,reserve,system,6453.575,0.0,0.0,6453.575,0.0,26.143108
2019-07-06,16,0,reserve,system,6388.95,0.0,0.0,6388.95,0.0,10.365094
2019-07-06,17,0,reserve,system,6133.572,0.0,0.0,6133.572,0.0,12.109472
2019-07-06,18,0,reserve,system,5800.811,0.0,0.0,5800.811,0.0,7.882333
2019-07-06,19,0,reserve,system,5550.695,0.0,0.0,5550.695,0.0,13.259237
2019-07-06,20,0,reserve,system,5353.545,0.0,0.0,5353.545,0.0,7.779087
2019-07-06,21,0,reserve,system,5055.622,0.0,0.0,5055.622,0.0,7.141474
2019-07-06,22,0,reserve,system,4732.007,0.0,0.0,4732.007,0.0,14.649119
2019-07-06,23,0,reserve,system,4434.218,0.0,0.0,4434.218,0.0,0.0
2019-07-07,0,0,reserve,system,4198.161,0.0,0.0,4198.161,0.0,13.003446
2019-07-07,1,0,reserve,system,4017.353,0.0,0.0,4017.353,0.0,0.0
2019-07-07,2,0,reserve,system,3892.677,0.0,0.0,3892.677,0.0,11.673816
2019-07-07,3,0,reserve,system,3813.334,0.0,0.0,3813.334,0.0,0.154975
2019-07-07,4,0,reserve,system,3782.229,0.0,0.0,3782.229,0.0,0.0
2019-07-07,5,0,reserve,system,3760.376,0.0,0.0,3760.376,0.0,9.655634
2019-07-07,6,0,reserve,system,3825.964,0.0,0.0,3825.964,0.0,4.835572
2019-07-07,7,0,reserve,system,4135.987,0.0,27.246056,4135.987,0.0,9.634838
2019-07-07,8,0,reserve,system,4545.237,0.0,0.0,4545.237,0.0,9.388425
2019-07-07,9,0,reserve,system,4961.348,0.0,0.0,4961.348,0.0,16.2597
2019-07-07,10,0,reserve,system,5356.581,0.0,0.0,5356.581,0.0,0.260702
2019-07-07,11,0,reserve,system,5710.182,0.0,0.0,5710.182,0.0,13.84559
2019-07-07,12,0,reserve,system,6016.436,0.0,0.0,6016.436,0.0,12.036626
2019-07-07,13,0,reserve,system,6248.297,0.0,0.0,6248.297,0.0,12.678718
2019-07-07,14,0,reserve,system,6416.536,0.0,0.0,6416.536,0.0,17.06793
2019-07-07,15,0,reserve,system,6515.324,0.0,0.0,6515.324,242.493911,50.0
2019-07-07,16,0,reserve,system,6519.686,0.0,0.0,6519.686,1376.253578,50.0
2019-07-07,17,0,reserve,system,6410.866,0.0,0.0,6410.866,0.0,31.014611
2019-07-07,18,0,reserve,system,6205.791,0.0,0.0,6205.791,0.0,19.508596
2019-07-07,19,0,reserve,system,5959.425,0.0,0.0,5959.425,0.0,0.0
2019-07-07,20,0,reserve,system,5766.267,0.0,35.704231,5766.267,0.0,22.261874
2019-07-07,21,0,reserve,system,5411.731,0.0,0.0,5411.731,0.0,14.133197
2019-07-07,22,0,reserve,system,5020.912,0.0,0.0,5020.912,0.0,9.040984
2019-07-07,23,0,reserve,system,4666.727,0.0,0.0,4666.727,0.0,11.52556
2019-07-08,0,0,reserve,system,4402.467,0.0,0.0,4402.467,0.0,19.542532
2019-07-08,1,0,reserve,system,4213.928,0.0,0.0,4213.928,0.0,0.0
2019-07-08,2,0,reserve,system,4101.016,0.0,0.0,4101.016,0.0,6.085799
2019-07-08,3,0,reserve,system,4079.491,0.0,0.0,4079.491,0.0,0.0
2019-07-08,4,0,reserve,system,4175.574,0.0,0.0,4175.574,0.0,7.938418
2019-07-08,5,0,reserve,system,4304.036,0.0,0.0,4304.036,0.0,7.253772
2019-07-08,6,0,reserve,system,4436.357,0.0,0.0,4436.357,0.0,9.905796
2019-07-08,7,0,reserve,system,4714.87,0.0,0.0,4714.87,0.0,10.835471
2019-07-08,8,0,reserve,system,5082.063,0.0,0.0,5082.063,0.0,9.009974
2019-07-08,9,0,reserve,system,5499.1,0.0,0.0,5499.1,0.0,11.611663
2019-07-08,10,0,reserve,system,5875.788,0.0,0.0,5875.788,0.0,8.329441
2019-07-08,11,0,reserve,system,6208.265,0.0,0.0,6208.265,0.0,12.449676
2019-07-08,12,0,reserve,system,6494.525,0.0,0.0,6494.525,0.0,10.914021
2019-07-08,13,0,reserve,system,6697.836,0.0,50.0,6697.836,68.594907,50.0
2019-07-08,14,0,reserve,system,6771.036,0.0,0.0,6771.036,2274.944005,50.0
2019-07-08,15,0,reserve,system,6715.677,0.0,0.0,6715.677,1945.744603,50.0
2019-07-08,16,0,reserve,system,6552.351,0.0,0.0,6552.351,136.109025,50.0
2019-07-08,17,0,reserve,system,6299.691,0.0,0.0,6299.691,0.0,28.300072
2019-07-08,18,0,reserve,system,6046.593,0.0,0.0,6046.593,0.0,13.569182
2019-07-08,19,0,reserve,system,5833.762,0.0,0.0,5833.762,0.0,13.688958
2019-07-08,20,0,reserve,system,5648.97,0.0,0.0,5648.97,0.0,12.020506
2019-07-08,21,0,reserve,system,5295.354,0.0,0.0,5295.354,0.0,9.58191
2019-07-08,22,0,reserve,system,4914.089,0.0,0.0,4914.089,0.0,11.087737
2019-07-08,23,0,reserve,system,4585.924,0.0,0.0,4585.924,0.0,9.50856
2019-07-09,0,0,reserve,system,4354.666,0.0,0.0,4354.666,0.0,11.096281
2019-07-09,1,0,reserve,system,4188.715,0.0,0.0,4188.715,0.0,9.611817
2019-07-09,2,0,reserve,system,4105.146,0.0,0.0,4105.146,0.0,0.230334
2019-07-09,3,0,reserve,system,4105.141,0.0,0.0,4105.141,0.0,0.0
2019-07-09,4,0,reserve,system,4222.999,0.0,31.540582,4222.999,0.0,9.824715
2019-07-09,5,0,reserve,system,4360.618,0.0,31.963453,4360.618,0.0,7.600025
2019-07-09,6,0,reserve,system,4483.956,0.0,0.0,4483.956,0.0,4.441519
2019-07-09,7,0,reserve,system,4727.561,0.0,0.0,4727.561,0.0,10.379691
2019-07-09,8,0,reserve,system,5059.359,0.0,0.0,5059.359,0.0,7.276571
2019-07-09,9,0,reserve,system,5437.879,0.0,0.0,5437.879,0.0,11.748491
2019-07-09,10,0,reserve,system,5806.812,0.0,0.0,5806.812,0.0,10.231974
2019-07-09,11,0,reserve,system,6154.391,0.0,0.0,6154.391,0.0,10.267434
2019-07-09,12,0,reserve,system,6473.068,0.0,0.0,6473.068,0.0,10.23327
2019-07-09,13,0,reserve,system,6720.308,0.0,0.0,6720.308,0.0,23.139979
2019-07-09,14,0,reserve,system,6849.859,0.0,0.0,6849.859,1327.111349,50.0
2019-07-09,15,0,reserve,system,6906.024,0.0,0.0,6906.024,2299.084858,50.0
2019-07-09,16,0,reserve,system,6898.767,0.0,0.0,6898.767,2077.687,50.0
2019-07-09,17,0,reserve,system,6809.693,0.0,0.0,6809.693,1817.231495,50.0
2019-07-09,18,0,reserve,system,6603.813,0.0,0.0,6603.813,0.0,32.577013
2019-07-09,19,0,reserve,system,6351.437,0.0,0.0,6351.437,0.0,14.030446
2019-07-09,20,0,reserve,system,6130.69,0.0,0.0,6130.69,0.0,13.411056
2019-07-09,21,0,reserve,system,5734.902,0.0,0.0,5734.902,0.0,11.259101
2019-07-09,22,0,reserve,system,5303.285,0.0,0.0,5303.285,0.0,9.188276
2019-07-09,23,0,reserve,system,4925.201,0.0,0.0,4925.201,0.0,12.840124
2019-07-10,0,0,reserve,system,4637.934,0.0,0.0,4637.934,0.0,10.245922
2019-07-10,1,0,reserve,system,4420.817,0.0,0.0,4420.817,0.0,9.39116
2019-07-10,2,0,reserve,system,4281.112,0.0,0.0,4281.112,0.0,0.00197
2019-07-10,3,0,reserve,system,4239.105,0.0,0.0,4239.105,0.0,0.0
2019-07-10,4,0,reserve,system,4325.061,0.0,0.0,4325.061,0.0,9.467837
2019-07-10,5,0,reserve,system,4437.822,0.0,0.0,4437.822,0.0,5.217945
2019-07-10,6,0,reserve,system,4552.248,0.0,0.0,4552.248,0.0,7.246738
2019-07-10,7,0,reserve,system,4844.224,0.0,0.0,4844.224,0.0,10.770546
2019-07-10,8,0,reserve,system,5231.37,0.0,0.0,5231.37,0.0,9.440217
2019-07-10,9,0,reserve,system,5663.402,0.0,0.0,5663.402,0.0,16.744304
2019-07-10,10,0,reserve,system,6088.479,0.0,0.0,6088.479,0.0,8.978099
2019-07-10,11,0,reserve,system,6457.838,0.0,0.0,6457.838,0.0,17.385499
2019-07-10,12,0,reserve,system,6775.931,0.0,0.0,6775.931,1241.46076,50.0
2019-07-10,13,0,reserve,system,6969.257,0.0,0.0,6969.257,2325.75676,50.0
2019-07-10,14,0,reserve,system,7049.46,92.703511,50.0,7049.46,3040.08976,50.0
2019-07-10,15,0,reserve,system,7058.255,0.0,44.764253,7058.255,2816.788088,50.0
2019-07-10,16,0,reserve,system,6992.472,0.0,0.0,6992.472,1873.318898,50.0
2019-07-10,17,0,reserve,system,6694.783,0.0,0.0,6694.783,0.0,45.128742
2019-07-10,18,0,reserve,system,6350.95,0.0,0.0,6350.95,0.0,16.103196
2019-07-10,19,0,reserve,system,6082.348,0.0,0.0,6082.348,0.0,19.483819
2019-07-10,20,0,reserve,system,5813.623,0.0,0.0,5813.623,0.0,0.0
2019-07-10,21,0,reserve,system,5404.328,0.0,0.0,5404.328,0.0,23.898376
2019-07-10,22,0,reserve,system,4979.928,0.0,0.0,4979.928,0.0,13.141562
2019-07-10,23,0,reserve,system,4603.583,0.0,0.0,4603.583,0.0,0.0
2019-07-11,0,0,reserve,system,4333.618,0.0,0.0,4333.618,0.0,17.372799
2019-07-11,1,0,reserve,system,4142.187,0.0,0.0,4142.187,0.0,0.0
2019-07-11,2,0,reserve,system,4020.919,0.0,0.0,4020.919,0.0,6.455921
2019-07-11,3,0,reserve,system,3986.708,0.0,0.0,3986.708,0.0,0.0
2019-07-11,4,0,reserve,system,4075.405,0.0,0.0,4075.405,0.0,9.227746
2019-07-11,5,0,reserve,system,4205.198,0.0,0.0,4205.198,0.0,9.608947
2019-07-11,6,0,reserve,system,4300.551,0.0,0.0,4300.551,0.0,7.244883
2019-07-11,7,0,reserve,system,4502.886,0.0,0.0,4502.886,0.0,10.02241
2019-07-11,8,0,reserve,system,4810.578,0.0,0.0,4810.578,0.0,9.701518
2019-07-11,9,0,reserve,system,5232.51,0.0,0.0,5232.51,0.0,14.522623
2019-07-11,10,0,reserve,system,5652.128,0.0,0.0,5652.128,0.0,21.010791
2019-07-11,11,0,reserve,system,6031.974,0.0,50.0,6031.974,0.0,1.124002
2019-07-11,12,0,reserve,system,6377.392,0.0,0.0,6377.392,0.0,14.356129
2019-07-11,13,0,reserve,system,6623.428,0.0,0.0,6623.428,0.0,15.879203
2019-07-11,14,0,reserve,system,6776.944,0.0,0.0,6776.944,0.0,23.732319
2019-07-11,15,0,reserve,system,6862.48,0.0,0.0,6862.48,57.276678,50.0
2019-07-11,16,0,reserve,system,6848.106,0.0,0.0,6848.106,909.142928,50.0
2019-07-11,17,0,reserve,system,6697.467,0.0,0.0,6697.467,0.0,23.597598
2019-07-11,18,0,reserve,system,6459.539,0.0,0.0,6459.539,0.0,13.912644
2019-07-11,19,0,reserve,system,6198.908,0.0,0.0,6198.908,0.0,0.0
2019-07-11,20,0,reserve,system,5985.406,0.0,0.0,5985.406,0.0,21.224054
2019-07-11,21,0,reserve,system,5600.149,0.0,0.0,5600.149,0.0,13.967607
2019-07-11,22,0,reserve,system,5174.976,0.0,0.0,5174.976,0.0,13.732434
2019-07-11,23,0,reserve,system,4794.862,0.0,0.0,4794.862,0.0,14.275207
2019-07-12,0,0,reserve,system,4503.635,0.0,0.0,4503.635,0.0,15.792042
2019-07-12,1,0,reserve,system,4290.535,0.0,0.0,4290.535,0.0,7.698027
2019-07-12,2,0,reserve,system,4149.013,0.0,0.0,4149.013,0.0,13.484085
2019-07-12,3,0,reserve,system,4092.724,0.0,0.0,4092.724,0.0,0.0
2019-07-12,4,0,reserve,system,4157.61,0.0,0.0,4157.61,0.0,0.0
2019-07-12,5,0,reserve,system,4257.92,0.0,0.0,4257.92,0.0,13.463254
2019-07-12,6,0,reserve,system,4374.389,0.0,0.0,4374.389,0.0,6.650264
2019-07-12,7,0,reserve,system,4647.213,0.0,0.0,4647.213,0.0,9.911455
2019-07-12,8,0,reserve,system,5027.74,0.0,0.0,5027.74,0.0,15.649101
2019-07-12,9,0,reserve,system,5446.892,0.0,0.0,5446.892,0.0,12.994292
2019-07-12,10,0,reserve,system,5806.183,0.0,0.0,5806.183,0.0,18.765541
2019-07-12,11,0,reserve,system,6107.148,0.0,0.0,6107.148,0.0,3.877496
2019-07-12,12,0,reserve,system,6370.498,0.0,0.0,6370.498,0.0,23.662378
2019-07-12,13,0,reserve,system,6545.229,0.0,0.0,6545.229,626.843944,50.0
2019-07-12,14,0,reserve,system,6660.668,0.0,0.0,6660.668,343.189025,50.0
2019-07-12,15,0,reserve,system,6694.238,0.0,0.0,6694.238,1180.30835,50.0
2019-07-12,16,0,reserve,system,6642.592,0.0,0.0,6642.592,609.343011,50.0
2019-07-12,17,0,reserve,system,6459.401,0.0,0.0,6459.401,0.0,13.957123
2019-07-12,18,0,reserve,system,6191.994,0.0,0.0,6191.994,0.0,6.184839
2019-07-12,19,0,reserve,system,5916.195,0.0,0.0,5916.195,0.0,13.394159
2019-07-12,20,0,reserve,system,5693.957,0.0,0.0,5693.957,0.0,14.085176
2019-07-12,21,0,reserve,system,5345.951,0.0,0.0,5345.951,0.0,16.324231
2019-07-12,22,0,reserve,system,4963.088,0.0,0.0,4963.088,0.0,9.841674
2019-07-12,23,0,reserve,system,4613.215,0.0,0.0,4613.215,0.0,7.192602
2019-07-13,0,0,reserve,system,4329.295,0.0,0.0,4329.295,0.0,19.602164
2019-07-13,1,0,reserve,system,4117.864,0.0,0.0,4117.864,0.0,0.0
2019-07-13,2,0,reserve,system,3975.044,0.0,0.0,3975.044,0.0,0.0
2019-07-13,3,0,reserve,system,3896.01,0.0,0.0,3896.01,0.0,9.774819
2019-07-13,4,0,reserve,system,3901.228,0.0,0.0,3901.228,0.0,5.780884
2019-07-13,5,0,reserve,system,3912.729,0.0,0.0,3912.729,0.0,9.836845
2019-07-13,6,0,reserve,system,4008.477,0.0,0.0,4008.477,0.0,8.417089
2019-07-13,7,0,reserve,system,4335.481,0.0,0.0,4335.481,0.0,9.736377
2019-07-13,8,0,reserve,system,4754.872,0.0,0.0,4754.872,0.0,9.539198
2019-07-13,9,0,reserve,system,5174.979,0.0,0.0,5174.979,0.0,15.722328
2019-07-13,10,0,reserve,system,5550.9,0.0,0.0,5550.9,0.0,13.082583
2019-07-13,11,0,reserve,system,5837.718,0.0,0.0,5837.718,0.0,13.792256
2019-07-13,12,0,reserve,system,6009.637,0.0,0.0,6009.637,0.0,21.341523
2019-07-13,13,0,reserve,system,6124.394,0.0,0.0,6124.394,0.0,4.428728
2019-07-13,14,0,reserve,system,6213.944,0.0,0.0,6213.944,0.0,12.1971
2019-07-13,15,0,reserve,system,6277.799,0.0,0.0,6277.799,0.0,15.466831
2019-07-13,16,0,reserve,system,6274.931,0.0,0.0,6274.931,0.0,13.786868
2019-07-13,17,0,reserve,system,6137.865,0.0,0.0,6137.865,0.0,9.67821
2019-07-13,18,0,reserve,system,5929.796,0.0,0.0,5929.796,0.0,15.501921
2019-07-13,19,0,reserve,system,5705.413,0.0,0.0,5705.413,0.0,0.0
2019-07-13,20,0,reserve,system,5551.516,0.0,0.0,5551.516,0.0,14.325209
2019-07-13,21,0,reserve,system,5275.07,0.0,0.0,5275.07,0.0,16.44359
2019-07-13,22,0,reserve,system,4956.463,0.0,0.0,4956.463,0.0,7.959178
2019-07-13,23,0,reserve,system,4638.278,0.0,0.0,4638.278,0.0,8.621403
2019-07-14,0,0,reserve,system,4376.435,0.0,0.0,4376.435,0.0,14.628806
2019-07-14,1,0,reserve,system,4180.79,0.0,0.0,4180.79,0.0,7.168385
2019-07-14,2,0,reserve,system,4040.088,0.0,0.0,4040.088,0.0,9.742032
2019-07-14,3,0,reserve,system,3954.187,0.0,0.0,3954.187,0.0,0.0
2019-07-14,4,0,reserve,system,3926.04,0.0,0.0,3926.04,0.0,0.0
2019-07-14,5,0,reserve,system,3902.894,0.0,0.0,3902.894,0.0,9.75959
2019-07-14,6,0,reserve,system,3946.445,0.0,0.0,3946.445,0.0,6.624276
2019-07-14,7,0,reserve,system,4198.279,0.0,0.0,4198.279,0.0,10.775982
2019-07-14,8,0,reserve,system,4544.027,0.0,0.0,4544.027,0.0,8.708698
2019-07-14,9,0,reserve,system,4890.136,0.0,0.0,4890.136,0.0,9.673441
2019-07-14,10,0,reserve,system,5197.673,0.0,0.0,5197.673,0.0,7.863774
2019-07-14,11,0,reserve,system,5462.384,0.0,0.0,5462.384,0.0,15.559211
2019-07-14,12,0,reserve,system,5678.513,0.0,0.0,5678.513,0.0,12.581329
2019-07-14,13,0,reserve,system,5861.388,0.0,0.0,5861.388,0.0,13.616372
2019-07-14,14,0,reserve,system,5995.61,0.0,6.335718,5995.61,0.0,12.89082
2019-07-14,15,0,reserve,system,6058.297,0.0,0.0,6058.297,0.0,19.998759
2019-07-14,16,0,reserve,system,6064.872,0.0,0.0,6064.872,0.0,10.15789
2019-07-14,17,0,reserve,system,5999.876,0.0,16.200884,5999.876,0.0,12.812178
2019-07-14,18,0,reserve,system,5830.348,0.0,0.0,5830.348,0.0,15.045827
2019-07-14,19,0,reserve,system,5630.24,0.0,0.0,5630.24,0.0,9.996055
2019-07-14,20,0,reserve,system,5482.944,0.0,0.0,5482.944,0.0,16.613486
2019-07-14,21,0,reserve,system,5166.258,0.0,0.0,5166.258,0.0,12.090504
2019-07-14,22,0,reserve,system,4786.144,0.0,0.0,4786.144,0.0,9.150596
2019-07-14,23,0,reserve,system,4464.381,0.0,0.0,4464.381,0.0,7.414928
2019-07-15,0,0,reserve,system,4237.693,0.0,0.0,4237.693,0.0,20.540668
2019-07-15,1,0,reserve,system,4088.918,0.0,0.0,4088.918,0.0,0.0
2019-07-15,2,0,reserve,system,4008.577,0.0,0.0,4008.577,0.0,1.064959
2019-07-15,3,0,reserve,system,4012.881,0.0,0.0,4012.881,0.0,10.089301
2019-07-15,4,0,reserve,system,4127.324,0.0,0.0,4127.324,0.0,9.416956
2019-07-15,5,0,reserve,system,4282.507,0.0,0.0,4282.507,0.0,9.647181
2019-07-15,6,0,reserve,system,4408.762,0.0,0.0,4408.762,0.0,9.157279
2019-07-15,7,0,reserve,system,4671.055,0.0,23.135846,4671.055,0.0,9.382508
2019-07-15,8,0,reserve,system,5007.116,0.0,0.0,5007.116,0.0,15.940775
2019-07-15,9,0,reserve,system,5407.228,0.0,0.0,5407.228,0.0,13.179223
2019-07-15,10,0,reserve,system,5795.868,0.0,0.0,5795.868,0.0,13.891201
2019-07-15,11,0,reserve,system,6094.924,0.0,0.0,6094.924,0.0,13.372424
2019-07-15,12,0,reserve,system,6345.336,0.0,10.218003,6345.336,0.0,10.504112
2019-07-15,13,0,reserve,system,6539.718,0.0,0.0,6539.718,0.0,23.253998
2019-07-15,14,0,reserve,system,6669.335,0.0,11.362946,6669.335,1399.238163,50.0
2019-07-15,15,0,reserve,system,6759.295,0.0,0.0,6759.295,1746.098874,50.0
2019-07-15,16,0,reserve,system,6720.693,0.0,0.0,6720.693,1128.009913,50.0
2019-07-15,17,0,reserve,system,6606.901,0.0,0.0,6606.901,1056.361,50.0
2019-07-15,18,0,reserve,system,6416.776,0.0,0.0,6416.776,140.396,50.0
2019-07-15,19,0,reserve,system,6182.229,0.0,0.0,6182.229,0.0,14.450762
2019-07-15,20,0,reserve,system,5985.991,0.0,0.0,5985.991,0.0,15.206884
2019-07-15,21,0,reserve,system,5618.666,0.0,0.0,5618.666,0.0,8.997419
2019-07-15,22,0,reserve,system,5215.275,0.0,0.0,5215.275,0.0,8.178193
2019-07-15,23,0,reserve,system,4873.158,0.0,0.0,4873.158,0.0,15.251515
2019-07-16,0,0,reserve,system,4623.097,0.0,0.0,4623.097,0.0,20.539716
2019-07-16,1,0,reserve,system,4437.539,0.0,0.0,4437.539,0.0,0.0
2019-07-16,2,0,reserve,system,4336.681,0.0,0.0,4336.681,0.0,6.620848
2019-07-16,3,0,reserve,system,4327.064,0.0,0.0,4327.064,0.0,0.0
2019-07-16,4,0,reserve,system,4448.754,0.0,0.0,4448.754,0.0,9.754821
2019-07-16,5,0,reserve,system,4604.363,0.0,0.0,4604.363,0.0,14.743599
2019-07-16,6,0,reserve,system,4717.666,0.0,0.0,4717.666,0.0,3.572506
2019-07-16,7,0,reserve,system,4974.01,0.0,24.87884,4974.01,0.0,19.600925
2019-07-16,8,0,reserve,system,5336.068,0.0,0.0,5336.068,0.0,1.163224
2019-07-16,9,0,reserve,system,5731.504,0.0,19.237188,5731.504,0.0,12.454158
2019-07-16,10,0,reserve,system,6106.865,0.0,0.0,6106.865,0.0,9.308466
2019-07-16,11,0,reserve,system,6429.464,0.0,0.0,6429.464,0.0,10.723565
2019-07-16,12,0,reserve,system,6729.76,0.0,0.0,6729.76,0.0,20.456667
2019-07-16,13,0,reserve,system,6939.221,0.0,0.0,6939.221,0.0,19.015691
2019-07-16,14,0,reserve,system,7026.069,0.0,0.0,7026.069,0.0,24.322149
2019-07-16,15,0,reserve,system,7019.817,0.0,0.0,7019.817,0.0,38.909662
2019-07-16,16,0,reserve,system,6950.602,0.0,0.0,6950.602,0.0,23.679181
2019-07-16,17,0,reserve,system,6819.761,0.0,0.0,6819.761,0.0,17.051884
2019-07-16,18,0,reserve,system,6592.808,0.0,0.0,6592.808,0.0,12.102639
2019-07-16,19,0,reserve,system,6324.056,0.0,0.0,6324.056,0.0,11.199113
2019-07-16,20,0,reserve,system,6115.703,0.0,0.0,6115.703,0.0,7.729716
2019-07-16,21,0,reserve,system,5727.479,0.0,0.0,5727.479,0.0,10.88155
2019-07-16,22,0,reserve,system,5304.488,0.0,0.0,5304.488,0.0,10.243335
2019-07-16,23,0,reserve,system,4960.332,0.0,0.0,4960.332,0.0,11.922879
2019-07-17,0,0,reserve,system,4707.232,0.0,0.0,4707.232,0.0,14.498236
2019-07-17,1,0,reserve,system,4529.646,0.0,0.0,4529.646,0.0,6.090694
2019-07-17,2,0,reserve,system,4419.306,0.0,0.0,4419.306,0.0,9.70394
2019-07-17,3,0,reserve,system,4387.719,0.0,0.0,4387.719,0.0,0.0
2019-07-17,4,0,reserve,system,4474.7,0.0,0.0,4474.7,0.0,0.086199
2019-07-17,5,0,reserve,system,4594.954,0.0,0.0,4594.954,0.0,10.659005
2019-07-17,6,0,reserve,system,4698.967,0.0,0.0,4698.967,0.0,3.632629
2019-07-17,7,0,reserve,system,4954.898,0.0,0.0,4954.898,0.0,10.540976
2019-07-17,8,0,reserve,system,5302.794,0.0,44.283283,5302.794,0.0,7.485515
2019-07-17,9,0,reserve,system,5676.461,0.0,0.0,5676.461,0.0,11.222746
2019-07-17,10,0,reserve,system,6036.217,0.0,22.669653,6036.217,0.0,10.429845
2019-07-17,11,0,reserve,system,6354.792,0.0,1.662306,6354.792,0.0,10.805329
2019-07-17,12,0,reserve,system,6628.857,0.0,0.0,6628.857,0.0,10.208833
2019-07-17,13,0,reserve,system,6806.769,0.0,0.0,6806.769,0.0,18.313923
2019-07-17,14,0,reserve,system,6920.287,0.0,3.512509,6920.287,0.0,19.373156
2019-07-17,15,0,reserve,system,6975.724,0.0,0.0,6975.724,0.0,25.839391
2019-07-17,16,0,reserve,system,6946.994,0.0,4.846031,6946.994,633.487798,50.0
2019-07-17,17,0,reserve,system,6808.815,0.0,0.0,6808.815,0.0,20.157208
2019-07-17,18,0,reserve,system,6573.702,0.0,0.0,6573.702,0.0,12.849609
2019-07-17,19,0,reserve,system,6297.264,0.0,0.0,6297.264,0.0,12.128599
2019-07-17,20,0,reserve,system,6083.604,0.0,0.0,6083.604,0.0,10.080541
2019-07-17,21,0,reserve,system,5711.188,0.0,0.0,5711.188,0.0,10.307862
2019-07-17,22,0,reserve,system,5301.767,0.0,0.0,5301.767,0.0,11.524505
2019-07-17,23,0,reserve,system,4949.608,0.0,0.0,4949.608,0.0,7.472402
2019-07-18,0,0,reserve,system,4694.82,0.0,0.0,4694.82,0.0,10.702285
2019-07-18,1,0,reserve,system,4501.387,0.0,0.0,4501.387,0.0,7.215819
2019-07-18,2,0,reserve,system,4374.253,0.0,0.0,4374.253,0.0,1.500879
2019-07-18,3,0,reserve,system,4344.21,0.0,0.0,4344.21,0.0,0.0
2019-07-18,4,0,reserve,system,4431.933,0.0,0.200298,4431.933,0.0,9.831748
2019-07-18,5,0,reserve,system,4550.232,0.0,2.155814,4550.232,0.0,6.619984
2019-07-18,6,0,reserve,system,4657.554,0.0,0.0,4657.554,0.0,5.791342
2019-07-18,7,0,reserve,system,4929.173,0.0,0.0,4929.173,0.0,8.315135
2019-07-18,8,0,reserve,system,5276.393,0.0,0.0,5276.393,0.0,8.562659
2019-07-18,9,0,reserve,system,5637.389,0.0,0.0,5637.389,0.0,11.426967
2019-07-18,10,0,reserve,system,5993.736,0.0,0.0,5993.736,0.0,10.01636
2019-07-18,11,0,reserve,system,6308.37,0.0,0.0,6308.37,0.0,10.839287
2019-07-18,12,0,reserve,system,6600.774,0.0,0.0,6600.774,0.0,10.289674
2019-07-18,13,0,reserve,system,6836.621,0.0,0.0,6836.621,0.0,18.280287
2019-07-18,14,0,reserve,system,6984.797,0.0,0.0,6984.797,0.0,19.391493
2019-07-18,15,0,reserve,system,7012.705,0.0,0.0,7012.705,0.0,33.776744
2019-07-18,16,0,reserve,system,6967.35,0.0,0.0,6967.35,142.6113,50.0
2019-07-18,17,0,reserve,system,6834.851,0.0,0.0,6834.851,0.0,22.922629
2019-07-18,18,0,reserve,system,6608.758,0.0,0.0,6608.758,0.0,10.97167
2019-07-18,19,0,reserve,system,6326.653,0.0,0.0,6326.653,0.0,12.603033
2019-07-18,20,0,reserve,system,6125.154,0.0,0.0,6125.154,0.0,9.437539
2019-07-18,21,0,reserve,system,5757.184,0.0,0.0,5757.184,0.0,12.067347
2019-07-18,22,0,reserve,system,5338.968,0.0,0.0,5338.968,0.0,7.735363
2019-07-18,23,0,reserve,system,4991.036,0.0,0.0,4991.036,0.0,8.14225
2019-07-19,0,0,reserve,system,4726.108,0.0,0.0,4726.108,0.0,11.476731
2019-07-19,1,0,reserve,system,4528.996,0.0,0.0,4528.996,0.0,7.792625
2019-07-19,2,0,reserve,system,4395.919,0.0,0.0,4395.919,0.0,3.603653
2019-07-19,3,0,reserve,system,4344.614,0.0,0.0,4344.614,0.0,0.0
2019-07-19,4,0,reserve,system,4402.517,0.0,0.0,4402.517,0.0,6.05389
2019-07-19,5,0,reserve,system,4496.179,0.0,0.0,4496.179,0.0,7.702435
2019-07-19,6,0,reserve,system,4603.044,0.0,0.0,4603.044,0.0,5.217608
2019-07-19,7,0,reserve,system,4887.191,0.0,0.0,4887.191,0.0,7.691894
2019-07-19,8,0,reserve,system,5254.194,0.0,0.0,5254.194,0.0,8.038344
2019-07-19,9,0,reserve,system,5633.137,0.0,18.075357,5633.137,0.0,11.945613
2019-07-19,10,0,reserve,system,5988.597,0.0,0.0,5988.597,0.0,9.845153
2019-07-19,11,0,reserve,system,6310.604,0.0,0.0,6310.604,0.0,10.892159
2019-07-19,12,0,reserve,system,6601.389,0.0,0.0,6601.389,0.0,10.135156
2019-07-19,13,0,reserve,system,6818.874,0.0,0.0,6818.874,0.0,18.531535
2019-07-19,14,0,reserve,system,6948.728,0.0,0.0,6948.728,0.0,19.248591
2019-07-19,15,0,reserve,system,6992.98,0.0,0.0,6992.98,0.0,37.798188
2019-07-19,16,0,reserve,system,6941.498,0.0,0.0,6941.498,0.0,40.216891
2019-07-19,17,0,reserve,system,6792.641,0.0,0.0,6792.641,0.0,17.14748
2019-07-19,18,0,reserve,system,6527.756,0.0,0.0,6527.756,0.0,11.406676
2019-07-19,19,0,reserve,system,6242.692,0.0,0.0,6242.692,0.0,12.026191
2019-07-19,20,0,reserve,system,6038.144,0.0,0.0,6038.144,0.0,9.867659
2019-07-19,21,0,reserve,system,5700.743,0.0,0.0,5700.743,0.0,10.305009
2019-07-19,22,0,reserve,system,5338.942,0.0,0.0,5338.942,0.0,11.718086
2019-07-19,23,0,reserve,system,4998.025,0.0,0.0,4998.025,0.0,6.96698
2019-07-20,0,0,reserve,system,4736.4,0.0,0.0,4736.4,0.0,11.715447
2019-07-20,1,0,reserve,system,4538.027,0.0,0.0,4538.027,0.0,7.199943
2019-07-20,2,0,reserve,system,4393.86,0.0,0.0,4393.86,0.0,6.107389
2019-07-20,3,0,reserve,system,4301.652,0.0,0.0,4301.652,0.0,7.34905
2019-07-20,4,0,reserve,system,4264.276,0.0,0.0,4264.276,0.0,4.13052
2019-07-20,5,0,reserve,system,4250.811,0.0,22.963379,4250.811,0.0,3.955745
2019-07-20,6,0,reserve,system,4308.951,0.0,0.0,4308.951,0.0,0.0
2019-07-20,7,0,reserve,system,4624.445,0.0,0.0,4624.445,0.0,9.923078
2019-07-20,8,0,reserve,system,5022.55,0.0,3.313699,5022.55,0.0,5.887937
2019-07-20,9,0,reserve,system,5428.706,0.0,0.0,5428.706,0.0,12.699409
2019-07-20,10,0,reserve,system,5797.586,0.0,0.0,5797.586,0.0,9.732275
2019-07-20,11,0,reserve,system,6120.896,0.0,0.0,6120.896,0.0,11.214864
2019-07-20,12,0,reserve,system,6386.59,0.0,0.0,6386.59,0.0,9.647355
2019-07-20,13,0,reserve,system,6578.94,0.0,0.0,6578.94,0.0,9.879243
2019-07-20,14,0,reserve,system,6714.375,0.0,0.0,6714.375,0.0,10.569263
2019-07-20,15,0,reserve,system,6783.948,0.0,0.0,6783.948,0.0,19.487306
2019-07-20,16,0,reserve,system,6748.134,0.0,0.0,6748.134,0.0,40.351549
2019-07-20,17,0,reserve,system,6608.488,0.0,0.0,6608.488,0.0,11.028881
2019-07-20,18,0,reserve,system,6372.625,0.0,0.0,6372.625,0.0,12.463642
2019-07-20,19,0,reserve,system,6096.609,0.0,0.0,6096.609,0.0,11.034583
2019-07-20,20,0,reserve,system,5905.85,0.0,0.0,5905.85,0.0,9.657093
2019-07-20,21,0,reserve,system,5574.75,0.0,0.0,5574.75,0.0,10.305151
2019-07-20,22,0,reserve,system,5232.478,0.0,0.0,5232.478,0.0,11.593052
2019-07-20,23,0,reserve,system,4907.566,0.0,0.0,4907.566,0.0,7.019881
2019-07-21,0,0,reserve,system,4643.946,0.0,0.0,4643.946,0.0,11.545204
2019-07-21,1,0,reserve,system,4436.383,0.0,0.0,4436.383,0.0,6.641067
2019-07-21,2,0,reserve,system,4271.398,0.0,0.0,4271.398,0.0,6.720203
2019-07-21,3,0,reserve,system,4150.443,0.0,0.0,4150.443,0.0,3.99398
2019-07-21,4,0,reserve,system,4076.679,0.0,0.0,4076.679,0.0,4.787633
2019-07-21,5,0,reserve,system,4024.024,0.0,0.0,4024.024,0.0,0.0
2019-07-21,6,0,reserve,system,4063.057,0.0,0.0,4063.057,0.0,0.0
2019-07-21,7,0,reserve,system,4355.166,0.0,3.880721,4355.166,0.0,9.823338
2019-07-21,8,0,reserve,system,4752.357,0.0,0.0,4752.357,0.0,5.644655
2019-07-21,9,0,reserve,system,5160.094,0.0,0.0,5160.094,0.0,8.491434
2019-07-21,10,0,reserve,system,5550.329,0.0,0.0,5550.329,0.0,7.951702
2019-07-21,11,0,reserve,system,5918.847,0.0,0.0,5918.847,0.0,11.942241
2019-07-21,12,0,reserve,system,6206.283,0.0,0.0,6206.283,0.0,9.302783
2019-07-21,13,0,reserve,system,6383.575,0.0,0.0,6383.575,0.0,10.508461
2019-07-21,14,0,reserve,system,6514.933,0.0,0.0,6514.933,0.0,10.722398
2019-07-21,15,0,reserve,system,6572.065,0.0,0.0,6572.065,0.0,11.066138
2019-07-21,16,0,reserve,system,6573.203,0.0,0.0,6573.203,0.0,39.650099
2019-07-21,17,0,reserve,system,6472.067,0.0,0.0,6472.067,0.0,11.466914
2019-07-21,18,0,reserve,system,6268.465,0.0,0.0,6268.465,0.0,16.319284
2019-07-21,19,0,reserve,system,6050.663,0.0,0.0,6050.663,0.0,0.0
2019-07-21,20,0,reserve,system,5870.641,0.0,0.0,5870.641,0.0,22.916986
2019-07-21,21,0,reserve,system,5518.061,0.0,0.0,5518.061,0.0,12.010972
2019-07-21,22,0,reserve,system,5114.2,0.0,0.0,5114.2,0.0,9.887286
2019-07-21,23,0,reserve,system,4765.168,0.0,0.0,4765.168,0.0,10.35447
2019-07-22,0,0,reserve,system,4503.969,0.0,0.0,4503.969,0.0,18.040913
2019-07-22,1,0,reserve,system,4330.803,0.0,0.0,4330.803,0.0,0.0
2019-07-22,2,0,reserve,system,4229.159,0.0,0.0,4229.159,0.0,0.0
2019-07-22,3,0,reserve,system,4207.167,0.0,0.0,4207.167,0.0,8.622027
2019-07-22,4,0,reserve,system,4306.493,0.0,0.0,4306.493,0.0,5.769872
2019-07-22,5,0,reserve,system,4457.381,0.0,0.0,4457.381,0.0,11.261519
2019-07-22,6,0,reserve,system,4565.126,0.0,0.0,4565.126,0.0,8.705165
2019-07-22,7,0,reserve,system,4796.113,0.0,0.0,4796.113,0.0,10.992664
2019-07-22,8,0,reserve,system,5128.798,0.0,0.0,5128.798,0.0,14.916246
2019-07-22,9,0,reserve,system,5483.76,0.0,20.565319,5483.76,0.0,13.293211
2019-07-22,10,0,reserve,system,5845.553,0.0,0.0,5845.553,0.0,14.303838
2019-07-22,11,0,reserve,system,6153.018,0.0,0.0,6153.018,0.0,11.826483
2019-07-22,12,0,reserve,system,6365.52,0.0,0.0,6365.52,0.0,10.486375
2019-07-22,13,0,reserve,system,6503.424,0.0,0.0,6503.424,0.0,11.411586
2019-07-22,14,0,reserve,system,6575.797,0.0,0.0,6575.797,0.0,16.530291
2019-07-22,15,0,reserve,system,6575.943,0.0,0.0,6575.943,0.0,37.793144
2019-07-22,16,0,reserve,system,6507.735,0.0,0.0,6507.735,0.0,13.288553
2019-07-22,17,0,reserve,system,6362.976,0.0,0.0,6362.976,0.0,12.057876
2019-07-22,18,0,reserve,system,6134.572,0.0,0.0,6134.572,0.0,10.540237
2019-07-22,19,0,reserve,system,5910.501,0.0,0.0,5910.501,0.0,10.906314
2019-07-22,20,0,reserve,system,5702.107,0.0,0.0,5702.107,0.0,10.677777
2019-07-22,21,0,reserve,system,5315.577,0.0,0.0,5315.577,0.0,8.432276
2019-07-22,22,0,reserve,system,4907.497,0.0,0.0,4907.497,0.0,11.180087
2019-07-22,23,0,reserve,system,4562.337,0.0,0.0,4562.337,0.0,0.0
2019-07-23,0,0,reserve,system,4325.965,0.0,0.0,4325.965,0.0,10.624368
2019-07-23,1,0,reserve,system,4157.016,0.0,0.0,4157.016,0.0,7.629798
2019-07-23,2,0,reserve,system,4050.198,0.0,0.0,4050.198,0.0,0.556219
2019-07-23,3,0,reserve,system,4030.185,0.0,0.0,4030.185,0.0,1.279465
2019-07-23,4,0,reserve,system,4118.062,0.0,0.0,4118.062,0.0,8.680548
2019-07-23,5,0,reserve,system,4251.884,0.0,4.313108,4251.884,0.0,6.00598
2019-07-23,6,0,reserve,system,4346.849,0.0,0.0,4346.849,0.0,9.106788
2019-07-23,7,0,reserve,system,4529.429,0.0,0.0,4529.429,0.0,23.291532
2019-07-23,8,0,reserve,system,4768.095,0.0,0.0,4768.095,0.0,0.0
2019-07-23,9,0,reserve,system,5031.81,0.0,20.624358,5031.81,0.0,10.93722
2019-07-23,10,0,reserve,system,5275.717,0.0,8.608085,5275.717,0.0,3.023851
2019-07-23,11,0,reserve,system,5494.896,0.0,0.0,5494.896,0.0,12.691598
2019-07-23,12,0,reserve,system,5687.901,0.0,0.0,5687.901,0.0,9.27057
2019-07-23,13,0,reserve,system,5837.904,0.0,0.0,5837.904,0.0,4.358613
2019-07-23,14,0,reserve,system,5978.067,0.0,0.0,5978.067,0.0,9.417389
2019-07-23,15,0,reserve,system,6055.448,0.0,0.0,6055.448,0.0,13.490719
2019-07-23,16,0,reserve,system,6052.255,0.0,9.740356,6052.255,0.0,21.747489
2019-07-23,17,0,reserve,system,5933.491,0.0,0.0,5933.491,0.0,11.18391
2019-07-23,18,0,reserve,system,5707.056,0.0,0.0,5707.056,0.0,0.0
2019-07-23,19,0,reserve,system,5470.664,0.0,0.0,5470.664,0.0,0.0
2019-07-23,20,0,reserve,system,5274.827,0.0,0.0,5274.827,0.0,22.144803
2019-07-23,21,0,reserve,system,4901.469,0.0,0.0,4901.469,0.0,11.311736
2019-07-23,22,0,reserve,system,4501.494,0.0,0.0,4501.494,0.0,13.677306
2019-07-23,23,0,reserve,system,4167.93,0.0,0.0,4167.93,0.0,0.0
2019-07-24,0,0,reserve,system,3932.967,0.0,0.0,3932.967,0.0,15.716428
2019-07-24,1,0,reserve,system,3767.371,0.0,0.0,3767.371,0.0,0.0
2019-07-24,2,0,reserve,system,3661.988,0.0,0.0,3661.988,0.0,6.725106
2019-07-24,3,0,reserve,system,3641.433,0.0,0.0,3641.433,0.0,0.0
2019-07-24,4,0,reserve,system,3732.489,0.0,0.0,3732.489,0.0,9.605398
2019-07-24,5,0,reserve,system,3871.495,0.0,0.0,3871.495,0.0,8.014046
2019-07-24,6,0,reserve,system,3962.372,0.0,0.0,3962.372,0.0,8.725874
2019-07-24,7,0,reserve,system,4179.824,0.0,0.0,4179.824,0.0,9.505261
2019-07-24,8,0,reserve,system,4451.429,0.0,0.0,4451.429,0.0,8.964499
2019-07-24,9,0,reserve,system,4746.283,0.0,0.0,4746.283,0.0,16.156359
2019-07-24,10,0,reserve,system,5023.818,0.0,0.0,5023.818,0.0,0.0
2019-07-24,11,0,reserve,system,5279.638,0.0,18.313502,5279.638,0.0,14.031883
2019-07-24,12,0,reserve,system,5534.244,0.0,0.0,5534.244,0.0,7.743634
2019-07-24,13,0,reserve,system,5747.637,0.0,0.0,5747.637,0.0,13.202744
2019-07-24,14,0,reserve,system,5932.215,0.0,0.0,5932.215,0.0,13.007197
2019-07-24,15,0,reserve,system,6052.992,0.0,0.0,6052.992,0.0,32.472863
2019-07-24,16,0,reserve,system,6059.02,0.0,0.0,6059.02,0.0,15.732446
2019-07-24,17,0,reserve,system,5924.759,0.0,0.0,5924.759,0.0,12.048212
2019-07-24,18,0,reserve,system,5667.547,0.0,0.0,5667.547,0.0,14.033039
2019-07-24,19,0,reserve,system,5378.862,0.0,0.0,5378.862,0.0,0.0
2019-07-24,20,0,reserve,system,5135.933,0.0,0.0,5135.933,0.0,19.807233
2019-07-24,21,0,reserve,system,4758.072,0.0,0.0,4758.072,0.0,8.068671
2019-07-24,22,0,reserve,system,4340.803,0.0,0.0,4340.803,0.0,13.51524
2019-07-24,23,0,reserve,system,4002.465,0.0,0.0,4002.465,0.0,0.0
2019-07-25,0,0,reserve,system,3753.7,0.0,0.0,3753.7,0.0,14.006688
2019-07-25,1,0,reserve,system,3583.554,0.0,0.0,3583.554,0.0,5.39035
2019-07-25,2,0,reserve,system,3475.251,0.0,0.0,3475.251,0.0,8.675399
2019-07-25,3,0,reserve,system,3456.3,0.0,0.0,3456.3,0.0,0.0
2019-07-25,4,0,reserve,system,3568.14,0.0,0.0,3568.14,0.0,0.0
2019-07-25,5,0,reserve,system,3712.871,0.0,0.0,3712.871,0.0,9.670233
2019-07-25,6,0,reserve,system,3826.401,0.0,0.0,3826.401,0.0,5.797458
2019-07-25,7,0,reserve,system,4051.929,0.0,0.0,4051.929,0.0,11.499269
2019-07-25,8,0,reserve,system,4342.798,0.0,0.0,4342.798,0.0,7.757998
2019-07-25,9,0,reserve,system,4650.833,0.0,0.0,4650.833,0.0,17.128455
2019-07-25,10,0,reserve,system,4935.118,0.0,0.0,4935.118,0.0,0.0
2019-07-25,11,0,reserve,system,5215.376,0.0,0.0,5215.376,0.0,15.126415
2019-07-25,12,0,reserve,system,5511.42,0.0,0.0,5511.42,0.0,7.29928
2019-07-25,13,0,reserve,system,5764.651,0.0,0.0,5764.651,0.0,13.839025
2019-07-25,14,0,reserve,system,5968.629,0.0,0.0,5968.629,0.0,13.312479
2019-07-25,15,0,reserve,system,6093.439,0.0,35.253409,6093.439,0.0,29.667999
2019-07-25,16,0,reserve,system,6096.733,0.0,0.0,6096.733,0.0,13.46263
2019-07-25,17,0,reserve,system,5960.323,0.0,0.0,5960.323,0.0,13.800075
2019-07-25,18,0,reserve,system,5722.023,0.0,0.0,5722.023,0.0,8.50375
2019-07-25,19,0,reserve,system,5456.587,0.0,0.0,5456.587,0.0,7.713277
2019-07-25,20,0,reserve,system,5241.764,0.0,0.0,5241.764,0.0,8.649244
2019-07-25,21,0,reserve,system,4868.868,0.0,0.0,4868.868,0.0,10.745844
2019-07-25,22,0,reserve,system,4473.498,0.0,0.0,4473.498,0.0,9.702193
2019-07-25,23,0,reserve,system,4122.283,0.0,0.0,4122.283,0.0,9.9877
2019-07-26,0,0,reserve,system,3867.94,0.0,0.0,3867.94,0.0,13.276286
2019-07-26,1,0,reserve,system,3695.26,0.0,0.0,3695.26,0.0,0.0
2019-07-26,2,0,reserve,system,3592.846,0.0,0.0,3592.846,0.0,13.23379
2019-07-26,3,0,reserve,system,3562.938,0.0,0.0,3562.938,0.0,0.0
2019-07-26,4,0,reserve,system,3650.029,0.0,0.0,3650.029,0.0,0.0
2019-07-26,5,0,reserve,system,3779.03,0.0,0.0,3779.03,0.0,11.506818
2019-07-26,6,0,reserve,system,3890.499,0.0,0.0,3890.499,0.0,6.749857
2019-07-26,7,0,reserve,system,4145.17,0.0,0.0,4145.17,0.0,10.747134
2019-07-26,8,0,reserve,system,4475.269,0.0,0.0,4475.269,0.0,8.924748
2019-07-26,9,0,reserve,system,4855.821,0.0,0.0,4855.821,0.0,11.633763
2019-07-26,10,0,reserve,system,5206.037,0.0,0.0,5206.037,0.0,6.749701
2019-07-26,11,0,reserve,system,5495.444,0.0,0.0,5495.444,0.0,10.462525
2019-07-26,12,0,reserve,system,5769.784,0.0,0.0,5769.784,0.0,11.218152
2019-07-26,13,0,reserve,system,5989.235,0.0,0.0,5989.235,0.0,11.69986
2019-07-26,14,0,reserve,system,6155.304,0.0,0.0,6155.304,0.0,12.913032
2019-07-26,15,0,reserve,system,6237.32,0.0,0.0,6237.32,184.976089,50.0
2019-07-26,16,0,reserve,system,6198.644,0.0,0.0,6198.644,0.0,12.856468
2019-07-26,17,0,reserve,system,6025.95,0.0,0.0,6025.95,0.0,14.891545
2019-07-26,18,0,reserve,system,5780.955,0.0,0.0,5780.955,0.0,5.857724
2019-07-26,19,0,reserve,system,5531.811,0.0,0.0,5531.811,0.0,8.627275
2019-07-26,20,0,reserve,system,5317.846,0.0,0.0,5317.846,0.0,9.843764
2019-07-26,21,0,reserve,system,4987.019,0.0,0.0,4987.019,0.0,10.4994
2019-07-26,22,0,reserve,system,4649.303,0.0,0.0,4649.303,0.0,9.34422
2019-07-26,23,0,reserve,system,4321.096,0.0,0.0,4321.096,0.0,12.397659
2019-07-27,0,0,reserve,system,4075.499,0.0,0.0,4075.499,0.0,17.087551
2019-07-27,1,0,reserve,system,3897.434,0.0,0.0,3897.434,0.0,5.378875
2019-07-27,2,0,reserve,system,3763.274,0.0,0.0,3763.274,0.0,9.116164
2019-07-27,3,0,reserve,system,3694.14,0.0,0.0,3694.14,0.0,0.0
2019-07-27,4,0,reserve,system,3705.948,0.0,0.0,3705.948,0.0,0.0
2019-07-27,5,0,reserve,system,3743.241,0.0,0.0,3743.241,0.0,11.306293
2019-07-27,6,0,reserve,system,3820.091,0.0,0.0,3820.091,0.0,3.28281
2019-07-27,7,0,reserve,system,4136.89,0.0,0.0,4136.89,0.0,12.122333
2019-07-27,8,0,reserve,system,4563.692,0.0,0.0,4563.692,0.0,7.056829
2019-07-27,9,0,reserve,system,5008.985,0.0,0.0,5008.985,0.0,16.361906
2019-07-27,10,0,reserve,system,5393.066,0.0,0.0,5393.066,0.0,0.403571
2019-07-27,11,0,reserve,system,5705.592,0.0,0.0,5705.592,0.0,13.902418
2019-07-27,12,0,reserve,system,5959.677,0.0,0.0,5959.677,0.0,12.873063
2019-07-27,13,0,reserve,system,6143.683,0.0,0.0,6143.683,0.0,13.372282
2019-07-27,14,0,reserve,system,6274.967,0.0,0.0,6274.967,0.0,13.034186
2019-07-27,15,0,reserve,system,6355.623,0.0,0.0,6355.623,0.0,22.60629
2019-07-27,16,0,reserve,system,6363.765,0.0,0.0,6363.765,246.025908,50.0
2019-07-27,17,0,reserve,system,6263.026,0.0,0.0,6263.026,0.0,13.46233
2019-07-27,18,0,reserve,system,6050.392,0.0,0.0,6050.392,0.0,12.309863
2019-07-27,19,0,reserve,system,5809.061,0.0,0.0,5809.061,0.0,10.394299
2019-07-27,20,0,reserve,system,5616.594,0.0,0.0,5616.594,0.0,11.161542
2019-07-27,21,0,reserve,system,5303.327,0.0,0.0,5303.327,0.0,11.178149
2019-07-27,22,0,reserve,system,4977.949,0.0,0.0,4977.949,0.0,8.181377
2019-07-27,23,0,reserve,system,4660.801,0.0,0.0,4660.801,0.0,15.367222
2019-07-28,0,0,reserve,system,4402.528,0.0,0.0,4402.528,0.0,12.005887
2019-07-28,1,0,reserve,system,4210.585,0.0,0.0,4210.585,0.0,3.313054
2019-07-28,2,0,reserve,system,4075.206,0.0,0.0,4075.206,0.0,10.06831
2019-07-28,3,0,reserve,system,3989.935,0.0,0.0,3989.935,0.0,0.0
2019-07-28,4,0,reserve,system,3970.468,0.0,0.0,3970.468,0.0,0.0
2019-07-28,5,0,reserve,system,3971.953,0.0,0.0,3971.953,0.0,11.543488
2019-07-28,6,0,reserve,system,4017.68,0.0,0.0,4017.68,0.0,0.0
2019-07-28,7,0,reserve,system,4322.654,0.0,27.053794,4322.654,0.0,11.494046
2019-07-28,8,0,reserve,system,4751.858,0.0,0.0,4751.858,0.0,9.018268
2019-07-28,9,0,reserve,system,5159.045,0.0,4.229409,5159.045,0.0,11.632909
2019-07-28,10,0,reserve,system,5528.53,0.0,0.0,5528.53,0.0,8.790053
2019-07-28,11,0,reserve,system,5778.703,0.0,0.0,5778.703,0.0,10.9573
2019-07-28,12,0,reserve,system,5961.074,0.0,0.814834,5961.074,0.0,16.307974
2019-07-28,13,0,reserve,system,6064.615,0.0,0.0,6064.615,0.0,0.0
2019-07-28,14,0,reserve,system,6191.683,0.0,5.300436,6191.683,0.0,13.869006
2019-07-28,15,0,reserve,system,6305.602,0.0,0.0,6305.602,0.0,11.741973
2019-07-28,16,0,reserve,system,6374.924,0.0,0.0,6374.924,0.0,13.631839
2019-07-28,17,0,reserve,system,6327.062,0.0,0.0,6327.062,0.0,14.638317
2019-07-28,18,0,reserve,system,6160.41,0.0,0.0,6160.41,0.0,27.790682
2019-07-28,19,0,reserve,system,5974.053,0.0,0.0,5974.053,0.0,0.0
2019-07-28,20,0,reserve,system,5821.519,0.0,0.0,5821.519,0.0,23.945884
2019-07-28,21,0,reserve,system,5486.956,0.0,0.0,5486.956,0.0,10.449486
2019-07-28,22,0,reserve,system,5097.266,0.0,0.0,5097.266,0.0,9.936785
2019-07-28,23,0,reserve,system,4751.818,0.0,0.0,4751.818,0.0,11.710586
2019-07-29,0,0,reserve,system,4506.51,0.0,0.0,4506.51,0.0,17.586046
2019-07-29,1,0,reserve,system,4338.4,0.0,0.0,4338.4,0.0,5.585595
2019-07-29,2,0,reserve,system,4237.363,0.0,0.0,4237.363,0.0,9.52205
2019-07-29,3,0,reserve,system,4230.16,0.0,0.0,4230.16,0.0,0.0
2019-07-29,4,0,reserve,system,4337.754,0.0,0.0,4337.754,0.0,0.0
2019-07-29,5,0,reserve,system,4485.876,0.0,0.0,4485.876,0.0,13.699626
2019-07-29,6,0,reserve,system,4586.517,0.0,0.0,4586.517,0.0,7.916056
2019-07-29,7,0,reserve,system,4840.729,0.0,0.0,4840.729,0.0,11.73917
2019-07-29,8,0,reserve,system,5207.041,0.0,0.0,5207.041,0.0,10.157473
2019-07-29,9,0,reserve,system,5591.357,0.0,0.0,5591.357,0.0,11.545421
2019-07-29,10,0,reserve,system,5894.645,0.0,0.0,5894.645,0.0,8.195862
2019-07-29,11,0,reserve,system,6157.409,0.0,0.0,6157.409,0.0,12.376149
2019-07-29,12,0,reserve,system,6402.374,0.0,0.0,6402.374,0.0,14.868374
2019-07-29,13,0,reserve,system,6543.265,0.0,0.0,6543.265,0.0,13.571358
2019-07-29,14,0,reserve,system,6609.056,0.0,12.539363,6609.056,0.0,29.877752
2019-07-29,15,0,reserve,system,6608.499,0.0,0.783452,6608.499,364.887155,50.0
2019-07-29,16,0,reserve,system,6527.451,0.0,0.0,6527.451,0.0,12.217138
2019-07-29,17,0,reserve,system,6409.066,0.0,0.0,6409.066,0.0,29.533275
2019-07-29,18,0,reserve,system,6216.001,0.0,0.0,6216.001,0.0,0.0
2019-07-29,19,0,reserve,system,6049.445,0.0,0.0,6049.445,0.0,23.187636
2019-07-29,20,0,reserve,system,5858.714,0.0,0.0,5858.714,0.0,14.235512
2019-07-29,21,0,reserve,system,5483.829,0.0,0.0,5483.829,0.0,12.484814
2019-07-29,22,0,reserve,system,5076.696,0.0,0.0,5076.696,0.0,8.825538
2019-07-29,23,0,reserve,system,4736.107,0.0,0.0,4736.107,0.0,10.922228
2019-07-30,0,0,reserve,system,4479.736,0.0,0.0,4479.736,0.0,20.253249
2019-07-30,1,0,reserve,system,4304.013,0.0,0.0,4304.013,0.0,0.0
2019-07-30,2,0,reserve,system,4200.626,0.0,0.0,4200.626,0.0,0.0
2019-07-30,3,0,reserve,system,4183.701,0.0,0.0,4183.701,0.0,9.437417
2019-07-30,4,0,reserve,system,4288.823,0.0,0.0,4288.823,0.0,5.576443
2019-07-30,5,0,reserve,system,4451.79,0.0,0.0,4451.79,0.0,12.420275
2019-07-30,6,0,reserve,system,4544.929,0.0,0.0,4544.929,0.0,8.658142
2019-07-30,7,0,reserve,system,4801.194,0.0,0.0,4801.194,0.0,10.742492
2019-07-30,8,0,reserve,system,5188.457,0.0,0.0,5188.457,0.0,6.061986
2019-07-30,9,0,reserve,system,5622.258,0.0,0.0,5622.258,0.0,11.372821
2019-07-30,10,0,reserve,system,6041.244,0.0,0.0,6041.244,0.0,11.480331
2019-07-30,11,0,reserve,system,6429.017,0.0,0.0,6429.017,0.0,33.128328
2019-07-30,12,0,reserve,system,6736.634,0.0,0.0,6736.634,1383.004255,50.0
2019-07-30,13,0,reserve,system,6971.083,0.0,0.0,6971.083,2529.74677,50.0
2019-07-30,14,0,reserve,system,7081.081,0.0,0.0,7081.081,3332.439124,50.0
2019-07-30,15,0,reserve,system,7085.481,0.0,0.0,7085.481,3220.512061,50.0
2019-07-30,16,0,reserve,system,6974.205,0.0,0.0,6974.205,1768.238079,50.0
2019-07-30,17,0,reserve,system,6748.167,0.0,0.0,6748.167,0.0,34.583974
2019-07-30,18,0,reserve,system,6444.699,0.0,0.0,6444.699,0.0,6.504807
2019-07-30,19,0,reserve,system,6186.243,0.0,0.0,6186.243,0.0,18.686498
2019-07-30,20,0,reserve,system,5946.61,0.0,0.0,5946.61,0.0,12.936764
2019-07-30,21,0,reserve,system,5542.876,0.0,0.0,5542.876,0.0,15.387263
2019-07-30,22,0,reserve,system,5112.832,0.0,0.0,5112.832,0.0,8.139808
2019-07-30,23,0,reserve,system,4728.844,0.0,0.0,4728.844,0.0,8.747107
2019-07-31,0,0,reserve,system,4451.667,0.0,0.0,4451.667,0.0,14.04246
2019-07-31,1,0,reserve,system,4257.063,0.0,0.0,4257.063,0.0,9.275844
2019-07-31,2,0,reserve,system,4129.071,0.0,0.0,4129.071,0.0,0.0
2019-07-31,3,0,reserve,system,4085.212,0.0,0.0,4085.212,0.0,0.0
2019-07-31,4,0,reserve,system,4172.6,0.0,0.0,4172.6,0.0,9.602832
2019-07-31,5,0,reserve,system,4322.196,0.0,0.0,4322.196,0.0,10.018975
2019-07-31,6,0,reserve,system,4424.347,0.0,0.0,4424.347,0.0,9.242886
2019-07-31,7,0,reserve,system,4670.875,0.0,0.0,4670.875,0.0,9.486198
2019-07-31,8,0,reserve,system,5028.854,0.0,0.0,5028.854,0.0,7.684227
2019-07-31,9,0,reserve,system,5467.303,0.0,0.0,5467.303,0.0,15.777531
2019-07-31,10,0,reserve,system,5917.495,0.0,0.0,5917.495,0.0,12.629263
2019-07-31,11,0,reserve,system,6301.142,0.0,0.0,6301.142,0.0,25.131294
2019-07-31,12,0,reserve,system,6652.797,0.0,0.0,6652.797,1204.0203,50.0
2019-07-31,13,0,reserve,system,6886.619,0.0,0.0,6886.619,2014.950378,50.0
2019-07-31,14,0,reserve,system,6987.998,0.0,10.26582,6987.998,2507.946175,50.0
2019-07-31,15,0,reserve,system,7033.351,0.0,0.0,7033.351,2693.392123,50.0
2019-07-31,16,0,reserve,system,7015.645,0.0,0.0,7015.645,2471.136535,50.0
2019-07-31,17,0,reserve,system,6900.204,0.0,0.0,6900.204,996.815487,50.0
2019-07-31,18,0,reserve,system,6650.306,0.0,0.0,6650.306,0.0,18.673008
2019-07-31,19,0,reserve,system,6384.354,0.0,0.0,6384.354,0.0,13.463562
2019-07-31,20,0,reserve,system,6132.871,0.0,0.0,6132.871,0.0,14.042026
2019-07-31,21,0,reserve,system,5713.522,0.0,0.0,5713.522,0.0,15.642277
2019-07-31,22,0,reserve,system,5267.687,0.0,0.0,5267.687,0.0,7.298578
2019-07-31,23,0,reserve,system,4879.727,0.0,0.0,4879.727,0.0,12.355077
2019-08-01,0,0,reserve,system,4584.831,0.0,0.0,4584.831,0.0,17.371196
2019-08-01,1,0,reserve,system,4372.422,0.0,0.0,4372.422,0.0,5.499018
2019-08-01,2,0,reserve,system,4232.884,0.0,0.0,4232.884,0.0,9.539714
2019-08-01,3,0,reserve,system,4181.699,0.0,0.0,4181.699,0.0,0.0
2019-08-01,4,0,reserve,system,4257.358,0.0,0.0,4257.358,0.0,0.0
2019-08-01,5,0,reserve,system,4406.472,0.0,0.0,4406.472,0.0,15.077155
2019-08-01,6,0,reserve,system,4484.636,0.0,0.0,4484.636,0.0,6.858385
2019-08-01,7,0,reserve,system,4723.698,0.0,0.0,4723.698,0.0,13.901757
2019-08-01,8,0,reserve,system,5078.5,0.0,0.0,5078.5,0.0,10.852569
2019-08-01,9,0,reserve,system,5484.431,0.0,0.0,5484.431,0.0,20.253286
2019-08-01,10,0,reserve,system,5881.906,0.0,0.0,5881.906,0.0,1.441772
2019-08-01,11,0,reserve,system,6233.009,0.0,0.0,6233.009,0.0,15.875876
2019-08-01,12,0,reserve,system,6568.988,0.0,14.528431,6568.988,0.0,19.844724
2019-08-01,13,0,reserve,system,6807.126,0.0,0.0,6807.126,1712.82951,50.0
2019-08-01,14,0,reserve,system,6917.984,0.0,2.423987,6917.984,2394.291525,50.0
2019-08-01,15,0,reserve,system,6949.734,0.0,0.0,6949.734,2247.831108,50.0
2019-08-01,16,0,reserve,system,6890.341,0.0,0.0,6890.341,312.475062,50.0
2019-08-01,17,0,reserve,system,6738.457,0.0,0.0,6738.457,0.0,23.629866
2019-08-01,18,0,reserve,system,6505.807,0.0,0.0,6505.807,0.0,12.17522
2019-08-01,19,0,reserve,system,6261.885,0.0,0.0,6261.885,0.0,13.077365
2019-08-01,20,0,reserve,system,6023.855,0.0,0.0,6023.855,0.0,13.780136
2019-08-01,21,0,reserve,system,5620.891,0.0,0.0,5620.891,0.0,12.615373
2019-08-01,22,0,reserve,system,5202.973,0.0,0.0,5202.973,0.0,10.150895
2019-08-01,23,0,reserve,system,4842.111,0.0,0.0,4842.111,0.0,10.32537
2019-08-02,0,0,reserve,system,4554.189,0.0,0.0,4554.189,0.0,19.02515
2019-08-02,1,0,reserve,system,4358.989,0.0,0.0,4358.989,0.0,0.0
2019-08-02,2,0,reserve,system,4231.363,0.0,0.0,4231.363,0.0,15.610767
2019-08-02,3,0,reserve,system,4194.329,0.0,0.0,4194.329,0.0,0.0
2019-08-02,4,0,reserve,system,4276.308,0.0,0.0,4276.308,0.0,0.0
2019-08-02,5,0,reserve,system,4414.226,0.0,0.0,4414.226,0.0,13.255388
2019-08-02,6,0,reserve,system,4502.934,0.0,0.0,4502.934,0.0,7.122769
2019-08-02,7,0,reserve,system,4772.824,0.0,0.0,4772.824,0.0,13.53066
2019-08-02,8,0,reserve,system,5143.875,0.0,0.0,5143.875,0.0,13.353353
2019-08-02,9,0,reserve,system,5566.913,0.0,0.0,5566.913,0.0,20.268937
2019-08-02,10,0,reserve,system,5966.68,0.0,0.0,5966.68,0.0,0.0
2019-08-02,11,0,reserve,system,6322.746,0.0,0.0,6322.746,0.0,16.341607
2019-08-02,12,0,reserve,system,6616.682,0.0,0.0,6616.682,11.560916,50.0
2019-08-02,13,0,reserve,system,6816.604,0.0,0.0,6816.604,861.230853,50.0
2019-08-02,14,0,reserve,system,6931.735,0.0,33.996996,6931.735,1588.277284,50.0
2019-08-02,15,0,reserve,system,6956.534,0.0,33.996996,6956.534,1818.525286,50.0
2019-08-02,16,0,reserve,system,6902.347,0.0,0.0,6902.347,1062.19857,50.0
2019-08-02,17,0,reserve,system,6742.943,0.0,0.0,6742.943,104.181412,50.0
2019-08-02,18,0,reserve,system,6469.936,0.0,0.0,6469.936,309.459707,50.0
2019-08-02,19,0,reserve,system,6231.051,0.0,0.0,6231.051,0.0,34.214128
2019-08-02,20,0,reserve,system,5996.667,0.0,0.0,5996.667,0.0,15.606628
2019-08-02,21,0,reserve,system,5646.794,0.0,0.0,5646.794,0.0,15.346123
2019-08-02,22,0,reserve,system,5291.36,0.0,0.0,5291.36,0.0,7.621317
2019-08-02,23,0,reserve,system,4959.742,0.0,0.0,4959.742,0.0,11.492459
2019-08-03,0,0,reserve,system,4692.006,0.0,0.0,4692.006,0.0,19.211355
2019-08-03,1,0,reserve,system,4483.259,0.0,0.0,4483.259,0.0,0.0
2019-08-03,2,0,reserve,system,4333.2,0.0,0.0,4333.2,0.0,15.788516
2019-08-03,3,0,reserve,system,4241.41,0.0,0.0,4241.41,0.0,0.0
2019-08-03,4,0,reserve,system,4225.147,0.0,0.0,4225.147,0.0,12.99251
2019-08-03,5,0,reserve,system,4236.996,0.0,0.0,4236.996,0.0,0.0
2019-08-03,6,0,reserve,system,4261.749,0.0,0.0,4261.749,0.0,0.0
2019-08-03,7,0,reserve,system,4458.962,0.0,22.510183,4458.962,0.0,12.207893
2019-08-03,8,0,reserve,system,4698.6,0.0,0.0,4698.6,0.0,6.830388
2019-08-03,9,0,reserve,system,4971.778,0.0,0.0,4971.778,0.0,11.035526
2019-08-03,10,0,reserve,system,5257.037,0.0,12.436818,5257.037,0.0,9.305289
2019-08-03,11,0,reserve,system,5497.7,0.0,0.0,5497.7,0.0,10.082812
2019-08-03,12,0,reserve,system,5692.103,0.0,0.0,5692.103,0.0,13.771441
2019-08-03,13,0,reserve,system,5862.784,0.0,0.0,5862.784,0.0,11.544191
2019-08-03,14,0,reserve,system,6003.53,0.0,0.0,6003.53,0.0,12.321814
2019-08-03,15,0,reserve,system,6089.563,0.0,4.990916,6089.563,0.0,23.023432
2019-08-03,16,0,reserve,system,6067.65,0.0,0.0,6067.65,0.0,10.451874
2019-08-03,17,0,reserve,system,5945.215,0.0,0.0,5945.215,0.0,23.134616
2019-08-03,18,0,reserve,system,5762.697,0.0,0.0,5762.697,0.0,14.759363
2019-08-03,19,0,reserve,system,5616.835,0.0,0.0,5616.835,0.0,11.916927
2019-08-03,20,0,reserve,system,5451.788,0.0,0.0,5451.788,0.0,17.536519
2019-08-03,21,0,reserve,system,5189.533,0.0,0.0,5189.533,0.0,6.584141
2019-08-03,22,0,reserve,system,4895.959,0.0,0.0,4895.959,0.0,12.136186
2019-08-03,23,0,reserve,system,4614.964,0.0,0.0,4614.964,0.0,0.0
2019-08-04,0,0,reserve,system,4399.119,0.0,0.0,4399.119,0.0,14.63641
2019-08-04,1,0,reserve,system,4239.367,0.0,0.0,4239.367,0.0,0.0
2019-08-04,2,0,reserve,system,4115.057,0.0,0.0,4115.057,0.0,13.040568
2019-08-04,3,0,reserve,system,4043.866,0.0,0.0,4043.866,0.0,0.0
2019-08-04,4,0,reserve,system,4015.54,0.0,0.0,4015.54,0.0,0.0
2019-08-04,5,0,reserve,system,4020.07,0.0,0.0,4020.07,0.0,10.712424
2019-08-04,6,0,reserve,system,4031.083,0.0,0.0,4031.083,0.0,7.134942
2019-08-04,7,0,reserve,system,4228.154,0.0,0.0,4228.154,0.0,10.61764
2019-08-04,8,0,reserve,system,4513.807,0.0,0.0,4513.807,0.0,8.861358
2019-08-04,9,0,reserve,system,4796.238,0.0,0.0,4796.238,0.0,8.084367
2019-08-04,10,0,reserve,system,5102.17,0.0,0.0,5102.17,0.0,11.216365
2019-08-04,11,0,reserve,system,5398.49,0.0,0.0,5398.49,0.0,5.181419
2019-08-04,12,0,reserve,system,5661.528,0.0,0.0,5661.528,0.0,11.148501
2019-08-04,13,0,reserve,system,5889.757,0.0,0.0,5889.757,0.0,11.531165
2019-08-04,14,0,reserve,system,6071.879,0.0,0.0,6071.879,0.0,12.08885
2019-08-04,15,0,reserve,system,6212.783,0.0,0.0,6212.783,0.0,12.234502
2019-08-04,16,0,reserve,system,6274.432,0.0,3.447877,6274.432,0.0,31.02038
2019-08-04,17,0,reserve,system,6233.024,0.0,0.0,6233.024,0.0,13.666096
2019-08-04,18,0,reserve,system,6062.94,0.0,0.0,6062.94,0.0,9.163012
2019-08-04,19,0,reserve,system,5879.066,0.0,0.0,5879.066,0.0,15.053227
2019-08-04,20,0,reserve,system,5683.917,0.0,0.0,5683.917,0.0,15.606943
2019-08-04,21,0,reserve,system,5329.209,0.0,0.0,5329.209,0.0,8.861914
2019-08-04,22,0,reserve,system,4958.503,0.0,0.0,4958.503,0.0,10.567298
2019-08-04,23,0,reserve,system,4624.654,0.0,0.0,4624.654,0.0,10.143992
2019-08-05,0,0,reserve,system,4381.841,0.0,0.0,4381.841,0.0,16.583636
2019-08-05,1,0,reserve,system,4221.927,0.0,0.0,4221.927,0.0,0.0
2019-08-05,2,0,reserve,system,4125.799,0.0,0.0,4125.799,0.0,0.0
2019-08-05,3,0,reserve,system,4125.981,0.0,0.0,4125.981,0.0,9.568336
2019-08-05,4,0,reserve,system,4239.112,0.0,0.0,4239.112,0.0,5.597061
2019-08-05,5,0,reserve,system,4411.202,0.0,0.0,4411.202,0.0,11.61698
2019-08-05,6,0,reserve,system,4512.563,0.0,0.0,4512.563,0.0,8.631173
2019-08-05,7,0,reserve,system,4806.496,0.0,0.0,4806.496,0.0,9.773568
2019-08-05,8,0,reserve,system,5201.545,0.0,0.0,5201.545,0.0,16.031293
2019-08-05,9,0,reserve,system,5621.69,0.0,0.0,5621.69,0.0,13.83825
2019-08-05,10,0,reserve,system,6012.866,0.0,0.0,6012.866,0.0,15.786739
2019-08-05,11,0,reserve,system,6362.292,0.0,0.0,6362.292,277.812019,50.0
2019-08-05,12,0,reserve,system,6643.585,0.0,0.0,6643.585,1617.492526,50.0
2019-08-05,13,0,reserve,system,6830.789,0.0,0.0,6830.789,2128.550334,50.0
2019-08-05,14,0,reserve,system,6951.238,0.0,0.0,6951.238,2945.152794,50.0
2019-08-05,15,0,reserve,system,6984.737,0.0,0.0,6984.737,3069.098334,50.0
2019-08-05,16,0,reserve,system,6955.552,0.0,0.0,6955.552,2451.433334,50.0
2019-08-05,17,0,reserve,system,6862.949,0.0,0.0,6862.949,2124.190334,50.0
2019-08-05,18,0,reserve,system,6631.861,0.0,0.0,6631.861,475.212334,50.0
2019-08-05,19,0,reserve,system,6408.338,0.0,0.0,6408.338,0.0,21.468493
2019-08-05,20,0,reserve,system,6169.549,0.0,0.0,6169.549,0.0,14.403877
2019-08-05,21,0,reserve,system,5744.887,0.0,0.0,5744.887,0.0,16.417408
2019-08-05,22,0,reserve,system,5306.177,0.0,0.0,5306.177,0.0,8.060578
2019-08-05,23,0,reserve,system,4943.725,0.0,0.0,4943.725,0.0,14.962876
2019-08-06,0,0,reserve,system,4678.19,0.0,0.0,4678.19,0.0,20.668325
2019-08-06,1,0,reserve,system,4486.558,0.0,0.0,4486.558,0.0,0.0
2019-08-06,2,0,reserve,system,4360.189,0.0,0.0,4360.189,0.0,0.0
2019-08-06,3,0,reserve,system,4334.102,0.0,0.0,4334.102,0.0,9.507558
2019-08-06,4,0,reserve,system,4424.072,0.0,0.0,4424.072,0.0,5.62464
2019-08-06,5,0,reserve,system,4587.248,0.0,0.0,4587.248,0.0,14.230322
2019-08-06,6,0,reserve,system,4667.768,0.0,0.0,4667.768,0.0,4.301971
2019-08-06,7,0,reserve,system,4928.942,0.0,0.0,4928.942,0.0,17.034576
2019-08-06,8,0,reserve,system,5303.277,0.0,0.0,5303.277,0.0,12.31542
2019-08-06,9,0,reserve,system,5754.264,0.0,0.0,5754.264,0.0,14.526807
2019-08-06,10,0,reserve,system,6191.623,0.0,0.0,6191.623,0.0,12.696518
2019-08-06,11,0,reserve,system,6566.294,0.0,0.0,6566.294,676.20255,50.0
2019-08-06,12,0,reserve,system,6837.131,0.0,0.0,6837.131,1816.622656,50.0
2019-08-06,13,0,reserve,system,7021.979,0.0,0.0,7021.979,2824.053713,50.0
2019-08-06,14,0,reserve,system,7106.053,0.0,0.0,7106.053,3035.65011,50.0
2019-08-06,15,0,reserve,system,7120.16,0.0,0.0,7120.16,2716.510173,50.0
2019-08-06,16,0,reserve,system,7080.551,0.0,0.0,7080.551,1934.848407,50.0
2019-08-06,17,0,reserve,system,6967.73,0.0,16.32922,6967.73,1030.361606,50.0
2019-08-06,18,0,reserve,system,6724.265,0.0,0.0,6724.265,0.0,20.612254
2019-08-06,19,0,reserve,system,6501.416,0.0,0.0,6501.416,0.0,29.542327
2019-08-06,20,0,reserve,system,6258.923,0.0,0.0,6258.923,0.0,13.062592
2019-08-06,21,0,reserve,system,5846.342,0.0,0.0,5846.342,0.0,15.037127
2019-08-06,22,0,reserve,system,5415.875,0.0,0.0,5415.875,0.0,9.789934
2019-08-06,23,0,reserve,system,5056.802,0.0,0.0,5056.802,0.0,11.101245
2019-08-07,0,0,reserve,system,4786.752,0.0,0.0,4786.752,0.0,20.854301
2019-08-07,1,0,reserve,system,4604.632,0.0,0.0,4604.632,0.0,0.0
2019-08-07,2,0,reserve,system,4490.786,0.0,0.0,4490.786,0.0,0.0
2019-08-07,3,0,reserve,system,4475.383,0.0,0.0,4475.383,0.0,9.490036
2019-08-07,4,0,reserve,system,4563.1,0.0,0.0,4563.1,0.0,7.540458
2019-08-07,5,0,reserve,system,4720.753,0.0,0.0,4720.753,0.0,11.975455
2019-08-07,6,0,reserve,system,4791.32,0.0,0.0,4791.32,0.0,9.242911
2019-08-07,7,0,reserve,system,5006.541,0.0,0.0,5006.541,0.0,11.393422
2019-08-07,8,0,reserve,system,5386.986,0.0,0.0,5386.986,0.0,9.029472
2019-08-07,9,0,reserve,system,5823.562,0.0,0.0,5823.562,0.0,13.563831
2019-08-07,10,0,reserve,system,6256.555,0.0,0.0,6256.555,0.0,12.373175
2019-08-07,11,0,reserve,system,6634.532,0.0,0.0,6634.532,0.0,15.020397
2019-08-07,12,0,reserve,system,6976.795,0.0,0.0,6976.795,1351.508066,50.0
2019-08-07,13,0,reserve,system,7207.868,0.0,0.0,7207.868,3589.338513,50.0
2019-08-07,14,0,reserve,system,7290.908,0.0,0.0,7290.908,4132.557863,50.0
2019-08-07,15,0,reserve,system,7314.96,0.0,31.939347,7314.96,4197.019863,50.0
2019-08-07,16,0,reserve,system,7292.755,0.0,0.0,7292.755,4155.504863,50.0
2019-08-07,17,0,reserve,system,7190.851,0.0,0.0,7190.851,3562.830863,50.0
2019-08-07,18,0,reserve,system,6941.014,0.0,0.0,6941.014,1420.313863,50.0
2019-08-07,19,0,reserve,system,6696.24,0.0,0.0,6696.24,0.0,32.462118
2019-08-07,20,0,reserve,system,6419.2,0.0,0.0,6419.2,0.0,15.675284
2019-08-07,21,0,reserve,system,5984.287,0.0,0.0,5984.287,0.0,14.686302
2019-08-07,22,0,reserve,system,5545.88,0.0,0.0,5545.88,0.0,9.736508
2019-08-07,23,0,reserve,system,5151.558,0.0,0.0,5151.558,0.0,11.731624
2019-08-08,0,0,reserve,system,4874.642,0.0,0.0,4874.642,0.0,20.251188
2019-08-08,1,0,reserve,system,4678.108,0.0,0.0,4678.108,0.0,6.434406
2019-08-08,2,0,reserve,system,4560.588,0.0,0.0,4560.588,0.0,10.175923
2019-08-08,3,0,reserve,system,4533.263,0.0,0.0,4533.263,0.0,0.0
2019-08-08,4,0,reserve,system,4618.144,0.0,0.0,4618.144,0.0,0.0
2019-08-08,5,0,reserve,system,4768.775,0.0,0.0,4768.775,0.0,17.07359
2019-08-08,6,0,reserve,system,4826.078,0.0,0.0,4826.078,0.0,3.114819
2019-08-08,7,0,reserve,system,5041.005,0.0,0.0,5041.005,0.0,18.908138
2019-08-08,8,0,reserve,system,5391.846,0.0,0.0,5391.846,0.0,0.0
2019-08-08,9,0,reserve,system,5807.15,0.0,0.0,5807.15,0.0,14.196807
2019-08-08,10,0,reserve,system,6202.601,0.0,0.0,6202.601,0.0,8.656733
2019-08-08,11,0,reserve,system,6570.864,0.0,0.0,6570.864,0.0,11.202298
2019-08-08,12,0,reserve,system,6904.005,0.0,0.0,6904.005,0.0,24.191565
2019-08-08,13,0,reserve,system,7118.715,0.0,0.0,7118.715,755.413743,50.0
2019-08-08,14,0,reserve,system,7211.384,0.0,0.0,7211.384,2623.293646,50.0
2019-08-08,15,0,reserve,system,7237.649,0.0,0.0,7237.649,3426.919981,50.0
2019-08-08,16,0,reserve,system,7183.105,0.0,0.0,7183.105,3357.904783,50.0
2019-08-08,17,0,reserve,system,7029.109,0.0,0.0,7029.109,2595.575357,50.0
2019-08-08,18,0,reserve,system,6797.759,0.0,0.0,6797.759,456.037554,50.0
2019-08-08,19,0,reserve,system,6575.673,0.0,0.0,6575.673,0.0,32.63972
2019-08-08,20,0,reserve,system,6337.845,0.0,0.0,6337.845,0.0,13.728167
2019-08-08,21,0,reserve,system,5946.492,0.0,0.0,5946.492,0.0,14.571801
2019-08-08,22,0,reserve,system,5518.202,0.0,0.0,5518.202,0.0,9.672232
2019-08-08,23,0,reserve,system,5161.206,0.0,0.0,5161.206,0.0,11.177467
2019-08-09,0,0,reserve,system,4883.128,0.0,0.0,4883.128,0.0,15.974604
2019-08-09,1,0,reserve,system,4693.83,0.0,0.0,4693.83,0.0,14.913551
2019-08-09,2,0,reserve,system,4569.883,0.0,0.0,4569.883,0.0,0.0
2019-08-09,3,0,reserve,system,4545.747,0.0,0.0,4545.747,0.0,0.0
2019-08-09,4,0,reserve,system,4644.948,0.0,0.0,4644.948,0.0,14.960875
2019-08-09,5,0,reserve,system,4795.976,0.0,0.0,4795.976,0.0,16.01043
2019-08-09,6,0,reserve,system,4859.613,0.0,0.0,4859.613,0.0,0.0
2019-08-09,7,0,reserve,system,5081.721,0.0,0.0,5081.721,0.0,14.818669
2019-08-09,8,0,reserve,system,5447.628,0.0,0.0,5447.628,0.0,7.41428
2019-08-09,9,0,reserve,system,5863.505,0.0,0.0,5863.505,0.0,12.256551
2019-08-09,10,0,reserve,system,6271.833,0.0,0.0,6271.833,0.0,12.802839
2019-08-09,11,0,reserve,system,6628.553,0.0,50.0,6628.553,0.0,11.222868
2019-08-09,12,0,reserve,system,6953.88,0.0,0.0,6953.88,0.0,40.778813
2019-08-09,13,0,reserve,system,7176.367,0.0,0.0,7176.367,1781.041801,50.0
2019-08-09,14,0,reserve,system,7294.842,0.0,0.0,7294.842,3216.91927,50.0
2019-08-09,15,0,reserve,system,7314.303,0.0,0.0,7314.303,3913.883811,50.0
2019-08-09,16,0,reserve,system,7264.895,0.0,0.0,7264.895,2701.961397,50.0
2019-08-09,17,0,reserve,system,7089.628,0.0,0.0,7089.628,793.217277,50.0
2019-08-09,18,0,reserve,system,6795.098,0.0,0.0,6795.098,0.0,12.062236
2019-08-09,19,0,reserve,system,6538.747,0.0,0.0,6538.747,0.0,12.051347
2019-08-09,20,0,reserve,system,6287.534,0.0,0.0,6287.534,0.0,11.793301
2019-08-09,21,0,reserve,system,5919.977,0.0,0.0,5919.977,0.0,12.681408
2019-08-09,22,0,reserve,system,5546.888,0.0,0.0,5546.888,0.0,10.325509
2019-08-09,23,0,reserve,system,5189.064,0.0,0.0,5189.064,0.0,10.529932
2019-08-10,0,0,reserve,system,4907.497,0.0,0.0,4907.497,0.0,18.733741
2019-08-10,1,0,reserve,system,4690.996,0.0,0.0,4690.996,0.0,10.934139
2019-08-10,2,0,reserve,system,4526.86,0.0,0.0,4526.86,0.0,5.518396
2019-08-10,3,0,reserve,system,4422.488,0.0,0.0,4422.488,0.0,9.222783
2019-08-10,4,0,reserve,system,4394.959,0.0,0.0,4394.959,0.0,0.0
2019-08-10,5,0,reserve,system,4411.492,0.0,0.0,4411.492,0.0,6.321909
2019-08-10,6,0,reserve,system,4441.545,0.0,0.0,4441.545,0.0,0.0
2019-08-10,7,0,reserve,system,4737.356,0.0,0.0,4737.356,0.0,10.078108
2019-08-10,8,0,reserve,system,5164.168,0.0,0.0,5164.168,0.0,7.824616
2019-08-10,9,0,reserve,system,5598.675,0.0,0.0,5598.675,0.0,11.7641
2019-08-10,10,0,reserve,system,6018.927,0.0,0.0,6018.927,0.0,10.032441
2019-08-10,11,0,reserve,system,6373.944,0.0,0.0,6373.944,0.0,11.028403
2019-08-10,12,0,reserve,system,6679.472,0.0,0.0,6679.472,0.0,11.18132
2019-08-10,13,0,reserve,system,6916.491,0.0,0.0,6916.491,0.0,28.923743
2019-08-10,14,0,reserve,system,7087.708,0.0,0.0,7087.708,2051.100626,50.0
2019-08-10,15,0,reserve,system,7174.719,0.0,0.0,7174.719,3097.020823,50.0
2019-08-10,16,0,reserve,system,7162.516,0.0,0.0,7162.516,2417.406334,50.0
2019-08-10,17,0,reserve,system,7022.782,0.0,0.0,7022.782,1950.015786,50.0
2019-08-10,18,0,reserve,system,6755.152,0.0,0.0,6755.152,0.0,26.634429
2019-08-10,19,0,reserve,system,6494.662,0.0,0.0,6494.662,0.0,14.515967
2019-08-10,20,0,reserve,system,6263.91,0.0,0.0,6263.91,0.0,13.895443
2019-08-10,21,0,reserve,system,5914.354,0.0,0.0,5914.354,0.0,14.070467
2019-08-10,22,0,reserve,system,5538.736,0.0,0.0,5538.736,0.0,11.342708
2019-08-10,23,0,reserve,system,5178.988,0.0,0.0,5178.988,0.0,9.601789
2019-08-11,0,0,reserve,system,4893.839,0.0,0.0,4893.839,0.0,17.17077
2019-08-11,1,0,reserve,system,4681.168,0.0,0.0,4681.168,0.0,11.738044
2019-08-11,2,0,reserve,system,4518.721,0.0,0.0,4518.721,0.0,5.617158
2019-08-11,3,0,reserve,system,4408.987,0.0,0.0,4408.987,0.0,11.209337
2019-08-11,4,0,reserve,system,4347.931,0.0,0.0,4347.931,0.0,0.0
2019-08-11,5,0,reserve,system,4321.864,0.0,0.0,4321.864,0.0,7.531298
2019-08-11,6,0,reserve,system,4323.986,0.0,0.0,4323.986,0.0,0.0
2019-08-11,7,0,reserve,system,4614.196,0.0,37.798188,4614.196,0.0,18.92708
2019-08-11,8,0,reserve,system,5034.686,0.0,0.0,5034.686,0.0,1.792925
2019-08-11,9,0,reserve,system,5473.853,0.0,0.0,5473.853,0.0,13.511211
2019-08-11,10,0,reserve,system,5892.755,0.0,0.0,5892.755,0.0,8.499955
2019-08-11,11,0,reserve,system,6282.029,0.0,0.0,6282.029,0.0,11.679837
2019-08-11,12,0,reserve,system,6614.134,0.0,0.0,6614.134,0.0,12.323429
2019-08-11,13,0,reserve,system,6875.875,0.0,0.0,6875.875,0.0,27.925454
2019-08-11,14,0,reserve,system,7062.38,0.0,14.680293,7062.38,977.890114,50.0
2019-08-11,15,0,reserve,system,7176.388,0.0,0.0,7176.388,2903.286185,50.0
2019-08-11,16,0,reserve,system,7191.548,0.0,0.0,7191.548,3222.862633,50.0
2019-08-11,17,0,reserve,system,7072.158,0.0,0.0,7072.158,2930.075898,50.0
2019-08-11,18,0,reserve,system,6845.17,0.0,0.0,6845.17,639.524633,50.0
2019-08-11,19,0,reserve,system,6621.234,0.0,0.0,6621.234,0.0,31.792519
2019-08-11,20,0,reserve,system,6390.164,0.0,0.0,6390.164,0.0,13.666282
2019-08-11,21,0,reserve,system,5992.956,0.0,0.0,5992.956,0.0,11.688002
2019-08-11,22,0,reserve,system,5549.59,0.0,0.0,5549.59,0.0,10.415579
2019-08-11,23,0,reserve,system,5170.315,0.0,0.0,5170.315,0.0,10.869131
2019-08-12,0,0,reserve,system,4895.752,0.0,0.0,4895.752,0.0,17.943803
2019-08-12,1,0,reserve,system,4693.706,0.0,0.0,4693.706,0.0,9.362974
2019-08-12,2,0,reserve,system,4576.469,0.0,0.0,4576.469,0.0,0.030483
2019-08-12,3,0,reserve,system,4554.059,0.0,22.479756,4554.059,0.0,0.0
2019-08-12,4,0,reserve,system,4651.106,0.0,0.0,4651.106,0.0,9.359538
2019-08-12,5,0,reserve,system,4818.53,0.0,0.0,4818.53,0.0,6.443899
2019-08-12,6,0,reserve,system,4891.028,0.0,0.0,4891.028,0.0,8.07925
2019-08-12,7,0,reserve,system,5146.228,0.0,0.0,5146.228,0.0,13.534793
2019-08-12,8,0,reserve,system,5544.579,0.0,5.650957,5544.579,0.0,4.856076
2019-08-12,9,0,reserve,system,5984.555,0.0,0.0,5984.555,0.0,10.618261
2019-08-12,10,0,reserve,system,6414.663,0.0,0.0,6414.663,0.0,12.000147
2019-08-12,11,0,reserve,system,6780.912,0.0,0.0,6780.912,0.0,12.86484
2019-08-12,12,0,reserve,system,7093.939,0.0,0.0,7093.939,0.0,24.445991
2019-08-12,13,0,reserve,system,7331.318,0.0,4.950783,7331.318,1791.084067,50.0
2019-08-12,14,0,reserve,system,7433.013,0.0,2.544348,7433.013,3091.766655,50.0
2019-08-12,15,0,reserve,system,7466.551,0.0,0.0,7466.551,3710.491,50.0
2019-08-12,16,0,reserve,system,7452.492,0.0,38.065377,7452.492,4460.212,50.0
2019-08-12,17,0,reserve,system,7363.462,0.0,0.0,7363.462,4200.302,50.0
2019-08-12,18,0,reserve,system,7149.98,0.0,0.0,7149.98,2989.63,50.0
2019-08-12,19,0,reserve,system,6903.269,0.0,0.0,6903.269,1276.929,50.0
2019-08-12,20,0,reserve,system,6599.456,0.0,0.0,6599.456,0.0,36.949027
2019-08-12,21,0,reserve,system,6152.779,0.0,0.0,6152.779,0.0,13.457591
2019-08-12,22,0,reserve,system,5703.978,0.0,0.0,5703.978,0.0,14.454508
2019-08-12,23,0,reserve,system,5322.437,0.0,0.0,5322.437,0.0,11.994338
2019-08-13,0,0,reserve,system,5023.539,0.0,0.0,5023.539,0.0,21.983747
2019-08-13,1,0,reserve,system,4799.271,0.0,0.0,4799.271,0.0,5.365171
2019-08-13,2,0,reserve,system,4653.84,0.0,0.0,4653.84,0.0,9.852133
2019-08-13,3,0,reserve,system,4598.249,0.0,0.0,4598.249,0.0,0.0
2019-08-13,4,0,reserve,system,4673.494,0.0,0.0,4673.494,0.0,0.0
2019-08-13,5,0,reserve,system,4822.115,0.0,0.0,4822.115,0.0,13.723541
2019-08-13,6,0,reserve,system,4878.558,0.0,0.0,4878.558,0.0,7.821804
2019-08-13,7,0,reserve,system,5131.926,0.0,0.0,5131.926,0.0,13.948859
2019-08-13,8,0,reserve,system,5508.183,0.0,0.0,5508.183,0.0,13.583499
2019-08-13,9,0,reserve,system,5947.137,0.0,0.0,5947.137,0.0,13.105161
2019-08-13,10,0,reserve,system,6374.519,0.0,0.0,6374.519,0.0,13.056242
2019-08-13,11,0,reserve,system,6779.609,0.0,0.0,6779.609,2751.413614,50.0
2019-08-13,12,0,reserve,system,7118.461,0.0,0.0,7118.461,5140.59923,50.0
2019-08-13,13,0,reserve,system,7345.468,0.0,0.0,7345.468,5328.008,50.0
2019-08-13,14,0,reserve,system,7430.178,0.0,50.0,7430.178,5193.268,50.0
2019-08-13,15,0,reserve,system,7429.308,0.0,0.0,7429.308,4913.268,50.0
2019-08-13,16,0,reserve,system,7405.875,0.0,0.0,7405.875,5241.145,50.0
2019-08-13,17,0,reserve,system,7288.318,0.0,0.0,7288.318,4772.268,50.0
2019-08-13,18,0,reserve,system,7064.194,0.0,0.0,7064.194,3475.514,50.0
2019-08-13,19,0,reserve,system,6849.787,0.0,0.0,6849.787,1979.117,50.0
2019-08-13,20,0,reserve,system,6556.126,0.0,0.0,6556.126,145.466005,50.0
2019-08-13,21,0,reserve,system,6097.943,0.0,0.0,6097.943,0.0,15.585062
2019-08-13,22,0,reserve,system,5634.533,0.0,0.0,5634.533,0.0,11.669794
2019-08-13,23,0,reserve,system,5247.857,0.0,0.0,5247.857,0.0,6.553907
2019-08-14,0,0,reserve,system,4973.435,0.0,0.0,4973.435,0.0,15.074106
2019-08-14,1,0,reserve,system,4769.03,0.0,0.0,4769.03,0.0,13.665661
2019-08-14,2,0,reserve,system,4640.998,0.0,0.0,4640.998,0.0,0.0
2019-08-14,3,0,reserve,system,4594.015,0.0,0.0,4594.015,0.0,0.0
2019-08-14,4,0,reserve,system,4666.979,0.0,0.0,4666.979,0.0,13.656144
2019-08-14,5,0,reserve,system,4808.693,0.0,0.0,4808.693,0.0,7.622264
2019-08-14,6,0,reserve,system,4845.518,0.0,0.0,4845.518,0.0,12.010322
2019-08-14,7,0,reserve,system,4976.049,0.0,0.0,4976.049,0.0,14.189884
2019-08-14,8,0,reserve,system,5281.929,0.0,0.0,5281.929,0.0,13.517241
2019-08-14,9,0,reserve,system,5674.589,0.0,0.0,5674.589,0.0,14.329584
2019-08-14,10,0,reserve,system,6062.382,0.0,0.0,6062.382,0.0,12.518866
2019-08-14,11,0,reserve,system,6400.822,0.0,0.0,6400.822,0.0,24.813578
2019-08-14,12,0,reserve,system,6702.259,0.0,8.102521,6702.259,472.600621,50.0
2019-08-14,13,0,reserve,system,6932.806,0.0,10.947925,6932.806,1119.590581,50.0
2019-08-14,14,0,reserve,system,7086.213,0.0,0.0,7086.213,2223.317867,50.0
2019-08-14,15,0,reserve,system,7175.509,0.0,8.413793,7175.509,3471.217705,50.0
2019-08-14,16,0,reserve,system,7134.068,0.0,0.0,7134.068,3706.760704,50.0
2019-08-14,17,0,reserve,system,6931.219,0.0,0.0,6931.219,2031.957905,50.0
2019-08-14,18,0,reserve,system,6581.797,0.0,0.0,6581.797,0.0,12.031337
2019-08-14,19,0,reserve,system,6343.725,0.0,0.0,6343.725,0.0,12.943097
2019-08-14,20,0,reserve,system,6039.699,0.0,0.0,6039.699,0.0,13.808712
2019-08-14,21,0,reserve,system,5613.264,0.0,0.0,5613.264,0.0,13.265013
2019-08-14,22,0,reserve,system,5187.188,0.0,0.0,5187.188,0.0,14.423783
2019-08-14,23,0,reserve,system,4835.659,0.0,0.0,4835.659,0.0,0.0
2019-08-15,0,0,reserve,system,4568.354,0.0,0.0,4568.354,0.0,16.024681
2019-08-15,1,0,reserve,system,4384.016,0.0,0.0,4384.016,0.0,0.0
2019-08-15,2,0,reserve,system,4273.951,0.0,0.0,4273.951,0.0,0.0
2019-08-15,3,0,reserve,system,4249.728,0.0,0.0,4249.728,0.0,13.672789
2019-08-15,4,0,reserve,system,4356.529,0.0,0.0,4356.529,0.0,7.737872
2019-08-15,5,0,reserve,system,4553.987,0.0,0.0,4553.987,0.0,10.328949
2019-08-15,6,0,reserve,system,4617.133,0.0,0.0,4617.133,0.0,6.83812
2019-08-15,7,0,reserve,system,4843.028,0.0,0.0,4843.028,0.0,11.321447
2019-08-15,8,0,reserve,system,5230.319,0.0,0.0,5230.319,0.0,14.975092
2019-08-15,9,0,reserve,system,5669.819,0.0,0.0,5669.819,0.0,17.417988
2019-08-15,10,0,reserve,system,6102.243,0.0,0.0,6102.243,0.0,7.023284
2019-08-15,11,0,reserve,system,6489.809,0.0,0.0,6489.809,0.0,23.825208
2019-08-15,12,0,reserve,system,6784.491,0.0,0.0,6784.491,984.646246,50.0
2019-08-15,13,0,reserve,system,6985.55,0.0,0.0,6985.55,2798.447489,50.0
2019-08-15,14,0,reserve,system,7096.192,0.0,0.0,7096.192,3265.623255,50.0
2019-08-15,15,0,reserve,system,7107.295,0.0,0.0,7107.295,3286.536455,50.0
2019-08-15,16,0,reserve,system,7054.275,0.0,0.0,7054.275,2535.808169,50.0
2019-08-15,17,0,reserve,system,6945.299,0.0,0.0,6945.299,1645.619143,50.0
2019-08-15,18,0,reserve,system,6716.782,0.0,0.0,6716.782,291.813621,50.0
2019-08-15,19,0,reserve,system,6511.438,0.0,0.0,6511.438,0.0,22.518393
2019-08-15,20,0,reserve,system,6227.666,0.0,0.0,6227.666,0.0,30.319611
2019-08-15,21,0,reserve,system,5787.167,0.0,0.0,5787.167,0.0,16.3125
2019-08-15,22,0,reserve,system,5353.792,0.0,0.0,5353.792,0.0,5.014563
2019-08-15,23,0,reserve,system,4996.624,0.0,0.0,4996.624,0.0,11.961083
2019-08-16,0,0,reserve,system,4747.094,0.0,0.0,4747.094,0.0,18.96192
2019-08-16,1,0,reserve,system,4551.412,0.0,0.0,4551.412,0.0,5.410928
2019-08-16,2,0,reserve,system,4432.495,0.0,0.0,4432.495,0.0,9.88215
2019-08-16,3,0,reserve,system,4408.751,0.0,0.0,4408.751,0.0,0.0
2019-08-16,4,0,reserve,system,4514.419,0.0,0.0,4514.419,0.0,0.0
2019-08-16,5,0,reserve,system,4686.371,0.0,0.0,4686.371,0.0,15.149496
2019-08-16,6,0,reserve,system,4743.593,0.0,0.0,4743.593,0.0,6.603128
2019-08-16,7,0,reserve,system,4981.4,0.0,0.0,4981.4,0.0,12.78069
2019-08-16,8,0,reserve,system,5374.021,0.0,0.0,5374.021,0.0,13.967099
2019-08-16,9,0,reserve,system,5835.804,0.0,0.0,5835.804,0.0,14.268335
2019-08-16,10,0,reserve,system,6271.361,0.0,31.294455,6271.361,0.0,30.405049
2019-08-16,11,0,reserve,system,6645.905,0.0,24.385524,6645.905,161.565,50.0
2019-08-16,12,0,reserve,system,6967.015,0.0,0.0,6967.015,2317.327774,50.0
2019-08-16,13,0,reserve,system,7166.842,0.0,0.0,7166.842,2999.332202,50.0
2019-08-16,14,0,reserve,system,7273.517,0.0,0.0,7273.517,4044.154342,50.0
2019-08-16,15,0,reserve,system,7285.792,0.0,0.0,7285.792,4345.289342,50.0
2019-08-16,16,0,reserve,system,7232.428,0.0,0.0,7232.428,4245.425342,50.0
2019-08-16,17,0,reserve,system,7048.328,0.0,0.0,7048.328,2491.425342,50.0
2019-08-16,18,0,reserve,system,6761.803,0.0,0.0,6761.803,0.0,22.130007
2019-08-16,19,0,reserve,system,6541.366,0.0,0.0,6541.366,0.0,11.894726
2019-08-16,20,0,reserve,system,6275.259,0.0,0.0,6275.259,0.0,14.827681
2019-08-16,21,0,reserve,system,5911.628,0.0,0.0,5911.628,0.0,14.412573
2019-08-16,22,0,reserve,system,5540.331,0.0,0.0,5540.331,0.0,9.269012
2019-08-16,23,0,reserve,system,5211.758,0.0,0.0,5211.758,0.0,11.40216
2019-08-17,0,0,reserve,system,4945.142,0.0,0.0,4945.142,0.0,21.526569
2019-08-17,1,0,reserve,system,4737.679,0.0,0.0,4737.679,0.0,0.494496
2019-08-17,2,0,reserve,system,4585.301,0.0,0.0,4585.301,0.0,14.792976
2019-08-17,3,0,reserve,system,4495.616,0.0,0.0,4495.616,0.0,0.0
2019-08-17,4,0,reserve,system,4485.294,0.0,0.0,4485.294,0.0,10.890953
2019-08-17,5,0,reserve,system,4505.459,0.0,31.324454,4505.459,0.0,6.78121
2019-08-17,6,0,reserve,system,4538.826,0.0,0.0,4538.826,0.0,0.0
2019-08-17,7,0,reserve,system,4827.561,0.0,50.0,4827.561,0.0,10.922046
2019-08-17,8,0,reserve,system,5258.994,0.0,0.0,5258.994,0.0,9.461658
2019-08-17,9,0,reserve,system,5700.928,0.0,0.0,5700.928,0.0,10.112375
2019-08-17,10,0,reserve,system,6101.703,0.0,22.26368,6101.703,0.0,9.508181
2019-08-17,11,0,reserve,system,6434.902,0.0,0.0,6434.902,0.0,11.12418
2019-08-17,12,0,reserve,system,6701.436,0.0,0.0,6701.436,0.0,12.922518
2019-08-17,13,0,reserve,system,6903.924,0.0,3.794822,6903.924,0.0,23.869934
2019-08-17,14,0,reserve,system,7027.186,0.0,0.0,7027.186,0.0,20.848902
2019-08-17,15,0,reserve,system,7079.44,0.0,0.0,7079.44,0.0,41.295331
2019-08-17,16,0,reserve,system,7052.93,0.0,0.0,7052.93,177.59262,50.0
2019-08-17,17,0,reserve,system,6898.603,0.0,0.0,6898.603,0.0,23.880057
2019-08-17,18,0,reserve,system,6636.385,0.0,0.0,6636.385,0.0,12.884302
2019-08-17,19,0,reserve,system,6425.871,0.0,0.0,6425.871,0.0,11.40548
2019-08-17,20,0,reserve,system,6185.24,0.0,0.0,6185.24,0.0,13.14785
2019-08-17,21,0,reserve,system,5851.867,0.0,0.0,5851.867,0.0,10.012723
2019-08-17,22,0,reserve,system,5493.905,0.0,0.0,5493.905,0.0,11.647748
2019-08-17,23,0,reserve,system,5179.508,0.0,0.0,5179.508,0.0,8.159809
2019-08-18,0,0,reserve,system,4922.201,0.0,0.0,4922.201,0.0,13.467055
2019-08-18,1,0,reserve,system,4724.754,0.0,0.0,4724.754,0.0,6.022866
2019-08-18,2,0,reserve,system,4577.823,0.0,0.0,4577.823,0.0,9.163902
2019-08-18,3,0,reserve,system,4471.349,0.0,0.0,4471.349,0.0,0.94643
2019-08-18,4,0,reserve,system,4429.87,0.0,0.0,4429.87,0.0,2.817111
2019-08-18,5,0,reserve,system,4420.81,0.0,0.0,4420.81,0.0,9.641562
2019-08-18,6,0,reserve,system,4426.29,0.0,0.0,4426.29,0.0,0.0
2019-08-18,7,0,reserve,system,4702.789,0.0,36.168829,4702.789,0.0,9.722921
2019-08-18,8,0,reserve,system,5143.187,0.0,4.150523,5143.187,0.0,8.294747
2019-08-18,9,0,reserve,system,5559.198,0.0,3.938475,5559.198,0.0,11.546794
2019-08-18,10,0,reserve,system,5930.971,0.0,23.259553,5930.971,0.0,10.146652
2019-08-18,11,0,reserve,system,6238.763,0.0,13.820067,6238.763,0.0,10.808062
2019-08-18,12,0,reserve,system,6531.498,0.0,0.0,6531.498,0.0,12.598025
2019-08-18,13,0,reserve,system,6797.757,0.0,0.0,6797.757,0.0,17.189508
2019-08-18,14,0,reserve,system,7000.362,0.0,0.0,7000.362,0.0,27.981792
2019-08-18,15,0,reserve,system,7123.894,0.0,0.0,7123.894,621.241434,50.0
2019-08-18,16,0,reserve,system,7150.487,0.0,0.0,7150.487,2085.998504,50.0
2019-08-18,17,0,reserve,system,7029.356,0.0,0.0,7029.356,542.880702,50.0
2019-08-18,18,0,reserve,system,6788.102,0.0,0.0,6788.102,0.0,17.372754
2019-08-18,19,0,reserve,system,6607.348,0.0,0.0,6607.348,0.0,24.234742
2019-08-18,20,0,reserve,system,6342.157,0.0,0.0,6342.157,0.0,12.918358
2019-08-18,21,0,reserve,system,5933.027,0.0,0.0,5933.027,0.0,9.969468
2019-08-18,22,0,reserve,system,5498.329,0.0,0.0,5498.329,0.0,11.65772
2019-08-18,23,0,reserve,system,5153.007,0.0,0.0,5153.007,0.0,8.125955
2019-08-19,0,0,reserve,system,4902.309,0.0,0.0,4902.309,0.0,13.624168
2019-08-19,1,0,reserve,system,4726.482,0.0,0.0,4726.482,0.0,0.0
2019-08-19,2,0,reserve,system,4622.45,0.0,0.0,4622.45,0.0,4.238302
2019-08-19,3,0,reserve,system,4609.488,0.0,0.0,4609.488,0.0,3.145188
2019-08-19,4,0,reserve,system,4719.087,0.0,0.0,4719.087,0.0,8.043768
2019-08-19,5,0,reserve,system,4912.203,327.063,50.0,4912.203,0.0,10.57962
2019-08-19,6,0,reserve,system,4945.602,0.0,0.0,4945.602,0.0,9.234219
2019-08-19,7,0,reserve,system,5159.08,0.0,0.0,5159.08,0.0,10.376305
2019-08-19,8,0,reserve,system,5523.763,0.0,0.0,5523.763,0.0,11.022267
2019-08-19,9,0,reserve,system,5913.802,0.0,0.0,5913.802,0.0,22.712312
2019-08-19,10,0,reserve,system,6290.09,0.0,0.0,6290.09,0.0,0.0
2019-08-19,11,0,reserve,system,6656.802,0.0,0.0,6656.802,0.0,18.646744
2019-08-19,12,0,reserve,system,7004.228,0.0,0.0,7004.228,1646.904208,50.0
2019-08-19,13,0,reserve,system,7264.781,0.0,0.0,7264.781,3361.981,50.0
2019-08-19,14,0,reserve,system,7379.364,0.0,0.0,7379.364,4127.604402,50.0
2019-08-19,15,0,reserve,system,7387.064,0.0,0.0,7387.064,3852.795239,50.0
2019-08-19,16,0,reserve,system,7338.241,0.0,0.0,7338.241,3567.69361,50.0
2019-08-19,17,0,reserve,system,7193.896,0.0,0.0,7193.896,1701.958512,50.0
2019-08-19,18,0,reserve,system,6945.764,0.0,0.0,6945.764,0.0,28.886934
2019-08-19,19,0,reserve,system,6766.555,0.0,0.0,6766.555,0.0,19.416352
2019-08-19,20,0,reserve,system,6464.622,0.0,0.0,6464.622,0.0,13.244392
2019-08-19,21,0,reserve,system,6003.562,0.0,0.0,6003.562,0.0,14.860878
2019-08-19,22,0,reserve,system,5555.992,0.0,0.0,5555.992,0.0,11.14357
2019-08-19,23,0,reserve,system,5187.474,0.0,0.0,5187.474,0.0,10.250994
2019-08-20,0,0,reserve,system,4924.303,0.0,0.0,4924.303,0.0,13.250098
2019-08-20,1,0,reserve,system,4719.078,0.0,0.0,4719.078,0.0,0.0
2019-08-20,2,0,reserve,system,4598.223,0.0,0.0,4598.223,0.0,2.336914
2019-08-20,3,0,reserve,system,4559.906,0.0,0.0,4559.906,0.0,6.610359
2019-08-20,4,0,reserve,system,4652.991,0.0,0.0,4652.991,0.0,6.364239
2019-08-20,5,0,reserve,system,4851.842,0.0,44.676031,4851.842,0.0,11.198763
2019-08-20,6,0,reserve,system,4876.367,0.0,37.80394,4876.367,0.0,8.971672
2019-08-20,7,0,reserve,system,5062.624,8.134,50.0,5062.624,0.0,17.185949
2019-08-20,8,0,reserve,system,5446.784,0.0,0.0,5446.784,0.0,12.546422
2019-08-20,9,0,reserve,system,5861.923,0.0,50.0,5861.923,0.0,16.429715
2019-08-20,10,0,reserve,system,6262.084,0.0,6.866798,6262.084,0.0,0.0
2019-08-20,11,0,reserve,system,6552.526,0.0,0.0,6552.526,0.0,15.099214
2019-08-20,12,0,reserve,system,6749.362,0.0,0.0,6749.362,0.0,22.999049
2019-08-20,13,0,reserve,system,6892.202,0.0,0.0,6892.202,0.0,14.076208
2019-08-20,14,0,reserve,system,7027.103,0.0,0.0,7027.103,149.48127,50.0
2019-08-20,15,0,reserve,system,7116.305,0.0,0.0,7116.305,1176.772928,50.0
2019-08-20,16,0,reserve,system,7117.137,0.0,0.0,7117.137,1194.663323,50.0
2019-08-20,17,0,reserve,system,6966.075,0.0,0.0,6966.075,0.0,31.810356
2019-08-20,18,0,reserve,system,6724.067,0.0,0.0,6724.067,0.0,11.860138
2019-08-20,19,0,reserve,system,6534.361,0.0,0.0,6534.361,0.0,11.673398
2019-08-20,20,0,reserve,system,6231.051,0.0,0.0,6231.051,0.0,15.861076
2019-08-20,21,0,reserve,system,5780.475,0.0,0.0,5780.475,0.0,8.338611
2019-08-20,22,0,reserve,system,5336.794,0.0,0.0,5336.794,0.0,14.398252
2019-08-20,23,0,reserve,system,4986.804,0.0,0.0,4986.804,0.0,0.0
2019-08-21,0,0,reserve,system,4717.951,0.0,0.0,4717.951,0.0,21.077907
2019-08-21,1,0,reserve,system,4519.67,0.0,0.0,4519.67,0.0,0.0
2019-08-21,2,0,reserve,system,4397.409,0.0,0.0,4397.409,0.0,0.0
2019-08-21,3,0,reserve,system,4377.839,0.0,0.0,4377.839,0.0,9.642333
2019-08-21,4,0,reserve,system,4498.338,0.0,0.0,4498.338,0.0,5.632924
2019-08-21,5,0,reserve,system,4711.195,0.0,0.0,4711.195,0.0,12.331608
2019-08-21,6,0,reserve,system,4741.059,0.0,0.0,4741.059,0.0,5.741065
2019-08-21,7,0,reserve,system,4934.174,0.0,0.0,4934.174,0.0,12.977919
2019-08-21,8,0,reserve,system,5283.115,0.0,0.0,5283.115,0.0,14.286219
2019-08-21,9,0,reserve,system,5694.874,0.0,0.0,5694.874,0.0,16.344853
2019-08-21,10,0,reserve,system,6091.43,0.0,0.0,6091.43,0.0,0.0
2019-08-21,11,0,reserve,system,6444.972,0.0,0.0,6444.972,0.0,16.829691
2019-08-21,12,0,reserve,system,6753.899,0.0,0.0,6753.899,263.213576,50.0
2019-08-21,13,0,reserve,system,6977.932,0.0,21.952162,6977.932,2519.706207,50.0
2019-08-21,14,0,reserve,system,7094.711,0.0,0.0,7094.711,3006.633596,50.0
2019-08-21,15,0,reserve,system,7168.289,41.585891,50.0,7168.289,3455.794498,50.0
2019-08-21,16,0,reserve,system,7146.806,0.0,0.0,7146.806,2935.64269,50.0
2019-08-21,17,0,reserve,system,6977.136,0.0,0.0,6977.136,745.585951,50.0
2019-08-21,18,0,reserve,system,6713.633,0.0,0.0,6713.633,0.0,19.159417
2019-08-21,19,0,reserve,system,6516.796,0.0,0.0,6516.796,0.0,13.724308
2019-08-21,20,0,reserve,system,6216.321,0.0,0.0,6216.321,0.0,13.746656
2019-08-21,21,0,reserve,system,5761.287,0.0,0.0,5761.287,0.0,14.249796
2019-08-21,22,0,reserve,system,5318.412,0.0,0.0,5318.412,0.0,9.921601
2019-08-21,23,0,reserve,system,4945.781,0.0,0.0,4945.781,0.0,10.896943
2019-08-22,0,0,reserve,system,4687.384,52.234,50.0,4687.384,0.0,20.912741
2019-08-22,1,0,reserve,system,4496.266,0.0,0.0,4496.266,0.0,0.294937
2019-08-22,2,0,reserve,system,4377.274,0.0,0.0,4377.274,0.0,9.57998
2019-08-22,3,0,reserve,system,4347.019,0.0,0.0,4347.019,0.0,10.734938
2019-08-22,4,0,reserve,system,4462.843,0.0,0.0,4462.843,0.0,0.0
2019-08-22,5,0,reserve,system,4676.85,0.0,0.0,4676.85,0.0,15.063439
2019-08-22,6,0,reserve,system,4718.948,0.0,0.0,4718.948,0.0,6.824881
2019-08-22,7,0,reserve,system,4924.702,0.0,0.0,4924.702,0.0,14.278053
2019-08-22,8,0,reserve,system,5277.204,0.0,37.788085,5277.204,0.0,13.778624
2019-08-22,9,0,reserve,system,5660.404,0.0,0.0,5660.404,0.0,12.351785
2019-08-22,10,0,reserve,system,6016.73,0.0,0.0,6016.73,0.0,10.967764
2019-08-22,11,0,reserve,system,6349.998,0.0,0.0,6349.998,0.0,10.491208
2019-08-22,12,0,reserve,system,6676.518,0.0,0.0,6676.518,0.0,23.372367
2019-08-22,13,0,reserve,system,6915.795,0.0,0.0,6915.795,1661.947652,50.0
2019-08-22,14,0,reserve,system,7054.941,0.0,0.0,7054.941,2876.109055,50.0
2019-08-22,15,0,reserve,system,7118.583,0.0,0.0,7118.583,3800.208506,50.0
2019-08-22,16,0,reserve,system,7068.736,0.0,0.0,7068.736,3544.925282,50.0
2019-08-22,17,0,reserve,system,6886.195,0.0,0.0,6886.195,1612.839471,50.0
2019-08-22,18,0,reserve,system,6616.716,0.0,0.0,6616.716,0.0,32.57482
2019-08-22,19,0,reserve,system,6419.991,0.0,0.0,6419.991,0.0,13.657374
2019-08-22,20,0,reserve,system,6133.31,0.0,0.0,6133.31,0.0,14.150669
2019-08-22,21,0,reserve,system,5710.771,0.0,0.0,5710.771,0.0,13.76516
2019-08-22,22,0,reserve,system,5280.142,0.0,0.0,5280.142,0.0,10.090408
2019-08-22,23,0,reserve,system,4939.521,0.0,0.0,4939.521,0.0,11.236043
2019-08-23,0,0,reserve,system,4697.544,0.0,0.0,4697.544,0.0,14.62915
2019-08-23,1,0,reserve,system,4523.455,0.0,0.0,4523.455,0.0,5.891391
2019-08-23,2,0,reserve,system,4406.754,0.0,0.0,4406.754,0.0,9.058698
2019-08-23,3,0,reserve,system,4384.636,0.0,0.0,4384.636,0.0,0.0
2019-08-23,4,0,reserve,system,4492.68,0.0,0.0,4492.68,0.0,0.388207
2019-08-23,5,0,reserve,system,4699.612,0.0,0.0,4699.612,0.0,12.022706
2019-08-23,6,0,reserve,system,4737.487,0.0,0.0,4737.487,0.0,9.013184
2019-08-23,7,0,reserve,system,4930.991,0.0,0.0,4930.991,0.0,10.744293
2019-08-23,8,0,reserve,system,5261.321,0.0,0.0,5261.321,0.0,14.268038
2019-08-23,9,0,reserve,system,5622.182,0.0,0.0,5622.182,0.0,10.800934
2019-08-23,10,0,reserve,system,5974.38,0.0,0.0,5974.38,0.0,10.838256
2019-08-23,11,0,reserve,system,6262.532,0.0,17.898386,6262.532,0.0,12.069021
2019-08-23,12,0,reserve,system,6467.956,0.0,6.409999,6467.956,0.0,16.959033
2019-08-23,13,0,reserve,system,6566.698,0.0,8.870952,6566.698,83.475604,50.0
2019-08-23,14,0,reserve,system,6597.967,0.0,0.0,6597.967,378.638083,50.0
2019-08-23,15,0,reserve,system,6566.825,0.0,0.0,6566.825,0.0,18.296504
2019-08-23,16,0,reserve,system,6399.608,0.0,0.0,6399.608,0.0,14.226852
2019-08-23,17,0,reserve,system,6157.663,0.0,0.0,6157.663,0.0,13.39479
2019-08-23,18,0,reserve,system,5900.761,0.0,0.0,5900.761,0.0,13.931295
2019-08-23,19,0,reserve,system,5774.081,0.0,0.0,5774.081,0.0,12.728208
2019-08-23,20,0,reserve,system,5568.794,0.0,0.0,5568.794,0.0,14.940569
2019-08-23,21,0,reserve,system,5256.439,0.0,0.0,5256.439,0.0,8.093534
2019-08-23,22,0,reserve,system,4935.798,0.0,0.0,4935.798,0.0,15.172408
2019-08-23,23,0,reserve,system,4636.932,0.0,0.0,4636.932,0.0,0.0
2019-08-24,0,0,reserve,system,4412.263,0.0,0.0,4412.263,0.0,14.404625
2019-08-24,1,0,reserve,system,4245.184,0.0,0.0,4245.184,0.0,5.427126
2019-08-24,2,0,reserve,system,4124.38,0.0,0.0,4124.38,0.0,9.43961
2019-08-24,3,0,reserve,system,4074.035,0.0,0.0,4074.035,0.0,0.0
2019-08-24,4,0,reserve,system,4084.231,0.0,0.0,4084.231,0.0,0.0
2019-08-24,5,0,reserve,system,4142.651,0.0,0.0,4142.651,0.0,12.202503
2019-08-24,6,0,reserve,system,4199.043,0.0,0.0,4199.043,0.0,7.363162
2019-08-24,7,0,reserve,system,4436.56,0.0,0.0,4436.56,0.0,10.46044
2019-08-24,8,0,reserve,system,4759.768,0.0,0.0,4759.768,0.0,7.422191
2019-08-24,9,0,reserve,system,5138.738,0.0,0.0,5138.738,0.0,15.656924
2019-08-24,10,0,reserve,system,5528.192,0.0,0.0,5528.192,0.0,9.22589
2019-08-24,11,0,reserve,system,5852.18,0.0,0.0,5852.18,0.0,12.927594
2019-08-24,12,0,reserve,system,6133.8,0.0,0.0,6133.8,0.0,13.135951
2019-08-24,13,0,reserve,system,6356.243,0.0,9.779054,6356.243,409.208463,50.0
2019-08-24,14,0,reserve,system,6468.928,0.0,0.0,6468.928,818.911161,50.0
2019-08-24,15,0,reserve,system,6458.698,0.0,0.0,6458.698,0.0,23.525594
2019-08-24,16,0,reserve,system,6325.89,0.0,0.0,6325.89,0.0,10.922184
2019-08-24,17,0,reserve,system,6102.824,0.0,0.0,6102.824,0.0,19.142844
2019-08-24,18,0,reserve,system,5853.148,0.0,0.0,5853.148,0.0,0.0
2019-08-24,19,0,reserve,system,5729.026,0.0,0.0,5729.026,0.0,21.596436
2019-08-24,20,0,reserve,system,5504.184,0.0,0.0,5504.184,0.0,11.230452
2019-08-24,21,0,reserve,system,5206.178,0.0,0.0,5206.178,0.0,9.352417
2019-08-24,22,0,reserve,system,4903.721,0.0,0.0,4903.721,0.0,9.343142
2019-08-24,23,0,reserve,system,4630.049,0.0,0.0,4630.049,0.0,9.897712
2019-08-25,0,0,reserve,system,4410.037,0.0,14.270021,4410.037,0.0,16.452538
2019-08-25,1,0,reserve,system,4245.34,0.0,0.0,4245.34,0.0,7.787653
2019-08-25,2,0,reserve,system,4127.01,0.0,0.0,4127.01,0.0,13.538403
2019-08-25,3,0,reserve,system,4056.236,0.0,0.0,4056.236,0.0,0.0
2019-08-25,4,0,reserve,system,4038.057,0.0,0.0,4038.057,0.0,3.087007
2019-08-25,5,0,reserve,system,4057.302,0.0,0.0,4057.302,0.0,15.864554
2019-08-25,6,0,reserve,system,4086.857,0.0,0.0,4086.857,0.0,0.0
2019-08-25,7,0,reserve,system,4337.157,0.0,0.0,4337.157,0.0,13.5445
2019-08-25,8,0,reserve,system,4729.218,0.0,0.0,4729.218,0.0,8.397497
2019-08-25,9,0,reserve,system,5172.925,0.0,0.0,5172.925,0.0,13.206648
2019-08-25,10,0,reserve,system,5613.033,0.0,0.0,5613.033,0.0,3.832758
2019-08-25,11,0,reserve,system,5970.745,145.590091,50.0,5970.745,0.0,12.226715
2019-08-25,12,0,reserve,system,6164.081,0.0,14.54871,6164.081,0.0,11.069699
2019-08-25,13,0,reserve,system,6315.262,0.0,0.0,6315.262,0.0,13.953505
2019-08-25,14,0,reserve,system,6442.383,0.0,0.0,6442.383,0.0,11.976735
2019-08-25,15,0,reserve,system,6542.339,0.0,0.0,6542.339,0.0,13.500006
2019-08-25,16,0,reserve,system,6569.708,0.0,0.0,6569.708,0.0,36.737596
2019-08-25,17,0,reserve,system,6508.072,0.0,0.0,6508.072,0.0,10.352902
2019-08-25,18,0,reserve,system,6328.205,0.0,0.0,6328.205,0.0,0.0
2019-08-25,19,0,reserve,system,6214.474,0.0,0.0,6214.474,0.0,31.275143
2019-08-25,20,0,reserve,system,5974.249,0.0,0.0,5974.249,0.0,14.819694
2019-08-25,21,0,reserve,system,5598.69,0.0,0.0,5598.69,0.0,11.685827
2019-08-25,22,0,reserve,system,5201.065,0.0,0.0,5201.065,0.0,7.588778
2019-08-25,23,0,reserve,system,4888.056,0.0,0.0,4888.056,0.0,9.185767
2019-08-26,0,0,reserve,system,4677.529,0.0,0.0,4677.529,0.0,13.136108
2019-08-26,1,0,reserve,system,4541.167,0.0,0.0,4541.167,0.0,0.10522
2019-08-26,2,0,reserve,system,4467.643,0.0,0.0,4467.643,0.0,1.128458
2019-08-26,3,0,reserve,system,4473.231,0.0,0.0,4473.231,0.0,7.72548
2019-08-26,4,0,reserve,system,4616.955,0.0,0.0,4616.955,0.0,6.483869
2019-08-26,5,0,reserve,system,4873.104,0.0,2.588458,4873.104,0.0,9.125454
2019-08-26,6,0,reserve,system,4907.207,0.0,0.0,4907.207,0.0,5.772776
2019-08-26,7,0,reserve,system,5079.872,0.0,0.0,5079.872,0.0,12.553782
2019-08-26,8,0,reserve,system,5434.512,0.0,7.764499,5434.512,0.0,7.341406
2019-08-26,9,0,reserve,system,5860.557,0.0,0.0,5860.557,0.0,11.815621
2019-08-26,10,0,reserve,system,6291.282,0.0,0.0,6291.282,0.0,11.358379
2019-08-26,11,0,reserve,system,6678.069,0.0,0.0,6678.069,0.0,12.700372
2019-08-26,12,0,reserve,system,7025.784,0.0,0.0,7025.784,0.0,11.819905
2019-08-26,13,0,reserve,system,7292.785,0.0,0.0,7292.785,929.184448,50.0
2019-08-26,14,0,reserve,system,7394.648,0.0,0.0,7394.648,1809.303654,50.0
2019-08-26,15,0,reserve,system,7443.315,0.0,8.034666,7443.315,2513.408664,50.0
2019-08-26,16,0,reserve,system,7426.372,0.0,0.0,7426.372,3013.299656,50.0
2019-08-26,17,0,reserve,system,7321.314,0.0,0.0,7321.314,2455.132098,50.0
2019-08-26,18,0,reserve,system,7076.037,0.0,0.0,7076.037,982.255098,50.0
2019-08-26,19,0,reserve,system,6905.138,0.0,0.0,6905.138,89.496098,50.0
2019-08-26,20,0,reserve,system,6594.249,0.0,0.0,6594.249,0.0,12.435047
2019-08-26,21,0,reserve,system,6143.264,0.0,0.0,6143.264,0.0,10.490786
2019-08-26,22,0,reserve,system,5706.637,0.0,0.0,5706.637,0.0,9.655216
2019-08-26,23,0,reserve,system,5347.335,0.0,0.0,5347.335,0.0,12.014313
2019-08-27,0,0,reserve,system,5091.778,0.0,0.0,5091.778,0.0,11.779465
2019-08-27,1,0,reserve,system,4898.882,0.0,0.0,4898.882,0.0,6.424712
2019-08-27,2,0,reserve,system,4768.617,0.0,0.0,4768.617,0.0,2.502598
2019-08-27,3,0,reserve,system,4731.17,0.0,0.0,4731.17,0.0,0.0
2019-08-27,4,0,reserve,system,4823.919,0.0,0.0,4823.919,0.0,9.892443
2019-08-27,5,0,reserve,system,4980.5,0.0,0.0,4980.5,0.0,13.089287
2019-08-27,6,0,reserve,system,4956.879,0.0,2.824651,4956.879,0.0,4.611801
2019-08-27,7,0,reserve,system,5001.834,0.0,0.0,5001.834,0.0,12.610097
2019-08-27,8,0,reserve,system,5179.645,0.0,50.0,5179.645,0.0,9.388857
2019-08-27,9,0,reserve,system,5407.419,0.0,0.0,5407.419,0.0,10.871681
2019-08-27,10,0,reserve,system,5597.225,0.0,0.0,5597.225,0.0,13.095732
2019-08-27,11,0,reserve,system,5806.059,0.0,0.0,5806.059,0.0,20.578052
2019-08-27,12,0,reserve,system,6018.952,0.0,0.0,6018.952,0.0,16.79761
2019-08-27,13,0,reserve,system,6114.709,0.0,0.0,6114.709,0.0,8.114529
2019-08-27,14,0,reserve,system,6107.523,0.0,0.0,6107.523,0.0,14.827598
2019-08-27,15,0,reserve,system,6112.597,0.0,0.0,6112.597,0.0,16.669507
2019-08-27,16,0,reserve,system,6076.918,0.0,0.0,6076.918,0.0,10.29137
2019-08-27,17,0,reserve,system,5945.823,0.0,0.0,5945.823,0.0,4.005824
2019-08-27,18,0,reserve,system,5801.12,0.0,0.0,5801.12,0.0,4.207089
2019-08-27,19,0,reserve,system,5740.416,0.0,0.0,5740.416,0.0,27.507623
2019-08-27,20,0,reserve,system,5515.29,0.0,0.0,5515.29,0.0,13.822084
2019-08-27,21,0,reserve,system,5137.59,0.0,0.0,5137.59,0.0,14.15147
2019-08-27,22,0,reserve,system,4774.651,0.0,0.0,4774.651,0.0,0.0
2019-08-27,23,0,reserve,system,4484.354,0.0,0.0,4484.354,0.0,0.0
2019-08-28,0,0,reserve,system,4281.719,0.0,0.0,4281.719,0.0,12.20565
2019-08-28,1,0,reserve,system,4129.193,0.0,0.0,4129.193,0.0,5.553125
2019-08-28,2,0,reserve,system,4058.775,0.0,0.0,4058.775,0.0,8.101973
2019-08-28,3,0,reserve,system,4058.032,0.0,0.0,4058.032,0.0,0.0
2019-08-28,4,0,reserve,system,4213.525,0.0,0.0,4213.525,0.0,0.0
2019-08-28,5,0,reserve,system,4486.083,0.0,0.0,4486.083,0.0,12.2621
2019-08-28,6,0,reserve,system,4554.729,0.0,0.0,4554.729,0.0,8.003323
2019-08-28,7,0,reserve,system,4724.106,0.0,0.0,4724.106,0.0,12.370235
2019-08-28,8,0,reserve,system,5001.986,0.0,0.0,5001.986,0.0,14.744007
2019-08-28,9,0,reserve,system,5354.577,0.0,0.0,5354.577,0.0,13.864982
2019-08-28,10,0,reserve,system,5699.533,0.0,0.0,5699.533,0.0,11.253858
2019-08-28,11,0,reserve,system,6018.805,0.0,0.0,6018.805,0.0,12.646036
2019-08-28,12,0,reserve,system,6300.468,0.0,0.0,6300.468,0.0,12.025552
2019-08-28,13,0,reserve,system,6525.982,0.0,0.0,6525.982,0.0,26.410293
2019-08-28,14,0,reserve,system,6661.84,0.0,6.230758,6661.84,386.14786,50.0
2019-08-28,15,0,reserve,system,6718.057,0.0,0.0,6718.057,2395.219821,50.0
2019-08-28,16,0,reserve,system,6616.001,0.0,0.0,6616.001,888.705954,50.0
2019-08-28,17,0,reserve,system,6390.992,0.0,0.0,6390.992,0.0,28.978794
2019-08-28,18,0,reserve,system,6149.917,0.0,0.0,6149.917,0.0,0.0
2019-08-28,19,0,reserve,system,6011.357,0.0,32.19584,6011.357,0.0,23.278639
2019-08-28,20,0,reserve,system,5718.776,0.0,0.0,5718.776,0.0,15.9042
2019-08-28,21,0,reserve,system,5293.945,0.0,0.0,5293.945,0.0,10.003954
2019-08-28,22,0,reserve,system,4890.307,0.0,0.0,4890.307,0.0,8.692859
2019-08-28,23,0,reserve,system,4566.359,0.0,0.0,4566.359,0.0,11.31322
2019-08-29,0,0,reserve,system,4342.113,0.0,0.0,4342.113,0.0,21.807162
2019-08-29,1,0,reserve,system,4190.811,0.0,0.0,4190.811,0.0,7.561141
2019-08-29,2,0,reserve,system,4100.092,0.0,0.0,4100.092,0.0,9.437417
2019-08-29,3,0,reserve,system,4102.044,0.0,0.0,4102.044,0.0,0.0
2019-08-29,4,0,reserve,system,4236.584,0.0,0.0,4236.584,0.0,0.0
2019-08-29,5,0,reserve,system,4485.038,0.0,0.0,4485.038,0.0,19.198693
2019-08-29,6,0,reserve,system,4544.18,0.0,0.0,4544.18,0.0,0.0
2019-08-29,7,0,reserve,system,4712.755,0.0,0.0,4712.755,0.0,13.716681
2019-08-29,8,0,reserve,system,5052.232,0.0,0.0,5052.232,0.0,7.919815
2019-08-29,9,0,reserve,system,5476.716,0.0,0.0,5476.716,0.0,10.569548
2019-08-29,10,0,reserve,system,5888.218,0.0,0.0,5888.218,0.0,12.252865
2019-08-29,11,0,reserve,system,6270.972,0.0,0.0,6270.972,0.0,11.857833
2019-08-29,12,0,reserve,system,6611.1,0.0,0.0,6611.1,0.0,16.606939
2019-08-29,13,0,reserve,system,6877.273,0.0,0.0,6877.273,0.0,23.686529
2019-08-29,14,0,reserve,system,7045.073,0.0,0.0,7045.073,734.96254,50.0
2019-08-29,15,0,reserve,system,7107.161,0.0,0.0,7107.161,1398.550851,50.0
2019-08-29,16,0,reserve,system,7049.445,0.0,0.0,7049.445,904.906804,50.0
2019-08-29,17,0,reserve,system,6869.766,0.0,0.0,6869.766,0.0,29.892161
2019-08-29,18,0,reserve,system,6584.554,0.0,0.0,6584.554,0.0,9.137362
2019-08-29,19,0,reserve,system,6410.635,0.0,0.0,6410.635,0.0,27.11223
2019-08-29,20,0,reserve,system,6109.977,0.0,0.0,6109.977,0.0,15.478903
2019-08-29,21,0,reserve,system,5679.079,0.0,0.0,5679.079,0.0,9.113153
2019-08-29,22,0,reserve,system,5262.192,0.0,0.0,5262.192,0.0,7.639089
2019-08-29,23,0,reserve,system,4907.765,0.0,0.0,4907.765,0.0,15.094661
2019-08-30,0,0,reserve,system,4643.746,0.0,0.0,4643.746,0.0,19.30058
2019-08-30,1,0,reserve,system,4448.649,0.0,0.0,4448.649,0.0,3.342857
2019-08-30,2,0,reserve,system,4321.696,0.0,0.0,4321.696,0.0,11.576936
2019-08-30,3,0,reserve,system,4291.728,0.0,0.0,4291.728,0.0,0.0
2019-08-30,4,0,reserve,system,4412.875,0.0,0.0,4412.875,0.0,0.0
2019-08-30,5,0,reserve,system,4636.59,0.0,21.373984,4636.59,0.0,15.052715
2019-08-30,6,0,reserve,system,4670.427,0.0,0.0,4670.427,0.0,6.656223
2019-08-30,7,0,reserve,system,4834.343,0.0,18.4436,4834.343,0.0,10.739324
2019-08-30,8,0,reserve,system,5155.826,0.0,0.0,5155.826,0.0,12.769066
2019-08-30,9,0,reserve,system,5532.526,0.0,0.0,5532.526,0.0,20.103929
2019-08-30,10,0,reserve,system,5903.189,0.0,0.0,5903.189,0.0,3.121634
2019-08-30,11,0,reserve,system,6221.503,0.0,0.0,6221.503,0.0,14.887962
2019-08-30,12,0,reserve,system,6486.134,0.0,0.0,6486.134,900.330986,50.0
2019-08-30,13,0,reserve,system,6463.242,0.0,0.0,6463.242,1013.071388,50.0
2019-08-30,14,0,reserve,system,6375.735,0.0,0.0,6375.735,0.0,24.870805
2019-08-30,15,0,reserve,system,6270.539,0.0,0.0,6270.539,0.0,22.704661
2019-08-30,16,0,reserve,system,6116.232,0.0,0.0,6116.232,0.0,9.3152
2019-08-30,17,0,reserve,system,5879.842,0.0,0.0,5879.842,0.0,18.37345
2019-08-30,18,0,reserve,system,5618.407,0.0,0.0,5618.407,0.0,0.0
2019-08-30,19,0,reserve,system,5503.421,0.0,27.461015,5503.421,0.0,21.326569
2019-08-30,20,0,reserve,system,5292.892,0.0,0.0,5292.892,0.0,14.463764
2019-08-30,21,0,reserve,system,5007.902,0.0,0.0,5007.902,0.0,7.58041
2019-08-30,22,0,reserve,system,4700.313,0.0,0.0,4700.313,0.0,13.765382
2019-08-30,23,0,reserve,system,4414.452,0.0,0.0,4414.452,0.0,0.0
2019-08-31,0,0,reserve,system,4182.247,0.0,0.0,4182.247,0.0,11.596042
2019-08-31,1,0,reserve,system,4011.094,0.0,0.0,4011.094,0.0,4.665451
2019-08-31,2,0,reserve,system,3892.963,0.0,0.0,3892.963,0.0,8.111694
2019-08-31,3,0,reserve,system,3828.834,0.0,0.0,3828.834,0.0,0.0
2019-08-31,4,0,reserve,system,3827.554,0.0,38.09278,3827.554,0.0,0.0
2019-08-31,5,0,reserve,system,3878.305,0.0,0.0,3878.305,0.0,9.835109
2019-08-31,6,0,reserve,system,3925.923,0.0,0.0,3925.923,0.0,6.127166
2019-08-31,7,0,reserve,system,4164.441,0.0,0.0,4164.441,0.0,10.821698
2019-08-31,8,0,reserve,system,4506.313,0.0,0.0,4506.313,0.0,8.718424
2019-08-31,9,0,reserve,system,4848.029,0.0,0.0,4848.029,0.0,8.648876
2019-08-31,10,0,reserve,system,5173.089,0.0,0.0,5173.089,0.0,13.429111
2019-08-31,11,0,reserve,system,5455.18,0.0,0.0,5455.18,0.0,10.052556
2019-08-31,12,0,reserve,system,5688.627,0.0,0.0,5688.627,0.0,12.213206
2019-08-31,13,0,reserve,system,5863.85,0.0,0.0,5863.85,0.0,12.731545
2019-08-31,14,0,reserve,system,5970.07,0.0,20.596149,5970.07,0.0,27.066356
2019-08-31,15,0,reserve,system,6018.591,0.0,0.0,6018.591,0.0,14.570253
2019-08-31,16,0,reserve,system,5987.776,0.0,0.0,5987.776,0.0,12.148867
2019-08-31,17,0,reserve,system,5853.306,0.0,0.0,5853.306,0.0,17.858581
2019-08-31,18,0,reserve,system,5611.112,0.0,0.0,5611.112,0.0,0.0
2019-08-31,19,0,reserve,system,5461.761,0.0,0.0,5461.761,0.0,20.732484
2019-08-31,20,0,reserve,system,5226.549,0.0,0.0,5226.549,0.0,6.808983
2019-08-31,21,0,reserve,system,4916.842,0.0,0.0,4916.842,0.0,9.362703
2019-08-31,22,0,reserve,system,4619.025,0.0,0.0,4619.025,0.0,9.447809
2019-08-31,23,0,reserve,system,4326.968,0.0,0.0,4326.968,0.0,9.654976
2019-09-01,0,0,reserve,system,4111.928,0.0,0.0,4111.928,0.0,16.411779
2019-09-01,1,0,reserve,system,3942.367,0.0,0.0,3942.367,0.0,0.0
2019-09-01,2,0,reserve,system,3820.243,0.0,0.0,3820.243,0.0,0.0
2019-09-01,3,0,reserve,system,3749.705,0.0,0.0,3749.705,0.0,9.434266
2019-09-01,4,0,reserve,system,3723.115,0.0,0.0,3723.115,0.0,5.54567
2019-09-01,5,0,reserve,system,3734.173,0.0,0.0,3734.173,0.0,14.862839
2019-09-01,6,0,reserve,system,3745.231,0.0,0.0,3745.231,0.0,0.0
2019-09-01,7,0,reserve,system,4022.016,0.0,0.0,4022.016,0.0,13.223583
2019-09-01,8,0,reserve,system,4458.135,0.0,0.0,4458.135,0.0,7.55352
2019-09-01,9,0,reserve,system,4919.781,0.0,0.0,4919.781,0.0,11.40183
2019-09-01,10,0,reserve,system,5334.901,0.0,0.0,5334.901,0.0,15.041864
2019-09-01,11,0,reserve,system,5694.444,0.0,0.0,5694.444,0.0,12.728362
2019-09-01,12,0,reserve,system,5991.796,0.0,0.0,5991.796,0.0,13.341177
2019-09-01,13,0,reserve,system,6222.652,0.0,0.0,6222.652,0.0,20.918397
2019-09-01,14,0,reserve,system,6358.572,0.0,0.0,6358.572,909.590257,50.0
2019-09-01,15,0,reserve,system,6424.581,0.0,0.0,6424.581,871.838388,50.0
2019-09-01,16,0,reserve,system,6391.037,0.0,0.0,6391.037,0.0,23.196595
2019-09-01,17,0,reserve,system,6211.814,0.0,0.0,6211.814,0.0,13.311849
2019-09-01,18,0,reserve,system,5926.88,0.0,0.0,5926.88,0.0,13.819181
2019-09-01,19,0,reserve,system,5733.174,0.0,0.0,5733.174,0.0,10.920824
2019-09-01,20,0,reserve,system,5446.324,0.0,0.0,5446.324,0.0,13.954108
2019-09-01,21,0,reserve,system,5112.953,0.0,0.0,5112.953,0.0,8.274566
2019-09-01,22,0,reserve,system,4772.04,0.0,0.0,4772.04,0.0,9.126913
2019-09-01,23,0,reserve,system,4465.99,0.0,0.0,4465.99,0.0,9.692763
2019-09-02,0,0,reserve,system,4229.045,0.0,0.0,4229.045,0.0,16.065313
2019-09-02,1,0,reserve,system,4055.33,0.0,0.0,4055.33,0.0,6.223609
2019-09-02,2,0,reserve,system,3934.8,0.0,0.0,3934.8,0.0,9.281192
2019-09-02,3,0,reserve,system,3880.255,0.0,0.0,3880.255,0.0,0.0
2019-09-02,4,0,reserve,system,3880.434,0.0,0.0,3880.434,0.0,0.0
2019-09-02,5,0,reserve,system,3898.193,0.0,0.0,3898.193,0.0,14.658253
2019-09-02,6,0,reserve,system,3880.362,0.0,0.0,3880.362,0.0,0.0
2019-09-02,7,0,reserve,system,4129.481,0.0,0.0,4129.481,0.0,11.920802
2019-09-02,8,0,reserve,system,4571.411,0.0,0.0,4571.411,0.0,8.341976
2019-09-02,9,0,reserve,system,5084.486,0.0,0.0,5084.486,0.0,11.783768
2019-09-02,10,0,reserve,system,5551.177,0.0,0.0,5551.177,0.0,14.806639
2019-09-02,11,0,reserve,system,5945.51,0.0,0.0,5945.51,0.0,13.092485
2019-09-02,12,0,reserve,system,6226.947,0.0,0.0,6226.947,0.0,13.503323
2019-09-02,13,0,reserve,system,6439.855,0.0,0.0,6439.855,0.0,17.233035
2019-09-02,14,0,reserve,system,6585.225,0.0,0.0,6585.225,0.0,27.079626
2019-09-02,15,0,reserve,system,6665.387,0.0,0.0,6665.387,183.716004,50.0
2019-09-02,16,0,reserve,system,6639.727,0.0,0.0,6639.727,0.0,28.504195
2019-09-02,17,0,reserve,system,6469.003,0.0,0.0,6469.003,0.0,13.037266
2019-09-02,18,0,reserve,system,6205.001,0.0,0.0,6205.001,0.0,8.413518
2019-09-02,19,0,reserve,system,6021.236,0.0,0.0,6021.236,0.0,15.958365
2019-09-02,20,0,reserve,system,5684.355,0.0,0.0,5684.355,0.0,11.698044
2019-09-02,21,0,reserve,system,5232.791,0.0,0.0,5232.791,0.0,14.817275
2019-09-02,22,0,reserve,system,4794.328,0.0,0.0,4794.328,0.0,11.132354
2019-09-02,23,0,reserve,system,4446.252,0.0,0.0,4446.252,0.0,8.867536
2019-09-03,0,0,reserve,system,4204.357,0.0,0.0,4204.357,0.0,14.007325
2019-09-03,1,0,reserve,system,4044.156,0.0,0.0,4044.156,0.0,8.624951
2019-09-03,2,0,reserve,system,3950.026,0.0,0.0,3950.026,0.0,0.0
2019-09-03,3,0,reserve,system,3944.127,0.0,0.0,3944.127,0.0,0.0
2019-09-03,4,0,reserve,system,4081.252,0.0,0.0,4081.252,0.0,9.329328
2019-09-03,5,0,reserve,system,4332.677,0.0,0.0,4332.677,0.0,9.681273
2019-09-03,6,0,reserve,system,4392.788,0.0,0.0,4392.788,0.0,7.695366
2019-09-03,7,0,reserve,system,4581.318,0.0,0.0,4581.318,0.0,10.272215
2019-09-03,8,0,reserve,system,4935.574,0.0,0.0,4935.574,0.0,8.750009
2019-09-03,9,0,reserve,system,5371.489,0.0,0.0,5371.489,0.0,14.947681
2019-09-03,10,0,reserve,system,5771.609,0.0,0.0,5771.609,0.0,8.828204
2019-09-03,11,0,reserve,system,6120.994,0.0,31.421026,6120.994,0.0,12.535642
2019-09-03,12,0,reserve,system,6455.541,0.0,0.0,6455.541,0.0,12.420536
2019-09-03,13,0,reserve,system,6684.158,0.0,0.0,6684.158,797.220535,50.0
2019-09-03,14,0,reserve,system,6796.054,0.0,0.0,6796.054,1283.08563,50.0
2019-09-03,15,0,reserve,system,6857.949,0.0,0.0,6857.949,948.826879,50.0
2019-09-03,16,0,reserve,system,6810.08,0.0,0.0,6810.08,0.0,34.58177
2019-09-03,17,0,reserve,system,6626.383,0.0,0.0,6626.383,0.0,10.856596
2019-09-03,18,0,reserve,system,6373.881,0.0,0.0,6373.881,0.0,11.949169
2019-09-03,19,0,reserve,system,6198.58,0.0,0.0,6198.58,0.0,13.420393
2019-09-03,20,0,reserve,system,5852.901,0.0,0.0,5852.901,0.0,13.037802
2019-09-03,21,0,reserve,system,5400.203,0.0,0.0,5400.203,0.0,8.278001
2019-09-03,22,0,reserve,system,4963.925,0.0,0.0,4963.925,0.0,9.403376
2019-09-03,23,0,reserve,system,4618.11,0.0,0.0,4618.11,0.0,11.275294
2019-09-04,0,0,reserve,system,4370.235,0.0,0.0,4370.235,0.0,16.145726
2019-09-04,1,0,reserve,system,4198.312,0.0,0.0,4198.312,0.0,9.506893
2019-09-04,2,0,reserve,system,4097.744,0.0,0.0,4097.744,0.0,0.0
2019-09-04,3,0,reserve,system,4079.319,0.0,0.0,4079.319,0.0,0.0
2019-09-04,4,0,reserve,system,4218.968,0.0,27.783434,4218.968,0.0,9.619006
2019-09-04,5,0,reserve,system,4445.845,0.0,26.224832,4445.845,0.0,11.069036
2019-09-04,6,0,reserve,system,4510.598,0.0,0.0,4510.598,0.0,9.919378
2019-09-04,7,0,reserve,system,4698.308,0.0,0.0,4698.308,0.0,8.223407
2019-09-04,8,0,reserve,system,5073.731,0.0,0.0,5073.731,0.0,8.93731
2019-09-04,9,0,reserve,system,5503.653,0.0,0.0,5503.653,0.0,12.606106
2019-09-04,10,0,reserve,system,5892.475,0.0,0.0,5892.475,0.0,13.682446
2019-09-04,11,0,reserve,system,6206.06,0.0,0.0,6206.06,0.0,12.453464
2019-09-04,12,0,reserve,system,6490.821,0.0,0.0,6490.821,0.0,12.931531
2019-09-04,13,0,reserve,system,6680.239,0.0,0.0,6680.239,0.0,7.392877
2019-09-04,14,0,reserve,system,6791.851,0.0,0.0,6791.851,0.0,44.468772
2019-09-04,15,0,reserve,system,6853.799,0.0,0.0,6853.799,198.776195,50.0
2019-09-04,16,0,reserve,system,6815.769,0.0,0.0,6815.769,0.0,29.97006
2019-09-04,17,0,reserve,system,6627.448,0.0,0.0,6627.448,0.0,15.977668
2019-09-04,18,0,reserve,system,6374.437,0.0,0.0,6374.437,0.0,0.0
2019-09-04,19,0,reserve,system,6181.422,0.0,0.0,6181.422,0.0,20.088094
2019-09-04,20,0,reserve,system,5817.048,0.0,0.0,5817.048,0.0,14.711207
2019-09-04,21,0,reserve,system,5352.774,0.0,0.0,5352.774,0.0,7.56955
2019-09-04,22,0,reserve,system,4910.281,0.0,0.0,4910.281,0.0,8.873298
2019-09-04,23,0,reserve,system,4554.014,0.0,0.0,4554.014,0.0,10.31153
2019-09-05,0,0,reserve,system,4301.129,0.0,0.0,4301.129,0.0,15.997186
2019-09-05,1,0,reserve,system,4122.646,0.0,0.0,4122.646,0.0,9.633134
2019-09-05,2,0,reserve,system,4012.94,0.0,0.0,4012.94,0.0,0.023742
2019-09-05,3,0,reserve,system,3983.812,0.0,0.0,3983.812,0.0,0.0
2019-09-05,4,0,reserve,system,4113.01,0.0,0.0,4113.01,0.0,9.417604
2019-09-05,5,0,reserve,system,4359.473,0.0,0.0,4359.473,0.0,10.802299
2019-09-05,6,0,reserve,system,4405.297,0.0,0.0,4405.297,0.0,8.938903
2019-09-05,7,0,reserve,system,4575.942,0.0,0.0,4575.942,0.0,9.468201
2019-09-05,8,0,reserve,system,4941.993,0.0,0.0,4941.993,0.0,9.439979
2019-09-05,9,0,reserve,system,5377.247,0.0,0.0,5377.247,0.0,21.03388
2019-09-05,10,0,reserve,system,5809.608,0.0,0.0,5809.608,0.0,0.0
2019-09-05,11,0,reserve,system,6159.749,0.0,0.0,6159.749,0.0,17.826719
2019-09-05,12,0,reserve,system,6455.785,0.0,0.0,6455.785,0.0,27.08351
2019-09-05,13,0,reserve,system,6661.677,0.0,0.0,6661.677,766.659038,50.0
2019-09-05,14,0,reserve,system,6755.382,0.0,0.0,6755.382,1367.145301,50.0
2019-09-05,15,0,reserve,system,6810.067,0.0,0.0,6810.067,1797.810037,50.0
2019-09-05,16,0,reserve,system,6779.31,0.0,0.0,6779.31,1810.650157,50.0
2019-09-05,17,0,reserve,system,6623.006,0.0,0.0,6623.006,847.703913,50.0
2019-09-05,18,0,reserve,system,6369.086,0.0,0.0,6369.086,0.0,27.512344
2019-09-05,19,0,reserve,system,6169.1,0.0,0.0,6169.1,0.0,16.169185
2019-09-05,20,0,reserve,system,5831.118,0.0,0.0,5831.118,0.0,12.904326
2019-09-05,21,0,reserve,system,5386.67,0.0,0.0,5386.67,0.0,15.174978
2019-09-05,22,0,reserve,system,4945.746,0.0,0.0,4945.746,0.0,10.057218
2019-09-05,23,0,reserve,system,4598.139,0.0,0.0,4598.139,0.0,8.740994
2019-09-06,0,0,reserve,system,4341.18,0.0,0.0,4341.18,0.0,13.463072
2019-09-06,1,0,reserve,system,4157.873,0.0,0.0,4157.873,0.0,11.191585
2019-09-06,2,0,reserve,system,4048.918,0.0,0.0,4048.918,0.0,0.0
2019-09-06,3,0,reserve,system,4031.675,0.0,0.0,4031.675,0.0,0.0
2019-09-06,4,0,reserve,system,4156.059,0.0,24.920963,4156.059,0.0,10.908656
2019-09-06,5,0,reserve,system,4387.695,0.0,0.0,4387.695,0.0,13.581713
2019-09-06,6,0,reserve,system,4441.614,0.0,0.0,4441.614,0.0,0.0
2019-09-06,7,0,reserve,system,4619.963,0.0,0.0,4619.963,0.0,13.330108
2019-09-06,8,0,reserve,system,5003.144,0.0,0.0,5003.144,0.0,14.210559
2019-09-06,9,0,reserve,system,5470.086,0.0,0.0,5470.086,0.0,11.910646
2019-09-06,10,0,reserve,system,5921.198,0.0,0.870069,5921.198,0.0,9.41826
2019-09-06,11,0,reserve,system,6285.373,0.0,0.0,6285.373,0.0,10.036713
2019-09-06,12,0,reserve,system,6602.061,0.0,0.0,6602.061,1398.51763,50.0
2019-09-06,13,0,reserve,system,6800.139,0.0,50.0,6800.139,3766.878594,50.0
2019-09-06,14,0,reserve,system,6863.319,0.0,0.0,6863.319,4061.75767,50.0
2019-09-06,15,0,reserve,system,6895.859,0.0,0.0,6895.859,3956.062646,50.0
2019-09-06,16,0,reserve,system,6864.382,0.0,0.0,6864.382,3186.743833,50.0
2019-09-06,17,0,reserve,system,6698.884,0.0,0.0,6698.884,1440.642845,50.0
2019-09-06,18,0,reserve,system,6393.873,0.0,0.0,6393.873,0.0,19.119661
2019-09-06,19,0,reserve,system,6140.276,0.0,0.0,6140.276,0.0,13.74273
2019-09-06,20,0,reserve,system,5792.861,0.0,0.0,5792.861,0.0,13.33996
2019-09-06,21,0,reserve,system,5417.746,0.0,0.0,5417.746,0.0,16.292894
2019-09-06,22,0,reserve,system,5042.187,0.0,0.0,5042.187,0.0,8.861652
2019-09-06,23,0,reserve,system,4709.69,0.0,0.0,4709.69,0.0,10.212811
2019-09-07,0,0,reserve,system,4442.194,0.0,0.0,4442.194,0.0,16.350642
2019-09-07,1,0,reserve,system,4236.817,0.0,0.0,4236.817,0.0,5.592392
2019-09-07,2,0,reserve,system,4086.441,0.0,0.0,4086.441,0.0,9.762996
2019-09-07,3,0,reserve,system,3993.532,0.0,0.0,3993.532,0.0,0.0
2019-09-07,4,0,reserve,system,3974.958,0.0,0.0,3974.958,0.0,0.0
2019-09-07,5,0,reserve,system,4008.113,0.0,0.0,4008.113,0.0,16.575871
2019-09-07,6,0,reserve,system,4043.657,0.0,0.0,4043.657,0.0,0.0
2019-09-07,7,0,reserve,system,4314.724,0.0,0.0,4314.724,0.0,12.996037
2019-09-07,8,0,reserve,system,4756.492,0.0,0.0,4756.492,0.0,7.401462
2019-09-07,9,0,reserve,system,5241.669,0.0,0.0,5241.669,0.0,16.212709
2019-09-07,10,0,reserve,system,5705.999,0.0,0.0,5705.999,0.0,11.629442
2019-09-07,11,0,reserve,system,6104.978,0.0,0.0,6104.978,0.0,12.713183
2019-09-07,12,0,reserve,system,6428.967,0.0,0.0,6428.967,0.0,18.474336
2019-09-07,13,0,reserve,system,6661.776,0.0,0.0,6661.776,1647.022693,50.0
2019-09-07,14,0,reserve,system,6811.049,0.0,0.0,6811.049,2116.786601,50.0
2019-09-07,15,0,reserve,system,6860.946,0.0,0.0,6860.946,1098.967263,50.0
2019-09-07,16,0,reserve,system,6808.542,0.0,0.0,6808.542,0.0,29.027984
2019-09-07,17,0,reserve,system,6616.021,0.0,0.0,6616.021,0.0,12.406495
2019-09-07,18,0,reserve,system,6304.918,0.0,0.0,6304.918,0.0,11.646984
2019-09-07,19,0,reserve,system,6062.678,0.0,0.0,6062.678,0.0,14.646886
2019-09-07,20,0,reserve,system,5739.518,0.0,0.0,5739.518,0.0,9.694856
2019-09-07,21,0,reserve,system,5381.677,0.0,0.0,5381.677,0.0,10.50444
2019-09-07,22,0,reserve,system,5034.522,0.0,0.0,5034.522,0.0,10.835581
2019-09-07,23,0,reserve,system,4688.469,0.0,0.0,4688.469,0.0,9.796582
2019-09-08,0,0,reserve,system,4414.161,0.0,0.0,4414.161,0.0,11.096773
2019-09-08,1,0,reserve,system,4207.374,0.0,0.0,4207.374,0.0,6.954673
2019-09-08,2,0,reserve,system,4057.118,0.0,0.0,4057.118,0.0,5.83463
2019-09-08,3,0,reserve,system,3961.483,0.0,0.0,3961.483,0.0,8.255508
2019-09-08,4,0,reserve,system,3911.327,0.0,0.0,3911.327,0.0,0.0
2019-09-08,5,0,reserve,system,3903.779,0.0,0.0,3903.779,0.0,5.72651
2019-09-08,6,0,reserve,system,3907.891,0.0,0.0,3907.891,0.0,0.0
2019-09-08,7,0,reserve,system,4157.076,0.0,0.0,4157.076,0.0,9.787076
2019-09-08,8,0,reserve,system,4581.471,0.0,13.710163,4581.471,0.0,7.674243
2019-09-08,9,0,reserve,system,5047.817,0.0,22.91607,5047.817,0.0,8.729944
2019-09-08,10,0,reserve,system,5478.741,0.0,0.0,5478.741,0.0,10.515925
2019-09-08,11,0,reserve,system,5889.626,0.0,0.0,5889.626,0.0,10.799606
2019-09-08,12,0,reserve,system,6257.911,0.0,0.0,6257.911,0.0,10.570848
2019-09-08,13,0,reserve,system,6511.938,0.0,0.0,6511.938,0.0,11.320582
2019-09-08,14,0,reserve,system,6690.637,0.0,0.0,6690.637,0.0,10.28039
2019-09-08,15,0,reserve,system,6773.372,0.0,5.775806,6773.372,0.0,22.492172
2019-09-08,16,0,reserve,system,6733.077,0.0,0.0,6733.077,0.0,36.682579
2019-09-08,17,0,reserve,system,6555.515,0.0,0.0,6555.515,0.0,14.23271
2019-09-08,18,0,reserve,system,6283.33,0.0,0.0,6283.33,0.0,9.83753
2019-09-08,19,0,reserve,system,6101.614,0.0,0.0,6101.614,0.0,14.450292
2019-09-08,20,0,reserve,system,5776.167,0.0,0.0,5776.167,0.0,11.746065
2019-09-08,21,0,reserve,system,5335.033,0.0,0.0,5335.033,0.0,8.393526
2019-09-08,22,0,reserve,system,4907.459,0.0,0.0,4907.459,0.0,7.16696
2019-09-08,23,0,reserve,system,4575.054,0.0,0.0,4575.054,0.0,6.757756
2019-09-09,0,0,reserve,system,4342.477,0.0,0.0,4342.477,0.0,11.320738
2019-09-09,1,0,reserve,system,4185.117,0.0,0.0,4185.117,0.0,4.742661
2019-09-09,2,0,reserve,system,4100.884,0.0,0.0,4100.884,0.0,3.975564
2019-09-09,3,0,reserve,system,4107.765,0.0,0.0,4107.765,0.0,0.0
2019-09-09,4,0,reserve,system,4239.474,0.0,0.0,4239.474,0.0,8.361737
2019-09-09,5,0,reserve,system,4489.605,0.0,0.0,4489.605,0.0,6.430169
2019-09-09,6,0,reserve,system,4528.262,0.0,0.0,4528.262,0.0,6.599581
2019-09-09,7,0,reserve,system,4645.299,0.0,0.0,4645.299,0.0,7.993083
2019-09-09,8,0,reserve,system,4941.687,0.0,0.0,4941.687,0.0,8.170865
2019-09-09,9,0,reserve,system,5337.459,0.0,0.0,5337.459,0.0,10.860066
2019-09-09,10,0,reserve,system,5722.328,0.0,0.0,5722.328,0.0,9.603431
2019-09-09,11,0,reserve,system,6075.333,0.0,0.0,6075.333,0.0,11.015636
2019-09-09,12,0,reserve,system,6390.632,0.0,0.0,6390.632,0.0,11.094061
2019-09-09,13,0,reserve,system,6605.168,0.0,0.0,6605.168,0.0,10.968465
2019-09-09,14,0,reserve,system,6726.139,0.0,0.0,6726.139,0.0,19.467562
2019-09-09,15,0,reserve,system,6769.955,0.0,0.0,6769.955,0.0,39.190613
2019-09-09,16,0,reserve,system,6658.961,0.0,0.0,6658.961,0.0,16.983185
2019-09-09,17,0,reserve,system,6454.549,0.0,0.0,6454.549,0.0,12.393285
2019-09-09,18,0,reserve,system,6208.743,0.0,0.0,6208.743,0.0,9.697341
2019-09-09,19,0,reserve,system,6050.677,0.0,0.0,6050.677,0.0,16.389641
2019-09-09,20,0,reserve,system,5730.427,0.0,0.0,5730.427,0.0,11.801998
2019-09-09,21,0,reserve,system,5301.97,0.0,0.0,5301.97,0.0,8.171882
2019-09-09,22,0,reserve,system,4887.572,0.0,0.0,4887.572,0.0,7.354893
2019-09-09,23,0,reserve,system,4568.674,0.0,0.0,4568.674,0.0,6.773967
2019-09-10,0,0,reserve,system,4339.275,0.0,0.0,4339.275,0.0,13.455653
2019-09-10,1,0,reserve,system,4177.932,0.0,0.0,4177.932,0.0,0.0
2019-09-10,2,0,reserve,system,4087.385,0.0,0.940195,4087.385,0.0,6.538757
2019-09-10,3,0,reserve,system,4082.481,0.0,0.0,4082.481,0.0,0.0
2019-09-10,4,0,reserve,system,4230.059,0.0,0.0,4230.059,0.0,9.231011
2019-09-10,5,0,reserve,system,4474.433,0.0,0.0,4474.433,0.0,6.115619
2019-09-10,6,0,reserve,system,4532.541,0.0,0.0,4532.541,0.0,6.82211
2019-09-10,7,0,reserve,system,4674.989,0.0,0.0,4674.989,0.0,6.873101
2019-09-10,8,0,reserve,system,5019.242,0.0,0.0,5019.242,0.0,10.226813
2019-09-10,9,0,reserve,system,5400.323,0.0,2.741793,5400.323,0.0,10.501158
2019-09-10,10,0,reserve,system,5745.912,0.0,0.0,5745.912,0.0,10.561726
2019-09-10,11,0,reserve,system,6056.856,0.0,0.0,6056.856,0.0,10.906204
2019-09-10,12,0,reserve,system,6291.262,0.0,0.0,6291.262,0.0,9.571437
2019-09-10,13,0,reserve,system,6408.34,0.0,0.0,6408.34,0.0,10.737865
2019-09-10,14,0,reserve,system,6482.011,0.0,0.0,6482.011,0.0,10.527089
2019-09-10,15,0,reserve,system,6509.767,0.0,0.0,6509.767,0.0,27.986849
2019-09-10,16,0,reserve,system,6356.94,0.0,0.0,6356.94,0.0,14.825235
2019-09-10,17,0,reserve,system,6098.807,0.0,0.0,6098.807,0.0,9.395854
2019-09-10,18,0,reserve,system,5858.4,0.0,0.0,5858.4,0.0,9.877745
2019-09-10,19,0,reserve,system,5746.312,0.0,0.0,5746.312,0.0,9.888372
2019-09-10,20,0,reserve,system,5465.599,0.0,0.0,5465.599,0.0,12.007605
2019-09-10,21,0,reserve,system,5067.517,0.0,0.0,5067.517,0.0,7.059894
2019-09-10,22,0,reserve,system,4685.133,0.0,0.0,4685.133,0.0,8.891754
2019-09-10,23,0,reserve,system,4381.489,0.0,0.0,4381.489,0.0,1.019737
2019-09-11,0,0,reserve,system,4174.31,0.0,0.0,4174.31,0.0,11.021689
2019-09-11,1,0,reserve,system,4037.501,0.0,0.0,4037.501,0.0,0.0
2019-09-11,2,0,reserve,system,3964.72,0.0,0.0,3964.72,0.0,1.393205
2019-09-11,3,0,reserve,system,3972.017,0.0,0.0,3972.017,0.0,3.342857
2019-09-11,4,0,reserve,system,4136.995,0.0,5.312354,4136.995,0.0,8.037412
2019-09-11,5,0,reserve,system,4404.4,0.0,2.219163,4404.4,0.0,7.113161
2019-09-11,6,0,reserve,system,4466.763,0.0,0.0,4466.763,0.0,5.825899
2019-09-11,7,0,reserve,system,4524.382,0.0,0.0,4524.382,0.0,7.607832
2019-09-11,8,0,reserve,system,4717.73,0.0,10.9821,4717.73,0.0,5.33378
2019-09-11,9,0,reserve,system,5011.935,0.0,0.0,5011.935,0.0,8.057708
2019-09-11,10,0,reserve,system,5364.655,0.0,0.0,5364.655,0.0,10.595881
2019-09-11,11,0,reserve,system,5727.225,0.0,11.844601,5727.225,0.0,10.7234
2019-09-11,12,0,reserve,system,6078.314,0.0,0.0,6078.314,0.0,9.981896
2019-09-11,13,0,reserve,system,6314.086,0.0,0.0,6314.086,0.0,10.86884
2019-09-11,14,0,reserve,system,6386.914,0.0,0.0,6386.914,0.0,21.207016
2019-09-11,15,0,reserve,system,6360.94,0.0,18.478006,6360.94,0.0,11.353626
2019-09-11,16,0,reserve,system,6237.379,0.0,0.0,6237.379,0.0,12.749738
2019-09-11,17,0,reserve,system,6002.924,0.0,0.0,6002.924,0.0,8.948084
2019-09-11,18,0,reserve,system,5770.616,0.0,0.0,5770.616,0.0,9.903466
2019-09-11,19,0,reserve,system,5651.597,0.0,0.0,5651.597,0.0,10.341704
2019-09-11,20,0,reserve,system,5365.102,0.0,0.0,5365.102,0.0,11.560683
2019-09-11,21,0,reserve,system,4967.543,0.0,0.0,4967.543,0.0,7.755423
2019-09-11,22,0,reserve,system,4590.649,0.0,0.0,4590.649,0.0,7.121056
2019-09-11,23,0,reserve,system,4284.377,0.0,0.0,4284.377,0.0,6.259653
2019-09-12,0,0,reserve,system,4069.981,0.0,0.0,4069.981,0.0,8.742464
2019-09-12,1,0,reserve,system,3915.029,0.0,0.0,3915.029,0.0,4.960898
2019-09-12,2,0,reserve,system,3834.757,0.0,0.0,3834.757,0.0,0.0
2019-09-12,3,0,reserve,system,3838.604,0.0,0.0,3838.604,0.0,0.0
2019-09-12,4,0,reserve,system,3992.589,0.0,0.0,3992.589,0.0,8.322007
2019-09-12,5,0,reserve,system,4268.425,0.0,0.0,4268.425,0.0,6.277308
2019-09-12,6,0,reserve,system,4337.427,0.0,0.0,4337.427,0.0,6.894982
2019-09-12,7,0,reserve,system,4478.891,0.0,0.0,4478.891,0.0,9.068061
2019-09-12,8,0,reserve,system,4784.375,0.0,0.0,4784.375,0.0,8.138028
2019-09-12,9,0,reserve,system,5150.09,0.0,0.0,5150.09,0.0,10.765299
2019-09-12,10,0,reserve,system,5483.572,0.0,0.0,5483.572,0.0,9.612753
2019-09-12,11,0,reserve,system,5793.578,0.0,0.0,5793.578,0.0,10.806864
2019-09-12,12,0,reserve,system,6113.162,0.0,0.0,6113.162,0.0,11.106812
2019-09-12,13,0,reserve,system,6353.089,0.0,0.0,6353.089,0.0,9.294998
2019-09-12,14,0,reserve,system,6511.392,0.0,0.0,6511.392,0.0,17.264696
2019-09-12,15,0,reserve,system,6600.851,0.0,0.0,6600.851,0.0,18.887509
2019-09-12,16,0,reserve,system,6529.308,0.0,0.0,6529.308,0.0,10.141213
2019-09-12,17,0,reserve,system,6322.969,0.0,0.0,6322.969,0.0,13.011841
2019-09-12,18,0,reserve,system,6070.746,0.0,0.0,6070.746,0.0,0.0
2019-09-12,19,0,reserve,system,5924.202,0.0,0.0,5924.202,0.0,19.125539
2019-09-12,20,0,reserve,system,5626.182,0.0,0.0,5626.182,0.0,12.099545
2019-09-12,21,0,reserve,system,5206.336,0.0,0.0,5206.336,0.0,1.088128
2019-09-12,22,0,reserve,system,4789.264,0.0,0.0,4789.264,0.0,17.634189
2019-09-12,23,0,reserve,system,4466.247,0.0,0.0,4466.247,0.0,8.35336
2019-09-13,0,0,reserve,system,4223.773,0.0,0.0,4223.773,0.0,12.858782
2019-09-13,1,0,reserve,system,4065.973,0.0,0.0,4065.973,0.0,0.0
2019-09-13,2,0,reserve,system,3962.462,0.0,0.0,3962.462,0.0,0.0
2019-09-13,3,0,reserve,system,3952.944,0.0,0.0,3952.944,0.0,9.676072
2019-09-13,4,0,reserve,system,4090.934,0.0,0.0,4090.934,0.0,5.211683
2019-09-13,5,0,reserve,system,4347.553,0.0,0.0,4347.553,0.0,9.926926
2019-09-13,6,0,reserve,system,4405.504,0.0,0.0,4405.504,0.0,8.865624
2019-09-13,7,0,reserve,system,4549.453,0.0,0.0,4549.453,0.0,10.039197
2019-09-13,8,0,reserve,system,4867.054,0.0,0.0,4867.054,0.0,9.192885
2019-09-13,9,0,reserve,system,5250.445,0.0,0.0,5250.445,0.0,21.102291
2019-09-13,10,0,reserve,system,5597.355,0.0,0.0,5597.355,0.0,0.0
2019-09-13,11,0,reserve,system,5919.897,0.0,0.0,5919.897,0.0,16.929556
2019-09-13,12,0,reserve,system,6208.089,0.0,0.0,6208.089,0.0,13.858123
2019-09-13,13,0,reserve,system,6412.607,0.0,0.0,6412.607,0.0,29.243182
2019-09-13,14,0,reserve,system,6512.844,0.0,0.0,6512.844,1094.267138,50.0
2019-09-13,15,0,reserve,system,6527.936,0.0,0.0,6527.936,972.051708,50.0
2019-09-13,16,0,reserve,system,6410.895,0.0,0.0,6410.895,0.0,34.969544
2019-09-13,17,0,reserve,system,6148.613,0.0,0.0,6148.613,0.0,12.301355
2019-09-13,18,0,reserve,system,5870.437,0.0,0.0,5870.437,0.0,13.423941
2019-09-13,19,0,reserve,system,5667.247,0.0,0.0,5667.247,0.0,11.417942
2019-09-13,20,0,reserve,system,5381.406,0.0,0.0,5381.406,0.0,14.061918
2019-09-13,21,0,reserve,system,5039.435,0.0,0.0,5039.435,0.0,8.386421
2019-09-13,22,0,reserve,system,4702.526,0.0,0.0,4702.526,0.0,9.256526
2019-09-13,23,0,reserve,system,4389.987,0.0,0.0,4389.987,0.0,10.310875
2019-09-14,0,0,reserve,system,4145.015,0.0,0.0,4145.015,0.0,17.46983
2019-09-14,1,0,reserve,system,3961.038,0.0,0.0,3961.038,0.0,5.329192
2019-09-14,2,0,reserve,system,3826.418,0.0,0.0,3826.418,0.0,9.18966
2019-09-14,3,0,reserve,system,3755.435,0.0,0.0,3755.435,0.0,0.0
2019-09-14,4,0,reserve,system,3760.776,0.0,0.0,3760.776,0.0,0.0
2019-09-14,5,0,reserve,system,3820.668,0.0,0.0,3820.668,0.0,9.751112
2019-09-14,6,0,reserve,system,3866.358,0.0,0.0,3866.358,0.0,6.83337
2019-09-14,7,0,reserve,system,4101.467,0.0,0.0,4101.467,0.0,10.661311
2019-09-14,8,0,reserve,system,4524.724,0.0,0.0,4524.724,0.0,8.753109
2019-09-14,9,0,reserve,system,5011.178,0.0,0.0,5011.178,0.0,9.52265
2019-09-14,10,0,reserve,system,5473.244,0.0,0.0,5473.244,0.0,13.493887
2019-09-14,11,0,reserve,system,5874.147,0.0,0.0,5874.147,0.0,12.674821
2019-09-14,12,0,reserve,system,6152.276,0.0,0.0,6152.276,0.0,13.687984
2019-09-14,13,0,reserve,system,6340.213,0.0,0.0,6340.213,0.0,10.111389
2019-09-14,14,0,reserve,system,6442.102,0.0,0.0,6442.102,0.0,25.308073
2019-09-14,15,0,reserve,system,6480.098,0.0,0.0,6480.098,140.514119,50.0
2019-09-14,16,0,reserve,system,6407.953,0.0,0.0,6407.953,0.0,31.120943
2019-09-14,17,0,reserve,system,6186.885,0.0,0.0,6186.885,0.0,13.967847
2019-09-14,18,0,reserve,system,5900.655,0.0,0.0,5900.655,0.0,10.119063
2019-09-14,19,0,reserve,system,5680.747,0.0,0.0,5680.747,0.0,11.737407
2019-09-14,20,0,reserve,system,5375.663,0.0,0.0,5375.663,0.0,13.568951
2019-09-14,21,0,reserve,system,5043.767,0.0,0.0,5043.767,0.0,7.726916
2019-09-14,22,0,reserve,system,4712.233,0.0,0.0,4712.233,0.0,9.901273
2019-09-14,23,0,reserve,system,4411.655,0.0,0.0,4411.655,0.0,9.14916
2019-09-15,0,0,reserve,system,4173.636,0.0,0.0,4173.636,0.0,17.753979
2019-09-15,1,0,reserve,system,3988.832,0.0,0.0,3988.832,0.0,2.752143
2019-09-15,2,0,reserve,system,3856.712,0.0,0.0,3856.712,0.0,13.096846
2019-09-15,3,0,reserve,system,3761.983,0.0,0.0,3761.983,0.0,0.0
2019-09-15,4,0,reserve,system,3722.174,0.0,0.0,3722.174,0.0,0.0
2019-09-15,5,0,reserve,system,3732.091,0.0,0.0,3732.091,0.0,14.539546
2019-09-15,6,0,reserve,system,3744.254,0.0,0.0,3744.254,0.0,0.0
2019-09-15,7,0,reserve,system,3988.075,0.0,0.0,3988.075,0.0,11.685863
2019-09-15,8,0,reserve,system,4417.869,0.0,0.0,4417.869,0.0,8.274819
2019-09-15,9,0,reserve,system,4892.75,0.0,0.0,4892.75,0.0,9.910637
2019-09-15,10,0,reserve,system,5340.555,0.0,0.0,5340.555,0.0,12.071115
2019-09-15,11,0,reserve,system,5722.475,0.0,0.0,5722.475,0.0,13.604171
2019-09-15,12,0,reserve,system,6033.76,0.0,0.0,6033.76,0.0,22.844722
2019-09-15,13,0,reserve,system,6276.372,0.0,0.0,6276.372,0.0,0.0
2019-09-15,14,0,reserve,system,6431.193,0.0,0.0,6431.193,0.0,17.614584
2019-09-15,15,0,reserve,system,6492.989,0.0,0.0,6492.989,0.0,26.202433
2019-09-15,16,0,reserve,system,6465.24,0.0,0.0,6465.24,0.0,11.760671
2019-09-15,17,0,reserve,system,6291.27,0.0,0.0,6291.27,0.0,19.532335
2019-09-15,18,0,reserve,system,6072.251,0.0,0.0,6072.251,0.0,0.0
2019-09-15,19,0,reserve,system,5896.667,0.0,0.0,5896.667,0.0,23.178443
2019-09-15,20,0,reserve,system,5563.991,0.0,0.0,5563.991,0.0,15.849784
2019-09-15,21,0,reserve,system,5153.119,0.0,0.0,5153.119,0.0,9.314545
2019-09-15,22,0,reserve,system,4746.473,0.0,0.0,4746.473,0.0,9.215457
2019-09-15,23,0,reserve,system,4410.691,0.0,0.0,4410.691,0.0,9.822028
2019-09-16,0,0,reserve,system,4183.878,0.0,0.0,4183.878,0.0,16.023143
2019-09-16,1,0,reserve,system,4040.962,0.0,0.0,4040.962,0.0,9.638724
2019-09-16,2,0,reserve,system,3958.404,0.0,0.0,3958.404,0.0,0.0
2019-09-16,3,0,reserve,system,3960.22,0.0,0.0,3960.22,0.0,0.0
2019-09-16,4,0,reserve,system,4109.35,0.0,0.0,4109.35,0.0,11.147724
2019-09-16,5,0,reserve,system,4369.911,0.0,0.0,4369.911,0.0,8.974199
2019-09-16,6,0,reserve,system,4425.77,0.0,0.0,4425.77,0.0,6.780403
2019-09-16,7,0,reserve,system,4575.367,0.0,0.0,4575.367,0.0,9.288829
2019-09-16,8,0,reserve,system,4927.051,0.0,0.0,4927.051,0.0,9.365515
2019-09-16,9,0,reserve,system,5338.187,0.0,0.0,5338.187,0.0,15.849544
2019-09-16,10,0,reserve,system,5719.17,0.0,0.0,5719.17,0.0,22.46697
2019-09-16,11,0,reserve,system,6009.081,0.0,0.0,6009.081,0.0,0.0
2019-09-16,12,0,reserve,system,6248.905,0.0,9.701258,6248.905,0.0,23.189733
2019-09-16,13,0,reserve,system,6389.964,0.0,0.0,6389.964,0.0,14.062313
2019-09-16,14,0,reserve,system,6490.444,0.0,8.983116,6490.444,243.172811,50.0
2019-09-16,15,0,reserve,system,6519.561,0.0,8.093502,6519.561,0.0,16.355224
2019-09-16,16,0,reserve,system,6430.381,0.0,0.0,6430.381,0.0,16.834956
2019-09-16,17,0,reserve,system,6225.187,0.0,0.0,6225.187,0.0,0.0
2019-09-16,18,0,reserve,system,6017.522,0.0,0.0,6017.522,0.0,2.351985
2019-09-16,19,0,reserve,system,5867.596,0.0,0.0,5867.596,0.0,32.362502
2019-09-16,20,0,reserve,system,5544.424,0.0,0.0,5544.424,0.0,15.955101
2019-09-16,21,0,reserve,system,5118.313,0.0,0.0,5118.313,0.0,9.663859
2019-09-16,22,0,reserve,system,4703.395,0.0,0.0,4703.395,0.0,9.006916
2019-09-16,23,0,reserve,system,4382.549,0.0,0.0,4382.549,0.0,10.411342
2019-09-17,0,0,reserve,system,4166.261,0.0,0.0,4166.261,0.0,13.027528
2019-09-17,1,0,reserve,system,4008.085,0.0,0.0,4008.085,0.0,0.0
2019-09-17,2,0,reserve,system,3913.475,0.0,0.0,3913.475,0.0,0.0
2019-09-17,3,0,reserve,system,3913.289,0.0,30.365002,3913.289,0.0,9.303258
2019-09-17,4,0,reserve,system,4059.412,0.0,0.0,4059.412,0.0,7.138339
2019-09-17,5,0,reserve,system,4319.109,0.0,0.0,4319.109,0.0,10.254092
2019-09-17,6,0,reserve,system,4387.17,0.0,0.0,4387.17,0.0,8.658794
2019-09-17,7,0,reserve,system,4474.448,0.0,0.0,4474.448,0.0,8.573564
2019-09-17,8,0,reserve,system,4703.833,0.0,0.0,4703.833,0.0,11.4141
2019-09-17,9,0,reserve,system,4996.918,0.0,0.0,4996.918,0.0,12.15968
2019-09-17,10,0,reserve,system,5277.615,0.0,0.0,5277.615,0.0,0.0
2019-09-17,11,0,reserve,system,5549.377,0.0,0.0,5549.377,0.0,12.165787
2019-09-17,12,0,reserve,system,5811.504,0.0,0.0,5811.504,0.0,11.74564
2019-09-17,13,0,reserve,system,5986.391,0.0,0.0,5986.391,0.0,14.741243
2019-09-17,14,0,reserve,system,6082.405,0.0,8.670187,6082.405,0.0,22.545414
2019-09-17,15,0,reserve,system,6126.461,0.0,9.208849,6126.461,0.0,18.215991
2019-09-17,16,0,reserve,system,6062.229,0.0,0.0,6062.229,0.0,7.608912
2019-09-17,17,0,reserve,system,5905.738,0.0,0.0,5905.738,0.0,15.459702
2019-09-17,18,0,reserve,system,5744.542,0.0,0.0,5744.542,0.0,0.0
2019-09-17,19,0,reserve,system,5643.136,0.0,0.0,5643.136,0.0,22.750963
2019-09-17,20,0,reserve,system,5362.9,0.0,0.0,5362.9,0.0,13.686756
2019-09-17,21,0,reserve,system,4978.022,0.0,0.0,4978.022,0.0,6.92334
2019-09-17,22,0,reserve,system,4612.921,0.0,0.0,4612.921,0.0,9.695065
2019-09-17,23,0,reserve,system,4322.914,0.0,0.0,4322.914,0.0,8.34342
2019-09-18,0,0,reserve,system,4114.548,0.0,0.0,4114.548,0.0,13.264729
2019-09-18,1,0,reserve,system,3968.213,0.0,0.0,3968.213,0.0,0.0
2019-09-18,2,0,reserve,system,3880.867,0.0,0.0,3880.867,0.0,0.0
2019-09-18,3,0,reserve,system,3885.419,0.0,0.0,3885.419,0.0,8.037986
2019-09-18,4,0,reserve,system,4032.677,0.0,0.0,4032.677,0.0,5.188943
2019-09-18,5,0,reserve,system,4306.607,0.0,0.0,4306.607,0.0,9.696788
2019-09-18,6,0,reserve,system,4382.053,0.0,0.0,4382.053,0.0,8.446479
2019-09-18,7,0,reserve,system,4470.469,0.0,0.0,4470.469,0.0,9.896452
2019-09-18,8,0,reserve,system,4687.24,0.0,0.0,4687.24,0.0,11.617003
2019-09-18,9,0,reserve,system,4968.113,0.0,0.0,4968.113,0.0,5.860091
2019-09-18,10,0,reserve,system,5261.69,0.0,0.0,5261.69,0.0,8.622575
2019-09-18,11,0,reserve,system,5554.104,0.0,0.0,5554.104,0.0,7.186834
2019-09-18,12,0,reserve,system,5856.974,0.0,0.0,5856.974,0.0,13.282426
2019-09-18,13,0,reserve,system,6098.234,0.0,0.0,6098.234,0.0,13.627479
2019-09-18,14,0,reserve,system,6233.828,0.0,0.752172,6233.828,0.0,13.921023
2019-09-18,15,0,reserve,system,6335.085,0.0,0.0,6335.085,0.0,34.994923
2019-09-18,16,0,reserve,system,6321.612,0.0,0.0,6321.612,0.0,19.344372
2019-09-18,17,0,reserve,system,6151.732,0.0,0.0,6151.732,0.0,12.836057
2019-09-18,18,0,reserve,system,5939.031,0.0,0.0,5939.031,0.0,12.63241
2019-09-18,19,0,reserve,system,5795.688,0.0,0.0,5795.688,0.0,14.188783
2019-09-18,20,0,reserve,system,5502.98,0.0,0.0,5502.98,0.0,11.080167
2019-09-18,21,0,reserve,system,5102.542,0.0,0.0,5102.542,0.0,7.196775
2019-09-18,22,0,reserve,system,4717.588,0.0,0.0,4717.588,0.0,8.303663
2019-09-18,23,0,reserve,system,4424.468,0.0,0.0,4424.468,0.0,9.705972
2019-09-19,0,0,reserve,system,4232.746,0.0,0.0,4232.746,0.0,13.323679
2019-09-19,1,0,reserve,system,4101.672,0.0,0.0,4101.672,0.0,0.0
2019-09-19,2,0,reserve,system,4021.543,0.0,0.0,4021.543,0.0,0.0
2019-09-19,3,0,reserve,system,4044.287,0.0,0.0,4044.287,0.0,9.465738
2019-09-19,4,0,reserve,system,4212.164,0.0,0.0,4212.164,0.0,7.611254
2019-09-19,5,0,reserve,system,4498.818,0.0,0.0,4498.818,0.0,11.217469
2019-09-19,6,0,reserve,system,4603.09,0.0,0.0,4603.09,0.0,7.940671
2019-09-19,7,0,reserve,system,4652.206,0.0,0.0,4652.206,0.0,7.51391
2019-09-19,8,0,reserve,system,4816.842,0.0,0.0,4816.842,0.0,8.776157
2019-09-19,9,0,reserve,system,4989.199,0.0,0.0,4989.199,0.0,14.348765
2019-09-19,10,0,reserve,system,5129.223,0.0,0.0,5129.223,0.0,0.0
2019-09-19,11,0,reserve,system,5276.967,0.0,0.0,5276.967,0.0,18.91908
2019-09-19,12,0,reserve,system,5423.863,0.0,0.674301,5423.863,0.0,0.0
2019-09-19,13,0,reserve,system,5522.746,0.0,0.0,5522.746,0.0,23.274817
2019-09-19,14,0,reserve,system,5538.511,0.0,0.0,5538.511,0.0,14.709321
2019-09-19,15,0,reserve,system,5517.205,0.0,0.0,5517.205,0.0,15.944508
2019-09-19,16,0,reserve,system,5465.554,0.0,0.0,5465.554,0.0,0.0
2019-09-19,17,0,reserve,system,5347.279,0.0,0.0,5347.279,0.0,0.0
2019-09-19,18,0,reserve,system,5267.454,0.0,0.0,5267.454,0.0,15.156311
2019-09-19,19,0,reserve,system,5206.249,0.0,0.0,5206.249,0.0,21.664726
2019-09-19,20,0,reserve,system,4975.314,0.0,0.0,4975.314,0.0,7.590658
2019-09-19,21,0,reserve,system,4676.767,0.0,0.0,4676.767,0.0,13.019369
2019-09-19,22,0,reserve,system,4383.79,0.0,0.0,4383.79,0.0,0.0
2019-09-19,23,0,reserve,system,4159.931,0.0,0.0,4159.931,0.0,0.0
2019-09-20,0,0,reserve,system,4018.737,0.0,0.0,4018.737,0.0,13.291014
2019-09-20,1,0,reserve,system,3931.919,0.0,0.0,3931.919,0.0,0.0
2019-09-20,2,0,reserve,system,3888.76,0.0,28.306678,3888.76,0.0,0.107999
2019-09-20,3,0,reserve,system,3914.307,0.0,0.0,3914.307,0.0,9.421736
2019-09-20,4,0,reserve,system,4079.282,0.0,0.0,4079.282,0.0,5.550696
2019-09-20,5,0,reserve,system,4359.952,0.0,0.0,4359.952,0.0,10.446036
2019-09-20,6,0,reserve,system,4482.825,0.0,0.0,4482.825,0.0,6.358299
2019-09-20,7,0,reserve,system,4606.831,0.0,0.0,4606.831,0.0,8.929079
2019-09-20,8,0,reserve,system,4883.353,0.0,0.0,4883.353,0.0,8.463345
2019-09-20,9,0,reserve,system,5191.692,0.0,0.0,5191.692,0.0,12.719358
2019-09-20,10,0,reserve,system,5459.912,0.0,0.0,5459.912,0.0,7.578989
2019-09-20,11,0,reserve,system,5716.606,0.0,0.0,5716.606,0.0,12.452328
2019-09-20,12,0,reserve,system,5918.008,0.0,0.0,5918.008,0.0,8.326693
2019-09-20,13,0,reserve,system,6090.692,0.0,0.0,6090.692,0.0,11.586018
2019-09-20,14,0,reserve,system,6210.061,0.0,0.0,6210.061,0.0,28.841898
2019-09-20,15,0,reserve,system,6198.428,0.0,0.0,6198.428,0.0,9.82652
2019-09-20,16,0,reserve,system,6049.651,0.0,0.0,6049.651,0.0,9.930517
2019-09-20,17,0,reserve,system,5789.074,0.0,0.0,5789.074,0.0,8.103655
2019-09-20,18,0,reserve,system,5575.958,0.0,0.0,5575.958,0.0,0.0
2019-09-20,19,0,reserve,system,5457.139,0.0,0.0,5457.139,0.0,23.82448
2019-09-20,20,0,reserve,system,5257.965,0.0,0.0,5257.965,0.0,10.531326
2019-09-20,21,0,reserve,system,4999.08,0.0,0.0,4999.08,0.0,8.201206
2019-09-20,22,0,reserve,system,4712.029,0.0,0.0,4712.029,0.0,5.746942
2019-09-20,23,0,reserve,system,4439.689,0.0,0.0,4439.689,0.0,10.040483
2019-09-21,0,0,reserve,system,4222.839,0.0,0.0,4222.839,0.0,9.656539
2019-09-21,1,0,reserve,system,4073.764,0.0,0.0,4073.764,0.0,6.540006
2019-09-21,2,0,reserve,system,3974.772,0.0,0.0,3974.772,0.0,3.3238
2019-09-21,3,0,reserve,system,3926.331,0.0,0.0,3926.331,0.0,0.0
2019-09-21,4,0,reserve,system,3947.866,0.0,50.0,3947.866,0.0,3.342857
2019-09-21,5,0,reserve,system,4010.935,0.0,3.8391,4010.935,0.0,6.533651
2019-09-21,6,0,reserve,system,4074.01,0.0,0.0,4074.01,0.0,5.584145
2019-09-21,7,0,reserve,system,4289.628,0.0,0.0,4289.628,0.0,6.886996
2019-09-21,8,0,reserve,system,4639.591,0.0,15.323661,4639.591,0.0,6.885348
2019-09-21,9,0,reserve,system,4981.572,0.0,20.440849,4981.572,0.0,7.69269
2019-09-21,10,0,reserve,system,5282.264,0.0,0.0,5282.264,0.0,7.6635
2019-09-21,11,0,reserve,system,5560.594,0.0,6.914205,5560.594,0.0,11.7807
2019-09-21,12,0,reserve,system,5793.465,0.0,0.0,5793.465,0.0,10.873452
2019-09-21,13,0,reserve,system,5965.198,0.0,0.0,5965.198,0.0,8.094953
2019-09-21,14,0,reserve,system,6075.669,0.0,0.0,6075.669,0.0,11.229381
2019-09-21,15,0,reserve,system,6111.548,0.0,0.0,6111.548,0.0,12.869581
2019-09-21,16,0,reserve,system,6023.551,0.0,0.0,6023.551,0.0,16.446179
2019-09-21,17,0,reserve,system,5799.507,0.0,0.0,5799.507,0.0,10.931981
2019-09-21,18,0,reserve,system,5580.56,0.0,0.0,5580.56,0.0,0.0
2019-09-21,19,0,reserve,system,5430.771,0.0,0.0,5430.771,0.0,19.420351
2019-09-21,20,0,reserve,system,5212.582,0.0,0.0,5212.582,0.0,8.890304
2019-09-21,21,0,reserve,system,4938.753,0.0,0.0,4938.753,0.0,7.659696
2019-09-21,22,0,reserve,system,4661.637,0.0,0.0,4661.637,0.0,6.749742
2019-09-21,23,0,reserve,system,4404.608,0.0,0.0,4404.608,0.0,7.467499
2019-09-22,0,0,reserve,system,4190.402,0.0,0.0,4190.402,0.0,9.134144
2019-09-22,1,0,reserve,system,4037.261,0.0,7.587437,4037.261,0.0,5.734791
2019-09-22,2,0,reserve,system,3917.021,0.0,0.0,3917.021,0.0,7.27415
2019-09-22,3,0,reserve,system,3834.32,0.0,0.0,3834.32,0.0,0.0
2019-09-22,4,0,reserve,system,3816.071,0.0,0.0,3816.071,0.0,0.0
2019-09-22,5,0,reserve,system,3836.479,0.0,1.988911,3836.479,0.0,6.877396
2019-09-22,6,0,reserve,system,3857.219,0.0,0.0,3857.219,0.0,3.974282
2019-09-22,7,0,reserve,system,4075.6,0.0,0.0,4075.6,0.0,7.629525
2019-09-22,8,0,reserve,system,4458.113,0.0,0.0,4458.113,0.0,6.246727
2019-09-22,9,0,reserve,system,4839.125,0.0,3.888855,4839.125,0.0,8.176791
2019-09-22,10,0,reserve,system,5201.962,0.0,40.549005,5201.962,0.0,8.194839
2019-09-22,11,0,reserve,system,5513.136,0.0,0.461856,5513.136,0.0,10.905338
2019-09-22,12,0,reserve,system,5767.101,0.0,0.0,5767.101,0.0,9.683607
2019-09-22,13,0,reserve,system,5966.658,0.0,0.0,5966.658,0.0,9.852285
2019-09-22,14,0,reserve,system,6059.531,0.0,0.0,6059.531,0.0,10.713011
2019-09-22,15,0,reserve,system,6096.34,0.0,0.0,6096.34,0.0,8.172013
2019-09-22,16,0,reserve,system,6079.392,0.0,0.0,6079.392,0.0,18.799136
2019-09-22,17,0,reserve,system,5964.047,0.0,0.0,5964.047,0.0,9.446453
2019-09-22,18,0,reserve,system,5814.515,0.0,0.0,5814.515,0.0,15.785389
2019-09-22,19,0,reserve,system,5700.244,0.0,0.0,5700.244,0.0,36.00444
2019-09-22,20,0,reserve,system,5442.708,0.0,0.0,5442.708,0.0,9.876593
2019-09-22,21,0,reserve,system,5082.092,0.0,0.0,5082.092,0.0,10.911728
2019-09-22,22,0,reserve,system,4717.938,0.0,0.0,4717.938,0.0,9.20434
2019-09-22,23,0,reserve,system,4422.285,0.0,0.0,4422.285,0.0,9.588487
2019-09-23,0,0,reserve,system,4234.682,0.0,0.0,4234.682,0.0,15.130137
2019-09-23,1,0,reserve,system,4108.361,0.0,0.0,4108.361,0.0,6.177915
2019-09-23,2,0,reserve,system,4038.986,0.0,10.524836,4038.986,0.0,9.508603
2019-09-23,3,0,reserve,system,4052.596,0.0,0.0,4052.596,0.0,0.0
2019-09-23,4,0,reserve,system,4213.616,0.0,0.0,4213.616,0.0,0.0
2019-09-23,5,0,reserve,system,4479.095,0.0,0.0,4479.095,0.0,10.610524
2019-09-23,6,0,reserve,system,4547.625,0.0,0.0,4547.625,0.0,6.534467
2019-09-23,7,0,reserve,system,4651.365,0.0,0.0,4651.365,0.0,8.174067
2019-09-23,8,0,reserve,system,4939.013,0.0,38.09278,4939.013,0.0,10.557158
2019-09-23,9,0,reserve,system,5287.083,0.0,0.0,5287.083,0.0,9.516126
2019-09-23,10,0,reserve,system,5653.422,0.0,6.701041,5653.422,0.0,10.550834
2019-09-23,11,0,reserve,system,5976.946,0.0,0.0,5976.946,0.0,13.013712
2019-09-23,12,0,reserve,system,6243.411,0.0,0.0,6243.411,0.0,11.664194
2019-09-23,13,0,reserve,system,6401.618,0.0,0.0,6401.618,0.0,14.382085
2019-09-23,14,0,reserve,system,6456.29,0.0,0.0,6456.29,0.0,21.474937
2019-09-23,15,0,reserve,system,6461.915,0.0,0.0,6461.915,0.0,31.02628
2019-09-23,16,0,reserve,system,6428.285,0.0,0.0,6428.285,230.487798,50.0
2019-09-23,17,0,reserve,system,6260.718,0.0,0.0,6260.718,0.0,13.469367
2019-09-23,18,0,reserve,system,6074.955,0.0,0.0,6074.955,0.0,14.00928
2019-09-23,19,0,reserve,system,5905.129,0.0,0.0,5905.129,0.0,14.859682
2019-09-23,20,0,reserve,system,5590.226,0.0,0.0,5590.226,0.0,9.69325
2019-09-23,21,0,reserve,system,5187.226,0.0,0.0,5187.226,0.0,10.746296
2019-09-23,22,0,reserve,system,4808.993,0.0,0.0,4808.993,0.0,9.769425
2019-09-23,23,0,reserve,system,4492.808,0.0,0.0,4492.808,0.0,10.479539
2019-09-24,0,0,reserve,system,4276.067,0.0,0.0,4276.067,0.0,11.735904
2019-09-24,1,0,reserve,system,4132.957,0.0,0.0,4132.957,0.0,5.596412
2019-09-24,2,0,reserve,system,4045.846,0.0,0.0,4045.846,0.0,9.544924
2019-09-24,3,0,reserve,system,4042.021,0.0,0.0,4042.021,0.0,0.0
2019-09-24,4,0,reserve,system,4184.779,0.0,0.0,4184.779,0.0,0.0
2019-09-24,5,0,reserve,system,4449.671,0.0,0.0,4449.671,0.0,12.231107
2019-09-24,6,0,reserve,system,4511.096,0.0,0.288072,4511.096,0.0,6.948224
2019-09-24,7,0,reserve,system,4613.806,0.0,0.0,4613.806,0.0,10.934357
2019-09-24,8,0,reserve,system,4890.203,0.0,0.0,4890.203,0.0,9.108796
2019-09-24,9,0,reserve,system,5232.951,0.0,2.788049,5232.951,0.0,10.344061
2019-09-24,10,0,reserve,system,5562.863,0.0,0.0,5562.863,0.0,7.197075
2019-09-24,11,0,reserve,system,5894.93,0.0,0.0,5894.93,0.0,11.048331
2019-09-24,12,0,reserve,system,6195.605,0.0,0.0,6195.605,0.0,11.765435
2019-09-24,13,0,reserve,system,6401.044,0.0,0.0,6401.044,0.0,12.440668
2019-09-24,14,0,reserve,system,6524.164,0.0,0.0,6524.164,0.0,13.550962
2019-09-24,15,0,reserve,system,6552.204,0.0,0.0,6552.204,0.0,16.982668
2019-09-24,16,0,reserve,system,6476.85,0.0,0.0,6476.85,0.0,12.680981
2019-09-24,17,0,reserve,system,6244.149,0.0,0.0,6244.149,0.0,11.086738
2019-09-24,18,0,reserve,system,6009.289,0.0,0.0,6009.289,0.0,13.551297
2019-09-24,19,0,reserve,system,5837.319,0.0,0.0,5837.319,0.0,16.449952
2019-09-24,20,0,reserve,system,5522.588,0.0,0.0,5522.588,0.0,10.165448
2019-09-24,21,0,reserve,system,5122.822,0.0,0.0,5122.822,0.0,10.850284
2019-09-24,22,0,reserve,system,4731.761,0.0,0.0,4731.761,0.0,10.195345
2019-09-24,23,0,reserve,system,4425.391,0.0,0.0,4425.391,0.0,7.583584
2019-09-25,0,0,reserve,system,4200.772,0.0,0.0,4200.772,0.0,12.857766
2019-09-25,1,0,reserve,system,4047.305,0.0,0.0,4047.305,0.0,0.0
2019-09-25,2,0,reserve,system,3956.25,0.0,0.0,3956.25,0.0,6.545823
2019-09-25,3,0,reserve,system,3950.624,0.0,0.0,3950.624,0.0,0.0
2019-09-25,4,0,reserve,system,4090.961,0.0,0.0,4090.961,0.0,9.359773
2019-09-25,5,0,reserve,system,4346.42,0.0,0.0,4346.42,0.0,6.170422
2019-09-25,6,0,reserve,system,4411.575,0.0,0.0,4411.575,0.0,7.601335
2019-09-25,7,0,reserve,system,4516.079,0.0,0.0,4516.079,0.0,8.49317
2019-09-25,8,0,reserve,system,4800.031,0.0,3.374968,4800.031,0.0,9.493992
2019-09-25,9,0,reserve,system,5159.463,0.0,3.213914,5159.463,0.0,9.881465
2019-09-25,10,0,reserve,system,5493.431,0.0,0.0,5493.431,0.0,9.883261
2019-09-25,11,0,reserve,system,5850.319,0.0,33.846608,5850.319,0.0,12.278632
2019-09-25,12,0,reserve,system,6215.288,0.0,50.0,6215.288,0.0,11.724538
2019-09-25,13,0,reserve,system,6503.567,0.0,50.0,6503.567,0.0,16.905168
2019-09-25,14,0,reserve,system,6673.42,0.0,0.0,6673.42,0.0,20.827526
2019-09-25,15,0,reserve,system,6746.652,0.0,0.0,6746.652,0.0,49.746655
2019-09-25,16,0,reserve,system,6682.726,0.0,0.0,6682.726,0.0,30.251371
2019-09-25,17,0,reserve,system,6451.39,0.0,0.0,6451.39,0.0,15.598463
2019-09-25,18,0,reserve,system,6187.518,0.0,0.0,6187.518,0.0,13.738807
2019-09-25,19,0,reserve,system,5969.652,0.0,0.0,5969.652,0.0,16.179665
2019-09-25,20,0,reserve,system,5622.023,0.0,0.0,5622.023,0.0,9.677855
2019-09-25,21,0,reserve,system,5209.336,0.0,0.0,5209.336,0.0,10.405248
2019-09-25,22,0,reserve,system,4805.133,0.0,0.0,4805.133,0.0,10.021373
2019-09-25,23,0,reserve,system,4475.068,0.0,0.0,4475.068,0.0,9.175469
2019-09-26,0,0,reserve,system,4238.077,0.0,0.0,4238.077,0.0,13.375028
2019-09-26,1,0,reserve,system,4069.729,0.0,0.0,4069.729,0.0,0.0
2019-09-26,2,0,reserve,system,3977.073,0.0,0.0,3977.073,0.0,13.488323
2019-09-26,3,0,reserve,system,3953.04,0.0,0.0,3953.04,0.0,0.0
2019-09-26,4,0,reserve,system,4073.022,0.0,0.0,4073.022,0.0,0.0
2019-09-26,5,0,reserve,system,4323.862,0.0,0.0,4323.862,0.0,12.165968
2019-09-26,6,0,reserve,system,4381.598,0.0,0.0,4381.598,0.0,6.850884
2019-09-26,7,0,reserve,system,4493.009,0.0,0.0,4493.009,0.0,10.846458
2019-09-26,8,0,reserve,system,4775.845,0.0,0.0,4775.845,0.0,10.995955
2019-09-26,9,0,reserve,system,5124.135,0.0,0.0,5124.135,0.0,8.499623
2019-09-26,10,0,reserve,system,5468.14,0.0,0.0,5468.14,0.0,6.460652
2019-09-26,11,0,reserve,system,5824.533,0.0,0.0,5824.533,0.0,11.102619
2019-09-26,12,0,reserve,system,6171.269,0.0,0.0,6171.269,0.0,10.531406
2019-09-26,13,0,reserve,system,6430.736,0.0,0.0,6430.736,0.0,36.573384
2019-09-26,14,0,reserve,system,6591.448,0.0,0.0,6591.448,0.0,14.292731
2019-09-26,15,0,reserve,system,6667.66,0.0,0.0,6667.66,0.0,15.66567
2019-09-26,16,0,reserve,system,6588.193,0.0,0.0,6588.193,0.0,12.089869
2019-09-26,17,0,reserve,system,6320.806,0.0,0.0,6320.806,0.0,12.016813
2019-09-26,18,0,reserve,system,6075.049,0.0,0.0,6075.049,0.0,13.2271
2019-09-26,19,0,reserve,system,5871.743,0.0,0.0,5871.743,0.0,15.608142
2019-09-26,20,0,reserve,system,5549.741,0.0,0.0,5549.741,0.0,10.473429
2019-09-26,21,0,reserve,system,5139.597,0.0,0.0,5139.597,0.0,10.988051
2019-09-26,22,0,reserve,system,4744.618,0.0,0.0,4744.618,0.0,9.795657
2019-09-26,23,0,reserve,system,4420.986,0.0,0.0,4420.986,0.0,8.96092
2019-09-27,0,0,reserve,system,4189.715,0.0,0.0,4189.715,0.0,11.656639
2019-09-27,1,0,reserve,system,4035.284,0.0,0.0,4035.284,0.0,5.335059
2019-09-27,2,0,reserve,system,3928.259,0.0,0.0,3928.259,0.0,9.30469
2019-09-27,3,0,reserve,system,3917.129,0.0,0.0,3917.129,0.0,0.0
2019-09-27,4,0,reserve,system,4049.272,0.0,0.0,4049.272,0.0,0.0
2019-09-27,5,0,reserve,system,4308.975,0.0,0.0,4308.975,0.0,9.646289
2019-09-27,6,0,reserve,system,4384.418,0.0,0.0,4384.418,0.0,6.596478
2019-09-27,7,0,reserve,system,4487.457,0.0,0.0,4487.457,0.0,9.319966
2019-09-27,8,0,reserve,system,4741.952,0.0,30.315382,4741.952,0.0,9.803812
2019-09-27,9,0,reserve,system,5068.948,0.0,0.102181,5068.948,0.0,9.810667
2019-09-27,10,0,reserve,system,5396.0,0.0,0.0,5396.0,0.0,9.912277
2019-09-27,11,0,reserve,system,5674.87,0.0,0.0,5674.87,0.0,9.799392
2019-09-27,12,0,reserve,system,5947.014,0.0,0.0,5947.014,0.0,11.056428
2019-09-27,13,0,reserve,system,6126.045,0.0,0.0,6126.045,0.0,5.310186
2019-09-27,14,0,reserve,system,6275.141,0.0,0.0,6275.141,0.0,15.337363
2019-09-27,15,0,reserve,system,6341.625,0.0,0.0,6341.625,0.0,17.814824
2019-09-27,16,0,reserve,system,6259.15,0.0,0.0,6259.15,0.0,23.592886
2019-09-27,17,0,reserve,system,6027.376,0.0,0.0,6027.376,0.0,19.974896
2019-09-27,18,0,reserve,system,5792.971,0.0,0.0,5792.971,0.0,0.0
2019-09-27,19,0,reserve,system,5616.624,0.0,0.0,5616.624,0.0,24.229895
2019-09-27,20,0,reserve,system,5405.48,0.0,0.0,5405.48,0.0,10.620608
2019-09-27,21,0,reserve,system,5139.792,0.0,0.0,5139.792,0.0,10.761195
2019-09-27,22,0,reserve,system,4853.732,0.0,0.0,4853.732,0.0,8.332366
2019-09-27,23,0,reserve,system,4576.938,0.0,0.0,4576.938,0.0,7.601551
2019-09-28,0,0,reserve,system,4368.394,0.0,0.0,4368.394,0.0,11.482816
2019-09-28,1,0,reserve,system,4213.754,0.0,0.0,4213.754,0.0,4.930336
2019-09-28,2,0,reserve,system,4096.464,0.0,0.0,4096.464,0.0,7.262226
2019-09-28,3,0,reserve,system,4036.48,0.0,0.0,4036.48,0.0,0.0
2019-09-28,4,0,reserve,system,4038.089,0.0,3.886648,4038.089,0.0,1.850481
2019-09-28,5,0,reserve,system,4096.46,0.0,8.427661,4096.46,0.0,9.370619
2019-09-28,6,0,reserve,system,4152.96,0.0,0.0,4152.96,0.0,4.641618
2019-09-28,7,0,reserve,system,4363.802,0.0,0.0,4363.802,0.0,7.867518
2019-09-28,8,0,reserve,system,4717.956,0.0,3.611718,4717.956,0.0,7.395963
2019-09-28,9,0,reserve,system,5072.786,0.0,22.106478,5072.786,0.0,8.231578
2019-09-28,10,0,reserve,system,5419.436,0.0,10.683913,5419.436,0.0,10.949619
2019-09-28,11,0,reserve,system,5713.141,0.0,0.0,5713.141,0.0,10.592868
2019-09-28,12,0,reserve,system,5961.754,0.0,50.0,5961.754,0.0,10.548711
2019-09-28,13,0,reserve,system,6117.983,0.0,0.0,6117.983,0.0,10.149745
2019-09-28,14,0,reserve,system,6213.471,0.0,0.0,6213.471,0.0,18.727127
2019-09-28,15,0,reserve,system,6231.78,0.0,0.0,6231.78,0.0,13.95402
2019-09-28,16,0,reserve,system,6130.26,0.0,0.0,6130.26,0.0,10.119613
2019-09-28,17,0,reserve,system,5895.099,0.0,0.0,5895.099,0.0,9.03984
2019-09-28,18,0,reserve,system,5705.233,0.0,0.0,5705.233,0.0,7.267914
2019-09-28,19,0,reserve,system,5546.707,0.0,0.0,5546.707,0.0,13.421976
2019-09-28,20,0,reserve,system,5334.599,0.0,0.0,5334.599,0.0,11.059199
2019-09-28,21,0,reserve,system,5079.802,0.0,0.0,5079.802,0.0,8.016841
2019-09-28,22,0,reserve,system,4822.8,0.0,0.0,4822.8,0.0,6.774535
2019-09-28,23,0,reserve,system,4614.968,0.0,0.0,4614.968,0.0,7.458606
2019-09-29,0,0,reserve,system,4420.164,0.0,0.0,4420.164,0.0,11.185905
2019-09-29,1,0,reserve,system,4274.524,0.0,0.0,4274.524,0.0,7.134664
2019-09-29,2,0,reserve,system,4154.756,0.0,0.0,4154.756,0.0,-0.0
2019-09-29,3,0,reserve,system,4085.179,0.0,0.0,4085.179,0.0,0.0
2019-09-29,4,0,reserve,system,4058.742,0.0,0.0,4058.742,0.0,5.222737
2019-09-29,5,0,reserve,system,4074.367,0.0,0.0,4074.367,0.0,5.583635
2019-09-29,6,0,reserve,system,4104.792,0.0,0.0,4104.792,0.0,0.0
2019-09-29,7,0,reserve,system,4296.65,0.0,0.0,4296.65,0.0,9.271699
2019-09-29,8,0,reserve,system,4660.6,0.0,0.0,4660.6,0.0,5.945227
2019-09-29,9,0,reserve,system,5019.026,0.0,0.0,5019.026,0.0,7.038377
2019-09-29,10,0,reserve,system,5350.383,0.0,0.0,5350.383,0.0,8.244707
2019-09-29,11,0,reserve,system,5652.705,0.0,0.0,5652.705,0.0,10.609186
2019-09-29,12,0,reserve,system,5925.575,0.0,0.0,5925.575,0.0,10.579391
2019-09-29,13,0,reserve,system,6124.808,0.0,0.0,6124.808,0.0,9.976226
2019-09-29,14,0,reserve,system,6248.675,0.0,0.0,6248.675,0.0,9.895238
2019-09-29,15,0,reserve,system,6291.871,0.0,0.0,6291.871,0.0,24.054925
2019-09-29,16,0,reserve,system,6236.865,0.0,0.0,6236.865,0.0,9.085777
2019-09-29,17,0,reserve,system,6047.163,0.0,0.0,6047.163,0.0,8.45949
2019-09-29,18,0,reserve,system,5868.674,0.0,0.0,5868.674,0.0,0.508925
2019-09-29,19,0,reserve,system,5694.263,0.0,0.0,5694.263,0.0,19.268679
2019-09-29,20,0,reserve,system,5405.539,0.0,0.0,5405.539,0.0,12.031212
2019-09-29,21,0,reserve,system,5069.517,0.0,0.0,5069.517,0.0,5.966662
2019-09-29,22,0,reserve,system,4713.415,0.0,0.0,4713.415,0.0,9.652801
2019-09-29,23,0,reserve,system,4425.463,0.0,0.0,4425.463,0.0,0.0
2019-09-30,0,0,reserve,system,4226.256,0.0,0.0,4226.256,0.0,8.820708
2019-09-30,1,0,reserve,system,4110.096,0.0,0.0,4110.096,0.0,0.0
2019-09-30,2,0,reserve,system,4063.987,0.0,0.0,4063.987,0.0,0.0
2019-09-30,3,0,reserve,system,4096.395,0.0,0.0,4096.395,0.0,4.990706
2019-09-30,4,0,reserve,system,4260.147,0.0,5.616849,4260.147,0.0,6.889368
2019-09-30,5,0,reserve,system,4530.276,0.0,4.33732,4530.276,0.0,6.902488
2019-09-30,6,0,reserve,system,4638.383,0.0,0.0,4638.383,0.0,6.625253
2019-09-30,7,0,reserve,system,4736.923,0.0,0.0,4736.923,0.0,6.494024
2019-09-30,8,0,reserve,system,4999.65,0.0,0.0,4999.65,0.0,8.850479
2019-09-30,9,0,reserve,system,5306.175,0.0,0.0,5306.175,0.0,10.748252
2019-09-30,10,0,reserve,system,5618.624,0.0,43.496185,5618.624,0.0,10.033239
2019-09-30,11,0,reserve,system,5895.643,0.0,0.0,5895.643,0.0,10.675749
2019-09-30,12,0,reserve,system,6142.849,0.0,0.0,6142.849,0.0,10.464496
2019-09-30,13,0,reserve,system,6319.082,0.0,0.0,6319.082,0.0,10.679926
2019-09-30,14,0,reserve,system,6407.66,0.0,0.0,6407.66,0.0,10.662661
2019-09-30,15,0,reserve,system,6471.491,0.0,30.822755,6471.491,0.0,11.002833
2019-09-30,16,0,reserve,system,6433.796,0.0,0.0,6433.796,0.0,33.555785
2019-09-30,17,0,reserve,system,6234.055,0.0,0.0,6234.055,0.0,-0.0
2019-09-30,18,0,reserve,system,6086.134,0.0,0.0,6086.134,0.0,11.201752
2019-09-30,19,0,reserve,system,5927.745,0.0,0.0,5927.745,0.0,23.392493
2019-09-30,20,0,reserve,system,5647.6,0.0,0.0,5647.6,0.0,11.579999
2019-09-30,21,0,reserve,system,5265.242,0.0,0.0,5265.242,0.0,8.170981
2019-09-30,22,0,reserve,system,4868.622,0.0,0.0,4868.622,0.0,6.985936
2019-09-30,23,0,reserve,system,4568.737,0.0,0.0,4568.737,0.0,7.418334
2019-10-01,0,0,reserve,system,4371.248,0.0,0.0,4371.248,0.0,10.782683
2019-10-01,1,0,reserve,system,4229.324,0.0,0.0,4229.324,0.0,0.0
2019-10-01,2,0,reserve,system,4146.651,0.0,0.0,4146.651,0.0,4.34681
2019-10-01,3,0,reserve,system,4141.585,0.0,0.0,4141.585,0.0,4.6458
2019-10-01,4,0,reserve,system,4273.787,0.0,0.0,4273.787,0.0,7.353605
2019-10-01,5,0,reserve,system,4510.951,0.0,0.0,4510.951,0.0,6.58073
2019-10-01,6,0,reserve,system,4561.008,0.0,0.0,4561.008,0.0,6.620643
2019-10-01,7,0,reserve,system,4644.241,0.0,0.0,4644.241,0.0,6.922248
2019-10-01,8,0,reserve,system,4915.361,0.0,0.0,4915.361,0.0,8.024916
2019-10-01,9,0,reserve,system,5235.025,0.0,0.0,5235.025,0.0,10.068054
2019-10-01,10,0,reserve,system,5536.736,0.0,0.0,5536.736,0.0,10.575432
2019-10-01,11,0,reserve,system,5831.385,0.0,0.0,5831.385,0.0,10.565433
2019-10-01,12,0,reserve,system,6110.315,0.0,0.0,6110.315,0.0,10.429991
2019-10-01,13,0,reserve,system,6317.33,0.0,0.0,6317.33,0.0,12.675017
2019-10-01,14,0,reserve,system,6442.512,0.0,0.0,6442.512,0.0,10.545518
2019-10-01,15,0,reserve,system,6473.432,0.0,10.689345,6473.432,0.0,28.522722
2019-10-01,16,0,reserve,system,6375.489,0.0,0.0,6375.489,0.0,19.496433
2019-10-01,17,0,reserve,system,6142.439,0.0,0.0,6142.439,0.0,0.0
2019-10-01,18,0,reserve,system,5961.385,0.0,0.0,5961.385,0.0,9.816802
2019-10-01,19,0,reserve,system,5812.289,0.0,17.717243,5812.289,0.0,25.827308
2019-10-01,20,0,reserve,system,5515.45,0.0,0.0,5515.45,0.0,11.211469
2019-10-01,21,0,reserve,system,5133.292,0.0,0.0,5133.292,0.0,8.895183
2019-10-01,22,0,reserve,system,4735.719,0.0,0.0,4735.719,0.0,6.807592
2019-10-01,23,0,reserve,system,4436.756,0.0,0.0,4436.756,0.0,6.763245
2019-10-02,0,0,reserve,system,4227.316,0.0,0.0,4227.316,0.0,8.920856
2019-10-02,1,0,reserve,system,4077.21,0.0,0.0,4077.21,0.0,7.275451
2019-10-02,2,0,reserve,system,3984.018,0.0,0.0,3984.018,0.0,0.0
2019-10-02,3,0,reserve,system,3980.622,0.0,0.0,3980.622,0.0,1.744397
2019-10-02,4,0,reserve,system,4123.745,0.0,0.0,4123.745,0.0,8.15592
2019-10-02,5,0,reserve,system,4381.296,0.0,0.0,4381.296,0.0,6.386629
2019-10-02,6,0,reserve,system,4443.362,0.0,0.0,4443.362,0.0,6.600547
2019-10-02,7,0,reserve,system,4527.865,0.0,0.0,4527.865,0.0,6.43446
2019-10-02,8,0,reserve,system,4798.294,0.0,41.932906,4798.294,0.0,8.441854
2019-10-02,9,0,reserve,system,5157.069,0.0,18.779163,5157.069,0.0,10.549686
2019-10-02,10,0,reserve,system,5501.298,0.0,0.0,5501.298,0.0,9.612134
2019-10-02,11,0,reserve,system,5819.621,0.0,0.0,5819.621,0.0,9.98835
2019-10-02,12,0,reserve,system,6115.467,0.0,0.0,6115.467,0.0,11.308506
2019-10-02,13,0,reserve,system,6338.04,0.0,0.0,6338.04,0.0,11.063027
2019-10-02,14,0,reserve,system,6471.272,0.0,0.0,6471.272,0.0,11.312237
2019-10-02,15,0,reserve,system,6519.747,0.0,0.0,6519.747,0.0,18.061882
2019-10-02,16,0,reserve,system,6439.06,0.0,0.0,6439.06,0.0,14.006828
2019-10-02,17,0,reserve,system,6216.362,0.0,0.0,6216.362,0.0,22.181426
2019-10-02,18,0,reserve,system,6007.287,0.0,0.0,6007.287,0.0,13.473324
2019-10-02,19,0,reserve,system,5807.95,0.0,0.0,5807.95,0.0,17.613958
2019-10-02,20,0,reserve,system,5492.374,0.0,0.0,5492.374,0.0,10.162829
2019-10-02,21,0,reserve,system,5088.333,0.0,0.0,5088.333,0.0,10.729859
2019-10-02,22,0,reserve,system,4684.459,0.0,0.0,4684.459,0.0,9.662569
2019-10-02,23,0,reserve,system,4373.958,0.0,0.0,4373.958,0.0,8.579242
2019-10-03,0,0,reserve,system,4155.663,0.0,0.0,4155.663,0.0,21.143667
2019-10-03,1,0,reserve,system,4007.505,0.0,0.0,4007.505,0.0,0.0
2019-10-03,2,0,reserve,system,3920.046,0.0,0.0,3920.046,0.0,3.143632
2019-10-03,3,0,reserve,system,3916.215,0.0,0.0,3916.215,0.0,10.34957
2019-10-03,4,0,reserve,system,4057.788,0.0,0.0,4057.788,0.0,0.0
2019-10-03,5,0,reserve,system,4320.71,0.0,37.798202,4320.71,0.0,12.263806
2019-10-03,6,0,reserve,system,4378.373,0.0,0.0,4378.373,0.0,8.615048
2019-10-03,7,0,reserve,system,4474.37,0.0,0.0,4474.37,0.0,9.546142
2019-10-03,8,0,reserve,system,4780.502,0.0,0.0,4780.502,0.0,8.588705
2019-10-03,9,0,reserve,system,5132.444,0.0,0.0,5132.444,0.0,18.897636
2019-10-03,10,0,reserve,system,5495.497,0.0,0.0,5495.497,0.0,0.0
2019-10-03,11,0,reserve,system,5819.525,0.0,0.0,5819.525,0.0,16.458853
2019-10-03,12,0,reserve,system,6100.932,0.0,0.0,6100.932,0.0,11.540171
2019-10-03,13,0,reserve,system,6302.021,0.0,0.0,6302.021,148.035857,50.0
2019-10-03,14,0,reserve,system,6412.506,0.0,0.0,6412.506,0.0,43.461033
2019-10-03,15,0,reserve,system,6419.088,0.0,0.0,6419.088,0.0,13.395335
2019-10-03,16,0,reserve,system,6281.432,0.0,0.0,6281.432,0.0,9.876135
2019-10-03,17,0,reserve,system,6037.417,0.0,0.0,6037.417,0.0,11.12317
2019-10-03,18,0,reserve,system,5850.146,0.0,0.0,5850.146,0.0,0.0
2019-10-03,19,0,reserve,system,5663.289,0.0,0.0,5663.289,0.0,18.806953
2019-10-03,20,0,reserve,system,5384.226,0.0,0.0,5384.226,0.0,10.938555
2019-10-03,21,0,reserve,system,4987.405,0.0,0.0,4987.405,0.0,8.113593
2019-10-03,22,0,reserve,system,4587.541,0.0,0.0,4587.541,0.0,7.509097
2019-10-03,23,0,reserve,system,4260.057,0.0,0.0,4260.057,0.0,6.154387
2019-10-04,0,0,reserve,system,4038.421,0.0,0.0,4038.421,0.0,12.556202
2019-10-04,1,0,reserve,system,3875.529,0.0,0.0,3875.529,0.0,0.0
2019-10-04,2,0,reserve,system,3776.101,0.0,0.0,3776.101,0.0,0.0
2019-10-04,3,0,reserve,system,3770.812,0.0,0.0,3770.812,0.0,9.307926
2019-10-04,4,0,reserve,system,3913.611,0.0,0.0,3913.611,0.0,5.615503
2019-10-04,5,0,reserve,system,4169.581,0.0,0.0,4169.581,0.0,9.533441
2019-10-04,6,0,reserve,system,4249.186,0.0,0.0,4249.186,0.0,9.570834
2019-10-04,7,0,reserve,system,4323.931,0.0,0.0,4323.931,0.0,9.154306
2019-10-04,8,0,reserve,system,4554.96,0.0,0.0,4554.96,0.0,9.365822
2019-10-04,9,0,reserve,system,4852.89,0.0,0.0,4852.89,0.0,9.981487
2019-10-04,10,0,reserve,system,5161.739,0.0,0.0,5161.739,0.0,15.512342
2019-10-04,11,0,reserve,system,5479.893,0.0,0.0,5479.893,0.0,12.601367
2019-10-04,12,0,reserve,system,5797.139,0.0,0.0,5797.139,0.0,14.037329
2019-10-04,13,0,reserve,system,6031.889,0.0,0.0,6031.889,0.0,11.493365
2019-10-04,14,0,reserve,system,6190.49,0.0,0.0,6190.49,0.0,11.739831
2019-10-04,15,0,reserve,system,6260.758,0.0,0.0,6260.758,0.0,46.327019
2019-10-04,16,0,reserve,system,6152.015,0.0,0.0,6152.015,0.0,12.204306
2019-10-04,17,0,reserve,system,5859.808,0.0,0.0,5859.808,0.0,12.637499
2019-10-04,18,0,reserve,system,5608.692,0.0,0.0,5608.692,0.0,13.801297
2019-10-04,19,0,reserve,system,5411.828,0.0,0.0,5411.828,0.0,12.617035
2019-10-04,20,0,reserve,system,5151.497,0.0,0.0,5151.497,0.0,13.463135
2019-10-04,21,0,reserve,system,4853.423,0.0,0.0,4853.423,0.0,9.23981
2019-10-04,22,0,reserve,system,4527.572,0.0,0.0,4527.572,0.0,9.563958
2019-10-04,23,0,reserve,system,4232.348,0.0,0.0,4232.348,0.0,9.520065
2019-10-05,0,0,reserve,system,4010.521,0.0,0.0,4010.521,0.0,15.570138
2019-10-05,1,0,reserve,system,3841.086,0.0,0.0,3841.086,0.0,5.2063
2019-10-05,2,0,reserve,system,3714.513,0.0,0.0,3714.513,0.0,8.811584
2019-10-05,3,0,reserve,system,3643.332,0.0,0.0,3643.332,0.0,0.0
2019-10-05,4,0,reserve,system,3647.734,0.0,0.0,3647.734,0.0,0.0
2019-10-05,5,0,reserve,system,3710.688,0.0,0.0,3710.688,0.0,8.081198
2019-10-05,6,0,reserve,system,3756.049,0.0,0.0,3756.049,0.0,4.540996
2019-10-05,7,0,reserve,system,3946.268,0.0,0.0,3946.268,0.0,8.606995
2019-10-05,8,0,reserve,system,4292.135,0.0,0.0,4292.135,0.0,9.257206
2019-10-05,9,0,reserve,system,4676.678,0.0,0.0,4676.678,0.0,9.401683
2019-10-05,10,0,reserve,system,5072.693,0.0,0.0,5072.693,0.0,8.56428
2019-10-05,11,0,reserve,system,5455.866,0.0,0.0,5455.866,0.0,14.991024
2019-10-05,12,0,reserve,system,5758.069,0.0,0.0,5758.069,0.0,13.134704
2019-10-05,13,0,reserve,system,5966.23,0.0,0.0,5966.23,0.0,13.25744
2019-10-05,14,0,reserve,system,6091.136,0.0,0.0,6091.136,0.0,11.823586
2019-10-05,15,0,reserve,system,6137.051,0.0,11.593793,6137.051,0.0,15.401749
2019-10-05,16,0,reserve,system,6075.897,0.0,0.0,6075.897,0.0,32.192753
2019-10-05,17,0,reserve,system,5853.242,0.0,0.0,5853.242,0.0,14.760346
2019-10-05,18,0,reserve,system,5626.45,0.0,0.0,5626.45,0.0,14.433898
2019-10-05,19,0,reserve,system,5392.119,0.0,0.0,5392.119,0.0,15.188274
2019-10-05,20,0,reserve,system,5120.192,0.0,0.0,5120.192,0.0,11.84837
2019-10-05,21,0,reserve,system,4823.667,0.0,0.0,4823.667,0.0,9.398304
2019-10-05,22,0,reserve,system,4518.335,0.0,0.0,4518.335,0.0,9.512151
2019-10-05,23,0,reserve,system,4245.1,0.0,0.0,4245.1,0.0,9.333164
2019-10-06,0,0,reserve,system,4032.166,0.0,0.0,4032.166,0.0,19.791063
2019-10-06,1,0,reserve,system,3851.643,0.0,0.0,3851.643,0.0,0.0
2019-10-06,2,0,reserve,system,3718.906,0.0,0.0,3718.906,0.0,14.233022
2019-10-06,3,0,reserve,system,3649.108,0.0,0.0,3649.108,0.0,0.0
2019-10-06,4,0,reserve,system,3621.244,0.0,0.0,3621.244,0.0,0.0
2019-10-06,5,0,reserve,system,3636.158,0.0,0.0,3636.158,0.0,13.262733
2019-10-06,6,0,reserve,system,3656.38,0.0,0.0,3656.38,0.0,0.0
2019-10-06,7,0,reserve,system,3854.09,0.0,0.0,3854.09,0.0,12.44879
2019-10-06,8,0,reserve,system,4247.889,0.0,0.0,4247.889,0.0,7.759088
2019-10-06,9,0,reserve,system,4660.384,0.0,0.0,4660.384,0.0,12.416776
2019-10-06,10,0,reserve,system,5064.701,0.0,0.0,5064.701,0.0,5.354475
2019-10-06,11,0,reserve,system,5459.487,0.0,0.0,5459.487,0.0,14.471046
2019-10-06,12,0,reserve,system,5803.242,0.0,0.0,5803.242,0.0,20.223563
2019-10-06,13,0,reserve,system,6060.767,0.0,0.0,6060.767,0.0,-0.0
2019-10-06,14,0,reserve,system,6205.003,0.0,0.0,6205.003,0.0,26.763779
2019-10-06,15,0,reserve,system,6260.882,0.0,0.0,6260.882,148.89586,50.0
2019-10-06,16,0,reserve,system,6135.651,0.0,0.0,6135.651,0.0,18.559123
2019-10-06,17,0,reserve,system,5874.264,0.0,0.0,5874.264,0.0,7.653761
2019-10-06,18,0,reserve,system,5706.94,0.0,0.0,5706.94,0.0,17.588148
2019-10-06,19,0,reserve,system,5479.427,0.0,0.0,5479.427,0.0,14.22634
2019-10-06,20,0,reserve,system,5124.085,0.0,0.0,5124.085,0.0,11.749785
2019-10-06,21,0,reserve,system,4708.943,0.0,0.0,4708.943,0.0,7.265237
2019-10-06,22,0,reserve,system,4306.236,0.0,0.0,4306.236,0.0,10.053131
2019-10-06,23,0,reserve,system,3996.506,0.0,0.0,3996.506,0.0,0.0
2019-10-07,0,0,reserve,system,3789.509,0.0,0.0,3789.509,0.0,4.4908
2019-10-07,1,0,reserve,system,3650.264,0.0,0.0,3650.264,0.0,13.739105
2019-10-07,2,0,reserve,system,3567.484,0.0,0.0,3567.484,0.0,0.0
2019-10-07,3,0,reserve,system,3560.87,0.0,0.0,3560.87,0.0,0.0
2019-10-07,4,0,reserve,system,3705.889,0.0,1.40108,3705.889,0.0,7.288448
2019-10-07,5,0,reserve,system,3956.467,0.0,43.033786,3956.467,0.0,5.49166
2019-10-07,6,0,reserve,system,4032.212,0.0,0.0,4032.212,0.0,9.649245
2019-10-07,7,0,reserve,system,4055.801,0.0,0.0,4055.801,0.0,0.0
2019-10-07,8,0,reserve,system,4215.256,0.0,13.710163,4215.256,0.0,9.447931
2019-10-07,9,0,reserve,system,4382.356,0.0,0.0,4382.356,0.0,9.694597
2019-10-07,10,0,reserve,system,4538.913,0.0,0.0,4538.913,0.0,3.864214
2019-10-07,11,0,reserve,system,4688.921,0.0,0.0,4688.921,0.0,3.724242
2019-10-07,12,0,reserve,system,4874.864,0.0,9.002841,4874.864,0.0,9.100333
2019-10-07,13,0,reserve,system,5030.032,0.0,0.0,5030.032,0.0,6.410287
2019-10-07,14,0,reserve,system,5134.002,0.0,0.0,5134.002,0.0,9.773193
2019-10-07,15,0,reserve,system,5165.114,0.0,16.628985,5165.114,0.0,17.677517
2019-10-07,16,0,reserve,system,5083.767,0.0,0.0,5083.767,0.0,9.719362
2019-10-07,17,0,reserve,system,4917.87,0.0,0.0,4917.87,0.0,0.0
2019-10-07,18,0,reserve,system,4840.774,0.0,0.0,4840.774,0.0,13.94792
2019-10-07,19,0,reserve,system,4706.401,0.0,0.0,4706.401,0.0,21.393037
2019-10-07,20,0,reserve,system,4449.018,0.0,0.0,4449.018,0.0,9.015918
2019-10-07,21,0,reserve,system,4096.695,0.0,0.0,4096.695,0.0,11.489697
2019-10-07,22,0,reserve,system,3745.299,0.0,0.0,3745.299,0.0,0.0
2019-10-07,23,0,reserve,system,3486.591,0.0,0.0,3486.591,0.0,0.0
2019-10-08,0,0,reserve,system,3317.219,0.0,0.0,3317.219,0.0,12.238393
2019-10-08,1,0,reserve,system,3222.648,0.0,0.0,3222.648,0.0,0.0
2019-10-08,2,0,reserve,system,3176.355,0.0,0.0,3176.355,0.0,0.0
2019-10-08,3,0,reserve,system,3205.212,0.0,0.0,3205.212,0.0,8.861362
2019-10-08,4,0,reserve,system,3362.488,0.0,0.0,3362.488,0.0,5.388369
2019-10-08,5,0,reserve,system,3629.769,0.0,0.0,3629.769,0.0,7.350665
2019-10-08,6,0,reserve,system,3710.754,0.0,0.0,3710.754,0.0,12.274786
2019-10-08,7,0,reserve,system,3741.412,0.0,0.0,3741.412,0.0,0.0
2019-10-08,8,0,reserve,system,3868.468,0.0,0.0,3868.468,0.0,10.770214
2019-10-08,9,0,reserve,system,4036.174,0.0,0.0,4036.174,0.0,12.485895
2019-10-08,10,0,reserve,system,4208.101,0.0,0.0,4208.101,0.0,0.0
2019-10-08,11,0,reserve,system,4387.91,0.0,14.252124,4387.91,0.0,11.596104
2019-10-08,12,0,reserve,system,4602.457,0.0,0.0,4602.457,0.0,8.059085
2019-10-08,13,0,reserve,system,4801.128,0.0,0.0,4801.128,0.0,8.001698
2019-10-08,14,0,reserve,system,4974.856,0.0,0.0,4974.856,0.0,10.63444
2019-10-08,15,0,reserve,system,5103.16,0.0,0.0,5103.16,0.0,14.31399
2019-10-08,16,0,reserve,system,5106.042,0.0,0.0,5106.042,0.0,17.872655
2019-10-08,17,0,reserve,system,4933.033,0.0,0.0,4933.033,0.0,3.680356
2019-10-08,18,0,reserve,system,4826.755,0.0,39.033952,4826.755,0.0,0.0
2019-10-08,19,0,reserve,system,4687.136,0.0,41.819655,4687.136,0.0,26.409108
2019-10-08,20,0,reserve,system,4421.171,0.0,0.0,4421.171,0.0,8.864623
2019-10-08,21,0,reserve,system,4074.495,0.0,0.0,4074.495,0.0,7.418177
2019-10-08,22,0,reserve,system,3736.92,0.0,0.0,3736.92,0.0,5.177873
2019-10-08,23,0,reserve,system,3492.268,0.0,0.0,3492.268,0.0,6.674348
2019-10-09,0,0,reserve,system,3344.975,0.0,0.0,3344.975,0.0,5.003488
2019-10-09,1,0,reserve,system,3252.15,0.0,0.0,3252.15,0.0,5.313475
2019-10-09,2,0,reserve,system,3218.462,0.0,0.0,3218.462,0.0,0.0
2019-10-09,3,0,reserve,system,3256.784,0.0,0.0,3256.784,0.0,0.0
2019-10-09,4,0,reserve,system,3437.586,0.0,2.655726,3437.586,0.0,4.993822
2019-10-09,5,0,reserve,system,3734.175,0.0,3.611378,3734.175,0.0,6.131355
2019-10-09,6,0,reserve,system,3856.305,0.0,0.0,3856.305,0.0,6.147292
2019-10-09,7,0,reserve,system,3914.827,0.0,0.0,3914.827,0.0,6.4339
2019-10-09,8,0,reserve,system,4107.778,0.0,2.154713,4107.778,0.0,6.897596
2019-10-09,9,0,reserve,system,4363.085,0.0,0.0,4363.085,0.0,6.350851
2019-10-09,10,0,reserve,system,4618.534,0.0,0.0,4618.534,0.0,6.48929
2019-10-09,11,0,reserve,system,4901.084,0.0,13.453222,4901.084,0.0,6.55954
2019-10-09,12,0,reserve,system,5201.717,0.0,0.0,5201.717,0.0,8.367588
2019-10-09,13,0,reserve,system,5461.759,0.0,0.0,5461.759,0.0,10.802164
2019-10-09,14,0,reserve,system,5673.697,0.0,0.0,5673.697,0.0,10.257302
2019-10-09,15,0,reserve,system,5796.837,0.0,0.0,5796.837,0.0,21.90438
2019-10-09,16,0,reserve,system,5775.049,0.0,0.0,5775.049,0.0,13.435524
2019-10-09,17,0,reserve,system,5611.335,0.0,0.0,5611.335,0.0,0.0
2019-10-09,18,0,reserve,system,5526.056,0.0,0.0,5526.056,0.0,1.644503
2019-10-09,19,0,reserve,system,5388.758,0.0,22.914978,5388.758,0.0,26.175759
2019-10-09,20,0,reserve,system,5140.042,0.0,0.0,5140.042,0.0,9.288647
2019-10-09,21,0,reserve,system,4788.566,0.0,0.0,4788.566,0.0,7.899701
2019-10-09,22,0,reserve,system,4441.334,0.0,0.0,4441.334,0.0,4.768781
2019-10-09,23,0,reserve,system,4181.828,0.0,0.0,4181.828,0.0,10.425875
2019-10-10,0,0,reserve,system,4013.757,0.0,0.0,4013.757,0.0,9.314114
2019-10-10,1,0,reserve,system,3918.145,0.0,0.0,3918.145,0.0,0.275618
2019-10-10,2,0,reserve,system,3866.795,0.0,0.0,3866.795,0.0,0.0
2019-10-10,3,0,reserve,system,3903.947,0.0,0.0,3903.947,0.0,5.10524
2019-10-10,4,0,reserve,system,4084.93,0.0,6.281392,4084.93,0.0,6.788619
2019-10-10,5,0,reserve,system,4380.988,0.0,0.0,4380.988,0.0,6.491579
2019-10-10,6,0,reserve,system,4492.081,0.0,0.0,4492.081,0.0,11.656627
2019-10-10,7,0,reserve,system,4538.707,0.0,0.0,4538.707,0.0,0.0
2019-10-10,8,0,reserve,system,4757.08,0.0,44.90276,4757.08,0.0,10.999595
2019-10-10,9,0,reserve,system,5022.822,0.0,0.0,5022.822,0.0,6.969032
2019-10-10,10,0,reserve,system,5288.41,0.0,0.0,5288.41,0.0,10.567749
2019-10-10,11,0,reserve,system,5547.063,0.0,3.162385,5547.063,0.0,10.390994
2019-10-10,12,0,reserve,system,5809.96,0.0,0.0,5809.96,0.0,10.650954
2019-10-10,13,0,reserve,system,6013.079,0.0,0.0,6013.079,0.0,9.781608
2019-10-10,14,0,reserve,system,6162.158,0.0,0.0,6162.158,0.0,10.066561
2019-10-10,15,0,reserve,system,6234.169,0.0,4.256105,6234.169,0.0,22.191499
2019-10-10,16,0,reserve,system,6151.849,0.0,0.0,6151.849,0.0,16.672025
2019-10-10,17,0,reserve,system,5935.867,0.0,0.0,5935.867,0.0,0.0
2019-10-10,18,0,reserve,system,5790.503,0.0,21.457243,5790.503,0.0,17.969485
2019-10-10,19,0,reserve,system,5578.701,0.0,0.0,5578.701,0.0,19.782401
2019-10-10,20,0,reserve,system,5208.142,0.0,0.0,5208.142,0.0,10.334141
2019-10-10,21,0,reserve,system,4778.767,0.0,0.0,4778.767,0.0,10.403102
2019-10-10,22,0,reserve,system,4379.594,0.0,0.0,4379.594,0.0,10.343315
2019-10-10,23,0,reserve,system,4075.901,0.0,0.0,4075.901,0.0,0.0
2019-10-11,0,0,reserve,system,3868.946,0.0,0.0,3868.946,0.0,0.0
2019-10-11,1,0,reserve,system,3716.865,0.0,0.0,3716.865,0.0,19.761015
2019-10-11,2,0,reserve,system,3615.431,0.0,0.0,3615.431,0.0,0.0
2019-10-11,3,0,reserve,system,3581.294,0.0,0.0,3581.294,0.0,0.0
2019-10-11,4,0,reserve,system,3665.934,0.0,0.0,3665.934,0.0,9.353984
2019-10-11,5,0,reserve,system,3857.912,0.0,0.0,3857.912,0.0,13.601159
2019-10-11,6,0,reserve,system,3933.81,0.0,0.0,3933.81,0.0,0.0
2019-10-11,7,0,reserve,system,3969.08,0.0,0.0,3969.08,0.0,12.271231
2019-10-11,8,0,reserve,system,4030.13,0.0,0.0,4030.13,0.0,2.377026
2019-10-11,9,0,reserve,system,4042.35,0.0,0.0,4042.35,0.0,8.896059
2019-10-11,10,0,reserve,system,3981.36,0.0,0.0,3981.36,0.0,7.238921
2019-10-11,11,0,reserve,system,3902.062,0.0,0.0,3902.062,0.0,6.555759
2019-10-11,12,0,reserve,system,3857.575,0.0,0.0,3857.575,0.0,2.516461
2019-10-11,13,0,reserve,system,3812.961,0.0,0.0,3812.961,0.0,8.177817
2019-10-11,14,0,reserve,system,3756.578,0.0,0.0,3756.578,0.0,0.0
2019-10-11,15,0,reserve,system,3708.732,0.0,0.0,3708.732,0.0,0.0
2019-10-11,16,0,reserve,system,3654.914,0.0,6.163127,3654.914,0.0,5.535771
2019-10-11,17,0,reserve,system,3610.284,0.0,0.0,3610.284,0.0,2.301765
2019-10-11,18,0,reserve,system,3676.106,0.0,3.75495,3676.106,0.0,6.183045
2019-10-11,19,0,reserve,system,3645.403,0.0,28.326245,3645.403,0.0,16.145148
2019-10-11,20,0,reserve,system,3540.108,0.0,0.0,3540.108,0.0,6.37901
2019-10-11,21,0,reserve,system,3396.292,0.0,0.0,3396.292,0.0,8.232812
2019-10-11,22,0,reserve,system,3225.712,0.0,0.0,3225.712,0.0,0.0
2019-10-11,23,0,reserve,system,3086.604,0.0,0.0,3086.604,0.0,0.0
2019-10-12,0,0,reserve,system,2994.76,0.0,0.0,2994.76,0.0,0.0
2019-10-12,1,0,reserve,system,2939.444,0.0,0.0,2939.444,0.0,2.443202
2019-10-12,2,0,reserve,system,2930.22,0.0,0.0,2930.22,0.0,3.818194
2019-10-12,3,0,reserve,system,2944.832,0.0,0.0,2944.832,0.0,4.07447
2019-10-12,4,0,reserve,system,3014.832,0.0,3.31488,3014.832,0.0,4.945985
2019-10-12,5,0,reserve,system,3142.471,0.0,0.0,3142.471,0.0,5.042891
2019-10-12,6,0,reserve,system,3282.369,0.0,0.767321,3282.369,0.0,6.938457
2019-10-12,7,0,reserve,system,3408.769,0.0,0.0,3408.769,0.0,6.205252
2019-10-12,8,0,reserve,system,3499.885,0.0,0.0,3499.885,0.0,11.940617
2019-10-12,9,0,reserve,system,3522.986,0.0,0.0,3522.986,0.0,6.903625
2019-10-12,10,0,reserve,system,3502.413,0.0,0.0,3502.413,0.0,6.766509
2019-10-12,11,0,reserve,system,3457.914,0.0,0.0,3457.914,0.0,6.184072
2019-10-12,12,0,reserve,system,3427.939,0.0,0.0,3427.939,0.0,5.144924
2019-10-12,13,0,reserve,system,3423.065,0.0,0.0,3423.065,0.0,5.653448
2019-10-12,14,0,reserve,system,3441.656,0.0,0.0,3441.656,0.0,5.137263
2019-10-12,15,0,reserve,system,3467.19,0.0,0.0,3467.19,0.0,5.412076
2019-10-12,16,0,reserve,system,3482.282,0.0,0.0,3482.282,0.0,0.0
2019-10-12,17,0,reserve,system,3463.946,0.0,0.0,3463.946,0.0,0.0
2019-10-12,18,0,reserve,system,3551.338,0.0,0.0,3551.338,0.0,8.967001
2019-10-12,19,0,reserve,system,3534.685,0.0,0.0,3534.685,0.0,14.24524
2019-10-12,20,0,reserve,system,3450.764,0.0,0.0,3450.764,0.0,6.214624
2019-10-12,21,0,reserve,system,3329.549,0.0,0.0,3329.549,0.0,7.169546
2019-10-12,22,0,reserve,system,3176.159,0.0,0.0,3176.159,0.0,5.114876
2019-10-12,23,0,reserve,system,3034.977,0.0,0.0,3034.977,0.0,2.530069
2019-10-13,0,0,reserve,system,2944.268,0.0,0.0,2944.268,0.0,6.923854
2019-10-13,1,0,reserve,system,2881.549,0.0,0.0,2881.549,0.0,0.0
2019-10-13,2,0,reserve,system,2842.132,0.0,0.0,2842.132,0.0,2.80926
2019-10-13,3,0,reserve,system,2833.505,0.0,0.0,2833.505,0.0,2.866169
2019-10-13,4,0,reserve,system,2860.996,0.0,0.0,2860.996,0.0,4.206718
2019-10-13,5,0,reserve,system,2925.725,0.0,0.0,2925.725,0.0,5.558137
2019-10-13,6,0,reserve,system,3018.932,0.0,30.889055,3018.932,0.0,5.843071
2019-10-13,7,0,reserve,system,3132.708,0.0,0.0,3132.708,0.0,6.004824
2019-10-13,8,0,reserve,system,3256.021,0.0,0.0,3256.021,0.0,13.303306
2019-10-13,9,0,reserve,system,3345.959,0.0,0.0,3345.959,0.0,9.691348
2019-10-13,10,0,reserve,system,3429.243,0.0,0.0,3429.243,0.0,0.0
2019-10-13,11,0,reserve,system,3516.226,0.0,0.0,3516.226,0.0,6.968419
2019-10-13,12,0,reserve,system,3616.988,0.0,0.0,3616.988,0.0,0.0
2019-10-13,13,0,reserve,system,3749.073,0.0,0.0,3749.073,0.0,8.710266
2019-10-13,14,0,reserve,system,3899.281,0.0,24.288442,3899.281,0.0,5.910724
2019-10-13,15,0,reserve,system,4007.672,0.0,26.12973,4007.672,0.0,6.483897
2019-10-13,16,0,reserve,system,4053.738,0.0,0.0,4053.738,0.0,6.540942
2019-10-13,17,0,reserve,system,4037.842,0.0,0.0,4037.842,0.0,8.267709
2019-10-13,18,0,reserve,system,4116.879,0.0,0.0,4116.879,0.0,10.093714
2019-10-13,19,0,reserve,system,4067.507,0.0,0.0,4067.507,0.0,19.586974
2019-10-13,20,0,reserve,system,3931.948,0.0,0.0,3931.948,0.0,10.443501
2019-10-13,21,0,reserve,system,3730.653,0.0,0.0,3730.653,0.0,7.430642
2019-10-13,22,0,reserve,system,3497.484,0.0,0.0,3497.484,0.0,4.82773
2019-10-13,23,0,reserve,system,3307.4,0.0,0.0,3307.4,0.0,8.72057
2019-10-14,0,0,reserve,system,3174.367,0.0,0.0,3174.367,0.0,7.176282
2019-10-14,1,0,reserve,system,3099.903,0.0,0.0,3099.903,0.0,0.0
2019-10-14,2,0,reserve,system,3079.99,0.0,0.0,3079.99,0.0,0.0
2019-10-14,3,0,reserve,system,3119.861,0.0,0.0,3119.861,0.0,7.424898
2019-10-14,4,0,reserve,system,3270.198,0.0,31.032839,3270.198,0.0,5.034092
2019-10-14,5,0,reserve,system,3497.957,0.0,0.0,3497.957,0.0,7.43536
2019-10-14,6,0,reserve,system,3656.62,0.0,0.0,3656.62,0.0,6.47689
2019-10-14,7,0,reserve,system,3753.955,0.0,0.0,3753.955,0.0,7.807686
2019-10-14,8,0,reserve,system,3930.761,0.0,0.0,3930.761,0.0,8.43673
2019-10-14,9,0,reserve,system,4129.701,0.0,0.0,4129.701,0.0,10.015453
2019-10-14,10,0,reserve,system,4334.089,0.0,0.0,4334.089,0.0,6.035234
2019-10-14,11,0,reserve,system,4534.935,0.0,0.0,4534.935,0.0,11.114004
2019-10-14,12,0,reserve,system,4702.455,0.0,0.0,4702.455,0.0,14.212829
2019-10-14,13,0,reserve,system,4841.588,0.0,0.0,4841.588,0.0,1.21331
2019-10-14,14,0,reserve,system,4946.812,0.0,0.0,4946.812,0.0,21.789819
2019-10-14,15,0,reserve,system,4987.229,0.0,0.0,4987.229,0.0,13.793297
2019-10-14,16,0,reserve,system,4965.666,0.0,0.0,4965.666,0.0,0.0
2019-10-14,17,0,reserve,system,4912.88,0.0,0.0,4912.88,0.0,0.0
2019-10-14,18,0,reserve,system,4921.449,0.0,10.534169,4921.449,0.0,13.777067
2019-10-14,19,0,reserve,system,4815.454,0.0,0.0,4815.454,0.0,19.422649
2019-10-14,20,0,reserve,system,4605.392,0.0,0.0,4605.392,0.0,8.323623
2019-10-14,21,0,reserve,system,4313.521,0.0,0.0,4313.521,0.0,8.047554
2019-10-14,22,0,reserve,system,4009.699,0.0,0.0,4009.699,0.0,5.035381
2019-10-14,23,0,reserve,system,3786.313,0.0,0.0,3786.313,0.0,10.134789
2019-10-15,0,0,reserve,system,3652.391,0.0,0.0,3652.391,0.0,12.092088
2019-10-15,1,0,reserve,system,3567.262,0.0,0.0,3567.262,0.0,0.0
2019-10-15,2,0,reserve,system,3528.701,0.0,0.0,3528.701,0.0,0.0
2019-10-15,3,0,reserve,system,3574.217,0.0,33.010462,3574.217,0.0,9.422959
2019-10-15,4,0,reserve,system,3765.214,0.0,0.0,3765.214,0.0,5.389909
2019-10-15,5,0,reserve,system,4075.094,0.0,0.0,4075.094,0.0,8.946904
2019-10-15,6,0,reserve,system,4208.808,0.0,26.588824,4208.808,0.0,11.081435
2019-10-15,7,0,reserve,system,4252.589,0.0,0.0,4252.589,0.0,4.102362
2019-10-15,8,0,reserve,system,4423.641,0.0,0.0,4423.641,0.0,12.195191
2019-10-15,9,0,reserve,system,4645.104,0.0,0.0,4645.104,0.0,14.28912
2019-10-15,10,0,reserve,system,4873.346,0.0,0.0,4873.346,0.0,2.195073
2019-10-15,11,0,reserve,system,5098.896,0.0,0.0,5098.896,0.0,13.454628
2019-10-15,12,0,reserve,system,5283.468,0.0,0.0,5283.468,0.0,15.171876
2019-10-15,13,0,reserve,system,5439.91,0.0,0.0,5439.91,0.0,0.0
2019-10-15,14,0,reserve,system,5597.562,0.0,0.0,5597.562,0.0,16.218156
2019-10-15,15,0,reserve,system,5706.428,0.0,0.433662,5706.428,0.0,22.177222
2019-10-15,16,0,reserve,system,5647.999,0.0,0.0,5647.999,0.0,19.230841
2019-10-15,17,0,reserve,system,5444.785,0.0,0.0,5444.785,0.0,14.376668
2019-10-15,18,0,reserve,system,5337.49,0.0,0.0,5337.49,0.0,13.526488
2019-10-15,19,0,reserve,system,5165.904,0.0,0.0,5165.904,0.0,13.01807
2019-10-15,20,0,reserve,system,4887.457,0.0,0.0,4887.457,0.0,11.981214
2019-10-15,21,0,reserve,system,4521.096,0.0,0.0,4521.096,0.0,5.500139
2019-10-15,22,0,reserve,system,4146.355,0.0,0.0,4146.355,0.0,7.266065
2019-10-15,23,0,reserve,system,3837.704,0.0,0.0,3837.704,0.0,5.299932
2019-10-16,0,0,reserve,system,3630.452,0.0,0.0,3630.452,0.0,5.420108
2019-10-16,1,0,reserve,system,3490.591,0.0,0.0,3490.591,0.0,4.57713
2019-10-16,2,0,reserve,system,3420.29,0.0,0.0,3420.29,0.0,0.0
2019-10-16,3,0,reserve,system,3417.505,0.0,0.0,3417.505,0.0,0.0
2019-10-16,4,0,reserve,system,3540.234,0.0,0.0,3540.234,0.0,3.878675
2019-10-16,5,0,reserve,system,3779.649,0.0,4.371896,3779.649,0.0,6.487062
2019-10-16,6,0,reserve,system,3875.966,0.0,0.0,3875.966,0.0,4.932467
2019-10-16,7,0,reserve,system,3858.348,0.0,0.0,3858.348,0.0,7.115846
2019-10-16,8,0,reserve,system,3896.824,0.0,0.0,3896.824,0.0,13.293173
2019-10-16,9,0,reserve,system,3934.716,0.0,0.0,3934.716,0.0,7.628359
2019-10-16,10,0,reserve,system,3950.881,0.0,0.0,3950.881,0.0,5.95133
2019-10-16,11,0,reserve,system,3931.459,0.0,0.0,3931.459,0.0,7.232349
2019-10-16,12,0,reserve,system,3927.341,0.0,30.026817,3927.341,0.0,5.793161
2019-10-16,13,0,reserve,system,3907.945,0.0,0.0,3907.945,0.0,8.505814
2019-10-16,14,0,reserve,system,3896.714,0.0,0.0,3896.714,0.0,0.0
2019-10-16,15,0,reserve,system,3893.707,0.0,0.0,3893.707,0.0,5.510921
2019-10-16,16,0,reserve,system,3865.286,0.0,0.0,3865.286,0.0,0.0
2019-10-16,17,0,reserve,system,3847.481,0.0,0.0,3847.481,0.0,9.701732
2019-10-16,18,0,reserve,system,3927.385,0.0,0.0,3927.385,0.0,6.106391
2019-10-16,19,0,reserve,system,3881.346,0.0,0.0,3881.346,0.0,19.938317
2019-10-16,20,0,reserve,system,3726.941,0.0,0.0,3726.941,0.0,6.145961
2019-10-16,21,0,reserve,system,3479.593,0.0,0.0,3479.593,0.0,9.112734
2019-10-16,22,0,reserve,system,3224.37,0.0,0.0,3224.37,0.0,0.0
2019-10-16,23,0,reserve,system,3047.351,0.0,0.0,3047.351,0.0,0.0
2019-10-17,0,0,reserve,system,2943.356,0.0,0.0,2943.356,0.0,4.301078
2019-10-17,1,0,reserve,system,2880.476,0.0,26.473954,2880.476,0.0,8.295782
2019-10-17,2,0,reserve,system,2866.717,0.0,0.0,2866.717,0.0,0.0
2019-10-17,3,0,reserve,system,2915.568,0.0,0.0,2915.568,0.0,0.0
2019-10-17,4,0,reserve,system,3098.635,0.0,16.633571,3098.635,0.0,5.937896
2019-10-17,5,0,reserve,system,3416.708,0.0,0.0,3416.708,0.0,6.377597
2019-10-17,6,0,reserve,system,3564.678,0.0,0.0,3564.678,0.0,6.507124
2019-10-17,7,0,reserve,system,3572.121,0.0,0.0,3572.121,0.0,6.713935
2019-10-17,8,0,reserve,system,3597.334,0.0,0.0,3597.334,0.0,15.652078
2019-10-17,9,0,reserve,system,3623.332,0.0,0.0,3623.332,0.0,7.190034
2019-10-17,10,0,reserve,system,3639.698,0.0,0.0,3639.698,0.0,5.371378
2019-10-17,11,0,reserve,system,3661.013,0.0,0.0,3661.013,0.0,9.35102
2019-10-17,12,0,reserve,system,3709.56,0.0,0.0,3709.56,0.0,0.0
2019-10-17,13,0,reserve,system,3764.122,0.0,0.0,3764.122,0.0,0.0
2019-10-17,14,0,reserve,system,3808.29,0.0,9.794453,3808.29,0.0,9.383932
2019-10-17,15,0,reserve,system,3852.831,0.0,10.027177,3852.831,0.0,11.489392
2019-10-17,16,0,reserve,system,3856.603,0.0,0.0,3856.603,0.0,0.0
2019-10-17,17,0,reserve,system,3834.096,0.0,0.0,3834.096,0.0,8.027294
2019-10-17,18,0,reserve,system,3912.296,0.0,0.0,3912.296,0.0,6.197909
2019-10-17,19,0,reserve,system,3879.588,0.0,0.0,3879.588,0.0,20.472735
2019-10-17,20,0,reserve,system,3727.848,0.0,0.0,3727.848,0.0,6.602085
2019-10-17,21,0,reserve,system,3499.946,0.0,0.0,3499.946,0.0,6.266722
2019-10-17,22,0,reserve,system,3262.714,0.0,0.0,3262.714,0.0,3.210549
2019-10-17,23,0,reserve,system,3099.831,0.0,0.0,3099.831,0.0,4.036382
2019-10-18,0,0,reserve,system,2997.368,0.0,0.0,2997.368,0.0,6.126216
2019-10-18,1,0,reserve,system,2935.101,0.0,0.0,2935.101,0.0,0.0
2019-10-18,2,0,reserve,system,2913.35,0.0,0.0,2913.35,0.0,0.0
2019-10-18,3,0,reserve,system,2974.116,0.0,10.894452,2974.116,0.0,4.693056
2019-10-18,4,0,reserve,system,3150.993,0.0,0.0,3150.993,0.0,3.803165
2019-10-18,5,0,reserve,system,3446.532,0.0,0.0,3446.532,0.0,7.579203
2019-10-18,6,0,reserve,system,3594.107,0.0,0.0,3594.107,0.0,5.962495
2019-10-18,7,0,reserve,system,3600.361,0.0,0.0,3600.361,0.0,6.712633
2019-10-18,8,0,reserve,system,3655.09,0.0,24.930659,3655.09,0.0,16.874123
2019-10-18,9,0,reserve,system,3732.966,0.0,0.0,3732.966,0.0,0.955083
2019-10-18,10,0,reserve,system,3813.046,0.0,0.0,3813.046,0.0,9.809853
2019-10-18,11,0,reserve,system,3901.704,0.0,0.0,3901.704,0.0,0.0
2019-10-18,12,0,reserve,system,4029.771,0.0,0.0,4029.771,0.0,7.229211
2019-10-18,13,0,reserve,system,4154.805,0.0,0.0,4154.805,0.0,3.612718
2019-10-18,14,0,reserve,system,4275.029,0.0,17.501738,4275.029,0.0,6.138554
2019-10-18,15,0,reserve,system,4386.879,0.0,0.0,4386.879,0.0,10.889934
2019-10-18,16,0,reserve,system,4389.53,0.0,0.0,4389.53,0.0,6.325982
2019-10-18,17,0,reserve,system,4261.706,0.0,0.0,4261.706,0.0,0.0
2019-10-18,18,0,reserve,system,4208.605,0.0,28.667147,4208.605,0.0,9.765252
2019-10-18,19,0,reserve,system,4103.823,0.0,0.0,4103.823,0.0,20.194119
2019-10-18,20,0,reserve,system,3953.866,0.0,0.0,3953.866,0.0,6.403123
2019-10-18,21,0,reserve,system,3755.995,0.0,0.0,3755.995,0.0,6.733497
2019-10-18,22,0,reserve,system,3530.796,0.0,0.0,3530.796,0.0,4.105186
2019-10-18,23,0,reserve,system,3343.635,0.0,0.0,3343.635,0.0,5.401081
2019-10-19,0,0,reserve,system,3203.123,0.0,0.0,3203.123,0.0,5.534156
2019-10-19,1,0,reserve,system,3108.32,0.0,0.0,3108.32,0.0,0.0
2019-10-19,2,0,reserve,system,3059.627,0.0,0.0,3059.627,0.0,0.0
2019-10-19,3,0,reserve,system,3056.014,0.0,0.0,3056.014,0.0,1.8453
2019-10-19,4,0,reserve,system,3105.156,0.0,0.0,3105.156,0.0,2.622116
2019-10-19,5,0,reserve,system,3211.275,0.0,9.732935,3211.275,0.0,3.815949
2019-10-19,6,0,reserve,system,3329.737,0.0,0.0,3329.737,0.0,5.725093
2019-10-19,7,0,reserve,system,3475.363,0.0,10.496328,3475.363,0.0,6.901428
2019-10-19,8,0,reserve,system,3702.838,0.0,0.0,3702.838,0.0,6.840358
2019-10-19,9,0,reserve,system,3946.857,0.0,0.0,3946.857,0.0,14.3094
2019-10-19,10,0,reserve,system,4184.5,0.0,0.0,4184.5,0.0,0.0
2019-10-19,11,0,reserve,system,4421.531,0.0,0.0,4421.531,0.0,12.661371
2019-10-19,12,0,reserve,system,4643.601,0.0,0.0,4643.601,0.0,10.771384
2019-10-19,13,0,reserve,system,4828.429,0.0,0.0,4828.429,0.0,2.947414
2019-10-19,14,0,reserve,system,4996.79,0.0,0.0,4996.79,0.0,12.713997
2019-10-19,15,0,reserve,system,5081.917,0.0,0.0,5081.917,0.0,8.74909
2019-10-19,16,0,reserve,system,5035.64,0.0,5.231294,5035.64,0.0,9.828142
2019-10-19,17,0,reserve,system,4849.229,0.0,0.0,4849.229,0.0,13.134502
2019-10-19,18,0,reserve,system,4718.617,0.0,0.0,4718.617,0.0,14.745772
2019-10-19,19,0,reserve,system,4529.411,0.0,0.0,4529.411,0.0,9.208667
2019-10-19,20,0,reserve,system,4334.232,0.0,0.0,4334.232,0.0,7.664094
2019-10-19,21,0,reserve,system,4094.918,0.0,0.0,4094.918,0.0,9.151266
2019-10-19,22,0,reserve,system,3850.996,0.0,0.0,3850.996,0.0,4.773272
2019-10-19,23,0,reserve,system,3644.863,0.0,0.0,3644.863,0.0,10.050976
2019-10-20,0,0,reserve,system,3472.931,0.0,0.0,3472.931,0.0,11.318133
2019-10-20,1,0,reserve,system,3346.118,0.0,0.0,3346.118,0.0,3.100946
2019-10-20,2,0,reserve,system,3263.266,0.0,0.0,3263.266,0.0,9.377516
2019-10-20,3,0,reserve,system,3225.877,0.0,0.0,3225.877,0.0,0.0
2019-10-20,4,0,reserve,system,3226.354,0.0,0.0,3226.354,0.0,0.0
2019-10-20,5,0,reserve,system,3269.793,0.0,0.0,3269.793,0.0,8.990503
2019-10-20,6,0,reserve,system,3346.018,0.0,37.809692,3346.018,0.0,4.223808
2019-10-20,7,0,reserve,system,3480.731,0.0,0.0,3480.731,0.0,6.164309
2019-10-20,8,0,reserve,system,3723.566,0.0,0.0,3723.566,0.0,6.857758
2019-10-20,9,0,reserve,system,3974.227,0.0,25.178011,3974.227,0.0,6.521667
2019-10-20,10,0,reserve,system,4217.328,0.0,0.0,4217.328,0.0,8.362242
2019-10-20,11,0,reserve,system,4471.915,0.0,0.0,4471.915,0.0,2.36583
2019-10-20,12,0,reserve,system,4734.355,0.0,0.0,4734.355,0.0,6.687458
2019-10-20,13,0,reserve,system,4969.104,0.0,0.0,4969.104,0.0,6.887668
2019-10-20,14,0,reserve,system,5151.619,0.0,0.0,5151.619,0.0,7.612519
2019-10-20,15,0,reserve,system,5256.423,0.0,0.636272,5256.423,0.0,11.284099
2019-10-20,16,0,reserve,system,5250.193,0.0,0.0,5250.193,0.0,16.93401
2019-10-20,17,0,reserve,system,5151.72,0.0,0.0,5151.72,0.0,0.0
2019-10-20,18,0,reserve,system,5168.875,0.0,10.501124,5168.875,0.0,13.966073
2019-10-20,19,0,reserve,system,5029.737,0.0,28.435793,5029.737,0.0,23.716025
2019-10-20,20,0,reserve,system,4750.065,0.0,0.0,4750.065,0.0,7.396818
2019-10-20,21,0,reserve,system,4453.92,0.0,0.0,4453.92,0.0,7.91042
2019-10-20,22,0,reserve,system,4178.375,0.0,0.0,4178.375,0.0,3.808268
2019-10-20,23,0,reserve,system,3960.484,0.0,0.0,3960.484,0.0,10.712246
2019-10-21,0,0,reserve,system,3753.921,0.0,0.0,3753.921,0.0,10.149743
2019-10-21,1,0,reserve,system,3624.31,0.0,0.0,3624.31,0.0,0.0
2019-10-21,2,0,reserve,system,3521.251,0.0,0.0,3521.251,0.0,0.0
2019-10-21,3,0,reserve,system,3475.343,0.0,0.0,3475.343,0.0,8.916339
2019-10-21,4,0,reserve,system,3578.83,0.0,0.0,3578.83,0.0,0.0
2019-10-21,5,0,reserve,system,3803.402,0.0,15.086253,3803.402,0.0,9.778004
2019-10-21,6,0,reserve,system,3863.235,0.0,0.0,3863.235,0.0,4.995724
2019-10-21,7,0,reserve,system,3829.449,0.0,28.039165,3829.449,0.0,7.080096
2019-10-21,8,0,reserve,system,3869.012,0.0,0.0,3869.012,0.0,12.6684
2019-10-21,9,0,reserve,system,3947.762,0.0,0.0,3947.762,0.0,9.03253
2019-10-21,10,0,reserve,system,4024.277,0.0,0.0,4024.277,0.0,0.0
2019-10-21,11,0,reserve,system,4101.794,0.0,0.0,4101.794,0.0,10.813923
2019-10-21,12,0,reserve,system,4212.275,0.0,25.782498,4212.275,0.0,11.654252
2019-10-21,13,0,reserve,system,4335.833,0.0,0.0,4335.833,0.0,0.0
2019-10-21,14,0,reserve,system,4446.683,0.0,50.0,4446.683,0.0,11.217961
2019-10-21,15,0,reserve,system,4510.489,0.0,0.0,4510.489,0.0,25.007117
2019-10-21,16,0,reserve,system,4464.403,0.0,0.0,4464.403,0.0,0.0
2019-10-21,17,0,reserve,system,4321.249,0.0,0.0,4321.249,0.0,0.0
2019-10-21,18,0,reserve,system,4287.375,0.0,0.0,4287.375,0.0,18.87802
2019-10-21,19,0,reserve,system,4150.339,0.0,0.0,4150.339,0.0,15.655584
2019-10-21,20,0,reserve,system,3906.887,0.0,0.0,3906.887,0.0,7.979281
2019-10-21,21,0,reserve,system,3600.137,0.0,0.0,3600.137,0.0,9.939811
2019-10-21,22,0,reserve,system,3303.556,0.0,0.0,3303.556,0.0,0.0
2019-10-21,23,0,reserve,system,3097.562,0.0,0.0,3097.562,0.0,0.0
2019-10-22,0,0,reserve,system,2970.44,0.0,0.0,2970.44,0.0,3.17744
2019-10-22,1,0,reserve,system,2899.252,0.0,0.0,2899.252,0.0,0.0
2019-10-22,2,0,reserve,system,2883.295,0.0,0.0,2883.295,0.0,4.827429
2019-10-22,3,0,reserve,system,2931.654,0.0,0.0,2931.654,0.0,7.532852
2019-10-22,4,0,reserve,system,3107.316,0.0,0.0,3107.316,0.0,0.0
2019-10-22,5,0,reserve,system,3429.268,0.0,0.0,3429.268,0.0,9.149889
2019-10-22,6,0,reserve,system,3572.117,0.0,0.0,3572.117,0.0,14.431502
2019-10-22,7,0,reserve,system,3560.554,0.0,0.0,3560.554,0.0,0.0
2019-10-22,8,0,reserve,system,3603.198,0.0,0.0,3603.198,0.0,13.885714
2019-10-22,9,0,reserve,system,3676.197,0.0,0.0,3676.197,0.0,9.029229
2019-10-22,10,0,reserve,system,3744.974,0.0,0.0,3744.974,0.0,5.399261
2019-10-22,11,0,reserve,system,3816.364,0.0,0.0,3816.364,0.0,9.375462
2019-10-22,12,0,reserve,system,3914.547,0.0,0.0,3914.547,0.0,0.0
2019-10-22,13,0,reserve,system,4009.212,0.0,0.0,4009.212,0.0,0.000352
2019-10-22,14,0,reserve,system,4095.067,0.0,0.0,4095.067,0.0,9.35378
2019-10-22,15,0,reserve,system,4175.924,0.0,0.0,4175.924,0.0,5.449473
2019-10-22,16,0,reserve,system,4177.886,0.0,0.0,4177.886,0.0,8.172418
2019-10-22,17,0,reserve,system,4092.286,0.0,0.0,4092.286,0.0,6.967709
2019-10-22,18,0,reserve,system,4105.011,0.0,0.0,4105.011,0.0,21.343198
2019-10-22,19,0,reserve,system,4003.173,0.0,0.0,4003.173,0.0,11.045634
2019-10-22,20,0,reserve,system,3819.27,0.0,0.0,3819.27,0.0,6.696999
2019-10-22,21,0,reserve,system,3552.436,0.0,0.0,3552.436,0.0,6.991751
2019-10-22,22,0,reserve,system,3280.664,0.0,0.0,3280.664,0.0,3.342857
2019-10-22,23,0,reserve,system,3074.628,0.0,0.0,3074.628,0.0,2.43127
2019-10-23,0,0,reserve,system,2960.396,0.0,0.0,2960.396,0.0,2.112677
2019-10-23,1,0,reserve,system,2889.576,0.0,0.0,2889.576,0.0,0.0
2019-10-23,2,0,reserve,system,2879.723,0.0,0.0,2879.723,0.0,0.0
2019-10-23,3,0,reserve,system,2937.658,0.0,0.0,2937.658,0.0,1.522862
2019-10-23,4,0,reserve,system,3124.846,0.0,0.0,3124.846,0.0,2.472049
2019-10-23,5,0,reserve,system,3454.849,0.0,0.0,3454.849,0.0,4.236553
2019-10-23,6,0,reserve,system,3587.898,0.0,0.825457,3587.898,0.0,4.079003
2019-10-23,7,0,reserve,system,3588.177,0.0,0.0,3588.177,0.0,4.401967
2019-10-23,8,0,reserve,system,3653.82,0.0,4.104698,3653.82,0.0,6.455896
2019-10-23,9,0,reserve,system,3766.823,0.0,1.730197,3766.823,0.0,5.00998
2019-10-23,10,0,reserve,system,3878.631,0.0,2.777292,3878.631,0.0,6.699528
2019-10-23,11,0,reserve,system,3980.653,0.0,3.802788,3980.653,0.0,5.437891
2019-10-23,12,0,reserve,system,4104.092,0.0,3.617917,4104.092,0.0,11.367993
2019-10-23,13,0,reserve,system,4216.444,0.0,3.762745,4216.444,0.0,0.0
2019-10-23,14,0,reserve,system,4347.096,0.0,0.0,4347.096,0.0,9.186861
2019-10-23,15,0,reserve,system,4445.586,0.0,0.0,4445.586,0.0,6.018334
2019-10-23,16,0,reserve,system,4440.13,0.0,12.802476,4440.13,0.0,11.869766
2019-10-23,17,0,reserve,system,4355.825,0.0,0.0,4355.825,0.0,0.0
2019-10-23,18,0,reserve,system,4374.013,0.0,50.0,4374.013,0.0,11.295283
2019-10-23,19,0,reserve,system,4290.192,0.0,0.0,4290.192,0.0,22.152485
2019-10-23,20,0,reserve,system,4109.571,0.0,0.0,4109.571,0.0,8.117937
2019-10-23,21,0,reserve,system,3834.724,0.0,0.0,3834.724,0.0,8.306189
2019-10-23,22,0,reserve,system,3544.382,0.0,0.0,3544.382,0.0,2.970438
2019-10-23,23,0,reserve,system,3332.144,0.0,0.0,3332.144,0.0,5.812951
2019-10-24,0,0,reserve,system,3182.255,0.0,0.0,3182.255,0.0,2.158249
2019-10-24,1,0,reserve,system,3100.364,0.0,0.0,3100.364,0.0,0.0
2019-10-24,2,0,reserve,system,3064.388,0.0,0.0,3064.388,0.0,3.283776
2019-10-24,3,0,reserve,system,3097.012,0.0,0.0,3097.012,0.0,3.430698
2019-10-24,4,0,reserve,system,3268.261,0.0,0.0,3268.261,0.0,3.994861
2019-10-24,5,0,reserve,system,3578.872,0.0,24.504589,3578.872,0.0,7.79651
2019-10-24,6,0,reserve,system,3725.049,0.0,11.284188,3725.049,0.0,8.743894
2019-10-24,7,0,reserve,system,3743.464,0.0,0.0,3743.464,0.0,1.827226
2019-10-24,8,0,reserve,system,3857.093,0.0,0.0,3857.093,0.0,17.392606
2019-10-24,9,0,reserve,system,3996.678,0.0,0.0,3996.678,0.0,0.0
2019-10-24,10,0,reserve,system,4155.782,0.0,0.0,4155.782,0.0,4.250475
2019-10-24,11,0,reserve,system,4283.581,0.0,0.0,4283.581,0.0,5.271512
2019-10-24,12,0,reserve,system,4403.541,0.0,0.0,4403.541,0.0,6.822658
2019-10-24,13,0,reserve,system,4462.311,0.0,17.143306,4462.311,0.0,5.468418
2019-10-24,14,0,reserve,system,4484.247,0.0,9.823595,4484.247,0.0,6.157348
2019-10-24,15,0,reserve,system,4506.511,0.0,0.0,4506.511,0.0,6.648667
2019-10-24,16,0,reserve,system,4470.748,0.0,0.0,4470.748,0.0,6.52602
2019-10-24,17,0,reserve,system,4416.731,0.0,0.0,4416.731,0.0,24.531003
2019-10-24,18,0,reserve,system,4400.789,0.0,0.0,4400.789,0.0,8.730596
2019-10-24,19,0,reserve,system,4280.909,0.0,0.0,4280.909,0.0,7.001734
2019-10-24,20,0,reserve,system,4073.276,0.0,0.0,4073.276,0.0,8.955157
2019-10-24,21,0,reserve,system,3790.489,0.0,0.0,3790.489,0.0,0.0
2019-10-24,22,0,reserve,system,3501.412,0.0,0.0,3501.412,0.0,8.494389
2019-10-24,23,0,reserve,system,3301.171,0.0,0.0,3301.171,0.0,0.0
2019-10-25,0,0,reserve,system,3162.922,0.0,0.0,3162.922,0.0,3.196405
2019-10-25,1,0,reserve,system,3071.781,0.0,0.0,3071.781,0.0,1.917243
2019-10-25,2,0,reserve,system,3025.033,0.0,0.0,3025.033,0.0,0.0
2019-10-25,3,0,reserve,system,3048.994,0.0,0.0,3048.994,0.0,0.0
2019-10-25,4,0,reserve,system,3225.95,0.0,0.0,3225.95,0.0,5.614934
2019-10-25,5,0,reserve,system,3570.778,0.0,0.0,3570.778,0.0,3.848498
2019-10-25,6,0,reserve,system,3777.14,0.0,0.0,3777.14,0.0,5.650642
2019-10-25,7,0,reserve,system,3823.738,0.0,0.0,3823.738,0.0,4.609772
2019-10-25,8,0,reserve,system,3860.494,0.0,16.223915,3860.494,0.0,11.055911
2019-10-25,9,0,reserve,system,3894.813,0.0,0.0,3894.813,0.0,6.424975
2019-10-25,10,0,reserve,system,3879.055,0.0,0.0,3879.055,0.0,12.042516
2019-10-25,11,0,reserve,system,3842.642,0.0,0.0,3842.642,0.0,3.775015
2019-10-25,12,0,reserve,system,3823.676,0.0,0.0,3823.676,0.0,7.04664
2019-10-25,13,0,reserve,system,3795.755,0.0,0.0,3795.755,0.0,0.0
2019-10-25,14,0,reserve,system,3766.2,0.0,0.0,3766.2,0.0,0.0
2019-10-25,15,0,reserve,system,3770.874,0.0,22.887356,3770.874,0.0,5.926886
2019-10-25,16,0,reserve,system,3781.051,0.0,1.394602,3781.051,0.0,4.038503
2019-10-25,17,0,reserve,system,3807.695,0.0,0.0,3807.695,0.0,6.370798
2019-10-25,18,0,reserve,system,3858.791,0.0,17.339159,3858.791,0.0,6.091136
2019-10-25,19,0,reserve,system,3821.74,0.0,1.753256,3821.74,0.0,15.567416
2019-10-25,20,0,reserve,system,3733.1,0.0,0.0,3733.1,0.0,8.236681
2019-10-25,21,0,reserve,system,3590.336,0.0,0.0,3590.336,0.0,0.0
2019-10-25,22,0,reserve,system,3426.368,0.0,0.0,3426.368,0.0,8.91442
2019-10-25,23,0,reserve,system,3281.559,0.0,0.0,3281.559,0.0,4.074963
2019-10-26,0,0,reserve,system,3179.689,0.0,0.0,3179.689,0.0,2.291318
2019-10-26,1,0,reserve,system,3120.175,0.0,0.0,3120.175,0.0,4.931982
2019-10-26,2,0,reserve,system,3101.671,0.0,0.0,3101.671,0.0,3.709302
2019-10-26,3,0,reserve,system,3122.839,0.0,0.0,3122.839,0.0,4.399497
2019-10-26,4,0,reserve,system,3201.272,0.0,0.0,3201.272,0.0,4.180799
2019-10-26,5,0,reserve,system,3340.707,0.0,0.0,3340.707,0.0,5.85419
2019-10-26,6,0,reserve,system,3504.918,0.0,0.0,3504.918,0.0,6.938369
2019-10-26,7,0,reserve,system,3619.442,0.0,0.0,3619.442,0.0,6.469289
2019-10-26,8,0,reserve,system,3673.449,0.0,0.0,3673.449,0.0,15.647953
2019-10-26,9,0,reserve,system,3657.793,0.0,0.0,3657.793,0.0,7.887988
2019-10-26,10,0,reserve,system,3570.994,0.0,0.0,3570.994,0.0,5.22226
2019-10-26,11,0,reserve,system,3493.129,0.0,0.0,3493.129,0.0,5.375634
2019-10-26,12,0,reserve,system,3439.413,0.0,0.0,3439.413,0.0,0.0
2019-10-26,13,0,reserve,system,3410.765,0.0,0.0,3410.765,0.0,0.0
2019-10-26,14,0,reserve,system,3412.229,0.0,0.0,3412.229,0.0,5.5379
2019-10-26,15,0,reserve,system,3431.535,0.0,0.617244,3431.535,0.0,3.897473
2019-10-26,16,0,reserve,system,3446.083,0.0,0.0,3446.083,0.0,5.839842
2019-10-26,17,0,reserve,system,3454.551,0.0,0.0,3454.551,0.0,6.743566
2019-10-26,18,0,reserve,system,3549.769,0.0,0.0,3549.769,0.0,6.691149
2019-10-26,19,0,reserve,system,3517.022,0.0,0.0,3517.022,0.0,18.138531
2019-10-26,20,0,reserve,system,3445.042,0.0,0.0,3445.042,0.0,5.525636
2019-10-26,21,0,reserve,system,3327.865,0.0,0.0,3327.865,0.0,9.337578
2019-10-26,22,0,reserve,system,3194.791,0.0,0.0,3194.791,0.0,0.0
2019-10-26,23,0,reserve,system,3072.485,0.0,0.0,3072.485,0.0,0.0
2019-10-27,0,0,reserve,system,2990.639,0.0,0.0,2990.639,0.0,5.708482
2019-10-27,1,0,reserve,system,2942.982,0.0,0.0,2942.982,0.0,2.309332
2019-10-27,2,0,reserve,system,2925.979,0.0,0.0,2925.979,0.0,0.0
2019-10-27,3,0,reserve,system,2943.257,0.0,0.0,2943.257,0.0,0.0
2019-10-27,4,0,reserve,system,2995.444,0.0,0.0,2995.444,0.0,3.941506
2019-10-27,5,0,reserve,system,3107.306,0.0,8.191013,3107.306,0.0,2.804532
2019-10-27,6,0,reserve,system,3240.643,0.0,0.0,3240.643,0.0,6.301832
2019-10-27,7,0,reserve,system,3359.714,0.0,0.0,3359.714,0.0,6.467375
2019-10-27,8,0,reserve,system,3426.968,0.0,37.798188,3426.968,0.0,15.304532
2019-10-27,9,0,reserve,system,3438.993,0.0,0.0,3438.993,0.0,5.459834
2019-10-27,10,0,reserve,system,3443.454,0.0,0.0,3443.454,0.0,4.931222
2019-10-27,11,0,reserve,system,3456.409,0.0,0.0,3456.409,0.0,0.803847
2019-10-27,12,0,reserve,system,3491.917,0.0,0.0,3491.917,0.0,6.716899
2019-10-27,13,0,reserve,system,3551.559,0.0,0.0,3551.559,0.0,0.0
2019-10-27,14,0,reserve,system,3627.127,0.0,3.657711,3627.127,0.0,0.0
2019-10-27,15,0,reserve,system,3701.461,0.0,28.8673,3701.461,0.0,7.893326
2019-10-27,16,0,reserve,system,3752.272,0.0,0.0,3752.272,0.0,4.445769
2019-10-27,17,0,reserve,system,3764.959,0.0,0.0,3764.959,0.0,7.233825
2019-10-27,18,0,reserve,system,3869.013,0.0,0.0,3869.013,0.0,6.894446
2019-10-27,19,0,reserve,system,3815.866,0.0,0.0,3815.866,0.0,19.037163
2019-10-27,20,0,reserve,system,3686.674,0.0,0.0,3686.674,0.0,6.103454
2019-10-27,21,0,reserve,system,3481.22,0.0,0.0,3481.22,0.0,7.821094
2019-10-27,22,0,reserve,system,3236.725,0.0,0.0,3236.725,0.0,3.521612
2019-10-27,23,0,reserve,system,3048.548,0.0,0.0,3048.548,0.0,2.768109
2019-10-28,0,0,reserve,system,2933.716,0.0,22.013912,2933.716,0.0,6.587102
2019-10-28,1,0,reserve,system,2883.841,0.0,0.0,2883.841,0.0,0.0
2019-10-28,2,0,reserve,system,2889.134,0.0,0.0,2889.134,0.0,0.0
2019-10-28,3,0,reserve,system,2960.131,0.0,0.0,2960.131,0.0,3.977483
2019-10-28,4,0,reserve,system,3158.985,0.0,0.0,3158.985,0.0,3.198553
2019-10-28,5,0,reserve,system,3493.005,0.0,10.986258,3493.005,0.0,7.7801
2019-10-28,6,0,reserve,system,3659.884,0.0,11.334194,3659.884,0.0,6.745782
2019-10-28,7,0,reserve,system,3657.096,0.0,14.587637,3657.096,0.0,6.161351
2019-10-28,8,0,reserve,system,3717.639,0.0,32.249176,3717.639,0.0,19.247837
2019-10-28,9,0,reserve,system,3801.135,0.0,12.758175,3801.135,0.0,9.384103
2019-10-28,10,0,reserve,system,3859.741,0.0,0.0,3859.741,0.0,0.0
2019-10-28,11,0,reserve,system,3910.901,0.0,0.0,3910.901,0.0,9.814379
2019-10-28,12,0,reserve,system,3975.105,0.0,0.0,3975.105,0.0,9.85104
2019-10-28,13,0,reserve,system,4026.384,0.0,0.0,4026.384,0.0,0.0
2019-10-28,14,0,reserve,system,4059.514,0.0,0.0,4059.514,0.0,0.0
2019-10-28,15,0,reserve,system,4101.431,0.0,0.0,4101.431,0.0,9.376525
2019-10-28,16,0,reserve,system,4115.639,0.0,0.0,4115.639,0.0,5.337121
2019-10-28,17,0,reserve,system,4136.02,0.0,0.0,4136.02,0.0,8.157404
2019-10-28,18,0,reserve,system,4200.25,0.0,0.0,4200.25,0.0,20.599719
2019-10-28,19,0,reserve,system,4141.092,0.0,0.0,4141.092,0.0,10.008289
2019-10-28,20,0,reserve,system,3982.322,0.0,0.0,3982.322,0.0,7.721439
2019-10-28,21,0,reserve,system,3732.294,0.0,0.0,3732.294,0.0,5.420657
2019-10-28,22,0,reserve,system,3465.074,0.0,0.0,3465.074,0.0,2.164168
2019-10-28,23,0,reserve,system,3294.261,0.0,0.0,3294.261,0.0,5.581531
2019-10-29,0,0,reserve,system,3198.052,0.0,0.0,3198.052,0.0,0.0
2019-10-29,1,0,reserve,system,3141.66,0.0,0.0,3141.66,0.0,2.996286
2019-10-29,2,0,reserve,system,3131.029,0.0,8.492433,3131.029,0.0,1.752261
2019-10-29,3,0,reserve,system,3195.066,0.0,12.256819,3195.066,0.0,3.342857
2019-10-29,4,0,reserve,system,3398.851,0.0,0.808424,3398.851,0.0,3.845801
2019-10-29,5,0,reserve,system,3729.499,0.0,0.0,3729.499,0.0,6.407326
2019-10-29,6,0,reserve,system,3902.988,0.0,0.0,3902.988,0.0,11.105809
2019-10-29,7,0,reserve,system,3917.692,0.0,0.0,3917.692,0.0,0.0
2019-10-29,8,0,reserve,system,3977.626,0.0,40.412605,3977.626,0.0,11.244889
2019-10-29,9,0,reserve,system,4051.545,0.0,0.0,4051.545,0.0,14.453056
2019-10-29,10,0,reserve,system,4089.655,0.0,0.0,4089.655,0.0,0.0
2019-10-29,11,0,reserve,system,4115.882,0.0,0.0,4115.882,0.0,7.438343
2019-10-29,12,0,reserve,system,4130.087,0.0,0.0,4130.087,0.0,10.423581
2019-10-29,13,0,reserve,system,4126.474,0.0,0.0,4126.474,0.0,9.384203
2019-10-29,14,0,reserve,system,4128.401,0.0,0.0,4128.401,0.0,0.0
2019-10-29,15,0,reserve,system,4165.978,0.0,0.0,4165.978,0.0,3.714817
2019-10-29,16,0,reserve,system,4203.635,0.0,6.968763,4203.635,0.0,3.972929
2019-10-29,17,0,reserve,system,4270.58,0.0,6.279957,4270.58,0.0,8.189523
2019-10-29,18,0,reserve,system,4326.613,0.0,0.0,4326.613,0.0,5.733776
2019-10-29,19,0,reserve,system,4274.225,0.0,0.0,4274.225,0.0,18.287024
2019-10-29,20,0,reserve,system,4128.131,0.0,0.0,4128.131,0.0,6.564329
2019-10-29,21,0,reserve,system,3898.45,0.0,0.0,3898.45,0.0,5.927845
2019-10-29,22,0,reserve,system,3658.555,0.0,2.153606,3658.555,0.0,0.41134
2019-10-29,23,0,reserve,system,3495.934,0.0,0.0,3495.934,0.0,7.921322
2019-10-30,0,0,reserve,system,3400.545,0.0,0.0,3400.545,0.0,5.951057
2019-10-30,1,0,reserve,system,3348.148,0.0,0.0,3348.148,0.0,0.0
2019-10-30,2,0,reserve,system,3341.102,0.0,0.146874,3341.102,0.0,0.303992
2019-10-30,3,0,reserve,system,3415.136,0.0,0.0,3415.136,0.0,4.706988
2019-10-30,4,0,reserve,system,3633.526,0.0,0.0,3633.526,0.0,4.236161
2019-10-30,5,0,reserve,system,3962.488,0.0,7.35506,3962.488,0.0,7.43247
2019-10-30,6,0,reserve,system,4127.724,0.0,0.0,4127.724,0.0,6.045495
2019-10-30,7,0,reserve,system,4160.37,0.0,0.0,4160.37,0.0,6.618849
2019-10-30,8,0,reserve,system,4206.215,0.0,0.0,4206.215,0.0,13.151902
2019-10-30,9,0,reserve,system,4242.928,0.0,0.0,4242.928,0.0,8.495294
2019-10-30,10,0,reserve,system,4262.183,0.0,0.0,4262.183,0.0,6.9171
2019-10-30,11,0,reserve,system,4262.493,0.0,39.959817,4262.493,0.0,5.333932
2019-10-30,12,0,reserve,system,4263.209,0.0,2.714598,4263.209,0.0,9.361364
2019-10-30,13,0,reserve,system,4256.729,0.0,0.0,4256.729,0.0,0.0
2019-10-30,14,0,reserve,system,4268.33,0.0,0.0,4268.33,0.0,0.0
2019-10-30,15,0,reserve,system,4330.2,0.0,0.0,4330.2,0.0,9.367091
2019-10-30,16,0,reserve,system,4397.206,0.0,2.092307,4397.206,0.0,5.758125
2019-10-30,17,0,reserve,system,4510.218,0.0,21.078602,4510.218,0.0,11.722277
2019-10-30,18,0,reserve,system,4568.19,0.0,0.0,4568.19,0.0,-0.0
2019-10-30,19,0,reserve,system,4536.74,0.0,0.0,4536.74,0.0,22.552762
2019-10-30,20,0,reserve,system,4421.269,0.0,0.0,4421.269,0.0,6.606308
2019-10-30,21,0,reserve,system,4217.722,0.0,0.0,4217.722,0.0,4.924425
2019-10-30,22,0,reserve,system,4016.057,0.0,0.0,4016.057,0.0,4.195202
2019-10-30,23,0,reserve,system,3882.115,0.0,0.0,3882.115,0.0,9.666672
2019-10-31,0,0,reserve,system,3831.921,0.0,0.0,3831.921,0.0,38.467346
2019-10-31,1,0,reserve,system,3839.962,0.0,7.877202,3839.962,0.0,3.538538
2019-10-31,2,0,reserve,system,3890.877,0.0,0.0,3890.877,0.0,0.522885
2019-10-31,3,0,reserve,system,4009.669,0.0,0.0,4009.669,0.0,3.667883
2019-10-31,4,0,reserve,system,4299.865,0.0,37.798202,4299.865,0.0,8.331992
2019-10-31,5,0,reserve,system,4737.902,0.0,0.0,4737.902,0.0,10.734705
2019-10-31,6,0,reserve,system,4943.294,0.0,0.0,4943.294,0.0,9.172699
2019-10-31,7,0,reserve,system,4863.782,0.0,0.0,4863.782,0.0,19.876356
2019-10-31,8,0,reserve,system,4746.041,0.0,0.0,4746.041,0.0,9.298365
2019-10-31,9,0,reserve,system,4616.756,0.0,0.0,4616.756,0.0,10.365173
2019-10-31,10,0,reserve,system,4459.334,0.0,0.0,4459.334,0.0,9.128642
2019-10-31,11,0,reserve,system,4273.907,0.0,0.0,4273.907,0.0,6.62946
2019-10-31,12,0,reserve,system,4132.011,0.0,0.0,4132.011,0.0,6.461139
2019-10-31,13,0,reserve,system,3993.213,0.0,0.0,3993.213,0.0,8.028105
2019-10-31,14,0,reserve,system,3881.081,0.0,0.0,3881.081,0.0,3.341578
2019-10-31,15,0,reserve,system,3848.164,0.0,0.0,3848.164,0.0,4.222819
2019-10-31,16,0,reserve,system,3858.884,0.0,0.0,3858.884,0.0,0.0
2019-10-31,17,0,reserve,system,3948.322,0.0,0.0,3948.322,0.0,9.971277
2019-10-31,18,0,reserve,system,4133.772,0.0,0.0,4133.772,0.0,9.203248
2019-10-31,19,0,reserve,system,4249.389,0.0,1.138524,4249.389,0.0,15.642336
2019-10-31,20,0,reserve,system,4293.655,0.0,0.0,4293.655,0.0,10.185953
2019-10-31,21,0,reserve,system,4190.361,0.0,0.0,4190.361,0.0,9.516516
2019-10-31,22,0,reserve,system,4041.007,0.0,0.0,4041.007,0.0,5.196858
2019-10-31,23,0,reserve,system,3950.957,0.0,24.258147,3950.957,0.0,9.734825
2019-11-01,0,0,reserve,system,3945.681,0.0,13.106303,3945.681,0.0,43.626398
2019-11-01,1,0,reserve,system,3970.776,0.0,0.0,3970.776,0.0,0.0
2019-11-01,2,0,reserve,system,4028.332,0.0,0.0,4028.332,0.0,0.0
2019-11-01,3,0,reserve,system,4150.485,0.0,0.0,4150.485,0.0,11.282265
2019-11-01,4,0,reserve,system,4417.435,0.0,0.0,4417.435,0.0,7.081436
2019-11-01,5,0,reserve,system,4813.833,0.0,0.0,4813.833,0.0,10.800183
2019-11-01,6,0,reserve,system,4974.323,0.0,0.0,4974.323,0.0,18.298807
2019-11-01,7,0,reserve,system,4870.123,0.0,0.0,4870.123,0.0,9.298516
2019-11-01,8,0,reserve,system,4665.296,0.0,0.0,4665.296,0.0,10.229458
2019-11-01,9,0,reserve,system,4444.599,0.0,0.0,4444.599,0.0,8.696794
2019-11-01,10,0,reserve,system,4231.442,0.0,0.0,4231.442,0.0,7.515347
2019-11-01,11,0,reserve,system,4034.946,0.0,0.0,4034.946,0.0,5.162218
2019-11-01,12,0,reserve,system,3900.587,0.0,0.0,3900.587,0.0,9.316996
2019-11-01,13,0,reserve,system,3784.518,0.0,0.0,3784.518,0.0,0.0
2019-11-01,14,0,reserve,system,3683.074,0.0,0.0,3683.074,0.0,0.0
2019-11-01,15,0,reserve,system,3654.868,0.0,0.0,3654.868,0.0,11.378526
2019-11-01,16,0,reserve,system,3659.556,0.0,0.0,3659.556,0.0,0.0
2019-11-01,17,0,reserve,system,3732.571,0.0,0.0,3732.571,0.0,9.364983
2019-11-01,18,0,reserve,system,3870.392,0.0,0.0,3870.392,0.0,9.003225
2019-11-01,19,0,reserve,system,3879.164,0.0,0.0,3879.164,0.0,21.526759
2019-11-01,20,0,reserve,system,3827.597,0.0,0.0,3827.597,0.0,9.069128
2019-11-01,21,0,reserve,system,3725.697,0.0,0.0,3725.697,0.0,9.871946
2019-11-01,22,0,reserve,system,3601.496,0.0,0.0,3601.496,0.0,0.0
2019-11-01,23,0,reserve,system,3511.61,0.0,0.0,3511.61,0.0,0.0
2019-11-02,0,0,reserve,system,3464.716,0.0,0.0,3464.716,0.0,0.0
2019-11-02,1,0,reserve,system,3457.968,0.0,5.702813,3457.968,0.0,8.571047
2019-11-02,2,0,reserve,system,3473.067,0.0,0.0,3473.067,0.0,0.0
2019-11-02,3,0,reserve,system,3533.511,0.0,0.0,3533.511,0.0,8.053202
2019-11-02,4,0,reserve,system,3646.999,0.0,20.039704,3646.999,0.0,4.82278
2019-11-02,5,0,reserve,system,3833.298,0.0,0.0,3833.298,0.0,7.120144
2019-11-02,6,0,reserve,system,4020.505,0.0,0.0,4020.505,0.0,6.724715
2019-11-02,7,0,reserve,system,4115.318,0.0,0.0,4115.318,0.0,19.063495
2019-11-02,8,0,reserve,system,4059.711,0.0,3.20441,4059.711,0.0,7.564191
2019-11-02,9,0,reserve,system,3934.294,0.0,0.0,3934.294,0.0,7.060353
2019-11-02,10,0,reserve,system,3792.411,0.0,0.0,3792.411,0.0,6.783348
2019-11-02,11,0,reserve,system,3649.018,0.0,0.0,3649.018,0.0,6.021067
2019-11-02,12,0,reserve,system,3547.386,0.0,0.0,3547.386,0.0,9.100014
2019-11-02,13,0,reserve,system,3466.386,0.0,0.0,3466.386,0.0,0.0
2019-11-02,14,0,reserve,system,3430.308,0.0,0.0,3430.308,0.0,0.0
2019-11-02,15,0,reserve,system,3423.101,0.0,0.0,3423.101,0.0,5.219448
2019-11-02,16,0,reserve,system,3432.395,0.0,0.0,3432.395,0.0,3.263129
2019-11-02,17,0,reserve,system,3484.962,0.0,0.0,3484.962,0.0,8.151285
2019-11-02,18,0,reserve,system,3619.673,0.0,0.0,3619.673,0.0,8.269674
2019-11-02,19,0,reserve,system,3614.388,0.0,1.415529,3614.388,0.0,15.351853
2019-11-02,20,0,reserve,system,3583.243,0.0,0.0,3583.243,0.0,5.575889
2019-11-02,21,0,reserve,system,3509.684,0.0,0.0,3509.684,0.0,9.461439
2019-11-02,22,0,reserve,system,3417.353,0.0,0.0,3417.353,0.0,0.0
2019-11-02,23,0,reserve,system,3358.937,0.0,0.0,3358.937,0.0,0.0
2019-11-03,0,0,reserve,system,3332.502,0.0,0.0,3332.502,0.0,0.0
2019-11-03,1,0,reserve,system,3330.993,0.0,0.0,3330.993,0.0,5.655958
2019-11-03,2,0,reserve,system,3351.336,0.0,0.0,3351.336,0.0,6.290942
2019-11-03,3,0,reserve,system,3386.827,0.0,0.0,3386.827,0.0,6.050735
2019-11-03,4,0,reserve,system,3460.986,0.0,0.0,3460.986,0.0,6.005029
2019-11-03,5,0,reserve,system,3579.45,0.0,0.0,3579.45,0.0,5.911892
2019-11-03,6,0,reserve,system,3724.894,0.0,0.0,3724.894,0.0,6.849012
2019-11-03,7,0,reserve,system,3849.487,0.0,0.0,3849.487,0.0,19.86153
2019-11-03,8,0,reserve,system,3871.66,0.0,0.0,3871.66,0.0,7.664266
2019-11-03,9,0,reserve,system,3790.787,0.0,0.0,3790.787,0.0,6.209932
2019-11-03,10,0,reserve,system,3671.31,0.0,0.0,3671.31,0.0,6.976961
2019-11-03,11,0,reserve,system,3573.725,0.0,0.0,3573.725,0.0,4.377584
2019-11-03,12,0,reserve,system,3507.113,0.0,0.0,3507.113,0.0,7.139872
2019-11-03,13,0,reserve,system,3473.037,0.0,0.0,3473.037,0.0,0.0
2019-11-03,14,0,reserve,system,3457.984,0.0,0.0,3457.984,0.0,0.0
2019-11-03,15,0,reserve,system,3464.429,0.0,20.707259,3464.429,0.0,6.696217
2019-11-03,16,0,reserve,system,3493.408,0.0,0.0,3493.408,0.0,0.0
2019-11-03,17,0,reserve,system,3614.443,0.0,4.717844,3614.443,0.0,7.793004
2019-11-03,18,0,reserve,system,3784.489,0.0,0.0,3784.489,0.0,6.488696
2019-11-03,19,0,reserve,system,3777.535,0.0,0.0,3777.535,0.0,21.152519
2019-11-03,20,0,reserve,system,3706.771,0.0,0.0,3706.771,0.0,6.113196
2019-11-03,21,0,reserve,system,3583.175,0.0,0.0,3583.175,0.0,7.631889
2019-11-03,22,0,reserve,system,3389.312,0.0,0.0,3389.312,0.0,0.0
2019-11-03,23,0,reserve,system,3207.743,0.0,0.0,3207.743,0.0,0.0
2019-11-04,0,0,reserve,system,3080.099,0.0,0.0,3080.099,0.0,2.379607
2019-11-04,1,0,reserve,system,3026.969,0.0,0.0,3026.969,0.0,0.0
2019-11-04,2,0,reserve,system,3006.616,0.0,0.0,3006.616,0.0,3.223448
2019-11-04,3,0,reserve,system,3036.589,0.0,0.0,3036.589,0.0,3.717545
2019-11-04,4,0,reserve,system,3133.903,0.0,0.0,3133.903,0.0,3.845184
2019-11-04,5,0,reserve,system,3380.469,0.0,0.0,3380.469,0.0,6.444152
2019-11-04,6,0,reserve,system,3721.111,0.0,27.8429,3721.111,0.0,7.063971
2019-11-04,7,0,reserve,system,3795.988,0.0,0.0,3795.988,0.0,8.762614
2019-11-04,8,0,reserve,system,3767.039,0.0,0.0,3767.039,0.0,19.930217
2019-11-04,9,0,reserve,system,3767.481,0.0,0.0,3767.481,0.0,7.108671
2019-11-04,10,0,reserve,system,3790.684,0.0,0.0,3790.684,0.0,5.121421
2019-11-04,11,0,reserve,system,3815.859,0.0,0.0,3815.859,0.0,9.018062
2019-11-04,12,0,reserve,system,3856.514,0.0,0.0,3856.514,0.0,0.727494
2019-11-04,13,0,reserve,system,3915.512,0.0,0.0,3915.512,0.0,0.0
2019-11-04,14,0,reserve,system,3953.868,0.0,0.0,3953.868,0.0,9.324045
2019-11-04,15,0,reserve,system,3979.613,0.0,0.0,3979.613,0.0,5.79836
2019-11-04,16,0,reserve,system,4003.028,0.0,0.0,4003.028,0.0,6.81381
2019-11-04,17,0,reserve,system,4045.161,0.0,0.0,4045.161,0.0,6.74411
2019-11-04,18,0,reserve,system,4144.789,0.0,0.0,4144.789,0.0,16.243811
2019-11-04,19,0,reserve,system,4078.718,0.0,0.0,4078.718,0.0,14.898578
2019-11-04,20,0,reserve,system,3976.422,0.0,0.0,3976.422,0.0,8.176394
2019-11-04,21,0,reserve,system,3795.239,0.0,0.0,3795.239,0.0,7.471266
2019-11-04,22,0,reserve,system,3546.602,0.0,0.0,3546.602,0.0,4.711892
2019-11-04,23,0,reserve,system,3302.686,0.0,0.0,3302.686,0.0,6.533767
2019-11-05,0,0,reserve,system,3119.593,0.0,0.0,3119.593,0.0,7.727279
2019-11-05,1,0,reserve,system,3023.87,0.0,0.0,3023.87,0.0,0.0
2019-11-05,2,0,reserve,system,2974.367,0.0,0.0,2974.367,0.0,0.137058
2019-11-05,3,0,reserve,system,2970.514,0.0,0.0,2970.514,0.0,4.781321
2019-11-05,4,0,reserve,system,3030.21,0.0,0.0,3030.21,0.0,3.509586
2019-11-05,5,0,reserve,system,3228.983,0.0,37.788085,3228.983,0.0,6.653512
2019-11-05,6,0,reserve,system,3557.011,0.0,38.08886,3557.011,0.0,6.809125
2019-11-05,7,0,reserve,system,3669.656,0.0,0.0,3669.656,0.0,6.485132
2019-11-05,8,0,reserve,system,3745.83,0.0,0.0,3745.83,0.0,8.914786
2019-11-05,9,0,reserve,system,3857.589,0.0,0.0,3857.589,0.0,22.738946
2019-11-05,10,0,reserve,system,3963.326,0.0,0.0,3963.326,0.0,0.0
2019-11-05,11,0,reserve,system,4048.193,0.0,14.104012,4048.193,0.0,16.868975
2019-11-05,12,0,reserve,system,4097.611,0.0,0.0,4097.611,0.0,0.0
2019-11-05,13,0,reserve,system,4165.602,0.0,0.0,4165.602,0.0,0.0
2019-11-05,14,0,reserve,system,4211.144,0.0,49.705234,4211.144,0.0,19.160201
2019-11-05,15,0,reserve,system,4217.626,0.0,17.090938,4217.626,0.0,0.0
2019-11-05,16,0,reserve,system,4214.048,0.0,0.0,4214.048,0.0,0.0
2019-11-05,17,0,reserve,system,4235.719,0.0,0.0,4235.719,0.0,11.321731
2019-11-05,18,0,reserve,system,4306.232,0.0,0.0,4306.232,0.0,14.111563
2019-11-05,19,0,reserve,system,4235.66,0.0,0.0,4235.66,0.0,16.904163
2019-11-05,20,0,reserve,system,4116.374,0.0,0.0,4116.374,0.0,9.29934
2019-11-05,21,0,reserve,system,3925.287,0.0,0.0,3925.287,0.0,9.493645
2019-11-05,22,0,reserve,system,3665.694,0.0,0.0,3665.694,0.0,5.568737
2019-11-05,23,0,reserve,system,3409.676,0.0,0.0,3409.676,0.0,9.487425
2019-11-06,0,0,reserve,system,3230.344,0.0,0.0,3230.344,0.0,12.32573
2019-11-06,1,0,reserve,system,3120.561,0.0,0.0,3120.561,0.0,0.0
2019-11-06,2,0,reserve,system,3067.22,0.0,0.0,3067.22,0.0,8.552978
2019-11-06,3,0,reserve,system,3046.2,0.0,0.0,3046.2,0.0,0.0
2019-11-06,4,0,reserve,system,3105.004,0.0,0.0,3105.004,0.0,0.0
2019-11-06,5,0,reserve,system,3296.851,0.0,0.0,3296.851,0.0,8.990744
2019-11-06,6,0,reserve,system,3598.438,0.0,0.0,3598.438,0.0,5.935387
2019-11-06,7,0,reserve,system,3708.906,0.0,0.0,3708.906,0.0,7.148209
2019-11-06,8,0,reserve,system,3778.533,0.0,0.0,3778.533,0.0,18.19059
2019-11-06,9,0,reserve,system,3892.932,0.0,0.0,3892.932,0.0,9.164044
2019-11-06,10,0,reserve,system,4011.043,0.0,0.0,4011.043,0.0,5.378601
2019-11-06,11,0,reserve,system,4110.762,0.0,0.0,4110.762,0.0,9.913444
2019-11-06,12,0,reserve,system,4190.809,0.0,0.0,4190.809,0.0,0.0
2019-11-06,13,0,reserve,system,4276.004,0.0,0.0,4276.004,0.0,1.090014
2019-11-06,14,0,reserve,system,4303.481,0.0,0.0,4303.481,0.0,13.285702
2019-11-06,15,0,reserve,system,4298.192,0.0,12.55524,4298.192,0.0,4.687867
2019-11-06,16,0,reserve,system,4267.99,0.0,0.0,4267.99,0.0,0.0
2019-11-06,17,0,reserve,system,4277.497,0.0,22.854643,4277.497,0.0,9.485687
2019-11-06,18,0,reserve,system,4336.77,0.0,0.0,4336.77,0.0,7.406708
2019-11-06,19,0,reserve,system,4213.493,0.0,0.0,4213.493,0.0,25.721108
2019-11-06,20,0,reserve,system,4090.554,0.0,0.0,4090.554,0.0,7.081384
2019-11-06,21,0,reserve,system,3902.778,0.0,0.0,3902.778,0.0,7.128359
2019-11-06,22,0,reserve,system,3645.077,0.0,0.0,3645.077,0.0,5.874648
2019-11-06,23,0,reserve,system,3386.984,0.0,0.0,3386.984,0.0,3.974366
2019-11-07,0,0,reserve,system,3198.272,0.0,0.0,3198.272,0.0,3.555609
2019-11-07,1,0,reserve,system,3088.389,0.0,0.0,3088.389,0.0,0.0
2019-11-07,2,0,reserve,system,3037.398,0.0,0.0,3037.398,0.0,3.908794
2019-11-07,3,0,reserve,system,3021.725,0.0,0.0,3021.725,0.0,3.159225
2019-11-07,4,0,reserve,system,3081.496,0.0,14.683299,3081.496,0.0,3.331405
2019-11-07,5,0,reserve,system,3287.147,0.0,0.0,3287.147,0.0,5.500014
2019-11-07,6,0,reserve,system,3617.554,0.0,24.232574,3617.554,0.0,8.904202
2019-11-07,7,0,reserve,system,3745.428,0.0,0.0,3745.428,0.0,14.223022
2019-11-07,8,0,reserve,system,3812.71,0.0,24.213394,3812.71,0.0,1.37627
2019-11-07,9,0,reserve,system,3920.321,0.0,0.0,3920.321,0.0,0.0
2019-11-07,10,0,reserve,system,4029.686,0.0,19.652656,4029.686,0.0,15.75357
2019-11-07,11,0,reserve,system,4102.983,0.0,0.0,4102.983,0.0,5.25269
2019-11-07,12,0,reserve,system,4126.564,0.0,0.0,4126.564,0.0,8.397283
2019-11-07,13,0,reserve,system,4151.752,0.0,0.0,4151.752,0.0,2.831203
2019-11-07,14,0,reserve,system,4158.755,0.0,9.838564,4158.755,0.0,5.14894
2019-11-07,15,0,reserve,system,4155.321,0.0,0.0,4155.321,0.0,6.9689
2019-11-07,16,0,reserve,system,4200.679,0.0,0.0,4200.679,0.0,0.0
2019-11-07,17,0,reserve,system,4323.81,0.0,0.0,4323.81,0.0,8.801677
2019-11-07,18,0,reserve,system,4402.63,0.0,0.0,4402.63,0.0,17.690028
2019-11-07,19,0,reserve,system,4342.83,0.0,0.0,4342.83,0.0,9.839727
2019-11-07,20,0,reserve,system,4260.834,0.0,0.0,4260.834,0.0,7.090315
2019-11-07,21,0,reserve,system,4106.822,0.0,0.0,4106.822,0.0,5.788634
2019-11-07,22,0,reserve,system,3876.252,0.0,0.0,3876.252,0.0,3.299814
2019-11-07,23,0,reserve,system,3670.225,0.0,0.0,3670.225,0.0,7.361159
2019-11-08,0,0,reserve,system,3535.436,0.0,0.0,3535.436,0.0,2.438611
2019-11-08,1,0,reserve,system,3455.661,0.0,0.0,3455.661,0.0,1.614437
2019-11-08,2,0,reserve,system,3425.729,0.0,0.0,3425.729,0.0,4.39624
2019-11-08,3,0,reserve,system,3437.819,0.0,0.0,3437.819,0.0,4.399052
2019-11-08,4,0,reserve,system,3527.298,0.0,3.046142,3527.298,0.0,4.970742
2019-11-08,5,0,reserve,system,3775.104,0.0,0.0,3775.104,0.0,6.845379
2019-11-08,6,0,reserve,system,4146.293,0.0,0.0,4146.293,0.0,6.987092
2019-11-08,7,0,reserve,system,4272.011,0.0,0.0,4272.011,0.0,6.553659
2019-11-08,8,0,reserve,system,4296.411,0.0,0.0,4296.411,0.0,9.384571
2019-11-08,9,0,reserve,system,4318.315,0.0,0.0,4318.315,0.0,10.092661
2019-11-08,10,0,reserve,system,4279.436,0.0,0.0,4279.436,0.0,8.412844
2019-11-08,11,0,reserve,system,4201.441,0.0,0.0,4201.441,0.0,20.017163
2019-11-08,12,0,reserve,system,4108.166,0.0,0.0,4108.166,0.0,13.356785
2019-11-08,13,0,reserve,system,4057.708,0.0,0.0,4057.708,0.0,0.0
2019-11-08,14,0,reserve,system,3991.249,0.0,0.0,3991.249,0.0,0.0
2019-11-08,15,0,reserve,system,3950.19,0.0,0.0,3950.19,0.0,13.564278
2019-11-08,16,0,reserve,system,3977.309,0.0,0.0,3977.309,0.0,0.0
2019-11-08,17,0,reserve,system,4108.375,0.0,0.0,4108.375,0.0,13.034992
2019-11-08,18,0,reserve,system,4214.899,0.0,0.0,4214.899,0.0,16.149832
2019-11-08,19,0,reserve,system,4169.607,0.0,0.0,4169.607,0.0,11.55918
2019-11-08,20,0,reserve,system,4124.861,0.0,0.0,4124.861,0.0,7.072923
2019-11-08,21,0,reserve,system,4044.332,0.0,0.0,4044.332,0.0,8.561389
2019-11-08,22,0,reserve,system,3914.363,0.0,0.0,3914.363,0.0,5.262746
2019-11-08,23,0,reserve,system,3760.441,0.0,0.0,3760.441,0.0,11.816534
2019-11-09,0,0,reserve,system,3646.147,0.0,0.0,3646.147,0.0,14.296637
2019-11-09,1,0,reserve,system,3573.846,0.0,0.0,3573.846,0.0,0.0
2019-11-09,2,0,reserve,system,3547.968,0.0,25.418469,3547.968,0.0,2.929409
2019-11-09,3,0,reserve,system,3560.077,0.0,1.958368,3560.077,0.0,5.125878
2019-11-09,4,0,reserve,system,3622.786,0.0,0.0,3622.786,0.0,7.179644
2019-11-09,5,0,reserve,system,3734.669,0.0,0.0,3734.669,0.0,6.947393
2019-11-09,6,0,reserve,system,3895.198,0.0,0.270007,3895.198,0.0,7.376301
2019-11-09,7,0,reserve,system,4013.44,0.0,0.612208,4013.44,0.0,11.283956
2019-11-09,8,0,reserve,system,4023.874,0.0,0.0,4023.874,0.0,15.761191
2019-11-09,9,0,reserve,system,3938.288,0.0,0.0,3938.288,0.0,7.628921
2019-11-09,10,0,reserve,system,3818.278,0.0,0.0,3818.278,0.0,7.346349
2019-11-09,11,0,reserve,system,3685.953,0.0,0.0,3685.953,0.0,5.269111
2019-11-09,12,0,reserve,system,3580.267,0.0,0.0,3580.267,0.0,9.499187
2019-11-09,13,0,reserve,system,3509.141,0.0,0.0,3509.141,0.0,0.0
2019-11-09,14,0,reserve,system,3466.632,0.0,0.0,3466.632,0.0,0.0
2019-11-09,15,0,reserve,system,3451.537,0.0,0.0,3451.537,0.0,7.087825
2019-11-09,16,0,reserve,system,3464.162,0.0,0.0,3464.162,0.0,5.45708
2019-11-09,17,0,reserve,system,3546.501,0.0,0.0,3546.501,0.0,6.799393
2019-11-09,18,0,reserve,system,3659.214,0.0,0.0,3659.214,0.0,6.515885
2019-11-09,19,0,reserve,system,3636.497,0.0,0.0,3636.497,0.0,20.917107
2019-11-09,20,0,reserve,system,3596.976,0.0,0.0,3596.976,0.0,5.613814
2019-11-09,21,0,reserve,system,3534.366,0.0,0.0,3534.366,0.0,9.271996
2019-11-09,22,0,reserve,system,3426.617,0.0,0.0,3426.617,0.0,0.0
2019-11-09,23,0,reserve,system,3300.973,0.0,0.0,3300.973,0.0,0.0
2019-11-10,0,0,reserve,system,3201.885,0.0,0.0,3201.885,0.0,0.0
2019-11-10,1,0,reserve,system,3146.556,0.0,37.809692,3146.556,0.0,5.22685
2019-11-10,2,0,reserve,system,3117.137,0.0,37.798188,3117.137,0.0,7.373824
2019-11-10,3,0,reserve,system,3111.931,0.0,0.0,3111.931,0.0,0.0
2019-11-10,4,0,reserve,system,3152.34,0.0,0.0,3152.34,0.0,6.596306
2019-11-10,5,0,reserve,system,3230.747,0.0,0.0,3230.747,0.0,5.38189
2019-11-10,6,0,reserve,system,3351.207,0.0,0.0,3351.207,0.0,7.074062
2019-11-10,7,0,reserve,system,3449.285,0.0,0.0,3449.285,0.0,15.847937
2019-11-10,8,0,reserve,system,3512.936,0.0,0.0,3512.936,0.0,6.294268
2019-11-10,9,0,reserve,system,3508.08,0.0,0.0,3508.08,0.0,7.633603
2019-11-10,10,0,reserve,system,3485.322,0.0,0.0,3485.322,0.0,3.019733
2019-11-10,11,0,reserve,system,3473.158,0.0,0.0,3473.158,0.0,5.420797
2019-11-10,12,0,reserve,system,3488.336,0.0,0.0,3488.336,0.0,6.408566
2019-11-10,13,0,reserve,system,3510.813,0.0,0.0,3510.813,0.0,0.0
2019-11-10,14,0,reserve,system,3531.185,0.0,0.0,3531.185,0.0,0.0
2019-11-10,15,0,reserve,system,3541.566,0.0,0.0,3541.566,0.0,7.339505
2019-11-10,16,0,reserve,system,3562.409,0.0,0.0,3562.409,0.0,0.0
2019-11-10,17,0,reserve,system,3686.165,0.0,0.0,3686.165,0.0,9.035645
2019-11-10,18,0,reserve,system,3823.178,0.0,5.885363,3823.178,0.0,5.955175
2019-11-10,19,0,reserve,system,3792.123,0.0,37.798188,3792.123,0.0,20.195153
2019-11-10,20,0,reserve,system,3711.451,0.0,0.0,3711.451,0.0,7.509323
2019-11-10,21,0,reserve,system,3599.256,0.0,0.0,3599.256,0.0,4.782134
2019-11-10,22,0,reserve,system,3420.157,0.0,0.0,3420.157,0.0,4.772647
2019-11-10,23,0,reserve,system,3218.018,0.0,0.0,3218.018,0.0,0.0
2019-11-11,0,0,reserve,system,3061.497,0.0,0.0,3061.497,0.0,2.502071
2019-11-11,1,0,reserve,system,2971.538,0.0,0.0,2971.538,0.0,1.398211
2019-11-11,2,0,reserve,system,2929.835,0.0,0.0,2929.835,0.0,0.0
2019-11-11,3,0,reserve,system,2925.439,0.0,0.0,2925.439,0.0,0.120368
2019-11-11,4,0,reserve,system,2992.05,0.0,0.0,2992.05,0.0,1.566936
2019-11-11,5,0,reserve,system,3182.652,0.0,0.0,3182.652,0.0,4.060016
2019-11-11,6,0,reserve,system,3489.039,0.0,0.0,3489.039,0.0,7.807506
2019-11-11,7,0,reserve,system,3640.628,0.0,28.25919,3640.628,0.0,6.606796
2019-11-11,8,0,reserve,system,3725.12,0.0,0.0,3725.12,0.0,12.194632
2019-11-11,9,0,reserve,system,3838.036,0.0,0.0,3838.036,0.0,0.0
2019-11-11,10,0,reserve,system,3951.611,0.0,0.0,3951.611,0.0,7.953603
2019-11-11,11,0,reserve,system,4049.743,0.0,0.0,4049.743,0.0,5.440446
2019-11-11,12,0,reserve,system,4148.975,0.0,0.0,4148.975,0.0,8.791413
2019-11-11,13,0,reserve,system,4239.961,0.0,0.0,4239.961,0.0,5.555556
2019-11-11,14,0,reserve,system,4309.668,0.0,0.0,4309.668,0.0,9.07911
2019-11-11,15,0,reserve,system,4395.302,0.0,0.0,4395.302,0.0,7.937293
2019-11-11,16,0,reserve,system,4543.286,0.0,0.0,4543.286,0.0,9.931217
2019-11-11,17,0,reserve,system,4785.848,0.0,0.0,4785.848,0.0,9.894415
2019-11-11,18,0,reserve,system,4960.651,0.0,0.0,4960.651,0.0,13.047421
2019-11-11,19,0,reserve,system,4994.648,0.0,0.767739,4994.648,0.0,13.776004
2019-11-11,20,0,reserve,system,4982.662,0.0,0.0,4982.662,0.0,7.937634
2019-11-11,21,0,reserve,system,4874.29,0.0,0.0,4874.29,0.0,4.136361
2019-11-11,22,0,reserve,system,4688.223,0.0,0.0,4688.223,0.0,4.718199
2019-11-11,23,0,reserve,system,4548.527,0.0,0.0,4548.527,0.0,13.766755
2019-11-12,0,0,reserve,system,4466.987,0.0,0.0,4466.987,0.0,7.810102
2019-11-12,1,0,reserve,system,4460.386,0.0,0.0,4460.386,0.0,0.0
2019-11-12,2,0,reserve,system,4501.977,0.0,0.0,4501.977,0.0,7.47885
2019-11-12,3,0,reserve,system,4585.002,0.0,0.0,4585.002,0.0,4.912664
2019-11-12,4,0,reserve,system,4751.142,0.0,0.0,4751.142,0.0,10.93491
2019-11-12,5,0,reserve,system,5078.612,0.0,0.0,5078.612,0.0,4.989669
2019-11-12,6,0,reserve,system,5518.872,0.0,0.0,5518.872,0.0,12.931669
2019-11-12,7,0,reserve,system,5642.676,0.0,0.0,5642.676,0.0,11.0814
2019-11-12,8,0,reserve,system,5590.564,0.0,0.0,5590.564,0.0,36.319418
2019-11-12,9,0,reserve,system,5502.052,0.0,0.0,5502.052,0.0,11.25519
2019-11-12,10,0,reserve,system,5376.081,0.0,0.0,5376.081,0.0,9.961794
2019-11-12,11,0,reserve,system,5222.912,0.0,0.0,5222.912,0.0,8.992965
2019-11-12,12,0,reserve,system,5036.801,0.0,0.0,5036.801,0.0,11.387924
2019-11-12,13,0,reserve,system,4873.701,0.0,0.0,4873.701,0.0,9.390206
2019-11-12,14,0,reserve,system,4753.22,0.0,0.0,4753.22,0.0,0.0
2019-11-12,15,0,reserve,system,4727.292,0.0,0.0,4727.292,0.0,0.0
2019-11-12,16,0,reserve,system,4850.141,0.0,0.0,4850.141,0.0,10.931306
2019-11-12,17,0,reserve,system,5150.215,0.0,0.0,5150.215,0.0,9.082107
2019-11-12,18,0,reserve,system,5390.254,0.0,0.0,5390.254,0.0,15.905757
2019-11-12,19,0,reserve,system,5436.607,0.0,0.0,5436.607,0.0,34.82418
2019-11-12,20,0,reserve,system,5420.741,0.0,0.0,5420.741,0.0,14.981451
2019-11-12,21,0,reserve,system,5287.874,0.0,0.0,5287.874,0.0,13.111992
2019-11-12,22,0,reserve,system,5057.427,0.0,0.0,5057.427,0.0,4.100673
2019-11-12,23,0,reserve,system,4880.697,0.0,0.0,4880.697,0.0,12.89436
2019-11-13,0,0,reserve,system,4782.159,0.0,0.0,4782.159,0.0,14.63737
2019-11-13,1,0,reserve,system,4758.569,0.0,0.0,4758.569,0.0,0.0
2019-11-13,2,0,reserve,system,4778.057,0.0,0.0,4778.057,0.0,6.466853
2019-11-13,3,0,reserve,system,4825.099,0.0,0.0,4825.099,0.0,5.496377
2019-11-13,4,0,reserve,system,4948.919,0.0,0.0,4948.919,0.0,5.357622
2019-11-13,5,0,reserve,system,5226.155,0.0,0.0,5226.155,0.0,7.883596
2019-11-13,6,0,reserve,system,5598.364,0.0,50.0,5598.364,0.0,30.119091
2019-11-13,7,0,reserve,system,5611.962,0.0,0.0,5611.962,0.0,14.579055
2019-11-13,8,0,reserve,system,5439.667,0.0,0.0,5439.667,0.0,8.679407
2019-11-13,9,0,reserve,system,5255.59,0.0,0.0,5255.59,0.0,12.35279
2019-11-13,10,0,reserve,system,5092.401,0.0,2.739845,5092.401,0.0,3.998313
2019-11-13,11,0,reserve,system,4944.872,0.0,0.0,4944.872,0.0,11.906172
2019-11-13,12,0,reserve,system,4808.78,0.0,0.0,4808.78,0.0,7.971628
2019-11-13,13,0,reserve,system,4713.476,0.0,0.0,4713.476,0.0,6.511814
2019-11-13,14,0,reserve,system,4651.438,0.0,0.0,4651.438,0.0,0.0
2019-11-13,15,0,reserve,system,4669.525,0.0,0.0,4669.525,0.0,7.47203
2019-11-13,16,0,reserve,system,4760.105,0.0,0.0,4760.105,0.0,1.888586
2019-11-13,17,0,reserve,system,4963.968,0.0,0.0,4963.968,0.0,11.488373
2019-11-13,18,0,reserve,system,5084.81,0.0,0.0,5084.81,0.0,9.022214
2019-11-13,19,0,reserve,system,5038.674,0.0,0.0,5038.674,0.0,26.675279
2019-11-13,20,0,reserve,system,4939.934,0.0,0.0,4939.934,0.0,6.192748
2019-11-13,21,0,reserve,system,4742.91,0.0,0.0,4742.91,0.0,13.437031
2019-11-13,22,0,reserve,system,4465.702,0.0,0.0,4465.702,0.0,0.0
2019-11-13,23,0,reserve,system,4214.947,0.0,0.0,4214.947,0.0,0.0
2019-11-14,0,0,reserve,system,4066.298,0.0,0.0,4066.298,0.0,16.528032
2019-11-14,1,0,reserve,system,3984.0,0.0,0.0,3984.0,0.0,0.0
2019-11-14,2,0,reserve,system,3960.681,0.0,0.0,3960.681,0.0,14.90663
2019-11-14,3,0,reserve,system,3982.884,0.0,0.0,3982.884,0.0,0.0
2019-11-14,4,0,reserve,system,4081.291,0.0,0.0,4081.291,0.0,0.0
2019-11-14,5,0,reserve,system,4342.338,0.0,0.0,4342.338,0.0,10.443311
2019-11-14,6,0,reserve,system,4712.817,0.0,0.0,4712.817,0.0,9.700638
2019-11-14,7,0,reserve,system,4788.514,0.0,0.0,4788.514,0.0,18.294789
2019-11-14,8,0,reserve,system,4711.59,0.0,0.0,4711.59,0.0,10.292275
2019-11-14,9,0,reserve,system,4648.553,0.0,0.0,4648.553,0.0,8.658918
2019-11-14,10,0,reserve,system,4579.759,0.0,0.0,4579.759,0.0,6.107751
2019-11-14,11,0,reserve,system,4507.193,0.0,0.0,4507.193,0.0,5.943242
2019-11-14,12,0,reserve,system,4416.519,0.0,0.0,4416.519,0.0,7.803272
2019-11-14,13,0,reserve,system,4359.835,0.0,0.0,4359.835,0.0,4.310734
2019-11-14,14,0,reserve,system,4295.008,0.0,4.145681,4295.008,0.0,10.195525
2019-11-14,15,0,reserve,system,4256.529,0.0,0.0,4256.529,0.0,0.0
2019-11-14,16,0,reserve,system,4290.731,0.0,0.0,4290.731,0.0,0.0
2019-11-14,17,0,reserve,system,4468.788,0.0,0.0,4468.788,0.0,9.961492
2019-11-14,18,0,reserve,system,4620.345,0.0,0.0,4620.345,0.0,10.30361
2019-11-14,19,0,reserve,system,4621.417,0.0,0.0,4621.417,0.0,19.118128
2019-11-14,20,0,reserve,system,4591.047,0.0,0.0,4591.047,0.0,8.637142
2019-11-14,21,0,reserve,system,4483.888,0.0,0.0,4483.888,0.0,8.433085
2019-11-14,22,0,reserve,system,4287.917,0.0,0.0,4287.917,0.0,8.707695
2019-11-14,23,0,reserve,system,4114.527,0.0,0.0,4114.527,0.0,4.396664
2019-11-15,0,0,reserve,system,4015.625,0.0,0.0,4015.625,0.0,36.793337
2019-11-15,1,0,reserve,system,3999.019,0.0,0.0,3999.019,0.0,0.0
2019-11-15,2,0,reserve,system,4015.024,0.0,0.0,4015.024,0.0,4.90235
2019-11-15,3,0,reserve,system,4084.27,0.0,0.0,4084.27,0.0,8.559035
2019-11-15,4,0,reserve,system,4241.088,0.0,1.491695,4241.088,0.0,7.790902
2019-11-15,5,0,reserve,system,4554.339,0.0,0.0,4554.339,0.0,7.42509
2019-11-15,6,0,reserve,system,4946.183,0.0,0.0,4946.183,0.0,9.569152
2019-11-15,7,0,reserve,system,4987.827,0.0,0.0,4987.827,0.0,13.724919
2019-11-15,8,0,reserve,system,4748.693,0.0,0.0,4748.693,0.0,8.276068
2019-11-15,9,0,reserve,system,4498.231,0.0,0.0,4498.231,0.0,9.742337
2019-11-15,10,0,reserve,system,4277.298,0.0,0.0,4277.298,0.0,8.18853
2019-11-15,11,0,reserve,system,4078.243,0.0,0.0,4078.243,0.0,7.904395
2019-11-15,12,0,reserve,system,3912.875,0.0,0.0,3912.875,0.0,5.443679
2019-11-15,13,0,reserve,system,3811.502,0.0,0.0,3811.502,0.0,9.481438
2019-11-15,14,0,reserve,system,3727.104,0.0,0.0,3727.104,0.0,0.015079
2019-11-15,15,0,reserve,system,3674.999,0.0,0.0,3674.999,0.0,0.0
2019-11-15,16,0,reserve,system,3699.029,0.0,0.0,3699.029,0.0,9.363226
2019-11-15,17,0,reserve,system,3850.418,0.0,0.0,3850.418,0.0,5.813055
2019-11-15,18,0,reserve,system,4014.877,0.0,7.859534,4014.877,0.0,9.250449
2019-11-15,19,0,reserve,system,4044.035,0.0,0.0,4044.035,0.0,16.053674
2019-11-15,20,0,reserve,system,4073.54,0.0,0.0,4073.54,0.0,13.929298
2019-11-15,21,0,reserve,system,4069.355,0.0,0.0,4069.355,0.0,10.53066
2019-11-15,22,0,reserve,system,4017.969,0.0,0.0,4017.969,0.0,0.0
2019-11-15,23,0,reserve,system,3929.784,0.0,0.0,3929.784,0.0,0.0
2019-11-16,0,0,reserve,system,3869.709,0.0,0.0,3869.709,0.0,0.0
2019-11-16,1,0,reserve,system,3856.612,0.0,38.08886,3856.612,0.0,10.984816
2019-11-16,2,0,reserve,system,3871.874,0.0,0.0,3871.874,0.0,7.912501
2019-11-16,3,0,reserve,system,3919.658,0.0,0.0,3919.658,0.0,9.892387
2019-11-16,4,0,reserve,system,4015.539,0.0,0.0,4015.539,0.0,9.12766
2019-11-16,5,0,reserve,system,4178.455,0.0,0.0,4178.455,0.0,9.370345
2019-11-16,6,0,reserve,system,4376.113,0.0,0.0,4376.113,0.0,8.764582
2019-11-16,7,0,reserve,system,4515.229,0.0,0.0,4515.229,0.0,16.997505
2019-11-16,8,0,reserve,system,4441.961,0.0,0.0,4441.961,0.0,9.221423
2019-11-16,9,0,reserve,system,4241.563,0.0,0.0,4241.563,0.0,9.970452
2019-11-16,10,0,reserve,system,4037.903,0.0,0.0,4037.903,0.0,8.702471
2019-11-16,11,0,reserve,system,3858.557,0.0,0.0,3858.557,0.0,5.066562
2019-11-16,12,0,reserve,system,3706.098,0.0,0.0,3706.098,0.0,9.809135
2019-11-16,13,0,reserve,system,3587.58,0.0,0.0,3587.58,0.0,0.0
2019-11-16,14,0,reserve,system,3524.517,0.0,0.0,3524.517,0.0,7.189498
2019-11-16,15,0,reserve,system,3493.442,0.0,0.0,3493.442,0.0,0.0
2019-11-16,16,0,reserve,system,3521.726,0.0,0.0,3521.726,0.0,0.0
2019-11-16,17,0,reserve,system,3672.858,0.0,13.153594,3672.858,0.0,9.773445
2019-11-16,18,0,reserve,system,3815.986,0.0,23.102131,3815.986,0.0,5.3621
2019-11-16,19,0,reserve,system,3830.873,0.0,0.0,3830.873,0.0,24.613092
2019-11-16,20,0,reserve,system,3830.123,0.0,0.0,3830.123,0.0,5.389216
2019-11-16,21,0,reserve,system,3793.854,0.0,0.0,3793.854,0.0,9.650146
2019-11-16,22,0,reserve,system,3709.509,0.0,0.0,3709.509,0.0,0.0
2019-11-16,23,0,reserve,system,3598.31,0.0,0.0,3598.31,0.0,0.0
2019-11-17,0,0,reserve,system,3517.373,0.0,0.0,3517.373,0.0,5.009307
2019-11-17,1,0,reserve,system,3470.461,0.0,0.0,3470.461,0.0,0.0
2019-11-17,2,0,reserve,system,3459.604,0.0,0.0,3459.604,0.0,8.741405
2019-11-17,3,0,reserve,system,3475.311,0.0,0.0,3475.311,0.0,4.864155
2019-11-17,4,0,reserve,system,3530.315,0.0,0.0,3530.315,0.0,7.27557
2019-11-17,5,0,reserve,system,3641.736,0.0,0.0,3641.736,0.0,7.565917
2019-11-17,6,0,reserve,system,3784.27,0.0,0.0,3784.27,0.0,14.848624
2019-11-17,7,0,reserve,system,3894.96,0.0,0.0,3894.96,0.0,0.0
2019-11-17,8,0,reserve,system,3936.583,0.0,0.0,3936.583,0.0,24.638928
2019-11-17,9,0,reserve,system,3878.033,0.0,0.0,3878.033,0.0,10.58067
2019-11-17,10,0,reserve,system,3756.074,0.0,0.0,3756.074,0.0,6.903489
2019-11-17,11,0,reserve,system,3638.133,0.0,0.0,3638.133,0.0,5.856791
2019-11-17,12,0,reserve,system,3550.024,0.0,0.0,3550.024,0.0,8.171071
2019-11-17,13,0,reserve,system,3488.695,0.0,0.0,3488.695,0.0,0.0
2019-11-17,14,0,reserve,system,3451.359,0.0,0.0,3451.359,0.0,0.0
2019-11-17,15,0,reserve,system,3457.782,0.0,5.234302,3457.782,0.0,5.887471
2019-11-17,16,0,reserve,system,3490.591,0.0,0.0,3490.591,0.0,1.633274
2019-11-17,17,0,reserve,system,3662.252,0.0,0.0,3662.252,0.0,9.161513
2019-11-17,18,0,reserve,system,3819.737,0.0,0.0,3819.737,0.0,7.760448
2019-11-17,19,0,reserve,system,3822.19,0.0,0.0,3822.19,0.0,21.436329
2019-11-17,20,0,reserve,system,3777.658,0.0,0.0,3777.658,0.0,8.055327
2019-11-17,21,0,reserve,system,3677.193,0.0,0.0,3677.193,0.0,12.061616
2019-11-17,22,0,reserve,system,3502.37,0.0,0.0,3502.37,0.0,0.0
2019-11-17,23,0,reserve,system,3328.73,0.0,0.0,3328.73,0.0,0.0
2019-11-18,0,0,reserve,system,3229.815,0.0,0.0,3229.815,0.0,11.018131
2019-11-18,1,0,reserve,system,3195.831,0.0,0.0,3195.831,0.0,0.0
2019-11-18,2,0,reserve,system,3204.176,0.0,0.0,3204.176,0.0,0.0
2019-11-18,3,0,reserve,system,3260.722,0.0,0.0,3260.722,0.0,11.306068
2019-11-18,4,0,reserve,system,3410.002,0.0,0.0,3410.002,0.0,0.0
2019-11-18,5,0,reserve,system,3706.599,0.0,0.0,3706.599,0.0,9.594331
2019-11-18,6,0,reserve,system,4136.953,0.0,0.0,4136.953,0.0,9.64296
2019-11-18,7,0,reserve,system,4225.118,0.0,0.0,4225.118,0.0,20.401338
2019-11-18,8,0,reserve,system,4091.557,0.0,0.0,4091.557,0.0,9.402849
2019-11-18,9,0,reserve,system,3961.881,0.0,0.0,3961.881,0.0,9.225764
2019-11-18,10,0,reserve,system,3866.874,0.0,0.0,3866.874,0.0,8.207729
2019-11-18,11,0,reserve,system,3794.971,0.0,0.0,3794.971,0.0,5.500976
2019-11-18,12,0,reserve,system,3762.305,0.0,0.0,3762.305,0.0,9.339473
2019-11-18,13,0,reserve,system,3761.751,0.0,0.0,3761.751,0.0,0.0
2019-11-18,14,0,reserve,system,3761.839,0.0,0.0,3761.839,0.0,0.0
2019-11-18,15,0,reserve,system,3763.212,0.0,0.0,3763.212,0.0,9.328646
2019-11-18,16,0,reserve,system,3785.087,0.0,0.0,3785.087,0.0,5.49931
2019-11-18,17,0,reserve,system,3867.472,0.0,0.0,3867.472,0.0,9.248404
2019-11-18,18,0,reserve,system,3981.826,0.0,0.0,3981.826,0.0,12.459915
2019-11-18,19,0,reserve,system,3943.997,0.0,0.0,3943.997,0.0,16.597117
2019-11-18,20,0,reserve,system,3868.611,0.0,0.0,3868.611,0.0,9.698734
2019-11-18,21,0,reserve,system,3715.889,0.0,0.0,3715.889,0.0,8.326311
2019-11-18,22,0,reserve,system,3501.182,0.0,0.0,3501.182,0.0,8.727243
2019-11-18,23,0,reserve,system,3297.968,0.0,0.0,3297.968,0.0,4.115543
2019-11-19,0,0,reserve,system,3171.756,0.0,0.0,3171.756,0.0,11.599557
2019-11-19,1,0,reserve,system,3122.146,0.0,0.0,3122.146,0.0,0.0
2019-11-19,2,0,reserve,system,3111.567,0.0,0.0,3111.567,0.0,0.0
2019-11-19,3,0,reserve,system,3147.303,0.0,0.0,3147.303,0.0,8.098416
2019-11-19,4,0,reserve,system,3262.575,0.0,0.0,3262.575,0.0,4.88215
2019-11-19,5,0,reserve,system,3538.472,0.0,0.0,3538.472,0.0,8.431097
2019-11-19,6,0,reserve,system,3927.241,0.0,0.0,3927.241,0.0,12.577357
2019-11-19,7,0,reserve,system,4008.842,0.0,0.0,4008.842,0.0,10.997513
2019-11-19,8,0,reserve,system,3909.948,0.0,0.0,3909.948,0.0,16.310544
2019-11-19,9,0,reserve,system,3824.213,0.0,0.0,3824.213,0.0,9.095967
2019-11-19,10,0,reserve,system,3785.114,0.0,0.0,3785.114,0.0,8.285721
2019-11-19,11,0,reserve,system,3764.563,0.0,0.0,3764.563,0.0,5.78231
2019-11-19,12,0,reserve,system,3793.318,0.0,0.0,3793.318,0.0,7.523748
2019-11-19,13,0,reserve,system,3850.627,0.0,0.0,3850.627,0.0,4.993372
2019-11-19,14,0,reserve,system,3873.491,0.0,0.0,3873.491,0.0,9.388062
2019-11-19,15,0,reserve,system,3881.514,0.0,0.0,3881.514,0.0,0.0
2019-11-19,16,0,reserve,system,3886.332,0.0,0.0,3886.332,0.0,0.0
2019-11-19,17,0,reserve,system,3933.798,0.0,0.0,3933.798,0.0,9.740958
2019-11-19,18,0,reserve,system,4035.386,0.0,0.0,4035.386,0.0,5.991417
2019-11-19,19,0,reserve,system,3974.559,0.0,9.835946,3974.559,0.0,20.911159
2019-11-19,20,0,reserve,system,3896.24,0.0,0.0,3896.24,0.0,7.296006
2019-11-19,21,0,reserve,system,3740.747,0.0,0.0,3740.747,0.0,5.148158
2019-11-19,22,0,reserve,system,3500.643,0.0,0.0,3500.643,0.0,3.489113
2019-11-19,23,0,reserve,system,3272.253,0.0,0.0,3272.253,0.0,3.625807
2019-11-20,0,0,reserve,system,3111.021,0.0,0.0,3111.021,0.0,1.996493
2019-11-20,1,0,reserve,system,3013.904,0.0,0.0,3013.904,0.0,1.739277
2019-11-20,2,0,reserve,system,2969.337,0.0,0.0,2969.337,0.0,0.0
2019-11-20,3,0,reserve,system,2966.967,0.0,0.0,2966.967,0.0,0.0
2019-11-20,4,0,reserve,system,3036.233,0.0,0.0,3036.233,0.0,2.336914
2019-11-20,5,0,reserve,system,3246.423,0.0,0.0,3246.423,0.0,3.342857
2019-11-20,6,0,reserve,system,3580.609,0.0,0.4318,3580.609,0.0,4.499127
2019-11-20,7,0,reserve,system,3702.014,0.0,1.672368,3702.014,0.0,5.65813
2019-11-20,8,0,reserve,system,3740.409,0.0,43.634342,3740.409,0.0,6.617173
2019-11-20,9,0,reserve,system,3806.221,0.0,0.0,3806.221,0.0,10.950134
2019-11-20,10,0,reserve,system,3882.95,0.0,0.0,3882.95,0.0,6.44903
2019-11-20,11,0,reserve,system,3930.108,0.0,34.230449,3930.108,0.0,8.884842
2019-11-20,12,0,reserve,system,3972.814,0.0,0.0,3972.814,0.0,0.0
2019-11-20,13,0,reserve,system,4031.89,0.0,0.0,4031.89,0.0,6.231883
2019-11-20,14,0,reserve,system,4052.382,0.0,45.642923,4052.382,0.0,6.088668
2019-11-20,15,0,reserve,system,4055.898,0.0,2.143143,4055.898,0.0,10.75237
2019-11-20,16,0,reserve,system,4056.073,0.0,0.0,4056.073,0.0,0.0
2019-11-20,17,0,reserve,system,4131.672,0.0,0.0,4131.672,0.0,9.304513
2019-11-20,18,0,reserve,system,4222.29,0.0,16.31405,4222.29,0.0,5.795893
2019-11-20,19,0,reserve,system,4172.983,0.0,30.771306,4172.983,0.0,14.895106
2019-11-20,20,0,reserve,system,4100.81,0.0,0.0,4100.81,0.0,6.748171
2019-11-20,21,0,reserve,system,3947.981,0.0,0.0,3947.981,0.0,5.448555
2019-11-20,22,0,reserve,system,3710.886,0.0,0.0,3710.886,0.0,3.186783
2019-11-20,23,0,reserve,system,3454.131,0.0,0.0,3454.131,0.0,5.031382
2019-11-21,0,0,reserve,system,3270.393,0.0,0.0,3270.393,0.0,2.501149
2019-11-21,1,0,reserve,system,3143.095,0.0,0.0,3143.095,0.0,0.0
2019-11-21,2,0,reserve,system,3078.221,0.0,0.0,3078.221,0.0,1.046673
2019-11-21,3,0,reserve,system,3055.882,0.0,0.0,3055.882,0.0,0.0
2019-11-21,4,0,reserve,system,3108.617,0.0,0.0,3108.617,0.0,3.457499
2019-11-21,5,0,reserve,system,3296.235,0.0,0.0,3296.235,0.0,2.820899
2019-11-21,6,0,reserve,system,3627.964,0.0,28.349358,3627.964,0.0,6.661864
2019-11-21,7,0,reserve,system,3758.356,0.0,0.0,3758.356,0.0,6.435398
2019-11-21,8,0,reserve,system,3824.988,0.0,0.0,3824.988,0.0,7.298655
2019-11-21,9,0,reserve,system,3937.248,0.0,38.0967,3937.248,0.0,10.678531
2019-11-21,10,0,reserve,system,4038.925,0.0,0.0,4038.925,0.0,6.441801
2019-11-21,11,0,reserve,system,4100.59,0.0,0.0,4100.59,0.0,11.879368
2019-11-21,12,0,reserve,system,4130.675,0.0,0.0,4130.675,0.0,7.569797
2019-11-21,13,0,reserve,system,4164.479,0.0,0.0,4164.479,0.0,2.326517
2019-11-21,14,0,reserve,system,4171.589,0.0,0.0,4171.589,0.0,5.573817
2019-11-21,15,0,reserve,system,4164.213,0.0,0.0,4164.213,0.0,5.650942
2019-11-21,16,0,reserve,system,4177.346,0.0,0.0,4177.346,0.0,0.0
2019-11-21,17,0,reserve,system,4262.145,0.0,0.0,4262.145,0.0,9.945057
2019-11-21,18,0,reserve,system,4308.361,0.0,23.759113,4308.361,0.0,10.579001
2019-11-21,19,0,reserve,system,4253.344,0.0,0.0,4253.344,0.0,19.950986
2019-11-21,20,0,reserve,system,4158.921,0.0,0.0,4158.921,0.0,7.010912
2019-11-21,21,0,reserve,system,3998.315,0.0,0.0,3998.315,0.0,7.063414
2019-11-21,22,0,reserve,system,3770.167,0.0,0.0,3770.167,0.0,5.760734
2019-11-21,23,0,reserve,system,3523.681,0.0,0.0,3523.681,0.0,7.882956
2019-11-22,0,0,reserve,system,3335.143,0.0,0.0,3335.143,0.0,8.368784
2019-11-22,1,0,reserve,system,3222.584,0.0,0.0,3222.584,0.0,2.765452
2019-11-22,2,0,reserve,system,3153.744,0.0,0.0,3153.744,0.0,4.80415
2019-11-22,3,0,reserve,system,3132.53,0.0,0.0,3132.53,0.0,0.0
2019-11-22,4,0,reserve,system,3192.102,0.0,0.0,3192.102,0.0,0.0
2019-11-22,5,0,reserve,system,3391.002,0.0,3.984646,3391.002,0.0,5.120713
2019-11-22,6,0,reserve,system,3724.667,0.0,34.331226,3724.667,0.0,7.332898
2019-11-22,7,0,reserve,system,3884.191,0.0,0.0,3884.191,0.0,6.015464
2019-11-22,8,0,reserve,system,3961.199,0.0,0.0,3961.199,0.0,7.254336
2019-11-22,9,0,reserve,system,4059.967,0.0,0.0,4059.967,0.0,5.428934
2019-11-22,10,0,reserve,system,4137.373,0.0,0.0,4137.373,0.0,6.754206
2019-11-22,11,0,reserve,system,4149.375,0.0,0.0,4149.375,0.0,17.626367
2019-11-22,12,0,reserve,system,4094.592,0.0,0.0,4094.592,0.0,7.130523
2019-11-22,13,0,reserve,system,4068.615,0.0,0.0,4068.615,0.0,5.07574
2019-11-22,14,0,reserve,system,4027.201,0.0,0.0,4027.201,0.0,5.71531
2019-11-22,15,0,reserve,system,3986.758,0.0,0.0,3986.758,0.0,3.023499
2019-11-22,16,0,reserve,system,4005.425,0.0,0.0,4005.425,0.0,1.386373
2019-11-22,17,0,reserve,system,4110.952,0.0,0.0,4110.952,0.0,14.409727
2019-11-22,18,0,reserve,system,4167.252,0.0,0.0,4167.252,0.0,7.542477
2019-11-22,19,0,reserve,system,4110.17,0.0,0.0,4110.17,0.0,19.341199
2019-11-22,20,0,reserve,system,4048.819,0.0,0.0,4048.819,0.0,10.187051
2019-11-22,21,0,reserve,system,3964.674,0.0,0.0,3964.674,0.0,7.41099
2019-11-22,22,0,reserve,system,3808.947,0.0,0.0,3808.947,0.0,5.477415
2019-11-22,23,0,reserve,system,3656.122,0.0,0.0,3656.122,0.0,9.093535
2019-11-23,0,0,reserve,system,3527.87,0.0,0.0,3527.87,0.0,12.021323
2019-11-23,1,0,reserve,system,3462.564,0.0,0.0,3462.564,0.0,0.0
2019-11-23,2,0,reserve,system,3432.749,0.0,2.00958,3432.749,0.0,0.0
2019-11-23,3,0,reserve,system,3431.004,0.0,2.422006,3431.004,0.0,9.265368
2019-11-23,4,0,reserve,system,3486.209,0.0,0.0,3486.209,0.0,3.765121
2019-11-23,5,0,reserve,system,3613.7,0.0,0.0,3613.7,0.0,7.401612
2019-11-23,6,0,reserve,system,3792.325,0.0,0.0,3792.325,0.0,7.971773
2019-11-23,7,0,reserve,system,3957.556,0.0,0.0,3957.556,0.0,8.007762
2019-11-23,8,0,reserve,system,4047.245,0.0,0.0,4047.245,0.0,13.485272
2019-11-23,9,0,reserve,system,4047.638,0.0,0.0,4047.638,0.0,15.786275
2019-11-23,10,0,reserve,system,3981.646,0.0,0.0,3981.646,0.0,6.334685
2019-11-23,11,0,reserve,system,3865.871,0.0,0.0,3865.871,0.0,6.962444
2019-11-23,12,0,reserve,system,3748.725,0.0,0.0,3748.725,0.0,6.282318
2019-11-23,13,0,reserve,system,3652.156,0.0,0.0,3652.156,0.0,6.744851
2019-11-23,14,0,reserve,system,3590.41,0.0,0.0,3590.41,0.0,-0.0
2019-11-23,15,0,reserve,system,3555.017,0.0,0.0,3555.017,0.0,6.55635
2019-11-23,16,0,reserve,system,3579.325,0.0,0.0,3579.325,0.0,0.0
2019-11-23,17,0,reserve,system,3709.907,0.0,0.0,3709.907,0.0,9.918794
2019-11-23,18,0,reserve,system,3843.361,0.0,0.0,3843.361,0.0,7.683725
2019-11-23,19,0,reserve,system,3832.434,0.0,0.0,3832.434,0.0,15.003635
2019-11-23,20,0,reserve,system,3816.477,0.0,0.0,3816.477,0.0,11.406708
2019-11-23,21,0,reserve,system,3765.416,0.0,0.0,3765.416,0.0,10.48424
2019-11-23,22,0,reserve,system,3679.738,0.0,0.0,3679.738,0.0,8.454363
2019-11-23,23,0,reserve,system,3573.799,0.0,0.0,3573.799,0.0,8.533186
2019-11-24,0,0,reserve,system,3487.002,0.0,0.0,3487.002,0.0,14.387415
2019-11-24,1,0,reserve,system,3437.298,0.0,0.0,3437.298,0.0,0.0
2019-11-24,2,0,reserve,system,3425.965,0.0,0.0,3425.965,0.0,13.100427
2019-11-24,3,0,reserve,system,3439.14,0.0,0.0,3439.14,0.0,0.0
2019-11-24,4,0,reserve,system,3492.828,0.0,0.0,3492.828,0.0,0.0
2019-11-24,5,0,reserve,system,3600.557,0.0,0.0,3600.557,0.0,9.385923
2019-11-24,6,0,reserve,system,3753.901,0.0,0.0,3753.901,0.0,5.683791
2019-11-24,7,0,reserve,system,3880.939,0.0,37.809692,3880.939,0.0,9.255135
2019-11-24,8,0,reserve,system,3907.935,0.0,41.915259,3907.935,0.0,21.015844
2019-11-24,9,0,reserve,system,3814.591,0.0,0.0,3814.591,0.0,7.555257
2019-11-24,10,0,reserve,system,3698.356,0.0,0.0,3698.356,0.0,6.902539
2019-11-24,11,0,reserve,system,3603.532,0.0,0.0,3603.532,0.0,6.098238
2019-11-24,12,0,reserve,system,3546.277,0.0,0.0,3546.277,0.0,7.456082
2019-11-24,13,0,reserve,system,3525.771,0.0,0.0,3525.771,0.0,4.483676
2019-11-24,14,0,reserve,system,3510.904,0.0,0.0,3510.904,0.0,7.856511
2019-11-24,15,0,reserve,system,3503.806,0.0,0.0,3503.806,0.0,0.0
2019-11-24,16,0,reserve,system,3518.223,0.0,0.0,3518.223,0.0,0.0
2019-11-24,17,0,reserve,system,3647.215,0.0,0.0,3647.215,0.0,8.236193
2019-11-24,18,0,reserve,system,3765.638,0.0,23.399959,3765.638,0.0,5.928774
2019-11-24,19,0,reserve,system,3760.547,0.0,0.0,3760.547,0.0,21.202461
2019-11-24,20,0,reserve,system,3721.023,0.0,0.0,3721.023,0.0,5.33387
2019-11-24,21,0,reserve,system,3638.397,0.0,0.0,3638.397,0.0,9.134303
2019-11-24,22,0,reserve,system,3492.256,0.0,0.0,3492.256,0.0,0.0
2019-11-24,23,0,reserve,system,3314.288,0.0,0.0,3314.288,0.0,0.0
2019-11-25,0,0,reserve,system,3188.239,0.0,0.0,3188.239,0.0,6.266833
2019-11-25,1,0,reserve,system,3125.892,0.0,0.0,3125.892,0.0,3.675523
2019-11-25,2,0,reserve,system,3108.492,0.0,0.0,3108.492,0.0,0.0
2019-11-25,3,0,reserve,system,3131.706,0.0,0.0,3131.706,0.0,0.0
2019-11-25,4,0,reserve,system,3227.315,0.0,0.0,3227.315,0.0,5.629302
2019-11-25,5,0,reserve,system,3428.393,0.0,0.0,3428.393,0.0,2.938167
2019-11-25,6,0,reserve,system,3700.409,0.0,0.0,3700.409,0.0,6.925724
2019-11-25,7,0,reserve,system,3841.0,0.0,0.0,3841.0,0.0,6.14375
2019-11-25,8,0,reserve,system,3861.645,0.0,0.0,3861.645,0.0,15.72203
2019-11-25,9,0,reserve,system,3843.786,0.0,13.385117,3843.786,0.0,7.583525
2019-11-25,10,0,reserve,system,3846.976,0.0,0.0,3846.976,0.0,5.194316
2019-11-25,11,0,reserve,system,3857.49,0.0,7.430325,3857.49,0.0,8.956123
2019-11-25,12,0,reserve,system,3872.897,0.0,0.0,3872.897,0.0,0.0
2019-11-25,13,0,reserve,system,3912.892,0.0,0.0,3912.892,0.0,0.0
2019-11-25,14,0,reserve,system,3957.858,0.0,1.045326,3957.858,0.0,9.008627
2019-11-25,15,0,reserve,system,3981.25,0.0,0.0,3981.25,0.0,9.9649
2019-11-25,16,0,reserve,system,3972.779,0.0,0.0,3972.779,0.0,0.0
2019-11-25,17,0,reserve,system,4043.397,0.0,0.0,4043.397,0.0,9.854216
2019-11-25,18,0,reserve,system,4122.725,0.0,0.0,4122.725,0.0,9.805321
2019-11-25,19,0,reserve,system,4054.306,0.0,0.0,4054.306,0.0,23.34843
2019-11-25,20,0,reserve,system,3967.653,0.0,0.0,3967.653,0.0,7.781898
2019-11-25,21,0,reserve,system,3849.581,0.0,0.0,3849.581,0.0,6.979087
2019-11-25,22,0,reserve,system,3657.789,0.0,0.0,3657.789,0.0,6.954086
2019-11-25,23,0,reserve,system,3452.744,0.0,0.0,3452.744,0.0,5.864417
2019-11-26,0,0,reserve,system,3289.808,0.0,0.0,3289.808,0.0,6.461195
2019-11-26,1,0,reserve,system,3197.025,0.0,0.0,3197.025,0.0,0.0
2019-11-26,2,0,reserve,system,3134.051,0.0,0.0,3134.051,0.0,1.253162
2019-11-26,3,0,reserve,system,3124.108,0.0,0.0,3124.108,0.0,0.0
2019-11-26,4,0,reserve,system,3173.773,0.0,0.0,3173.773,0.0,3.174921
2019-11-26,5,0,reserve,system,3325.643,0.0,2.156273,3325.643,0.0,3.676308
2019-11-26,6,0,reserve,system,3549.328,0.0,0.0,3549.328,0.0,3.778589
2019-11-26,7,0,reserve,system,3697.853,0.0,0.0,3697.853,0.0,5.020482
2019-11-26,8,0,reserve,system,3829.14,0.0,0.0,3829.14,0.0,7.24751
2019-11-26,9,0,reserve,system,3933.915,0.0,0.0,3933.915,0.0,6.127379
2019-11-26,10,0,reserve,system,4026.669,0.0,0.0,4026.669,0.0,7.108612
2019-11-26,11,0,reserve,system,4082.201,0.0,0.0,4082.201,0.0,11.128472
2019-11-26,12,0,reserve,system,4089.003,0.0,0.0,4089.003,0.0,0.0
2019-11-26,13,0,reserve,system,4105.056,0.0,0.0,4105.056,0.0,11.197761
2019-11-26,14,0,reserve,system,4111.965,0.0,0.0,4111.965,0.0,0.0
2019-11-26,15,0,reserve,system,4120.38,0.0,0.0,4120.38,0.0,10.214184
2019-11-26,16,0,reserve,system,4108.894,0.0,0.0,4108.894,0.0,6.130989
2019-11-26,17,0,reserve,system,4211.785,0.0,0.0,4211.785,0.0,27.180986
2019-11-26,18,0,reserve,system,4265.787,0.0,0.0,4265.787,0.0,7.047994
2019-11-26,19,0,reserve,system,4195.02,0.0,0.0,4195.02,0.0,8.618918
2019-11-26,20,0,reserve,system,4101.081,0.0,0.0,4101.081,0.0,5.428372
2019-11-26,21,0,reserve,system,3972.169,0.0,0.0,3972.169,0.0,9.35626
2019-11-26,22,0,reserve,system,3787.375,0.0,0.0,3787.375,0.0,0.0
2019-11-26,23,0,reserve,system,3569.833,0.0,0.0,3569.833,0.0,12.771649
2019-11-27,0,0,reserve,system,3389.675,0.0,0.0,3389.675,0.0,15.160663
2019-11-27,1,0,reserve,system,3284.405,0.0,0.0,3284.405,0.0,0.0
2019-11-27,2,0,reserve,system,3230.707,0.0,0.0,3230.707,0.0,9.323637
2019-11-27,3,0,reserve,system,3180.364,0.0,0.0,3180.364,0.0,0.0
2019-11-27,4,0,reserve,system,3217.671,0.0,0.0,3217.671,0.0,0.0
2019-11-27,5,0,reserve,system,3383.702,0.0,7.897227,3383.702,0.0,4.544533
2019-11-27,6,0,reserve,system,3634.757,0.0,0.0,3634.757,0.0,5.589854
2019-11-27,7,0,reserve,system,3812.583,0.0,0.0,3812.583,0.0,7.086518
2019-11-27,8,0,reserve,system,3942.154,0.0,0.0,3942.154,0.0,6.756366
2019-11-27,9,0,reserve,system,4030.607,0.0,0.0,4030.607,0.0,13.642242
2019-11-27,10,0,reserve,system,4038.793,0.0,18.347775,4038.793,0.0,8.009777
2019-11-27,11,0,reserve,system,4014.563,0.0,0.0,4014.563,0.0,5.432043
2019-11-27,12,0,reserve,system,3962.244,0.0,6.226167,3962.244,0.0,4.713567
2019-11-27,13,0,reserve,system,3946.913,0.0,0.0,3946.913,0.0,0.0
2019-11-27,14,0,reserve,system,3930.549,0.0,0.0,3930.549,0.0,0.87437
2019-11-27,15,0,reserve,system,3930.941,0.0,0.0,3930.941,0.0,6.647176
2019-11-27,16,0,reserve,system,3985.017,0.0,4.996335,3985.017,0.0,5.849508
2019-11-27,17,0,reserve,system,4129.715,0.0,0.0,4129.715,0.0,7.357983
2019-11-27,18,0,reserve,system,4177.347,0.0,0.0,4177.347,0.0,6.485248
2019-11-27,19,0,reserve,system,4122.007,0.0,0.0,4122.007,0.0,15.445675
2019-11-27,20,0,reserve,system,4063.789,0.0,0.0,4063.789,0.0,6.774409
2019-11-27,21,0,reserve,system,3964.328,0.0,0.0,3964.328,0.0,5.365039
2019-11-27,22,0,reserve,system,3806.468,0.0,0.0,3806.468,0.0,3.486407
2019-11-27,23,0,reserve,system,3611.396,0.0,0.0,3611.396,0.0,6.872835
2019-11-28,0,0,reserve,system,3450.464,0.0,0.0,3450.464,0.0,3.618887
2019-11-28,1,0,reserve,system,3333.349,0.0,1.412273,3333.349,0.0,0.0
2019-11-28,2,0,reserve,system,3271.817,0.0,0.917286,3271.817,0.0,5.343317
2019-11-28,3,0,reserve,system,3245.307,0.0,0.0,3245.307,0.0,4.340634
2019-11-28,4,0,reserve,system,3271.025,0.0,0.0,3271.025,0.0,4.76891
2019-11-28,5,0,reserve,system,3359.465,0.0,0.0,3359.465,0.0,4.547287
2019-11-28,6,0,reserve,system,3486.996,0.0,13.051395,3486.996,0.0,7.827368
2019-11-28,7,0,reserve,system,3621.592,0.0,17.197351,3621.592,0.0,5.967136
2019-11-28,8,0,reserve,system,3817.786,0.0,11.03709,3817.786,0.0,7.51123
2019-11-28,9,0,reserve,system,4003.821,0.0,0.0,4003.821,0.0,20.520973
2019-11-28,10,0,reserve,system,4099.918,0.0,0.0,4099.918,0.0,9.111098
2019-11-28,11,0,reserve,system,4121.075,0.0,0.0,4121.075,0.0,6.214438
2019-11-28,12,0,reserve,system,4030.395,0.0,0.0,4030.395,0.0,7.375728
2019-11-28,13,0,reserve,system,3908.163,0.0,0.0,3908.163,0.0,4.503552
2019-11-28,14,0,reserve,system,3818.512,0.0,0.0,3818.512,0.0,4.034359
2019-11-28,15,0,reserve,system,3752.867,0.0,0.0,3752.867,0.0,5.081008
2019-11-28,16,0,reserve,system,3715.058,0.0,0.0,3715.058,0.0,0.0
2019-11-28,17,0,reserve,system,3792.448,0.0,8.169196,3792.448,0.0,9.924877
2019-11-28,18,0,reserve,system,3805.457,0.0,0.0,3805.457,0.0,5.331638
2019-11-28,19,0,reserve,system,3783.528,0.0,0.0,3783.528,0.0,21.883683
2019-11-28,20,0,reserve,system,3756.808,0.0,0.0,3756.808,0.0,8.751842
2019-11-28,21,0,reserve,system,3714.97,0.0,0.0,3714.97,0.0,7.462729
2019-11-28,22,0,reserve,system,3625.097,0.0,0.0,3625.097,0.0,7.44225
2019-11-28,23,0,reserve,system,3508.068,0.0,0.0,3508.068,0.0,5.087271
2019-11-29,0,0,reserve,system,3396.82,0.0,0.0,3396.82,0.0,13.765788
2019-11-29,1,0,reserve,system,3306.529,0.0,0.0,3306.529,0.0,0.0
2019-11-29,2,0,reserve,system,3256.756,0.0,0.0,3256.756,0.0,0.0
2019-11-29,3,0,reserve,system,3238.16,0.0,0.0,3238.16,0.0,7.44085
2019-11-29,4,0,reserve,system,3282.794,0.0,0.0,3282.794,0.0,6.550657
2019-11-29,5,0,reserve,system,3381.315,0.0,0.0,3381.315,0.0,6.882743
2019-11-29,6,0,reserve,system,3497.975,0.0,0.0,3497.975,0.0,6.902981
2019-11-29,7,0,reserve,system,3596.797,0.0,0.0,3596.797,0.0,6.79291
2019-11-29,8,0,reserve,system,3705.607,0.0,0.0,3705.607,0.0,13.977273
2019-11-29,9,0,reserve,system,3822.007,0.0,0.0,3822.007,0.0,6.993491
2019-11-29,10,0,reserve,system,3919.091,0.0,0.0,3919.091,0.0,7.104596
2019-11-29,11,0,reserve,system,3956.504,0.0,0.0,3956.504,0.0,6.713728
2019-11-29,12,0,reserve,system,3964.401,0.0,0.0,3964.401,0.0,6.635009
2019-11-29,13,0,reserve,system,3950.638,0.0,0.0,3950.638,0.0,5.122199
2019-11-29,14,0,reserve,system,3919.088,0.0,0.0,3919.088,0.0,2.332409
2019-11-29,15,0,reserve,system,3904.63,0.0,3.618746,3904.63,0.0,7.15303
2019-11-29,16,0,reserve,system,3919.619,0.0,0.0,3919.619,0.0,0.0
2019-11-29,17,0,reserve,system,4011.168,0.0,5.20981,4011.168,0.0,9.320275
2019-11-29,18,0,reserve,system,4029.124,0.0,0.0,4029.124,0.0,9.418747
2019-11-29,19,0,reserve,system,3956.699,0.0,0.0,3956.699,0.0,12.179994
2019-11-29,20,0,reserve,system,3884.895,0.0,0.0,3884.895,0.0,6.221884
2019-11-29,21,0,reserve,system,3794.432,0.0,0.0,3794.432,0.0,5.109566
2019-11-29,22,0,reserve,system,3663.461,0.0,0.0,3663.461,0.0,3.618564
2019-11-29,23,0,reserve,system,3504.568,0.0,0.0,3504.568,0.0,3.765592
2019-11-30,0,0,reserve,system,3346.235,0.0,0.0,3346.235,0.0,3.335517
2019-11-30,1,0,reserve,system,3233.134,0.0,0.0,3233.134,0.0,1.686712
2019-11-30,2,0,reserve,system,3159.951,0.0,0.0,3159.951,0.0,0.0
2019-11-30,3,0,reserve,system,3124.57,0.0,0.0,3124.57,0.0,0.0
2019-11-30,4,0,reserve,system,3124.017,0.0,0.0,3124.017,0.0,2.780718
2019-11-30,5,0,reserve,system,3173.272,0.0,8.267142,3173.272,0.0,2.473212
2019-11-30,6,0,reserve,system,3265.585,0.0,0.0,3265.585,0.0,3.520613
2019-11-30,7,0,reserve,system,3369.223,0.0,0.0,3369.223,0.0,3.88822
2019-11-30,8,0,reserve,system,3529.766,0.0,0.0,3529.766,0.0,4.895245
2019-11-30,9,0,reserve,system,3710.118,0.0,0.0,3710.118,0.0,6.434046
2019-11-30,10,0,reserve,system,3866.022,0.0,1.665591,3866.022,0.0,6.907116
2019-11-30,11,0,reserve,system,3969.757,0.0,1.075588,3969.757,0.0,10.218933
2019-11-30,12,0,reserve,system,4021.991,0.0,0.0,4021.991,0.0,0.0
2019-11-30,13,0,reserve,system,4062.179,0.0,0.0,4062.179,0.0,19.127888
2019-11-30,14,0,reserve,system,4075.45,0.0,0.0,4075.45,0.0,3.600537
2019-11-30,15,0,reserve,system,4085.727,0.0,0.0,4085.727,0.0,10.423408
2019-11-30,16,0,reserve,system,4064.633,0.0,0.0,4064.633,0.0,0.292366
2019-11-30,17,0,reserve,system,4091.56,0.0,0.0,4091.56,0.0,0.0
2019-11-30,18,0,reserve,system,4129.651,0.0,0.0,4129.651,0.0,9.289381
2019-11-30,19,0,reserve,system,4036.731,0.0,1.996352,4036.731,0.0,19.510989
2019-11-30,20,0,reserve,system,3943.979,0.0,0.0,3943.979,0.0,6.911419
2019-11-30,21,0,reserve,system,3833.262,0.0,0.0,3833.262,0.0,5.996294
2019-11-30,22,0,reserve,system,3682.721,0.0,0.0,3682.721,0.0,7.074674
2019-11-30,23,0,reserve,system,3487.187,0.0,0.0,3487.187,0.0,5.60309
2019-12-01,0,0,reserve,system,3302.634,0.0,0.0,3302.634,0.0,4.293922
2019-12-01,1,0,reserve,system,3197.126,0.0,17.934603,3197.126,0.0,0.0
2019-12-01,2,0,reserve,system,3125.112,0.0,0.0,3125.112,0.0,2.944905
2019-12-01,3,0,reserve,system,3096.197,0.0,0.0,3096.197,0.0,1.869947
2019-12-01,4,0,reserve,system,3117.191,0.0,0.0,3117.191,0.0,5.910391
2019-12-01,5,0,reserve,system,3179.398,0.0,0.0,3179.398,0.0,6.746287
2019-12-01,6,0,reserve,system,3303.858,0.0,0.0,3303.858,0.0,5.480635
2019-12-01,7,0,reserve,system,3425.004,0.0,0.0,3425.004,0.0,5.333675
2019-12-01,8,0,reserve,system,3564.174,0.0,0.0,3564.174,0.0,7.159376
2019-12-01,9,0,reserve,system,3644.85,0.0,0.0,3644.85,0.0,15.989745
2019-12-01,10,0,reserve,system,3669.851,0.0,0.0,3669.851,0.0,6.417525
2019-12-01,11,0,reserve,system,3645.564,0.0,0.0,3645.564,0.0,6.720624
2019-12-01,12,0,reserve,system,3616.12,0.0,0.0,3616.12,0.0,5.378554
2019-12-01,13,0,reserve,system,3583.821,0.0,0.0,3583.821,0.0,0.0
2019-12-01,14,0,reserve,system,3550.522,0.0,0.0,3550.522,0.0,0.0
2019-12-01,15,0,reserve,system,3548.52,0.0,4.539997,3548.52,0.0,5.282847
2019-12-01,16,0,reserve,system,3593.721,0.0,0.0,3593.721,0.0,4.008859
2019-12-01,17,0,reserve,system,3790.574,0.0,0.0,3790.574,0.0,8.095942
2019-12-01,18,0,reserve,system,4014.712,0.0,0.0,4014.712,0.0,8.79321
2019-12-01,19,0,reserve,system,4049.972,0.0,22.616046,4049.972,0.0,22.262627
2019-12-01,20,0,reserve,system,4031.719,0.0,0.0,4031.719,0.0,9.294902
2019-12-01,21,0,reserve,system,3950.082,0.0,0.0,3950.082,0.0,9.624883
2019-12-01,22,0,reserve,system,3784.06,0.0,0.0,3784.06,0.0,6.897179
2019-12-01,23,0,reserve,system,3614.124,0.0,0.0,3614.124,0.0,9.387563
2019-12-02,0,0,reserve,system,3483.633,0.0,0.0,3483.633,0.0,15.100319
2019-12-02,1,0,reserve,system,3445.872,0.0,0.0,3445.872,0.0,0.0
2019-12-02,2,0,reserve,system,3444.023,0.0,0.0,3444.023,0.0,4.570265
2019-12-02,3,0,reserve,system,3499.368,0.0,0.0,3499.368,0.0,5.784752
2019-12-02,4,0,reserve,system,3639.704,0.0,0.0,3639.704,0.0,6.603625
2019-12-02,5,0,reserve,system,3946.76,0.0,0.0,3946.76,0.0,8.455652
2019-12-02,6,0,reserve,system,4393.51,0.0,0.0,4393.51,0.0,9.435002
2019-12-02,7,0,reserve,system,4543.185,0.0,1.387446,4543.185,0.0,13.850221
2019-12-02,8,0,reserve,system,4424.891,0.0,0.0,4424.891,0.0,7.962572
2019-12-02,9,0,reserve,system,4288.246,0.0,0.0,4288.246,0.0,10.055185
2019-12-02,10,0,reserve,system,4166.352,0.0,0.0,4166.352,0.0,9.260565
2019-12-02,11,0,reserve,system,4043.506,0.0,0.0,4043.506,0.0,7.354195
2019-12-02,12,0,reserve,system,3937.219,0.0,0.0,3937.219,0.0,9.82122
2019-12-02,13,0,reserve,system,3875.277,0.0,0.0,3875.277,0.0,0.0
2019-12-02,14,0,reserve,system,3820.362,0.0,0.0,3820.362,0.0,0.244285
2019-12-02,15,0,reserve,system,3782.25,0.0,0.0,3782.25,0.0,12.931207
2019-12-02,16,0,reserve,system,3819.075,0.0,0.0,3819.075,0.0,0.0
2019-12-02,17,0,reserve,system,4019.08,0.0,0.0,4019.08,0.0,10.32681
2019-12-02,18,0,reserve,system,4243.958,0.0,0.246024,4243.958,0.0,9.339384
2019-12-02,19,0,reserve,system,4276.533,0.0,38.0967,4276.533,0.0,20.279397
2019-12-02,20,0,reserve,system,4289.179,0.0,0.0,4289.179,0.0,9.163214
2019-12-02,21,0,reserve,system,4208.513,0.0,0.0,4208.513,0.0,10.387161
2019-12-02,22,0,reserve,system,4014.711,0.0,0.0,4014.711,0.0,5.775705
2019-12-02,23,0,reserve,system,3826.864,0.0,0.0,3826.864,0.0,10.057881
2019-12-03,0,0,reserve,system,3710.988,0.0,0.0,3710.988,0.0,12.258558
2019-12-03,1,0,reserve,system,3662.218,0.0,0.0,3662.218,0.0,0.0
2019-12-03,2,0,reserve,system,3659.287,0.0,0.0,3659.287,0.0,0.150763
2019-12-03,3,0,reserve,system,3704.933,0.0,0.0,3704.933,0.0,9.239901
2019-12-03,4,0,reserve,system,3835.256,0.0,0.0,3835.256,0.0,5.666225
2019-12-03,5,0,reserve,system,4125.018,0.0,0.0,4125.018,0.0,9.526737
2019-12-03,6,0,reserve,system,4534.234,0.0,0.0,4534.234,0.0,9.680536
2019-12-03,7,0,reserve,system,4628.832,0.0,0.0,4628.832,0.0,20.434173
2019-12-03,8,0,reserve,system,4460.626,0.0,0.0,4460.626,0.0,9.696057
2019-12-03,9,0,reserve,system,4251.762,0.0,0.0,4251.762,0.0,9.364474
2019-12-03,10,0,reserve,system,4087.536,0.0,0.0,4087.536,0.0,6.29721
2019-12-03,11,0,reserve,system,3951.864,0.0,0.0,3951.864,0.0,6.638208
2019-12-03,12,0,reserve,system,3862.058,0.0,0.0,3862.058,0.0,7.505392
2019-12-03,13,0,reserve,system,3823.155,0.0,0.0,3823.155,0.0,4.060419
2019-12-03,14,0,reserve,system,3796.888,0.0,0.0,3796.888,0.0,5.255281
2019-12-03,15,0,reserve,system,3785.398,0.0,24.766593,3785.398,0.0,3.630977
2019-12-03,16,0,reserve,system,3802.409,0.0,0.0,3802.409,0.0,0.0
2019-12-03,17,0,reserve,system,3948.232,0.0,0.0,3948.232,0.0,9.948547
2019-12-03,18,0,reserve,system,4100.397,0.0,0.0,4100.397,0.0,7.665322
2019-12-03,19,0,reserve,system,4094.454,0.0,0.0,4094.454,0.0,23.486365
2019-12-03,20,0,reserve,system,4059.678,0.0,0.0,4059.678,0.0,8.274609
2019-12-03,21,0,reserve,system,3941.24,0.0,0.0,3941.24,0.0,12.316064
2019-12-03,22,0,reserve,system,3731.883,0.0,0.0,3731.883,0.0,0.0
2019-12-03,23,0,reserve,system,3521.872,0.0,0.0,3521.872,0.0,0.0
2019-12-04,0,0,reserve,system,3394.76,0.0,0.0,3394.76,0.0,12.551803
2019-12-04,1,0,reserve,system,3339.794,0.0,0.0,3339.794,0.0,0.0
2019-12-04,2,0,reserve,system,3342.147,0.0,0.0,3342.147,0.0,0.0
2019-12-04,3,0,reserve,system,3382.839,0.0,0.0,3382.839,0.0,9.338448
2019-12-04,4,0,reserve,system,3502.65,0.0,0.0,3502.65,0.0,5.374257
2019-12-04,5,0,reserve,system,3783.457,0.0,0.0,3783.457,0.0,8.272337
2019-12-04,6,0,reserve,system,4187.358,0.0,0.0,4187.358,0.0,9.815059
2019-12-04,7,0,reserve,system,4300.234,0.0,0.0,4300.234,0.0,17.855697
2019-12-04,8,0,reserve,system,4173.035,0.0,0.0,4173.035,0.0,8.818416
2019-12-04,9,0,reserve,system,4044.515,0.0,0.0,4044.515,0.0,10.030087
2019-12-04,10,0,reserve,system,3944.527,0.0,0.0,3944.527,0.0,8.21623
2019-12-04,11,0,reserve,system,3868.16,0.0,0.0,3868.16,0.0,9.378192
2019-12-04,12,0,reserve,system,3835.573,0.0,0.0,3835.573,0.0,5.360186
2019-12-04,13,0,reserve,system,3835.437,0.0,50.0,3835.437,0.0,9.495478
2019-12-04,14,0,reserve,system,3832.487,0.0,0.0,3832.487,0.0,0.0
2019-12-04,15,0,reserve,system,3822.699,0.0,0.0,3822.699,0.0,6.677831
2019-12-04,16,0,reserve,system,3840.268,0.0,0.0,3840.268,0.0,0.0
2019-12-04,17,0,reserve,system,3982.338,0.0,0.0,3982.338,0.0,11.015872
2019-12-04,18,0,reserve,system,4108.909,0.0,0.0,4108.909,0.0,11.755242
2019-12-04,19,0,reserve,system,4082.085,0.0,0.0,4082.085,0.0,18.216062
2019-12-04,20,0,reserve,system,4042.184,0.0,0.0,4042.184,0.0,10.829127
2019-12-04,21,0,reserve,system,3927.442,0.0,0.0,3927.442,0.0,6.679551
2019-12-04,22,0,reserve,system,3700.067,0.0,0.0,3700.067,0.0,9.366501
2019-12-04,23,0,reserve,system,3463.814,0.0,0.0,3463.814,0.0,0.34635
2019-12-05,0,0,reserve,system,3306.257,0.0,0.0,3306.257,0.0,11.849086
2019-12-05,1,0,reserve,system,3233.928,0.0,0.0,3233.928,0.0,0.0
2019-12-05,2,0,reserve,system,3206.349,0.0,0.0,3206.349,0.0,0.0
2019-12-05,3,0,reserve,system,3225.659,0.0,13.617082,3225.659,0.0,4.855851
2019-12-05,4,0,reserve,system,3316.427,0.0,1.893596,3316.427,0.0,5.568194
2019-12-05,5,0,reserve,system,3561.952,0.0,0.0,3561.952,0.0,6.971184
2019-12-05,6,0,reserve,system,3920.075,0.0,38.08886,3920.075,0.0,8.206852
2019-12-05,7,0,reserve,system,4029.239,0.0,0.0,4029.239,0.0,23.788267
2019-12-05,8,0,reserve,system,3973.034,0.0,0.0,3973.034,0.0,9.129375
2019-12-05,9,0,reserve,system,3932.322,0.0,0.0,3932.322,0.0,6.780743
2019-12-05,10,0,reserve,system,3901.238,0.0,0.0,3901.238,0.0,6.478846
2019-12-05,11,0,reserve,system,3879.07,0.0,0.0,3879.07,0.0,6.428176
2019-12-05,12,0,reserve,system,3876.025,0.0,0.0,3876.025,0.0,6.784848
2019-12-05,13,0,reserve,system,3899.022,0.0,0.002935,3899.022,0.0,5.036318
2019-12-05,14,0,reserve,system,3908.201,0.0,0.0,3908.201,0.0,5.36636
2019-12-05,15,0,reserve,system,3904.981,0.0,0.002935,3904.981,0.0,3.722051
2019-12-05,16,0,reserve,system,3916.337,0.0,0.0,3916.337,0.0,0.0
2019-12-05,17,0,reserve,system,4013.608,0.0,0.0,4013.608,0.0,9.356633
2019-12-05,18,0,reserve,system,4123.466,0.0,13.520575,4123.466,0.0,5.684152
2019-12-05,19,0,reserve,system,4098.387,0.0,18.984959,4098.387,0.0,20.894742
2019-12-05,20,0,reserve,system,4041.647,0.0,0.0,4041.647,0.0,6.771652
2019-12-05,21,0,reserve,system,3908.048,0.0,0.0,3908.048,0.0,6.508944
2019-12-05,22,0,reserve,system,3686.452,0.0,0.0,3686.452,0.0,6.696596
2019-12-05,23,0,reserve,system,3436.744,0.0,0.0,3436.744,0.0,6.475553
2019-12-06,0,0,reserve,system,3242.09,0.0,0.0,3242.09,0.0,6.685714
2019-12-06,1,0,reserve,system,3137.781,0.0,0.0,3137.781,0.0,0.0
2019-12-06,2,0,reserve,system,3096.509,0.0,0.0,3096.509,0.0,6.547623
2019-12-06,3,0,reserve,system,3083.227,0.0,0.0,3083.227,0.0,0.0
2019-12-06,4,0,reserve,system,3160.379,0.0,0.0,3160.379,0.0,0.0
2019-12-06,5,0,reserve,system,3371.607,0.0,5.960733,3371.607,0.0,4.744589
2019-12-06,6,0,reserve,system,3732.507,0.0,2.372022,3732.507,0.0,6.651886
2019-12-06,7,0,reserve,system,3878.375,0.0,0.0,3878.375,0.0,5.754013
2019-12-06,8,0,reserve,system,3880.864,0.0,0.0,3880.864,0.0,6.616326
2019-12-06,9,0,reserve,system,3903.783,0.0,0.0,3903.783,0.0,14.282145
2019-12-06,10,0,reserve,system,3907.744,0.0,0.0,3907.744,0.0,7.058993
2019-12-06,11,0,reserve,system,3896.62,0.0,0.0,3896.62,0.0,4.870848
2019-12-06,12,0,reserve,system,3877.184,0.0,0.0,3877.184,0.0,10.18211
2019-12-06,13,0,reserve,system,3882.883,0.0,0.0,3882.883,0.0,0.0
2019-12-06,14,0,reserve,system,3884.042,0.0,0.0,3884.042,0.0,0.0
2019-12-06,15,0,reserve,system,3872.362,0.0,0.0,3872.362,0.0,13.08826
2019-12-06,16,0,reserve,system,3864.337,0.0,0.0,3864.337,0.0,0.0
2019-12-06,17,0,reserve,system,3951.358,0.0,12.939102,3951.358,0.0,9.885686
2019-12-06,18,0,reserve,system,4033.051,0.0,0.0,4033.051,0.0,11.45539
2019-12-06,19,0,reserve,system,3966.756,0.0,24.607851,3966.756,0.0,21.69557
2019-12-06,20,0,reserve,system,3907.651,0.0,0.0,3907.651,0.0,8.004086
2019-12-06,21,0,reserve,system,3830.69,0.0,0.0,3830.69,0.0,8.103108
2019-12-06,22,0,reserve,system,3692.732,0.0,0.0,3692.732,0.0,5.408992
2019-12-06,23,0,reserve,system,3526.486,0.0,0.0,3526.486,0.0,9.273572
2019-12-07,0,0,reserve,system,3387.482,0.0,0.0,3387.482,0.0,9.528054
2019-12-07,1,0,reserve,system,3309.018,0.0,0.0,3309.018,0.0,5.917038
2019-12-07,2,0,reserve,system,3272.107,0.0,0.0,3272.107,0.0,0.541148
2019-12-07,3,0,reserve,system,3277.53,0.0,0.014728,3277.53,0.0,0.76733
2019-12-07,4,0,reserve,system,3334.756,0.0,0.0,3334.756,0.0,7.336899
2019-12-07,5,0,reserve,system,3455.576,0.0,0.0,3455.576,0.0,5.193885
2019-12-07,6,0,reserve,system,3649.596,0.0,0.0,3649.596,0.0,7.150498
2019-12-07,7,0,reserve,system,3822.391,0.0,0.0,3822.391,0.0,8.101464
2019-12-07,8,0,reserve,system,3930.641,0.0,0.0,3930.641,0.0,16.989372
2019-12-07,9,0,reserve,system,3916.944,0.0,0.0,3916.944,0.0,10.966035
2019-12-07,10,0,reserve,system,3853.093,0.0,0.0,3853.093,0.0,5.173868
2019-12-07,11,0,reserve,system,3777.47,0.0,0.0,3777.47,0.0,8.241037
2019-12-07,12,0,reserve,system,3709.523,0.0,0.0,3709.523,0.0,5.332664
2019-12-07,13,0,reserve,system,3666.471,0.0,0.0,3666.471,0.0,9.371983
2019-12-07,14,0,reserve,system,3631.161,0.0,0.0,3631.161,0.0,0.0
2019-12-07,15,0,reserve,system,3630.186,0.0,0.0,3630.186,0.0,6.548211
2019-12-07,16,0,reserve,system,3642.933,0.0,0.0,3642.933,0.0,0.0
2019-12-07,17,0,reserve,system,3767.268,0.0,14.619246,3767.268,0.0,9.731263
2019-12-07,18,0,reserve,system,3878.245,0.0,18.005488,3878.245,0.0,7.569449
2019-12-07,19,0,reserve,system,3856.053,0.0,50.0,3856.053,0.0,21.9741
2019-12-07,20,0,reserve,system,3830.125,0.0,0.0,3830.125,0.0,8.535821
2019-12-07,21,0,reserve,system,3777.483,0.0,0.0,3777.483,0.0,6.441678
2019-12-07,22,0,reserve,system,3665.041,0.0,0.0,3665.041,0.0,6.628832
2019-12-07,23,0,reserve,system,3520.725,0.0,0.0,3520.725,0.0,6.099164
2019-12-08,0,0,reserve,system,3393.892,0.0,0.0,3393.892,0.0,12.234355
2019-12-08,1,0,reserve,system,3305.894,0.0,0.0,3305.894,0.0,0.72606
2019-12-08,2,0,reserve,system,3258.069,0.0,1.373563,3258.069,0.0,2.585464
2019-12-08,3,0,reserve,system,3242.263,0.0,0.0,3242.263,0.0,0.0
2019-12-08,4,0,reserve,system,3257.706,0.0,0.0,3257.706,0.0,9.531022
2019-12-08,5,0,reserve,system,3312.707,0.0,0.0,3312.707,0.0,0.0
2019-12-08,6,0,reserve,system,3426.286,0.0,0.0,3426.286,0.0,11.354162
2019-12-08,7,0,reserve,system,3538.677,0.0,0.0,3538.677,0.0,0.0
2019-12-08,8,0,reserve,system,3652.004,0.0,0.0,3652.004,0.0,9.161529
2019-12-08,9,0,reserve,system,3691.186,0.0,0.0,3691.186,0.0,14.35742
2019-12-08,10,0,reserve,system,3680.976,0.0,0.0,3680.976,0.0,5.286286
2019-12-08,11,0,reserve,system,3662.459,0.0,4.275544,3662.459,0.0,4.109433
2019-12-08,12,0,reserve,system,3659.522,0.0,0.0,3659.522,0.0,7.790171
2019-12-08,13,0,reserve,system,3669.869,0.0,0.0,3669.869,0.0,0.0
2019-12-08,14,0,reserve,system,3685.343,0.0,0.0,3685.343,0.0,0.0
2019-12-08,15,0,reserve,system,3697.138,0.0,0.0,3697.138,0.0,7.520746
2019-12-08,16,0,reserve,system,3732.399,0.0,0.0,3732.399,0.0,0.0
2019-12-08,17,0,reserve,system,3911.488,0.0,5.747663,3911.488,0.0,9.458326
2019-12-08,18,0,reserve,system,4078.603,0.0,0.0,4078.603,0.0,5.791767
2019-12-08,19,0,reserve,system,4059.466,0.0,26.327669,4059.466,0.0,25.318797
2019-12-08,20,0,reserve,system,3998.637,0.0,0.0,3998.637,0.0,6.89276
2019-12-08,21,0,reserve,system,3861.787,0.0,0.0,3861.787,0.0,6.627729
2019-12-08,22,0,reserve,system,3627.985,0.0,0.0,3627.985,0.0,5.385014
2019-12-08,23,0,reserve,system,3379.315,0.0,0.0,3379.315,0.0,0.0
2019-12-09,0,0,reserve,system,3194.489,0.0,0.0,3194.489,0.0,3.550985
2019-12-09,1,0,reserve,system,3089.44,0.0,0.0,3089.44,0.0,0.0
2019-12-09,2,0,reserve,system,3041.156,0.0,0.0,3041.156,0.0,0.0
2019-12-09,3,0,reserve,system,3038.372,0.0,0.0,3038.372,0.0,1.840388
2019-12-09,4,0,reserve,system,3113.255,0.0,0.0,3113.255,0.0,2.477983
2019-12-09,5,0,reserve,system,3320.288,0.0,10.077785,3320.288,0.0,3.876886
2019-12-09,6,0,reserve,system,3665.083,0.0,0.0,3665.083,0.0,6.764506
2019-12-09,7,0,reserve,system,3793.978,0.0,0.0,3793.978,0.0,6.448241
2019-12-09,8,0,reserve,system,3822.237,0.0,0.0,3822.237,0.0,6.508961
2019-12-09,9,0,reserve,system,3888.408,0.0,0.0,3888.408,0.0,10.963786
2019-12-09,10,0,reserve,system,3970.533,0.0,0.0,3970.533,0.0,0.0
2019-12-09,11,0,reserve,system,4045.345,0.0,18.476301,4045.345,0.0,15.145447
2019-12-09,12,0,reserve,system,4098.386,0.0,16.324788,4098.386,0.0,9.70631
2019-12-09,13,0,reserve,system,4163.692,0.0,0.0,4163.692,0.0,0.0
2019-12-09,14,0,reserve,system,4184.319,0.0,24.224054,4184.319,0.0,11.741731
2019-12-09,15,0,reserve,system,4181.767,0.0,0.0,4181.767,0.0,12.952766
2019-12-09,16,0,reserve,system,4205.044,0.0,0.0,4205.044,0.0,0.0
2019-12-09,17,0,reserve,system,4347.928,0.0,18.317817,4347.928,0.0,13.820902
2019-12-09,18,0,reserve,system,4474.17,0.0,0.0,4474.17,0.0,21.84243
2019-12-09,19,0,reserve,system,4438.882,0.0,0.0,4438.882,0.0,11.451165
2019-12-09,20,0,reserve,system,4362.262,0.0,0.0,4362.262,0.0,7.958569
2019-12-09,21,0,reserve,system,4216.025,0.0,0.0,4216.025,0.0,7.821187
2019-12-09,22,0,reserve,system,3975.718,0.0,0.0,3975.718,0.0,5.608892
2019-12-09,23,0,reserve,system,3730.987,0.0,0.0,3730.987,0.0,5.630997
2019-12-10,0,0,reserve,system,3570.938,0.0,0.0,3570.938,0.0,7.681457
2019-12-10,1,0,reserve,system,3484.454,0.0,0.0,3484.454,0.0,0.0
2019-12-10,2,0,reserve,system,3439.309,0.0,0.0,3439.309,0.0,0.0
2019-12-10,3,0,reserve,system,3446.441,0.0,0.0,3446.441,0.0,5.40073
2019-12-10,4,0,reserve,system,3546.567,0.0,0.481057,3546.567,0.0,3.538912
2019-12-10,5,0,reserve,system,3805.888,0.0,0.0,3805.888,0.0,5.336916
2019-12-10,6,0,reserve,system,4205.332,0.0,0.270669,4205.332,0.0,7.011178
2019-12-10,7,0,reserve,system,4406.522,0.0,12.273636,4406.522,0.0,7.034722
2019-12-10,8,0,reserve,system,4436.859,0.0,0.0,4436.859,0.0,7.104445
2019-12-10,9,0,reserve,system,4492.043,0.0,0.0,4492.043,0.0,6.896884
2019-12-10,10,0,reserve,system,4529.606,0.0,0.0,4529.606,0.0,12.185501
2019-12-10,11,0,reserve,system,4543.422,0.0,0.0,4543.422,0.0,23.254091
2019-12-10,12,0,reserve,system,4509.588,0.0,0.0,4509.588,0.0,11.120831
2019-12-10,13,0,reserve,system,4459.637,0.0,0.0,4459.637,0.0,0.0
2019-12-10,14,0,reserve,system,4377.578,0.0,0.0,4377.578,0.0,0.0
2019-12-10,15,0,reserve,system,4350.618,0.0,0.0,4350.618,0.0,9.553736
2019-12-10,16,0,reserve,system,4405.249,0.0,0.0,4405.249,0.0,8.377554
2019-12-10,17,0,reserve,system,4642.379,0.0,0.0,4642.379,0.0,10.171533
2019-12-10,18,0,reserve,system,4840.868,0.0,0.0,4840.868,0.0,14.493889
2019-12-10,19,0,reserve,system,4849.77,0.0,0.0,4849.77,0.0,8.206909
2019-12-10,20,0,reserve,system,4818.655,0.0,0.0,4818.655,0.0,6.498176
2019-12-10,21,0,reserve,system,4695.704,0.0,0.0,4695.704,0.0,9.746463
2019-12-10,22,0,reserve,system,4465.666,0.0,0.0,4465.666,0.0,4.765659
2019-12-10,23,0,reserve,system,4247.541,0.0,0.0,4247.541,0.0,12.697941
2019-12-11,0,0,reserve,system,4119.093,0.0,0.0,4119.093,0.0,15.177954
2019-12-11,1,0,reserve,system,4066.914,0.0,0.0,4066.914,0.0,0.0
2019-12-11,2,0,reserve,system,4061.861,0.0,17.086002,4061.861,0.0,5.96957
2019-12-11,3,0,reserve,system,4099.414,0.0,0.963688,4099.414,0.0,7.32789
2019-12-11,4,0,reserve,system,4221.126,0.0,0.0,4221.126,0.0,7.044397
2019-12-11,5,0,reserve,system,4502.99,0.0,0.067301,4502.99,0.0,8.079794
2019-12-11,6,0,reserve,system,4883.512,0.0,0.0,4883.512,0.0,9.832876
2019-12-11,7,0,reserve,system,4974.725,0.0,0.0,4974.725,0.0,17.647047
2019-12-11,8,0,reserve,system,4864.13,0.0,0.0,4864.13,0.0,8.664039
2019-12-11,9,0,reserve,system,4742.691,0.0,0.0,4742.691,0.0,10.189273
2019-12-11,10,0,reserve,system,4593.193,0.0,0.0,4593.193,0.0,10.963303
2019-12-11,11,0,reserve,system,4415.636,0.0,0.0,4415.636,0.0,7.971782
2019-12-11,12,0,reserve,system,4245.1,0.0,0.0,4245.1,0.0,7.333541
2019-12-11,13,0,reserve,system,4122.165,0.0,0.0,4122.165,0.0,5.845379
2019-12-11,14,0,reserve,system,4018.574,0.0,0.0,4018.574,0.0,7.915451
2019-12-11,15,0,reserve,system,3968.806,0.0,0.0,3968.806,0.0,0.0
2019-12-11,16,0,reserve,system,4032.88,0.0,0.0,4032.88,0.0,0.0
2019-12-11,17,0,reserve,system,4299.353,0.0,0.0,4299.353,0.0,9.972551
2019-12-11,18,0,reserve,system,4577.33,0.0,22.842753,4577.33,0.0,10.208081
2019-12-11,19,0,reserve,system,4656.379,0.0,23.354177,4656.379,0.0,20.062164
2019-12-11,20,0,reserve,system,4691.377,0.0,0.0,4691.377,0.0,10.213974
2019-12-11,21,0,reserve,system,4621.408,0.0,0.0,4621.408,0.0,8.473621
2019-12-11,22,0,reserve,system,4423.506,0.0,0.0,4423.506,0.0,6.655761
2019-12-11,23,0,reserve,system,4224.008,0.0,0.0,4224.008,0.0,5.565225
2019-12-12,0,0,reserve,system,4102.803,0.0,0.0,4102.803,0.0,13.133333
2019-12-12,1,0,reserve,system,4056.939,0.0,0.0,4056.939,0.0,0.0
2019-12-12,2,0,reserve,system,4051.953,0.0,33.154732,4051.953,0.0,4.360249
2019-12-12,3,0,reserve,system,4079.033,0.0,20.734213,4079.033,0.0,2.566801
2019-12-12,4,0,reserve,system,4197.637,0.0,8.439566,4197.637,0.0,8.244553
2019-12-12,5,0,reserve,system,4497.216,0.0,0.0,4497.216,0.0,8.317631
2019-12-12,6,0,reserve,system,4910.884,0.0,30.325878,4910.884,0.0,10.364634
2019-12-12,7,0,reserve,system,4999.284,0.0,0.0,4999.284,0.0,19.600494
2019-12-12,8,0,reserve,system,4840.002,0.0,0.0,4840.002,0.0,9.777959
2019-12-12,9,0,reserve,system,4636.514,0.0,0.0,4636.514,0.0,9.492545
2019-12-12,10,0,reserve,system,4436.49,0.0,0.0,4436.49,0.0,6.598437
2019-12-12,11,0,reserve,system,4232.72,0.0,0.0,4232.72,0.0,6.408105
2019-12-12,12,0,reserve,system,4061.616,0.0,0.0,4061.616,0.0,6.781252
2019-12-12,13,0,reserve,system,3945.313,0.0,0.0,3945.313,0.0,5.802113
2019-12-12,14,0,reserve,system,3861.643,0.0,0.0,3861.643,0.0,1.623715
2019-12-12,15,0,reserve,system,3824.347,0.0,0.0,3824.347,0.0,0.0
2019-12-12,16,0,reserve,system,3868.129,0.0,0.0,3868.129,0.0,9.320915
2019-12-12,17,0,reserve,system,4081.888,0.0,0.0,4081.888,0.0,6.118617
2019-12-12,18,0,reserve,system,4286.467,0.0,26.669575,4286.467,0.0,11.399981
2019-12-12,19,0,reserve,system,4314.573,0.0,0.0,4314.573,0.0,20.666096
2019-12-12,20,0,reserve,system,4309.279,0.0,0.0,4309.279,0.0,7.735682
2019-12-12,21,0,reserve,system,4220.204,0.0,0.0,4220.204,0.0,13.695607
2019-12-12,22,0,reserve,system,4022.116,0.0,0.0,4022.116,0.0,0.0
2019-12-12,23,0,reserve,system,3826.021,0.0,0.0,3826.021,0.0,0.0
2019-12-13,0,0,reserve,system,3680.718,0.0,0.0,3680.718,0.0,8.550878
2019-12-13,1,0,reserve,system,3610.609,0.0,0.0,3610.609,0.0,0.0
2019-12-13,2,0,reserve,system,3595.148,0.0,0.0,3595.148,0.0,11.281866
2019-12-13,3,0,reserve,system,3617.527,0.0,0.0,3617.527,0.0,0.0
2019-12-13,4,0,reserve,system,3728.326,0.0,0.0,3728.326,0.0,9.798378
2019-12-13,5,0,reserve,system,3984.888,0.0,0.0,3984.888,0.0,5.657518
2019-12-13,6,0,reserve,system,4366.403,0.0,0.0,4366.403,0.0,11.364049
2019-12-13,7,0,reserve,system,4464.252,0.0,0.0,4464.252,0.0,21.540328
2019-12-13,8,0,reserve,system,4341.965,0.0,0.0,4341.965,0.0,9.776235
2019-12-13,9,0,reserve,system,4193.571,0.0,0.0,4193.571,0.0,9.137185
2019-12-13,10,0,reserve,system,4069.488,0.0,0.0,4069.488,0.0,7.068858
2019-12-13,11,0,reserve,system,3963.427,0.0,0.0,3963.427,0.0,6.430298
2019-12-13,12,0,reserve,system,3883.505,0.0,0.0,3883.505,0.0,7.351873
2019-12-13,13,0,reserve,system,3854.679,0.0,0.0,3854.679,0.0,4.323661
2019-12-13,14,0,reserve,system,3836.198,0.0,0.0,3836.198,0.0,5.887393
2019-12-13,15,0,reserve,system,3827.276,0.0,0.0,3827.276,0.0,0.0
2019-12-13,16,0,reserve,system,3832.845,0.0,0.0,3832.845,0.0,0.0
2019-12-13,17,0,reserve,system,3955.483,0.0,0.0,3955.483,0.0,9.433805
2019-12-13,18,0,reserve,system,4057.027,0.0,0.0,4057.027,0.0,6.066312
2019-12-13,19,0,reserve,system,3999.189,0.0,0.0,3999.189,0.0,24.2278
2019-12-13,20,0,reserve,system,3958.065,0.0,0.0,3958.065,0.0,9.734941
2019-12-13,21,0,reserve,system,3892.57,0.0,0.0,3892.57,0.0,6.711868
2019-12-13,22,0,reserve,system,3772.264,0.0,0.0,3772.264,0.0,11.966269
2019-12-13,23,0,reserve,system,3621.582,0.0,0.0,3621.582,0.0,0.0
2019-12-14,0,0,reserve,system,3489.717,0.0,0.0,3489.717,0.0,14.288093
2019-12-14,1,0,reserve,system,3428.852,0.0,0.0,3428.852,0.0,0.0
2019-12-14,2,0,reserve,system,3402.949,0.0,0.0,3402.949,0.0,0.0
2019-12-14,3,0,reserve,system,3425.987,0.0,0.0,3425.987,0.0,10.597813
2019-12-14,4,0,reserve,system,3508.589,0.0,0.0,3508.589,0.0,6.560947
2019-12-14,5,0,reserve,system,3637.612,0.0,0.0,3637.612,0.0,8.559333
2019-12-14,6,0,reserve,system,3827.885,0.0,0.0,3827.885,0.0,8.811033
2019-12-14,7,0,reserve,system,3996.344,0.0,0.0,3996.344,0.0,9.497796
2019-12-14,8,0,reserve,system,4060.38,0.0,0.0,4060.38,0.0,20.171812
2019-12-14,9,0,reserve,system,3978.068,0.0,0.0,3978.068,0.0,9.885229
2019-12-14,10,0,reserve,system,3880.072,0.0,0.0,3880.072,0.0,8.526207
2019-12-14,11,0,reserve,system,3788.21,0.0,0.0,3788.21,0.0,6.358237
2019-12-14,12,0,reserve,system,3724.843,0.0,0.0,3724.843,0.0,7.464156
2019-12-14,13,0,reserve,system,3687.086,0.0,0.0,3687.086,0.0,4.645865
2019-12-14,14,0,reserve,system,3669.749,0.0,0.0,3669.749,0.0,9.181297
2019-12-14,15,0,reserve,system,3678.228,0.0,0.0,3678.228,0.0,0.0
2019-12-14,16,0,reserve,system,3697.325,0.0,0.0,3697.325,0.0,0.0
2019-12-14,17,0,reserve,system,3806.338,0.0,0.0,3806.338,0.0,9.640989
2019-12-14,18,0,reserve,system,3925.616,0.0,0.0,3925.616,0.0,16.134459
2019-12-14,19,0,reserve,system,3879.947,0.0,0.0,3879.947,0.0,14.03899
2019-12-14,20,0,reserve,system,3834.047,0.0,0.0,3834.047,0.0,6.774623
2019-12-14,21,0,reserve,system,3780.832,0.0,0.0,3780.832,0.0,6.88853
2019-12-14,22,0,reserve,system,3670.283,0.0,0.0,3670.283,0.0,6.301274
2019-12-14,23,0,reserve,system,3534.032,0.0,0.0,3534.032,0.0,7.448974
2019-12-15,0,0,reserve,system,3408.073,0.0,0.0,3408.073,0.0,11.825022
2019-12-15,1,0,reserve,system,3329.882,0.0,0.0,3329.882,0.0,0.0
2019-12-15,2,0,reserve,system,3277.627,0.0,0.0,3277.627,0.0,0.0
2019-12-15,3,0,reserve,system,3253.183,0.0,0.0,3253.183,0.0,6.59982
2019-12-15,4,0,reserve,system,3251.138,0.0,0.0,3251.138,0.0,5.868653
2019-12-15,5,0,reserve,system,3294.775,0.0,0.0,3294.775,0.0,6.419156
2019-12-15,6,0,reserve,system,3389.425,0.0,0.0,3389.425,0.0,6.315462
2019-12-15,7,0,reserve,system,3492.931,0.0,0.0,3492.931,0.0,6.435569
2019-12-15,8,0,reserve,system,3614.063,0.0,0.0,3614.063,0.0,6.479108
2019-12-15,9,0,reserve,system,3707.002,0.0,0.0,3707.002,0.0,17.433758
2019-12-15,10,0,reserve,system,3743.013,0.0,0.0,3743.013,0.0,6.674793
2019-12-15,11,0,reserve,system,3778.466,0.0,0.0,3778.466,0.0,6.106113
2019-12-15,12,0,reserve,system,3820.549,0.0,0.0,3820.549,0.0,9.154522
2019-12-15,13,0,reserve,system,3867.755,0.0,0.0,3867.755,0.0,0.0
2019-12-15,14,0,reserve,system,3911.612,0.0,0.990767,3911.612,0.0,0.0
2019-12-15,15,0,reserve,system,3942.737,0.0,3.912431,3942.737,0.0,13.273738
2019-12-15,16,0,reserve,system,3951.547,0.0,0.0,3951.547,0.0,0.0
2019-12-15,17,0,reserve,system,4077.214,0.0,0.0,4077.214,0.0,9.603666
2019-12-15,18,0,reserve,system,4225.844,0.0,17.99583,4225.844,0.0,11.05103
2019-12-15,19,0,reserve,system,4215.815,0.0,0.0,4215.815,0.0,19.913054
2019-12-15,20,0,reserve,system,4163.194,0.0,0.0,4163.194,0.0,6.215934
2019-12-15,21,0,reserve,system,4052.03,0.0,0.0,4052.03,0.0,10.131624
2019-12-15,22,0,reserve,system,3842.496,0.0,0.0,3842.496,0.0,0.0
2019-12-15,23,0,reserve,system,3612.087,0.0,0.437806,3612.087,0.0,9.73418
2019-12-16,0,0,reserve,system,3443.241,0.0,6.072537,3443.241,0.0,9.257875
2019-12-16,1,0,reserve,system,3359.514,0.0,0.0,3359.514,0.0,0.0
2019-12-16,2,0,reserve,system,3327.822,0.0,0.0,3327.822,0.0,0.0
2019-12-16,3,0,reserve,system,3348.93,0.0,21.835107,3348.93,0.0,6.537626
2019-12-16,4,0,reserve,system,3459.126,0.0,2.054927,3459.126,0.0,4.671819
2019-12-16,5,0,reserve,system,3720.083,0.0,50.0,3720.083,0.0,7.410249
2019-12-16,6,0,reserve,system,4114.346,0.0,0.0,4114.346,0.0,7.198457
2019-12-16,7,0,reserve,system,4308.889,0.0,0.213092,4308.889,0.0,14.729047
2019-12-16,8,0,reserve,system,4354.217,0.0,0.0,4354.217,0.0,12.852771
2019-12-16,9,0,reserve,system,4429.1,0.0,0.0,4429.1,0.0,8.376275
2019-12-16,10,0,reserve,system,4495.429,0.0,0.0,4495.429,0.0,3.742095
2019-12-16,11,0,reserve,system,4514.203,0.0,0.0,4514.203,0.0,7.78654
2019-12-16,12,0,reserve,system,4459.36,0.0,0.0,4459.36,0.0,10.01784
2019-12-16,13,0,reserve,system,4389.374,0.0,0.0,4389.374,0.0,0.0
2019-12-16,14,0,reserve,system,4341.689,0.0,0.0,4341.689,0.0,3.590287
2019-12-16,15,0,reserve,system,4338.017,0.0,0.0,4338.017,0.0,3.734604
2019-12-16,16,0,reserve,system,4423.303,0.0,0.0,4423.303,0.0,7.793782
2019-12-16,17,0,reserve,system,4651.877,0.0,0.0,4651.877,0.0,6.672683
2019-12-16,18,0,reserve,system,4869.616,0.0,0.0,4869.616,0.0,10.314209
2019-12-16,19,0,reserve,system,4886.802,0.0,50.0,4886.802,0.0,21.751737
2019-12-16,20,0,reserve,system,4874.513,0.0,0.0,4874.513,0.0,10.304489
2019-12-16,21,0,reserve,system,4768.385,0.0,0.0,4768.385,0.0,8.850956
2019-12-16,22,0,reserve,system,4543.968,0.0,0.0,4543.968,0.0,5.102599
2019-12-16,23,0,reserve,system,4323.686,0.0,0.0,4323.686,0.0,11.208381
2019-12-17,0,0,reserve,system,4186.906,0.0,0.0,4186.906,0.0,12.277777
2019-12-17,1,0,reserve,system,4133.333,0.0,0.0,4133.333,0.0,2.835841
2019-12-17,2,0,reserve,system,4134.406,0.0,0.0,4134.406,0.0,0.0
2019-12-17,3,0,reserve,system,4190.272,0.0,0.109199,4190.272,0.0,6.603627
2019-12-17,4,0,reserve,system,4344.342,0.0,0.0,4344.342,0.0,7.112572
2019-12-17,5,0,reserve,system,4669.605,0.0,0.0,4669.605,0.0,7.963131
2019-12-17,6,0,reserve,system,5124.733,0.0,0.0,5124.733,0.0,11.481764
2019-12-17,7,0,reserve,system,5293.046,0.0,0.0,5293.046,0.0,29.496173
2019-12-17,8,0,reserve,system,5198.443,0.0,0.0,5198.443,0.0,8.618909
2019-12-17,9,0,reserve,system,5042.575,0.0,0.0,5042.575,0.0,10.416203
2019-12-17,10,0,reserve,system,4865.973,0.0,0.0,4865.973,0.0,10.381047
2019-12-17,11,0,reserve,system,4667.976,0.0,0.0,4667.976,0.0,11.03888
2019-12-17,12,0,reserve,system,4481.453,0.0,0.0,4481.453,0.0,7.237804
2019-12-17,13,0,reserve,system,4346.823,0.0,0.0,4346.823,0.0,6.617859
2019-12-17,14,0,reserve,system,4229.876,0.0,0.0,4229.876,0.0,6.223175
2019-12-17,15,0,reserve,system,4181.642,0.0,38.08036,4181.642,0.0,2.275077
2019-12-17,16,0,reserve,system,4254.446,0.0,0.0,4254.446,0.0,0.0
2019-12-17,17,0,reserve,system,4558.246,0.0,0.0,4558.246,0.0,12.648497
2019-12-17,18,0,reserve,system,4861.955,0.0,0.0,4861.955,0.0,9.459789
2019-12-17,19,0,reserve,system,4962.293,0.0,0.0,4962.293,0.0,9.337105
2019-12-17,20,0,reserve,system,5013.603,0.0,0.0,5013.603,0.0,16.490966
2019-12-17,21,0,reserve,system,4961.15,0.0,0.0,4961.15,0.0,11.028164
2019-12-17,22,0,reserve,system,4777.239,0.0,0.0,4777.239,0.0,4.308542
2019-12-17,23,0,reserve,system,4596.681,0.0,0.0,4596.681,0.0,14.093711
2019-12-18,0,0,reserve,system,4488.204,0.0,0.0,4488.204,0.0,10.371096
2019-12-18,1,0,reserve,system,4470.716,0.0,0.0,4470.716,0.0,0.0
2019-12-18,2,0,reserve,system,4498.835,0.0,0.0,4498.835,0.0,11.127277
2019-12-18,3,0,reserve,system,4572.379,0.0,0.0,4572.379,0.0,5.358889
2019-12-18,4,0,reserve,system,4741.499,0.0,0.0,4741.499,0.0,9.307849
2019-12-18,5,0,reserve,system,5066.486,0.0,0.0,5066.486,0.0,9.433291
2019-12-18,6,0,reserve,system,5502.887,0.0,0.0,5502.887,0.0,16.50591
2019-12-18,7,0,reserve,system,5606.616,0.0,0.0,5606.616,0.0,38.861663
2019-12-18,8,0,reserve,system,5358.922,0.0,0.0,5358.922,0.0,11.83277
2019-12-18,9,0,reserve,system,5019.296,0.0,0.0,5019.296,0.0,10.801503
2019-12-18,10,0,reserve,system,4707.868,0.0,0.0,4707.868,0.0,9.58623
2019-12-18,11,0,reserve,system,4428.909,0.0,0.0,4428.909,0.0,9.815809
2019-12-18,12,0,reserve,system,4202.849,0.0,0.0,4202.849,0.0,5.715793
2019-12-18,13,0,reserve,system,4061.794,0.0,0.0,4061.794,0.0,9.63003
2019-12-18,14,0,reserve,system,3955.941,0.0,0.0,3955.941,0.0,0.0
2019-12-18,15,0,reserve,system,3905.624,0.0,0.0,3905.624,0.0,0.130288
2019-12-18,16,0,reserve,system,3959.833,0.0,0.0,3959.833,0.0,9.357656
2019-12-18,17,0,reserve,system,4238.848,0.0,0.0,4238.848,0.0,7.948598
2019-12-18,18,0,reserve,system,4562.384,0.0,0.0,4562.384,0.0,10.238458
2019-12-18,19,0,reserve,system,4674.283,0.0,0.0,4674.283,0.0,8.872768
2019-12-18,20,0,reserve,system,4756.386,0.0,0.0,4756.386,0.0,17.608665
2019-12-18,21,0,reserve,system,4740.871,0.0,0.0,4740.871,0.0,7.500903
2019-12-18,22,0,reserve,system,4594.947,0.0,0.0,4594.947,0.0,11.906186
2019-12-18,23,0,reserve,system,4433.595,0.0,0.0,4433.595,0.0,0.0
2019-12-19,0,0,reserve,system,4346.157,0.0,0.0,4346.157,0.0,26.128094
2019-12-19,1,0,reserve,system,4334.943,0.0,0.0,4334.943,0.0,0.0
2019-12-19,2,0,reserve,system,4367.232,0.0,0.0,4367.232,0.0,12.927469
2019-12-19,3,0,reserve,system,4443.13,0.0,0.0,4443.13,0.0,7.44164
2019-12-19,4,0,reserve,system,4605.728,0.0,0.0,4605.728,0.0,10.199677
2019-12-19,5,0,reserve,system,4940.984,0.0,0.0,4940.984,0.0,8.763294
2019-12-19,6,0,reserve,system,5382.556,0.0,0.0,5382.556,0.0,16.797896
2019-12-19,7,0,reserve,system,5498.243,0.0,0.0,5498.243,0.0,32.965789
2019-12-19,8,0,reserve,system,5277.512,0.0,0.0,5277.512,0.0,16.361105
2019-12-19,9,0,reserve,system,4956.502,0.0,0.0,4956.502,0.0,9.227299
2019-12-19,10,0,reserve,system,4663.891,0.0,0.0,4663.891,0.0,10.101397
2019-12-19,11,0,reserve,system,4418.039,0.0,0.0,4418.039,0.0,8.831302
2019-12-19,12,0,reserve,system,4218.152,0.0,0.0,4218.152,0.0,7.494819
2019-12-19,13,0,reserve,system,4101.708,0.0,0.0,4101.708,0.0,5.621017
2019-12-19,14,0,reserve,system,4018.426,0.0,0.0,4018.426,0.0,8.124125
2019-12-19,15,0,reserve,system,3988.691,0.0,0.0,3988.691,0.0,0.0
2019-12-19,16,0,reserve,system,4055.441,0.0,0.0,4055.441,0.0,0.028096
2019-12-19,17,0,reserve,system,4299.817,0.0,0.371368,4299.817,0.0,9.635789
2019-12-19,18,0,reserve,system,4544.199,0.0,0.0,4544.199,0.0,7.965646
2019-12-19,19,0,reserve,system,4605.61,0.0,22.300127,4605.61,0.0,22.47287
2019-12-19,20,0,reserve,system,4626.317,0.0,0.0,4626.317,0.0,10.367818
2019-12-19,21,0,reserve,system,4554.971,0.0,0.0,4554.971,0.0,10.023491
2019-12-19,22,0,reserve,system,4356.981,0.0,0.0,4356.981,0.0,0.0
2019-12-19,23,0,reserve,system,4133.032,0.0,0.0,4133.032,0.0,0.0
2019-12-20,0,0,reserve,system,3972.749,0.0,0.0,3972.749,0.0,9.257843
2019-12-20,1,0,reserve,system,3883.349,0.0,0.0,3883.349,0.0,0.0
2019-12-20,2,0,reserve,system,3840.793,0.0,0.0,3840.793,0.0,0.0
2019-12-20,3,0,reserve,system,3838.568,0.0,0.0,3838.568,0.0,9.186025
2019-12-20,4,0,reserve,system,3910.646,0.0,0.0,3910.646,0.0,5.619133
2019-12-20,5,0,reserve,system,4119.342,0.0,0.0,4119.342,0.0,8.608033
2019-12-20,6,0,reserve,system,4421.814,0.0,19.17635,4421.814,0.0,10.048892
2019-12-20,7,0,reserve,system,4562.082,0.0,0.0,4562.082,0.0,24.664555
2019-12-20,8,0,reserve,system,4551.122,0.0,0.0,4551.122,0.0,7.590046
2019-12-20,9,0,reserve,system,4551.33,0.0,0.0,4551.33,0.0,14.078612
2019-12-20,10,0,reserve,system,4536.565,0.0,0.0,4536.565,0.0,0.0
2019-12-20,11,0,reserve,system,4494.618,0.0,0.0,4494.618,0.0,14.161075
2019-12-20,12,0,reserve,system,4422.782,0.0,0.0,4422.782,0.0,8.76885
2019-12-20,13,0,reserve,system,4387.089,0.0,0.0,4387.089,0.0,0.0
2019-12-20,14,0,reserve,system,4353.244,0.0,2.160514,4353.244,0.0,0.0
2019-12-20,15,0,reserve,system,4338.339,0.0,0.0,4338.339,0.0,13.926856
2019-12-20,16,0,reserve,system,4366.165,0.0,0.0,4366.165,0.0,0.0
2019-12-20,17,0,reserve,system,4500.996,0.0,0.0,4500.996,0.0,15.226701
2019-12-20,18,0,reserve,system,4551.245,0.0,0.0,4551.245,0.0,12.211131
2019-12-20,19,0,reserve,system,4480.7,0.0,0.0,4480.7,0.0,16.247857
2019-12-20,20,0,reserve,system,4416.463,0.0,0.0,4416.463,0.0,10.661476
2019-12-20,21,0,reserve,system,4313.498,0.0,0.0,4313.498,0.0,7.836122
2019-12-20,22,0,reserve,system,4153.367,0.0,0.0,4153.367,0.0,13.11777
2019-12-20,23,0,reserve,system,3958.623,0.0,0.0,3958.623,0.0,0.0
2019-12-21,0,0,reserve,system,3779.361,0.0,0.0,3779.361,0.0,15.280611
2019-12-21,1,0,reserve,system,3673.859,0.0,0.0,3673.859,0.0,0.0
2019-12-21,2,0,reserve,system,3616.734,0.0,0.0,3616.734,0.0,14.376894
2019-12-21,3,0,reserve,system,3596.699,0.0,0.0,3596.699,0.0,0.0
2019-12-21,4,0,reserve,system,3632.131,0.0,0.0,3632.131,0.0,0.0
2019-12-21,5,0,reserve,system,3725.06,0.0,0.0,3725.06,0.0,9.36986
2019-12-21,6,0,reserve,system,3883.618,0.0,0.0,3883.618,0.0,5.936658
2019-12-21,7,0,reserve,system,4067.618,0.0,0.0,4067.618,0.0,7.955554
2019-12-21,8,0,reserve,system,4193.009,0.0,0.0,4193.009,0.0,9.308417
2019-12-21,9,0,reserve,system,4252.683,0.0,0.0,4252.683,0.0,21.137187
2019-12-21,10,0,reserve,system,4232.438,0.0,0.0,4232.438,0.0,8.138076
2019-12-21,11,0,reserve,system,4150.98,0.0,0.0,4150.98,0.0,8.670641
2019-12-21,12,0,reserve,system,4039.747,0.0,0.0,4039.747,0.0,5.771522
2019-12-21,13,0,reserve,system,3931.404,0.0,0.0,3931.404,0.0,9.303154
2019-12-21,14,0,reserve,system,3858.872,0.0,0.0,3858.872,0.0,0.0
2019-12-21,15,0,reserve,system,3835.871,0.0,0.0,3835.871,0.0,6.532867
2019-12-21,16,0,reserve,system,3876.905,0.0,0.0,3876.905,0.0,0.0
2019-12-21,17,0,reserve,system,4052.664,0.0,0.0,4052.664,0.0,11.444492
2019-12-21,18,0,reserve,system,4210.885,0.0,0.0,4210.885,0.0,8.740218
2019-12-21,19,0,reserve,system,4207.803,0.0,0.0,4207.803,0.0,20.677883
2019-12-21,20,0,reserve,system,4202.446,0.0,0.0,4202.446,0.0,6.2959
2019-12-21,21,0,reserve,system,4178.682,0.0,0.0,4178.682,0.0,10.524571
2019-12-21,22,0,reserve,system,4091.871,0.0,0.0,4091.871,0.0,6.769663
2019-12-21,23,0,reserve,system,3968.204,0.0,0.0,3968.204,0.0,12.71545
2019-12-22,0,0,reserve,system,3877.368,0.0,0.0,3877.368,0.0,21.121458
2019-12-22,1,0,reserve,system,3821.288,0.0,0.0,3821.288,0.0,0.0
2019-12-22,2,0,reserve,system,3808.268,0.0,0.0,3808.268,0.0,0.0
2019-12-22,3,0,reserve,system,3830.143,0.0,0.0,3830.143,0.0,11.897588
2019-12-22,4,0,reserve,system,3896.45,0.0,0.0,3896.45,0.0,7.461395
2019-12-22,5,0,reserve,system,4013.557,0.0,0.0,4013.557,0.0,9.745702
2019-12-22,6,0,reserve,system,4180.454,0.0,0.0,4180.454,0.0,15.13221
2019-12-22,7,0,reserve,system,4353.212,0.0,0.0,4353.212,0.0,0.0
2019-12-22,8,0,reserve,system,4423.284,0.0,0.0,4423.284,0.0,21.808457
2019-12-22,9,0,reserve,system,4352.64,0.0,0.0,4352.64,0.0,9.607644
2019-12-22,10,0,reserve,system,4211.517,0.0,0.0,4211.517,0.0,9.532177
2019-12-22,11,0,reserve,system,4044.272,0.0,0.0,4044.272,0.0,8.331907
2019-12-22,12,0,reserve,system,3883.148,0.0,0.0,3883.148,0.0,5.612896
2019-12-22,13,0,reserve,system,3734.501,0.0,0.0,3734.501,0.0,9.504568
2019-12-22,14,0,reserve,system,3632.774,0.0,0.0,3632.774,0.0,0.0
2019-12-22,15,0,reserve,system,3594.106,0.0,0.0,3594.106,0.0,6.522061
2019-12-22,16,0,reserve,system,3620.958,0.0,0.0,3620.958,0.0,0.0
2019-12-22,17,0,reserve,system,3829.637,0.0,0.0,3829.637,0.0,9.581496
2019-12-22,18,0,reserve,system,4069.265,0.0,0.0,4069.265,0.0,9.421466
2019-12-22,19,0,reserve,system,4146.847,0.0,0.0,4146.847,0.0,9.849792
2019-12-22,20,0,reserve,system,4186.334,0.0,0.0,4186.334,0.0,17.763014
2019-12-22,21,0,reserve,system,4186.269,0.0,0.0,4186.269,0.0,13.614854
2019-12-22,22,0,reserve,system,4110.548,0.0,0.0,4110.548,0.0,0.0
2019-12-22,23,0,reserve,system,3996.325,0.0,0.0,3996.325,0.0,14.848456
2019-12-23,0,0,reserve,system,3912.323,0.0,0.0,3912.323,0.0,25.768761
2019-12-23,1,0,reserve,system,3883.162,0.0,0.0,3883.162,0.0,0.0
2019-12-23,2,0,reserve,system,3906.754,0.0,0.0,3906.754,0.0,11.626591
2019-12-23,3,0,reserve,system,3974.113,0.0,0.0,3974.113,0.0,6.7662
2019-12-23,4,0,reserve,system,4118.635,0.0,0.0,4118.635,0.0,10.236387
2019-12-23,5,0,reserve,system,4364.825,0.0,0.0,4364.825,0.0,9.032419
2019-12-23,6,0,reserve,system,4666.587,0.0,0.0,4666.587,0.0,9.078293
2019-12-23,7,0,reserve,system,4843.291,0.0,0.0,4843.291,0.0,13.281681
2019-12-23,8,0,reserve,system,4805.325,0.0,0.0,4805.325,0.0,12.177894
2019-12-23,9,0,reserve,system,4600.05,0.0,0.0,4600.05,0.0,10.22528
2019-12-23,10,0,reserve,system,4349.756,0.0,0.0,4349.756,0.0,8.093474
2019-12-23,11,0,reserve,system,4130.627,0.0,0.0,4130.627,0.0,9.417634
2019-12-23,12,0,reserve,system,3939.935,0.0,0.0,3939.935,0.0,5.49191
2019-12-23,13,0,reserve,system,3834.876,0.0,0.0,3834.876,0.0,9.370684
2019-12-23,14,0,reserve,system,3765.611,0.0,0.0,3765.611,0.0,0.0
2019-12-23,15,0,reserve,system,3728.363,0.0,0.0,3728.363,0.0,6.310002
2019-12-23,16,0,reserve,system,3728.354,0.0,0.0,3728.354,0.0,0.0
2019-12-23,17,0,reserve,system,3867.086,0.0,23.500105,3867.086,0.0,9.539146
2019-12-23,18,0,reserve,system,4035.855,0.0,38.09278,4035.855,0.0,9.59615
2019-12-23,19,0,reserve,system,4047.272,0.0,0.0,4047.272,0.0,21.697975
2019-12-23,20,0,reserve,system,4058.868,0.0,0.0,4058.868,0.0,8.619274
2019-12-23,21,0,reserve,system,4046.305,0.0,0.0,4046.305,0.0,11.956444
2019-12-23,22,0,reserve,system,3952.05,0.0,0.0,3952.05,0.0,0.0
2019-12-23,23,0,reserve,system,3827.015,0.0,0.0,3827.015,0.0,0.0
2019-12-24,0,0,reserve,system,3720.089,0.0,0.0,3720.089,0.0,12.540574
2019-12-24,1,0,reserve,system,3667.107,0.0,0.0,3667.107,0.0,0.0
2019-12-24,2,0,reserve,system,3666.296,0.0,37.809692,3666.296,0.0,0.0
2019-12-24,3,0,reserve,system,3700.212,0.0,38.0967,3700.212,0.0,8.684119
2019-12-24,4,0,reserve,system,3798.468,0.0,0.0,3798.468,0.0,5.855912
2019-12-24,5,0,reserve,system,3980.706,0.0,0.0,3980.706,0.0,9.182199
2019-12-24,6,0,reserve,system,4202.672,0.0,0.0,4202.672,0.0,9.656873
2019-12-24,7,0,reserve,system,4356.245,0.0,38.09278,4356.245,0.0,18.505324
2019-12-24,8,0,reserve,system,4358.108,0.0,0.0,4358.108,0.0,9.496811
2019-12-24,9,0,reserve,system,4214.202,0.0,0.0,4214.202,0.0,9.562584
2019-12-24,10,0,reserve,system,4024.299,0.0,0.0,4024.299,0.0,5.932279
2019-12-24,11,0,reserve,system,3870.979,0.0,0.0,3870.979,0.0,6.848617
2019-12-24,12,0,reserve,system,3752.269,0.0,0.0,3752.269,0.0,5.39434
2019-12-24,13,0,reserve,system,3684.257,0.0,0.0,3684.257,0.0,9.329404
2019-12-24,14,0,reserve,system,3652.891,0.0,0.0,3652.891,0.0,0.0
2019-12-24,15,0,reserve,system,3629.335,0.0,0.0,3629.335,0.0,6.381429
2019-12-24,16,0,reserve,system,3622.674,0.0,0.0,3622.674,0.0,0.0
2019-12-24,17,0,reserve,system,3718.821,0.0,0.0,3718.821,0.0,9.726566
2019-12-24,18,0,reserve,system,3817.125,0.0,13.56109,3817.125,0.0,7.704944
2019-12-24,19,0,reserve,system,3751.797,0.0,0.0,3751.797,0.0,18.350048
2019-12-24,20,0,reserve,system,3692.174,0.0,0.0,3692.174,0.0,5.822891
2019-12-24,21,0,reserve,system,3634.324,0.0,0.0,3634.324,0.0,8.465702
2019-12-24,22,0,reserve,system,3557.559,0.0,0.0,3557.559,0.0,0.0
2019-12-24,23,0,reserve,system,3451.81,0.0,0.0,3451.81,0.0,0.0
2019-12-25,0,0,reserve,system,3352.374,0.0,0.0,3352.374,0.0,0.0
2019-12-25,1,0,reserve,system,3294.307,0.0,0.0,3294.307,0.0,8.385009
2019-12-25,2,0,reserve,system,3265.978,0.0,0.0,3265.978,0.0,0.691304
2019-12-25,3,0,reserve,system,3264.97,0.0,0.0,3264.97,0.0,0.0
2019-12-25,4,0,reserve,system,3309.14,0.0,0.0,3309.14,0.0,5.171029
2019-12-25,5,0,reserve,system,3400.518,0.0,0.203341,3400.518,0.0,5.610795
2019-12-25,6,0,reserve,system,3518.341,0.0,0.0,3518.341,0.0,6.560943
2019-12-25,7,0,reserve,system,3614.706,0.0,0.0,3614.706,0.0,6.452318
2019-12-25,8,0,reserve,system,3674.573,0.0,6.277819,3674.573,0.0,14.534476
2019-12-25,9,0,reserve,system,3667.588,0.0,0.0,3667.588,0.0,10.022851
2019-12-25,10,0,reserve,system,3623.718,0.0,0.0,3623.718,0.0,0.0
2019-12-25,11,0,reserve,system,3577.318,0.0,0.0,3577.318,0.0,10.954227
2019-12-25,12,0,reserve,system,3514.583,0.0,0.0,3514.583,0.0,6.842064
2019-12-25,13,0,reserve,system,3462.091,0.0,0.0,3462.091,0.0,2.875102
2019-12-25,14,0,reserve,system,3422.922,0.0,0.0,3422.922,0.0,5.219433
2019-12-25,15,0,reserve,system,3400.005,0.0,0.0,3400.005,0.0,0.0
2019-12-25,16,0,reserve,system,3381.798,0.0,0.0,3381.798,0.0,0.0
2019-12-25,17,0,reserve,system,3462.799,0.0,0.0,3462.799,0.0,7.595814
2019-12-25,18,0,reserve,system,3586.028,0.0,14.464007,3586.028,0.0,6.493694
2019-12-25,19,0,reserve,system,3568.954,0.0,12.394324,3568.954,0.0,16.26433
2019-12-25,20,0,reserve,system,3542.063,0.0,0.0,3542.063,0.0,4.838632
2019-12-25,21,0,reserve,system,3487.716,0.0,0.0,3487.716,0.0,9.483261
2019-12-25,22,0,reserve,system,3375.707,0.0,0.0,3375.707,0.0,0.0
2019-12-25,23,0,reserve,system,3222.83,0.0,0.0,3222.83,0.0,0.0
2019-12-26,0,0,reserve,system,3088.745,0.0,0.0,3088.745,0.0,8.369083
2019-12-26,1,0,reserve,system,3004.606,0.0,0.0,3004.606,0.0,0.0
2019-12-26,2,0,reserve,system,2967.284,0.0,0.0,2967.284,0.0,0.0
2019-12-26,3,0,reserve,system,2970.806,0.0,0.0,2970.806,0.0,6.601341
2019-12-26,4,0,reserve,system,3035.391,0.0,0.0,3035.391,0.0,0.0
2019-12-26,5,0,reserve,system,3186.167,0.0,0.0,3186.167,0.0,9.17015
2019-12-26,6,0,reserve,system,3384.992,0.0,0.0,3384.992,0.0,5.296232
2019-12-26,7,0,reserve,system,3520.438,0.0,0.0,3520.438,0.0,8.073703
2019-12-26,8,0,reserve,system,3609.954,0.0,0.0,3609.954,0.0,7.286326
2019-12-26,9,0,reserve,system,3709.217,0.0,24.364751,3709.217,0.0,22.497814
2019-12-26,10,0,reserve,system,3780.615,0.0,0.0,3780.615,0.0,0.0
2019-12-26,11,0,reserve,system,3808.309,0.0,0.0,3808.309,0.0,12.127362
2019-12-26,12,0,reserve,system,3798.356,0.0,0.0,3798.356,0.0,9.514713
2019-12-26,13,0,reserve,system,3790.699,0.0,0.0,3790.699,0.0,0.0
2019-12-26,14,0,reserve,system,3765.858,0.0,0.0,3765.858,0.0,0.0
2019-12-26,15,0,reserve,system,3746.536,0.0,27.761572,3746.536,0.0,13.23641
2019-12-26,16,0,reserve,system,3744.824,0.0,0.0,3744.824,0.0,0.0
2019-12-26,17,0,reserve,system,3861.435,0.0,0.0,3861.435,0.0,9.593118
2019-12-26,18,0,reserve,system,3970.17,0.0,0.0,3970.17,0.0,14.157591
2019-12-26,19,0,reserve,system,3907.294,0.0,0.0,3907.294,0.0,17.062439
2019-12-26,20,0,reserve,system,3825.899,0.0,0.0,3825.899,0.0,6.728188
2019-12-26,21,0,reserve,system,3718.304,0.0,0.0,3718.304,0.0,7.576261
2019-12-26,22,0,reserve,system,3552.752,0.0,0.0,3552.752,0.0,5.175813
2019-12-26,23,0,reserve,system,3356.542,0.0,0.0,3356.542,0.0,7.35275
2019-12-27,0,0,reserve,system,3186.024,0.0,0.0,3186.024,0.0,6.893308
2019-12-27,1,0,reserve,system,3087.097,0.0,0.0,3087.097,0.0,0.0
2019-12-27,2,0,reserve,system,3029.641,0.0,0.0,3029.641,0.0,3.322049
2019-12-27,3,0,reserve,system,3015.347,0.0,0.0,3015.347,0.0,0.0
2019-12-27,4,0,reserve,system,3064.282,0.0,0.0,3064.282,0.0,5.70095
2019-12-27,5,0,reserve,system,3198.395,0.0,0.0,3198.395,0.0,3.840047
2019-12-27,6,0,reserve,system,3386.627,0.0,0.0,3386.627,0.0,7.762288
2019-12-27,7,0,reserve,system,3526.926,0.0,0.0,3526.926,0.0,6.067837
2019-12-27,8,0,reserve,system,3612.176,0.0,0.0,3612.176,0.0,8.789258
2019-12-27,9,0,reserve,system,3686.937,0.0,5.020091,3686.937,0.0,15.121554
2019-12-27,10,0,reserve,system,3728.231,0.0,0.0,3728.231,0.0,0.0
2019-12-27,11,0,reserve,system,3751.53,0.0,0.0,3751.53,0.0,9.393665
2019-12-27,12,0,reserve,system,3752.078,0.0,0.0,3752.078,0.0,5.37452
2019-12-27,13,0,reserve,system,3761.119,0.0,0.0,3761.119,0.0,0.13287
2019-12-27,14,0,reserve,system,3753.173,0.0,3.302798,3753.173,0.0,0.0
2019-12-27,15,0,reserve,system,3744.09,0.0,0.0,3744.09,0.0,7.396015
2019-12-27,16,0,reserve,system,3728.536,0.0,0.0,3728.536,0.0,0.0
2019-12-27,17,0,reserve,system,3831.039,0.0,1.362737,3831.039,0.0,7.543627
2019-12-27,18,0,reserve,system,3935.181,0.0,2.978149,3935.181,0.0,6.101062
2019-12-27,19,0,reserve,system,3878.418,0.0,26.897167,3878.418,0.0,15.826912
2019-12-27,20,0,reserve,system,3812.813,0.0,0.0,3812.813,0.0,7.019256
2019-12-27,21,0,reserve,system,3717.756,0.0,0.0,3717.756,0.0,3.991654
2019-12-27,22,0,reserve,system,3569.603,0.0,0.0,3569.603,0.0,3.372624
2019-12-27,23,0,reserve,system,3385.47,0.0,0.0,3385.47,0.0,4.726887
2019-12-28,0,0,reserve,system,3223.93,0.0,0.0,3223.93,0.0,4.673829
2019-12-28,1,0,reserve,system,3104.513,0.0,0.0,3104.513,0.0,1.75798
2019-12-28,2,0,reserve,system,3025.16,0.0,0.0,3025.16,0.0,0.0
2019-12-28,3,0,reserve,system,2993.92,0.0,0.0,2993.92,0.0,0.0
2019-12-28,4,0,reserve,system,2995.433,0.0,0.0,2995.433,0.0,2.141541
2019-12-28,5,0,reserve,system,3045.558,0.0,0.0,3045.558,0.0,0.276083
2019-12-28,6,0,reserve,system,3145.363,0.0,0.0,3145.363,0.0,1.713171
2019-12-28,7,0,reserve,system,3256.908,0.0,0.0,3256.908,0.0,3.342857
2019-12-28,8,0,reserve,system,3393.988,0.0,0.0,3393.988,0.0,3.486487
2019-12-28,9,0,reserve,system,3553.141,0.0,0.0,3553.141,0.0,6.78665
2019-12-28,10,0,reserve,system,3680.9,0.0,0.8405,3680.9,0.0,0.668488
2019-12-28,11,0,reserve,system,3757.202,0.0,3.975351,3757.202,0.0,6.058842
2019-12-28,12,0,reserve,system,3780.573,0.0,4.627559,3780.573,0.0,12.540932
2019-12-28,13,0,reserve,system,3777.325,0.0,0.0,3777.325,0.0,0.0
2019-12-28,14,0,reserve,system,3775.522,0.0,0.0,3775.522,0.0,6.082433
2019-12-28,15,0,reserve,system,3752.752,0.0,0.0,3752.752,0.0,0.0
2019-12-28,16,0,reserve,system,3733.094,0.0,0.0,3733.094,0.0,11.409853
2019-12-28,17,0,reserve,system,3829.337,0.0,3.13661,3829.337,0.0,0.0
2019-12-28,18,0,reserve,system,3916.12,0.0,2.981137,3916.12,0.0,9.774535
2019-12-28,19,0,reserve,system,3881.183,0.0,0.0,3881.183,0.0,14.908007
2019-12-28,20,0,reserve,system,3830.809,0.0,0.0,3830.809,0.0,5.83083
2019-12-28,21,0,reserve,system,3752.432,0.0,0.0,3752.432,0.0,6.408372
2019-12-28,22,0,reserve,system,3619.453,0.0,0.0,3619.453,0.0,5.933091
2019-12-28,23,0,reserve,system,3480.168,0.0,0.0,3480.168,0.0,7.781293
2019-12-29,0,0,reserve,system,3338.804,0.0,0.0,3338.804,0.0,3.311524
2019-12-29,1,0,reserve,system,3236.772,0.0,0.0,3236.772,0.0,0.0
2019-12-29,2,0,reserve,system,3177.113,0.0,0.0,3177.113,0.0,3.342857
2019-12-29,3,0,reserve,system,3157.068,0.0,0.0,3157.068,0.0,5.856256
2019-12-29,4,0,reserve,system,3160.689,0.0,23.581522,3160.689,0.0,4.779085
2019-12-29,5,0,reserve,system,3208.454,0.0,50.0,3208.454,0.0,6.476338
2019-12-29,6,0,reserve,system,3299.695,0.0,0.0,3299.695,0.0,5.401839
2019-12-29,7,0,reserve,system,3427.877,0.0,0.0,3427.877,0.0,5.801517
2019-12-29,8,0,reserve,system,3561.769,0.0,0.0,3561.769,0.0,6.911509
2019-12-29,9,0,reserve,system,3686.335,0.0,0.0,3686.335,0.0,15.616742
2019-12-29,10,0,reserve,system,3752.52,0.0,0.0,3752.52,0.0,6.809551
2019-12-29,11,0,reserve,system,3770.927,0.0,0.0,3770.927,0.0,4.337868
2019-12-29,12,0,reserve,system,3737.748,0.0,0.0,3737.748,0.0,4.658103
2019-12-29,13,0,reserve,system,3690.494,0.0,0.0,3690.494,0.0,4.286258
2019-12-29,14,0,reserve,system,3634.803,0.0,0.0,3634.803,0.0,5.458976
2019-12-29,15,0,reserve,system,3608.55,0.0,0.0,3608.55,0.0,0.0
2019-12-29,16,0,reserve,system,3623.888,0.0,0.0,3623.888,0.0,0.0
2019-12-29,17,0,reserve,system,3796.617,0.0,0.0,3796.617,0.0,5.800015
2019-12-29,18,0,reserve,system,4019.265,0.0,0.0,4019.265,0.0,6.246055
2019-12-29,19,0,reserve,system,4063.983,0.0,0.0,4063.983,0.0,16.541316
2019-12-29,20,0,reserve,system,4053.265,0.0,0.0,4053.265,0.0,16.649005
2019-12-29,21,0,reserve,system,4017.702,0.0,0.0,4017.702,0.0,10.141477
2019-12-29,22,0,reserve,system,3903.341,0.0,0.0,3903.341,0.0,7.051111
2019-12-29,23,0,reserve,system,3768.295,0.0,0.0,3768.295,0.0,9.925759
2019-12-30,0,0,reserve,system,3673.154,0.0,0.0,3673.154,0.0,11.623199
2019-12-30,1,0,reserve,system,3635.897,0.0,0.0,3635.897,0.0,0.0
2019-12-30,2,0,reserve,system,3653.155,0.0,0.0,3653.155,0.0,5.849549
2019-12-30,3,0,reserve,system,3703.217,0.0,22.071607,3703.217,0.0,13.077045
2019-12-30,4,0,reserve,system,3832.785,0.0,0.0,3832.785,0.0,0.0
2019-12-30,5,0,reserve,system,4071.542,0.0,0.0,4071.542,0.0,11.537107
2019-12-30,6,0,reserve,system,4371.681,0.0,18.881778,4371.681,0.0,8.364884
2019-12-30,7,0,reserve,system,4579.059,0.0,0.0,4579.059,0.0,10.762795
2019-12-30,8,0,reserve,system,4565.644,0.0,37.369948,4565.644,0.0,20.52248
2019-12-30,9,0,reserve,system,4435.59,0.0,0.0,4435.59,0.0,10.067738
2019-12-30,10,0,reserve,system,4292.079,0.0,0.0,4292.079,0.0,8.603183
2019-12-30,11,0,reserve,system,4140.361,0.0,0.0,4140.361,0.0,8.316731
2019-12-30,12,0,reserve,system,4003.666,0.0,0.0,4003.666,0.0,5.615728
2019-12-30,13,0,reserve,system,3904.478,0.0,0.0,3904.478,0.0,9.310656
2019-12-30,14,0,reserve,system,3819.958,0.0,0.0,3819.958,0.0,0.0
2019-12-30,15,0,reserve,system,3775.42,0.0,0.0,3775.42,0.0,0.091748
2019-12-30,16,0,reserve,system,3796.495,0.0,0.0,3796.495,0.0,9.399335
2019-12-30,17,0,reserve,system,3986.646,0.0,0.0,3986.646,0.0,6.44205
2019-12-30,18,0,reserve,system,4243.492,0.0,0.0,4243.492,0.0,10.76681
2019-12-30,19,0,reserve,system,4291.64,0.0,0.0,4291.64,0.0,8.722738
2019-12-30,20,0,reserve,system,4310.732,0.0,0.0,4310.732,0.0,17.989646
2019-12-30,21,0,reserve,system,4271.535,0.0,0.0,4271.535,0.0,9.899505
2019-12-30,22,0,reserve,system,4160.143,0.0,0.0,4160.143,0.0,6.935213
2019-12-30,23,0,reserve,system,4028.273,0.0,0.0,4028.273,0.0,13.588243
2019-12-31,0,0,reserve,system,3922.207,0.0,0.0,3922.207,0.0,18.430042
2019-12-31,1,0,reserve,system,3886.359,0.0,0.0,3886.359,0.0,0.0
2019-12-31,2,0,reserve,system,3887.054,0.0,0.0,3887.054,0.0,0.0
2019-12-31,3,0,reserve,system,3941.065,0.0,0.0,3941.065,0.0,12.057203
2019-12-31,4,0,reserve,system,4068.303,0.0,0.0,4068.303,0.0,7.296903
2019-12-31,5,0,reserve,system,4291.313,0.0,0.0,4291.313,0.0,9.240327
2019-12-31,6,0,reserve,system,4556.24,0.0,0.0,4556.24,0.0,8.01739
2019-12-31,7,0,reserve,system,4725.019,0.0,0.0,4725.019,0.0,16.121448
2019-12-31,8,0,reserve,system,4686.666,0.0,0.0,4686.666,0.0,7.57179
2019-12-31,9,0,reserve,system,4516.184,0.0,0.0,4516.184,0.0,9.871822
2019-12-31,10,0,reserve,system,4323.562,0.0,0.0,4323.562,0.0,9.294746
2019-12-31,11,0,reserve,system,4139.347,0.0,0.0,4139.347,0.0,9.701859
2019-12-31,12,0,reserve,system,3973.371,0.0,0.0,3973.371,0.0,5.801737
2019-12-31,13,0,reserve,system,3869.475,0.0,0.0,3869.475,0.0,8.604737
2019-12-31,14,0,reserve,system,3803.027,0.0,0.0,3803.027,0.0,2.21266
2019-12-31,15,0,reserve,system,3766.814,0.0,0.0,3766.814,0.0,5.036987
2019-12-31,16,0,reserve,system,3811.482,0.0,0.0,3811.482,0.0,0.0
2019-12-31,17,0,reserve,system,4021.658,0.0,0.0,4021.658,0.0,10.548407
2019-12-31,18,0,reserve,system,4181.298,0.0,37.798188,4181.298,0.0,20.531596
2019-12-31,19,0,reserve,system,4107.975,0.0,0.0,4107.975,0.0,10.050173
2019-12-31,20,0,reserve,system,4014.551,0.0,0.0,4014.551,0.0,7.664018
2019-12-31,21,0,reserve,system,3933.062,0.0,0.0,3933.062,0.0,9.748066
2019-12-31,22,0,reserve,system,3837.737,0.0,0.0,3837.737,0.0,0.0
2019-12-31,23,0,reserve,system,3746.083,0.0,0.0,3746.083,0.0,0.0
