Date,Hour,committed_mw,num_committed
2019-01-01,0,32708.7,95
2019-01-01,1,32708.7,95
2019-01-01,2,31769.1,94
2019-01-01,3,31769.1,94
2019-01-01,4,32708.7,95
2019-01-01,5,34559.5,96
2019-01-01,6,33707.3,95
2019-01-01,7,33707.3,95
2019-01-01,8,35976.8,97
2019-01-01,9,35976.8,97
2019-01-01,10,35125.7,94
2019-01-01,11,34336.1,94
2019-01-01,12,34336.1,94
2019-01-01,13,32714.7,92
2019-01-01,14,32001.3,91
2019-01-01,15,32001.3,91
2019-01-01,16,35976.8,97
2019-01-01,17,38696.0,99
2019-01-01,18,40380.7,101
2019-01-01,19,40380.7,101
2019-01-01,20,40380.7,101
2019-01-01,21,39948.7,100
2019-01-01,22,39948.7,100
2019-01-01,23,38335.5,98
2019-01-02,0,37033.5,98
2019-01-02,1,36498.0,97
2019-01-02,2,36474.0,97
2019-01-02,3,36474.0,97
2019-01-02,4,39582.9,100
2019-01-02,5,42253.2,104
2019-01-02,6,44823.2,107
2019-01-02,7,45905.4,108
2019-01-02,8,51228.6,110
2019-01-02,9,51228.6,110
2019-01-02,10,51798.6,111
2019-01-02,11,53829.8,113
2019-01-02,12,53829.8,113
2019-01-02,13,51808.0,111
2019-01-02,14,51808.0,111
2019-01-02,15,50710.6,110
2019-01-02,16,52890.2,112
2019-01-02,17,55005.2,114
2019-01-02,18,55005.2,114
2019-01-02,19,55005.2,114
2019-01-02,20,54126.8,113
2019-01-02,21,52812.0,112
2019-01-02,22,48803.6,111
2019-01-02,23,45800.0,109
2019-01-03,0,44860.4,108
2019-01-03,1,44860.4,108
2019-01-03,2,43945.8,107
2019-01-03,3,42863.6,106
2019-01-03,4,48024.8,108
2019-01-03,5,48700.2,108
2019-01-03,6,49614.8,109
2019-01-03,7,49614.8,109
2019-01-03,8,49614.8,109
2019-01-03,9,50554.4,110
2019-01-03,10,49892.9,109
2019-01-03,11,44731.7,107
2019-01-03,12,42212.9,104
2019-01-03,13,40357.1,102
2019-01-03,14,36932.7,99
2019-01-03,15,36640.6,97
2019-01-03,16,39013.9,100
2019-01-03,17,45907.0,108
2019-01-03,18,50997.6,110
2019-01-03,19,50997.6,110
2019-01-03,20,50997.6,110
2019-01-03,21,50462.1,109
2019-01-03,22,49146.8,109
2019-01-03,23,47412.8,108
2019-01-04,0,43404.4,107
2019-01-04,1,43404.4,107
2019-01-04,2,44173.0,107
2019-01-04,3,43320.8,106
2019-01-04,4,43740.0,106
2019-01-04,5,48626.8,108
2019-01-04,6,49709.0,109
2019-01-04,7,49709.0,109
2019-01-04,8,49709.0,109
2019-01-04,9,48830.6,108
2019-01-04,10,45758.4,105
2019-01-04,11,41750.0,104
2019-01-04,12,37869.9,100
2019-01-04,13,34461.3,97
2019-01-04,14,32272.8,94
2019-01-04,15,32272.8,94
2019-01-04,16,35007.8,96
2019-01-04,17,40016.0,103
2019-01-04,18,42832.2,105
2019-01-04,19,42832.2,105
2019-01-04,20,42832.2,105
2019-01-04,21,42832.2,105
2019-01-04,22,41098.2,104
2019-01-04,23,42884.4,106
2019-01-05,0,39234.8,103
2019-01-05,1,36554.6,101
2019-01-05,2,36554.6,101
2019-01-05,3,36554.6,101
2019-01-05,4,39289.6,103
2019-01-05,5,41007.4,105
2019-01-05,6,43619.8,107
2019-01-05,7,44772.6,108
2019-01-05,8,44772.6,108
2019-01-05,9,44202.6,107
2019-01-05,10,41590.2,105
2019-01-05,11,38058.1,101
2019-01-05,12,34824.1,97
2019-01-05,13,32089.1,95
2019-01-05,14,30538.7,93
2019-01-05,15,29071.2,91
2019-01-05,16,29606.7,92
2019-01-05,17,33884.5,96
2019-01-05,18,34597.9,97
2019-01-05,19,34597.9,97
2019-01-05,20,34597.9,97
2019-01-05,21,33884.5,96
2019-01-05,22,31553.6,94
2019-01-05,23,33730.7,94
2019-01-06,0,33223.0,94
2019-01-06,1,27677.3,88
2019-01-06,2,28538.3,89
2019-01-06,3,28688.3,90
2019-01-06,4,28688.3,90
2019-01-06,5,29620.3,91
2019-01-06,6,30366.3,92
2019-01-06,7,32019.3,94
2019-01-06,8,32019.3,94
2019-01-06,9,32019.3,94
2019-01-06,10,32019.3,94
2019-01-06,11,28854.7,90
2019-01-06,12,28002.5,89
2019-01-06,13,26200.9,87
2019-01-06,14,24294.5,83
2019-01-06,15,24294.5,83
2019-01-06,16,26169.9,87
2019-01-06,17,28863.5,90
2019-01-06,18,33004.6,94
2019-01-06,19,33004.6,94
2019-01-06,20,31270.6,93
2019-01-06,21,28145.2,89
2019-01-06,22,24171.4,83
2019-01-06,23,21951.5,78
2019-01-07,0,18793.5,71
2019-01-07,1,17594.0,69
2019-01-07,2,17890.0,71
2019-01-07,3,19796.6,74
2019-01-07,4,21639.6,79
2019-01-07,5,26165.9,86
2019-01-07,6,29002.3,90
2019-01-07,7,30623.7,92
2019-01-07,8,32304.6,95
2019-01-07,9,32304.6,95
2019-01-07,10,32304.6,95
2019-01-07,11,31769.1,94
2019-01-07,12,31769.1,94
2019-01-07,13,31079.7,93
2019-01-07,14,30759.3,91
2019-01-07,15,30759.3,91
2019-01-07,16,31079.7,93
2019-01-07,17,35521.7,98
2019-01-07,18,37375.9,100
2019-01-07,19,37375.9,100
2019-01-07,20,37375.9,100
2019-01-07,21,35039.6,97
2019-01-07,22,31960.0,94
2019-01-07,23,29082.1,90
2019-01-08,0,27993.9,89
2019-01-08,1,25571.9,86
2019-01-08,2,26386.9,87
2019-01-08,3,27475.1,88
2019-01-08,4,29266.0,91
2019-01-08,5,35061.0,96
2019-01-08,6,36520.3,98
2019-01-08,7,38374.5,100
2019-01-08,8,38374.5,100
2019-01-08,9,38944.5,101
2019-01-08,10,38944.5,101
2019-01-08,11,37090.3,99
2019-01-08,12,36370.3,97
2019-01-08,13,34574.9,96
2019-01-08,14,32724.1,95
2019-01-08,15,32475.1,94
2019-01-08,16,31820.8,93
2019-01-08,17,35494.1,97
2019-01-08,18,37459.9,99
2019-01-08,19,37459.9,99
2019-01-08,20,37459.9,99
2019-01-08,21,34563.1,95
2019-01-08,22,31217.3,92
2019-01-08,23,27303.5,87
2019-01-09,0,26465.0,83
2019-01-09,1,25113.4,82
2019-01-09,2,25362.4,83
2019-01-09,3,27096.4,84
2019-01-09,4,27392.4,86
2019-01-09,5,33380.3,93
2019-01-09,6,36613.2,96
2019-01-09,7,37148.7,97
2019-01-09,8,37580.7,98
2019-01-09,9,37580.7,98
2019-01-09,10,38432.9,99
2019-01-09,11,36582.1,98
2019-01-09,12,34786.7,97
2019-01-09,13,33052.7,96
2019-01-09,14,31399.7,94
2019-01-09,15,30817.7,92
2019-01-09,16,31907.3,94
2019-01-09,17,36839.5,98
2019-01-09,18,38906.9,100
2019-01-09,19,38906.9,100
2019-01-09,20,38906.9,100
2019-01-09,21,38906.9,100
2019-01-09,22,37052.7,98
2019-01-09,23,34165.9,96
2019-01-10,0,34165.9,96
2019-01-10,1,33630.4,95
2019-01-10,2,34062.4,96
2019-01-10,3,35002.0,97
2019-01-10,4,37189.7,100
2019-01-10,5,42226.8,105
2019-01-10,6,44091.7,107
2019-01-10,7,44091.7,107
2019-01-10,8,44091.7,107
2019-01-10,9,41099.9,103
2019-01-10,10,39382.1,101
2019-01-10,11,34940.1,96
2019-01-10,12,34940.1,96
2019-01-10,13,32957.1,94
2019-01-10,14,32017.5,93
2019-01-10,15,30750.4,90
2019-01-10,16,33823.7,96
2019-01-10,17,37353.1,98
2019-01-10,18,36331.9,98
2019-01-10,19,36331.9,98
2019-01-10,20,36331.9,98
2019-01-10,21,33847.1,96
2019-01-10,22,31002.7,91
2019-01-10,23,29268.7,90
2019-01-11,0,26913.6,87
2019-01-11,1,27751.1,89
2019-01-11,2,28839.3,90
2019-01-11,3,31079.7,93
2019-01-11,4,32304.6,95
2019-01-11,5,35892.8,98
2019-01-11,6,37688.2,99
2019-01-11,7,37688.2,99
2019-01-11,8,37152.7,98
2019-01-11,9,35357.3,97
2019-01-11,10,35357.3,97
2019-01-11,11,34442.7,96
2019-01-11,12,33753.3,95
2019-01-11,13,32107.9,93
2019-01-11,14,30080.1,91
2019-01-11,15,30080.1,91
2019-01-11,16,31703.8,93
2019-01-11,17,34038.6,96
2019-01-11,18,34978.2,97
2019-01-11,19,34978.2,97
2019-01-11,20,34978.2,97
2019-01-11,21,32554.8,95
2019-01-11,22,30647.7,92
2019-01-11,23,27546.3,88
2019-01-12,0,26458.1,87
2019-01-12,1,27061.9,88
2019-01-12,2,28150.1,89
2019-01-12,3,28000.1,88
2019-01-12,4,28000.1,88
2019-01-12,5,29850.9,89
2019-01-12,6,28989.9,88
2019-01-12,7,30617.3,89
2019-01-12,8,33391.7,93
2019-01-12,9,33541.7,94
2019-01-12,10,33541.7,94
2019-01-12,11,35275.7,95
2019-01-12,12,32714.7,92
2019-01-12,13,30731.7,90
2019-01-12,14,30731.7,90
2019-01-12,15,30581.7,89
2019-01-12,16,32290.0,92
2019-01-12,17,35376.9,96
2019-01-12,18,40358.1,100
2019-01-12,19,40528.5,101
2019-01-12,20,38794.5,100
2019-01-12,21,38944.5,101
2019-01-12,22,37459.9,99
2019-01-12,23,35822.7,97
2019-01-13,0,34883.1,96
2019-01-13,1,34451.1,95
2019-01-13,2,35164.5,96
2019-01-13,3,35164.5,96
2019-01-13,4,36246.7,97
2019-01-13,5,38373.1,99
2019-01-13,6,40211.5,101
2019-01-13,7,41945.5,102
2019-01-13,8,42377.5,103
2019-01-13,9,42377.5,103
2019-01-13,10,42377.5,103
2019-01-13,11,39431.9,100
2019-01-13,12,38517.3,99
2019-01-13,13,36721.9,98
2019-01-13,14,34987.9,97
2019-01-13,15,36721.9,98
2019-01-13,16,37803.9,98
2019-01-13,17,41865.3,103
2019-01-13,18,44100.3,105
2019-01-13,19,44510.3,106
2019-01-13,20,44510.3,106
2019-01-13,21,44510.3,106
2019-01-13,22,43940.3,105
2019-01-13,23,41863.7,103
2019-01-14,0,40930.7,103
2019-01-14,1,38933.9,101
2019-01-14,2,38501.9,100
2019-01-14,3,39163.4,101
2019-01-14,4,41730.2,104
2019-01-14,5,48625.4,107
2019-01-14,6,50401.4,109
2019-01-14,7,50401.4,109
2019-01-14,8,50401.4,109
2019-01-14,9,50833.4,110
2019-01-14,10,50554.4,110
2019-01-14,11,46546.0,109
2019-01-14,12,43894.2,107
2019-01-14,13,40706.7,103
2019-01-14,14,37866.9,100
2019-01-14,15,37866.9,100
2019-01-14,16,40964.6,104
2019-01-14,17,46823.8,106
2019-01-14,18,47906.0,107
2019-01-14,19,47906.0,107
2019-01-14,20,48845.6,108
2019-01-14,21,48845.6,108
2019-01-14,22,44837.2,107
2019-01-14,23,41833.6,105
2019-01-15,0,40232.5,103
2019-01-15,1,37656.5,100
2019-01-15,2,37656.5,100
2019-01-15,3,39662.5,102
2019-01-15,4,40602.1,103
2019-01-15,5,46461.3,105
2019-01-15,6,48184.1,107
2019-01-15,7,48184.1,107
2019-01-15,8,48184.1,107
2019-01-15,9,47031.3,106
2019-01-15,10,46179.1,105
2019-01-15,11,45096.9,104
2019-01-15,12,40023.9,101
2019-01-15,13,38228.5,100
2019-01-15,14,36040.0,97
2019-01-15,15,37515.1,99
2019-01-15,16,40938.5,102
2019-01-15,17,44810.5,103
2019-01-15,18,46042.7,105
2019-01-15,19,47643.8,107
2019-01-15,20,47643.8,107
2019-01-15,21,43635.4,106
2019-01-15,22,40819.2,104
2019-01-15,23,36038.2,97
2019-01-16,0,33529.4,95
2019-01-16,1,32530.8,95
2019-01-16,2,31591.2,94
2019-01-16,3,32089.1,95
2019-01-16,4,33884.5,96
2019-01-16,5,38856.8,101
2019-01-16,6,41656.8,104
2019-01-16,7,41656.8,104
2019-01-16,8,40574.6,103
2019-01-16,9,40574.6,103
2019-01-16,10,38856.8,101
2019-01-16,11,37527.0,98
2019-01-16,12,34978.2,97
2019-01-16,13,33873.0,95
2019-01-16,14,32139.0,94
2019-01-16,15,31603.5,93
2019-01-16,16,32708.7,95
2019-01-16,17,36461.3,99
2019-01-16,18,39771.4,102
2019-01-16,19,39771.4,102
2019-01-16,20,39771.4,102
2019-01-16,21,37375.9,100
2019-01-16,22,34504.1,96
2019-01-16,23,31587.4,93
2019-01-17,0,29785.8,91
2019-01-17,1,26818.9,88
2019-01-17,2,26818.9,88
2019-01-17,3,27907.1,89
2019-01-17,4,29457.5,91
2019-01-17,5,34789.3,95
2019-01-17,6,36248.6,97
2019-01-17,7,37876.6,99
2019-01-17,8,38944.5,101
2019-01-17,9,38944.5,101
2019-01-17,10,38944.5,101
2019-01-17,11,36924.4,98
2019-01-17,12,36000.6,97
2019-01-17,13,33265.6,95
2019-01-17,14,32552.2,94
2019-01-17,15,32552.2,94
2019-01-17,16,34883.1,96
2019-01-17,17,38743.3,100
2019-01-17,18,39456.7,101
2019-01-17,19,39456.7,101
2019-01-17,20,39456.7,101
2019-01-17,21,38374.5,100
2019-01-17,22,35596.5,97
2019-01-17,23,32078.3,93
2019-01-18,0,31679.3,91
2019-01-18,1,29035.3,89
2019-01-18,2,28864.9,88
2019-01-18,3,28174.3,88
2019-01-18,4,29286.7,91
2019-01-18,5,31710.1,93
2019-01-18,6,34978.2,97
2019-01-18,7,34978.2,97
2019-01-18,8,34978.2,97
2019-01-18,9,34812.6,96
2019-01-18,10,33873.0,95
2019-01-18,11,32941.0,94
2019-01-18,12,31207.0,93
2019-01-18,13,30517.6,92
2019-01-18,14,28569.7,88
2019-01-18,15,27717.5,87
2019-01-18,16,27717.5,87
2019-01-18,17,31238.3,90
2019-01-18,18,31238.3,90
2019-01-18,19,31238.3,90
2019-01-18,20,31407.8,91
2019-01-18,21,28984.4,89
2019-01-18,22,26388.8,85
2019-01-18,23,23752.9,81
2019-01-19,0,20787.1,77
2019-01-19,1,21951.5,78
2019-01-19,2,21951.5,78
2019-01-19,3,29537.8,91
2019-01-19,4,29537.8,91
2019-01-19,5,31271.8,92
2019-01-19,6,33723.0,94
2019-01-19,7,36760.6,96
2019-01-19,8,38015.8,99
2019-01-19,9,39811.2,100
2019-01-19,10,39811.2,100
2019-01-19,11,39661.2,99
2019-01-19,12,37865.8,98
2019-01-19,13,36926.2,97
2019-01-19,14,34591.4,94
2019-01-19,15,33739.2,93
2019-01-19,16,33221.5,90
2019-01-19,17,36602.5,98
2019-01-19,18,42406.2,104
2019-01-19,19,42406.2,104
2019-01-19,20,42406.2,104
2019-01-19,21,42406.2,104
2019-01-19,22,41171.0,102
2019-01-19,23,41171.0,102
2019-01-20,0,41972.0,103
2019-01-20,1,44048.6,105
2019-01-20,2,44701.9,105
2019-01-20,3,43399.9,105
2019-01-20,4,45143.6,107
2019-01-20,5,50886.0,109
2019-01-20,6,50886.0,109
2019-01-20,7,50886.0,109
2019-01-20,8,50886.0,109
2019-01-20,9,50886.0,109
2019-01-20,10,48651.0,107
2019-01-20,11,42908.6,105
2019-01-20,12,39436.2,101
2019-01-20,13,34426.5,96
2019-01-20,14,31644.2,93
2019-01-20,15,30069.8,91
2019-01-20,16,31466.3,93
2019-01-20,17,37459.9,99
2019-01-20,18,42821.3,105
2019-01-20,19,42821.3,105
2019-01-20,20,42821.3,105
2019-01-20,21,41573.2,103
2019-01-20,22,39855.4,101
2019-01-20,23,37398.5,99
2019-01-21,0,33869.9,95
2019-01-21,1,32946.1,94
2019-01-21,2,32650.1,92
2019-01-21,3,33978.1,94
2019-01-21,4,35777.5,97
2019-01-21,5,39306.9,99
2019-01-21,6,40950.7,102
2019-01-21,7,42668.5,104
2019-01-21,8,43330.0,105
2019-01-21,9,42361.2,103
2019-01-21,10,41462.2,102
2019-01-21,11,38081.5,99
2019-01-21,12,35777.5,97
2019-01-21,13,32183.1,92
2019-01-21,14,29336.4,86
2019-01-21,15,28294.0,84
2019-01-21,16,28780.0,87
2019-01-21,17,33121.4,94
2019-01-21,18,34916.8,95
2019-01-21,19,34916.8,95
2019-01-21,20,34916.8,95
2019-01-21,21,31249.8,92
2019-01-21,22,27940.8,87
2019-01-21,23,27775.2,86
2019-01-22,0,23975.8,78
2019-01-22,1,21675.0,76
2019-01-22,2,20639.0,75
2019-01-22,3,21621.4,79
2019-01-22,4,22657.4,80
2019-01-22,5,28924.2,88
2019-01-22,6,29550.1,90
2019-01-22,7,31284.1,91
2019-01-22,8,31449.7,92
2019-01-22,9,32389.3,93
2019-01-22,10,30655.3,92
2019-01-22,11,30655.3,92
2019-01-22,12,30655.3,92
2019-01-22,13,29550.1,90
2019-01-22,14,28853.7,87
2019-01-22,15,29301.1,89
2019-01-22,16,30231.0,91
2019-01-22,17,33432.5,94
2019-01-22,18,36082.9,97
2019-01-22,19,36082.9,97
2019-01-22,20,36082.9,97
2019-01-22,21,33855.5,95
2019-01-22,22,30823.8,90
2019-01-22,23,28319.3,85
2019-01-23,0,31482.7,92
2019-01-23,1,30630.5,91
2019-01-23,2,30630.5,91
2019-01-23,3,33588.3,93
2019-01-23,4,34771.7,96
2019-01-23,5,43168.7,104
2019-01-23,6,48933.6,110
2019-01-23,7,49611.7,111
2019-01-23,8,49611.7,111
2019-01-23,9,49611.7,111
2019-01-23,10,46973.0,108
2019-01-23,11,45820.2,107
2019-01-23,12,41417.0,103
2019-01-23,13,38156.9,100
2019-01-23,14,35664.5,96
2019-01-23,15,34499.7,96
2019-01-23,16,36152.7,98
2019-01-23,17,43330.0,105
2019-01-23,18,49573.4,108
2019-01-23,19,50032.4,109
2019-01-23,20,50032.4,109
2019-01-23,21,50032.4,109
2019-01-23,22,48950.2,108
2019-01-23,23,45007.0,105
2019-01-24,0,44345.5,104
2019-01-24,1,42550.1,103
2019-01-24,2,44345.5,104
2019-01-24,3,45660.3,105
2019-01-24,4,48281.5,108
2019-01-24,5,55007.4,114
2019-01-24,6,57387.0,115
2019-01-24,7,58065.1,116
2019-01-24,8,57212.9,115
2019-01-24,9,53352.0,112
2019-01-24,10,49470.0,109
2019-01-24,11,42782.6,105
2019-01-24,12,39675.4,102
2019-01-24,13,36041.6,99
2019-01-24,14,32890.1,95
2019-01-24,15,31575.3,94
2019-01-24,16,32514.9,95
2019-01-24,17,35846.7,97
2019-01-24,18,39177.7,101
2019-01-24,19,40911.7,102
2019-01-24,20,40911.7,102
2019-01-24,21,40741.3,101
2019-01-24,22,39177.7,101
2019-01-24,23,41573.2,103
2019-01-25,0,39005.6,100
2019-01-25,1,37271.6,99
2019-01-25,2,38458.4,100
2019-01-25,3,39028.4,101
2019-01-25,4,42910.8,105
2019-01-25,5,50888.2,109
2019-01-25,6,50888.2,109
2019-01-25,7,51740.4,110
2019-01-25,8,51740.4,110
2019-01-25,9,50587.6,109
2019-01-25,10,48736.8,108
2019-01-25,11,42843.0,105
2019-01-25,12,40447.5,103
2019-01-25,13,35554.3,98
2019-01-25,14,33427.9,96
2019-01-25,15,33427.9,96
2019-01-25,16,34536.5,97
2019-01-25,17,39268.3,101
2019-01-25,18,41119.1,102
2019-01-25,19,41119.1,102
2019-01-25,20,41119.1,102
2019-01-25,21,40687.1,101
2019-01-25,22,37896.7,99
2019-01-25,23,34835.9,95
2019-01-26,0,35924.1,96
2019-01-26,1,35924.1,96
2019-01-26,2,35210.5,96
2019-01-26,3,36331.9,98
2019-01-26,4,37271.5,99
2019-01-26,5,40192.1,102
2019-01-26,6,42752.1,105
2019-01-26,7,43904.9,106
2019-01-26,8,43904.9,106
2019-01-26,9,43904.9,106
2019-01-26,10,42752.1,105
2019-01-26,11,38763.6,100
2019-01-26,12,37029.6,99
2019-01-26,13,33491.4,96
2019-01-26,14,31236.4,93
2019-01-26,15,31236.4,93
2019-01-26,16,32673.9,95
2019-01-26,17,37722.9,99
2019-01-26,18,38532.9,100
2019-01-26,19,38532.9,100
2019-01-26,20,38532.9,100
2019-01-26,21,38532.9,100
2019-01-26,22,37057.8,98
2019-01-26,23,37819.5,99
2019-01-27,0,37819.5,99
2019-01-27,1,35596.5,97
2019-01-27,2,35596.5,97
2019-01-27,3,35596.5,97
2019-01-27,4,36536.1,98
2019-01-27,5,37459.9,99
2019-01-27,6,39763.9,101
2019-01-27,7,40678.5,102
2019-01-27,8,40678.5,102
2019-01-27,9,40678.5,102
2019-01-27,10,38944.5,101
2019-01-27,11,35324.8,96
2019-01-27,12,33529.4,95
2019-01-27,13,31995.3,94
2019-01-27,14,30366.3,92
2019-01-27,15,29505.3,91
2019-01-27,16,30366.3,92
2019-01-27,17,35039.6,97
2019-01-27,18,38607.4,102
2019-01-27,19,40341.4,103
2019-01-27,20,40341.4,103
2019-01-27,21,38607.4,102
2019-01-27,22,36461.3,99
2019-01-27,23,31399.7,94
2019-01-28,0,29663.6,91
2019-01-28,1,29128.1,90
2019-01-28,2,30034.6,90
2019-01-28,3,32189.3,94
2019-01-28,4,33337.9,95
2019-01-28,5,39193.9,100
2019-01-28,6,39193.9,100
2019-01-28,7,40108.5,101
2019-01-28,8,40108.5,101
2019-01-28,9,40108.5,101
2019-01-28,10,38374.5,100
2019-01-28,11,33801.1,96
2019-01-28,12,33801.1,96
2019-01-28,13,30432.9,91
2019-01-28,14,32085.9,93
2019-01-28,15,30235.1,92
2019-01-28,16,31087.3,93
2019-01-28,17,33572.1,95
2019-01-28,18,36773.6,98
2019-01-28,19,36773.6,98
2019-01-28,20,36773.6,98
2019-01-28,21,35377.1,96
2019-01-28,22,31952.7,93
2019-01-28,23,31020.7,92
2019-01-29,0,33203.1,95
2019-01-29,1,33203.1,95
2019-01-29,2,31118.1,92
2019-01-29,3,35360.0,98
2019-01-29,4,40574.1,102
2019-01-29,5,48151.1,106
2019-01-29,6,51879.9,110
2019-01-29,7,51879.9,110
2019-01-29,8,51879.9,110
2019-01-29,9,50797.7,109
2019-01-29,10,46789.3,108
2019-01-29,11,43785.7,106
2019-01-29,12,40716.7,102
2019-01-29,13,36543.5,99
2019-01-29,14,34239.5,97
2019-01-29,15,33299.9,96
2019-01-29,16,35498.9,99
2019-01-29,17,40866.7,103
2019-01-29,18,44875.1,104
2019-01-29,19,46155.9,104
2019-01-29,20,46155.9,104
2019-01-29,21,44305.1,103
2019-01-29,22,44305.1,103
2019-01-29,23,42571.1,102
2019-01-30,0,39363.7,102
2019-01-30,1,39363.7,102
2019-01-30,2,40343.7,104
2019-01-30,3,41496.5,105
2019-01-30,4,43892.0,107
2019-01-30,5,50554.4,110
2019-01-30,6,51636.6,111
2019-01-30,7,51636.6,111
2019-01-30,8,51636.6,111
2019-01-30,9,49844.8,109
2019-01-30,10,49702.2,109
2019-01-30,11,45693.8,108
2019-01-30,12,41891.7,104
2019-01-30,13,37740.5,99
2019-01-30,14,34845.7,96
2019-01-30,15,33111.7,95
2019-01-30,16,34051.3,96
2019-01-30,17,39193.9,100
2019-01-30,18,42821.3,105
2019-01-30,19,42821.3,105
2019-01-30,20,42821.3,105
2019-01-30,21,40678.5,102
2019-01-30,22,38840.1,100
2019-01-30,23,34205.2,96
2019-01-31,0,33115.6,94
2019-01-31,1,33115.6,94
2019-01-31,2,33115.6,94
2019-01-31,3,34205.2,96
2019-01-31,4,36000.6,97
2019-01-31,5,39193.9,100
2019-01-31,6,40108.5,101
2019-01-31,7,40108.5,101
2019-01-31,8,40108.5,101
2019-01-31,9,38696.0,99
2019-01-31,10,37772.2,98
2019-01-31,11,35976.8,97
2019-01-31,12,35976.8,97
2019-01-31,13,34242.8,96
2019-01-31,14,34242.8,96
2019-01-31,15,32078.3,93
2019-01-31,16,34051.3,96
2019-01-31,17,38374.5,100
2019-01-31,18,42143.2,104
2019-01-31,19,42143.2,104
2019-01-31,20,41573.2,103
2019-01-31,21,38915.4,101
2019-01-31,22,34205.2,96
2019-01-31,23,33087.7,95
2019-02-01,0,29732.5,92
2019-02-01,1,27838.1,89
2019-02-01,2,28653.1,90
2019-02-01,3,30203.5,92
2019-02-01,4,32392.0,95
2019-02-01,5,37375.9,100
2019-02-01,6,39771.4,102
2019-02-01,7,39771.4,102
2019-02-01,8,39771.4,102
2019-02-01,9,39771.4,102
2019-02-01,10,39109.9,101
2019-02-01,11,36773.6,98
2019-02-01,12,35039.6,97
2019-02-01,13,31845.3,93
2019-02-01,14,31155.9,92
2019-02-01,15,30216.3,91
2019-02-01,16,31079.7,93
2019-02-01,17,33410.6,95
2019-02-01,18,36121.8,98
2019-02-01,19,36121.8,98
2019-02-01,20,35039.6,97
2019-02-01,21,34607.6,96
2019-02-01,22,31409.4,93
2019-02-01,23,29625.2,91
2019-02-02,0,27814.1,87
2019-02-02,1,26207.1,85
2019-02-02,2,26543.1,87
2019-02-02,3,26975.1,88
2019-02-02,4,28549.5,90
2019-02-02,5,30227.5,92
2019-02-02,6,29880.9,92
2019-02-02,7,33265.6,95
2019-02-02,8,34205.2,96
2019-02-02,9,34205.2,96
2019-02-02,10,34205.2,96
2019-02-02,11,33083.9,94
2019-02-02,12,31715.2,93
2019-02-02,13,28932.4,91
2019-02-02,14,28002.5,89
2019-02-02,15,26200.9,87
2019-02-02,16,28150.1,89
2019-02-02,17,31143.1,93
2019-02-02,18,34187.4,96
2019-02-02,19,34187.4,96
2019-02-02,20,34187.4,96
2019-02-02,21,32534.4,94
2019-02-02,22,30049.6,92
2019-02-02,23,27078.6,88
2019-02-03,0,24319.5,83
2019-02-03,1,22382.5,80
2019-02-03,2,20876.0,77
2019-02-03,3,21057.7,78
2019-02-03,4,21846.1,79
2019-02-03,5,22016.5,80
2019-02-03,6,23444.9,82
2019-02-03,7,25005.9,84
2019-02-03,8,28970.0,91
2019-02-03,9,28970.0,91
2019-02-03,10,28970.0,91
2019-02-03,11,28268.9,89
2019-02-03,12,27505.2,86
2019-02-03,13,26803.1,85
2019-02-03,14,26244.1,84
2019-02-03,15,26791.8,85
2019-02-03,16,26973.5,86
2019-02-03,17,28538.0,90
2019-02-03,18,30331.0,92
2019-02-03,19,30331.0,92
2019-02-03,20,30331.0,92
2019-02-03,21,28150.1,89
2019-02-03,22,27123.5,87
2019-02-03,23,24367.5,82
2019-02-04,0,22927.2,79
2019-02-04,1,21952.8,78
2019-02-04,2,22134.5,79
2019-02-04,3,23485.9,81
2019-02-04,4,25177.7,83
2019-02-04,5,29993.0,92
2019-02-04,6,33386.6,95
2019-02-04,7,33386.6,95
2019-02-04,8,34100.0,96
2019-02-04,9,34100.0,96
2019-02-04,10,34100.0,96
2019-02-04,11,33950.0,95
2019-02-04,12,32154.6,94
2019-02-04,13,33078.6,95
2019-02-04,14,33576.5,96
2019-02-04,15,33576.5,96
2019-02-04,16,35427.3,97
2019-02-04,17,38302.9,100
2019-02-04,18,39839.2,102
2019-02-04,19,39839.2,102
2019-02-04,20,39839.2,102
2019-02-04,21,38112.2,100
2019-02-04,22,34462.6,97
2019-02-04,23,30514.9,93
2019-02-05,0,28713.3,91
2019-02-05,1,25736.9,86
2019-02-05,2,25304.9,85
2019-02-05,3,26543.1,87
2019-02-05,4,26543.1,87
2019-02-05,5,30916.9,93
2019-02-05,6,32708.7,95
2019-02-05,7,33244.2,96
2019-02-05,8,33244.2,96
2019-02-05,9,33244.2,96
2019-02-05,10,33244.2,96
2019-02-05,11,32554.8,95
2019-02-05,12,32554.8,95
2019-02-05,13,30683.2,93
2019-02-05,14,30683.2,93
2019-02-05,15,29969.8,92
2019-02-05,16,29969.8,92
2019-02-05,17,33052.7,96
2019-02-05,18,36452.1,99
2019-02-05,19,38186.1,100
2019-02-05,20,38186.1,100
2019-02-05,21,35105.5,97
2019-02-05,22,33670.1,95
2019-02-05,23,31022.5,93
2019-02-06,0,26851.4,88
2019-02-06,1,25454.9,86
2019-02-06,2,24044.9,84
2019-02-06,3,23894.9,83
2019-02-06,4,24859.9,85
2019-02-06,5,29547.4,91
2019-02-06,6,31398.2,92
2019-02-06,7,31933.7,93
2019-02-06,8,33369.1,95
2019-02-06,9,33801.1,96
2019-02-06,10,33801.1,96
2019-02-06,11,34653.3,97
2019-02-06,12,32113.1,95
2019-02-06,13,31628.0,92
2019-02-06,14,30696.0,91
2019-02-06,15,30696.0,91
2019-02-06,16,30865.5,92
2019-02-06,17,33576.5,96
2019-02-06,18,35537.5,98
2019-02-06,19,35105.5,97
2019-02-06,20,35105.5,97
2019-02-06,21,32378.1,95
2019-02-06,22,29550.1,90
2019-02-06,23,25745.8,85
2019-02-07,0,22072.9,76
2019-02-07,1,19026.0,71
2019-02-07,2,19026.0,71
2019-02-07,3,19503.7,74
2019-02-07,4,20601.1,75
2019-02-07,5,28780.7,87
2019-02-07,6,29317.1,88
2019-02-07,7,31167.9,89
2019-02-07,8,31552.1,90
2019-02-07,9,32585.9,93
2019-02-07,10,32585.9,93
2019-02-07,11,33772.7,94
2019-02-07,12,33772.7,94
2019-02-07,13,31037.7,90
2019-02-07,14,30442.7,89
2019-02-07,15,29627.7,88
2019-02-07,16,31967.6,92
2019-02-07,17,36783.3,98
2019-02-07,18,40371.5,101
2019-02-07,19,40371.5,101
2019-02-07,20,40371.5,101
2019-02-07,21,40371.5,101
2019-02-07,22,37511.5,98
2019-02-07,23,36324.7,97
2019-02-08,0,33869.6,94
2019-02-08,1,32724.2,92
2019-02-08,2,32558.6,91
2019-02-08,3,34386.2,94
2019-02-08,4,35561.6,95
2019-02-08,5,43397.7,105
2019-02-08,6,50268.1,108
2019-02-08,7,50268.1,108
2019-02-08,8,51631.5,108
2019-02-08,9,52063.5,109
2019-02-08,10,50212.7,108
2019-02-08,11,50212.7,108
2019-02-08,12,48897.9,107
2019-02-08,13,48897.9,107
2019-02-08,14,48897.9,107
2019-02-08,15,46119.8,104
2019-02-08,16,47946.9,105
2019-02-08,17,50673.6,108
2019-02-08,18,51501.7,110
2019-02-08,19,52177.1,110
2019-02-08,20,52177.1,110
2019-02-08,21,50326.3,109
2019-02-08,22,48769.8,107
2019-02-08,23,47035.8,106
2019-02-09,0,42365.9,104
2019-02-09,1,41562.7,103
2019-02-09,2,40623.1,102
2019-02-09,3,41562.7,103
2019-02-09,4,41562.7,103
2019-02-09,5,47445.8,107
2019-02-09,6,49296.6,108
2019-02-09,7,48444.4,107
2019-02-09,8,50178.4,108
2019-02-09,9,50178.4,108
2019-02-09,10,48444.4,107
2019-02-09,11,50178.4,108
2019-02-09,12,48671.200000000004,105
2019-02-09,13,44833.2,105
2019-02-09,14,42317.5,102
2019-02-09,15,42317.5,102
2019-02-09,16,43257.1,103
2019-02-09,17,48077.0,106
2019-02-09,18,48991.6,107
2019-02-09,19,48841.6,106
2019-02-09,20,48841.6,106
2019-02-09,21,49843.8,108
2019-02-09,22,45835.4,107
2019-02-09,23,42250.6,105
2019-02-10,0,39533.0,101
2019-02-10,1,38871.5,100
2019-02-10,2,38701.1,99
2019-02-10,3,38669.4,99
2019-02-10,4,42250.6,105
2019-02-10,5,45171.4,107
2019-02-10,6,44772.6,108
2019-02-10,7,44772.6,108
2019-02-10,8,47301.5,110
2019-02-10,9,47301.5,110
2019-02-10,10,44772.6,108
2019-02-10,11,43619.8,107
2019-02-10,12,42741.4,106
2019-02-10,13,40595.3,103
2019-02-10,14,38852.5,101
2019-02-10,15,38852.5,101
2019-02-10,16,39792.1,102
2019-02-10,17,42171.4,105
2019-02-10,18,43894.2,107
2019-02-10,19,43894.2,107
2019-02-10,20,43324.2,106
2019-02-10,21,42171.4,105
2019-02-10,22,38605.3,101
2019-02-10,23,39939.9,102
2019-02-11,0,33036.7,95
2019-02-11,1,29720.4,90
2019-02-11,2,29003.2,88
2019-02-11,3,28968.9,90
2019-02-11,4,31769.1,94
2019-02-11,5,37161.9,98
2019-02-11,6,39012.7,99
2019-02-11,7,38160.5,98
2019-02-11,8,38160.5,98
2019-02-11,9,37341.8,96
2019-02-11,10,37341.8,96
2019-02-11,11,35607.8,95
2019-02-11,12,35607.8,95
2019-02-11,13,35098.6,96
2019-02-11,14,32078.3,93
2019-02-11,15,32078.3,93
2019-02-11,16,33115.6,94
2019-02-11,17,34590.7,96
2019-02-11,18,38121.4,100
2019-02-11,19,38121.4,100
2019-02-11,20,38121.4,100
2019-02-11,21,35287.2,96
2019-02-11,22,32054.3,93
2019-02-11,23,29916.3,91
2019-02-12,0,27810.8,86
2019-02-12,1,23604.8,80
2019-02-12,2,23604.8,80
2019-02-12,3,24493.3,83
2019-02-12,4,26946.3,86
2019-02-12,5,31449.7,92
2019-02-12,6,36341.6,97
2019-02-12,7,37960.4,99
2019-02-12,8,37960.4,99
2019-02-12,9,37960.4,99
2019-02-12,10,37960.4,99
2019-02-12,11,35537.0,97
2019-02-12,12,33741.6,96
2019-02-12,13,31525.4,93
2019-02-12,14,30585.8,92
2019-02-12,15,30585.8,92
2019-02-12,16,32447.7,95
2019-02-12,17,36842.1,99
2019-02-12,18,41875.0,104
2019-02-12,19,42553.1,105
2019-02-12,20,42553.1,105
2019-02-12,21,42553.1,105
2019-02-12,22,40131.3,102
2019-02-12,23,36285.4,97
2019-02-13,0,36285.4,97
2019-02-13,1,33241.1,94
2019-02-13,2,33776.6,95
2019-02-13,3,35572.0,96
2019-02-13,4,37933.3,99
2019-02-13,5,45050.6,103
2019-02-13,6,46843.6,105
2019-02-13,7,47695.8,106
2019-02-13,8,47695.8,106
2019-02-13,9,41836.6,104
2019-02-13,10,39490.4,101
2019-02-13,11,34442.7,96
2019-02-13,12,31716.1,92
2019-02-13,13,29982.1,91
2019-02-13,14,29550.1,90
2019-02-13,15,27944.7,88
2019-02-13,16,29423.6,89
2019-02-13,17,31190.8,93
2019-02-13,18,34546.2,96
2019-02-13,19,34546.2,96
2019-02-13,20,34546.2,96
2019-02-13,21,31957.2,93
2019-02-13,22,31025.2,92
2019-02-13,23,26012.5,85
2019-02-14,0,24632.1,81
2019-02-14,1,24316.3,81
2019-02-14,2,24316.3,81
2019-02-14,3,26673.4,84
2019-02-14,4,26673.4,84
2019-02-14,5,31403.7,92
2019-02-14,6,33707.3,95
2019-02-14,7,33707.3,95
2019-02-14,8,33707.3,95
2019-02-14,9,32767.7,94
2019-02-14,10,32078.3,93
2019-02-14,11,30665.7,89
2019-02-14,12,28814.9,88
2019-02-14,13,28814.9,88
2019-02-14,14,27010.5,85
2019-02-14,15,27010.5,85
2019-02-14,16,28863.5,90
2019-02-14,17,29793.4,92
2019-02-14,18,35537.5,98
2019-02-14,19,35537.5,98
2019-02-14,20,35537.5,98
2019-02-14,21,35105.5,97
2019-02-14,22,32017.1,93
2019-02-14,23,29223.8,91
2019-02-15,0,26532.2,88
2019-02-15,1,24360.7,84
2019-02-15,2,24897.1,85
2019-02-15,3,25712.1,86
2019-02-15,4,27395.3,88
2019-02-15,5,32419.1,93
2019-02-15,6,33564.5,95
2019-02-15,7,34100.0,96
2019-02-15,8,34100.0,96
2019-02-15,9,34100.0,96
2019-02-15,10,34100.0,96
2019-02-15,11,32304.6,95
2019-02-15,12,32304.6,95
2019-02-15,13,30837.1,93
2019-02-15,14,30837.1,93
2019-02-15,15,30147.7,92
2019-02-15,16,29434.3,91
2019-02-15,17,30864.2,93
2019-02-15,18,35537.5,98
2019-02-15,19,35537.5,98
2019-02-15,20,36727.4,99
2019-02-15,21,37609.2,99
2019-02-15,22,34473.9,96
2019-02-15,23,32820.9,94
2019-02-16,0,34007.7,95
2019-02-16,1,30700.9,92
2019-02-16,2,30700.9,92
2019-02-16,3,30700.9,92
2019-02-16,4,32551.7,93
2019-02-16,5,33739.0,95
2019-02-16,6,36783.3,98
2019-02-16,7,40380.7,101
2019-02-16,8,41865.3,103
2019-02-16,9,41865.3,103
2019-02-16,10,41865.3,103
2019-02-16,11,40380.7,101
2019-02-16,12,39456.9,100
2019-02-16,13,36474.7,98
2019-02-16,14,34501.7,95
2019-02-16,15,33404.1,93
2019-02-16,16,32465.7,91
2019-02-16,17,34252.7,94
2019-02-16,18,37236.7,97
2019-02-16,19,37236.7,97
2019-02-16,20,37236.7,97
2019-02-16,21,37236.7,97
2019-02-16,22,33707.3,95
2019-02-16,23,32054.3,93
2019-02-17,0,29450.0,88
2019-02-17,1,27899.6,86
2019-02-17,2,30267.3,90
2019-02-17,3,30432.9,91
2019-02-17,4,31364.9,92
2019-02-17,5,33658.2,94
2019-02-17,6,33658.2,94
2019-02-17,7,37330.5,98
2019-02-17,8,37330.5,98
2019-02-17,9,37330.5,98
2019-02-17,10,37330.5,98
2019-02-17,11,33878.2,94
2019-02-17,12,31430.8,92
2019-02-17,13,29022.7,87
2019-02-17,14,27171.9,86
2019-02-17,15,27171.9,86
2019-02-17,16,27756.0,89
2019-02-17,17,31371.8,93
2019-02-17,18,34508.6,96
2019-02-17,19,34508.6,96
2019-02-17,20,34508.6,96
2019-02-17,21,33819.2,95
2019-02-17,22,31301.1,92
2019-02-17,23,29190.2,90
2019-02-18,0,27031.7,85
2019-02-18,1,24533.7,81
2019-02-18,2,25023.6,84
2019-02-18,3,26763.6,87
2019-02-18,4,28497.6,88
2019-02-18,5,33576.1,94
2019-02-18,6,36265.4,98
2019-02-18,7,38651.7,100
2019-02-18,8,39083.7,101
2019-02-18,9,39083.7,101
2019-02-18,10,38231.5,100
2019-02-18,11,36610.1,98
2019-02-18,12,33939.1,93
2019-02-18,13,33215.0,90
2019-02-18,14,31481.0,89
2019-02-18,15,31856.5,91
2019-02-18,16,33605.0,94
2019-02-18,17,35339.0,95
2019-02-18,18,38767.5,99
2019-02-18,19,38767.5,99
2019-02-18,20,38767.5,99
2019-02-18,21,36540.1,97
2019-02-18,22,33469.5,92
2019-02-18,23,30466.6,89
2019-02-19,0,28837.7,85
2019-02-19,1,27920.0,85
2019-02-19,2,27920.0,85
2019-02-19,3,28070.0,86
2019-02-19,4,31735.5,91
2019-02-19,5,36731.6,97
2019-02-19,6,40950.7,102
2019-02-19,7,40950.7,102
2019-02-19,8,42318.5,102
2019-02-19,9,42717.5,104
2019-02-19,10,42717.5,104
2019-02-19,11,42717.5,104
2019-02-19,12,42717.5,104
2019-02-19,13,42158.5,103
2019-02-19,14,42961.7,104
2019-02-19,15,43520.7,105
2019-02-19,16,45674.4,108
2019-02-19,17,51362.2,111
2019-02-19,18,52515.0,112
2019-02-19,19,52515.0,112
2019-02-19,20,52515.0,112
2019-02-19,21,52515.0,112
2019-02-19,22,51711.8,111
2019-02-19,23,44974.2,108
2019-02-20,0,44034.6,107
2019-02-20,1,41195.1,104
2019-02-20,2,40648.4,104
2019-02-20,3,42382.4,105
2019-02-20,4,43892.0,107
2019-02-20,5,48950.2,108
2019-02-20,6,48950.2,108
2019-02-20,7,48950.2,108
2019-02-20,8,47647.4,106
2019-02-20,9,45781.6,102
2019-02-20,10,40678.5,102
2019-02-20,11,35939.2,97
2019-02-20,12,33515.8,95
2019-02-20,13,31644.2,93
2019-02-20,14,29996.7,88
2019-02-20,15,30178.4,89
2019-02-20,16,31542.4,91
2019-02-20,17,36536.1,98
2019-02-20,18,40829.9,103
2019-02-20,19,43225.4,105
2019-02-20,20,43225.4,105
2019-02-20,21,41491.4,104
2019-02-20,22,39606.0,102
2019-02-20,23,37316.5,99
2019-02-21,0,33892.1,96
2019-02-21,1,31364.9,92
2019-02-21,2,32054.3,93
2019-02-21,3,32993.9,94
2019-02-21,4,34789.3,95
2019-02-21,5,40518.5,102
2019-02-21,6,42553.2,105
2019-02-21,7,42553.2,105
2019-02-21,8,42553.2,105
2019-02-21,9,39603.9,101
2019-02-21,10,38680.1,100
2019-02-21,11,36386.8,98
2019-02-21,12,35454.8,97
2019-02-21,13,35454.8,97
2019-02-21,14,33720.8,96
2019-02-21,15,33720.8,96
2019-02-21,16,32249.4,90
2019-02-21,17,35297.2,94
2019-02-21,18,37598.1,98
2019-02-21,19,38530.1,99
2019-02-21,20,38680.1,100
2019-02-21,21,36946.1,99
2019-02-21,22,34615.2,97
2019-02-21,23,32333.6,94
2019-02-22,0,30282.9,90
2019-02-22,1,28257.3,88
2019-02-22,2,27905.2,86
2019-02-22,3,28755.2,89
2019-02-22,4,31399.7,94
2019-02-22,5,38396.5,100
2019-02-22,6,41423.6,104
2019-02-22,7,43274.4,105
2019-02-22,8,43274.4,105
2019-02-22,9,43274.4,105
2019-02-22,10,43274.4,105
2019-02-22,11,40509.0,103
2019-02-22,12,38765.3,101
2019-02-22,13,35834.0,97
2019-02-22,14,34902.0,96
2019-02-22,15,33106.6,95
2019-02-22,16,33106.6,95
2019-02-22,17,34038.6,96
2019-02-22,18,35834.0,97
2019-02-22,19,35834.0,97
2019-02-22,20,35834.0,97
2019-02-22,21,35144.6,96
2019-02-22,22,32813.7,94
2019-02-22,23,31079.7,93
2019-02-23,0,28325.4,87
2019-02-23,1,24909.0,82
2019-02-23,2,24896.8,82
2019-02-23,3,25062.4,83
2019-02-23,4,25493.1,85
2019-02-23,5,27828.3,88
2019-02-23,6,30751.8,92
2019-02-23,7,33461.8,94
2019-02-23,8,35114.8,96
2019-02-23,9,35264.8,97
2019-02-23,10,35264.8,97
2019-02-23,11,32554.8,95
2019-02-23,12,31702.6,94
2019-02-23,13,29831.0,92
2019-02-23,14,28150.1,89
2019-02-23,15,27591.1,88
2019-02-23,16,28150.1,89
2019-02-23,17,28150.1,89
2019-02-23,18,30763.0,93
2019-02-23,19,30613.0,92
2019-02-23,20,30447.4,91
2019-02-23,21,30763.0,93
2019-02-23,22,30763.0,93
2019-02-23,23,30763.0,93
2019-02-24,0,30763.0,93
2019-02-24,1,31236.9,94
2019-02-24,2,33087.7,95
2019-02-24,3,33087.7,95
2019-02-24,4,34193.7,95
2019-02-24,5,34883.1,96
2019-02-24,6,37330.5,98
2019-02-24,7,37330.5,98
2019-02-24,8,37330.5,98
2019-02-24,9,37330.5,98
2019-02-24,10,36641.1,97
2019-02-24,11,32679.7,94
2019-02-24,12,30714.3,91
2019-02-24,13,27180.0,86
2019-02-24,14,26585.0,85
2019-02-24,15,25496.8,84
2019-02-24,16,27347.6,85
2019-02-24,17,26876.8,85
2019-02-24,18,32585.9,93
2019-02-24,19,33017.9,94
2019-02-24,20,33017.9,94
2019-02-24,21,33017.9,94
2019-02-24,22,32078.3,93
2019-02-24,23,31364.9,92
2019-02-25,0,31214.9,91
2019-02-25,1,31214.9,91
2019-02-25,2,31364.9,92
2019-02-25,3,33111.7,95
2019-02-25,4,35596.5,97
2019-02-25,5,42253.5,100
2019-02-25,6,44045.3,102
2019-02-25,7,44045.3,102
2019-02-25,8,44045.3,102
2019-02-25,9,40036.9,101
2019-02-25,10,36773.6,98
2019-02-25,11,32417.2,94
2019-02-25,12,30359.4,90
2019-02-25,13,28625.4,89
2019-02-25,14,27138.4,87
2019-02-25,15,25734.6,84
2019-02-25,16,27138.4,87
2019-02-25,17,29002.3,90
2019-02-25,18,33244.2,96
2019-02-25,19,33244.2,96
2019-02-25,20,33244.2,96
2019-02-25,21,33244.2,96
2019-02-25,22,31079.7,93
2019-02-25,23,29434.3,91
2019-02-26,0,28196.1,89
2019-02-26,1,26759.8,85
2019-02-26,2,25723.8,84
2019-02-26,3,26641.6,84
2019-02-26,4,27844.9,88
2019-02-26,5,32353.1,92
2019-02-26,6,35088.1,94
2019-02-26,7,35337.1,95
2019-02-26,8,35502.7,96
2019-02-26,9,35502.7,96
2019-02-26,10,34813.3,95
2019-02-26,11,34204.7,95
2019-02-26,12,34204.7,95
2019-02-26,13,31954.9,92
2019-02-26,14,31954.9,92
2019-02-26,15,30131.5,89
2019-02-26,16,30700.9,92
2019-02-26,17,31949.8,94
2019-02-26,18,35374.2,97
2019-02-26,19,35374.2,97
2019-02-26,20,35374.2,97
2019-02-26,21,34434.6,96
2019-02-26,22,31203.8,93
2019-02-26,23,27836.1,89
2019-02-27,0,25782.9,86
2019-02-27,1,24921.9,85
2019-02-27,2,25071.9,86
2019-02-27,3,25886.9,87
2019-02-27,4,28768.1,90
2019-02-27,5,34597.9,97
2019-02-27,6,35521.7,98
2019-02-27,7,37945.9,101
2019-02-27,8,37945.9,101
2019-02-27,9,37945.9,101
2019-02-27,10,37945.9,101
2019-02-27,11,35521.7,98
2019-02-27,12,34832.3,97
2019-02-27,13,33260.6,94
2019-02-27,14,33410.6,95
2019-02-27,15,33908.5,96
2019-02-27,16,35642.5,97
2019-02-27,17,38182.7,99
2019-02-27,18,39846.2,101
2019-02-27,19,40999.0,102
2019-02-27,20,40999.0,102
2019-02-27,21,40999.0,102
2019-02-27,22,38270.1,99
2019-02-27,23,34310.2,95
2019-02-28,0,32426.2,93
2019-02-28,1,31364.9,92
2019-02-28,2,31364.9,92
2019-02-28,3,33098.9,93
2019-02-28,4,34413.7,94
2019-02-28,5,40662.1,100
2019-02-28,6,42105.5,103
2019-02-28,7,44251.6,106
2019-02-28,8,45103.8,107
2019-02-28,9,45103.8,107
2019-02-28,10,44533.8,106
2019-02-28,11,43872.3,105
2019-02-28,12,43872.3,105
2019-02-28,13,42138.3,104
2019-02-28,14,42138.3,104
2019-02-28,15,40299.9,102
2019-02-28,16,40719.1,102
2019-02-28,17,43127.5,105
2019-02-28,18,46352.5,109
2019-02-28,19,46352.5,109
2019-02-28,20,46352.5,109
2019-02-28,21,46352.5,109
2019-02-28,22,43789.0,106
2019-02-28,23,40719.1,102
2019-03-01,0,38923.7,101
2019-03-01,1,37072.9,100
2019-03-01,2,36359.5,99
2019-03-01,3,38154.9,100
2019-03-01,4,39782.9,102
2019-03-01,5,44700.3,107
2019-03-01,6,45782.5,108
2019-03-01,7,46935.3,109
2019-03-01,8,46935.3,109
2019-03-01,9,45853.1,108
2019-03-01,10,44022.2,106
2019-03-01,11,41223.7,102
2019-03-01,12,37978.2,99
2019-03-01,13,36127.4,98
2019-03-01,14,33920.7,94
2019-03-01,15,33231.3,93
2019-03-01,16,35033.9,97
2019-03-01,17,37518.7,99
2019-03-01,18,41686.6,104
2019-03-01,19,41686.6,104
2019-03-01,20,41686.6,104
2019-03-01,21,41686.6,104
2019-03-01,22,39028.3,101
2019-03-01,23,36724.3,99
2019-03-02,0,33275.9,96
2019-03-02,1,31591.2,94
2019-03-02,2,30040.8,92
2019-03-02,3,29875.2,91
2019-03-02,4,30588.6,92
2019-03-02,5,32322.6,93
2019-03-02,6,34973.0,96
2019-03-02,7,39548.2,100
2019-03-02,8,39193.9,100
2019-03-02,9,39763.9,101
2019-03-02,10,39763.9,101
2019-03-02,11,38270.1,99
2019-03-02,12,38270.1,99
2019-03-02,13,37330.5,98
2019-03-02,14,35535.1,97
2019-03-02,15,34845.7,96
2019-03-02,16,34530.1,94
2019-03-02,17,35785.3,97
2019-03-02,18,36474.7,98
2019-03-02,19,36474.7,98
2019-03-02,20,36042.7,97
2019-03-02,21,33977.0,94
2019-03-02,22,30880.5,90
2019-03-02,23,30000.9,90
2019-03-03,0,30968.4,92
2019-03-03,1,30968.4,92
2019-03-03,2,30818.4,91
2019-03-03,3,30101.2,89
2019-03-03,4,29421.9,89
2019-03-03,5,31756.7,92
2019-03-03,6,34481.1,95
2019-03-03,7,36365.1,97
2019-03-03,8,37551.9,98
2019-03-03,9,37551.9,98
2019-03-03,10,37551.9,98
2019-03-03,11,37551.9,98
2019-03-03,12,37386.3,97
2019-03-03,13,36944.6,97
2019-03-03,14,35497.0,96
2019-03-03,15,33532.1,92
2019-03-03,16,35866.9,96
2019-03-03,17,37495.9,98
2019-03-03,18,45218.2,106
2019-03-03,19,45383.8,107
2019-03-03,20,45383.8,107
2019-03-03,21,44007.5,105
2019-03-03,22,39391.6,100
2019-03-03,23,36975.0,97
2019-03-04,0,37196.4,96
2019-03-04,1,36660.4,96
2019-03-04,2,36660.4,96
2019-03-04,3,36844.3,95
2019-03-04,4,42078.4,101
2019-03-04,5,46373.9,106
2019-03-04,6,50390.8,111
2019-03-04,7,50390.8,111
2019-03-04,8,53901.9,112
2019-03-04,9,53901.9,112
2019-03-04,10,49893.5,111
2019-03-04,11,49743.5,110
2019-03-04,12,49215.4,110
2019-03-04,13,48703.8,110
2019-03-04,14,46853.0,109
2019-03-04,15,46853.0,109
2019-03-04,16,46727.9,109
2019-03-04,17,50736.3,110
2019-03-04,18,53739.9,112
2019-03-04,19,56012.0,114
2019-03-04,20,56012.0,114
2019-03-04,21,56012.0,114
2019-03-04,22,56012.0,114
2019-03-04,23,52855.6,110
2019-03-05,0,51121.6,109
2019-03-05,1,53098.6,111
2019-03-05,2,53260.6,111
2019-03-05,3,52408.4,110
2019-03-05,4,56851.7,114
2019-03-05,5,62399.8,118
2019-03-05,6,64089.8,119
2019-03-05,7,64089.8,119
2019-03-05,8,62399.8,118
2019-03-05,9,59219.9,115
2019-03-05,10,55758.1,113
2019-03-05,11,52286.1,111
2019-03-05,12,46543.7,109
2019-03-05,13,43085.4,105
2019-03-05,14,39615.3,101
2019-03-05,15,38116.7,99
2019-03-05,16,39254.1,99
2019-03-05,17,41876.0,103
2019-03-05,18,45661.3,107
2019-03-05,19,49669.7,108
2019-03-05,20,49669.7,108
2019-03-05,21,49669.7,108
2019-03-05,22,49669.7,108
2019-03-05,23,52105.0,110
2019-03-06,0,48774.7,110
2019-03-06,1,47040.7,109
2019-03-06,2,48227.5,110
2019-03-06,3,48227.5,110
2019-03-06,4,53550.7,112
2019-03-06,5,60206.5,116
2019-03-06,6,57776.5,115
2019-03-06,7,57626.5,114
2019-03-06,8,56086.5,114
2019-03-06,9,50793.8,110
2019-03-06,10,44934.6,108
2019-03-06,11,41214.5,104
2019-03-06,12,36669.6,99
2019-03-06,13,33950.3,94
2019-03-06,14,32394.5,94
2019-03-06,15,32394.5,94
2019-03-06,16,32813.7,94
2019-03-06,17,34038.6,96
2019-03-06,18,39679.9,102
2019-03-06,19,39679.9,102
2019-03-06,20,39679.9,102
2019-03-06,21,38765.3,101
2019-03-06,22,36030.3,99
2019-03-06,23,39493.7,101
2019-03-07,0,33613.8,93
2019-03-07,1,28008.7,87
2019-03-07,2,28008.7,87
2019-03-07,3,29035.3,89
2019-03-07,4,30366.3,92
2019-03-07,5,35298.5,96
2019-03-07,6,36773.6,98
2019-03-07,7,36773.6,98
2019-03-07,8,36773.6,98
2019-03-07,9,36238.1,97
2019-03-07,10,34442.7,96
2019-03-07,11,32571.1,94
2019-03-07,12,30837.1,93
2019-03-07,13,30837.1,93
2019-03-07,14,28573.3,90
2019-03-07,15,28324.3,89
2019-03-07,16,28573.3,90
2019-03-07,17,30147.7,92
2019-03-07,18,33244.2,96
2019-03-07,19,33244.2,96
2019-03-07,20,33244.2,96
2019-03-07,21,31769.1,94
2019-03-07,22,28324.3,89
2019-03-07,23,27978.3,89
2019-03-08,0,23712.6,81
2019-03-08,1,21038.5,76
2019-03-08,2,21038.5,76
2019-03-08,3,21038.5,76
2019-03-08,4,22005.6,79
2019-03-08,5,27139.1,87
2019-03-08,6,29571.9,90
2019-03-08,7,32576.2,94
2019-03-08,8,32576.2,94
2019-03-08,9,33111.7,95
2019-03-08,10,33111.7,95
2019-03-08,11,32179.7,94
2019-03-08,12,31466.3,93
2019-03-08,13,30498.8,91
2019-03-08,14,30498.8,91
2019-03-08,15,30348.8,90
2019-03-08,16,29929.4,88
2019-03-08,17,31062.2,91
2019-03-08,18,33083.8,94
2019-03-08,19,33083.8,94
2019-03-08,20,33083.8,94
2019-03-08,21,30465.3,90
2019-03-08,22,27191.2,86
2019-03-08,23,27191.2,86
2019-03-09,0,22068.9,77
2019-03-09,1,20419.4,74
2019-03-09,2,20218.4,73
2019-03-09,3,21135.1,78
2019-03-09,4,21135.1,78
2019-03-09,5,21135.1,78
2019-03-09,6,22176.0,80
2019-03-09,7,24859.9,85
2019-03-09,8,28248.7,89
2019-03-09,9,30050.3,91
2019-03-09,10,30482.3,92
2019-03-09,11,30482.3,92
2019-03-09,12,29768.9,91
2019-03-09,13,29768.9,91
2019-03-09,14,30964.3,90
2019-03-09,15,30793.9,89
2019-03-09,16,31896.3,91
2019-03-09,17,32046.3,92
2019-03-09,18,37710.5,100
2019-03-09,19,37710.5,100
2019-03-09,20,38792.7,101
2019-03-09,21,38792.7,101
2019-03-09,22,36682.1,99
2019-03-09,23,33225.9,95
2019-03-10,0,30490.9,93
2019-03-10,1,30490.9,93
2019-03-10,2,28164.5,89
2019-03-10,3,28164.5,89
2019-03-10,4,28164.5,89
2019-03-10,5,29303.6,91
2019-03-10,6,29303.6,91
2019-03-10,7,32392.0,95
2019-03-10,8,32392.0,95
2019-03-10,9,34242.8,96
2019-03-10,10,34242.8,96
2019-03-10,11,30924.5,93
2019-03-10,12,30924.5,93
2019-03-10,13,29295.5,91
2019-03-10,14,28150.1,89
2019-03-10,15,28150.1,89
2019-03-10,16,28685.6,90
2019-03-10,17,30770.6,93
2019-03-10,18,31460.0,94
2019-03-10,19,33310.8,95
2019-03-10,20,33310.8,95
2019-03-10,21,29295.5,91
2019-03-10,22,29295.5,91
2019-03-10,23,28150.1,89
2019-03-11,0,27335.1,88
2019-03-11,1,26589.1,87
2019-03-11,2,27404.1,88
2019-03-11,3,28334.0,90
2019-03-11,4,32286.3,94
2019-03-11,5,35596.5,97
2019-03-11,6,37459.9,99
2019-03-11,7,37459.9,99
2019-03-11,8,37459.9,99
2019-03-11,9,37459.9,99
2019-03-11,10,36851.3,99
2019-03-11,11,35000.5,98
2019-03-11,12,34076.7,97
2019-03-11,13,33144.7,96
2019-03-11,14,31741.9,94
2019-03-11,15,30370.3,92
2019-03-11,16,29872.4,91
2019-03-11,17,30585.8,92
2019-03-11,18,32457.4,94
2019-03-11,19,32457.4,94
2019-03-11,20,32457.4,94
2019-03-11,21,29872.4,91
2019-03-11,22,28090.6,89
2019-03-11,23,25948.1,86
2019-03-12,0,24689.5,84
2019-03-12,1,24689.5,84
2019-03-12,2,24044.9,84
2019-03-12,3,25133.1,85
2019-03-12,4,27902.0,89
2019-03-12,5,30645.6,93
2019-03-12,6,30645.6,93
2019-03-12,7,31181.1,94
2019-03-12,8,31015.5,93
2019-03-12,9,31015.5,93
2019-03-12,10,30480.0,92
2019-03-12,11,29911.5,89
2019-03-12,12,30246.6,91
2019-03-12,13,31427.6,93
2019-03-12,14,31427.6,93
2019-03-12,15,33758.5,95
2019-03-12,16,33588.1,94
2019-03-12,17,35217.1,96
2019-03-12,18,36877.2,97
2019-03-12,19,37197.6,99
2019-03-12,20,35346.8,98
2019-03-12,21,34914.8,97
2019-03-12,22,34253.3,96
2019-03-12,23,30082.9,92
2019-03-13,0,28994.7,91
2019-03-13,1,25304.9,85
2019-03-13,2,25123.2,84
2019-03-13,3,21130.8,78
2019-03-13,4,26165.9,86
2019-03-13,5,26165.9,86
2019-03-13,6,31681.1,94
2019-03-13,7,33052.7,96
2019-03-13,8,33052.7,96
2019-03-13,9,33052.7,96
2019-03-13,10,32113.1,95
2019-03-13,11,33908.5,96
2019-03-13,12,33908.5,96
2019-03-13,13,33908.5,96
2019-03-13,14,34597.9,97
2019-03-13,15,34597.9,97
2019-03-13,16,36461.3,99
2019-03-13,17,38037.4,101
2019-03-13,18,40001.4,102
2019-03-13,19,40001.4,102
2019-03-13,20,40001.4,102
2019-03-13,21,36523.7,99
2019-03-13,22,30049.6,92
2019-03-13,23,25798.1,85
2019-03-14,0,25798.1,85
2019-03-14,1,24259.9,83
2019-03-14,2,24259.9,83
2019-03-14,3,21038.5,76
2019-03-14,4,26342.8,84
2019-03-14,5,26342.8,84
2019-03-14,6,28442.6,86
2019-03-14,7,30285.3,91
2019-03-14,8,30285.3,91
2019-03-14,9,30285.3,91
2019-03-14,10,32085.9,93
2019-03-14,11,29820.5,90
2019-03-14,12,29820.5,90
2019-03-14,13,27556.9,87
2019-03-14,14,26673.1,85
2019-03-14,15,28150.1,89
2019-03-14,16,28150.1,89
2019-03-14,17,29617.6,91
2019-03-14,18,32327.6,93
2019-03-14,19,34178.4,94
2019-03-14,20,34178.4,94
2019-03-14,21,31637.0,92
2019-03-14,22,29250.7,90
2019-03-14,23,26809.1,87
2019-03-15,0,25570.9,85
2019-03-15,1,24709.9,84
2019-03-15,2,23894.9,83
2019-03-15,3,23645.9,82
2019-03-15,4,26311.7,84
2019-03-15,5,28663.7,88
2019-03-15,6,32085.9,93
2019-03-15,7,33819.9,94
2019-03-15,8,33819.9,94
2019-03-15,9,33819.9,94
2019-03-15,10,32085.9,93
2019-03-15,11,30465.3,90
2019-03-15,12,30299.7,89
2019-03-15,13,28448.9,88
2019-03-15,14,28448.9,88
2019-03-15,15,27818.4,87
2019-03-15,16,28648.0,90
2019-03-15,17,30115.5,92
2019-03-15,18,34475.1,95
2019-03-15,19,35164.5,96
2019-03-15,20,35164.5,96
2019-03-15,21,35164.5,96
2019-03-15,22,33729.1,94
2019-03-15,23,33729.1,94
2019-03-16,0,33908.5,96
2019-03-16,1,33195.1,95
2019-03-16,2,33195.1,95
2019-03-16,3,34597.9,97
2019-03-16,4,35512.5,98
2019-03-16,5,37246.5,99
2019-03-16,6,37246.5,99
2019-03-16,7,38399.3,100
2019-03-16,8,39060.8,101
2019-03-16,9,39060.8,101
2019-03-16,10,37246.5,99
2019-03-16,11,33908.5,96
2019-03-16,12,32113.1,95
2019-03-16,13,30147.7,92
2019-03-16,14,28582.1,90
2019-03-16,15,28416.5,89
2019-03-16,16,29514.1,91
2019-03-16,17,30700.9,92
2019-03-16,18,35158.7,97
2019-03-16,19,36073.3,98
2019-03-16,20,36073.3,98
2019-03-16,21,36073.3,98
2019-03-16,22,35158.7,97
2019-03-16,23,34219.1,96
2019-03-17,0,34219.1,96
2019-03-17,1,33358.1,95
2019-03-17,2,33358.1,95
2019-03-17,3,34071.5,96
2019-03-17,4,34932.5,97
2019-03-17,5,38621.7,100
2019-03-17,6,38621.7,100
2019-03-17,7,39561.3,101
2019-03-17,8,39561.3,101
2019-03-17,9,39561.3,101
2019-03-17,10,36795.9,99
2019-03-17,11,34397.0,96
2019-03-17,12,31390.3,93
2019-03-17,13,29514.1,91
2019-03-17,14,28416.7,90
2019-03-17,15,29514.1,91
2019-03-17,16,30049.6,92
2019-03-17,17,31900.4,93
2019-03-17,18,34214.8,94
2019-03-17,19,34883.1,96
2019-03-17,20,34883.1,96
2019-03-17,21,34883.1,96
2019-03-17,22,32534.4,94
2019-03-17,23,30739.0,93
2019-03-18,0,29650.8,92
2019-03-18,1,29993.0,92
2019-03-18,2,31950.3,95
2019-03-18,3,34685.3,97
2019-03-18,4,40829.9,103
2019-03-18,5,44378.2,106
2019-03-18,6,44378.2,106
2019-03-18,7,44378.2,106
2019-03-18,8,44378.2,106
2019-03-18,9,42644.2,105
2019-03-18,10,38944.5,101
2019-03-18,11,36536.1,98
2019-03-18,12,33801.1,96
2019-03-18,13,32365.7,94
2019-03-18,14,31652.3,93
2019-03-18,15,30184.8,91
2019-03-18,16,30184.8,91
2019-03-18,17,31652.3,93
2019-03-18,18,33281.3,95
2019-03-18,19,33281.3,95
2019-03-18,20,33281.3,95
2019-03-18,21,33281.3,95
2019-03-18,22,30490.9,93
2019-03-18,23,29266.0,91
2019-03-19,0,28027.8,89
2019-03-19,1,27529.9,88
2019-03-19,2,29303.6,91
2019-03-19,3,30739.0,93
2019-03-19,4,36179.1,99
2019-03-19,5,38944.5,101
2019-03-19,6,38944.5,101
2019-03-19,7,38944.5,101
2019-03-19,8,38374.5,100
2019-03-19,9,37459.9,99
2019-03-19,10,34385.2,95
2019-03-19,11,32589.8,94
2019-03-19,12,31146.3,92
2019-03-19,13,29295.5,91
2019-03-19,14,29295.5,91
2019-03-19,15,28266.5,88
2019-03-19,16,28140.0,87
2019-03-19,17,30227.5,92
2019-03-19,18,30763.0,93
2019-03-19,19,32613.8,94
2019-03-19,20,32613.8,94
2019-03-19,21,29481.5,91
2019-03-19,22,29481.5,91
2019-03-19,23,28768.1,90
2019-03-20,0,25932.9,87
2019-03-20,1,24476.9,85
2019-03-20,2,26975.1,88
2019-03-20,3,29801.5,92
2019-03-20,4,35747.9,98
2019-03-20,5,39119.6,102
2019-03-20,6,40853.6,103
2019-03-20,7,40853.6,103
2019-03-20,8,39119.6,102
2019-03-20,9,39119.6,102
2019-03-20,10,37375.9,100
2019-03-20,11,34597.9,97
2019-03-20,12,34597.9,97
2019-03-20,13,32089.1,95
2019-03-20,14,32089.1,95
2019-03-20,15,31403.6,93
2019-03-20,16,32089.1,95
2019-03-20,17,33028.7,96
2019-03-20,18,38266.4,101
2019-03-20,19,38266.4,101
2019-03-20,20,38266.4,101
2019-03-20,21,38266.4,101
2019-03-20,22,34685.3,97
2019-03-20,23,32999.7,95
2019-03-21,0,30490.9,93
2019-03-21,1,29955.4,92
2019-03-21,2,30490.9,93
2019-03-21,3,31950.3,95
2019-03-21,4,37459.9,99
2019-03-21,5,40259.9,102
2019-03-21,6,40259.9,102
2019-03-21,7,40259.9,102
2019-03-21,8,39345.3,101
2019-03-21,9,39345.3,101
2019-03-21,10,39394.3,101
2019-03-21,11,35747.9,98
2019-03-21,12,33884.5,96
2019-03-21,13,33884.5,96
2019-03-21,14,34597.9,97
2019-03-21,15,34597.9,97
2019-03-21,16,34597.9,97
2019-03-21,17,34597.9,97
2019-03-21,18,37022.1,100
2019-03-21,19,37022.1,100
2019-03-21,20,37022.1,100
2019-03-21,21,36107.5,99
2019-03-21,22,31430.5,94
2019-03-21,23,27473.0,89
2019-03-22,0,26384.8,88
2019-03-22,1,25781.2,87
2019-03-22,2,26869.4,88
2019-03-22,3,28334.0,90
2019-03-22,4,32690.4,94
2019-03-22,5,36536.1,98
2019-03-22,6,36536.1,98
2019-03-22,7,36536.1,98
2019-03-22,8,36536.1,98
2019-03-22,9,36536.1,98
2019-03-22,10,33303.2,95
2019-03-22,11,32078.3,93
2019-03-22,12,27901.7,87
2019-03-22,13,27901.7,87
2019-03-22,14,27483.2,85
2019-03-22,15,27483.2,85
2019-03-22,16,31235.4,90
2019-03-22,17,29219.0,88
2019-03-22,18,29754.5,89
2019-03-22,19,28814.9,88
2019-03-22,20,28814.9,88
2019-03-22,21,26596.2,85
2019-03-22,22,22556.9,79
2019-03-22,23,19224.5,71
2019-03-23,0,17338.7,69
2019-03-23,1,16735.1,68
2019-03-23,2,16904.6,69
2019-03-23,3,18645.6,71
2019-03-23,4,20167.9,75
2019-03-23,5,21761.4,78
2019-03-23,6,23618.4,81
2019-03-23,7,26616.0,85
2019-03-23,8,27477.0,86
2019-03-23,9,28891.5,85
2019-03-23,10,29061.0,86
2019-03-23,11,26613.6,84
2019-03-23,12,25752.6,83
2019-03-23,13,25752.6,83
2019-03-23,14,24830.0,83
2019-03-23,15,25736.5,83
2019-03-23,16,25985.1,85
2019-03-23,17,26544.1,86
2019-03-23,18,31055.1,93
2019-03-23,19,31055.1,93
2019-03-23,20,31055.1,93
2019-03-23,21,31055.1,93
2019-03-23,22,27939.6,89
2019-03-23,23,24945.4,85
2019-03-24,0,22806.5,82
2019-03-24,1,22202.9,81
2019-03-24,2,21666.5,80
2019-03-24,3,21666.5,80
2019-03-24,4,22991.3,82
2019-03-24,5,24256.3,84
2019-03-24,6,26543.1,87
2019-03-24,7,28150.1,89
2019-03-24,8,28150.1,89
2019-03-24,9,27735.5,87
2019-03-24,10,27566.0,86
2019-03-24,11,28279.4,87
2019-03-24,12,28279.4,87
2019-03-24,13,30130.2,88
2019-03-24,14,30267.3,90
2019-03-24,15,30980.7,91
2019-03-24,16,33137.6,94
2019-03-24,17,33137.6,94
2019-03-24,18,36952.8,98
2019-03-24,19,36952.8,98
2019-03-24,20,36952.8,98
2019-03-24,21,36952.8,98
2019-03-24,22,32593.2,95
2019-03-24,23,27937.3,89
2019-03-25,0,26315.9,87
2019-03-25,1,25562.3,85
2019-03-25,2,27232.5,88
2019-03-25,3,27232.5,88
2019-03-25,4,32728.0,94
2019-03-25,5,35374.2,97
2019-03-25,6,35374.2,97
2019-03-25,7,35374.2,97
2019-03-25,8,34838.7,96
2019-03-25,9,33899.1,95
2019-03-25,10,32103.7,94
2019-03-25,11,32103.7,94
2019-03-25,12,32103.7,94
2019-03-25,13,32103.7,94
2019-03-25,14,33578.8,96
2019-03-25,15,33578.8,96
2019-03-25,16,33578.8,96
2019-03-25,17,33578.8,96
2019-03-25,18,35374.2,97
2019-03-25,19,34684.8,96
2019-03-25,20,34684.8,96
2019-03-25,21,33498.0,95
2019-03-25,22,30763.0,93
2019-03-25,23,28371.6,90
2019-03-26,0,27283.4,89
2019-03-26,1,24851.3,85
2019-03-26,2,24851.3,85
2019-03-26,3,24851.3,85
2019-03-26,4,30017.0,92
2019-03-26,5,32554.8,95
2019-03-26,6,32554.8,95
2019-03-26,7,32554.8,95
2019-03-26,8,32554.8,95
2019-03-26,9,32554.8,95
2019-03-26,10,30901.8,93
2019-03-26,11,29537.8,91
2019-03-26,12,28681.9,88
2019-03-26,13,28681.9,88
2019-03-26,14,29715.7,91
2019-03-26,15,30251.2,92
2019-03-26,16,30251.2,92
2019-03-26,17,30251.2,92
2019-03-26,18,31972.8,93
2019-03-26,19,31972.8,93
2019-03-26,20,32122.8,94
2019-03-26,21,29002.3,90
2019-03-26,22,25229.0,85
2019-03-26,23,23883.0,82
2019-03-27,0,21057.9,76
2019-03-27,1,20521.5,75
2019-03-27,2,21639.6,79
2019-03-27,3,25498.1,85
2019-03-27,4,31198.8,93
2019-03-27,5,31565.6,94
2019-03-27,6,32101.1,95
2019-03-27,7,32101.1,95
2019-03-27,8,31171.2,93
2019-03-27,9,28985.2,88
2019-03-27,10,28933.0,88
2019-03-27,11,26458.8,85
2019-03-27,12,26240.7,85
2019-03-27,13,26240.7,85
2019-03-27,14,27494.5,87
2019-03-27,15,28357.9,89
2019-03-27,16,28357.9,89
2019-03-27,17,28357.9,89
2019-03-27,18,31517.8,93
2019-03-27,19,31268.8,92
2019-03-27,20,31268.8,92
2019-03-27,21,27801.5,87
2019-03-27,22,22726.4,80
2019-03-27,23,18388.8,69
2019-03-28,0,16167.5,65
2019-03-28,1,16167.5,65
2019-03-28,2,16577.5,67
2019-03-28,3,19224.5,71
2019-03-28,4,22825.4,80
2019-03-28,5,25481.2,84
2019-03-28,6,25858.1,85
2019-03-28,7,27096.3,87
2019-03-28,8,27096.3,87
2019-03-28,9,27096.3,87
2019-03-28,10,27096.3,87
2019-03-28,11,27396.3,87
2019-03-28,12,27396.3,87
2019-03-28,13,27546.3,88
2019-03-28,14,29002.3,90
2019-03-28,15,29002.3,90
2019-03-28,16,29715.7,91
2019-03-28,17,31872.6,94
2019-03-28,18,31020.4,93
2019-03-28,19,32871.2,94
2019-03-28,20,32871.2,94
2019-03-28,21,28150.1,89
2019-03-28,22,24171.4,83
2019-03-28,23,19575.7,73
2019-03-29,0,17338.7,69
2019-03-29,1,17338.7,69
2019-03-29,2,17488.9,70
2019-03-29,3,19374.7,72
2019-03-29,4,26301.3,86
2019-03-29,5,26301.3,86
2019-03-29,6,28152.1,87
2019-03-29,7,28152.1,87
2019-03-29,8,28152.1,87
2019-03-29,9,28152.1,87
2019-03-29,10,31920.3,92
2019-03-29,11,30069.5,91
2019-03-29,12,30069.5,91
2019-03-29,13,29943.0,90
2019-03-29,14,30235.1,92
2019-03-29,15,30770.6,93
2019-03-29,16,30770.6,93
2019-03-29,17,30770.6,93
2019-03-29,18,32724.3,95
2019-03-29,19,32889.9,96
2019-03-29,20,32889.9,96
2019-03-29,21,31454.5,94
2019-03-29,22,25865.9,86
2019-03-29,23,21469.2,78
2019-03-30,0,19606.0,73
2019-03-30,1,17905.3,70
2019-03-30,2,19353.9,73
2019-03-30,3,19353.9,73
2019-03-30,4,26393.1,86
2019-03-30,5,26393.1,86
2019-03-30,6,28150.1,89
2019-03-30,7,30416.4,93
2019-03-30,8,32150.4,94
2019-03-30,9,32150.4,94
2019-03-30,10,33186.4,95
2019-03-30,11,33186.4,95
2019-03-30,12,31452.4,94
2019-03-30,13,31900.4,93
2019-03-30,14,31900.4,93
2019-03-30,15,29082.1,90
2019-03-30,16,29082.1,90
2019-03-30,17,29082.1,90
2019-03-30,18,29061.4,87
2019-03-30,19,30795.4,88
2019-03-30,20,30795.4,88
2019-03-30,21,26238.8,84
2019-03-30,22,24664.4,82
2019-03-30,23,24664.4,82
2019-03-31,0,26317.2,86
2019-03-31,1,25571.2,85
2019-03-31,2,25571.2,85
2019-03-31,3,24483.0,84
2019-03-31,4,25571.2,85
2019-03-31,5,27798.9,87
2019-03-31,6,31146.3,92
2019-03-31,7,33017.9,94
2019-03-31,8,33017.9,94
2019-03-31,9,33017.9,94
2019-03-31,10,31146.3,92
2019-03-31,11,30731.7,90
2019-03-31,12,28880.9,89
2019-03-31,13,28880.9,89
2019-03-31,14,26217.9,86
2019-03-31,15,25356.9,85
2019-03-31,16,25902.3,84
2019-03-31,17,27403.8,85
2019-03-31,18,30654.9,92
2019-03-31,19,32505.7,93
2019-03-31,20,32655.7,94
2019-03-31,21,34883.1,96
2019-03-31,22,34883.1,96
2019-03-31,23,34883.1,96
2019-04-01,0,34219.1,96
2019-04-01,1,34219.1,96
2019-04-01,2,34932.5,97
2019-04-01,3,34932.5,97
2019-04-01,4,41459.2,104
2019-04-01,5,43996.4,106
2019-04-01,6,43996.4,106
2019-04-01,7,43996.4,106
2019-04-01,8,43996.4,106
2019-04-01,9,42262.4,105
2019-04-01,10,40027.4,103
2019-04-01,11,36724.3,99
2019-04-01,12,34597.9,97
2019-04-01,13,33195.1,95
2019-04-01,14,30864.2,93
2019-04-01,15,30864.2,93
2019-04-01,16,31399.7,94
2019-04-01,17,33884.5,96
2019-04-01,18,38179.1,101
2019-04-01,19,38840.6,102
2019-04-01,20,38840.6,102
2019-04-01,21,38840.6,102
2019-04-01,22,35609.1,98
2019-04-01,23,31950.3,95
2019-04-02,0,31236.9,94
2019-04-02,1,29514.1,91
2019-04-02,2,29364.1,90
2019-04-02,3,31044.5,90
2019-04-02,4,36962.0,98
2019-04-02,5,39763.9,101
2019-04-02,6,39763.9,101
2019-04-02,7,39763.9,101
2019-04-02,8,38029.9,100
2019-04-02,9,35596.5,97
2019-04-02,10,33185.8,95
2019-04-02,11,31335.0,94
2019-04-02,12,28639.2,90
2019-04-02,13,28141.3,89
2019-04-02,14,27546.3,88
2019-04-02,15,27546.3,88
2019-04-02,16,26458.1,87
2019-04-02,17,26458.1,87
2019-04-02,18,29934.3,91
2019-04-02,19,29934.3,91
2019-04-02,20,29934.3,91
2019-04-02,21,28852.3,89
2019-04-02,22,23748.9,83
2019-04-02,23,23853.3,80
2019-04-03,0,21142.9,76
2019-04-03,1,20229.3,74
2019-04-03,2,20229.3,74
2019-04-03,3,23403.3,81
2019-04-03,4,27585.5,86
2019-04-03,5,30183.9,90
2019-04-03,6,30432.9,91
2019-04-03,7,30432.9,91
2019-04-03,8,30432.9,91
2019-04-03,9,29474.0,88
2019-04-03,10,30862.4,89
2019-04-03,11,29011.6,88
2019-04-03,12,29011.6,88
2019-04-03,13,27477.0,86
2019-04-03,14,26585.0,85
2019-04-03,15,27157.5,84
2019-04-03,16,27477.0,86
2019-04-03,17,28448.9,88
2019-04-03,18,30235.1,92
2019-04-03,19,31969.1,93
2019-04-03,20,31969.1,93
2019-04-03,21,26466.9,87
2019-04-03,22,22681.6,81
2019-04-03,23,19374.7,72
2019-04-04,0,17673.8,71
2019-04-04,1,17673.8,71
2019-04-04,2,18952.9,73
2019-04-04,3,19596.5,74
2019-04-04,4,27751.1,87
2019-04-04,5,28150.1,89
2019-04-04,6,29002.3,90
2019-04-04,7,31615.2,94
2019-04-04,8,31615.2,94
2019-04-04,9,31615.2,94
2019-04-04,10,32554.8,95
2019-04-04,11,33478.6,96
2019-04-04,12,34048.6,97
2019-04-04,13,35148.0,99
2019-04-04,14,36633.0,99
2019-04-04,15,38183.1,102
2019-04-04,16,39978.5,103
2019-04-04,17,40640.0,104
2019-04-04,18,43789.6,107
2019-04-04,19,44668.0,108
2019-04-04,20,44668.0,108
2019-04-04,21,42934.0,107
2019-04-04,22,38585.9,102
2019-04-04,23,33635.9,96
2019-04-05,0,31840.5,95
2019-04-05,1,30895.0,93
2019-04-05,2,29457.5,91
2019-04-05,3,29457.5,91
2019-04-05,4,33441.4,95
2019-04-05,5,35552.0,97
2019-04-05,6,35552.0,97
2019-04-05,7,36795.9,99
2019-04-05,8,36795.9,99
2019-04-05,9,36795.9,99
2019-04-05,10,36795.9,99
2019-04-05,11,36460.8,97
2019-04-05,12,34289.9,94
2019-04-05,13,34859.9,95
2019-04-05,14,35404.9,98
2019-04-05,15,37138.9,99
2019-04-05,16,36449.5,98
2019-04-05,17,34715.5,97
2019-04-05,18,34145.5,96
2019-04-05,19,34145.5,96
2019-04-05,20,34145.5,96
2019-04-05,21,32773.9,94
2019-04-05,22,28772.3,87
2019-04-05,23,26990.5,85
2019-04-06,0,26146.5,85
2019-04-06,1,23188.1,81
2019-04-06,2,23188.1,81
2019-04-06,3,21507.7,79
2019-04-06,4,25728.1,86
2019-04-06,5,28437.5,90
2019-04-06,6,32310.3,94
2019-04-06,7,32310.3,94
2019-04-06,8,34161.1,95
2019-04-06,9,34161.1,95
2019-04-06,10,34161.1,95
2019-04-06,11,32961.7,94
2019-04-06,12,32961.7,94
2019-04-06,13,31110.9,93
2019-04-06,14,31800.3,94
2019-04-06,15,32889.9,96
2019-04-06,16,32889.9,96
2019-04-06,17,32889.9,96
2019-04-06,18,34685.3,97
2019-04-06,19,34685.3,97
2019-04-06,20,34253.3,96
2019-04-06,21,34253.3,96
2019-04-06,22,31878.3,93
2019-04-06,23,29369.5,91
2019-04-07,0,29369.5,91
2019-04-07,1,26005.0,87
2019-04-07,2,26005.0,87
2019-04-07,3,26005.0,87
2019-04-07,4,28333.5,90
2019-04-07,5,29369.5,91
2019-04-07,6,29369.5,91
2019-04-07,7,33032.3,95
2019-04-07,8,33032.3,95
2019-04-07,9,34219.1,96
2019-04-07,10,34219.1,96
2019-04-07,11,32423.7,95
2019-04-07,12,32423.7,95
2019-04-07,13,31390.3,93
2019-04-07,14,30198.8,89
2019-04-07,15,31069.9,91
2019-04-07,16,31755.4,93
2019-04-07,17,33550.8,94
2019-04-07,18,35358.4,97
2019-04-07,19,37710.5,100
2019-04-07,20,37710.5,100
2019-04-07,21,36795.9,99
2019-04-07,22,34669.5,97
2019-04-07,23,32286.3,94
2019-04-08,0,30490.9,93
2019-04-08,1,27831.2,90
2019-04-08,2,28919.4,91
2019-04-08,3,28919.4,91
2019-04-08,4,33745.7,96
2019-04-08,5,35521.7,98
2019-04-08,6,35521.7,98
2019-04-08,7,36461.3,99
2019-04-08,8,36871.3,100
2019-04-08,9,36871.3,100
2019-04-08,10,36871.3,100
2019-04-08,11,36871.3,100
2019-04-08,12,38046.3,100
2019-04-08,13,38605.3,101
2019-04-08,14,40323.1,103
2019-04-08,15,41771.5,105
2019-04-08,16,43515.2,107
2019-04-08,17,45366.0,108
2019-04-08,18,46344.7,109
2019-04-08,19,46344.7,109
2019-04-08,20,46344.7,109
2019-04-08,21,43932.6,107
2019-04-08,22,38015.9,101
2019-04-08,23,32696.3,95
2019-04-09,0,30900.9,94
2019-04-09,1,28164.5,89
2019-04-09,2,27076.3,88
2019-04-09,3,28164.5,89
2019-04-09,4,31788.4,93
2019-04-09,5,34352.6,95
2019-04-09,6,34352.6,95
2019-04-09,7,34352.6,95
2019-04-09,8,35292.2,96
2019-04-09,9,36038.2,97
2019-04-09,10,36038.2,97
2019-04-09,11,38029.9,100
2019-04-09,12,38029.9,100
2019-04-09,13,39763.9,101
2019-04-09,14,41228.6,103
2019-04-09,15,42143.2,104
2019-04-09,16,42143.2,104
2019-04-09,17,42143.2,104
2019-04-09,18,44174.4,106
2019-04-09,19,42440.4,105
2019-04-09,20,42440.4,105
2019-04-09,21,38029.9,100
2019-04-09,22,31364.9,92
2019-04-09,23,26560.1,86
2019-04-10,0,24508.2,79
2019-04-10,1,20576.9,73
2019-04-10,2,20576.9,73
2019-04-10,3,20872.9,75
2019-04-10,4,25269.9,84
2019-04-10,5,26458.1,87
2019-04-10,6,27546.3,88
2019-04-10,7,29080.9,90
2019-04-10,8,30655.3,92
2019-04-10,9,32389.3,93
2019-04-10,10,33854.7,96
2019-04-10,11,37422.1,98
2019-04-10,12,38345.9,99
2019-04-10,13,40046.7,99
2019-04-10,14,42114.1,101
2019-04-10,15,42946.0,103
2019-04-10,16,43195.0,104
2019-04-10,17,43195.0,104
2019-04-10,18,42322.4,103
2019-04-10,19,41553.2,103
2019-04-10,20,40400.4,102
2019-04-10,21,36079.1,97
2019-04-10,22,29249.2,89
2019-04-10,23,25506.4,81
2019-04-11,0,25506.4,81
2019-04-11,1,20758.6,74
2019-04-11,2,20127.6,76
2019-04-11,3,22552.9,81
2019-04-11,4,27061.9,88
2019-04-11,5,30000.9,90
2019-04-11,6,31476.0,92
2019-04-11,7,30477.4,92
2019-04-11,8,30228.4,91
2019-04-11,9,29726.3,88
2019-04-11,10,30759.4,92
2019-04-11,11,30909.4,93
2019-04-11,12,30909.4,93
2019-04-11,13,30909.4,93
2019-04-11,14,30901.8,93
2019-04-11,15,31615.2,94
2019-04-11,16,32554.8,95
2019-04-11,17,32554.8,95
2019-04-11,18,35537.5,98
2019-04-11,19,36452.1,99
2019-04-11,20,36452.1,99
2019-04-11,21,36452.1,99
2019-04-11,22,34318.4,96
2019-04-11,23,31836.3,93
2019-04-12,0,30040.9,92
2019-04-12,1,27818.0,88
2019-04-12,2,26350.5,86
2019-04-12,3,26350.5,86
2019-04-12,4,31260.9,94
2019-04-12,5,33111.7,95
2019-04-12,6,33111.7,95
2019-04-12,7,33111.7,95
2019-04-12,8,33111.7,95
2019-04-12,9,32529.7,93
2019-04-12,10,30678.9,92
2019-04-12,11,30828.9,93
2019-04-12,12,27735.5,87
2019-04-12,13,27735.5,87
2019-04-12,14,28697.9,89
2019-04-12,15,28697.9,89
2019-04-12,16,28697.9,89
2019-04-12,17,28697.9,89
2019-04-12,18,30735.1,92
2019-04-12,19,30735.1,92
2019-04-12,20,30735.1,92
2019-04-12,21,29082.1,90
2019-04-12,22,26543.1,87
2019-04-12,23,25498.1,85
2019-04-13,0,21951.8,78
2019-04-13,1,20434.9,75
2019-04-13,2,19646.5,74
2019-04-13,3,21036.0,78
2019-04-13,4,21412.9,79
2019-04-13,5,23367.9,82
2019-04-13,6,23367.9,82
2019-04-13,7,30924.5,93
2019-04-13,8,30924.5,93
2019-04-13,9,32775.3,94
2019-04-13,10,34378.7,97
2019-04-13,11,32527.9,96
2019-04-13,12,32527.9,96
2019-04-13,13,31018.3,94
2019-04-13,14,31018.3,94
2019-04-13,15,29831.0,92
2019-04-13,16,29831.0,92
2019-04-13,17,29831.0,92
2019-04-13,18,31105.0,92
2019-04-13,19,31270.6,93
2019-04-13,20,31270.6,93
2019-04-13,21,28000.1,88
2019-04-13,22,27061.9,88
2019-04-13,23,23967.9,84
2019-04-14,0,21207.7,78
2019-04-14,1,22055.5,82
2019-04-14,2,23152.9,83
2019-04-14,3,24859.9,85
2019-04-14,4,26315.9,87
2019-04-14,5,27939.6,89
2019-04-14,6,30722.4,91
2019-04-14,7,31468.4,92
2019-04-14,8,31468.4,92
2019-04-14,9,31468.4,92
2019-04-14,10,29617.6,91
2019-04-14,11,27555.1,88
2019-04-14,12,27053.0,85
2019-04-14,13,25879.1,86
2019-04-14,14,26694.1,87
2019-04-14,15,27289.1,88
2019-04-14,16,29984.9,92
2019-04-14,17,30766.9,92
2019-04-14,18,32617.7,93
2019-04-14,19,33707.3,95
2019-04-14,20,33707.3,95
2019-04-14,21,31856.5,94
2019-04-14,22,29216.5,90
2019-04-14,23,24409.9,84
2019-04-15,0,21538.7,80
2019-04-15,1,18964.3,74
2019-04-15,2,19134.7,75
2019-04-15,3,21020.5,77
2019-04-15,4,26412.6,84
2019-04-15,5,27641.7,86
2019-04-15,6,28241.7,88
2019-04-15,7,28241.7,88
2019-04-15,8,28241.7,88
2019-04-15,9,27180.2,86
2019-04-15,10,27180.2,86
2019-04-15,11,27515.3,88
2019-04-15,12,27515.3,88
2019-04-15,13,28832.8,89
2019-04-15,14,30147.7,92
2019-04-15,15,31622.8,94
2019-04-15,16,31622.8,94
2019-04-15,17,31622.8,94
2019-04-15,18,33052.7,96
2019-04-15,19,33052.7,96
2019-04-15,20,33052.7,96
2019-04-15,21,29896.9,92
2019-04-15,22,24337.0,84
2019-04-15,23,19615.7,73
2019-04-16,0,17729.9,71
2019-04-16,1,17086.3,70
2019-04-16,2,17705.2,70
2019-04-16,3,18620.9,70
2019-04-16,4,25704.2,84
2019-04-16,5,25704.2,84
2019-04-16,6,27555.0,85
2019-04-16,7,27578.8,84
2019-04-16,8,31329.2,91
2019-04-16,9,30330.6,91
2019-04-16,10,30330.6,91
2019-04-16,11,30645.6,93
2019-04-16,12,31181.1,94
2019-04-16,13,32113.1,95
2019-04-16,14,33052.7,96
2019-04-16,15,33576.5,96
2019-04-16,16,33576.5,96
2019-04-16,17,33426.5,95
2019-04-16,18,34416.1,96
2019-04-16,19,34416.1,96
2019-04-16,20,34416.1,96
2019-04-16,21,32209.7,92
2019-04-16,22,28394.1,89
2019-04-16,23,21911.4,79
2019-04-17,0,20493.6,76
2019-04-17,1,19503.7,74
2019-04-17,2,20419.4,74
2019-04-17,3,20766.7,76
2019-04-17,4,25455.9,85
2019-04-17,5,27306.7,86
2019-04-17,6,28167.7,87
2019-04-17,7,29850.9,89
2019-04-17,8,30536.4,91
2019-04-17,9,30536.4,91
2019-04-17,10,30536.4,91
2019-04-17,11,31939.2,93
2019-04-17,12,32371.2,94
2019-04-17,13,32205.6,93
2019-04-17,14,36068.9,98
2019-04-17,15,36068.9,98
2019-04-17,16,37802.9,99
2019-04-17,17,37802.9,99
2019-04-17,18,37864.3,99
2019-04-17,19,38029.9,100
2019-04-17,20,38029.9,100
2019-04-17,21,36104.1,97
2019-04-17,22,31768.5,94
2019-04-17,23,27597.4,89
2019-04-18,0,26280.3,85
2019-04-18,1,24137.8,82
2019-04-18,2,25995.5,85
2019-04-18,3,26597.9,87
2019-04-18,4,31845.0,93
2019-04-18,5,32697.2,94
2019-04-18,6,32697.2,94
2019-04-18,7,29002.3,90
2019-04-18,8,28187.3,89
2019-04-18,9,30909.4,93
2019-04-18,10,30909.4,93
2019-04-18,11,30909.4,93
2019-04-18,12,28407.3,89
2019-04-18,13,28852.3,89
2019-04-18,14,29002.3,90
2019-04-18,15,30147.7,92
2019-04-18,16,30147.7,92
2019-04-18,17,30147.7,92
2019-04-18,18,30227.5,92
2019-04-18,19,30045.8,91
2019-04-18,20,30045.8,91
2019-04-18,21,29049.5,90
2019-04-18,22,28186.1,88
2019-04-18,23,28336.1,89
2019-04-19,0,27077.5,87
2019-04-19,1,25134.5,84
2019-04-19,2,25304.9,85
2019-04-19,3,25304.9,85
2019-04-19,4,27757.1,88
2019-04-19,5,28618.1,89
2019-04-19,6,30077.5,91
2019-04-19,7,30061.9,91
2019-04-19,8,31795.9,92
2019-04-19,9,31396.9,90
2019-04-19,10,29662.9,89
2019-04-19,11,27751.1,87
2019-04-19,12,26890.1,86
2019-04-19,13,26160.7,84
2019-04-19,14,27441.1,87
2019-04-19,15,28000.1,88
2019-04-19,16,29514.1,91
2019-04-19,17,30739.0,93
2019-04-19,18,34669.5,97
2019-04-19,19,37605.9,100
2019-04-19,20,37605.9,100
2019-04-19,21,37605.9,100
2019-04-19,22,34660.3,97
2019-04-19,23,31788.4,93
2019-04-20,0,29993.0,92
2019-04-20,1,27406.6,89
2019-04-20,2,25507.1,86
2019-04-20,3,25507.1,86
2019-04-20,4,27475.1,88
2019-04-20,5,28336.1,89
2019-04-20,6,31099.0,92
2019-04-20,7,31099.0,92
2019-04-20,8,32285.8,93
2019-04-20,9,32115.4,92
2019-04-20,10,29463.8,90
2019-04-20,11,28531.8,89
2019-04-20,12,26758.1,86
2019-04-20,13,26326.1,85
2019-04-20,14,28988.7,88
2019-04-20,15,29570.7,90
2019-04-20,16,30316.7,91
2019-04-20,17,30316.7,91
2019-04-20,18,30482.3,92
2019-04-20,19,30585.8,92
2019-04-20,20,30585.8,92
2019-04-20,21,27999.7,88
2019-04-20,22,25208.9,83
2019-04-20,23,20684.1,74
2019-04-21,0,18634.9,70
2019-04-21,1,17196.0,67
2019-04-21,2,16407.6,66
2019-04-21,3,16187.5,67
2019-04-21,4,17971.4,70
2019-04-21,5,17971.4,70
2019-04-21,6,20218.4,73
2019-04-21,7,23918.4,81
2019-04-21,8,24234.0,83
2019-04-21,9,25086.2,84
2019-04-21,10,25086.2,84
2019-04-21,11,26770.4,85
2019-04-21,12,26770.4,85
2019-04-21,13,28475.4,88
2019-04-21,14,30147.7,92
2019-04-21,15,31622.8,94
2019-04-21,16,31622.8,94
2019-04-21,17,31622.8,94
2019-04-21,18,32122.8,94
2019-04-21,19,32122.8,94
2019-04-21,20,32122.8,94
2019-04-21,21,30557.2,92
2019-04-21,22,27002.4,88
2019-04-21,23,21024.0,76
2019-04-22,0,18967.8,73
2019-04-22,1,18514.3,72
2019-04-22,2,18514.3,72
2019-04-22,3,20649.1,75
2019-04-22,4,24302.0,83
2019-04-22,5,27775.3,89
2019-04-22,6,29795.5,91
2019-04-22,7,31646.3,92
2019-04-22,8,30398.7,89
2019-04-22,9,29685.3,88
2019-04-22,10,32371.2,94
2019-04-22,11,33310.8,95
2019-04-22,12,35310.7,98
2019-04-22,13,36234.5,99
2019-04-22,14,37149.1,100
2019-04-22,15,37149.1,100
2019-04-22,16,37149.1,100
2019-04-22,17,37149.1,100
2019-04-22,18,36104.1,97
2019-04-22,19,36104.1,97
2019-04-22,20,36104.1,97
2019-04-22,21,32679.7,94
2019-04-22,22,27609.7,88
2019-04-22,23,25922.3,84
2019-04-23,0,21154.1,77
2019-04-23,1,19907.1,75
2019-04-23,2,23393.9,82
2019-04-23,3,25865.9,86
2019-04-23,4,30667.0,91
2019-04-23,5,32730.5,94
2019-04-23,6,33476.5,95
2019-04-23,7,33476.5,95
2019-04-23,8,33476.5,95
2019-04-23,9,33306.1,94
2019-04-23,10,35642.5,97
2019-04-23,11,32915.1,95
2019-04-23,12,32915.1,95
2019-04-23,13,33604.5,96
2019-04-23,14,33604.5,96
2019-04-23,15,33045.5,95
2019-04-23,16,34369.1,96
2019-04-23,17,35193.9,97
2019-04-23,18,35255.3,97
2019-04-23,19,35504.3,98
2019-04-23,20,35504.3,98
2019-04-23,21,32741.4,95
2019-04-23,22,27317.2,87
2019-04-23,23,23674.3,80
2019-04-24,0,20849.9,75
2019-04-24,1,21454.5,78
2019-04-24,2,23218.0,82
2019-04-24,3,26543.1,87
2019-04-24,4,32342.9,94
2019-04-24,5,35108.3,96
2019-04-24,6,35108.3,96
2019-04-24,7,35108.3,96
2019-04-24,8,35108.3,96
2019-04-24,9,34676.3,95
2019-04-24,10,35960.5,97
2019-04-24,11,34109.7,96
2019-04-24,12,34109.7,96
2019-04-24,13,34823.1,97
2019-04-24,14,35762.7,98
2019-04-24,15,35762.7,98
2019-04-24,16,36452.1,99
2019-04-24,17,36452.1,99
2019-04-24,18,37194.2,99
2019-04-24,19,38179.1,101
2019-04-24,20,38179.1,101
2019-04-24,21,38179.1,101
2019-04-24,22,36523.7,99
2019-04-24,23,32999.7,95
2019-04-25,0,31204.3,94
2019-04-25,1,30668.8,93
2019-04-25,2,29266.0,91
2019-04-25,3,29266.0,91
2019-04-25,4,33436.4,95
2019-04-25,5,33436.4,95
2019-04-25,6,35822.7,97
2019-04-25,7,35822.7,97
2019-04-25,8,34027.3,96
2019-04-25,9,34027.3,96
2019-04-25,10,34051.3,96
2019-04-25,11,35846.7,97
2019-04-25,12,36386.1,97
2019-04-25,13,37719.9,99
2019-04-25,14,39243.1,102
2019-04-25,15,40819.2,104
2019-04-25,16,40819.2,104
2019-04-25,17,40819.2,104
2019-04-25,18,41497.3,105
2019-04-25,19,45505.7,106
2019-04-25,20,45505.7,106
2019-04-25,21,40819.2,104
2019-04-25,22,38053.8,102
2019-04-25,23,34155.7,97
2019-04-26,0,31646.9,95
2019-04-26,1,31149.0,94
2019-04-26,2,29457.5,91
2019-04-26,3,29457.5,91
2019-04-26,4,32938.5,94
2019-04-26,5,34149.8,96
2019-04-26,6,35002.0,97
2019-04-26,7,35002.0,97
2019-04-26,8,35002.0,97
2019-04-26,9,35002.0,97
2019-04-26,10,35760.2,97
2019-04-26,11,36295.7,98
2019-04-26,12,38029.7,99
2019-04-26,13,38195.3,100
2019-04-26,14,39276.8,101
2019-04-26,15,39276.8,101
2019-04-26,16,40341.4,103
2019-04-26,17,40341.4,103
2019-04-26,18,38607.4,102
2019-04-26,19,37692.8,101
2019-04-26,20,37692.8,101
2019-04-26,21,35963.4,98
2019-04-26,22,31856.5,94
2019-04-26,23,28434.5,90
2019-04-27,0,25497.5,85
2019-04-27,1,23329.6,81
2019-04-27,2,22361.2,79
2019-04-27,3,22531.6,80
2019-04-27,4,23346.6,81
2019-04-27,5,24259.9,83
2019-04-27,6,27571.1,88
2019-04-27,7,28183.1,88
2019-04-27,8,30432.9,91
2019-04-27,9,32085.9,93
2019-04-27,10,31087.3,93
2019-04-27,11,32274.6,95
2019-04-27,12,32274.6,95
2019-04-27,13,34008.6,96
2019-04-27,14,35705.2,97
2019-04-27,15,37650.6,99
2019-04-27,16,38803.4,100
2019-04-27,17,38803.4,100
2019-04-27,18,38847.6,101
2019-04-27,19,38847.6,101
2019-04-27,20,38847.6,101
2019-04-27,21,37113.6,100
2019-04-27,22,33285.1,96
2019-04-27,23,28287.5,89
2019-04-28,0,26779.9,86
2019-04-28,1,23475.5,81
2019-04-28,2,22650.8,80
2019-04-28,3,22650.8,80
2019-04-28,4,23724.5,82
2019-04-28,5,24709.9,84
2019-04-28,6,27404.1,88
2019-04-28,7,29399.0,91
2019-04-28,8,29399.0,91
2019-04-28,9,31249.8,92
2019-04-28,10,30536.4,91
2019-04-28,11,33553.4,95
2019-04-28,12,33553.4,95
2019-04-28,13,35976.8,97
2019-04-28,14,36891.4,98
2019-04-28,15,36741.4,97
2019-04-28,16,38536.8,98
2019-04-28,17,38355.1,97
2019-04-28,18,38686.8,99
2019-04-28,19,36952.8,98
2019-04-28,20,36952.8,98
2019-04-28,21,33810.8,95
2019-04-28,22,28614.5,89
2019-04-28,23,25662.4,85
2019-04-29,0,21551.9,76
2019-04-29,1,20355.9,74
2019-04-29,2,20872.9,75
2019-04-29,3,23068.0,81
2019-04-29,4,26694.1,87
2019-04-29,5,28544.9,88
2019-04-29,6,29405.9,89
2019-04-29,7,31249.8,92
2019-04-29,8,32613.8,94
2019-04-29,9,34051.3,96
2019-04-29,10,35545.1,98
2019-04-29,11,36459.7,99
2019-04-29,12,39346.5,101
2019-04-29,13,39346.5,101
2019-04-29,14,40035.9,102
2019-04-29,15,41831.3,103
2019-04-29,16,41831.3,103
2019-04-29,17,40358.1,100
2019-04-29,18,40678.5,102
2019-04-29,19,40108.5,101
2019-04-29,20,40108.5,101
2019-04-29,21,37450.7,99
2019-04-29,22,33369.1,95
2019-04-29,23,29850.9,89
2019-04-30,0,26911.9,87
2019-04-30,1,26746.3,86
2019-04-30,2,24345.3,83
2019-04-30,3,26896.3,87
2019-04-30,4,30301.0,92
2019-04-30,5,32687.3,94
2019-04-30,6,33619.3,95
2019-04-30,7,33619.3,95
2019-04-30,8,34878.7,97
2019-04-30,9,37106.1,99
2019-04-30,10,37767.6,100
2019-04-30,11,39351.6,100
2019-04-30,12,41190.0,102
2019-04-30,13,41190.0,102
2019-04-30,14,41190.0,102
2019-04-30,15,41190.0,102
2019-04-30,16,40654.5,101
2019-04-30,17,40654.5,101
2019-04-30,18,39285.6,100
2019-04-30,19,39606.0,102
2019-04-30,20,39606.0,102
2019-04-30,21,37680.2,99
2019-04-30,22,32679.7,94
2019-04-30,23,29249.0,90
2019-05-01,0,28896.9,88
2019-05-01,1,25744.8,84
2019-05-01,2,27597.4,89
2019-05-01,3,29183.5,91
2019-05-01,4,34253.3,96
2019-05-01,5,36104.1,97
2019-05-01,6,38512.5,100
2019-05-01,7,38512.5,100
2019-05-01,8,40678.5,102
2019-05-01,9,40678.5,102
2019-05-01,10,41481.7,103
2019-05-01,11,42634.5,104
2019-05-01,12,42634.5,104
2019-05-01,13,42634.5,104
2019-05-01,14,42634.5,104
2019-05-01,15,42634.5,104
2019-05-01,16,41694.9,103
2019-05-01,17,42302.8,102
2019-05-01,18,42634.5,104
2019-05-01,19,40900.5,103
2019-05-01,20,40900.5,103
2019-05-01,21,39747.7,102
2019-05-01,22,33641.4,96
2019-05-01,23,30276.0,92
2019-05-02,0,28324.4,89
2019-05-02,1,26663.8,87
2019-05-02,2,25802.8,86
2019-05-02,3,25632.4,85
2019-05-02,4,29430.0,90
2019-05-02,5,30282.2,91
2019-05-02,6,30432.2,92
2019-05-02,7,30967.7,93
2019-05-02,8,33372.5,97
2019-05-02,9,33782.5,98
2019-05-02,10,37432.1,101
2019-05-02,11,37432.1,101
2019-05-02,12,40318.9,103
2019-05-02,13,40318.9,103
2019-05-02,14,38834.3,101
2019-05-02,15,38834.3,101
2019-05-02,16,37681.5,100
2019-05-02,17,36992.1,99
2019-05-02,18,35258.1,98
2019-05-02,19,35258.1,98
2019-05-02,20,35258.1,98
2019-05-02,21,32620.7,95
2019-05-02,22,27775.3,89
2019-05-02,23,26090.0,86
2019-05-03,0,24588.5,83
2019-05-03,1,22776.0,82
2019-05-03,2,22776.0,82
2019-05-03,3,26069.1,86
2019-05-03,4,29580.0,91
2019-05-03,5,31862.8,93
2019-05-03,6,32398.3,94
2019-05-03,7,34193.7,95
2019-05-03,8,34193.7,95
2019-05-03,9,35477.1,97
2019-05-03,10,35477.1,97
2019-05-03,11,35477.1,97
2019-05-03,12,34210.0,94
2019-05-03,13,34899.4,95
2019-05-03,14,35831.4,96
2019-05-03,15,35831.4,96
2019-05-03,16,36166.5,98
2019-05-03,17,36166.5,98
2019-05-03,18,36166.5,98
2019-05-03,19,36166.5,98
2019-05-03,20,36166.5,98
2019-05-03,21,36166.5,98
2019-05-03,22,34137.1,95
2019-05-03,23,32286.3,94
2019-05-04,0,32286.3,94
2019-05-04,1,31252.9,92
2019-05-04,2,29457.5,91
2019-05-04,3,29457.5,91
2019-05-04,4,30932.6,93
2019-05-04,5,30932.6,93
2019-05-04,6,32728.0,94
2019-05-04,7,33474.0,95
2019-05-04,8,34326.2,96
2019-05-04,9,34326.2,96
2019-05-04,10,35039.6,97
2019-05-04,11,37225.9,99
2019-05-04,12,37375.9,100
2019-05-04,13,39109.9,101
2019-05-04,14,39109.9,101
2019-05-04,15,37314.5,100
2019-05-04,16,37314.5,100
2019-05-04,17,37144.1,99
2019-05-04,18,39109.9,101
2019-05-04,19,37945.9,101
2019-05-04,20,37945.9,101
2019-05-04,21,36311.3,98
2019-05-04,22,34669.5,97
2019-05-04,23,32376.2,95
2019-05-05,0,31662.8,94
2019-05-05,1,28318.1,89
2019-05-05,2,27714.5,88
2019-05-05,3,27714.5,88
2019-05-05,4,27714.5,88
2019-05-05,5,27714.5,88
2019-05-05,6,30170.9,92
2019-05-05,7,31452.4,94
2019-05-05,8,31452.4,94
2019-05-05,9,32967.2,93
2019-05-05,10,32601.7,92
2019-05-05,11,35310.7,98
2019-05-05,12,35310.7,98
2019-05-05,13,37044.7,99
2019-05-05,14,38840.1,100
2019-05-05,15,39754.7,101
2019-05-05,16,39754.7,101
2019-05-05,17,39754.7,101
2019-05-05,18,40108.5,101
2019-05-05,19,38374.5,100
2019-05-05,20,38374.5,100
2019-05-05,21,35414.7,96
2019-05-05,22,30536.4,91
2019-05-05,23,26763.6,85
2019-05-06,0,25003.8,80
2019-05-06,1,21153.4,75
2019-05-06,2,21504.6,77
2019-05-06,3,23255.0,81
2019-05-06,4,27385.1,87
2019-05-06,5,29235.9,88
2019-05-06,6,31691.2,93
2019-05-06,7,33087.7,95
2019-05-06,8,33801.1,96
2019-05-06,9,35535.1,97
2019-05-06,10,35535.1,97
2019-05-06,11,37793.7,99
2019-05-06,12,39589.1,100
2019-05-06,13,41316.1,102
2019-05-06,14,41994.2,103
2019-05-06,15,41994.2,103
2019-05-06,16,41316.1,102
2019-05-06,17,40747.6,99
2019-05-06,18,38840.1,100
2019-05-06,19,38840.1,100
2019-05-06,20,38840.1,100
2019-05-06,21,36674.1,98
2019-05-06,22,31249.8,92
2019-05-06,23,29233.4,90
2019-05-07,0,28494.5,86
2019-05-07,1,23886.4,80
2019-05-07,2,24790.9,85
2019-05-07,3,27289.1,88
2019-05-07,4,32889.9,96
2019-05-07,5,34740.7,97
2019-05-07,6,38944.5,101
2019-05-07,7,38944.5,101
2019-05-07,8,38029.9,100
2019-05-07,9,37879.9,99
2019-05-07,10,37818.5,99
2019-05-07,11,37818.5,99
2019-05-07,12,37652.9,98
2019-05-07,13,38839.7,99
2019-05-07,14,40635.1,100
2019-05-07,15,40635.1,100
2019-05-07,16,40635.1,100
2019-05-07,17,40635.1,100
2019-05-07,18,40210.3,100
2019-05-07,19,38646.7,100
2019-05-07,20,38646.7,100
2019-05-07,21,34997.6,96
2019-05-07,22,29336.9,90
2019-05-07,23,26384.8,86
2019-05-08,0,25373.8,84
2019-05-08,1,23441.0,82
2019-05-08,2,23441.0,82
2019-05-08,3,22361.4,80
2019-05-08,4,26445.1,86
2019-05-08,5,27297.3,87
2019-05-08,6,32085.2,94
2019-05-08,7,31935.2,93
2019-05-08,8,33052.7,96
2019-05-08,9,33742.1,97
2019-05-08,10,34312.1,98
2019-05-08,11,35070.3,98
2019-05-08,12,35070.3,98
2019-05-08,13,35065.5,98
2019-05-08,14,36151.9,97
2019-05-08,15,36322.3,98
2019-05-08,16,38765.3,101
2019-05-08,17,37913.1,100
2019-05-08,18,39377.8,102
2019-05-08,19,39227.8,101
2019-05-08,20,39377.8,102
2019-05-08,21,39377.8,102
2019-05-08,22,35239.5,98
2019-05-08,23,32999.7,95
2019-05-09,0,30490.9,93
2019-05-09,1,30490.9,93
2019-05-09,2,30490.9,93
2019-05-09,3,31430.5,94
2019-05-09,4,36933.7,100
2019-05-09,5,37785.9,101
2019-05-09,6,37785.9,101
2019-05-09,7,36871.3,100
2019-05-09,8,36721.3,99
2019-05-09,9,38355.9,102
2019-05-09,10,38355.9,102
2019-05-09,11,40089.9,103
2019-05-09,12,39939.9,102
2019-05-09,13,39587.8,100
2019-05-09,14,40089.9,103
2019-05-09,15,40089.9,103
2019-05-09,16,37945.9,101
2019-05-09,17,37945.9,101
2019-05-09,18,36161.7,99
2019-05-09,19,36161.7,99
2019-05-09,20,36161.7,99
2019-05-09,21,32030.0,95
2019-05-09,22,26954.1,87
2019-05-09,23,22969.0,81
2019-05-10,0,18999.3,73
2019-05-10,1,18545.8,72
2019-05-10,2,17902.2,71
2019-05-10,3,18860.1,73
2019-05-10,4,23176.4,81
2019-05-10,5,27360.7,87
2019-05-10,6,27360.7,87
2019-05-10,7,29211.5,88
2019-05-10,8,27352.7,86
2019-05-10,9,29255.9,88
2019-05-10,10,31249.8,92
2019-05-10,11,30328.9,93
2019-05-10,12,30328.9,93
2019-05-10,13,30328.9,93
2019-05-10,14,31110.9,93
2019-05-10,15,31110.9,93
2019-05-10,16,31110.9,93
2019-05-10,17,30940.5,92
2019-05-10,18,31950.3,95
2019-05-10,19,31950.3,95
2019-05-10,20,31950.3,95
2019-05-10,21,31950.3,95
2019-05-10,22,30739.0,93
2019-05-10,23,29303.6,91
2019-05-11,0,29303.6,91
2019-05-11,1,29303.6,91
2019-05-11,2,29993.0,92
2019-05-11,3,29993.0,92
2019-05-11,4,31788.4,93
2019-05-11,5,32728.0,94
2019-05-11,6,33914.8,95
2019-05-11,7,35126.1,97
2019-05-11,8,35126.1,97
2019-05-11,9,35126.1,97
2019-05-11,10,35126.1,97
2019-05-11,11,33330.7,96
2019-05-11,12,33330.7,96
2019-05-11,13,32391.1,95
2019-05-11,14,30452.8,92
2019-05-11,15,30452.8,92
2019-05-11,16,31142.2,93
2019-05-11,17,32391.1,95
2019-05-11,18,32889.9,96
2019-05-11,19,34685.3,97
2019-05-11,20,34685.3,97
2019-05-11,21,34685.3,97
2019-05-11,22,33939.3,96
2019-05-11,23,32286.3,94
2019-05-12,0,30490.9,93
2019-05-12,1,29303.6,91
2019-05-12,2,28768.1,90
2019-05-12,3,28768.1,90
2019-05-12,4,30563.5,91
2019-05-12,5,31099.0,92
2019-05-12,6,31845.0,93
2019-05-12,7,33032.3,95
2019-05-12,8,33032.3,95
2019-05-12,9,33032.3,95
2019-05-12,10,33884.5,96
2019-05-12,11,32089.1,95
2019-05-12,12,32089.1,95
2019-05-12,13,33028.7,96
2019-05-12,14,33742.1,97
2019-05-12,15,35476.1,98
2019-05-12,16,35476.1,98
2019-05-12,17,35476.1,98
2019-05-12,18,38186.1,100
2019-05-12,19,39771.4,102
2019-05-12,20,38037.4,101
2019-05-12,21,38037.4,101
2019-05-12,22,35599.9,98
2019-05-12,23,32286.3,94
2019-05-13,0,30490.9,93
2019-05-13,1,28957.0,91
2019-05-13,2,28421.5,90
2019-05-13,3,28421.5,90
2019-05-13,4,32464.2,94
2019-05-13,5,33745.7,96
2019-05-13,6,35596.5,97
2019-05-13,7,35596.5,97
2019-05-13,8,35596.5,97
2019-05-13,9,35596.5,97
2019-05-13,10,36166.5,98
2019-05-13,11,38020.7,100
2019-05-13,12,37870.7,99
2019-05-13,13,39439.1,99
2019-05-13,14,39340.1,99
2019-05-13,15,41067.1,101
2019-05-13,16,41067.1,101
2019-05-13,17,40735.4,99
2019-05-13,18,40528.5,101
2019-05-13,19,40528.5,101
2019-05-13,20,38794.5,100
2019-05-13,21,38081.1,99
2019-05-13,22,35076.7,96
2019-05-13,23,32536.5,94
2019-05-14,0,29651.5,91
2019-05-14,1,29116.0,90
2019-05-14,2,29266.0,91
2019-05-14,3,29955.4,92
2019-05-14,4,34669.5,97
2019-05-14,5,36795.9,99
2019-05-14,6,38437.4,102
2019-05-14,7,40288.2,103
2019-05-14,8,40288.2,103
2019-05-14,9,40288.2,103
2019-05-14,10,41091.4,104
2019-05-14,11,42684.1,106
2019-05-14,12,42684.1,106
2019-05-14,13,44418.1,107
2019-05-14,14,45570.9,108
2019-05-14,15,45570.9,108
2019-05-14,16,45570.9,108
2019-05-14,17,45570.9,108
2019-05-14,18,44418.1,107
2019-05-14,19,42553.2,105
2019-05-14,20,42553.2,105
2019-05-14,21,40819.2,104
2019-05-14,22,36946.1,99
2019-05-14,23,33745.7,96
2019-05-15,0,31950.3,95
2019-05-15,1,29955.4,92
2019-05-15,2,29266.0,91
2019-05-15,3,30490.9,93
2019-05-15,4,34149.7,96
2019-05-15,5,36461.3,99
2019-05-15,6,37926.0,101
2019-05-15,7,38840.6,102
2019-05-15,8,40597.4,104
2019-05-15,9,40597.4,104
2019-05-15,10,43009.5,106
2019-05-15,11,44297.9,108
2019-05-15,12,46640.6,110
2019-05-15,13,48491.4,111
2019-05-15,14,49144.6,111
2019-05-15,15,49294.6,112
2019-05-15,16,49294.6,112
2019-05-15,17,49294.6,112
2019-05-15,18,48104.7,111
2019-05-15,19,46449.3,109
2019-05-15,20,44109.7,107
2019-05-15,21,43231.3,106
2019-05-15,22,37860.7,100
2019-05-15,23,33801.1,96
2019-05-16,0,32940.1,95
2019-05-16,1,28008.5,90
2019-05-16,2,28008.5,90
2019-05-16,3,26970.9,86
2019-05-16,4,31414.8,94
2019-05-16,5,33265.6,95
2019-05-16,6,37459.9,99
2019-05-16,7,37459.9,99
2019-05-16,8,37459.9,99
2019-05-16,9,39043.9,99
2019-05-16,10,38608.9,97
2019-05-16,11,41690.3,101
2019-05-16,12,42908.1,104
2019-05-16,13,44421.8,106
2019-05-16,14,46148.7,109
2019-05-16,15,45998.7,108
2019-05-16,16,45998.7,108
2019-05-16,17,45998.7,108
2019-05-16,18,44442.2,106
2019-05-16,19,41929.9,104
2019-05-16,20,42079.9,105
2019-05-16,21,39431.3,103
2019-05-16,22,33285.5,96
2019-05-16,23,28032.5,89
2019-05-17,0,24878.0,82
2019-05-17,1,23164.8,80
2019-05-17,2,23164.8,80
2019-05-17,3,25607.7,85
2019-05-17,4,28002.5,89
2019-05-17,5,29853.3,90
2019-05-17,6,32085.9,93
2019-05-17,7,32775.3,94
2019-05-17,8,34812.8,97
2019-05-17,9,36546.8,98
2019-05-17,10,38840.1,100
2019-05-17,11,40026.9,101
2019-05-17,12,42668.5,104
2019-05-17,13,43520.7,105
2019-05-17,14,45060.6,107
2019-05-17,15,45060.6,107
2019-05-17,16,45060.6,107
2019-05-17,17,45060.6,107
2019-05-17,18,44182.2,106
2019-05-17,19,42331.4,105
2019-05-17,20,42331.4,105
2019-05-17,21,39520.1,101
2019-05-17,22,35990.7,99
2019-05-17,23,33190.7,96
2019-05-18,0,30449.5,93
2019-05-18,1,27319.1,88
2019-05-18,2,27319.1,88
2019-05-18,3,25643.1,86
2019-05-18,4,26458.1,87
2019-05-18,5,26458.1,87
2019-05-18,6,29500.2,91
2019-05-18,7,31234.2,92
2019-05-18,8,32915.1,95
2019-05-18,9,34710.5,96
2019-05-18,10,34710.5,96
2019-05-18,11,36403.5,97
2019-05-18,12,37505.9,99
2019-05-18,13,35771.9,98
2019-05-18,14,35771.9,98
2019-05-18,15,35771.9,98
2019-05-18,16,35771.9,98
2019-05-18,17,35771.9,98
2019-05-18,18,36461.3,99
2019-05-18,19,37031.3,100
2019-05-18,20,37031.3,100
2019-05-18,21,36179.1,99
2019-05-18,22,35747.1,98
2019-05-18,23,35177.1,97
2019-05-19,0,34237.5,96
2019-05-19,1,32567.7,94
2019-05-19,2,32849.7,94
2019-05-19,3,32849.7,94
2019-05-19,4,34349.3,97
2019-05-19,5,35095.3,98
2019-05-19,6,37595.2,101
2019-05-19,7,39585.2,103
2019-05-19,8,40155.2,104
2019-05-19,9,42006.0,105
2019-05-19,10,42006.0,105
2019-05-19,11,46014.4,106
2019-05-19,12,46014.4,106
2019-05-19,13,45771.6,103
2019-05-19,14,46869.0,104
2019-05-19,15,47428.0,105
2019-05-19,16,47428.0,105
2019-05-19,17,47246.3,104
2019-05-19,18,46174.8,102
2019-05-19,19,44686.9,103
2019-05-19,20,44686.9,103
2019-05-19,21,40678.5,102
2019-05-19,22,36674.1,98
2019-05-19,23,31747.7,93
2019-05-20,0,31427.3,91
2019-05-20,1,28456.9,86
2019-05-20,2,28627.3,87
2019-05-20,3,28627.3,87
2019-05-20,4,31963.1,94
2019-05-20,5,33697.1,95
2019-05-20,6,35310.8,95
2019-05-20,7,35492.5,96
2019-05-20,8,39262.7,101
2019-05-20,9,39262.7,101
2019-05-20,10,44734.3,108
2019-05-20,11,48742.7,109
2019-05-20,12,52000.7,111
2019-05-20,13,55041.4,113
2019-05-20,14,55844.6,114
2019-05-20,15,55844.6,114
2019-05-20,16,56926.8,115
2019-05-20,17,58079.6,116
2019-05-20,18,54847.8,114
2019-05-20,19,53695.0,113
2019-05-20,20,53695.0,113
2019-05-20,21,43056.5,104
2019-05-20,22,40528.5,101
2019-05-20,23,34180.2,96
2019-05-21,0,34180.2,96
2019-05-21,1,32552.2,94
2019-05-21,2,32552.2,94
2019-05-21,3,30282.9,90
2019-05-21,4,32763.8,93
2019-05-21,5,33695.8,94
2019-05-21,6,34907.1,96
2019-05-21,7,34907.1,96
2019-05-21,8,34907.1,96
2019-05-21,9,37082.3,98
2019-05-21,10,38695.5,100
2019-05-21,11,38695.5,100
2019-05-21,12,40263.9,100
2019-05-21,13,42553.2,105
2019-05-21,14,44234.8,107
2019-05-21,15,46276.9,109
2019-05-21,16,46276.9,109
2019-05-21,17,46276.9,109
2019-05-21,18,45087.0,108
2019-05-21,19,42433.0,106
2019-05-21,20,42433.0,106
2019-05-21,21,40037.5,104
2019-05-21,22,35204.7,99
2019-05-21,23,33945.3,97
2019-05-22,0,33030.7,96
2019-05-22,1,28291.1,89
2019-05-22,2,28461.5,90
2019-05-22,3,30300.0,91
2019-05-22,4,34676.1,96
2019-05-22,5,36085.5,99
2019-05-22,6,38355.9,102
2019-05-22,7,39670.7,103
2019-05-22,8,41135.4,105
2019-05-22,9,42869.4,106
2019-05-22,10,44734.3,108
2019-05-22,11,46415.9,110
2019-05-22,12,48101.1,110
2019-05-22,13,52109.5,111
2019-05-22,14,51959.5,110
2019-05-22,15,52125.1,111
2019-05-22,16,52125.1,111
2019-05-22,17,52275.1,112
2019-05-22,18,49696.0,108
2019-05-22,19,48381.200000000004,107
2019-05-22,20,48551.6,108
2019-05-22,21,45873.7,104
2019-05-22,22,39754.7,101
2019-05-22,23,37527.3,99
2019-05-23,0,33225.7,95
2019-05-23,1,31034.3,92
2019-05-23,2,29683.8,90
2019-05-23,3,29683.8,90
2019-05-23,4,32144.2,93
2019-05-23,5,34605.5,97
2019-05-23,6,35545.1,98
2019-05-23,7,37549.3,100
2019-05-23,8,40197.9,102
2019-05-23,9,42403.3,104
2019-05-23,10,43590.1,105
2019-05-23,11,49063.2,108
2019-05-23,12,50579.2,109
2019-05-23,13,51754.6,110
2019-05-23,14,55489.7,113
2019-05-23,15,56642.5,114
2019-05-23,16,57724.7,115
2019-05-23,17,55345.1,114
2019-05-23,18,56023.2,115
2019-05-23,19,54708.4,114
2019-05-23,20,54708.4,114
2019-05-23,21,50274.1,109
2019-05-23,22,45569.5,104
2019-05-23,23,37107.9,100
2019-05-24,0,37107.9,100
2019-05-24,1,34722.1,97
2019-05-24,2,34722.1,97
2019-05-24,3,29722.0,90
2019-05-24,4,31250.4,92
2019-05-24,5,33272.0,95
2019-05-24,6,35301.3,98
2019-05-24,7,37035.3,99
2019-05-24,8,42182.4,104
2019-05-24,9,43327.7,104
2019-05-24,10,45348.0,106
2019-05-24,11,47222.7,109
2019-05-24,12,48101.1,110
2019-05-24,13,53299.4,112
2019-05-24,14,53299.4,112
2019-05-24,15,52560.5,108
2019-05-24,16,52730.0,109
2019-05-24,17,53144.6,111
2019-05-24,18,50291.7,107
2019-05-24,19,47744.2,106
2019-05-24,20,46941.0,105
2019-05-24,21,41276.7,104
2019-05-24,22,38734.1,101
2019-05-24,23,34416.1,96
2019-05-25,0,33432.2,92
2019-05-25,1,26567.1,85
2019-05-25,2,26567.1,85
2019-05-25,3,25972.1,84
2019-05-25,4,27003.5,86
2019-05-25,5,27748.5,88
2019-05-25,6,30536.4,91
2019-05-25,7,33619.3,95
2019-05-25,8,36612.7,98
2019-05-25,9,38359.5,100
2019-05-25,10,42256.3,103
2019-05-25,11,44393.3,106
2019-05-25,12,45933.2,108
2019-05-25,13,48312.8,109
2019-05-25,14,49794.1,111
2019-05-25,15,49794.1,111
2019-05-25,16,49794.1,111
2019-05-25,17,49794.1,111
2019-05-25,18,45732.9,108
2019-05-25,19,43998.9,107
2019-05-25,20,43998.9,107
2019-05-25,21,40109.3,102
2019-05-25,22,37998.7,100
2019-05-25,23,31498.7,92
2019-05-26,0,29621.2,85
2019-05-26,1,30507.7,86
2019-05-26,2,27620.9,84
2019-05-26,3,27620.9,84
2019-05-26,4,26725.7,83
2019-05-26,5,26725.7,83
2019-05-26,6,29612.5,85
2019-05-26,7,30345.3,87
2019-05-26,8,35681.1,96
2019-05-26,9,37415.1,97
2019-05-26,10,39291.3,99
2019-05-26,11,41959.7,102
2019-05-26,12,43473.4,104
2019-05-26,13,45395.4,108
2019-05-26,14,46951.9,110
2019-05-26,15,46951.9,110
2019-05-26,16,46951.9,110
2019-05-26,17,46786.3,109
2019-05-26,18,44592.2,107
2019-05-26,19,42741.4,106
2019-05-26,20,42309.4,105
2019-05-26,21,39350.9,101
2019-05-26,22,34764.7,97
2019-05-26,23,32206.1,93
2019-05-27,0,28596.9,90
2019-05-27,1,27099.1,88
2019-05-27,2,26353.1,87
2019-05-27,3,26580.3,87
2019-05-27,4,26580.3,87
2019-05-27,5,26580.3,87
2019-05-27,6,29108.8,91
2019-05-27,7,33052.7,96
2019-05-27,8,36280.5,99
2019-05-27,9,41144.6,104
2019-05-27,10,42331.4,105
2019-05-27,11,43847.1,104
2019-05-27,12,44592.2,107
2019-05-27,13,46273.8,109
2019-05-27,14,48653.4,110
2019-05-27,15,48653.4,110
2019-05-27,16,48653.4,110
2019-05-27,17,48653.4,110
2019-05-27,18,47684.6,108
2019-05-27,19,45833.8,107
2019-05-27,20,45833.8,107
2019-05-27,21,41772.6,104
2019-05-27,22,36721.9,98
2019-05-27,23,32503.1,95
2019-05-28,0,29927.5,93
2019-05-28,1,26458.1,87
2019-05-28,2,26137.7,85
2019-05-28,3,27053.1,88
2019-05-28,4,30655.3,92
2019-05-28,5,32692.8,95
2019-05-28,6,34426.8,96
2019-05-28,7,36720.1,98
2019-05-28,8,41144.6,104
2019-05-28,9,42995.4,105
2019-05-28,10,44182.2,106
2019-05-28,11,47858.9,105
2019-05-28,12,47858.9,105
2019-05-28,13,48217.6,105
2019-05-28,14,49406.0,106
2019-05-28,15,50043.6,106
2019-05-28,16,50458.200000000004,108
2019-05-28,17,50458.200000000004,108
2019-05-28,18,49761.5,108
2019-05-28,19,48231.1,109
2019-05-28,20,48231.1,109
2019-05-28,21,47427.9,108
2019-05-28,22,43419.5,107
2019-05-28,23,39574.9,104
2019-05-29,0,35448.4,100
2019-05-29,1,34354.9,98
2019-05-29,2,32292.3,95
2019-05-29,3,32292.3,95
2019-05-29,4,35740.7,98
2019-05-29,5,38734.1,101
2019-05-29,6,42232.7,106
2019-05-29,7,42232.7,106
2019-05-29,8,44083.5,107
2019-05-29,9,44083.5,107
2019-05-29,10,48091.9,108
2019-05-29,11,49773.5,110
2019-05-29,12,49773.5,110
2019-05-29,13,49773.5,110
2019-05-29,14,50926.3,111
2019-05-29,15,50926.3,111
2019-05-29,16,50776.3,110
2019-05-29,17,49791.4,108
2019-05-29,18,48742.6,106
2019-05-29,19,46395.4,105
2019-05-29,20,45873.8,105
2019-05-29,21,44721.0,104
2019-05-29,22,40598.5,100
2019-05-29,23,36590.1,99
2019-05-30,0,36092.2,98
2019-05-30,1,33017.0,94
2019-05-30,2,33017.0,94
2019-05-30,3,33956.6,95
2019-05-30,4,37988.4,101
2019-05-30,5,40409.2,103
2019-05-30,6,42240.1,105
2019-05-30,7,42240.1,105
2019-05-30,8,42240.1,105
2019-05-30,9,43426.9,106
2019-05-30,10,47269.7,106
2019-05-30,11,48426.5,108
2019-05-30,12,48426.5,108
2019-05-30,13,49278.7,109
2019-05-30,14,49900.2,109
2019-05-30,15,49166.1,105
2019-05-30,16,49039.6,104
2019-05-30,17,48830.6,103
2019-05-30,18,47305.4,101
2019-05-30,19,46500.8,106
2019-05-30,20,45826.0,106
2019-05-30,21,41156.1,104
2019-05-30,22,39166.1,102
2019-05-30,23,37022.1,100
2019-05-31,0,35369.1,98
2019-05-31,1,33032.3,95
2019-05-31,2,34870.7,97
2019-05-31,3,35810.3,98
2019-05-31,4,38409.1,101
2019-05-31,5,40259.9,102
2019-05-31,6,39177.7,101
2019-05-31,7,40409.2,103
2019-05-31,8,44417.6,104
2019-05-31,9,45055.2,104
2019-05-31,10,46407.6,106
2019-05-31,11,46817.6,107
2019-05-31,12,48551.6,108
2019-05-31,13,49083.4,107
2019-05-31,14,49083.4,107
2019-05-31,15,49233.4,108
2019-05-31,16,49403.8,109
2019-05-31,17,49403.8,109
2019-05-31,18,46805.2,107
2019-05-31,19,47676.8,107
2019-05-31,20,45826.0,106
2019-05-31,21,41817.6,105
2019-05-31,22,40083.6,104
2019-05-31,23,35330.7,97
2019-06-01,0,33027.7,96
2019-06-01,1,32175.5,95
2019-06-01,2,30227.5,92
2019-06-01,3,30227.5,92
2019-06-01,4,32022.9,93
2019-06-01,5,33745.7,96
2019-06-01,6,38924.6,101
2019-06-01,7,40409.2,103
2019-06-01,8,46151.6,105
2019-06-01,9,47466.4,106
2019-06-01,10,48344.8,107
2019-06-01,11,50707.0,109
2019-06-01,12,51385.1,110
2019-06-01,13,53378.2,112
2019-06-01,14,52916.6,109
2019-06-01,15,53378.2,112
2019-06-01,16,53378.2,112
2019-06-01,17,51385.1,110
2019-06-01,18,48505.9,107
2019-06-01,19,46601.5,105
2019-06-01,20,46921.9,107
2019-06-01,21,41598.7,105
2019-06-01,22,40259.1,103
2019-06-01,23,38280.5,101
2019-06-02,0,34811.4,95
2019-06-02,1,30284.2,90
2019-06-02,2,28198.3,87
2019-06-02,3,28766.8,90
2019-06-02,4,28932.4,91
2019-06-02,5,31260.9,94
2019-06-02,6,33745.7,96
2019-06-02,7,37122.8,100
2019-06-02,8,39410.6,103
2019-06-02,9,45153.0,105
2019-06-02,10,45153.0,105
2019-06-02,11,45831.1,106
2019-06-02,12,47681.9,107
2019-06-02,13,48868.7,108
2019-06-02,14,50229.9,108
2019-06-02,15,50550.3,110
2019-06-02,16,50550.3,110
2019-06-02,17,50550.3,110
2019-06-02,18,50550.3,110
2019-06-02,19,48016.5,107
2019-06-02,20,47338.4,106
2019-06-02,21,47338.4,106
2019-06-02,22,41164.0,103
2019-06-02,23,38775.5,100
2019-06-03,0,34189.7,97
2019-06-03,1,33275.1,96
2019-06-03,2,33137.1,96
2019-06-03,3,34932.5,97
2019-06-03,4,37599.1,100
2019-06-03,5,38774.5,101
2019-06-03,6,40099.1,103
2019-06-03,7,42403.1,105
2019-06-03,8,47073.0,107
2019-06-03,9,49601.9,109
2019-06-03,10,50916.7,110
2019-06-03,11,52598.3,112
2019-06-03,12,55830.1,114
2019-06-03,13,55581.1,113
2019-06-03,14,57551.1,113
2019-06-03,15,58260.1,115
2019-06-03,16,55880.5,114
2019-06-03,17,54705.1,113
2019-06-03,18,54705.1,113
2019-06-03,19,53347.9,111
2019-06-03,20,53086.3,111
2019-06-03,21,50743.2,108
2019-06-03,22,45433.6,104
2019-06-03,23,39020.1,100
2019-06-04,0,35571.7,97
2019-06-04,1,34255.7,95
2019-06-04,2,33341.1,94
2019-06-04,3,34423.9,95
2019-06-04,4,36157.9,96
2019-06-04,5,38158.7,98
2019-06-04,6,40551.4,101
2019-06-04,7,41466.0,102
2019-06-04,8,44795.2,106
2019-06-04,9,46529.2,107
2019-06-04,10,48629.2,109
2019-06-04,11,51686.9,111
2019-06-04,12,51412.5,111
2019-06-04,13,49722.5,110
2019-06-04,14,49722.5,110
2019-06-04,15,49722.5,110
2019-06-04,16,47342.9,109
2019-06-04,17,46664.8,108
2019-06-04,18,44983.2,106
2019-06-04,19,43249.2,105
2019-06-04,20,43249.2,105
2019-06-04,21,42587.7,104
2019-06-04,22,39880.7,100
2019-06-04,23,37145.7,98
2019-06-05,0,36000.3,96
2019-06-05,1,34149.5,95
2019-06-05,2,34581.5,96
2019-06-05,3,34581.5,96
2019-06-05,4,38866.3,100
2019-06-05,5,40467.4,102
2019-06-05,6,44475.8,103
2019-06-05,7,44475.8,103
2019-06-05,8,47405.5,107
2019-06-05,9,47405.5,107
2019-06-05,10,50155.1,110
2019-06-05,11,48379.6,108
2019-06-05,12,50113.6,109
2019-06-05,13,51889.1,111
2019-06-05,14,51309.9,111
2019-06-05,15,50631.8,110
2019-06-05,16,49534.4,109
2019-06-05,17,50631.8,110
2019-06-05,18,50279.7,108
2019-06-05,19,47400.5,105
2019-06-05,20,46749.8,107
2019-06-05,21,45946.6,106
2019-06-05,22,44212.6,105
2019-06-05,23,39202.2,102
2019-06-06,0,38694.6,102
2019-06-06,1,37842.4,101
2019-06-06,2,36181.8,99
2019-06-06,3,37096.4,100
2019-06-06,4,38412.4,102
2019-06-06,5,44154.8,104
2019-06-06,6,45330.2,105
2019-06-06,7,44399.4,105
2019-06-06,8,47751.1,108
2019-06-06,9,47751.1,108
2019-06-06,10,50747.5,111
2019-06-06,11,53127.1,112
2019-06-06,12,54977.9,113
2019-06-06,13,54977.9,113
2019-06-06,14,55830.1,114
2019-06-06,15,55830.1,114
2019-06-06,16,54973.2,110
2019-06-06,17,52593.6,109
2019-06-06,18,50666.3,108
2019-06-06,19,48846.7,107
2019-06-06,20,47657.1,106
2019-06-06,21,45806.3,105
2019-06-06,22,44491.5,104
2019-06-06,23,40483.1,103
2019-06-07,0,37096.1,100
2019-06-07,1,36292.9,99
2019-06-07,2,35378.3,98
2019-06-07,3,36091.7,99
2019-06-07,4,38102.8,102
2019-06-07,5,39017.4,103
2019-06-07,6,43025.8,104
2019-06-07,7,44759.8,105
2019-06-07,8,46441.4,107
2019-06-07,9,48784.1,109
2019-06-07,10,49820.9,109
2019-06-07,11,52030.1,109
2019-06-07,12,54030.9,111
2019-06-07,13,55004.5,113
2019-06-07,14,56764.8,115
2019-06-07,15,56764.8,115
2019-06-07,16,56764.8,115
2019-06-07,17,56764.8,115
2019-06-07,18,56764.8,115
2019-06-07,19,55912.6,114
2019-06-07,20,53533.0,113
2019-06-07,21,53533.0,113
2019-06-07,22,48723.7,109
2019-06-07,23,43836.9,107
2019-06-08,0,42219.2,105
2019-06-08,1,37750.9,101
2019-06-08,2,36090.3,99
2019-06-08,3,36090.3,99
2019-06-08,4,36090.3,99
2019-06-08,5,37775.9,101
2019-06-08,6,40434.2,104
2019-06-08,7,46098.0,107
2019-06-08,8,47832.0,108
2019-06-08,9,50025.2,110
2019-06-08,10,53156.6,113
2019-06-08,11,55024.6,115
2019-06-08,12,58565.4,117
2019-06-08,13,58565.4,117
2019-06-08,14,60945.0,118
2019-06-08,15,60945.0,118
2019-06-08,16,60945.0,118
2019-06-08,17,60945.0,118
2019-06-08,18,59712.8,116
2019-06-08,19,56367.4,113
2019-06-08,20,53990.7,111
2019-06-08,21,52675.9,110
2019-06-08,22,49120.9,108
2019-06-08,23,43959.7,106
2019-06-09,0,38812.6,102
2019-06-09,1,38084.2,102
2019-06-09,2,34211.1,97
2019-06-09,3,33713.2,96
2019-06-09,4,32999.8,95
2019-06-09,5,33497.7,96
2019-06-09,6,37869.9,100
2019-06-09,7,41697.6,105
2019-06-09,8,45296.5,108
2019-06-09,9,47102.5,109
2019-06-09,10,53153.0,112
2019-06-09,11,55532.6,113
2019-06-09,12,55532.6,113
2019-06-09,13,55004.5,113
2019-06-09,14,53153.7,112
2019-06-09,15,53153.7,112
2019-06-09,16,53153.7,112
2019-06-09,17,50774.1,111
2019-06-09,18,50774.1,111
2019-06-09,19,48431.4,109
2019-06-09,20,47244.6,108
2019-06-09,21,45704.7,106
2019-06-09,22,38258.2,100
2019-06-09,23,35039.6,97
2019-06-10,0,34018.0,96
2019-06-10,1,32581.7,92
2019-06-10,2,32581.7,92
2019-06-10,3,32376.2,95
2019-06-10,4,32376.2,95
2019-06-10,5,34227.0,96
2019-06-10,6,33513.6,95
2019-06-10,7,36520.3,98
2019-06-10,8,38374.5,100
2019-06-10,9,40678.5,102
2019-06-10,10,42143.2,104
2019-06-10,11,44418.1,107
2019-06-10,12,44418.1,107
2019-06-10,13,48426.5,108
2019-06-10,14,47861.9,105
2019-06-10,15,47861.9,105
2019-06-10,16,47861.9,105
2019-06-10,17,48276.5,107
2019-06-10,18,46542.5,106
2019-06-10,19,44897.1,106
2019-06-10,20,44897.1,106
2019-06-10,21,46692.5,107
2019-06-10,22,46692.5,107
2019-06-10,23,40155.2,104
2019-06-11,0,38502.2,102
2019-06-11,1,35645.6,99
2019-06-11,2,34414.1,97
2019-06-11,3,35160.1,98
2019-06-11,4,37736.9,101
2019-06-11,5,40249.2,103
2019-06-11,6,40249.2,103
2019-06-11,7,44827.6,105
2019-06-11,8,44827.6,105
2019-06-11,9,43888.0,104
2019-06-11,10,46391.200000000004,105
2019-06-11,11,46241.200000000004,104
2019-06-11,12,46241.200000000004,104
2019-06-11,13,46241.200000000004,104
2019-06-11,14,46059.5,103
2019-06-11,15,47089.7,106
2019-06-11,16,47239.7,107
2019-06-11,17,43231.3,106
2019-06-11,18,44109.7,107
2019-06-11,19,41965.7,105
2019-06-11,20,41965.7,105
2019-06-11,21,41965.7,105
2019-06-11,22,39747.7,102
2019-06-11,23,37663.0,99
2019-06-12,0,34159.2,96
2019-06-12,1,34159.2,96
2019-06-12,2,32555.2,94
2019-06-12,3,33244.6,95
2019-06-12,4,36094.6,99
2019-06-12,5,38607.4,102
2019-06-12,6,38607.4,102
2019-06-12,7,42615.8,103
2019-06-12,8,43802.6,104
2019-06-12,9,43802.6,104
2019-06-12,10,46339.8,106
2019-06-12,11,47985.9,107
2019-06-12,12,48959.5,109
2019-06-12,13,50810.3,110
2019-06-12,14,52000.200000000004,111
2019-06-12,15,52150.200000000004,112
2019-06-12,16,52150.200000000004,112
2019-06-12,17,51472.1,111
2019-06-12,18,50469.9,109
2019-06-12,19,48306.4,106
2019-06-12,20,46722.4,106
2019-06-12,21,46322.8,106
2019-06-12,22,44257.6,104
2019-06-12,23,44257.6,104
2019-06-13,0,36603.0,101
2019-06-13,1,36603.0,101
2019-06-13,2,34198.7,98
2019-06-13,3,34198.7,98
2019-06-13,4,36933.7,100
2019-06-13,5,40016.0,103
2019-06-13,6,41697.6,105
2019-06-13,7,45706.0,106
2019-06-13,8,45706.0,106
2019-06-13,9,47440.0,107
2019-06-13,10,47529.4,107
2019-06-13,11,50619.7,110
2019-06-13,12,51241.2,110
2019-06-13,13,52275.1,112
2019-06-13,14,53465.0,113
2019-06-13,15,53465.0,113
2019-06-13,16,53465.0,113
2019-06-13,17,52962.9,110
2019-06-13,18,50894.6,108
2019-06-13,19,49395.9,109
2019-06-13,20,47811.9,109
2019-06-13,21,42322.2,106
2019-06-13,22,40063.9,103
2019-06-13,23,36383.7,100
2019-06-14,0,32694.7,94
2019-06-14,1,30731.0,91
2019-06-14,2,29878.8,90
2019-06-14,3,29878.8,90
2019-06-14,4,31729.6,91
2019-06-14,5,31712.8,92
2019-06-14,6,35446.5,96
2019-06-14,7,36956.1,98
2019-06-14,8,39613.9,100
2019-06-14,9,43699.7,106
2019-06-14,10,45524.1,107
2019-06-14,11,48028.8,109
2019-06-14,12,52037.2,110
2019-06-14,13,52517.6,107
2019-06-14,14,52963.6,110
2019-06-14,15,52963.6,110
2019-06-14,16,52963.6,110
2019-06-14,17,52963.6,110
2019-06-14,18,50092.1,107
2019-06-14,19,48241.3,106
2019-06-14,20,47977.8,107
2019-06-14,21,43969.4,106
2019-06-14,22,39392.1,100
2019-06-14,23,35057.0,96
2019-06-15,0,34969.6,96
2019-06-15,1,31145.6,93
2019-06-15,2,28905.2,90
2019-06-15,3,28755.2,89
2019-06-15,4,28755.2,89
2019-06-15,5,29350.2,90
2019-06-15,6,33742.1,97
2019-06-15,7,36390.7,99
2019-06-15,8,39735.3,102
2019-06-15,9,44476.7,107
2019-06-15,10,46631.5,108
2019-06-15,11,48116.7,110
2019-06-15,12,50646.3,112
2019-06-15,13,50646.3,112
2019-06-15,14,55830.1,114
2019-06-15,15,55830.1,114
2019-06-15,16,55152.0,113
2019-06-15,17,55152.0,113
2019-06-15,18,54299.8,112
2019-06-15,19,51041.8,110
2019-06-15,20,49191.0,109
2019-06-15,21,47726.3,107
2019-06-15,22,42384.1,104
2019-06-15,23,37900.7,100
2019-06-16,0,37233.3,98
2019-06-16,1,33297.7,93
2019-06-16,2,32122.3,92
2019-06-16,3,31086.3,91
2019-06-16,4,29650.5,89
2019-06-16,5,29650.5,89
2019-06-16,6,29919.0,90
2019-06-16,7,32805.8,92
2019-06-16,8,35846.7,97
2019-06-16,9,39747.7,102
2019-06-16,10,41972.0,105
2019-06-16,11,43706.0,106
2019-06-16,12,43706.0,106
2019-06-16,13,44584.4,107
2019-06-16,14,44584.4,107
2019-06-16,15,45262.5,108
2019-06-16,16,43528.5,107
2019-06-16,17,43528.5,107
2019-06-16,18,43528.5,107
2019-06-16,19,42850.4,106
2019-06-16,20,42280.4,105
2019-06-16,21,41848.4,104
2019-06-16,22,36943.9,99
2019-06-16,23,34878.5,96
2019-06-17,0,30417.1,92
2019-06-17,1,26210.0,87
2019-06-17,2,27893.2,89
2019-06-17,3,30653.7,93
2019-06-17,4,33742.1,97
2019-06-17,5,36452.1,99
2019-06-17,6,38179.1,101
2019-06-17,7,38426.3,101
2019-06-17,8,39365.9,102
2019-06-17,9,41250.7,104
2019-06-17,10,41660.7,105
2019-06-17,11,45612.7,109
2019-06-17,12,46765.5,110
2019-06-17,13,52624.7,112
2019-06-17,14,53427.9,113
2019-06-17,15,56889.7,115
2019-06-17,16,56889.7,115
2019-06-17,17,56889.7,115
2019-06-17,18,56889.7,115
2019-06-17,19,53657.9,113
2019-06-17,20,52854.7,112
2019-06-17,21,51539.9,111
2019-06-17,22,47233.8,106
2019-06-17,23,43225.4,105
2019-06-18,0,38756.4,102
2019-06-18,1,38746.7,101
2019-06-18,2,35178.1,98
2019-06-18,3,35981.3,99
2019-06-18,4,39866.7,102
2019-06-18,5,41467.8,104
2019-06-18,6,44687.8,104
2019-06-18,7,46354.6,106
2019-06-18,8,46354.6,106
2019-06-18,9,47669.4,107
2019-06-18,10,48856.2,108
2019-06-18,11,51410.2,110
2019-06-18,12,51089.8,108
2019-06-18,13,55462.5,111
2019-06-18,14,55632.9,112
2019-06-18,15,57813.9,112
2019-06-18,16,58741.0,114
2019-06-18,17,56825.1,112
2019-06-18,18,58092.9,114
2019-06-18,19,54705.1,113
2019-06-18,20,53581.5,110
2019-06-18,21,51909.0,110
2019-06-18,22,44863.0,107
2019-06-18,23,41915.8,104
2019-06-19,0,36899.6,99
2019-06-19,1,35314.3,97
2019-06-19,2,33679.7,94
2019-06-19,3,33871.2,94
2019-06-19,4,33871.2,94
2019-06-19,5,35499.2,96
2019-06-19,6,38954.2,100
2019-06-19,7,41037.4,103
2019-06-19,8,45478.4,106
2019-06-19,9,46631.2,107
2019-06-19,10,53819.3,111
2019-06-19,11,55663.4,113
2019-06-19,12,58752.0,116
2019-06-19,13,60602.8,117
2019-06-19,14,61126.0,117
2019-06-19,15,62816.0,118
2019-06-19,16,62816.0,118
2019-06-19,17,62816.0,118
2019-06-19,18,63375.0,119
2019-06-19,19,61685.0,118
2019-06-19,20,60509.6,117
2019-06-19,21,60509.6,117
2019-06-19,22,55625.3,114
2019-06-19,23,46740.1,109
2019-06-20,0,44022.9,106
2019-06-20,1,41162.4,104
2019-06-20,2,40039.9,102
2019-06-20,3,38229.1,100
2019-06-20,4,41890.7,103
2019-06-20,5,39862.9,101
2019-06-20,6,41548.5,103
2019-06-20,7,42210.0,104
2019-06-20,8,45835.4,107
2019-06-20,9,47791.4,109
2019-06-20,10,53642.7,111
2019-06-20,11,56168.4,112
2019-06-20,12,56920.4,114
2019-06-20,13,59300.0,115
2019-06-20,14,58741.0,114
2019-06-20,15,59450.0,116
2019-06-20,16,59450.0,116
2019-06-20,17,59300.0,115
2019-06-20,18,59300.0,115
2019-06-20,19,57670.7,113
2019-06-20,20,58022.8,115
2019-06-20,21,55643.200000000004,114
2019-06-20,22,47248.9,110
2019-06-20,23,42845.3,105
2019-06-21,0,40110.3,103
2019-06-21,1,35734.7,99
2019-06-21,2,35734.7,99
2019-06-21,3,35734.7,99
2019-06-21,4,37530.1,100
2019-06-21,5,38469.7,101
2019-06-21,6,41111.3,104
2019-06-21,7,42845.3,105
2019-06-21,8,46652.1,108
2019-06-21,9,52852.0,111
2019-06-21,10,56235.1,114
2019-06-21,11,55931.9,115
2019-06-21,12,60106.9,117
2019-06-21,13,60635.0,117
2019-06-21,14,59312.7,115
2019-06-21,15,59311.8,115
2019-06-21,16,59482.2,116
2019-06-21,17,59632.2,117
2019-06-21,18,60106.9,117
2019-06-21,19,56645.1,115
2019-06-21,20,54279.8,113
2019-06-21,21,51439.4,110
2019-06-21,22,46116.2,108
2019-06-21,23,43112.6,106
2019-06-22,0,41317.2,105
2019-06-22,1,37708.5,101
2019-06-22,2,35066.9,98
2019-06-22,3,34377.5,97
2019-06-22,4,33437.9,96
2019-06-22,5,35288.7,97
2019-06-22,6,36231.9,97
2019-06-22,7,38905.5,99
2019-06-22,8,43040.7,104
2019-06-22,9,46715.4,108
2019-06-22,10,48030.2,109
2019-06-22,11,52038.6,110
2019-06-22,12,52551.1,110
2019-06-22,13,52551.1,110
2019-06-22,14,52551.1,110
2019-06-22,15,52598.3,112
2019-06-22,16,52598.3,112
2019-06-22,17,52598.3,112
2019-06-22,18,52598.3,112
2019-06-22,19,51411.5,111
2019-06-22,20,51388.9,111
2019-06-22,21,47380.5,110
2019-06-22,22,44234.8,107
2019-06-22,23,39475.3,101
2019-06-23,0,38977.4,100
2019-06-23,1,34878.0,97
2019-06-23,2,34878.0,97
2019-06-23,3,33096.4,94
2019-06-23,4,33096.4,94
2019-06-23,5,33096.4,94
2019-06-23,6,35073.3,96
2019-06-23,7,39172.7,99
2019-06-23,8,41715.3,102
2019-06-23,9,43512.2,103
2019-06-23,10,46348.3,107
2019-06-23,11,50356.7,108
2019-06-23,12,50506.7,109
2019-06-23,13,52648.8,110
2019-06-23,14,53335.4,110
2019-06-23,15,56920.4,114
2019-06-23,16,57070.4,115
2019-06-23,17,57070.4,115
2019-06-23,18,55219.6,114
2019-06-23,19,55569.200000000004,114
2019-06-23,20,54382.4,113
2019-06-23,21,53207.0,112
2019-06-23,22,48536.3,108
2019-06-23,23,42496.7,105
2019-06-24,0,41557.1,104
2019-06-24,1,38114.1,99
2019-06-24,2,35466.5,97
2019-06-24,3,36322.3,97
2019-06-24,4,38185.7,99
2019-06-24,5,37149.7,98
2019-06-24,6,40036.5,100
2019-06-24,7,40036.5,100
2019-06-24,8,40468.5,101
2019-06-24,9,41621.3,102
2019-06-24,10,42937.3,104
2019-06-24,11,44402.0,106
2019-06-24,12,45958.5,108
2019-06-24,13,47692.5,109
2019-06-24,14,48394.7,109
2019-06-24,15,48544.7,110
2019-06-24,16,48544.7,110
2019-06-24,17,48544.7,110
2019-06-24,18,46594.8,107
2019-06-24,19,44312.0,105
2019-06-24,20,43633.9,104
2019-06-24,21,41329.9,102
2019-06-24,22,37807.5,99
2019-06-24,23,35592.5,96
2019-06-25,0,33790.9,94
2019-06-25,1,28783.1,88
2019-06-25,2,29598.1,89
2019-06-25,3,31118.3,91
2019-06-25,4,34879.1,95
2019-06-25,5,38145.3,99
2019-06-25,6,43807.1,107
2019-06-25,7,43807.1,107
2019-06-25,8,43807.1,107
2019-06-25,9,45541.1,108
2019-06-25,10,46727.9,109
2019-06-25,11,47029.5,107
2019-06-25,12,48062.3,107
2019-06-25,13,48540.0,110
2019-06-25,14,48540.0,110
2019-06-25,15,50390.8,111
2019-06-25,16,50390.8,111
2019-06-25,17,47960.8,110
2019-06-25,18,47960.8,110
2019-06-25,19,45061.2,107
2019-06-25,20,43799.0,105
2019-06-25,21,41346.9,103
2019-06-25,22,39219.3,99
2019-06-25,23,35230.9,96
2019-06-26,0,29699.9,89
2019-06-26,1,27419.0,86
2019-06-26,2,27139.6,87
2019-06-26,3,29903.8,90
2019-06-26,4,33369.1,95
2019-06-26,5,36536.1,98
2019-06-26,6,40409.2,103
2019-06-26,7,42143.2,104
2019-06-26,8,42143.2,104
2019-06-26,9,44043.0,106
2019-06-26,10,46273.8,109
2019-06-26,11,47588.6,110
2019-06-26,12,50646.3,112
2019-06-26,13,51821.7,113
2019-06-26,14,51821.7,113
2019-06-26,15,51821.7,113
2019-06-26,16,51821.7,113
2019-06-26,17,51821.7,113
2019-06-26,18,48638.9,111
2019-06-26,19,46788.1,110
2019-06-26,20,46638.1,109
2019-06-26,21,43157.9,104
2019-06-26,22,40885.9,102
2019-06-26,23,37957.9,99
2019-06-27,0,32775.5,95
2019-06-27,1,31290.9,93
2019-06-27,2,31722.9,94
2019-06-27,3,34207.7,96
2019-06-27,4,37699.1,100
2019-06-27,5,38360.6,101
2019-06-27,6,44106.5,107
2019-06-27,7,44106.5,107
2019-06-27,8,43827.5,107
2019-06-27,9,46088.3,109
2019-06-27,10,47275.1,110
2019-06-27,11,52659.5,113
2019-06-27,12,52659.5,113
2019-06-27,13,51821.7,113
2019-06-27,14,51821.7,113
2019-06-27,15,51821.7,113
2019-06-27,16,51821.7,113
2019-06-27,17,51821.7,113
2019-06-27,18,48764.0,111
2019-06-27,19,46785.4,109
2019-06-27,20,47938.2,110
2019-06-27,21,45988.3,107
2019-06-27,22,42984.7,105
2019-06-27,23,39935.9,103
2019-06-28,0,36487.5,100
2019-06-28,1,34993.7,98
2019-06-28,2,34190.5,97
2019-06-28,3,33275.9,96
2019-06-28,4,36010.9,98
2019-06-28,5,36724.3,99
2019-06-28,6,42287.4,105
2019-06-28,7,44021.4,106
2019-06-28,8,44385.2,107
2019-06-28,9,46086.0,107
2019-06-28,10,50506.9,112
2019-06-28,11,53011.6,114
2019-06-28,12,57020.0,115
2019-06-28,13,59300.0,115
2019-06-28,14,58110.1,114
2019-06-28,15,57257.9,113
2019-06-28,16,57407.9,114
2019-06-28,17,55028.3,113
2019-06-28,18,53471.8,111
2019-06-28,19,51331.8,108
2019-06-28,20,50156.4,107
2019-06-28,21,51459.2,109
2019-06-28,22,45716.8,107
2019-06-28,23,43740.5,105
2019-06-29,0,39852.7,102
2019-06-29,1,37211.1,99
2019-06-29,2,36175.1,98
2019-06-29,3,37027.3,99
2019-06-29,4,36971.9,99
2019-06-29,5,38822.7,100
2019-06-29,6,41645.2,103
2019-06-29,7,43388.0,105
2019-06-29,8,47616.4,109
2019-06-29,9,49350.4,110
2019-06-29,10,53119.9,112
2019-06-29,11,56230.1,114
2019-06-29,12,56230.1,114
2019-06-29,13,56230.1,114
2019-06-29,14,56230.1,114
2019-06-29,15,55552.0,113
2019-06-29,16,55552.0,113
2019-06-29,17,55552.0,113
2019-06-29,18,54783.4,113
2019-06-29,19,52171.0,111
2019-06-29,20,49808.8,109
2019-06-29,21,49398.8,108
2019-06-29,22,44237.6,106
2019-06-29,23,40926.0,103
2019-06-30,0,39130.6,102
2019-06-30,1,34128.2,95
2019-06-30,2,33325.0,94
2019-06-30,3,32385.4,93
2019-06-30,4,32385.4,93
2019-06-30,5,34180.8,94
2019-06-30,6,38039.1,99
2019-06-30,7,38579.2,100
2019-06-30,8,41466.0,102
2019-06-30,9,42618.8,103
2019-06-30,10,43422.0,104
2019-06-30,11,48201.2,109
2019-06-30,12,49376.6,110
2019-06-30,13,50955.0,110
2019-06-30,14,51657.2,110
2019-06-30,15,50885.8,108
2019-06-30,16,52164.9,110
2019-06-30,17,52164.9,110
2019-06-30,18,50314.1,109
2019-06-30,19,49435.7,108
2019-06-30,20,49078.0,109
2019-06-30,21,47344.0,108
2019-06-30,22,43335.6,107
2019-06-30,23,38289.0,101
2019-07-01,0,36917.4,99
2019-07-01,1,34107.1,95
2019-07-01,2,34107.1,95
2019-07-01,3,34107.1,95
2019-07-01,4,35736.1,97
2019-07-01,5,36881.5,99
2019-07-01,6,40586.0,104
2019-07-01,7,41264.1,105
2019-07-01,8,45727.3,108
2019-07-01,9,48194.9,110
2019-07-01,10,47645.8,105
2019-07-01,11,54732.1,111
2019-07-01,12,55793.200000000004,115
2019-07-01,13,57483.200000000004,116
2019-07-01,14,57483.200000000004,116
2019-07-01,15,59862.8,117
2019-07-01,16,58172.8,116
2019-07-01,17,54391.4,113
2019-07-01,18,53144.6,111
2019-07-01,19,49420.9,107
2019-07-01,20,49239.2,106
2019-07-01,21,46715.3,108
2019-07-01,22,43400.2,105
2019-07-01,23,39851.9,102
2019-07-02,0,33959.5,96
2019-07-02,1,31007.4,92
2019-07-02,2,30192.4,91
2019-07-02,3,32095.6,93
2019-07-02,4,33995.1,96
2019-07-02,5,35397.9,98
2019-07-02,6,38132.9,100
2019-07-02,7,42006.0,105
2019-07-02,8,44618.4,107
2019-07-02,9,46660.5,109
2019-07-02,10,48778.5,111
2019-07-02,11,52786.9,112
2019-07-02,12,54474.8,113
2019-07-02,13,54324.8,112
2019-07-02,14,56920.4,114
2019-07-02,15,56920.4,114
2019-07-02,16,55785.9,113
2019-07-02,17,56712.9,113
2019-07-02,18,53995.700000000004,113
2019-07-02,19,49987.3,112
2019-07-02,20,48253.3,111
2019-07-02,21,46362.0,108
2019-07-02,22,40627.5,102
2019-07-02,23,35690.6,96
2019-07-03,0,32134.4,92
2019-07-03,1,30027.0,90
2019-07-03,2,29100.3,87
2019-07-03,3,31780.2,91
2019-07-03,4,32778.8,91
2019-07-03,5,34828.3,95
2019-07-03,6,40804.5,101
2019-07-03,7,40804.5,101
2019-07-03,8,41991.3,102
2019-07-03,9,43364.5,104
2019-07-03,10,44679.3,105
2019-07-03,11,47074.8,107
2019-07-03,12,47074.8,107
2019-07-03,13,51083.2,108
2019-07-03,14,53442.9,111
2019-07-03,15,53028.3,109
2019-07-03,16,53028.3,109
2019-07-03,17,52862.2,108
2019-07-03,18,49468.5,105
2019-07-03,19,48887.3,105
2019-07-03,20,47700.5,104
2019-07-03,21,42539.3,102
2019-07-03,22,38772.4,97
2019-07-03,23,34027.7,93
2019-07-04,0,31811.5,89
2019-07-04,1,29454.0,87
2019-07-04,2,29454.0,87
2019-07-04,3,31106.8,91
2019-07-04,4,31106.8,91
2019-07-04,5,31106.8,91
2019-07-04,6,33331.8,94
2019-07-04,7,34543.1,96
2019-07-04,8,39154.3,100
2019-07-04,9,41308.3,101
2019-07-04,10,46336.2,107
2019-07-04,11,47511.6,108
2019-07-04,12,52001.9,111
2019-07-04,13,53560.6,110
2019-07-04,14,54930.0,109
2019-07-04,15,55830.1,114
2019-07-04,16,53450.5,113
2019-07-04,17,53450.5,113
2019-07-04,18,51307.6,110
2019-07-04,19,50447.1,107
2019-07-04,20,48708.7,106
2019-07-04,21,42853.3,103
2019-07-04,22,41810.5,102
2019-07-04,23,38808.8,100
2019-07-05,0,35840.9,97
2019-07-05,1,33192.3,95
2019-07-05,2,31301.0,92
2019-07-05,3,30783.6,93
2019-07-05,4,33880.1,97
2019-07-05,5,33880.1,97
2019-07-05,6,35614.1,98
2019-07-05,7,40051.1,102
2019-07-05,8,42333.9,104
2019-07-05,9,46496.3,107
2019-07-05,10,48395.9,111
2019-07-05,11,53265.7,114
2019-07-05,12,53265.7,114
2019-07-05,13,58464.0,116
2019-07-05,14,58464.0,116
2019-07-05,15,57435.6,114
2019-07-05,16,56757.5,113
2019-07-05,17,56591.9,112
2019-07-05,18,56156.4,110
2019-07-05,19,54636.6,111
2019-07-05,20,52244.3,111
2019-07-05,21,50147.1,110
2019-07-05,22,46836.7,109
2019-07-05,23,43668.4,106
2019-07-06,0,39199.4,103
2019-07-06,1,35883.9,100
2019-07-06,2,34399.3,98
2019-07-06,3,32996.5,96
2019-07-06,4,32996.5,96
2019-07-06,5,34791.9,97
2019-07-06,6,39542.7,103
2019-07-06,7,42741.4,106
2019-07-06,8,44592.2,107
2019-07-06,9,50282.2,110
2019-07-06,10,53851.7,112
2019-07-06,11,57424.1,115
2019-07-06,12,58102.2,116
2019-07-06,13,58102.2,116
2019-07-06,14,60532.2,117
2019-07-06,15,60532.2,117
2019-07-06,16,58597.8,115
2019-07-06,17,58597.8,115
2019-07-06,18,58597.8,115
2019-07-06,19,55031.4,113
2019-07-06,20,50256.7,110
2019-07-06,21,50425.9,109
2019-07-06,22,50425.9,109
2019-07-06,23,47935.7,107
2019-07-07,0,42987.7,105
2019-07-07,1,37244.7,99
2019-07-07,2,37244.7,99
2019-07-07,3,37958.1,100
2019-07-07,4,36869.9,99
2019-07-07,5,37958.1,100
2019-07-07,6,39700.9,102
2019-07-07,7,46596.1,105
2019-07-07,8,46596.1,105
2019-07-07,9,49008.2,107
2019-07-07,10,51734.9,110
2019-07-07,11,55042.8,113
2019-07-07,12,56195.6,114
2019-07-07,13,59750.6,116
2019-07-07,14,60832.8,117
2019-07-07,15,62522.8,118
2019-07-07,16,62522.8,118
2019-07-07,17,62522.8,118
2019-07-07,18,60832.8,117
2019-07-07,19,58016.6,115
2019-07-07,20,54447.1,113
2019-07-07,21,54447.1,113
2019-07-07,22,50606.3,110
2019-07-07,23,48575.1,108
2019-07-08,0,41831.7,105
2019-07-08,1,41831.7,105
2019-07-08,2,39904.5,102
2019-07-08,3,40130.7,102
2019-07-08,4,40843.9,102
2019-07-08,5,43227.1,105
2019-07-08,6,45041.4,107
2019-07-08,7,49727.9,109
2019-07-08,8,51461.9,110
2019-07-08,9,53622.7,112
2019-07-08,10,56802.6,115
2019-07-08,11,59860.3,117
2019-07-08,12,61152.1,117
2019-07-08,13,61711.1,118
2019-07-08,14,64483.3,120
2019-07-08,15,64483.3,120
2019-07-08,16,62053.3,119
2019-07-08,17,60971.1,118
2019-07-08,18,57774.0,114
2019-07-08,19,56640.9,114
2019-07-08,20,53458.1,112
2019-07-08,21,52499.8,112
2019-07-08,22,48287.5,108
2019-07-08,23,43126.3,106
2019-07-09,0,37862.4,102
2019-07-09,1,36277.1,100
2019-07-09,2,35473.9,99
2019-07-09,3,33869.9,97
2019-07-09,4,37294.3,100
2019-07-09,5,39952.1,102
2019-07-09,6,42470.9,105
2019-07-09,7,44285.2,107
2019-07-09,8,51826.0,111
2019-07-09,9,53679.5,113
2019-07-09,10,60082.1,118
2019-07-09,11,64626.8,122
2019-07-09,12,64626.8,122
2019-07-09,13,66316.8,123
2019-07-09,14,66316.8,123
2019-07-09,15,66316.8,123
2019-07-09,16,66316.8,123
2019-07-09,17,64626.8,122
2019-07-09,18,63823.6,121
2019-07-09,19,63823.6,121
2019-07-09,20,61551.5,119
2019-07-09,21,59171.9,118
2019-07-09,22,54695.0,114
2019-07-09,23,46159.2,108
2019-07-10,0,43274.2,105
2019-07-10,1,38001.9,102
2019-07-10,2,36284.1,100
2019-07-10,3,36113.7,99
2019-07-10,4,40869.9,103
2019-07-10,5,40817.8,102
2019-07-10,6,46539.7,109
2019-07-10,7,46539.7,109
2019-07-10,8,56466.200000000004,115
2019-07-10,9,56466.200000000004,115
2019-07-10,10,59646.0,117
2019-07-10,11,65140.8,122
2019-07-10,12,65140.8,122
2019-07-10,13,66316.8,123
2019-07-10,14,66316.8,123
2019-07-10,15,66316.8,123
2019-07-10,16,68746.8,124
2019-07-10,17,66367.2,123
2019-07-10,18,62391.200000000004,119
2019-07-10,19,60793.200000000004,118
2019-07-10,20,56832.5,116
2019-07-10,21,56029.3,115
2019-07-10,22,51982.6,111
2019-07-10,23,48277.5,108
2019-07-11,0,47337.9,107
2019-07-11,1,41311.0,104
2019-07-11,2,41311.0,104
2019-07-11,3,41311.0,104
2019-07-11,4,42448.4,104
2019-07-11,5,44979.8,107
2019-07-11,6,48988.2,108
2019-07-11,7,49666.3,109
2019-07-11,8,50819.1,110
2019-07-11,9,53999.0,113
2019-07-11,10,55174.4,114
2019-07-11,11,59288.0,116
2019-07-11,12,59924.7,116
2019-07-11,13,60602.8,117
2019-07-11,14,61685.0,118
2019-07-11,15,63375.0,119
2019-07-11,16,63375.0,119
2019-07-11,17,61961.1,116
2019-07-11,18,61961.1,116
2019-07-11,19,58581.6,115
2019-07-11,20,58752.0,116
2019-07-11,21,58752.0,116
2019-07-11,22,54652.7,113
2019-07-11,23,52273.1,112
2019-07-12,0,49998.7,112
2019-07-12,1,47831.7,110
2019-07-12,2,45197.6,107
2019-07-12,3,42717.6,105
2019-07-12,4,43870.4,106
2019-07-12,5,47145.3,109
2019-07-12,6,51153.7,110
2019-07-12,7,52343.6,111
2019-07-12,8,54229.0,113
2019-07-12,9,58342.6,115
2019-07-12,10,60032.6,116
2019-07-12,11,61208.0,117
2019-07-12,12,61208.0,117
2019-07-12,13,62060.2,118
2019-07-12,14,62060.2,118
2019-07-12,15,62060.2,118
2019-07-12,16,63375.0,119
2019-07-12,17,60808.3,115
2019-07-12,18,58207.9,113
2019-07-12,19,57670.7,113
2019-07-12,20,56986.0,115
2019-07-12,21,56217.4,115
2019-07-12,22,53837.8,114
2019-07-12,23,50669.3,111
2019-07-13,0,43774.1,108
2019-07-13,1,43096.0,107
2019-07-13,2,40389.4,104
2019-07-13,3,39819.4,103
2019-07-13,4,40565.4,104
2019-07-13,5,40565.4,104
2019-07-13,6,45143.8,106
2019-07-13,7,48030.6,108
2019-07-13,8,50777.0,111
2019-07-13,9,53814.6,113
2019-07-13,10,54617.8,114
2019-07-13,11,56997.4,115
2019-07-13,12,58172.8,116
2019-07-13,13,55830.1,114
2019-07-13,14,55927.3,112
2019-07-13,15,55927.3,112
2019-07-13,16,55777.3,111
2019-07-13,17,56191.9,113
2019-07-13,18,53812.3,112
2019-07-13,19,51457.6,111
2019-07-13,20,51732.0,111
2019-07-13,21,51627.4,111
2019-07-13,22,50414.2,109
2019-07-13,23,48563.4,108
2019-07-14,0,43402.2,106
2019-07-14,1,41656.8,104
2019-07-14,2,39261.3,102
2019-07-14,3,38547.9,101
2019-07-14,4,38547.9,101
2019-07-14,5,39831.3,103
2019-07-14,6,42226.8,105
2019-07-14,7,47388.0,107
2019-07-14,8,48266.4,108
2019-07-14,9,51304.0,110
2019-07-14,10,52392.1,112
2019-07-14,11,52392.1,112
2019-07-14,12,53582.0,113
2019-07-14,13,53582.0,113
2019-07-14,14,54385.200000000004,114
2019-07-14,15,54385.200000000004,114
2019-07-14,16,54385.200000000004,114
2019-07-14,17,53303.0,113
2019-07-14,18,53303.0,113
2019-07-14,19,52499.8,112
2019-07-14,20,50649.0,111
2019-07-14,21,51731.2,112
2019-07-14,22,49252.9,109
2019-07-14,23,46235.2,106
2019-07-15,0,42904.9,106
2019-07-15,1,41170.9,105
2019-07-15,2,39410.6,103
2019-07-15,3,40492.8,104
2019-07-15,4,44501.2,105
2019-07-15,5,46235.2,106
2019-07-15,6,47388.0,107
2019-07-15,7,50795.3,110
2019-07-15,8,52786.200000000004,112
2019-07-15,9,55276.4,114
2019-07-15,10,57916.0,115
2019-07-15,11,59252.8,117
2019-07-15,12,61682.8,118
2019-07-15,13,62486.0,119
2019-07-15,14,64176.0,120
2019-07-15,15,64176.0,120
2019-07-15,16,64176.0,120
2019-07-15,17,64176.0,120
2019-07-15,18,64176.0,120
2019-07-15,19,61633.8,118
2019-07-15,20,60832.8,117
2019-07-15,21,57539.4,114
2019-07-15,22,53291.8,111
2019-07-15,23,48444.4,107
2019-07-16,0,41701.0,104
2019-07-16,1,41039.5,103
2019-07-16,2,38599.1,100
2019-07-16,3,40394.5,101
2019-07-16,4,42031.7,103
2019-07-16,5,42031.7,103
2019-07-16,6,45114.1,107
2019-07-16,7,47349.1,109
2019-07-16,8,49083.1,110
2019-07-16,9,52037.3,111
2019-07-16,10,53766.7,114
2019-07-16,11,59305.4,117
2019-07-16,12,61685.0,118
2019-07-16,13,63375.0,119
2019-07-16,14,63375.0,119
2019-07-16,15,63375.0,119
2019-07-16,16,61685.0,118
2019-07-16,17,61685.0,118
2019-07-16,18,61685.0,118
2019-07-16,19,57033.3,115
2019-07-16,20,55846.5,114
2019-07-16,21,53622.3,111
2019-07-16,22,50996.6,109
2019-07-16,23,44983.2,106
2019-07-17,0,42309.6,104
2019-07-17,1,40012.6,101
2019-07-17,2,38919.1,99
2019-07-17,3,37123.7,98
2019-07-17,4,38004.5,98
2019-07-17,5,38004.5,98
2019-07-17,6,41784.5,103
2019-07-17,7,43518.5,104
2019-07-17,8,46848.1,108
2019-07-17,9,48023.5,109
2019-07-17,10,54149.9,112
2019-07-17,11,57371.0,115
2019-07-17,12,58890.8,115
2019-07-17,13,61519.4,117
2019-07-17,14,63209.4,118
2019-07-17,15,62127.2,117
2019-07-17,16,62292.8,118
2019-07-17,17,62292.8,118
2019-07-17,18,59450.0,116
2019-07-17,19,59092.5,114
2019-07-17,20,56982.9,115
2019-07-17,21,51799.1,113
2019-07-17,22,47672.7,110
2019-07-17,23,43914.5,106
2019-07-18,0,39586.8,102
2019-07-18,1,35701.3,98
2019-07-18,2,34079.9,96
2019-07-18,3,34079.9,96
2019-07-18,4,36383.5,99
2019-07-18,5,36383.5,99
2019-07-18,6,41483.7,102
2019-07-18,7,42053.7,103
2019-07-18,8,46951.9,110
2019-07-18,9,50506.9,112
2019-07-18,10,53011.6,114
2019-07-18,11,57020.0,115
2019-07-18,12,58102.2,116
2019-07-18,13,59792.2,117
2019-07-18,14,59792.2,117
2019-07-18,15,59792.2,117
2019-07-18,16,59792.2,117
2019-07-18,17,59792.2,117
2019-07-18,18,59642.2,116
2019-07-18,19,57952.2,115
2019-07-18,20,56550.9,114
2019-07-18,21,52995.9,112
2019-07-18,22,46621.5,108
2019-07-18,23,42669.5,104
2019-07-19,0,40366.5,103
2019-07-19,1,36788.7,100
2019-07-19,2,36218.7,99
2019-07-19,3,37349.7,99
2019-07-19,4,38039.1,100
2019-07-19,5,39773.1,101
2019-07-19,6,43117.7,104
2019-07-19,7,44835.5,106
2019-07-19,8,49505.4,108
2019-07-19,9,53055.0,112
2019-07-19,10,57020.0,115
2019-07-19,11,57020.0,115
2019-07-19,12,59255.0,117
2019-07-19,13,60945.0,118
2019-07-19,14,60945.0,118
2019-07-19,15,60945.0,118
2019-07-19,16,60945.0,118
2019-07-19,17,60945.0,118
2019-07-19,18,60945.0,118
2019-07-19,19,58172.8,116
2019-07-19,20,58172.8,116
2019-07-19,21,55793.200000000004,115
2019-07-19,22,52275.1,112
2019-07-19,23,50183.5,109
2019-07-20,0,41420.6,103
2019-07-20,1,36611.3,98
2019-07-20,2,37289.4,99
2019-07-20,3,34579.4,97
2019-07-20,4,33901.3,96
2019-07-20,5,33901.3,96
2019-07-20,6,37349.7,99
2019-07-20,7,41611.5,103
2019-07-20,8,46025.8,107
2019-07-20,9,47876.6,108
2019-07-20,10,52398.9,109
2019-07-20,11,53176.2,111
2019-07-20,12,55606.2,112
2019-07-20,13,56703.6,113
2019-07-20,14,58260.1,115
2019-07-20,15,58260.1,115
2019-07-20,16,59342.3,116
2019-07-20,17,59342.3,116
2019-07-20,18,58027.5,115
2019-07-20,19,55718.5,114
2019-07-20,20,53867.700000000004,113
2019-07-20,21,49859.3,112
2019-07-20,22,46990.9,109
2019-07-20,23,42913.1,104
2019-07-21,0,40178.1,102
2019-07-21,1,38567.9,100
2019-07-21,2,36456.3,97
2019-07-21,3,32430.9,91
2019-07-21,4,32280.9,90
2019-07-21,5,31928.8,88
2019-07-21,6,36815.2,96
2019-07-21,7,39889.9,100
2019-07-21,8,42538.5,102
2019-07-21,9,43853.3,103
2019-07-21,10,49048.5,105
2019-07-21,11,52936.7,110
2019-07-21,12,56718.3,114
2019-07-21,13,59097.9,115
2019-07-21,14,58260.1,115
2019-07-21,15,58260.1,115
2019-07-21,16,60495.1,117
2019-07-21,17,60495.1,117
2019-07-21,18,59262.9,115
2019-07-21,19,55182.5,114
2019-07-21,20,55182.5,114
2019-07-21,21,53867.700000000004,113
2019-07-21,22,50724.9,110
2019-07-21,23,45541.1,108
2019-07-22,0,42867.5,106
2019-07-22,1,40604.1,103
2019-07-22,2,40665.3,103
2019-07-22,3,40665.3,103
2019-07-22,4,45335.2,105
2019-07-22,5,46259.0,106
2019-07-22,6,48968.3,109
2019-07-22,7,51505.5,111
2019-07-22,8,54546.200000000004,113
2019-07-22,9,54396.200000000004,112
2019-07-22,10,58428.9,113
2019-07-22,11,58428.9,113
2019-07-22,12,57395.200000000004,112
2019-07-22,13,58124.6,114
2019-07-22,14,57959.0,113
2019-07-22,15,59300.0,115
2019-07-22,16,58451.5,113
2019-07-22,17,57380.7,112
2019-07-22,18,55680.1,113
2019-07-22,19,52448.3,111
2019-07-22,20,52448.3,111
2019-07-22,21,48540.6,106
2019-07-22,22,43217.4,104
2019-07-22,23,40275.3,102
2019-07-23,0,36576.4,99
2019-07-23,1,35389.6,98
2019-07-23,2,33934.2,96
2019-07-23,3,32994.6,95
2019-07-23,4,37354.5,100
2019-07-23,5,38157.7,101
2019-07-23,6,43024.3,106
2019-07-23,7,43024.3,106
2019-07-23,8,44875.1,107
2019-07-23,9,45410.2,108
2019-07-23,10,46725.0,109
2019-07-23,11,50733.4,110
2019-07-23,12,51309.1,109
2019-07-23,13,52246.9,109
2019-07-23,14,53450.5,113
2019-07-23,15,53450.5,113
2019-07-23,16,53450.5,113
2019-07-23,17,53450.5,113
2019-07-23,18,52275.1,112
2019-07-23,19,50793.8,110
2019-07-23,20,48943.0,109
2019-07-23,21,50095.8,110
2019-07-23,22,48211.0,108
2019-07-23,23,43506.2,104
2019-07-24,0,39497.8,103
2019-07-24,1,37842.4,101
2019-07-24,2,35932.0,98
2019-07-24,3,36871.6,99
2019-07-24,4,39292.4,101
2019-07-24,5,39827.9,102
2019-07-24,6,42497.3,105
2019-07-24,7,44037.2,107
2019-07-24,8,46449.3,109
2019-07-24,9,46449.3,109
2019-07-24,10,47764.1,110
2019-07-24,11,51772.5,111
2019-07-24,12,52947.9,112
2019-07-24,13,54137.8,113
2019-07-24,14,55793.200000000004,115
2019-07-24,15,55643.200000000004,114
2019-07-24,16,55643.200000000004,114
2019-07-24,17,55793.200000000004,115
2019-07-24,18,54990.0,114
2019-07-24,19,53139.200000000004,113
2019-07-24,20,52353.4,112
2019-07-24,21,51166.6,111
2019-07-24,22,47410.6,107
2019-07-24,23,41668.2,105
2019-07-25,0,40728.6,104
2019-07-25,1,36436.3,99
2019-07-25,2,35722.9,98
2019-07-25,3,34934.5,97
2019-07-25,4,36662.5,99
2019-07-25,5,37375.9,100
2019-07-25,6,40088.7,104
2019-07-25,7,41822.7,105
2019-07-25,8,42701.1,106
2019-07-25,9,45738.7,108
2019-07-25,10,46891.5,109
2019-07-25,11,49419.5,112
2019-07-25,12,53427.9,113
2019-07-25,13,54617.8,114
2019-07-25,14,55793.200000000004,115
2019-07-25,15,55793.200000000004,115
2019-07-25,16,55793.200000000004,115
2019-07-25,17,55643.200000000004,114
2019-07-25,18,54791.0,113
2019-07-25,19,52069.5,111
2019-07-25,20,50218.7,110
2019-07-25,21,49031.9,109
2019-07-25,22,48353.8,108
2019-07-25,23,40143.8,104
2019-07-26,0,38490.8,102
2019-07-26,1,37026.1,100
2019-07-26,2,35365.5,98
2019-07-26,3,35365.5,98
2019-07-26,4,37018.5,100
2019-07-26,5,37764.5,101
2019-07-26,6,41022.2,105
2019-07-26,7,42756.2,106
2019-07-26,8,45098.9,108
2019-07-26,9,48136.5,110
2019-07-26,10,48814.6,111
2019-07-26,11,54137.8,113
2019-07-26,12,54137.8,113
2019-07-26,13,57320.6,115
2019-07-26,14,58172.8,116
2019-07-26,15,58172.8,116
2019-07-26,16,58172.8,116
2019-07-26,17,55793.200000000004,115
2019-07-26,18,54617.8,114
2019-07-26,19,52624.7,112
2019-07-26,20,52624.7,112
2019-07-26,21,49587.1,110
2019-07-26,22,48434.3,109
2019-07-26,23,43111.1,107
2019-07-27,0,40437.5,105
2019-07-27,1,38881.0,103
2019-07-27,2,37597.6,101
2019-07-27,3,36936.1,100
2019-07-27,4,37875.7,101
2019-07-27,5,38589.1,102
2019-07-27,6,40973.4,105
2019-07-27,7,46715.8,107
2019-07-27,8,48566.6,108
2019-07-27,9,49753.4,109
2019-07-27,10,53303.0,113
2019-07-27,11,54617.8,114
2019-07-27,12,55793.200000000004,115
2019-07-27,13,58172.8,116
2019-07-27,14,58172.8,116
2019-07-27,15,60602.8,117
2019-07-27,16,60271.1,115
2019-07-27,17,60452.8,116
2019-07-27,18,57371.0,115
2019-07-27,19,55520.200000000004,114
2019-07-27,20,52596.3,112
2019-07-27,21,52596.3,112
2019-07-27,22,47784.7,110
2019-07-27,23,44028.7,106
2019-07-28,0,42657.1,104
2019-07-28,1,37669.1,98
2019-07-28,2,37669.1,98
2019-07-28,3,36955.7,97
2019-07-28,4,36955.7,97
2019-07-28,5,36955.7,97
2019-07-28,6,39964.5,101
2019-07-28,7,43364.5,104
2019-07-28,8,44517.3,105
2019-07-28,9,46912.8,107
2019-07-28,10,53280.9,111
2019-07-28,11,53359.200000000004,110
2019-07-28,12,54690.1,111
2019-07-28,13,54690.1,111
2019-07-28,14,55849.4,112
2019-07-28,15,55849.4,112
2019-07-28,16,58410.7,114
2019-07-28,17,58240.3,113
2019-07-28,18,58410.7,114
2019-07-28,19,56559.9,113
2019-07-28,20,56709.9,114
2019-07-28,21,54330.3,113
2019-07-28,22,51461.9,110
2019-07-28,23,45212.6,106
2019-07-29,0,42539.0,104
2019-07-29,1,40130.7,101
2019-07-29,2,39206.9,100
2019-07-29,3,39206.9,100
2019-07-29,4,40146.5,101
2019-07-29,5,40578.5,102
2019-07-29,6,46172.2,105
2019-07-29,7,47603.7,106
2019-07-29,8,51587.9,109
2019-07-29,9,52391.1,110
2019-07-29,10,55646.200000000004,113
2019-07-29,11,58435.8,115
2019-07-29,12,58435.8,115
2019-07-29,13,60370.2,117
2019-07-29,14,60370.2,117
2019-07-29,15,61685.0,118
2019-07-29,16,61685.0,118
2019-07-29,17,60345.1,116
2019-07-29,18,60495.1,117
2019-07-29,19,58065.1,116
2019-07-29,20,58065.1,116
2019-07-29,21,56889.7,115
2019-07-29,22,52828.5,112
2019-07-29,23,46730.8,106
2019-07-30,0,41666.5,105
2019-07-30,1,41666.5,105
2019-07-30,2,39335.4,102
2019-07-30,3,40048.8,103
2019-07-30,4,43065.0,106
2019-07-30,5,43065.0,106
2019-07-30,6,47073.4,107
2019-07-30,7,50833.5,110
2019-07-30,8,53507.2,112
2019-07-30,9,55525.1,114
2019-07-30,10,60783.8,119
2019-07-30,11,64376.6,122
2019-07-30,12,65566.5,123
2019-07-30,13,67256.5,124
2019-07-30,14,67256.5,124
2019-07-30,15,67256.5,124
2019-07-30,16,67256.5,124
2019-07-30,17,64440.1,120
2019-07-30,18,63573.4,121
2019-07-30,19,58085.7,115
2019-07-30,20,57003.5,114
2019-07-30,21,55328.6,114
2019-07-30,22,50857.8,111
2019-07-30,23,45909.7,109
2019-07-31,0,42558.0,106
2019-07-31,1,41242.0,104
2019-07-31,2,38943.3,101
2019-07-31,3,38943.3,101
2019-07-31,4,42836.1,106
2019-07-31,5,43497.6,107
2019-07-31,6,47506.0,108
2019-07-31,7,50137.9,111
2019-07-31,8,53940.200000000004,114
2019-07-31,9,56873.2,116
2019-07-31,10,60335.7,119
2019-07-31,11,62025.7,120
2019-07-31,12,66738.5,123
2019-07-31,13,65048.5,122
2019-07-31,14,65776.1,121
2019-07-31,15,66489.5,122
2019-07-31,16,65239.9,121
2019-07-31,17,66179.5,122
2019-07-31,18,64245.3,121
2019-07-31,19,62992.6,117
2019-07-31,20,61072.6,117
2019-07-31,21,58732.4,116
2019-07-31,22,53981.5,111
2019-07-31,23,49243.9,108
2019-08-01,0,44557.4,106
2019-08-01,1,43027.4,105
2019-08-01,2,42314.0,104
2019-08-01,3,39579.0,102
2019-08-01,4,43027.4,105
2019-08-01,5,43027.4,105
2019-08-01,6,47914.2,107
2019-08-01,7,49067.0,108
2019-08-01,8,52282.3,111
2019-08-01,9,54133.1,112
2019-08-01,10,58006.1,115
2019-08-01,11,61561.1,117
2019-08-01,12,64312.9,119
2019-08-01,13,65284.3,121
2019-08-01,14,65284.3,121
2019-08-01,15,65284.3,121
2019-08-01,16,65284.3,121
2019-08-01,17,62512.1,119
2019-08-01,18,62362.1,118
2019-08-01,19,58131.700000000004,116
2019-08-01,20,57091.8,116
2019-08-01,21,55905.0,115
2019-08-01,22,52678.700000000004,112
2019-08-01,23,50912.9,109
2019-08-02,0,45170.5,107
2019-08-02,1,42518.7,105
2019-08-02,2,41270.6,103
2019-08-02,3,41270.6,103
2019-08-02,4,46431.8,105
2019-08-02,5,46431.8,105
2019-08-02,6,48558.3,108
2019-08-02,7,50292.3,109
2019-08-02,8,52946.3,111
2019-08-02,9,54133.1,112
2019-08-02,10,57607.3,115
2019-08-02,11,63401.7,119
2019-08-02,12,64577.1,120
2019-08-02,13,65659.3,121
2019-08-02,14,65659.3,121
2019-08-02,15,65659.3,121
2019-08-02,16,65659.3,121
2019-08-02,17,64577.1,120
2019-08-02,18,63969.3,120
2019-08-02,19,62779.4,119
2019-08-02,20,60349.4,118
2019-08-02,21,58694.0,116
2019-08-02,22,53151.7,112
2019-08-02,23,49182.7,109
2019-08-03,0,46327.1,109
2019-08-03,1,43836.9,107
2019-08-03,2,40819.2,104
2019-08-03,3,40157.7,103
2019-08-03,4,39243.1,102
2019-08-03,5,39243.1,102
2019-08-03,6,40157.7,103
2019-08-03,7,42894.5,104
2019-08-03,8,44434.4,106
2019-08-03,9,45286.6,107
2019-08-03,10,49113.3,107
2019-08-03,11,49973.1,109
2019-08-03,12,52352.700000000004,110
2019-08-03,13,53667.5,111
2019-08-03,14,55004.3,113
2019-08-03,15,55004.3,113
2019-08-03,16,55004.3,113
2019-08-03,17,55004.3,113
2019-08-03,18,55004.3,113
2019-08-03,19,55004.3,113
2019-08-03,20,55004.3,113
2019-08-03,21,51772.5,111
2019-08-03,22,49160.1,109
2019-08-03,23,44473.6,107
2019-08-04,0,42844.6,105
2019-08-04,1,38514.6,100
2019-08-04,2,36929.3,98
2019-08-04,3,36758.9,97
2019-08-04,4,38280.2,100
2019-08-04,5,38280.2,100
2019-08-04,6,41771.6,104
2019-08-04,7,43670.4,106
2019-08-04,8,47678.8,107
2019-08-04,9,47678.8,107
2019-08-04,10,50212.6,110
2019-08-04,11,52749.8,112
2019-08-04,12,52772.4,112
2019-08-04,13,55002.0,112
2019-08-04,14,55260.7,111
2019-08-04,15,55830.1,114
2019-08-04,16,55830.1,114
2019-08-04,17,55830.1,114
2019-08-04,18,55830.1,114
2019-08-04,19,55166.0,111
2019-08-04,20,52936.4,111
2019-08-04,21,51606.9,111
2019-08-04,22,47891.2,108
2019-08-04,23,43882.8,107
2019-08-05,0,42040.6,105
2019-08-05,1,37918.1,101
2019-08-05,2,37667.9,101
2019-08-05,3,37667.9,101
2019-08-05,4,43231.0,107
2019-08-05,5,44965.0,108
2019-08-05,6,50081.7,110
2019-08-05,7,52810.9,112
2019-08-05,8,56783.0,116
2019-08-05,9,57972.9,117
2019-08-05,10,63279.7,120
2019-08-05,11,65659.3,121
2019-08-05,12,65659.3,121
2019-08-05,13,67302.8,123
2019-08-05,14,67302.8,123
2019-08-05,15,67302.8,123
2019-08-05,16,67302.8,123
2019-08-05,17,67132.4,122
2019-08-05,18,66194.5,122
2019-08-05,19,65019.1,121
2019-08-05,20,62990.9,119
2019-08-05,21,59415.5,116
2019-08-05,22,55724.0,113
2019-08-05,23,50225.1,108
2019-08-06,0,44482.7,106
2019-08-06,1,42700.6,104
2019-08-06,2,41786.0,103
2019-08-06,3,41786.0,103
2019-08-06,4,48527.0,107
2019-08-06,5,48527.0,107
2019-08-06,6,51440.1,110
2019-08-06,7,55222.1,113
2019-08-06,8,59643.8,116
2019-08-06,9,61995.200000000004,118
2019-08-06,10,64496.8,120
2019-08-06,11,65710.0,122
2019-08-06,12,67400.0,123
2019-08-06,13,68242.5,124
2019-08-06,14,68242.5,124
2019-08-06,15,68242.5,124
2019-08-06,16,68242.5,124
2019-08-06,17,66552.5,123
2019-08-06,18,65751.5,122
2019-08-06,19,63703.5,120
2019-08-06,20,63703.5,120
2019-08-06,21,61352.1,118
2019-08-06,22,54477.8,113
2019-08-06,23,51429.1,109
2019-08-07,0,45686.7,107
2019-08-07,1,42069.6,104
2019-08-07,2,40916.8,103
2019-08-07,3,41840.6,104
2019-08-07,4,43796.6,106
2019-08-07,5,45530.6,107
2019-08-07,6,49539.0,108
2019-08-07,7,50586.6,108
2019-08-07,8,52454.6,110
2019-08-07,9,55616.700000000004,113
2019-08-07,10,59058.0,116
2019-08-07,11,65385.8,120
2019-08-07,12,67400.0,123
2019-08-07,13,68242.5,124
2019-08-07,14,68242.5,124
2019-08-07,15,68242.5,124
2019-08-07,16,68242.5,124
2019-08-07,17,68242.5,124
2019-08-07,18,66552.5,123
2019-08-07,19,65749.3,122
2019-08-07,20,62287.5,120
2019-08-07,21,60003.8,118
2019-08-07,22,55002.9,113
2019-08-07,23,50823.3,110
2019-08-08,0,44279.9,107
2019-08-08,1,42634.2,105
2019-08-08,2,40770.8,103
2019-08-08,3,39395.9,101
2019-08-08,4,41972.7,104
2019-08-08,5,41972.7,104
2019-08-08,6,46146.7,109
2019-08-08,7,47880.7,110
2019-08-08,8,49731.5,111
2019-08-08,9,51643.0,113
2019-08-08,10,56966.2,115
2019-08-08,11,62197.5,119
2019-08-08,12,64324.8,119
2019-08-08,13,66501.8,122
2019-08-08,14,66423.4,120
2019-08-08,15,66982.4,121
2019-08-08,16,67302.8,123
2019-08-08,17,67302.8,123
2019-08-08,18,64530.6,121
2019-08-08,19,62985.3,117
2019-08-08,20,63852.5,120
2019-08-08,21,62540.6,119
2019-08-08,22,56548.0,115
2019-08-08,23,52165.4,111
2019-08-09,0,46423.0,109
2019-08-09,1,43729.7,107
2019-08-09,2,43729.7,107
2019-08-09,3,47738.1,108
2019-08-09,4,50624.9,110
2019-08-09,5,50624.9,110
2019-08-09,6,50624.9,110
2019-08-09,7,50624.9,110
2019-08-09,8,53278.9,112
2019-08-09,9,56534.0,115
2019-08-09,10,58641.5,115
2019-08-09,11,63538.1,119
2019-08-09,12,64770.3,121
2019-08-09,13,67302.8,123
2019-08-09,14,67302.8,123
2019-08-09,15,67302.8,123
2019-08-09,16,67302.8,123
2019-08-09,17,66351.8,121
2019-08-09,18,66351.8,121
2019-08-09,19,61029.6,117
2019-08-09,20,60497.8,118
2019-08-09,21,58504.7,116
2019-08-09,22,55203.2,113
2019-08-09,23,54027.2,112
2019-08-10,0,45281.2,108
2019-08-10,1,43760.6,106
2019-08-10,2,42295.9,104
2019-08-10,3,40088.7,101
2019-08-10,4,39399.3,100
2019-08-10,5,38459.7,99
2019-08-10,6,40802.1,102
2019-08-10,7,43099.1,105
2019-08-10,8,51333.9,110
2019-08-10,9,53987.9,112
2019-08-10,10,54866.3,113
2019-08-10,11,61711.1,118
2019-08-10,12,61711.1,118
2019-08-10,13,66126.8,122
2019-08-10,14,66126.8,122
2019-08-10,15,66126.8,122
2019-08-10,16,66126.8,122
2019-08-10,17,66126.8,122
2019-08-10,18,66126.8,122
2019-08-10,19,63354.6,120
2019-08-10,20,63354.6,120
2019-08-10,21,60989.3,118
2019-08-10,22,57806.5,116
2019-08-10,23,55819.8,114
2019-08-11,0,45456.1,108
2019-08-11,1,43812.6,106
2019-08-11,2,41339.6,103
2019-08-11,3,40425.0,102
2019-08-11,4,39711.6,101
2019-08-11,5,39711.6,101
2019-08-11,6,43034.4,105
2019-08-11,7,44187.2,106
2019-08-11,8,46835.8,108
2019-08-11,9,49415.0,109
2019-08-11,10,51699.5,112
2019-08-11,11,60357.5,117
2019-08-11,12,62887.1,119
2019-08-11,13,63688.1,120
2019-08-11,14,66460.3,122
2019-08-11,15,66460.3,122
2019-08-11,16,66460.3,122
2019-08-11,17,66460.3,122
2019-08-11,18,66310.3,121
2019-08-11,19,63538.1,119
2019-08-11,20,63538.1,119
2019-08-11,21,58546.8,116
2019-08-11,22,56207.3,115
2019-08-11,23,50739.3,110
2019-08-12,0,43736.9,105
2019-08-12,1,41967.1,103
2019-08-12,2,39325.5,100
2019-08-12,3,39495.9,101
2019-08-12,4,41509.3,104
2019-08-12,5,42931.6,105
2019-08-12,6,46527.3,110
2019-08-12,7,51104.1,113
2019-08-12,8,56684.3,115
2019-08-12,9,56034.200000000004,114
2019-08-12,10,63240.2,118
2019-08-12,11,63030.8,119
2019-08-12,12,64331.8,121
2019-08-12,13,66537.5,123
2019-08-12,14,68227.5,124
2019-08-12,15,68227.5,124
2019-08-12,16,68227.5,124
2019-08-12,17,68786.5,125
2019-08-12,18,67269.9,123
2019-08-12,19,66293.3,123
2019-08-12,20,65492.3,122
2019-08-12,21,64302.4,121
2019-08-12,22,58628.4,116
2019-08-12,23,55191.6,113
2019-08-13,0,45038.4,108
2019-08-13,1,43392.7,106
2019-08-13,2,41094.0,103
2019-08-13,3,40179.4,102
2019-08-13,4,44195.9,107
2019-08-13,5,45074.3,108
2019-08-13,6,50913.6,111
2019-08-13,7,52647.6,112
2019-08-13,8,56770.5,115
2019-08-13,9,57571.5,116
2019-08-13,10,64314.8,120
2019-08-13,11,67430.8,123
2019-08-13,12,69924.0,125
2019-08-13,13,70766.5,126
2019-08-13,14,70766.5,126
2019-08-13,15,70766.5,126
2019-08-13,16,70766.5,126
2019-08-13,17,70766.5,126
2019-08-13,18,70766.5,126
2019-08-13,19,67181.6,122
2019-08-13,20,66828.4,120
2019-08-13,21,65096.7,121
2019-08-13,22,58353.4,117
2019-08-13,23,52694.7,112
2019-08-14,0,50225.1,110
2019-08-14,1,46566.4,107
2019-08-14,2,45904.9,106
2019-08-14,3,45904.9,106
2019-08-14,4,49266.3,110
2019-08-14,5,50144.7,111
2019-08-14,6,51297.5,112
2019-08-14,7,53677.1,113
2019-08-14,8,56214.3,115
2019-08-14,9,59012.6,117
2019-08-14,10,60713.4,117
2019-08-14,11,62727.2,117
2019-08-14,12,65157.2,118
2019-08-14,13,65659.3,121
2019-08-14,14,66501.8,122
2019-08-14,15,66501.8,122
2019-08-14,16,66501.8,122
2019-08-14,17,66501.8,122
2019-08-14,18,65311.9,121
2019-08-14,19,63621.9,120
2019-08-14,20,60453.6,117
2019-08-14,21,59650.4,116
2019-08-14,22,53245.1,111
2019-08-14,23,49834.1,108
2019-08-15,0,44091.7,106
2019-08-15,1,44970.1,107
2019-08-15,2,42799.0,104
2019-08-15,3,42799.0,104
2019-08-15,4,47468.9,106
2019-08-15,5,48408.5,107
2019-08-15,6,49656.6,109
2019-08-15,7,52413.6,112
2019-08-15,8,56512.9,115
2019-08-15,9,57956.9,116
2019-08-15,10,64109.0,121
2019-08-15,11,65285.0,122
2019-08-15,12,67332.9,121
2019-08-15,13,68746.8,124
2019-08-15,14,68746.8,124
2019-08-15,15,68746.8,124
2019-08-15,16,68746.8,124
2019-08-15,17,67904.3,123
2019-08-15,18,67754.3,122
2019-08-15,19,65413.3,121
2019-08-15,20,64237.9,120
2019-08-15,21,62793.9,119
2019-08-15,22,55919.6,114
2019-08-15,23,51264.700000000004,109
2019-08-16,0,48377.9,107
2019-08-16,1,46527.1,106
2019-08-16,2,41840.6,104
2019-08-16,3,41840.6,104
2019-08-16,4,46727.4,106
2019-08-16,5,46727.4,106
2019-08-16,6,54522.700000000004,111
2019-08-16,7,55325.9,112
2019-08-16,8,58256.5,115
2019-08-16,9,60875.9,117
2019-08-16,10,64220.0,120
2019-08-16,11,69686.5,125
2019-08-16,12,69686.5,125
2019-08-16,13,69686.5,125
2019-08-16,14,69686.5,125
2019-08-16,15,69686.5,125
2019-08-16,16,69686.5,125
2019-08-16,17,69686.5,125
2019-08-16,18,69686.5,125
2019-08-16,19,67996.5,124
2019-08-16,20,66914.3,123
2019-08-16,21,62537.5,119
2019-08-16,22,56866.700000000004,115
2019-08-16,23,52861.5,111
2019-08-17,0,43175.9,106
2019-08-17,1,41836.3,104
2019-08-17,2,39539.3,101
2019-08-17,3,39539.3,101
2019-08-17,4,38624.7,100
2019-08-17,5,38624.7,100
2019-08-17,6,40488.1,102
2019-08-17,7,46005.8,108
2019-08-17,8,50393.8,111
2019-08-17,9,50938.8,112
2019-08-17,10,55311.3,115
2019-08-17,11,60509.6,117
2019-08-17,12,60602.8,117
2019-08-17,13,62292.8,118
2019-08-17,14,63375.0,119
2019-08-17,15,63225.0,118
2019-08-17,16,63225.0,118
2019-08-17,17,63225.0,118
2019-08-17,18,61535.0,117
2019-08-17,19,58226.1,115
2019-08-17,20,58226.1,115
2019-08-17,21,53416.5,113
2019-08-17,22,49408.1,112
2019-08-17,23,45601.3,109
2019-08-18,0,43355.4,106
2019-08-18,1,40156.7,103
2019-08-18,2,39232.9,102
2019-08-18,3,37748.3,100
2019-08-18,4,37748.3,100
2019-08-18,5,37748.3,100
2019-08-18,6,38437.7,101
2019-08-18,7,42580.1,105
2019-08-18,8,51070.9,111
2019-08-18,9,54030.0,113
2019-08-18,10,56901.5,116
2019-08-18,11,60363.3,118
2019-08-18,12,61164.3,119
2019-08-18,13,61164.3,119
2019-08-18,14,62854.3,120
2019-08-18,15,62854.3,120
2019-08-18,16,62854.3,120
2019-08-18,17,62854.3,120
2019-08-18,18,62854.3,120
2019-08-18,19,62854.3,120
2019-08-18,20,61164.3,119
2019-08-18,21,58892.2,117
2019-08-18,22,54228.9,114
2019-08-18,23,50984.5,110
2019-08-19,0,41829.0,105
2019-08-19,1,39316.7,103
2019-08-19,2,39316.7,103
2019-08-19,3,41901.7,104
2019-08-19,4,43591.6,107
2019-08-19,5,47176.4,109
2019-08-19,6,49171.7,111
2019-08-19,7,50653.0,113
2019-08-19,8,54661.4,114
2019-08-19,9,55743.6,115
2019-08-19,10,60929.3,116
2019-08-19,11,63186.9,122
2019-08-19,12,67096.5,124
2019-08-19,13,68786.5,125
2019-08-19,14,68786.5,125
2019-08-19,15,68227.5,124
2019-08-19,16,68786.5,125
2019-08-19,17,67096.5,124
2019-08-19,18,64260.9,121
2019-08-19,19,63459.9,120
2019-08-19,20,61080.3,119
2019-08-19,21,59998.1,118
2019-08-19,22,50767.1,112
2019-08-19,23,47760.2,109
2019-08-20,0,43406.6,105
2019-08-20,1,39167.3,101
2019-08-20,2,38252.7,100
2019-08-20,3,39342.3,102
2019-08-20,4,42645.4,106
2019-08-20,5,47532.2,108
2019-08-20,6,51097.1,111
2019-08-20,7,52982.5,113
2019-08-20,8,54833.3,114
2019-08-20,9,57263.3,115
2019-08-20,10,59073.8,116
2019-08-20,11,62793.3,119
2019-08-20,12,62793.3,119
2019-08-20,13,63594.3,120
2019-08-20,14,65284.3,121
2019-08-20,15,65284.3,121
2019-08-20,16,65284.3,121
2019-08-20,17,65284.3,121
2019-08-20,18,63594.3,120
2019-08-20,19,61214.7,119
2019-08-20,20,59454.4,117
2019-08-20,21,57089.1,115
2019-08-20,22,52224.8,110
2019-08-20,23,49138.8,107
2019-08-21,0,47836.8,107
2019-08-21,1,47836.8,107
2019-08-21,2,43828.4,106
2019-08-21,3,43828.4,106
2019-08-21,4,48715.2,108
2019-08-21,5,48715.2,108
2019-08-21,6,50546.1,110
2019-08-21,7,53925.8,113
2019-08-21,8,60271.9,117
2019-08-21,9,60271.9,117
2019-08-21,10,63172.1,120
2019-08-21,11,68242.5,124
2019-08-21,12,68242.5,124
2019-08-21,13,68242.5,124
2019-08-21,14,68242.5,124
2019-08-21,15,68242.5,124
2019-08-21,16,68242.5,124
2019-08-21,17,68242.5,124
2019-08-21,18,68242.5,124
2019-08-21,19,63090.700000000004,121
2019-08-21,20,61298.8,119
2019-08-21,21,59305.7,117
2019-08-21,22,53808.6,112
2019-08-21,23,51821.9,110
2019-08-22,0,43502.7,105
2019-08-22,1,42701.7,104
2019-08-22,2,41859.2,103
2019-08-22,3,41859.2,103
2019-08-22,4,48444.4,107
2019-08-22,5,48444.4,107
2019-08-22,6,48657.6,107
2019-08-22,7,50475.6,109
2019-08-22,8,52209.6,110
2019-08-22,9,53865.0,112
2019-08-22,10,58749.3,115
2019-08-22,11,60950.7,116
2019-08-22,12,64070.6,118
2019-08-22,13,66081.0,121
2019-08-22,14,66882.0,122
2019-08-22,15,66882.0,122
2019-08-22,16,66882.0,122
2019-08-22,17,66882.0,122
2019-08-22,18,65192.0,121
2019-08-22,19,60540.3,118
2019-08-22,20,59353.5,117
2019-08-22,21,58550.3,116
2019-08-22,22,51376.3,113
2019-08-22,23,46993.7,109
2019-08-23,0,44072.2,106
2019-08-23,1,41535.0,104
2019-08-23,2,39157.9,101
2019-08-23,3,38218.3,100
2019-08-23,4,43129.0,106
2019-08-23,5,43129.0,106
2019-08-23,6,48988.2,108
2019-08-23,7,48988.2,108
2019-08-23,8,51909.0,110
2019-08-23,9,51909.0,110
2019-08-23,10,57084.7,114
2019-08-23,11,59427.4,116
2019-08-23,12,60602.8,117
2019-08-23,13,61685.0,118
2019-08-23,14,61685.0,118
2019-08-23,15,61685.0,118
2019-08-23,16,60602.8,117
2019-08-23,17,58560.7,115
2019-08-23,18,56709.9,114
2019-08-23,19,53527.1,112
2019-08-23,20,52340.3,111
2019-08-23,21,51461.9,110
2019-08-23,22,45460.6,107
2019-08-23,23,43726.6,106
2019-08-24,0,42439.9,102
2019-08-24,1,40603.0,100
2019-08-24,2,37323.0,97
2019-08-24,3,37504.7,98
2019-08-24,4,40825.0,102
2019-08-24,5,42616.8,104
2019-08-24,6,45689.0,105
2019-08-24,7,47137.4,107
2019-08-24,8,50702.3,110
2019-08-24,9,51889.1,111
2019-08-24,10,55054.7,113
2019-08-24,11,58130.0,116
2019-08-24,12,60509.6,117
2019-08-24,13,60509.6,117
2019-08-24,14,61685.0,118
2019-08-24,15,61685.0,118
2019-08-24,16,59255.0,117
2019-08-24,17,56875.4,116
2019-08-24,18,55024.6,115
2019-08-24,19,51900.3,112
2019-08-24,20,51900.3,112
2019-08-24,21,50882.7,110
2019-08-24,22,47737.0,107
2019-08-24,23,45341.5,105
2019-08-25,0,45341.5,105
2019-08-25,1,43490.7,104
2019-08-25,2,43490.7,104
2019-08-25,3,43490.7,104
2019-08-25,4,44152.2,105
2019-08-25,5,44152.2,105
2019-08-25,6,47039.0,107
2019-08-25,7,47039.0,107
2019-08-25,8,50446.3,110
2019-08-25,9,52485.3,112
2019-08-25,10,59348.8,117
2019-08-25,11,59348.8,117
2019-08-25,12,60431.0,118
2019-08-25,13,62121.0,119
2019-08-25,14,62121.0,119
2019-08-25,15,62121.0,119
2019-08-25,16,62121.0,119
2019-08-25,17,62121.0,119
2019-08-25,18,62121.0,119
2019-08-25,19,62121.0,119
2019-08-25,20,60431.0,118
2019-08-25,21,58158.9,116
2019-08-25,22,51606.9,111
2019-08-25,23,43520.7,105
2019-08-26,0,40536.7,102
2019-08-26,1,36044.3,98
2019-08-26,2,35612.3,97
2019-08-26,3,36293.3,99
2019-08-26,4,41416.8,104
2019-08-26,5,41416.8,104
2019-08-26,6,48371.0,108
2019-08-26,7,50056.2,108
2019-08-26,8,52199.7,111
2019-08-26,9,53903.3,110
2019-08-26,10,57874.1,114
2019-08-26,11,59641.2,117
2019-08-26,12,64872.8,122
2019-08-26,13,64872.8,122
2019-08-26,14,64872.8,122
2019-08-26,15,64872.8,122
2019-08-26,16,67302.8,123
2019-08-26,17,67302.8,123
2019-08-26,18,67302.8,123
2019-08-26,19,64530.6,121
2019-08-26,20,64530.6,121
2019-08-26,21,61045.6,118
2019-08-26,22,50687.7,112
2019-08-26,23,47100.3,106
2019-08-27,0,44322.5,105
2019-08-27,1,41163.1,101
2019-08-27,2,40710.7,100
2019-08-27,3,39147.1,100
2019-08-27,4,42839.2,104
2019-08-27,5,42839.2,104
2019-08-27,6,43992.0,105
2019-08-27,7,44670.1,106
2019-08-27,8,49481.7,108
2019-08-27,9,53284.0,111
2019-08-27,10,53134.0,110
2019-08-27,11,53362.3,110
2019-08-27,12,53373.6,110
2019-08-27,13,53544.0,111
2019-08-27,14,53362.3,110
2019-08-27,15,53362.3,110
2019-08-27,16,53544.0,111
2019-08-27,17,53544.0,111
2019-08-27,18,53544.0,111
2019-08-27,19,53362.3,110
2019-08-27,20,53544.0,111
2019-08-27,21,50620.1,109
2019-08-27,22,47107.6,105
2019-08-27,23,48841.6,106
2019-08-28,0,42098.2,103
2019-08-28,1,37477.4,100
2019-08-28,2,37627.4,101
2019-08-28,3,36177.3,99
2019-08-28,4,41336.0,104
2019-08-28,5,43403.4,106
2019-08-28,6,48290.2,108
2019-08-28,7,50141.0,109
2019-08-28,8,52812.200000000004,112
2019-08-28,9,52812.200000000004,112
2019-08-28,10,58869.4,116
2019-08-28,11,59951.6,117
2019-08-28,12,63375.6,119
2019-08-28,13,63375.6,119
2019-08-28,14,64551.0,120
2019-08-28,15,64551.0,120
2019-08-28,16,63453.6,119
2019-08-28,17,62108.5,117
2019-08-28,18,61350.7,116
2019-08-28,19,58920.7,115
2019-08-28,20,59241.1,117
2019-08-28,21,54123.9,113
2019-08-28,22,49802.2,109
2019-08-28,23,43943.0,107
2019-08-29,0,43064.6,106
2019-08-29,1,41815.7,104
2019-08-29,2,39142.1,102
2019-08-29,3,39142.1,102
2019-08-29,4,42209.0,106
2019-08-29,5,43943.0,107
2019-08-29,6,43943.0,107
2019-08-29,7,46285.7,109
2019-08-29,8,48136.5,110
2019-08-29,9,52997.1,112
2019-08-29,10,56223.4,115
2019-08-29,11,59685.2,117
2019-08-29,12,61903.3,118
2019-08-29,13,62854.3,120
2019-08-29,14,62854.3,120
2019-08-29,15,62854.3,120
2019-08-29,16,62854.3,120
2019-08-29,17,62854.3,120
2019-08-29,18,61164.3,119
2019-08-29,19,61014.3,118
2019-08-29,20,59278.9,117
2019-08-29,21,56047.1,115
2019-08-29,22,51420.7,111
2019-08-29,23,47412.3,110
2019-08-30,0,45528.3,108
2019-08-30,1,41883.1,104
2019-08-30,2,41424.3,102
2019-08-30,3,40655.1,102
2019-08-30,4,47875.9,106
2019-08-30,5,48037.2,107
2019-08-30,6,48037.2,107
2019-08-30,7,49627.5,110
2019-08-30,8,51970.2,112
2019-08-30,9,53608.0,111
2019-08-30,10,58022.8,115
2019-08-30,11,60795.0,117
2019-08-30,12,60945.0,118
2019-08-30,13,60945.0,118
2019-08-30,14,60236.0,116
2019-08-30,15,58921.2,115
2019-08-30,16,58750.8,114
2019-08-30,17,56376.8,113
2019-08-30,18,53985.9,112
2019-08-30,19,49372.0,109
2019-08-30,20,53138.5,112
2019-08-30,21,51483.1,110
2019-08-30,22,45585.9,107
2019-08-30,23,45864.4,105
2019-08-31,0,44572.7,102
2019-08-31,1,35932.8,96
2019-08-31,2,35932.8,96
2019-08-31,3,35401.1,96
2019-08-31,4,37374.5,100
2019-08-31,5,38120.5,101
2019-08-31,6,41436.0,104
2019-08-31,7,45444.4,105
2019-08-31,8,47167.2,107
2019-08-31,9,48723.7,109
2019-08-31,10,50716.8,111
2019-08-31,11,53765.6,113
2019-08-31,12,56145.2,114
2019-08-31,13,54908.1,112
2019-08-31,14,56145.2,114
2019-08-31,15,56145.2,114
2019-08-31,16,56194.2,114
2019-08-31,17,56194.2,114
2019-08-31,18,52624.7,112
2019-08-31,19,50773.9,111
2019-08-31,20,50095.8,110
2019-08-31,21,48759.0,108
2019-08-31,22,44900.6,108
2019-08-31,23,43585.8,107
2019-09-01,0,39759.4,104
2019-09-01,1,38881.0,103
2019-09-01,2,38192.6,102
2019-09-01,3,38906.0,103
2019-09-01,4,38906.0,103
2019-09-01,5,38906.0,103
2019-09-01,6,40902.8,105
2019-09-01,7,47798.0,108
2019-09-01,8,49851.8,110
2019-09-01,9,52906.6,113
2019-09-01,10,55560.6,115
2019-09-01,11,58565.4,117
2019-09-01,12,60945.0,118
2019-09-01,13,63375.0,119
2019-09-01,14,62522.8,118
2019-09-01,15,62522.8,118
2019-09-01,16,62522.8,118
2019-09-01,17,59750.6,116
2019-09-01,18,59750.6,116
2019-09-01,19,54447.1,113
2019-09-01,20,53271.7,112
2019-09-01,21,52468.5,111
2019-09-01,22,51790.4,110
2019-09-01,23,50475.6,109
2019-09-02,0,45314.4,107
2019-09-02,1,40924.6,103
2019-09-02,2,39985.0,102
2019-09-02,3,39415.0,101
2019-09-02,4,39415.0,101
2019-09-02,5,39985.0,102
2019-09-02,6,41839.2,104
2019-09-02,7,47139.2,106
2019-09-02,8,50155.1,110
2019-09-02,9,53079.0,112
2019-09-02,10,57309.4,114
2019-09-02,11,59427.4,116
2019-09-02,12,60043.8,116
2019-09-02,13,60602.8,117
2019-09-02,14,60602.8,117
2019-09-02,15,62292.8,118
2019-09-02,16,62122.4,117
2019-09-02,17,60602.8,117
2019-09-02,18,58752.0,116
2019-09-02,19,53995.700000000004,113
2019-09-02,20,53995.700000000004,113
2019-09-02,21,51458.5,111
2019-09-02,22,50780.4,110
2019-09-02,23,48312.8,108
2019-09-03,0,42576.4,105
2019-09-03,1,41740.4,104
2019-09-03,2,40112.4,102
2019-09-03,3,40112.4,102
2019-09-03,4,43558.4,106
2019-09-03,5,45409.2,107
2019-09-03,6,49285.2,108
2019-09-03,7,48112.5,108
2019-09-03,8,52680.9,112
2019-09-03,9,54531.700000000004,113
2019-09-03,10,58967.6,114
2019-09-03,11,60049.8,115
2019-09-03,12,62872.9,116
2019-09-03,13,63054.6,117
2019-09-03,14,63225.0,118
2019-09-03,15,63225.0,118
2019-09-03,16,63225.0,118
2019-09-03,17,61353.3,116
2019-09-03,18,60100.7,114
2019-09-03,19,60602.8,117
2019-09-03,20,58172.8,116
2019-09-03,21,54617.8,114
2019-09-03,22,51202.200000000004,111
2019-09-03,23,44441.1,107
2019-09-04,0,40540.6,103
2019-09-04,1,39970.6,102
2019-09-04,2,38563.1,100
2019-09-04,3,38563.1,100
2019-09-04,4,41912.2,105
2019-09-04,5,44403.2,107
2019-09-04,6,49089.7,109
2019-09-04,7,50286.5,110
2019-09-04,8,54130.4,113
2019-09-04,9,56184.200000000004,115
2019-09-04,10,57266.4,116
2019-09-04,11,60056.0,118
2019-09-04,12,60056.0,118
2019-09-04,13,61187.0,118
2019-09-04,14,60938.0,117
2019-09-04,15,61746.0,119
2019-09-04,16,61746.0,119
2019-09-04,17,59255.0,117
2019-09-04,18,59255.0,117
2019-09-04,19,59255.0,117
2019-09-04,20,55793.200000000004,115
2019-09-04,21,53814.6,113
2019-09-04,22,49737.9,110
2019-09-04,23,45729.5,109
2019-09-05,0,44100.5,107
2019-09-05,1,39947.2,103
2019-09-05,2,39947.2,103
2019-09-05,3,39233.8,102
2019-09-05,4,42322.2,106
2019-09-05,5,46330.6,107
2019-09-05,6,47520.5,108
2019-09-05,7,49932.6,110
2019-09-05,8,52456.7,113
2019-09-05,9,55482.9,115
2019-09-05,10,56591.2,116
2019-09-05,11,60195.8,117
2019-09-05,12,62895.8,120
2019-09-05,13,63696.8,121
2019-09-05,14,63447.8,120
2019-09-05,15,63696.8,121
2019-09-05,16,64872.8,122
2019-09-05,17,64872.8,122
2019-09-05,18,63182.8,121
2019-09-05,19,60803.2,120
2019-09-05,20,60803.2,120
2019-09-05,21,57703.1,117
2019-09-05,22,53286.9,113
2019-09-05,23,50577.6,110
2019-09-06,0,48843.6,109
2019-09-06,1,42183.4,106
2019-09-06,2,42183.4,106
2019-09-06,3,42183.4,106
2019-09-06,4,46168.6,107
2019-09-06,5,46168.6,107
2019-09-06,6,47902.6,108
2019-09-06,7,48781.0,109
2019-09-06,8,53814.6,112
2019-09-06,9,54990.0,113
2019-09-06,10,58734.8,115
2019-09-06,11,62723.0,118
2019-09-06,12,64647.7,120
2019-09-06,13,66126.8,122
2019-09-06,14,66126.8,122
2019-09-06,15,66126.8,122
2019-09-06,16,66126.8,122
2019-09-06,17,65044.6,121
2019-09-06,18,62665.0,120
2019-09-06,19,60122.8,118
2019-09-06,20,58936.0,117
2019-09-06,21,56957.4,115
2019-09-06,22,53774.6,112
2019-09-06,23,50932.3,110
2019-09-07,0,45771.1,108
2019-09-07,1,44127.6,106
2019-09-07,2,43249.2,105
2019-09-07,3,43249.2,105
2019-09-07,4,44127.6,106
2019-09-07,5,44127.6,106
2019-09-07,6,50371.0,109
2019-09-07,7,49431.4,108
2019-09-07,8,52273.6,111
2019-09-07,9,59194.8,116
2019-09-07,10,63375.0,119
2019-09-07,11,64483.3,120
2019-09-07,12,64483.3,120
2019-09-07,13,64483.3,120
2019-09-07,14,64483.3,120
2019-09-07,15,64312.9,119
2019-09-07,16,64483.3,120
2019-09-07,17,61561.1,117
2019-09-07,18,61561.1,117
2019-09-07,19,61561.1,117
2019-09-07,20,60374.3,116
2019-09-07,21,55299.4,113
2019-09-07,22,51930.8,110
2019-09-07,23,44327.5,105
2019-09-08,0,38467.0,100
2019-09-08,1,38518.9,100
2019-09-08,2,36923.6,98
2019-09-08,3,36245.4,97
2019-09-08,4,35110.5,94
2019-09-08,5,34940.1,93
2019-09-08,6,38128.8,97
2019-09-08,7,40094.6,99
2019-09-08,8,42029.4,102
2019-09-08,9,45448.1,105
2019-09-08,10,53088.2,110
2019-09-08,11,53263.4,109
2019-09-08,12,54819.4,110
2019-09-08,13,56738.7,113
2019-09-08,14,59118.3,114
2019-09-08,15,58826.2,112
2019-09-08,16,59129.6,114
2019-09-08,17,59129.6,114
2019-09-08,18,57902.8,114
2019-09-08,19,55472.8,113
2019-09-08,20,55291.1,112
2019-09-08,21,50080.0,107
2019-09-08,22,42885.4,104
2019-09-08,23,37357.4,97
2019-09-09,0,35578.4,94
2019-09-09,1,32875.5,90
2019-09-09,2,32651.9,91
2019-09-09,3,33849.9,94
2019-09-09,4,36402.7,97
2019-09-09,5,37597.9,95
2019-09-09,6,39944.6,101
2019-09-09,7,41795.4,102
2019-09-09,8,47252.2,105
2019-09-09,9,50123.9,106
2019-09-09,10,53068.2,110
2019-09-09,11,54839.0,110
2019-09-09,12,57952.2,115
2019-09-09,13,60443.8,115
2019-09-09,14,59884.8,114
2019-09-09,15,59864.4,114
2019-09-09,16,58343.9,114
2019-09-09,17,59084.6,116
2019-09-09,18,58934.6,115
2019-09-09,19,57852.4,114
2019-09-09,20,57852.4,114
2019-09-09,21,47220.1,105
2019-09-09,22,41838.1,102
2019-09-09,23,41643.7,102
2019-09-10,0,34582.9,96
2019-09-10,1,32162.1,94
2019-09-10,2,30687.0,92
2019-09-10,3,31901.0,93
2019-09-10,4,36094.2,97
2019-09-10,5,41997.7,99
2019-09-10,6,42459.3,100
2019-09-10,7,41669.9,104
2019-09-10,8,45060.6,107
2019-09-10,9,47717.3,110
2019-09-10,10,52554.5,109
2019-09-10,11,55217.6,110
2019-09-10,12,55121.1,112
2019-09-10,13,56592.8,113
2019-09-10,14,56592.8,113
2019-09-10,15,56240.7,111
2019-09-10,16,56422.4,112
2019-09-10,17,56591.9,113
2019-09-10,18,52070.0,109
2019-09-10,19,51569.9,110
2019-09-10,20,51569.9,110
2019-09-10,21,44904.8,106
2019-09-10,22,41511.6,101
2019-09-10,23,35088.5,95
2019-09-11,0,31552.9,92
2019-09-11,1,30156.4,90
2019-09-11,2,29586.4,89
2019-09-11,3,31535.6,91
2019-09-11,4,35407.9,97
2019-09-11,5,35557.9,98
2019-09-11,6,38277.1,100
2019-09-11,7,39216.7,101
2019-09-11,8,41753.9,103
2019-09-11,9,43843.9,105
2019-09-11,10,46383.0,106
2019-09-11,11,53134.9,111
2019-09-11,12,57592.4,111
2019-09-11,13,55687.0,108
2019-09-11,14,57513.8,111
2019-09-11,15,55548.8,112
2019-09-11,16,54281.0,110
2019-09-11,17,53648.2,110
2019-09-11,18,51797.4,109
2019-09-11,19,51537.6,108
2019-09-11,20,51537.6,108
2019-09-11,21,43834.7,105
2019-09-11,22,40681.5,102
2019-09-11,23,34947.2,96
2019-09-12,0,32056.0,92
2019-09-12,1,30626.1,90
2019-09-12,2,29765.1,89
2019-09-12,3,30853.3,90
2019-09-12,4,35994.5,96
2019-09-12,5,35994.5,96
2019-09-12,6,41403.6,102
2019-09-12,7,42776.8,104
2019-09-12,8,44537.0,105
2019-09-12,9,46401.9,107
2019-09-12,10,48631.3,109
2019-09-12,11,53852.9,112
2019-09-12,12,55028.3,113
2019-09-12,13,56218.2,114
2019-09-12,14,58597.8,115
2019-09-12,15,58597.8,115
2019-09-12,16,58597.8,115
2019-09-12,17,56218.2,114
2019-09-12,18,55028.3,113
2019-09-12,19,53027.5,111
2019-09-12,20,53027.5,111
2019-09-12,21,49631.0,108
2019-09-12,22,46158.6,107
2019-09-12,23,44424.6,106
2019-09-13,0,38436.0,101
2019-09-13,1,35477.5,97
2019-09-13,2,34027.4,95
2019-09-13,3,35252.3,97
2019-09-13,4,40539.1,102
2019-09-13,5,42003.8,104
2019-09-13,6,46012.2,105
2019-09-13,7,48316.2,107
2019-09-13,8,51080.0,110
2019-09-13,9,52266.8,111
2019-09-13,10,55432.4,113
2019-09-13,11,59680.0,116
2019-09-13,12,60532.2,117
2019-09-13,13,61685.0,118
2019-09-13,14,61685.0,118
2019-09-13,15,61685.0,118
2019-09-13,16,61685.0,118
2019-09-13,17,60602.8,117
2019-09-13,18,55793.200000000004,115
2019-09-13,19,53427.9,113
2019-09-13,20,51746.3,111
2019-09-13,21,51068.2,110
2019-09-13,22,47902.6,108
2019-09-13,23,46749.8,107
2019-09-14,0,41007.4,105
2019-09-14,1,40092.8,104
2019-09-14,2,37837.2,101
2019-09-14,3,37837.2,101
2019-09-14,4,38776.8,102
2019-09-14,5,38776.8,102
2019-09-14,6,41007.4,105
2019-09-14,7,46168.6,107
2019-09-14,8,51309.9,111
2019-09-14,9,51309.9,111
2019-09-14,10,55117.9,114
2019-09-14,11,59360.7,114
2019-09-14,12,60054.3,115
2019-09-14,13,60795.0,117
2019-09-14,14,60945.0,118
2019-09-14,15,60945.0,118
2019-09-14,16,60945.0,118
2019-09-14,17,59971.4,116
2019-09-14,18,58301.8,115
2019-09-14,19,54658.3,112
2019-09-14,20,54990.0,114
2019-09-14,21,53800.1,113
2019-09-14,22,50928.8,110
2019-09-14,23,45745.0,108
2019-09-15,0,44011.0,107
2019-09-15,1,40204.2,104
2019-09-15,2,39542.7,103
2019-09-15,3,37882.1,101
2019-09-15,4,37882.1,101
2019-09-15,5,37882.1,101
2019-09-15,6,39542.7,103
2019-09-15,7,46168.6,107
2019-09-15,8,48580.7,109
2019-09-15,9,50431.5,110
2019-09-15,10,53814.6,113
2019-09-15,11,58172.8,116
2019-09-15,12,58923.3,115
2019-09-15,13,58696.0,116
2019-09-15,14,58696.0,116
2019-09-15,15,59497.0,117
2019-09-15,16,60056.0,118
2019-09-15,17,60056.0,118
2019-09-15,18,57676.4,117
2019-09-15,19,56594.200000000004,116
2019-09-15,20,56594.200000000004,116
2019-09-15,21,53414.3,113
2019-09-15,22,51221.1,111
2019-09-15,23,48214.8,108
2019-09-16,0,43266.8,106
2019-09-16,1,41416.0,105
2019-09-16,2,40702.6,104
2019-09-16,3,39901.6,103
2019-09-16,4,45705.6,106
2019-09-16,5,45705.6,106
2019-09-16,6,46858.4,107
2019-09-16,7,50326.9,110
2019-09-16,8,53635.3,112
2019-09-16,9,56815.200000000004,115
2019-09-16,10,58130.0,116
2019-09-16,11,59305.4,117
2019-09-16,12,60995.4,118
2019-09-16,13,63375.0,119
2019-09-16,14,61685.0,118
2019-09-16,15,61685.0,118
2019-09-16,16,61685.0,118
2019-09-16,17,59750.6,116
2019-09-16,18,57371.0,115
2019-09-16,19,56181.1,114
2019-09-16,20,56181.1,114
2019-09-16,21,52457.1,111
2019-09-16,22,49311.4,108
2019-09-16,23,44127.6,106
2019-09-17,0,41392.6,104
2019-09-17,1,39800.8,102
2019-09-17,2,38886.2,101
2019-09-17,3,40681.6,102
2019-09-17,4,44127.6,106
2019-09-17,5,45280.4,107
2019-09-17,6,45280.4,107
2019-09-17,7,49288.8,108
2019-09-17,8,51022.8,109
2019-09-17,9,49004.4,110
2019-09-17,10,50319.2,111
2019-09-17,11,55503.0,113
2019-09-17,12,56692.9,114
2019-09-17,13,57775.1,115
2019-09-17,14,57775.1,115
2019-09-17,15,57775.1,115
2019-09-17,16,57775.1,115
2019-09-17,17,56542.9,113
2019-09-17,18,54842.1,113
2019-09-17,19,52849.0,111
2019-09-17,20,52849.0,111
2019-09-17,21,49063.6,108
2019-09-17,22,48311.2,106
2019-09-17,23,44249.0,103
2019-09-18,0,38587.6,100
2019-09-18,1,37673.0,99
2019-09-18,2,35945.1,95
2019-09-18,3,36115.5,96
2019-09-18,4,42093.2,103
2019-09-18,5,42093.2,103
2019-09-18,6,46847.6,105
2019-09-18,7,46847.6,105
2019-09-18,8,48000.4,106
2019-09-18,9,50921.2,108
2019-09-18,10,53524.4,111
2019-09-18,11,54202.5,112
2019-09-18,12,56181.1,114
2019-09-18,13,59642.9,116
2019-09-18,14,60832.8,117
2019-09-18,15,60832.8,117
2019-09-18,16,59642.9,116
2019-09-18,17,59642.9,116
2019-09-18,18,58964.8,115
2019-09-18,19,56534.8,114
2019-09-18,20,54649.4,112
2019-09-18,21,51083.0,110
2019-09-18,22,47327.0,106
2019-09-18,23,41888.0,104
2019-09-19,0,40033.8,102
2019-09-19,1,35773.5,98
2019-09-19,2,36689.1,99
2019-09-19,3,38317.1,101
2019-09-19,4,45141.7,104
2019-09-19,5,45573.7,105
2019-09-19,6,47424.5,106
2019-09-19,7,48577.3,107
2019-09-19,8,48577.3,107
2019-09-19,9,49238.8,108
2019-09-19,10,49648.8,109
2019-09-19,11,51052.5,110
2019-09-19,12,51052.5,110
2019-09-19,13,51052.5,110
2019-09-19,14,51052.5,110
2019-09-19,15,49970.3,109
2019-09-19,16,47965.3,107
2019-09-19,17,47025.7,106
2019-09-19,18,49118.1,108
2019-09-19,19,48968.1,107
2019-09-19,20,47234.1,106
2019-09-19,21,44762.9,104
2019-09-19,22,39191.7,101
2019-09-19,23,35543.6,96
2019-09-20,0,35543.6,96
2019-09-20,1,33748.2,95
2019-09-20,2,34283.7,96
2019-09-20,3,34283.7,96
2019-09-20,4,39024.7,100
2019-09-20,5,40758.7,101
2019-09-20,6,39676.5,100
2019-09-20,7,42192.2,104
2019-09-20,8,43798.6,106
2019-09-20,9,45113.4,107
2019-09-20,10,49531.8,109
2019-09-20,11,50134.5,107
2019-09-20,12,52357.8,110
2019-09-20,13,53284.9,112
2019-09-20,14,53284.9,112
2019-09-20,15,53284.9,112
2019-09-20,16,53284.9,112
2019-09-20,17,51894.0,111
2019-09-20,18,51618.9,110
2019-09-20,19,49065.9,109
2019-09-20,20,49065.9,109
2019-09-20,21,43064.6,106
2019-09-20,22,39273.3,100
2019-09-20,23,35207.5,95
2019-09-21,0,32949.7,94
2019-09-21,1,33625.1,94
2019-09-21,2,29262.7,88
2019-09-21,3,29238.5,89
2019-09-21,4,29774.0,90
2019-09-21,5,30206.0,91
2019-09-21,6,32155.2,93
2019-09-21,7,36783.3,98
2019-09-21,8,40026.9,101
2019-09-21,9,43330.0,105
2019-09-21,10,44889.2,106
2019-09-21,11,50378.9,109
2019-09-21,12,51231.1,110
2019-09-21,13,51711.5,107
2019-09-21,14,53035.9,111
2019-09-21,15,53201.5,112
2019-09-21,16,53201.5,112
2019-09-21,17,52323.1,111
2019-09-21,18,50043.2,110
2019-09-21,19,49240.0,109
2019-09-21,20,48053.2,108
2019-09-21,21,42459.5,105
2019-09-21,22,37859.1,100
2019-09-21,23,33897.0,94
2019-09-22,0,33648.0,93
2019-09-22,1,30240.7,90
2019-09-22,2,30240.7,90
2019-09-22,3,28437.7,87
2019-09-22,4,29002.3,90
2019-09-22,5,29434.3,91
2019-09-22,6,32708.7,95
2019-09-22,7,36773.6,98
2019-09-22,8,40185.3,102
2019-09-22,9,42950.7,104
2019-09-22,10,45470.6,108
2019-09-22,11,50793.8,110
2019-09-22,12,52636.9,111
2019-09-22,13,51410.6,106
2019-09-22,14,52542.7,107
2019-09-22,15,53695.5,108
2019-09-22,16,55115.1,114
2019-09-22,17,55793.200000000004,115
2019-09-22,18,56875.4,116
2019-09-22,19,56023.2,115
2019-09-22,20,56023.2,115
2019-09-22,21,52843.3,112
2019-09-22,22,45944.6,107
2019-09-22,23,41696.8,104
2019-09-23,0,39604.4,102
2019-09-23,1,38154.3,100
2019-09-23,2,36420.3,99
2019-09-23,3,36420.3,99
2019-09-23,4,40017.7,102
2019-09-23,5,40017.7,102
2019-09-23,6,42932.8,104
2019-09-23,7,46256.1,108
2019-09-23,8,49735.700000000004,109
2019-09-23,9,54454.9,112
2019-09-23,10,56616.8,113
2019-09-23,11,59924.7,116
2019-09-23,12,59924.7,116
2019-09-23,13,59924.7,116
2019-09-23,14,60602.8,117
2019-09-23,15,60602.8,117
2019-09-23,16,60602.8,117
2019-09-23,17,60602.8,117
2019-09-23,18,58624.2,115
2019-09-23,19,57434.3,114
2019-09-23,20,57434.3,114
2019-09-23,21,52345.4,110
2019-09-23,22,47163.8,106
2019-09-23,23,42493.9,104
2019-09-24,0,39758.9,102
2019-09-24,1,38955.7,101
2019-09-24,2,38041.1,100
2019-09-24,3,39039.7,100
2019-09-24,4,40835.1,101
2019-09-24,5,43239.4,104
2019-09-24,6,46370.8,107
2019-09-24,7,46313.0,108
2019-09-24,8,47921.9,109
2019-09-24,9,48762.2,110
2019-09-24,10,50359.0,112
2019-09-24,11,56218.2,114
2019-09-24,12,55338.8,111
2019-09-24,13,57221.0,114
2019-09-24,14,57055.4,113
2019-09-24,15,58057.6,115
2019-09-24,16,60602.8,117
2019-09-24,17,58484.8,115
2019-09-24,18,58484.8,115
2019-09-24,19,58112.6,115
2019-09-24,20,55733.0,114
2019-09-24,21,51351.5,108
2019-09-24,22,45916.7,106
2019-09-24,23,41179.1,103
2019-09-25,0,37730.7,100
2019-09-25,1,36003.7,98
2019-09-25,2,33983.6,95
2019-09-25,3,33813.2,94
2019-09-25,4,37432.0,98
2019-09-25,5,39033.9,100
2019-09-25,6,41034.1,103
2019-09-25,7,42957.2,105
2019-09-25,8,46669.8,108
2019-09-25,9,47584.4,109
2019-09-25,10,53148.1,111
2019-09-25,11,54504.4,113
2019-09-25,12,59924.7,116
2019-09-25,13,59924.7,116
2019-09-25,14,62292.8,118
2019-09-25,15,62292.8,118
2019-09-25,16,62292.8,118
2019-09-25,17,60602.8,117
2019-09-25,18,59799.6,116
2019-09-25,19,59799.6,116
2019-09-25,20,57369.6,115
2019-09-25,21,51746.3,111
2019-09-25,22,49183.4,108
2019-09-25,23,42171.4,105
2019-09-26,0,39686.6,103
2019-09-26,1,35564.1,99
2019-09-26,2,34649.5,98
2019-09-26,3,33936.1,97
2019-09-26,4,38972.7,102
2019-09-26,5,41276.7,104
2019-09-26,6,43894.2,107
2019-09-26,7,46253.9,110
2019-09-26,8,48104.7,111
2019-09-26,9,48104.7,111
2019-09-26,10,53427.9,113
2019-09-26,11,56982.9,115
2019-09-26,12,57915.1,115
2019-09-26,13,59755.1,117
2019-09-26,14,59755.1,117
2019-09-26,15,59255.0,117
2019-09-26,16,59255.0,117
2019-09-26,17,57915.1,115
2019-09-26,18,56832.9,114
2019-09-26,19,54453.3,113
2019-09-26,20,53601.1,112
2019-09-26,21,50054.6,108
2019-09-26,22,44881.4,107
2019-09-26,23,42553.2,105
2019-09-27,0,40722.5,104
2019-09-27,1,35918.6,99
2019-09-27,2,35240.5,98
2019-09-27,3,33447.5,96
2019-09-27,4,36877.7,100
2019-09-27,5,40407.1,102
2019-09-27,6,42221.4,104
2019-09-27,7,47528.2,106
2019-09-27,8,49295.0,108
2019-09-27,9,50316.2,108
2019-09-27,10,50691.4,108
2019-09-27,11,53593.5,111
2019-09-27,12,53216.2,111
2019-09-27,13,54603.3,114
2019-09-27,14,55685.5,115
2019-09-27,15,55685.5,115
2019-09-27,16,55685.5,115
2019-09-27,17,55685.5,115
2019-09-27,18,53800.1,113
2019-09-27,19,53650.1,112
2019-09-27,20,53650.1,112
2019-09-27,21,47726.5,110
2019-09-27,22,44662.1,106
2019-09-27,23,41380.7,102
2019-09-28,0,35790.3,97
2019-09-28,1,33844.7,95
2019-09-28,2,31993.9,94
2019-09-28,3,31993.9,94
2019-09-28,4,33606.9,97
2019-09-28,5,33606.9,97
2019-09-28,6,35340.9,98
2019-09-28,7,40230.0,103
2019-09-28,8,42080.8,104
2019-09-28,9,44182.2,106
2019-09-28,10,46710.2,109
2019-09-28,11,51396.7,111
2019-09-28,12,53450.5,113
2019-09-28,13,53035.9,111
2019-09-28,14,55465.9,112
2019-09-28,15,55019.9,109
2019-09-28,16,53851.8,110
2019-09-28,17,54266.4,112
2019-09-28,18,50614.1,110
2019-09-28,19,49936.0,109
2019-09-28,20,49132.8,108
2019-09-28,21,43937.6,106
2019-09-28,22,39712.9,101
2019-09-28,23,35856.5,97
2019-09-29,0,36843.9,96
2019-09-29,1,32816.4,91
2019-09-29,2,32966.4,92
2019-09-29,3,31835.9,90
2019-09-29,4,31835.9,90
2019-09-29,5,31835.9,90
2019-09-29,6,33362.9,92
2019-09-29,7,36738.7,97
2019-09-29,8,40459.9,101
2019-09-29,9,43380.7,103
2019-09-29,10,45098.5,105
2019-09-29,11,51311.5,108
2019-09-29,12,51493.2,109
2019-09-29,13,53852.9,112
2019-09-29,14,56066.9,112
2019-09-29,15,55897.4,111
2019-09-29,16,56232.5,113
2019-09-29,17,53702.9,111
2019-09-29,18,53882.1,110
2019-09-29,19,52468.5,111
2019-09-29,20,50637.6,109
2019-09-29,21,44564.0,106
2019-09-29,22,39319.3,99
2019-09-29,23,34441.4,93
2019-09-30,0,33748.4,92
2019-09-30,1,31817.8,91
2019-09-30,2,31817.8,91
2019-09-30,3,31967.8,92
2019-09-30,4,34984.8,96
2019-09-30,5,37469.6,98
2019-09-30,6,37469.6,98
2019-09-30,7,40697.4,101
2019-09-30,8,45264.6,106
2019-09-30,9,47306.4,106
2019-09-30,10,49624.8,106
2019-09-30,11,51670.0,110
2019-09-30,12,54541.5,113
2019-09-30,13,55219.6,114
2019-09-30,14,55219.6,114
2019-09-30,15,59300.0,115
2019-09-30,16,58621.9,114
2019-09-30,17,56341.9,114
2019-09-30,18,54640.4,114
2019-09-30,19,53788.2,113
2019-09-30,20,53638.2,112
2019-09-30,21,46973.1,108
2019-09-30,22,41275.1,102
2019-09-30,23,37079.5,97
2019-10-01,0,34485.7,94
2019-10-01,1,32116.2,91
2019-10-01,2,31402.8,90
2019-10-01,3,33087.2,94
2019-10-01,4,36353.4,98
2019-10-01,5,37978.4,98
2019-10-01,6,38022.3,98
2019-10-01,7,40934.5,103
2019-10-01,8,44208.4,106
2019-10-01,9,45383.8,107
2019-10-01,10,50873.5,110
2019-10-01,11,53450.5,113
2019-10-01,12,54640.4,114
2019-10-01,13,54640.4,114
2019-10-01,14,58710.0,116
2019-10-01,15,58389.6,114
2019-10-01,16,56699.6,113
2019-10-01,17,54320.0,112
2019-10-01,18,53450.5,113
2019-10-01,19,52263.7,112
2019-10-01,20,52263.7,112
2019-10-01,21,45398.3,108
2019-10-01,22,40985.1,102
2019-10-01,23,35515.1,96
2019-10-02,0,34027.7,95
2019-10-02,1,31034.3,92
2019-10-02,2,30536.4,91
2019-10-02,3,31681.8,93
2019-10-02,4,35166.6,97
2019-10-02,5,36900.6,98
2019-10-02,6,37398.5,99
2019-10-02,7,40658.6,102
2019-10-02,8,44886.5,107
2019-10-02,9,46865.1,109
2019-10-02,10,53253.1,111
2019-10-02,11,55830.1,114
2019-10-02,12,55233.8,111
2019-10-02,13,56912.3,115
2019-10-02,14,58065.1,116
2019-10-02,15,58065.1,116
2019-10-02,16,59255.0,117
2019-10-02,17,59255.0,117
2019-10-02,18,56875.4,116
2019-10-02,19,56875.4,116
2019-10-02,20,56072.2,115
2019-10-02,21,51641.7,111
2019-10-02,22,44949.2,107
2019-10-02,23,41122.1,104
2019-10-03,0,39029.7,102
2019-10-03,1,37311.9,100
2019-10-03,2,35577.9,99
2019-10-03,3,35577.9,99
2019-10-03,4,40640.0,104
2019-10-03,5,42707.4,106
2019-10-03,6,42707.4,106
2019-10-03,7,48566.6,108
2019-10-03,8,48566.6,108
2019-10-03,9,51582.0,110
2019-10-03,10,53288.5,113
2019-10-03,11,57033.3,115
2019-10-03,12,59412.9,116
2019-10-03,13,59750.6,116
2019-10-03,14,59750.6,116
2019-10-03,15,59600.6,115
2019-10-03,16,57221.0,114
2019-10-03,17,55189.8,112
2019-10-03,18,52265.9,110
2019-10-03,19,51612.7,110
2019-10-03,20,51612.7,110
2019-10-03,21,45242.1,107
2019-10-03,22,41330.7,101
2019-10-03,23,38430.6,98
2019-10-04,0,36314.8,95
2019-10-04,1,34594.9,93
2019-10-04,2,36392.1,96
2019-10-04,3,35892.1,96
2019-10-04,4,40264.5,102
2019-10-04,5,42719.0,105
2019-10-04,6,42719.0,105
2019-10-04,7,47880.2,107
2019-10-04,8,48558.3,108
2019-10-04,9,51595.9,110
2019-10-04,10,52005.9,111
2019-10-04,11,55313.8,114
2019-10-04,12,56488.8,114
2019-10-04,13,58868.4,115
2019-10-04,14,59427.4,116
2019-10-04,15,59427.4,116
2019-10-04,16,59427.4,116
2019-10-04,17,57047.8,115
2019-10-04,18,55313.8,114
2019-10-04,19,51469.9,111
2019-10-04,20,51469.9,111
2019-10-04,21,49404.7,109
2019-10-04,22,47573.8,107
2019-10-04,23,45319.4,105
2019-10-05,0,41311.0,104
2019-10-05,1,39422.8,102
2019-10-05,2,37303.6,99
2019-10-05,3,37303.6,99
2019-10-05,4,36711.6,98
2019-10-05,5,36711.6,98
2019-10-05,6,38397.2,100
2019-10-05,7,42882.2,105
2019-10-05,8,44605.0,107
2019-10-05,9,51534.2,110
2019-10-05,10,54063.1,112
2019-10-05,11,54137.8,113
2019-10-05,12,54941.0,114
2019-10-05,13,56875.4,116
2019-10-05,14,59255.0,117
2019-10-05,15,59255.0,117
2019-10-05,16,58065.1,116
2019-10-05,17,58065.1,116
2019-10-05,18,57261.9,115
2019-10-05,19,56086.5,114
2019-10-05,20,56086.5,114
2019-10-05,21,50963.6,110
2019-10-05,22,49112.8,109
2019-10-05,23,43789.6,107
2019-10-06,0,41697.2,105
2019-10-06,1,39723.5,104
2019-10-06,2,36774.2,100
2019-10-06,3,36060.8,99
2019-10-06,4,36060.8,99
2019-10-06,5,37750.8,100
2019-10-06,6,39936.6,102
2019-10-06,7,41827.1,105
2019-10-06,8,44428.3,108
2019-10-06,9,48641.3,111
2019-10-06,10,52649.7,112
2019-10-06,11,54767.7,114
2019-10-06,12,55957.6,115
2019-10-06,13,60054.3,115
2019-10-06,14,60442.9,115
2019-10-06,15,60613.3,116
2019-10-06,16,60763.3,117
2019-10-06,17,58902.9,115
2019-10-06,18,57000.2,113
2019-10-06,19,55007.1,111
2019-10-06,20,53326.7,111
2019-10-06,21,47382.2,107
2019-10-06,22,40220.1,100
2019-10-06,23,36985.7,98
2019-10-07,0,37135.7,99
2019-10-07,1,30203.5,92
2019-10-07,2,30203.5,92
2019-10-07,3,29121.5,90
2019-10-07,4,31414.8,92
2019-10-07,5,33265.6,93
2019-10-07,6,33265.6,93
2019-10-07,7,35137.2,95
2019-10-07,8,37166.5,98
2019-10-07,9,37166.5,98
2019-10-07,10,37714.3,98
2019-10-07,11,39763.9,101
2019-10-07,12,39763.9,101
2019-10-07,13,41481.7,103
2019-10-07,14,42553.2,105
2019-10-07,15,42553.2,105
2019-10-07,16,42553.2,105
2019-10-07,17,43231.3,106
2019-10-07,18,45262.5,108
2019-10-07,19,45262.5,108
2019-10-07,20,44384.1,107
2019-10-07,21,40927.3,104
2019-10-07,22,39208.6,102
2019-10-07,23,35889.7,98
2019-10-08,0,31646.9,95
2019-10-08,1,30211.5,93
2019-10-08,2,30211.5,93
2019-10-08,3,30900.9,94
2019-10-08,4,35263.9,98
2019-10-08,5,36862.1,100
2019-10-08,6,36862.1,100
2019-10-08,7,37785.9,101
2019-10-08,8,38589.1,102
2019-10-08,9,38589.1,102
2019-10-08,10,40323.1,103
2019-10-08,11,40984.6,104
2019-10-08,12,42433.0,106
2019-10-08,13,43111.1,107
2019-10-08,14,44961.9,108
2019-10-08,15,44961.9,108
2019-10-08,16,44811.9,107
2019-10-08,17,44109.7,107
2019-10-08,18,43431.6,106
2019-10-08,19,43431.6,106
2019-10-08,20,43431.6,106
2019-10-08,21,39101.4,102
2019-10-08,22,33813.7,97
2019-10-08,23,31302.4,93
2019-10-09,0,28390.8,89
2019-10-09,1,25265.5,84
2019-10-09,2,25265.5,84
2019-10-09,3,25136.9,85
2019-10-09,4,28934.5,90
2019-10-09,5,30218.7,92
2019-10-09,6,31079.7,93
2019-10-09,7,32875.1,94
2019-10-09,8,35039.6,97
2019-10-09,9,37697.4,99
2019-10-09,10,39175.3,102
2019-10-09,11,41015.3,103
2019-10-09,12,46599.8,106
2019-10-09,13,48450.6,107
2019-10-09,14,49127.3,107
2019-10-09,15,49403.8,109
2019-10-09,16,49403.8,109
2019-10-09,17,49403.8,109
2019-10-09,18,48551.6,108
2019-10-09,19,47748.4,107
2019-10-09,20,47748.4,107
2019-10-09,21,42006.0,105
2019-10-09,22,35927.5,98
2019-10-09,23,32585.9,93
2019-10-10,0,29844.7,90
2019-10-10,1,28317.7,88
2019-10-10,2,28317.7,88
2019-10-10,3,29405.9,89
2019-10-10,4,33441.7,93
2019-10-10,5,35175.7,94
2019-10-10,6,36178.5,94
2019-10-10,7,38051.3,98
2019-10-10,8,41831.3,103
2019-10-10,9,44610.8,106
2019-10-10,10,44746.4,107
2019-10-10,11,50594.8,109
2019-10-10,12,51272.9,110
2019-10-10,13,51959.5,110
2019-10-10,14,54212.6,110
2019-10-10,15,54318.7,111
2019-10-10,16,53640.6,110
2019-10-10,17,53656.2,110
2019-10-10,18,53789.7,112
2019-10-10,19,53789.7,112
2019-10-10,20,51757.2,110
2019-10-10,21,47902.6,108
2019-10-10,22,40826.4,104
2019-10-10,23,36731.7,98
2019-10-11,0,36042.3,97
2019-10-11,1,32850.5,94
2019-10-11,2,32850.5,94
2019-10-11,3,33042.0,94
2019-10-11,4,34908.2,96
2019-10-11,5,36759.0,97
2019-10-11,6,36038.2,97
2019-10-11,7,34242.8,96
2019-10-11,8,34242.8,96
2019-10-11,9,33017.9,94
2019-10-11,10,32085.9,93
2019-10-11,11,32085.9,93
2019-10-11,12,30235.1,92
2019-10-11,13,30235.1,92
2019-10-11,14,29295.5,91
2019-10-11,15,27566.0,86
2019-10-11,16,27566.0,86
2019-10-11,17,28416.5,89
2019-10-11,18,31807.4,93
2019-10-11,19,31807.4,93
2019-10-11,20,31807.4,93
2019-10-11,21,31061.4,92
2019-10-11,22,29266.0,91
2019-10-11,23,34140.5,96
2019-10-12,0,31720.3,93
2019-10-12,1,25554.7,85
2019-10-12,2,27398.9,88
2019-10-12,3,27398.9,88
2019-10-12,4,29082.1,90
2019-10-12,5,30331.0,92
2019-10-12,6,32978.6,94
2019-10-12,7,32978.6,94
2019-10-12,8,32978.6,94
2019-10-12,9,32978.6,94
2019-10-12,10,32232.6,93
2019-10-12,11,31519.2,92
2019-10-12,12,29723.8,91
2019-10-12,13,28791.8,90
2019-10-12,14,28256.3,89
2019-10-12,15,28256.3,89
2019-10-12,16,28106.3,88
2019-10-12,17,29620.3,91
2019-10-12,18,31769.1,94
2019-10-12,19,31769.1,94
2019-10-12,20,30916.9,93
2019-10-12,21,30227.5,92
2019-10-12,22,28768.1,90
2019-10-12,23,27907.1,89
2019-10-13,0,26975.1,88
2019-10-13,1,26371.5,87
2019-10-13,2,27303.5,88
2019-10-13,3,27303.5,88
2019-10-13,4,28164.5,89
2019-10-13,5,28768.1,90
2019-10-13,6,31099.0,92
2019-10-13,7,31845.0,93
2019-10-13,8,31845.0,93
2019-10-13,9,31845.0,93
2019-10-13,10,32697.2,94
2019-10-13,11,30901.8,93
2019-10-13,12,32054.6,94
2019-10-13,13,33492.1,96
2019-10-13,14,35287.5,97
2019-10-13,15,36690.3,99
2019-10-13,16,37614.1,100
2019-10-13,17,39993.4,103
2019-10-13,18,41549.9,105
2019-10-13,19,41549.9,105
2019-10-13,20,41549.9,105
2019-10-13,21,38804.4,102
2019-10-13,22,34863.1,97
2019-10-13,23,30397.1,92
2019-10-14,0,29457.5,91
2019-10-14,1,28768.1,90
2019-10-14,2,28768.1,90
2019-10-14,3,29993.0,92
2019-10-14,4,33425.6,95
2019-10-14,5,35079.5,98
2019-10-14,6,36930.3,99
2019-10-14,7,38531.4,101
2019-10-14,8,40249.2,103
2019-10-14,9,40249.2,103
2019-10-14,10,40819.2,104
2019-10-14,11,44827.6,105
2019-10-14,12,44257.6,104
2019-10-14,13,44257.6,104
2019-10-14,14,44257.6,104
2019-10-14,15,44257.6,104
2019-10-14,16,44257.6,104
2019-10-14,17,43847.6,103
2019-10-14,18,43847.6,103
2019-10-14,19,43847.6,103
2019-10-14,20,43847.6,103
2019-10-14,21,39839.2,102
2019-10-14,22,36523.7,99
2019-10-14,23,32999.7,95
2019-10-15,0,31054.3,93
2019-10-15,1,31054.3,93
2019-10-15,2,30772.3,93
2019-10-15,3,31711.9,94
2019-10-15,4,36536.1,98
2019-10-15,5,38784.5,101
2019-10-15,6,38784.5,101
2019-10-15,7,40819.2,104
2019-10-15,8,42375.7,106
2019-10-15,9,43562.5,107
2019-10-15,10,47068.8,105
2019-10-15,11,47068.8,105
2019-10-15,12,47068.8,105
2019-10-15,13,49304.9,109
2019-10-15,14,52450.8,112
2019-10-15,15,52450.8,112
2019-10-15,16,52450.8,112
2019-10-15,17,52450.8,112
2019-10-15,18,51260.9,111
2019-10-15,19,51260.9,111
2019-10-15,20,49376.9,109
2019-10-15,21,43378.5,106
2019-10-15,22,36570.6,98
2019-10-15,23,34719.8,97
2019-10-16,0,31834.8,94
2019-10-16,1,26825.1,87
2019-10-16,2,26230.1,86
2019-10-16,3,26059.7,85
2019-10-16,4,29481.5,89
2019-10-16,5,31079.7,91
2019-10-16,6,32161.7,93
2019-10-16,7,33101.3,94
2019-10-16,8,33101.3,94
2019-10-16,9,33101.3,94
2019-10-16,10,31305.9,93
2019-10-16,11,30366.3,92
2019-10-16,12,30366.3,92
2019-10-16,13,30366.3,92
2019-10-16,14,30366.3,92
2019-10-16,15,30045.9,90
2019-10-16,16,30714.2,92
2019-10-16,17,35537.5,98
2019-10-16,18,38205.0,101
2019-10-16,19,38205.0,101
2019-10-16,20,38205.0,101
2019-10-16,21,35997.0,98
2019-10-16,22,31910.9,93
2019-10-16,23,34823.3,97
2019-10-17,0,31124.7,94
2019-10-17,1,26930.8,88
2019-10-17,2,26327.2,87
2019-10-17,3,26327.2,87
2019-10-17,4,30804.9,93
2019-10-17,5,33787.1,95
2019-10-17,6,34219.1,96
2019-10-17,7,35722.1,97
2019-10-17,8,35872.1,98
2019-10-17,9,34836.1,97
2019-10-17,10,34836.1,97
2019-10-17,11,32542.8,95
2019-10-17,12,32143.8,93
2019-10-17,13,32227.2,93
2019-10-17,14,32377.2,94
2019-10-17,15,32377.2,94
2019-10-17,16,32377.2,94
2019-10-17,17,34888.2,94
2019-10-17,18,37075.0,97
2019-10-17,19,35888.2,96
2019-10-17,20,35888.2,96
2019-10-17,21,32384.4,93
2019-10-17,22,28432.1,89
2019-10-17,23,25348.1,84
2019-10-18,0,23907.8,81
2019-10-18,1,23907.8,81
2019-10-18,2,24409.9,84
2019-10-18,3,26975.1,88
2019-10-18,4,30203.5,92
2019-10-18,5,32851.1,94
2019-10-18,6,33564.5,95
2019-10-18,7,33564.5,95
2019-10-18,8,33564.5,95
2019-10-18,9,33564.5,95
2019-10-18,10,32851.1,94
2019-10-18,11,32535.5,92
2019-10-18,12,33248.9,93
2019-10-18,13,33564.5,95
2019-10-18,14,35537.5,98
2019-10-18,15,35537.5,98
2019-10-18,16,35537.5,98
2019-10-18,17,35087.5,97
2019-10-18,18,37238.9,98
2019-10-18,19,37238.9,98
2019-10-18,20,35550.6,96
2019-10-18,21,32760.2,94
2019-10-18,22,30275.4,92
2019-10-18,23,26525.1,87
2019-10-19,0,25116.5,84
2019-10-19,1,23170.1,81
2019-10-19,2,22988.4,80
2019-10-19,3,23340.5,82
2019-10-19,4,25286.9,85
2019-10-19,5,28168.1,88
2019-10-19,6,29457.5,91
2019-10-19,7,34187.4,96
2019-10-19,8,36373.4,99
2019-10-19,9,36373.4,99
2019-10-19,10,40058.8,104
2019-10-19,11,40973.4,105
2019-10-19,12,41554.6,105
2019-10-19,13,42433.0,106
2019-10-19,14,44389.0,108
2019-10-19,15,44389.0,108
2019-10-19,16,44389.0,108
2019-10-19,17,45067.1,109
2019-10-19,18,45067.1,109
2019-10-19,19,45067.1,109
2019-10-19,20,45067.1,109
2019-10-19,21,41441.8,105
2019-10-19,22,38908.0,102
2019-10-19,23,35346.8,98
2019-10-20,0,34407.2,97
2019-10-20,1,32999.7,95
2019-10-20,2,31497.9,93
2019-10-20,3,32286.3,94
2019-10-20,4,30490.9,93
2019-10-20,5,32286.3,94
2019-10-20,6,32286.3,94
2019-10-20,7,34519.5,96
2019-10-20,8,35459.1,97
2019-10-20,9,36957.8,96
2019-10-20,10,36957.8,96
2019-10-20,11,37872.4,97
2019-10-20,12,39597.7,101
2019-10-20,13,41331.7,102
2019-10-20,14,43021.6,105
2019-10-20,15,43699.7,106
2019-10-20,16,43699.7,106
2019-10-20,17,43699.7,106
2019-10-20,18,44502.9,107
2019-10-20,19,44502.9,107
2019-10-20,20,44502.9,107
2019-10-20,21,38794.5,100
2019-10-20,22,35954.1,96
2019-10-20,23,33243.5,93
2019-10-21,0,33243.5,93
2019-10-21,1,28117.1,88
2019-10-21,2,27399.9,86
2019-10-21,3,27399.9,86
2019-10-21,4,31368.3,93
2019-10-21,5,35177.1,97
2019-10-21,6,34141.1,96
2019-10-21,7,36029.3,98
2019-10-21,8,36029.3,98
2019-10-21,9,36461.3,99
2019-10-21,10,36461.3,99
2019-10-21,11,37441.3,101
2019-10-21,12,37441.3,101
2019-10-21,13,38185.5,101
2019-10-21,14,39919.5,102
2019-10-21,15,39919.5,102
2019-10-21,16,39908.2,102
2019-10-21,17,41904.2,105
2019-10-21,18,42986.4,106
2019-10-21,19,42986.4,106
2019-10-21,20,42986.4,106
2019-10-21,21,39237.7,102
2019-10-21,22,35033.9,98
2019-10-21,23,35599.9,98
2019-10-22,0,29886.3,91
2019-10-22,1,26709.8,88
2019-10-22,2,27745.8,89
2019-10-22,3,28834.0,90
2019-10-22,4,33313.7,95
2019-10-22,5,36104.1,97
2019-10-22,6,36104.1,97
2019-10-22,7,37618.3,99
2019-10-22,8,37618.3,99
2019-10-22,9,36619.7,99
2019-10-22,10,36619.7,99
2019-10-22,11,34824.1,97
2019-10-22,12,34824.1,97
2019-10-22,13,34824.1,97
2019-10-22,14,36662.5,99
2019-10-22,15,36662.5,99
2019-10-22,16,36662.5,99
2019-10-22,17,39098.7,102
2019-10-22,18,39098.7,102
2019-10-22,19,39098.7,102
2019-10-22,20,38666.7,101
2019-10-22,21,33883.7,96
2019-10-22,22,29033.5,90
2019-10-22,23,23444.9,82
2019-10-23,0,21787.4,78
2019-10-23,1,19528.6,74
2019-10-23,2,20045.6,75
2019-10-23,3,21186.1,78
2019-10-23,4,25081.7,84
2019-10-23,5,27951.1,88
2019-10-23,6,27785.5,87
2019-10-23,7,28101.1,89
2019-10-23,8,31171.7,93
2019-10-23,9,31171.7,93
2019-10-23,10,31006.1,92
2019-10-23,11,31541.6,93
2019-10-23,12,32646.8,95
2019-10-23,13,32646.8,95
2019-10-23,14,35429.6,97
2019-10-23,15,36203.4,97
2019-10-23,16,35514.5,97
2019-10-23,17,38224.5,99
2019-10-23,18,40097.3,102
2019-10-23,19,40097.3,102
2019-10-23,20,40097.3,102
2019-10-23,21,35976.1,98
2019-10-23,22,29399.0,91
2019-10-23,23,24859.9,85
2019-10-24,0,23256.5,83
2019-10-24,1,23256.5,83
2019-10-24,2,24859.9,85
2019-10-24,3,26543.1,87
2019-10-24,4,31910.9,93
2019-10-24,5,33032.3,95
2019-10-24,6,35037.3,97
2019-10-24,7,35037.3,97
2019-10-24,8,35750.7,98
2019-10-24,9,34597.9,97
2019-10-24,10,34597.9,97
2019-10-24,11,36461.3,99
2019-10-24,12,36461.3,99
2019-10-24,13,36046.7,97
2019-10-24,14,36295.7,98
2019-10-24,15,36461.3,99
2019-10-24,16,37375.9,100
2019-10-24,17,37375.9,100
2019-10-24,18,37375.9,100
2019-10-24,19,37375.9,100
2019-10-24,20,35537.5,98
2019-10-24,21,30836.5,93
2019-10-24,22,26809.1,87
2019-10-24,23,26359.1,86
2019-10-25,0,25145.1,83
2019-10-25,1,21390.6,78
2019-10-25,2,21390.6,78
2019-10-25,3,22371.2,80
2019-10-25,4,26393.1,86
2019-10-25,5,28393.9,88
2019-10-25,6,29546.7,89
2019-10-25,7,32083.6,93
2019-10-25,8,30930.8,92
2019-10-25,9,30930.8,92
2019-10-25,10,30930.8,92
2019-10-25,11,30267.3,90
2019-10-25,12,29586.3,88
2019-10-25,13,28991.3,87
2019-10-25,14,27219.9,83
2019-10-25,15,27540.3,85
2019-10-25,16,28264.9,87
2019-10-25,17,30337.9,90
2019-10-25,18,31646.3,92
2019-10-25,19,31646.3,92
2019-10-25,20,31646.3,92
2019-10-25,21,28863.5,90
2019-10-25,22,28556.9,89
2019-10-25,23,28556.9,89
2019-10-26,0,26873.7,87
2019-10-26,1,26873.7,87
2019-10-26,2,26873.7,87
2019-10-26,3,26873.7,87
2019-10-26,4,28556.9,89
2019-10-26,5,30522.3,92
2019-10-26,6,32373.1,93
2019-10-26,7,33119.1,94
2019-10-26,8,33551.1,95
2019-10-26,9,33551.1,95
2019-10-26,10,32398.3,94
2019-10-26,11,29080.0,91
2019-10-26,12,27405.1,87
2019-10-26,13,26466.9,87
2019-10-26,14,28150.1,89
2019-10-26,15,29295.5,91
2019-10-26,16,30916.9,93
2019-10-26,17,33410.3,94
2019-10-26,18,34349.9,95
2019-10-26,19,35385.9,96
2019-10-26,20,35385.9,96
2019-10-26,21,31998.9,93
2019-10-26,22,30053.5,91
2019-10-26,23,26975.1,88
2019-10-27,0,25534.8,85
2019-10-27,1,24339.8,82
2019-10-27,2,23706.5,82
2019-10-27,3,23706.5,82
2019-10-27,4,24691.9,84
2019-10-27,5,27088.5,87
2019-10-27,6,28916.5,90
2019-10-27,7,31345.9,91
2019-10-27,8,31345.9,91
2019-10-27,9,31345.9,91
2019-10-27,10,29611.9,90
2019-10-27,11,27966.5,88
2019-10-27,12,26939.5,86
2019-10-27,13,26939.5,86
2019-10-27,14,28150.1,89
2019-10-27,15,28685.6,90
2019-10-27,16,30328.9,93
2019-10-27,17,34685.3,97
2019-10-27,18,36536.1,98
2019-10-27,19,36536.1,98
2019-10-27,20,35164.5,96
2019-10-27,21,32567.7,94
2019-10-27,22,29585.0,91
2019-10-27,23,26543.1,87
2019-10-28,0,25454.9,86
2019-10-28,1,25134.5,84
2019-10-28,2,25454.9,86
2019-10-28,3,26543.1,87
2019-10-28,4,31236.9,94
2019-10-28,5,34597.9,97
2019-10-28,6,34597.9,97
2019-10-28,7,35537.5,98
2019-10-28,8,35537.5,98
2019-10-28,9,35537.5,98
2019-10-28,10,35537.5,98
2019-10-28,11,35750.7,98
2019-10-28,12,35061.3,97
2019-10-28,13,33265.9,96
2019-10-28,14,33955.3,97
2019-10-28,15,34525.3,98
2019-10-28,16,36320.7,99
2019-10-28,17,39098.7,102
2019-10-28,18,39098.7,102
2019-10-28,19,39098.7,102
2019-10-28,20,37752.1,100
2019-10-28,21,33219.0,95
2019-10-28,22,26643.5,86
2019-10-28,23,24317.4,83
2019-10-29,0,23566.3,79
2019-10-29,1,22380.5,78
2019-10-29,2,22981.6,81
2019-10-29,3,25141.9,85
2019-10-29,4,29862.0,91
2019-10-29,5,31712.8,92
2019-10-29,6,32865.6,93
2019-10-29,7,35196.5,95
2019-10-29,8,34193.7,95
2019-10-29,9,34907.1,96
2019-10-29,10,34741.5,95
2019-10-29,11,34088.8,93
2019-10-29,12,34088.8,93
2019-10-29,13,34259.2,94
2019-10-29,14,34259.2,94
2019-10-29,15,32613.8,94
2019-10-29,16,35562.0,96
2019-10-29,17,35562.0,96
2019-10-29,18,37688.9,99
2019-10-29,19,37688.9,99
2019-10-29,20,35819.4,96
2019-10-29,21,31249.8,92
2019-10-29,22,26860.5,84
2019-10-29,23,26860.5,84
2019-10-30,0,25475.4,81
2019-10-30,1,25506.4,81
2019-10-30,2,25506.4,81
2019-10-30,3,27140.6,87
2019-10-30,4,31769.1,94
2019-10-30,5,34442.7,96
2019-10-30,6,34442.7,96
2019-10-30,7,37070.5,96
2019-10-30,8,37070.5,96
2019-10-30,9,36238.1,97
2019-10-30,10,36238.1,97
2019-10-30,11,34442.7,96
2019-10-30,12,34442.7,96
2019-10-30,13,34442.7,96
2019-10-30,14,35604.1,96
2019-10-30,15,34751.9,95
2019-10-30,16,37373.2,96
2019-10-30,17,37373.2,96
2019-10-30,18,38536.8,98
2019-10-30,19,38536.8,98
2019-10-30,20,38536.8,98
2019-10-30,21,34436.3,93
2019-10-30,22,30996.3,91
2019-10-30,23,30825.9,90
2019-10-31,0,32078.3,93
2019-10-31,1,32078.3,93
2019-10-31,2,33231.1,94
2019-10-31,3,36941.7,99
2019-10-31,4,42986.8,104
2019-10-31,5,47847.4,106
2019-10-31,6,47847.4,106
2019-10-31,7,48417.4,107
2019-10-31,8,48417.4,107
2019-10-31,9,48417.4,107
2019-10-31,10,42558.2,105
2019-10-31,11,40762.8,104
2019-10-31,12,36299.9,100
2019-10-31,13,35040.5,98
2019-10-31,14,34100.9,97
2019-10-31,15,32113.1,95
2019-10-31,16,33847.1,96
2019-10-31,17,37841.5,100
2019-10-31,18,41494.2,104
2019-10-31,19,41494.2,104
2019-10-31,20,41062.2,103
2019-10-31,21,41062.2,103
2019-10-31,22,37735.4,99
2019-10-31,23,36134.3,97
2019-11-01,0,36566.3,98
2019-11-01,1,37255.7,99
2019-11-01,2,38195.3,100
2019-11-01,3,40296.7,102
2019-11-01,4,46155.9,104
2019-11-01,5,48681.9,107
2019-11-01,6,48681.9,107
2019-11-01,7,47829.7,106
2019-11-01,8,47259.7,105
2019-11-01,9,43251.3,104
2019-11-01,10,39799.5,101
2019-11-01,11,35429.6,97
2019-11-01,12,33265.1,94
2019-11-01,13,31414.3,93
2019-11-01,14,31171.7,93
2019-11-01,15,29984.9,92
2019-11-01,16,32392.0,95
2019-11-01,17,37197.6,99
2019-11-01,18,39274.2,101
2019-11-01,19,39844.2,102
2019-11-01,20,39182.7,101
2019-11-01,21,38243.1,100
2019-11-01,22,36520.3,98
2019-11-01,23,36774.4,97
2019-11-02,0,32577.6,94
2019-11-02,1,30714.2,92
2019-11-02,2,29355.3,90
2019-11-02,3,29505.3,91
2019-11-02,4,31769.1,94
2019-11-02,5,34940.6,97
2019-11-02,6,38424.3,100
2019-11-02,7,38424.3,100
2019-11-02,8,38424.3,100
2019-11-02,9,38424.3,100
2019-11-02,10,35689.3,98
2019-11-02,11,33265.9,96
2019-11-02,12,31798.4,94
2019-11-02,13,29564.8,91
2019-11-02,14,28712.6,90
2019-11-02,15,29899.4,91
2019-11-02,16,30987.6,92
2019-11-02,17,34836.4,96
2019-11-02,18,35371.9,97
2019-11-02,19,35371.9,97
2019-11-02,20,35371.9,97
2019-11-02,21,35371.9,97
2019-11-02,22,32423.7,95
2019-11-02,23,31888.2,94
2019-11-03,0,31888.2,94
2019-11-03,1,31142.2,93
2019-11-03,2,31677.7,94
2019-11-03,3,33473.1,95
2019-11-03,4,34219.1,96
2019-11-03,5,37222.7,98
2019-11-03,6,36035.9,97
2019-11-03,7,36749.3,98
2019-11-03,8,36749.3,98
2019-11-03,9,35885.9,96
2019-11-03,10,33015.6,94
2019-11-03,11,30432.9,91
2019-11-03,12,28582.1,90
2019-11-03,13,27289.1,88
2019-11-03,14,25880.5,85
2019-11-03,15,25880.5,85
2019-11-03,16,28432.1,89
2019-11-03,17,31856.5,94
2019-11-03,18,35340.2,97
2019-11-03,19,37191.0,98
2019-11-03,20,36038.2,97
2019-11-03,21,31160.3,92
2019-11-03,22,29692.8,90
2019-11-03,23,27084.5,85
2019-11-04,0,23806.0,82
2019-11-04,1,23419.0,82
2019-11-04,2,24483.0,84
2019-11-04,3,26975.1,88
2019-11-04,4,29303.6,91
2019-11-04,5,34326.2,96
2019-11-04,6,35976.9,98
2019-11-04,7,36690.3,99
2019-11-04,8,36690.3,99
2019-11-04,9,36690.3,99
2019-11-04,10,35976.9,98
2019-11-04,11,33884.5,96
2019-11-04,12,33884.5,96
2019-11-04,13,32089.1,95
2019-11-04,14,33884.5,96
2019-11-04,15,33884.5,96
2019-11-04,16,36619.7,99
2019-11-04,17,40609.5,102
2019-11-04,18,40188.8,102
2019-11-04,19,40188.8,102
2019-11-04,20,39756.8,101
2019-11-04,21,37231.9,98
2019-11-04,22,33369.1,95
2019-11-04,23,28437.5,90
2019-11-05,0,27349.3,89
2019-11-05,1,27041.0,88
2019-11-05,2,27041.0,88
2019-11-05,3,28625.8,90
2019-11-05,4,29557.8,91
2019-11-05,5,34362.9,96
2019-11-05,6,35215.1,97
2019-11-05,7,37278.1,100
2019-11-05,8,38024.1,101
2019-11-05,9,36871.3,100
2019-11-05,10,36871.3,100
2019-11-05,11,36871.3,100
2019-11-05,12,36539.6,98
2019-11-05,13,35797.5,98
2019-11-05,14,35797.5,98
2019-11-05,15,35797.5,98
2019-11-05,16,36862.1,100
2019-11-05,17,40403.4,104
2019-11-05,18,42163.7,106
2019-11-05,19,42163.7,106
2019-11-05,20,42163.7,106
2019-11-05,21,40403.4,104
2019-11-05,22,37523.6,101
2019-11-05,23,33939.3,96
2019-11-06,0,30490.9,93
2019-11-06,1,30490.9,93
2019-11-06,2,28940.5,91
2019-11-06,3,28940.5,91
2019-11-06,4,30490.9,93
2019-11-06,5,33971.9,96
2019-11-06,6,36536.1,98
2019-11-06,7,36536.1,98
2019-11-06,8,36536.1,98
2019-11-06,9,36536.1,98
2019-11-06,10,36536.1,98
2019-11-06,11,36536.1,98
2019-11-06,12,34205.2,96
2019-11-06,13,33515.8,95
2019-11-06,14,33515.8,95
2019-11-06,15,33515.8,95
2019-11-06,16,33515.8,95
2019-11-06,17,37450.7,99
2019-11-06,18,39527.3,101
2019-11-06,19,39527.3,101
2019-11-06,20,38991.8,100
2019-11-06,21,36000.6,97
2019-11-06,22,32354.4,95
2019-11-06,23,29361.4,91
2019-11-07,0,26227.8,87
2019-11-07,1,24639.9,85
2019-11-07,2,26543.1,87
2019-11-07,3,26543.1,87
2019-11-07,4,29303.6,91
2019-11-07,5,33247.8,95
2019-11-07,6,35252.8,97
2019-11-07,7,35252.8,97
2019-11-07,8,34100.0,96
2019-11-07,9,35039.6,97
2019-11-07,10,35039.6,97
2019-11-07,11,35039.6,97
2019-11-07,12,34273.8,93
2019-11-07,13,34625.0,95
2019-11-07,14,34625.0,95
2019-11-07,15,36359.0,96
2019-11-07,16,35684.0,96
2019-11-07,17,36773.6,98
2019-11-07,18,36773.6,98
2019-11-07,19,36773.6,98
2019-11-07,20,36341.6,97
2019-11-07,21,32917.2,94
2019-11-07,22,31183.2,93
2019-11-07,23,26974.9,87
2019-11-08,0,25612.1,86
2019-11-08,1,25643.1,86
2019-11-08,2,26641.7,86
2019-11-08,3,27850.7,87
2019-11-08,4,30065.5,90
2019-11-08,5,35566.5,96
2019-11-08,6,38051.3,98
2019-11-08,7,38990.9,99
2019-11-08,8,40337.5,101
2019-11-08,9,40337.5,101
2019-11-08,10,41261.3,102
2019-11-08,11,41261.3,102
2019-11-08,12,39527.3,101
2019-11-08,13,38587.7,100
2019-11-08,14,38726.5,100
2019-11-08,15,36875.7,99
2019-11-08,16,38528.7,101
2019-11-08,17,42809.6,105
2019-11-08,18,42809.6,105
2019-11-08,19,42809.6,105
2019-11-08,20,42809.6,105
2019-11-08,21,41574.4,103
2019-11-08,22,40223.5,101
2019-11-08,23,38489.5,100
2019-11-09,0,38239.3,100
2019-11-09,1,35318.7,97
2019-11-09,2,34605.3,96
2019-11-09,3,35318.7,97
2019-11-09,4,36258.3,98
2019-11-09,5,38096.7,100
2019-11-09,6,39830.7,101
2019-11-09,7,39830.7,101
2019-11-09,8,40262.7,102
2019-11-09,9,40262.7,102
2019-11-09,10,36690.3,99
2019-11-09,11,34563.4,96
2019-11-09,12,32768.0,95
2019-11-09,13,30763.0,93
2019-11-09,14,31380.3,93
2019-11-09,15,30516.9,91
2019-11-09,16,32628.0,94
2019-11-09,17,35047.5,97
2019-11-09,18,36842.9,98
2019-11-09,19,36842.9,98
2019-11-09,20,36842.9,98
2019-11-09,21,35108.9,97
2019-11-09,22,33210.1,95
2019-11-09,23,33923.5,96
2019-11-10,0,31978.1,94
2019-11-10,1,29457.5,91
2019-11-10,2,29457.5,91
2019-11-10,3,29457.5,91
2019-11-10,4,31252.9,92
2019-11-10,5,31966.3,93
2019-11-10,6,34400.6,96
2019-11-10,7,36134.6,97
2019-11-10,8,35098.6,96
2019-11-10,9,33303.2,95
2019-11-10,10,31835.7,93
2019-11-10,11,29984.9,92
2019-11-10,12,28691.9,90
2019-11-10,13,27139.1,87
2019-11-10,14,26324.1,86
2019-11-10,15,26324.1,86
2019-11-10,16,28582.1,90
2019-11-10,17,32392.0,95
2019-11-10,18,34187.4,96
2019-11-10,19,35340.2,97
2019-11-10,20,35340.2,97
2019-11-10,21,30028.3,90
2019-11-10,22,26439.1,86
2019-11-10,23,22552.9,81
2019-11-11,0,20808.7,77
2019-11-11,1,19812.7,74
2019-11-11,2,19812.7,74
2019-11-11,3,19812.7,74
2019-11-11,4,22702.9,82
2019-11-11,5,30115.5,92
2019-11-11,6,34682.5,96
2019-11-11,7,35049.3,97
2019-11-11,8,35049.3,97
2019-11-11,9,36937.5,99
2019-11-11,10,37789.2,100
2019-11-11,11,37134.3,100
2019-11-11,12,39363.7,102
2019-11-11,13,39363.7,102
2019-11-11,14,41667.7,104
2019-11-11,15,43744.3,106
2019-11-11,16,47059.8,109
2019-11-11,17,48616.3,111
2019-11-11,18,48616.3,111
2019-11-11,19,48616.3,111
2019-11-11,20,48616.3,111
2019-11-11,21,45293.0,107
2019-11-11,22,40508.7,101
2019-11-11,23,40508.7,101
2019-11-12,0,40508.7,101
2019-11-12,1,39888.7,101
2019-11-12,2,39888.7,101
2019-11-12,3,42254.1,103
2019-11-12,4,42254.1,103
2019-11-12,5,47941.8,108
2019-11-12,6,53103.0,110
2019-11-12,7,54185.2,111
2019-11-12,8,54185.2,111
2019-11-12,9,52870.4,110
2019-11-12,10,52198.200000000004,110
2019-11-12,11,52198.200000000004,110
2019-11-12,12,52198.200000000004,110
2019-11-12,13,44402.0,106
2019-11-12,14,43487.4,105
2019-11-12,15,42606.6,105
2019-11-12,16,48349.0,107
2019-11-12,17,52783.1,111
2019-11-12,18,54773.1,113
2019-11-12,19,54773.1,113
2019-11-12,20,54773.1,113
2019-11-12,21,54773.1,113
2019-11-12,22,53091.5,111
2019-11-12,23,49187.2,107
2019-11-13,0,48247.6,106
2019-11-13,1,46020.2,104
2019-11-13,2,47815.6,105
2019-11-13,3,47280.1,104
2019-11-13,4,49014.1,105
2019-11-13,5,53280.9,111
2019-11-13,6,54133.1,112
2019-11-13,7,54133.1,112
2019-11-13,8,52946.3,111
2019-11-13,9,49888.9,107
2019-11-13,10,45880.5,106
2019-11-13,11,43459.7,104
2019-11-13,12,42306.9,103
2019-11-13,13,40572.9,102
2019-11-13,14,39159.0,100
2019-11-13,15,41009.8,101
2019-11-13,16,44101.4,106
2019-11-13,17,48109.8,107
2019-11-13,18,50996.6,109
2019-11-13,19,49145.8,108
2019-11-13,20,49145.8,108
2019-11-13,21,49145.8,108
2019-11-13,22,47350.4,107
2019-11-13,23,47795.4,107
2019-11-14,0,42847.4,105
2019-11-14,1,40707.9,102
2019-11-14,2,40707.9,102
2019-11-14,3,41897.8,103
2019-11-14,4,45060.9,106
2019-11-14,5,46760.8,109
2019-11-14,6,47639.2,110
2019-11-14,7,47639.2,110
2019-11-14,8,46961.1,109
2019-11-14,9,43590.0,105
2019-11-14,10,42163.9,104
2019-11-14,11,39763.9,101
2019-11-14,12,38029.9,100
2019-11-14,13,37090.3,99
2019-11-14,14,34791.6,95
2019-11-14,15,34791.6,95
2019-11-14,16,36246.3,97
2019-11-14,17,42952.9,102
2019-11-14,18,45839.7,104
2019-11-14,19,45839.7,104
2019-11-14,20,45839.7,104
2019-11-14,21,45407.7,103
2019-11-14,22,44483.9,102
2019-11-14,23,41557.7,102
2019-11-15,0,39710.1,101
2019-11-15,1,41820.7,103
2019-11-15,2,40738.5,102
2019-11-15,3,41541.7,103
2019-11-15,4,44200.0,106
2019-11-15,5,50374.4,109
2019-11-15,6,51226.6,110
2019-11-15,7,51226.6,110
2019-11-15,8,51226.6,110
2019-11-15,9,48572.6,108
2019-11-15,10,43482.0,106
2019-11-15,11,40516.5,103
2019-11-15,12,36937.5,99
2019-11-15,13,33805.3,96
2019-11-15,14,33634.9,95
2019-11-15,15,32802.5,96
2019-11-15,16,35521.7,98
2019-11-15,17,38607.4,102
2019-11-15,18,40341.4,103
2019-11-15,19,41344.2,103
2019-11-15,20,40404.6,102
2019-11-15,21,39814.2,101
2019-11-15,22,38661.4,100
2019-11-15,23,37867.0,100
2019-11-16,0,37887.4,100
2019-11-16,1,37532.8,101
2019-11-16,2,39017.4,103
2019-11-16,3,40170.2,104
2019-11-16,4,41904.2,105
2019-11-16,5,45912.6,106
2019-11-16,6,45342.6,105
2019-11-16,7,47193.4,106
2019-11-16,8,47193.4,106
2019-11-16,9,45342.6,105
2019-11-16,10,41334.2,104
2019-11-16,11,37761.8,101
2019-11-16,12,33796.6,96
2019-11-16,13,30901.8,93
2019-11-16,14,27991.3,88
2019-11-16,15,27820.9,87
2019-11-16,16,30366.3,92
2019-11-16,17,34326.2,96
2019-11-16,18,37116.2,99
2019-11-16,19,37116.2,99
2019-11-16,20,37116.2,99
2019-11-16,21,35463.2,97
2019-11-16,22,33386.6,95
2019-11-16,23,34504.1,96
2019-11-17,0,32708.7,95
2019-11-17,1,31769.1,94
2019-11-17,2,33564.5,95
2019-11-17,3,34062.4,96
2019-11-17,4,35916.6,98
2019-11-17,5,37993.2,100
2019-11-17,6,37993.2,100
2019-11-17,7,40262.7,102
2019-11-17,8,40262.7,102
2019-11-17,9,40262.7,102
2019-11-17,10,37614.1,100
2019-11-17,11,33244.2,96
2019-11-17,12,31615.2,94
2019-11-17,13,30061.9,91
2019-11-17,14,29025.9,90
2019-11-17,15,28729.9,88
2019-11-17,16,31953.7,93
2019-11-17,17,36003.3,98
2019-11-17,18,39682.7,101
2019-11-17,19,39682.7,101
2019-11-17,20,39682.7,101
2019-11-17,21,39682.7,101
2019-11-17,22,37948.7,100
2019-11-17,23,37009.1,99
2019-11-18,0,35213.7,98
2019-11-18,1,33078.6,95
2019-11-18,2,34874.0,96
2019-11-18,3,34874.0,96
2019-11-18,4,34539.4,96
2019-11-18,5,42137.4,105
2019-11-18,6,43789.6,107
2019-11-18,7,43789.6,107
2019-11-18,8,43789.6,107
2019-11-18,9,42416.4,105
2019-11-18,10,39600.2,103
2019-11-18,11,37100.3,100
2019-11-18,12,35447.3,98
2019-11-18,13,33116.4,96
2019-11-18,14,33116.4,96
2019-11-18,15,34911.8,97
2019-11-18,16,37084.5,100
2019-11-18,17,40571.0,104
2019-11-18,18,42055.6,106
2019-11-18,19,42055.6,106
2019-11-18,20,42055.6,106
2019-11-18,21,40682.4,104
2019-11-18,22,38024.1,101
2019-11-18,23,35308.5,98
2019-11-19,0,33513.1,97
2019-11-19,1,30785.9,94
2019-11-19,2,31646.9,95
2019-11-19,3,32799.7,96
2019-11-19,4,34595.1,97
2019-11-19,5,39937.3,102
2019-11-19,6,41168.8,104
2019-11-19,7,41168.8,104
2019-11-19,8,41168.8,104
2019-11-19,9,41168.8,104
2019-11-19,10,39022.7,101
2019-11-19,11,37601.5,99
2019-11-19,12,35750.7,98
2019-11-19,13,33241.9,96
2019-11-19,14,32089.1,95
2019-11-19,15,31249.7,93
2019-11-19,16,31963.1,94
2019-11-19,17,35537.5,98
2019-11-19,18,36690.3,99
2019-11-19,19,36690.3,99
2019-11-19,20,36540.3,98
2019-11-19,21,31904.6,93
2019-11-19,22,27061.3,86
2019-11-19,23,22406.0,78
2019-11-20,0,21474.2,78
2019-11-20,1,20122.8,76
2019-11-20,2,19957.2,75
2019-11-20,3,21225.0,77
2019-11-20,4,21225.0,77
2019-11-20,5,28298.9,87
2019-11-20,6,30638.5,89
2019-11-20,7,30469.0,88
2019-11-20,8,32226.0,92
2019-11-20,9,32658.0,93
2019-11-20,10,31505.2,92
2019-11-20,11,30415.6,90
2019-11-20,12,30415.6,90
2019-11-20,13,30565.6,91
2019-11-20,14,30565.6,91
2019-11-20,15,30565.6,91
2019-11-20,16,32971.5,95
2019-11-20,17,34481.1,97
2019-11-20,18,36215.1,98
2019-11-20,19,36215.1,98
2019-11-20,20,35201.9,97
2019-11-20,21,32539.5,93
2019-11-20,22,27527.6,87
2019-11-20,23,25032.4,84
2019-11-21,0,22068.9,77
2019-11-21,1,20084.5,74
2019-11-21,2,19801.3,73
2019-11-21,3,21639.6,79
2019-11-21,4,23058.5,82
2019-11-21,5,27902.0,89
2019-11-21,6,30035.7,92
2019-11-21,7,31907.3,94
2019-11-21,8,32620.7,95
2019-11-21,9,33742.1,97
2019-11-21,10,33742.1,97
2019-11-21,11,33576.5,96
2019-11-21,12,33576.5,96
2019-11-21,13,33450.0,95
2019-11-21,14,33280.5,94
2019-11-21,15,33280.5,94
2019-11-21,16,35941.9,98
2019-11-21,17,37945.9,101
2019-11-21,18,40832.7,103
2019-11-21,19,40832.7,103
2019-11-21,20,38666.7,101
2019-11-21,21,38096.7,100
2019-11-21,22,34437.9,97
2019-11-21,23,31235.7,93
2019-11-22,0,28994.7,91
2019-11-22,1,28281.3,90
2019-11-22,2,26315.9,87
2019-11-22,3,25273.2,85
2019-11-22,4,26294.1,86
2019-11-22,5,30049.6,92
2019-11-22,6,33053.2,94
2019-11-22,7,34848.6,95
2019-11-22,8,35388.0,95
2019-11-22,9,35538.0,96
2019-11-22,10,36477.6,97
2019-11-22,11,36477.6,97
2019-11-22,12,36477.6,97
2019-11-22,13,35538.0,96
2019-11-22,14,35538.0,96
2019-11-22,15,35538.0,96
2019-11-22,16,38771.1,100
2019-11-22,17,42660.4,104
2019-11-22,18,43575.0,105
2019-11-22,19,43575.0,105
2019-11-22,20,43575.0,105
2019-11-22,21,41989.7,103
2019-11-22,22,38314.1,99
2019-11-22,23,35557.3,96
2019-11-23,0,33386.9,94
2019-11-23,1,33386.9,94
2019-11-23,2,32688.0,92
2019-11-23,3,32889.0,93
2019-11-23,4,34666.6,95
2019-11-23,5,36901.6,97
2019-11-23,6,39067.6,99
2019-11-23,7,40921.8,101
2019-11-23,8,40921.8,101
2019-11-23,9,40921.8,101
2019-11-23,10,39839.6,100
2019-11-23,11,36952.8,98
2019-11-23,12,35324.8,96
2019-11-23,13,31900.4,93
2019-11-23,14,30107.4,91
2019-11-23,15,29755.3,89
2019-11-23,16,32589.8,94
2019-11-23,17,37459.9,99
2019-11-23,18,39937.3,102
2019-11-23,19,39937.3,102
2019-11-23,20,41019.5,103
2019-11-23,21,41019.5,103
2019-11-23,22,40104.9,102
2019-11-23,23,39181.1,101
2019-11-24,0,38028.3,100
2019-11-24,1,37029.7,100
2019-11-24,2,34736.2,97
2019-11-24,3,34736.2,97
2019-11-24,4,34736.2,97
2019-11-24,5,35889.0,98
2019-11-24,6,38336.4,100
2019-11-24,7,38336.4,100
2019-11-24,8,38336.4,100
2019-11-24,9,38336.4,100
2019-11-24,10,36192.4,98
2019-11-24,11,33564.5,95
2019-11-24,12,32011.7,92
2019-11-24,13,30366.3,92
2019-11-24,14,29514.1,91
2019-11-24,15,29514.1,91
2019-11-24,16,29662.9,89
2019-11-24,17,33749.1,94
2019-11-24,18,34838.7,96
2019-11-24,19,35991.5,97
2019-11-24,20,35991.5,97
2019-11-24,21,33256.5,95
2019-11-24,22,30700.9,92
2019-11-24,23,28270.5,87
2019-11-25,0,26185.6,84
2019-11-25,1,23837.6,81
2019-11-25,2,23837.6,81
2019-11-25,3,24339.7,84
2019-11-25,4,27134.9,87
2019-11-25,5,29434.3,91
2019-11-25,6,32232.5,94
2019-11-25,7,34894.9,98
2019-11-25,8,34894.9,98
2019-11-25,9,33742.1,97
2019-11-25,10,33206.6,96
2019-11-25,11,32267.0,95
2019-11-25,12,31577.6,94
2019-11-25,13,31577.6,94
2019-11-25,14,32267.0,95
2019-11-25,15,32267.0,95
2019-11-25,16,35002.0,97
2019-11-25,17,39913.1,102
2019-11-25,18,39913.1,102
2019-11-25,19,39913.1,102
2019-11-25,20,39913.1,102
2019-11-25,21,36840.4,99
2019-11-25,22,34312.6,96
2019-11-25,23,30235.1,92
2019-11-26,0,28041.7,89
2019-11-26,1,22610.4,81
2019-11-26,2,22010.4,79
2019-11-26,3,21474.0,78
2019-11-26,4,23571.4,81
2019-11-26,5,25290.3,84
2019-11-26,6,28293.9,86
2019-11-26,7,31003.7,90
2019-11-26,8,32085.7,92
2019-11-26,9,34051.3,96
2019-11-26,10,34854.5,97
2019-11-26,11,33855.9,97
2019-11-26,12,33855.9,97
2019-11-26,13,33115.9,95
2019-11-26,14,34180.5,97
2019-11-26,15,35809.5,99
2019-11-26,16,38528.7,101
2019-11-26,17,38528.7,101
2019-11-26,18,38528.7,101
2019-11-26,19,36436.3,99
2019-11-26,20,36436.3,99
2019-11-26,21,33373.0,95
2019-11-26,22,32017.0,94
2019-11-26,23,29920.9,91
2019-11-27,0,29920.9,91
2019-11-27,1,28368.5,88
2019-11-27,2,28218.5,87
2019-11-27,3,28218.5,87
2019-11-27,4,27236.1,87
2019-11-27,5,29536.9,89
2019-11-27,6,31585.7,92
2019-11-27,7,31786.1,91
2019-11-27,8,34298.0,95
2019-11-27,9,34298.0,95
2019-11-27,10,33310.8,95
2019-11-27,11,33160.8,94
2019-11-27,12,30386.4,90
2019-11-27,13,30386.4,90
2019-11-27,14,30386.4,90
2019-11-27,15,31316.3,92
2019-11-27,16,33901.3,95
2019-11-27,17,37430.7,97
2019-11-27,18,37580.7,98
2019-11-27,19,36999.5,98
2019-11-27,20,36567.5,97
2019-11-27,21,32181.8,93
2019-11-27,22,29626.1,90
2019-11-27,23,27356.7,84
2019-11-28,0,26634.2,84
2019-11-28,1,24783.4,83
2019-11-28,2,25924.4,85
2019-11-28,3,25924.4,85
2019-11-28,4,27555.1,88
2019-11-28,5,30366.3,92
2019-11-28,6,32744.0,95
2019-11-28,7,35479.0,97
2019-11-28,8,38850.2,100
2019-11-28,9,38850.2,100
2019-11-28,10,39348.1,101
2019-11-28,11,38195.3,100
2019-11-28,12,35902.0,98
2019-11-28,13,33632.5,96
2019-11-28,14,31769.1,94
2019-11-28,15,30830.7,92
2019-11-28,16,33094.2,95
2019-11-28,17,35537.5,98
2019-11-28,18,37921.8,101
2019-11-28,19,37921.8,101
2019-11-28,20,37921.8,101
2019-11-28,21,37921.8,101
2019-11-28,22,35976.9,98
2019-11-28,23,34288.6,96
2019-11-29,0,31553.6,94
2019-11-29,1,30864.2,93
2019-11-29,2,29829.9,91
2019-11-29,3,30366.3,92
2019-11-29,4,31615.2,94
2019-11-29,5,33410.6,95
2019-11-29,6,34563.4,96
2019-11-29,7,35750.2,97
2019-11-29,8,35750.2,97
2019-11-29,9,34597.4,96
2019-11-29,10,34597.4,96
2019-11-29,11,33896.3,94
2019-11-29,12,32100.9,93
2019-11-29,13,31950.9,92
2019-11-29,14,32054.4,92
2019-11-29,15,31202.2,91
2019-11-29,16,31517.8,93
2019-11-29,17,32457.4,94
2019-11-29,18,33146.8,95
2019-11-29,19,33146.8,95
2019-11-29,20,31960.0,94
2019-11-29,21,29399.0,91
2019-11-29,22,26685.0,87
2019-11-29,23,24187.0,83
2019-11-30,0,23420.3,79
2019-11-30,1,20872.9,75
2019-11-30,2,20671.9,74
2019-11-30,3,21268.2,77
2019-11-30,4,21639.6,79
2019-11-30,5,23068.0,81
2019-11-30,6,23594.9,83
2019-11-30,7,26809.1,87
2019-11-30,8,30331.0,92
2019-11-30,9,31452.4,94
2019-11-30,10,31452.4,94
2019-11-30,11,31452.4,94
2019-11-30,12,34685.3,97
2019-11-30,13,35838.1,98
2019-11-30,14,35838.1,98
2019-11-30,15,34126.3,96
2019-11-30,16,33791.2,94
2019-11-30,17,34515.8,96
2019-11-30,18,35609.1,98
2019-11-30,19,35609.1,98
2019-11-30,20,35609.1,98
2019-11-30,21,33865.1,95
2019-11-30,22,32069.7,94
2019-11-30,23,30227.5,92
2019-12-01,0,29514.1,91
2019-12-01,1,26654.7,86
2019-12-01,2,26825.1,87
2019-12-01,3,27836.1,89
2019-12-01,4,28768.1,90
2019-12-01,5,29920.9,91
2019-12-01,6,31771.7,92
2019-12-01,7,32583.6,93
2019-12-01,8,32583.6,93
2019-12-01,9,32583.6,93
2019-12-01,10,32583.6,93
2019-12-01,11,31651.6,92
2019-12-01,12,29302.9,90
2019-12-01,13,28982.5,88
2019-12-01,14,29152.9,89
2019-12-01,15,28432.1,89
2019-12-01,16,31950.3,95
2019-12-01,17,36749.3,98
2019-12-01,18,40609.5,102
2019-12-01,19,40609.5,102
2019-12-01,20,40609.5,102
2019-12-01,21,40609.5,102
2019-12-01,22,39685.7,101
2019-12-01,23,37831.5,99
2019-12-02,0,36134.7,98
2019-12-02,1,33851.9,96
2019-12-02,2,34940.1,97
2019-12-02,3,36790.9,98
2019-12-02,4,38586.3,99
2019-12-02,5,44990.2,102
2019-12-02,6,46363.4,104
2019-12-02,7,47278.0,105
2019-12-02,8,47278.0,105
2019-12-02,9,48649.6,107
2019-12-02,10,42907.2,105
2019-12-02,11,40107.2,102
2019-12-02,12,37688.9,99
2019-12-02,13,35806.1,98
2019-12-02,14,33634.9,95
2019-12-02,15,33634.9,95
2019-12-02,16,36674.5,99
2019-12-02,17,41065.9,103
2019-12-02,18,43175.8,106
2019-12-02,19,43175.8,106
2019-12-02,20,43175.8,106
2019-12-02,21,41727.4,104
2019-12-02,22,40009.6,102
2019-12-02,23,36461.3,99
2019-12-03,0,35039.6,97
2019-12-03,1,33386.6,95
2019-12-03,2,34454.5,97
2019-12-03,3,36091.7,99
2019-12-03,4,38184.1,101
2019-12-03,5,44112.0,106
2019-12-03,6,45704.7,108
2019-12-03,7,45704.7,108
2019-12-03,8,45704.7,108
2019-12-03,9,43318.4,106
2019-12-03,10,39727.2,101
2019-12-03,11,35864.4,98
2019-12-03,12,34130.4,97
2019-12-03,13,32267.0,95
2019-12-03,14,30714.2,92
2019-12-03,15,30714.2,92
2019-12-03,16,33206.6,96
2019-12-03,17,38037.4,101
2019-12-03,18,40924.2,103
2019-12-03,19,40924.2,103
2019-12-03,20,40924.2,103
2019-12-03,21,40924.2,103
2019-12-03,22,39190.2,102
2019-12-03,23,37301.5,100
2019-12-04,0,35279.9,99
2019-12-04,1,34365.3,98
2019-12-04,2,35007.9,98
2019-12-04,3,35007.9,98
2019-12-04,4,37812.9,101
2019-12-04,5,43906.4,107
2019-12-04,6,45640.4,108
2019-12-04,7,45640.4,108
2019-12-04,8,45640.4,108
2019-12-04,9,43789.6,107
2019-12-04,10,42324.9,105
2019-12-04,11,38584.9,102
2019-12-04,12,37100.3,100
2019-12-04,13,35447.3,98
2019-12-04,14,35297.3,97
2019-12-04,15,34945.2,95
2019-12-04,16,37504.5,100
2019-12-04,17,40170.2,104
2019-12-04,18,41904.2,105
2019-12-04,19,41904.2,105
2019-12-04,20,41334.2,104
2019-12-04,21,39600.2,103
2019-12-04,22,36461.3,99
2019-12-04,23,32525.6,94
2019-12-05,0,30409.8,91
2019-12-05,1,27400.7,87
2019-12-05,2,27721.1,89
2019-12-05,3,28653.1,90
2019-12-05,4,30725.4,93
2019-12-05,5,36520.3,98
2019-12-05,6,38612.7,100
2019-12-05,7,38612.7,100
2019-12-05,8,38612.7,100
2019-12-05,9,36962.0,98
2019-12-05,10,35502.7,96
2019-12-05,11,35441.3,96
2019-12-05,12,34126.0,96
2019-12-05,13,32392.0,95
2019-12-05,14,32392.0,95
2019-12-05,15,31977.4,93
2019-12-05,16,31657.9,91
2019-12-05,17,34740.7,97
2019-12-05,18,36536.1,98
2019-12-05,19,36536.1,98
2019-12-05,20,37688.9,99
2019-12-05,21,35893.5,98
2019-12-05,22,32354.4,95
2019-12-05,23,30725.4,93
2019-12-06,0,29364.1,90
2019-12-06,1,26393.1,86
2019-12-06,2,26222.7,85
2019-12-06,3,26222.7,85
2019-12-06,4,26975.1,88
2019-12-06,5,31856.5,94
2019-12-06,6,33861.5,96
2019-12-06,7,33711.5,95
2019-12-06,8,34247.0,96
2019-12-06,9,34247.0,96
2019-12-06,10,34397.0,97
2019-12-06,11,33457.4,96
2019-12-06,12,32744.0,95
2019-12-06,13,31904.6,93
2019-12-06,14,31122.6,93
2019-12-06,15,31122.6,93
2019-12-06,16,33955.3,97
2019-12-06,17,37614.1,100
2019-12-06,18,40180.9,103
2019-12-06,19,40180.9,103
2019-12-06,20,40180.9,103
2019-12-06,21,38174.9,101
2019-12-06,22,36665.3,99
2019-12-06,23,34165.9,96
2019-12-07,0,32370.5,95
2019-12-07,1,32370.5,95
2019-12-07,2,31681.1,94
2019-12-07,3,32370.5,95
2019-12-07,4,33523.3,96
2019-12-07,5,36400.9,98
2019-12-07,6,38134.9,99
2019-12-07,7,40076.5,102
2019-12-07,8,40076.5,102
2019-12-07,9,40076.5,102
2019-12-07,10,39506.5,101
2019-12-07,11,36690.3,99
2019-12-07,12,35037.3,97
2019-12-07,13,33241.9,96
2019-12-07,14,31939.1,94
2019-12-07,15,31403.6,93
2019-12-07,16,33349.0,95
2019-12-07,17,36461.3,99
2019-12-07,18,37614.1,100
2019-12-07,19,37614.1,100
2019-12-07,20,37614.1,100
2019-12-07,21,36674.5,99
2019-12-07,22,35037.3,97
2019-12-07,23,32851.1,94
2019-12-08,0,30553.6,90
2019-12-08,1,29701.4,89
2019-12-08,2,28151.0,87
2019-12-08,3,28151.0,87
2019-12-08,4,28332.7,88
2019-12-08,5,30077.5,91
2019-12-08,6,31230.3,92
2019-12-08,7,32220.1,92
2019-12-08,8,31288.1,91
2019-12-08,9,31438.1,92
2019-12-08,10,32834.6,94
2019-12-08,11,29831.0,92
2019-12-08,12,29831.0,92
2019-12-08,13,28150.1,89
2019-12-08,14,27389.5,87
2019-12-08,15,27389.5,87
2019-12-08,16,29831.0,92
2019-12-08,17,34242.8,96
2019-12-08,18,36038.2,97
2019-12-08,19,37191.0,98
2019-12-08,20,37191.0,98
2019-12-08,21,34187.4,96
2019-12-08,22,30227.5,92
2019-12-08,23,25605.9,86
2019-12-09,0,23682.1,82
2019-12-09,1,21057.7,78
2019-12-09,2,21057.7,78
2019-12-09,3,22552.9,81
2019-12-09,4,24533.1,83
2019-12-09,5,29364.1,90
2019-12-09,6,33700.0,94
2019-12-09,7,34413.4,95
2019-12-09,8,35252.8,97
2019-12-09,9,35252.8,97
2019-12-09,10,37614.1,100
2019-12-09,11,36461.3,99
2019-12-09,12,36461.3,99
2019-12-09,13,37031.3,100
2019-12-09,14,37031.3,100
2019-12-09,15,37031.3,100
2019-12-09,16,39410.6,103
2019-12-09,17,41091.5,104
2019-12-09,18,41241.5,105
2019-12-09,19,41241.5,105
2019-12-09,20,39993.4,103
2019-12-09,21,37182.1,99
2019-12-09,22,33530.9,96
2019-12-09,23,30273.5,91
2019-12-10,0,27506.9,87
2019-12-10,1,25493.1,85
2019-12-10,2,25493.1,85
2019-12-10,3,26458.1,87
2019-12-10,4,29715.7,91
2019-12-10,5,32636.5,93
2019-12-10,6,36451.7,98
2019-12-10,7,38302.5,99
2019-12-10,8,40581.1,102
2019-12-10,9,42376.5,103
2019-12-10,10,44952.5,106
2019-12-10,11,44952.5,106
2019-12-10,12,42019.5,104
2019-12-10,13,41306.1,103
2019-12-10,14,39340.3,101
2019-12-10,15,41306.1,103
2019-12-10,16,42822.7,105
2019-12-10,17,50442.2,109
2019-12-10,18,50442.2,109
2019-12-10,19,49502.6,108
2019-12-10,20,49332.1,107
2019-12-10,21,49332.1,107
2019-12-10,22,44136.9,105
2019-12-10,23,40871.5,101
2019-12-11,0,39020.7,100
2019-12-11,1,39420.9,100
2019-12-11,2,40110.3,101
2019-12-11,3,41192.5,102
2019-12-11,4,43030.9,104
2019-12-11,5,48890.1,106
2019-12-11,6,49460.1,107
2019-12-11,7,49460.1,107
2019-12-11,8,49892.1,108
2019-12-11,9,49701.4,108
2019-12-11,10,45693.0,107
2019-12-11,11,42576.1,103
2019-12-11,12,39003.7,100
2019-12-11,13,35596.5,97
2019-12-11,14,32398.3,94
2019-12-11,15,31862.8,93
2019-12-11,16,36000.6,97
2019-12-11,17,41287.6,104
2019-12-11,18,44174.4,106
2019-12-11,19,44174.4,106
2019-12-11,20,44174.4,106
2019-12-11,21,43454.4,104
2019-12-11,22,39705.4,100
2019-12-11,23,36608.8,96
2019-12-12,0,34212.3,92
2019-12-12,1,34643.0,94
2019-12-12,2,35129.0,97
2019-12-12,3,36281.8,98
2019-12-12,4,39541.9,101
2019-12-12,5,45361.2,107
2019-12-12,6,49369.6,108
2019-12-12,7,49219.6,107
2019-12-12,8,49369.6,108
2019-12-12,9,45361.2,107
2019-12-12,10,42288.5,104
2019-12-12,11,38062.1,99
2019-12-12,12,36247.8,97
2019-12-12,13,34452.4,96
2019-12-12,14,32601.6,95
2019-12-12,15,32601.6,95
2019-12-12,16,37353.3,99
2019-12-12,17,40894.4,104
2019-12-12,18,44459.3,107
2019-12-12,19,44459.3,107
2019-12-12,20,44459.3,107
2019-12-12,21,42902.8,105
2019-12-12,22,41168.8,104
2019-12-12,23,40283.7,103
2019-12-13,0,37548.7,101
2019-12-13,1,35830.9,99
2019-12-13,2,35830.9,99
2019-12-13,3,36366.4,100
2019-12-13,4,38161.8,101
2019-12-13,5,42902.8,105
2019-12-13,6,44788.2,107
2019-12-13,7,44788.2,107
2019-12-13,8,43682.7,105
2019-12-13,9,42600.5,104
2019-12-13,10,39573.0,100
2019-12-13,11,36000.6,97
2019-12-13,12,35057.4,97
2019-12-13,13,33206.6,96
2019-12-13,14,29935.0,89
2019-12-13,15,29935.0,89
2019-12-13,16,32267.0,95
2019-12-13,17,36969.9,100
2019-12-13,18,40832.7,103
2019-12-13,19,40832.7,103
2019-12-13,20,40832.7,103
2019-12-13,21,41344.9,103
2019-12-13,22,40192.1,102
2019-12-13,23,37518.5,100
2019-12-14,0,37518.5,100
2019-12-14,1,35680.1,98
2019-12-14,2,34966.7,97
2019-12-14,3,36090.1,99
2019-12-14,4,37029.7,100
2019-12-14,5,40578.0,103
2019-12-14,6,41501.8,104
2019-12-14,7,42986.4,106
2019-12-14,8,42986.4,106
2019-12-14,9,42986.4,106
2019-12-14,10,41754.9,104
2019-12-14,11,37100.3,100
2019-12-14,12,35947.5,99
2019-12-14,13,34294.5,97
2019-12-14,14,32178.7,94
2019-12-14,15,32349.1,95
2019-12-14,16,32499.1,96
2019-12-14,17,36862.1,100
2019-12-14,18,38938.7,102
2019-12-14,19,38938.7,102
2019-12-14,20,38938.7,102
2019-12-14,21,36665.3,99
2019-12-14,22,35080.5,97
2019-12-14,23,30967.7,93
2019-12-15,0,30797.3,92
2019-12-15,1,29617.6,91
2019-12-15,2,29617.6,91
2019-12-15,3,30331.0,92
2019-12-15,4,30331.0,92
2019-12-15,5,31517.8,93
2019-12-15,6,32670.6,94
2019-12-15,7,33360.0,95
2019-12-15,8,36582.4,98
2019-12-15,9,36582.4,98
2019-12-15,10,34731.6,97
2019-12-15,11,33578.8,96
2019-12-15,12,32889.4,95
2019-12-15,13,31236.4,93
2019-12-15,14,32176.0,94
2019-12-15,15,32176.0,94
2019-12-15,16,35927.5,98
2019-12-15,17,38224.5,99
2019-12-15,18,40188.8,102
2019-12-15,19,40188.8,102
2019-12-15,20,39756.8,101
2019-12-15,21,38155.7,99
2019-12-15,22,34283.7,96
2019-12-15,23,29205.2,91
2019-12-16,0,28884.8,89
2019-12-16,1,27425.4,87
2019-12-16,2,27745.8,89
2019-12-16,3,28834.0,90
2019-12-16,4,31681.1,94
2019-12-16,5,37052.7,98
2019-12-16,6,39348.1,101
2019-12-16,7,40534.9,102
2019-12-16,8,40534.9,102
2019-12-16,9,40534.9,102
2019-12-16,10,39611.1,101
2019-12-16,11,39611.1,101
2019-12-16,12,38458.3,100
2019-12-16,13,36662.9,99
2019-12-16,14,35037.8,96
2019-12-16,15,35037.8,96
2019-12-16,16,37424.1,98
2019-12-16,17,42147.5,103
2019-12-16,18,46891.5,109
2019-12-16,19,46039.3,108
2019-12-16,20,46039.3,108
2019-12-16,21,43912.8,105
2019-12-16,22,40380.7,101
2019-12-16,23,36832.6,97
2019-12-17,0,37013.6,98
2019-12-17,1,35162.8,97
2019-12-17,2,34058.8,94
2019-12-17,3,35788.2,97
2019-12-17,4,39140.0,101
2019-12-17,5,45925.7,107
2019-12-17,6,50612.2,109
2019-12-17,7,51464.4,110
2019-12-17,8,51464.4,110
2019-12-17,9,50786.3,109
2019-12-17,10,48935.5,108
2019-12-17,11,44927.1,107
2019-12-17,12,41577.5,103
2019-12-17,13,37254.3,99
2019-12-17,14,35601.3,97
2019-12-17,15,34136.5,95
2019-12-17,16,38649.5,100
2019-12-17,17,45104.1,104
2019-12-17,18,48540.2,107
2019-12-17,19,49343.4,108
2019-12-17,20,49343.4,108
2019-12-17,21,49343.4,108
2019-12-17,22,48911.4,107
2019-12-17,23,43052.2,105
2019-12-18,0,42112.6,104
2019-12-18,1,42112.6,104
2019-12-18,2,43052.2,105
2019-12-18,3,44367.0,106
2019-12-18,4,47169.6,110
2019-12-18,5,53028.8,112
2019-12-18,6,55408.4,113
2019-12-18,7,55408.4,113
2019-12-18,8,55408.4,113
2019-12-18,9,52176.6,111
2019-12-18,10,50216.0,109
2019-12-18,11,43286.8,106
2019-12-18,12,40669.3,103
2019-12-18,13,36465.5,99
2019-12-18,14,35752.1,98
2019-12-18,15,35590.1,98
2019-12-18,16,39013.5,101
2019-12-18,17,46341.2,105
2019-12-18,18,48226.6,107
2019-12-18,19,49675.0,109
2019-12-18,20,49504.6,108
2019-12-18,21,49504.6,108
2019-12-18,22,48422.4,107
2019-12-18,23,44584.4,107
2019-12-19,0,42668.7,105
2019-12-19,1,42850.4,106
2019-12-19,2,44715.3,108
2019-12-19,3,48723.7,109
2019-12-19,4,49221.0,109
2019-12-19,5,55220.0,113
2019-12-19,6,55898.1,114
2019-12-19,7,55898.1,114
2019-12-19,8,55898.1,114
2019-12-19,9,52715.3,112
2019-12-19,10,49104.2,109
2019-12-19,11,44217.4,107
2019-12-19,12,39729.5,103
2019-12-19,13,35270.8,98
2019-12-19,14,32462.6,95
2019-12-19,15,32462.6,95
2019-12-19,16,33673.5,96
2019-12-19,17,39494.6,102
2019-12-19,18,43296.0,105
2019-12-19,19,43296.0,105
2019-12-19,20,43296.0,105
2019-12-19,21,42381.4,104
2019-12-19,22,38903.3,99
2019-12-19,23,37090.3,99
2019-12-20,0,35734.3,98
2019-12-20,1,33705.0,95
2019-12-20,2,34240.5,96
2019-12-20,3,36749.3,98
2019-12-20,4,37688.9,99
2019-12-20,5,41922.8,103
2019-12-20,6,43296.0,105
2019-12-20,7,43706.0,106
2019-12-20,8,43706.0,106
2019-12-20,9,43706.0,106
2019-12-20,10,42902.8,105
2019-12-20,11,41326.7,103
2019-12-20,12,41006.3,101
2019-12-20,13,39463.3,101
2019-12-20,14,39250.1,101
2019-12-20,15,39250.1,101
2019-12-20,16,41750.0,104
2019-12-20,17,45466.3,108
2019-12-20,18,45466.3,108
2019-12-20,19,45466.3,108
2019-12-20,20,45466.3,108
2019-12-20,21,44788.2,107
2019-12-20,22,43985.0,106
2019-12-20,23,41054.0,103
2019-12-21,0,39512.9,102
2019-12-21,1,37860.7,100
2019-12-21,2,36207.7,98
2019-12-21,3,36207.7,98
2019-12-21,4,35775.7,97
2019-12-21,5,37641.9,99
2019-12-21,6,39013.5,101
2019-12-21,7,43061.2,105
2019-12-21,8,43061.2,105
2019-12-21,9,43061.2,105
2019-12-21,10,43061.2,105
2019-12-21,11,41064.4,103
2019-12-21,12,39554.8,101
2019-12-21,13,37820.8,100
2019-12-21,14,35363.9,98
2019-12-21,15,35363.9,98
2019-12-21,16,39013.5,101
2019-12-21,17,43556.7,105
2019-12-21,18,44896.3,107
2019-12-21,19,45466.3,108
2019-12-21,20,45466.3,108
2019-12-21,21,44930.8,107
2019-12-21,22,45640.4,108
2019-12-21,23,43128.1,106
2019-12-22,0,40824.1,104
2019-12-22,1,40824.1,104
2019-12-22,2,40590.9,104
2019-12-22,3,41252.4,105
2019-12-22,4,42986.4,106
2019-12-22,5,42986.4,106
2019-12-22,6,42986.4,106
2019-12-22,7,46994.8,107
2019-12-22,8,46055.2,106
2019-12-22,9,45393.7,105
2019-12-22,10,45393.7,105
2019-12-22,11,41385.3,104
2019-12-22,12,37894.7,100
2019-12-22,13,35007.9,98
2019-12-22,14,33212.5,97
2019-12-22,15,32962.5,96
2019-12-22,16,35447.3,98
2019-12-22,17,40672.7,103
2019-12-22,18,43789.6,107
2019-12-22,19,43789.6,107
2019-12-22,20,43789.6,107
2019-12-22,21,43789.6,107
2019-12-22,22,42137.4,105
2019-12-22,23,39758.1,102
2019-12-23,0,39210.9,102
2019-12-23,1,38271.3,101
2019-12-23,2,38271.3,101
2019-12-23,3,40787.0,104
2019-12-23,4,42637.8,105
2019-12-23,5,47528.0,106
2019-12-23,6,48976.4,108
2019-12-23,7,48976.4,108
2019-12-23,8,48976.4,108
2019-12-23,9,48976.4,108
2019-12-23,10,44968.0,107
2019-12-23,11,41124.1,103
2019-12-23,12,38309.3,100
2019-12-23,13,36295.9,97
2019-12-23,14,34500.5,96
2019-12-23,15,34148.4,94
2019-12-23,16,35590.1,98
2019-12-23,17,39684.2,102
2019-12-23,18,40598.8,103
2019-12-23,19,40598.8,103
2019-12-23,20,40598.8,103
2019-12-23,21,39937.3,102
2019-12-23,22,37869.9,100
2019-12-23,23,36066.9,97
2019-12-24,0,35068.3,97
2019-12-24,1,34808.3,97
2019-12-24,2,34272.8,96
2019-12-24,3,35521.7,98
2019-12-24,4,37122.8,100
2019-12-24,5,40009.6,102
2019-12-24,6,42605.8,105
2019-12-24,7,42605.8,105
2019-12-24,8,42605.8,105
2019-12-24,9,42605.8,105
2019-12-24,10,40009.6,102
2019-12-24,11,35641.1,97
2019-12-24,12,34567.3,95
2019-12-24,13,32921.9,95
2019-12-24,14,32069.7,94
2019-12-24,15,30916.9,93
2019-12-24,16,32242.0,94
2019-12-24,17,35374.2,97
2019-12-24,18,35374.2,97
2019-12-24,19,36527.0,98
2019-12-24,20,36527.0,98
2019-12-24,21,32543.1,94
2019-12-24,22,29768.9,91
2019-12-24,23,30355.6,91
2019-12-25,0,29654.0,91
2019-12-25,1,26108.7,86
2019-12-25,2,26108.7,86
2019-12-25,3,26923.7,87
2019-12-25,4,30550.9,91
2019-12-25,5,29364.1,90
2019-12-25,6,32367.7,92
2019-12-25,7,33057.1,93
2019-12-25,8,33057.1,93
2019-12-25,9,33057.1,93
2019-12-25,10,33057.1,93
2019-12-25,11,31904.3,92
2019-12-25,12,30053.5,91
2019-12-25,13,28432.1,89
2019-12-25,14,26544.1,86
2019-12-25,15,26544.1,86
2019-12-25,16,27721.1,89
2019-12-25,17,31950.3,95
2019-12-25,18,33745.7,96
2019-12-25,19,34898.5,97
2019-12-25,20,34898.5,97
2019-12-25,21,33103.1,96
2019-12-25,22,31236.9,94
2019-12-25,23,29979.4,92
2019-12-26,0,29829.4,91
2019-12-26,1,28164.5,89
2019-12-26,2,29317.3,90
2019-12-26,3,28229.1,89
2019-12-26,4,30456.4,92
2019-12-26,5,33495.7,95
2019-12-26,6,35750.7,98
2019-12-26,7,36690.3,99
2019-12-26,8,38174.9,101
2019-12-26,9,38174.9,101
2019-12-26,10,37604.9,100
2019-12-26,11,36690.3,99
2019-12-26,12,36690.3,99
2019-12-26,13,34894.9,98
2019-12-26,14,33492.1,96
2019-12-26,15,33492.1,96
2019-12-26,16,35096.1,98
2019-12-26,17,38528.7,101
2019-12-26,18,38528.7,101
2019-12-26,19,38528.7,101
2019-12-26,20,38528.7,101
2019-12-26,21,35750.7,98
2019-12-26,22,32763.1,94
2019-12-26,23,28834.0,90
2019-12-27,0,27745.8,89
2019-12-27,1,26315.9,87
2019-12-27,2,26315.9,87
2019-12-27,3,26747.9,88
2019-12-27,4,27836.1,89
2019-12-27,5,29303.6,91
2019-12-27,6,31493.2,92
2019-12-27,7,32952.6,94
2019-12-27,8,31799.8,93
2019-12-27,9,31799.8,93
2019-12-27,10,31799.8,93
2019-12-27,11,30453.2,90
2019-12-27,12,29917.7,89
2019-12-27,13,27802.5,86
2019-12-27,14,27089.1,85
2019-12-27,15,27254.7,86
2019-12-27,16,28591.9,88
2019-12-27,17,31921.9,93
2019-12-27,18,31921.9,93
2019-12-27,19,33074.7,94
2019-12-27,20,33074.7,94
2019-12-27,21,29270.9,89
2019-12-27,22,26931.3,87
2019-12-27,23,24464.9,84
2019-12-28,0,23329.5,81
2019-12-28,1,20766.7,76
2019-12-28,2,20766.7,76
2019-12-28,3,19796.6,74
2019-12-28,4,19796.6,74
2019-12-28,5,20585.0,75
2019-12-28,6,21919.5,77
2019-12-28,7,24344.8,82
2019-12-28,8,29617.3,89
2019-12-28,9,29295.5,91
2019-12-28,10,30235.1,92
2019-12-28,11,30235.1,92
2019-12-28,12,30069.5,91
2019-12-28,13,31222.3,92
2019-12-28,14,30132.7,90
2019-12-28,15,30818.2,92
2019-12-28,16,30818.2,92
2019-12-28,17,32226.4,94
2019-12-28,18,34021.8,95
2019-12-28,19,34187.4,96
2019-12-28,20,33247.8,95
2019-12-28,21,33247.8,95
2019-12-28,22,31452.4,94
2019-12-28,23,30591.4,93
2019-12-29,0,29399.9,89
2019-12-29,1,27575.4,87
2019-12-29,2,28618.1,89
2019-12-29,3,29457.5,91
2019-12-29,4,29457.5,91
2019-12-29,5,31998.9,93
2019-12-29,6,31998.9,93
2019-12-29,7,33884.5,96
2019-12-29,8,34597.9,97
2019-12-29,9,34597.9,97
2019-12-29,10,34597.9,97
2019-12-29,11,32113.1,95
2019-12-29,12,29618.6,91
2019-12-29,13,28407.3,89
2019-12-29,14,25556.9,86
2019-12-29,15,25406.9,85
2019-12-29,16,27396.3,87
2019-12-29,17,32517.2,95
2019-12-29,18,40262.7,102
2019-12-29,19,40262.7,102
2019-12-29,20,40262.7,102
2019-12-29,21,40262.7,102
2019-12-29,22,38803.4,100
2019-12-29,23,37604.9,100
2019-12-30,0,36665.3,99
2019-12-30,1,35037.3,97
2019-12-30,2,35037.3,97
2019-12-30,3,35750.7,98
2019-12-30,4,38408.5,100
2019-12-30,5,42006.4,104
2019-12-30,6,45230.4,107
2019-12-30,7,45640.4,108
2019-12-30,8,45640.4,108
2019-12-30,9,45640.4,108
2019-12-30,10,43789.6,107
2019-12-30,11,40672.7,103
2019-12-30,12,37953.5,101
2019-12-30,13,35506.1,99
2019-12-30,14,33651.9,97
2019-12-30,15,34365.3,98
2019-12-30,16,35363.9,98
2019-12-30,17,42251.0,105
2019-12-30,18,44788.2,107
2019-12-30,19,45466.3,108
2019-12-30,20,45466.3,108
2019-12-30,21,45466.3,108
2019-12-30,22,44788.2,107
2019-12-30,23,43323.5,105
2019-12-31,0,43323.5,105
2019-12-31,1,41589.5,104
2019-12-31,2,41836.7,104
2019-12-31,3,42498.2,105
2019-12-31,4,44232.2,106
2019-12-31,5,48240.6,107
2019-12-31,6,49092.8,108
2019-12-31,7,49092.8,108
2019-12-31,8,49092.8,108
2019-12-31,9,49092.8,108
2019-12-31,10,46672.0,106
2019-12-31,11,42002.1,104
2019-12-31,12,39185.9,102
2019-12-31,13,35944.7,98
2019-12-31,14,34757.9,97
2019-12-31,15,33605.1,96
2019-12-31,16,35947.5,99
2019-12-31,17,40980.4,104
2019-12-31,18,40980.4,104
2019-12-31,19,40980.4,104
2019-12-31,20,40980.4,104
2019-12-31,21,38834.3,101
2019-12-31,22,37100.3,100
2019-12-31,23,36929.9,99
