Date,Hour,committed_mw,num_committed
2019-01-01,0,32701.1,93
2019-01-01,1,32701.1,93
2019-01-01,2,31840.1,92
2019-01-01,3,31674.5,91
2019-01-01,4,32753.0,92
2019-01-01,5,34603.8,93
2019-01-01,6,33751.6,92
2019-01-01,7,33993.7,92
2019-01-01,8,35727.7,93
2019-01-01,9,35727.7,93
2019-01-01,10,36131.5,95
2019-01-01,11,34501.7,95
2019-01-01,12,34501.7,95
2019-01-01,13,33098.9,93
2019-01-01,14,32166.9,92
2019-01-01,15,32166.9,92
2019-01-01,16,36211.2,97
2019-01-01,17,39193.9,100
2019-01-01,18,40380.7,101
2019-01-01,19,40380.7,101
2019-01-01,20,40380.7,101
2019-01-01,21,40380.7,101
2019-01-01,22,39691.3,100
2019-01-01,23,38767.5,99
2019-01-02,0,37033.5,98
2019-01-02,1,36320.1,97
2019-01-02,2,36320.1,97
2019-01-02,3,37009.5,98
2019-01-02,4,39667.3,100
2019-01-02,5,42506.3,104
2019-01-02,6,44823.2,107
2019-01-02,7,46475.4,109
2019-01-02,8,51798.6,111
2019-01-02,9,51798.6,111
2019-01-02,10,51869.2,111
2019-01-02,11,52747.6,112
2019-01-02,12,52747.6,112
2019-01-02,13,52747.6,112
2019-01-02,14,51808.0,111
2019-01-02,15,51808.0,111
2019-01-02,16,52890.2,112
2019-01-02,17,55005.2,114
2019-01-02,18,55005.2,114
2019-01-02,19,55005.2,114
2019-01-02,20,54126.8,113
2019-01-02,21,52812.0,112
2019-01-02,22,48803.6,111
2019-01-02,23,46291.3,109
2019-01-03,0,45177.2,108
2019-01-03,1,45177.2,108
2019-01-03,2,44294.5,107
2019-01-03,3,44294.5,107
2019-01-03,4,48302.9,108
2019-01-03,5,49639.8,109
2019-01-03,6,49639.8,109
2019-01-03,7,49639.8,109
2019-01-03,8,49639.8,109
2019-01-03,9,50554.4,110
2019-01-03,10,50554.4,110
2019-01-03,11,46708.0,109
2019-01-03,12,43476.5,105
2019-01-03,13,39128.3,101
2019-01-03,14,37626.3,99
2019-01-03,15,36616.0,96
2019-01-03,16,39497.9,101
2019-01-03,17,45855.8,108
2019-01-03,18,52099.2,111
2019-01-03,19,52099.2,111
2019-01-03,20,51298.2,110
2019-01-03,21,51298.2,110
2019-01-03,22,50145.4,109
2019-01-03,23,44822.2,107
2019-01-04,0,44644.7,108
2019-01-04,1,44644.7,108
2019-01-04,2,42314.4,105
2019-01-04,3,42314.4,105
2019-01-04,4,44048.4,106
2019-01-04,5,48056.8,107
2019-01-04,6,49709.0,109
2019-01-04,7,49709.0,109
2019-01-04,8,49709.0,109
2019-01-04,9,49047.5,108
2019-01-04,10,45900.1,105
2019-01-04,11,41891.7,104
2019-01-04,12,38439.9,101
2019-01-04,13,34461.3,97
2019-01-04,14,32272.8,94
2019-01-04,15,32272.8,94
2019-01-04,16,35150.7,98
2019-01-04,17,40016.0,103
2019-01-04,18,42832.2,105
2019-01-04,19,42832.2,105
2019-01-04,20,42832.2,105
2019-01-04,21,42832.2,105
2019-01-04,22,41098.2,104
2019-01-04,23,42861.6,105
2019-01-05,0,41922.0,104
2019-01-05,1,36216.9,98
2019-01-05,2,36216.9,98
2019-01-05,3,37156.5,99
2019-01-05,4,38531.4,101
2019-01-05,5,40819.2,104
2019-01-05,6,43431.6,106
2019-01-05,7,44584.4,107
2019-01-05,8,44584.4,107
2019-01-05,9,44584.4,107
2019-01-05,10,42490.8,105
2019-01-05,11,38605.3,101
2019-01-05,12,34597.9,97
2019-01-05,13,32267.0,95
2019-01-05,14,30123.7,92
2019-01-05,15,29434.3,91
2019-01-05,16,30147.7,92
2019-01-05,17,33564.5,95
2019-01-05,18,35039.6,97
2019-01-05,19,35039.6,97
2019-01-05,20,35039.6,97
2019-01-05,21,33244.2,96
2019-01-05,22,32304.6,95
2019-01-05,23,33564.5,95
2019-01-06,0,30753.1,90
2019-01-06,1,28096.7,88
2019-01-06,2,28096.7,88
2019-01-06,3,29184.9,89
2019-01-06,4,29184.9,89
2019-01-06,5,29505.3,91
2019-01-06,6,31079.7,93
2019-01-06,7,31769.1,94
2019-01-06,8,31603.5,93
2019-01-06,9,31603.5,93
2019-01-06,10,31603.5,93
2019-01-06,11,28836.7,89
2019-01-06,12,27984.5,88
2019-01-06,13,26378.5,85
2019-01-06,14,24475.3,83
2019-01-06,15,24475.3,83
2019-01-06,16,26466.9,87
2019-01-06,17,29295.5,91
2019-01-06,18,33436.6,95
2019-01-06,19,33436.6,95
2019-01-06,20,31702.6,94
2019-01-06,21,28448.9,88
2019-01-06,22,24299.3,83
2019-01-06,23,22167.5,77
2019-01-07,0,19101.7,73
2019-01-07,1,17902.2,71
2019-01-07,2,18237.3,73
2019-01-07,3,20766.7,76
2019-01-07,4,20766.7,76
2019-01-07,5,28768.1,90
2019-01-07,6,30049.6,92
2019-01-07,7,30901.8,93
2019-01-07,8,32697.2,94
2019-01-07,9,32161.7,93
2019-01-07,10,32161.7,93
2019-01-07,11,32161.7,93
2019-01-07,12,32011.7,92
2019-01-07,13,31079.7,91
2019-01-07,14,30727.6,89
2019-01-07,15,30727.6,89
2019-01-07,16,31417.0,90
2019-01-07,17,36014.6,97
2019-01-07,18,37375.9,100
2019-01-07,19,37375.9,100
2019-01-07,20,37375.9,100
2019-01-07,21,35537.5,98
2019-01-07,22,32354.4,95
2019-01-07,23,29080.0,91
2019-01-08,0,28432.1,89
2019-01-08,1,25886.9,87
2019-01-08,2,26384.8,88
2019-01-08,3,27473.0,89
2019-01-08,4,28940.5,91
2019-01-08,5,34883.1,96
2019-01-08,6,36520.3,98
2019-01-08,7,38374.5,100
2019-01-08,8,38374.5,100
2019-01-08,9,38944.5,101
2019-01-08,10,38944.5,101
2019-01-08,11,37090.3,99
2019-01-08,12,36370.3,97
2019-01-08,13,34574.9,96
2019-01-08,14,32724.1,95
2019-01-08,15,32558.5,94
2019-01-08,16,31845.1,93
2019-01-08,17,35656.9,96
2019-01-08,18,37459.9,99
2019-01-08,19,37459.9,99
2019-01-08,20,37459.9,99
2019-01-08,21,34911.0,95
2019-01-08,22,31067.3,91
2019-01-08,23,27402.5,87
2019-01-09,0,25555.5,83
2019-01-09,1,25292.1,83
2019-01-09,2,25541.1,84
2019-01-09,3,27275.1,85
2019-01-09,4,28480.6,87
2019-01-09,5,33415.8,94
2019-01-09,6,37580.7,98
2019-01-09,7,37580.7,98
2019-01-09,8,37580.7,98
2019-01-09,9,37580.7,98
2019-01-09,10,38432.9,99
2019-01-09,11,36582.1,98
2019-01-09,12,35642.5,97
2019-01-09,13,33908.5,96
2019-01-09,14,31399.7,94
2019-01-09,15,30864.2,93
2019-01-09,16,32113.1,95
2019-01-09,17,37271.5,99
2019-01-09,18,39338.9,101
2019-01-09,19,39338.9,101
2019-01-09,20,39338.9,101
2019-01-09,21,39338.9,101
2019-01-09,22,37484.7,99
2019-01-09,23,34597.9,97
2019-01-10,0,34597.9,97
2019-01-10,1,34597.9,97
2019-01-10,2,34597.9,97
2019-01-10,3,35596.5,97
2019-01-10,4,37106.1,99
2019-01-10,5,42492.8,104
2019-01-10,6,43974.1,106
2019-01-10,7,43974.1,106
2019-01-10,8,43974.1,106
2019-01-10,9,41481.7,103
2019-01-10,10,40108.5,101
2019-01-10,11,35037.2,96
2019-01-10,12,35037.2,96
2019-01-10,13,33303.2,95
2019-01-10,14,32371.2,94
2019-01-10,15,31239.7,90
2019-01-10,16,33137.6,94
2019-01-10,17,35872.6,96
2019-01-10,18,37772.2,98
2019-01-10,19,38624.4,99
2019-01-10,20,36773.6,98
2019-01-10,21,34123.2,95
2019-01-10,22,31467.1,91
2019-01-10,23,29301.1,89
2019-01-11,0,28292.4,88
2019-01-11,1,27053.1,88
2019-01-11,2,29434.3,91
2019-01-11,3,31305.9,93
2019-01-11,4,32493.2,95
2019-01-11,5,36736.0,98
2019-01-11,6,37271.5,99
2019-01-11,7,37271.5,99
2019-01-11,8,37271.5,99
2019-01-11,9,35476.1,98
2019-01-11,10,35476.1,98
2019-01-11,11,35476.1,98
2019-01-11,12,33311.6,95
2019-01-11,13,32598.2,94
2019-01-11,14,30329.7,87
2019-01-11,15,30329.7,87
2019-01-11,16,31894.5,91
2019-01-11,17,34791.4,94
2019-01-11,18,35107.0,96
2019-01-11,19,35107.0,96
2019-01-11,20,35107.0,96
2019-01-11,21,32875.1,94
2019-01-11,22,31079.7,93
2019-01-11,23,27546.3,88
2019-01-12,0,27053.1,88
2019-01-12,1,27061.9,88
2019-01-12,2,28582.1,90
2019-01-12,3,28432.1,89
2019-01-12,4,28432.1,89
2019-01-12,5,29946.9,88
2019-01-12,6,29085.9,87
2019-01-12,7,30877.7,90
2019-01-12,8,33391.7,93
2019-01-12,9,33541.7,94
2019-01-12,10,33541.7,94
2019-01-12,11,35275.7,95
2019-01-12,12,33109.3,90
2019-01-12,13,31501.8,90
2019-01-12,14,30562.2,89
2019-01-12,15,31146.3,92
2019-01-12,16,31835.7,93
2019-01-12,17,35441.3,96
2019-01-12,18,40180.6,101
2019-01-12,19,40678.5,102
2019-01-12,20,38944.5,101
2019-01-12,21,38944.5,101
2019-01-12,22,37459.9,99
2019-01-12,23,35822.7,97
2019-01-13,0,34883.1,96
2019-01-13,1,34883.1,96
2019-01-13,2,34883.1,96
2019-01-13,3,35596.5,97
2019-01-13,4,36678.7,98
2019-01-13,5,38805.1,100
2019-01-13,6,40643.5,102
2019-01-13,7,42377.5,103
2019-01-13,8,42377.5,103
2019-01-13,9,42377.5,103
2019-01-13,10,42377.5,103
2019-01-13,11,39456.9,100
2019-01-13,12,38517.3,99
2019-01-13,13,36721.9,98
2019-01-13,14,34987.9,97
2019-01-13,15,36070.1,98
2019-01-13,16,37804.1,99
2019-01-13,17,42377.5,103
2019-01-13,18,44191.8,105
2019-01-13,19,44761.8,106
2019-01-13,20,44761.8,106
2019-01-13,21,44761.8,106
2019-01-13,22,44100.3,105
2019-01-13,23,41760.7,103
2019-01-14,0,40723.3,102
2019-01-14,1,38989.3,101
2019-01-14,2,38419.3,100
2019-01-14,3,39734.1,101
2019-01-14,4,41572.5,103
2019-01-14,5,49699.2,108
2019-01-14,6,50551.4,109
2019-01-14,7,50551.4,109
2019-01-14,8,50551.4,109
2019-01-14,9,50551.4,109
2019-01-14,10,49469.2,108
2019-01-14,11,48316.4,107
2019-01-14,12,43507.0,105
2019-01-14,13,41086.2,103
2019-01-14,14,38771.7,100
2019-01-14,15,37866.9,100
2019-01-14,16,41242.7,104
2019-01-14,17,47101.9,106
2019-01-14,18,48184.1,107
2019-01-14,19,48184.1,107
2019-01-14,20,48184.1,107
2019-01-14,21,48184.1,107
2019-01-14,22,47031.3,106
2019-01-14,23,41172.1,104
2019-01-15,0,40232.5,103
2019-01-15,1,38235.7,101
2019-01-15,2,38235.7,101
2019-01-15,3,39317.9,102
2019-01-15,4,41172.1,104
2019-01-15,5,46518.8,109
2019-01-15,6,47322.0,110
2019-01-15,7,47322.0,110
2019-01-15,8,47322.0,110
2019-01-15,9,46518.8,109
2019-01-15,10,45666.6,108
2019-01-15,11,43431.6,106
2019-01-15,12,40918.6,102
2019-01-15,13,38514.3,99
2019-01-15,14,36718.9,98
2019-01-15,15,36868.9,99
2019-01-15,16,41068.6,103
2019-01-15,17,43706.0,106
2019-01-15,18,47714.4,107
2019-01-15,19,47714.4,107
2019-01-15,20,46204.8,105
2019-01-15,21,44390.5,103
2019-01-15,22,40729.9,99
2019-01-15,23,35806.9,97
2019-01-16,0,34011.5,96
2019-01-16,1,33012.9,96
2019-01-16,2,31553.6,94
2019-01-16,3,32493.2,95
2019-01-16,4,34288.6,96
2019-01-16,5,39109.9,101
2019-01-16,6,41656.8,104
2019-01-16,7,41656.8,104
2019-01-16,8,40574.6,103
2019-01-16,9,40574.6,103
2019-01-16,10,38998.5,101
2019-01-16,11,36996.3,97
2019-01-16,12,35366.5,97
2019-01-16,13,34442.7,96
2019-01-16,14,31769.1,94
2019-01-16,15,31769.1,94
2019-01-16,16,32708.7,95
2019-01-16,17,36840.4,99
2019-01-16,18,39794.2,103
2019-01-16,19,39794.2,103
2019-01-16,20,39794.2,103
2019-01-16,21,37457.4,100
2019-01-16,22,34465.0,97
2019-01-16,23,31705.6,93
2019-01-17,0,29043.0,90
2019-01-17,1,26923.7,87
2019-01-17,2,27073.7,88
2019-01-17,3,27073.7,88
2019-01-17,4,30700.9,92
2019-01-17,5,35762.5,97
2019-01-17,6,36426.5,97
2019-01-17,7,38121.4,100
2019-01-17,8,38691.4,101
2019-01-17,9,38691.4,101
2019-01-17,10,38691.4,101
2019-01-17,11,36924.4,98
2019-01-17,12,36000.6,97
2019-01-17,13,33265.6,95
2019-01-17,14,32552.2,94
2019-01-17,15,32552.2,94
2019-01-17,16,35061.0,96
2019-01-17,17,38944.5,101
2019-01-17,18,40026.7,102
2019-01-17,19,40026.7,102
2019-01-17,20,40026.7,102
2019-01-17,21,38374.5,100
2019-01-17,22,35596.5,97
2019-01-17,23,32613.8,94
2019-01-18,0,30581.4,91
2019-01-18,1,29720.4,90
2019-01-18,2,28071.2,87
2019-01-18,3,28252.9,88
2019-01-18,4,29286.7,91
2019-01-18,5,31952.7,93
2019-01-18,6,34978.2,97
2019-01-18,7,34978.2,97
2019-01-18,8,34978.2,97
2019-01-18,9,36165.0,98
2019-01-18,10,34976.4,96
2019-01-18,11,32559.4,95
2019-01-18,12,31707.2,94
2019-01-18,13,31707.2,94
2019-01-18,14,28713.1,89
2019-01-18,15,27084.3,85
2019-01-18,16,27653.7,88
2019-01-18,17,30050.3,91
2019-01-18,18,31414.3,93
2019-01-18,19,31414.3,93
2019-01-18,20,31414.3,93
2019-01-18,21,28697.9,89
2019-01-18,22,27307.5,85
2019-01-18,23,23752.9,81
2019-01-19,0,20660.6,76
2019-01-19,1,22401.5,79
2019-01-19,2,24001.9,82
2019-01-19,3,29945.7,91
2019-01-19,4,32228.5,93
2019-01-19,5,31835.7,93
2019-01-19,6,33932.5,94
2019-01-19,7,36352.0,97
2019-01-19,8,38147.4,98
2019-01-19,9,40273.8,100
2019-01-19,10,40273.8,100
2019-01-19,11,38478.4,99
2019-01-19,12,38478.4,99
2019-01-19,13,36744.4,98
2019-01-19,14,35519.5,96
2019-01-19,15,33482.3,93
2019-01-19,16,33482.3,93
2019-01-19,17,38440.8,99
2019-01-19,18,42526.8,104
2019-01-19,19,42526.8,104
2019-01-19,20,42526.8,104
2019-01-19,21,42526.8,104
2019-01-19,22,41603.0,103
2019-01-19,23,41171.0,102
2019-01-20,0,42685.2,104
2019-01-20,1,42685.2,104
2019-01-20,2,43609.0,105
2019-01-20,3,43609.0,105
2019-01-20,4,45614.0,107
2019-01-20,5,49622.4,108
2019-01-20,6,50937.2,109
2019-01-20,7,50937.2,109
2019-01-20,8,50937.2,109
2019-01-20,9,50937.2,109
2019-01-20,10,48597.6,107
2019-01-20,11,42845.5,104
2019-01-20,12,39510.1,101
2019-01-20,13,35056.9,98
2019-01-20,14,31960.4,94
2019-01-20,15,29954.0,91
2019-01-20,16,33097.8,94
2019-01-20,17,38774.7,100
2019-01-20,18,43021.6,105
2019-01-20,19,43021.6,105
2019-01-20,20,43021.6,105
2019-01-20,21,42143.2,104
2019-01-20,22,39078.4,99
2019-01-20,23,37802.9,99
2019-01-21,0,35129.3,97
2019-01-21,1,32602.1,93
2019-01-21,2,32602.1,93
2019-01-21,3,33954.5,95
2019-01-21,4,35749.9,96
2019-01-21,5,39347.3,99
2019-01-21,6,41588.3,102
2019-01-21,7,42415.4,104
2019-01-21,8,42415.4,104
2019-01-21,9,42415.4,104
2019-01-21,10,41753.9,103
2019-01-21,11,40019.9,102
2019-01-21,12,36701.3,98
2019-01-21,13,32005.2,92
2019-01-21,14,29354.5,88
2019-01-21,15,28317.7,88
2019-01-21,16,29405.9,89
2019-01-21,17,33553.4,95
2019-01-21,18,35198.8,95
2019-01-21,19,35348.8,96
2019-01-21,20,35348.8,96
2019-01-21,21,31681.8,93
2019-01-21,22,28168.0,87
2019-01-21,23,28137.0,87
2019-01-22,0,24666.4,78
2019-01-22,1,21954.6,76
2019-01-22,2,20918.6,75
2019-01-22,3,21901.9,79
2019-01-22,4,23107.4,81
2019-01-22,5,29301.1,89
2019-01-22,6,29733.1,90
2019-01-22,7,31467.1,91
2019-01-22,8,31716.1,92
2019-01-22,9,32655.7,93
2019-01-22,10,30921.7,92
2019-01-22,11,30921.7,92
2019-01-22,12,30921.7,92
2019-01-22,13,29605.2,90
2019-01-22,14,29186.7,88
2019-01-22,15,29606.6,89
2019-01-22,16,30672.7,91
2019-01-22,17,33753.3,95
2019-01-22,18,36773.6,98
2019-01-22,19,36773.6,98
2019-01-22,20,36608.0,97
2019-01-22,21,34123.2,95
2019-01-22,22,31284.1,91
2019-01-22,23,28568.3,86
2019-01-23,0,30606.1,90
2019-01-23,1,30606.1,90
2019-01-23,2,31020.7,92
2019-01-23,3,33349.2,95
2019-01-23,4,35839.4,97
2019-01-23,5,43758.6,105
2019-01-23,6,48933.6,110
2019-01-23,7,49611.7,111
2019-01-23,8,49611.7,111
2019-01-23,9,49611.7,111
2019-01-23,10,47651.1,109
2019-01-23,11,45836.8,107
2019-01-23,12,41580.9,103
2019-01-23,13,38242.9,100
2019-01-23,14,35507.9,98
2019-01-23,15,37358.7,99
2019-01-23,16,36497.5,99
2019-01-23,17,43330.0,105
2019-01-23,18,49573.4,108
2019-01-23,19,50425.6,109
2019-01-23,20,50425.6,109
2019-01-23,21,50425.6,109
2019-01-23,22,49343.4,108
2019-01-23,23,44830.2,104
2019-01-24,0,44168.7,103
2019-01-24,1,42373.3,102
2019-01-24,2,44578.7,104
2019-01-24,3,45240.2,105
2019-01-24,4,48576.8,108
2019-01-24,5,54838.4,112
2019-01-24,6,57261.9,115
2019-01-24,7,58065.1,116
2019-01-24,8,57387.0,115
2019-01-24,9,53156.6,113
2019-01-24,10,49470.0,109
2019-01-24,11,43192.6,106
2019-01-24,12,38888.4,101
2019-01-24,13,36110.4,98
2019-01-24,14,32502.2,94
2019-01-24,15,31570.2,93
2019-01-24,16,30968.8,93
2019-01-24,17,37176.0,98
2019-01-24,18,39747.7,102
2019-01-24,19,41481.7,103
2019-01-24,20,41481.7,103
2019-01-24,21,40911.7,102
2019-01-24,22,39177.7,101
2019-01-24,23,41596.0,104
2019-01-25,0,37233.0,100
2019-01-25,1,37233.0,100
2019-01-25,2,39028.4,101
2019-01-25,3,39028.4,101
2019-01-25,4,42910.8,105
2019-01-25,5,50888.2,109
2019-01-25,6,50888.2,109
2019-01-25,7,51740.4,110
2019-01-25,8,51740.4,110
2019-01-25,9,50587.6,109
2019-01-25,10,48736.8,108
2019-01-25,11,42984.7,105
2019-01-25,12,40336.1,103
2019-01-25,13,36162.9,98
2019-01-25,14,33427.9,96
2019-01-25,15,34367.5,97
2019-01-25,16,34786.7,97
2019-01-25,17,39838.3,102
2019-01-25,18,40499.8,103
2019-01-25,19,42350.6,104
2019-01-25,20,42350.6,104
2019-01-25,21,41257.1,102
2019-01-25,22,38324.1,100
2019-01-25,23,35981.7,97
2019-01-26,0,35981.7,97
2019-01-26,1,36253.9,97
2019-01-26,2,37375.3,99
2019-01-26,3,36354.7,99
2019-01-26,4,37294.3,100
2019-01-26,5,41034.3,103
2019-01-26,6,42752.1,105
2019-01-26,7,43904.9,106
2019-01-26,8,43904.9,106
2019-01-26,9,43904.9,106
2019-01-26,10,43334.9,105
2019-01-26,11,39644.9,102
2019-01-26,12,36724.3,99
2019-01-26,13,34288.6,96
2019-01-26,14,30864.2,93
2019-01-26,15,30864.2,93
2019-01-26,16,33195.1,95
2019-01-26,17,36536.1,98
2019-01-26,18,38849.8,101
2019-01-26,19,38849.8,101
2019-01-26,20,38849.8,101
2019-01-26,21,38849.8,101
2019-01-26,22,37618.3,99
2019-01-26,23,38028.3,100
2019-01-27,0,37088.7,99
2019-01-27,1,35293.1,97
2019-01-27,2,35293.1,97
2019-01-27,3,36232.7,98
2019-01-27,4,36232.7,98
2019-01-27,5,37869.9,100
2019-01-27,6,39603.9,101
2019-01-27,7,40518.5,102
2019-01-27,8,40518.5,102
2019-01-27,9,40518.5,102
2019-01-27,10,39603.9,101
2019-01-27,11,36448.7,98
2019-01-27,12,33884.5,96
2019-01-27,13,30864.2,93
2019-01-27,14,30003.2,92
2019-01-27,15,29071.2,91
2019-01-27,16,30003.2,92
2019-01-27,17,35521.7,98
2019-01-27,18,38607.4,102
2019-01-27,19,40191.4,102
2019-01-27,20,40341.4,103
2019-01-27,21,38607.4,102
2019-01-27,22,36753.2,100
2019-01-27,23,31577.6,94
2019-01-28,0,30362.1,90
2019-01-28,1,29501.1,89
2019-01-28,2,30388.7,92
2019-01-28,3,32652.5,95
2019-01-28,4,33651.1,95
2019-01-28,5,39193.9,100
2019-01-28,6,39193.9,100
2019-01-28,7,40108.5,101
2019-01-28,8,40108.5,101
2019-01-28,9,40108.5,101
2019-01-28,10,38374.5,100
2019-01-28,11,34027.3,96
2019-01-28,12,34027.3,96
2019-01-28,13,30714.3,91
2019-01-28,14,32085.9,93
2019-01-28,15,30235.1,92
2019-01-28,16,31585.2,94
2019-01-28,17,33742.1,97
2019-01-28,18,37271.5,99
2019-01-28,19,37271.5,99
2019-01-28,20,37271.5,99
2019-01-28,21,34978.2,97
2019-01-28,22,32245.6,94
2019-01-28,23,31020.7,92
2019-01-29,0,33136.5,94
2019-01-29,1,31118.1,92
2019-01-29,2,31488.0,92
2019-01-29,3,35691.8,97
2019-01-29,4,39754.7,102
2019-01-29,5,48579.4,107
2019-01-29,6,51869.2,111
2019-01-29,7,51869.2,111
2019-01-29,8,51869.2,111
2019-01-29,9,51869.2,111
2019-01-29,10,46708.0,109
2019-01-29,11,44195.7,107
2019-01-29,12,41276.7,104
2019-01-29,13,36383.5,99
2019-01-29,14,34499.5,97
2019-01-29,15,33389.5,95
2019-01-29,16,35874.3,97
2019-01-29,17,41276.7,104
2019-01-29,18,44297.9,108
2019-01-29,19,46148.7,109
2019-01-29,20,46148.7,109
2019-01-29,21,44297.9,108
2019-01-29,22,43619.8,107
2019-01-29,23,41007.4,105
2019-01-30,0,39377.2,103
2019-01-30,1,39377.2,103
2019-01-30,2,41005.2,105
2019-01-30,3,42158.0,106
2019-01-30,4,43892.0,107
2019-01-30,5,50554.4,110
2019-01-30,6,51636.6,111
2019-01-30,7,51636.6,111
2019-01-30,8,51636.6,111
2019-01-30,9,50483.8,110
2019-01-30,10,49631.6,109
2019-01-30,11,45623.2,108
2019-01-30,12,42553.2,105
2019-01-30,13,38270.1,99
2019-01-30,14,34999.6,96
2019-01-30,15,33265.6,95
2019-01-30,16,34590.7,96
2019-01-30,17,39193.9,100
2019-01-30,18,42821.3,105
2019-01-30,19,42821.3,105
2019-01-30,20,42821.3,105
2019-01-30,21,41573.2,103
2019-01-30,22,38270.1,99
2019-01-30,23,35061.0,96
2019-01-31,0,33265.6,95
2019-01-31,1,33265.6,95
2019-01-31,2,33265.6,95
2019-01-31,3,34615.2,97
2019-01-31,4,35150.7,98
2019-01-31,5,39603.9,101
2019-01-31,6,40173.9,102
2019-01-31,7,40173.9,102
2019-01-31,8,40173.9,102
2019-01-31,9,38664.3,100
2019-01-31,10,38664.3,100
2019-01-31,11,35945.1,98
2019-01-31,12,35795.1,97
2019-01-31,13,34477.6,96
2019-01-31,14,32743.6,95
2019-01-31,15,32743.6,95
2019-01-31,16,34211.1,97
2019-01-31,17,38439.9,101
2019-01-31,18,41750.0,104
2019-01-31,19,41750.0,104
2019-01-31,20,41750.0,104
2019-01-31,21,39354.5,102
2019-01-31,22,34740.7,97
2019-01-31,23,33515.8,95
2019-02-01,0,28062.8,90
2019-02-01,1,28062.8,90
2019-02-01,2,29151.0,91
2019-02-01,3,30012.0,92
2019-02-01,4,32496.8,94
2019-02-01,5,37501.9,100
2019-02-01,6,39771.4,102
2019-02-01,7,39771.4,102
2019-02-01,8,39771.4,102
2019-02-01,9,39771.4,102
2019-02-01,10,40853.6,103
2019-02-01,11,37045.6,99
2019-02-01,12,35023.8,97
2019-02-01,13,31769.1,94
2019-02-01,14,31079.7,93
2019-02-01,15,30366.3,92
2019-02-01,16,30901.8,93
2019-02-01,17,34100.0,96
2019-02-01,18,35537.5,98
2019-02-01,19,35537.5,98
2019-02-01,20,35537.5,98
2019-02-01,21,33908.5,96
2019-02-01,22,32113.1,95
2019-02-01,23,30049.6,92
2019-02-02,0,28425.9,90
2019-02-02,1,26315.9,87
2019-02-02,2,26315.9,87
2019-02-02,3,27404.1,88
2019-02-02,4,28336.1,89
2019-02-02,5,30203.5,92
2019-02-02,6,30416.4,93
2019-02-02,7,33303.2,95
2019-02-02,8,34563.1,95
2019-02-02,9,34392.7,94
2019-02-02,10,34563.1,95
2019-02-02,11,33160.3,93
2019-02-02,12,31364.9,92
2019-02-02,13,29198.5,89
2019-02-02,14,28084.8,87
2019-02-02,15,26097.7,83
2019-02-02,16,28080.0,87
2019-02-02,17,31302.4,93
2019-02-02,18,34187.4,96
2019-02-02,19,34187.4,96
2019-02-02,20,34187.4,96
2019-02-02,21,32534.4,94
2019-02-02,22,30049.6,92
2019-02-02,23,26975.1,88
2019-02-03,0,24751.5,84
2019-02-03,1,22382.5,80
2019-02-03,2,21664.4,78
2019-02-03,3,21664.4,78
2019-02-03,4,21664.4,78
2019-02-03,5,22016.5,80
2019-02-03,6,23444.9,82
2019-02-03,7,25718.3,86
2019-02-03,8,29295.5,91
2019-02-03,9,29295.5,91
2019-02-03,10,29295.5,91
2019-02-03,11,28284.5,89
2019-02-03,12,27686.9,87
2019-02-03,13,27123.5,87
2019-02-03,14,26035.3,86
2019-02-03,15,27123.5,87
2019-02-03,16,27123.5,87
2019-02-03,17,29295.5,91
2019-02-03,18,30227.5,92
2019-02-03,19,30227.5,92
2019-02-03,20,30227.5,92
2019-02-03,21,28582.1,90
2019-02-03,22,27534.5,87
2019-02-03,23,25162.1,83
2019-02-04,0,22927.2,79
2019-02-04,1,22323.6,78
2019-02-04,2,22489.2,79
2019-02-04,3,23304.2,80
2019-02-04,4,25177.7,83
2019-02-04,5,30053.5,91
2019-02-04,6,33414.5,94
2019-02-04,7,33564.5,95
2019-02-04,8,34100.0,96
2019-02-04,9,34100.0,96
2019-02-04,10,34100.0,96
2019-02-04,11,33934.4,95
2019-02-04,12,32139.0,94
2019-02-04,13,33062.8,95
2019-02-04,14,33391.2,95
2019-02-04,15,33560.7,96
2019-02-04,16,34500.3,97
2019-02-04,17,37314.5,100
2019-02-04,18,39913.1,102
2019-02-04,19,39913.1,102
2019-02-04,20,39913.1,102
2019-02-04,21,38179.1,101
2019-02-04,22,34791.5,97
2019-02-04,23,30421.1,92
2019-02-05,0,28041.2,88
2019-02-05,1,26245.8,85
2019-02-05,2,25384.8,84
2019-02-05,3,25886.9,87
2019-02-05,4,26975.1,88
2019-02-05,5,30916.9,93
2019-02-05,6,32767.7,94
2019-02-05,7,32767.7,94
2019-02-05,8,33303.2,95
2019-02-05,9,33303.2,95
2019-02-05,10,33153.2,94
2019-02-05,11,33989.8,95
2019-02-05,12,32139.0,94
2019-02-05,13,30517.6,92
2019-02-05,14,30517.6,92
2019-02-05,15,30118.6,90
2019-02-05,16,30683.2,93
2019-02-05,17,32554.8,95
2019-02-05,18,38186.1,100
2019-02-05,19,38186.1,100
2019-02-05,20,36452.1,99
2019-02-05,21,35738.7,98
2019-02-05,22,33253.9,96
2019-02-05,23,30951.6,93
2019-02-06,0,26891.5,87
2019-02-06,1,25995.5,85
2019-02-06,2,24319.5,83
2019-02-06,3,24319.5,83
2019-02-06,4,25454.9,86
2019-02-06,5,29801.5,92
2019-02-06,6,31652.3,93
2019-02-06,7,32341.7,94
2019-02-06,8,33801.1,96
2019-02-06,9,33801.1,96
2019-02-06,10,33801.1,96
2019-02-06,11,34653.3,97
2019-02-06,12,32633.0,95
2019-02-06,13,31943.6,94
2019-02-06,14,31011.6,93
2019-02-06,15,31181.1,94
2019-02-06,16,31181.1,94
2019-02-06,17,33742.1,97
2019-02-06,18,35537.5,98
2019-02-06,19,35537.5,98
2019-02-06,20,35537.5,98
2019-02-06,21,32810.1,96
2019-02-06,22,30048.0,91
2019-02-06,23,26466.6,85
2019-02-07,0,23146.5,80
2019-02-07,1,19504.6,74
2019-02-07,2,19504.6,74
2019-02-07,3,20249.9,73
2019-02-07,4,20249.9,73
2019-02-07,5,29665.4,91
2019-02-07,6,29665.4,91
2019-02-07,7,31516.2,92
2019-02-07,8,31762.7,91
2019-02-07,9,32852.3,93
2019-02-07,10,32852.3,93
2019-02-07,11,34039.1,94
2019-02-07,12,34039.1,94
2019-02-07,13,31022.1,90
2019-02-07,14,30161.1,89
2019-02-07,15,30011.1,88
2019-02-07,16,32155.2,93
2019-02-07,17,37009.5,98
2019-02-07,18,41033.0,102
2019-02-07,19,41033.0,102
2019-02-07,20,41033.0,102
2019-02-07,21,41033.0,102
2019-02-07,22,37661.5,99
2019-02-07,23,36474.7,98
2019-02-08,0,34269.0,92
2019-02-08,1,32645.3,90
2019-02-08,2,33733.5,91
2019-02-08,3,35544.9,93
2019-02-08,4,36665.5,95
2019-02-08,5,43602.1,103
2019-02-08,6,51139.7,108
2019-02-08,7,51139.7,108
2019-02-08,8,52063.5,109
2019-02-08,9,52063.5,109
2019-02-08,10,50212.7,108
2019-02-08,11,50212.7,108
2019-02-08,12,48897.9,107
2019-02-08,13,48897.9,107
2019-02-08,14,48897.9,107
2019-02-08,15,47915.2,105
2019-02-08,16,49263.4,106
2019-02-08,17,51264.700000000004,109
2019-02-08,18,50412.5,108
2019-02-08,19,50412.5,108
2019-02-08,20,50412.5,108
2019-02-08,21,50412.5,108
2019-02-08,22,49259.7,107
2019-02-08,23,46847.6,105
2019-02-09,0,41899.6,103
2019-02-09,1,41899.6,103
2019-02-09,2,40524.7,101
2019-02-09,3,41464.3,102
2019-02-09,4,42177.7,103
2019-02-09,5,47257.6,106
2019-02-09,6,48991.6,107
2019-02-09,7,48991.6,107
2019-02-09,8,48991.6,107
2019-02-09,9,50144.4,108
2019-02-09,10,50144.4,108
2019-02-09,11,48991.6,107
2019-02-09,12,44983.2,106
2019-02-09,13,44068.6,105
2019-02-09,14,43212.7,102
2019-02-09,15,43212.7,102
2019-02-09,16,43748.2,103
2019-02-09,17,45861.6,107
2019-02-09,18,47692.5,109
2019-02-09,19,47692.5,109
2019-02-09,20,48394.7,109
2019-02-09,21,48394.7,109
2019-02-09,22,47221.5,108
2019-02-09,23,42958.6,105
2019-02-10,0,41305.6,103
2019-02-10,1,38709.4,100
2019-02-10,2,39079.0,100
2019-02-10,3,39249.4,101
2019-02-10,4,42611.4,104
2019-02-10,5,47772.6,106
2019-02-10,6,45342.6,105
2019-02-10,7,46278.8,105
2019-02-10,8,46278.8,105
2019-02-10,9,46278.8,105
2019-02-10,10,45126.0,104
2019-02-10,11,45126.0,104
2019-02-10,12,44273.8,103
2019-02-10,13,39603.9,101
2019-02-10,14,39433.5,100
2019-02-10,15,39101.8,98
2019-02-10,16,39603.9,101
2019-02-10,17,42428.1,105
2019-02-10,18,43580.9,106
2019-02-10,19,43580.9,106
2019-02-10,20,43580.9,106
2019-02-10,21,41750.0,104
2019-02-10,22,38890.5,100
2019-02-10,23,39446.0,102
2019-02-11,0,35160.6,98
2019-02-11,1,29121.9,89
2019-02-11,2,29121.9,89
2019-02-11,3,29121.9,89
2019-02-11,4,31217.3,92
2019-02-11,5,36297.1,96
2019-02-11,6,38160.5,98
2019-02-11,7,38160.5,98
2019-02-11,8,38160.5,98
2019-02-11,9,37155.5,95
2019-02-11,10,37305.5,96
2019-02-11,11,35571.5,95
2019-02-11,12,35571.5,95
2019-02-11,13,34813.3,95
2019-02-11,14,32078.3,93
2019-02-11,15,32078.3,93
2019-02-11,16,33303.2,95
2019-02-11,17,34740.7,97
2019-02-11,18,38374.5,100
2019-02-11,19,38374.5,100
2019-02-11,20,38374.5,100
2019-02-11,21,35486.9,96
2019-02-11,22,32078.3,93
2019-02-11,23,29145.5,90
2019-02-12,0,27873.8,83
2019-02-12,1,25951.0,84
2019-02-12,2,25951.0,84
2019-02-12,3,27137.8,85
2019-02-12,4,27085.6,85
2019-02-12,5,32183.1,92
2019-02-12,6,36498.0,97
2019-02-12,7,38292.9,100
2019-02-12,8,38292.9,100
2019-02-12,9,38292.9,100
2019-02-12,10,37722.9,99
2019-02-12,11,35927.5,98
2019-02-12,12,34298.5,96
2019-02-12,13,31515.7,94
2019-02-12,14,30802.3,93
2019-02-12,15,30802.3,93
2019-02-12,16,32673.9,95
2019-02-12,17,36724.3,99
2019-02-12,18,42182.1,104
2019-02-12,19,42843.6,105
2019-02-12,20,42843.6,105
2019-02-12,21,42843.6,105
2019-02-12,22,40027.4,103
2019-02-12,23,36188.8,98
2019-02-13,0,36188.8,98
2019-02-13,1,33303.8,95
2019-02-13,2,35099.2,96
2019-02-13,3,35249.2,97
2019-02-13,4,38451.3,101
2019-02-13,5,44490.6,106
2019-02-13,6,48499.0,107
2019-02-13,7,48499.0,107
2019-02-13,8,46397.6,105
2019-02-13,9,42389.2,104
2019-02-13,10,38998.5,101
2019-02-13,11,34978.2,97
2019-02-13,12,31716.1,92
2019-02-13,13,29982.1,91
2019-02-13,14,29550.1,90
2019-02-13,15,28418.2,87
2019-02-13,16,29550.1,90
2019-02-13,17,31622.8,94
2019-02-13,18,34288.8,96
2019-02-13,19,34288.8,96
2019-02-13,20,34288.8,96
2019-02-13,21,32554.8,95
2019-02-13,22,31449.6,93
2019-02-13,23,26233.9,82
2019-02-14,0,25145.7,81
2019-02-14,1,25185.5,81
2019-02-14,2,25185.5,81
2019-02-14,3,27289.5,84
2019-02-14,4,27289.5,84
2019-02-14,5,31835.7,93
2019-02-14,6,33707.3,95
2019-02-14,7,33707.3,95
2019-02-14,8,33707.3,95
2019-02-14,9,33707.3,95
2019-02-14,10,32078.3,93
2019-02-14,11,30890.3,90
2019-02-14,12,29039.5,89
2019-02-14,13,29039.5,89
2019-02-14,14,27180.0,86
2019-02-14,15,27180.0,86
2019-02-14,16,29129.9,90
2019-02-14,17,30069.5,91
2019-02-14,18,35537.5,98
2019-02-14,19,35537.5,98
2019-02-14,20,35537.5,98
2019-02-14,21,35537.5,98
2019-02-14,22,32449.1,94
2019-02-14,23,29223.8,91
2019-02-15,0,26888.6,88
2019-02-15,1,24108.7,84
2019-02-15,2,24897.1,85
2019-02-15,3,25492.1,86
2019-02-15,4,27827.3,89
2019-02-15,5,32460.6,95
2019-02-15,6,33742.1,97
2019-02-15,7,33742.1,97
2019-02-15,8,33742.1,97
2019-02-15,9,33742.1,97
2019-02-15,10,33742.1,97
2019-02-15,11,32312.2,95
2019-02-15,12,32312.2,95
2019-02-15,13,31372.6,94
2019-02-15,14,30837.1,93
2019-02-15,15,30147.7,92
2019-02-15,16,29434.3,91
2019-02-15,17,32019.3,94
2019-02-15,18,36773.6,98
2019-02-15,19,35921.4,97
2019-02-15,20,35921.4,97
2019-02-15,21,35921.4,97
2019-02-15,22,34126.0,96
2019-02-15,23,33186.4,95
2019-02-16,0,34052.8,94
2019-02-16,1,31086.4,92
2019-02-16,2,31236.4,93
2019-02-16,3,31236.4,93
2019-02-16,4,32551.7,93
2019-02-16,5,33954.5,95
2019-02-16,6,36783.3,98
2019-02-16,7,40355.7,101
2019-02-16,8,41865.3,103
2019-02-16,9,41865.3,103
2019-02-16,10,41865.3,103
2019-02-16,11,40380.7,101
2019-02-16,12,38921.4,99
2019-02-16,13,36396.0,95
2019-02-16,14,34600.6,94
2019-02-16,15,33413.3,92
2019-02-16,16,32849.9,92
2019-02-16,17,34098.8,94
2019-02-16,18,37772.2,98
2019-02-16,19,37772.2,98
2019-02-16,20,37606.6,97
2019-02-16,21,35811.2,96
2019-02-16,22,34077.2,95
2019-02-16,23,31741.1,92
2019-02-17,0,29545.0,88
2019-02-17,1,27899.6,86
2019-02-17,2,30267.3,90
2019-02-17,3,30432.9,91
2019-02-17,4,31364.9,92
2019-02-17,5,33695.8,94
2019-02-17,6,33695.8,94
2019-02-17,7,37330.5,98
2019-02-17,8,37330.5,98
2019-02-17,9,37330.5,98
2019-02-17,10,37330.5,98
2019-02-17,11,34310.2,95
2019-02-17,12,31364.9,92
2019-02-17,13,29586.3,88
2019-02-17,14,27735.5,87
2019-02-17,15,27735.5,87
2019-02-17,16,27984.5,88
2019-02-17,17,31841.4,94
2019-02-17,18,34978.2,97
2019-02-17,19,34978.2,97
2019-02-17,20,34978.2,97
2019-02-17,21,33856.8,95
2019-02-17,22,31359.3,91
2019-02-17,23,29625.3,90
2019-02-18,0,27288.2,87
2019-02-18,1,25017.2,84
2019-02-18,2,25347.1,82
2019-02-18,3,27296.3,84
2019-02-18,4,29030.3,85
2019-02-18,5,34144.6,94
2019-02-18,6,36662.9,99
2019-02-18,7,38513.7,100
2019-02-18,8,38513.7,100
2019-02-18,9,37824.3,99
2019-02-18,10,37824.3,99
2019-02-18,11,36806.5,97
2019-02-18,12,34229.9,93
2019-02-18,13,33548.9,91
2019-02-18,14,31814.9,90
2019-02-18,15,32399.0,93
2019-02-18,16,33770.6,95
2019-02-18,17,35504.6,96
2019-02-18,18,39456.9,100
2019-02-18,19,39456.9,100
2019-02-18,20,38767.5,99
2019-02-18,21,36972.1,98
2019-02-18,22,33386.1,92
2019-02-18,23,31057.1,90
2019-02-19,0,28911.3,87
2019-02-19,1,27821.0,85
2019-02-19,2,27821.0,85
2019-02-19,3,28909.2,86
2019-02-19,4,31735.5,91
2019-02-19,5,37163.6,98
2019-02-19,6,40950.7,102
2019-02-19,7,40950.7,102
2019-02-19,8,42717.5,104
2019-02-19,9,42717.5,104
2019-02-19,10,42717.5,104
2019-02-19,11,42717.5,104
2019-02-19,12,42717.5,104
2019-02-19,13,42717.5,104
2019-02-19,14,43930.7,106
2019-02-19,15,43930.7,106
2019-02-19,16,48600.6,108
2019-02-19,17,50483.8,110
2019-02-19,18,51636.6,111
2019-02-19,19,52314.7,112
2019-02-19,20,52314.7,112
2019-02-19,21,52314.7,112
2019-02-19,22,51636.6,111
2019-02-19,23,44974.2,108
2019-02-20,0,44034.6,107
2019-02-20,1,40724.5,104
2019-02-20,2,40724.5,104
2019-02-20,3,42458.5,105
2019-02-20,4,44034.6,107
2019-02-20,5,49092.8,108
2019-02-20,6,49896.0,109
2019-02-20,7,49753.4,109
2019-02-20,8,48600.6,108
2019-02-20,9,44592.2,107
2019-02-20,10,41165.3,104
2019-02-20,11,35896.1,98
2019-02-20,12,33851.0,95
2019-02-20,13,31881.7,93
2019-02-20,14,30147.7,92
2019-02-20,15,30147.7,92
2019-02-20,16,31615.2,94
2019-02-20,17,36331.9,98
2019-02-20,18,41565.3,104
2019-02-20,19,42226.8,105
2019-02-20,20,42226.8,105
2019-02-20,21,42226.8,105
2019-02-20,22,38966.5,101
2019-02-20,23,37255.7,99
2019-02-21,0,33726.3,97
2019-02-21,1,32089.1,95
2019-02-21,2,33087.7,95
2019-02-21,3,32937.7,94
2019-02-21,4,34883.1,96
2019-02-21,5,40567.1,102
2019-02-21,6,42360.1,104
2019-02-21,7,42360.1,104
2019-02-21,8,42360.1,104
2019-02-21,9,39763.9,101
2019-02-21,10,38254.3,99
2019-02-21,11,37330.5,98
2019-02-21,12,35369.5,96
2019-02-21,13,34834.0,95
2019-02-21,14,34700.8,93
2019-02-21,15,32850.0,92
2019-02-21,16,32749.5,94
2019-02-21,17,35476.1,98
2019-02-21,18,38186.1,100
2019-02-21,19,38186.1,100
2019-02-21,20,38186.1,100
2019-02-21,21,37271.5,99
2019-02-21,22,34536.5,97
2019-02-21,23,32652.5,95
2019-02-22,0,29987.3,90
2019-02-22,1,28025.7,88
2019-02-22,2,29113.9,89
2019-02-22,3,30112.5,89
2019-02-22,4,32066.6,92
2019-02-22,5,38374.5,100
2019-02-22,6,41573.2,103
2019-02-22,7,43296.0,105
2019-02-22,8,43296.0,105
2019-02-22,9,43296.0,105
2019-02-22,10,43296.0,105
2019-02-22,11,40567.1,102
2019-02-22,12,38559.6,99
2019-02-22,13,35840.4,97
2019-02-22,14,33933.2,93
2019-02-22,15,33933.2,93
2019-02-22,16,35034.4,95
2019-02-22,17,33873.0,95
2019-02-22,18,35892.8,98
2019-02-22,19,35892.8,98
2019-02-22,20,35892.8,98
2019-02-22,21,34978.2,97
2019-02-22,22,33244.2,96
2019-02-22,23,32063.2,94
2019-02-23,0,28317.0,88
2019-02-23,1,25893.5,84
2019-02-23,2,25893.5,84
2019-02-23,3,25643.1,86
2019-02-23,4,25643.1,86
2019-02-23,5,28141.3,89
2019-02-23,6,31615.2,94
2019-02-23,7,34100.0,96
2019-02-23,8,35039.6,97
2019-02-23,9,35039.6,97
2019-02-23,10,35039.6,97
2019-02-23,11,33244.2,96
2019-02-23,12,31460.0,94
2019-02-23,13,29831.0,92
2019-02-23,14,28685.6,90
2019-02-23,15,28126.6,89
2019-02-23,16,28685.6,90
2019-02-23,17,28685.6,90
2019-02-23,18,30763.0,93
2019-02-23,19,30763.0,93
2019-02-23,20,30763.0,93
2019-02-23,21,30763.0,93
2019-02-23,22,30763.0,93
2019-02-23,23,30763.0,93
2019-02-24,0,30763.0,93
2019-02-24,1,31260.9,94
2019-02-24,2,32447.7,95
2019-02-24,3,32447.7,95
2019-02-24,4,34243.1,96
2019-02-24,5,36093.9,97
2019-02-24,6,36093.9,97
2019-02-24,7,37722.9,99
2019-02-24,8,37722.9,99
2019-02-24,9,37722.9,99
2019-02-24,10,37033.5,98
2019-02-24,11,33366.5,95
2019-02-24,12,30548.2,92
2019-02-24,13,27655.5,87
2019-02-24,14,25941.8,84
2019-02-24,15,25941.8,84
2019-02-24,16,26623.6,84
2019-02-24,17,27567.8,87
2019-02-24,18,32554.8,95
2019-02-24,19,34288.8,96
2019-02-24,20,34288.8,96
2019-02-24,21,33753.3,95
2019-02-24,22,32019.3,94
2019-02-24,23,31305.9,93
2019-02-25,0,30751.8,92
2019-02-25,1,30901.8,93
2019-02-25,2,31591.2,94
2019-02-25,3,33386.6,95
2019-02-25,4,35618.5,97
2019-02-25,5,42192.2,104
2019-02-25,6,44148.2,106
2019-02-25,7,44148.2,106
2019-02-25,8,44148.2,106
2019-02-25,9,40616.1,102
2019-02-25,10,36773.6,98
2019-02-25,11,33191.2,94
2019-02-25,12,30321.7,89
2019-02-25,13,28587.7,88
2019-02-25,14,27499.5,87
2019-02-25,15,25893.5,84
2019-02-25,16,27546.3,88
2019-02-25,17,29002.3,90
2019-02-25,18,33742.1,97
2019-02-25,19,33742.1,97
2019-02-25,20,33742.1,97
2019-02-25,21,33742.1,97
2019-02-25,22,31553.6,94
2019-02-25,23,29505.3,91
2019-02-26,0,28048.5,89
2019-02-26,1,26781.7,86
2019-02-26,2,25745.7,85
2019-02-26,3,26310.7,84
2019-02-26,4,28607.4,88
2019-02-26,5,32078.3,93
2019-02-26,6,35502.7,96
2019-02-26,7,35502.7,96
2019-02-26,8,35502.7,96
2019-02-26,9,35502.7,96
2019-02-26,10,35826.1,95
2019-02-26,11,34030.7,94
2019-02-26,12,34054.7,94
2019-02-26,13,32203.9,93
2019-02-26,14,32203.9,93
2019-02-26,15,30380.5,90
2019-02-26,16,30700.9,92
2019-02-26,17,32639.2,95
2019-02-26,18,35374.2,97
2019-02-26,19,35374.2,97
2019-02-26,20,35374.2,97
2019-02-26,21,35374.2,97
2019-02-26,22,30916.9,93
2019-02-26,23,28768.1,90
2019-02-27,0,26714.9,87
2019-02-27,1,24921.9,85
2019-02-27,2,24921.9,85
2019-02-27,3,26825.1,87
2019-02-27,4,28442.6,90
2019-02-27,5,34326.2,96
2019-02-27,6,35747.9,98
2019-02-27,7,37945.9,101
2019-02-27,8,37945.9,101
2019-02-27,9,37945.9,101
2019-02-27,10,37945.9,101
2019-02-27,11,35747.9,98
2019-02-27,12,34824.1,97
2019-02-27,13,33349.0,95
2019-02-27,14,33734.5,95
2019-02-27,15,33884.5,96
2019-02-27,16,36533.1,98
2019-02-27,17,39097.3,100
2019-02-27,18,39846.2,101
2019-02-27,19,40999.0,102
2019-02-27,20,40999.0,102
2019-02-27,21,40999.0,102
2019-02-27,22,38270.1,99
2019-02-27,23,34999.6,96
2019-02-28,0,32866.6,93
2019-02-28,1,31679.3,91
2019-02-28,2,32078.3,93
2019-02-28,3,33265.1,94
2019-02-28,4,35060.5,95
2019-02-28,5,40662.1,100
2019-02-28,6,42105.5,103
2019-02-28,7,44251.6,106
2019-02-28,8,45103.8,107
2019-02-28,9,45103.8,107
2019-02-28,10,45103.8,107
2019-02-28,11,44442.3,106
2019-02-28,12,44442.3,106
2019-02-28,13,43518.5,105
2019-02-28,14,41667.7,104
2019-02-28,15,40587.5,102
2019-02-28,16,40753.1,103
2019-02-28,17,42865.2,105
2019-02-28,18,45674.4,108
2019-02-28,19,46352.5,109
2019-02-28,20,46352.5,109
2019-02-28,21,46352.5,109
2019-02-28,22,43789.0,106
2019-02-28,23,42147.5,103
2019-03-01,0,37518.7,99
2019-03-01,1,37518.7,99
2019-03-01,2,36293.8,97
2019-03-01,3,38458.3,100
2019-03-01,4,39372.9,101
2019-03-01,5,44694.4,106
2019-03-01,6,45942.5,108
2019-03-01,7,45942.5,108
2019-03-01,8,45942.5,108
2019-03-01,9,45942.5,108
2019-03-01,10,44182.2,106
2019-03-01,11,40879.1,102
2019-03-01,12,40309.1,101
2019-03-01,13,35730.9,98
2019-03-01,14,34101.9,96
2019-03-01,15,33388.5,95
2019-03-01,16,34791.3,97
2019-03-01,17,38458.3,100
2019-03-01,18,41686.6,104
2019-03-01,19,41686.6,104
2019-03-01,20,41686.6,104
2019-03-01,21,41686.6,104
2019-03-01,22,39372.9,101
2019-03-01,23,36724.3,99
2019-03-02,0,33275.9,96
2019-03-02,1,31591.2,94
2019-03-02,2,30123.7,92
2019-03-02,3,29808.1,90
2019-03-02,4,30502.0,91
2019-03-02,5,32571.1,94
2019-03-02,6,35353.9,96
2019-03-02,7,38696.0,99
2019-03-02,8,39193.9,100
2019-03-02,9,39763.9,101
2019-03-02,10,39763.9,101
2019-03-02,11,38504.5,99
2019-03-02,12,38504.5,99
2019-03-02,13,36709.1,98
2019-03-02,14,35785.3,97
2019-03-02,15,35121.8,95
2019-03-02,16,34951.4,94
2019-03-02,17,35806.4,96
2019-03-02,18,37601.8,97
2019-03-02,19,38454.0,98
2019-03-02,20,36603.2,97
2019-03-02,21,34118.4,95
2019-03-02,22,31881.7,93
2019-03-02,23,30147.7,92
2019-03-03,0,31079.7,93
2019-03-03,1,31079.7,93
2019-03-03,2,31079.7,93
2019-03-03,3,30366.3,92
2019-03-03,4,29505.3,91
2019-03-03,5,31928.7,93
2019-03-03,6,34426.9,96
2019-03-03,7,37217.3,98
2019-03-03,8,37551.9,98
2019-03-03,9,37551.9,98
2019-03-03,10,37551.9,98
2019-03-03,11,37551.9,98
2019-03-03,12,37386.3,97
2019-03-03,13,37761.5,97
2019-03-03,14,35600.5,95
2019-03-03,15,34579.9,95
2019-03-03,16,36055.0,97
2019-03-03,17,37789.0,98
2019-03-03,18,45322.9,107
2019-03-03,19,45322.9,107
2019-03-03,20,45322.9,107
2019-03-03,21,44479.2,105
2019-03-03,22,39380.7,100
2019-03-03,23,38193.9,99
2019-03-04,0,35497.0,95
2019-03-04,1,35662.6,96
2019-03-04,2,36602.2,97
2019-03-04,3,37777.6,98
2019-03-04,4,42254.1,103
2019-03-04,5,47224.4,107
2019-03-04,6,52334.0,110
2019-03-04,7,52184.0,109
2019-03-04,8,52013.6,108
2019-03-04,9,53062.4,110
2019-03-04,10,53062.4,110
2019-03-04,11,51582.0,108
2019-03-04,12,51747.6,109
2019-03-04,13,47180.2,107
2019-03-04,14,47180.2,107
2019-03-04,15,47341.6,108
2019-03-04,16,47341.6,108
2019-03-04,17,52437.1,110
2019-03-04,18,53739.9,112
2019-03-04,19,56119.5,113
2019-03-04,20,57201.7,114
2019-03-04,21,57201.7,114
2019-03-04,22,57201.7,114
2019-03-04,23,53943.7,112
2019-03-05,0,52332.6,111
2019-03-05,1,52569.0,111
2019-03-05,2,52801.6,111
2019-03-05,3,53741.2,112
2019-03-05,4,56379.9,115
2019-03-05,5,62858.8,119
2019-03-05,6,62858.8,119
2019-03-05,7,62858.8,119
2019-03-05,8,62858.8,119
2019-03-05,9,59818.1,117
2019-03-05,10,55169.5,114
2019-03-05,11,53613.0,112
2019-03-05,12,45916.8,108
2019-03-05,13,43276.1,105
2019-03-05,14,40122.9,102
2019-03-05,15,38711.7,100
2019-03-05,16,39622.9,100
2019-03-05,17,40749.3,102
2019-03-05,18,48991.6,107
2019-03-05,19,50073.8,108
2019-03-05,20,50073.8,108
2019-03-05,21,50073.8,108
2019-03-05,22,50073.8,108
2019-03-05,23,53291.8,111
2019-03-06,0,47549.4,109
2019-03-06,1,48227.5,110
2019-03-06,2,47145.3,109
2019-03-06,3,52468.5,111
2019-03-06,4,53524.4,111
2019-03-06,5,57776.5,115
2019-03-06,6,57776.5,115
2019-03-06,7,57626.5,114
2019-03-06,8,56086.5,114
2019-03-06,9,50890.7,111
2019-03-06,10,45729.5,109
2019-03-06,11,40606.9,103
2019-03-06,12,38756.1,102
2019-03-06,13,34521.4,97
2019-03-06,14,33581.8,96
2019-03-06,15,32267.0,95
2019-03-06,16,34001.0,96
2019-03-06,17,34001.0,96
2019-03-06,18,39679.9,102
2019-03-06,19,39679.9,102
2019-03-06,20,39679.9,102
2019-03-06,21,39679.9,102
2019-03-06,22,35494.8,98
2019-03-06,23,39568.5,102
2019-03-07,0,33887.6,93
2019-03-07,1,27822.2,86
2019-03-07,2,27822.2,86
2019-03-07,3,29035.3,89
2019-03-07,4,30366.3,92
2019-03-07,5,35298.5,96
2019-03-07,6,36773.6,98
2019-03-07,7,36773.6,98
2019-03-07,8,36773.6,98
2019-03-07,9,36238.1,97
2019-03-07,10,34442.7,96
2019-03-07,11,32571.1,94
2019-03-07,12,30837.1,93
2019-03-07,13,30588.1,92
2019-03-07,14,28590.3,89
2019-03-07,15,28440.3,88
2019-03-07,16,28839.3,90
2019-03-07,17,29969.8,92
2019-03-07,18,33636.8,95
2019-03-07,19,33636.8,95
2019-03-07,20,33636.8,95
2019-03-07,21,32161.7,93
2019-03-07,22,28573.3,90
2019-03-07,23,27978.3,89
2019-03-08,0,23895.6,81
2019-03-08,1,21038.5,76
2019-03-08,2,21038.5,76
2019-03-08,3,21390.6,78
2019-03-08,4,22326.0,81
2019-03-08,5,27721.1,89
2019-03-08,6,29571.9,90
2019-03-08,7,32840.0,94
2019-03-08,8,32840.0,94
2019-03-08,9,32840.0,94
2019-03-08,10,32840.0,94
2019-03-08,11,32840.0,94
2019-03-08,12,31900.4,93
2019-03-08,13,30536.4,91
2019-03-08,14,30536.4,91
2019-03-08,15,30366.0,90
2019-03-08,16,30386.4,90
2019-03-08,17,31466.3,93
2019-03-08,18,33337.9,95
2019-03-08,19,33337.9,95
2019-03-08,20,33337.9,95
2019-03-08,21,31034.3,92
2019-03-08,22,28004.4,87
2019-03-08,23,27627.5,86
2019-03-09,0,22081.1,77
2019-03-09,1,20885.1,75
2019-03-09,2,20703.4,74
2019-03-09,3,21540.6,79
2019-03-09,4,21540.6,79
2019-03-09,5,21540.6,79
2019-03-09,6,22702.9,82
2019-03-09,7,24828.9,85
2019-03-09,8,28741.9,89
2019-03-09,9,30482.3,92
2019-03-09,10,30482.3,92
2019-03-09,11,30482.3,92
2019-03-09,12,30482.3,92
2019-03-09,13,29768.9,91
2019-03-09,14,30458.3,92
2019-03-09,15,31171.7,93
2019-03-09,16,32103.7,94
2019-03-09,17,32639.2,95
2019-03-09,18,37365.9,100
2019-03-09,19,38448.1,101
2019-03-09,20,38448.1,101
2019-03-09,21,38448.1,101
2019-03-09,22,36691.3,99
2019-03-09,23,33210.1,95
2019-03-10,0,30490.9,93
2019-03-10,1,30490.9,93
2019-03-10,2,28014.5,88
2019-03-10,3,28014.5,88
2019-03-10,4,28014.5,88
2019-03-10,5,29457.5,91
2019-03-10,6,29457.5,91
2019-03-10,7,32534.4,94
2019-03-10,8,32534.4,94
2019-03-10,9,34385.2,95
2019-03-10,10,35098.6,96
2019-03-10,11,31286.8,93
2019-03-10,12,31037.8,92
2019-03-10,13,29416.4,90
2019-03-10,14,28383.5,87
2019-03-10,15,28553.0,88
2019-03-10,16,28703.0,89
2019-03-10,17,30348.4,91
2019-03-10,18,33022.0,93
2019-03-10,19,33187.6,94
2019-03-10,20,33187.6,94
2019-03-10,21,31167.1,93
2019-03-10,22,29514.1,91
2019-03-10,23,28336.1,89
2019-03-11,0,27404.1,88
2019-03-11,1,27404.1,88
2019-03-11,2,27404.1,88
2019-03-11,3,28336.1,89
2019-03-11,4,32286.3,94
2019-03-11,5,35822.7,97
2019-03-11,6,37459.9,99
2019-03-11,7,37459.9,99
2019-03-11,8,37459.9,99
2019-03-11,9,37459.9,99
2019-03-11,10,37722.9,99
2019-03-11,11,35872.1,98
2019-03-11,12,34076.7,97
2019-03-11,13,33387.3,96
2019-03-11,14,31734.3,94
2019-03-11,15,30802.3,93
2019-03-11,16,30304.4,92
2019-03-11,17,31017.8,93
2019-03-11,18,32447.7,95
2019-03-11,19,32447.7,95
2019-03-11,20,32447.7,95
2019-03-11,21,30585.8,92
2019-03-11,22,27555.1,88
2019-03-11,23,26809.1,87
2019-03-12,0,24735.5,84
2019-03-12,1,24905.9,85
2019-03-12,2,24013.9,84
2019-03-12,3,25917.1,86
2019-03-12,4,28411.6,90
2019-03-12,5,30901.8,93
2019-03-12,6,30901.8,93
2019-03-12,7,30901.8,93
2019-03-12,8,31615.2,94
2019-03-12,9,31615.2,94
2019-03-12,10,30683.2,93
2019-03-12,11,30517.6,92
2019-03-12,12,30517.6,92
2019-03-12,13,31615.2,94
2019-03-12,14,31615.2,94
2019-03-12,15,34597.9,97
2019-03-12,16,34597.9,97
2019-03-12,17,35479.7,97
2019-03-12,18,35479.7,97
2019-03-12,19,36419.3,98
2019-03-12,20,36419.3,98
2019-03-12,21,34685.3,97
2019-03-12,22,34685.3,97
2019-03-12,23,30082.9,92
2019-03-13,0,28496.8,90
2019-03-13,1,25720.9,86
2019-03-13,2,25570.9,85
2019-03-13,3,21919.2,79
2019-03-13,4,26165.9,86
2019-03-13,5,26165.9,86
2019-03-13,6,31681.1,94
2019-03-13,7,33908.5,96
2019-03-13,8,33908.5,96
2019-03-13,9,33908.5,96
2019-03-13,10,32976.5,95
2019-03-13,11,33884.5,96
2019-03-13,12,33884.5,96
2019-03-13,13,33884.5,96
2019-03-13,14,34808.3,97
2019-03-13,15,34808.3,97
2019-03-13,16,36461.3,99
2019-03-13,17,39008.2,102
2019-03-13,18,39890.0,102
2019-03-13,19,39890.0,102
2019-03-13,20,39890.0,102
2019-03-13,21,37073.8,100
2019-03-13,22,30017.0,92
2019-03-13,23,25948.1,86
2019-03-14,0,25948.1,86
2019-03-14,1,24709.9,84
2019-03-14,2,24709.9,84
2019-03-14,3,21488.5,77
2019-03-14,4,26774.8,85
2019-03-14,5,26774.8,85
2019-03-14,6,28625.6,86
2019-03-14,7,30112.5,89
2019-03-14,8,30282.9,90
2019-03-14,9,30282.9,90
2019-03-14,10,31935.9,92
2019-03-14,11,30085.1,91
2019-03-14,12,30085.1,91
2019-03-14,13,27752.5,85
2019-03-14,14,26868.7,83
2019-03-14,15,28535.6,89
2019-03-14,16,28535.6,89
2019-03-14,17,29965.5,91
2019-03-14,18,32624.3,94
2019-03-14,19,34475.1,95
2019-03-14,20,34475.1,95
2019-03-14,21,31933.7,93
2019-03-14,22,29585.0,91
2019-03-14,23,27254.1,87
2019-03-15,0,25995.5,85
2019-03-15,1,24539.5,83
2019-03-15,2,24539.5,83
2019-03-15,3,24068.4,82
2019-03-15,4,26830.8,85
2019-03-15,5,28780.0,87
2019-03-15,6,33310.8,95
2019-03-15,7,34393.0,96
2019-03-15,8,34393.0,96
2019-03-15,9,34393.0,96
2019-03-15,10,33145.2,94
2019-03-15,11,29910.8,90
2019-03-15,12,30624.2,91
2019-03-15,13,28773.4,90
2019-03-15,14,28341.4,89
2019-03-15,15,28183.5,87
2019-03-15,16,28515.2,89
2019-03-15,17,30547.5,93
2019-03-15,18,34193.7,95
2019-03-15,19,35797.7,97
2019-03-15,20,35797.7,97
2019-03-15,21,35365.7,96
2019-03-15,22,33761.7,94
2019-03-15,23,33761.7,94
2019-03-16,0,33195.1,95
2019-03-16,1,33195.1,95
2019-03-16,2,33195.1,95
2019-03-16,3,33884.5,96
2019-03-16,4,35537.5,98
2019-03-16,5,37271.5,99
2019-03-16,6,37271.5,99
2019-03-16,7,39268.3,101
2019-03-16,8,39268.3,101
2019-03-16,9,39268.3,101
2019-03-16,10,37271.5,99
2019-03-16,11,34824.1,97
2019-03-16,12,31803.8,94
2019-03-16,13,29932.2,92
2019-03-16,14,28582.1,90
2019-03-16,15,28582.1,90
2019-03-16,16,29768.9,91
2019-03-16,17,30700.9,92
2019-03-16,18,35872.1,98
2019-03-16,19,36282.1,99
2019-03-16,20,36282.1,99
2019-03-16,21,36282.1,99
2019-03-16,22,35536.1,98
2019-03-16,23,34061.0,96
2019-03-17,0,34061.0,96
2019-03-17,1,33563.1,95
2019-03-17,2,33563.1,95
2019-03-17,3,34309.1,96
2019-03-17,4,35759.2,98
2019-03-17,5,37610.0,99
2019-03-17,6,39473.4,101
2019-03-17,7,39473.4,101
2019-03-17,8,39473.4,101
2019-03-17,9,39473.4,101
2019-03-17,10,36909.2,99
2019-03-17,11,34660.8,96
2019-03-17,12,31179.8,93
2019-03-17,13,29784.5,90
2019-03-17,14,28364.6,87
2019-03-17,15,29602.8,89
2019-03-17,16,29784.5,90
2019-03-17,17,31179.8,93
2019-03-17,18,34434.6,96
2019-03-17,19,36168.6,97
2019-03-17,20,36168.6,97
2019-03-17,21,34434.6,96
2019-03-17,22,32534.4,94
2019-03-17,23,30739.0,93
2019-03-18,0,29650.8,92
2019-03-18,1,29993.0,92
2019-03-18,2,31950.3,95
2019-03-18,3,34685.3,97
2019-03-18,4,40758.8,103
2019-03-18,5,44378.2,106
2019-03-18,6,44378.2,106
2019-03-18,7,44378.2,106
2019-03-18,8,44378.2,106
2019-03-18,9,42644.2,105
2019-03-18,10,39606.0,102
2019-03-18,11,36536.1,98
2019-03-18,12,33801.1,96
2019-03-18,13,33055.1,95
2019-03-18,14,31154.4,92
2019-03-18,15,30618.9,91
2019-03-18,16,30618.9,91
2019-03-18,17,31652.3,93
2019-03-18,18,34137.1,95
2019-03-18,19,33987.1,94
2019-03-18,20,33987.1,94
2019-03-18,21,34137.1,95
2019-03-18,22,31099.0,92
2019-03-18,23,29303.6,91
2019-03-19,0,28618.1,89
2019-03-19,1,27757.1,88
2019-03-19,2,29307.5,90
2019-03-19,3,30916.9,93
2019-03-19,4,36270.6,99
2019-03-19,5,39036.0,101
2019-03-19,6,39036.0,101
2019-03-19,7,39036.0,101
2019-03-19,8,38538.1,100
2019-03-19,9,37623.5,99
2019-03-19,10,35098.6,96
2019-03-19,11,32767.7,94
2019-03-19,12,31146.3,92
2019-03-19,13,29295.5,91
2019-03-19,14,29295.5,91
2019-03-19,15,28185.5,89
2019-03-19,16,28185.5,89
2019-03-19,17,29986.1,91
2019-03-19,18,31167.1,93
2019-03-19,19,33017.9,94
2019-03-19,20,32867.9,93
2019-03-19,21,30227.5,92
2019-03-19,22,29514.1,91
2019-03-19,23,28768.1,90
2019-03-20,0,25886.9,87
2019-03-20,1,25071.9,86
2019-03-20,2,26975.1,88
2019-03-20,3,30243.2,92
2019-03-20,4,35963.4,98
2019-03-20,5,39119.6,102
2019-03-20,6,40853.6,103
2019-03-20,7,40853.6,103
2019-03-20,8,39119.6,102
2019-03-20,9,39119.6,102
2019-03-20,10,37375.9,100
2019-03-20,11,35747.9,98
2019-03-20,12,33028.7,96
2019-03-20,13,33028.7,96
2019-03-20,14,32089.1,95
2019-03-20,15,31553.6,94
2019-03-20,16,32089.1,95
2019-03-20,17,33028.7,96
2019-03-20,18,38528.7,101
2019-03-20,19,38528.7,101
2019-03-20,20,38528.7,101
2019-03-20,21,38528.7,101
2019-03-20,22,34685.3,97
2019-03-20,23,32464.2,94
2019-03-21,0,29955.4,92
2019-03-21,1,29955.4,92
2019-03-21,2,30668.8,93
2019-03-21,3,31950.3,95
2019-03-21,4,37459.9,99
2019-03-21,5,40259.9,102
2019-03-21,6,40259.9,102
2019-03-21,7,40259.9,102
2019-03-21,8,39345.3,101
2019-03-21,9,39345.3,101
2019-03-21,10,38312.1,100
2019-03-21,11,36461.3,99
2019-03-21,12,33884.5,96
2019-03-21,13,33884.5,96
2019-03-21,14,34597.9,97
2019-03-21,15,34597.9,97
2019-03-21,16,34597.9,97
2019-03-21,17,34597.9,97
2019-03-21,18,37375.9,100
2019-03-21,19,37375.9,100
2019-03-21,20,37375.9,100
2019-03-21,21,36461.3,99
2019-03-21,22,31596.9,93
2019-03-21,23,27836.1,89
2019-03-22,0,27836.1,89
2019-03-22,1,25886.9,87
2019-03-22,2,26975.1,88
2019-03-22,3,27907.1,89
2019-03-22,4,32999.7,95
2019-03-22,5,36536.1,98
2019-03-22,6,36536.1,98
2019-03-22,7,36536.1,98
2019-03-22,8,36536.1,98
2019-03-22,9,36000.6,97
2019-03-22,10,33658.2,94
2019-03-22,11,31862.8,93
2019-03-22,12,28042.8,85
2019-03-22,13,28042.8,85
2019-03-22,14,27877.2,84
2019-03-22,15,27877.2,84
2019-03-22,16,31488.3,91
2019-03-22,17,29637.5,90
2019-03-22,18,29637.5,90
2019-03-22,19,29219.0,88
2019-03-22,20,29219.0,88
2019-03-22,21,26814.3,85
2019-03-22,22,23006.9,80
2019-03-22,23,19406.2,72
2019-03-23,0,17338.7,69
2019-03-23,1,17338.7,69
2019-03-23,2,17508.2,70
2019-03-23,3,19249.2,72
2019-03-23,4,20771.5,76
2019-03-23,5,22138.3,79
2019-03-23,6,23995.3,82
2019-03-23,7,26992.9,86
2019-03-23,8,27853.9,87
2019-03-23,9,29587.9,88
2019-03-23,10,29587.9,88
2019-03-23,11,27140.5,86
2019-03-23,12,26279.5,85
2019-03-23,13,26279.5,85
2019-03-23,14,25356.9,85
2019-03-23,15,25356.9,85
2019-03-23,16,26694.1,87
2019-03-23,17,26694.1,87
2019-03-23,18,31055.1,93
2019-03-23,19,31055.1,93
2019-03-23,20,31055.1,93
2019-03-23,21,31055.1,93
2019-03-23,22,27404.1,88
2019-03-23,23,25498.1,85
2019-03-24,0,23594.9,83
2019-03-24,1,22454.9,81
2019-03-24,2,21666.5,80
2019-03-24,3,21666.5,80
2019-03-24,4,22991.3,82
2019-03-24,5,25344.5,85
2019-03-24,6,26543.1,87
2019-03-24,7,27836.1,89
2019-03-24,8,28582.1,90
2019-03-24,9,28416.5,89
2019-03-24,10,28017.5,87
2019-03-24,11,28266.5,88
2019-03-24,12,30235.1,92
2019-03-24,13,30235.1,92
2019-03-24,14,32085.9,93
2019-03-24,15,31372.5,92
2019-03-24,16,33337.9,95
2019-03-24,17,33337.9,95
2019-03-24,18,37106.1,99
2019-03-24,19,37106.1,99
2019-03-24,20,37106.1,99
2019-03-24,21,37106.1,99
2019-03-24,22,32850.5,94
2019-03-24,23,27902.0,89
2019-03-25,0,27404.1,88
2019-03-25,1,26047.7,85
2019-03-25,2,27561.7,88
2019-03-25,3,27561.7,88
2019-03-25,4,32615.9,94
2019-03-25,5,34989.8,97
2019-03-25,6,36176.6,98
2019-03-25,7,37212.6,99
2019-03-25,8,35358.4,97
2019-03-25,9,33413.0,95
2019-03-25,10,32318.8,93
2019-03-25,11,32137.1,92
2019-03-25,12,32137.1,92
2019-03-25,13,32489.2,94
2019-03-25,14,33578.8,96
2019-03-25,15,34076.7,97
2019-03-25,16,34076.7,97
2019-03-25,17,34076.7,97
2019-03-25,18,35336.6,97
2019-03-25,19,35016.2,95
2019-03-25,20,35336.6,97
2019-03-25,21,34149.8,96
2019-03-25,22,30951.6,93
2019-03-25,23,28334.0,90
2019-03-26,0,27245.8,89
2019-03-26,1,24851.3,85
2019-03-26,2,24851.3,85
2019-03-26,3,24851.3,85
2019-03-26,4,29801.5,92
2019-03-26,5,32802.5,96
2019-03-26,6,32802.5,96
2019-03-26,7,33742.1,97
2019-03-26,8,33052.7,96
2019-03-26,9,32517.2,95
2019-03-26,10,31803.8,94
2019-03-26,11,29500.2,91
2019-03-26,12,29002.3,90
2019-03-26,13,28852.3,89
2019-03-26,14,29715.7,91
2019-03-26,15,30683.2,93
2019-03-26,16,30683.2,93
2019-03-26,17,30683.2,93
2019-03-26,18,32113.1,95
2019-03-26,19,32113.1,95
2019-03-26,20,32113.1,95
2019-03-26,21,29387.8,90
2019-03-26,22,25455.9,85
2019-03-26,23,24259.9,83
2019-03-27,0,21664.4,78
2019-03-27,1,20876.0,77
2019-03-27,2,22166.5,81
2019-03-27,3,24859.9,85
2019-03-27,4,30700.9,92
2019-03-27,5,33043.3,95
2019-03-27,6,32007.3,94
2019-03-27,7,32007.3,94
2019-03-27,8,32007.3,94
2019-03-27,9,28848.7,89
2019-03-27,10,29884.7,90
2019-03-27,11,26750.3,85
2019-03-27,12,26579.9,84
2019-03-27,13,26750.3,85
2019-03-27,14,28576.3,88
2019-03-27,15,29171.3,89
2019-03-27,16,29171.3,89
2019-03-27,17,29171.3,89
2019-03-27,18,31784.2,93
2019-03-27,19,31784.2,93
2019-03-27,20,31784.2,93
2019-03-27,21,28083.1,88
2019-03-27,22,23425.4,82
2019-03-27,23,18771.5,71
2019-03-28,0,16577.5,67
2019-03-28,1,16577.5,67
2019-03-28,2,16885.7,69
2019-03-28,3,20049.8,73
2019-03-28,4,23218.0,82
2019-03-28,5,26008.1,86
2019-03-28,6,27096.3,87
2019-03-28,7,27546.3,88
2019-03-28,8,27546.3,88
2019-03-28,9,27546.3,88
2019-03-28,10,27546.3,88
2019-03-28,11,27546.3,88
2019-03-28,12,27546.3,88
2019-03-28,13,28141.3,89
2019-03-28,14,29002.3,90
2019-03-28,15,29434.3,91
2019-03-28,16,30147.7,92
2019-03-28,17,30147.7,92
2019-03-28,18,31943.1,93
2019-03-28,19,31943.1,93
2019-03-28,20,31943.1,93
2019-03-28,21,29295.5,91
2019-03-28,22,24337.0,84
2019-03-28,23,20049.8,73
2019-03-29,0,18164.0,71
2019-03-29,1,17520.4,70
2019-03-29,2,18436.1,70
2019-03-29,3,18605.6,71
2019-03-29,4,26153.7,86
2019-03-29,5,27241.9,87
2019-03-29,6,29092.7,88
2019-03-29,7,28544.9,88
2019-03-29,8,28544.9,88
2019-03-29,9,28544.9,88
2019-03-29,10,32085.9,93
2019-03-29,11,30770.6,93
2019-03-29,12,30770.6,93
2019-03-29,13,30186.5,90
2019-03-29,14,30356.0,91
2019-03-29,15,31045.4,92
2019-03-29,16,31045.4,92
2019-03-29,17,31294.4,93
2019-03-29,18,32889.9,96
2019-03-29,19,32889.9,96
2019-03-29,20,32889.9,96
2019-03-29,21,32200.5,95
2019-03-29,22,25948.1,86
2019-03-29,23,21872.5,80
2019-03-30,0,19674.1,75
2019-03-30,1,18426.9,73
2019-03-30,2,19602.9,74
2019-03-30,3,19602.9,74
2019-03-30,4,26747.9,88
2019-03-30,5,26747.9,88
2019-03-30,6,28582.1,90
2019-03-30,7,30666.6,93
2019-03-30,8,32235.0,93
2019-03-30,9,32400.6,94
2019-03-30,10,33436.6,95
2019-03-30,11,33436.6,95
2019-03-30,12,31702.6,94
2019-03-30,13,31900.4,93
2019-03-30,14,31900.4,93
2019-03-30,15,29514.1,91
2019-03-30,16,29514.1,91
2019-03-30,17,29514.1,91
2019-03-30,18,29686.4,89
2019-03-30,19,31546.9,91
2019-03-30,20,31546.9,91
2019-03-30,21,26388.8,85
2019-03-30,22,24664.4,82
2019-03-30,23,24664.4,82
2019-03-31,0,26317.2,86
2019-03-31,1,25571.2,85
2019-03-31,2,25571.2,85
2019-03-31,3,24483.0,84
2019-03-31,4,25571.2,85
2019-03-31,5,27798.9,87
2019-03-31,6,31146.3,92
2019-03-31,7,33017.9,94
2019-03-31,8,33017.9,94
2019-03-31,9,33017.9,94
2019-03-31,10,31146.3,92
2019-03-31,11,31146.3,92
2019-03-31,12,29295.5,91
2019-03-31,13,29295.5,91
2019-03-31,14,26200.9,87
2019-03-31,15,25636.3,84
2019-03-31,16,26035.3,86
2019-03-31,17,27984.5,88
2019-03-31,18,31236.9,94
2019-03-31,19,32937.7,94
2019-03-31,20,33087.7,95
2019-03-31,21,34883.1,96
2019-03-31,22,34883.1,96
2019-03-31,23,34883.1,96
2019-04-01,0,34219.1,96
2019-04-01,1,34219.1,96
2019-04-01,2,35158.7,97
2019-04-01,3,35728.7,98
2019-04-01,4,41018.1,104
2019-04-01,5,44566.4,107
2019-04-01,6,44566.4,107
2019-04-01,7,44566.4,107
2019-04-01,8,44566.4,107
2019-04-01,9,42832.4,106
2019-04-01,10,40597.4,104
2019-04-01,11,36724.3,99
2019-04-01,12,35537.5,98
2019-04-01,13,33028.7,96
2019-04-01,14,31249.7,93
2019-04-01,15,31249.7,93
2019-04-01,16,32089.1,95
2019-04-01,17,33028.7,96
2019-04-01,18,38840.6,102
2019-04-01,19,38840.6,102
2019-04-01,20,38840.6,102
2019-04-01,21,38840.6,102
2019-04-01,22,35584.1,98
2019-04-01,23,32160.7,95
2019-04-02,0,32160.7,95
2019-04-02,1,29514.1,91
2019-04-02,2,29514.1,91
2019-04-02,3,31364.9,92
2019-04-02,4,37163.2,98
2019-04-02,5,40108.5,101
2019-04-02,6,40108.5,101
2019-04-02,7,40108.5,101
2019-04-02,8,38374.5,100
2019-04-02,9,36022.4,97
2019-04-02,10,32078.3,93
2019-04-02,11,31055.1,89
2019-04-02,12,29204.3,88
2019-04-02,13,29204.3,88
2019-04-02,14,27674.9,86
2019-04-02,15,26586.7,85
2019-04-02,16,26586.7,85
2019-04-02,17,26586.7,85
2019-04-02,18,30740.9,91
2019-04-02,19,30740.9,91
2019-04-02,20,30740.9,91
2019-04-02,21,28774.7,88
2019-04-02,22,24350.7,81
2019-04-02,23,24129.8,82
2019-04-03,0,22106.9,79
2019-04-03,1,19775.5,74
2019-04-03,2,20872.9,75
2019-04-03,3,23322.4,80
2019-04-03,4,27790.6,87
2019-04-03,5,30432.9,91
2019-04-03,6,30432.9,91
2019-04-03,7,30432.9,91
2019-04-03,8,30432.9,91
2019-04-03,9,30000.9,90
2019-04-03,10,31239.3,90
2019-04-03,11,29388.5,89
2019-04-03,12,29388.5,89
2019-04-03,13,27387.4,86
2019-04-03,14,27110.9,84
2019-04-03,15,27217.0,85
2019-04-03,16,28109.0,86
2019-04-03,17,28711.4,88
2019-04-03,18,30235.1,92
2019-04-03,19,31969.1,93
2019-04-03,20,31969.1,93
2019-04-03,21,27061.9,88
2019-04-03,22,22991.0,81
2019-04-03,23,20037.6,73
2019-04-04,0,17982.3,70
2019-04-04,1,18151.8,71
2019-04-04,2,19249.2,72
2019-04-04,3,19946.6,75
2019-04-04,4,28150.1,89
2019-04-04,5,28582.1,90
2019-04-04,6,29434.3,91
2019-04-04,7,32019.3,94
2019-04-04,8,32019.3,94
2019-04-04,9,32019.3,94
2019-04-04,10,32019.3,94
2019-04-04,11,33478.6,96
2019-04-04,12,33478.6,96
2019-04-04,13,35274.0,97
2019-04-04,14,37008.0,98
2019-04-04,15,38358.9,100
2019-04-04,16,40076.7,102
2019-04-04,17,40955.1,103
2019-04-04,18,44258.0,107
2019-04-04,19,44936.1,108
2019-04-04,20,44936.1,108
2019-04-04,21,43202.1,107
2019-04-04,22,38409.1,101
2019-04-04,23,33923.5,96
2019-04-05,0,31414.7,94
2019-04-05,1,31414.7,94
2019-04-05,2,29351.8,91
2019-04-05,3,29351.8,91
2019-04-05,4,33403.8,95
2019-04-05,5,35514.4,97
2019-04-05,6,35514.4,97
2019-04-05,7,36795.9,99
2019-04-05,8,36795.9,99
2019-04-05,9,36795.9,99
2019-04-05,10,36795.9,99
2019-04-05,11,36231.3,96
2019-04-05,12,34266.4,94
2019-04-05,13,34986.4,96
2019-04-05,14,34986.4,96
2019-04-05,15,36720.4,97
2019-04-05,16,36720.4,97
2019-04-05,17,34986.4,96
2019-04-05,18,34646.7,98
2019-04-05,19,34646.7,98
2019-04-05,20,34646.7,98
2019-04-05,21,33209.2,96
2019-04-05,22,29519.9,90
2019-04-05,23,27244.9,88
2019-04-06,0,26109.5,85
2019-04-06,1,23475.5,81
2019-04-06,2,23475.5,81
2019-04-06,3,21865.4,78
2019-04-06,4,25720.9,86
2019-04-06,5,29303.6,91
2019-04-06,6,31950.3,95
2019-04-06,7,32889.9,96
2019-04-06,8,34740.7,97
2019-04-06,9,34740.7,97
2019-04-06,10,33801.1,96
2019-04-06,11,33087.7,95
2019-04-06,12,33087.7,95
2019-04-06,13,31236.9,94
2019-04-06,14,33032.3,95
2019-04-06,15,33032.3,95
2019-04-06,16,33032.3,95
2019-04-06,17,33032.3,95
2019-04-06,18,34685.3,97
2019-04-06,19,34685.3,97
2019-04-06,20,34685.3,97
2019-04-06,21,34685.3,97
2019-04-06,22,31596.9,93
2019-04-06,23,29801.5,92
2019-04-07,0,28110.9,89
2019-04-07,1,27077.5,87
2019-04-07,2,26211.9,87
2019-04-07,3,26211.9,87
2019-04-07,4,28239.7,89
2019-04-07,5,30243.2,92
2019-04-07,6,30243.2,92
2019-04-07,7,33474.0,95
2019-04-07,8,33474.0,95
2019-04-07,9,34660.8,96
2019-04-07,10,34125.3,95
2019-04-07,11,32329.9,94
2019-04-07,12,32329.9,94
2019-04-07,13,31208.6,92
2019-04-07,14,30380.5,90
2019-04-07,15,30700.9,92
2019-04-07,16,32103.7,94
2019-04-07,17,33043.3,95
2019-04-07,18,35374.2,97
2019-04-07,19,37365.9,100
2019-04-07,20,37365.9,100
2019-04-07,21,37365.9,100
2019-04-07,22,34669.5,97
2019-04-07,23,32286.3,94
2019-04-08,0,30490.9,93
2019-04-08,1,28058.4,90
2019-04-08,2,28919.4,91
2019-04-08,3,28919.4,91
2019-04-08,4,33971.9,96
2019-04-08,5,35747.9,98
2019-04-08,6,35747.9,98
2019-04-08,7,36461.3,99
2019-04-08,8,37031.3,100
2019-04-08,9,37031.3,100
2019-04-08,10,37031.3,100
2019-04-08,11,36461.3,99
2019-04-08,12,38195.3,100
2019-04-08,13,38605.3,101
2019-04-08,14,40070.0,103
2019-04-08,15,42433.0,106
2019-04-08,16,44283.8,107
2019-04-08,17,43431.6,106
2019-04-08,18,46344.7,109
2019-04-08,19,46344.7,109
2019-04-08,20,46344.7,109
2019-04-08,21,43932.6,107
2019-04-08,22,38015.9,101
2019-04-08,23,32874.2,95
2019-04-09,0,30365.4,93
2019-04-09,1,28405.0,90
2019-04-09,2,27316.8,89
2019-04-09,3,27852.3,90
2019-04-09,4,32286.3,94
2019-04-09,5,33473.1,95
2019-04-09,6,34186.5,96
2019-04-09,7,35856.3,98
2019-04-09,8,34820.3,97
2019-04-09,9,36558.5,98
2019-04-09,10,36558.5,98
2019-04-09,11,38068.1,100
2019-04-09,12,38218.1,101
2019-04-09,13,39952.1,102
2019-04-09,14,40866.7,103
2019-04-09,15,42331.4,105
2019-04-09,16,43209.8,106
2019-04-09,17,43209.8,106
2019-04-09,18,42023.0,105
2019-04-09,19,42023.0,105
2019-04-09,20,42023.0,105
2019-04-09,21,38607.4,102
2019-04-09,22,31591.2,94
2019-04-09,23,26890.1,86
2019-04-10,0,25284.2,82
2019-04-10,1,20872.9,75
2019-04-10,2,20872.9,75
2019-04-10,3,21220.2,77
2019-04-10,4,25412.8,82
2019-04-10,5,27263.6,83
2019-04-10,6,27889.5,85
2019-04-10,7,29405.9,89
2019-04-10,8,30968.4,92
2019-04-10,9,32155.2,93
2019-04-10,10,33808.2,95
2019-04-10,11,37225.0,98
2019-04-10,12,37572.9,98
2019-04-10,13,40026.9,101
2019-04-10,14,42103.5,103
2019-04-10,15,43018.1,104
2019-04-10,16,44482.8,106
2019-04-10,17,44482.8,106
2019-04-10,18,42748.8,105
2019-04-10,19,41916.9,103
2019-04-10,20,40934.5,103
2019-04-10,21,36536.1,98
2019-04-10,22,29669.3,89
2019-04-10,23,26315.7,85
2019-04-11,0,25996.2,83
2019-04-11,1,21055.5,76
2019-04-11,2,20708.0,76
2019-04-11,3,22552.9,81
2019-04-11,4,28000.1,88
2019-04-11,5,29002.3,90
2019-04-11,6,29537.8,91
2019-04-11,7,29537.8,91
2019-04-11,8,29969.8,92
2019-04-11,9,29969.8,92
2019-04-11,10,30659.2,93
2019-04-11,11,31157.1,94
2019-04-11,12,31157.1,94
2019-04-11,13,30841.5,92
2019-04-11,14,31399.7,94
2019-04-11,15,31399.7,94
2019-04-11,16,32802.5,96
2019-04-11,17,32802.5,96
2019-04-11,18,36452.1,99
2019-04-11,19,36452.1,99
2019-04-11,20,36452.1,99
2019-04-11,21,36452.1,99
2019-04-11,22,34685.3,97
2019-04-11,23,32286.3,94
2019-04-12,0,30490.9,93
2019-04-12,1,27732.1,89
2019-04-12,2,25939.1,87
2019-04-12,3,26975.1,88
2019-04-12,4,31452.4,94
2019-04-12,5,33303.2,95
2019-04-12,6,33303.2,95
2019-04-12,7,33303.2,95
2019-04-12,8,33303.2,95
2019-04-12,9,33153.2,94
2019-04-12,10,31136.8,92
2019-04-12,11,30447.4,91
2019-04-12,12,27752.5,85
2019-04-12,13,27752.5,85
2019-04-12,14,28880.9,89
2019-04-12,15,29129.9,90
2019-04-12,16,29129.9,90
2019-04-12,17,29129.9,90
2019-04-12,18,31095.3,93
2019-04-12,19,31260.9,94
2019-04-12,20,31260.9,94
2019-04-12,21,29514.1,91
2019-04-12,22,26809.1,87
2019-04-12,23,25948.1,86
2019-04-13,0,22296.1,80
2019-04-13,1,20680.8,77
2019-04-13,2,20499.1,76
2019-04-13,3,21287.5,77
2019-04-13,4,22005.6,79
2019-04-13,5,23883.0,82
2019-04-13,6,23883.0,82
2019-04-13,7,31406.5,93
2019-04-13,8,31406.5,93
2019-04-13,9,33257.3,94
2019-04-13,10,34740.7,97
2019-04-13,11,32889.9,96
2019-04-13,12,32889.9,96
2019-04-13,13,31950.3,95
2019-04-13,14,31414.8,94
2019-04-13,15,29793.4,92
2019-04-13,16,29793.4,92
2019-04-13,17,29793.4,92
2019-04-13,18,31173.4,93
2019-04-13,19,31173.4,93
2019-04-13,20,31173.4,93
2019-04-13,21,28019.5,88
2019-04-13,22,26781.6,86
2019-04-13,23,24414.0,84
2019-04-14,0,22996.2,81
2019-04-14,1,22626.0,81
2019-04-14,2,23668.0,83
2019-04-14,3,24859.9,85
2019-04-14,4,27404.1,88
2019-04-14,5,27939.6,89
2019-04-14,6,31468.4,92
2019-04-14,7,31468.4,92
2019-04-14,8,31468.4,92
2019-04-14,9,31468.4,92
2019-04-14,10,29617.6,91
2019-04-14,11,28000.1,88
2019-04-14,12,27139.1,87
2019-04-14,13,25869.2,85
2019-04-14,14,26957.4,86
2019-04-14,15,26957.4,86
2019-04-14,16,30063.5,92
2019-04-14,17,30063.5,92
2019-04-14,18,31914.3,93
2019-04-14,19,33707.3,95
2019-04-14,20,33707.3,95
2019-04-14,21,31856.5,94
2019-04-14,22,29366.5,91
2019-04-14,23,24409.9,84
2019-04-15,0,21787.4,78
2019-04-15,1,19279.6,73
2019-04-15,2,19461.3,74
2019-04-15,3,21220.2,77
2019-04-15,4,27105.1,87
2019-04-15,5,27957.3,88
2019-04-15,6,28407.3,89
2019-04-15,7,28407.3,89
2019-04-15,8,28407.3,89
2019-04-15,9,27615.8,86
2019-04-15,10,27615.8,86
2019-04-15,11,27631.4,86
2019-04-15,12,27781.4,87
2019-04-15,13,28743.8,89
2019-04-15,14,30655.3,92
2019-04-15,15,32019.3,94
2019-04-15,16,32019.3,94
2019-04-15,17,32019.3,94
2019-04-15,18,33244.2,96
2019-04-15,19,33244.2,96
2019-04-15,20,33244.2,96
2019-04-15,21,30331.0,92
2019-04-15,22,25720.9,86
2019-04-15,23,19958.4,74
2019-04-16,0,17902.2,71
2019-04-16,1,17520.4,70
2019-04-16,2,18436.1,70
2019-04-16,3,18617.8,71
2019-04-16,4,26219.3,84
2019-04-16,5,26219.3,84
2019-04-16,6,28239.6,86
2019-04-16,7,27125.8,86
2019-04-16,8,29742.4,89
2019-04-16,9,30971.5,91
2019-04-16,10,29715.7,91
2019-04-16,11,30683.2,93
2019-04-16,12,31622.8,94
2019-04-16,13,32120.7,95
2019-04-16,14,33052.7,96
2019-04-16,15,33742.1,97
2019-04-16,16,33742.1,97
2019-04-16,17,33742.1,97
2019-04-16,18,34848.1,97
2019-04-16,19,34848.1,97
2019-04-16,20,34848.1,97
2019-04-16,21,33056.3,95
2019-04-16,22,28804.0,90
2019-04-16,23,22326.0,81
2019-04-17,0,20908.2,78
2019-04-17,1,19918.3,76
2019-04-17,2,19839.7,76
2019-04-17,3,21186.1,78
2019-04-17,4,25917.1,86
2019-04-17,5,27767.9,87
2019-04-17,6,28659.9,88
2019-04-17,7,29837.9,90
2019-04-17,8,30968.4,92
2019-04-17,9,30968.4,92
2019-04-17,10,30968.4,92
2019-04-17,11,32248.3,93
2019-04-17,12,32398.3,94
2019-04-17,13,33111.7,95
2019-04-17,14,35664.5,98
2019-04-17,15,37459.9,99
2019-04-17,16,38944.9,99
2019-04-17,17,38204.2,97
2019-04-17,18,38029.9,100
2019-04-17,19,38029.9,100
2019-04-17,20,38029.9,100
2019-04-17,21,35846.7,97
2019-04-17,22,32200.5,95
2019-04-17,23,28090.6,89
2019-04-18,0,26037.4,86
2019-04-18,1,24755.9,84
2019-04-18,2,26659.1,86
2019-04-18,3,26659.1,86
2019-04-18,4,31845.0,93
2019-04-18,5,32697.2,94
2019-04-18,6,32697.2,94
2019-04-18,7,29434.3,91
2019-04-18,8,28346.1,90
2019-04-18,9,30909.4,93
2019-04-18,10,30909.4,93
2019-04-18,11,30909.4,93
2019-04-18,12,28852.3,89
2019-04-18,13,29002.3,90
2019-04-18,14,29434.3,91
2019-04-18,15,30147.7,92
2019-04-18,16,30147.7,92
2019-04-18,17,31079.7,93
2019-04-18,18,30227.5,92
2019-04-18,19,30227.5,92
2019-04-18,20,30227.5,92
2019-04-18,21,29514.1,91
2019-04-18,22,28447.7,88
2019-04-18,23,28768.1,90
2019-04-19,0,27679.9,89
2019-04-19,1,25736.9,86
2019-04-19,2,25736.9,86
2019-04-19,3,25736.9,86
2019-04-19,4,27686.1,88
2019-04-19,5,28618.1,89
2019-04-19,6,30077.5,91
2019-04-19,7,29911.9,90
2019-04-19,8,32331.4,93
2019-04-19,9,31399.4,92
2019-04-19,10,29665.4,91
2019-04-19,11,28150.1,89
2019-04-19,12,26694.1,87
2019-04-19,13,26694.1,87
2019-04-19,14,27571.1,88
2019-04-19,15,28582.1,90
2019-04-19,16,29514.1,91
2019-04-19,17,30203.5,92
2019-04-19,18,35609.1,98
2019-04-19,19,37605.9,100
2019-04-19,20,37605.9,100
2019-04-19,21,37605.9,100
2019-04-19,22,34685.3,97
2019-04-19,23,31750.8,93
2019-04-20,0,29955.4,92
2019-04-20,1,27732.1,89
2019-04-20,2,25789.1,86
2019-04-20,3,25939.1,87
2019-04-20,4,26975.1,88
2019-04-20,5,28768.1,90
2019-04-20,6,31099.0,92
2019-04-20,7,31099.0,92
2019-04-20,8,31951.2,93
2019-04-20,9,31415.7,92
2019-04-20,10,29620.3,91
2019-04-20,11,28688.3,90
2019-04-20,12,26800.3,87
2019-04-20,13,27396.3,87
2019-04-20,14,28241.6,88
2019-04-20,15,29102.6,89
2019-04-20,16,30317.7,92
2019-04-20,17,30317.7,92
2019-04-20,18,30467.7,93
2019-04-20,19,30467.7,93
2019-04-20,20,30467.7,93
2019-04-20,21,28648.0,90
2019-04-20,22,26768.3,86
2019-04-20,23,20771.5,76
2019-04-21,0,18419.3,71
2019-04-21,1,17560.4,70
2019-04-21,2,16916.8,69
2019-04-21,3,16608.6,67
2019-04-21,4,17832.5,69
2019-04-21,5,18183.7,71
2019-04-21,6,20771.5,76
2019-04-21,7,23772.4,81
2019-04-21,8,24187.0,83
2019-04-21,9,25039.2,84
2019-04-21,10,25189.2,85
2019-04-21,11,27169.4,87
2019-04-21,12,27169.4,87
2019-04-21,13,28836.7,89
2019-04-21,14,29982.1,91
2019-04-21,15,32389.2,94
2019-04-21,16,32389.2,94
2019-04-21,17,32239.2,93
2019-04-21,18,32404.8,94
2019-04-21,19,32404.8,94
2019-04-21,20,32404.8,94
2019-04-21,21,30871.6,91
2019-04-21,22,27156.1,86
2019-04-21,23,21390.6,78
2019-04-22,0,19915.0,73
2019-04-22,1,18817.9,71
2019-04-22,2,18636.0,72
2019-04-22,3,20937.1,77
2019-04-22,4,24129.9,83
2019-04-22,5,28614.5,89
2019-04-22,6,29295.5,91
2019-04-22,7,31146.3,92
2019-04-22,8,31146.3,92
2019-04-22,9,30282.9,90
2019-04-22,10,32029.7,93
2019-04-22,11,33642.9,95
2019-04-22,12,35302.5,98
2019-04-22,13,36234.5,99
2019-04-22,14,37037.7,100
2019-04-22,15,37037.7,100
2019-04-22,16,37037.7,100
2019-04-22,17,37037.7,100
2019-04-22,18,36608.2,98
2019-04-22,19,36608.2,98
2019-04-22,20,35918.8,97
2019-04-22,21,33304.4,94
2019-04-22,22,27902.5,86
2019-04-22,23,26219.3,84
2019-04-23,0,21304.1,78
2019-04-23,1,20277.6,77
2019-04-23,2,23594.9,83
2019-04-23,3,26093.1,86
2019-04-23,4,30828.9,93
2019-04-23,5,33111.7,95
2019-04-23,6,33801.1,96
2019-04-23,7,33651.1,95
2019-04-23,8,33651.1,95
2019-04-23,9,33651.1,95
2019-04-23,10,33801.1,96
2019-04-23,11,33111.7,95
2019-04-23,12,33681.7,96
2019-04-23,13,33681.7,96
2019-04-23,14,33681.7,96
2019-04-23,15,33111.7,95
2019-04-23,16,34051.3,96
2019-04-23,17,33730.9,94
2019-04-23,18,35846.7,97
2019-04-23,19,35846.7,97
2019-04-23,20,35846.7,97
2019-04-23,21,33337.9,95
2019-04-23,22,27140.5,86
2019-04-23,23,24333.4,82
2019-04-24,0,20873.6,77
2019-04-24,1,21789.6,80
2019-04-24,2,23594.9,83
2019-04-24,3,27041.0,88
2019-04-24,4,32889.9,96
2019-04-24,5,35537.5,98
2019-04-24,6,35537.5,98
2019-04-24,7,35537.5,98
2019-04-24,8,35537.5,98
2019-04-24,9,34848.1,97
2019-04-24,10,34134.7,96
2019-04-24,11,34134.7,96
2019-04-24,12,34134.7,96
2019-04-24,13,34848.1,97
2019-04-24,14,35537.5,98
2019-04-24,15,36452.1,99
2019-04-24,16,36452.1,99
2019-04-24,17,36862.1,100
2019-04-24,18,36862.1,100
2019-04-24,19,38447.4,102
2019-04-24,20,38447.4,102
2019-04-24,21,38447.4,102
2019-04-24,22,36933.7,100
2019-04-24,23,32696.3,95
2019-04-25,0,30900.9,94
2019-04-25,1,30900.9,94
2019-04-25,2,29175.5,92
2019-04-25,3,29175.5,92
2019-04-25,4,34155.7,97
2019-04-25,5,33745.7,96
2019-04-25,6,35596.5,97
2019-04-25,7,35596.5,97
2019-04-25,8,34193.7,95
2019-04-25,9,34193.7,95
2019-04-25,10,34193.7,95
2019-04-25,11,35822.7,97
2019-04-25,12,36536.1,98
2019-04-25,13,37459.9,99
2019-04-25,14,39839.2,102
2019-04-25,15,40717.6,103
2019-04-25,16,40717.6,103
2019-04-25,17,40717.6,103
2019-04-25,18,42440.4,105
2019-04-25,19,43118.5,106
2019-04-25,20,43118.5,106
2019-04-25,21,41287.6,104
2019-04-25,22,37643.8,101
2019-04-25,23,33971.9,96
2019-04-26,0,32176.5,95
2019-04-26,1,30895.0,93
2019-04-26,2,29955.4,92
2019-04-26,3,29351.8,91
2019-04-26,4,33403.8,95
2019-04-26,5,34149.8,96
2019-04-26,6,35002.0,97
2019-04-26,7,35002.0,97
2019-04-26,8,35002.0,97
2019-04-26,9,35002.0,97
2019-04-26,10,35760.2,97
2019-04-26,11,36295.7,98
2019-04-26,12,38029.7,99
2019-04-26,13,38195.3,100
2019-04-26,14,39568.5,102
2019-04-26,15,39568.5,102
2019-04-26,16,40483.1,103
2019-04-26,17,40483.1,103
2019-04-26,18,38749.1,102
2019-04-26,19,37834.5,101
2019-04-26,20,37834.5,101
2019-04-26,21,36461.3,99
2019-04-26,22,32090.9,94
2019-04-26,23,28434.5,90
2019-04-27,0,25667.9,86
2019-04-27,1,23876.9,83
2019-04-27,2,22448.5,81
2019-04-27,3,22448.5,81
2019-04-27,4,23876.9,83
2019-04-27,5,23876.9,83
2019-04-27,6,27571.1,88
2019-04-27,7,28256.6,90
2019-04-27,8,30796.8,92
2019-04-27,9,32371.2,94
2019-04-27,10,32312.2,95
2019-04-27,11,32312.2,95
2019-04-27,12,32312.2,95
2019-04-27,13,34046.2,96
2019-04-27,14,36046.1,99
2019-04-27,15,37841.5,100
2019-04-27,16,38994.3,101
2019-04-27,17,38994.3,101
2019-04-27,18,38756.1,101
2019-04-27,19,39417.6,102
2019-04-27,20,39417.6,102
2019-04-27,21,37683.6,101
2019-04-27,22,33622.7,97
2019-04-27,23,28437.5,90
2019-04-28,0,27199.3,88
2019-04-28,1,23894.9,83
2019-04-28,2,22832.5,81
2019-04-28,3,23002.9,82
2019-04-28,4,24044.9,84
2019-04-28,5,24044.9,84
2019-04-28,6,27902.0,89
2019-04-28,7,29361.4,91
2019-04-28,8,29361.4,91
2019-04-28,9,31062.2,91
2019-04-28,10,31062.2,91
2019-04-28,11,33515.8,95
2019-04-28,12,34205.2,96
2019-04-28,13,35939.2,97
2019-04-28,14,36474.7,98
2019-04-28,15,38270.1,99
2019-04-28,16,38270.1,99
2019-04-28,17,38270.1,99
2019-04-28,18,39184.7,100
2019-04-28,19,37450.7,99
2019-04-28,20,37450.7,99
2019-04-28,21,34051.3,96
2019-04-28,22,29046.5,90
2019-04-28,23,25662.4,85
2019-04-29,0,22068.9,77
2019-04-29,1,20872.9,75
2019-04-29,2,21220.2,77
2019-04-29,3,23444.9,82
2019-04-29,4,26804.1,86
2019-04-29,5,29400.9,88
2019-04-29,6,30086.4,90
2019-04-29,7,30968.4,92
2019-04-29,8,33303.2,95
2019-04-29,9,34242.8,96
2019-04-29,10,36442.6,97
2019-04-29,11,36940.5,98
2019-04-29,12,39495.6,98
2019-04-29,13,39842.9,100
2019-04-29,14,39992.9,101
2019-04-29,15,41831.3,103
2019-04-29,16,41831.3,103
2019-04-29,17,40678.5,102
2019-04-29,18,40678.5,102
2019-04-29,19,40528.5,101
2019-04-29,20,40528.5,101
2019-04-29,21,37870.7,99
2019-04-29,22,33730.9,94
2019-04-29,23,30178.4,89
2019-04-30,0,27239.4,87
2019-04-30,1,26862.5,86
2019-04-30,2,25018.4,82
2019-04-30,3,26422.3,86
2019-04-30,4,30828.9,93
2019-04-30,5,32679.7,94
2019-04-30,6,33619.3,95
2019-04-30,7,34051.3,96
2019-04-30,8,35310.7,98
2019-04-30,9,37106.1,99
2019-04-30,10,38029.9,100
2019-04-30,11,39763.9,101
2019-04-30,12,41481.7,103
2019-04-30,13,41481.7,103
2019-04-30,14,41481.7,103
2019-04-30,15,40946.2,102
2019-04-30,16,40946.2,102
2019-04-30,17,40946.2,102
2019-04-30,18,39747.7,102
2019-04-30,19,39747.7,102
2019-04-30,20,39747.7,102
2019-04-30,21,38020.7,100
2019-04-30,22,33111.7,95
2019-04-30,23,29896.9,92
2019-05-01,0,28829.6,88
2019-05-01,1,26492.5,85
2019-05-01,2,28150.1,89
2019-05-01,3,29183.5,91
2019-05-01,4,34886.5,97
2019-05-01,5,36737.3,98
2019-05-01,6,38944.5,101
2019-05-01,7,38944.5,101
2019-05-01,8,40678.5,102
2019-05-01,9,40678.5,102
2019-05-01,10,41481.7,103
2019-05-01,11,42634.5,104
2019-05-01,12,42634.5,104
2019-05-01,13,42634.5,104
2019-05-01,14,42634.5,104
2019-05-01,15,42634.5,104
2019-05-01,16,41694.9,103
2019-05-01,17,42726.0,104
2019-05-01,18,42726.0,104
2019-05-01,19,40992.0,103
2019-05-01,20,40992.0,103
2019-05-01,21,39839.2,102
2019-05-01,22,34685.3,97
2019-05-01,23,30828.9,93
2019-05-02,0,29027.3,91
2019-05-02,1,26813.8,88
2019-05-02,2,26218.8,87
2019-05-02,3,25952.8,87
2019-05-02,4,30012.0,92
2019-05-02,5,30864.2,93
2019-05-02,6,30714.2,92
2019-05-02,7,31249.7,93
2019-05-02,8,33592.1,96
2019-05-02,9,34506.7,97
2019-05-02,10,37375.9,100
2019-05-02,11,37375.9,100
2019-05-02,12,40262.7,102
2019-05-02,13,40262.7,102
2019-05-02,14,39157.2,100
2019-05-02,15,39338.9,101
2019-05-02,16,38186.1,100
2019-05-02,17,37271.5,99
2019-05-02,18,35537.5,98
2019-05-02,19,35537.5,98
2019-05-02,20,35537.5,98
2019-05-02,21,33052.7,96
2019-05-02,22,28268.5,89
2019-05-02,23,26286.2,86
2019-05-03,0,24681.0,84
2019-05-03,1,23152.9,83
2019-05-03,2,23152.9,83
2019-05-03,3,25948.1,86
2019-05-03,4,30049.6,92
2019-05-03,5,31900.4,93
2019-05-03,6,33303.2,95
2019-05-03,7,34242.8,96
2019-05-03,8,34740.7,97
2019-05-03,9,35310.7,98
2019-05-03,10,35310.7,98
2019-05-03,11,35310.7,98
2019-05-03,12,34326.1,95
2019-05-03,13,34740.7,97
2019-05-03,14,36536.1,98
2019-05-03,15,36536.1,98
2019-05-03,16,36536.1,98
2019-05-03,17,36536.1,98
2019-05-03,18,36536.1,98
2019-05-03,19,36536.1,98
2019-05-03,20,36536.1,98
2019-05-03,21,36536.1,98
2019-05-03,22,34137.1,95
2019-05-03,23,32286.3,94
2019-05-04,0,32286.3,94
2019-05-04,1,31252.9,92
2019-05-04,2,29457.5,91
2019-05-04,3,29457.5,91
2019-05-04,4,31252.9,92
2019-05-04,5,31252.9,92
2019-05-04,6,32999.7,95
2019-05-04,7,33745.7,96
2019-05-04,8,34447.9,96
2019-05-04,9,34447.9,96
2019-05-04,10,35371.7,97
2019-05-04,11,36311.3,98
2019-05-04,12,38045.3,99
2019-05-04,13,37874.9,98
2019-05-04,14,37796.3,98
2019-05-04,15,37796.3,98
2019-05-04,16,37106.9,97
2019-05-04,17,37355.9,98
2019-05-04,18,39109.9,101
2019-05-04,19,37945.9,101
2019-05-04,20,37945.9,101
2019-05-04,21,36461.3,99
2019-05-04,22,34669.5,97
2019-05-04,23,32376.2,95
2019-05-05,0,31662.8,94
2019-05-05,1,28164.5,89
2019-05-05,2,27119.5,87
2019-05-05,3,27119.5,87
2019-05-05,4,27714.5,88
2019-05-05,5,27714.5,88
2019-05-05,6,30170.9,92
2019-05-05,7,31452.4,94
2019-05-05,8,31302.4,93
2019-05-05,9,33153.2,94
2019-05-05,10,32990.4,93
2019-05-05,11,35604.1,97
2019-05-05,12,35604.1,97
2019-05-05,13,37908.1,99
2019-05-05,14,38840.1,100
2019-05-05,15,39763.9,101
2019-05-05,16,39763.9,101
2019-05-05,17,39763.9,101
2019-05-05,18,40678.5,102
2019-05-05,19,38944.5,101
2019-05-05,20,38944.5,101
2019-05-05,21,35846.7,97
2019-05-05,22,30968.4,92
2019-05-05,23,27140.5,86
2019-05-06,0,25550.2,82
2019-05-06,1,21699.8,77
2019-05-06,2,21881.5,78
2019-05-06,3,23967.9,84
2019-05-06,4,27721.1,89
2019-05-06,5,29571.9,90
2019-05-06,6,32054.3,93
2019-05-06,7,32993.9,94
2019-05-06,8,34242.8,96
2019-05-06,9,35976.8,97
2019-05-06,10,35826.8,96
2019-05-06,11,37729.0,96
2019-05-06,12,39693.9,99
2019-05-06,13,41067.1,101
2019-05-06,14,41808.1,102
2019-05-06,15,41851.1,102
2019-05-06,16,41851.1,102
2019-05-06,17,40940.6,100
2019-05-06,18,39184.7,100
2019-05-06,19,39184.7,100
2019-05-06,20,39184.7,100
2019-05-06,21,36536.1,98
2019-05-06,22,31681.8,93
2019-05-06,23,29582.0,91
2019-05-07,0,28537.4,86
2019-05-07,1,24312.3,80
2019-05-07,2,25285.5,84
2019-05-07,3,27682.1,87
2019-05-07,4,32569.5,94
2019-05-07,5,35334.9,96
2019-05-07,6,38374.5,100
2019-05-07,7,38374.5,100
2019-05-07,8,38374.5,100
2019-05-07,9,38496.7,99
2019-05-07,10,37158.3,96
2019-05-07,11,36988.8,95
2019-05-07,12,38722.8,96
2019-05-07,13,38872.8,97
2019-05-07,14,40380.7,101
2019-05-07,15,40950.7,102
2019-05-07,16,40950.7,102
2019-05-07,17,40950.7,102
2019-05-07,18,40380.7,101
2019-05-07,19,38646.7,100
2019-05-07,20,38646.7,100
2019-05-07,21,35430.9,96
2019-05-07,22,29835.3,89
2019-05-07,23,25208.9,83
2019-05-08,0,25394.0,84
2019-05-08,1,23787.0,82
2019-05-08,2,23787.0,82
2019-05-08,3,22776.0,82
2019-05-08,4,26815.1,87
2019-05-08,5,27667.3,88
2019-05-08,6,32517.2,95
2019-05-08,7,32517.2,95
2019-05-08,8,33576.5,96
2019-05-08,9,33576.5,96
2019-05-08,10,35371.9,97
2019-05-08,11,35371.9,97
2019-05-08,12,35371.9,97
2019-05-08,13,35371.9,97
2019-05-08,14,36295.7,98
2019-05-08,15,36461.3,99
2019-05-08,16,39660.0,102
2019-05-08,17,38807.8,101
2019-05-08,18,39572.4,101
2019-05-08,19,39722.4,102
2019-05-08,20,39722.4,102
2019-05-08,21,39722.4,102
2019-05-08,22,35777.7,98
2019-05-08,23,33225.9,95
2019-05-09,0,31430.5,94
2019-05-09,1,30490.9,93
2019-05-09,2,31054.3,93
2019-05-09,3,31978.1,94
2019-05-09,4,37093.7,100
2019-05-09,5,37945.9,101
2019-05-09,6,37945.9,101
2019-05-09,7,37031.3,100
2019-05-09,8,37031.3,100
2019-05-09,9,37031.3,100
2019-05-09,10,38765.3,101
2019-05-09,11,39679.9,102
2019-05-09,12,39679.9,102
2019-05-09,13,39679.9,102
2019-05-09,14,39529.9,101
2019-05-09,15,39178.7,99
2019-05-09,16,39360.4,100
2019-05-09,17,37626.4,99
2019-05-09,18,36774.2,98
2019-05-09,19,37093.7,100
2019-05-09,20,37093.7,100
2019-05-09,21,32520.3,96
2019-05-09,22,27404.1,88
2019-05-09,23,23517.9,83
2019-05-10,0,19915.0,73
2019-05-10,1,18817.9,71
2019-05-10,2,18300.9,70
2019-05-10,3,19258.8,72
2019-05-10,4,23553.3,82
2019-05-10,5,27853.9,87
2019-05-10,6,27853.9,87
2019-05-10,7,29704.7,88
2019-05-10,8,27820.4,85
2019-05-10,9,29503.6,87
2019-05-10,10,31531.8,92
2019-05-10,11,30328.9,93
2019-05-10,12,30328.9,93
2019-05-10,13,30328.9,93
2019-05-10,14,31260.9,94
2019-05-10,15,31260.9,94
2019-05-10,16,31260.9,94
2019-05-10,17,31110.9,93
2019-05-10,18,31950.3,95
2019-05-10,19,31950.3,95
2019-05-10,20,31950.3,95
2019-05-10,21,31950.3,95
2019-05-10,22,31236.9,94
2019-05-10,23,29457.5,91
2019-05-11,0,29457.5,91
2019-05-11,1,29457.5,91
2019-05-11,2,29955.4,92
2019-05-11,3,29955.4,92
2019-05-11,4,31750.8,93
2019-05-11,5,32937.6,94
2019-05-11,6,34186.5,96
2019-05-11,7,34932.5,97
2019-05-11,8,34932.5,97
2019-05-11,9,34932.5,97
2019-05-11,10,34932.5,97
2019-05-11,11,34932.5,97
2019-05-11,12,32578.1,95
2019-05-11,13,32578.1,95
2019-05-11,14,30469.4,91
2019-05-11,15,30308.1,90
2019-05-11,16,31580.5,92
2019-05-11,17,31083.1,92
2019-05-11,18,32878.5,93
2019-05-11,19,34685.3,97
2019-05-11,20,34685.3,97
2019-05-11,21,34685.3,97
2019-05-11,22,33939.3,96
2019-05-11,23,32286.3,94
2019-05-12,0,30490.9,93
2019-05-12,1,29955.4,92
2019-05-12,2,29955.4,92
2019-05-12,3,29955.4,92
2019-05-12,4,29955.4,92
2019-05-12,5,30668.8,93
2019-05-12,6,32464.2,94
2019-05-12,7,33210.2,95
2019-05-12,8,33210.2,95
2019-05-12,9,33210.2,95
2019-05-12,10,34062.4,96
2019-05-12,11,32659.6,94
2019-05-12,12,32100.6,93
2019-05-12,13,33195.1,95
2019-05-12,14,33908.5,96
2019-05-12,15,34848.1,97
2019-05-12,16,34848.1,97
2019-05-12,17,37271.5,99
2019-05-12,18,39109.9,101
2019-05-12,19,38458.1,101
2019-05-12,20,38458.1,101
2019-05-12,21,38458.1,101
2019-05-12,22,35810.3,98
2019-05-12,23,32286.3,94
2019-05-13,0,29801.5,92
2019-05-13,1,29266.0,91
2019-05-13,2,28230.0,90
2019-05-13,3,28765.5,91
2019-05-13,4,32286.3,94
2019-05-13,5,33745.7,96
2019-05-13,6,35596.5,97
2019-05-13,7,35596.5,97
2019-05-13,8,35596.5,97
2019-05-13,9,36536.1,98
2019-05-13,10,36536.1,98
2019-05-13,11,38020.7,100
2019-05-13,12,38020.7,100
2019-05-13,13,39754.7,101
2019-05-13,14,39754.7,101
2019-05-13,15,41340.0,103
2019-05-13,16,41340.0,103
2019-05-13,17,41190.0,102
2019-05-13,18,40678.5,102
2019-05-13,19,40678.5,102
2019-05-13,20,38944.5,101
2019-05-13,21,38374.5,100
2019-05-13,22,35446.5,96
2019-05-13,23,32999.7,95
2019-05-14,0,30320.5,92
2019-05-14,1,29287.1,90
2019-05-14,2,29457.5,91
2019-05-14,3,29993.0,92
2019-05-14,4,34550.5,97
2019-05-14,5,37072.5,100
2019-05-14,6,38447.4,102
2019-05-14,7,39250.6,103
2019-05-14,8,39250.6,103
2019-05-14,9,41554.6,105
2019-05-14,10,41554.6,105
2019-05-14,11,42232.7,106
2019-05-14,12,43419.5,107
2019-05-14,13,44297.9,108
2019-05-14,14,45450.7,109
2019-05-14,15,47301.5,110
2019-05-14,16,47301.5,110
2019-05-14,17,45296.5,108
2019-05-14,18,45296.5,108
2019-05-14,19,42884.4,106
2019-05-14,20,42006.0,105
2019-05-14,21,41596.0,104
2019-05-14,22,37365.9,100
2019-05-14,23,34076.7,97
2019-05-15,0,32423.7,95
2019-05-15,1,29785.0,91
2019-05-15,2,29955.4,92
2019-05-15,3,30490.9,93
2019-05-15,4,34149.7,96
2019-05-15,5,36461.3,99
2019-05-15,6,37926.0,101
2019-05-15,7,38840.6,102
2019-05-15,8,40574.6,103
2019-05-15,9,41144.6,104
2019-05-15,10,42433.0,106
2019-05-15,11,44961.9,108
2019-05-15,12,46114.7,109
2019-05-15,13,48104.7,111
2019-05-15,14,49294.6,112
2019-05-15,15,49294.6,112
2019-05-15,16,49294.6,112
2019-05-15,17,49294.6,112
2019-05-15,18,48491.4,111
2019-05-15,19,46423.1,109
2019-05-15,20,44572.3,108
2019-05-15,21,43419.5,107
2019-05-15,22,38218.1,101
2019-05-15,23,34076.7,97
2019-05-16,0,32126.1,94
2019-05-16,1,28782.4,90
2019-05-16,2,28069.0,89
2019-05-16,3,26980.8,88
2019-05-16,4,31414.8,94
2019-05-16,5,33801.1,96
2019-05-16,6,37459.9,99
2019-05-16,7,37459.9,99
2019-05-16,8,37459.9,99
2019-05-16,9,39193.9,100
2019-05-16,10,39438.3,100
2019-05-16,11,41940.7,104
2019-05-16,12,43405.4,106
2019-05-16,13,44592.2,107
2019-05-16,14,46148.7,109
2019-05-16,15,46148.7,109
2019-05-16,16,46148.7,109
2019-05-16,17,46148.7,109
2019-05-16,18,44592.2,107
2019-05-16,19,42079.9,105
2019-05-16,20,42079.9,105
2019-05-16,21,39438.3,102
2019-05-16,22,33307.5,96
2019-05-16,23,29635.7,89
2019-05-17,0,28378.0,87
2019-05-17,1,24613.9,82
2019-05-17,2,23306.0,78
2019-05-17,3,26153.7,86
2019-05-17,4,28434.5,90
2019-05-17,5,30285.3,91
2019-05-17,6,32078.3,93
2019-05-17,7,33337.7,95
2019-05-17,8,35310.7,98
2019-05-17,9,37044.7,99
2019-05-17,10,38840.1,100
2019-05-17,11,42143.2,104
2019-05-17,12,42995.4,105
2019-05-17,13,44182.2,106
2019-05-17,14,45060.6,107
2019-05-17,15,45060.6,107
2019-05-17,16,45060.6,107
2019-05-17,17,45060.6,107
2019-05-17,18,44182.2,106
2019-05-17,19,42331.4,105
2019-05-17,20,42331.4,105
2019-05-17,21,39952.1,102
2019-05-17,22,36354.7,99
2019-05-17,23,32367.9,95
2019-05-18,0,30407.5,92
2019-05-18,1,27939.2,89
2019-05-18,2,27344.2,88
2019-05-18,3,26333.2,86
2019-05-18,4,26483.2,87
2019-05-18,5,27298.2,88
2019-05-18,6,29500.2,91
2019-05-18,7,32113.1,95
2019-05-18,8,33847.1,96
2019-05-18,9,34786.7,97
2019-05-18,10,35476.1,98
2019-05-18,11,35476.1,98
2019-05-18,12,35476.1,98
2019-05-18,13,37271.5,99
2019-05-18,14,36461.3,99
2019-05-18,15,36461.3,99
2019-05-18,16,36140.9,97
2019-05-18,17,36140.9,97
2019-05-18,18,37031.3,100
2019-05-18,19,37031.3,100
2019-05-18,20,37031.3,100
2019-05-18,21,36179.1,99
2019-05-18,22,36179.1,99
2019-05-18,23,35609.1,98
2019-05-19,0,33813.7,97
2019-05-19,1,33067.7,96
2019-05-19,2,33067.7,96
2019-05-19,3,33067.7,96
2019-05-19,4,34863.1,97
2019-05-19,5,35609.1,98
2019-05-19,6,37755.2,101
2019-05-19,7,40016.0,103
2019-05-19,8,40819.2,104
2019-05-19,9,40819.2,104
2019-05-19,10,44827.6,105
2019-05-19,11,44507.200000000004,103
2019-05-19,12,45682.200000000004,103
2019-05-19,13,46869.0,104
2019-05-19,14,47246.3,104
2019-05-19,15,47748.4,107
2019-05-19,16,47748.4,107
2019-05-19,17,47748.4,107
2019-05-19,18,46584.8,103
2019-05-19,19,44942.9,104
2019-05-19,20,44942.9,104
2019-05-19,21,40934.5,103
2019-05-19,22,37033.5,98
2019-05-19,23,32455.3,95
2019-05-20,0,30931.6,91
2019-05-20,1,29209.3,89
2019-05-20,2,29059.3,88
2019-05-20,3,29059.3,88
2019-05-20,4,33222.5,96
2019-05-20,5,34162.1,97
2019-05-20,6,36046.1,99
2019-05-20,7,36046.1,99
2019-05-20,8,40483.1,103
2019-05-20,9,41797.9,104
2019-05-20,10,44551.0,108
2019-05-20,11,49237.5,110
2019-05-20,12,52278.2,112
2019-05-20,13,54617.8,114
2019-05-20,14,55700.0,115
2019-05-20,15,58079.6,116
2019-05-20,16,58079.6,116
2019-05-20,17,55700.0,115
2019-05-20,18,54847.8,114
2019-05-20,19,53657.9,113
2019-05-20,20,53657.9,113
2019-05-20,21,43740.0,106
2019-05-20,22,40934.5,103
2019-05-20,23,34298.5,96
2019-05-21,0,34298.5,96
2019-05-21,1,32398.3,94
2019-05-21,2,32398.3,94
2019-05-21,3,30455.3,91
2019-05-21,4,33087.7,95
2019-05-21,5,33087.7,95
2019-05-21,6,35596.5,97
2019-05-21,7,35596.5,97
2019-05-21,8,34907.1,96
2019-05-21,9,38020.7,100
2019-05-21,10,38944.5,101
2019-05-21,11,38778.9,100
2019-05-21,12,40922.9,102
2019-05-21,13,42553.2,105
2019-05-21,14,44912.9,108
2019-05-21,15,46955.0,110
2019-05-21,16,46955.0,110
2019-05-21,17,46955.0,110
2019-05-21,18,44961.9,108
2019-05-21,19,43111.1,107
2019-05-21,20,42433.0,106
2019-05-21,21,40699.0,105
2019-05-21,22,35636.7,100
2019-05-21,23,34377.3,98
2019-05-22,0,32359.2,95
2019-05-22,1,29045.6,91
2019-05-22,2,29045.6,91
2019-05-22,3,30631.7,93
2019-05-22,4,35066.7,99
2019-05-22,5,36862.1,100
2019-05-22,6,38326.8,102
2019-05-22,7,40060.8,103
2019-05-22,8,40984.6,104
2019-05-22,9,42741.4,106
2019-05-22,10,44734.3,108
2019-05-22,11,46415.9,110
2019-05-22,12,48266.7,111
2019-05-22,13,52275.1,112
2019-05-22,14,52109.5,111
2019-05-22,15,52275.1,112
2019-05-22,16,52275.1,112
2019-05-22,17,52275.1,112
2019-05-22,18,50083.3,109
2019-05-22,19,47991.7,106
2019-05-22,20,47991.7,106
2019-05-22,21,45881.1,104
2019-05-22,22,40557.9,102
2019-05-22,23,36511.1,98
2019-05-23,0,34283.7,96
2019-05-23,1,31034.3,92
2019-05-23,2,30498.8,91
2019-05-23,3,30099.8,89
2019-05-23,4,32576.2,94
2019-05-23,5,34975.1,97
2019-05-23,6,35545.1,98
2019-05-23,7,37279.1,99
2019-05-23,8,41481.7,103
2019-05-23,9,43740.0,106
2019-05-23,10,44543.2,107
2019-05-23,11,49866.4,109
2019-05-23,12,50744.8,110
2019-05-23,13,53124.4,111
2019-05-23,14,55489.7,113
2019-05-23,15,57724.7,115
2019-05-23,16,57724.7,115
2019-05-23,17,55345.1,114
2019-05-23,18,56023.2,115
2019-05-23,19,56023.2,115
2019-05-23,20,54172.4,114
2019-05-23,21,51300.9,111
2019-05-23,22,45987.8,105
2019-05-23,23,37819.9,99
2019-05-24,0,37387.9,98
2019-05-24,1,36473.3,97
2019-05-24,2,34416.1,96
2019-05-24,3,30599.1,92
2019-05-24,4,32113.1,95
2019-05-24,5,33847.1,96
2019-05-24,6,34786.7,97
2019-05-24,7,38765.3,101
2019-05-24,8,40616.1,102
2019-05-24,9,44677.0,107
2019-05-24,10,45863.8,108
2019-05-24,11,47438.6,109
2019-05-24,12,48628.5,110
2019-05-24,13,52786.9,112
2019-05-24,14,52786.9,112
2019-05-24,15,53149.4,111
2019-05-24,16,53315.0,112
2019-05-24,17,53465.0,113
2019-05-24,18,50793.8,110
2019-05-24,19,48064.6,108
2019-05-24,20,48064.6,108
2019-05-24,21,40857.5,104
2019-05-24,22,39019.1,102
2019-05-24,23,34312.1,98
2019-05-25,0,31973.6,93
2019-05-25,1,26998.7,86
2019-05-25,2,26998.7,86
2019-05-25,3,26504.1,87
2019-05-25,4,27319.1,88
2019-05-25,5,29002.3,90
2019-05-25,6,32810.1,96
2019-05-25,7,33808.7,96
2019-05-25,8,36474.7,98
2019-05-25,9,41481.7,103
2019-05-25,10,43824.8,106
2019-05-25,11,46326.4,108
2019-05-25,12,46416.0,107
2019-05-25,13,48800.4,108
2019-05-25,14,49794.1,111
2019-05-25,15,49794.1,111
2019-05-25,16,49794.1,111
2019-05-25,17,49794.1,111
2019-05-25,18,45732.9,108
2019-05-25,19,43998.9,107
2019-05-25,20,43998.9,107
2019-05-25,21,40932.3,103
2019-05-25,22,36030.9,98
2019-05-25,23,31659.8,93
2019-05-26,0,28610.8,89
2019-05-26,1,30564.3,90
2019-05-26,2,28713.5,89
2019-05-26,3,28713.5,89
2019-05-26,4,27609.7,88
2019-05-26,5,27609.7,88
2019-05-26,6,29460.5,89
2019-05-26,7,30714.3,91
2019-05-26,8,35727.4,98
2019-05-26,9,37461.4,99
2019-05-26,10,40678.5,102
2019-05-26,11,42668.5,104
2019-05-26,12,45011.6,107
2019-05-26,13,46108.2,108
2019-05-26,14,46951.9,110
2019-05-26,15,46951.9,110
2019-05-26,16,46951.9,110
2019-05-26,17,46951.9,110
2019-05-26,18,44592.2,107
2019-05-26,19,42741.4,106
2019-05-26,20,42741.4,106
2019-05-26,21,39438.3,102
2019-05-26,22,35908.9,100
2019-05-26,23,32935.1,96
2019-05-27,0,30200.7,93
2019-05-27,1,26731.3,87
2019-05-27,2,26731.3,87
2019-05-27,3,26800.3,87
2019-05-27,4,26800.3,87
2019-05-27,5,27232.3,88
2019-05-27,6,29434.3,91
2019-05-27,7,33244.2,96
2019-05-27,8,36969.9,100
2019-05-27,9,40483.1,103
2019-05-27,10,42333.9,104
2019-05-27,11,43520.7,105
2019-05-27,12,44895.0,106
2019-05-27,13,46273.8,109
2019-05-27,14,49331.5,111
2019-05-27,15,49331.5,111
2019-05-27,16,49331.5,111
2019-05-27,17,49331.5,111
2019-05-27,18,47850.2,109
2019-05-27,19,45999.4,108
2019-05-27,20,45999.4,108
2019-05-27,21,42079.9,105
2019-05-27,22,36953.5,100
2019-05-27,23,32098.7,95
2019-05-28,0,30070.9,93
2019-05-28,1,26956.0,88
2019-05-28,2,26458.1,87
2019-05-28,3,27546.3,88
2019-05-28,4,31183.2,93
2019-05-28,5,33244.2,96
2019-05-28,6,34978.2,97
2019-05-28,7,37271.5,99
2019-05-28,8,39122.3,100
2019-05-28,9,42333.9,104
2019-05-28,10,47003.8,106
2019-05-28,11,48190.6,107
2019-05-28,12,47481.6,105
2019-05-28,13,48309.7,107
2019-05-28,14,49747.1,109
2019-05-28,15,50550.3,110
2019-05-28,16,50550.3,110
2019-05-28,17,50550.3,110
2019-05-28,18,50550.3,110
2019-05-28,19,47896.3,108
2019-05-28,20,47896.3,108
2019-05-28,21,47896.3,108
2019-05-28,22,43887.9,107
2019-05-28,23,39410.6,103
2019-05-29,0,36675.6,101
2019-05-29,1,34287.1,98
2019-05-29,2,32683.1,96
2019-05-29,3,32683.1,96
2019-05-29,4,35828.1,99
2019-05-29,5,39166.1,102
2019-05-29,6,42232.7,106
2019-05-29,7,42232.7,106
2019-05-29,8,44083.5,107
2019-05-29,9,44083.5,107
2019-05-29,10,48091.9,108
2019-05-29,11,49773.5,110
2019-05-29,12,49773.5,110
2019-05-29,13,49773.5,110
2019-05-29,14,50926.3,111
2019-05-29,15,50926.3,111
2019-05-29,16,50776.3,110
2019-05-29,17,49621.0,107
2019-05-29,18,48742.6,106
2019-05-29,19,47062.2,106
2019-05-29,20,46305.8,106
2019-05-29,21,45153.0,105
2019-05-29,22,41954.3,102
2019-05-29,23,37022.1,100
2019-05-30,0,35167.9,98
2019-05-30,1,33602.3,96
2019-05-30,2,33602.3,96
2019-05-30,3,34315.7,97
2019-05-30,4,38558.4,102
2019-05-30,5,40409.2,103
2019-05-30,6,43118.5,106
2019-05-30,7,43118.5,106
2019-05-30,8,42375.7,106
2019-05-30,9,43562.5,107
2019-05-30,10,45942.1,108
2019-05-30,11,47676.1,109
2019-05-30,12,48479.3,110
2019-05-30,13,49331.5,111
2019-05-30,14,49331.5,111
2019-05-30,15,49015.9,109
2019-05-30,16,49015.9,109
2019-05-30,17,49331.5,111
2019-05-30,18,46951.9,110
2019-05-30,19,45101.1,109
2019-05-30,20,45101.1,109
2019-05-30,21,41938.2,105
2019-05-30,22,39417.6,102
2019-05-30,23,37683.6,101
2019-05-31,0,36030.6,99
2019-05-31,1,33602.3,96
2019-05-31,2,34315.7,97
2019-05-31,3,36179.1,99
2019-05-31,4,38175.9,101
2019-05-31,5,40026.7,102
2019-05-31,6,40026.7,102
2019-05-31,7,40409.2,103
2019-05-31,8,44417.6,104
2019-05-31,9,45095.7,105
2019-05-31,10,46692.5,107
2019-05-31,11,46692.5,107
2019-05-31,12,48426.5,108
2019-05-31,13,49278.7,109
2019-05-31,14,49128.7,108
2019-05-31,15,50007.1,109
2019-05-31,16,50960.3,111
2019-05-31,17,50960.3,111
2019-05-31,18,46148.7,109
2019-05-31,19,46148.7,109
2019-05-31,20,44297.9,108
2019-05-31,21,42741.4,106
2019-05-31,22,39794.2,103
2019-05-31,23,36452.1,99
2019-06-01,0,33717.1,97
2019-06-01,1,31784.7,94
2019-06-01,2,30751.3,92
2019-06-01,3,30751.3,92
2019-06-01,4,32712.3,94
2019-06-01,5,34171.6,96
2019-06-01,6,38374.5,100
2019-06-01,7,42382.9,101
2019-06-01,8,44267.7,103
2019-06-01,9,46663.2,105
2019-06-01,10,49148.0,108
2019-06-01,11,50951.2,109
2019-06-01,12,50951.2,109
2019-06-01,13,52819.2,111
2019-06-01,14,53212.6,111
2019-06-01,15,53378.2,112
2019-06-01,16,53378.2,112
2019-06-01,17,52038.3,110
2019-06-01,18,48631.0,107
2019-06-01,19,47047.0,107
2019-06-01,20,45732.2,106
2019-06-01,21,41723.8,105
2019-06-01,22,40920.6,104
2019-06-01,23,38159.9,101
2019-06-02,0,34840.8,96
2019-06-02,1,30830.7,91
2019-06-02,2,28711.4,88
2019-06-02,3,28960.4,89
2019-06-02,4,29129.9,90
2019-06-02,5,31249.2,93
2019-06-02,6,33745.7,96
2019-06-02,7,37375.9,100
2019-06-02,8,39410.6,103
2019-06-02,9,45153.0,105
2019-06-02,10,45153.0,105
2019-06-02,11,45831.1,106
2019-06-02,12,47681.9,107
2019-06-02,13,48868.7,108
2019-06-02,14,50550.3,110
2019-06-02,15,50550.3,110
2019-06-02,16,50550.3,110
2019-06-02,17,50550.3,110
2019-06-02,18,50550.3,110
2019-06-02,19,48819.7,108
2019-06-02,20,48016.5,107
2019-06-02,21,47338.4,106
2019-06-02,22,41596.0,104
2019-06-02,23,39207.5,101
2019-06-03,0,34621.7,98
2019-06-03,1,34051.7,97
2019-06-03,2,33338.3,96
2019-06-03,3,35847.1,98
2019-06-03,4,36770.9,99
2019-06-03,5,38621.7,100
2019-06-03,6,39971.3,102
2019-06-03,7,43320.8,106
2019-06-03,8,45933.2,108
2019-06-03,9,49941.6,109
2019-06-03,10,51795.1,111
2019-06-03,11,53229.2,112
2019-06-03,12,55958.9,111
2019-06-03,13,55726.0,110
2019-06-03,14,58321.6,112
2019-06-03,15,58570.6,113
2019-06-03,16,56538.1,111
2019-06-03,17,56708.5,112
2019-06-03,18,54209.8,111
2019-06-03,19,53552.700000000004,111
2019-06-03,20,53734.4,112
2019-06-03,21,49676.1,108
2019-06-03,22,46675.8,105
2019-06-03,23,39302.1,100
2019-06-04,0,36567.1,98
2019-06-04,1,34678.9,96
2019-06-04,2,33764.3,95
2019-06-04,3,34311.7,95
2019-06-04,4,34461.7,96
2019-06-04,5,37348.5,98
2019-06-04,6,40459.9,101
2019-06-04,7,42177.7,103
2019-06-04,8,44520.8,106
2019-06-04,9,46254.8,107
2019-06-04,10,47817.6,109
2019-06-04,11,50875.3,111
2019-06-04,12,50875.3,111
2019-06-04,13,49722.5,110
2019-06-04,14,49722.5,110
2019-06-04,15,49722.5,110
2019-06-04,16,47342.9,109
2019-06-04,17,46464.5,108
2019-06-04,18,45661.3,107
2019-06-04,19,43927.3,106
2019-06-04,20,43927.3,106
2019-06-04,21,42587.7,104
2019-06-04,22,40450.7,101
2019-06-04,23,35777.4,96
2019-06-05,0,35468.2,97
2019-06-05,1,35468.2,97
2019-06-05,2,34722.2,96
2019-06-05,3,34722.2,96
2019-06-05,4,38690.3,100
2019-06-05,5,41840.6,104
2019-06-05,6,42719.0,105
2019-06-05,7,46727.4,106
2019-06-05,8,46727.4,106
2019-06-05,9,46727.4,106
2019-06-05,10,49067.0,108
2019-06-05,11,48537.4,108
2019-06-05,12,50271.4,109
2019-06-05,13,51889.1,111
2019-06-05,14,51309.9,111
2019-06-05,15,50631.8,110
2019-06-05,16,50616.6,110
2019-06-05,17,50861.8,110
2019-06-05,18,48707.5,105
2019-06-05,19,48331.2,107
2019-06-05,20,47178.4,106
2019-06-05,21,45444.4,105
2019-06-05,22,45444.4,105
2019-06-05,23,39587.7,102
2019-06-06,0,38648.1,101
2019-06-06,1,37844.9,100
2019-06-06,2,37728.1,100
2019-06-06,3,37728.1,100
2019-06-06,4,39329.2,102
2019-06-06,5,42066.8,105
2019-06-06,6,42636.8,106
2019-06-06,7,46645.2,107
2019-06-06,8,46645.2,107
2019-06-06,9,49516.5,110
2019-06-06,10,52557.200000000004,112
2019-06-06,11,52661.8,112
2019-06-06,12,55041.4,113
2019-06-06,13,55041.4,113
2019-06-06,14,56216.8,114
2019-06-06,15,56216.8,114
2019-06-06,16,56216.8,114
2019-06-06,17,52208.4,113
2019-06-06,18,51356.2,112
2019-06-06,19,49505.4,111
2019-06-06,20,47125.8,110
2019-06-06,21,45811.0,109
2019-06-06,22,43943.0,107
2019-06-06,23,40452.2,104
2019-06-07,0,37717.2,102
2019-06-07,1,36035.6,100
2019-06-07,2,36655.6,100
2019-06-07,3,36655.6,100
2019-06-07,4,39076.4,102
2019-06-07,5,40016.0,103
2019-06-07,6,41697.6,105
2019-06-07,7,45706.0,106
2019-06-07,8,47440.0,107
2019-06-07,9,48592.8,108
2019-06-07,10,49270.9,109
2019-06-07,11,52450.8,112
2019-06-07,12,52450.8,112
2019-06-07,13,56520.4,114
2019-06-07,14,57372.6,115
2019-06-07,15,57372.6,115
2019-06-07,16,56569.4,114
2019-06-07,17,56569.4,114
2019-06-07,18,56569.4,114
2019-06-07,19,55961.6,114
2019-06-07,20,54771.7,113
2019-06-07,21,52920.9,112
2019-06-07,22,49388.5,110
2019-06-07,23,44193.3,108
2019-06-08,0,39759.4,104
2019-06-08,1,38881.0,103
2019-06-08,2,36100.3,99
2019-06-08,3,36100.3,99
2019-06-08,4,36100.3,99
2019-06-08,5,37785.9,101
2019-06-08,6,41081.5,105
2019-06-08,7,44575.4,108
2019-06-08,8,50434.6,110
2019-06-08,9,50123.1,110
2019-06-08,10,52627.8,112
2019-06-08,11,55121.0,114
2019-06-08,12,57483.200000000004,116
2019-06-08,13,59862.8,117
2019-06-08,14,60945.0,118
2019-06-08,15,60945.0,118
2019-06-08,16,60945.0,118
2019-06-08,17,60945.0,118
2019-06-08,18,59862.8,117
2019-06-08,19,56130.7,114
2019-06-08,20,54279.9,113
2019-06-08,21,53476.7,112
2019-06-08,22,48629.5,109
2019-06-08,23,43943.0,107
2019-06-09,0,41208.0,105
2019-06-09,1,37203.6,101
2019-06-09,2,36542.1,100
2019-06-09,3,33284.9,96
2019-06-09,4,33284.9,96
2019-06-09,5,34320.9,97
2019-06-09,6,38009.1,101
2019-06-09,7,41436.0,104
2019-06-09,8,45771.2,108
2019-06-09,9,46574.4,109
2019-06-09,10,53814.6,112
2019-06-09,11,55004.5,113
2019-06-09,12,54822.8,112
2019-06-09,13,55004.5,113
2019-06-09,14,53153.7,112
2019-06-09,15,53153.7,112
2019-06-09,16,53153.7,112
2019-06-09,17,50811.0,110
2019-06-09,18,50811.0,110
2019-06-09,19,50302.3,110
2019-06-09,20,47922.7,109
2019-06-09,21,43914.3,108
2019-06-09,22,39679.9,102
2019-06-09,23,35002.0,97
2019-06-10,0,33980.4,96
2019-06-10,1,32879.2,94
2019-06-10,2,32713.6,93
2019-06-10,3,32338.6,95
2019-06-10,4,32338.6,95
2019-06-10,5,34189.4,96
2019-06-10,6,34011.5,96
2019-06-10,7,36376.9,98
2019-06-10,8,38944.5,101
2019-06-10,9,40678.5,102
2019-06-10,10,42553.2,105
2019-06-10,11,44418.1,107
2019-06-10,12,44418.1,107
2019-06-10,13,48426.5,108
2019-06-10,14,48260.9,107
2019-06-10,15,48260.9,107
2019-06-10,16,48426.5,108
2019-06-10,17,48426.5,108
2019-06-10,18,46692.5,107
2019-06-10,19,45512.3,103
2019-06-10,20,46014.4,106
2019-06-10,21,46692.5,107
2019-06-10,22,46692.5,107
2019-06-10,23,40833.3,105
2019-06-11,0,39180.3,103
2019-06-11,1,35645.6,99
2019-06-11,2,34272.4,97
2019-06-11,3,34985.8,98
2019-06-11,4,38165.2,102
2019-06-11,5,40016.0,103
2019-06-11,6,40819.2,104
2019-06-11,7,44827.6,105
2019-06-11,8,44827.6,105
2019-06-11,9,44166.1,104
2019-06-11,10,45579.700000000004,103
2019-06-11,11,46411.6,105
2019-06-11,12,46411.6,105
2019-06-11,13,46411.6,105
2019-06-11,14,46059.5,103
2019-06-11,15,47239.7,107
2019-06-11,16,47239.7,107
2019-06-11,17,43231.3,106
2019-06-11,18,44109.7,107
2019-06-11,19,42375.7,106
2019-06-11,20,42375.7,106
2019-06-11,21,41697.6,105
2019-06-11,22,40249.2,103
2019-06-11,23,38038.5,100
2019-06-12,0,35248.1,98
2019-06-12,1,33788.8,96
2019-06-12,2,33075.4,95
2019-06-12,3,33075.4,95
2019-06-12,4,35994.1,99
2019-06-12,5,38355.9,102
2019-06-12,6,38355.9,102
2019-06-12,7,42364.3,103
2019-06-12,8,43551.1,104
2019-06-12,9,44354.3,105
2019-06-12,10,45938.3,105
2019-06-12,11,47974.6,107
2019-06-12,12,48959.5,109
2019-06-12,13,50810.3,110
2019-06-12,14,52000.200000000004,111
2019-06-12,15,52150.200000000004,112
2019-06-12,16,52150.200000000004,112
2019-06-12,17,51472.1,111
2019-06-12,18,50282.2,110
2019-06-12,19,48431.4,109
2019-06-12,20,46749.8,107
2019-06-12,21,46749.8,107
2019-06-12,22,43829.0,105
2019-06-12,23,42455.8,103
2019-06-13,0,37507.8,101
2019-06-13,1,36655.6,100
2019-06-13,2,35280.7,98
2019-06-13,3,35280.7,98
2019-06-13,4,36933.7,100
2019-06-13,5,40016.0,103
2019-06-13,6,41497.3,105
2019-06-13,7,45505.7,106
2019-06-13,8,45505.7,106
2019-06-13,9,46561.6,106
2019-06-13,10,47748.4,107
2019-06-13,11,49926.4,109
2019-06-13,12,51241.2,110
2019-06-13,13,52275.1,112
2019-06-13,14,53465.0,113
2019-06-13,15,53465.0,113
2019-06-13,16,53465.0,113
2019-06-13,17,53315.0,112
2019-06-13,18,51471.9,111
2019-06-13,19,48742.7,109
2019-06-13,20,47008.7,108
2019-06-13,21,43000.3,107
2019-06-13,22,40473.9,104
2019-06-13,23,35223.3,97
2019-06-14,0,32714.5,95
2019-06-14,1,29434.3,91
2019-06-14,2,28681.9,88
2019-06-14,3,29434.3,91
2019-06-14,4,31079.7,93
2019-06-14,5,32304.6,95
2019-06-14,6,35521.7,98
2019-06-14,7,37255.7,99
2019-06-14,8,41144.6,104
2019-06-14,9,42995.4,105
2019-06-14,10,44182.2,106
2019-06-14,11,50384.7,109
2019-06-14,12,51574.6,110
2019-06-14,13,52797.9,110
2019-06-14,14,54064.8,112
2019-06-14,15,53378.2,112
2019-06-14,16,53378.2,112
2019-06-14,17,53378.2,112
2019-06-14,18,50311.4,107
2019-06-14,19,48781.0,108
2019-06-14,20,47977.8,107
2019-06-14,21,43969.4,106
2019-06-14,22,40141.0,102
2019-06-14,23,35260.7,98
2019-06-15,0,35026.5,96
2019-06-15,1,31315.7,91
2019-06-15,2,30940.9,91
2019-06-15,3,29942.3,91
2019-06-15,4,29942.3,91
2019-06-15,5,29996.7,89
2019-06-15,6,32714.5,95
2019-06-15,7,37766.9,100
2019-06-15,8,40994.7,103
2019-06-15,9,42845.5,104
2019-06-15,10,46401.8,109
2019-06-15,11,48266.7,111
2019-06-15,12,52275.1,112
2019-06-15,13,51860.5,110
2019-06-15,14,55119.5,110
2019-06-15,15,55454.6,112
2019-06-15,16,55659.7,113
2019-06-15,17,55659.7,113
2019-06-15,18,54807.5,112
2019-06-15,19,50234.700000000004,109
2019-06-15,20,50405.1,110
2019-06-15,21,48262.3,107
2019-06-15,22,42403.1,105
2019-06-15,23,38470.7,101
2019-06-16,0,37522.8,99
2019-06-16,1,33702.8,96
2019-06-16,2,32527.4,95
2019-06-16,3,31587.8,94
2019-06-16,4,28426.3,87
2019-06-16,5,28426.3,87
2019-06-16,6,30830.2,92
2019-06-16,7,33311.1,95
2019-06-16,8,36034.9,98
2019-06-16,9,40597.4,104
2019-06-16,10,41475.8,105
2019-06-16,11,43619.8,107
2019-06-16,12,44772.6,108
2019-06-16,13,45450.7,109
2019-06-16,14,44263.9,108
2019-06-16,15,44263.9,108
2019-06-16,16,43585.8,107
2019-06-16,17,43585.8,107
2019-06-16,18,44263.9,108
2019-06-16,19,44263.9,108
2019-06-16,20,42529.9,107
2019-06-16,21,42529.9,107
2019-06-16,22,36517.5,100
2019-06-16,23,34786.7,97
2019-06-17,0,30825.1,92
2019-06-17,1,26246.9,87
2019-06-17,2,28582.1,90
2019-06-17,3,30547.5,93
2019-06-17,4,34685.3,97
2019-06-17,5,36786.7,99
2019-06-17,6,37589.9,100
2019-06-17,7,39440.7,101
2019-06-17,8,40364.5,102
2019-06-17,9,40364.5,102
2019-06-17,10,42274.1,105
2019-06-17,11,44877.3,108
2019-06-17,12,46833.3,110
2019-06-17,13,53427.9,113
2019-06-17,14,53427.9,113
2019-06-17,15,56889.7,115
2019-06-17,16,56889.7,115
2019-06-17,17,56889.7,115
2019-06-17,18,56889.7,115
2019-06-17,19,54510.1,114
2019-06-17,20,52520.1,112
2019-06-17,21,51641.7,111
2019-06-17,22,48638.1,109
2019-06-17,23,41554.6,105
2019-06-18,0,40615.0,104
2019-06-18,1,36846.3,100
2019-06-18,2,36132.9,99
2019-06-18,3,36132.9,99
2019-06-18,4,38447.4,102
2019-06-18,5,40859.5,104
2019-06-18,6,44867.9,105
2019-06-18,7,46241.1,107
2019-06-18,8,47427.9,108
2019-06-18,9,48231.1,109
2019-06-18,10,50134.9,110
2019-06-18,11,51035.1,109
2019-06-18,12,52885.9,110
2019-06-18,13,55664.5,113
2019-06-18,14,55830.1,114
2019-06-18,15,58260.1,115
2019-06-18,16,58260.1,115
2019-06-18,17,57087.5,112
2019-06-18,18,57257.9,113
2019-06-18,19,54878.3,112
2019-06-18,20,53691.5,111
2019-06-18,21,50894.3,109
2019-06-18,22,45710.5,107
2019-06-18,23,42177.7,103
2019-06-19,0,38039.9,99
2019-06-19,1,34828.3,95
2019-06-19,2,36635.2,97
2019-06-19,3,34672.2,96
2019-06-19,4,34672.2,96
2019-06-19,5,35524.4,97
2019-06-19,6,38891.3,100
2019-06-19,7,40926.0,103
2019-06-19,8,44453.0,106
2019-06-19,9,48683.9,111
2019-06-19,10,52692.3,112
2019-06-19,11,55895.0,114
2019-06-19,12,58274.6,115
2019-06-19,13,60602.8,117
2019-06-19,14,61685.0,118
2019-06-19,15,61685.0,118
2019-06-19,16,63375.0,119
2019-06-19,17,63375.0,119
2019-06-19,18,61370.0,117
2019-06-19,19,60832.8,117
2019-06-19,20,60029.6,116
2019-06-19,21,58178.8,115
2019-06-19,22,54202.4,112
2019-06-19,23,47254.4,106
2019-06-20,0,45096.8,106
2019-06-20,1,42777.8,104
2019-06-20,2,37034.9,99
2019-06-20,3,37696.4,100
2019-06-20,4,39491.8,101
2019-06-20,5,43658.6,104
2019-06-20,6,41924.6,103
2019-06-20,7,42839.2,104
2019-06-20,8,45251.3,106
2019-06-20,9,47256.3,108
2019-06-20,10,52451.5,110
2019-06-20,11,55857.9,114
2019-06-20,12,57084.7,114
2019-06-20,13,58260.1,115
2019-06-20,14,58260.1,115
2019-06-20,15,59450.0,116
2019-06-20,16,59450.0,116
2019-06-20,17,59450.0,116
2019-06-20,18,60602.8,117
2019-06-20,19,56982.9,115
2019-06-20,20,56982.9,115
2019-06-20,21,53751.1,113
2019-06-20,22,48555.9,111
2019-06-20,23,43067.1,105
2019-06-21,0,40332.1,103
2019-06-21,1,37678.1,101
2019-06-21,2,37678.1,101
2019-06-21,3,37703.1,101
2019-06-21,4,39498.5,102
2019-06-21,5,40413.1,103
2019-06-21,6,42263.9,104
2019-06-21,7,44531.8,107
2019-06-21,8,52439.4,112
2019-06-21,9,53291.6,113
2019-06-21,10,56858.0,115
2019-06-21,11,58172.8,116
2019-06-21,12,60945.0,118
2019-06-21,13,60945.0,118
2019-06-21,14,60945.0,118
2019-06-21,15,60945.0,118
2019-06-21,16,60945.0,118
2019-06-21,17,60945.0,118
2019-06-21,18,60945.0,118
2019-06-21,19,58172.8,116
2019-06-21,20,56997.4,115
2019-06-21,21,54617.8,114
2019-06-21,22,50894.1,110
2019-06-21,23,43983.3,105
2019-06-22,0,38800.9,101
2019-06-22,1,36738.3,98
2019-06-22,2,34899.9,96
2019-06-22,3,33535.9,94
2019-06-22,4,33385.9,93
2019-06-22,5,33215.5,92
2019-06-22,6,36120.9,97
2019-06-22,7,39952.3,101
2019-06-22,8,43180.1,104
2019-06-22,9,47004.5,109
2019-06-22,10,48179.9,110
2019-06-22,11,52598.3,112
2019-06-22,12,53751.1,113
2019-06-22,13,53751.1,113
2019-06-22,14,53751.1,113
2019-06-22,15,53202.4,111
2019-06-22,16,56130.7,114
2019-06-22,17,54815.9,113
2019-06-22,18,52436.3,112
2019-06-22,19,51283.5,111
2019-06-22,20,51249.5,111
2019-06-22,21,47241.1,110
2019-06-22,22,44234.8,107
2019-06-22,23,39846.2,101
2019-06-23,0,39147.3,97
2019-06-23,1,35165.4,95
2019-06-23,2,35334.9,96
2019-06-23,3,33549.2,93
2019-06-23,4,33383.6,92
2019-06-23,5,33565.3,93
2019-06-23,6,35310.7,98
2019-06-23,7,39754.7,101
2019-06-23,8,41865.3,103
2019-06-23,9,43983.3,105
2019-06-23,10,46498.3,108
2019-06-23,11,47786.7,110
2019-06-23,12,52598.3,112
2019-06-23,13,52598.3,112
2019-06-23,14,54458.7,113
2019-06-23,15,56888.7,114
2019-06-23,16,56009.3,111
2019-06-23,17,57070.4,115
2019-06-23,18,57070.4,115
2019-06-23,19,56372.4,115
2019-06-23,20,53451.6,113
2019-06-23,21,52136.8,112
2019-06-23,22,48968.3,109
2019-06-23,23,42250.6,105
2019-06-24,0,40455.2,104
2019-06-24,1,38244.5,101
2019-06-24,2,35732.7,97
2019-06-24,3,35882.7,98
2019-06-24,4,37678.1,99
2019-06-24,5,39528.9,100
2019-06-24,6,39528.9,100
2019-06-24,7,40274.9,101
2019-06-24,8,40274.9,101
2019-06-24,9,41427.7,102
2019-06-24,10,42614.5,103
2019-06-24,11,44927.3,106
2019-06-24,12,46266.9,108
2019-06-24,13,47145.3,109
2019-06-24,14,48879.3,110
2019-06-24,15,48879.3,110
2019-06-24,16,48879.3,110
2019-06-24,17,48879.3,110
2019-06-24,18,47145.3,109
2019-06-24,19,45178.8,106
2019-06-24,20,43714.1,104
2019-06-24,21,41850.7,102
2019-06-24,22,37264.5,98
2019-06-24,23,38664.5,100
2019-06-25,0,35725.5,98
2019-06-25,1,30541.2,91
2019-06-25,2,29423.4,90
2019-06-25,3,32846.4,94
2019-06-25,4,34709.8,96
2019-06-25,5,38891.3,100
2019-06-25,6,42827.1,105
2019-06-25,7,43807.1,107
2019-06-25,8,43807.1,107
2019-06-25,9,45541.1,108
2019-06-25,10,46727.9,109
2019-06-25,11,47022.2,108
2019-06-25,12,48005.3,107
2019-06-25,13,48337.0,109
2019-06-25,14,48337.0,109
2019-06-25,15,50390.8,111
2019-06-25,16,50390.8,111
2019-06-25,17,47960.8,110
2019-06-25,18,47960.8,110
2019-06-25,19,45231.6,108
2019-06-25,20,44379.4,107
2019-06-25,21,41934.7,103
2019-06-25,22,36424.7,98
2019-06-25,23,34192.8,96
2019-06-26,0,29122.6,89
2019-06-26,1,28376.6,88
2019-06-26,2,27991.1,88
2019-06-26,3,29894.3,90
2019-06-26,4,33920.7,96
2019-06-26,5,36429.5,98
2019-06-26,6,41048.6,104
2019-06-26,7,41048.6,104
2019-06-26,8,42782.6,105
2019-06-26,9,43634.8,106
2019-06-26,10,45700.0,108
2019-06-26,11,48489.6,110
2019-06-26,12,50340.4,111
2019-06-26,13,51143.6,112
2019-06-26,14,51143.6,112
2019-06-26,15,51143.6,112
2019-06-26,16,51143.6,112
2019-06-26,17,51821.7,113
2019-06-26,18,49442.1,112
2019-06-26,19,46951.9,110
2019-06-26,20,46951.9,110
2019-06-26,21,43078.5,105
2019-06-26,22,41088.5,103
2019-06-26,23,38020.7,100
2019-06-27,0,33882.9,96
2019-06-27,1,31862.8,93
2019-06-27,2,31862.8,93
2019-06-27,3,34883.1,96
2019-06-27,4,37459.9,99
2019-06-27,5,38924.6,101
2019-06-27,6,42477.5,105
2019-06-27,7,42477.5,105
2019-06-27,8,44889.6,107
2019-06-27,9,44765.5,106
2019-06-27,10,50812.9,109
2019-06-27,11,52237.3,111
2019-06-27,12,52087.3,110
2019-06-27,13,52475.9,109
2019-06-27,14,52475.9,109
2019-06-27,15,52475.9,109
2019-06-27,16,53040.5,112
2019-06-27,17,53040.5,112
2019-06-27,18,49032.1,111
2019-06-27,19,47181.3,110
2019-06-27,20,47530.9,110
2019-06-27,21,45538.0,108
2019-06-27,22,41993.1,104
2019-06-27,23,40275.3,102
2019-06-28,0,37660.5,101
2019-06-28,1,35277.3,98
2019-06-28,2,33767.7,96
2019-06-28,3,33767.7,96
2019-06-28,4,36502.7,98
2019-06-28,5,38172.5,100
2019-06-28,6,40760.6,104
2019-06-28,7,42494.6,105
2019-06-28,8,44621.1,108
2019-06-28,9,48315.5,110
2019-06-28,10,49167.7,111
2019-06-28,11,55026.9,113
2019-06-28,12,55026.9,113
2019-06-28,13,58260.1,115
2019-06-28,14,58260.1,115
2019-06-28,15,57456.9,114
2019-06-28,16,57456.9,114
2019-06-28,17,55603.4,112
2019-06-28,18,53223.8,111
2019-06-28,19,50550.0,109
2019-06-28,20,51158.6,109
2019-06-28,21,50996.6,109
2019-06-28,22,46136.0,107
2019-06-28,23,43740.5,105
2019-06-29,0,39139.3,101
2019-06-29,1,37412.3,99
2019-06-29,2,35788.6,97
2019-06-29,3,35788.6,97
2019-06-29,4,37719.4,98
2019-06-29,5,39343.1,100
2019-06-29,6,40920.8,103
2019-06-29,7,44929.2,104
2019-06-29,8,48529.4,107
2019-06-29,9,50722.6,109
2019-06-29,10,51719.6,110
2019-06-29,11,56230.1,114
2019-06-29,12,56230.1,114
2019-06-29,13,56230.1,114
2019-06-29,14,56230.1,114
2019-06-29,15,55671.1,113
2019-06-29,16,55671.1,113
2019-06-29,17,54731.5,112
2019-06-29,18,54376.6,112
2019-06-29,19,51102.7,109
2019-06-29,20,51102.7,109
2019-06-29,21,48004.7,105
2019-06-29,22,44812.9,102
2019-06-29,23,42785.1,100
2019-06-30,0,38014.1,99
2019-06-30,1,36353.5,97
2019-06-30,2,32920.9,94
2019-06-30,3,32920.9,94
2019-06-30,4,32920.9,94
2019-06-30,5,34716.3,95
2019-06-30,6,38039.1,99
2019-06-30,7,38579.2,100
2019-06-30,8,41466.0,102
2019-06-30,9,43188.8,104
2019-06-30,10,44402.0,106
2019-06-30,11,48201.2,109
2019-06-30,12,49516.0,110
2019-06-30,13,50944.4,109
2019-06-30,14,51452.1,109
2019-06-30,15,52474.7,111
2019-06-30,16,52293.0,110
2019-06-30,17,52474.7,111
2019-06-30,18,52304.3,110
2019-06-30,19,50271.8,108
2019-06-30,20,49745.5,109
2019-06-30,21,49895.5,110
2019-06-30,22,42590.3,106
2019-06-30,23,38690.7,101
2019-07-01,0,35955.7,99
2019-07-01,1,35031.9,98
2019-07-01,2,34285.9,97
2019-07-01,3,33572.5,96
2019-07-01,4,36307.5,98
2019-07-01,5,37231.3,99
2019-07-01,6,40155.4,103
2019-07-01,7,42459.4,105
2019-07-01,8,44015.9,107
2019-07-01,9,47019.5,109
2019-07-01,10,48604.9,111
2019-07-01,11,53800.1,113
2019-07-01,12,56179.7,114
2019-07-01,13,56982.9,115
2019-07-01,14,56982.9,115
2019-07-01,15,56982.9,115
2019-07-01,16,56982.9,115
2019-07-01,17,55830.1,114
2019-07-01,18,52598.3,112
2019-07-01,19,49601.9,109
2019-07-01,20,50754.7,110
2019-07-01,21,46746.3,109
2019-07-01,22,41744.7,103
2019-07-01,23,40010.7,102
2019-07-02,0,33438.1,95
2019-07-02,1,31936.1,93
2019-07-02,2,30925.1,91
2019-07-02,3,32595.3,94
2019-07-02,4,34388.3,96
2019-07-02,5,36183.7,97
2019-07-02,6,39449.9,101
2019-07-02,7,41177.2,100
2019-07-02,8,43983.3,105
2019-07-02,9,45497.0,107
2019-07-02,10,48266.7,111
2019-07-02,11,53465.0,113
2019-07-02,12,54640.4,114
2019-07-02,13,54640.4,114
2019-07-02,14,57070.4,115
2019-07-02,15,57070.4,115
2019-07-02,16,56230.1,114
2019-07-02,17,56230.1,114
2019-07-02,18,54379.3,113
2019-07-02,19,49056.1,111
2019-07-02,20,49056.1,111
2019-07-02,21,45791.8,108
2019-07-02,22,40962.1,102
2019-07-02,23,36053.1,97
2019-07-03,0,33669.5,93
2019-07-03,1,30528.7,89
2019-07-03,2,29327.1,87
2019-07-03,3,30415.3,88
2019-07-03,4,36394.5,98
2019-07-03,5,36394.5,98
2019-07-03,6,41076.7,101
2019-07-03,7,41076.7,101
2019-07-03,8,42561.3,103
2019-07-03,9,42561.3,103
2019-07-03,10,45610.1,105
2019-07-03,11,51172.8,107
2019-07-03,12,51417.0,107
2019-07-03,13,52295.4,108
2019-07-03,14,53355.6,109
2019-07-03,15,53537.3,110
2019-07-03,16,53288.3,109
2019-07-03,17,53521.2,110
2019-07-03,18,50044.1,110
2019-07-03,19,48686.9,108
2019-07-03,20,47123.3,108
2019-07-03,21,43752.5,104
2019-07-03,22,38856.6,99
2019-07-03,23,35317.0,92
2019-07-04,0,31942.5,89
2019-07-04,1,29461.3,86
2019-07-04,2,29279.6,85
2019-07-04,3,31534.9,89
2019-07-04,4,31534.9,89
2019-07-04,5,31534.9,89
2019-07-04,6,33048.9,92
2019-07-04,7,36623.7,96
2019-07-04,8,39463.5,99
2019-07-04,9,43364.5,104
2019-07-04,10,44679.3,105
2019-07-04,11,48162.9,109
2019-07-04,12,50141.5,111
2019-07-04,13,55002.1,113
2019-07-04,14,53450.5,113
2019-07-04,15,53450.5,113
2019-07-04,16,53450.5,113
2019-07-04,17,53450.5,113
2019-07-04,18,51599.7,112
2019-07-04,19,51070.9,111
2019-07-04,20,45875.7,109
2019-07-04,21,43383.3,106
2019-07-04,22,41265.3,104
2019-07-04,23,39781.5,101
2019-07-05,0,35699.9,97
2019-07-05,1,31993.1,93
2019-07-05,2,31061.1,92
2019-07-05,3,31643.1,94
2019-07-05,4,32356.5,95
2019-07-05,5,32356.5,95
2019-07-05,6,36712.9,99
2019-07-05,7,39016.9,101
2019-07-05,8,42042.1,104
2019-07-05,9,49874.9,110
2019-07-05,10,51189.7,111
2019-07-05,11,53450.5,113
2019-07-05,12,57020.0,115
2019-07-05,13,57020.0,115
2019-07-05,14,57020.0,115
2019-07-05,15,57020.0,115
2019-07-05,16,57020.0,115
2019-07-05,17,57020.0,115
2019-07-05,18,54640.4,114
2019-07-05,19,52275.1,112
2019-07-05,20,53427.9,113
2019-07-05,21,47737.9,110
2019-07-05,22,45270.3,108
2019-07-05,23,44592.2,107
2019-07-06,0,39433.8,103
2019-07-06,1,36065.3,98
2019-07-06,2,33299.9,96
2019-07-06,3,32764.4,95
2019-07-06,4,32051.0,94
2019-07-06,5,33846.4,95
2019-07-06,6,38562.7,101
2019-07-06,7,41099.9,103
2019-07-06,8,43506.8,106
2019-07-06,9,45357.6,107
2019-07-06,10,50680.8,109
2019-07-06,11,55312.6,114
2019-07-06,12,55312.6,114
2019-07-06,13,58102.2,116
2019-07-06,14,60532.2,117
2019-07-06,15,58152.6,116
2019-07-06,16,56965.8,115
2019-07-06,17,56965.8,115
2019-07-06,18,54032.8,113
2019-07-06,19,51964.5,111
2019-07-06,20,50789.1,110
2019-07-06,21,49055.1,109
2019-07-06,22,46937.1,107
2019-07-06,23,45597.5,105
2019-07-07,0,40649.5,103
2019-07-07,1,37837.5,100
2019-07-07,2,36922.9,99
2019-07-07,3,36922.9,99
2019-07-07,4,36922.9,99
2019-07-07,5,37846.7,100
2019-07-07,6,40362.4,103
2019-07-07,7,44331.4,106
2019-07-07,8,48339.8,107
2019-07-07,9,48991.6,107
2019-07-07,10,51862.9,110
2019-07-07,11,55045.7,112
2019-07-07,12,57303.3,114
2019-07-07,13,59680.0,116
2019-07-07,14,60832.8,117
2019-07-07,15,62522.8,118
2019-07-07,16,62522.8,118
2019-07-07,17,62522.8,118
2019-07-07,18,60832.8,117
2019-07-07,19,57371.0,115
2019-07-07,20,54717.0,113
2019-07-07,21,54717.0,113
2019-07-07,22,51333.9,110
2019-07-07,23,47325.5,109
2019-07-08,0,44913.4,107
2019-07-08,1,40988.5,103
2019-07-08,2,40048.9,102
2019-07-08,3,39335.5,101
2019-07-08,4,41912.3,104
2019-07-08,5,42573.8,105
2019-07-08,6,46582.2,106
2019-07-08,7,49469.0,108
2019-07-08,8,52032.5,111
2019-07-08,9,53883.3,112
2019-07-08,10,57184.8,115
2019-07-08,11,59226.9,117
2019-07-08,12,61606.5,118
2019-07-08,13,62793.3,119
2019-07-08,14,64483.3,120
2019-07-08,15,64483.3,120
2019-07-08,16,62053.3,119
2019-07-08,17,62053.3,119
2019-07-08,18,58105.7,116
2019-07-08,19,55726.1,115
2019-07-08,20,54386.2,113
2019-07-08,21,52535.4,112
2019-07-08,22,49459.1,110
2019-07-08,23,43419.5,107
2019-07-09,0,37583.0,102
2019-07-09,1,36659.2,101
2019-07-09,2,33709.9,97
2019-07-09,3,32996.5,96
2019-07-09,4,35338.9,99
2019-07-09,5,37072.9,100
2019-07-09,6,41509.9,104
2019-07-09,7,42079.9,105
2019-07-09,8,49753.4,109
2019-07-09,9,52955.6,113
2019-07-09,10,56554.1,116
2019-07-09,11,60270.2,119
2019-07-09,12,60270.2,119
2019-07-09,13,63937.2,122
2019-07-09,14,63937.2,122
2019-07-09,15,66316.8,123
2019-07-09,16,66316.8,123
2019-07-09,17,64626.8,122
2019-07-09,18,63823.6,121
2019-07-09,19,62633.7,120
2019-07-09,20,61551.5,119
2019-07-09,21,58293.5,117
2019-07-09,22,54695.0,114
2019-07-09,23,47001.7,109
2019-07-10,0,44266.7,107
2019-07-10,1,37321.2,100
2019-07-10,2,37321.2,100
2019-07-10,3,37496.2,101
2019-07-10,4,39291.6,102
2019-07-10,5,41025.6,103
2019-07-10,6,44853.3,108
2019-07-10,7,49083.7,110
2019-07-10,8,52258.4,113
2019-07-10,9,53739.7,115
2019-07-10,10,61428.2,119
2019-07-10,11,65659.7,122
2019-07-10,12,65659.7,122
2019-07-10,13,66835.7,123
2019-07-10,14,66835.7,123
2019-07-10,15,66835.7,123
2019-07-10,16,69265.7,124
2019-07-10,17,65196.1,122
2019-07-10,18,62263.1,120
2019-07-10,19,59083.200000000004,117
2019-07-10,20,58143.5,116
2019-07-10,21,57465.4,115
2019-07-10,22,53241.2,112
2019-07-10,23,48236.0,108
2019-07-11,0,44104.7,107
2019-07-11,1,42928.7,106
2019-07-11,2,41311.0,104
2019-07-11,3,41311.0,104
2019-07-11,4,43129.0,106
2019-07-11,5,44281.8,107
2019-07-11,6,48968.3,109
2019-07-11,7,48968.3,109
2019-07-11,8,50155.1,110
2019-07-11,9,53999.0,113
2019-07-11,10,55313.8,114
2019-07-11,11,59427.4,116
2019-07-11,12,59723.4,114
2019-07-11,13,60452.8,116
2019-07-11,14,62142.8,117
2019-07-11,15,62142.8,117
2019-07-11,16,62142.8,117
2019-07-11,17,62142.8,117
2019-07-11,18,61108.9,115
2019-07-11,19,59580.2,115
2019-07-11,20,58563.8,115
2019-07-11,21,58563.8,115
2019-07-11,22,57249.0,114
2019-07-11,23,52876.3,111
2019-07-12,0,51142.3,110
2019-07-12,1,45958.5,108
2019-07-12,2,44805.7,107
2019-07-12,3,44127.6,106
2019-07-12,4,44805.7,107
2019-07-12,5,44805.7,107
2019-07-12,6,49896.3,109
2019-07-12,7,51049.1,110
2019-07-12,8,55162.7,112
2019-07-12,9,57155.8,114
2019-07-12,10,58470.6,115
2019-07-12,11,61347.4,117
2019-07-12,12,61347.4,117
2019-07-12,13,62199.6,118
2019-07-12,14,62199.6,118
2019-07-12,15,63375.0,119
2019-07-12,16,62142.8,117
2019-07-12,17,61583.8,116
2019-07-12,18,59531.1,115
2019-07-12,19,56627.5,112
2019-07-12,20,56322.0,115
2019-07-12,21,56322.0,115
2019-07-12,22,51824.4,112
2019-07-12,23,49956.4,110
2019-07-13,0,44214.0,108
2019-07-13,1,43361.8,107
2019-07-13,2,40014.6,103
2019-07-13,3,40014.6,103
2019-07-13,4,40047.2,103
2019-07-13,5,41330.6,105
2019-07-13,6,44243.7,108
2019-07-13,7,48252.1,109
2019-07-13,8,51836.9,111
2019-07-13,9,53626.200000000004,113
2019-07-13,10,54941.0,114
2019-07-13,11,57320.6,115
2019-07-13,12,57000.2,113
2019-07-13,13,55498.4,112
2019-07-13,14,55830.1,114
2019-07-13,15,55830.1,114
2019-07-13,16,55830.1,114
2019-07-13,17,55830.1,114
2019-07-13,18,53450.5,113
2019-07-13,19,51471.9,111
2019-07-13,20,50285.1,110
2019-07-13,21,52520.1,112
2019-07-13,22,51205.3,111
2019-07-13,23,47196.9,110
2019-07-14,0,44310.1,108
2019-07-14,1,41494.2,104
2019-07-14,2,39643.4,103
2019-07-14,3,38981.9,102
2019-07-14,4,39671.3,103
2019-07-14,5,39671.3,103
2019-07-14,6,42636.8,106
2019-07-14,7,46645.2,107
2019-07-14,8,48710.4,109
2019-07-14,9,49863.2,110
2019-07-14,10,52392.1,112
2019-07-14,11,53582.0,113
2019-07-14,12,53303.0,113
2019-07-14,13,53303.0,113
2019-07-14,14,55682.6,114
2019-07-14,15,55682.6,114
2019-07-14,16,53303.0,113
2019-07-14,17,53303.0,113
2019-07-14,18,53303.0,113
2019-07-14,19,51647.6,111
2019-07-14,20,50457.7,110
2019-07-14,21,50457.7,110
2019-07-14,22,49270.9,109
2019-07-14,23,45262.5,108
2019-07-15,0,43528.5,107
2019-07-15,1,40819.2,104
2019-07-15,2,40819.2,104
2019-07-15,3,40819.2,104
2019-07-15,4,44827.6,105
2019-07-15,5,47062.6,107
2019-07-15,6,48619.1,109
2019-07-15,7,51528.5,111
2019-07-15,8,54033.2,113
2019-07-15,9,54836.4,114
2019-07-15,10,56875.4,116
2019-07-15,11,59255.0,117
2019-07-15,12,61685.0,118
2019-07-15,13,63375.0,119
2019-07-15,14,64176.0,120
2019-07-15,15,64176.0,120
2019-07-15,16,64176.0,120
2019-07-15,17,64176.0,120
2019-07-15,18,62486.0,119
2019-07-15,19,62486.0,119
2019-07-15,20,59995.8,117
2019-07-15,21,58913.6,116
2019-07-15,22,53354.1,112
2019-07-15,23,47460.2,106
2019-07-16,0,43451.8,105
2019-07-16,1,40914.6,103
2019-07-16,2,40113.6,102
2019-07-16,3,41037.4,103
2019-07-16,4,41840.6,104
2019-07-16,5,42518.7,105
2019-07-16,6,46283.9,108
2019-07-16,7,45605.8,107
2019-07-16,8,49449.5,110
2019-07-16,9,50252.7,111
2019-07-16,10,56623.3,114
2019-07-16,11,60602.8,117
2019-07-16,12,60602.8,117
2019-07-16,13,63375.0,119
2019-07-16,14,63375.0,119
2019-07-16,15,63375.0,119
2019-07-16,16,63375.0,119
2019-07-16,17,61685.0,118
2019-07-16,18,60602.8,117
2019-07-16,19,58052.8,115
2019-07-16,20,56758.4,114
2019-07-16,21,55568.5,113
2019-07-16,22,53206.3,111
2019-07-16,23,49961.9,107
2019-07-17,0,42581.4,103
2019-07-17,1,41166.5,102
2019-07-17,2,40213.3,100
2019-07-17,3,37682.3,98
2019-07-17,4,39362.7,98
2019-07-17,5,38963.9,98
2019-07-17,6,42626.8,103
2019-07-17,7,46303.8,107
2019-07-17,8,46303.8,107
2019-07-17,9,53857.5,109
2019-07-17,10,56188.7,110
2019-07-17,11,57383.9,112
2019-07-17,12,58741.0,114
2019-07-17,13,60602.8,117
2019-07-17,14,62292.8,118
2019-07-17,15,62292.8,118
2019-07-17,16,62292.8,118
2019-07-17,17,62292.8,118
2019-07-17,18,60271.1,115
2019-07-17,19,59600.6,115
2019-07-17,20,56921.6,113
2019-07-17,21,54791.0,113
2019-07-17,22,50330.3,109
2019-07-17,23,47931.9,105
2019-07-18,0,42409.8,102
2019-07-18,1,38522.6,100
2019-07-18,2,36788.6,99
2019-07-18,3,35327.3,97
2019-07-18,4,37580.3,98
2019-07-18,5,36836.1,98
2019-07-18,6,40125.3,101
2019-07-18,7,44146.4,104
2019-07-18,8,47182.0,105
2019-07-18,9,53938.8,109
2019-07-18,10,55562.8,113
2019-07-18,11,57020.0,115
2019-07-18,12,58102.2,116
2019-07-18,13,59792.2,117
2019-07-18,14,59792.2,117
2019-07-18,15,59792.2,117
2019-07-18,16,60945.0,118
2019-07-18,17,60945.0,118
2019-07-18,18,59255.0,117
2019-07-18,19,59255.0,117
2019-07-18,20,55627.6,114
2019-07-18,21,53427.9,113
2019-07-18,22,46710.2,109
2019-07-18,23,42834.7,104
2019-07-19,0,41189.3,104
2019-07-19,1,36243.7,99
2019-07-19,2,36243.7,99
2019-07-19,3,35122.4,97
2019-07-19,4,35304.1,98
2019-07-19,5,38039.1,100
2019-07-19,6,40336.1,103
2019-07-19,7,43863.1,106
2019-07-19,8,46375.4,108
2019-07-19,9,51715.1,110
2019-07-19,10,54922.8,110
2019-07-19,11,57020.0,115
2019-07-19,12,58102.2,116
2019-07-19,13,59255.0,117
2019-07-19,14,59255.0,117
2019-07-19,15,59255.0,117
2019-07-19,16,59255.0,117
2019-07-19,17,59255.0,117
2019-07-19,18,59255.0,117
2019-07-19,19,57852.4,114
2019-07-19,20,57670.7,113
2019-07-19,21,52972.9,111
2019-07-19,22,50810.3,110
2019-07-19,23,44032.2,105
2019-07-20,0,40502.8,103
2019-07-20,1,37544.3,99
2019-07-20,2,36779.7,99
2019-07-20,3,34928.9,98
2019-07-20,4,36779.7,99
2019-07-20,5,35056.5,95
2019-07-20,6,37861.7,99
2019-07-20,7,41786.7,104
2019-07-20,8,45060.6,107
2019-07-20,9,47053.5,109
2019-07-20,10,51411.7,112
2019-07-20,11,55254.5,112
2019-07-20,12,57845.5,113
2019-07-20,13,56966.1,110
2019-07-20,14,58260.1,115
2019-07-20,15,58260.1,115
2019-07-20,16,58260.1,115
2019-07-20,17,58260.1,115
2019-07-20,18,57407.9,114
2019-07-20,19,56181.1,114
2019-07-20,20,54994.3,113
2019-07-20,21,49671.1,111
2019-07-20,22,47342.9,109
2019-07-20,23,43249.2,105
2019-07-21,0,39824.8,102
2019-07-21,1,37436.3,99
2019-07-21,2,36716.3,97
2019-07-21,3,34156.3,94
2019-07-21,4,33620.8,93
2019-07-21,5,33620.8,93
2019-07-21,6,38508.9,97
2019-07-21,7,41572.1,102
2019-07-21,8,43938.9,103
2019-07-21,9,46701.8,106
2019-07-21,10,48337.0,109
2019-07-21,11,55077.3,113
2019-07-21,12,57070.4,115
2019-07-21,13,58720.6,114
2019-07-21,14,58741.0,114
2019-07-21,15,59450.0,116
2019-07-21,16,59450.0,116
2019-07-21,17,59300.0,115
2019-07-21,18,58110.1,114
2019-07-21,19,57562.1,115
2019-07-21,20,57562.1,115
2019-07-21,21,56375.3,114
2019-07-21,22,51877.700000000004,111
2019-07-21,23,47583.0,106
2019-07-22,0,41840.6,104
2019-07-22,1,41840.6,104
2019-07-22,2,40901.0,103
2019-07-22,3,41840.6,104
2019-07-22,4,45849.0,105
2019-07-22,5,45849.0,105
2019-07-22,6,50409.1,109
2019-07-22,7,52946.3,111
2019-07-22,8,52946.3,111
2019-07-22,9,55323.0,113
2019-07-22,10,56637.8,114
2019-07-22,11,57047.8,115
2019-07-22,12,59427.4,116
2019-07-22,13,59277.4,115
2019-07-22,14,57959.0,113
2019-07-22,15,58124.6,114
2019-07-22,16,59450.0,116
2019-07-22,17,57070.4,115
2019-07-22,18,54640.4,114
2019-07-22,19,53638.2,112
2019-07-22,20,51795.1,111
2019-07-22,21,50056.9,108
2019-07-22,22,43751.8,103
2019-07-22,23,40896.8,102
2019-07-23,0,36609.5,100
2019-07-23,1,35236.3,98
2019-07-23,2,33777.0,96
2019-07-23,3,33777.0,96
2019-07-23,4,36107.9,98
2019-07-23,5,38541.3,101
2019-07-23,6,42477.1,106
2019-07-23,7,44211.1,107
2019-07-23,8,44211.1,107
2019-07-23,9,45047.8,105
2019-07-23,10,46533.0,107
2019-07-23,11,50541.4,108
2019-07-23,12,50392.4,108
2019-07-23,13,52282.7,110
2019-07-23,14,53450.5,113
2019-07-23,15,53450.5,113
2019-07-23,16,53450.5,113
2019-07-23,17,53450.5,113
2019-07-23,18,52125.1,111
2019-07-23,19,50969.8,108
2019-07-23,20,49621.1,110
2019-07-23,21,50773.9,111
2019-07-23,22,48272.3,109
2019-07-23,23,43385.5,107
2019-07-24,0,38881.0,103
2019-07-24,1,38077.8,102
2019-07-24,2,35788.3,99
2019-07-24,3,36501.7,100
2019-07-24,4,39508.7,103
2019-07-24,5,39508.7,103
2019-07-24,6,43128.1,106
2019-07-24,7,44467.7,108
2019-07-24,8,46318.5,109
2019-07-24,9,47196.9,110
2019-07-24,10,48511.7,111
2019-07-24,11,53706.9,113
2019-07-24,12,52624.7,112
2019-07-24,13,53800.1,113
2019-07-24,14,55793.200000000004,115
2019-07-24,15,55793.200000000004,115
2019-07-24,16,55793.200000000004,115
2019-07-24,17,55793.200000000004,115
2019-07-24,18,54990.0,114
2019-07-24,19,52947.9,112
2019-07-24,20,51097.1,111
2019-07-24,21,51097.1,111
2019-07-24,22,48225.8,108
2019-07-24,23,41330.6,105
2019-07-25,0,40391.0,104
2019-07-25,1,36836.3,100
2019-07-25,2,35376.9,98
2019-07-25,3,35376.9,98
2019-07-25,4,36836.3,100
2019-07-25,5,39652.5,102
2019-07-25,6,40995.8,104
2019-07-25,7,42884.0,106
2019-07-25,8,43619.8,107
2019-07-25,9,43619.8,107
2019-07-25,10,46890.6,110
2019-07-25,11,49419.5,112
2019-07-25,12,53427.9,113
2019-07-25,13,54617.8,114
2019-07-25,14,55793.200000000004,115
2019-07-25,15,55793.200000000004,115
2019-07-25,16,55793.200000000004,115
2019-07-25,17,55793.200000000004,115
2019-07-25,18,54606.4,114
2019-07-25,19,51761.1,111
2019-07-25,20,50882.7,110
2019-07-25,21,49031.9,109
2019-07-25,22,46377.5,106
2019-07-25,23,41216.3,104
2019-07-26,0,37829.3,101
2019-07-26,1,37026.1,100
2019-07-26,2,35710.1,98
2019-07-26,3,35710.1,98
2019-07-26,4,37363.1,100
2019-07-26,5,38109.1,101
2019-07-26,6,40360.7,104
2019-07-26,7,43434.3,107
2019-07-26,8,45773.9,109
2019-07-26,9,46963.8,110
2019-07-26,10,52287.0,112
2019-07-26,11,52985.0,112
2019-07-26,12,54941.0,114
2019-07-26,13,57320.6,115
2019-07-26,14,57841.1,114
2019-07-26,15,57841.1,114
2019-07-26,16,57841.1,114
2019-07-26,17,58022.8,115
2019-07-26,18,54467.8,113
2019-07-26,19,53814.6,113
2019-07-26,20,52627.8,112
2019-07-26,21,50559.5,110
2019-07-26,22,47393.9,108
2019-07-26,23,43385.5,107
2019-07-27,0,39820.6,104
2019-07-27,1,39250.6,103
2019-07-27,2,36936.1,100
2019-07-27,3,36936.1,100
2019-07-27,4,37875.7,101
2019-07-27,5,38589.1,102
2019-07-27,6,40973.4,105
2019-07-27,7,46715.8,107
2019-07-27,8,47902.6,108
2019-07-27,9,49753.4,109
2019-07-27,10,53303.0,113
2019-07-27,11,54617.8,114
2019-07-27,12,55793.200000000004,115
2019-07-27,13,58172.8,116
2019-07-27,14,58172.8,116
2019-07-27,15,60602.8,117
2019-07-27,16,60602.8,117
2019-07-27,17,60602.8,117
2019-07-27,18,58602.0,115
2019-07-27,19,57899.8,115
2019-07-27,20,52983.0,112
2019-07-27,21,52983.0,112
2019-07-27,22,49727.9,109
2019-07-27,23,43726.6,106
2019-07-28,0,40778.4,104
2019-07-28,1,40123.9,102
2019-07-28,2,37912.5,100
2019-07-28,3,38793.3,100
2019-07-28,4,37059.3,99
2019-07-28,5,37059.3,99
2019-07-28,6,39946.1,101
2019-07-28,7,42587.7,104
2019-07-28,8,45080.1,107
2019-07-28,9,46814.1,108
2019-07-28,10,52009.3,110
2019-07-28,11,52538.1,111
2019-07-28,12,53852.9,112
2019-07-28,13,53852.9,112
2019-07-28,14,56218.2,114
2019-07-28,15,56218.2,114
2019-07-28,16,57371.0,115
2019-07-28,17,57371.0,115
2019-07-28,18,57371.0,115
2019-07-28,19,55520.200000000004,114
2019-07-28,20,53527.1,112
2019-07-28,21,53527.1,112
2019-07-28,22,50373.8,108
2019-07-28,23,44631.4,106
2019-07-29,0,43478.6,105
2019-07-29,1,40436.8,102
2019-07-29,2,39061.9,100
2019-07-29,3,38122.3,99
2019-07-29,4,40699.1,102
2019-07-29,5,40699.1,102
2019-07-29,6,42841.9,105
2019-07-29,7,48584.3,107
2019-07-29,8,51587.9,109
2019-07-29,9,53269.5,111
2019-07-29,10,55721.6,114
2019-07-29,11,58101.200000000004,115
2019-07-29,12,59288.0,116
2019-07-29,13,60370.2,117
2019-07-29,14,63054.6,117
2019-07-29,15,63375.0,119
2019-07-29,16,60602.8,117
2019-07-29,17,59412.9,116
2019-07-29,18,60495.1,117
2019-07-29,19,58065.1,116
2019-07-29,20,58065.1,116
2019-07-29,21,56086.5,114
2019-07-29,22,52418.5,111
2019-07-29,23,45275.8,105
2019-07-30,0,45275.8,105
2019-07-30,1,40185.2,103
2019-07-30,2,40185.2,103
2019-07-30,3,40185.2,103
2019-07-30,4,42590.3,106
2019-07-30,5,42590.3,106
2019-07-30,6,47751.5,108
2019-07-30,7,50286.5,110
2019-07-30,8,53077.0,112
2019-07-30,9,56203.200000000004,115
2019-07-30,10,61193.8,120
2019-07-30,11,64763.3,122
2019-07-30,12,66453.3,123
2019-07-30,13,67256.5,124
2019-07-30,14,67256.5,124
2019-07-30,15,67256.5,124
2019-07-30,16,67256.5,124
2019-07-30,17,64763.3,122
2019-07-30,18,61193.8,120
2019-07-30,19,59514.4,118
2019-07-30,20,57492.5,116
2019-07-30,21,55541.7,114
2019-07-30,22,51070.9,111
2019-07-30,23,45974.4,108
2019-07-31,0,44240.4,107
2019-07-31,1,43087.6,106
2019-07-31,2,40966.7,103
2019-07-31,3,40966.7,103
2019-07-31,4,47228.4,107
2019-07-31,5,47974.4,108
2019-07-31,6,47974.4,108
2019-07-31,7,50606.3,111
2019-07-31,8,56992.0,115
2019-07-31,9,59782.5,117
2019-07-31,10,64353.3,121
2019-07-31,11,66453.3,123
2019-07-31,12,67256.5,124
2019-07-31,13,67256.5,124
2019-07-31,14,67256.5,124
2019-07-31,15,67256.5,124
2019-07-31,16,67256.5,124
2019-07-31,17,67256.5,124
2019-07-31,18,64763.3,122
2019-07-31,19,66392.3,122
2019-07-31,20,64120.200000000004,120
2019-07-31,21,62005.1,118
2019-07-31,22,54838.5,113
2019-07-31,23,52477.7,110
2019-08-01,0,43764.5,105
2019-08-01,1,43086.4,104
2019-08-01,2,40376.4,102
2019-08-01,3,39663.0,101
2019-08-01,4,42171.8,103
2019-08-01,5,43111.4,104
2019-08-01,6,47998.2,106
2019-08-01,7,50868.8,109
2019-08-01,8,52058.700000000004,110
2019-08-01,9,54732.4,112
2019-08-01,10,56725.3,114
2019-08-01,11,62880.8,119
2019-08-01,12,63733.0,120
2019-08-01,13,65423.0,121
2019-08-01,14,65423.0,121
2019-08-01,15,65423.0,121
2019-08-01,16,64340.8,120
2019-08-01,17,64340.8,120
2019-08-01,18,60271.200000000004,118
2019-08-01,19,58420.4,117
2019-08-01,20,57230.5,116
2019-08-01,21,55104.0,114
2019-08-01,22,52986.0,112
2019-08-01,23,47583.0,106
2019-08-02,0,46691.5,106
2019-08-02,1,42683.1,105
2019-08-02,2,42683.1,105
2019-08-02,3,41768.5,104
2019-08-02,4,44714.3,107
2019-08-02,5,44714.3,107
2019-08-02,6,49400.8,109
2019-08-02,7,51134.8,110
2019-08-02,8,53497.4,111
2019-08-02,9,54684.2,112
2019-08-02,10,58239.8,114
2019-08-02,11,63566.1,119
2019-08-02,12,63899.0,119
2019-08-02,13,65659.3,121
2019-08-02,14,65659.3,121
2019-08-02,15,65659.3,121
2019-08-02,16,65659.3,121
2019-08-02,17,64577.1,120
2019-08-02,18,62887.1,119
2019-08-02,19,63166.1,119
2019-08-02,20,60736.1,118
2019-08-02,21,58694.0,116
2019-08-02,22,53951.6,113
2019-08-02,23,49729.9,109
2019-08-03,0,45721.5,108
2019-08-03,1,43231.3,106
2019-08-03,2,40819.2,104
2019-08-03,3,40819.2,104
2019-08-03,4,39904.6,103
2019-08-03,5,39904.6,103
2019-08-03,6,39904.6,103
2019-08-03,7,42791.4,105
2019-08-03,8,44584.4,107
2019-08-03,9,44584.4,107
2019-08-03,10,49779.6,109
2019-08-03,11,50457.7,110
2019-08-03,12,51260.9,111
2019-08-03,13,53640.5,112
2019-08-03,14,55807.5,114
2019-08-03,15,55004.3,113
2019-08-03,16,55004.3,113
2019-08-03,17,55004.3,113
2019-08-03,18,55004.3,113
2019-08-03,19,55004.3,113
2019-08-03,20,55004.3,113
2019-08-03,21,52275.1,111
2019-08-03,22,49895.5,110
2019-08-03,23,44153.1,108
2019-08-04,0,42385.4,105
2019-08-04,1,39242.6,102
2019-08-04,2,37121.7,99
2019-08-04,3,37121.7,99
2019-08-04,4,37985.1,101
2019-08-04,5,38646.6,102
2019-08-04,6,41135.4,105
2019-08-04,7,45143.8,106
2019-08-04,8,48030.6,108
2019-08-04,9,48030.6,108
2019-08-04,10,50762.5,111
2019-08-04,11,52613.3,112
2019-08-04,12,52263.7,112
2019-08-04,13,55830.1,114
2019-08-04,14,55703.6,113
2019-08-04,15,55830.1,114
2019-08-04,16,55830.1,114
2019-08-04,17,55830.1,114
2019-08-04,18,55830.1,114
2019-08-04,19,55668.1,114
2019-08-04,20,53288.5,113
2019-08-04,21,52485.3,112
2019-08-04,22,46978.8,107
2019-08-04,23,45416.0,105
2019-08-05,0,40468.0,103
2019-08-05,1,38734.0,102
2019-08-05,2,38960.2,102
2019-08-05,3,38960.2,102
2019-08-05,4,43710.8,107
2019-08-05,5,45444.8,108
2019-08-05,6,49453.2,109
2019-08-05,7,52554.4,112
2019-08-05,8,56384.4,115
2019-08-05,9,58514.0,117
2019-08-05,10,62119.4,119
2019-08-05,11,64909.0,121
2019-08-05,12,65751.5,122
2019-08-05,13,67441.5,123
2019-08-05,14,67441.5,123
2019-08-05,15,67441.5,123
2019-08-05,16,67441.5,123
2019-08-05,17,66638.3,122
2019-08-05,18,64948.3,121
2019-08-05,19,63840.0,120
2019-08-05,20,61349.2,118
2019-08-05,21,60409.5,117
2019-08-05,22,54477.8,113
2019-08-05,23,48425.5,107
2019-08-06,0,44417.1,106
2019-08-06,1,43574.6,105
2019-08-06,2,41840.6,104
2019-08-06,3,41840.6,104
2019-08-06,4,48962.4,108
2019-08-06,5,49763.4,109
2019-08-06,6,54026.3,112
2019-08-06,7,55466.3,112
2019-08-06,8,58774.2,115
2019-08-06,9,60653.5,117
2019-08-06,10,64021.3,119
2019-08-06,11,65710.0,122
2019-08-06,12,67400.0,123
2019-08-06,13,68242.5,124
2019-08-06,14,68242.5,124
2019-08-06,15,68242.5,124
2019-08-06,16,68242.5,124
2019-08-06,17,65751.5,122
2019-08-06,18,65751.5,122
2019-08-06,19,64948.3,121
2019-08-06,20,63633.5,120
2019-08-06,21,62693.8,119
2019-08-06,22,56772.9,115
2019-08-06,23,50688.7,109
2019-08-07,0,44890.9,107
2019-08-07,1,44048.4,106
2019-08-07,2,41374.4,103
2019-08-07,3,41374.4,103
2019-08-07,4,45058.6,107
2019-08-07,5,45058.6,107
2019-08-07,6,49067.0,108
2019-08-07,7,50801.0,109
2019-08-07,8,53329.9,111
2019-08-07,9,55447.9,113
2019-08-07,10,59778.9,116
2019-08-07,11,64909.0,121
2019-08-07,12,67400.0,123
2019-08-07,13,68242.5,124
2019-08-07,14,68242.5,124
2019-08-07,15,68242.5,124
2019-08-07,16,68242.5,124
2019-08-07,17,68242.5,124
2019-08-07,18,66552.5,123
2019-08-07,19,65749.3,122
2019-08-07,20,62287.5,120
2019-08-07,21,60972.700000000004,119
2019-08-07,22,54749.7,113
2019-08-07,23,52488.6,111
2019-08-08,0,45828.4,108
2019-08-08,1,44985.9,107
2019-08-08,2,40988.5,103
2019-08-08,3,40988.5,103
2019-08-08,4,42573.8,105
2019-08-08,5,42573.8,105
2019-08-08,6,51025.5,110
2019-08-08,7,51025.5,110
2019-08-08,8,52876.3,111
2019-08-08,9,56059.1,113
2019-08-08,10,58560.7,115
2019-08-08,11,61778.8,118
2019-08-08,12,65378.1,121
2019-08-08,13,67302.8,123
2019-08-08,14,67302.8,123
2019-08-08,15,67302.8,123
2019-08-08,16,67302.8,123
2019-08-08,17,67302.8,123
2019-08-08,18,67302.8,123
2019-08-08,19,67302.8,123
2019-08-08,20,65612.8,122
2019-08-08,21,62552.0,119
2019-08-08,22,57667.700000000004,116
2019-08-08,23,55636.5,114
2019-08-09,0,47365.2,110
2019-08-09,1,43576.9,106
2019-08-09,2,43576.9,106
2019-08-09,3,43576.9,106
2019-08-09,4,44916.5,108
2019-08-09,5,44916.5,108
2019-08-09,6,46947.7,110
2019-08-09,7,48137.6,111
2019-08-09,8,51722.4,113
2019-08-09,9,52897.8,114
2019-08-09,10,60225.5,117
2019-08-09,11,62343.5,119
2019-08-09,12,65115.7,121
2019-08-09,13,67066.5,123
2019-08-09,14,67066.5,123
2019-08-09,15,67066.5,123
2019-08-09,16,67066.5,123
2019-08-09,17,66265.5,122
2019-08-09,18,64575.5,121
2019-08-09,19,59923.8,118
2019-08-09,20,59120.6,117
2019-08-09,21,56758.4,115
2019-08-09,22,54262.2,112
2019-08-09,23,51375.4,110
2019-08-10,0,47367.0,109
2019-08-10,1,43565.4,106
2019-08-10,2,42903.9,105
2019-08-10,3,40606.9,102
2019-08-10,4,40606.9,102
2019-08-10,5,39667.3,101
2019-08-10,6,41530.7,103
2019-08-10,7,45416.2,107
2019-08-10,8,53189.8,111
2019-08-10,9,55857.9,114
2019-08-10,10,57033.3,115
2019-08-10,11,61778.8,118
2019-08-10,12,64269.8,120
2019-08-10,13,67302.8,123
2019-08-10,14,67302.8,123
2019-08-10,15,67302.8,123
2019-08-10,16,67302.8,123
2019-08-10,17,67302.8,123
2019-08-10,18,67302.8,123
2019-08-10,19,64530.6,121
2019-08-10,20,64530.6,121
2019-08-10,21,64530.6,121
2019-08-10,22,58843.1,117
2019-08-10,23,57667.1,116
2019-08-11,0,46302.1,109
2019-08-11,1,45126.7,107
2019-08-11,2,43116.3,104
2019-08-11,3,40856.3,102
2019-08-11,4,39977.9,101
2019-08-11,5,39264.5,100
2019-08-11,6,43128.2,105
2019-08-11,7,44281.0,106
2019-08-11,8,45765.6,108
2019-08-11,9,50153.6,111
2019-08-11,10,54162.0,112
2019-08-11,11,58895.2,113
2019-08-11,12,61586.1,116
2019-08-11,13,63538.1,119
2019-08-11,14,66460.3,122
2019-08-11,15,66460.3,122
2019-08-11,16,66460.3,122
2019-08-11,17,66460.3,122
2019-08-11,18,66460.3,122
2019-08-11,19,63367.7,118
2019-08-11,20,63367.7,118
2019-08-11,21,60756.0,116
2019-08-11,22,54681.6,113
2019-08-11,23,50652.0,111
2019-08-12,0,46643.6,110
2019-08-12,1,43123.2,107
2019-08-12,2,41537.9,105
2019-08-12,3,41537.9,105
2019-08-12,4,44857.2,108
2019-08-12,5,46708.0,109
2019-08-12,6,52747.6,112
2019-08-12,7,54228.9,114
2019-08-12,8,55418.8,115
2019-08-12,9,58880.6,117
2019-08-12,10,64812.2,122
2019-08-12,11,64812.2,122
2019-08-12,12,65988.2,123
2019-08-12,13,67096.5,124
2019-08-12,14,68786.5,125
2019-08-12,15,68786.5,125
2019-08-12,16,68786.5,125
2019-08-12,17,68786.5,125
2019-08-12,18,68786.5,125
2019-08-12,19,67096.5,124
2019-08-12,20,66293.3,123
2019-08-12,21,65103.4,122
2019-08-12,22,58293.5,117
2019-08-12,23,54156.2,114
2019-08-13,0,45659.1,109
2019-08-13,1,43821.6,107
2019-08-13,2,41623.6,104
2019-08-13,3,40684.0,103
2019-08-13,4,43922.3,107
2019-08-13,5,45370.7,109
2019-08-13,6,50531.9,111
2019-08-13,7,53180.5,113
2019-08-13,8,56512.6,116
2019-08-13,9,58784.7,118
2019-08-13,10,63234.4,121
2019-08-13,11,67944.8,123
2019-08-13,12,69590.5,125
2019-08-13,13,70766.5,126
2019-08-13,14,70766.5,126
2019-08-13,15,70766.5,126
2019-08-13,16,70766.5,126
2019-08-13,17,70766.5,126
2019-08-13,18,70766.5,126
2019-08-13,19,67398.4,122
2019-08-13,20,67412.3,123
2019-08-13,21,64785.4,122
2019-08-13,22,58344.8,117
2019-08-13,23,51936.6,112
2019-08-14,0,50997.0,111
2019-08-14,1,46566.4,107
2019-08-14,2,46566.4,107
2019-08-14,3,46566.4,107
2019-08-14,4,48384.4,109
2019-08-14,5,50619.4,111
2019-08-14,6,51422.6,112
2019-08-14,7,53802.2,113
2019-08-14,8,56214.3,115
2019-08-14,9,58512.5,117
2019-08-14,10,61303.0,119
2019-08-14,11,62993.0,120
2019-08-14,12,65423.0,121
2019-08-14,13,66599.0,122
2019-08-14,14,66599.0,122
2019-08-14,15,66599.0,122
2019-08-14,16,66599.0,122
2019-08-14,17,66599.0,122
2019-08-14,18,64909.0,121
2019-08-14,19,62404.3,119
2019-08-14,20,61228.9,118
2019-08-14,21,58439.0,115
2019-08-14,22,53932.9,112
2019-08-14,23,50251.2,109
2019-08-15,0,48517.2,108
2019-08-15,1,46259.0,106
2019-08-15,2,43129.0,106
2019-08-15,3,47137.4,107
2019-08-15,4,48290.2,108
2019-08-15,5,49091.2,109
2019-08-15,6,51503.3,111
2019-08-15,7,55072.8,113
2019-08-15,8,60485.6,117
2019-08-15,9,63351.0,119
2019-08-15,10,66585.8,122
2019-08-15,11,66585.8,122
2019-08-15,12,68510.5,124
2019-08-15,13,69686.5,125
2019-08-15,14,69686.5,125
2019-08-15,15,69686.5,125
2019-08-15,16,69686.5,125
2019-08-15,17,69686.5,125
2019-08-15,18,69686.5,125
2019-08-15,19,67144.3,123
2019-08-15,20,67144.3,123
2019-08-15,21,63582.3,120
2019-08-15,22,60265.9,117
2019-08-15,23,52489.2,111
2019-08-16,0,45443.700000000004,105
2019-08-16,1,44275.2,105
2019-08-16,2,41264.8,101
2019-08-16,3,41094.4,100
2019-08-16,4,44971.9,105
2019-08-16,5,45153.6,106
2019-08-16,6,50294.4,108
2019-08-16,7,52798.3,112
2019-08-16,8,55722.200000000004,114
2019-08-16,9,58545.3,115
2019-08-16,10,63233.1,119
2019-08-16,11,66449.0,121
2019-08-16,12,67400.0,123
2019-08-16,13,68242.5,124
2019-08-16,14,68242.5,124
2019-08-16,15,68242.5,124
2019-08-16,16,68242.5,124
2019-08-16,17,68242.5,124
2019-08-16,18,68242.5,124
2019-08-16,19,62252.2,119
2019-08-16,20,62252.2,119
2019-08-16,21,58557.8,117
2019-08-16,22,55307.7,112
2019-08-16,23,52625.3,109
2019-08-17,0,43684.4,106
2019-08-17,1,42841.9,105
2019-08-17,2,40129.1,101
2019-08-17,3,39214.5,100
2019-08-17,4,39214.5,100
2019-08-17,5,39214.5,100
2019-08-17,6,40932.3,102
2019-08-17,7,45929.0,107
2019-08-17,8,47779.8,108
2019-08-17,9,53781.3,111
2019-08-17,10,57347.7,113
2019-08-17,11,58606.3,114
2019-08-17,12,60602.8,117
2019-08-17,13,62292.8,118
2019-08-17,14,63375.0,119
2019-08-17,15,63375.0,119
2019-08-17,16,63375.0,119
2019-08-17,17,63375.0,119
2019-08-17,18,60602.8,117
2019-08-17,19,59799.6,116
2019-08-17,20,57369.6,115
2019-08-17,21,54990.0,114
2019-08-17,22,49806.2,112
2019-08-17,23,45907.0,108
2019-08-18,0,42544.0,105
2019-08-18,1,40721.1,104
2019-08-18,2,39872.5,103
2019-08-18,3,35903.1,99
2019-08-18,4,35714.1,99
2019-08-18,5,35714.1,99
2019-08-18,6,38299.1,100
2019-08-18,7,42892.6,103
2019-08-18,8,45907.0,108
2019-08-18,9,48741.4,111
2019-08-18,10,55033.5,114
2019-08-18,11,58495.3,116
2019-08-18,12,58495.3,116
2019-08-18,13,60486.2,118
2019-08-18,14,61164.3,119
2019-08-18,15,62854.3,120
2019-08-18,16,62854.3,120
2019-08-18,17,62854.3,120
2019-08-18,18,62854.3,120
2019-08-18,19,61164.3,119
2019-08-18,20,61164.3,119
2019-08-18,21,56512.6,116
2019-08-18,22,50450.4,113
2019-08-18,23,46051.9,108
2019-08-19,0,44640.9,107
2019-08-19,1,41137.1,104
2019-08-19,2,41137.1,104
2019-08-19,3,42051.7,105
2019-08-19,4,51184.8,110
2019-08-19,5,52337.6,111
2019-08-19,6,53180.1,112
2019-08-19,7,57866.1,115
2019-08-19,8,60287.1,118
2019-08-19,9,62813.3,120
2019-08-19,10,63988.700000000004,121
2019-08-19,11,66778.3,123
2019-08-19,12,69658.2,125
2019-08-19,13,70766.5,126
2019-08-19,14,70766.5,126
2019-08-19,15,70766.5,126
2019-08-19,16,70766.5,126
2019-08-19,17,69076.5,125
2019-08-19,18,67886.6,124
2019-08-19,19,64706.0,122
2019-08-19,20,67136.0,123
2019-08-19,21,64572.5,120
2019-08-19,22,61142.6,117
2019-08-19,23,54170.1,112
2019-08-20,0,42572.3,103
2019-08-20,1,40319.7,102
2019-08-20,2,38481.3,100
2019-08-20,3,39405.1,101
2019-08-20,4,43437.4,106
2019-08-20,5,47445.8,107
2019-08-20,6,50958.3,111
2019-08-20,7,52692.3,112
2019-08-20,8,55733.0,114
2019-08-20,9,55562.6,113
2019-08-20,10,60452.8,116
2019-08-20,11,61685.0,118
2019-08-20,12,62486.0,119
2019-08-20,13,63594.3,120
2019-08-20,14,65284.3,121
2019-08-20,15,65284.3,121
2019-08-20,16,65284.3,121
2019-08-20,17,65284.3,121
2019-08-20,18,63594.3,120
2019-08-20,19,62512.1,119
2019-08-20,20,59280.3,117
2019-08-20,21,58090.4,116
2019-08-20,22,54555.3,112
2019-08-20,23,53402.5,111
2019-08-21,0,46007.1,107
2019-08-21,1,44152.8,105
2019-08-21,2,42357.4,104
2019-08-21,3,42357.4,104
2019-08-21,4,47362.3,109
2019-08-21,5,47362.3,109
2019-08-21,6,51845.4,110
2019-08-21,7,52591.4,111
2019-08-21,8,53269.5,112
2019-08-21,9,55806.7,114
2019-08-21,10,59000.6,117
2019-08-21,11,63251.9,119
2019-08-21,12,66024.1,121
2019-08-21,13,67302.8,123
2019-08-21,14,67302.8,123
2019-08-21,15,67302.8,123
2019-08-21,16,67302.8,123
2019-08-21,17,67302.8,123
2019-08-21,18,64661.8,120
2019-08-21,19,62389.7,118
2019-08-21,20,58845.3,117
2019-08-21,21,58042.1,116
2019-08-21,22,53695.4,112
2019-08-21,23,46279.7,108
2019-08-22,0,44545.7,107
2019-08-22,1,43437.4,106
2019-08-22,2,42062.5,104
2019-08-22,3,42062.5,104
2019-08-22,4,48324.2,108
2019-08-22,5,48324.2,108
2019-08-22,6,49477.0,109
2019-08-22,7,52692.3,112
2019-08-22,8,54543.1,113
2019-08-22,9,55857.9,114
2019-08-22,10,60588.9,117
2019-08-22,11,62621.3,119
2019-08-22,12,66194.5,122
2019-08-22,13,67302.8,123
2019-08-22,14,67302.8,123
2019-08-22,15,67302.8,123
2019-08-22,16,67302.8,123
2019-08-22,17,67302.8,123
2019-08-22,18,67302.8,123
2019-08-22,19,62151.0,120
2019-08-22,20,62151.0,120
2019-08-22,21,62151.0,120
2019-08-22,22,56928.1,115
2019-08-22,23,54254.7,112
2019-08-23,0,45008.5,107
2019-08-23,1,41634.5,103
2019-08-23,2,39796.1,101
2019-08-23,3,39226.1,100
2019-08-23,4,42464.4,104
2019-08-23,5,43267.6,105
2019-08-23,6,49639.0,109
2019-08-23,7,50317.1,110
2019-08-23,8,52167.9,111
2019-08-23,9,53751.9,111
2019-08-23,10,55961.1,111
2019-08-23,11,59129.6,114
2019-08-23,12,60282.4,115
2019-08-23,13,62142.8,117
2019-08-23,14,63375.0,119
2019-08-23,15,61685.0,118
2019-08-23,16,60602.8,117
2019-08-23,17,57927.7,114
2019-08-23,18,56743.8,111
2019-08-23,19,54545.9,111
2019-08-23,20,54716.3,112
2019-08-23,21,52726.3,110
2019-08-23,22,49355.5,106
2019-08-23,23,48659.9,105
2019-08-24,0,41425.8,102
2019-08-24,1,41026.2,102
2019-08-24,2,39300.1,99
2019-08-24,3,37302.6,97
2019-08-24,4,41103.1,102
2019-08-24,5,41764.6,103
2019-08-24,6,45629.6,104
2019-08-24,7,48136.0,107
2019-08-24,8,51700.9,110
2019-08-24,9,53015.7,111
2019-08-24,10,55008.8,113
2019-08-24,11,57266.4,115
2019-08-24,12,60498.2,117
2019-08-24,13,60498.2,117
2019-08-24,14,61685.0,118
2019-08-24,15,61685.0,118
2019-08-24,16,59255.0,117
2019-08-24,17,57841.1,114
2019-08-24,18,55990.3,113
2019-08-24,19,52420.8,111
2019-08-24,20,52420.8,111
2019-08-24,21,50302.8,109
2019-08-24,22,48101.200000000004,106
2019-08-24,23,47096.2,106
2019-08-25,0,45693.9,107
2019-08-25,1,41007.4,105
2019-08-25,2,41007.4,105
2019-08-25,3,40092.8,104
2019-08-25,4,40092.8,104
2019-08-25,5,40092.8,104
2019-08-25,6,41007.4,105
2019-08-25,7,47902.6,108
2019-08-25,8,47902.6,108
2019-08-25,9,51068.2,110
2019-08-25,10,54326.2,112
2019-08-25,11,55501.6,113
2019-08-25,12,56583.8,114
2019-08-25,13,57773.7,115
2019-08-25,14,58451.8,116
2019-08-25,15,59255.0,117
2019-08-25,16,59255.0,117
2019-08-25,17,59255.0,117
2019-08-25,18,59255.0,117
2019-08-25,19,59255.0,117
2019-08-25,20,58451.8,116
2019-08-25,21,53800.1,113
2019-08-25,22,50518.8,109
2019-08-25,23,43520.7,105
2019-08-26,0,40635.7,102
2019-08-26,1,36884.3,99
2019-08-26,2,37067.1,99
2019-08-26,3,38006.7,100
2019-08-26,4,42331.4,105
2019-08-26,5,42331.4,105
2019-08-26,6,48005.1,107
2019-08-26,7,50021.5,109
2019-08-26,8,53975.200000000004,113
2019-08-26,9,53496.200000000004,110
2019-08-26,10,57984.3,117
2019-08-26,11,59159.7,118
2019-08-26,12,64872.8,122
2019-08-26,13,64872.8,122
2019-08-26,14,64872.8,122
2019-08-26,15,64872.8,122
2019-08-26,16,67302.8,123
2019-08-26,17,67302.8,123
2019-08-26,18,67302.8,123
2019-08-26,19,64530.6,121
2019-08-26,20,64530.6,121
2019-08-26,21,58666.0,117
2019-08-26,22,54191.8,110
2019-08-26,23,48129.6,107
2019-08-27,0,44882.5,107
2019-08-27,1,40650.6,103
2019-08-27,2,39065.3,101
2019-08-27,3,39796.1,100
2019-08-27,4,43249.2,105
2019-08-27,5,43249.2,105
2019-08-27,6,44153.0,105
2019-08-27,7,45080.1,107
2019-08-27,8,49088.5,108
2019-08-27,9,50770.1,110
2019-08-27,10,50770.1,110
2019-08-27,11,52504.1,111
2019-08-27,12,52504.1,111
2019-08-27,13,52504.1,111
2019-08-27,14,52504.1,111
2019-08-27,15,53694.0,112
2019-08-27,16,53694.0,112
2019-08-27,17,52504.1,111
2019-08-27,18,52504.1,111
2019-08-27,19,52504.1,111
2019-08-27,20,52504.1,111
2019-08-27,21,50620.1,109
2019-08-27,22,47604.0,105
2019-08-27,23,47107.6,105
2019-08-28,0,41989.2,102
2019-08-28,1,38466.5,99
2019-08-28,2,38798.2,101
2019-08-28,3,37002.8,100
2019-08-28,4,41588.6,103
2019-08-28,5,43381.6,105
2019-08-28,6,48068.1,107
2019-08-28,7,49966.9,109
2019-08-28,8,52329.7,111
2019-08-28,9,54215.1,113
2019-08-28,10,57263.9,115
2019-08-28,11,60818.9,117
2019-08-28,12,62008.8,118
2019-08-28,13,63698.8,119
2019-08-28,14,63698.8,119
2019-08-28,15,64551.0,120
2019-08-28,16,64551.0,120
2019-08-28,17,61100.7,117
2019-08-28,18,62529.3,117
2019-08-28,19,59627.8,117
2019-08-28,20,58451.8,116
2019-08-28,21,54885.4,114
2019-08-28,22,49742.0,109
2019-08-28,23,44558.2,107
2019-08-29,0,41671.4,105
2019-08-29,1,42835.4,105
2019-08-29,2,40984.6,104
2019-08-29,3,40045.0,103
2019-08-29,4,42541.1,106
2019-08-29,5,43693.9,107
2019-08-29,6,45544.7,108
2019-08-29,7,45544.7,108
2019-08-29,8,52008.5,112
2019-08-29,9,52523.700000000004,109
2019-08-29,10,55618.4,115
2019-08-29,11,60363.3,118
2019-08-29,12,62053.3,119
2019-08-29,13,62053.3,119
2019-08-29,14,62053.3,119
2019-08-29,15,62053.3,119
2019-08-29,16,62053.3,119
2019-08-29,17,62053.3,119
2019-08-29,18,62053.3,119
2019-08-29,19,60363.3,118
2019-08-29,20,59281.1,117
2019-08-29,21,56435.8,114
2019-08-29,22,50608.3,110
2019-08-29,23,49227.8,106
2019-08-30,0,44715.9,107
2019-08-30,1,43015.1,107
2019-08-30,2,39882.5,103
2019-08-30,3,39732.5,102
2019-08-30,4,43015.1,107
2019-08-30,5,44749.1,108
2019-08-30,6,45901.9,109
2019-08-30,7,49910.3,110
2019-08-30,8,51761.1,111
2019-08-30,9,53416.5,113
2019-08-30,10,55793.200000000004,115
2019-08-30,11,60945.0,118
2019-08-30,12,60945.0,118
2019-08-30,13,60945.0,118
2019-08-30,14,60945.0,118
2019-08-30,15,58454.8,116
2019-08-30,16,57372.6,115
2019-08-30,17,53303.0,113
2019-08-30,18,51452.200000000004,112
2019-08-30,19,49459.1,110
2019-08-30,20,49459.1,110
2019-08-30,21,47725.1,109
2019-08-30,22,43716.7,108
2019-08-30,23,44297.9,108
2019-08-31,0,41088.4,104
2019-08-31,1,36467.5,99
2019-08-31,2,36135.8,97
2019-08-31,3,35932.0,98
2019-08-31,4,37585.0,100
2019-08-31,5,38120.5,101
2019-08-31,6,41436.0,104
2019-08-31,7,45444.4,105
2019-08-31,8,47475.6,107
2019-08-31,9,49235.5,109
2019-08-31,10,50550.3,110
2019-08-31,11,53733.1,112
2019-08-31,12,55467.1,113
2019-08-31,13,55467.1,113
2019-08-31,14,55467.1,113
2019-08-31,15,56319.3,114
2019-08-31,16,56997.4,115
2019-08-31,17,54617.8,114
2019-08-31,18,52624.7,112
2019-08-31,19,50773.9,111
2019-08-31,20,50773.9,111
2019-08-31,21,48388.3,107
2019-08-31,22,46565.8,106
2019-08-31,23,45563.0,106
2019-09-01,0,39820.6,104
2019-09-01,1,39820.6,104
2019-09-01,2,38906.0,103
2019-09-01,3,38906.0,103
2019-09-01,4,38906.0,103
2019-09-01,5,38906.0,103
2019-09-01,6,40902.8,105
2019-09-01,7,48973.4,109
2019-09-01,8,50529.9,111
2019-09-01,9,52519.9,113
2019-09-01,10,55024.6,115
2019-09-01,11,58565.4,117
2019-09-01,12,60945.0,118
2019-09-01,13,63375.0,119
2019-09-01,14,63375.0,119
2019-09-01,15,62522.8,118
2019-09-01,16,62522.8,118
2019-09-01,17,59750.6,116
2019-09-01,18,57371.0,115
2019-09-01,19,54461.6,113
2019-09-01,20,53271.7,112
2019-09-01,21,52084.9,111
2019-09-01,22,49966.9,109
2019-09-01,23,48136.0,107
2019-09-02,0,44127.6,106
2019-09-02,1,42334.6,104
2019-09-02,2,41673.1,103
2019-09-02,3,39868.5,102
2019-09-02,4,39868.5,102
2019-09-02,5,41673.1,103
2019-09-02,6,43249.2,105
2019-09-02,7,45283.1,108
2019-09-02,8,51025.5,110
2019-09-02,9,53405.1,111
2019-09-02,10,56442.7,113
2019-09-02,11,58560.7,115
2019-09-02,12,59750.6,116
2019-09-02,13,60832.8,117
2019-09-02,14,61685.0,118
2019-09-02,15,61685.0,118
2019-09-02,16,61685.0,118
2019-09-02,17,60602.8,117
2019-09-02,18,58223.200000000004,116
2019-09-02,19,55313.8,114
2019-09-02,20,54123.9,113
2019-09-02,21,52381.1,111
2019-09-02,22,49343.5,109
2019-09-02,23,48290.2,108
2019-09-03,0,43129.0,106
2019-09-03,1,42250.6,105
2019-09-03,2,40597.6,103
2019-09-03,3,40597.6,103
2019-09-03,4,43807.1,107
2019-09-03,5,43807.1,107
2019-09-03,6,47815.5,108
2019-09-03,7,48968.3,109
2019-09-03,8,52553.1,111
2019-09-03,9,53728.5,112
2019-09-03,10,56908.4,115
2019-09-03,11,60370.2,117
2019-09-03,12,63375.0,119
2019-09-03,13,63375.0,119
2019-09-03,14,63375.0,119
2019-09-03,15,63375.0,119
2019-09-03,16,63375.0,119
2019-09-03,17,61535.0,117
2019-09-03,18,60602.8,117
2019-09-03,19,59799.6,116
2019-09-03,20,57369.6,115
2019-09-03,21,53814.6,113
2019-09-03,22,50658.2,109
2019-09-03,23,47654.6,107
2019-09-04,0,40972.6,104
2019-09-04,1,39597.7,102
2019-09-04,2,38851.7,101
2019-09-04,3,38851.7,101
2019-09-04,4,42590.3,106
2019-09-04,5,44269.7,108
2019-09-04,6,45422.5,109
2019-09-04,7,51281.7,111
2019-09-04,8,53015.7,112
2019-09-04,9,56184.200000000004,115
2019-09-04,10,57676.4,117
2019-09-04,11,60056.0,118
2019-09-04,12,60056.0,118
2019-09-04,13,61746.0,119
2019-09-04,14,61497.0,118
2019-09-04,15,61746.0,119
2019-09-04,16,61746.0,119
2019-09-04,17,59255.0,117
2019-09-04,18,59255.0,117
2019-09-04,19,59255.0,117
2019-09-04,20,58172.8,116
2019-09-04,21,53803.200000000004,113
2019-09-04,22,49051.8,108
2019-09-04,23,47201.0,107
2019-09-05,0,43192.6,106
2019-09-05,1,40534.8,104
2019-09-05,2,40534.8,104
2019-09-05,3,39595.2,103
2019-09-05,4,43603.6,104
2019-09-05,5,44685.8,105
2019-09-05,6,46549.2,107
2019-09-05,7,49161.6,109
2019-09-05,8,51690.5,111
2019-09-05,9,52877.3,112
2019-09-05,10,56580.7,116
2019-09-05,11,59986.3,117
2019-09-05,12,61326.2,119
2019-09-05,13,65812.5,123
2019-09-05,14,65563.5,122
2019-09-05,15,63432.9,122
2019-09-05,16,65812.5,123
2019-09-05,17,65812.5,123
2019-09-05,18,61439.8,120
2019-09-05,19,63819.4,121
2019-09-05,20,62129.4,120
2019-09-05,21,56814.1,116
2019-09-05,22,54129.4,114
2019-09-05,23,49949.8,111
2019-09-06,0,45263.3,109
2019-09-06,1,43619.8,107
2019-09-06,2,41885.8,106
2019-09-06,3,41007.4,105
2019-09-06,4,45015.8,106
2019-09-06,5,45015.8,106
2019-09-06,6,46749.8,107
2019-09-06,7,50631.8,110
2019-09-06,8,52113.1,112
2019-09-06,9,54478.4,114
2019-09-06,10,58223.200000000004,116
2019-09-06,11,61778.8,118
2019-09-06,12,64577.1,120
2019-09-06,13,65659.3,121
2019-09-06,14,65659.3,121
2019-09-06,15,65659.3,121
2019-09-06,16,65659.3,121
2019-09-06,17,64577.1,120
2019-09-06,18,62209.0,118
2019-09-06,19,58977.2,116
2019-09-06,20,57790.4,115
2019-09-06,21,55425.1,113
2019-09-06,22,53307.1,111
2019-09-06,23,50397.1,109
2019-09-07,0,46388.7,108
2019-09-07,1,44127.6,106
2019-09-07,2,42679.2,104
2019-09-07,3,41739.6,103
2019-09-07,4,42565.6,104
2019-09-07,5,42565.6,104
2019-09-07,6,44633.0,106
2019-09-07,7,50372.0,109
2019-09-07,8,51759.3,112
2019-09-07,9,54668.700000000004,114
2019-09-07,10,58863.4,117
2019-09-07,11,60714.200000000004,118
2019-09-07,12,64176.0,120
2019-09-07,13,64176.0,120
2019-09-07,14,64176.0,120
2019-09-07,15,64176.0,120
2019-09-07,16,64176.0,120
2019-09-07,17,61403.8,118
2019-09-07,18,61403.8,118
2019-09-07,19,56100.3,115
2019-09-07,20,54913.5,114
2019-09-07,21,51269.5,107
2019-09-07,22,46128.0,106
2019-09-07,23,44492.4,106
2019-09-08,0,40187.6,102
2019-09-08,1,37799.1,99
2019-09-08,2,37229.1,98
2019-09-08,3,35568.5,96
2019-09-08,4,34883.0,94
2019-09-08,5,34883.0,94
2019-09-08,6,36035.8,95
2019-09-08,7,41744.9,101
2019-09-08,8,44048.9,103
2019-09-08,9,47181.8,106
2019-09-08,10,49489.8,110
2019-09-08,11,53023.5,111
2019-09-08,12,55077.3,113
2019-09-08,13,57070.4,115
2019-09-08,14,59300.0,115
2019-09-08,15,59134.4,114
2019-09-08,16,58947.9,113
2019-09-08,17,58947.9,113
2019-09-08,18,60271.1,115
2019-09-08,19,57841.1,114
2019-09-08,20,57841.1,114
2019-09-08,21,49572.3,107
2019-09-08,22,43177.6,103
2019-09-08,23,39458.3,99
2019-09-09,0,34989.3,96
2019-09-09,1,32421.3,93
2019-09-09,2,31707.9,92
2019-09-09,3,32039.6,94
2019-09-09,4,37101.2,99
2019-09-09,5,38884.8,102
2019-09-09,6,41264.1,105
2019-09-09,7,44899.2,106
2019-09-09,8,46739.2,108
2019-09-09,9,48729.2,110
2019-09-09,10,53450.5,113
2019-09-09,11,54640.4,114
2019-09-09,12,58102.2,116
2019-09-09,13,58102.2,116
2019-09-09,14,59792.2,117
2019-09-09,15,59792.2,117
2019-09-09,16,58731.1,113
2019-09-09,17,59290.1,114
2019-09-09,18,57770.5,114
2019-09-09,19,56688.3,113
2019-09-09,20,54664.4,110
2019-09-09,21,49317.8,105
2019-09-09,22,42518.5,103
2019-09-09,23,37394.1,97
2019-09-10,0,36286.9,96
2019-09-10,1,36286.9,96
2019-09-10,2,34249.4,93
2019-09-10,3,34298.5,96
2019-09-10,4,40380.7,101
2019-09-10,5,40380.7,101
2019-09-10,6,40380.7,101
2019-09-10,7,43330.0,105
2019-09-10,8,49020.0,108
2019-09-10,9,51725.700000000004,111
2019-09-10,10,53450.5,113
2019-09-10,11,55830.1,114
2019-09-10,12,55830.1,114
2019-09-10,13,56912.3,115
2019-09-10,14,56912.3,115
2019-09-10,15,56912.3,115
2019-09-10,16,56912.3,115
2019-09-10,17,56912.3,115
2019-09-10,18,53450.5,113
2019-09-10,19,53450.5,113
2019-09-10,20,53450.5,113
2019-09-10,21,50916.7,110
2019-09-10,22,41865.3,103
2019-09-10,23,37542.1,99
2019-09-11,0,31115.1,92
2019-09-11,1,30545.1,91
2019-09-11,2,30213.4,89
2019-09-11,3,31792.1,93
2019-09-11,4,34987.9,97
2019-09-11,5,36851.3,99
2019-09-11,6,38646.7,100
2019-09-11,7,39216.7,101
2019-09-11,8,41753.9,103
2019-09-11,9,44182.2,106
2019-09-11,10,47082.4,109
2019-09-11,11,51671.7,112
2019-09-11,12,57199.0,111
2019-09-11,13,57530.7,113
2019-09-11,14,56652.3,112
2019-09-11,15,54819.4,110
2019-09-11,16,54989.8,111
2019-09-11,17,54231.9,111
2019-09-11,18,52791.5,111
2019-09-11,19,52522.5,110
2019-09-11,20,52842.9,112
2019-09-11,21,45544.0,108
2019-09-11,22,40264.5,102
2019-09-11,23,35840.6,96
2019-09-12,0,32249.8,92
2019-09-12,1,30853.3,90
2019-09-12,2,31851.9,90
2019-09-12,3,31499.8,88
2019-09-12,4,36313.1,93
2019-09-12,5,37313.1,97
2019-09-12,6,39889.9,100
2019-09-12,7,42177.7,103
2019-09-12,8,45451.6,106
2019-09-12,9,46306.7,105
2019-09-12,10,50188.6,105
2019-09-12,11,53442.9,111
2019-09-12,12,55028.3,113
2019-09-12,13,56218.2,114
2019-09-12,14,58597.8,115
2019-09-12,15,58597.8,115
2019-09-12,16,57407.9,114
2019-09-12,17,57257.9,113
2019-09-12,18,55028.3,113
2019-09-12,19,53177.5,112
2019-09-12,20,53177.5,112
2019-09-12,21,48409.5,107
2019-09-12,22,47486.9,107
2019-09-12,23,49111.1,108
2019-09-13,0,40052.4,102
2019-09-13,1,36166.9,98
2019-09-13,2,34716.8,96
2019-09-13,3,34716.8,96
2019-09-13,4,40997.7,103
2019-09-13,5,42573.8,105
2019-09-13,6,43452.2,106
2019-09-13,7,49194.6,108
2019-09-13,8,51758.1,111
2019-09-13,9,52944.9,112
2019-09-13,10,57175.3,114
2019-09-13,11,58365.2,115
2019-09-13,12,61685.0,118
2019-09-13,13,61685.0,118
2019-09-13,14,61685.0,118
2019-09-13,15,61685.0,118
2019-09-13,16,61685.0,118
2019-09-13,17,60602.8,117
2019-09-13,18,56179.7,114
2019-09-13,19,52624.7,112
2019-09-13,20,52474.7,111
2019-09-13,21,51437.9,111
2019-09-13,22,49881.4,109
2019-09-13,23,48030.6,108
2019-09-14,0,40195.8,104
2019-09-14,1,40195.8,104
2019-09-14,2,37873.7,101
2019-09-14,3,37873.7,101
2019-09-14,4,38243.3,101
2019-09-14,5,38243.3,101
2019-09-14,6,41135.4,105
2019-09-14,7,46296.6,107
2019-09-14,8,51437.9,111
2019-09-14,9,51437.9,111
2019-09-14,10,54603.3,114
2019-09-14,11,58172.8,116
2019-09-14,12,59255.0,117
2019-09-14,13,59255.0,117
2019-09-14,14,60945.0,118
2019-09-14,15,60945.0,118
2019-09-14,16,60141.8,117
2019-09-14,17,60141.8,117
2019-09-14,18,58451.8,116
2019-09-14,19,54990.0,114
2019-09-14,20,53675.200000000004,113
2019-09-14,21,52485.3,112
2019-09-14,22,50431.5,110
2019-09-14,23,49753.4,109
2019-09-15,0,42858.2,106
2019-09-15,1,41007.4,105
2019-09-15,2,39542.7,103
2019-09-15,3,38796.7,102
2019-09-15,4,37857.1,101
2019-09-15,5,37857.1,101
2019-09-15,6,39542.7,103
2019-09-15,7,44703.9,105
2019-09-15,8,49753.4,109
2019-09-15,9,50431.5,110
2019-09-15,10,53800.1,113
2019-09-15,11,56875.4,116
2019-09-15,12,56662.3,116
2019-09-15,13,59041.9,117
2019-09-15,14,59432.9,117
2019-09-15,15,58873.9,116
2019-09-15,16,60585.7,118
2019-09-15,17,60415.3,117
2019-09-15,18,58056.1,116
2019-09-15,19,56973.9,115
2019-09-15,20,57123.9,116
2019-09-15,21,53944.0,113
2019-09-15,22,50575.4,110
2019-09-15,23,48744.5,108
2019-09-16,0,45818.3,108
2019-09-16,1,43027.8,106
2019-09-16,2,42226.8,105
2019-09-16,3,42226.8,105
2019-09-16,4,46645.2,107
2019-09-16,5,47798.0,108
2019-09-16,6,49648.8,109
2019-09-16,7,51205.3,111
2019-09-16,8,56014.9,113
2019-09-16,9,59194.8,116
2019-09-16,10,60509.6,117
2019-09-16,11,61514.6,117
2019-09-16,12,60976.0,116
2019-09-16,13,61685.0,118
2019-09-16,14,61685.0,118
2019-09-16,15,61685.0,118
2019-09-16,16,61685.0,118
2019-09-16,17,59262.9,115
2019-09-16,18,58229.0,113
2019-09-16,19,58410.7,114
2019-09-16,20,58410.7,114
2019-09-16,21,54836.7,112
2019-09-16,22,49311.4,108
2019-09-16,23,44127.6,106
2019-09-17,0,41618.8,104
2019-09-17,1,39800.8,102
2019-09-17,2,38886.2,101
2019-09-17,3,41395.0,103
2019-09-17,4,44127.6,106
2019-09-17,5,45280.4,107
2019-09-17,6,49288.8,108
2019-09-17,7,50083.2,108
2019-09-17,8,51022.8,109
2019-09-17,9,52209.6,110
2019-09-17,10,53022.3,108
2019-09-17,11,55046.2,111
2019-09-17,12,57371.0,115
2019-09-17,13,57775.1,115
2019-09-17,14,57775.1,115
2019-09-17,15,57775.1,115
2019-09-17,16,57775.1,115
2019-09-17,17,56361.2,112
2019-09-17,18,54510.4,111
2019-09-17,19,53320.5,110
2019-09-17,20,53320.5,110
2019-09-17,21,50783.8,109
2019-09-17,22,46312.8,108
2019-09-17,23,43984.6,106
2019-09-18,0,38802.2,102
2019-09-18,1,37999.0,101
2019-09-18,2,36091.2,97
2019-09-18,3,36272.9,98
2019-09-18,4,42250.6,105
2019-09-18,5,42250.6,105
2019-09-18,6,46259.0,106
2019-09-18,7,46259.0,106
2019-09-18,8,49262.6,108
2019-09-18,9,50449.4,109
2019-09-18,10,52642.6,111
2019-09-18,11,54123.9,113
2019-09-18,12,55857.9,114
2019-09-18,13,59319.7,116
2019-09-18,14,59319.7,116
2019-09-18,15,60495.1,117
2019-09-18,16,60495.1,117
2019-09-18,17,59642.9,116
2019-09-18,18,58689.7,114
2019-09-18,19,56259.7,113
2019-09-18,20,56409.7,114
2019-09-18,21,51761.1,111
2019-09-18,22,48889.8,108
2019-09-18,23,41467.8,104
2019-09-19,0,38924.2,101
2019-09-19,1,35817.0,98
2019-09-19,2,38357.2,100
2019-09-19,3,39036.0,101
2019-09-19,4,44126.6,103
2019-09-19,5,47233.8,106
2019-09-19,6,47233.8,106
2019-09-19,7,48386.6,107
2019-09-19,8,48386.6,107
2019-09-19,9,50451.8,109
2019-09-19,10,50451.8,109
2019-09-19,11,50861.8,110
2019-09-19,12,50861.8,110
2019-09-19,13,51714.0,111
2019-09-19,14,51714.0,111
2019-09-19,15,49329.0,108
2019-09-19,16,48667.5,107
2019-09-19,17,49468.2,106
2019-09-19,18,48119.5,108
2019-09-19,19,48119.5,108
2019-09-19,20,48119.5,108
2019-09-19,21,44111.1,107
2019-09-19,22,40037.5,104
2019-09-19,23,36452.1,99
2019-09-20,0,34799.1,97
2019-09-20,1,34799.1,97
2019-09-20,2,34799.1,97
2019-09-20,3,34799.1,97
2019-09-20,4,39679.9,102
2019-09-20,5,41530.7,103
2019-09-20,6,42333.9,104
2019-09-20,7,43370.6,105
2019-09-20,8,48318.6,107
2019-09-20,9,50372.4,109
2019-09-20,10,49902.8,108
2019-09-20,11,51260.2,109
2019-09-20,12,54769.0,110
2019-09-20,13,54674.8,110
2019-09-20,14,55830.1,114
2019-09-20,15,53450.5,113
2019-09-20,16,53300.5,112
2019-09-20,17,52440.7,110
2019-09-20,18,52277.9,110
2019-09-20,19,52448.3,111
2019-09-20,20,50714.3,110
2019-09-20,21,44595.0,105
2019-09-20,22,44103.9,105
2019-09-20,23,36076.2,96
2019-09-21,0,33483.5,93
2019-09-21,1,29772.7,88
2019-09-21,2,29752.3,88
2019-09-21,3,29479.1,88
2019-09-21,4,30567.3,89
2019-09-21,5,30567.3,89
2019-09-21,6,32381.3,92
2019-09-21,7,37225.0,98
2019-09-21,8,41596.0,104
2019-09-21,9,44133.2,106
2019-09-21,10,45448.0,107
2019-09-21,11,50129.9,108
2019-09-21,12,50982.1,109
2019-09-21,13,52087.0,109
2019-09-21,14,53284.9,112
2019-09-21,15,53284.9,112
2019-09-21,16,53284.9,112
2019-09-21,17,52964.5,110
2019-09-21,18,49597.700000000004,108
2019-09-21,19,49918.1,110
2019-09-21,20,48731.3,109
2019-09-21,21,42580.1,105
2019-09-21,22,38380.5,101
2019-09-21,23,34117.6,94
2019-09-22,0,34117.6,94
2019-09-22,1,30672.7,91
2019-09-22,2,30672.7,91
2019-09-22,3,28699.3,87
2019-09-22,4,29434.3,91
2019-09-22,5,29434.3,91
2019-09-22,6,33564.5,95
2019-09-22,7,37697.4,99
2019-09-22,8,40605.3,102
2019-09-22,9,43117.6,104
2019-09-22,10,46541.9,109
2019-09-22,11,48266.7,111
2019-09-22,12,52275.1,112
2019-09-22,13,53450.5,113
2019-09-22,14,53019.8,111
2019-09-22,15,54603.3,114
2019-09-22,16,54603.3,114
2019-09-22,17,55685.5,115
2019-09-22,18,56875.4,116
2019-09-22,19,56023.2,115
2019-09-22,20,56023.2,115
2019-09-22,21,53151.7,112
2019-09-22,22,46196.2,108
2019-09-22,23,43006.7,104
2019-09-23,0,40914.3,102
2019-09-23,1,39063.5,101
2019-09-23,2,37329.5,100
2019-09-23,3,35879.4,98
2019-09-23,4,38952.1,101
2019-09-23,5,42404.0,104
2019-09-23,6,42404.0,104
2019-09-23,7,47109.1,105
2019-09-23,8,48094.0,107
2019-09-23,9,52903.6,109
2019-09-23,10,54839.4,110
2019-09-23,11,59072.5,115
2019-09-23,12,59924.7,116
2019-09-23,13,60602.8,117
2019-09-23,14,60602.8,117
2019-09-23,15,60602.8,117
2019-09-23,16,60602.8,117
2019-09-23,17,60602.8,117
2019-09-23,18,59427.4,116
2019-09-23,19,58237.5,115
2019-09-23,20,55857.9,114
2019-09-23,21,53023.5,111
2019-09-23,22,47167.4,109
2019-09-23,23,43030.5,105
2019-09-24,0,40187.6,102
2019-09-24,1,39384.4,101
2019-09-24,2,39436.3,101
2019-09-24,3,38400.3,100
2019-09-24,4,42036.0,103
2019-09-24,5,42839.2,104
2019-09-24,6,44870.4,106
2019-09-24,7,44870.4,106
2019-09-24,8,46604.4,107
2019-09-24,9,47779.8,108
2019-09-24,10,52975.0,110
2019-09-24,11,54611.8,111
2019-09-24,12,55606.2,110
2019-09-24,13,56604.7,113
2019-09-24,14,57757.5,114
2019-09-24,15,57757.5,114
2019-09-24,16,57607.5,113
2019-09-24,17,57757.5,114
2019-09-24,18,57757.5,114
2019-09-24,19,56023.5,113
2019-09-24,20,56023.5,113
2019-09-24,21,50912.0,109
2019-09-24,22,45716.8,107
2019-09-24,23,41179.7,101
2019-09-25,0,38882.2,97
2019-09-25,1,36433.5,95
2019-09-25,2,35509.7,94
2019-09-25,3,33748.0,94
2019-09-25,4,37807.2,98
2019-09-25,5,38731.0,99
2019-09-25,6,40206.1,101
2019-09-25,7,43119.2,105
2019-09-25,8,46006.0,107
2019-09-25,9,48096.0,109
2019-09-25,10,52104.4,110
2019-09-25,11,54928.0,112
2019-09-25,12,57582.0,114
2019-09-25,13,60602.8,117
2019-09-25,14,61685.0,118
2019-09-25,15,61685.0,118
2019-09-25,16,61685.0,118
2019-09-25,17,60602.8,117
2019-09-25,18,59799.6,116
2019-09-25,19,59799.6,116
2019-09-25,20,56517.4,114
2019-09-25,21,52947.9,112
2019-09-25,22,46449.3,109
2019-09-25,23,42526.8,104
2019-09-26,0,38057.8,101
2019-09-26,1,36472.5,99
2019-09-26,2,35022.4,97
2019-09-26,3,35022.4,97
2019-09-26,4,39216.7,101
2019-09-26,5,41596.0,104
2019-09-26,6,43627.2,106
2019-09-26,7,47635.6,107
2019-09-26,8,49369.6,108
2019-09-26,9,50221.8,109
2019-09-26,10,52189.8,110
2019-09-26,11,55115.1,114
2019-09-26,12,58576.9,116
2019-09-26,13,58576.9,116
2019-09-26,14,58576.9,116
2019-09-26,15,58576.9,116
2019-09-26,16,59255.0,117
2019-09-26,17,59255.0,117
2019-09-26,18,55793.200000000004,115
2019-09-26,19,54603.3,114
2019-09-26,20,54453.3,113
2019-09-26,21,50725.1,108
2019-09-26,22,47048.4,109
2019-09-26,23,42869.4,106
2019-09-27,0,39482.4,103
2019-09-27,1,36523.9,99
2019-09-27,2,35073.8,97
2019-09-27,3,33278.4,96
2019-09-27,4,37650.6,100
2019-09-27,5,38989.3,102
2019-09-27,6,40803.6,104
2019-09-27,7,44139.0,107
2019-09-27,8,45723.0,107
2019-09-27,9,47436.1,107
2019-09-27,10,47788.2,109
2019-09-27,11,53925.2,113
2019-09-27,12,54603.3,114
2019-09-27,13,53554.4,110
2019-09-27,14,58065.1,116
2019-09-27,15,58065.1,116
2019-09-27,16,55685.5,115
2019-09-27,17,55685.5,115
2019-09-27,18,54603.3,114
2019-09-27,19,52947.9,112
2019-09-27,20,52069.5,111
2019-09-27,21,48479.8,107
2019-09-27,22,44321.4,105
2019-09-27,23,39613.9,100
2019-09-28,0,36189.5,97
2019-09-28,1,32961.7,94
2019-09-28,2,32426.2,93
2019-09-28,3,31712.8,92
2019-09-28,4,32576.2,94
2019-09-28,5,32576.2,94
2019-09-28,6,36924.4,98
2019-09-28,7,39043.9,99
2019-09-28,8,43021.6,105
2019-09-28,9,45523.2,107
2019-09-28,10,47004.5,109
2019-09-28,11,52188.3,111
2019-09-28,12,53040.5,112
2019-09-28,13,53040.5,112
2019-09-28,14,55470.5,113
2019-09-28,15,55470.5,113
2019-09-28,16,52941.6,111
2019-09-28,17,52941.6,111
2019-09-28,18,51260.0,109
2019-09-28,19,49526.0,108
2019-09-28,20,49526.0,108
2019-09-28,21,47293.7,105
2019-09-28,22,40187.5,100
2019-09-28,23,36277.1,97
2019-09-29,0,33247.7,93
2019-09-29,1,33397.7,94
2019-09-29,2,31967.8,92
2019-09-29,3,30571.3,90
2019-09-29,4,30571.3,90
2019-09-29,5,33157.7,93
2019-09-29,6,40183.1,98
2019-09-29,7,40489.7,98
2019-09-29,8,42177.7,103
2019-09-29,9,43492.5,104
2019-09-29,10,46148.0,106
2019-09-29,11,51343.2,108
2019-09-29,12,50657.7,106
2019-09-29,13,54258.7,107
2019-09-29,14,54817.7,108
2019-09-29,15,54987.2,109
2019-09-29,16,55279.3,111
2019-09-29,17,55108.9,110
2019-09-29,18,53870.8,110
2019-09-29,19,52468.5,111
2019-09-29,20,51315.7,110
2019-09-29,21,44436.0,106
2019-09-29,22,40783.3,100
2019-09-29,23,34150.4,93
2019-09-30,0,33492.2,92
2019-09-30,1,32493.6,92
2019-09-30,2,32643.6,93
2019-09-30,3,32643.6,93
2019-09-30,4,36338.5,97
2019-09-30,5,37951.7,99
2019-09-30,6,38891.3,100
2019-09-30,7,41604.1,104
2019-09-30,8,45131.1,107
2019-09-30,9,46306.5,108
2019-09-30,10,48834.5,111
2019-09-30,11,52842.9,112
2019-09-30,12,55219.6,114
2019-09-30,13,55219.6,114
2019-09-30,14,55219.6,114
2019-09-30,15,59450.0,116
2019-09-30,16,59450.0,116
2019-09-30,17,56870.0,114
2019-09-30,18,54490.4,113
2019-09-30,19,54490.4,113
2019-09-30,20,54490.4,113
2019-09-30,21,50593.5,110
2019-09-30,22,42079.9,105
2019-09-30,23,39028.3,101
2019-10-01,0,36293.3,99
2019-10-01,1,33299.9,96
2019-10-01,2,32984.3,94
2019-10-01,3,32614.4,94
2019-10-01,4,38696.6,99
2019-10-01,5,39374.7,100
2019-10-01,6,39374.7,100
2019-10-01,7,41416.8,104
2019-10-01,8,44013.0,107
2019-10-01,9,47039.2,109
2019-10-01,10,48354.0,110
2019-10-01,11,55328.0,111
2019-10-01,12,55162.4,110
2019-10-01,13,55498.4,112
2019-10-01,14,56870.0,114
2019-10-01,15,57020.0,115
2019-10-01,16,57020.0,115
2019-10-01,17,54640.4,114
2019-10-01,18,53450.5,113
2019-10-01,19,54977.9,113
2019-10-01,20,53791.1,112
2019-10-01,21,47049.3,105
2019-10-01,22,41891.7,104
2019-10-01,23,36305.2,97
2019-10-02,0,34413.7,95
2019-10-02,1,31078.7,90
2019-10-02,2,31280.8,91
2019-10-02,3,31712.8,92
2019-10-02,4,36520.3,98
2019-10-02,5,38833.1,101
2019-10-02,6,38833.1,101
2019-10-02,7,40567.1,102
2019-10-02,8,45427.7,104
2019-10-02,9,48451.4,107
2019-10-02,10,50530.8,108
2019-10-02,11,53450.5,113
2019-10-02,12,55830.1,114
2019-10-02,13,56912.3,115
2019-10-02,14,58065.1,116
2019-10-02,15,58065.1,116
2019-10-02,16,59255.0,117
2019-10-02,17,59255.0,117
2019-10-02,18,56875.4,116
2019-10-02,19,56875.4,116
2019-10-02,20,56875.4,116
2019-10-02,21,53028.8,112
2019-10-02,22,45854.8,109
2019-10-02,23,41095.7,103
2019-10-03,0,38447.1,101
2019-10-03,1,37294.3,100
2019-10-03,2,35475.4,97
2019-10-03,3,35475.4,97
2019-10-03,4,40597.4,104
2019-10-03,5,42628.6,106
2019-10-03,6,44362.6,107
2019-10-03,7,48371.0,108
2019-10-03,8,50221.8,109
2019-10-03,9,51226.8,109
2019-10-03,10,54193.3,113
2019-10-03,11,55793.200000000004,115
2019-10-03,12,60602.8,117
2019-10-03,13,60602.8,117
2019-10-03,14,59580.2,115
2019-10-03,15,59600.6,115
2019-10-03,16,58447.8,114
2019-10-03,17,55028.3,113
2019-10-03,18,53038.3,111
2019-10-03,19,51304.3,110
2019-10-03,20,51304.3,110
2019-10-03,21,46120.5,108
2019-10-03,22,41673.1,103
2019-10-03,23,39242.0,98
2019-10-04,0,35441.5,93
2019-10-04,1,34484.3,94
2019-10-04,2,33485.7,94
2019-10-04,3,35816.6,96
2019-10-04,4,40356.0,102
2019-10-04,5,42149.0,104
2019-10-04,6,43839.0,105
2019-10-04,7,48417.4,107
2019-10-04,8,48558.3,108
2019-10-04,9,50292.3,109
2019-10-04,10,52282.3,111
2019-10-04,11,53882.200000000004,113
2019-10-04,12,58112.6,115
2019-10-04,13,58112.6,115
2019-10-04,14,59288.0,116
2019-10-04,15,60978.0,117
2019-10-04,16,60125.8,116
2019-10-04,17,57757.7,114
2019-10-04,18,54205.4,113
2019-10-04,19,53015.5,112
2019-10-04,20,51281.5,111
2019-10-04,21,50478.3,110
2019-10-04,22,47460.6,107
2019-10-04,23,45209.0,104
2019-10-05,0,41200.6,103
2019-10-05,1,39540.0,101
2019-10-05,2,37225.5,98
2019-10-05,3,37225.5,98
2019-10-05,4,37225.5,98
2019-10-05,5,37938.9,99
2019-10-05,6,37938.9,99
2019-10-05,7,42573.8,105
2019-10-05,8,47735.0,107
2019-10-05,9,48613.4,108
2019-10-05,10,53132.3,112
2019-10-05,11,57371.0,115
2019-10-05,12,54941.0,114
2019-10-05,13,58172.8,116
2019-10-05,14,59255.0,117
2019-10-05,15,59255.0,117
2019-10-05,16,59255.0,117
2019-10-05,17,58451.8,116
2019-10-05,18,57276.4,115
2019-10-05,19,56086.5,114
2019-10-05,20,56086.5,114
2019-10-05,21,51972.9,112
2019-10-05,22,49229.6,109
2019-10-05,23,43906.4,107
2019-10-06,0,42753.6,106
2019-10-06,1,39820.6,104
2019-10-06,2,37441.3,101
2019-10-06,3,36871.3,100
2019-10-06,4,36157.9,99
2019-10-06,5,36157.9,99
2019-10-06,6,37785.9,101
2019-10-06,7,42092.9,105
2019-10-06,8,45096.5,107
2019-10-06,9,47164.8,109
2019-10-06,10,50097.0,112
2019-10-06,11,55420.2,114
2019-10-06,12,56073.4,114
2019-10-06,13,59673.7,118
2019-10-06,14,59673.7,118
2019-10-06,15,62053.3,119
2019-10-06,16,62053.3,119
2019-10-06,17,58049.8,114
2019-10-06,18,56285.8,113
2019-10-06,19,55177.5,112
2019-10-06,20,53326.7,111
2019-10-06,21,46641.8,105
2019-10-06,22,40200.7,102
2019-10-06,23,36795.9,99
2019-10-07,0,36795.9,99
2019-10-07,1,31143.1,93
2019-10-07,2,30203.5,92
2019-10-07,3,29271.5,91
2019-10-07,4,31602.4,93
2019-10-07,5,33453.2,94
2019-10-07,6,33271.5,93
2019-10-07,7,35098.6,96
2019-10-07,8,37459.9,99
2019-10-07,9,37459.9,99
2019-10-07,10,37879.9,99
2019-10-07,11,39763.9,101
2019-10-07,12,40678.5,102
2019-10-07,13,41750.0,104
2019-10-07,14,42553.2,105
2019-10-07,15,42553.2,105
2019-10-07,16,42553.2,105
2019-10-07,17,43231.3,106
2019-10-07,18,45995.1,109
2019-10-07,19,45995.1,109
2019-10-07,20,44261.1,108
2019-10-07,21,41497.3,105
2019-10-07,22,39237.7,102
2019-10-07,23,35889.7,98
2019-10-08,0,31646.9,95
2019-10-08,1,30900.9,94
2019-10-08,2,30297.3,93
2019-10-08,3,31614.3,95
2019-10-08,4,35248.1,98
2019-10-08,5,36846.3,100
2019-10-08,6,36846.3,100
2019-10-08,7,38355.9,102
2019-10-08,8,39017.4,103
2019-10-08,9,39017.4,103
2019-10-08,10,40751.4,104
2019-10-08,11,41384.2,104
2019-10-08,12,42112.6,104
2019-10-08,13,43111.1,107
2019-10-08,14,44961.9,108
2019-10-08,15,44961.9,108
2019-10-08,16,44811.9,107
2019-10-08,17,43959.7,106
2019-10-08,18,44109.7,107
2019-10-08,19,44109.7,107
2019-10-08,20,44109.7,107
2019-10-08,21,39334.6,102
2019-10-08,22,34223.7,98
2019-10-08,23,31856.5,94
2019-10-09,0,28965.3,90
2019-10-09,1,25600.9,85
2019-10-09,2,25600.9,85
2019-10-09,3,25351.9,84
2019-10-09,4,29117.5,90
2019-10-09,5,30830.7,92
2019-10-09,6,31079.7,93
2019-10-09,7,33445.1,95
2019-10-09,8,36533.4,99
2019-10-09,9,37720.2,100
2019-10-09,10,39935.9,103
2019-10-09,11,41669.9,104
2019-10-09,12,46481.5,106
2019-10-09,13,48083.3,106
2019-10-09,14,49125.9,105
2019-10-09,15,49457.6,107
2019-10-09,16,49457.6,107
2019-10-09,17,49623.2,108
2019-10-09,18,48870.0,107
2019-10-09,19,48066.8,106
2019-10-09,20,48216.8,107
2019-10-09,21,42143.2,104
2019-10-09,22,37269.7,99
2019-10-09,23,33282.9,95
2019-10-10,0,30109.7,91
2019-10-10,1,28912.7,89
2019-10-10,2,28592.3,87
2019-10-10,3,30000.9,90
2019-10-10,4,33801.1,96
2019-10-10,5,35535.1,97
2019-10-10,6,36687.9,98
2019-10-10,7,38483.3,99
2019-10-10,8,41831.3,103
2019-10-10,9,45136.1,106
2019-10-10,10,45054.8,107
2019-10-10,11,49741.3,109
2019-10-10,12,51422.9,111
2019-10-10,13,52109.5,111
2019-10-10,14,54489.1,112
2019-10-10,15,54339.1,111
2019-10-10,16,54168.7,110
2019-10-10,17,53851.5,112
2019-10-10,18,52624.7,112
2019-10-10,19,52624.7,112
2019-10-10,20,52624.7,112
2019-10-10,21,47393.9,108
2019-10-10,22,40980.4,104
2019-10-10,23,37260.3,100
2019-10-11,0,34917.9,97
2019-10-11,1,33019.1,95
2019-10-11,2,33019.1,95
2019-10-11,3,33138.5,95
2019-10-11,4,35750.7,98
2019-10-11,5,35750.7,98
2019-10-11,6,34597.9,97
2019-10-11,7,34597.9,97
2019-10-11,8,34597.9,97
2019-10-11,9,33685.4,94
2019-10-11,10,31890.0,93
2019-10-11,11,31890.0,93
2019-10-11,12,30672.7,91
2019-10-11,13,29820.5,90
2019-10-11,14,29820.5,90
2019-10-11,15,27551.1,84
2019-10-11,16,27551.1,84
2019-10-11,17,28416.5,89
2019-10-11,18,31807.4,93
2019-10-11,19,31807.4,93
2019-10-11,20,31807.4,93
2019-10-11,21,30875.4,92
2019-10-11,22,29080.0,91
2019-10-11,23,34318.4,96
2019-10-12,0,32415.2,94
2019-10-12,1,26315.9,87
2019-10-12,2,27404.1,88
2019-10-12,3,28150.1,89
2019-10-12,4,29082.1,90
2019-10-12,5,30877.5,91
2019-10-12,6,32227.6,93
2019-10-12,7,33195.1,95
2019-10-12,8,33195.1,95
2019-10-12,9,33195.1,95
2019-10-12,10,33195.1,95
2019-10-12,11,30653.7,93
2019-10-12,12,30155.8,92
2019-10-12,13,28688.3,90
2019-10-12,14,28688.3,90
2019-10-12,15,28538.3,89
2019-10-12,16,28356.6,88
2019-10-12,17,29620.3,91
2019-10-12,18,32304.6,95
2019-10-12,19,32304.6,95
2019-10-12,20,31452.4,94
2019-10-12,21,30916.9,93
2019-10-12,22,29457.5,91
2019-10-12,23,27907.1,89
2019-10-13,0,26975.1,88
2019-10-13,1,26371.5,87
2019-10-13,2,27303.5,88
2019-10-13,3,27303.5,88
2019-10-13,4,28164.5,89
2019-10-13,5,29457.5,91
2019-10-13,6,31252.9,92
2019-10-13,7,31998.9,93
2019-10-13,8,31998.9,93
2019-10-13,9,31998.9,93
2019-10-13,10,32851.1,94
2019-10-13,11,31055.7,93
2019-10-13,12,32208.5,94
2019-10-13,13,32921.9,95
2019-10-13,14,36192.4,98
2019-10-13,15,36192.4,98
2019-10-13,16,37116.2,99
2019-10-13,17,39331.9,102
2019-10-13,18,42119.9,106
2019-10-13,19,42119.9,106
2019-10-13,20,41441.8,105
2019-10-13,21,38496.0,102
2019-10-13,22,34669.5,97
2019-10-13,23,31252.9,92
2019-10-14,0,29307.5,90
2019-10-14,1,27757.1,88
2019-10-14,2,28442.6,90
2019-10-14,3,29993.0,92
2019-10-14,4,33210.1,95
2019-10-14,5,34863.1,97
2019-10-14,6,37123.9,99
2019-10-14,7,38531.4,101
2019-10-14,8,39334.6,102
2019-10-14,9,39904.6,103
2019-10-14,10,40582.7,104
2019-10-14,11,44591.1,105
2019-10-14,12,44441.1,104
2019-10-14,13,43763.0,103
2019-10-14,14,43763.0,103
2019-10-14,15,43763.0,103
2019-10-14,16,43913.0,104
2019-10-14,17,43888.0,104
2019-10-14,18,43888.0,104
2019-10-14,19,44827.6,105
2019-10-14,20,46561.6,106
2019-10-14,21,40702.4,104
2019-10-14,22,36840.6,100
2019-10-14,23,33939.3,96
2019-10-15,0,31430.5,94
2019-10-15,1,31430.5,94
2019-10-15,2,31204.3,94
2019-10-15,3,32143.9,95
2019-10-15,4,36713.9,98
2019-10-15,5,39036.0,101
2019-10-15,6,39036.0,101
2019-10-15,7,41287.6,104
2019-10-15,8,42474.4,105
2019-10-15,9,42474.4,105
2019-10-15,10,46892.8,107
2019-10-15,11,47420.9,107
2019-10-15,12,47872.0,106
2019-10-15,13,49787.700000000004,108
2019-10-15,14,52450.8,112
2019-10-15,15,52450.8,112
2019-10-15,16,52450.8,112
2019-10-15,17,52450.8,112
2019-10-15,18,51647.6,111
2019-10-15,19,51647.6,111
2019-10-15,20,49913.6,110
2019-10-15,21,43528.5,107
2019-10-15,22,37149.1,100
2019-10-15,23,34800.4,98
2019-10-16,0,32997.4,95
2019-10-16,1,26825.1,87
2019-10-16,2,26825.1,87
2019-10-16,3,26473.0,85
2019-10-16,4,29516.5,90
2019-10-16,5,31058.1,92
2019-10-16,6,32851.1,94
2019-10-16,7,32851.1,94
2019-10-16,8,33386.6,95
2019-10-16,9,33386.6,95
2019-10-16,10,32132.6,91
2019-10-16,11,30751.8,92
2019-10-16,12,30751.8,92
2019-10-16,13,30751.8,92
2019-10-16,14,30570.1,91
2019-10-16,15,30570.1,91
2019-10-16,16,30901.8,93
2019-10-16,17,35537.5,98
2019-10-16,18,38528.7,101
2019-10-16,19,38528.7,101
2019-10-16,20,38528.7,101
2019-10-16,21,35838.1,98
2019-10-16,22,32624.3,94
2019-10-16,23,35167.9,97
2019-10-17,0,30983.1,93
2019-10-17,1,26657.5,88
2019-10-17,2,26657.5,88
2019-10-17,3,26657.5,88
2019-10-17,4,31236.9,94
2019-10-17,5,34219.1,96
2019-10-17,6,34069.1,95
2019-10-17,7,35728.7,98
2019-10-17,8,35728.7,98
2019-10-17,9,34692.7,97
2019-10-17,10,34692.7,97
2019-10-17,11,32897.3,96
2019-10-17,12,32327.3,95
2019-10-17,13,32542.8,95
2019-10-17,14,32542.8,95
2019-10-17,15,32542.8,95
2019-10-17,16,32542.8,95
2019-10-17,17,35374.2,97
2019-10-17,18,37225.0,98
2019-10-17,19,36038.2,97
2019-10-17,20,36038.2,97
2019-10-17,21,33247.8,95
2019-10-17,22,28768.1,90
2019-10-17,23,25943.1,85
2019-10-18,0,24039.9,83
2019-10-18,1,24039.9,83
2019-10-18,2,24854.9,84
2019-10-18,3,26825.1,87
2019-10-18,4,30563.5,91
2019-10-18,5,32851.1,94
2019-10-18,6,33564.5,95
2019-10-18,7,33564.5,95
2019-10-18,8,33564.5,95
2019-10-18,9,33564.5,95
2019-10-18,10,33564.5,95
2019-10-18,11,32692.9,95
2019-10-18,12,32692.9,95
2019-10-18,13,33228.4,96
2019-10-18,14,35521.7,98
2019-10-18,15,35521.7,98
2019-10-18,16,35521.7,98
2019-10-18,17,35521.7,98
2019-10-18,18,37673.1,99
2019-10-18,19,37673.1,99
2019-10-18,20,36520.3,98
2019-10-18,21,32874.1,96
2019-10-18,22,30553.8,93
2019-10-18,23,26975.1,88
2019-10-19,0,25317.5,84
2019-10-19,1,23736.1,81
2019-10-19,2,23170.1,81
2019-10-19,3,23490.5,83
2019-10-19,4,25930.1,86
2019-10-19,5,27907.1,89
2019-10-19,6,29993.0,92
2019-10-19,7,34171.6,96
2019-10-19,8,36373.4,99
2019-10-19,9,36373.4,99
2019-10-19,10,40058.8,104
2019-10-19,11,40973.4,105
2019-10-19,12,41554.6,105
2019-10-19,13,42433.0,106
2019-10-19,14,44263.9,108
2019-10-19,15,45067.1,109
2019-10-19,16,45067.1,109
2019-10-19,17,45067.1,109
2019-10-19,18,45067.1,109
2019-10-19,19,45067.1,109
2019-10-19,20,45067.1,109
2019-10-19,21,42119.9,106
2019-10-19,22,38908.0,102
2019-10-19,23,35810.3,98
2019-10-20,0,34870.7,97
2019-10-20,1,33200.9,95
2019-10-20,2,31750.8,93
2019-10-20,3,31750.8,93
2019-10-20,4,31750.8,93
2019-10-20,5,31750.8,93
2019-10-20,6,31750.8,93
2019-10-20,7,34923.6,96
2019-10-20,8,35073.6,97
2019-10-20,9,36924.4,98
2019-10-20,10,36924.4,98
2019-10-20,11,38374.5,100
2019-10-20,12,39606.0,102
2019-10-20,13,41750.0,104
2019-10-20,14,43306.5,106
2019-10-20,15,44109.7,107
2019-10-20,16,44109.7,107
2019-10-20,17,44109.7,107
2019-10-20,18,45262.5,108
2019-10-20,19,45262.5,108
2019-10-20,20,44109.7,107
2019-10-20,21,39354.5,102
2019-10-20,22,36826.7,99
2019-10-20,23,33180.5,97
2019-10-21,0,32063.0,94
2019-10-21,1,29397.4,90
2019-10-21,2,27752.0,88
2019-10-21,3,27752.0,88
2019-10-21,4,31800.3,94
2019-10-21,5,35459.1,97
2019-10-21,6,34573.1,97
2019-10-21,7,36461.3,99
2019-10-21,8,36461.3,99
2019-10-21,9,36461.3,99
2019-10-21,10,36461.3,99
2019-10-21,11,37264.5,100
2019-10-21,12,37264.5,100
2019-10-21,13,38179.1,101
2019-10-21,14,39913.1,102
2019-10-21,15,39913.1,102
2019-10-21,16,39913.1,102
2019-10-21,17,41727.4,104
2019-10-21,18,43379.6,106
2019-10-21,19,43379.6,106
2019-10-21,20,43379.6,106
2019-10-21,21,39656.8,102
2019-10-21,22,35479.7,97
2019-10-21,23,35599.9,98
2019-10-22,0,30066.5,92
2019-10-22,1,27247.9,88
2019-10-22,2,28336.1,89
2019-10-22,3,28336.1,89
2019-10-22,4,33313.7,95
2019-10-22,5,35596.5,97
2019-10-22,6,35596.5,97
2019-10-22,7,38188.3,100
2019-10-22,8,38188.3,100
2019-10-22,9,37189.7,100
2019-10-22,10,36619.7,99
2019-10-22,11,35537.5,98
2019-10-22,12,34597.9,97
2019-10-22,13,34597.9,97
2019-10-22,14,36461.3,99
2019-10-22,15,36461.3,99
2019-10-22,16,37375.9,100
2019-10-22,17,39098.7,102
2019-10-22,18,39098.7,102
2019-10-22,19,39098.7,102
2019-10-22,20,39098.7,102
2019-10-22,21,33971.9,96
2019-10-22,22,29183.5,91
2019-10-22,23,23894.9,83
2019-10-23,0,22754.4,80
2019-10-23,1,20045.6,75
2019-10-23,2,20227.3,76
2019-10-23,3,21015.7,77
2019-10-23,4,27852.5,88
2019-10-23,5,27852.5,88
2019-10-23,6,29703.3,89
2019-10-23,7,29850.9,89
2019-10-23,8,32078.3,93
2019-10-23,9,31079.7,93
2019-10-23,10,31079.7,93
2019-10-23,11,31769.1,94
2019-10-23,12,32304.6,95
2019-10-23,13,32802.5,96
2019-10-23,14,34536.5,97
2019-10-23,15,35476.1,98
2019-10-23,16,36249.9,98
2019-10-23,17,38045.3,99
2019-10-23,18,40262.7,102
2019-10-23,19,40262.7,102
2019-10-23,20,40262.7,102
2019-10-23,21,35599.9,98
2019-10-23,22,29831.0,92
2019-10-23,23,25133.1,85
2019-10-24,0,23256.5,83
2019-10-24,1,23874.5,83
2019-10-24,2,25133.1,85
2019-10-24,3,26809.1,87
2019-10-24,4,32342.9,94
2019-10-24,5,33032.3,95
2019-10-24,6,36035.9,97
2019-10-24,7,36035.9,97
2019-10-24,8,35715.5,95
2019-10-24,9,34733.1,95
2019-10-24,10,34883.1,96
2019-10-24,11,35596.5,97
2019-10-24,12,35446.5,96
2019-10-24,13,36386.1,97
2019-10-24,14,36386.1,97
2019-10-24,15,37309.9,98
2019-10-24,16,37459.9,99
2019-10-24,17,37459.9,99
2019-10-24,18,37459.9,99
2019-10-24,19,37459.9,99
2019-10-24,20,35846.7,97
2019-10-24,21,31055.1,93
2019-10-24,22,27404.1,88
2019-10-24,23,26543.1,87
2019-10-25,0,24885.5,83
2019-10-25,1,22035.2,78
2019-10-25,2,21220.2,77
2019-10-25,3,22176.0,80
2019-10-25,4,26312.2,85
2019-10-25,5,28175.4,88
2019-10-25,6,29705.1,90
2019-10-25,7,31790.1,93
2019-10-25,8,31776.7,94
2019-10-25,9,32274.6,95
2019-10-25,10,32274.6,95
2019-10-25,11,32274.6,95
2019-10-25,12,30147.7,92
2019-10-25,13,30147.7,92
2019-10-25,14,28032.2,87
2019-10-25,15,28924.2,88
2019-10-25,16,29301.1,89
2019-10-25,17,32249.5,92
2019-10-25,18,32181.8,93
2019-10-25,19,32181.8,93
2019-10-25,20,32181.8,93
2019-10-25,21,29399.0,91
2019-10-25,22,29092.4,90
2019-10-25,23,28556.9,89
2019-10-26,0,27468.7,88
2019-10-26,1,26873.7,87
2019-10-26,2,26873.7,87
2019-10-26,3,27305.7,88
2019-10-26,4,28988.9,90
2019-10-26,5,30954.3,93
2019-10-26,6,32805.1,94
2019-10-26,7,33551.1,95
2019-10-26,8,33551.1,95
2019-10-26,9,33551.1,95
2019-10-26,10,32398.3,94
2019-10-26,11,29080.0,91
2019-10-26,12,28000.1,88
2019-10-26,13,26911.9,87
2019-10-26,14,27343.9,88
2019-10-26,15,30053.5,91
2019-10-26,16,30766.9,92
2019-10-26,17,33260.3,93
2019-10-26,18,34199.9,94
2019-10-26,19,35385.9,96
2019-10-26,20,35385.9,96
2019-10-26,21,31966.3,93
2019-10-26,22,30020.9,91
2019-10-26,23,26975.1,88
2019-10-27,0,25886.9,87
2019-10-27,1,24189.9,84
2019-10-27,2,23687.8,81
2019-10-27,3,23869.5,82
2019-10-27,4,25004.9,85
2019-10-27,5,26525.1,87
2019-10-27,6,30055.9,92
2019-10-27,7,30916.9,93
2019-10-27,8,31614.9,93
2019-10-27,9,32650.9,94
2019-10-27,10,29984.9,92
2019-10-27,11,27852.5,88
2019-10-27,12,26787.0,85
2019-10-27,13,27139.1,87
2019-10-27,14,28150.1,89
2019-10-27,15,29117.6,91
2019-10-27,16,30547.5,93
2019-10-27,17,34685.3,97
2019-10-27,18,36536.1,98
2019-10-27,19,36536.1,98
2019-10-27,20,35596.5,97
2019-10-27,21,33032.3,95
2019-10-27,22,29801.5,92
2019-10-27,23,27072.4,86
2019-10-28,0,25984.2,85
2019-10-28,1,25454.9,86
2019-10-28,2,25454.9,86
2019-10-28,3,27404.1,88
2019-10-28,4,31204.3,94
2019-10-28,5,35521.7,98
2019-10-28,6,35521.7,98
2019-10-28,7,35521.7,98
2019-10-28,8,35521.7,98
2019-10-28,9,35521.7,98
2019-10-28,10,35521.7,98
2019-10-28,11,35600.7,97
2019-10-28,12,35600.7,97
2019-10-28,13,33634.9,95
2019-10-28,14,33955.3,97
2019-10-28,15,34894.9,98
2019-10-28,16,36690.3,99
2019-10-28,17,39098.7,102
2019-10-28,18,39098.7,102
2019-10-28,19,39098.7,102
2019-10-28,20,38528.7,101
2019-10-28,21,33651.0,96
2019-10-28,22,27027.2,87
2019-10-28,23,24483.0,84
2019-10-29,0,24084.0,82
2019-10-29,1,22732.6,80
2019-10-29,2,23358.5,82
2019-10-29,3,25454.9,86
2019-10-29,4,29514.1,91
2019-10-29,5,32078.3,93
2019-10-29,6,33231.1,94
2019-10-29,7,35395.6,97
2019-10-29,8,34242.8,96
2019-10-29,9,34242.8,96
2019-10-29,10,34242.8,96
2019-10-29,11,34242.8,96
2019-10-29,12,34242.8,96
2019-10-29,13,34242.8,96
2019-10-29,14,33823.4,94
2019-10-29,15,33303.2,95
2019-10-29,16,34740.7,97
2019-10-29,17,36536.1,98
2019-10-29,18,36536.1,98
2019-10-29,19,37688.9,99
2019-10-29,20,37538.9,98
2019-10-29,21,31245.2,91
2019-10-29,22,27331.7,86
2019-10-29,23,27331.7,86
2019-10-30,0,25976.7,80
2019-10-30,1,26009.8,83
2019-10-30,2,26009.8,83
2019-10-30,3,27860.6,84
2019-10-30,4,31217.3,92
2019-10-30,5,35098.6,96
2019-10-30,6,36038.2,97
2019-10-30,7,37191.0,98
2019-10-30,8,38925.0,99
2019-10-30,9,37236.7,97
2019-10-30,10,34751.9,95
2019-10-30,11,33662.3,93
2019-10-30,12,33662.3,93
2019-10-30,13,33662.3,93
2019-10-30,14,32880.3,93
2019-10-30,15,34501.7,95
2019-10-30,16,37236.7,97
2019-10-30,17,37772.2,98
2019-10-30,18,38686.8,99
2019-10-30,19,38686.8,99
2019-10-30,20,38686.8,99
2019-10-30,21,35037.2,96
2019-10-30,22,31681.8,93
2019-10-30,23,30432.9,91
2019-10-31,0,33153.2,94
2019-10-31,1,33153.2,94
2019-10-31,2,32903.2,93
2019-10-31,3,36443.8,98
2019-10-31,4,42986.8,104
2019-10-31,5,47692.5,110
2019-10-31,6,47692.5,110
2019-10-31,7,47692.5,110
2019-10-31,8,47692.5,110
2019-10-31,9,47014.4,109
2019-10-31,10,43482.0,106
2019-10-31,11,39722.7,101
2019-10-31,12,36835.9,99
2019-10-31,13,35040.5,98
2019-10-31,14,34327.1,97
2019-10-31,15,32339.3,95
2019-10-31,16,34073.3,96
2019-10-31,17,38186.1,100
2019-10-31,18,41494.2,104
2019-10-31,19,41494.2,104
2019-10-31,20,41494.2,104
2019-10-31,21,41494.2,104
2019-10-31,22,38167.4,100
2019-10-31,23,36304.0,98
2019-11-01,0,37917.2,100
2019-11-01,1,37917.2,100
2019-11-01,2,38856.8,101
2019-11-01,3,39771.4,102
2019-11-01,4,47620.6,106
2019-11-01,5,48773.4,107
2019-11-01,6,48773.4,107
2019-11-01,7,47921.2,106
2019-11-01,8,47921.2,106
2019-11-01,9,43912.8,105
2019-11-01,10,39799.5,101
2019-11-01,11,35927.5,98
2019-11-01,12,33022.5,94
2019-11-01,13,31021.7,92
2019-11-01,14,29471.3,90
2019-11-01,15,31414.3,93
2019-11-01,16,32354.4,95
2019-11-01,17,36924.4,98
2019-11-01,18,39527.3,101
2019-11-01,19,39527.3,101
2019-11-01,20,38612.7,100
2019-11-01,21,38612.7,100
2019-11-01,22,36576.1,97
2019-11-01,23,36774.4,97
2019-11-02,0,32351.4,94
2019-11-02,1,30929.7,92
2019-11-02,2,29355.3,90
2019-11-02,3,30366.3,92
2019-11-02,4,31769.1,94
2019-11-02,5,36238.1,97
2019-11-02,6,38587.9,100
2019-11-02,7,38587.9,100
2019-11-02,8,38587.9,100
2019-11-02,9,38587.9,100
2019-11-02,10,36131.0,98
2019-11-02,11,33707.6,96
2019-11-02,12,32054.6,94
2019-11-02,13,30155.1,91
2019-11-02,14,29302.9,90
2019-11-02,15,29302.9,90
2019-11-02,16,31025.2,92
2019-11-02,17,35587.4,97
2019-11-02,18,35587.4,97
2019-11-02,19,35587.4,97
2019-11-02,20,35587.4,97
2019-11-02,21,34874.0,96
2019-11-02,22,33031.8,94
2019-11-02,23,31925.8,94
2019-11-03,0,31925.8,94
2019-11-03,1,31029.8,92
2019-11-03,2,32825.2,93
2019-11-03,3,32825.2,93
2019-11-03,4,34434.6,96
2019-11-03,5,37438.2,98
2019-11-03,6,36251.4,97
2019-11-03,7,36251.4,97
2019-11-03,8,36251.4,97
2019-11-03,9,36251.4,97
2019-11-03,10,33053.2,94
2019-11-03,11,30432.9,91
2019-11-03,12,28582.1,90
2019-11-03,13,27289.1,88
2019-11-03,14,25972.0,84
2019-11-03,15,25972.0,84
2019-11-03,16,28582.1,90
2019-11-03,17,32022.9,93
2019-11-03,18,35340.2,97
2019-11-03,19,37191.0,98
2019-11-03,20,36038.2,97
2019-11-03,21,31856.5,94
2019-11-03,22,29819.3,91
2019-11-03,23,26105.9,83
2019-11-04,0,24651.8,82
2019-11-04,1,23460.8,81
2019-11-04,2,24639.9,85
2019-11-04,3,26975.1,88
2019-11-04,4,29303.6,91
2019-11-04,5,34293.6,96
2019-11-04,6,36192.4,98
2019-11-04,7,36690.3,99
2019-11-04,8,36690.3,99
2019-11-04,9,36690.3,99
2019-11-04,10,35252.8,97
2019-11-04,11,34100.0,96
2019-11-04,12,33410.6,95
2019-11-04,13,32697.2,94
2019-11-04,14,33260.6,94
2019-11-04,15,34100.0,96
2019-11-04,16,36452.1,99
2019-11-04,17,39456.7,101
2019-11-04,18,40609.5,102
2019-11-04,19,40609.5,102
2019-11-04,20,40609.5,102
2019-11-04,21,37688.9,99
2019-11-04,22,33305.3,95
2019-11-04,23,29369.5,91
2019-11-05,0,28281.3,90
2019-11-05,1,26884.8,88
2019-11-05,2,27316.8,89
2019-11-05,3,29557.8,91
2019-11-05,4,29557.8,91
2019-11-05,5,34378.7,96
2019-11-05,6,35230.9,97
2019-11-05,7,37614.1,100
2019-11-05,8,38024.1,101
2019-11-05,9,36871.3,100
2019-11-05,10,36871.3,100
2019-11-05,11,36871.3,100
2019-11-05,12,36871.3,100
2019-11-05,13,35947.5,99
2019-11-05,14,35947.5,99
2019-11-05,15,35947.5,99
2019-11-05,16,37785.9,101
2019-11-05,17,40973.4,105
2019-11-05,18,42934.0,107
2019-11-05,19,42934.0,107
2019-11-05,20,42934.0,107
2019-11-05,21,40973.4,105
2019-11-05,22,37785.9,101
2019-11-05,23,33939.3,96
2019-11-06,0,30490.9,93
2019-11-06,1,30490.9,93
2019-11-06,2,28940.5,91
2019-11-06,3,28940.5,91
2019-11-06,4,30490.9,93
2019-11-06,5,33971.9,96
2019-11-06,6,36536.1,98
2019-11-06,7,36536.1,98
2019-11-06,8,36536.1,98
2019-11-06,9,36536.1,98
2019-11-06,10,36536.1,98
2019-11-06,11,36000.6,97
2019-11-06,12,34347.6,95
2019-11-06,13,33658.2,94
2019-11-06,14,33658.2,94
2019-11-06,15,33658.2,94
2019-11-06,16,34193.7,95
2019-11-06,17,37661.1,99
2019-11-06,18,39527.3,101
2019-11-06,19,39527.3,101
2019-11-06,20,39527.3,101
2019-11-06,21,36536.1,98
2019-11-06,22,32889.9,96
2019-11-06,23,29295.5,91
2019-11-07,0,26246.9,87
2019-11-07,1,24639.9,85
2019-11-07,2,26975.1,88
2019-11-07,3,26975.1,88
2019-11-07,4,29303.6,91
2019-11-07,5,33474.0,95
2019-11-07,6,35479.0,97
2019-11-07,7,35479.0,97
2019-11-07,8,34326.2,96
2019-11-07,9,35537.5,98
2019-11-07,10,35537.5,98
2019-11-07,11,35537.5,98
2019-11-07,12,34504.7,94
2019-11-07,13,34852.0,96
2019-11-07,14,34852.0,96
2019-11-07,15,36586.0,97
2019-11-07,16,35796.4,97
2019-11-07,17,37271.5,99
2019-11-07,18,37271.5,99
2019-11-07,19,37271.5,99
2019-11-07,20,37121.5,98
2019-11-07,21,33199.2,94
2019-11-07,22,31465.2,93
2019-11-07,23,27287.2,85
2019-11-08,0,24836.2,83
2019-11-08,1,25235.2,85
2019-11-08,2,26323.4,86
2019-11-08,3,28407.3,89
2019-11-08,4,30155.1,91
2019-11-08,5,37052.7,98
2019-11-08,6,37801.7,98
2019-11-08,7,40250.1,101
2019-11-08,8,40250.1,101
2019-11-08,9,41599.7,103
2019-11-08,10,41599.7,103
2019-11-08,11,40427.0,103
2019-11-08,12,40427.0,103
2019-11-08,13,38809.3,101
2019-11-08,14,37075.3,100
2019-11-08,15,37075.3,100
2019-11-08,16,38938.7,102
2019-11-08,17,42986.4,106
2019-11-08,18,42986.4,106
2019-11-08,19,42986.4,106
2019-11-08,20,42986.4,106
2019-11-08,21,42006.4,104
2019-11-08,22,41091.8,103
2019-11-08,23,38434.0,101
2019-11-09,0,36832.9,99
2019-11-09,1,35750.7,98
2019-11-09,2,35037.3,97
2019-11-09,3,35037.3,97
2019-11-09,4,36690.3,99
2019-11-09,5,37614.1,100
2019-11-09,6,40262.7,102
2019-11-09,7,40262.7,102
2019-11-09,8,40262.7,102
2019-11-09,9,40262.7,102
2019-11-09,10,37434.5,99
2019-11-09,11,34724.5,97
2019-11-09,12,33022.1,94
2019-11-09,13,31017.1,92
2019-11-09,14,31230.3,92
2019-11-09,15,30516.9,91
2019-11-09,16,32280.1,94
2019-11-09,17,35263.0,97
2019-11-09,18,36202.6,98
2019-11-09,19,36202.6,98
2019-11-09,20,36700.5,99
2019-11-09,21,34966.5,98
2019-11-09,22,33100.3,96
2019-11-09,23,33745.7,96
2019-11-10,0,32564.3,93
2019-11-10,1,29629.9,92
2019-11-10,2,29629.9,92
2019-11-10,3,29629.9,92
2019-11-10,4,31204.3,94
2019-11-10,5,32999.7,95
2019-11-10,6,34185.1,96
2019-11-10,7,36632.5,98
2019-11-10,8,35596.5,97
2019-11-10,9,33137.6,94
2019-11-10,10,33407.2,95
2019-11-10,11,29984.9,92
2019-11-10,12,27721.1,89
2019-11-10,13,27139.1,87
2019-11-10,14,26373.7,85
2019-11-10,15,26373.7,85
2019-11-10,16,28582.1,90
2019-11-10,17,32342.9,94
2019-11-10,18,35124.7,97
2019-11-10,19,35124.7,97
2019-11-10,20,35124.7,97
2019-11-10,21,30456.4,92
2019-11-10,22,26954.1,87
2019-11-10,23,23444.9,82
2019-11-11,0,21345.1,78
2019-11-11,1,19978.3,75
2019-11-11,2,19978.3,75
2019-11-11,3,19967.0,75
2019-11-11,4,23300.0,82
2019-11-11,5,29674.8,92
2019-11-11,6,34563.4,96
2019-11-11,7,35252.8,97
2019-11-11,8,35252.8,97
2019-11-11,9,36439.6,98
2019-11-11,10,37789.2,100
2019-11-11,11,37134.3,100
2019-11-11,12,39363.7,102
2019-11-11,13,39933.7,103
2019-11-11,14,41667.7,104
2019-11-11,15,43744.3,106
2019-11-11,16,47059.8,109
2019-11-11,17,48616.3,111
2019-11-11,18,48616.3,111
2019-11-11,19,48616.3,111
2019-11-11,20,48616.3,111
2019-11-11,21,45887.2,106
2019-11-11,22,40508.7,101
2019-11-11,23,40508.7,101
2019-11-12,0,40508.7,101
2019-11-12,1,38291.1,96
2019-11-12,2,38690.1,98
2019-11-12,3,41257.7,101
2019-11-12,4,42433.1,102
2019-11-12,5,48871.5,104
2019-11-12,6,51303.200000000004,106
2019-11-12,7,54019.6,110
2019-11-12,8,54019.6,110
2019-11-12,9,52704.8,109
2019-11-12,10,51126.700000000004,108
2019-11-12,11,49743.7,107
2019-11-12,12,49743.7,107
2019-11-12,13,43884.5,105
2019-11-12,14,42150.5,104
2019-11-12,15,43851.3,104
2019-11-12,16,47692.5,109
2019-11-12,17,52783.1,111
2019-11-12,18,54773.1,113
2019-11-12,19,54773.1,113
2019-11-12,20,54773.1,113
2019-11-12,21,54773.1,113
2019-11-12,22,52413.4,110
2019-11-12,23,48617.2,106
2019-11-13,0,47677.6,105
2019-11-13,1,47527.6,104
2019-11-13,2,47527.6,104
2019-11-13,3,48097.6,105
2019-11-13,4,49895.2,107
2019-11-13,5,54133.1,112
2019-11-13,6,54133.1,112
2019-11-13,7,54133.1,112
2019-11-13,8,52946.3,111
2019-11-13,9,50550.4,108
2019-11-13,10,46542.0,107
2019-11-13,11,43812.8,105
2019-11-13,12,42660.0,104
2019-11-13,13,40926.0,103
2019-11-13,14,39300.9,100
2019-11-13,15,40070.1,100
2019-11-13,16,42808.6,104
2019-11-13,17,48667.8,106
2019-11-13,18,51875.0,110
2019-11-13,19,50024.2,109
2019-11-13,20,50024.2,109
2019-11-13,21,49084.6,108
2019-11-13,22,48206.2,107
2019-11-13,23,49288.4,108
2019-11-14,0,43546.0,106
2019-11-14,1,40429.1,102
2019-11-14,2,40429.1,102
2019-11-14,3,41368.7,103
2019-11-14,4,44334.2,106
2019-11-14,5,47763.4,107
2019-11-14,6,47763.4,107
2019-11-14,7,47763.4,107
2019-11-14,8,47763.4,107
2019-11-14,9,44843.8,104
2019-11-14,10,40835.4,103
2019-11-14,11,40835.4,103
2019-11-14,12,38439.9,101
2019-11-14,13,38439.9,101
2019-11-14,14,35310.7,98
2019-11-14,15,35310.7,98
2019-11-14,16,37106.1,99
2019-11-14,17,42699.8,102
2019-11-14,18,45348.4,104
2019-11-14,19,47583.4,106
2019-11-14,20,47583.4,106
2019-11-14,21,47013.4,105
2019-11-14,22,43005.0,104
2019-11-14,23,42081.2,103
2019-11-15,0,40233.6,102
2019-11-15,1,41420.4,103
2019-11-15,2,41262.0,103
2019-11-15,3,41832.0,104
2019-11-15,4,44632.0,107
2019-11-15,5,50374.4,109
2019-11-15,6,51226.6,110
2019-11-15,7,51226.6,110
2019-11-15,8,51226.6,110
2019-11-15,9,48805.8,108
2019-11-15,10,43715.2,106
2019-11-15,11,40516.5,103
2019-11-15,12,36937.5,99
2019-11-15,13,33955.3,97
2019-11-15,14,33805.3,96
2019-11-15,15,32802.5,96
2019-11-15,16,36461.3,99
2019-11-15,17,38447.4,102
2019-11-15,18,40181.4,103
2019-11-15,19,41334.2,104
2019-11-15,20,40419.6,103
2019-11-15,21,40087.9,101
2019-11-15,22,39085.1,101
2019-11-15,23,38102.8,102
2019-11-16,0,37013.2,100
2019-11-16,1,37952.8,101
2019-11-16,2,39017.4,103
2019-11-16,3,40170.2,104
2019-11-16,4,41904.2,105
2019-11-16,5,45912.6,106
2019-11-16,6,44998.0,105
2019-11-16,7,47763.4,107
2019-11-16,8,47763.4,107
2019-11-16,9,45342.6,105
2019-11-16,10,40672.7,103
2019-11-16,11,37614.1,100
2019-11-16,12,33884.5,96
2019-11-16,13,31078.1,93
2019-11-16,14,27828.3,88
2019-11-16,15,27828.3,88
2019-11-16,16,30366.3,92
2019-11-16,17,35023.8,97
2019-11-16,18,37116.2,99
2019-11-16,19,37116.2,99
2019-11-16,20,37116.2,99
2019-11-16,21,36176.6,98
2019-11-16,22,33386.6,95
2019-11-16,23,34354.1,95
2019-11-17,0,32708.7,95
2019-11-17,1,31769.1,94
2019-11-17,2,33564.5,95
2019-11-17,3,34100.0,96
2019-11-17,4,35963.4,98
2019-11-17,5,37919.4,100
2019-11-17,6,37919.4,100
2019-11-17,7,40568.0,102
2019-11-17,8,40568.0,102
2019-11-17,9,39764.8,101
2019-11-17,10,38030.8,100
2019-11-17,11,32909.9,95
2019-11-17,12,31995.3,94
2019-11-17,13,28141.3,89
2019-11-17,14,27390.2,85
2019-11-17,15,27390.2,85
2019-11-17,16,31984.2,93
2019-11-17,17,36524.5,98
2019-11-17,18,39255.6,103
2019-11-17,19,39255.6,103
2019-11-17,20,39255.6,103
2019-11-17,21,39255.6,103
2019-11-17,22,37880.7,101
2019-11-17,23,36941.1,100
2019-11-18,0,35145.7,99
2019-11-18,1,33154.0,96
2019-11-18,2,33651.9,97
2019-11-18,3,33651.9,97
2019-11-18,4,34294.5,97
2019-11-18,5,42707.4,106
2019-11-18,6,43789.6,107
2019-11-18,7,43789.6,107
2019-11-18,8,43789.6,107
2019-11-18,9,41904.2,105
2019-11-18,10,39508.7,103
2019-11-18,11,37084.5,100
2019-11-18,12,35447.3,98
2019-11-18,13,33651.9,97
2019-11-18,14,33116.4,96
2019-11-18,15,34911.8,97
2019-11-18,16,37310.7,100
2019-11-18,17,40337.8,104
2019-11-18,18,41930.5,106
2019-11-18,19,41930.5,106
2019-11-18,20,41930.5,106
2019-11-18,21,40337.8,104
2019-11-18,22,38024.1,101
2019-11-18,23,34898.5,97
2019-11-19,0,33103.1,96
2019-11-19,1,30916.9,93
2019-11-19,2,31414.8,94
2019-11-19,3,32567.6,95
2019-11-19,4,34898.5,97
2019-11-19,5,40077.4,102
2019-11-19,6,40992.0,103
2019-11-19,7,40992.0,103
2019-11-19,8,40992.0,103
2019-11-19,9,40992.0,103
2019-11-19,10,39274.2,101
2019-11-19,11,36749.3,98
2019-11-19,12,34953.9,97
2019-11-19,13,33742.6,95
2019-11-19,14,31900.4,93
2019-11-19,15,31580.0,91
2019-11-19,16,31900.4,93
2019-11-19,17,36038.2,97
2019-11-19,18,36038.2,97
2019-11-19,19,37191.0,98
2019-11-19,20,37191.0,98
2019-11-19,21,32517.7,93
2019-11-19,22,27306.1,87
2019-11-19,23,24183.4,81
2019-11-20,0,22499.3,77
2019-11-20,1,20355.9,74
2019-11-20,2,20355.9,74
2019-11-20,3,21390.6,78
2019-11-20,4,22303.9,80
2019-11-20,5,27005.1,86
2019-11-20,6,29160.1,89
2019-11-20,7,29409.1,90
2019-11-20,8,31404.0,93
2019-11-20,9,31836.0,94
2019-11-20,10,30683.2,93
2019-11-20,11,30683.2,93
2019-11-20,12,30683.2,93
2019-11-20,13,30683.2,93
2019-11-20,14,30683.2,93
2019-11-20,15,30683.2,93
2019-11-20,16,32304.6,95
2019-11-20,17,35039.6,97
2019-11-20,18,35039.6,97
2019-11-20,19,35039.6,97
2019-11-20,20,36192.4,98
2019-11-20,21,32602.4,94
2019-11-20,22,28072.0,87
2019-11-20,23,26388.8,85
2019-11-21,0,22068.9,77
2019-11-21,1,20872.9,75
2019-11-21,2,20084.5,74
2019-11-21,3,21996.1,80
2019-11-21,4,23594.9,83
2019-11-21,5,28150.1,89
2019-11-21,6,30536.4,91
2019-11-21,7,31900.4,93
2019-11-21,8,33337.9,95
2019-11-21,9,33337.9,95
2019-11-21,10,34051.3,96
2019-11-21,11,34051.3,96
2019-11-21,12,33901.3,95
2019-11-21,13,32961.7,94
2019-11-21,14,33111.7,95
2019-11-21,15,33111.7,95
2019-11-21,16,35596.5,97
2019-11-21,17,39527.3,101
2019-11-21,18,39527.3,101
2019-11-21,19,39527.3,101
2019-11-21,20,39527.3,101
2019-11-21,21,37688.9,99
2019-11-21,22,34953.9,97
2019-11-21,23,31235.7,93
2019-11-22,0,29932.9,91
2019-11-22,1,27789.6,88
2019-11-22,2,27083.7,86
2019-11-22,3,25134.5,84
2019-11-22,4,26377.5,86
2019-11-22,5,30203.5,92
2019-11-22,6,33207.1,94
2019-11-22,7,35002.5,95
2019-11-22,8,35538.0,96
2019-11-22,9,35538.0,96
2019-11-22,10,36749.3,98
2019-11-22,11,36749.3,98
2019-11-22,12,36749.3,98
2019-11-22,13,35500.4,96
2019-11-22,14,35500.4,96
2019-11-22,15,35500.4,96
2019-11-22,16,38771.1,100
2019-11-22,17,42660.4,104
2019-11-22,18,43575.0,105
2019-11-22,19,43575.0,105
2019-11-22,20,43575.0,105
2019-11-22,21,41998.9,103
2019-11-22,22,38771.1,100
2019-11-22,23,35989.3,97
2019-11-23,0,34907.1,96
2019-11-23,1,33226.2,93
2019-11-23,2,33226.2,93
2019-11-23,3,33226.2,93
2019-11-23,4,35164.5,96
2019-11-23,5,36678.7,98
2019-11-23,6,40505.1,101
2019-11-23,7,41419.7,102
2019-11-23,8,41419.7,102
2019-11-23,9,41419.7,102
2019-11-23,10,40337.5,101
2019-11-23,11,36737.3,98
2019-11-23,12,34883.1,96
2019-11-23,13,32398.3,94
2019-11-23,14,30864.2,93
2019-11-23,15,30003.2,92
2019-11-23,16,32267.0,95
2019-11-23,17,37785.9,101
2019-11-23,18,38868.1,102
2019-11-23,19,41754.9,104
2019-11-23,20,41754.9,104
2019-11-23,21,40840.3,103
2019-11-23,22,40840.3,103
2019-11-23,23,39106.3,102
2019-11-24,0,38182.5,101
2019-11-24,1,35947.5,99
2019-11-24,2,34472.4,97
2019-11-24,3,34472.4,97
2019-11-24,4,34698.6,97
2019-11-24,5,36386.9,99
2019-11-24,6,37573.7,100
2019-11-24,7,38287.1,101
2019-11-24,8,38287.1,101
2019-11-24,9,38287.1,101
2019-11-24,10,36289.6,97
2019-11-24,11,33571.2,94
2019-11-24,12,31775.8,93
2019-11-24,13,30700.9,92
2019-11-24,14,28907.9,90
2019-11-24,15,28757.9,89
2019-11-24,16,29768.9,91
2019-11-24,17,33185.7,94
2019-11-24,18,35587.4,97
2019-11-24,19,35587.4,97
2019-11-24,20,35587.4,97
2019-11-24,21,33792.0,96
2019-11-24,22,30763.0,93
2019-11-24,23,28150.1,89
2019-11-25,0,27061.9,88
2019-11-25,1,24859.9,85
2019-11-25,2,24044.9,84
2019-11-25,3,24044.9,84
2019-11-25,4,25948.1,86
2019-11-25,5,29934.3,91
2019-11-25,6,32232.5,94
2019-11-25,7,34785.3,97
2019-11-25,8,34785.3,97
2019-11-25,9,33632.5,96
2019-11-25,10,33632.5,96
2019-11-25,11,31769.1,94
2019-11-25,12,31769.1,94
2019-11-25,13,31619.1,93
2019-11-25,14,32558.7,94
2019-11-25,15,32558.7,94
2019-11-25,16,35537.5,98
2019-11-25,17,39913.1,102
2019-11-25,18,39913.1,102
2019-11-25,19,39913.1,102
2019-11-25,20,39913.1,102
2019-11-25,21,37375.9,100
2019-11-25,22,34597.9,97
2019-11-25,23,30482.8,93
2019-11-26,0,28647.7,90
2019-11-26,1,22903.9,82
2019-11-26,2,22527.0,81
2019-11-26,3,21840.6,79
2019-11-26,4,23938.0,82
2019-11-26,5,25674.0,85
2019-11-26,6,28677.6,87
2019-11-26,7,31153.7,91
2019-11-26,8,32619.1,94
2019-11-26,9,34035.5,96
2019-11-26,10,34975.1,97
2019-11-26,11,33976.5,97
2019-11-26,12,33976.5,97
2019-11-26,13,33265.9,96
2019-11-26,14,34205.5,97
2019-11-26,15,36690.3,99
2019-11-26,16,38528.7,101
2019-11-26,17,38528.7,101
2019-11-26,18,38528.7,101
2019-11-26,19,37375.9,100
2019-11-26,20,36662.5,99
2019-11-26,21,33734.5,95
2019-11-26,22,32552.5,95
2019-11-26,23,30418.8,92
2019-11-27,0,30418.8,92
2019-11-27,1,28625.8,90
2019-11-27,2,28475.8,89
2019-11-27,3,28305.4,88
2019-11-27,4,27473.0,89
2019-11-27,5,29323.8,90
2019-11-27,6,31222.6,92
2019-11-27,7,32619.1,94
2019-11-27,8,34961.5,97
2019-11-27,9,34835.0,96
2019-11-27,10,33643.1,95
2019-11-27,11,33107.6,94
2019-11-27,12,30765.2,91
2019-11-27,13,30615.2,90
2019-11-27,14,30615.2,90
2019-11-27,15,31862.8,93
2019-11-27,16,34051.3,96
2019-11-27,17,37580.7,98
2019-11-27,18,37580.7,98
2019-11-27,19,36999.5,98
2019-11-27,20,36999.5,98
2019-11-27,21,32189.4,93
2019-11-27,22,30171.8,89
2019-11-27,23,27552.9,84
2019-11-28,0,26634.2,84
2019-11-28,1,25675.4,84
2019-11-28,2,25924.4,85
2019-11-28,3,26090.0,86
2019-11-28,4,27987.1,89
2019-11-28,5,30366.3,92
2019-11-28,6,32744.0,95
2019-11-28,7,35750.7,98
2019-11-28,8,38408.5,100
2019-11-28,9,39348.1,101
2019-11-28,10,39348.1,101
2019-11-28,11,37697.4,99
2019-11-28,12,35902.0,98
2019-11-28,13,33632.5,96
2019-11-28,14,31769.1,94
2019-11-28,15,31079.7,93
2019-11-28,16,33062.5,95
2019-11-28,17,35537.5,98
2019-11-28,18,38184.1,101
2019-11-28,19,38184.1,101
2019-11-28,20,38184.1,101
2019-11-28,21,37614.1,100
2019-11-28,22,36690.3,99
2019-11-28,23,33884.5,96
2019-11-29,0,32089.1,95
2019-11-29,1,30538.7,93
2019-11-29,2,29505.3,91
2019-11-29,3,30366.3,92
2019-11-29,4,31591.2,94
2019-11-29,5,33386.6,95
2019-11-29,6,34539.4,96
2019-11-29,7,36439.6,98
2019-11-29,8,35904.1,97
2019-11-29,9,34751.3,96
2019-11-29,10,34751.3,96
2019-11-29,11,34061.9,95
2019-11-29,12,32266.5,94
2019-11-29,13,32266.5,94
2019-11-29,14,32486.4,93
2019-11-29,15,31385.2,91
2019-11-29,16,31949.8,94
2019-11-29,17,32639.2,95
2019-11-29,18,33578.8,96
2019-11-29,19,33578.8,96
2019-11-29,20,32392.0,95
2019-11-29,21,29831.0,92
2019-11-29,22,27555.1,88
2019-11-29,23,24337.0,84
2019-11-30,0,23585.9,80
2019-11-30,1,21038.5,76
2019-11-30,2,21038.5,76
2019-11-30,3,21639.6,79
2019-11-30,4,22176.0,80
2019-11-30,5,23218.0,82
2019-11-30,6,24683.1,84
2019-11-30,7,26809.1,87
2019-11-30,8,30482.8,93
2019-11-30,9,31422.4,94
2019-11-30,10,31422.4,94
2019-11-30,11,31422.4,94
2019-11-30,12,34685.3,97
2019-11-30,13,35838.1,98
2019-11-30,14,35838.1,98
2019-11-30,15,34149.8,96
2019-11-30,16,34149.8,96
2019-11-30,17,34149.8,96
2019-11-30,18,36270.6,99
2019-11-30,19,36270.6,99
2019-11-30,20,36270.6,99
2019-11-30,21,34400.6,96
2019-11-30,22,32069.7,94
2019-11-30,23,30203.5,92
2019-12-01,0,29115.3,91
2019-12-01,1,26668.9,87
2019-12-01,2,26668.9,87
2019-12-01,3,27757.1,88
2019-12-01,4,28768.1,90
2019-12-01,5,29920.9,91
2019-12-01,6,31771.7,92
2019-12-01,7,32621.2,93
2019-12-01,8,32621.2,93
2019-12-01,9,32621.2,93
2019-12-01,10,32621.2,93
2019-12-01,11,31689.2,92
2019-12-01,12,29838.4,91
2019-12-01,13,28579.8,89
2019-12-01,14,28982.5,88
2019-12-01,15,28582.1,90
2019-12-01,16,32342.9,94
2019-12-01,17,36959.7,98
2019-12-01,18,40609.5,102
2019-12-01,19,40609.5,102
2019-12-01,20,40609.5,102
2019-12-01,21,40609.5,102
2019-12-01,22,39150.2,100
2019-12-01,23,37296.0,98
2019-12-02,0,36687.4,98
2019-12-02,1,33754.4,96
2019-12-02,2,35549.8,97
2019-12-02,3,37400.6,98
2019-12-02,4,38875.7,100
2019-12-02,5,45171.8,107
2019-12-02,6,46653.1,109
2019-12-02,7,47505.3,110
2019-12-02,8,47505.3,110
2019-12-02,9,44976.4,108
2019-12-02,10,43511.7,106
2019-12-02,11,39939.3,103
2019-12-02,12,38287.1,101
2019-12-02,13,34984.5,97
2019-12-02,14,33331.5,95
2019-12-02,15,33331.5,95
2019-12-02,16,36672.2,99
2019-12-02,17,41222.8,104
2019-12-02,18,42815.5,106
2019-12-02,19,42815.5,106
2019-12-02,20,42815.5,106
2019-12-02,21,42137.4,105
2019-12-02,22,39758.1,102
2019-12-02,23,36461.3,99
2019-12-03,0,33824.1,93
2019-12-03,1,33824.1,93
2019-12-03,2,34176.2,95
2019-12-03,3,35537.5,98
2019-12-03,4,38424.3,100
2019-12-03,5,44588.0,104
2019-12-03,6,46438.8,105
2019-12-03,7,46438.8,105
2019-12-03,8,45777.3,104
2019-12-03,9,43926.5,103
2019-12-03,10,39918.1,102
2019-12-03,11,35834.0,97
2019-12-03,12,34100.0,96
2019-12-03,13,32304.6,95
2019-12-03,14,30754.2,93
2019-12-03,15,30754.2,93
2019-12-03,16,33244.2,96
2019-12-03,17,38037.4,101
2019-12-03,18,40924.2,103
2019-12-03,19,40924.2,103
2019-12-03,20,40924.2,103
2019-12-03,21,40924.2,103
2019-12-03,22,39190.2,102
2019-12-03,23,37351.8,100
2019-12-04,0,35698.8,98
2019-12-04,1,35037.3,97
2019-12-04,2,34294.5,97
2019-12-04,3,35007.9,98
2019-12-04,4,37681.5,100
2019-12-04,5,43789.6,107
2019-12-04,6,45640.4,108
2019-12-04,7,45640.4,108
2019-12-04,8,45640.4,108
2019-12-04,9,43789.6,107
2019-12-04,10,41754.9,104
2019-12-04,11,38938.7,102
2019-12-04,12,38024.1,101
2019-12-04,13,35289.1,99
2019-12-04,14,35289.1,99
2019-12-04,15,34957.4,97
2019-12-04,16,37504.5,100
2019-12-04,17,40170.2,104
2019-12-04,18,41904.2,105
2019-12-04,19,41904.2,105
2019-12-04,20,41334.2,104
2019-12-04,21,39600.2,103
2019-12-04,22,36461.3,99
2019-12-04,23,32488.0,94
2019-12-05,0,30372.2,91
2019-12-05,1,27400.7,87
2019-12-05,2,27571.1,88
2019-12-05,3,28503.1,89
2019-12-05,4,30763.0,93
2019-12-05,5,36022.4,97
2019-12-05,6,38612.7,100
2019-12-05,7,38612.7,100
2019-12-05,8,38612.7,100
2019-12-05,9,36924.4,98
2019-12-05,10,35835.0,96
2019-12-05,11,32386.6,93
2019-12-05,12,34205.2,96
2019-12-05,13,32354.4,95
2019-12-05,14,32354.4,95
2019-12-05,15,32354.4,95
2019-12-05,16,32038.8,93
2019-12-05,17,34740.7,97
2019-12-05,18,36536.1,98
2019-12-05,19,36536.1,98
2019-12-05,20,37688.9,99
2019-12-05,21,36251.4,97
2019-12-05,22,33247.8,95
2019-12-05,23,30763.0,93
2019-12-06,0,29899.6,91
2019-12-06,1,26825.1,87
2019-12-06,2,26473.0,85
2019-12-06,3,26473.0,85
2019-12-06,4,26975.1,88
2019-12-06,5,31452.4,94
2019-12-06,6,34456.0,96
2019-12-06,7,33920.5,95
2019-12-06,8,34098.0,94
2019-12-06,9,34098.0,94
2019-12-06,10,34268.4,95
2019-12-06,11,35176.3,96
2019-12-06,12,33076.5,94
2019-12-06,13,33092.6,94
2019-12-06,14,31463.6,92
2019-12-06,15,31463.6,92
2019-12-06,16,33482.2,96
2019-12-06,17,38587.7,100
2019-12-06,18,40188.8,102
2019-12-06,19,40188.8,102
2019-12-06,20,40188.8,102
2019-12-06,21,38587.7,100
2019-12-06,22,36749.3,98
2019-12-06,23,34907.1,96
2019-12-07,0,33908.5,96
2019-12-07,1,33908.5,96
2019-12-07,2,32113.1,95
2019-12-07,3,32113.1,95
2019-12-07,4,33955.3,97
2019-12-07,5,36832.9,99
2019-12-07,6,38566.9,100
2019-12-07,7,40421.1,102
2019-12-07,8,40421.1,102
2019-12-07,9,40421.1,102
2019-12-07,10,39707.7,101
2019-12-07,11,36891.5,99
2019-12-07,12,35037.3,97
2019-12-07,13,33091.9,95
2019-12-07,14,31939.1,94
2019-12-07,15,31233.2,92
2019-12-07,16,33349.0,95
2019-12-07,17,36461.3,99
2019-12-07,18,37614.1,100
2019-12-07,19,37614.1,100
2019-12-07,20,37614.1,100
2019-12-07,21,36750.7,98
2019-12-07,22,35105.3,98
2019-12-07,23,33012.9,96
2019-12-08,0,31553.6,94
2019-12-08,1,29514.1,91
2019-12-08,2,28503.1,89
2019-12-08,3,28332.7,88
2019-12-08,4,28332.7,88
2019-12-08,5,29592.7,91
2019-12-08,6,30745.5,92
2019-12-08,7,32596.3,93
2019-12-08,8,31325.0,90
2019-12-08,9,31506.7,91
2019-12-08,10,33081.1,93
2019-12-08,11,30077.5,91
2019-12-08,12,30077.5,91
2019-12-08,13,28017.5,87
2019-12-08,14,27415.1,85
2019-12-08,15,27415.1,85
2019-12-08,16,30049.6,92
2019-12-08,17,34242.8,96
2019-12-08,18,36536.1,98
2019-12-08,19,37688.9,99
2019-12-08,20,37688.9,99
2019-12-08,21,34187.4,96
2019-12-08,22,30916.9,93
2019-12-08,23,25948.1,86
2019-12-09,0,23542.8,81
2019-12-09,1,21664.4,78
2019-12-09,2,21664.4,78
2019-12-09,3,23092.8,80
2019-12-09,4,24683.1,84
2019-12-09,5,30227.5,92
2019-12-09,6,33419.8,96
2019-12-09,7,35215.2,97
2019-12-09,8,35750.7,98
2019-12-09,9,35750.7,98
2019-12-09,10,37614.1,100
2019-12-09,11,36461.3,99
2019-12-09,12,36461.3,99
2019-12-09,13,37375.9,100
2019-12-09,14,37375.9,100
2019-12-09,15,37375.9,100
2019-12-09,16,39410.6,103
2019-12-09,17,41241.5,105
2019-12-09,18,41241.5,105
2019-12-09,19,41241.5,105
2019-12-09,20,40563.4,104
2019-12-09,21,37614.1,100
2019-12-09,22,34205.5,97
2019-12-09,23,30453.9,90
2019-12-10,0,27852.9,87
2019-12-10,1,25839.1,85
2019-12-10,2,25668.7,84
2019-12-10,3,26526.2,86
2019-12-10,4,29982.1,91
2019-12-10,5,32902.9,93
2019-12-10,6,36616.7,97
2019-12-10,7,39003.0,99
2019-12-10,8,41461.9,102
2019-12-10,9,42376.5,103
2019-12-10,10,44952.5,106
2019-12-10,11,44952.5,106
2019-12-10,12,42019.5,104
2019-12-10,13,41079.9,103
2019-12-10,14,39844.9,100
2019-12-10,15,40165.3,102
2019-12-10,16,43484.2,106
2019-12-10,17,49343.4,108
2019-12-10,18,50425.6,109
2019-12-10,19,49622.4,108
2019-12-10,20,49622.4,108
2019-12-10,21,49622.4,108
2019-12-10,22,44427.2,106
2019-12-10,23,41681.5,102
2019-12-11,0,38891.1,100
2019-12-11,1,40205.9,101
2019-12-11,2,39852.1,101
2019-12-11,3,41207.9,103
2019-12-11,4,42290.1,104
2019-12-11,5,49750.4,108
2019-12-11,6,49750.4,108
2019-12-11,7,49750.4,108
2019-12-11,8,49750.4,108
2019-12-11,9,48646.7,107
2019-12-11,10,46994.5,105
2019-12-11,11,42986.1,104
2019-12-11,12,38474.1,100
2019-12-11,13,36006.5,98
2019-12-11,14,32808.3,95
2019-12-11,15,32272.8,94
2019-12-11,16,36240.2,97
2019-12-11,17,41697.6,105
2019-12-11,18,44584.4,107
2019-12-11,19,44584.4,107
2019-12-11,20,44584.4,107
2019-12-11,21,43781.2,106
2019-12-11,22,40173.9,102
2019-12-11,23,37334.4,99
2019-12-12,0,34622.3,93
2019-12-12,1,35036.9,95
2019-12-12,2,35539.0,98
2019-12-12,3,36691.8,99
2019-12-12,4,39951.9,102
2019-12-12,5,45201.2,107
2019-12-12,6,49209.6,108
2019-12-12,7,49209.6,108
2019-12-12,8,49209.6,108
2019-12-12,9,45201.2,107
2019-12-12,10,42552.6,105
2019-12-12,11,38264.1,100
2019-12-12,12,36187.5,98
2019-12-12,13,34696.8,96
2019-12-12,14,32597.0,94
2019-12-12,15,32470.5,93
2019-12-12,16,36004.0,99
2019-12-12,17,41315.8,105
2019-12-12,18,44202.6,107
2019-12-12,19,44772.6,108
2019-12-12,20,44772.6,108
2019-12-12,21,43038.6,107
2019-12-12,22,41245.6,105
2019-12-12,23,40437.4,104
2019-12-13,0,38784.4,102
2019-12-13,1,36183.2,99
2019-12-13,2,36183.2,99
2019-12-13,3,36183.2,99
2019-12-13,4,38856.8,101
2019-12-13,5,44077.6,106
2019-12-13,6,44378.2,106
2019-12-13,7,44378.2,106
2019-12-13,8,44378.2,106
2019-12-13,9,42143.2,104
2019-12-13,10,39763.9,101
2019-12-13,11,35502.7,96
2019-12-13,12,33707.3,95
2019-12-13,13,31364.9,92
2019-12-13,14,29850.9,89
2019-12-13,15,29850.9,89
2019-12-13,16,32181.8,93
2019-12-13,17,36962.0,98
2019-12-13,18,41179.5,103
2019-12-13,19,41179.5,103
2019-12-13,20,40609.5,102
2019-12-13,21,40609.5,102
2019-12-13,22,39456.7,101
2019-12-13,23,38374.5,100
2019-12-14,0,37434.9,99
2019-12-14,1,36678.7,98
2019-12-14,2,36090.1,99
2019-12-14,3,36090.1,99
2019-12-14,4,37029.7,100
2019-12-14,5,40831.1,103
2019-12-14,6,41754.9,104
2019-12-14,7,42986.4,106
2019-12-14,8,42986.4,106
2019-12-14,9,42986.4,106
2019-12-14,10,40840.3,103
2019-12-14,11,38024.1,101
2019-12-14,12,35234.1,98
2019-12-14,13,34294.5,97
2019-12-14,14,32089.1,95
2019-12-14,15,32089.1,95
2019-12-14,16,32802.5,96
2019-12-14,17,37375.9,100
2019-12-14,18,38528.7,101
2019-12-14,19,38528.7,101
2019-12-14,20,38528.7,101
2019-12-14,21,37604.9,100
2019-12-14,22,34597.9,97
2019-12-14,23,31367.1,94
2019-12-15,0,30503.7,92
2019-12-15,1,29723.8,91
2019-12-15,2,29723.8,91
2019-12-15,3,30155.8,92
2019-12-15,4,30869.2,93
2019-12-15,5,31615.2,94
2019-12-15,6,32768.0,95
2019-12-15,7,34563.4,96
2019-12-15,8,36143.5,98
2019-12-15,9,36143.5,98
2019-12-15,10,35061.3,97
2019-12-15,11,33908.5,96
2019-12-15,12,33195.1,95
2019-12-15,13,31399.7,94
2019-12-15,14,32113.1,95
2019-12-15,15,32113.1,95
2019-12-15,16,34597.9,97
2019-12-15,17,38749.1,102
2019-12-15,18,39901.9,103
2019-12-15,19,39901.9,103
2019-12-15,20,39901.9,103
2019-12-15,21,38528.7,101
2019-12-15,22,34597.9,97
2019-12-15,23,28946.8,89
2019-12-16,0,29211.4,90
2019-12-16,1,27752.0,88
2019-12-16,2,27902.0,89
2019-12-16,3,29369.5,91
2019-12-16,4,31966.3,93
2019-12-16,5,36749.3,98
2019-12-16,6,40346.7,101
2019-12-16,7,40346.7,101
2019-12-16,8,40196.7,100
2019-12-16,9,40196.7,100
2019-12-16,10,40196.7,100
2019-12-16,11,40444.1,100
2019-12-16,12,40143.5,100
2019-12-16,13,37353.1,98
2019-12-16,14,35022.2,96
2019-12-16,15,35022.2,96
2019-12-16,16,37574.1,99
2019-12-16,17,42717.5,104
2019-12-16,18,46013.1,108
2019-12-16,19,46013.1,108
2019-12-16,20,46013.1,108
2019-12-16,21,43922.5,105
2019-12-16,22,40257.4,102
2019-12-16,23,37088.8,99
2019-12-17,0,36374.6,97
2019-12-17,1,34640.6,96
2019-12-17,2,34116.8,96
2019-12-17,3,36243.7,99
2019-12-17,4,39130.5,101
2019-12-17,5,46079.8,107
2019-12-17,6,50088.2,108
2019-12-17,7,50766.3,109
2019-12-17,8,50766.3,109
2019-12-17,9,50088.2,108
2019-12-17,10,49236.0,107
2019-12-17,11,44566.1,105
2019-12-17,12,41517.3,103
2019-12-17,13,37305.5,99
2019-12-17,14,35451.3,97
2019-12-17,15,34587.9,95
2019-12-17,16,39640.3,100
2019-12-17,17,44482.8,106
2019-12-17,18,49573.4,108
2019-12-17,19,49573.4,108
2019-12-17,20,49573.4,108
2019-12-17,21,49573.4,108
2019-12-17,22,48491.2,107
2019-12-17,23,44482.8,106
2019-12-18,0,42316.8,104
2019-12-18,1,42213.3,104
2019-12-18,2,43158.8,106
2019-12-18,3,44473.6,107
2019-12-18,4,48482.0,108
2019-12-18,5,53028.8,112
2019-12-18,6,55408.4,113
2019-12-18,7,55408.4,113
2019-12-18,8,55408.4,113
2019-12-18,9,53028.8,112
2019-12-18,10,49217.4,109
2019-12-18,11,44639.0,107
2019-12-18,12,39903.9,103
2019-12-18,13,37091.9,99
2019-12-18,14,35609.3,98
2019-12-18,15,35447.3,98
2019-12-18,16,39605.5,102
2019-12-18,17,47050.0,106
2019-12-18,18,47993.4,107
2019-12-18,19,48871.8,108
2019-12-18,20,49675.0,109
2019-12-18,21,49525.0,108
2019-12-18,22,48422.4,107
2019-12-18,23,44584.4,107
2019-12-19,0,42518.7,104
2019-12-19,1,42668.7,105
2019-12-19,2,44715.3,108
2019-12-19,3,44715.3,108
2019-12-19,4,51369.5,110
2019-12-19,5,53734.8,112
2019-12-19,6,56284.8,114
2019-12-19,7,56284.8,114
2019-12-19,8,56284.8,114
2019-12-19,9,52715.3,112
2019-12-19,10,50955.0,110
2019-12-19,11,43361.8,107
2019-12-19,12,39865.9,103
2019-12-19,13,35252.1,98
2019-12-19,14,33364.2,95
2019-12-19,15,31735.2,93
2019-12-19,16,35263.8,97
2019-12-19,17,39193.9,100
2019-12-19,18,43296.0,105
2019-12-19,19,43296.0,105
2019-12-19,20,43296.0,105
2019-12-19,21,42634.5,104
2019-12-19,22,39422.9,100
2019-12-19,23,37459.9,99
2019-12-20,0,35877.7,98
2019-12-20,1,34953.9,97
2019-12-20,2,34953.9,97
2019-12-20,3,36749.3,98
2019-12-20,4,37688.9,99
2019-12-20,5,42902.8,105
2019-12-20,6,43706.0,106
2019-12-20,7,43706.0,106
2019-12-20,8,43706.0,106
2019-12-20,9,43706.0,106
2019-12-20,10,43706.0,106
2019-12-20,11,41326.7,103
2019-12-20,12,41326.7,103
2019-12-20,13,39697.7,101
2019-12-20,14,39484.5,101
2019-12-20,15,39484.5,101
2019-12-20,16,41891.7,104
2019-12-20,17,45466.3,108
2019-12-20,18,45466.3,108
2019-12-20,19,45466.3,108
2019-12-20,20,45466.3,108
2019-12-20,21,45466.3,108
2019-12-20,22,44788.2,107
2019-12-20,23,41336.4,104
2019-12-21,0,40183.6,103
2019-12-21,1,37516.1,100
2019-12-21,2,36576.5,99
2019-12-21,3,36576.5,99
2019-12-21,4,35863.1,98
2019-12-21,5,37729.3,100
2019-12-21,6,39583.5,102
2019-12-21,7,42399.7,104
2019-12-21,8,43323.5,105
2019-12-21,9,43323.5,105
2019-12-21,10,43323.5,105
2019-12-21,11,40747.5,102
2019-12-21,12,39832.9,101
2019-12-21,13,37385.5,99
2019-12-21,14,35590.1,98
2019-12-21,15,35590.1,98
2019-12-21,16,39013.5,101
2019-12-21,17,43556.7,105
2019-12-21,18,44896.3,107
2019-12-21,19,45466.3,108
2019-12-21,20,45466.3,108
2019-12-21,21,44930.8,107
2019-12-21,22,45640.4,108
2019-12-21,23,42875.0,106
2019-12-22,0,41141.0,105
2019-12-22,1,40571.0,104
2019-12-22,2,40571.0,104
2019-12-22,3,41485.6,105
2019-12-22,4,41485.6,105
2019-12-22,5,43219.6,106
2019-12-22,6,43219.6,106
2019-12-22,7,47228.0,107
2019-12-22,8,46288.4,106
2019-12-22,9,46288.4,106
2019-12-22,10,46288.4,106
2019-12-22,11,42137.4,105
2019-12-22,12,38834.3,101
2019-12-22,13,35412.0,98
2019-12-22,14,32903.2,96
2019-12-22,15,33116.4,96
2019-12-22,16,35134.5,98
2019-12-22,17,41242.7,104
2019-12-22,18,43789.6,107
2019-12-22,19,43789.6,107
2019-12-22,20,43789.6,107
2019-12-22,21,43789.6,107
2019-12-22,22,41792.8,105
2019-12-22,23,39758.1,102
2019-12-23,0,38648.1,100
2019-12-23,1,37934.7,99
2019-12-23,2,38648.1,100
2019-12-23,3,41608.9,103
2019-12-23,4,42221.4,104
2019-12-23,5,46229.8,105
2019-12-23,6,48901.2,108
2019-12-23,7,48901.2,108
2019-12-23,8,48901.2,108
2019-12-23,9,48901.2,108
2019-12-23,10,44892.8,107
2019-12-23,11,40714.1,102
2019-12-23,12,38539.5,98
2019-12-23,13,35820.3,96
2019-12-23,14,35820.3,96
2019-12-23,15,33969.5,95
2019-12-23,16,35764.9,96
2019-12-23,17,39142.0,100
2019-12-23,18,40377.0,103
2019-12-23,19,40377.0,103
2019-12-23,20,40377.0,103
2019-12-23,21,40227.0,102
2019-12-23,22,37887.4,100
2019-12-23,23,36140.9,97
2019-12-24,0,34487.9,95
2019-12-24,1,34122.8,95
2019-12-24,2,34272.8,96
2019-12-24,3,35212.4,97
2019-12-24,4,37122.8,100
2019-12-24,5,40009.6,102
2019-12-24,6,42605.8,105
2019-12-24,7,42605.8,105
2019-12-24,8,42605.8,105
2019-12-24,9,42605.8,105
2019-12-24,10,40009.6,102
2019-12-24,11,35641.1,97
2019-12-24,12,34567.3,95
2019-12-24,13,32921.9,95
2019-12-24,14,32069.7,94
2019-12-24,15,30916.9,93
2019-12-24,16,32313.3,92
2019-12-24,17,35374.2,97
2019-12-24,18,35374.2,97
2019-12-24,19,36527.0,98
2019-12-24,20,36527.0,98
2019-12-24,21,33078.6,95
2019-12-24,22,29768.9,91
2019-12-24,23,30922.7,92
2019-12-25,0,29268.5,91
2019-12-25,1,26258.7,87
2019-12-25,2,26258.7,87
2019-12-25,3,26923.7,87
2019-12-25,4,28011.9,88
2019-12-25,5,30379.3,91
2019-12-25,6,32245.5,93
2019-12-25,7,33954.5,95
2019-12-25,8,34324.4,95
2019-12-25,9,34324.4,95
2019-12-25,10,33626.4,95
2019-12-25,11,32103.7,94
2019-12-25,12,30227.5,92
2019-12-25,13,28434.5,90
2019-12-25,14,27139.1,87
2019-12-25,15,26324.1,86
2019-12-25,16,27721.1,89
2019-12-25,17,31856.5,94
2019-12-25,18,34187.4,96
2019-12-25,19,35340.2,97
2019-12-25,20,35340.2,97
2019-12-25,21,32831.4,95
2019-12-25,22,31678.6,94
2019-12-25,23,29993.0,92
2019-12-26,0,29993.0,92
2019-12-26,1,28164.5,89
2019-12-26,2,29317.3,90
2019-12-26,3,28358.5,88
2019-12-26,4,31108.2,93
2019-12-26,5,33507.2,96
2019-12-26,6,36154.8,98
2019-12-26,7,37260.3,100
2019-12-26,8,38174.9,101
2019-12-26,9,38174.9,101
2019-12-26,10,38174.9,101
2019-12-26,11,36546.9,99
2019-12-26,12,36546.9,99
2019-12-26,13,34751.5,98
2019-12-26,14,33749.5,96
2019-12-26,15,33749.5,96
2019-12-26,16,34894.9,98
2019-12-26,17,38528.7,101
2019-12-26,18,38528.7,101
2019-12-26,19,38528.7,101
2019-12-26,20,38528.7,101
2019-12-26,21,36000.9,98
2019-12-26,22,33170.1,95
2019-12-26,23,29150.9,91
2019-12-27,0,27349.3,89
2019-12-27,1,26851.4,88
2019-12-27,2,26315.9,87
2019-12-27,3,26747.9,88
2019-12-27,4,27836.1,89
2019-12-27,5,29303.6,91
2019-12-27,6,31643.2,93
2019-12-27,7,33078.6,95
2019-12-27,8,32639.2,95
2019-12-27,9,32489.2,94
2019-12-27,10,32323.6,93
2019-12-27,11,30852.2,92
2019-12-27,12,30316.7,91
2019-12-27,13,28201.5,88
2019-12-27,14,27488.1,87
2019-12-27,15,27338.1,86
2019-12-27,16,28680.7,90
2019-12-27,17,32353.9,94
2019-12-27,18,32353.9,94
2019-12-27,19,33506.7,95
2019-12-27,20,33506.7,95
2019-12-27,21,29700.3,89
2019-12-27,22,27360.7,87
2019-12-27,23,25160.3,84
2019-12-28,0,23578.5,82
2019-12-28,1,21469.2,78
2019-12-28,2,21015.7,77
2019-12-28,3,20227.3,76
2019-12-28,4,20227.3,76
2019-12-28,5,21015.7,77
2019-12-28,6,22622.0,79
2019-12-28,7,24578.2,83
2019-12-28,8,30282.7,91
2019-12-28,9,29665.4,91
2019-12-28,10,30354.8,92
2019-12-28,11,30354.8,92
2019-12-28,12,30185.3,91
2019-12-28,13,31338.1,92
2019-12-28,14,30113.2,90
2019-12-28,15,31108.6,91
2019-12-28,16,31108.6,91
2019-12-28,17,32076.4,93
2019-12-28,18,33871.8,94
2019-12-28,19,33871.8,94
2019-12-28,20,33871.8,94
2019-12-28,21,32221.2,93
2019-12-28,22,32386.8,94
2019-12-28,23,30591.4,93
2019-12-29,0,30089.3,90
2019-12-29,1,27907.1,89
2019-12-29,2,27907.1,89
2019-12-29,3,30889.8,92
2019-12-29,4,30889.8,92
2019-12-29,5,31635.8,93
2019-12-29,6,32496.8,94
2019-12-29,7,34062.4,96
2019-12-29,8,35002.0,97
2019-12-29,9,35002.0,97
2019-12-29,10,35002.0,97
2019-12-29,11,32517.2,95
2019-12-29,12,30213.6,92
2019-12-29,13,27963.7,86
2019-12-29,14,25844.1,83
2019-12-29,15,25844.1,83
2019-12-29,16,27667.3,88
2019-12-29,17,33052.7,96
2019-12-29,18,40262.7,102
2019-12-29,19,40262.7,102
2019-12-29,20,40262.7,102
2019-12-29,21,40262.7,102
2019-12-29,22,40262.7,102
2019-12-29,23,37589.1,100
2019-12-30,0,37589.1,100
2019-12-30,1,35750.7,98
2019-12-30,2,35750.7,98
2019-12-30,3,35750.7,98
2019-12-30,4,38538.6,101
2019-12-30,5,42521.0,105
2019-12-30,6,45654.5,109
2019-12-30,7,45654.5,109
2019-12-30,8,45654.5,109
2019-12-30,9,45654.5,109
2019-12-30,10,43894.2,107
2019-12-30,11,40682.6,103
2019-12-30,12,38287.1,101
2019-12-30,13,35552.1,99
2019-12-30,14,33986.5,97
2019-12-30,15,33484.4,94
2019-12-30,16,36495.3,99
2019-12-30,17,42858.1,104
2019-12-30,18,44788.2,107
2019-12-30,19,45466.3,108
2019-12-30,20,45466.3,108
2019-12-30,21,45466.3,108
2019-12-30,22,44788.2,107
2019-12-30,23,43864.4,106
2019-12-31,0,41327.2,104
2019-12-31,1,41327.2,104
2019-12-31,2,43061.2,105
2019-12-31,3,42121.6,104
2019-12-31,4,46130.0,105
2019-12-31,5,47785.4,107
2019-12-31,6,49896.0,109
2019-12-31,7,49896.0,109
2019-12-31,8,49896.0,109
2019-12-31,9,48972.2,108
2019-12-31,10,47121.4,107
2019-12-31,11,42030.8,105
2019-12-31,12,39635.3,103
2019-12-31,13,35552.1,99
2019-12-31,14,35402.1,98
2019-12-31,15,33535.9,96
2019-12-31,16,36420.9,99
2019-12-31,17,40787.0,104
2019-12-31,18,41357.0,105
2019-12-31,19,41357.0,105
2019-12-31,20,41357.0,105
2019-12-31,21,38948.6,102
2019-12-31,22,37611.8,100
2019-12-31,23,36950.3,99
