Date,Hour,committed_mw,num_committed
2019-01-01,0,32708.7,95
2019-01-01,1,32708.7,95
2019-01-01,2,31847.7,94
2019-01-01,3,31847.7,94
2019-01-01,4,31847.7,94
2019-01-01,5,33581.7,95
2019-01-01,6,33332.7,94
2019-01-01,7,34277.1,95
2019-01-01,8,36293.5,97
2019-01-01,9,35441.3,96
2019-01-01,10,35275.7,95
2019-01-01,11,34351.7,94
2019-01-01,12,34351.7,94
2019-01-01,13,32730.3,92
2019-01-01,14,32001.3,91
2019-01-01,15,32001.3,91
2019-01-01,16,35976.8,97
2019-01-01,17,38696.0,99
2019-01-01,18,40380.7,101
2019-01-01,19,40380.7,101
2019-01-01,20,40380.7,101
2019-01-01,21,39948.7,100
2019-01-01,22,39948.7,100
2019-01-01,23,38335.5,98
2019-01-02,0,37033.5,98
2019-01-02,1,37033.5,98
2019-01-02,2,36093.9,97
2019-01-02,3,36783.3,98
2019-01-02,4,39441.1,100
2019-01-02,5,42377.5,103
2019-01-02,6,44692.2,106
2019-01-02,7,45905.4,108
2019-01-02,8,51228.6,110
2019-01-02,9,51228.6,110
2019-01-02,10,52011.8,111
2019-01-02,11,52951.4,112
2019-01-02,12,52951.4,112
2019-01-02,13,52011.8,111
2019-01-02,14,50929.6,110
2019-01-02,15,50929.6,110
2019-01-02,16,52951.4,112
2019-01-02,17,55005.2,114
2019-01-02,18,55005.2,114
2019-01-02,19,55005.2,114
2019-01-02,20,54126.8,113
2019-01-02,21,52812.0,112
2019-01-02,22,48803.6,111
2019-01-02,23,45870.6,109
2019-01-03,0,45870.6,109
2019-01-03,1,44152.8,107
2019-01-03,2,43213.2,106
2019-01-03,3,43213.2,106
2019-01-03,4,47221.6,107
2019-01-03,5,48979.2,108
2019-01-03,6,49893.8,109
2019-01-03,7,49893.8,109
2019-01-03,8,50833.4,110
2019-01-03,9,51347.2,110
2019-01-03,10,50194.4,109
2019-01-03,11,44442.3,106
2019-01-03,12,42603.9,104
2019-01-03,13,40299.9,102
2019-01-03,14,38504.5,101
2019-01-03,15,36883.1,99
2019-01-03,16,39367.9,101
2019-01-03,17,45907.0,108
2019-01-03,18,50997.6,110
2019-01-03,19,52150.4,111
2019-01-03,20,51580.4,110
2019-01-03,21,50265.6,109
2019-01-03,22,49790.9,109
2019-01-03,23,47940.1,108
2019-01-04,0,43823.6,107
2019-01-04,1,43823.6,107
2019-01-04,2,42741.4,106
2019-01-04,3,42741.4,106
2019-01-04,4,45470.6,108
2019-01-04,5,48626.8,108
2019-01-04,6,49709.0,109
2019-01-04,7,49709.0,109
2019-01-04,8,49709.0,109
2019-01-04,9,48830.6,108
2019-01-04,10,46945.2,106
2019-01-04,11,41202.8,104
2019-01-04,12,38532.5,100
2019-01-04,13,34538.0,97
2019-01-04,14,34255.6,96
2019-01-04,15,35187.6,97
2019-01-04,16,35459.6,98
2019-01-04,17,42285.0,105
2019-01-04,18,42355.6,105
2019-01-04,19,44045.6,106
2019-01-04,20,44045.6,106
2019-01-04,21,42355.6,105
2019-01-04,22,41202.8,104
2019-01-04,23,42759.3,106
2019-01-05,0,39906.5,104
2019-01-05,1,36405.1,99
2019-01-05,2,36405.1,99
2019-01-05,3,37344.7,100
2019-01-05,4,38719.6,102
2019-01-05,5,41315.8,105
2019-01-05,6,43619.8,107
2019-01-05,7,44772.6,108
2019-01-05,8,44772.6,108
2019-01-05,9,44772.6,108
2019-01-05,10,41904.2,105
2019-01-05,11,38195.3,100
2019-01-05,12,35002.0,97
2019-01-05,13,32161.7,93
2019-01-05,14,30216.3,91
2019-01-05,15,29284.3,90
2019-01-05,16,29864.2,89
2019-01-05,17,33564.1,94
2019-01-05,18,34824.1,97
2019-01-05,19,34824.1,97
2019-01-05,20,34824.1,97
2019-01-05,21,33386.6,95
2019-01-05,22,31980.0,92
2019-01-05,23,33564.5,95
2019-01-06,0,30510.5,92
2019-01-06,1,28196.1,89
2019-01-06,2,28196.1,89
2019-01-06,3,29434.3,91
2019-01-06,4,29434.3,91
2019-01-06,5,29434.3,91
2019-01-06,6,30683.2,93
2019-01-06,7,31372.6,94
2019-01-06,8,31372.6,94
2019-01-06,9,31372.6,94
2019-01-06,10,31207.0,93
2019-01-06,11,28909.8,90
2019-01-06,12,28057.6,89
2019-01-06,13,26317.2,86
2019-01-06,14,24337.0,84
2019-01-06,15,24337.0,84
2019-01-06,16,26200.9,87
2019-01-06,17,28863.5,90
2019-01-06,18,33004.6,94
2019-01-06,19,33004.6,94
2019-01-06,20,31270.6,93
2019-01-06,21,27984.5,88
2019-01-06,22,24171.4,83
2019-01-06,23,21951.5,78
2019-01-07,0,18793.5,71
2019-01-07,1,17393.0,68
2019-01-07,2,17890.0,71
2019-01-07,3,19978.3,75
2019-01-07,4,20766.7,76
2019-01-07,5,28413.5,89
2019-01-07,6,28845.5,90
2019-01-07,7,30629.7,92
2019-01-07,8,32304.6,95
2019-01-07,9,32304.6,95
2019-01-07,10,32304.6,95
2019-01-07,11,32304.6,95
2019-01-07,12,32304.6,95
2019-01-07,13,30901.8,93
2019-01-07,14,30901.8,93
2019-01-07,15,30901.8,93
2019-01-07,16,31249.7,93
2019-01-07,17,35597.9,97
2019-01-07,18,37375.9,100
2019-01-07,19,37375.9,100
2019-01-07,20,37375.9,100
2019-01-07,21,35537.5,98
2019-01-07,22,32457.9,95
2019-01-07,23,29082.1,90
2019-01-08,0,27993.9,89
2019-01-08,1,26315.9,87
2019-01-08,2,26315.9,87
2019-01-08,3,27836.1,89
2019-01-08,4,29514.1,91
2019-01-08,5,34883.1,96
2019-01-08,6,36746.5,98
2019-01-08,7,38374.5,100
2019-01-08,8,38374.5,100
2019-01-08,9,38944.5,101
2019-01-08,10,38944.5,101
2019-01-08,11,37459.9,99
2019-01-08,12,36520.3,98
2019-01-08,13,34724.9,97
2019-01-08,14,32703.7,95
2019-01-08,15,32703.7,95
2019-01-08,16,31840.3,93
2019-01-08,17,35344.1,96
2019-01-08,18,37459.9,99
2019-01-08,19,37459.9,99
2019-01-08,20,37459.9,99
2019-01-08,21,35098.6,96
2019-01-08,22,31217.3,92
2019-01-08,23,28002.5,89
2019-01-09,0,27418.4,86
2019-01-09,1,25239.9,83
2019-01-09,2,25239.9,83
2019-01-09,3,27090.7,84
2019-01-09,4,27674.8,87
2019-01-09,5,33323.4,93
2019-01-09,6,37148.7,97
2019-01-09,7,37148.7,97
2019-01-09,8,37580.7,98
2019-01-09,9,37580.7,98
2019-01-09,10,37580.7,98
2019-01-09,11,36641.1,97
2019-01-09,12,34907.1,96
2019-01-09,13,33111.7,95
2019-01-09,14,31466.3,93
2019-01-09,15,31145.9,91
2019-01-09,16,32179.7,94
2019-01-09,17,36536.1,98
2019-01-09,18,39184.7,100
2019-01-09,19,39184.7,100
2019-01-09,20,39184.7,100
2019-01-09,21,38752.7,99
2019-01-09,22,37148.7,97
2019-01-09,23,34475.1,95
2019-01-10,0,35596.5,97
2019-01-10,1,34597.9,97
2019-01-10,2,33884.5,96
2019-01-10,3,35537.5,98
2019-01-10,4,36690.3,99
2019-01-10,5,42297.4,105
2019-01-10,6,44148.2,106
2019-01-10,7,44148.2,106
2019-01-10,8,44148.2,106
2019-01-10,9,41530.7,103
2019-01-10,10,39122.3,100
2019-01-10,11,34978.2,97
2019-01-10,12,34978.2,97
2019-01-10,13,32405.5,93
2019-01-10,14,31002.7,91
2019-01-10,15,30753.7,90
2019-01-10,16,32485.8,93
2019-01-10,17,35684.0,96
2019-01-10,18,36331.9,98
2019-01-10,19,36331.9,98
2019-01-10,20,36331.9,98
2019-01-10,21,33847.1,96
2019-01-10,22,30958.6,91
2019-01-10,23,29224.6,90
2019-01-11,0,27253.5,87
2019-01-11,1,28141.3,89
2019-01-11,2,29002.3,90
2019-01-11,3,30864.2,93
2019-01-11,4,33195.1,95
2019-01-11,5,36331.9,98
2019-01-11,6,37271.5,99
2019-01-11,7,37271.5,99
2019-01-11,8,37271.5,99
2019-01-11,9,35310.5,97
2019-01-11,10,35310.5,97
2019-01-11,11,35310.5,97
2019-01-11,12,32968.1,94
2019-01-11,13,32536.1,93
2019-01-11,14,30120.7,86
2019-01-11,15,30120.7,86
2019-01-11,16,31965.0,92
2019-01-11,17,33847.1,96
2019-01-11,18,35476.1,98
2019-01-11,19,35476.1,98
2019-01-11,20,35476.1,98
2019-01-11,21,32812.2,95
2019-01-11,22,30405.1,92
2019-01-11,23,27546.3,88
2019-01-12,0,26458.1,87
2019-01-12,1,27061.9,88
2019-01-12,2,28150.1,89
2019-01-12,3,28150.1,89
2019-01-12,4,28000.1,88
2019-01-12,5,29850.9,89
2019-01-12,6,28989.9,88
2019-01-12,7,30613.8,88
2019-01-12,8,33371.6,91
2019-01-12,9,33723.7,93
2019-01-12,10,35457.7,94
2019-01-12,11,32880.3,93
2019-01-12,12,32465.7,91
2019-01-12,13,30731.7,90
2019-01-12,14,30731.7,90
2019-01-12,15,31146.3,92
2019-01-12,16,31146.3,92
2019-01-12,17,37236.7,97
2019-01-12,18,39075.1,99
2019-01-12,19,40108.5,101
2019-01-12,20,40108.5,101
2019-01-12,21,38374.5,100
2019-01-12,22,38374.5,100
2019-01-12,23,35822.7,97
2019-01-13,0,34883.1,96
2019-01-13,1,34451.1,95
2019-01-13,2,35164.5,96
2019-01-13,3,35164.5,96
2019-01-13,4,36246.7,97
2019-01-13,5,38373.1,99
2019-01-13,6,40211.5,101
2019-01-13,7,41945.5,102
2019-01-13,8,42377.5,103
2019-01-13,9,42377.5,103
2019-01-13,10,42377.5,103
2019-01-13,11,39456.9,100
2019-01-13,12,39456.9,100
2019-01-13,13,35319.1,96
2019-01-13,14,35319.1,96
2019-01-13,15,35319.1,96
2019-01-13,16,38517.3,99
2019-01-13,17,41865.3,103
2019-01-13,18,44761.8,106
2019-01-13,19,44761.8,106
2019-01-13,20,44761.8,106
2019-01-13,21,44761.8,106
2019-01-13,22,43609.0,105
2019-01-13,23,41462.9,102
2019-01-14,0,40529.9,102
2019-01-14,1,39447.7,101
2019-01-14,2,38091.9,99
2019-01-14,3,39668.0,101
2019-01-14,4,41800.8,104
2019-01-14,5,48625.4,107
2019-01-14,6,51204.6,110
2019-01-14,7,51204.6,110
2019-01-14,8,50265.0,109
2019-01-14,9,50697.0,110
2019-01-14,10,50554.4,110
2019-01-14,11,46546.0,109
2019-01-14,12,43894.2,107
2019-01-14,13,40774.6,101
2019-01-14,14,37934.8,98
2019-01-14,15,38436.9,101
2019-01-14,16,40089.9,103
2019-01-14,17,48184.1,107
2019-01-14,18,48184.1,107
2019-01-14,19,48184.1,107
2019-01-14,20,48845.6,108
2019-01-14,21,48845.6,108
2019-01-14,22,44837.2,107
2019-01-14,23,41833.6,105
2019-01-15,0,40232.5,103
2019-01-15,1,37866.9,100
2019-01-15,2,37866.9,100
2019-01-15,3,39662.5,102
2019-01-15,4,40602.1,103
2019-01-15,5,46461.3,105
2019-01-15,6,47614.1,106
2019-01-15,7,47614.1,106
2019-01-15,8,47614.1,106
2019-01-15,9,46461.3,105
2019-01-15,10,45609.1,104
2019-01-15,11,44526.9,103
2019-01-15,12,40119.5,100
2019-01-15,13,38158.5,98
2019-01-15,14,36366.8,96
2019-01-15,15,36698.5,98
2019-01-15,16,40348.1,101
2019-01-15,17,45188.4,104
2019-01-15,18,46840.6,106
2019-01-15,19,46840.6,106
2019-01-15,20,46270.6,105
2019-01-15,21,46270.6,105
2019-01-15,22,39446.0,102
2019-01-15,23,36410.6,98
2019-01-16,0,32962.2,95
2019-01-16,1,32272.8,94
2019-01-16,2,31411.8,93
2019-01-16,3,32272.8,94
2019-01-16,4,34068.2,95
2019-01-16,5,39446.0,102
2019-01-16,6,41180.0,103
2019-01-16,7,41180.0,103
2019-01-16,8,41180.0,103
2019-01-16,9,40265.4,102
2019-01-16,10,39603.9,101
2019-01-16,11,37459.9,99
2019-01-16,12,35664.5,98
2019-01-16,13,33265.6,95
2019-01-16,14,31691.2,93
2019-01-16,15,30759.2,92
2019-01-16,16,32552.2,94
2019-01-16,17,36536.1,98
2019-01-16,18,40172.7,103
2019-01-16,19,40172.7,103
2019-01-16,20,40172.7,103
2019-01-16,21,38029.9,100
2019-01-16,22,35762.5,97
2019-01-16,23,31933.3,93
2019-01-17,0,30131.7,91
2019-01-17,1,27073.7,88
2019-01-17,2,27073.7,88
2019-01-17,3,28161.9,89
2019-01-17,4,29629.4,91
2019-01-17,5,35110.3,97
2019-01-17,6,36902.1,99
2019-01-17,7,38218.1,101
2019-01-17,8,39132.7,102
2019-01-17,9,39132.7,102
2019-01-17,10,39132.7,102
2019-01-17,11,36724.3,99
2019-01-17,12,36724.3,99
2019-01-17,13,33052.7,96
2019-01-17,14,32113.1,95
2019-01-17,15,32802.5,96
2019-01-17,16,34597.9,97
2019-01-17,17,39338.9,101
2019-01-17,18,39338.9,101
2019-01-17,19,39338.9,101
2019-01-17,20,39338.9,101
2019-01-17,21,38186.1,100
2019-01-17,22,36331.9,98
2019-01-17,23,31399.7,94
2019-01-18,0,30388.7,92
2019-01-18,1,28788.4,89
2019-01-18,2,28252.9,88
2019-01-18,3,28174.3,88
2019-01-18,4,29286.7,91
2019-01-18,5,31710.1,93
2019-01-18,6,34978.2,97
2019-01-18,7,34978.2,97
2019-01-18,8,34978.2,97
2019-01-18,9,34812.6,96
2019-01-18,10,33873.0,95
2019-01-18,11,32941.0,94
2019-01-18,12,31207.0,93
2019-01-18,13,32251.6,93
2019-01-18,14,30967.4,91
2019-01-18,15,29083.4,89
2019-01-18,16,28913.9,88
2019-01-18,17,32065.0,93
2019-01-18,18,31029.0,92
2019-01-18,19,31029.0,92
2019-01-18,20,32065.0,93
2019-01-18,21,29399.0,91
2019-01-18,22,26388.8,85
2019-01-18,23,23752.9,81
2019-01-19,0,20787.1,77
2019-01-19,1,21951.5,78
2019-01-19,2,22121.0,79
2019-01-19,3,29455.3,90
2019-01-19,4,29455.3,90
2019-01-19,5,31306.1,91
2019-01-19,6,33788.9,94
2019-01-19,7,36020.8,96
2019-01-19,8,38419.7,99
2019-01-19,9,39022.9,99
2019-01-19,10,39022.9,99
2019-01-19,11,39188.5,100
2019-01-19,12,38264.7,99
2019-01-19,13,37574.1,99
2019-01-19,14,34703.8,95
2019-01-19,15,33517.0,94
2019-01-19,16,33335.3,93
2019-01-19,17,36637.5,98
2019-01-19,18,42612.9,104
2019-01-19,19,42612.9,104
2019-01-19,20,42612.9,104
2019-01-19,21,42612.9,104
2019-01-19,22,41689.1,103
2019-01-19,23,41689.1,103
2019-01-20,0,44728.7,106
2019-01-20,1,43444.5,104
2019-01-20,2,42909.0,103
2019-01-20,3,44095.8,104
2019-01-20,4,45292.8,106
2019-01-20,5,49301.2,107
2019-01-20,6,50454.0,108
2019-01-20,7,50454.0,108
2019-01-20,8,50886.0,109
2019-01-20,9,50886.0,109
2019-01-20,10,48081.0,106
2019-01-20,11,43411.1,104
2019-01-20,12,39561.3,101
2019-01-20,13,34298.5,96
2019-01-20,14,31187.7,91
2019-01-20,15,30000.9,90
2019-01-20,16,31364.9,92
2019-01-20,17,37459.9,99
2019-01-20,18,43021.6,105
2019-01-20,19,43021.6,105
2019-01-20,20,43021.6,105
2019-01-20,21,42107.0,104
2019-01-20,22,39763.9,101
2019-01-20,23,37802.9,99
2019-01-21,0,34270.4,95
2019-01-21,1,33334.4,94
2019-01-21,2,33085.4,93
2019-01-21,3,33973.4,95
2019-01-21,4,35768.8,96
2019-01-21,5,38905.6,99
2019-01-21,6,41295.3,102
2019-01-21,7,42173.7,103
2019-01-21,8,42173.7,103
2019-01-21,9,42173.7,103
2019-01-21,10,41295.3,102
2019-01-21,11,38585.3,100
2019-01-21,12,35927.5,98
2019-01-21,13,32155.2,93
2019-01-21,14,29531.6,86
2019-01-21,15,28245.8,85
2019-01-21,16,28804.8,86
2019-01-21,17,33448.9,94
2019-01-21,18,35264.7,95
2019-01-21,19,35233.0,95
2019-01-21,20,35165.7,95
2019-01-21,21,31498.7,92
2019-01-21,22,27759.5,86
2019-01-21,23,27775.2,86
2019-01-22,0,24172.7,78
2019-01-22,1,20761.9,74
2019-01-22,2,20761.9,74
2019-01-22,3,22041.0,76
2019-01-22,4,22211.4,77
2019-01-22,5,27057.7,85
2019-01-22,6,29601.9,88
2019-01-22,7,29601.9,88
2019-01-22,8,30536.4,91
2019-01-22,9,30536.4,91
2019-01-22,10,30536.4,91
2019-01-22,11,30000.9,90
2019-01-22,12,30000.9,90
2019-01-22,13,28544.9,88
2019-01-22,14,28544.9,88
2019-01-22,15,28544.9,88
2019-01-22,16,30388.8,91
2019-01-22,17,33810.8,95
2019-01-22,18,35606.2,96
2019-01-22,19,37340.2,97
2019-01-22,20,37340.2,97
2019-01-22,21,33261.4,92
2019-01-22,22,31527.4,91
2019-01-22,23,30173.2,88
2019-01-23,0,30731.7,90
2019-01-23,1,30980.7,91
2019-01-23,2,30980.7,91
2019-01-23,3,33812.3,94
2019-01-23,4,35127.1,95
2019-01-23,5,43168.7,104
2019-01-23,6,48933.6,110
2019-01-23,7,49611.7,111
2019-01-23,8,49611.7,111
2019-01-23,9,49611.7,111
2019-01-23,10,48733.3,110
2019-01-23,11,44647.5,107
2019-01-23,12,42339.1,103
2019-01-23,13,38242.9,100
2019-01-23,14,35507.9,98
2019-01-23,15,36528.5,98
2019-01-23,16,37781.3,100
2019-01-23,17,42668.5,104
2019-01-23,18,49321.9,108
2019-01-23,19,50174.1,109
2019-01-23,20,50174.1,109
2019-01-23,21,50174.1,109
2019-01-23,22,49021.3,108
2019-01-23,23,45518.3,105
2019-01-24,0,44578.7,104
2019-01-24,1,43775.5,103
2019-01-24,2,43775.5,103
2019-01-24,3,45376.6,105
2019-01-24,4,48576.8,108
2019-01-24,5,55007.4,114
2019-01-24,6,58065.1,116
2019-01-24,7,58065.1,116
2019-01-24,8,58065.1,116
2019-01-24,9,53031.5,113
2019-01-24,10,49470.0,109
2019-01-24,11,42782.6,105
2019-01-24,12,39675.4,102
2019-01-24,13,36235.9,98
2019-01-24,14,32502.2,94
2019-01-24,15,32283.6,94
2019-01-24,16,33133.3,96
2019-01-24,17,35664.5,98
2019-01-24,18,39747.7,102
2019-01-24,19,41331.7,102
2019-01-24,20,40946.2,102
2019-01-24,21,40946.2,102
2019-01-24,22,39212.2,101
2019-01-24,23,41891.7,104
2019-01-25,0,39150.5,101
2019-01-25,1,37701.5,100
2019-01-25,2,37701.5,100
2019-01-25,3,39435.5,101
2019-01-25,4,42650.5,104
2019-01-25,5,50636.7,109
2019-01-25,6,50636.7,109
2019-01-25,7,51488.9,110
2019-01-25,8,51488.9,110
2019-01-25,9,50336.1,109
2019-01-25,10,48485.3,108
2019-01-25,11,42984.7,105
2019-01-25,12,40447.5,103
2019-01-25,13,35554.3,98
2019-01-25,14,33469.3,95
2019-01-25,15,33469.3,95
2019-01-25,16,34239.5,97
2019-01-25,17,39372.9,101
2019-01-25,18,41116.6,103
2019-01-25,19,41116.6,103
2019-01-25,20,41116.6,103
2019-01-25,21,40684.6,102
2019-01-25,22,38419.1,99
2019-01-25,23,35745.5,97
2019-01-26,0,35745.5,97
2019-01-26,1,35745.5,97
2019-01-26,2,35745.5,97
2019-01-26,3,36177.5,98
2019-01-26,4,37806.5,100
2019-01-26,5,41607.9,103
2019-01-26,6,42531.7,104
2019-01-26,7,43904.9,106
2019-01-26,8,43904.9,106
2019-01-26,9,43904.9,106
2019-01-26,10,42752.1,105
2019-01-26,11,39524.3,102
2019-01-26,12,37638.9,100
2019-01-26,13,33813.8,95
2019-01-26,14,31305.0,93
2019-01-26,15,30373.0,92
2019-01-26,16,31840.5,94
2019-01-26,17,36892.9,99
2019-01-26,18,38721.1,101
2019-01-26,19,38721.1,101
2019-01-26,20,38721.1,101
2019-01-26,21,38721.1,101
2019-01-26,22,38918.9,100
2019-01-26,23,37819.5,99
2019-01-27,0,37819.5,99
2019-01-27,1,35822.7,97
2019-01-27,2,36536.1,98
2019-01-27,3,35596.5,97
2019-01-27,4,36536.1,98
2019-01-27,5,38029.9,100
2019-01-27,6,39763.9,101
2019-01-27,7,40678.5,102
2019-01-27,8,40678.5,102
2019-01-27,9,40678.5,102
2019-01-27,10,38944.5,101
2019-01-27,11,35098.6,96
2019-01-27,12,34563.1,95
2019-01-27,13,31769.1,94
2019-01-27,14,30366.3,92
2019-01-27,15,28950.5,88
2019-01-27,16,30366.3,92
2019-01-27,17,35002.0,97
2019-01-27,18,38856.8,101
2019-01-27,19,40341.4,103
2019-01-27,20,40341.4,103
2019-01-27,21,38607.4,102
2019-01-27,22,36461.3,99
2019-01-27,23,31399.7,94
2019-01-28,0,29663.6,91
2019-01-28,1,29128.1,90
2019-01-28,2,30216.3,91
2019-01-28,3,32339.3,95
2019-01-28,4,34027.3,96
2019-01-28,5,39193.9,100
2019-01-28,6,39193.9,100
2019-01-28,7,40108.5,101
2019-01-28,8,40108.5,101
2019-01-28,9,40108.5,101
2019-01-28,10,38374.5,100
2019-01-28,11,33801.1,96
2019-01-28,12,33801.1,96
2019-01-28,13,30333.2,90
2019-01-28,14,32179.7,94
2019-01-28,15,30328.9,93
2019-01-28,16,32179.7,94
2019-01-28,17,33115.6,94
2019-01-28,18,36924.4,98
2019-01-28,19,37459.9,99
2019-01-28,20,37459.9,99
2019-01-28,21,35664.5,98
2019-01-28,22,33699.1,95
2019-01-28,23,30560.1,90
2019-01-29,0,30671.7,90
2019-01-29,1,31024.2,91
2019-01-29,2,31024.2,91
2019-01-29,3,35735.1,97
2019-01-29,4,40408.7,102
2019-01-29,5,47727.2,106
2019-01-29,6,52137.3,111
2019-01-29,7,52137.3,111
2019-01-29,8,51459.2,110
2019-01-29,9,50797.7,109
2019-01-29,10,46789.3,108
2019-01-29,11,43785.7,106
2019-01-29,12,40447.5,103
2019-01-29,13,36410.1,98
2019-01-29,14,34614.7,97
2019-01-29,15,33299.9,96
2019-01-29,16,35308.0,98
2019-01-29,17,40866.7,103
2019-01-29,18,44875.1,104
2019-01-29,19,46725.9,105
2019-01-29,20,46725.9,105
2019-01-29,21,44875.1,104
2019-01-29,22,44305.1,103
2019-01-29,23,42571.1,102
2019-01-30,0,38972.7,102
2019-01-30,1,39773.7,103
2019-01-30,2,40343.7,104
2019-01-30,3,41496.5,105
2019-01-30,4,43892.0,107
2019-01-30,5,51636.6,111
2019-01-30,6,51636.6,111
2019-01-30,7,51636.6,111
2019-01-30,8,51636.6,111
2019-01-30,9,49860.6,109
2019-01-30,10,48707.8,108
2019-01-30,11,46822.4,106
2019-01-30,12,41627.2,104
2019-01-30,13,38270.1,99
2019-01-30,14,34845.7,96
2019-01-30,15,33111.7,95
2019-01-30,16,34051.3,96
2019-01-30,17,39193.9,100
2019-01-30,18,42821.3,105
2019-01-30,19,42821.3,105
2019-01-30,20,42821.3,105
2019-01-30,21,41340.0,103
2019-01-30,22,37734.6,98
2019-01-30,23,35061.0,96
2019-01-31,0,33265.6,95
2019-01-31,1,33265.6,95
2019-01-31,2,33265.6,95
2019-01-31,3,35061.0,96
2019-01-31,4,35061.0,96
2019-01-31,5,40108.5,101
2019-01-31,6,40108.5,101
2019-01-31,7,40108.5,101
2019-01-31,8,40108.5,101
2019-01-31,9,38313.1,100
2019-01-31,10,37978.0,98
2019-01-31,11,36474.7,98
2019-01-31,12,35939.2,97
2019-01-31,13,34205.2,96
2019-01-31,14,34205.2,96
2019-01-31,15,32183.6,93
2019-01-31,16,34614.2,96
2019-01-31,17,38374.5,100
2019-01-31,18,41448.1,103
2019-01-31,19,41448.1,103
2019-01-31,20,41448.1,103
2019-01-31,21,39036.0,101
2019-01-31,22,34715.7,97
2019-01-31,23,33265.6,95
2019-02-01,0,28923.8,91
2019-02-01,1,28062.8,90
2019-02-01,2,29151.0,91
2019-02-01,3,30701.4,93
2019-02-01,4,32176.5,95
2019-02-01,5,38037.4,101
2019-02-01,6,39771.4,102
2019-02-01,7,39771.4,102
2019-02-01,8,39771.4,102
2019-02-01,9,39771.4,102
2019-02-01,10,39771.4,102
2019-02-01,11,36773.6,98
2019-02-01,12,35039.6,97
2019-02-01,13,31989.0,93
2019-02-01,14,30929.7,92
2019-02-01,15,30577.6,90
2019-02-01,16,31079.7,93
2019-02-01,17,33244.2,96
2019-02-01,18,35537.5,98
2019-02-01,19,35537.5,98
2019-02-01,20,35537.5,98
2019-02-01,21,34597.9,97
2019-02-01,22,31399.7,94
2019-02-01,23,30547.5,93
2019-02-02,0,28923.8,91
2019-02-02,1,25932.9,87
2019-02-02,2,27021.1,88
2019-02-02,3,27836.1,89
2019-02-02,4,28768.1,90
2019-02-02,5,30227.5,92
2019-02-02,6,30986.9,92
2019-02-02,7,32837.7,93
2019-02-02,8,34563.1,95
2019-02-02,9,34563.1,95
2019-02-02,10,34563.1,95
2019-02-02,11,32767.7,94
2019-02-02,12,31762.7,91
2019-02-02,13,28880.9,89
2019-02-02,14,28167.5,88
2019-02-02,15,26043.1,85
2019-02-02,16,28150.1,89
2019-02-02,17,31143.1,93
2019-02-02,18,34187.4,96
2019-02-02,19,34187.4,96
2019-02-02,20,34187.4,96
2019-02-02,21,32534.4,94
2019-02-02,22,30049.6,92
2019-02-02,23,26975.1,88
2019-02-03,0,24539.5,83
2019-02-03,1,22382.5,80
2019-02-03,2,21057.7,78
2019-02-03,3,21846.1,79
2019-02-03,4,21846.1,79
2019-02-03,5,21846.1,79
2019-02-03,6,23274.5,81
2019-02-03,7,25155.9,85
2019-02-03,8,28932.4,91
2019-02-03,9,28932.4,91
2019-02-03,10,28932.4,91
2019-02-03,11,28268.9,89
2019-02-03,12,27555.5,88
2019-02-03,13,27123.5,87
2019-02-03,14,26035.3,86
2019-02-03,15,26896.3,87
2019-02-03,16,26896.3,87
2019-02-03,17,28693.1,89
2019-02-03,18,30331.0,92
2019-02-03,19,30331.0,92
2019-02-03,20,30331.0,92
2019-02-03,21,28150.1,89
2019-02-03,22,27238.5,87
2019-02-03,23,24244.3,83
2019-02-04,0,22927.2,79
2019-02-04,1,21952.8,78
2019-02-04,2,22304.9,80
2019-02-04,3,23656.3,82
2019-02-04,4,25348.1,84
2019-02-04,5,29907.1,90
2019-02-04,6,33244.1,93
2019-02-04,7,33564.5,95
2019-02-04,8,34100.0,96
2019-02-04,9,34100.0,96
2019-02-04,10,34597.9,97
2019-02-04,11,32802.5,96
2019-02-04,12,32304.6,95
2019-02-04,13,32995.2,95
2019-02-04,14,33742.1,97
2019-02-04,15,33742.1,97
2019-02-04,16,33742.1,97
2019-02-04,17,38049.8,100
2019-02-04,18,40691.4,103
2019-02-04,19,39839.2,102
2019-02-04,20,39839.2,102
2019-02-04,21,38374.5,100
2019-02-04,22,34850.5,96
2019-02-04,23,30514.9,93
2019-02-05,0,28713.3,91
2019-02-05,1,25886.9,87
2019-02-05,2,25736.9,86
2019-02-05,3,25736.9,86
2019-02-05,4,27686.1,88
2019-02-05,5,30563.5,91
2019-02-05,6,33849.7,94
2019-02-05,7,35098.6,96
2019-02-05,8,34100.0,96
2019-02-05,9,34597.9,97
2019-02-05,10,32802.5,96
2019-02-05,11,32267.0,95
2019-02-05,12,31577.6,94
2019-02-05,13,30645.6,93
2019-02-05,14,30213.6,92
2019-02-05,15,29898.0,90
2019-02-05,16,30599.1,92
2019-02-05,17,32113.1,95
2019-02-05,18,38186.1,100
2019-02-05,19,38186.1,100
2019-02-05,20,36452.1,99
2019-02-05,21,36020.1,98
2019-02-05,22,32730.5,94
2019-02-05,23,30935.1,93
2019-02-06,0,27666.0,89
2019-02-06,1,25500.9,86
2019-02-06,2,24152.3,83
2019-02-06,3,24152.3,83
2019-02-06,4,25117.3,85
2019-02-06,5,29795.5,91
2019-02-06,6,31517.8,93
2019-02-06,7,32207.2,94
2019-02-06,8,33941.2,95
2019-02-06,9,36227.4,98
2019-02-06,10,35191.4,97
2019-02-06,11,34493.4,97
2019-02-06,12,33578.8,96
2019-02-06,13,31542.8,92
2019-02-06,14,31542.8,92
2019-02-06,15,31392.8,91
2019-02-06,16,31392.8,91
2019-02-06,17,34341.2,94
2019-02-06,18,35348.8,96
2019-02-06,19,35348.8,96
2019-02-06,20,34916.8,95
2019-02-06,21,32408.0,93
2019-02-06,22,28747.1,88
2019-02-06,23,25032.4,84
2019-02-07,0,23014.4,78
2019-02-07,1,18951.5,71
2019-02-07,2,18951.5,71
2019-02-07,3,19468.3,74
2019-02-07,4,20565.7,75
2019-02-07,5,26244.1,86
2019-02-07,6,28984.3,90
2019-02-07,7,30123.7,92
2019-02-07,8,31776.7,94
2019-02-07,9,32963.5,95
2019-02-07,10,32963.5,95
2019-02-07,11,32963.5,95
2019-02-07,12,32963.5,95
2019-02-07,13,32963.5,95
2019-02-07,14,31859.5,92
2019-02-07,15,31248.3,91
2019-02-07,16,32187.9,92
2019-02-07,17,37242.4,98
2019-02-07,18,41223.7,102
2019-02-07,19,40371.5,101
2019-02-07,20,40371.5,101
2019-02-07,21,40371.5,101
2019-02-07,22,37661.5,99
2019-02-07,23,36324.7,97
2019-02-08,0,34923.2,94
2019-02-08,1,34240.2,94
2019-02-08,2,34517.9,92
2019-02-08,3,36071.8,95
2019-02-08,4,37177.0,97
2019-02-08,5,42869.9,101
2019-02-08,6,50751.4,107
2019-02-08,7,51440.8,108
2019-02-08,8,52282.8,110
2019-02-08,9,52282.8,110
2019-02-08,10,52282.8,110
2019-02-08,11,52282.8,110
2019-02-08,12,50167.0,108
2019-02-08,13,50167.0,108
2019-02-08,14,50167.0,108
2019-02-08,15,48991.6,107
2019-02-08,16,48991.6,107
2019-02-08,17,50548.1,109
2019-02-08,18,50548.1,109
2019-02-08,19,50548.1,109
2019-02-08,20,50548.1,109
2019-02-08,21,50548.1,109
2019-02-08,22,48581.6,106
2019-02-08,23,46847.6,105
2019-02-09,0,42839.2,104
2019-02-09,1,42839.2,104
2019-02-09,2,42177.7,103
2019-02-09,3,42177.7,103
2019-02-09,4,42839.2,104
2019-02-09,5,44395.7,106
2019-02-09,6,45548.5,107
2019-02-09,7,51290.9,109
2019-02-09,8,50612.8,108
2019-02-09,9,50612.8,108
2019-02-09,10,50612.8,108
2019-02-09,11,49460.0,107
2019-02-09,12,49310.0,106
2019-02-09,13,44387.0,104
2019-02-09,14,42317.9,100
2019-02-09,15,43058.6,102
2019-02-09,16,43058.6,102
2019-02-09,17,48411.200000000004,105
2019-02-09,18,48581.6,106
2019-02-09,19,48431.6,105
2019-02-09,20,48581.6,106
2019-02-09,21,48581.6,106
2019-02-09,22,48581.6,106
2019-02-09,23,42839.2,104
2019-02-10,0,40180.4,101
2019-02-10,1,38695.8,99
2019-02-10,2,38034.3,98
2019-02-10,3,41103.1,102
2019-02-10,4,42587.7,104
2019-02-10,5,43706.0,106
2019-02-10,6,44584.4,107
2019-02-10,7,45771.2,108
2019-02-10,8,45771.2,108
2019-02-10,9,45771.2,108
2019-02-10,10,45771.2,108
2019-02-10,11,43703.8,106
2019-02-10,12,43133.8,105
2019-02-10,13,40640.7,101
2019-02-10,14,38906.7,100
2019-02-10,15,38906.7,100
2019-02-10,16,39626.7,102
2019-02-10,17,42936.8,105
2019-02-10,18,43740.0,106
2019-02-10,19,43740.0,106
2019-02-10,20,43740.0,106
2019-02-10,21,42255.4,104
2019-02-10,22,38673.1,101
2019-02-10,23,39587.7,102
2019-02-11,0,33903.4,95
2019-02-11,1,29421.9,89
2019-02-11,2,29251.5,88
2019-02-11,3,29035.5,89
2019-02-11,4,31217.3,92
2019-02-11,5,35961.0,97
2019-02-11,6,38696.0,99
2019-02-11,7,38696.0,99
2019-02-11,8,38696.0,99
2019-02-11,9,37398.5,99
2019-02-11,10,37398.5,99
2019-02-11,11,35498.9,97
2019-02-11,12,35498.9,97
2019-02-11,13,34575.1,96
2019-02-11,14,32090.2,91
2019-02-11,15,31920.7,90
2019-02-11,16,33115.6,94
2019-02-11,17,34590.7,96
2019-02-11,18,38029.9,100
2019-02-11,19,38029.9,100
2019-02-11,20,38029.9,100
2019-02-11,21,35166.6,97
2019-02-11,22,33632.5,96
2019-02-11,23,28966.3,89
2019-02-12,0,26168.0,85
2019-02-12,1,23837.1,83
2019-02-12,2,23837.1,83
2019-02-12,3,24493.3,83
2019-02-12,4,27096.3,87
2019-02-12,5,31271.8,92
2019-02-12,6,36566.8,97
2019-02-12,7,38683.5,100
2019-02-12,8,38683.5,100
2019-02-12,9,37768.9,99
2019-02-12,10,37768.9,99
2019-02-12,11,36034.9,98
2019-02-12,12,34239.5,97
2019-02-12,13,31350.1,93
2019-02-12,14,30636.7,92
2019-02-12,15,30636.7,92
2019-02-12,16,32447.7,95
2019-02-12,17,36842.1,99
2019-02-12,18,41875.0,104
2019-02-12,19,42553.1,105
2019-02-12,20,42553.1,105
2019-02-12,21,42553.1,105
2019-02-12,22,40222.8,102
2019-02-12,23,36285.4,97
2019-02-13,0,36285.4,97
2019-02-13,1,33491.4,96
2019-02-13,2,33989.3,97
2019-02-13,3,34913.1,98
2019-02-13,4,38218.1,101
2019-02-13,5,44399.1,106
2019-02-13,6,48407.5,107
2019-02-13,7,48407.5,107
2019-02-13,8,47492.9,106
2019-02-13,9,41633.7,104
2019-02-13,10,39568.5,102
2019-02-13,11,34442.7,96
2019-02-13,12,31716.1,92
2019-02-13,13,29982.1,91
2019-02-13,14,29423.6,89
2019-02-13,15,27740.4,87
2019-02-13,16,29550.1,90
2019-02-13,17,31183.2,93
2019-02-13,18,34546.2,96
2019-02-13,19,34546.2,96
2019-02-13,20,34354.7,96
2019-02-13,21,32620.7,95
2019-02-13,22,30655.3,92
2019-02-13,23,26081.6,82
2019-02-14,0,24632.1,81
2019-02-14,1,24316.3,81
2019-02-14,2,24316.3,81
2019-02-14,3,26673.4,84
2019-02-14,4,26673.4,84
2019-02-14,5,31520.1,91
2019-02-14,6,33541.7,94
2019-02-14,7,33541.7,94
2019-02-14,8,33707.3,95
2019-02-14,9,32767.7,94
2019-02-14,10,32078.3,93
2019-02-14,11,30515.7,88
2019-02-14,12,28664.9,87
2019-02-14,13,28664.9,87
2019-02-14,14,26860.5,84
2019-02-14,15,26860.5,84
2019-02-14,16,28814.9,88
2019-02-14,17,29665.4,91
2019-02-14,18,35537.5,98
2019-02-14,19,35537.5,98
2019-02-14,20,35537.5,98
2019-02-14,21,35537.5,98
2019-02-14,22,31913.6,93
2019-02-14,23,29186.2,91
2019-02-15,0,26494.6,88
2019-02-15,1,24360.7,84
2019-02-15,2,24897.1,85
2019-02-15,3,25712.1,86
2019-02-15,4,27395.3,88
2019-02-15,5,32875.1,94
2019-02-15,6,33564.5,95
2019-02-15,7,34062.4,96
2019-02-15,8,34062.4,96
2019-02-15,9,34062.4,96
2019-02-15,10,34062.4,96
2019-02-15,11,32267.0,95
2019-02-15,12,32267.0,95
2019-02-15,13,31335.0,94
2019-02-15,14,30837.1,93
2019-02-15,15,30147.7,92
2019-02-15,16,29434.3,91
2019-02-15,17,30901.8,93
2019-02-15,18,35537.5,98
2019-02-15,19,35537.5,98
2019-02-15,20,35537.5,98
2019-02-15,21,35537.5,98
2019-02-15,22,35479.7,97
2019-02-15,23,32970.9,95
2019-02-16,0,34007.7,95
2019-02-16,1,30700.9,92
2019-02-16,2,30700.9,92
2019-02-16,3,30700.9,92
2019-02-16,4,32551.7,93
2019-02-16,5,34716.2,96
2019-02-16,6,37009.5,98
2019-02-16,7,40380.7,101
2019-02-16,8,42103.5,103
2019-02-16,9,42103.5,103
2019-02-16,10,42103.5,103
2019-02-16,11,40380.7,101
2019-02-16,12,39291.3,99
2019-02-16,13,36309.1,97
2019-02-16,14,34705.5,94
2019-02-16,15,33302.7,92
2019-02-16,16,32552.4,92
2019-02-16,17,34197.8,94
2019-02-16,18,37772.2,98
2019-02-16,19,37772.2,98
2019-02-16,20,37772.2,98
2019-02-16,21,35976.8,97
2019-02-16,22,32708.7,93
2019-02-16,23,30809.1,91
2019-02-17,0,30095.7,90
2019-02-17,1,28161.9,88
2019-02-17,2,29571.9,90
2019-02-17,3,30968.4,92
2019-02-17,4,31900.4,93
2019-02-17,5,33695.8,94
2019-02-17,6,34385.2,95
2019-02-17,7,36678.7,98
2019-02-17,8,39352.3,100
2019-02-17,9,39352.3,100
2019-02-17,10,37058.8,97
2019-02-17,11,34142.0,94
2019-02-17,12,31318.4,91
2019-02-17,13,28910.3,86
2019-02-17,14,27059.5,85
2019-02-17,15,27059.5,85
2019-02-17,16,27793.6,89
2019-02-17,17,31034.3,92
2019-02-17,18,35327.3,96
2019-02-17,19,37864.5,98
2019-02-17,20,36013.7,97
2019-02-17,21,33415.1,95
2019-02-17,22,31394.9,93
2019-02-17,23,29660.9,92
2019-02-18,0,27763.9,87
2019-02-18,1,24167.0,82
2019-02-18,2,25151.5,84
2019-02-18,3,27153.5,87
2019-02-18,4,28887.5,88
2019-02-18,5,33006.4,93
2019-02-18,6,35639.2,94
2019-02-18,7,37076.7,96
2019-02-18,8,37508.7,97
2019-02-18,9,37508.7,97
2019-02-18,10,37658.7,98
2019-02-18,11,36726.7,97
2019-02-18,12,34875.9,96
2019-02-18,13,33766.8,94
2019-02-18,14,31114.0,89
2019-02-18,15,30051.6,87
2019-02-18,16,34074.0,95
2019-02-18,17,36460.3,97
2019-02-18,18,38690.3,99
2019-02-18,19,38690.3,99
2019-02-18,20,38690.3,99
2019-02-18,21,36598.9,96
2019-02-18,22,34421.3,95
2019-02-18,23,31438.7,89
2019-02-19,0,30864.6,86
2019-02-19,1,29130.6,85
2019-02-19,2,29577.5,88
2019-02-19,3,29577.5,88
2019-02-19,4,32399.7,90
2019-02-19,5,35927.6,96
2019-02-19,6,40508.7,101
2019-02-19,7,40508.7,101
2019-02-19,8,42610.1,103
2019-02-19,9,42610.1,103
2019-02-19,10,42610.1,103
2019-02-19,11,42610.1,103
2019-02-19,12,42610.1,103
2019-02-19,13,42610.1,103
2019-02-19,14,43020.1,104
2019-02-19,15,44393.3,106
2019-02-19,16,47059.8,109
2019-02-19,17,51636.6,111
2019-02-19,18,51636.6,111
2019-02-19,19,52314.7,112
2019-02-19,20,52314.7,112
2019-02-19,21,51636.6,111
2019-02-19,22,50833.4,110
2019-02-19,23,44974.2,108
2019-02-20,0,44034.6,107
2019-02-20,1,40816.0,104
2019-02-20,2,39733.8,103
2019-02-20,3,42037.8,105
2019-02-20,4,43892.0,107
2019-02-20,5,48950.2,108
2019-02-20,6,48950.2,108
2019-02-20,7,48950.2,108
2019-02-20,8,48950.2,108
2019-02-20,9,43789.0,106
2019-02-20,10,40866.7,103
2019-02-20,11,35476.1,98
2019-02-20,12,33311.6,95
2019-02-20,13,31666.2,93
2019-02-20,14,29932.2,92
2019-02-20,15,29932.2,92
2019-02-20,16,31577.6,94
2019-02-20,17,36331.9,98
2019-02-20,18,41565.3,104
2019-02-20,19,41565.3,104
2019-02-20,20,42226.8,105
2019-02-20,21,42226.8,105
2019-02-20,22,39109.9,101
2019-02-20,23,37255.7,99
2019-02-21,0,33012.9,96
2019-02-21,1,32089.1,95
2019-02-21,2,32089.1,95
2019-02-21,3,33028.7,96
2019-02-21,4,35537.5,98
2019-02-21,5,40755.3,103
2019-02-21,6,42331.4,105
2019-02-21,7,42331.4,105
2019-02-21,8,42331.4,105
2019-02-21,9,39952.1,102
2019-02-21,10,38156.7,101
2019-02-21,11,36512.9,98
2019-02-21,12,35407.7,96
2019-02-21,13,34623.2,94
2019-02-21,14,33001.8,92
2019-02-21,15,31913.6,91
2019-02-21,16,33566.4,95
2019-02-21,17,35476.1,98
2019-02-21,18,38186.1,100
2019-02-21,19,38036.1,99
2019-02-21,20,38186.1,100
2019-02-21,21,36773.6,98
2019-02-21,22,34288.8,96
2019-02-21,23,32554.8,95
2019-02-22,0,29059.5,91
2019-02-22,1,27914.1,89
2019-02-22,2,27914.1,89
2019-02-22,3,29002.3,90
2019-02-22,4,32722.6,94
2019-02-22,5,38944.5,101
2019-02-22,6,41481.7,103
2019-02-22,7,43750.7,105
2019-02-22,8,43750.7,105
2019-02-22,9,43750.7,105
2019-02-22,10,42836.1,104
2019-02-22,11,40950.7,102
2019-02-22,12,38441.9,100
2019-02-22,13,37855.9,98
2019-02-22,14,34550.2,94
2019-02-22,15,33075.1,92
2019-02-22,16,33452.4,92
2019-02-22,17,34392.0,93
2019-02-22,18,36187.4,94
2019-02-22,19,36187.4,94
2019-02-22,20,36689.5,97
2019-02-22,21,35502.7,96
2019-02-22,22,33707.3,95
2019-02-22,23,31146.3,92
2019-02-23,0,29134.5,89
2019-02-23,1,25395.7,85
2019-02-23,2,24430.7,83
2019-02-23,3,24729.8,84
2019-02-23,4,25266.2,85
2019-02-23,5,27764.4,88
2019-02-23,6,30901.8,93
2019-02-23,7,33410.6,95
2019-02-23,8,34200.2,95
2019-02-23,9,34350.2,96
2019-02-23,10,34350.2,96
2019-02-23,11,32554.8,95
2019-02-23,12,31167.1,93
2019-02-23,13,29803.1,91
2019-02-23,14,28150.1,89
2019-02-23,15,27555.1,88
2019-02-23,16,27987.1,89
2019-02-23,17,27987.1,89
2019-02-23,18,30227.5,92
2019-02-23,19,30077.5,91
2019-02-23,20,30077.5,91
2019-02-23,21,30763.0,93
2019-02-23,22,30763.0,93
2019-02-23,23,30763.0,93
2019-02-24,0,30763.0,93
2019-02-24,1,32558.4,94
2019-02-24,2,33410.6,95
2019-02-24,3,33410.6,95
2019-02-24,4,33908.5,96
2019-02-24,5,35759.3,97
2019-02-24,6,35759.3,97
2019-02-24,7,37493.3,98
2019-02-24,8,38432.9,99
2019-02-24,9,38432.9,99
2019-02-24,10,35985.5,97
2019-02-24,11,33250.5,95
2019-02-24,12,30467.7,93
2019-02-24,13,27153.5,87
2019-02-24,14,24208.6,83
2019-02-24,15,24208.6,83
2019-02-24,16,24853.2,83
2019-02-24,17,27534.5,87
2019-02-24,18,32170.6,92
2019-02-24,19,33542.2,94
2019-02-24,20,34405.6,96
2019-02-24,21,34405.6,96
2019-02-24,22,31305.9,93
2019-02-24,23,31305.9,93
2019-02-25,0,30731.4,92
2019-02-25,1,30901.8,93
2019-02-25,2,32697.2,94
2019-02-25,3,33195.1,95
2019-02-25,4,35618.5,97
2019-02-25,5,41763.9,103
2019-02-25,6,44148.2,106
2019-02-25,7,44148.2,106
2019-02-25,8,43650.3,105
2019-02-25,9,40180.6,101
2019-02-25,10,36546.8,98
2019-02-25,11,33565.2,94
2019-02-25,12,30968.7,90
2019-02-25,13,31118.7,91
2019-02-25,14,29267.9,90
2019-02-25,15,29267.9,90
2019-02-25,16,29317.1,88
2019-02-25,17,29317.1,88
2019-02-25,18,33387.8,94
2019-02-25,19,33553.4,95
2019-02-25,20,33553.4,95
2019-02-25,21,33017.9,94
2019-02-25,22,31146.3,92
2019-02-25,23,29295.5,91
2019-02-26,0,28584.9,87
2019-02-26,1,26311.0,84
2019-02-26,2,25419.0,83
2019-02-26,3,26814.4,86
2019-02-26,4,27519.4,88
2019-02-26,5,32941.0,94
2019-02-26,6,35668.4,96
2019-02-26,7,36238.1,97
2019-02-26,8,36238.1,97
2019-02-26,9,36238.1,97
2019-02-26,10,36072.5,96
2019-02-26,11,34338.5,95
2019-02-26,12,33649.1,94
2019-02-26,13,31703.7,92
2019-02-26,14,30050.7,90
2019-02-26,15,30200.7,91
2019-02-26,16,30901.8,93
2019-02-26,17,33303.2,95
2019-02-26,18,35098.6,96
2019-02-26,19,35098.6,96
2019-02-26,20,35098.6,96
2019-02-26,21,35098.6,96
2019-02-26,22,30763.0,93
2019-02-26,23,28186.1,88
2019-02-27,0,27097.9,87
2019-02-27,1,24709.9,84
2019-02-27,2,24859.9,85
2019-02-27,3,26380.1,87
2019-02-27,4,28442.6,90
2019-02-27,5,34791.5,97
2019-02-27,6,35537.5,98
2019-02-27,7,38037.4,101
2019-02-27,8,38037.4,101
2019-02-27,9,38037.4,101
2019-02-27,10,38037.4,101
2019-02-27,11,35747.9,98
2019-02-27,12,34824.1,97
2019-02-27,13,33028.7,96
2019-02-27,14,33742.1,97
2019-02-27,15,33742.1,97
2019-02-27,16,35476.1,98
2019-02-27,17,38241.5,100
2019-02-27,18,39846.2,101
2019-02-27,19,40999.0,102
2019-02-27,20,40999.0,102
2019-02-27,21,40999.0,102
2019-02-27,22,38270.1,99
2019-02-27,23,34132.3,95
2019-02-28,0,32398.3,94
2019-02-28,1,31364.9,92
2019-02-28,2,32778.5,91
2019-02-28,3,32948.9,92
2019-02-28,4,35666.5,95
2019-02-28,5,40512.1,99
2019-02-28,6,41010.0,100
2019-02-28,7,47314.5,105
2019-02-28,8,48702.2,107
2019-02-28,9,48702.2,107
2019-02-28,10,48702.2,107
2019-02-28,11,44032.3,105
2019-02-28,12,44032.3,105
2019-02-28,13,43473.3,104
2019-02-28,14,40824.7,102
2019-02-28,15,41634.9,102
2019-02-28,16,40320.1,101
2019-02-28,17,44182.2,106
2019-02-28,18,45264.4,107
2019-02-28,19,49272.8,108
2019-02-28,20,49272.8,108
2019-02-28,21,45264.4,107
2019-02-28,22,44602.9,106
2019-02-28,23,42147.5,103
2019-03-01,0,39570.7,100
2019-03-01,1,36805.3,98
2019-03-01,2,36805.3,98
2019-03-01,3,37518.7,99
2019-03-01,4,39372.9,101
2019-03-01,5,44694.4,106
2019-03-01,6,45942.5,108
2019-03-01,7,45942.5,108
2019-03-01,8,45942.5,108
2019-03-01,9,45942.5,108
2019-03-01,10,44182.2,106
2019-03-01,11,40950.7,102
2019-03-01,12,38223.3,100
2019-03-01,13,36100.5,96
2019-03-01,14,34366.5,95
2019-03-01,15,34366.5,95
2019-03-01,16,35144.6,96
2019-03-01,17,37958.8,99
2019-03-01,18,41105.1,102
2019-03-01,19,41603.0,103
2019-03-01,20,41603.0,103
2019-03-01,21,41603.0,103
2019-03-01,22,38954.4,101
2019-03-01,23,37009.5,98
2019-03-02,0,35126.7,97
2019-03-02,1,32089.1,95
2019-03-02,2,29916.3,91
2019-03-02,3,29916.3,91
2019-03-02,4,30629.7,92
2019-03-02,5,32363.7,93
2019-03-02,6,35298.5,96
2019-03-02,7,38195.3,100
2019-03-02,8,40046.1,101
2019-03-02,9,40046.1,101
2019-03-02,10,40046.1,101
2019-03-02,11,39800.4,101
2019-03-02,12,38948.2,100
2019-03-02,13,36474.7,98
2019-03-02,14,35535.1,97
2019-03-02,15,34845.7,96
2019-03-02,16,34845.7,96
2019-03-02,17,35785.3,97
2019-03-02,18,36474.7,98
2019-03-02,19,36474.7,98
2019-03-02,20,36474.7,98
2019-03-02,21,33810.8,95
2019-03-02,22,31051.3,91
2019-03-02,23,30119.3,90
2019-03-03,0,31146.3,92
2019-03-03,1,31146.3,92
2019-03-03,2,30432.9,91
2019-03-03,3,30432.9,91
2019-03-03,4,29896.5,90
2019-03-03,5,32078.3,93
2019-03-03,6,34369.6,96
2019-03-03,7,37043.2,98
2019-03-03,8,37551.9,98
2019-03-03,9,37551.9,98
2019-03-03,10,37551.9,98
2019-03-03,11,37551.9,98
2019-03-03,12,37551.9,98
2019-03-03,13,37927.1,98
2019-03-03,14,35381.9,95
2019-03-03,15,34145.8,95
2019-03-03,16,35620.9,97
2019-03-03,17,37354.9,98
2019-03-03,18,45322.9,107
2019-03-03,19,45322.9,107
2019-03-03,20,45322.9,107
2019-03-03,21,44074.8,105
2019-03-03,22,38778.7,99
2019-03-03,23,36587.8,95
2019-03-04,0,34181.7,94
2019-03-04,1,34181.7,94
2019-03-04,2,35983.3,96
2019-03-04,3,38090.7,98
2019-03-04,4,40425.5,99
2019-03-04,5,47786.7,110
2019-03-04,6,51068.9,112
2019-03-04,7,52258.8,113
2019-03-04,8,50944.0,112
2019-03-04,9,50944.0,112
2019-03-04,10,50944.0,112
2019-03-04,11,52634.0,113
2019-03-04,12,49443.3,110
2019-03-04,13,47903.3,110
2019-03-04,14,47024.9,109
2019-03-04,15,45171.4,107
2019-03-04,16,46049.8,108
2019-03-04,17,51776.2,110
2019-03-04,18,54929.8,113
2019-03-04,19,57201.7,114
2019-03-04,20,57201.7,114
2019-03-04,21,58002.7,115
2019-03-04,22,55623.1,114
2019-03-04,23,55213.1,113
2019-03-05,0,53418.3,111
2019-03-05,1,53202.8,110
2019-03-05,2,51468.8,109
2019-03-05,3,53286.8,111
2019-03-05,4,56293.1,114
2019-03-05,5,61596.6,117
2019-03-05,6,64089.8,119
2019-03-05,7,64089.8,119
2019-03-05,8,62399.8,118
2019-03-05,9,59605.7,115
2019-03-05,10,55375.3,113
2019-03-05,11,51479.2,109
2019-03-05,12,49221.0,107
2019-03-05,13,42163.8,104
2019-03-05,14,40587.7,102
2019-03-05,15,39771.9,100
2019-03-05,16,38596.5,99
2019-03-05,17,41374.5,102
2019-03-05,18,47778.4,105
2019-03-05,19,48991.6,107
2019-03-05,20,50073.8,108
2019-03-05,21,50073.8,108
2019-03-05,22,50073.8,108
2019-03-05,23,52105.0,110
2019-03-06,0,49431.4,108
2019-03-06,1,46534.9,105
2019-03-06,2,47721.7,106
2019-03-06,3,48661.3,107
2019-03-06,4,52211.1,110
2019-03-06,5,60206.5,116
2019-03-06,6,57776.5,115
2019-03-06,7,57776.5,115
2019-03-06,8,56086.5,114
2019-03-06,9,50793.8,110
2019-03-06,10,44934.6,108
2019-03-06,11,40746.1,104
2019-03-06,12,37017.5,99
2019-03-06,13,33768.6,93
2019-03-06,14,32394.5,94
2019-03-06,15,32394.5,94
2019-03-06,16,33503.1,95
2019-03-06,17,34442.7,96
2019-03-06,18,39426.8,102
2019-03-06,19,39426.8,102
2019-03-06,20,39426.8,102
2019-03-06,21,38765.3,101
2019-03-06,22,36030.3,99
2019-03-06,23,39568.5,102
2019-03-07,0,33368.2,92
2019-03-07,1,28003.9,87
2019-03-07,2,28003.9,87
2019-03-07,3,29355.3,90
2019-03-07,4,30194.7,92
2019-03-07,5,35366.5,97
2019-03-07,6,37161.9,98
2019-03-07,7,37011.9,97
2019-03-07,8,37161.9,98
2019-03-07,9,36238.1,97
2019-03-07,10,34442.7,96
2019-03-07,11,32571.1,94
2019-03-07,12,30837.1,93
2019-03-07,13,30352.0,90
2019-03-07,14,28700.2,87
2019-03-07,15,28348.1,85
2019-03-07,16,28932.2,88
2019-03-07,17,29969.8,92
2019-03-07,18,33410.6,95
2019-03-07,19,33410.6,95
2019-03-07,20,33410.6,95
2019-03-07,21,31615.2,94
2019-03-07,22,28423.3,89
2019-03-07,23,27991.3,88
2019-03-08,0,23463.6,80
2019-03-08,1,21287.1,76
2019-03-08,2,21536.1,77
2019-03-08,3,20790.8,78
2019-03-08,4,22491.8,80
2019-03-08,5,26800.3,87
2019-03-08,6,30147.7,92
2019-03-08,7,33206.6,96
2019-03-08,8,33041.0,95
2019-03-08,9,33041.0,95
2019-03-08,10,33041.0,95
2019-03-08,11,32351.6,94
2019-03-08,12,31419.6,93
2019-03-08,13,30645.6,93
2019-03-08,14,30645.6,93
2019-03-08,15,30645.6,93
2019-03-08,16,31919.6,93
2019-03-08,17,31919.6,93
2019-03-08,18,33083.8,94
2019-03-08,19,33083.8,94
2019-03-08,20,33083.8,94
2019-03-08,21,30514.9,89
2019-03-08,22,26991.8,84
2019-03-08,23,26991.8,84
2019-03-09,0,22397.3,77
2019-03-09,1,20420.3,74
2019-03-09,2,20420.3,74
2019-03-09,3,21336.1,79
2019-03-09,4,22151.1,80
2019-03-09,5,22151.1,80
2019-03-09,6,22176.0,80
2019-03-09,7,24709.9,84
2019-03-09,8,28367.1,89
2019-03-09,9,30316.7,91
2019-03-09,10,30316.7,91
2019-03-09,11,30482.3,92
2019-03-09,12,29923.3,91
2019-03-09,13,29602.9,89
2019-03-09,14,30669.6,90
2019-03-09,15,30669.6,90
2019-03-09,16,31772.0,92
2019-03-09,17,32489.2,94
2019-03-09,18,37212.6,99
2019-03-09,19,38372.0,101
2019-03-09,20,38372.0,101
2019-03-09,21,38372.0,101
2019-03-09,22,36964.5,99
2019-03-09,23,33210.1,95
2019-03-10,0,30490.9,93
2019-03-10,1,30490.9,93
2019-03-10,2,28164.5,89
2019-03-10,3,28164.5,89
2019-03-10,4,28164.5,89
2019-03-10,5,29303.6,91
2019-03-10,6,29843.0,91
2019-03-10,7,31678.6,94
2019-03-10,8,33412.6,95
2019-03-10,9,34126.0,96
2019-03-10,10,32841.0,94
2019-03-10,11,32143.0,94
2019-03-10,12,32143.0,94
2019-03-10,13,28868.6,90
2019-03-10,14,28271.0,88
2019-03-10,15,28121.0,87
2019-03-10,16,28520.0,89
2019-03-10,17,29922.8,91
2019-03-10,18,32596.4,93
2019-03-10,19,32762.0,94
2019-03-10,20,32762.0,94
2019-03-10,21,31028.0,93
2019-03-10,22,28863.5,90
2019-03-10,23,28150.1,89
2019-03-11,0,27335.1,88
2019-03-11,1,27021.1,88
2019-03-11,2,27836.1,89
2019-03-11,3,28371.6,90
2019-03-11,4,32342.9,94
2019-03-11,5,36461.3,99
2019-03-11,6,37375.9,100
2019-03-11,7,37375.9,100
2019-03-11,8,39109.9,101
2019-03-11,9,39109.9,101
2019-03-11,10,35580.5,99
2019-03-11,11,34665.9,98
2019-03-11,12,33742.1,97
2019-03-11,13,33052.7,96
2019-03-11,14,32113.1,95
2019-03-11,15,30467.7,93
2019-03-11,16,29885.7,91
2019-03-11,17,30817.7,92
2019-03-11,18,32470.7,94
2019-03-11,19,32620.7,95
2019-03-11,20,32620.7,95
2019-03-11,21,29896.9,92
2019-03-11,22,28588.5,90
2019-03-11,23,25948.1,86
2019-03-12,0,24859.9,85
2019-03-12,1,24859.9,85
2019-03-12,2,24044.9,84
2019-03-12,3,25133.1,85
2019-03-12,4,27939.6,89
2019-03-12,5,30968.4,92
2019-03-12,6,30968.4,92
2019-03-12,7,30818.4,91
2019-03-12,8,31531.8,92
2019-03-12,9,31366.2,91
2019-03-12,10,29855.3,89
2019-03-12,11,30033.9,89
2019-03-12,12,31282.8,91
2019-03-12,13,34177.4,94
2019-03-12,14,32497.0,94
2019-03-12,15,33534.3,95
2019-03-12,16,33352.6,94
2019-03-12,17,35148.0,95
2019-03-12,18,35917.2,95
2019-03-12,19,36419.3,98
2019-03-12,20,36419.3,98
2019-03-12,21,34253.3,96
2019-03-12,22,34253.3,96
2019-03-12,23,30082.9,92
2019-03-13,0,28133.7,90
2019-03-13,1,25304.9,85
2019-03-13,2,25123.2,84
2019-03-13,3,21454.3,77
2019-03-13,4,25123.2,84
2019-03-13,5,26157.1,86
2019-03-13,6,31681.1,94
2019-03-13,7,33052.7,96
2019-03-13,8,33052.7,96
2019-03-13,9,33052.7,96
2019-03-13,10,32113.1,95
2019-03-13,11,33742.1,97
2019-03-13,12,33742.1,97
2019-03-13,13,33742.1,97
2019-03-13,14,34665.9,98
2019-03-13,15,34665.9,98
2019-03-13,16,36461.3,99
2019-03-13,17,38037.4,101
2019-03-13,18,40001.4,102
2019-03-13,19,40001.4,102
2019-03-13,20,40001.4,102
2019-03-13,21,36523.7,99
2019-03-13,22,30049.6,92
2019-03-13,23,25798.1,85
2019-03-14,0,25798.1,85
2019-03-14,1,24259.9,83
2019-03-14,2,24259.9,83
2019-03-14,3,21038.5,76
2019-03-14,4,26513.2,85
2019-03-14,5,26513.2,85
2019-03-14,6,28364.0,86
2019-03-14,7,30282.9,90
2019-03-14,8,30432.9,91
2019-03-14,9,30432.9,91
2019-03-14,10,31920.3,92
2019-03-14,11,30069.5,91
2019-03-14,12,30069.5,91
2019-03-14,13,27655.9,87
2019-03-14,14,26772.1,85
2019-03-14,15,28000.1,88
2019-03-14,16,28000.1,88
2019-03-14,17,29467.6,90
2019-03-14,18,32474.3,93
2019-03-14,19,34475.1,95
2019-03-14,20,34475.1,95
2019-03-14,21,31933.7,93
2019-03-14,22,29369.5,91
2019-03-14,23,26813.8,88
2019-03-15,0,26315.9,87
2019-03-15,1,24709.9,84
2019-03-15,2,23894.9,83
2019-03-15,3,23729.3,82
2019-03-15,4,26476.1,85
2019-03-15,5,28650.0,88
2019-03-15,6,33211.1,94
2019-03-15,7,35657.3,97
2019-03-15,8,35657.3,97
2019-03-15,9,34575.1,96
2019-03-15,10,33643.1,95
2019-03-15,11,30333.2,90
2019-03-15,12,30270.7,88
2019-03-15,13,28419.9,87
2019-03-15,14,28419.9,87
2019-03-15,15,27562.1,87
2019-03-15,16,29361.4,91
2019-03-15,17,31233.0,93
2019-03-15,18,34261.9,95
2019-03-15,19,38230.9,98
2019-03-15,20,36496.9,97
2019-03-15,21,34475.1,95
2019-03-15,22,33761.7,94
2019-03-15,23,33761.7,94
2019-03-16,0,32763.1,94
2019-03-16,1,32763.1,94
2019-03-16,2,33195.1,95
2019-03-16,3,33908.5,96
2019-03-16,4,34597.9,97
2019-03-16,5,37246.5,99
2019-03-16,6,37246.5,99
2019-03-16,7,39268.3,101
2019-03-16,8,39268.3,101
2019-03-16,9,38186.1,100
2019-03-16,10,38186.1,100
2019-03-16,11,33908.5,96
2019-03-16,12,32113.1,95
2019-03-16,13,29434.3,91
2019-03-16,14,28346.1,90
2019-03-16,15,28346.1,90
2019-03-16,16,29434.3,91
2019-03-16,17,30901.8,93
2019-03-16,18,34824.1,97
2019-03-16,19,36452.1,99
2019-03-16,20,36452.1,99
2019-03-16,21,36452.1,99
2019-03-16,22,34597.9,97
2019-03-16,23,33884.5,96
2019-03-17,0,33884.5,96
2019-03-17,1,33884.5,96
2019-03-17,2,33884.5,96
2019-03-17,3,33884.5,96
2019-03-17,4,35680.1,98
2019-03-17,5,38566.9,100
2019-03-17,6,38566.9,100
2019-03-17,7,39506.5,101
2019-03-17,8,39506.5,101
2019-03-17,9,39506.5,101
2019-03-17,10,36619.7,99
2019-03-17,11,34597.9,97
2019-03-17,12,31553.6,94
2019-03-17,13,29807.3,91
2019-03-17,14,28569.1,89
2019-03-17,15,29807.3,91
2019-03-17,16,29807.3,91
2019-03-17,17,31305.9,93
2019-03-17,18,35002.0,97
2019-03-17,19,35002.0,97
2019-03-17,20,35002.0,97
2019-03-17,21,35002.0,97
2019-03-17,22,32603.0,94
2019-03-17,23,30807.6,93
2019-03-18,0,30019.2,92
2019-03-18,1,29955.4,92
2019-03-18,2,32496.8,94
2019-03-18,3,34685.3,97
2019-03-18,4,40688.2,103
2019-03-18,5,44378.2,106
2019-03-18,6,44378.2,106
2019-03-18,7,44378.2,106
2019-03-18,8,44378.2,106
2019-03-18,9,42644.2,105
2019-03-18,10,39177.7,101
2019-03-18,11,38637.5,100
2019-03-18,12,33911.1,96
2019-03-18,13,32473.6,94
2019-03-18,14,31248.7,92
2019-03-18,15,30952.7,90
2019-03-18,16,30378.3,92
2019-03-18,17,30913.8,93
2019-03-18,18,34276.8,96
2019-03-18,19,34276.8,96
2019-03-18,20,35312.8,97
2019-03-18,21,33578.8,96
2019-03-18,22,30644.3,92
2019-03-18,23,29457.5,91
2019-03-19,0,27979.7,89
2019-03-19,1,27979.7,89
2019-03-19,2,28768.1,90
2019-03-19,3,31998.9,93
2019-03-19,4,36025.8,98
2019-03-19,5,39036.0,101
2019-03-19,6,39036.0,101
2019-03-19,7,39036.0,101
2019-03-19,8,38374.5,100
2019-03-19,9,37459.9,99
2019-03-19,10,34590.7,96
2019-03-19,11,32617.7,93
2019-03-19,12,31146.3,92
2019-03-19,13,29295.5,91
2019-03-19,14,29295.5,91
2019-03-19,15,28167.5,88
2019-03-19,16,28167.5,88
2019-03-19,17,30227.5,92
2019-03-19,18,30725.4,93
2019-03-19,19,32576.2,94
2019-03-19,20,32576.2,94
2019-03-19,21,29514.1,91
2019-03-19,22,29514.1,91
2019-03-19,23,28768.1,90
2019-03-20,0,25932.9,87
2019-03-20,1,24639.9,85
2019-03-20,2,26975.1,88
2019-03-20,3,29801.5,92
2019-03-20,4,35747.9,98
2019-03-20,5,39119.6,102
2019-03-20,6,40853.6,103
2019-03-20,7,40853.6,103
2019-03-20,8,39119.6,102
2019-03-20,9,39119.6,102
2019-03-20,10,37375.9,100
2019-03-20,11,34597.9,97
2019-03-20,12,33884.5,96
2019-03-20,13,33325.5,95
2019-03-20,14,31530.1,94
2019-03-20,15,31530.1,94
2019-03-20,16,32089.1,95
2019-03-20,17,33028.7,96
2019-03-20,18,37945.9,101
2019-03-20,19,39098.7,102
2019-03-20,20,39098.7,102
2019-03-20,21,38528.7,101
2019-03-20,22,34669.5,97
2019-03-20,23,32464.2,94
2019-03-21,0,29955.4,92
2019-03-21,1,29955.4,92
2019-03-21,2,30668.8,93
2019-03-21,3,33210.2,95
2019-03-21,4,37459.9,99
2019-03-21,5,40259.9,102
2019-03-21,6,40259.9,102
2019-03-21,7,40259.9,102
2019-03-21,8,40259.9,102
2019-03-21,9,39320.3,101
2019-03-21,10,38287.1,100
2019-03-21,11,36436.3,99
2019-03-21,12,33884.5,96
2019-03-21,13,33884.5,96
2019-03-21,14,34597.9,97
2019-03-21,15,34597.9,97
2019-03-21,16,34597.9,97
2019-03-21,17,34597.9,97
2019-03-21,18,37022.1,100
2019-03-21,19,37022.1,100
2019-03-21,20,37022.1,100
2019-03-21,21,36107.5,99
2019-03-21,22,32286.3,94
2019-03-21,23,26975.1,88
2019-03-22,0,26975.1,88
2019-03-22,1,26371.5,87
2019-03-22,2,26869.4,88
2019-03-22,3,28334.0,90
2019-03-22,4,32999.7,95
2019-03-22,5,36536.1,98
2019-03-22,6,36536.1,98
2019-03-22,7,36536.1,98
2019-03-22,8,36536.1,98
2019-03-22,9,36038.2,97
2019-03-22,10,33695.8,94
2019-03-22,11,31900.4,93
2019-03-22,12,27934.7,88
2019-03-22,13,27934.7,88
2019-03-22,14,27253.7,86
2019-03-22,15,28068.7,87
2019-03-22,16,31404.9,91
2019-03-22,17,29219.0,88
2019-03-22,18,29754.5,89
2019-03-22,19,28814.9,88
2019-03-22,20,28814.9,88
2019-03-22,21,26596.2,85
2019-03-22,22,22556.9,79
2019-03-22,23,19205.2,71
2019-03-23,0,17319.4,69
2019-03-23,1,16715.8,68
2019-03-23,2,16904.6,69
2019-03-23,3,18645.6,71
2019-03-23,4,19997.5,74
2019-03-23,5,21761.4,78
2019-03-23,6,23618.4,81
2019-03-23,7,26763.6,85
2019-03-23,8,26763.6,85
2019-03-23,9,28614.4,86
2019-03-23,10,28002.4,86
2019-03-23,11,26151.6,85
2019-03-23,12,26151.6,85
2019-03-23,13,26151.6,85
2019-03-23,14,25229.0,85
2019-03-23,15,25229.0,85
2019-03-23,16,25605.9,86
2019-03-23,17,26694.1,87
2019-03-23,18,30828.9,93
2019-03-23,19,30828.9,93
2019-03-23,20,30828.9,93
2019-03-23,21,30828.9,93
2019-03-23,22,27404.1,88
2019-03-23,23,24859.9,85
2019-03-24,0,24044.9,84
2019-03-24,1,21666.5,80
2019-03-24,2,21666.5,80
2019-03-24,3,21666.5,80
2019-03-24,4,22991.3,82
2019-03-24,5,25004.9,85
2019-03-24,6,26543.1,87
2019-03-24,7,28150.1,89
2019-03-24,8,28150.1,89
2019-03-24,9,28150.1,89
2019-03-24,10,27984.5,88
2019-03-24,11,27984.5,88
2019-03-24,12,30235.1,92
2019-03-24,13,30235.1,92
2019-03-24,14,32085.9,93
2019-03-24,15,31146.3,92
2019-03-24,16,33111.7,95
2019-03-24,17,33111.7,95
2019-03-24,18,37450.7,99
2019-03-24,19,37018.7,98
2019-03-24,20,37018.7,98
2019-03-24,21,37018.7,98
2019-03-24,22,32683.1,95
2019-03-24,23,29049.5,90
2019-03-25,0,27247.9,88
2019-03-25,1,26211.9,87
2019-03-25,2,27300.1,88
2019-03-25,3,27732.1,89
2019-03-25,4,32728.0,94
2019-03-25,5,35374.2,97
2019-03-25,6,35374.2,97
2019-03-25,7,35374.2,97
2019-03-25,8,35374.2,97
2019-03-25,9,33899.1,95
2019-03-25,10,32103.7,94
2019-03-25,11,32103.7,94
2019-03-25,12,32103.7,94
2019-03-25,13,32639.2,95
2019-03-25,14,33578.8,96
2019-03-25,15,33578.8,96
2019-03-25,16,33578.8,96
2019-03-25,17,33578.8,96
2019-03-25,18,35374.2,97
2019-03-25,19,34684.8,96
2019-03-25,20,34684.8,96
2019-03-25,21,33498.0,95
2019-03-25,22,30763.0,93
2019-03-25,23,28371.6,90
2019-03-26,0,27283.4,89
2019-03-26,1,25283.3,86
2019-03-26,2,24851.3,85
2019-03-26,3,24851.3,85
2019-03-26,4,30049.6,92
2019-03-26,5,32697.2,94
2019-03-26,6,32697.2,94
2019-03-26,7,32697.2,94
2019-03-26,8,32697.2,94
2019-03-26,9,32697.2,94
2019-03-26,10,30901.8,93
2019-03-26,11,29537.8,91
2019-03-26,12,28670.6,88
2019-03-26,13,28505.0,87
2019-03-26,14,29565.7,90
2019-03-26,15,30251.2,92
2019-03-26,16,30251.2,92
2019-03-26,17,30251.2,92
2019-03-26,18,31972.8,93
2019-03-26,19,31972.8,93
2019-03-26,20,31972.8,93
2019-03-26,21,28852.3,89
2019-03-26,22,25206.9,84
2019-03-26,23,23645.9,82
2019-03-27,0,21093.1,77
2019-03-27,1,20716.2,76
2019-03-27,2,21919.2,79
2019-03-27,3,24539.5,83
2019-03-27,4,30530.5,91
2019-03-27,5,33043.3,95
2019-03-27,6,31857.3,93
2019-03-27,7,32893.3,94
2019-03-27,8,32295.7,92
2019-03-27,9,29329.5,88
2019-03-27,10,28397.5,87
2019-03-27,11,26415.8,86
2019-03-27,12,26415.8,86
2019-03-27,13,26415.8,86
2019-03-27,14,28365.0,88
2019-03-27,15,28960.0,89
2019-03-27,16,28644.4,87
2019-03-27,17,28644.4,87
2019-03-27,18,31352.2,92
2019-03-27,19,31352.2,92
2019-03-27,20,31352.2,92
2019-03-27,21,27706.2,87
2019-03-27,22,22610.4,81
2019-03-27,23,18570.5,70
2019-03-28,0,16167.5,65
2019-03-28,1,16167.5,65
2019-03-28,2,16855.1,69
2019-03-28,3,18922.3,73
2019-03-28,4,22742.0,80
2019-03-28,5,25858.1,85
2019-03-28,6,25858.1,85
2019-03-28,7,27096.3,87
2019-03-28,8,27096.3,87
2019-03-28,9,27096.3,87
2019-03-28,10,27096.3,87
2019-03-28,11,27396.3,87
2019-03-28,12,27396.3,87
2019-03-28,13,27546.3,88
2019-03-28,14,29002.3,90
2019-03-28,15,29002.3,90
2019-03-28,16,29537.8,91
2019-03-28,17,30469.8,92
2019-03-28,18,31409.4,93
2019-03-28,19,32122.8,94
2019-03-28,20,32122.8,94
2019-03-28,21,28685.6,90
2019-03-28,22,23887.0,83
2019-03-28,23,20049.8,73
2019-03-29,0,17855.8,69
2019-03-29,1,17011.2,67
2019-03-29,2,17689.9,71
2019-03-29,3,18787.3,72
2019-03-29,4,26446.3,86
2019-03-29,5,26446.3,86
2019-03-29,6,28297.1,87
2019-03-29,7,28297.1,87
2019-03-29,8,28297.1,87
2019-03-29,9,28147.1,86
2019-03-29,10,32268.2,92
2019-03-29,11,29998.9,89
2019-03-29,12,29998.9,89
2019-03-29,13,29872.4,88
2019-03-29,14,30318.4,91
2019-03-29,15,30733.0,93
2019-03-29,16,30733.0,93
2019-03-29,17,30733.0,93
2019-03-29,18,32889.9,96
2019-03-29,19,32889.9,96
2019-03-29,20,32889.9,96
2019-03-29,21,31768.5,94
2019-03-29,22,26315.9,87
2019-03-29,23,21186.1,78
2019-03-30,0,19453.4,74
2019-03-30,1,18074.8,71
2019-03-30,2,19184.4,72
2019-03-30,3,19524.3,74
2019-03-30,4,26393.1,86
2019-03-30,5,26393.1,86
2019-03-30,6,28002.5,89
2019-03-30,7,30224.9,93
2019-03-30,8,31958.9,94
2019-03-30,9,31958.9,94
2019-03-30,10,32994.9,95
2019-03-30,11,32994.9,95
2019-03-30,12,31260.9,94
2019-03-30,13,31900.4,93
2019-03-30,14,31900.4,93
2019-03-30,15,29117.6,91
2019-03-30,16,29117.6,91
2019-03-30,17,29117.6,91
2019-03-30,18,28984.4,89
2019-03-30,19,30718.4,90
2019-03-30,20,30718.4,90
2019-03-30,21,26388.8,85
2019-03-30,22,24814.4,83
2019-03-30,23,24814.4,83
2019-03-31,0,25605.9,86
2019-03-31,1,25605.9,86
2019-03-31,2,25605.9,86
2019-03-31,3,25605.9,86
2019-03-31,4,26694.1,87
2019-03-31,5,28544.9,88
2019-03-31,6,31364.9,92
2019-03-31,7,33017.9,94
2019-03-31,8,33017.9,94
2019-03-31,9,33017.9,94
2019-03-31,10,31146.3,92
2019-03-31,11,30731.7,90
2019-03-31,12,28880.9,89
2019-03-31,13,28880.9,89
2019-03-31,14,26129.5,84
2019-03-31,15,25959.1,83
2019-03-31,16,25902.3,84
2019-03-31,17,27585.5,86
2019-03-31,18,30519.6,92
2019-03-31,19,32370.4,93
2019-03-31,20,33515.8,95
2019-03-31,21,34205.2,96
2019-03-31,22,34740.7,97
2019-03-31,23,34740.7,97
2019-04-01,0,34486.7,98
2019-04-01,1,34486.7,98
2019-04-01,2,34486.7,98
2019-04-01,3,35056.7,99
2019-04-01,4,41286.4,105
2019-04-01,5,44173.2,107
2019-04-01,6,44173.2,107
2019-04-01,7,44173.2,107
2019-04-01,8,44173.2,107
2019-04-01,9,42439.2,106
2019-04-01,10,40204.2,104
2019-04-01,11,37134.3,100
2019-04-01,12,34848.1,97
2019-04-01,13,33052.7,96
2019-04-01,14,30864.2,93
2019-04-01,15,30864.2,93
2019-04-01,16,31553.6,94
2019-04-01,17,33206.6,96
2019-04-01,18,38749.1,102
2019-04-01,19,38749.1,102
2019-04-01,20,38749.1,102
2019-04-01,21,38749.1,102
2019-04-01,22,35609.1,98
2019-04-01,23,32176.5,95
2019-04-02,0,31236.9,94
2019-04-02,1,29691.6,90
2019-04-02,2,30679.8,90
2019-04-02,3,32413.8,91
2019-04-02,4,37010.1,96
2019-04-02,5,39705.4,100
2019-04-02,6,39855.4,101
2019-04-02,7,39855.4,101
2019-04-02,8,38121.4,100
2019-04-02,9,35502.7,96
2019-04-02,10,32078.3,93
2019-04-02,11,29251.5,88
2019-04-02,12,28436.5,87
2019-04-02,13,31765.1,92
2019-04-02,14,29914.3,91
2019-04-02,15,29914.3,91
2019-04-02,16,29416.4,90
2019-04-02,17,30515.7,88
2019-04-02,18,29801.4,87
2019-04-02,19,30216.0,89
2019-04-02,20,30386.4,90
2019-04-02,21,28535.6,89
2019-04-02,22,26316.9,86
2019-04-02,23,23602.9,80
2019-04-03,0,20818.6,76
2019-04-03,1,19622.6,74
2019-04-03,2,20266.2,75
2019-04-03,3,23403.3,81
2019-04-03,4,27585.5,86
2019-04-03,5,30183.9,90
2019-04-03,6,30432.9,91
2019-04-03,7,30432.9,91
2019-04-03,8,30432.9,91
2019-04-03,9,29405.9,89
2019-04-03,10,31069.8,89
2019-04-03,11,29219.0,88
2019-04-03,12,29219.0,88
2019-04-03,13,27557.9,85
2019-04-03,14,26665.9,84
2019-04-03,15,26792.4,85
2019-04-03,16,27853.9,87
2019-04-03,17,28448.9,88
2019-04-03,18,29399.0,91
2019-04-03,19,31249.8,92
2019-04-03,20,31249.8,92
2019-04-03,21,26851.4,88
2019-04-03,22,22702.9,82
2019-04-03,23,19358.6,72
2019-04-04,0,17673.8,71
2019-04-04,1,17673.8,71
2019-04-04,2,18771.2,72
2019-04-04,3,19559.6,73
2019-04-04,4,27751.1,87
2019-04-04,5,28150.1,89
2019-04-04,6,30000.9,90
2019-04-04,7,31862.8,93
2019-04-04,8,31862.8,93
2019-04-04,9,31862.8,93
2019-04-04,10,31862.8,93
2019-04-04,11,32402.2,93
2019-04-04,12,32402.2,93
2019-04-04,13,33801.1,96
2019-04-04,14,37459.9,99
2019-04-04,15,39036.0,101
2019-04-04,16,39036.0,101
2019-04-04,17,43044.4,102
2019-04-04,18,44126.6,103
2019-04-04,19,44126.6,103
2019-04-04,20,44126.6,103
2019-04-04,21,44126.6,103
2019-04-04,22,38267.4,101
2019-04-04,23,34685.3,97
2019-04-05,0,31950.3,95
2019-04-05,1,31204.3,94
2019-04-05,2,29629.9,92
2019-04-05,3,29629.9,92
2019-04-05,4,33971.9,96
2019-04-05,5,35747.9,98
2019-04-05,6,35747.9,98
2019-04-05,7,36461.3,99
2019-04-05,8,37375.9,100
2019-04-05,9,37375.9,100
2019-04-05,10,36461.3,99
2019-04-05,11,36461.3,99
2019-04-05,12,34163.8,95
2019-04-05,13,34163.8,95
2019-04-05,14,34665.9,98
2019-04-05,15,34665.9,98
2019-04-05,16,34665.9,98
2019-04-05,17,34416.9,97
2019-04-05,18,33742.1,97
2019-04-05,19,33742.1,97
2019-04-05,20,33742.1,97
2019-04-05,21,32113.1,95
2019-04-05,22,28256.3,89
2019-04-05,23,26350.3,86
2019-04-06,0,24447.1,84
2019-04-06,1,23594.9,83
2019-04-06,2,23274.5,81
2019-04-06,3,21594.1,79
2019-04-06,4,25565.1,86
2019-04-06,5,28869.5,91
2019-04-06,6,31596.9,93
2019-04-06,7,32342.9,94
2019-04-06,8,34193.7,95
2019-04-06,9,34193.7,95
2019-04-06,10,34193.7,95
2019-04-06,11,33111.7,95
2019-04-06,12,32791.3,93
2019-04-06,13,30940.5,92
2019-04-06,14,31800.3,94
2019-04-06,15,32889.9,96
2019-04-06,16,32889.9,96
2019-04-06,17,32889.9,96
2019-04-06,18,34685.3,97
2019-04-06,19,34685.3,97
2019-04-06,20,34685.3,97
2019-04-06,21,34685.3,97
2019-04-06,22,31596.9,93
2019-04-06,23,29801.5,92
2019-04-07,0,28713.3,91
2019-04-07,1,26679.8,88
2019-04-07,2,26144.3,87
2019-04-07,3,26144.3,87
2019-04-07,4,28164.5,89
2019-04-07,5,29303.6,91
2019-04-07,6,29303.6,91
2019-04-07,7,33474.0,95
2019-04-07,8,33474.0,95
2019-04-07,9,34660.8,96
2019-04-07,10,33971.4,95
2019-04-07,11,32176.0,94
2019-04-07,12,32176.0,94
2019-04-07,13,31236.4,93
2019-04-07,14,30198.8,89
2019-04-07,15,31082.6,91
2019-04-07,16,31772.0,92
2019-04-07,17,33043.3,95
2019-04-07,18,35374.2,97
2019-04-07,19,38032.0,99
2019-04-07,20,38032.0,99
2019-04-07,21,36845.2,98
2019-04-07,22,35111.2,97
2019-04-07,23,32286.3,94
2019-04-08,0,30490.9,93
2019-04-08,1,28230.0,90
2019-04-08,2,29266.0,91
2019-04-08,3,29266.0,91
2019-04-08,4,33745.7,96
2019-04-08,5,36006.5,98
2019-04-08,6,36006.5,98
2019-04-08,7,36946.1,99
2019-04-08,8,36946.1,99
2019-04-08,9,36946.1,99
2019-04-08,10,36946.1,99
2019-04-08,11,36946.1,99
2019-04-08,12,37869.9,100
2019-04-08,13,38784.5,101
2019-04-08,14,40819.2,104
2019-04-08,15,41697.6,105
2019-04-08,16,43431.6,106
2019-04-08,17,43431.6,106
2019-04-08,18,46344.7,109
2019-04-08,19,46344.7,109
2019-04-08,20,46344.7,109
2019-04-08,21,43932.6,107
2019-04-08,22,38015.9,101
2019-04-08,23,33210.1,95
2019-04-09,0,31414.7,94
2019-04-09,1,28164.5,89
2019-04-09,2,27076.3,88
2019-04-09,3,28164.5,89
2019-04-09,4,32690.4,94
2019-04-09,5,33542.6,95
2019-04-09,6,34256.0,96
2019-04-09,7,35002.0,97
2019-04-09,8,35002.0,97
2019-04-09,9,36461.3,99
2019-04-09,10,36461.3,99
2019-04-09,11,38195.3,100
2019-04-09,12,38195.3,100
2019-04-09,13,40979.0,103
2019-04-09,14,41857.4,104
2019-04-09,15,43708.2,105
2019-04-09,16,43387.8,103
2019-04-09,17,43387.8,103
2019-04-09,18,42023.0,105
2019-04-09,19,42023.0,105
2019-04-09,20,42023.0,105
2019-04-09,21,38037.4,101
2019-04-09,22,31427.6,93
2019-04-09,23,26347.6,84
2019-04-10,0,25089.0,82
2019-04-10,1,21054.6,76
2019-04-10,2,20266.2,75
2019-04-10,3,20084.5,74
2019-04-10,4,26983.8,86
2019-04-10,5,28170.6,87
2019-04-10,6,29258.8,88
2019-04-10,7,29612.6,88
2019-04-10,8,31495.1,89
2019-04-10,9,31573.2,91
2019-04-10,10,33800.6,95
2019-04-10,11,35927.5,98
2019-04-10,12,38637.5,100
2019-04-10,13,40131.3,102
2019-04-10,14,43018.1,104
2019-04-10,15,42852.5,103
2019-04-10,16,43679.6,105
2019-04-10,17,43679.6,105
2019-04-10,18,41831.3,103
2019-04-10,19,41831.3,103
2019-04-10,20,40108.5,101
2019-04-10,21,36104.1,97
2019-04-10,22,29249.2,89
2019-04-10,23,25346.8,83
2019-04-11,0,24880.4,80
2019-04-11,1,20758.6,74
2019-04-11,2,20336.6,74
2019-04-11,3,22326.0,81
2019-04-11,4,27555.1,88
2019-04-11,5,29002.3,90
2019-04-11,6,29002.3,90
2019-04-11,7,29500.2,91
2019-04-11,8,29500.2,91
2019-04-11,9,29932.2,92
2019-04-11,10,30621.6,93
2019-04-11,11,31157.1,94
2019-04-11,12,31157.1,94
2019-04-11,13,30836.7,92
2019-04-11,14,30679.0,91
2019-04-11,15,32810.1,96
2019-04-11,16,32810.1,96
2019-04-11,17,33808.7,96
2019-04-11,18,36536.1,98
2019-04-11,19,36536.1,98
2019-04-11,20,36536.1,98
2019-04-11,21,36536.1,98
2019-04-11,22,34685.3,97
2019-04-11,23,32286.3,94
2019-04-12,0,30490.9,93
2019-04-12,1,28164.5,89
2019-04-12,2,26144.3,87
2019-04-12,3,27232.5,88
2019-04-12,4,31452.4,94
2019-04-12,5,33303.2,95
2019-04-12,6,33303.2,95
2019-04-12,7,33303.2,95
2019-04-12,8,33303.2,95
2019-04-12,9,32371.2,94
2019-04-12,10,30520.4,93
2019-04-12,11,30105.8,91
2019-04-12,12,27735.5,87
2019-04-12,13,27735.5,87
2019-04-12,14,28863.5,90
2019-04-12,15,28863.5,90
2019-04-12,16,28863.5,90
2019-04-12,17,28863.5,90
2019-04-12,18,30763.0,93
2019-04-12,19,30763.0,93
2019-04-12,20,30763.0,93
2019-04-12,21,29249.0,90
2019-04-12,22,26393.1,86
2019-04-12,23,25549.1,84
2019-04-13,0,21865.4,78
2019-04-13,1,20250.1,75
2019-04-13,2,19796.6,74
2019-04-13,3,20834.0,76
2019-04-13,4,21639.6,79
2019-04-13,5,23444.9,82
2019-04-13,6,23444.9,82
2019-04-13,7,31017.1,92
2019-04-13,8,31017.1,92
2019-04-13,9,32867.9,93
2019-04-13,10,34590.7,96
2019-04-13,11,32739.9,95
2019-04-13,12,32739.9,95
2019-04-13,13,31118.5,93
2019-04-13,14,31118.5,93
2019-04-13,15,29769.9,92
2019-04-13,16,29769.9,92
2019-04-13,17,29769.9,92
2019-04-13,18,30828.9,93
2019-04-13,19,30828.9,93
2019-04-13,20,30828.9,93
2019-04-13,21,27526.3,88
2019-04-13,22,26634.3,87
2019-04-13,23,23718.9,83
2019-04-14,0,22455.9,81
2019-04-14,1,22786.3,81
2019-04-14,2,23843.9,83
2019-04-14,3,24438.9,84
2019-04-14,4,26650.4,87
2019-04-14,5,27738.6,88
2019-04-14,6,31267.4,91
2019-04-14,7,31267.4,91
2019-04-14,8,31468.4,92
2019-04-14,9,31468.4,92
2019-04-14,10,29617.6,91
2019-04-14,11,27824.6,89
2019-04-14,12,26957.4,86
2019-04-14,13,25880.5,85
2019-04-14,14,26968.7,86
2019-04-14,15,26787.0,85
2019-04-14,16,30055.9,92
2019-04-14,17,30916.9,93
2019-04-14,18,32767.7,94
2019-04-14,19,33707.3,95
2019-04-14,20,33707.3,95
2019-04-14,21,31856.5,94
2019-04-14,22,29366.5,91
2019-04-14,23,24033.0,83
2019-04-15,0,20830.1,77
2019-04-15,1,18987.1,73
2019-04-15,2,18987.1,73
2019-04-15,3,20872.9,75
2019-04-15,4,26313.6,84
2019-04-15,5,27542.7,86
2019-04-15,6,28158.3,88
2019-04-15,7,28158.3,88
2019-04-15,8,28158.3,88
2019-04-15,9,27266.3,87
2019-04-15,10,27100.7,86
2019-04-15,11,27365.3,87
2019-04-15,12,27365.3,87
2019-04-15,13,28673.7,89
2019-04-15,14,30147.7,92
2019-04-15,15,31622.8,94
2019-04-15,16,31622.8,94
2019-04-15,17,31622.8,94
2019-04-15,18,33052.7,96
2019-04-15,19,33052.7,96
2019-04-15,20,33052.7,96
2019-04-15,21,30115.5,92
2019-04-15,22,24337.0,84
2019-04-15,23,19616.6,73
2019-04-16,0,17730.8,71
2019-04-16,1,17087.2,70
2019-04-16,2,17705.2,70
2019-04-16,3,18620.9,70
2019-04-16,4,24613.9,82
2019-04-16,5,25800.7,83
2019-04-16,6,26692.7,84
2019-04-16,7,27406.1,85
2019-04-16,8,30499.6,90
2019-04-16,9,30499.6,90
2019-04-16,10,30499.6,90
2019-04-16,11,30931.6,91
2019-04-16,12,31871.2,92
2019-04-16,13,32040.7,93
2019-04-16,14,33662.1,95
2019-04-16,15,34076.7,97
2019-04-16,16,34076.7,97
2019-04-16,17,34076.7,97
2019-04-16,18,34879.1,98
2019-04-16,19,34879.1,98
2019-04-16,20,35915.1,99
2019-04-16,21,32781.5,94
2019-04-16,22,26637.8,86
2019-04-16,23,22726.4,80
2019-04-17,0,20493.6,76
2019-04-17,1,19503.7,74
2019-04-17,2,19503.7,74
2019-04-17,3,20937.1,77
2019-04-17,4,25229.0,85
2019-04-17,5,27456.7,87
2019-04-17,6,28544.9,88
2019-04-17,7,29405.9,89
2019-04-17,8,30536.4,91
2019-04-17,9,30536.4,91
2019-04-17,10,30536.4,91
2019-04-17,11,31908.0,93
2019-04-17,12,31908.0,93
2019-04-17,13,33310.8,95
2019-04-17,14,34242.8,96
2019-04-17,15,35976.8,97
2019-04-17,16,36900.6,98
2019-04-17,17,37968.5,100
2019-04-17,18,38029.9,100
2019-04-17,19,38029.9,100
2019-04-17,20,37597.9,99
2019-04-17,21,36104.1,97
2019-04-17,22,31768.5,94
2019-04-17,23,27775.3,89
2019-04-18,0,26246.9,87
2019-04-18,1,24489.9,84
2019-04-18,2,26165.9,86
2019-04-18,3,26597.9,87
2019-04-18,4,31845.0,93
2019-04-18,5,32697.2,94
2019-04-18,6,32697.2,94
2019-04-18,7,29002.3,90
2019-04-18,8,28852.3,89
2019-04-18,9,30864.2,93
2019-04-18,10,30864.2,93
2019-04-18,11,30864.2,93
2019-04-18,12,28590.3,89
2019-04-18,13,28839.3,90
2019-04-18,14,29434.3,91
2019-04-18,15,29932.2,92
2019-04-18,16,30645.6,93
2019-04-18,17,30645.6,93
2019-04-18,18,29896.9,92
2019-04-18,19,29896.9,92
2019-04-18,20,29896.9,92
2019-04-18,21,29361.4,91
2019-04-18,22,28615.4,90
2019-04-18,23,28615.4,90
2019-04-19,0,27902.0,89
2019-04-19,1,25186.7,84
2019-04-19,2,25357.1,85
2019-04-19,3,25939.1,87
2019-04-19,4,27907.1,89
2019-04-19,5,28768.1,90
2019-04-19,6,30227.5,92
2019-04-19,7,30227.5,92
2019-04-19,8,31961.5,93
2019-04-19,9,31211.4,89
2019-04-19,10,29536.4,88
2019-04-19,11,27852.5,88
2019-04-19,12,26544.1,86
2019-04-19,13,26373.7,85
2019-04-19,14,27405.1,87
2019-04-19,15,28150.1,89
2019-04-19,16,29514.1,91
2019-04-19,17,30739.0,93
2019-04-19,18,34669.5,97
2019-04-19,19,37469.5,100
2019-04-19,20,37469.5,100
2019-04-19,21,36666.3,99
2019-04-19,22,35048.6,97
2019-04-19,23,31750.8,93
2019-04-20,0,29955.4,92
2019-04-20,1,27732.1,89
2019-04-20,2,25711.9,87
2019-04-20,3,25711.9,87
2019-04-20,4,27836.1,89
2019-04-20,5,28768.1,90
2019-04-20,6,31309.5,92
2019-04-20,7,31309.5,92
2019-04-20,8,32496.3,93
2019-04-20,9,32496.3,93
2019-04-20,10,29768.9,91
2019-04-20,11,28742.3,89
2019-04-20,12,26627.1,86
2019-04-20,13,26627.1,86
2019-04-20,14,28428.7,88
2019-04-20,15,29721.7,90
2019-04-20,16,30316.7,91
2019-04-20,17,30316.7,91
2019-04-20,18,30482.3,92
2019-04-20,19,30482.3,92
2019-04-20,20,30482.3,92
2019-04-20,21,28083.1,88
2019-04-20,22,25225.4,83
2019-04-20,23,20771.5,76
2019-04-21,0,18545.8,72
2019-04-21,1,16790.3,68
2019-04-21,2,16589.3,67
2019-04-21,3,16534.1,67
2019-04-21,4,17631.5,68
2019-04-21,5,17631.5,68
2019-04-21,6,20502.4,73
2019-04-21,7,23322.4,80
2019-04-21,8,24214.4,81
2019-04-21,9,25066.6,82
2019-04-21,10,25216.6,83
2019-04-21,11,26553.8,85
2019-04-21,12,27051.7,86
2019-04-21,13,28626.1,88
2019-04-21,14,30048.0,91
2019-04-21,15,31919.6,93
2019-04-21,16,31919.6,93
2019-04-21,17,31919.6,93
2019-04-21,18,32085.2,94
2019-04-21,19,32085.2,94
2019-04-21,20,32085.2,94
2019-04-21,21,30735.1,92
2019-04-21,22,26911.9,87
2019-04-21,23,20937.1,77
2019-04-22,0,19503.7,74
2019-04-22,1,18333.5,72
2019-04-22,2,18151.8,71
2019-04-22,3,20419.4,74
2019-04-22,4,23587.4,81
2019-04-22,5,28534.4,88
2019-04-22,6,29399.0,91
2019-04-22,7,31249.8,92
2019-04-22,8,31249.8,92
2019-04-22,9,30000.9,90
2019-04-22,10,31681.8,93
2019-04-22,11,34051.3,96
2019-04-22,12,34965.9,97
2019-04-22,13,36579.1,99
2019-04-22,14,36579.1,99
2019-04-22,15,37149.1,100
2019-04-22,16,37149.1,100
2019-04-22,17,36978.7,99
2019-04-22,18,35655.3,98
2019-04-22,19,35655.3,98
2019-04-22,20,35655.3,98
2019-04-22,21,32955.8,93
2019-04-22,22,27360.7,87
2019-04-22,23,26091.8,85
2019-04-23,0,20956.6,78
2019-04-23,1,19760.6,76
2019-04-23,2,23594.9,83
2019-04-23,3,25865.9,86
2019-04-23,4,30331.0,92
2019-04-23,5,33310.1,96
2019-04-23,6,33310.1,96
2019-04-23,7,33310.1,96
2019-04-23,8,33310.1,96
2019-04-23,9,33310.1,96
2019-04-23,10,36399.9,99
2019-04-23,11,35053.3,96
2019-04-23,12,34182.2,94
2019-04-23,13,35740.1,97
2019-04-23,14,35590.1,96
2019-04-23,15,34706.8,93
2019-04-23,16,35065.8,95
2019-04-23,17,35156.9,94
2019-04-23,18,35235.9,99
2019-04-23,19,35235.9,99
2019-04-23,20,35235.9,99
2019-04-23,21,33025.1,95
2019-04-23,22,27064.7,85
2019-04-23,23,23626.4,80
2019-04-24,0,21027.6,76
2019-04-24,1,21624.0,79
2019-04-24,2,23429.3,82
2019-04-24,3,26543.1,87
2019-04-24,4,32511.5,94
2019-04-24,5,35108.3,96
2019-04-24,6,35108.3,96
2019-04-24,7,35108.3,96
2019-04-24,8,35108.3,96
2019-04-24,9,34676.3,95
2019-04-24,10,35960.5,97
2019-04-24,11,34109.7,96
2019-04-24,12,34109.7,96
2019-04-24,13,34799.1,97
2019-04-24,14,35738.7,98
2019-04-24,15,35738.7,98
2019-04-24,16,36452.1,99
2019-04-24,17,37022.1,100
2019-04-24,18,37022.1,100
2019-04-24,19,38607.4,102
2019-04-24,20,38607.4,102
2019-04-24,21,38607.4,102
2019-04-24,22,36523.7,99
2019-04-24,23,33225.9,95
2019-04-25,0,31430.5,94
2019-04-25,1,30895.0,93
2019-04-25,2,29266.0,91
2019-04-25,3,29266.0,91
2019-04-25,4,33282.5,95
2019-04-25,5,33971.9,96
2019-04-25,6,35822.7,97
2019-04-25,7,35822.7,97
2019-04-25,8,34883.1,96
2019-04-25,9,33761.7,94
2019-04-25,10,34475.1,95
2019-04-25,11,35596.5,97
2019-04-25,12,36536.1,98
2019-04-25,13,37459.9,99
2019-04-25,14,39866.0,102
2019-04-25,15,40819.2,104
2019-04-25,16,40819.2,104
2019-04-25,17,40819.2,104
2019-04-25,18,42500.8,106
2019-04-25,19,43178.9,107
2019-04-25,20,43178.9,107
2019-04-25,21,41697.6,105
2019-04-25,22,37595.2,101
2019-04-25,23,34381.9,97
2019-04-26,0,32586.5,96
2019-04-26,1,31305.0,94
2019-04-26,2,29955.4,92
2019-04-26,3,29955.4,92
2019-04-26,4,33403.8,95
2019-04-26,5,34149.8,96
2019-04-26,6,35002.0,97
2019-04-26,7,35002.0,97
2019-04-26,8,35002.0,97
2019-04-26,9,35002.0,97
2019-04-26,10,35760.2,97
2019-04-26,11,36295.7,98
2019-04-26,12,38029.7,99
2019-04-26,13,38195.3,100
2019-04-26,14,39109.9,101
2019-04-26,15,39679.9,102
2019-04-26,16,39679.9,102
2019-04-26,17,39109.9,101
2019-04-26,18,39109.9,101
2019-04-26,19,37375.9,100
2019-04-26,20,37375.9,100
2019-04-26,21,35963.4,98
2019-04-26,22,31856.5,94
2019-04-26,23,28434.5,90
2019-04-27,0,25497.5,85
2019-04-27,1,23329.6,81
2019-04-27,2,22361.2,79
2019-04-27,3,22179.5,78
2019-04-27,4,23723.5,82
2019-04-27,5,23723.5,82
2019-04-27,6,27550.1,87
2019-04-27,7,28132.1,89
2019-04-27,8,30432.9,91
2019-04-27,9,32085.9,93
2019-04-27,10,31087.3,93
2019-04-27,11,32312.2,95
2019-04-27,12,32312.2,95
2019-04-27,13,34046.2,96
2019-04-27,14,35476.1,98
2019-04-27,15,37933.0,100
2019-04-27,16,39085.8,101
2019-04-27,17,38809.3,99
2019-04-27,18,38847.6,101
2019-04-27,19,38847.6,101
2019-04-27,20,38847.6,101
2019-04-27,21,37113.6,100
2019-04-27,22,33535.3,96
2019-04-27,23,27939.6,89
2019-04-28,0,26851.4,88
2019-04-28,1,23594.9,83
2019-04-28,2,22552.9,81
2019-04-28,3,22702.9,82
2019-04-28,4,23594.9,83
2019-04-28,5,25004.9,85
2019-04-28,6,27489.6,88
2019-04-28,7,29399.0,91
2019-04-28,8,29399.0,91
2019-04-28,9,31249.8,92
2019-04-28,10,30386.4,90
2019-04-28,11,33403.4,94
2019-04-28,12,33901.3,95
2019-04-28,13,35469.7,95
2019-04-28,14,36474.7,98
2019-04-28,15,37044.7,99
2019-04-28,16,39763.9,101
2019-04-28,17,39193.9,100
2019-04-28,18,37459.9,99
2019-04-28,19,37106.1,99
2019-04-28,20,37106.1,99
2019-04-28,21,33619.3,95
2019-04-28,22,28697.9,89
2019-04-28,23,25641.8,84
2019-04-29,0,21449.4,75
2019-04-29,1,20703.4,74
2019-04-29,2,20703.4,74
2019-04-29,3,23068.0,81
2019-04-29,4,26694.1,87
2019-04-29,5,28544.9,88
2019-04-29,6,30000.9,90
2019-04-29,7,30714.3,91
2019-04-29,8,32613.8,94
2019-04-29,9,34051.3,96
2019-04-29,10,36416.7,98
2019-04-29,11,36416.7,98
2019-04-29,12,39303.5,100
2019-04-29,13,39303.5,100
2019-04-29,14,39992.9,101
2019-04-29,15,41831.3,103
2019-04-29,16,41831.3,103
2019-04-29,17,40358.1,100
2019-04-29,18,40678.5,102
2019-04-29,19,40108.5,101
2019-04-29,20,40108.5,101
2019-04-29,21,37450.7,99
2019-04-29,22,33619.3,95
2019-04-29,23,29946.1,91
2019-04-30,0,27945.3,89
2019-04-30,1,25915.8,85
2019-04-30,2,24466.3,83
2019-04-30,3,26715.8,87
2019-04-30,4,30519.6,92
2019-04-30,5,32370.4,93
2019-04-30,6,33619.3,95
2019-04-30,7,33619.3,95
2019-04-30,8,35310.7,98
2019-04-30,9,36225.3,99
2019-04-30,10,38944.5,101
2019-04-30,11,39606.0,102
2019-04-30,12,41340.0,103
2019-04-30,13,41340.0,103
2019-04-30,14,41091.0,102
2019-04-30,15,40759.3,100
2019-04-30,16,40759.3,100
2019-04-30,17,40588.9,99
2019-04-30,18,39606.0,102
2019-04-30,19,39606.0,102
2019-04-30,20,39606.0,102
2019-04-30,21,37680.2,99
2019-04-30,22,32679.7,94
2019-04-30,23,29399.0,91
2019-05-01,0,28896.9,88
2019-05-01,1,26096.9,86
2019-05-01,2,27559.8,89
2019-05-01,3,30115.5,92
2019-05-01,4,34228.3,96
2019-05-01,5,36079.1,97
2019-05-01,6,38391.9,100
2019-05-01,7,38823.9,101
2019-05-01,8,40557.9,102
2019-05-01,9,40557.9,102
2019-05-01,10,41481.7,103
2019-05-01,11,42634.5,104
2019-05-01,12,42634.5,104
2019-05-01,13,42634.5,104
2019-05-01,14,42634.5,104
2019-05-01,15,42634.5,104
2019-05-01,16,41694.9,103
2019-05-01,17,42282.4,102
2019-05-01,18,42634.5,104
2019-05-01,19,40900.5,103
2019-05-01,20,40900.5,103
2019-05-01,21,39177.7,101
2019-05-01,22,33606.9,96
2019-05-01,23,30828.9,93
2019-05-02,0,28877.3,90
2019-05-02,1,26338.3,87
2019-05-02,2,25802.8,86
2019-05-02,3,25632.4,85
2019-05-02,4,29580.0,91
2019-05-02,5,30432.2,92
2019-05-02,6,30432.2,92
2019-05-02,7,31145.6,93
2019-05-02,8,33310.1,96
2019-05-02,9,33742.1,97
2019-05-02,10,37022.1,100
2019-05-02,11,38174.9,101
2019-05-02,12,39908.9,102
2019-05-02,13,39588.5,100
2019-05-02,14,38844.3,100
2019-05-02,15,38844.3,100
2019-05-02,16,37691.5,99
2019-05-02,17,36939.8,97
2019-05-02,18,35537.5,98
2019-05-02,19,35105.5,97
2019-05-02,20,35105.5,97
2019-05-02,21,32620.7,95
2019-05-02,22,27775.3,89
2019-05-02,23,26090.0,86
2019-05-03,0,24758.0,84
2019-05-03,1,22776.0,82
2019-05-03,2,22776.0,82
2019-05-03,3,26166.2,86
2019-05-03,4,29644.8,90
2019-05-03,5,31872.5,92
2019-05-03,6,33097.4,94
2019-05-03,7,34027.3,96
2019-05-03,8,34027.3,96
2019-05-03,9,35822.7,97
2019-05-03,10,35822.7,97
2019-05-03,11,36536.1,98
2019-05-03,12,34575.1,96
2019-05-03,13,34575.1,96
2019-05-03,14,36370.5,97
2019-05-03,15,36370.5,97
2019-05-03,16,36215.7,96
2019-05-03,17,36215.7,96
2019-05-03,18,36215.7,96
2019-05-03,19,36204.4,96
2019-05-03,20,36204.4,96
2019-05-03,21,36386.1,97
2019-05-03,22,34740.7,97
2019-05-03,23,32143.9,95
2019-05-04,0,32143.9,95
2019-05-04,1,31430.5,94
2019-05-04,2,29457.5,91
2019-05-04,3,29457.5,91
2019-05-04,4,31204.3,94
2019-05-04,5,31204.3,94
2019-05-04,6,32999.7,95
2019-05-04,7,33745.7,96
2019-05-04,8,34597.9,97
2019-05-04,9,34597.9,97
2019-05-04,10,35371.7,97
2019-05-04,11,36311.3,98
2019-05-04,12,38045.3,99
2019-05-04,13,37863.6,98
2019-05-04,14,37796.3,98
2019-05-04,15,37796.3,98
2019-05-04,16,37106.9,97
2019-05-04,17,37106.9,97
2019-05-04,18,39280.9,100
2019-05-04,19,37795.9,100
2019-05-04,20,37795.9,100
2019-05-04,21,36167.9,98
2019-05-04,22,34967.8,97
2019-05-04,23,32534.4,94
2019-05-05,0,30739.0,93
2019-05-05,1,28768.1,90
2019-05-05,2,27303.5,88
2019-05-05,3,27303.5,88
2019-05-05,4,27801.4,89
2019-05-05,5,27801.4,89
2019-05-05,6,30343.3,93
2019-05-05,7,31659.3,95
2019-05-05,8,31659.3,95
2019-05-05,9,32940.1,95
2019-05-05,10,32869.1,95
2019-05-05,11,35454.1,96
2019-05-05,12,35604.1,97
2019-05-05,13,37338.1,98
2019-05-05,14,38270.1,99
2019-05-05,15,39754.7,101
2019-05-05,16,39754.7,101
2019-05-05,17,39754.7,101
2019-05-05,18,40108.5,101
2019-05-05,19,38374.5,100
2019-05-05,20,38374.5,100
2019-05-05,21,35414.7,96
2019-05-05,22,30536.4,91
2019-05-05,23,26763.6,85
2019-05-06,0,25003.8,80
2019-05-06,1,21153.4,75
2019-05-06,2,21488.5,77
2019-05-06,3,23270.6,81
2019-05-06,4,27341.2,87
2019-05-06,5,29192.0,88
2019-05-06,6,31681.8,93
2019-05-06,7,33303.2,95
2019-05-06,8,33801.1,96
2019-05-06,9,35535.1,97
2019-05-06,10,35535.1,97
2019-05-06,11,37842.0,99
2019-05-06,12,38883.1,101
2019-05-06,13,41481.7,103
2019-05-06,14,42143.2,104
2019-05-06,15,41409.1,100
2019-05-06,16,41409.1,100
2019-05-06,17,40747.6,99
2019-05-06,18,38840.1,100
2019-05-06,19,38840.1,100
2019-05-06,20,38840.1,100
2019-05-06,21,36674.1,98
2019-05-06,22,31249.8,92
2019-05-06,23,29233.4,90
2019-05-07,0,28494.5,86
2019-05-07,1,23886.4,80
2019-05-07,2,24790.9,85
2019-05-07,3,27493.9,89
2019-05-07,4,32555.6,95
2019-05-07,5,35119.8,97
2019-05-07,6,38374.5,100
2019-05-07,7,38374.5,100
2019-05-07,8,38374.5,100
2019-05-07,9,36770.5,98
2019-05-07,10,38504.5,99
2019-05-07,11,38338.9,98
2019-05-07,12,38066.4,97
2019-05-07,13,38755.8,98
2019-05-07,14,40026.9,101
2019-05-07,15,40950.7,102
2019-05-07,16,40950.7,102
2019-05-07,17,40701.7,101
2019-05-07,18,40221.5,100
2019-05-07,19,38637.5,100
2019-05-07,20,38637.5,100
2019-05-07,21,34997.6,96
2019-05-07,22,30459.4,91
2019-05-07,23,26841.6,86
2019-05-08,0,24627.8,83
2019-05-08,1,23441.0,82
2019-05-08,2,23441.0,82
2019-05-08,3,22460.4,80
2019-05-08,4,26316.9,86
2019-05-08,5,27169.1,87
2019-05-08,6,31907.3,94
2019-05-08,7,32620.7,95
2019-05-08,8,33310.1,96
2019-05-08,9,33426.5,95
2019-05-08,10,35221.9,96
2019-05-08,11,35221.9,96
2019-05-08,12,35221.9,96
2019-05-08,13,35221.9,96
2019-05-08,14,35959.2,96
2019-05-08,15,36290.9,98
2019-05-08,16,37122.8,100
2019-05-08,17,37122.8,100
2019-05-08,18,38840.6,102
2019-05-08,19,40088.7,104
2019-05-08,20,40088.7,104
2019-05-08,21,39236.5,103
2019-05-08,22,35609.1,98
2019-05-08,23,32567.7,94
2019-05-09,0,30772.3,93
2019-05-09,1,30236.8,92
2019-05-09,2,30490.9,93
2019-05-09,3,32286.3,94
2019-05-09,4,36523.7,99
2019-05-09,5,38374.5,100
2019-05-09,6,38374.5,100
2019-05-09,7,36596.5,97
2019-05-09,8,36746.5,98
2019-05-09,9,37459.9,99
2019-05-09,10,38029.9,100
2019-05-09,11,39747.7,102
2019-05-09,12,39747.7,102
2019-05-09,13,39747.7,102
2019-05-09,14,39597.7,101
2019-05-09,15,38908.3,100
2019-05-09,16,39597.7,101
2019-05-09,17,37952.3,101
2019-05-09,18,36101.5,100
2019-05-09,19,36101.5,100
2019-05-09,20,36101.5,100
2019-05-09,21,32354.4,95
2019-05-09,22,26954.1,87
2019-05-09,23,22969.0,81
2019-05-10,0,18999.3,73
2019-05-10,1,18545.8,72
2019-05-10,2,17902.2,71
2019-05-10,3,19030.5,74
2019-05-10,4,23425.4,82
2019-05-10,5,27609.7,88
2019-05-10,6,27609.7,88
2019-05-10,7,29460.5,89
2019-05-10,8,27352.7,86
2019-05-10,9,29255.9,88
2019-05-10,10,31249.8,92
2019-05-10,11,30328.9,93
2019-05-10,12,30328.9,93
2019-05-10,13,30328.9,93
2019-05-10,14,30940.5,92
2019-05-10,15,30940.5,92
2019-05-10,16,31110.9,93
2019-05-10,17,31260.9,94
2019-05-10,18,32200.5,95
2019-05-10,19,32200.5,95
2019-05-10,20,32200.5,95
2019-05-10,21,32200.5,95
2019-05-10,22,30763.0,93
2019-05-10,23,29481.5,91
2019-05-11,0,29481.5,91
2019-05-11,1,29481.5,91
2019-05-11,2,29481.5,91
2019-05-11,3,30170.9,92
2019-05-11,4,31966.3,93
2019-05-11,5,32999.7,95
2019-05-11,6,34186.5,96
2019-05-11,7,35126.1,97
2019-05-11,8,35126.1,97
2019-05-11,9,35126.1,97
2019-05-11,10,35126.1,97
2019-05-11,11,33651.0,95
2019-05-11,12,33651.0,95
2019-05-11,13,32961.6,94
2019-05-11,14,31166.2,93
2019-05-11,15,30452.8,92
2019-05-11,16,30988.3,93
2019-05-11,17,32391.1,95
2019-05-11,18,32889.9,96
2019-05-11,19,34685.3,97
2019-05-11,20,34685.3,97
2019-05-11,21,34685.3,97
2019-05-11,22,34685.3,97
2019-05-11,23,31430.5,94
2019-05-12,0,30490.9,93
2019-05-12,1,29801.5,92
2019-05-12,2,29801.5,92
2019-05-12,3,29801.5,92
2019-05-12,4,29801.5,92
2019-05-12,5,30490.9,93
2019-05-12,6,32286.3,94
2019-05-12,7,33032.3,95
2019-05-12,8,33032.3,95
2019-05-12,9,33032.3,95
2019-05-12,10,33884.5,96
2019-05-12,11,32089.1,95
2019-05-12,12,32089.1,95
2019-05-12,13,33028.7,96
2019-05-12,14,33742.1,97
2019-05-12,15,34312.1,98
2019-05-12,16,35226.7,99
2019-05-12,17,36960.7,100
2019-05-12,18,38756.1,101
2019-05-12,19,38104.3,101
2019-05-12,20,38104.3,101
2019-05-12,21,38104.3,101
2019-05-12,22,35599.9,98
2019-05-12,23,32464.2,94
2019-05-13,0,30668.8,93
2019-05-13,1,29351.8,91
2019-05-13,2,28662.4,90
2019-05-13,3,28662.4,90
2019-05-13,4,33032.3,95
2019-05-13,5,33971.9,96
2019-05-13,6,35822.7,97
2019-05-13,7,35822.7,97
2019-05-13,8,35822.7,97
2019-05-13,9,35822.7,97
2019-05-13,10,36536.1,98
2019-05-13,11,38020.7,100
2019-05-13,12,37700.3,98
2019-05-13,13,39434.3,99
2019-05-13,14,39604.7,100
2019-05-13,15,41316.1,102
2019-05-13,16,41316.1,102
2019-05-13,17,40512.9,101
2019-05-13,18,40528.5,101
2019-05-13,19,40528.5,101
2019-05-13,20,38944.5,101
2019-05-13,21,38374.5,100
2019-05-13,22,34850.5,96
2019-05-13,23,32999.7,95
2019-05-14,0,30490.9,93
2019-05-14,1,29266.0,91
2019-05-14,2,29266.0,91
2019-05-14,3,29955.4,92
2019-05-14,4,34895.7,97
2019-05-14,5,36746.5,98
2019-05-14,6,38732.6,101
2019-05-14,7,39446.0,102
2019-05-14,8,40016.0,103
2019-05-14,9,40016.0,103
2019-05-14,10,41497.3,105
2019-05-14,11,42684.1,106
2019-05-14,12,42684.1,106
2019-05-14,13,44418.1,107
2019-05-14,14,45570.9,108
2019-05-14,15,45570.9,108
2019-05-14,16,45570.9,108
2019-05-14,17,45570.9,108
2019-05-14,18,44418.1,107
2019-05-14,19,42684.1,106
2019-05-14,20,41596.0,104
2019-05-14,21,41596.0,104
2019-05-14,22,36997.1,99
2019-05-14,23,34277.9,97
2019-05-15,0,32423.7,95
2019-05-15,1,29629.9,92
2019-05-15,2,29629.9,92
2019-05-15,3,30490.9,93
2019-05-15,4,35064.3,97
2019-05-15,5,35916.5,98
2019-05-15,6,38037.4,101
2019-05-15,7,38840.6,102
2019-05-15,8,40574.6,103
2019-05-15,9,40574.6,103
2019-05-15,10,42232.7,106
2019-05-15,11,44961.9,108
2019-05-15,12,46114.7,109
2019-05-15,13,48104.7,111
2019-05-15,14,48104.7,111
2019-05-15,15,51963.1,111
2019-05-15,16,51963.1,111
2019-05-15,17,48486.1,108
2019-05-15,18,48486.1,108
2019-05-15,19,47748.4,107
2019-05-15,20,47748.4,107
2019-05-15,21,41436.0,104
2019-05-15,22,38621.7,100
2019-05-15,23,33473.1,95
2019-05-16,0,31677.7,94
2019-05-16,1,28768.1,90
2019-05-16,2,27836.1,89
2019-05-16,3,26747.9,88
2019-05-16,4,31856.5,94
2019-05-16,5,33707.3,95
2019-05-16,6,37459.9,99
2019-05-16,7,37459.9,99
2019-05-16,8,37459.9,99
2019-05-16,9,39023.5,99
2019-05-16,10,39019.8,98
2019-05-16,11,41526.1,102
2019-05-16,12,43405.4,106
2019-05-16,13,44592.2,107
2019-05-16,14,46148.7,109
2019-05-16,15,45998.7,108
2019-05-16,16,45998.7,108
2019-05-16,17,45998.7,108
2019-05-16,18,44442.2,106
2019-05-16,19,42079.9,105
2019-05-16,20,42079.9,105
2019-05-16,21,39431.3,103
2019-05-16,22,33807.5,96
2019-05-16,23,27644.9,88
2019-05-17,0,25617.5,84
2019-05-17,1,22771.4,80
2019-05-17,2,22589.7,79
2019-05-17,3,24520.2,84
2019-05-17,4,28141.3,89
2019-05-17,5,29784.6,92
2019-05-17,6,32274.6,95
2019-05-17,7,33742.1,97
2019-05-17,8,35476.1,98
2019-05-17,9,37271.5,99
2019-05-17,10,38972.3,99
2019-05-17,11,40466.1,101
2019-05-17,12,42825.9,104
2019-05-17,13,44012.7,105
2019-05-17,14,45060.6,107
2019-05-17,15,45060.6,107
2019-05-17,16,45060.6,107
2019-05-17,17,45060.6,107
2019-05-17,18,44182.2,106
2019-05-17,19,42331.4,105
2019-05-17,20,42331.4,105
2019-05-17,21,39831.5,102
2019-05-17,22,35922.7,98
2019-05-17,23,31935.9,94
2019-05-18,0,30134.3,92
2019-05-18,1,27319.1,88
2019-05-18,2,27169.1,87
2019-05-18,3,25636.0,84
2019-05-18,4,26172.4,85
2019-05-18,5,27914.1,89
2019-05-18,6,30251.2,92
2019-05-18,7,31249.8,92
2019-05-18,8,33553.4,95
2019-05-18,9,35846.7,97
2019-05-18,10,35846.7,97
2019-05-18,11,35846.7,97
2019-05-18,12,35846.7,97
2019-05-18,13,34757.1,95
2019-05-18,14,35094.4,94
2019-05-18,15,35094.4,94
2019-05-18,16,35596.5,97
2019-05-18,17,35596.5,97
2019-05-18,18,35596.5,97
2019-05-18,19,38374.5,100
2019-05-18,20,38374.5,100
2019-05-18,21,36091.7,98
2019-05-18,22,36091.7,98
2019-05-18,23,35609.1,98
2019-05-19,0,34685.3,97
2019-05-19,1,32793.9,94
2019-05-19,2,33225.9,95
2019-05-19,3,33225.9,95
2019-05-19,4,34685.3,97
2019-05-19,5,35346.8,98
2019-05-19,6,37755.2,101
2019-05-19,7,39410.6,103
2019-05-19,8,40088.7,104
2019-05-19,9,41822.7,105
2019-05-19,10,41822.7,105
2019-05-19,11,45831.1,106
2019-05-19,12,45831.1,106
2019-05-19,13,45693.8,103
2019-05-19,14,46972.9,105
2019-05-19,15,47531.9,106
2019-05-19,16,47350.2,105
2019-05-19,17,47350.2,105
2019-05-19,18,46501.700000000004,103
2019-05-19,19,45153.0,105
2019-05-19,20,45153.0,105
2019-05-19,21,40483.1,103
2019-05-19,22,38317.1,101
2019-05-19,23,31723.2,94
2019-05-20,0,28832.0,90
2019-05-20,1,27169.1,87
2019-05-20,2,26817.0,85
2019-05-20,3,28407.3,89
2019-05-20,4,32122.8,94
2019-05-20,5,35675.5,98
2019-05-20,6,36107.5,99
2019-05-20,7,37294.3,100
2019-05-20,8,39028.3,101
2019-05-20,9,39689.8,102
2019-05-20,10,44734.3,108
2019-05-20,11,48742.7,109
2019-05-20,12,52767.0,113
2019-05-20,13,54467.8,113
2019-05-20,14,56847.4,114
2019-05-20,15,56169.3,113
2019-05-20,16,57401.5,115
2019-05-20,17,57401.5,115
2019-05-20,18,54169.7,113
2019-05-20,19,54169.7,113
2019-05-20,20,53366.5,112
2019-05-20,21,43056.5,104
2019-05-20,22,40528.5,101
2019-05-20,23,33744.1,93
2019-05-21,0,34158.7,95
2019-05-21,1,32505.7,93
2019-05-21,2,32505.7,93
2019-05-21,3,30347.9,90
2019-05-21,4,32719.1,94
2019-05-21,5,33658.7,95
2019-05-21,6,35160.7,97
2019-05-21,7,35160.7,97
2019-05-21,8,35160.7,97
2019-05-21,9,35463.7,96
2019-05-21,10,37091.7,98
2019-05-21,11,38648.5,100
2019-05-21,12,40131.3,102
2019-05-21,13,42668.5,104
2019-05-21,14,44208.4,106
2019-05-21,15,48066.8,106
2019-05-21,16,47337.4,104
2019-05-21,17,46277.3,102
2019-05-21,18,45040.9,102
2019-05-21,19,43659.0,103
2019-05-21,20,43659.0,103
2019-05-21,21,38989.1,101
2019-05-21,22,35299.9,98
2019-05-21,23,33894.3,95
2019-05-22,0,33275.1,96
2019-05-22,1,28437.5,90
2019-05-22,2,28437.5,90
2019-05-22,3,30115.5,92
2019-05-22,4,34823.3,97
2019-05-22,5,36449.3,98
2019-05-22,6,38317.1,101
2019-05-22,7,40051.1,102
2019-05-22,8,40483.1,103
2019-05-22,9,42459.4,105
2019-05-22,10,45398.3,108
2019-05-22,11,45398.3,108
2019-05-22,12,50285.1,110
2019-05-22,13,51471.9,111
2019-05-22,14,51471.9,111
2019-05-22,15,52275.1,112
2019-05-22,16,52275.1,112
2019-05-22,17,51954.700000000004,110
2019-05-22,18,51422.9,111
2019-05-22,19,47414.5,110
2019-05-22,20,47414.5,110
2019-05-22,21,45296.5,108
2019-05-22,22,40131.3,102
2019-05-22,23,37033.5,98
2019-05-23,0,35238.1,97
2019-05-23,1,32371.2,92
2019-05-23,2,32789.7,94
2019-05-23,3,31850.1,93
2019-05-23,4,33700.9,94
2019-05-23,5,33716.5,94
2019-05-23,6,35226.1,96
2019-05-23,7,37453.5,98
2019-05-23,8,40261.3,101
2019-05-23,9,42668.5,104
2019-05-23,10,44266.8,105
2019-05-23,11,47414.5,110
2019-05-23,12,51422.9,111
2019-05-23,13,52598.3,112
2019-05-23,14,56023.2,115
2019-05-23,15,56023.2,115
2019-05-23,16,56023.2,115
2019-05-23,17,55464.2,114
2019-05-23,18,56023.2,115
2019-05-23,19,56023.2,115
2019-05-23,20,54172.4,114
2019-05-23,21,51026.5,111
2019-05-23,22,45124.6,105
2019-05-23,23,37228.5,100
2019-05-24,0,38962.5,101
2019-05-24,1,34177.1,95
2019-05-24,2,34177.1,95
2019-05-24,3,32257.2,89
2019-05-24,4,32383.7,90
2019-05-24,5,35270.5,92
2019-05-24,6,34806.1,96
2019-05-24,7,37722.9,99
2019-05-24,8,40371.5,101
2019-05-24,9,43330.0,105
2019-05-24,10,45322.9,107
2019-05-24,11,48194.4,110
2019-05-24,12,48368.5,110
2019-05-24,13,52376.9,111
2019-05-24,14,52376.9,111
2019-05-24,15,53055.0,112
2019-05-24,16,53055.0,112
2019-05-24,17,52884.6,111
2019-05-24,18,49881.7,106
2019-05-24,19,47998.2,105
2019-05-24,20,48318.6,107
2019-05-24,21,40664.0,104
2019-05-24,22,37748.1,101
2019-05-24,23,32887.2,94
2019-05-25,0,32239.3,92
2019-05-25,1,26654.1,86
2019-05-25,2,26654.1,86
2019-05-25,3,27276.6,87
2019-05-25,4,27349.1,86
2019-05-25,5,29332.2,88
2019-05-25,6,30464.9,89
2019-05-25,7,33226.7,94
2019-05-25,8,36474.7,98
2019-05-25,9,39146.1,101
2019-05-25,10,42275.3,104
2019-05-25,11,44253.9,106
2019-05-25,12,46471.9,109
2019-05-25,13,48851.5,110
2019-05-25,14,49654.7,111
2019-05-25,15,49654.7,111
2019-05-25,16,49654.7,111
2019-05-25,17,49654.7,111
2019-05-25,18,45593.5,108
2019-05-25,19,43859.5,107
2019-05-25,20,43859.5,107
2019-05-25,21,40529.9,103
2019-05-25,22,36054.1,98
2019-05-25,23,31099.8,91
2019-05-26,0,28205.2,84
2019-05-26,1,30517.1,89
2019-05-26,2,28666.3,88
2019-05-26,3,27726.7,87
2019-05-26,4,26733.0,83
2019-05-26,5,27268.5,84
2019-05-26,6,29245.8,86
2019-05-26,7,31034.3,92
2019-05-26,8,33913.7,95
2019-05-26,9,36474.7,98
2019-05-26,10,39146.1,101
2019-05-26,11,42275.3,104
2019-05-26,12,44543.2,107
2019-05-26,13,46073.5,109
2019-05-26,14,46951.9,110
2019-05-26,15,46951.9,110
2019-05-26,16,46951.9,110
2019-05-26,17,46951.9,110
2019-05-26,18,44276.6,105
2019-05-26,19,42575.8,105
2019-05-26,20,42575.8,105
2019-05-26,21,39617.3,101
2019-05-26,22,34599.1,96
2019-05-26,23,32455.1,94
2019-05-27,0,28695.9,90
2019-05-27,1,26949.1,87
2019-05-27,2,26088.1,86
2019-05-27,3,26581.3,86
2019-05-27,4,26581.3,86
2019-05-27,5,26581.3,86
2019-05-27,6,29002.3,90
2019-05-27,7,33244.2,96
2019-05-27,8,36462.8,99
2019-05-27,9,37998.0,98
2019-05-27,10,40606.9,102
2019-05-27,11,43127.5,105
2019-05-27,12,44592.2,107
2019-05-27,13,46273.8,109
2019-05-27,14,48653.4,110
2019-05-27,15,48653.4,110
2019-05-27,16,48653.4,110
2019-05-27,17,48653.4,110
2019-05-27,18,47684.6,108
2019-05-27,19,45833.8,107
2019-05-27,20,45999.4,108
2019-05-27,21,41938.2,105
2019-05-27,22,36521.5,99
2019-05-27,23,31688.7,94
2019-05-28,0,29660.9,92
2019-05-28,1,26458.1,87
2019-05-28,2,26308.1,86
2019-05-28,3,27169.1,87
2019-05-28,4,30671.2,92
2019-05-28,5,32790.5,95
2019-05-28,6,34524.5,96
2019-05-28,7,36378.7,98
2019-05-28,8,38661.5,100
2019-05-28,9,42845.4,104
2019-05-28,10,44677.0,107
2019-05-28,11,46951.9,110
2019-05-28,12,46951.9,110
2019-05-28,13,50960.3,111
2019-05-28,14,50132.2,109
2019-05-28,15,50166.1,106
2019-05-28,16,50639.9,109
2019-05-28,17,50639.9,109
2019-05-28,18,49761.5,108
2019-05-28,19,48231.1,109
2019-05-28,20,48231.1,109
2019-05-28,21,47427.9,108
2019-05-28,22,43419.5,107
2019-05-28,23,39164.9,103
2019-05-29,0,35776.8,100
2019-05-29,1,34683.3,98
2019-05-29,2,32251.1,95
2019-05-29,3,32251.1,95
2019-05-29,4,35675.5,98
2019-05-29,5,38756.1,101
2019-05-29,6,42023.0,105
2019-05-29,7,42023.0,105
2019-05-29,8,43873.8,106
2019-05-29,9,43873.8,106
2019-05-29,10,48560.3,108
2019-05-29,11,49773.5,110
2019-05-29,12,49773.5,110
2019-05-29,13,49773.5,110
2019-05-29,14,50926.3,111
2019-05-29,15,50926.3,111
2019-05-29,16,50776.3,110
2019-05-29,17,50123.1,110
2019-05-29,18,49244.700000000004,109
2019-05-29,19,45598.5,107
2019-05-29,20,47393.9,108
2019-05-29,21,46241.1,107
2019-05-29,22,40066.7,104
2019-05-29,23,36681.6,99
2019-05-30,0,35767.0,98
2019-05-30,1,33313.7,95
2019-05-30,2,33313.7,95
2019-05-30,3,34253.3,96
2019-05-30,4,37988.4,101
2019-05-30,5,40409.2,103
2019-05-30,6,41965.7,105
2019-05-30,7,43152.5,106
2019-05-30,8,43152.5,106
2019-05-30,9,43152.5,106
2019-05-30,10,46282.5,106
2019-05-30,11,48016.5,107
2019-05-30,12,48426.5,108
2019-05-30,13,49278.7,109
2019-05-30,14,50081.9,110
2019-05-30,15,49497.8,107
2019-05-30,16,49371.3,106
2019-05-30,17,50960.3,111
2019-05-30,18,46951.9,110
2019-05-30,19,45101.1,109
2019-05-30,20,44297.9,108
2019-05-30,21,42079.9,105
2019-05-30,22,39029.7,102
2019-05-30,23,37295.7,101
2019-05-31,0,36582.3,100
2019-05-31,1,33500.8,96
2019-05-31,2,34190.2,97
2019-05-31,3,35665.3,99
2019-05-31,4,38585.9,102
2019-05-31,5,40436.7,103
2019-05-31,6,39354.5,102
2019-05-31,7,40157.7,103
2019-05-31,8,44827.6,105
2019-05-31,9,45505.7,106
2019-05-31,10,46692.5,107
2019-05-31,11,46692.5,107
2019-05-31,12,48426.5,108
2019-05-31,13,49278.7,109
2019-05-31,14,48958.3,107
2019-05-31,15,49278.7,109
2019-05-31,16,50157.1,110
2019-05-31,17,51309.9,111
2019-05-31,18,47301.5,110
2019-05-31,19,45983.1,108
2019-05-31,20,44297.9,108
2019-05-31,21,43009.5,106
2019-05-31,22,39679.9,102
2019-05-31,23,36332.7,99
2019-06-01,0,33597.7,97
2019-06-01,1,31640.0,94
2019-06-01,2,30725.4,93
2019-06-01,3,30227.5,92
2019-06-01,4,32712.3,94
2019-06-01,5,34134.0,96
2019-06-01,6,38269.1,101
2019-06-01,7,42277.5,102
2019-06-01,8,45326.3,104
2019-06-01,9,46129.5,105
2019-06-01,10,48655.9,108
2019-06-01,11,51385.1,110
2019-06-01,12,50707.0,109
2019-06-01,13,52700.1,111
2019-06-01,14,53378.2,112
2019-06-01,15,53212.6,111
2019-06-01,16,53212.6,111
2019-06-01,17,52188.3,111
2019-06-01,18,49632.4,106
2019-06-01,19,45755.6,102
2019-06-01,20,44792.9,103
2019-06-01,21,44942.9,104
2019-06-01,22,39747.7,102
2019-06-01,23,38944.5,101
2019-06-02,0,33892.1,96
2019-06-02,1,29153.9,89
2019-06-02,2,29153.9,89
2019-06-02,3,28744.9,89
2019-06-02,4,28744.9,89
2019-06-02,5,31249.2,93
2019-06-02,6,33745.7,96
2019-06-02,7,37031.3,100
2019-06-02,8,39410.6,103
2019-06-02,9,44097.1,105
2019-06-02,10,47017.9,107
2019-06-02,11,46458.9,106
2019-06-02,12,46458.9,106
2019-06-02,13,48868.7,108
2019-06-02,14,50937.0,110
2019-06-02,15,50787.0,109
2019-06-02,16,50937.0,110
2019-06-02,17,50937.0,110
2019-06-02,18,50937.0,110
2019-06-02,19,48528.3,107
2019-06-02,20,47338.4,106
2019-06-02,21,47338.4,106
2019-06-02,22,42406.2,104
2019-06-02,23,38775.5,100
2019-06-03,0,34189.7,97
2019-06-03,1,33619.7,96
2019-06-03,2,33137.1,96
2019-06-03,3,35872.1,98
2019-06-03,4,36795.9,99
2019-06-03,5,38646.7,100
2019-06-03,6,40429.9,103
2019-06-03,7,41969.8,105
2019-06-03,8,49027.0,108
2019-06-03,9,49941.6,109
2019-06-03,10,52598.3,112
2019-06-03,11,53229.2,112
2019-06-03,12,56140.6,112
2019-06-03,13,55544.3,109
2019-06-03,14,58388.9,112
2019-06-03,15,58388.9,112
2019-06-03,16,56890.2,113
2019-06-03,17,57449.2,114
2019-06-03,18,54032.8,113
2019-06-03,19,52944.6,112
2019-06-03,20,52718.0,112
2019-06-03,21,50649.7,110
2019-06-03,22,44662.7,107
2019-06-03,23,39943.9,101
2019-06-04,0,36519.5,98
2019-06-04,1,33885.3,95
2019-06-04,2,33885.3,95
2019-06-04,3,34342.3,96
2019-06-04,4,34176.7,95
2019-06-04,5,37229.1,98
2019-06-04,6,40459.9,101
2019-06-04,7,41924.6,103
2019-06-04,8,44395.7,106
2019-06-04,9,46129.7,107
2019-06-04,10,48509.3,108
2019-06-04,11,49722.5,110
2019-06-04,12,49722.5,110
2019-06-04,13,49722.5,110
2019-06-04,14,49722.5,110
2019-06-04,15,49722.5,110
2019-06-04,16,47342.9,109
2019-06-04,17,46464.5,108
2019-06-04,18,44983.2,106
2019-06-04,19,43249.2,105
2019-06-04,20,43249.2,105
2019-06-04,21,42325.4,104
2019-06-04,22,39601.3,100
2019-06-04,23,37014.7,97
2019-06-05,0,34969.1,96
2019-06-05,1,34969.1,96
2019-06-05,2,34486.5,96
2019-06-05,3,34486.5,96
2019-06-05,4,38120.3,99
2019-06-05,5,41840.6,104
2019-06-05,6,42719.0,105
2019-06-05,7,46727.4,106
2019-06-05,8,46727.4,106
2019-06-05,9,47748.0,106
2019-06-05,10,49614.2,108
2019-06-05,11,49477.0,109
2019-06-05,12,50652.0,109
2019-06-05,13,51211.0,110
2019-06-05,14,51309.9,111
2019-06-05,15,51309.9,111
2019-06-05,16,49534.4,109
2019-06-05,17,50631.8,110
2019-06-05,18,49970.3,109
2019-06-05,19,47070.7,106
2019-06-05,20,46088.3,106
2019-06-05,21,46088.3,106
2019-06-05,22,43551.1,104
2019-06-05,23,39542.7,103
2019-06-06,0,38603.1,102
2019-06-06,1,37750.9,101
2019-06-06,2,36122.9,99
2019-06-06,3,37062.5,100
2019-06-06,4,39059.3,102
2019-06-06,5,42971.4,106
2019-06-06,6,44146.8,107
2019-06-06,7,46421.2,107
2019-06-06,8,46421.2,107
2019-06-06,9,49711.7,110
2019-06-06,10,51829.7,112
2019-06-06,11,53127.1,112
2019-06-06,12,54977.9,113
2019-06-06,13,54977.9,113
2019-06-06,14,55830.1,114
2019-06-06,15,55830.1,114
2019-06-06,16,55664.5,113
2019-06-06,17,52874.9,111
2019-06-06,18,50986.7,110
2019-06-06,19,48996.7,108
2019-06-06,20,47515.4,106
2019-06-06,21,45664.6,105
2019-06-06,22,44349.8,104
2019-06-06,23,40341.4,103
2019-06-07,0,36954.4,100
2019-06-07,1,36292.9,99
2019-06-07,2,35378.3,98
2019-06-07,3,36091.7,99
2019-06-07,4,38607.4,102
2019-06-07,5,39017.4,103
2019-06-07,6,43025.8,104
2019-06-07,7,44759.8,105
2019-06-07,8,46715.8,107
2019-06-07,9,47594.2,108
2019-06-07,10,49584.2,110
2019-06-07,11,51963.8,111
2019-06-07,12,53814.6,112
2019-06-07,13,55682.6,114
2019-06-07,14,56764.8,115
2019-06-07,15,56764.8,115
2019-06-07,16,56764.8,115
2019-06-07,17,56764.8,115
2019-06-07,18,56764.8,115
2019-06-07,19,55109.4,113
2019-06-07,20,53919.5,112
2019-06-07,21,53919.5,112
2019-06-07,22,48796.6,108
2019-06-07,23,44827.6,105
2019-06-08,0,39879.6,103
2019-06-08,1,39076.4,102
2019-06-08,2,37448.4,100
2019-06-08,3,37331.6,100
2019-06-08,4,36670.1,99
2019-06-08,5,37609.7,100
2019-06-08,6,41074.6,104
2019-06-08,7,45083.0,105
2019-06-08,8,47846.8,108
2019-06-08,9,49839.7,110
2019-06-08,10,53031.5,113
2019-06-08,11,55024.6,115
2019-06-08,12,58415.4,116
2019-06-08,13,58565.4,117
2019-06-08,14,60945.0,118
2019-06-08,15,60945.0,118
2019-06-08,16,60945.0,118
2019-06-08,17,60945.0,118
2019-06-08,18,59712.8,116
2019-06-08,19,56997.4,115
2019-06-08,20,53814.6,113
2019-06-08,21,52499.8,112
2019-06-08,22,49270.9,109
2019-06-08,23,44109.7,107
2019-06-09,0,38962.6,103
2019-06-09,1,38084.2,102
2019-06-09,2,34211.1,97
2019-06-09,3,33675.6,96
2019-06-09,4,33177.7,95
2019-06-09,5,34101.5,96
2019-06-09,6,38249.0,100
2019-06-09,7,41697.6,105
2019-06-09,8,45262.5,108
2019-06-09,9,46577.3,109
2019-06-09,10,53765.6,113
2019-06-09,11,54847.8,114
2019-06-09,12,54847.8,114
2019-06-09,13,54847.8,114
2019-06-09,14,52612.8,112
2019-06-09,15,52612.8,112
2019-06-09,16,52612.8,112
2019-06-09,17,50728.8,110
2019-06-09,18,50878.8,111
2019-06-09,19,47329.2,107
2019-06-09,20,47329.2,107
2019-06-09,21,44651.2,103
2019-06-09,22,38794.5,100
2019-06-09,23,34883.1,96
2019-06-10,0,35414.8,96
2019-06-10,1,33145.5,93
2019-06-10,2,33145.5,93
2019-06-10,3,32399.100000000002,93
2019-06-10,4,32399.100000000002,93
2019-06-10,5,34249.9,94
2019-06-10,6,33552.1,93
2019-06-10,7,36386.1,97
2019-06-10,8,38374.5,100
2019-06-10,9,40678.5,102
2019-06-10,10,42143.2,104
2019-06-10,11,44418.1,107
2019-06-10,12,44418.1,107
2019-06-10,13,48426.5,108
2019-06-10,14,47861.9,105
2019-06-10,15,47861.9,105
2019-06-10,16,48110.9,106
2019-06-10,17,48106.1,106
2019-06-10,18,46542.5,106
2019-06-10,19,45604.3,106
2019-06-10,20,45604.3,106
2019-06-10,21,46692.5,107
2019-06-10,22,46692.5,107
2019-06-10,23,40155.2,104
2019-06-11,0,39215.6,103
2019-06-11,1,35287.5,98
2019-06-11,2,34372.9,97
2019-06-11,3,35312.5,98
2019-06-11,4,37643.8,101
2019-06-11,5,40409.2,103
2019-06-11,6,40409.2,103
2019-06-11,7,44417.6,104
2019-06-11,8,44417.6,104
2019-06-11,9,43478.0,103
2019-06-11,10,45212.0,104
2019-06-11,11,46151.6,105
2019-06-11,12,46151.6,105
2019-06-11,13,46151.6,105
2019-06-11,14,46509.3,104
2019-06-11,15,47089.7,106
2019-06-11,16,47239.7,107
2019-06-11,17,43231.3,106
2019-06-11,18,44109.7,107
2019-06-11,19,42375.7,106
2019-06-11,20,41697.6,105
2019-06-11,21,41697.6,105
2019-06-11,22,40016.0,103
2019-06-11,23,38038.5,100
2019-06-12,0,34392.3,98
2019-06-12,1,34392.3,98
2019-06-12,2,32764.3,96
2019-06-12,3,33477.7,97
2019-06-12,4,36019.1,99
2019-06-12,5,38355.9,102
2019-06-12,6,38355.9,102
2019-06-12,7,42364.3,103
2019-06-12,8,44901.5,105
2019-06-12,9,44901.5,105
2019-06-12,10,45392.6,105
2019-06-12,11,47985.9,107
2019-06-12,12,48959.5,109
2019-06-12,13,50810.3,110
2019-06-12,14,52000.200000000004,111
2019-06-12,15,52150.200000000004,112
2019-06-12,16,52150.200000000004,112
2019-06-12,17,51472.1,111
2019-06-12,18,50469.9,109
2019-06-12,19,48626.8,108
2019-06-12,20,46892.8,107
2019-06-12,21,46014.4,106
2019-06-12,22,44641.2,104
2019-06-12,23,42128.9,102
2019-06-13,0,38120.5,101
2019-06-13,1,35994.1,99
2019-06-13,2,34198.7,98
2019-06-13,3,34198.7,98
2019-06-13,4,36933.7,100
2019-06-13,5,40249.2,103
2019-06-13,6,41497.3,105
2019-06-13,7,45505.7,106
2019-06-13,8,46820.5,107
2019-06-13,9,45880.9,106
2019-06-13,10,48493.3,108
2019-06-13,11,50086.1,109
2019-06-13,12,51088.3,111
2019-06-13,13,52275.1,112
2019-06-13,14,53465.0,113
2019-06-13,15,53465.0,113
2019-06-13,16,53465.0,113
2019-06-13,17,53112.9,111
2019-06-13,18,51151.5,109
2019-06-13,19,48572.3,108
2019-06-13,20,47427.9,108
2019-06-13,21,42331.4,105
2019-06-13,22,39794.2,103
2019-06-13,23,35308.0,98
2019-06-14,0,32965.6,95
2019-06-14,1,29336.9,90
2019-06-14,2,28248.7,89
2019-06-14,3,29021.3,88
2019-06-14,4,30550.9,91
2019-06-14,5,32401.7,92
2019-06-14,6,35572.0,96
2019-06-14,7,36783.3,98
2019-06-14,8,40131.3,102
2019-06-14,9,43078.5,105
2019-06-14,10,44393.3,106
2019-06-14,11,49204.9,108
2019-06-14,12,50380.3,109
2019-06-14,13,50858.700000000004,106
2019-06-14,14,53076.700000000004,109
2019-06-14,15,53076.700000000004,109
2019-06-14,16,52883.700000000004,108
2019-06-14,17,53053.200000000004,109
2019-06-14,18,51645.1,110
2019-06-14,19,50458.3,109
2019-06-14,20,45571.5,107
2019-06-14,21,44893.4,106
2019-06-14,22,38933.5,99
2019-06-14,23,34699.8,93
2019-06-15,0,32026.2,91
2019-06-15,1,31703.0,91
2019-06-15,2,29257.2,89
2019-06-15,3,28792.8,89
2019-06-15,4,28942.8,90
2019-06-15,5,28942.8,90
2019-06-15,6,33856.8,95
2019-06-15,7,36280.5,99
2019-06-15,8,40701.1,102
2019-06-15,9,42551.9,103
2019-06-15,10,45907.0,108
2019-06-15,11,48266.7,111
2019-06-15,12,52275.1,112
2019-06-15,13,51860.5,110
2019-06-15,14,55514.5,112
2019-06-15,15,55830.1,114
2019-06-15,16,55830.1,114
2019-06-15,17,55328.0,111
2019-06-15,18,54475.8,110
2019-06-15,19,51388.2,109
2019-06-15,20,49687.4,109
2019-06-15,21,48206.1,107
2019-06-15,22,42222.6,104
2019-06-15,23,38919.5,100
2019-06-16,0,38421.6,99
2019-06-16,1,33632.8,95
2019-06-16,2,32457.4,94
2019-06-16,3,31421.4,93
2019-06-16,4,30069.0,91
2019-06-16,5,30069.0,91
2019-06-16,6,30935.5,91
2019-06-16,7,33121.4,94
2019-06-16,8,36263.4,97
2019-06-16,9,39747.7,102
2019-06-16,10,41972.0,105
2019-06-16,11,43706.0,106
2019-06-16,12,43706.0,106
2019-06-16,13,44584.4,107
2019-06-16,14,44584.4,107
2019-06-16,15,45262.5,108
2019-06-16,16,43528.5,107
2019-06-16,17,43528.5,107
2019-06-16,18,43196.8,105
2019-06-16,19,43528.5,107
2019-06-16,20,42613.9,106
2019-06-16,21,42613.9,106
2019-06-16,22,37031.3,100
2019-06-16,23,34924.7,97
2019-06-17,0,30704.0,92
2019-06-17,1,26210.0,87
2019-06-17,2,27893.2,89
2019-06-17,3,30653.7,93
2019-06-17,4,33742.1,97
2019-06-17,5,36452.1,99
2019-06-17,6,37375.9,100
2019-06-17,7,38458.1,101
2019-06-17,8,40306.4,103
2019-06-17,9,41621.2,104
2019-06-17,10,41912.2,105
2019-06-17,11,45612.7,109
2019-06-17,12,46765.5,110
2019-06-17,13,52624.7,112
2019-06-17,14,53427.9,113
2019-06-17,15,56889.7,115
2019-06-17,16,56889.7,115
2019-06-17,17,56889.7,115
2019-06-17,18,56889.7,115
2019-06-17,19,53657.9,113
2019-06-17,20,52854.7,112
2019-06-17,21,51539.9,111
2019-06-17,22,47643.8,107
2019-06-17,23,42563.9,104
2019-06-18,0,39890.3,102
2019-06-18,1,37434.9,99
2019-06-18,2,36721.5,98
2019-06-18,3,36721.5,98
2019-06-18,4,40118.2,102
2019-06-18,5,41746.8,104
2019-06-18,6,46558.4,106
2019-06-18,7,47436.8,107
2019-06-18,8,47436.8,107
2019-06-18,9,47669.4,107
2019-06-18,10,48856.2,108
2019-06-18,11,51236.1,110
2019-06-18,12,51906.6,110
2019-06-18,13,55830.1,114
2019-06-18,14,55680.1,113
2019-06-18,15,58260.1,115
2019-06-18,16,58260.1,115
2019-06-18,17,56934.7,113
2019-06-18,18,56914.3,113
2019-06-18,19,57084.7,114
2019-06-18,20,56206.3,113
2019-06-18,21,50661.1,110
2019-06-18,22,48761.5,108
2019-06-18,23,40965.1,101
2019-06-19,0,38662.1,100
2019-06-19,1,35457.9,96
2019-06-19,2,35457.9,96
2019-06-19,3,32536.2,93
2019-06-19,4,33995.6,95
2019-06-19,5,38759.9,100
2019-06-19,6,38759.9,100
2019-06-19,7,40971.3,102
2019-06-19,8,44907.1,107
2019-06-19,9,47793.9,109
2019-06-19,10,52605.5,111
2019-06-19,11,55557.1,113
2019-06-19,12,58490.1,115
2019-06-19,13,60832.8,117
2019-06-19,14,60832.8,117
2019-06-19,15,63375.0,119
2019-06-19,16,63375.0,119
2019-06-19,17,63375.0,119
2019-06-19,18,61685.0,118
2019-06-19,19,59706.4,116
2019-06-19,20,58519.6,115
2019-06-19,21,58519.6,115
2019-06-19,22,53216.1,112
2019-06-19,23,48251.9,108
2019-06-20,0,43303.9,106
2019-06-20,1,40217.5,102
2019-06-20,2,37264.3,98
2019-06-20,3,37264.3,98
2019-06-20,4,39349.3,101
2019-06-20,5,40095.3,102
2019-06-20,6,41019.1,103
2019-06-20,7,42250.6,105
2019-06-20,8,46049.8,108
2019-06-20,9,47840.2,109
2019-06-20,10,53024.0,111
2019-06-20,11,55718.5,114
2019-06-20,12,58135.2,115
2019-06-20,13,59450.0,116
2019-06-20,14,58606.3,114
2019-06-20,15,58771.9,115
2019-06-20,16,59854.1,116
2019-06-20,17,59854.1,116
2019-06-20,18,61614.7,117
2019-06-20,19,59034.7,115
2019-06-20,20,54965.1,113
2019-06-20,21,54262.9,113
2019-06-20,22,48631.2,107
2019-06-20,23,41824.3,102
2019-06-21,0,38174.7,99
2019-06-21,1,36440.7,98
2019-06-21,2,35181.3,96
2019-06-21,3,35613.3,97
2019-06-21,4,37408.7,98
2019-06-21,5,37408.7,98
2019-06-21,6,40522.3,102
2019-06-21,7,43180.1,104
2019-06-21,8,48007.3,109
2019-06-21,9,49009.5,111
2019-06-21,10,57762.8,115
2019-06-21,11,57686.8,113
2019-06-21,12,58172.8,116
2019-06-21,13,59255.0,117
2019-06-21,14,59255.0,117
2019-06-21,15,59255.0,117
2019-06-21,16,59255.0,117
2019-06-21,17,59255.0,117
2019-06-21,18,59255.0,117
2019-06-21,19,55793.200000000004,115
2019-06-21,20,57333.200000000004,115
2019-06-21,21,50976.1,111
2019-06-21,22,48248.3,107
2019-06-21,23,41083.8,100
2019-06-22,0,38850.9,101
2019-06-22,1,36546.9,99
2019-06-22,2,34276.5,96
2019-06-22,3,33563.1,95
2019-06-22,4,32631.1,94
2019-06-22,5,32631.1,94
2019-06-22,6,36130.7,98
2019-06-22,7,38866.7,101
2019-06-22,8,44543.2,107
2019-06-22,9,46710.2,109
2019-06-22,10,48266.7,111
2019-06-22,11,51821.7,113
2019-06-22,12,51821.7,113
2019-06-22,13,51821.7,113
2019-06-22,14,55830.1,114
2019-06-22,15,53979.3,113
2019-06-22,16,52985.6,110
2019-06-22,17,53151.2,111
2019-06-22,18,52177.6,109
2019-06-22,19,51271.2,111
2019-06-22,20,51271.2,111
2019-06-22,21,45948.0,109
2019-06-22,22,43916.8,107
2019-06-22,23,38557.5,102
2019-06-23,0,38557.5,102
2019-06-23,1,34809.5,98
2019-06-23,2,34809.5,98
2019-06-23,3,33299.9,96
2019-06-23,4,33299.9,96
2019-06-23,5,32867.9,95
2019-06-23,6,34928.9,98
2019-06-23,7,39942.9,102
2019-06-23,8,42717.5,104
2019-06-23,9,43180.1,104
2019-06-23,10,45448.0,107
2019-06-23,11,49369.8,111
2019-06-23,12,49369.8,111
2019-06-23,13,53212.6,111
2019-06-23,14,53622.6,112
2019-06-23,15,58432.2,114
2019-06-23,16,58597.8,115
2019-06-23,17,56218.2,114
2019-06-23,18,57371.0,115
2019-06-23,19,54333.4,113
2019-06-23,20,53530.200000000004,112
2019-06-23,21,52215.4,111
2019-06-23,22,49291.5,109
2019-06-23,23,42928.7,106
2019-06-24,0,41133.3,105
2019-06-24,1,36750.7,99
2019-06-24,2,35811.1,98
2019-06-24,3,35379.1,97
2019-06-24,4,37174.5,98
2019-06-24,5,38098.3,99
2019-06-24,6,39288.2,100
2019-06-24,7,40034.2,101
2019-06-24,8,40215.9,102
2019-06-24,9,41368.7,103
2019-06-24,10,42741.9,105
2019-06-24,11,44475.9,106
2019-06-24,12,45815.5,108
2019-06-24,13,47516.3,108
2019-06-24,14,47666.3,109
2019-06-24,15,49347.9,111
2019-06-24,16,49347.9,111
2019-06-24,17,48495.7,110
2019-06-24,18,46814.1,108
2019-06-24,19,44402.0,106
2019-06-24,20,43992.0,105
2019-06-24,21,41171.5,101
2019-06-24,22,37529.5,98
2019-06-24,23,37308.7,98
2019-06-25,0,33420.9,95
2019-06-25,1,32312.8,91
2019-06-25,2,29996.0,87
2019-06-25,3,31390.4,90
2019-06-25,4,35138.2,94
2019-06-25,5,37847.2,99
2019-06-25,6,44406.5,105
2019-06-25,7,44904.4,106
2019-06-25,8,44639.0,107
2019-06-25,9,44639.0,107
2019-06-25,10,45494.6,107
2019-06-25,11,48499.4,109
2019-06-25,12,49212.2,109
2019-06-25,13,48540.0,110
2019-06-25,14,48540.0,110
2019-06-25,15,50390.8,111
2019-06-25,16,50390.8,111
2019-06-25,17,47960.8,110
2019-06-25,18,47960.8,110
2019-06-25,19,45047.7,106
2019-06-25,20,43872.3,105
2019-06-25,21,41097.7,103
2019-06-25,22,38903.3,99
2019-06-25,23,33257.1,94
2019-06-26,0,30266.9,90
2019-06-26,1,27136.4,87
2019-06-26,2,27551.0,89
2019-06-26,3,29500.2,91
2019-06-26,4,33742.1,97
2019-06-26,5,36340.7,99
2019-06-26,6,41144.6,104
2019-06-26,7,41144.6,104
2019-06-26,8,42320.0,105
2019-06-26,9,44170.8,106
2019-06-26,10,45767.6,108
2019-06-26,11,48764.0,111
2019-06-26,12,48764.0,111
2019-06-26,13,50978.0,111
2019-06-26,14,51656.1,112
2019-06-26,15,51656.1,112
2019-06-26,16,51656.1,112
2019-06-26,17,51656.1,112
2019-06-26,18,48424.3,110
2019-06-26,19,48589.9,111
2019-06-26,20,45680.5,109
2019-06-26,21,44199.2,107
2019-06-26,22,40138.7,102
2019-06-26,23,37588.7,99
2019-06-27,0,33450.9,95
2019-06-27,1,31430.8,92
2019-06-27,2,31712.8,92
2019-06-27,3,34027.3,96
2019-06-27,4,38029.9,100
2019-06-27,5,38944.5,101
2019-06-27,6,43047.9,106
2019-06-27,7,43047.9,106
2019-06-27,8,43699.7,106
2019-06-27,9,44875.1,107
2019-06-27,10,50070.3,109
2019-06-27,11,51385.1,110
2019-06-27,12,51272.5,106
2019-06-27,13,52456.4,109
2019-06-27,14,52456.4,109
2019-06-27,15,51954.3,106
2019-06-27,16,53040.5,112
2019-06-27,17,53040.5,112
2019-06-27,18,49032.1,111
2019-06-27,19,47181.3,110
2019-06-27,20,47530.9,110
2019-06-27,21,45477.1,108
2019-06-27,22,42984.7,105
2019-06-27,23,39935.9,103
2019-06-28,0,37593.5,100
2019-06-28,1,35120.5,97
2019-06-28,2,34550.5,96
2019-06-28,3,33635.9,95
2019-06-28,4,35978.3,98
2019-06-28,5,36902.1,99
2019-06-28,6,41885.8,106
2019-06-28,7,43736.6,107
2019-06-28,8,45470.6,108
2019-06-28,9,46464.3,108
2019-06-28,10,50893.0,108
2019-06-28,11,54666.0,110
2019-06-28,12,55328.0,111
2019-06-28,13,57758.0,112
2019-06-28,14,58110.1,114
2019-06-28,15,57407.9,114
2019-06-28,16,57407.9,114
2019-06-28,17,54878.3,112
2019-06-28,18,53723.0,109
2019-06-28,19,50740.1,106
2019-06-28,20,51071.8,108
2019-06-28,21,49315.2,107
2019-06-28,22,47850.5,105
2019-06-28,23,46535.7,104
2019-06-29,0,37926.1,99
2019-06-29,1,37926.1,99
2019-06-29,2,37323.5,98
2019-06-29,3,37323.5,98
2019-06-29,4,36324.9,98
2019-06-29,5,36894.9,99
2019-06-29,6,41840.6,104
2019-06-29,7,43807.1,107
2019-06-29,8,46949.9,110
2019-06-29,9,48683.9,111
2019-06-29,10,51724.6,113
2019-06-29,11,57047.8,115
2019-06-29,12,57047.8,115
2019-06-29,13,56244.6,114
2019-06-29,14,57420.0,115
2019-06-29,15,56230.1,114
2019-06-29,16,55377.9,113
2019-06-29,17,55377.9,113
2019-06-29,18,53931.2,112
2019-06-29,19,50748.8,109
2019-06-29,20,49562.0,108
2019-06-29,21,48479.8,107
2019-06-29,22,44471.4,106
2019-06-29,23,40790.6,102
2019-06-30,0,38055.6,100
2019-06-30,1,35733.5,97
2019-06-30,2,32920.9,94
2019-06-30,3,32920.9,94
2019-06-30,4,32920.9,94
2019-06-30,5,33860.5,95
2019-06-30,6,37431.9,98
2019-06-30,7,38891.3,100
2019-06-30,8,41037.4,103
2019-06-30,9,42993.4,105
2019-06-30,10,43265.6,105
2019-06-30,11,48175.0,109
2019-06-30,12,49489.8,110
2019-06-30,13,51068.2,110
2019-06-30,14,50747.8,108
2019-06-30,15,50747.8,108
2019-06-30,16,52293.0,110
2019-06-30,17,52293.0,110
2019-06-30,18,52122.6,109
2019-06-30,19,48715.3,106
2019-06-30,20,48603.7,107
2019-06-30,21,48785.4,108
2019-06-30,22,44711.8,105
2019-06-30,23,37904.9,100
2019-07-01,0,36965.3,99
2019-07-01,1,34246.5,95
2019-07-01,2,34246.5,95
2019-07-01,3,34246.5,95
2019-07-01,4,36307.5,98
2019-07-01,5,37020.9,99
2019-07-01,6,40725.4,104
2019-07-01,7,42459.4,105
2019-07-01,8,44290.3,107
2019-07-01,9,46141.1,108
2019-07-01,10,48503.3,110
2019-07-01,11,52921.7,112
2019-07-01,12,55793.200000000004,115
2019-07-01,13,58172.8,116
2019-07-01,14,57613.8,115
2019-07-01,15,57991.1,115
2019-07-01,16,57991.1,115
2019-07-01,17,54640.4,114
2019-07-01,18,52598.3,112
2019-07-01,19,48923.8,108
2019-07-01,20,50076.6,109
2019-07-01,21,46068.2,108
2019-07-01,22,41891.7,104
2019-07-01,23,39754.7,101
2019-07-02,0,33998.7,95
2019-07-02,1,31108.3,90
2019-07-02,2,30167.600000000002,90
2019-07-02,3,32000.8,93
2019-07-02,4,34775.2,97
2019-07-02,5,34775.2,97
2019-07-02,6,38833.1,101
2019-07-02,7,41881.9,103
2019-07-02,8,43648.7,105
2019-07-02,9,46519.9,108
2019-07-02,10,48323.1,109
2019-07-02,11,52741.5,111
2019-07-02,12,54490.4,113
2019-07-02,13,54490.4,113
2019-07-02,14,56888.7,114
2019-07-02,15,56900.0,114
2019-07-02,16,57514.200000000004,114
2019-07-02,17,56040.700000000004,113
2019-07-02,18,54047.6,111
2019-07-02,19,52066.0,109
2019-07-02,20,51358.0,109
2019-07-02,21,46688.1,107
2019-07-02,22,40142.5,101
2019-07-02,23,36323.0,96
2019-07-03,0,35408.4,95
2019-07-03,1,31924.7,90
2019-07-03,2,31924.7,90
2019-07-03,3,33619.8,93
2019-07-03,4,35597.1,95
2019-07-03,5,34864.3,94
2019-07-03,6,40229.1,100
2019-07-03,7,41374.5,102
2019-07-03,8,42036.0,103
2019-07-03,9,43620.0,103
2019-07-03,10,44806.8,104
2019-07-03,11,46848.1,108
2019-07-03,12,48023.5,109
2019-07-03,13,51206.3,111
2019-07-03,14,52084.7,112
2019-07-03,15,52084.7,112
2019-07-03,16,52084.7,112
2019-07-03,17,52084.7,112
2019-07-03,18,49979.5,111
2019-07-03,19,47325.5,109
2019-07-03,20,46172.7,108
2019-07-03,21,43099.1,105
2019-07-03,22,39270.7,101
2019-07-03,23,35131.3,96
2019-07-04,0,31550.7,91
2019-07-04,1,30729.6,90
2019-07-04,2,29302.1,88
2019-07-04,3,31432.3,91
2019-07-04,4,31432.3,91
2019-07-04,5,31432.3,91
2019-07-04,6,33509.7,94
2019-07-04,7,34543.1,96
2019-07-04,8,38476.1,100
2019-07-04,9,44377.8,106
2019-07-04,10,45564.6,107
2019-07-04,11,49140.2,110
2019-07-04,12,49818.3,111
2019-07-04,13,55880.5,114
2019-07-04,14,53450.5,113
2019-07-04,15,53450.5,113
2019-07-04,16,53450.5,113
2019-07-04,17,53450.5,113
2019-07-04,18,50667.7,109
2019-07-04,19,50218.7,110
2019-07-04,20,46210.3,109
2019-07-04,21,43717.9,106
2019-07-04,22,40804.1,103
2019-07-04,23,39079.3,101
2019-07-05,0,37114.9,98
2019-07-05,1,35423.5,95
2019-07-05,2,35423.5,95
2019-07-05,3,34677.9,96
2019-07-05,4,36528.7,97
2019-07-05,5,36528.7,97
2019-07-05,6,39445.5,100
2019-07-05,7,41853.9,103
2019-07-05,8,42706.1,104
2019-07-05,9,50538.9,110
2019-07-05,10,52915.6,112
2019-07-05,11,54230.4,113
2019-07-05,12,57020.0,115
2019-07-05,13,57020.0,115
2019-07-05,14,57020.0,115
2019-07-05,15,57020.0,115
2019-07-05,16,57020.0,115
2019-07-05,17,57020.0,115
2019-07-05,18,57020.0,115
2019-07-05,19,54640.4,114
2019-07-05,20,54941.0,114
2019-07-05,21,53751.1,113
2019-07-05,22,50894.1,110
2019-07-05,23,47748.4,107
2019-07-06,0,37657.8,101
2019-07-06,1,36996.3,100
2019-07-06,2,33278.6,95
2019-07-06,3,33278.6,95
2019-07-06,4,32565.2,94
2019-07-06,5,33497.2,95
2019-07-06,6,39056.7,101
2019-07-06,7,41344.5,104
2019-07-06,8,43740.0,106
2019-07-06,9,49479.0,109
2019-07-06,10,53217.9,113
2019-07-06,11,54175.1,113
2019-07-06,12,56912.3,115
2019-07-06,13,56912.3,115
2019-07-06,14,59342.3,116
2019-07-06,15,58260.1,115
2019-07-06,16,57701.1,114
2019-07-06,17,56343.9,112
2019-07-06,18,55222.5,113
2019-07-06,19,51108.9,111
2019-07-06,20,49427.3,109
2019-07-06,21,48749.2,108
2019-07-06,22,46485.6,106
2019-07-06,23,45455.8,105
2019-07-07,0,41447.4,104
2019-07-07,1,37983.1,100
2019-07-07,2,37059.3,99
2019-07-07,3,37059.3,99
2019-07-07,4,37059.3,99
2019-07-07,5,37059.3,99
2019-07-07,6,41991.5,101
2019-07-07,7,45029.1,103
2019-07-07,8,46979.7,105
2019-07-07,9,49122.5,108
2019-07-07,10,51734.9,110
2019-07-07,11,55392.4,113
2019-07-07,12,56567.8,114
2019-07-07,13,58947.4,115
2019-07-07,14,60832.8,117
2019-07-07,15,62522.8,118
2019-07-07,16,62522.8,118
2019-07-07,17,62522.8,118
2019-07-07,18,60682.8,116
2019-07-07,19,58842.8,115
2019-07-07,20,54729.2,113
2019-07-07,21,54729.2,113
2019-07-07,22,53539.3,112
2019-07-07,23,48797.3,110
2019-07-08,0,46006.9,108
2019-07-08,1,40048.9,102
2019-07-08,2,39478.9,101
2019-07-08,3,38765.5,100
2019-07-08,4,41296.9,103
2019-07-08,5,41866.9,104
2019-07-08,6,47028.1,106
2019-07-08,7,47028.1,106
2019-07-08,8,52477.8,110
2019-07-08,9,53401.6,111
2019-07-08,10,55974.6,114
2019-07-08,11,59206.4,116
2019-07-08,12,61478.5,118
2019-07-08,13,62461.6,117
2019-07-08,14,64483.3,120
2019-07-08,15,64483.3,120
2019-07-08,16,62053.3,119
2019-07-08,17,60971.1,118
2019-07-08,18,57955.7,115
2019-07-08,19,55576.1,114
2019-07-08,20,53199.4,112
2019-07-08,21,52546.2,112
2019-07-08,22,48708.7,109
2019-07-08,23,43137.5,106
2019-07-09,0,37990.4,102
2019-07-09,1,35835.1,99
2019-07-09,2,33427.9,96
2019-07-09,3,32995.9,95
2019-07-09,4,36270.3,97
2019-07-09,5,36852.3,99
2019-07-09,6,41797.9,104
2019-07-09,7,42293.8,104
2019-07-09,8,45463.0,107
2019-07-09,9,46649.8,108
2019-07-09,10,55466.0,114
2019-07-09,11,59592.1,118
2019-07-09,12,60223.6,118
2019-07-09,13,63937.2,122
2019-07-09,14,63937.2,122
2019-07-09,15,66316.8,123
2019-07-09,16,66316.8,123
2019-07-09,17,64626.8,122
2019-07-09,18,63823.6,121
2019-07-09,19,62483.7,119
2019-07-09,20,59171.9,118
2019-07-09,21,58293.5,117
2019-07-09,22,53852.5,113
2019-07-09,23,46159.2,108
2019-07-10,0,43424.2,106
2019-07-10,1,37253.3,100
2019-07-10,2,36338.7,99
2019-07-10,3,38399.7,102
2019-07-10,4,39271.3,102
2019-07-10,5,41005.3,103
2019-07-10,6,44986.5,108
2019-07-10,7,50369.7,111
2019-07-10,8,51652.2,112
2019-07-10,9,55660.6,113
2019-07-10,10,59259.1,116
2019-07-10,11,63909.6,121
2019-07-10,12,66402.8,123
2019-07-10,13,66402.8,123
2019-07-10,14,66402.8,123
2019-07-10,15,66402.8,123
2019-07-10,16,68832.8,124
2019-07-10,17,66466.9,122
2019-07-10,18,61435.5,119
2019-07-10,19,59166.5,117
2019-07-10,20,57476.5,116
2019-07-10,21,55742.5,115
2019-07-10,22,52516.200000000004,112
2019-07-10,23,48968.3,109
2019-07-11,0,43129.0,106
2019-07-11,1,43129.0,106
2019-07-11,2,41537.2,104
2019-07-11,3,41537.2,104
2019-07-11,4,43129.0,106
2019-07-11,5,43129.0,106
2019-07-11,6,47137.4,107
2019-07-11,7,47815.5,108
2019-07-11,8,50155.1,110
2019-07-11,9,58112.6,115
2019-07-11,10,58112.6,115
2019-07-11,11,59427.4,116
2019-07-11,12,60602.8,117
2019-07-11,13,62292.8,118
2019-07-11,14,62292.8,118
2019-07-11,15,62292.8,118
2019-07-11,16,62292.8,118
2019-07-11,17,62292.8,118
2019-07-11,18,62292.8,118
2019-07-11,19,60442.0,117
2019-07-11,20,57565.200000000004,115
2019-07-11,21,57565.200000000004,115
2019-07-11,22,55185.6,114
2019-07-11,23,51877.700000000004,111
2019-07-12,0,50143.700000000004,110
2019-07-12,1,48089.9,108
2019-07-12,2,44081.5,107
2019-07-12,3,42928.7,106
2019-07-12,4,46259.0,106
2019-07-12,5,46259.0,106
2019-07-12,6,49372.4,109
2019-07-12,7,50175.6,110
2019-07-12,8,56665.9,114
2019-07-12,9,56665.9,114
2019-07-12,10,58516.7,115
2019-07-12,11,61521.5,117
2019-07-12,12,62199.6,118
2019-07-12,13,62199.6,118
2019-07-12,14,62049.6,117
2019-07-12,15,62049.6,117
2019-07-12,16,63054.6,117
2019-07-12,17,61790.7,115
2019-07-12,18,57830.4,112
2019-07-12,19,57170.6,114
2019-07-12,20,56680.5,114
2019-07-12,21,56412.8,114
2019-07-12,22,54562.0,113
2019-07-12,23,48524.9,109
2019-07-13,0,44516.5,108
2019-07-13,1,42782.5,107
2019-07-13,2,40143.8,104
2019-07-13,3,40143.8,104
2019-07-13,4,40143.8,104
2019-07-13,5,41226.0,105
2019-07-13,6,44112.8,107
2019-07-13,7,48121.2,108
2019-07-13,8,50864.5,111
2019-07-13,9,53518.5,113
2019-07-13,10,55898.1,114
2019-07-13,11,58065.1,116
2019-07-13,12,56423.9,114
2019-07-13,13,54970.3,112
2019-07-13,14,55648.4,113
2019-07-13,15,57020.0,115
2019-07-13,16,57020.0,115
2019-07-13,17,55830.1,114
2019-07-13,18,53450.5,113
2019-07-13,19,51471.9,111
2019-07-13,20,50285.1,110
2019-07-13,21,51437.9,111
2019-07-13,22,50559.5,110
2019-07-13,23,47724.6,106
2019-07-14,0,44798.4,106
2019-07-14,1,41794.8,104
2019-07-14,2,39399.3,102
2019-07-14,3,38829.3,101
2019-07-14,4,39261.3,102
2019-07-14,5,39261.3,102
2019-07-14,6,43416.7,106
2019-07-14,7,45447.9,108
2019-07-14,8,50643.1,110
2019-07-14,9,50643.1,110
2019-07-14,10,52493.9,111
2019-07-14,11,52903.9,112
2019-07-14,12,55283.5,113
2019-07-14,13,54201.3,112
2019-07-14,14,54201.3,112
2019-07-14,15,54201.3,112
2019-07-14,16,54051.3,111
2019-07-14,17,54051.3,111
2019-07-14,18,54201.3,112
2019-07-14,19,52903.9,112
2019-07-14,20,51053.1,111
2019-07-14,21,51053.1,111
2019-07-14,22,48984.8,109
2019-07-14,23,46266.6,105
2019-07-15,0,45654.0,106
2019-07-15,1,40563.4,104
2019-07-15,2,39410.6,103
2019-07-15,3,40563.4,104
2019-07-15,4,45654.0,106
2019-07-15,5,47388.0,107
2019-07-15,6,48066.1,108
2019-07-15,7,50119.9,110
2019-07-15,8,52113.0,112
2019-07-15,9,55278.6,114
2019-07-15,10,57658.2,115
2019-07-15,11,59255.0,117
2019-07-15,12,61685.0,118
2019-07-15,13,62486.0,119
2019-07-15,14,64176.0,120
2019-07-15,15,64176.0,120
2019-07-15,16,64176.0,120
2019-07-15,17,64176.0,120
2019-07-15,18,64176.0,120
2019-07-15,19,61310.6,118
2019-07-15,20,60228.4,117
2019-07-15,21,58913.6,116
2019-07-15,22,52806.9,112
2019-07-15,23,49513.5,108
2019-07-16,0,42770.1,105
2019-07-16,1,41291.0,103
2019-07-16,2,39112.9,100
2019-07-16,3,40908.3,101
2019-07-16,4,42561.3,103
2019-07-16,5,42561.3,103
2019-07-16,6,44904.4,106
2019-07-16,7,47232.6,108
2019-07-16,8,48992.9,110
2019-07-16,9,54569.7,111
2019-07-16,10,56050.1,113
2019-07-16,11,58260.1,115
2019-07-16,12,60602.8,117
2019-07-16,13,63375.0,119
2019-07-16,14,63375.0,119
2019-07-16,15,62292.8,118
2019-07-16,16,63375.0,119
2019-07-16,17,61685.0,118
2019-07-16,18,60602.8,117
2019-07-16,19,58073.200000000004,115
2019-07-16,20,55861.0,114
2019-07-16,21,53747.4,111
2019-07-16,22,49640.8,107
2019-07-16,23,46227.2,104
2019-07-17,0,42218.8,103
2019-07-17,1,40484.8,102
2019-07-17,2,38908.7,100
2019-07-17,3,37165.9,98
2019-07-17,4,37832.3,99
2019-07-17,5,38493.8,100
2019-07-17,6,41856.8,103
2019-07-17,7,43574.6,105
2019-07-17,8,47290.3,108
2019-07-17,9,53111.7,110
2019-07-17,10,53454.1,111
2019-07-17,11,56962.700000000004,115
2019-07-17,12,59342.3,116
2019-07-17,13,60602.8,117
2019-07-17,14,62292.8,118
2019-07-17,15,62292.8,118
2019-07-17,16,62292.8,118
2019-07-17,17,62292.8,118
2019-07-17,18,59412.9,116
2019-07-17,19,59412.9,116
2019-07-17,20,55793.200000000004,115
2019-07-17,21,54617.8,114
2019-07-17,22,46951.9,110
2019-07-17,23,44182.2,106
2019-07-18,0,41115.5,102
2019-07-18,1,35141.3,96
2019-07-18,2,36230.9,98
2019-07-18,3,34496.9,97
2019-07-18,4,36230.9,98
2019-07-18,5,36230.9,98
2019-07-18,6,40146.7,101
2019-07-18,7,41997.5,102
2019-07-18,8,47731.8,110
2019-07-18,9,48907.2,111
2019-07-18,10,56610.0,114
2019-07-18,11,57020.0,115
2019-07-18,12,58102.2,116
2019-07-18,13,59792.2,117
2019-07-18,14,59792.2,117
2019-07-18,15,59621.8,116
2019-07-18,16,60945.0,118
2019-07-18,17,60945.0,118
2019-07-18,18,59255.0,117
2019-07-18,19,58576.9,116
2019-07-18,20,55246.6,116
2019-07-18,21,52862.5,113
2019-07-18,22,47426.6,110
2019-07-18,23,42455.2,104
2019-07-19,0,39720.2,102
2019-07-19,1,36293.3,99
2019-07-19,2,35388.8,94
2019-07-19,3,34482.4,94
2019-07-19,4,35414.4,95
2019-07-19,5,35846.4,96
2019-07-19,6,38878.3,100
2019-07-19,7,42321.8,103
2019-07-19,8,46541.9,109
2019-07-19,9,52915.6,112
2019-07-19,10,54230.4,113
2019-07-19,11,56870.0,114
2019-07-19,12,58102.2,116
2019-07-19,13,60945.0,118
2019-07-19,14,60945.0,118
2019-07-19,15,59792.2,117
2019-07-19,16,60945.0,118
2019-07-19,17,60945.0,118
2019-07-19,18,60945.0,118
2019-07-19,19,55793.200000000004,115
2019-07-19,20,55291.1,112
2019-07-19,21,52863.3,110
2019-07-19,22,49008.1,108
2019-07-19,23,43108.4,104
2019-07-20,0,38664.4,101
2019-07-20,1,38152.9,101
2019-07-20,2,36302.1,100
2019-07-20,3,35498.9,99
2019-07-20,4,34023.8,97
2019-07-20,5,34023.8,97
2019-07-20,6,37621.2,100
2019-07-20,7,41338.2,102
2019-07-20,8,44745.0,105
2019-07-20,9,49103.2,108
2019-07-20,10,50733.6,111
2019-07-20,11,54742.0,112
2019-07-20,12,57172.0,113
2019-07-20,13,57199.0,111
2019-07-20,14,58110.1,114
2019-07-20,15,58110.1,114
2019-07-20,16,58260.1,115
2019-07-20,17,59412.9,116
2019-07-20,18,59412.9,116
2019-07-20,19,53995.700000000004,113
2019-07-20,20,53995.700000000004,113
2019-07-20,21,49987.3,112
2019-07-20,22,46716.5,109
2019-07-20,23,43323.1,105
2019-07-21,0,42288.9,103
2019-07-21,1,39261.0,100
2019-07-21,2,35799.1,96
2019-07-21,3,34246.3,93
2019-07-21,4,32778.8,91
2019-07-21,5,32778.8,91
2019-07-21,6,38430.6,98
2019-07-21,7,39889.9,100
2019-07-21,8,43108.5,103
2019-07-21,9,44145.3,103
2019-07-21,10,51978.1,109
2019-07-21,11,53618.8,109
2019-07-21,12,55658.2,112
2019-07-21,13,59279.6,115
2019-07-21,14,58891.0,115
2019-07-21,15,58891.0,115
2019-07-21,16,58891.0,115
2019-07-21,17,59450.0,116
2019-07-21,18,59450.0,116
2019-07-21,19,56372.4,115
2019-07-21,20,55182.5,114
2019-07-21,21,53995.700000000004,113
2019-07-21,22,50305.7,110
2019-07-21,23,46650.0,106
2019-07-22,0,41702.0,104
2019-07-22,1,41270.0,103
2019-07-22,2,39474.6,102
2019-07-22,3,41702.0,104
2019-07-22,4,43565.4,106
2019-07-22,5,48726.6,108
2019-07-22,6,49605.0,109
2019-07-22,7,50283.1,110
2019-07-22,8,55057.8,113
2019-07-22,9,55057.8,113
2019-07-22,10,58090.6,114
2019-07-22,11,59095.7,114
2019-07-22,12,57213.5,111
2019-07-22,13,57942.9,113
2019-07-22,14,58274.6,115
2019-07-22,15,58274.6,115
2019-07-22,16,58771.9,115
2019-07-22,17,57881.2,112
2019-07-22,18,56010.2,112
2019-07-22,19,52778.4,110
2019-07-22,20,51645.3,110
2019-07-22,21,48996.6,106
2019-07-22,22,44355.4,105
2019-07-22,23,39943.6,100
2019-07-23,0,36595.9,99
2019-07-23,1,34732.5,97
2019-07-23,2,33599.1,96
2019-07-23,3,33599.1,96
2019-07-23,4,36904.1,99
2019-07-23,5,38541.3,101
2019-07-23,6,42477.1,106
2019-07-23,7,44211.1,107
2019-07-23,8,44211.1,107
2019-07-23,9,45383.8,107
2019-07-23,10,45793.8,108
2019-07-23,11,51117.0,110
2019-07-23,12,51117.0,110
2019-07-23,13,52282.7,110
2019-07-23,14,53450.5,113
2019-07-23,15,53450.5,113
2019-07-23,16,53450.5,113
2019-07-23,17,53450.5,113
2019-07-23,18,51773.0,109
2019-07-23,19,51471.9,111
2019-07-23,20,49621.1,110
2019-07-23,21,50773.9,111
2019-07-23,22,48708.7,109
2019-07-23,23,43385.5,107
2019-07-24,0,40615.0,104
2019-07-24,1,37507.8,101
2019-07-24,2,35879.8,99
2019-07-24,3,36794.4,100
2019-07-24,4,38886.8,102
2019-07-24,5,40170.2,104
2019-07-24,6,41904.2,105
2019-07-24,7,45236.3,108
2019-07-24,8,46114.7,109
2019-07-24,9,46917.9,110
2019-07-24,10,48104.7,111
2019-07-24,11,53427.9,113
2019-07-24,12,52624.7,112
2019-07-24,13,53800.1,113
2019-07-24,14,55793.200000000004,115
2019-07-24,15,55793.200000000004,115
2019-07-24,16,55793.200000000004,115
2019-07-24,17,55793.200000000004,115
2019-07-24,18,54603.3,114
2019-07-24,19,52947.9,112
2019-07-24,20,51097.1,111
2019-07-24,21,51097.1,111
2019-07-24,22,48484.7,109
2019-07-24,23,41330.6,105
2019-07-25,0,40391.0,104
2019-07-25,1,36467.5,99
2019-07-25,2,35552.9,98
2019-07-25,3,35552.9,98
2019-07-25,4,37084.5,100
2019-07-25,5,37084.5,100
2019-07-25,6,40541.3,103
2019-07-25,7,41202.8,104
2019-07-25,8,43536.3,107
2019-07-25,9,43536.3,107
2019-07-25,10,46423.1,109
2019-07-25,11,51309.9,111
2019-07-25,12,52454.3,111
2019-07-25,13,54447.4,113
2019-07-25,14,55793.200000000004,115
2019-07-25,15,55793.200000000004,115
2019-07-25,16,55793.200000000004,115
2019-07-25,17,55472.8,113
2019-07-25,18,54101.2,111
2019-07-25,19,51628.9,110
2019-07-25,20,51097.1,111
2019-07-25,21,50687.1,110
2019-07-25,22,46209.8,106
2019-07-25,23,41048.6,104
2019-07-26,0,39395.6,102
2019-07-26,1,36614.9,98
2019-07-26,2,35700.3,97
2019-07-26,3,35700.3,97
2019-07-26,4,37353.3,99
2019-07-26,5,37923.3,100
2019-07-26,6,41048.6,104
2019-07-26,7,43079.8,106
2019-07-26,8,44813.8,107
2019-07-26,9,49232.2,109
2019-07-26,10,50595.0,108
2019-07-26,11,52690.0,109
2019-07-26,12,54438.9,111
2019-07-26,13,56818.5,112
2019-07-26,14,57670.7,113
2019-07-26,15,58022.8,115
2019-07-26,16,58172.8,116
2019-07-26,17,55793.200000000004,115
2019-07-26,18,54617.8,114
2019-07-26,19,52499.8,112
2019-07-26,20,51309.9,111
2019-07-26,21,51309.9,111
2019-07-26,22,47393.9,108
2019-07-26,23,46241.1,107
2019-07-27,0,39559.1,104
2019-07-27,1,39559.1,104
2019-07-27,2,36794.4,100
2019-07-27,3,36794.4,100
2019-07-27,4,38447.4,102
2019-07-27,5,38447.4,102
2019-07-27,6,42707.4,106
2019-07-27,7,44263.9,108
2019-07-27,8,50123.1,110
2019-07-27,9,51437.9,111
2019-07-27,10,52474.7,111
2019-07-27,11,54617.8,114
2019-07-27,12,55793.200000000004,115
2019-07-27,13,58172.8,116
2019-07-27,14,58172.8,116
2019-07-27,15,60602.8,117
2019-07-27,16,59750.6,116
2019-07-27,17,58597.8,115
2019-07-27,18,56747.0,114
2019-07-27,19,55520.200000000004,114
2019-07-27,20,54330.3,113
2019-07-27,21,51281.5,111
2019-07-27,22,48921.8,108
2019-07-27,23,43760.6,106
2019-07-28,0,42389.0,104
2019-07-28,1,39058.3,100
2019-07-28,2,37509.1,98
2019-07-28,3,37509.1,98
2019-07-28,4,37941.1,99
2019-07-28,5,37941.1,99
2019-07-28,6,39804.5,101
2019-07-28,7,42971.3,104
2019-07-28,8,44927.3,106
2019-07-28,9,47322.8,108
2019-07-28,10,51331.2,109
2019-07-28,11,52804.1,110
2019-07-28,12,52622.4,109
2019-07-28,13,54690.700000000004,111
2019-07-28,14,56068.2,113
2019-07-28,15,56218.2,114
2019-07-28,16,57371.0,115
2019-07-28,17,57371.0,115
2019-07-28,18,56868.9,112
2019-07-28,19,55679.0,111
2019-07-28,20,54994.3,113
2019-07-28,21,53143.5,112
2019-07-28,22,50373.8,108
2019-07-28,23,45050.6,106
2019-07-29,0,42163.8,104
2019-07-29,1,40146.5,101
2019-07-29,2,38863.1,99
2019-07-29,3,38173.7,98
2019-07-29,4,41070.3,102
2019-07-29,5,42380.7,104
2019-07-29,6,44776.2,106
2019-07-29,7,45454.3,107
2019-07-29,8,53653.1,111
2019-07-29,9,53653.1,111
2019-07-29,10,56056.200000000004,114
2019-07-29,11,59518.0,116
2019-07-29,12,58959.0,115
2019-07-29,13,60370.2,117
2019-07-29,14,60370.2,117
2019-07-29,15,61685.0,118
2019-07-29,16,61685.0,118
2019-07-29,17,59412.9,116
2019-07-29,18,60495.1,117
2019-07-29,19,58065.1,116
2019-07-29,20,57261.9,115
2019-07-29,21,56086.5,114
2019-07-29,22,52150.4,111
2019-07-29,23,46489.0,107
2019-07-30,0,42480.6,106
2019-07-30,1,40595.2,104
2019-07-30,2,39220.3,102
2019-07-30,3,39933.7,103
2019-07-30,4,42322.2,106
2019-07-30,5,42322.2,106
2019-07-30,6,48591.7,109
2019-07-30,7,51126.7,111
2019-07-30,8,52977.5,112
2019-07-30,9,54995.4,114
2019-07-30,10,60017.8,119
2019-07-30,11,64763.3,122
2019-07-30,12,65566.5,123
2019-07-30,13,67256.5,124
2019-07-30,14,67256.5,124
2019-07-30,15,67256.5,124
2019-07-30,16,67256.5,124
2019-07-30,17,64763.3,122
2019-07-30,18,61275.4,120
2019-07-30,19,58406.1,117
2019-07-30,20,56913.9,115
2019-07-30,21,55393.3,113
2019-07-30,22,51158.8,110
2019-07-30,23,48248.8,108
2019-07-31,0,42148.0,105
2019-07-31,1,40832.0,103
2019-07-31,2,38993.6,101
2019-07-31,3,38993.6,101
2019-07-31,4,42341.6,105
2019-07-31,5,43087.6,106
2019-07-31,6,47974.4,108
2019-07-31,7,49453.5,110
2019-07-31,8,53858.6,114
2019-07-31,9,56551.9,116
2019-07-31,10,57634.1,117
2019-07-31,11,64069.6,121
2019-07-31,12,64872.8,122
2019-07-31,13,64623.8,121
2019-07-31,14,64623.8,121
2019-07-31,15,64623.8,121
2019-07-31,16,64872.8,122
2019-07-31,17,64872.8,122
2019-07-31,18,62379.6,120
2019-07-31,19,63621.9,120
2019-07-31,20,61350.0,119
2019-07-31,21,56830.5,115
2019-07-31,22,52850.700000000004,111
2019-07-31,23,50111.9,108
2019-08-01,0,43671.5,106
2019-08-01,1,43671.5,106
2019-08-01,2,40187.6,102
2019-08-01,3,40187.6,102
2019-08-01,4,42518.7,105
2019-08-01,5,43397.1,106
2019-08-01,6,47405.5,107
2019-08-01,7,50292.3,109
2019-08-01,8,53886.0,112
2019-08-01,9,55061.4,113
2019-08-01,10,60236.4,117
2019-08-01,11,64190.8,119
2019-08-01,12,64190.8,119
2019-08-01,13,65102.6,119
2019-08-01,14,65423.0,121
2019-08-01,15,65423.0,121
2019-08-01,16,64340.8,120
2019-08-01,17,62480.4,118
2019-08-01,18,61108.8,116
2019-08-01,19,58229.1,116
2019-08-01,20,57289.4,115
2019-08-01,21,55310.8,113
2019-08-01,22,52137.3,110
2019-08-01,23,46847.6,105
2019-08-02,0,43717.6,105
2019-08-02,1,43717.6,105
2019-08-02,2,41186.2,102
2019-08-02,3,41186.2,102
2019-08-02,4,43717.6,105
2019-08-02,5,44395.7,106
2019-08-02,6,49556.9,108
2019-08-02,7,50360.1,109
2019-08-02,8,53284.0,111
2019-08-02,9,54459.4,112
2019-08-02,10,59201.8,115
2019-08-02,11,62014.9,117
2019-08-02,12,64256.7,118
2019-08-02,13,65659.3,121
2019-08-02,14,65659.3,121
2019-08-02,15,65659.3,121
2019-08-02,16,65659.3,121
2019-08-02,17,63969.3,120
2019-08-02,18,63166.1,119
2019-08-02,19,63166.1,119
2019-08-02,20,59546.2,117
2019-08-02,21,58370.8,116
2019-08-02,22,53936.8,113
2019-08-02,23,51675.7,111
2019-08-03,0,45816.5,109
2019-08-03,1,43419.5,107
2019-08-03,2,41115.5,105
2019-08-03,3,41115.5,105
2019-08-03,4,39522.8,103
2019-08-03,5,39522.8,103
2019-08-03,6,40971.2,105
2019-08-03,7,42124.0,106
2019-08-03,8,44607.0,107
2019-08-03,9,45410.2,108
2019-08-03,10,49268.6,108
2019-08-03,11,50112.3,110
2019-08-03,12,51963.1,111
2019-08-03,13,53153.0,112
2019-08-03,14,55550.0,114
2019-08-03,15,55550.0,114
2019-08-03,16,55700.0,115
2019-08-03,17,55700.0,115
2019-08-03,18,54847.8,114
2019-08-03,19,54847.8,114
2019-08-03,20,53657.9,113
2019-08-03,21,52471.1,112
2019-08-03,22,49707.3,109
2019-08-03,23,43554.9,106
2019-08-04,0,41937.2,104
2019-08-04,1,38749.7,100
2019-08-04,2,36804.3,98
2019-08-04,3,36954.3,99
2019-08-04,4,37615.8,100
2019-08-04,5,39981.2,102
2019-08-04,6,42576.2,105
2019-08-04,7,45886.6,106
2019-08-04,8,47620.6,107
2019-08-04,9,48807.4,108
2019-08-04,10,50363.9,110
2019-08-04,11,52752.5,113
2019-08-04,12,53450.5,113
2019-08-04,13,55509.7,112
2019-08-04,14,55344.1,111
2019-08-04,15,55680.1,113
2019-08-04,16,55830.1,114
2019-08-04,17,56982.9,115
2019-08-04,18,56982.9,115
2019-08-04,19,53288.5,113
2019-08-04,20,52436.3,112
2019-08-04,21,51633.1,111
2019-08-04,22,48889.8,108
2019-08-04,23,43706.0,106
2019-08-05,0,41863.8,104
2019-08-05,1,38402.8,101
2019-08-05,2,38887.9,100
2019-08-05,3,38661.7,100
2019-08-05,4,41613.6,104
2019-08-05,5,48444.8,108
2019-08-05,6,49597.6,109
2019-08-05,7,52980.7,112
2019-08-05,8,57693.8,116
2019-08-05,9,60123.8,117
2019-08-05,10,63594.9,120
2019-08-05,11,67302.8,123
2019-08-05,12,66454.3,121
2019-08-05,13,67302.8,123
2019-08-05,14,67302.8,123
2019-08-05,15,67302.8,123
2019-08-05,16,67302.8,123
2019-08-05,17,66982.4,121
2019-08-05,18,66499.6,122
2019-08-05,19,64274.1,120
2019-08-05,20,61841.6,118
2019-08-05,21,60651.7,117
2019-08-05,22,55048.2,113
2019-08-05,23,48828.8,106
2019-08-06,0,44026.0,105
2019-08-06,1,44904.4,106
2019-08-06,2,41781.5,102
2019-08-06,3,43672.9,104
2019-08-06,4,49716.0,108
2019-08-06,5,49716.0,108
2019-08-06,6,51951.0,110
2019-08-06,7,54363.1,112
2019-08-06,8,57932.6,114
2019-08-06,9,60099.6,116
2019-08-06,10,63323.6,119
2019-08-06,11,65751.5,122
2019-08-06,12,67441.5,123
2019-08-06,13,68242.5,124
2019-08-06,14,68242.5,124
2019-08-06,15,68242.5,124
2019-08-06,16,68242.5,124
2019-08-06,17,66552.5,123
2019-08-06,18,65749.3,122
2019-08-06,19,64559.4,121
2019-08-06,20,62290.4,119
2019-08-06,21,63372.6,120
2019-08-06,22,55602.0,114
2019-08-06,23,52388.9,110
2019-08-07,0,45493.7,107
2019-08-07,1,42163.8,104
2019-08-07,2,41240.0,103
2019-08-07,3,41240.0,103
2019-08-07,4,45248.4,104
2019-08-07,5,45248.4,104
2019-08-07,6,49937.4,108
2019-08-07,7,50615.5,109
2019-08-07,8,53653.1,111
2019-08-07,9,55646.200000000004,113
2019-08-07,10,59861.200000000004,117
2019-08-07,11,64909.0,121
2019-08-07,12,67441.5,123
2019-08-07,13,68242.5,124
2019-08-07,14,68242.5,124
2019-08-07,15,68242.5,124
2019-08-07,16,68242.5,124
2019-08-07,17,68242.5,124
2019-08-07,18,66552.5,123
2019-08-07,19,65749.3,122
2019-08-07,20,62287.5,120
2019-08-07,21,59910.8,118
2019-08-07,22,55372.6,114
2019-08-07,23,50188.2,112
2019-08-08,0,46623.3,109
2019-08-08,1,42250.6,105
2019-08-08,2,40665.3,103
2019-08-08,3,39725.7,102
2019-08-08,4,42250.6,105
2019-08-08,5,43819.0,105
2019-08-08,6,49145.8,108
2019-08-08,7,49823.9,109
2019-08-08,8,52477.9,111
2019-08-08,9,52329.2,110
2019-08-08,10,56607.2,113
2019-08-08,11,62197.5,119
2019-08-08,12,64577.1,120
2019-08-08,13,65612.8,122
2019-08-08,14,67302.8,123
2019-08-08,15,67152.8,122
2019-08-08,16,66800.7,120
2019-08-08,17,66982.4,121
2019-08-08,18,66050.2,121
2019-08-08,19,64530.6,121
2019-08-08,20,64530.6,121
2019-08-08,21,60024.6,118
2019-08-08,22,55608.4,114
2019-08-08,23,51755.4,110
2019-08-09,0,51755.4,110
2019-08-09,1,44252.7,106
2019-08-09,2,42518.7,105
2019-08-09,3,42518.7,105
2019-08-09,4,44479.3,107
2019-08-09,5,46213.3,108
2019-08-09,6,47366.1,109
2019-08-09,7,49824.7,110
2019-08-09,8,53833.1,111
2019-08-09,9,55323.0,113
2019-08-09,10,57746.1,115
2019-08-09,11,62887.1,119
2019-08-09,12,65659.3,121
2019-08-09,13,66501.8,122
2019-08-09,14,67302.8,123
2019-08-09,15,67302.8,123
2019-08-09,16,67302.8,123
2019-08-09,17,65612.8,122
2019-08-09,18,64934.7,121
2019-08-09,19,59479.8,117
2019-08-09,20,58627.6,116
2019-08-09,21,56130.4,113
2019-08-09,22,53707.3,111
2019-08-09,23,49793.1,107
2019-08-10,0,46216.7,107
2019-08-10,1,43640.2,105
2019-08-10,2,41253.9,102
2019-08-10,3,39312.3,99
2019-08-10,4,39277.0,99
2019-08-10,5,39277.0,99
2019-08-10,6,41607.7,102
2019-08-10,7,42839.2,104
2019-08-10,8,50586.6,108
2019-08-10,9,51773.4,109
2019-08-10,10,54196.5,111
2019-08-10,11,59368.4,116
2019-08-10,12,60558.3,117
2019-08-10,13,64173.0,120
2019-08-10,14,65325.8,121
2019-08-10,15,66126.8,122
2019-08-10,16,66126.8,122
2019-08-10,17,66126.8,122
2019-08-10,18,63747.2,121
2019-08-10,19,62494.6,119
2019-08-10,20,60122.8,118
2019-08-10,21,58936.0,117
2019-08-10,22,55323.0,114
2019-08-10,23,52191.6,111
2019-08-11,0,45570.8,108
2019-08-11,1,44050.2,106
2019-08-11,2,41753.2,103
2019-08-11,3,40952.2,102
2019-08-11,4,40416.7,101
2019-08-11,5,40416.7,101
2019-08-11,6,43249.2,105
2019-08-11,7,44402.0,106
2019-08-11,8,46136.0,107
2019-08-11,9,49004.4,110
2019-08-11,10,54973.3,113
2019-08-11,11,61033.6,117
2019-08-11,12,62209.0,118
2019-08-11,13,63729.6,120
2019-08-11,14,66501.8,122
2019-08-11,15,67302.8,123
2019-08-11,16,67302.8,123
2019-08-11,17,67302.8,123
2019-08-11,18,67302.8,123
2019-08-11,19,64530.6,121
2019-08-11,20,64530.6,121
2019-08-11,21,62100.6,120
2019-08-11,22,55767.4,115
2019-08-11,23,51475.4,111
2019-08-12,0,45849.3,108
2019-08-12,1,41173.0,104
2019-08-12,2,40511.5,103
2019-08-12,3,39798.1,102
2019-08-12,4,42374.9,105
2019-08-12,5,43036.4,106
2019-08-12,6,47923.2,108
2019-08-12,7,50810.0,110
2019-08-12,8,54653.9,113
2019-08-12,9,55736.1,114
2019-08-12,10,61520.2,118
2019-08-12,11,61930.2,119
2019-08-12,12,64138.3,121
2019-08-12,13,66156.8,123
2019-08-12,14,67846.8,124
2019-08-12,15,67846.8,124
2019-08-12,16,67846.8,124
2019-08-12,17,67846.8,124
2019-08-12,18,67043.6,123
2019-08-12,19,65353.6,122
2019-08-12,20,64552.6,121
2019-08-12,21,60983.1,119
2019-08-12,22,57348.6,116
2019-08-12,23,50611.0,113
2019-08-13,0,47250.1,110
2019-08-13,1,42754.8,106
2019-08-13,2,41951.6,105
2019-08-13,3,40298.6,103
2019-08-13,4,43536.9,107
2019-08-13,5,46190.9,109
2019-08-13,6,52230.5,112
2019-08-13,7,53874.0,114
2019-08-13,8,56914.7,116
2019-08-13,9,57854.4,117
2019-08-13,10,62897.700000000004,121
2019-08-13,11,67257.3,123
2019-08-13,12,69590.5,125
2019-08-13,13,70766.5,126
2019-08-13,14,70766.5,126
2019-08-13,15,70766.5,126
2019-08-13,16,70766.5,126
2019-08-13,17,70766.5,126
2019-08-13,18,70766.5,126
2019-08-13,19,67473.5,123
2019-08-13,20,66318.6,123
2019-08-13,21,63786.1,121
2019-08-13,22,58689.9,116
2019-08-13,23,52082.6,111
2019-08-14,0,53706.3,113
2019-08-14,1,47506.0,108
2019-08-14,2,45710.6,107
2019-08-14,3,45710.6,107
2019-08-14,4,49466.6,110
2019-08-14,5,49466.6,110
2019-08-14,6,51297.5,112
2019-08-14,7,53677.1,113
2019-08-14,8,56601.0,115
2019-08-14,9,58291.0,116
2019-08-14,10,61250.1,118
2019-08-14,11,62895.8,120
2019-08-14,12,65325.8,121
2019-08-14,13,66501.8,122
2019-08-14,14,66501.8,122
2019-08-14,15,66501.8,122
2019-08-14,16,66501.8,122
2019-08-14,17,66501.8,122
2019-08-14,18,65823.7,121
2019-08-14,19,62106.1,118
2019-08-14,20,61302.9,117
2019-08-14,21,58798.2,115
2019-08-14,22,53245.1,111
2019-08-14,23,51320.4,109
2019-08-15,0,45578.0,107
2019-08-15,1,43249.2,105
2019-08-15,2,42679.2,104
2019-08-15,3,42679.2,104
2019-08-15,4,46687.6,105
2019-08-15,5,47488.6,106
2019-08-15,6,49740.2,109
2019-08-15,7,52627.0,111
2019-08-15,8,55670.4,114
2019-08-15,9,59886.6,117
2019-08-15,10,63240.4,120
2019-08-15,11,65325.7,119
2019-08-15,12,67570.8,123
2019-08-15,13,68746.8,124
2019-08-15,14,68746.8,124
2019-08-15,15,68746.8,124
2019-08-15,16,68746.8,124
2019-08-15,17,67945.8,123
2019-08-15,18,66464.5,121
2019-08-15,19,64774.5,120
2019-08-15,20,63599.1,119
2019-08-15,21,61072.9,117
2019-08-15,22,55310.2,113
2019-08-15,23,49087.7,108
2019-08-16,0,47353.7,107
2019-08-16,1,42502.8,105
2019-08-16,2,40776.7,102
2019-08-16,3,40776.7,102
2019-08-16,4,44926.5,107
2019-08-16,5,45543.0,108
2019-08-16,6,51748.5,112
2019-08-16,7,54359.7,112
2019-08-16,8,56725.0,114
2019-08-16,9,58286.2,115
2019-08-16,10,62012.3,117
2019-08-16,11,65560.0,121
2019-08-16,12,67400.0,123
2019-08-16,13,68242.5,124
2019-08-16,14,68242.5,124
2019-08-16,15,68242.5,124
2019-08-16,16,68242.5,124
2019-08-16,17,68092.5,123
2019-08-16,18,68092.5,123
2019-08-16,19,63343.3,119
2019-08-16,20,61997.5,117
2019-08-16,21,58598.4,116
2019-08-16,22,55012.6,113
2019-08-16,23,50607.5,109
2019-08-17,0,42930.3,105
2019-08-17,1,42087.8,104
2019-08-17,2,40623.1,102
2019-08-17,3,39708.5,101
2019-08-17,4,39708.5,101
2019-08-17,5,39708.5,101
2019-08-17,6,41562.7,103
2019-08-17,7,45058.6,107
2019-08-17,8,49446.6,110
2019-08-17,9,49638.7,108
2019-08-17,10,56623.3,114
2019-08-17,11,58223.200000000004,116
2019-08-17,12,60602.8,117
2019-08-17,13,62292.8,118
2019-08-17,14,63375.0,119
2019-08-17,15,63375.0,119
2019-08-17,16,63375.0,119
2019-08-17,17,62292.8,118
2019-08-17,18,60602.8,117
2019-08-17,19,60271.1,115
2019-08-17,20,58022.8,115
2019-08-17,21,54603.3,114
2019-08-17,22,49419.5,112
2019-08-17,23,47053.5,109
2019-08-18,0,42823.4,105
2019-08-18,1,39621.7,102
2019-08-18,2,38248.5,100
2019-08-18,3,35529.3,98
2019-08-18,4,37324.7,99
2019-08-18,5,36058.0,96
2019-08-18,6,37889.1,99
2019-08-18,7,42031.5,103
2019-08-18,8,45497.0,107
2019-08-18,9,49439.7,111
2019-08-18,10,54623.5,113
2019-08-18,11,57764.9,113
2019-08-18,12,58163.6,114
2019-08-18,13,60336.2,117
2019-08-18,14,61164.3,119
2019-08-18,15,62854.3,120
2019-08-18,16,62854.3,120
2019-08-18,17,62854.3,120
2019-08-18,18,62704.3,119
2019-08-18,19,61014.3,118
2019-08-18,20,61164.3,119
2019-08-18,21,55404.3,115
2019-08-18,22,50220.5,113
2019-08-18,23,47070.5,108
2019-08-19,0,42692.6,104
2019-08-19,1,40180.3,102
2019-08-19,2,39240.4,101
2019-08-19,3,41356.2,104
2019-08-19,4,44857.2,108
2019-08-19,5,45735.6,109
2019-08-19,6,50896.8,111
2019-08-19,7,53590.1,113
2019-08-19,8,55071.4,115
2019-08-19,9,57261.9,117
2019-08-19,10,60821.0,120
2019-08-19,11,63527.0,122
2019-08-19,12,67096.5,124
2019-08-19,13,68786.5,125
2019-08-19,14,68786.5,125
2019-08-19,15,68227.5,124
2019-08-19,16,68786.5,125
2019-08-19,17,67096.5,124
2019-08-19,18,64716.9,123
2019-08-19,19,61883.5,120
2019-08-19,20,64163.5,120
2019-08-19,21,61319.8,118
2019-08-19,22,55357.8,112
2019-08-19,23,51499.0,109
2019-08-20,0,41398.4,103
2019-08-20,1,39933.7,101
2019-08-20,2,38095.3,99
2019-08-20,3,39708.5,101
2019-08-20,4,43905.8,106
2019-08-20,5,45736.7,108
2019-08-20,6,50935.0,110
2019-08-20,7,52669.0,111
2019-08-20,8,54519.8,112
2019-08-20,9,57013.0,114
2019-08-20,10,61021.5,118
2019-08-20,11,62643.3,118
2019-08-20,12,62793.3,119
2019-08-20,13,63594.3,120
2019-08-20,14,65284.3,121
2019-08-20,15,65284.3,121
2019-08-20,16,65284.3,121
2019-08-20,17,65284.3,121
2019-08-20,18,63594.3,120
2019-08-20,19,61214.7,119
2019-08-20,20,60132.5,118
2019-08-20,21,56903.6,115
2019-08-20,22,53677.3,112
2019-08-20,23,49172.6,108
2019-08-21,0,49234.0,108
2019-08-21,1,47383.2,107
2019-08-21,2,47383.2,107
2019-08-21,3,47383.2,107
2019-08-21,4,50948.1,110
2019-08-21,5,50948.1,110
2019-08-21,6,52669.0,112
2019-08-21,7,52669.0,112
2019-08-21,8,57702.6,115
2019-08-21,9,59829.1,117
2019-08-21,10,63172.1,120
2019-08-21,11,68242.5,124
2019-08-21,12,68242.5,124
2019-08-21,13,68242.5,124
2019-08-21,14,68242.5,124
2019-08-21,15,68242.5,124
2019-08-21,16,68242.5,124
2019-08-21,17,68242.5,124
2019-08-21,18,68242.5,124
2019-08-21,19,63090.700000000004,121
2019-08-21,20,63090.700000000004,121
2019-08-21,21,58982.5,117
2019-08-21,22,54460.5,113
2019-08-21,23,52942.2,111
2019-08-22,0,44670.9,107
2019-08-22,1,43027.4,105
2019-08-22,2,41652.5,103
2019-08-22,3,41652.5,103
2019-08-22,4,47914.2,107
2019-08-22,5,47914.2,107
2019-08-22,6,49745.1,109
2019-08-22,7,54661.9,112
2019-08-22,8,56512.700000000004,113
2019-08-22,9,56512.700000000004,113
2019-08-22,10,60178.9,116
2019-08-22,11,62887.1,119
2019-08-22,12,65659.3,121
2019-08-22,13,66501.8,122
2019-08-22,14,67302.8,123
2019-08-22,15,67302.8,123
2019-08-22,16,67302.8,123
2019-08-22,17,67302.8,123
2019-08-22,18,67302.8,123
2019-08-22,19,62151.0,120
2019-08-22,20,62151.0,120
2019-08-22,21,60961.1,119
2019-08-22,22,55613.3,114
2019-08-22,23,54505.0,113
2019-08-23,0,43427.9,106
2019-08-23,1,41923.9,104
2019-08-23,2,39284.5,101
2019-08-23,3,38481.3,100
2019-08-23,4,43437.4,106
2019-08-23,5,43437.4,106
2019-08-23,6,48324.2,108
2019-08-23,7,49002.3,109
2019-08-23,8,52587.1,111
2019-08-23,9,52587.1,111
2019-08-23,10,56945.3,114
2019-08-23,11,59450.0,116
2019-08-23,12,60602.8,117
2019-08-23,13,61685.0,118
2019-08-23,14,61685.0,118
2019-08-23,15,61685.0,118
2019-08-23,16,60495.1,117
2019-08-23,17,59412.9,116
2019-08-23,18,57033.3,115
2019-08-23,19,55299.3,114
2019-08-23,20,52261.700000000004,112
2019-08-23,21,52430.9,111
2019-08-23,22,47247.1,109
2019-08-23,23,44081.5,107
2019-08-24,0,40597.6,103
2019-08-24,1,39132.9,101
2019-08-24,2,37648.3,99
2019-08-24,3,37648.3,99
2019-08-24,4,39301.3,101
2019-08-24,5,41019.1,103
2019-08-24,6,46259.0,106
2019-08-24,7,47815.5,108
2019-08-24,8,50702.3,110
2019-08-24,9,51889.1,111
2019-08-24,10,55057.6,114
2019-08-24,11,57454.6,116
2019-08-24,12,59834.2,117
2019-08-24,13,61685.0,118
2019-08-24,14,61685.0,118
2019-08-24,15,61685.0,118
2019-08-24,16,59255.0,117
2019-08-24,17,56982.9,115
2019-08-24,18,55132.1,114
2019-08-24,19,52752.5,113
2019-08-24,20,52752.5,113
2019-08-24,21,48744.1,112
2019-08-24,22,46765.5,110
2019-08-24,23,45450.7,109
2019-08-25,0,42413.9,106
2019-08-25,1,42563.9,107
2019-08-25,2,40437.4,104
2019-08-25,3,40437.4,104
2019-08-25,4,40437.4,104
2019-08-25,5,40437.4,104
2019-08-25,6,41685.5,106
2019-08-25,7,44689.1,108
2019-08-25,8,47301.5,110
2019-08-25,9,47301.5,110
2019-08-25,10,56168.4,115
2019-08-25,11,57483.200000000004,116
2019-08-25,12,56072.2,115
2019-08-25,13,56072.2,115
2019-08-25,14,58451.8,116
2019-08-25,15,58451.8,116
2019-08-25,16,58451.8,116
2019-08-25,17,58451.8,116
2019-08-25,18,58451.8,116
2019-08-25,19,58451.8,116
2019-08-25,20,58451.8,116
2019-08-25,21,53800.1,113
2019-08-25,22,49471.4,108
2019-08-25,23,43648.7,105
2019-08-26,0,41163.9,103
2019-08-26,1,41163.9,103
2019-08-26,2,40249.3,102
2019-08-26,3,40249.3,102
2019-08-26,4,44310.2,106
2019-08-26,5,45111.2,107
2019-08-26,6,51828.9,111
2019-08-26,7,51828.9,111
2019-08-26,8,54904.2,114
2019-08-26,9,59234.6,117
2019-08-26,10,64122.5,122
2019-08-26,11,64122.5,122
2019-08-26,12,64122.5,122
2019-08-26,13,65812.5,123
2019-08-26,14,65812.5,123
2019-08-26,15,65812.5,123
2019-08-26,16,68242.5,124
2019-08-26,17,68242.5,124
2019-08-26,18,68242.5,124
2019-08-26,19,67160.3,123
2019-08-26,20,67160.3,123
2019-08-26,21,61516.9,118
2019-08-26,22,57022.200000000004,115
2019-08-26,23,49434.7,110
2019-08-27,0,44745.9,106
2019-08-27,1,39442.7,101
2019-08-27,2,39442.7,101
2019-08-27,3,39399.7,100
2019-08-27,4,42839.2,104
2019-08-27,5,42839.2,104
2019-08-27,6,43992.0,105
2019-08-27,7,44870.4,106
2019-08-27,8,48878.8,107
2019-08-27,9,50360.1,109
2019-08-27,10,51550.0,110
2019-08-27,11,51810.0,110
2019-08-27,12,53544.0,111
2019-08-27,13,53362.3,110
2019-08-27,14,53373.6,110
2019-08-27,15,53544.0,111
2019-08-27,16,53694.0,112
2019-08-27,17,53523.6,111
2019-08-27,18,53523.6,111
2019-08-27,19,53544.0,111
2019-08-27,20,53544.0,111
2019-08-27,21,50620.1,109
2019-08-27,22,47257.6,106
2019-08-27,23,47257.6,106
2019-08-28,0,40514.2,103
2019-08-28,1,37748.8,101
2019-08-28,2,37002.8,100
2019-08-28,3,36438.2,97
2019-08-28,4,41336.0,104
2019-08-28,5,44281.8,107
2019-08-28,6,48290.2,108
2019-08-28,7,48968.3,109
2019-08-28,8,53882.200000000004,113
2019-08-28,9,53882.200000000004,113
2019-08-28,10,58223.8,116
2019-08-28,11,61685.6,118
2019-08-28,12,62816.6,118
2019-08-28,13,62816.6,118
2019-08-28,14,63992.0,119
2019-08-28,15,63992.0,119
2019-08-28,16,64401.0,119
2019-08-28,17,61521.1,117
2019-08-28,18,61169.0,115
2019-08-28,19,59241.1,117
2019-08-28,20,59241.1,117
2019-08-28,21,54927.1,114
2019-08-28,22,50076.6,109
2019-08-28,23,44217.4,107
2019-08-29,0,41330.6,105
2019-08-29,1,41330.6,105
2019-08-29,2,40416.0,104
2019-08-29,3,39702.6,103
2019-08-29,4,42209.0,106
2019-08-29,5,43943.0,107
2019-08-29,6,43943.0,107
2019-08-29,7,46577.1,110
2019-08-29,8,48427.9,111
2019-08-29,9,53288.5,113
2019-08-29,10,56901.5,116
2019-08-29,11,59523.7,117
2019-08-29,12,62053.3,119
2019-08-29,13,62854.3,120
2019-08-29,14,62854.3,120
2019-08-29,15,62854.3,120
2019-08-29,16,62854.3,120
2019-08-29,17,62854.3,120
2019-08-29,18,61164.3,119
2019-08-29,19,61014.3,118
2019-08-29,20,59278.9,117
2019-08-29,21,56047.1,115
2019-08-29,22,51089.0,109
2019-08-29,23,49714.2,108
2019-08-30,0,43182.2,106
2019-08-30,1,42381.2,105
2019-08-30,2,39009.7,102
2019-08-30,3,39009.7,102
2019-08-30,4,43537.7,106
2019-08-30,5,43537.7,106
2019-08-30,6,47546.1,107
2019-08-30,7,48885.7,109
2019-08-30,8,51772.5,111
2019-08-30,9,53427.9,113
2019-08-30,10,55793.200000000004,115
2019-08-30,11,60945.0,118
2019-08-30,12,60945.0,118
2019-08-30,13,60945.0,118
2019-08-30,14,59642.2,116
2019-08-30,15,59480.2,116
2019-08-30,16,57779.4,116
2019-08-30,17,53709.8,114
2019-08-30,18,51975.8,113
2019-08-30,19,49383.3,109
2019-08-30,20,49553.700000000004,110
2019-08-30,21,47344.0,108
2019-08-30,22,46168.6,107
2019-08-30,23,42741.4,106
2019-08-31,0,40768.0,102
2019-08-31,1,35971.1,97
2019-08-31,2,35939.4,97
2019-08-31,3,36291.5,99
2019-08-31,4,37750.9,101
2019-08-31,5,38690.5,102
2019-08-31,6,41202.8,104
2019-08-31,7,45211.2,105
2019-08-31,8,47242.4,107
2019-08-31,9,49235.5,109
2019-08-31,10,50969.5,110
2019-08-31,11,53349.1,111
2019-08-31,12,54663.9,112
2019-08-31,13,55467.1,113
2019-08-31,14,55467.1,113
2019-08-31,15,56319.3,114
2019-08-31,16,56997.4,115
2019-08-31,17,54617.8,114
2019-08-31,18,53107.5,111
2019-08-31,19,50453.5,109
2019-08-31,20,50623.9,110
2019-08-31,21,49217.4,109
2019-08-31,22,46296.6,107
2019-08-31,23,42288.2,106
2019-09-01,0,40195.8,104
2019-09-01,1,39449.8,103
2019-09-01,2,38535.2,102
2019-09-01,3,38535.2,102
2019-09-01,4,39281.2,103
2019-09-01,5,39281.2,103
2019-09-01,6,41135.4,105
2019-09-01,7,47378.8,108
2019-09-01,8,49432.6,110
2019-09-01,9,52764.7,113
2019-09-01,10,56875.4,116
2019-09-01,11,58565.4,117
2019-09-01,12,60945.0,118
2019-09-01,13,61718.6,117
2019-09-01,14,62816.0,118
2019-09-01,15,61501.2,117
2019-09-01,16,62060.2,118
2019-09-01,17,59288.0,116
2019-09-01,18,59288.0,116
2019-09-01,19,56056.200000000004,114
2019-09-01,20,53690.9,112
2019-09-01,21,51956.9,111
2019-09-01,22,51153.7,110
2019-09-01,23,50475.6,109
2019-09-02,0,44374.8,106
2019-09-02,1,41645.6,104
2019-09-02,2,39985.0,102
2019-09-02,3,39985.0,102
2019-09-02,4,40924.6,103
2019-09-02,5,40924.6,103
2019-09-02,6,41670.6,104
2019-09-02,7,45588.8,107
2019-09-02,8,50475.6,109
2019-09-02,9,53690.9,112
2019-09-02,10,59288.0,116
2019-09-02,11,60602.8,117
2019-09-02,12,61685.0,118
2019-09-02,13,60955.6,116
2019-09-02,14,61535.0,117
2019-09-02,15,61535.0,117
2019-09-02,16,61535.0,117
2019-09-02,17,60282.4,115
2019-09-02,18,58234.3,113
2019-09-02,19,55185.6,114
2019-09-02,20,55185.6,114
2019-09-02,21,51458.5,111
2019-09-02,22,50283.1,110
2019-09-02,23,47137.4,107
2019-09-03,0,42189.4,105
2019-09-03,1,41311.0,104
2019-09-03,2,40396.4,103
2019-09-03,3,41336.0,104
2019-09-03,4,43403.4,106
2019-09-03,5,44281.8,107
2019-09-03,6,44959.9,108
2019-09-03,7,50702.3,110
2019-09-03,8,50702.3,110
2019-09-03,9,54929.8,113
2019-09-03,10,57187.4,115
2019-09-03,11,60370.2,117
2019-09-03,12,61685.0,118
2019-09-03,13,63375.0,119
2019-09-03,14,63375.0,119
2019-09-03,15,63054.6,117
2019-09-03,16,63225.0,118
2019-09-03,17,63225.0,118
2019-09-03,18,59305.4,117
2019-09-03,19,59305.4,117
2019-09-03,20,56875.4,116
2019-09-03,21,54498.7,114
2019-09-03,22,49039.4,107
2019-09-03,23,46035.8,105
2019-09-04,0,42459.4,105
2019-09-04,1,40725.4,104
2019-09-04,2,40063.9,103
2019-09-04,3,40063.9,103
2019-09-04,4,48228.1,108
2019-09-04,5,50181.9,110
2019-09-04,6,52032.7,111
2019-09-04,7,52032.7,111
2019-09-04,8,54101.0,113
2019-09-04,9,58470.6,116
2019-09-04,10,60056.0,118
2019-09-04,11,60056.0,118
2019-09-04,12,60056.0,118
2019-09-04,13,61746.0,119
2019-09-04,14,61746.0,119
2019-09-04,15,61746.0,119
2019-09-04,16,61746.0,119
2019-09-04,17,61746.0,119
2019-09-04,18,60056.0,118
2019-09-04,19,60056.0,118
2019-09-04,20,60056.0,118
2019-09-04,21,57676.4,117
2019-09-04,22,54804.9,114
2019-09-04,23,54804.9,114
2019-09-05,0,43359.0,107
2019-09-05,1,40148.5,102
2019-09-05,2,39224.7,101
2019-09-05,3,38943.3,101
2019-09-05,4,42751.6,106
2019-09-05,5,44376.0,108
2019-09-05,6,45054.1,109
2019-09-05,7,49905.0,111
2019-09-05,8,51639.0,112
2019-09-05,9,53489.8,113
2019-09-05,10,57227.8,116
2019-09-05,11,61828.700000000004,120
2019-09-05,12,62518.3,120
2019-09-05,13,64450.3,121
2019-09-05,14,65563.5,122
2019-09-05,15,63432.9,122
2019-09-05,16,65812.5,123
2019-09-05,17,64715.1,122
2019-09-05,18,63319.3,121
2019-09-05,19,62129.4,120
2019-09-05,20,62129.4,120
2019-09-05,21,56649.700000000004,116
2019-09-05,22,53286.9,113
2019-09-05,23,50958.1,111
2019-09-06,0,49224.1,110
2019-09-06,1,42563.9,107
2019-09-06,2,42563.9,107
2019-09-06,3,42099.0,106
2019-09-06,4,46107.4,107
2019-09-06,5,46107.4,107
2019-09-06,6,47958.2,108
2019-09-06,7,49575.9,110
2019-09-06,8,52113.1,112
2019-09-06,9,54478.4,114
2019-09-06,10,58223.200000000004,116
2019-09-06,11,62103.7,119
2019-09-06,12,65325.8,121
2019-09-06,13,66126.8,122
2019-09-06,14,66126.8,122
2019-09-06,15,66126.8,122
2019-09-06,16,66126.8,122
2019-09-06,17,65044.6,121
2019-09-06,18,62665.0,120
2019-09-06,19,59788.200000000004,118
2019-09-06,20,57746.1,116
2019-09-06,21,55767.5,114
2019-09-06,22,53204.6,111
2019-09-06,23,50362.3,109
2019-09-07,0,46353.9,108
2019-09-07,1,43557.6,105
2019-09-07,2,41739.6,103
2019-09-07,3,41739.6,103
2019-09-07,4,41739.6,103
2019-09-07,5,41739.6,103
2019-09-07,6,43832.0,105
2019-09-07,7,49288.8,108
2019-09-07,8,53739.9,112
2019-09-07,9,55057.6,114
2019-09-07,10,58223.200000000004,116
2019-09-07,11,60995.4,118
2019-09-07,12,63375.0,119
2019-09-07,13,64176.0,120
2019-09-07,14,64176.0,120
2019-09-07,15,64176.0,120
2019-09-07,16,63844.3,118
2019-09-07,17,62943.8,118
2019-09-07,18,58874.200000000004,116
2019-09-07,19,56487.0,115
2019-09-07,20,56182.0,114
2019-09-07,21,50998.2,112
2019-09-07,22,45649.4,107
2019-09-07,23,43572.8,105
2019-09-08,0,39959.4,102
2019-09-08,1,37582.3,99
2019-09-08,2,37974.9,98
2019-09-08,3,37033.7,97
2019-09-08,4,33958.3,95
2019-09-08,5,35238.3,96
2019-09-08,6,38899.9,99
2019-09-08,7,40528.9,101
2019-09-08,8,41872.7,102
2019-09-08,9,45596.7,105
2019-09-08,10,49366.0,109
2019-09-08,11,54075.1,111
2019-09-08,12,54526.200000000004,110
2019-09-08,13,57380.7,112
2019-09-08,14,58260.1,115
2019-09-08,15,58260.1,115
2019-09-08,16,58260.1,115
2019-09-08,17,58089.7,114
2019-09-08,18,57758.0,112
2019-09-08,19,56832.9,114
2019-09-08,20,56832.9,114
2019-09-08,21,50001.4,107
2019-09-08,22,42414.9,101
2019-09-08,23,38758.2,97
2019-09-09,0,35685.9,96
2019-09-09,1,33985.1,96
2019-09-09,2,32251.1,95
2019-09-09,3,32251.1,95
2019-09-09,4,36969.9,100
2019-09-09,5,37623.1,100
2019-09-09,6,40080.0,102
2019-09-09,7,41930.8,103
2019-09-09,8,45516.6,107
2019-09-09,9,47581.8,109
2019-09-09,10,52889.4,111
2019-09-09,11,54640.4,114
2019-09-09,12,57781.8,114
2019-09-09,13,58102.2,116
2019-09-09,14,59792.2,117
2019-09-09,15,60945.0,118
2019-09-09,16,59255.0,117
2019-09-09,17,59255.0,117
2019-09-09,18,56912.3,115
2019-09-09,19,55026.9,113
2019-09-09,20,54174.7,112
2019-09-09,21,47958.3,106
2019-09-09,22,41831.9,103
2019-09-09,23,39421.1,100
2019-09-10,0,35481.1,97
2019-09-10,1,32537.2,93
2019-09-10,2,32537.2,93
2019-09-10,3,33634.8,95
2019-09-10,4,37594.7,99
2019-09-10,5,38518.5,100
2019-09-10,6,39088.5,101
2019-09-10,7,42657.1,104
2019-09-10,8,49008.6,108
2019-09-10,9,51725.700000000004,111
2019-09-10,10,54230.4,113
2019-09-10,11,57020.0,115
2019-09-10,12,57020.0,115
2019-09-10,13,58102.2,116
2019-09-10,14,58102.2,116
2019-09-10,15,58102.2,116
2019-09-10,16,58102.2,116
2019-09-10,17,58102.2,116
2019-09-10,18,53450.5,113
2019-09-10,19,52275.1,112
2019-09-10,20,52275.1,112
2019-09-10,21,50593.5,110
2019-09-10,22,42275.3,104
2019-09-10,23,36178.1,97
2019-09-11,0,30592.9,91
2019-09-11,1,30022.9,90
2019-09-11,2,29841.2,89
2019-09-11,3,32299.7,93
2019-09-11,4,35238.1,97
2019-09-11,5,35927.5,98
2019-09-11,6,38646.7,100
2019-09-11,7,39216.7,101
2019-09-11,8,40950.7,102
2019-09-11,9,43843.9,105
2019-09-11,10,46623.4,108
2019-09-11,11,52231.700000000004,111
2019-09-11,12,54661.700000000004,112
2019-09-11,13,55374.5,112
2019-09-11,14,56052.6,113
2019-09-11,15,56218.2,114
2019-09-11,16,56218.2,114
2019-09-11,17,54149.9,112
2019-09-11,18,52152.3,109
2019-09-11,19,50483.2,109
2019-09-11,20,50483.2,109
2019-09-11,21,45299.4,107
2019-09-11,22,40096.5,102
2019-09-11,23,35457.7,97
2019-09-12,0,31730.5,92
2019-09-12,1,30798.5,91
2019-09-12,2,29765.1,89
2019-09-12,3,30853.3,90
2019-09-12,4,35524.2,96
2019-09-12,5,37319.6,97
2019-09-12,6,39933.3,101
2019-09-12,7,42149.0,104
2019-09-12,8,45639.8,107
2019-09-12,9,45639.8,107
2019-09-12,10,50690.8,111
2019-09-12,11,55109.2,113
2019-09-12,12,55404.4,111
2019-09-12,13,56579.8,112
2019-09-12,14,57407.9,114
2019-09-12,15,58597.8,115
2019-09-12,16,58597.8,115
2019-09-12,17,56218.2,114
2019-09-12,18,55028.3,113
2019-09-12,19,55028.3,113
2019-09-12,20,51990.7,111
2019-09-12,21,47179.1,109
2019-09-12,22,44985.9,107
2019-09-12,23,43251.9,106
2019-09-13,0,38436.0,101
2019-09-13,1,36047.5,98
2019-09-13,2,34027.4,95
2019-09-13,3,35822.8,96
2019-09-13,4,40286.0,102
2019-09-13,5,42573.8,105
2019-09-13,6,46582.2,106
2019-09-13,7,47199.1,107
2019-09-13,8,51911.7,111
2019-09-13,9,51911.7,111
2019-09-13,10,55569.200000000004,114
2019-09-13,11,58752.0,116
2019-09-13,12,60602.8,117
2019-09-13,13,62292.8,118
2019-09-13,14,61733.8,117
2019-09-13,15,61733.8,117
2019-09-13,16,61733.8,117
2019-09-13,17,60602.8,117
2019-09-13,18,55611.5,114
2019-09-13,19,53277.9,112
2019-09-13,20,53107.5,111
2019-09-13,21,49950.9,110
2019-09-13,22,47958.0,108
2019-09-13,23,47902.6,108
2019-09-14,0,41007.4,105
2019-09-14,1,40204.2,104
2019-09-14,2,38543.6,102
2019-09-14,3,36890.6,100
2019-09-14,4,38543.6,102
2019-09-14,5,38543.6,102
2019-09-14,6,41007.4,105
2019-09-14,7,46168.6,107
2019-09-14,8,49078.0,109
2019-09-14,9,52485.3,112
2019-09-14,10,54990.0,114
2019-09-14,11,58002.4,115
2019-09-14,12,59255.0,117
2019-09-14,13,59255.0,117
2019-09-14,14,60945.0,118
2019-09-14,15,60945.0,118
2019-09-14,16,60141.8,117
2019-09-14,17,60141.8,117
2019-09-14,18,58270.1,115
2019-09-14,19,54990.0,114
2019-09-14,20,53814.6,113
2019-09-14,21,51746.3,111
2019-09-14,22,48697.5,109
2019-09-14,23,49753.4,109
2019-09-15,0,44592.2,107
2019-09-15,1,40204.2,104
2019-09-15,2,39542.7,103
2019-09-15,3,38796.7,102
2019-09-15,4,37857.1,101
2019-09-15,5,37857.1,101
2019-09-15,6,39542.7,103
2019-09-15,7,42160.2,106
2019-09-15,8,50431.5,110
2019-09-15,9,51606.9,111
2019-09-15,10,53800.1,113
2019-09-15,11,56982.9,115
2019-09-15,12,56912.3,115
2019-09-15,13,58102.2,116
2019-09-15,14,58102.2,116
2019-09-15,15,60056.0,118
2019-09-15,16,60056.0,118
2019-09-15,17,60056.0,118
2019-09-15,18,57676.4,117
2019-09-15,19,56594.200000000004,116
2019-09-15,20,55791.0,115
2019-09-15,21,53425.7,113
2019-09-15,22,50079.7,110
2019-09-15,23,48228.9,109
2019-09-16,0,43542.4,107
2019-09-16,1,41808.4,106
2019-09-16,2,41808.4,106
2019-09-16,3,41007.4,105
2019-09-16,4,46098.0,107
2019-09-16,5,47832.0,108
2019-09-16,6,47832.0,108
2019-09-16,7,50835.6,110
2019-09-16,8,53582.0,113
2019-09-16,9,57137.0,115
2019-09-16,10,60881.8,117
2019-09-16,11,59799.6,116
2019-09-16,12,60602.8,117
2019-09-16,13,61685.0,118
2019-09-16,14,61685.0,118
2019-09-16,15,61685.0,118
2019-09-16,16,61685.0,118
2019-09-16,17,59750.6,116
2019-09-16,18,57371.0,115
2019-09-16,19,56184.2,114
2019-09-16,20,56184.2,114
2019-09-16,21,53015.7,111
2019-09-16,22,48814.1,108
2019-09-16,23,44805.7,107
2019-09-17,0,41392.6,104
2019-09-17,1,40514.2,103
2019-09-17,2,39599.6,102
2019-09-17,3,42334.6,104
2019-09-17,4,44127.6,106
2019-09-17,5,45280.4,107
2019-09-17,6,45280.4,107
2019-09-17,7,49288.8,108
2019-09-17,8,50475.6,109
2019-09-17,9,51270.0,109
2019-09-17,10,50985.3,106
2019-09-17,11,55479.9,109
2019-09-17,12,59220.5,113
2019-09-17,13,58661.5,112
2019-09-17,14,58681.9,112
2019-09-17,15,58681.9,112
2019-09-17,16,58312.6,112
2019-09-17,17,58312.6,112
2019-09-17,18,55243.8,112
2019-09-17,19,53553.8,111
2019-09-17,20,56375.4,111
2019-09-17,21,51779.0,110
2019-09-17,22,49634.8,108
2019-09-17,23,44384.3,103
2019-09-18,0,38580.5,101
2019-09-18,1,37665.9,100
2019-09-18,2,36012.9,98
2019-09-18,3,36674.4,99
2019-09-18,4,41037.4,103
2019-09-18,5,45045.8,104
2019-09-18,6,45045.8,104
2019-09-18,7,47583.0,106
2019-09-18,8,48983.0,107
2019-09-18,9,50833.8,108
2019-09-18,10,52174.8,109
2019-09-18,11,53524.4,111
2019-09-18,12,56707.2,113
2019-09-18,13,57882.6,114
2019-09-18,14,59642.9,116
2019-09-18,15,59642.9,116
2019-09-18,16,59642.9,116
2019-09-18,17,59642.9,116
2019-09-18,18,58839.7,115
2019-09-18,19,55748.2,113
2019-09-18,20,56409.7,114
2019-09-18,21,52843.3,112
2019-09-18,22,46437.9,109
2019-09-18,23,42346.2,105
2019-09-19,0,41422.6,102
2019-09-19,1,36973.3,98
2019-09-19,2,37461.5,99
2019-09-19,3,38401.1,100
2019-09-19,4,44838.3,104
2019-09-19,5,47233.8,106
2019-09-19,6,48386.6,107
2019-09-19,7,48386.6,107
2019-09-19,8,48386.6,107
2019-09-19,9,50451.8,109
2019-09-19,10,50451.8,109
2019-09-19,11,50861.8,110
2019-09-19,12,50861.8,110
2019-09-19,13,51714.0,111
2019-09-19,14,51714.0,111
2019-09-19,15,49479.0,109
2019-09-19,16,48976.9,106
2019-09-19,17,49433.0,107
2019-09-19,18,47752.6,107
2019-09-19,19,47752.6,107
2019-09-19,20,47752.6,107
2019-09-19,21,43894.2,107
2019-09-19,22,39820.6,104
2019-09-19,23,36020.1,98
2019-09-20,0,34367.1,96
2019-09-20,1,34367.1,96
2019-09-20,2,34367.1,96
2019-09-20,3,34367.1,96
2019-09-20,4,39247.9,101
2019-09-20,5,39679.9,102
2019-09-20,6,41530.7,103
2019-09-20,7,42247.9,102
2019-09-20,8,44144.6,105
2019-09-20,9,44310.2,106
2019-09-20,10,49218.2,110
2019-09-20,11,52796.7,114
2019-09-20,12,53611.1,111
2019-09-20,13,53281.0,112
2019-09-20,14,53281.0,112
2019-09-20,15,53281.0,112
2019-09-20,16,53268.8,112
2019-09-20,17,52440.7,110
2019-09-20,18,50967.0,109
2019-09-20,19,49481.8,107
2019-09-20,20,49631.8,108
2019-09-20,21,43901.8,104
2019-09-20,22,38921.4,97
2019-09-20,23,34895.1,93
2019-09-21,0,33550.3,93
2019-09-21,1,29255.9,88
2019-09-21,2,29255.9,88
2019-09-21,3,29255.9,88
2019-09-21,4,30000.9,90
2019-09-21,5,30000.9,90
2019-09-21,6,32398.3,94
2019-09-21,7,36221.9,97
2019-09-21,8,41062.5,103
2019-09-21,9,42796.5,104
2019-09-21,10,44644.8,106
2019-09-21,11,50238.6,109
2019-09-21,12,50916.7,110
2019-09-21,13,52432.7,111
2019-09-21,14,53284.9,112
2019-09-21,15,53284.9,112
2019-09-21,16,53300.5,112
2019-09-21,17,52422.1,111
2019-09-21,18,50940.8,109
2019-09-21,19,49776.0,109
2019-09-21,20,47925.2,108
2019-09-21,21,42452.1,105
2019-09-21,22,37865.9,101
2019-09-21,23,35356.7,98
2019-09-22,0,33326.7,92
2019-09-22,1,30660.7,90
2019-09-22,2,30090.7,89
2019-09-22,3,28267.3,86
2019-09-22,4,29002.3,90
2019-09-22,5,29434.3,91
2019-09-22,6,32875.1,94
2019-09-22,7,36757.8,98
2019-09-22,8,40479.7,102
2019-09-22,9,43245.6,104
2019-09-22,10,46059.8,106
2019-09-22,11,50202.1,108
2019-09-22,12,52237.3,111
2019-09-22,13,51489.5,111
2019-09-22,14,52885.9,110
2019-09-22,15,54188.7,112
2019-09-22,16,54603.3,114
2019-09-22,17,55685.5,115
2019-09-22,18,56875.4,116
2019-09-22,19,56023.2,115
2019-09-22,20,56023.2,115
2019-09-22,21,51836.9,111
2019-09-22,22,46071.7,108
2019-09-22,23,42584.4,104
2019-09-23,0,38758.0,101
2019-09-23,1,38758.0,101
2019-09-23,2,36907.2,100
2019-09-23,3,36907.2,100
2019-09-23,4,39590.0,102
2019-09-23,5,41841.6,105
2019-09-23,6,41676.0,104
2019-09-23,7,47616.8,108
2019-09-23,8,49467.6,109
2019-09-23,9,51585.6,111
2019-09-23,10,55152.0,113
2019-09-23,11,58771.9,115
2019-09-23,12,59924.7,116
2019-09-23,13,59924.7,116
2019-09-23,14,60602.8,117
2019-09-23,15,60602.8,117
2019-09-23,16,60602.8,117
2019-09-23,17,60602.8,117
2019-09-23,18,59427.4,116
2019-09-23,19,57047.8,115
2019-09-23,20,55857.9,114
2019-09-23,21,53739.9,112
2019-09-23,22,49433.8,107
2019-09-23,23,41179.1,103
2019-09-24,0,39526.1,101
2019-09-24,1,38956.1,100
2019-09-24,2,38041.5,99
2019-09-24,3,38041.5,99
2019-09-24,4,41179.1,103
2019-09-24,5,42719.0,105
2019-09-24,6,45047.2,107
2019-09-24,7,45047.2,107
2019-09-24,8,47584.4,109
2019-09-24,9,48899.2,110
2019-09-24,10,50021.3,112
2019-09-24,11,54251.7,114
2019-09-24,12,58260.1,115
2019-09-24,13,58260.1,115
2019-09-24,14,57033.3,115
2019-09-24,15,59412.9,116
2019-09-24,16,58910.8,113
2019-09-24,17,58910.8,113
2019-09-24,18,58237.5,115
2019-09-24,19,57559.4,114
2019-09-24,20,55179.8,113
2019-09-24,21,52183.4,110
2019-09-24,22,46578.2,107
2019-09-24,23,41037.4,103
2019-09-25,0,39439.8,101
2019-09-25,1,37854.5,99
2019-09-25,2,35834.4,96
2019-09-25,3,35834.4,96
2019-09-25,4,39282.8,99
2019-09-25,5,40206.6,100
2019-09-25,6,41403.6,102
2019-09-25,7,45722.6,107
2019-09-25,8,48134.7,109
2019-09-25,9,48134.7,109
2019-09-25,10,49859.5,111
2019-09-25,11,57033.3,115
2019-09-25,12,58223.200000000004,116
2019-09-25,13,60452.8,116
2019-09-25,14,61685.0,118
2019-09-25,15,61685.0,118
2019-09-25,16,61685.0,118
2019-09-25,17,60602.8,117
2019-09-25,18,60602.8,117
2019-09-25,19,59799.6,116
2019-09-25,20,57369.6,115
2019-09-25,21,52921.7,112
2019-09-25,22,46510.4,108
2019-09-25,23,44182.2,106
2019-09-26,0,38944.4,102
2019-09-26,1,37479.7,100
2019-09-26,2,35641.3,98
2019-09-26,3,35641.3,98
2019-09-26,4,39935.9,103
2019-09-26,5,42331.4,105
2019-09-26,6,48371.0,108
2019-09-26,7,48371.0,108
2019-09-26,8,50221.8,109
2019-09-26,9,51025.0,110
2019-09-26,10,52749.8,112
2019-09-26,11,58172.8,116
2019-09-26,12,59255.0,117
2019-09-26,13,59255.0,117
2019-09-26,14,59255.0,117
2019-09-26,15,59255.0,117
2019-09-26,16,59255.0,117
2019-09-26,17,59255.0,117
2019-09-26,18,58172.8,116
2019-09-26,19,58172.8,116
2019-09-26,20,57320.6,115
2019-09-26,21,52069.5,111
2019-09-26,22,50076.6,109
2019-09-26,23,47748.4,107
2019-09-27,0,39100.6,102
2019-09-27,1,39434.2,100
2019-09-27,2,37281.4,97
2019-09-27,3,33362.7,94
2019-09-27,4,37744.1,99
2019-09-27,5,39357.8,99
2019-09-27,6,41012.7,103
2019-09-27,7,43122.6,106
2019-09-27,8,44856.6,107
2019-09-27,9,48616.5,111
2019-09-27,10,49931.3,112
2019-09-27,11,53122.0,112
2019-09-27,12,53122.0,112
2019-09-27,13,54311.9,113
2019-09-27,14,56072.2,115
2019-09-27,15,56072.2,115
2019-09-27,16,56072.2,115
2019-09-27,17,56072.2,115
2019-09-27,18,54050.4,113
2019-09-27,19,53139.200000000004,113
2019-09-27,20,53139.200000000004,113
2019-09-27,21,47940.9,111
2019-09-27,22,44659.6,107
2019-09-27,23,39495.1,101
2019-09-28,0,37816.0,97
2019-09-28,1,34422.0,95
2019-09-28,2,31656.6,93
2019-09-28,3,31121.1,92
2019-09-28,4,32266.5,94
2019-09-28,5,32266.5,94
2019-09-28,6,36724.3,99
2019-09-28,7,39028.3,101
2019-09-28,8,42548.3,105
2019-09-28,9,45738.7,108
2019-09-28,10,47053.5,109
2019-09-28,11,50896.3,109
2019-09-28,12,53261.6,111
2019-09-28,13,54580.0,113
2019-09-28,14,57010.0,114
2019-09-28,15,56157.8,113
2019-09-28,16,52258.6,109
2019-09-28,17,52258.6,109
2019-09-28,18,50407.8,108
2019-09-28,19,49221.0,107
2019-09-28,20,49221.0,107
2019-09-28,21,44409.4,105
2019-09-28,22,39442.7,98
2019-09-28,23,38019.1,97
2019-09-29,0,35390.0,94
2019-09-29,1,32070.4,90
2019-09-29,2,32070.4,90
2019-09-29,3,30587.8,86
2019-09-29,4,30587.8,86
2019-09-29,5,30758.2,87
2019-09-29,6,32220.4,91
2019-09-29,7,37337.1,97
2019-09-29,8,40152.9,100
2019-09-29,9,44856.7,106
2019-09-29,10,46171.5,107
2019-09-29,11,51913.9,109
2019-09-29,12,51493.2,109
2019-09-29,13,54044.3,110
2019-09-29,14,55042.8,113
2019-09-29,15,55042.8,113
2019-09-29,16,55042.8,113
2019-09-29,17,54239.6,112
2019-09-29,18,53049.7,111
2019-09-29,19,52468.5,111
2019-09-29,20,51281.7,110
2019-09-29,21,44154.0,105
2019-09-29,22,39877.9,99
2019-09-29,23,34177.7,94
2019-09-30,0,31561.1,91
2019-09-30,1,30527.7,89
2019-09-30,2,30896.7,88
2019-09-30,3,32799.9,90
2019-09-30,4,35043.8,95
2019-09-30,5,37528.6,97
2019-09-30,6,37528.6,97
2019-09-30,7,40804.5,101
2019-09-30,8,43911.7,104
2019-09-30,9,45451.6,106
2019-09-30,10,48631.3,109
2019-09-30,11,52639.7,110
2019-09-30,12,54239.6,112
2019-09-30,13,55415.0,113
2019-09-30,14,55415.0,113
2019-09-30,15,58496.8,114
2019-09-30,16,58646.8,115
2019-09-30,17,56849.6,114
2019-09-30,18,54640.4,114
2019-09-30,19,54640.4,114
2019-09-30,20,52789.6,113
2019-09-30,21,47441.3,110
2019-09-30,22,40877.9,103
2019-09-30,23,36607.3,98
2019-10-01,0,34159.9,96
2019-10-01,1,32122.4,93
2019-10-01,2,32122.4,93
2019-10-01,3,32704.4,95
2019-10-01,4,36145.2,98
2019-10-01,5,36834.6,99
2019-10-01,6,37774.2,100
2019-10-01,7,43811.9,104
2019-10-01,8,47925.2,108
2019-10-01,9,45767.6,108
2019-10-01,10,51090.8,110
2019-10-01,11,52960.6,110
2019-10-01,12,54320.0,112
2019-10-01,13,56517.9,112
2019-10-01,14,55958.9,111
2019-10-01,15,56870.0,114
2019-10-01,16,56870.0,114
2019-10-01,17,54490.4,113
2019-10-01,18,53130.1,111
2019-10-01,19,53300.5,112
2019-10-01,20,52263.7,112
2019-10-01,21,46276.7,109
2019-10-01,22,41711.2,103
2019-10-01,23,35353.3,96
2019-10-02,0,33700.3,94
2019-10-02,1,31966.3,93
2019-10-02,2,30498.8,91
2019-10-02,3,30498.8,91
2019-10-02,4,36924.4,98
2019-10-02,5,38658.4,99
2019-10-02,6,38338.0,97
2019-10-02,7,40896.9,101
2019-10-02,8,44058.4,105
2019-10-02,9,49242.2,107
2019-10-02,10,51409.2,109
2019-10-02,11,53300.5,112
2019-10-02,12,55680.1,113
2019-10-02,13,56912.3,115
2019-10-02,14,58065.1,116
2019-10-02,15,58065.1,116
2019-10-02,16,58065.1,116
2019-10-02,17,58065.1,116
2019-10-02,18,57261.9,115
2019-10-02,19,57261.9,115
2019-10-02,20,57261.9,115
2019-10-02,21,51199.7,112
2019-10-02,22,45654.5,109
2019-10-02,23,41505.7,104
2019-10-03,0,39413.3,102
2019-10-03,1,37109.3,100
2019-10-03,2,36194.7,99
2019-10-03,3,36194.7,99
2019-10-03,4,41007.4,105
2019-10-03,5,46749.8,107
2019-10-03,6,46107.2,107
2019-10-03,7,47902.6,108
2019-10-03,8,49753.4,109
2019-10-03,9,50928.8,110
2019-10-03,10,53800.1,113
2019-10-03,11,55793.200000000004,115
2019-10-03,12,60602.8,117
2019-10-03,13,60602.8,117
2019-10-03,14,59021.2,114
2019-10-03,15,59041.6,114
2019-10-03,16,57888.8,113
2019-10-03,17,54707.9,111
2019-10-03,18,52611.0,109
2019-10-03,19,51058.7,109
2019-10-03,20,50908.7,108
2019-10-03,21,46998.8,102
2019-10-03,22,41113.1,101
2019-10-03,23,38792.8,98
2019-10-04,0,34992.3,93
2019-10-04,1,34121.2,94
2019-10-04,2,33983.6,95
2019-10-04,3,35779.0,96
2019-10-04,4,40557.2,102
2019-10-04,5,42978.0,104
2019-10-04,6,44569.8,106
2019-10-04,7,44783.0,106
2019-10-04,8,50917.8,109
2019-10-04,9,51327.8,110
2019-10-04,10,52971.1,112
2019-10-04,11,55313.8,114
2019-10-04,12,55313.8,114
2019-10-04,13,59427.4,116
2019-10-04,14,59427.4,116
2019-10-04,15,59427.4,116
2019-10-04,16,58575.2,115
2019-10-04,17,57635.6,114
2019-10-04,18,54461.6,113
2019-10-04,19,53271.7,112
2019-10-04,20,51281.7,110
2019-10-04,21,51281.7,110
2019-10-04,22,48410.4,107
2019-10-04,23,47257.6,106
2019-10-05,0,42309.6,104
2019-10-05,1,39085.6,101
2019-10-05,2,37509.5,99
2019-10-05,3,36763.5,98
2019-10-05,4,36763.5,98
2019-10-05,5,36763.5,98
2019-10-05,6,38449.1,100
2019-10-05,7,42003.8,104
2019-10-05,8,47165.0,106
2019-10-05,9,48613.4,108
2019-10-05,10,52724.1,111
2019-10-05,11,56567.8,114
2019-10-05,12,55220.0,114
2019-10-05,13,58451.8,116
2019-10-05,14,58270.1,115
2019-10-05,15,59073.3,116
2019-10-05,16,59255.0,117
2019-10-05,17,58065.1,116
2019-10-05,18,58065.1,116
2019-10-05,19,56889.7,115
2019-10-05,20,56086.5,114
2019-10-05,21,51856.1,112
2019-10-05,22,51178.0,111
2019-10-05,23,42968.0,107
2019-10-06,0,42028.4,106
2019-10-06,1,39497.8,103
2019-10-06,2,37287.1,100
2019-10-06,3,37287.1,100
2019-10-06,4,37287.1,100
2019-10-06,5,37287.1,100
2019-10-06,6,38972.7,102
2019-10-06,7,45015.8,106
2019-10-06,8,48781.0,109
2019-10-06,9,49956.4,110
2019-10-06,10,52610.4,112
2019-10-06,11,58172.8,116
2019-10-06,12,58172.8,116
2019-10-06,13,60945.0,118
2019-10-06,14,60945.0,118
2019-10-06,15,60945.0,118
2019-10-06,16,60945.0,118
2019-10-06,17,60945.0,118
2019-10-06,18,57320.6,115
2019-10-06,19,57320.6,115
2019-10-06,20,54943.9,113
2019-10-06,21,50608.3,110
2019-10-06,22,43064.8,105
2019-10-06,23,40173.9,102
2019-10-07,0,33704.1,97
2019-10-07,1,31800.3,94
2019-10-07,2,30053.5,91
2019-10-07,3,29105.9,90
2019-10-07,4,31780.3,93
2019-10-07,5,33631.1,94
2019-10-07,6,33310.7,92
2019-10-07,7,35352.7,95
2019-10-07,8,37070.5,97
2019-10-07,9,37070.5,97
2019-10-07,10,38564.3,99
2019-10-07,11,39249.8,101
2019-10-07,12,40983.8,102
2019-10-07,13,41481.7,103
2019-10-07,14,42553.2,105
2019-10-07,15,42553.2,105
2019-10-07,16,42553.2,105
2019-10-07,17,43431.6,106
2019-10-07,18,44584.4,107
2019-10-07,19,44584.4,107
2019-10-07,20,44584.4,107
2019-10-07,21,40819.2,104
2019-10-07,22,39237.7,102
2019-10-07,23,36090.9,98
2019-10-08,0,32561.5,96
2019-10-08,1,30211.5,93
2019-10-08,2,30211.5,93
2019-10-08,3,31614.3,95
2019-10-08,4,35095.3,98
2019-10-08,5,36946.1,99
2019-10-08,6,36946.1,99
2019-10-08,7,37860.7,100
2019-10-08,8,38784.5,101
2019-10-08,9,39354.5,102
2019-10-08,10,40016.0,103
2019-10-08,11,40819.2,104
2019-10-08,12,42553.2,105
2019-10-08,13,43431.6,106
2019-10-08,14,44109.7,107
2019-10-08,15,46489.3,108
2019-10-08,16,46323.7,107
2019-10-08,17,43574.2,106
2019-10-08,18,44109.7,107
2019-10-08,19,44109.7,107
2019-10-08,20,44109.7,107
2019-10-08,21,38784.5,101
2019-10-08,22,33813.7,97
2019-10-08,23,31414.8,94
2019-10-09,0,28332.8,89
2019-10-09,1,25245.1,84
2019-10-09,2,25245.1,84
2019-10-09,3,25136.9,85
2019-10-09,4,28934.5,90
2019-10-09,5,30218.7,92
2019-10-09,6,31079.7,93
2019-10-09,7,32802.5,96
2019-10-09,8,35537.5,98
2019-10-09,9,37271.5,99
2019-10-09,10,39175.3,102
2019-10-09,11,41165.3,104
2019-10-09,12,45101.1,109
2019-10-09,13,46951.9,110
2019-10-09,14,50960.3,111
2019-10-09,15,49403.8,109
2019-10-09,16,49403.8,109
2019-10-09,17,49403.8,109
2019-10-09,18,48551.6,108
2019-10-09,19,47748.4,107
2019-10-09,20,47748.4,107
2019-10-09,21,42006.0,105
2019-10-09,22,36410.1,98
2019-10-09,23,32687.3,94
2019-10-10,0,29444.0,88
2019-10-10,1,28410.6,86
2019-10-10,2,28161.6,85
2019-10-10,3,29428.3,88
2019-10-10,4,33635.8,94
2019-10-10,5,37090.8,98
2019-10-10,6,38243.6,99
2019-10-10,7,40409.6,101
2019-10-10,8,41831.3,103
2019-10-10,9,44610.8,106
2019-10-10,10,44671.2,107
2019-10-10,11,49866.4,109
2019-10-10,12,51422.9,111
2019-10-10,13,51860.5,110
2019-10-10,14,54240.1,111
2019-10-10,15,54069.7,110
2019-10-10,16,53919.7,109
2019-10-10,17,53851.5,112
2019-10-10,18,52624.7,112
2019-10-10,19,52624.7,112
2019-10-10,20,52624.7,112
2019-10-10,21,47725.1,109
2019-10-10,22,40574.9,104
2019-10-10,23,36706.7,98
2019-10-11,0,36017.3,97
2019-10-11,1,32931.7,94
2019-10-11,2,32931.7,94
2019-10-11,3,32706.5,94
2019-10-11,4,35318.7,97
2019-10-11,5,35318.7,97
2019-10-11,6,34165.9,96
2019-10-11,7,34597.9,97
2019-10-11,8,34597.9,97
2019-10-11,9,32802.5,96
2019-10-11,10,32139.0,94
2019-10-11,11,31603.5,93
2019-10-11,12,30480.0,92
2019-10-11,13,29627.8,91
2019-10-11,14,29627.8,91
2019-10-11,15,27566.0,86
2019-10-11,16,27566.0,86
2019-10-11,17,28582.1,90
2019-10-11,18,31950.3,95
2019-10-11,19,31950.3,95
2019-10-11,20,31950.3,95
2019-10-11,21,31260.9,94
2019-10-11,22,29801.5,92
2019-10-11,23,34140.5,96
2019-10-12,0,31448.9,93
2019-10-12,1,26315.9,87
2019-10-12,2,26725.9,88
2019-10-12,3,27456.9,88
2019-10-12,4,28746.1,90
2019-10-12,5,30879.8,93
2019-10-12,6,31593.2,94
2019-10-12,7,33388.6,95
2019-10-12,8,33388.6,95
2019-10-12,9,33388.6,95
2019-10-12,10,32642.6,94
2019-10-12,11,30847.2,93
2019-10-12,12,29598.3,91
2019-10-12,13,28666.3,90
2019-10-12,14,28256.3,89
2019-10-12,15,28256.3,89
2019-10-12,16,28106.3,88
2019-10-12,17,29620.3,91
2019-10-12,18,33503.1,95
2019-10-12,19,32650.9,94
2019-10-12,20,30916.9,93
2019-10-12,21,30227.5,92
2019-10-12,22,29481.5,91
2019-10-12,23,28768.1,90
2019-10-13,0,27836.1,89
2019-10-13,1,26782.5,87
2019-10-13,2,26782.5,87
2019-10-13,3,27714.5,88
2019-10-13,4,28318.1,89
2019-10-13,5,28768.1,90
2019-10-13,6,31252.9,92
2019-10-13,7,31998.9,93
2019-10-13,8,31998.9,93
2019-10-13,9,31998.9,93
2019-10-13,10,32851.1,94
2019-10-13,11,31055.7,93
2019-10-13,12,32208.5,94
2019-10-13,13,33457.4,96
2019-10-13,14,35252.8,97
2019-10-13,15,36192.4,98
2019-10-13,16,37116.2,99
2019-10-13,17,39993.4,103
2019-10-13,18,41549.9,105
2019-10-13,19,41549.9,105
2019-10-13,20,41549.9,105
2019-10-13,21,38840.6,102
2019-10-13,22,34863.1,97
2019-10-13,23,30932.6,93
2019-10-14,0,29993.0,92
2019-10-14,1,28164.5,89
2019-10-14,2,28853.9,90
2019-10-14,3,30490.9,93
2019-10-14,4,33210.1,95
2019-10-14,5,35305.7,98
2019-10-14,6,37156.5,99
2019-10-14,7,38531.4,101
2019-10-14,8,39446.0,102
2019-10-14,9,40016.0,103
2019-10-14,10,40819.2,104
2019-10-14,11,44827.6,105
2019-10-14,12,44507.200000000004,103
2019-10-14,13,43937.200000000004,102
2019-10-14,14,43755.5,101
2019-10-14,15,43755.5,101
2019-10-14,16,43755.5,101
2019-10-14,17,43697.6,102
2019-10-14,18,43697.6,102
2019-10-14,19,43847.6,103
2019-10-14,20,43847.6,103
2019-10-14,21,39839.2,102
2019-10-14,22,36412.3,99
2019-10-14,23,33768.9,95
2019-10-15,0,31430.5,94
2019-10-15,1,31430.5,94
2019-10-15,2,30998.5,93
2019-10-15,3,32143.9,95
2019-10-15,4,36579.1,99
2019-10-15,5,38784.5,101
2019-10-15,6,38784.5,101
2019-10-15,7,40819.2,104
2019-10-15,8,42375.7,106
2019-10-15,9,43562.5,107
2019-10-15,10,47570.9,108
2019-10-15,11,47001.5,105
2019-10-15,12,47001.5,105
2019-10-15,13,49787.700000000004,108
2019-10-15,14,52450.8,112
2019-10-15,15,52450.8,112
2019-10-15,16,52450.8,112
2019-10-15,17,52450.8,112
2019-10-15,18,51260.9,111
2019-10-15,19,51260.9,111
2019-10-15,20,49526.9,110
2019-10-15,21,43158.8,106
2019-10-15,22,36533.6,99
2019-10-15,23,35500.2,97
2019-10-16,0,30274.2,92
2019-10-16,1,27679.9,89
2019-10-16,2,25886.9,87
2019-10-16,3,26083.1,87
2019-10-16,4,29271.5,91
2019-10-16,5,31919.1,93
2019-10-16,6,32454.6,94
2019-10-16,7,33386.6,95
2019-10-16,8,33386.6,95
2019-10-16,9,33386.6,95
2019-10-16,10,31765.2,93
2019-10-16,11,30901.8,93
2019-10-16,12,30901.8,93
2019-10-16,13,30366.3,92
2019-10-16,14,30366.3,92
2019-10-16,15,30184.6,91
2019-10-16,16,30901.8,93
2019-10-16,17,35039.6,97
2019-10-16,18,38266.4,101
2019-10-16,19,38266.4,101
2019-10-16,20,38266.4,101
2019-10-16,21,36067.6,98
2019-10-16,22,31910.9,93
2019-10-16,23,34914.8,97
2019-10-17,0,30355.2,93
2019-10-17,1,26605.3,88
2019-10-17,2,26605.3,88
2019-10-17,3,26605.3,88
2019-10-17,4,30804.9,93
2019-10-17,5,34219.1,96
2019-10-17,6,34219.1,96
2019-10-17,7,35872.1,98
2019-10-17,8,35872.1,98
2019-10-17,9,34836.1,97
2019-10-17,10,34686.1,96
2019-10-17,11,32890.7,95
2019-10-17,12,31857.3,93
2019-10-17,13,32007.3,94
2019-10-17,14,32542.8,95
2019-10-17,15,32542.8,95
2019-10-17,16,32542.8,95
2019-10-17,17,33712.2,93
2019-10-17,18,37108.2,98
2019-10-17,19,37108.2,98
2019-10-17,20,35374.2,97
2019-10-17,21,32639.2,95
2019-10-17,22,28768.1,90
2019-10-17,23,25004.9,85
2019-10-18,0,24502.8,82
2019-10-18,1,23687.8,81
2019-10-18,2,24471.9,84
2019-10-18,3,26975.1,88
2019-10-18,4,30203.5,92
2019-10-18,5,32851.1,94
2019-10-18,6,33564.5,95
2019-10-18,7,33564.5,95
2019-10-18,8,33564.5,95
2019-10-18,9,33564.5,95
2019-10-18,10,32851.1,94
2019-10-18,11,32602.1,93
2019-10-18,12,33315.5,94
2019-10-18,13,33564.5,95
2019-10-18,14,35427.9,97
2019-10-18,15,36878.0,99
2019-10-18,16,36878.0,99
2019-10-18,17,37876.6,99
2019-10-18,18,36655.5,97
2019-10-18,19,36655.5,97
2019-10-18,20,35502.7,96
2019-10-18,21,32712.3,94
2019-10-18,22,30227.5,92
2019-10-18,23,26525.1,87
2019-10-19,0,24867.5,83
2019-10-19,1,23457.5,81
2019-10-19,2,22669.1,80
2019-10-19,3,23706.5,82
2019-10-19,4,25286.9,85
2019-10-19,5,28168.1,88
2019-10-19,6,29457.5,91
2019-10-19,7,34187.4,96
2019-10-19,8,36373.4,99
2019-10-19,9,36373.4,99
2019-10-19,10,39905.5,103
2019-10-19,11,40973.4,105
2019-10-19,12,41554.6,105
2019-10-19,13,42433.0,106
2019-10-19,14,44818.1,108
2019-10-19,15,45067.1,109
2019-10-19,16,44263.9,108
2019-10-19,17,45346.1,109
2019-10-19,18,45346.1,109
2019-10-19,19,45346.1,109
2019-10-19,20,44936.1,108
2019-10-19,21,41720.8,105
2019-10-19,22,38837.4,102
2019-10-19,23,35584.1,98
2019-10-20,0,33788.7,97
2019-10-20,1,33042.7,96
2019-10-20,2,31204.3,94
2019-10-20,3,31204.3,94
2019-10-20,4,30490.9,93
2019-10-20,5,32286.3,94
2019-10-20,6,32286.3,94
2019-10-20,7,34704.0,97
2019-10-20,8,34704.0,97
2019-10-20,9,36554.8,98
2019-10-20,10,36554.8,98
2019-10-20,11,38029.9,100
2019-10-20,12,39747.7,102
2019-10-20,13,41316.1,102
2019-10-20,14,43021.6,105
2019-10-20,15,43699.7,106
2019-10-20,16,43699.7,106
2019-10-20,17,43699.7,106
2019-10-20,18,44852.5,107
2019-10-20,19,44852.5,107
2019-10-20,20,44852.5,107
2019-10-20,21,38944.5,101
2019-10-20,22,35933.7,96
2019-10-20,23,34253.3,96
2019-10-21,0,32457.9,95
2019-10-21,1,28437.5,90
2019-10-21,2,27581.6,87
2019-10-21,3,27581.6,87
2019-10-21,4,31518.3,94
2019-10-21,5,35177.1,97
2019-10-21,6,34141.1,96
2019-10-21,7,37027.9,98
2019-10-21,8,37027.9,98
2019-10-21,9,36520.3,98
2019-10-21,10,36520.3,98
2019-10-21,11,37181.8,99
2019-10-21,12,37181.8,99
2019-10-21,13,38121.4,100
2019-10-21,14,40016.0,103
2019-10-21,15,40016.0,103
2019-10-21,16,39695.6,101
2019-10-21,17,41972.0,105
2019-10-21,18,43054.2,106
2019-10-21,19,43054.2,106
2019-10-21,20,43054.2,106
2019-10-21,21,39497.1,102
2019-10-21,22,34638.3,97
2019-10-21,23,35577.9,98
2019-10-22,0,28165.4,90
2019-10-22,1,27294.8,89
2019-10-22,2,27973.0,89
2019-10-22,3,27973.0,89
2019-10-22,4,33313.7,95
2019-10-22,5,35537.5,98
2019-10-22,6,35537.5,98
2019-10-22,7,36690.3,99
2019-10-22,8,36690.3,99
2019-10-22,9,36690.3,99
2019-10-22,10,35537.5,98
2019-10-22,11,34597.9,97
2019-10-22,12,34597.9,97
2019-10-22,13,34597.9,97
2019-10-22,14,36461.3,99
2019-10-22,15,36461.3,99
2019-10-22,16,37375.9,100
2019-10-22,17,40379.5,102
2019-10-22,18,39527.3,101
2019-10-22,19,39527.3,101
2019-10-22,20,39527.3,101
2019-10-22,21,33745.7,96
2019-10-22,22,29183.5,91
2019-10-22,23,23594.9,83
2019-10-23,0,22304.4,79
2019-10-23,1,19480.9,73
2019-10-23,2,20269.3,74
2019-10-23,3,20269.3,74
2019-10-23,4,27437.9,86
2019-10-23,5,27437.9,86
2019-10-23,6,28290.1,87
2019-10-23,7,28141.3,89
2019-10-23,8,29932.2,92
2019-10-23,9,29932.2,92
2019-10-23,10,30864.2,93
2019-10-23,11,31577.6,94
2019-10-23,12,31577.6,94
2019-10-23,13,33206.6,96
2019-10-23,14,34940.6,97
2019-10-23,15,34940.6,97
2019-10-23,16,35476.1,98
2019-10-23,17,38195.3,100
2019-10-23,18,40262.7,102
2019-10-23,19,40262.7,102
2019-10-23,20,40262.7,102
2019-10-23,21,35167.9,97
2019-10-23,22,29399.0,91
2019-10-23,23,24683.1,84
2019-10-24,0,23077.9,82
2019-10-24,1,23594.9,83
2019-10-24,2,24859.9,85
2019-10-24,3,26543.1,87
2019-10-24,4,31845.0,93
2019-10-24,5,32558.4,94
2019-10-24,6,35562.0,96
2019-10-24,7,35562.0,96
2019-10-24,8,35412.0,95
2019-10-24,9,34259.2,94
2019-10-24,10,34409.2,95
2019-10-24,11,35348.8,96
2019-10-24,12,35348.8,96
2019-10-24,13,36536.1,98
2019-10-24,14,36536.1,98
2019-10-24,15,36536.1,98
2019-10-24,16,37459.9,99
2019-10-24,17,37459.9,99
2019-10-24,18,37459.9,99
2019-10-24,19,39193.9,100
2019-10-24,20,36419.3,98
2019-10-24,21,31768.5,94
2019-10-24,22,26543.1,87
2019-10-24,23,26543.1,87
2019-10-25,0,24070.5,82
2019-10-25,1,21815.2,78
2019-10-25,2,21220.2,77
2019-10-25,3,22303.9,80
2019-10-25,4,26393.1,86
2019-10-25,5,28393.9,88
2019-10-25,6,29546.7,89
2019-10-25,7,32121.2,93
2019-10-25,8,30968.4,92
2019-10-25,9,30968.4,92
2019-10-25,10,30968.4,92
2019-10-25,11,30282.9,90
2019-10-25,12,29255.9,88
2019-10-25,13,29255.9,88
2019-10-25,14,27456.7,87
2019-10-25,15,27456.7,87
2019-10-25,16,28544.9,88
2019-10-25,17,30536.4,91
2019-10-25,18,31468.4,92
2019-10-25,19,31468.4,92
2019-10-25,20,31468.4,92
2019-10-25,21,29082.1,90
2019-10-25,22,29302.9,90
2019-10-25,23,28355.9,88
2019-10-26,0,26406.7,86
2019-10-26,1,26406.7,86
2019-10-26,2,26607.7,87
2019-10-26,3,27105.6,88
2019-10-26,4,29054.8,90
2019-10-26,5,30522.3,92
2019-10-26,6,32373.1,93
2019-10-26,7,33832.5,95
2019-10-26,8,33832.5,95
2019-10-26,9,33832.5,95
2019-10-26,10,31966.3,93
2019-10-26,11,29183.5,91
2019-10-26,12,27555.1,88
2019-10-26,13,26316.9,86
2019-10-26,14,28713.5,89
2019-10-26,15,29145.5,90
2019-10-26,16,29834.9,91
2019-10-26,17,33590.5,95
2019-10-26,18,35385.9,96
2019-10-26,19,35385.9,96
2019-10-26,20,35385.9,96
2019-10-26,21,32712.3,94
2019-10-26,22,29871.8,90
2019-10-26,23,26975.1,88
2019-10-27,0,25886.9,87
2019-10-27,1,24259.9,83
2019-10-27,2,24089.5,82
2019-10-27,3,23444.9,82
2019-10-27,4,25348.1,84
2019-10-27,5,26525.1,87
2019-10-27,6,30466.9,92
2019-10-27,7,31406.5,93
2019-10-27,8,32104.5,93
2019-10-27,9,33140.5,94
2019-10-27,10,30466.9,92
2019-10-27,11,27984.5,89
2019-10-27,12,26839.1,87
2019-10-27,13,26839.1,87
2019-10-27,14,28150.1,89
2019-10-27,15,28648.0,90
2019-10-27,16,30328.9,93
2019-10-27,17,34685.3,97
2019-10-27,18,36536.1,98
2019-10-27,19,36104.1,97
2019-10-27,20,36104.1,97
2019-10-27,21,32793.9,94
2019-10-27,22,29811.2,91
2019-10-27,23,26543.1,87
2019-10-28,0,25454.9,86
2019-10-28,1,25134.5,84
2019-10-28,2,25454.9,86
2019-10-28,3,26543.1,87
2019-10-28,4,31236.9,94
2019-10-28,5,34824.1,97
2019-10-28,6,34824.1,97
2019-10-28,7,35537.5,98
2019-10-28,8,35537.5,98
2019-10-28,9,35537.5,98
2019-10-28,10,35537.5,98
2019-10-28,11,35600.7,97
2019-10-28,12,35600.7,97
2019-10-28,13,33115.9,95
2019-10-28,14,34055.5,96
2019-10-28,15,34205.5,97
2019-10-28,16,36690.3,99
2019-10-28,17,39098.7,102
2019-10-28,18,39098.7,102
2019-10-28,19,39098.7,102
2019-10-28,20,38184.1,101
2019-10-28,21,33003.5,95
2019-10-28,22,26643.5,86
2019-10-28,23,23652.3,82
2019-10-29,0,23232.9,80
2019-10-29,1,22583.5,80
2019-10-29,2,23002.9,82
2019-10-29,3,25304.9,85
2019-10-29,4,29514.1,91
2019-10-29,5,32078.3,93
2019-10-29,6,32078.3,93
2019-10-29,7,34456.0,96
2019-10-29,8,35395.6,97
2019-10-29,9,34242.8,96
2019-10-29,10,34242.8,96
2019-10-29,11,34092.8,95
2019-10-29,12,34242.8,96
2019-10-29,13,34242.8,96
2019-10-29,14,33403.4,94
2019-10-29,15,33233.0,93
2019-10-29,16,34242.8,96
2019-10-29,17,36038.2,97
2019-10-29,18,36038.2,97
2019-10-29,19,37191.0,98
2019-10-29,20,37191.0,98
2019-10-29,21,30714.3,91
2019-10-29,22,27149.4,87
2019-10-29,23,27149.4,87
2019-10-30,0,25396.5,82
2019-10-30,1,25780.5,82
2019-10-30,2,25780.5,82
2019-10-30,3,27631.3,83
2019-10-30,4,31422.8,89
2019-10-30,5,33557.3,94
2019-10-30,6,35291.3,95
2019-10-30,7,36594.1,97
2019-10-30,8,36594.1,97
2019-10-30,9,35441.3,96
2019-10-30,10,35259.6,95
2019-10-30,11,33630.6,93
2019-10-30,12,33630.6,93
2019-10-30,13,33630.6,93
2019-10-30,14,32876.1,89
2019-10-30,15,34336.1,94
2019-10-30,16,37330.5,98
2019-10-30,17,37330.5,98
2019-10-30,18,38270.1,99
2019-10-30,19,39184.7,100
2019-10-30,20,39184.7,100
2019-10-30,21,34575.2,95
2019-10-30,22,30714.3,91
2019-10-30,23,30714.3,91
2019-10-31,0,32078.3,93
2019-10-31,1,32078.3,93
2019-10-31,2,33231.1,94
2019-10-31,3,36941.7,99
2019-10-31,4,43249.1,104
2019-10-31,5,47692.5,110
2019-10-31,6,47692.5,110
2019-10-31,7,47692.5,110
2019-10-31,8,47692.5,110
2019-10-31,9,46352.9,108
2019-10-31,10,43623.7,106
2019-10-31,11,40042.5,102
2019-10-31,12,36435.7,98
2019-10-31,13,35725.9,97
2019-10-31,14,34100.9,97
2019-10-31,15,32113.1,95
2019-10-31,16,33847.1,96
2019-10-31,17,38186.1,100
2019-10-31,18,40924.2,103
2019-10-31,19,41802.6,104
2019-10-31,20,41802.6,104
2019-10-31,21,40924.2,103
2019-10-31,22,38424.8,100
2019-10-31,23,36561.4,98
2019-11-01,0,36993.4,99
2019-11-01,1,36993.4,99
2019-11-01,2,38856.8,101
2019-11-01,3,40043.6,102
2019-11-01,4,47620.6,106
2019-11-01,5,48773.4,107
2019-11-01,6,48773.4,107
2019-11-01,7,47921.2,106
2019-11-01,8,47921.2,106
2019-11-01,9,43912.8,105
2019-11-01,10,39799.5,101
2019-11-01,11,35777.5,97
2019-11-01,12,32933.4,92
2019-11-01,13,30956.1,90
2019-11-01,14,31171.7,93
2019-11-01,15,29984.9,92
2019-11-01,16,31950.3,95
2019-11-01,17,37197.6,99
2019-11-01,18,39274.2,101
2019-11-01,19,39274.2,101
2019-11-01,20,39274.2,101
2019-11-01,21,38612.7,100
2019-11-01,22,36520.3,98
2019-11-01,23,36422.3,95
2019-11-02,0,32225.5,92
2019-11-02,1,30424.9,90
2019-11-02,2,29355.3,90
2019-11-02,3,29505.3,91
2019-11-02,4,32304.6,95
2019-11-02,5,34978.2,97
2019-11-02,6,38424.3,100
2019-11-02,7,38424.3,100
2019-11-02,8,38424.3,100
2019-11-02,9,38424.3,100
2019-11-02,10,35689.3,98
2019-11-02,11,33265.9,96
2019-11-02,12,31798.4,94
2019-11-02,13,29996.8,92
2019-11-02,14,28979.0,90
2019-11-02,15,29144.6,91
2019-11-02,16,30866.9,93
2019-11-02,17,34682.5,96
2019-11-02,18,35371.9,97
2019-11-02,19,35371.9,97
2019-11-02,20,35371.9,97
2019-11-02,21,35371.9,97
2019-11-02,22,32423.7,95
2019-11-02,23,31888.2,94
2019-11-03,0,31888.2,94
2019-11-03,1,31677.7,94
2019-11-03,2,31677.7,94
2019-11-03,3,33473.1,95
2019-11-03,4,34219.1,96
2019-11-03,5,37222.7,98
2019-11-03,6,36749.3,98
2019-11-03,7,36749.3,98
2019-11-03,8,36749.3,98
2019-11-03,9,36063.8,96
2019-11-03,10,33015.6,94
2019-11-03,11,30432.9,91
2019-11-03,12,28582.1,90
2019-11-03,13,27289.1,88
2019-11-03,14,25879.1,86
2019-11-03,15,25879.1,86
2019-11-03,16,28582.1,90
2019-11-03,17,31856.5,94
2019-11-03,18,37074.2,98
2019-11-03,19,36038.2,97
2019-11-03,20,34885.4,96
2019-11-03,21,32554.5,94
2019-11-03,22,28948.9,91
2019-11-03,23,26631.4,86
2019-11-04,0,25050.8,84
2019-11-04,1,23709.8,82
2019-11-04,2,24859.9,85
2019-11-04,3,27404.1,88
2019-11-04,4,29481.5,91
2019-11-04,5,34504.1,96
2019-11-04,6,36690.3,99
2019-11-04,7,36690.3,99
2019-11-04,8,36690.3,99
2019-11-04,9,36690.3,99
2019-11-04,10,35215.2,97
2019-11-04,11,34062.4,96
2019-11-04,12,33630.4,95
2019-11-04,13,32227.6,93
2019-11-04,14,33195.1,95
2019-11-04,15,33908.5,96
2019-11-04,16,36619.7,99
2019-11-04,17,40609.5,102
2019-11-04,18,40097.3,102
2019-11-04,19,40097.3,102
2019-11-04,20,40097.3,102
2019-11-04,21,37256.9,98
2019-11-04,22,33611.7,93
2019-11-04,23,28287.5,89
2019-11-05,0,28437.5,90
2019-11-05,1,26800.1,88
2019-11-05,2,27732.1,89
2019-11-05,3,28884.9,90
2019-11-05,4,29920.9,91
2019-11-05,5,35076.3,97
2019-11-05,6,35928.5,98
2019-11-05,7,37278.1,100
2019-11-05,8,38024.1,101
2019-11-05,9,38024.1,101
2019-11-05,10,36871.3,100
2019-11-05,11,36871.3,100
2019-11-05,12,36721.3,99
2019-11-05,13,35797.5,98
2019-11-05,14,35797.5,98
2019-11-05,15,35797.5,98
2019-11-05,16,37785.9,101
2019-11-05,17,41779.5,105
2019-11-05,18,42080.1,105
2019-11-05,19,42080.1,105
2019-11-05,20,42080.1,105
2019-11-05,21,40598.8,103
2019-11-05,22,37197.6,99
2019-11-05,23,33939.3,96
2019-11-06,0,30490.9,93
2019-11-06,1,30490.9,93
2019-11-06,2,29266.0,91
2019-11-06,3,29266.0,91
2019-11-06,4,29955.4,92
2019-11-06,5,34685.3,97
2019-11-06,6,35537.5,98
2019-11-06,7,36461.3,99
2019-11-06,8,36461.3,99
2019-11-06,9,36461.3,99
2019-11-06,10,36461.3,99
2019-11-06,11,36295.7,98
2019-11-06,12,34500.3,97
2019-11-06,13,33426.5,95
2019-11-06,14,33426.5,95
2019-11-06,15,33592.1,96
2019-11-06,16,34312.1,98
2019-11-06,17,37031.3,100
2019-11-06,18,39918.1,102
2019-11-06,19,39918.1,102
2019-11-06,20,38765.3,101
2019-11-06,21,36107.5,99
2019-11-06,22,32113.1,95
2019-11-06,23,28582.1,90
2019-11-07,0,26161.9,87
2019-11-07,1,24476.9,85
2019-11-07,2,26380.1,87
2019-11-07,3,26975.1,88
2019-11-07,4,29303.6,91
2019-11-07,5,33032.3,95
2019-11-07,6,36035.9,97
2019-11-07,7,36035.9,97
2019-11-07,8,34235.2,94
2019-11-07,9,34883.1,96
2019-11-07,10,34883.1,96
2019-11-07,11,34883.1,96
2019-11-07,12,34883.1,96
2019-11-07,13,34193.7,95
2019-11-07,14,34193.7,95
2019-11-07,15,34043.7,94
2019-11-07,16,35276.1,95
2019-11-07,17,38270.1,99
2019-11-07,18,38270.1,99
2019-11-07,19,36536.1,98
2019-11-07,20,36536.1,98
2019-11-07,21,33121.4,94
2019-11-07,22,29624.0,89
2019-11-07,23,26914.2,85
2019-11-08,0,25372.8,84
2019-11-08,1,25372.8,84
2019-11-08,2,26641.7,86
2019-11-08,3,28051.7,88
2019-11-08,4,30065.5,90
2019-11-08,5,35566.5,96
2019-11-08,6,38965.9,99
2019-11-08,7,38965.9,99
2019-11-08,8,40999.0,102
2019-11-08,9,40999.0,102
2019-11-08,10,41922.8,103
2019-11-08,11,41922.8,103
2019-11-08,12,40188.8,102
2019-11-08,13,38535.8,100
2019-11-08,14,39388.0,101
2019-11-08,15,37537.2,100
2019-11-08,16,39190.2,102
2019-11-08,17,42576.4,105
2019-11-08,18,42576.4,105
2019-11-08,19,43379.6,106
2019-11-08,20,43379.6,106
2019-11-08,21,41574.4,103
2019-11-08,22,40650.6,102
2019-11-08,23,38227.2,100
2019-11-09,0,37977.0,100
2019-11-09,1,35519.9,97
2019-11-09,2,34605.3,96
2019-11-09,3,35318.7,97
2019-11-09,4,36258.3,98
2019-11-09,5,38096.7,100
2019-11-09,6,39830.7,101
2019-11-09,7,39830.7,101
2019-11-09,8,40262.7,102
2019-11-09,9,40262.7,102
2019-11-09,10,37091.2,99
2019-11-09,11,34563.4,96
2019-11-09,12,32768.0,95
2019-11-09,13,30763.0,93
2019-11-09,14,31380.3,93
2019-11-09,15,30516.9,91
2019-11-09,16,32455.2,94
2019-11-09,17,35672.3,97
2019-11-09,18,37009.1,99
2019-11-09,19,37009.1,99
2019-11-09,20,36263.1,98
2019-11-09,21,35339.3,97
2019-11-09,22,33473.1,95
2019-11-09,23,34590.6,96
2019-11-10,0,32795.2,95
2019-11-10,1,29608.3,91
2019-11-10,2,29608.3,91
2019-11-10,3,29608.3,91
2019-11-10,4,31403.7,92
2019-11-10,5,32439.7,93
2019-11-10,6,34338.5,95
2019-11-10,7,34338.5,95
2019-11-10,8,34338.5,95
2019-11-10,9,34338.5,95
2019-11-10,10,30060.7,91
2019-11-10,11,28907.9,90
2019-11-10,12,27289.1,88
2019-11-10,13,27289.1,88
2019-11-10,14,26324.1,86
2019-11-10,15,26324.1,86
2019-11-10,16,29080.0,91
2019-11-10,17,31414.8,94
2019-11-10,18,35302.6,97
2019-11-10,19,35302.6,97
2019-11-10,20,35302.6,97
2019-11-10,21,30418.8,92
2019-11-10,22,26543.1,87
2019-11-10,23,22702.9,82
2019-11-11,0,21129.1,79
2019-11-11,1,20133.1,76
2019-11-11,2,19616.1,75
2019-11-11,3,19466.1,74
2019-11-11,4,22908.5,81
2019-11-11,5,29369.5,91
2019-11-11,6,33601.9,95
2019-11-11,7,35037.3,97
2019-11-11,8,35037.3,97
2019-11-11,9,36224.1,98
2019-11-11,10,38287.1,101
2019-11-11,11,37134.3,100
2019-11-11,12,39363.7,102
2019-11-11,13,39363.7,102
2019-11-11,14,42021.5,104
2019-11-11,15,43174.3,105
2019-11-11,16,47059.8,109
2019-11-11,17,48616.3,111
2019-11-11,18,48616.3,111
2019-11-11,19,48616.3,111
2019-11-11,20,48616.3,111
2019-11-11,21,45293.0,107
2019-11-11,22,40508.7,101
2019-11-11,23,40508.7,101
2019-11-12,0,40508.7,101
2019-11-12,1,38713.2,97
2019-11-12,2,38883.6,98
2019-11-12,3,41881.9,103
2019-11-12,4,43057.3,104
2019-11-12,5,51950.2,109
2019-11-12,6,54019.6,110
2019-11-12,7,54185.2,111
2019-11-12,8,54185.2,111
2019-11-12,9,54185.2,111
2019-11-12,10,52198.200000000004,110
2019-11-12,11,51536.700000000004,109
2019-11-12,12,49685.9,108
2019-11-12,13,44799.1,106
2019-11-12,14,42150.5,104
2019-11-12,15,44001.3,105
2019-11-12,16,50144.4,108
2019-11-12,17,52887.7,111
2019-11-12,18,54773.1,113
2019-11-12,19,54773.1,113
2019-11-12,20,54773.1,113
2019-11-12,21,54773.1,113
2019-11-12,22,53091.5,111
2019-11-12,23,49187.2,107
2019-11-13,0,49187.2,107
2019-11-13,1,49187.2,107
2019-11-13,2,49187.2,107
2019-11-13,3,49187.2,107
2019-11-13,4,51799.6,109
2019-11-13,5,53667.6,111
2019-11-13,6,54519.8,112
2019-11-13,7,54338.1,111
2019-11-13,8,53159.5,110
2019-11-13,9,52651.8,110
2019-11-13,10,45605.8,107
2019-11-13,11,44691.2,106
2019-11-13,12,42328.3,102
2019-11-13,13,40776.0,102
2019-11-13,14,39300.9,100
2019-11-13,15,39450.9,101
2019-11-13,16,42250.6,105
2019-11-13,17,48109.8,107
2019-11-13,18,50996.6,109
2019-11-13,19,49145.8,108
2019-11-13,20,49145.8,108
2019-11-13,21,49145.8,108
2019-11-13,22,49145.8,108
2019-11-13,23,49288.4,108
2019-11-14,0,43546.0,106
2019-11-14,1,40746.0,103
2019-11-14,2,40056.6,102
2019-11-14,3,41685.6,104
2019-11-14,4,44334.2,106
2019-11-14,5,47763.4,107
2019-11-14,6,47763.4,107
2019-11-14,7,47763.4,107
2019-11-14,8,47763.4,107
2019-11-14,9,45096.9,104
2019-11-14,10,40173.9,102
2019-11-14,11,39837.9,100
2019-11-14,12,38103.9,99
2019-11-14,13,36984.9,96
2019-11-14,14,34431.3,95
2019-11-14,15,34431.3,95
2019-11-14,16,36956.1,98
2019-11-14,17,41965.7,105
2019-11-14,18,45934.7,108
2019-11-14,19,45934.7,108
2019-11-14,20,45934.7,108
2019-11-14,21,45256.6,107
2019-11-14,22,43575.0,105
2019-11-14,23,40744.1,101
2019-11-15,0,39811.1,101
2019-11-15,1,40346.6,102
2019-11-15,2,40355.8,102
2019-11-15,3,41295.4,103
2019-11-15,4,44747.2,106
2019-11-15,5,50374.4,109
2019-11-15,6,51226.6,110
2019-11-15,7,51226.6,110
2019-11-15,8,51226.6,110
2019-11-15,9,48572.6,108
2019-11-15,10,43482.0,106
2019-11-15,11,40146.9,103
2019-11-15,12,36937.5,99
2019-11-15,13,33739.3,96
2019-11-15,14,33568.9,95
2019-11-15,15,32586.5,95
2019-11-15,16,35784.7,98
2019-11-15,17,38800.9,101
2019-11-15,18,39715.5,102
2019-11-15,19,39715.5,102
2019-11-15,20,39715.5,102
2019-11-15,21,39545.1,101
2019-11-15,22,38562.7,101
2019-11-15,23,38037.4,101
2019-11-16,0,37507.8,101
2019-11-16,1,37507.8,101
2019-11-16,2,39600.2,103
2019-11-16,3,40278.3,104
2019-11-16,4,42012.3,105
2019-11-16,5,45342.6,105
2019-11-16,6,45342.6,105
2019-11-16,7,47193.4,106
2019-11-16,8,47193.4,106
2019-11-16,9,45342.6,105
2019-11-16,10,40672.7,103
2019-11-16,11,38024.1,101
2019-11-16,12,33814.7,95
2019-11-16,13,31079.7,93
2019-11-16,14,27828.3,88
2019-11-16,15,27828.3,88
2019-11-16,16,30751.8,92
2019-11-16,17,34100.0,96
2019-11-16,18,37614.1,100
2019-11-16,19,37614.1,100
2019-11-16,20,37614.1,100
2019-11-16,21,35961.1,98
2019-11-16,22,33947.3,96
2019-11-16,23,34808.3,97
2019-11-17,0,32323.5,95
2019-11-17,1,32323.5,95
2019-11-17,2,33012.9,96
2019-11-17,3,34808.3,97
2019-11-17,4,35747.9,98
2019-11-17,5,38184.1,101
2019-11-17,6,38184.1,101
2019-11-17,7,41494.2,104
2019-11-17,8,41494.2,104
2019-11-17,9,39760.2,103
2019-11-17,10,38184.1,101
2019-11-17,11,32851.1,94
2019-11-17,12,31841.3,91
2019-11-17,13,28071.2,87
2019-11-17,14,27485.1,89
2019-11-17,15,27485.1,89
2019-11-17,16,31553.6,94
2019-11-17,17,37084.5,100
2019-11-17,18,38938.7,102
2019-11-17,19,39616.8,103
2019-11-17,20,39616.8,103
2019-11-17,21,38938.7,102
2019-11-17,22,38024.1,101
2019-11-17,23,37100.3,100
2019-11-18,0,34365.3,98
2019-11-18,1,33651.9,97
2019-11-18,2,33116.4,96
2019-11-18,3,33116.4,96
2019-11-18,4,35447.3,98
2019-11-18,5,41242.7,104
2019-11-18,6,43789.6,107
2019-11-18,7,43789.6,107
2019-11-18,8,43789.6,107
2019-11-18,9,42986.4,106
2019-11-18,10,38938.7,102
2019-11-18,11,37301.5,100
2019-11-18,12,34591.5,98
2019-11-18,13,33651.9,97
2019-11-18,14,33154.0,96
2019-11-18,15,35304.9,99
2019-11-18,16,38024.1,101
2019-11-18,17,40682.4,104
2019-11-18,18,41930.5,106
2019-11-18,19,41930.5,106
2019-11-18,20,41930.5,106
2019-11-18,21,40337.8,104
2019-11-18,22,38024.1,101
2019-11-18,23,35308.5,98
2019-11-19,0,33513.1,97
2019-11-19,1,30900.9,94
2019-11-19,2,31646.9,95
2019-11-19,3,32799.7,96
2019-11-19,4,34595.1,97
2019-11-19,5,39937.3,102
2019-11-19,6,41168.8,104
2019-11-19,7,41168.8,104
2019-11-19,8,41168.8,104
2019-11-19,9,41168.8,104
2019-11-19,10,38612.7,100
2019-11-19,11,37601.5,99
2019-11-19,12,35215.2,97
2019-11-19,13,33419.8,96
2019-11-19,14,32117.0,94
2019-11-19,15,31262.0,92
2019-11-19,16,31803.8,94
2019-11-19,17,35537.5,98
2019-11-19,18,36690.3,99
2019-11-19,19,36690.3,99
2019-11-19,20,36690.3,99
2019-11-19,21,32017.0,94
2019-11-19,22,27211.3,87
2019-11-19,23,22326.0,81
2019-11-20,0,21409.3,76
2019-11-20,1,20084.5,74
2019-11-20,2,20084.5,74
2019-11-20,3,21225.0,77
2019-11-20,4,21225.0,77
2019-11-20,5,28834.4,88
2019-11-20,6,31004.5,89
2019-11-20,7,29968.5,88
2019-11-20,8,32263.6,92
2019-11-20,9,32678.2,94
2019-11-20,10,31525.4,93
2019-11-20,11,30585.8,92
2019-11-20,12,30420.2,91
2019-11-20,13,30852.2,92
2019-11-20,14,30852.2,92
2019-11-20,15,30702.2,91
2019-11-20,16,32889.4,95
2019-11-20,17,34311.1,97
2019-11-20,18,36045.1,98
2019-11-20,19,36045.1,98
2019-11-20,20,35298.3,97
2019-11-20,21,32852.9,93
2019-11-20,22,30136.4,90
2019-11-20,23,24882.4,83
2019-11-21,0,22068.9,77
2019-11-21,1,20084.5,74
2019-11-21,2,19801.3,73
2019-11-21,3,22000.9,80
2019-11-21,4,23429.3,82
2019-11-21,5,28235.6,89
2019-11-21,6,30035.7,92
2019-11-21,7,31907.3,94
2019-11-21,8,33052.7,96
2019-11-21,9,33742.1,97
2019-11-21,10,33576.5,96
2019-11-21,11,33576.5,96
2019-11-21,12,33576.5,96
2019-11-21,13,33406.1,95
2019-11-21,14,33406.1,95
2019-11-21,15,33224.4,94
2019-11-21,16,36116.1,97
2019-11-21,17,37945.9,101
2019-11-21,18,40832.7,103
2019-11-21,19,40832.7,103
2019-11-21,20,38666.7,101
2019-11-21,21,37727.1,100
2019-11-21,22,34437.9,97
2019-11-21,23,31235.7,93
2019-11-22,0,28994.7,91
2019-11-22,1,27783.4,89
2019-11-22,2,26772.4,87
2019-11-22,3,25304.9,85
2019-11-22,4,25973.7,84
2019-11-22,5,30049.6,92
2019-11-22,6,33053.2,94
2019-11-22,7,34240.5,96
2019-11-22,8,36035.9,97
2019-11-22,9,36035.9,97
2019-11-22,10,36599.3,97
2019-11-22,11,36749.3,98
2019-11-22,12,36749.3,98
2019-11-22,13,36035.9,97
2019-11-22,14,35476.9,96
2019-11-22,15,36035.9,97
2019-11-22,16,38771.1,100
2019-11-22,17,43005.0,104
2019-11-22,18,43575.0,105
2019-11-22,19,43575.0,105
2019-11-22,20,43575.0,105
2019-11-22,21,41989.7,103
2019-11-22,22,38339.1,99
2019-11-22,23,35627.9,96
2019-11-23,0,36196.9,96
2019-11-23,1,33632.7,94
2019-11-23,2,33845.3,95
2019-11-23,3,33643.7,94
2019-11-23,4,34534.7,96
2019-11-23,5,36982.1,98
2019-11-23,6,38566.9,100
2019-11-23,7,40421.1,102
2019-11-23,8,42271.9,103
2019-11-23,9,42271.9,103
2019-11-23,10,39338.9,101
2019-11-23,11,37271.5,99
2019-11-23,12,35476.1,98
2019-11-23,13,31803.8,94
2019-11-23,14,30003.2,92
2019-11-23,15,29651.1,90
2019-11-23,16,32493.2,95
2019-11-23,17,37785.9,101
2019-11-23,18,38868.1,102
2019-11-23,19,41754.9,104
2019-11-23,20,41754.9,104
2019-11-23,21,41754.9,104
2019-11-23,22,40831.1,103
2019-11-23,23,39097.1,102
2019-11-24,0,38182.5,101
2019-11-24,1,35947.5,99
2019-11-24,2,35007.9,98
2019-11-24,3,35007.9,98
2019-11-24,4,34294.5,97
2019-11-24,5,36386.9,99
2019-11-24,6,38120.9,100
2019-11-24,7,38834.3,101
2019-11-24,8,38834.3,101
2019-11-24,9,38834.3,101
2019-11-24,10,36160.7,99
2019-11-24,11,34100.0,96
2019-11-24,12,31769.1,94
2019-11-24,13,30366.3,92
2019-11-24,14,29620.3,91
2019-11-24,15,27827.3,89
2019-11-24,16,29620.3,91
2019-11-24,17,33354.0,95
2019-11-24,18,35446.4,97
2019-11-24,19,35446.4,97
2019-11-24,20,35446.4,97
2019-11-24,21,33651.0,96
2019-11-24,22,30869.2,93
2019-11-24,23,28374.7,89
2019-11-25,0,25587.7,85
2019-11-25,1,24735.5,84
2019-11-25,2,23874.5,83
2019-11-25,3,23874.5,83
2019-11-25,4,25948.1,86
2019-11-25,5,29675.4,90
2019-11-25,6,32621.2,93
2019-11-25,7,33766.6,95
2019-11-25,8,33766.6,95
2019-11-25,9,33766.6,95
2019-11-25,10,32613.8,94
2019-11-25,11,31774.9,93
2019-11-25,12,31774.9,93
2019-11-25,13,31624.9,92
2019-11-25,14,32310.4,94
2019-11-25,15,32310.4,94
2019-11-25,16,35293.1,97
2019-11-25,17,39354.5,102
2019-11-25,18,40016.0,103
2019-11-25,19,40016.0,103
2019-11-25,20,40016.0,103
2019-11-25,21,36946.1,99
2019-11-25,22,34211.1,97
2019-11-25,23,30328.9,93
2019-11-26,0,28742.8,91
2019-11-26,1,22776.0,82
2019-11-26,2,22326.0,81
2019-11-26,3,21789.6,80
2019-11-26,4,23887.0,83
2019-11-26,5,25605.9,86
2019-11-26,6,27610.9,88
2019-11-26,7,30690.6,92
2019-11-26,8,32336.0,94
2019-11-26,9,33052.7,96
2019-11-26,10,33052.7,96
2019-11-26,11,32737.1,94
2019-11-26,12,32902.7,95
2019-11-26,13,33115.9,95
2019-11-26,14,34180.5,97
2019-11-26,15,35809.5,99
2019-11-26,16,38266.4,101
2019-11-26,17,38266.4,101
2019-11-26,18,38266.4,101
2019-11-26,19,37113.6,100
2019-11-26,20,36199.0,99
2019-11-26,21,33742.1,97
2019-11-26,22,31020.4,93
2019-11-26,23,32023.2,93
2019-11-27,0,32023.2,93
2019-11-27,1,28307.5,87
2019-11-27,2,28307.5,87
2019-11-27,3,28307.5,87
2019-11-27,4,27325.1,87
2019-11-27,5,30071.9,90
2019-11-27,6,31224.7,91
2019-11-27,7,33231.1,94
2019-11-27,8,34706.2,96
2019-11-27,9,34706.2,96
2019-11-27,10,33553.4,95
2019-11-27,11,33553.4,95
2019-11-27,12,30386.4,90
2019-11-27,13,30386.4,90
2019-11-27,14,30386.4,90
2019-11-27,15,31681.8,93
2019-11-27,16,33801.1,96
2019-11-27,17,37330.5,98
2019-11-27,18,37330.5,98
2019-11-27,19,36749.3,98
2019-11-27,20,36749.3,98
2019-11-27,21,32181.8,93
2019-11-27,22,30161.6,91
2019-11-27,23,27775.2,86
2019-11-28,0,26883.2,85
2019-11-28,1,25032.4,84
2019-11-28,2,25924.4,85
2019-11-28,3,25924.4,85
2019-11-28,4,28150.1,89
2019-11-28,5,30864.2,93
2019-11-28,6,32706.4,95
2019-11-28,7,35976.9,98
2019-11-28,8,38634.7,100
2019-11-28,9,39348.1,101
2019-11-28,10,39348.1,101
2019-11-28,11,38195.3,100
2019-11-28,12,35902.0,98
2019-11-28,13,33632.5,96
2019-11-28,14,31769.1,94
2019-11-28,15,30929.7,92
2019-11-28,16,32708.7,95
2019-11-28,17,35954.2,98
2019-11-28,18,38266.4,101
2019-11-28,19,38266.4,101
2019-11-28,20,38266.4,101
2019-11-28,21,37351.8,100
2019-11-28,22,36690.3,99
2019-11-28,23,33884.5,96
2019-11-29,0,31399.7,94
2019-11-29,1,30864.2,93
2019-11-29,2,30366.3,92
2019-11-29,3,31364.9,92
2019-11-29,4,31900.4,93
2019-11-29,5,33695.8,94
2019-11-29,6,34848.6,95
2019-11-29,7,34848.6,95
2019-11-29,8,35562.0,96
2019-11-29,9,35562.0,96
2019-11-29,10,34074.1,93
2019-11-29,11,34409.2,95
2019-11-29,12,32613.8,94
2019-11-29,13,31681.8,93
2019-11-29,14,30255.6,89
2019-11-29,15,30802.4,90
2019-11-29,16,31361.4,91
2019-11-29,17,32293.4,92
2019-11-29,18,33553.4,95
2019-11-29,19,33553.4,95
2019-11-29,20,31702.6,94
2019-11-29,21,29617.6,91
2019-11-29,22,26466.9,87
2019-11-29,23,24463.4,82
2019-11-30,0,23862.3,79
2019-11-30,1,20872.9,75
2019-11-30,2,20872.9,75
2019-11-30,3,21469.2,78
2019-11-30,4,21639.6,79
2019-11-30,5,22702.9,82
2019-11-30,6,24409.9,84
2019-11-30,7,26315.9,87
2019-11-30,8,30181.0,91
2019-11-30,9,32376.2,95
2019-11-30,10,32376.2,95
2019-11-30,11,31452.4,94
2019-11-30,12,35838.1,98
2019-11-30,13,35838.1,98
2019-11-30,14,34187.4,96
2019-11-30,15,34187.4,96
2019-11-30,16,34021.8,95
2019-11-30,17,34187.4,96
2019-11-30,18,35609.1,98
2019-11-30,19,35609.1,98
2019-11-30,20,35609.1,98
2019-11-30,21,33865.1,95
2019-11-30,22,32069.7,94
2019-11-30,23,30053.5,91
2019-12-01,0,28965.3,90
2019-12-01,1,26668.9,87
2019-12-01,2,26818.9,88
2019-12-01,3,27907.1,89
2019-12-01,4,28768.1,90
2019-12-01,5,29920.9,91
2019-12-01,6,31771.7,92
2019-12-01,7,32583.6,93
2019-12-01,8,32583.6,93
2019-12-01,9,32583.6,93
2019-12-01,10,32583.6,93
2019-12-01,11,31651.6,92
2019-12-01,12,29650.8,90
2019-12-01,13,28530.9,89
2019-12-01,14,28712.6,90
2019-12-01,15,28498.0,89
2019-12-01,16,31950.3,95
2019-12-01,17,37673.1,99
2019-12-01,18,40609.5,102
2019-12-01,19,40609.5,102
2019-12-01,20,40609.5,102
2019-12-01,21,40609.5,102
2019-12-01,22,38771.1,100
2019-12-01,23,37831.5,99
2019-12-02,0,37222.9,99
2019-12-02,1,33857.9,96
2019-12-02,2,35452.3,96
2019-12-02,3,37303.1,97
2019-12-02,4,38418.7,99
2019-12-02,5,45243.3,102
2019-12-02,6,46474.8,104
2019-12-02,7,46474.8,104
2019-12-02,8,46474.8,104
2019-12-02,9,46245.3,104
2019-12-02,10,44511.3,103
2019-12-02,11,40272.9,102
2019-12-02,12,38422.1,101
2019-12-02,13,34869.9,98
2019-12-02,14,33241.9,96
2019-12-02,15,33241.9,96
2019-12-02,16,36674.5,99
2019-12-02,17,41065.9,103
2019-12-02,18,43175.8,106
2019-12-02,19,43175.8,106
2019-12-02,20,43175.8,106
2019-12-02,21,42147.4,104
2019-12-02,22,40009.6,102
2019-12-02,23,36461.3,99
2019-12-03,0,33963.1,96
2019-12-03,1,33963.1,96
2019-12-03,2,34676.5,97
2019-12-03,3,36461.3,99
2019-12-03,4,39464.9,101
2019-12-03,5,44355.1,102
2019-12-03,6,45931.2,104
2019-12-03,7,45931.2,104
2019-12-03,8,45931.2,104
2019-12-03,9,45269.7,103
2019-12-03,10,39527.3,101
2019-12-03,11,36022.4,97
2019-12-03,12,34409.2,95
2019-12-03,13,32078.3,93
2019-12-03,14,30644.2,89
2019-12-03,15,30825.9,90
2019-12-03,16,32767.7,94
2019-12-03,17,38784.5,101
2019-12-03,18,41168.8,104
2019-12-03,19,41168.8,104
2019-12-03,20,41168.8,104
2019-12-03,21,41168.8,104
2019-12-03,22,39022.7,101
2019-12-03,23,37159.3,99
2019-12-04,0,35781.9,98
2019-12-04,1,34693.7,97
2019-12-04,2,34629.1,97
2019-12-04,3,34629.1,97
2019-12-04,4,38728.7,101
2019-12-04,5,44248.0,106
2019-12-04,6,46241.1,108
2019-12-04,7,46919.2,109
2019-12-04,8,47505.3,110
2019-12-04,9,44976.4,108
2019-12-04,10,41515.4,105
2019-12-04,11,38923.6,102
2019-12-04,12,37075.3,100
2019-12-04,13,35447.3,98
2019-12-04,14,35276.9,97
2019-12-04,15,35276.9,97
2019-12-04,16,37310.7,100
2019-12-04,17,40170.2,104
2019-12-04,18,41904.2,105
2019-12-04,19,41904.2,105
2019-12-04,20,41334.2,104
2019-12-04,21,39600.2,103
2019-12-04,22,36871.3,100
2019-12-04,23,32669.4,93
2019-12-05,0,30874.0,92
2019-12-05,1,27219.0,86
2019-12-05,2,27721.1,89
2019-12-05,3,28653.1,90
2019-12-05,4,30916.9,93
2019-12-05,5,36520.3,98
2019-12-05,6,38612.7,100
2019-12-05,7,38612.7,100
2019-12-05,8,38612.7,100
2019-12-05,9,37459.9,99
2019-12-05,10,35514.5,97
2019-12-05,11,33507.6,95
2019-12-05,12,33390.8,95
2019-12-05,13,33390.8,95
2019-12-05,14,31491.2,93
2019-12-05,15,31491.2,93
2019-12-05,16,31491.2,93
2019-12-05,17,34809.5,96
2019-12-05,18,36770.5,98
2019-12-05,19,36770.5,98
2019-12-05,20,37923.3,99
2019-12-05,21,35524.4,96
2019-12-05,22,32520.8,94
2019-12-05,23,30725.4,93
2019-12-06,0,29862.0,91
2019-12-06,1,26393.1,86
2019-12-06,2,26041.0,84
2019-12-06,3,26041.0,84
2019-12-06,4,26975.1,88
2019-12-06,5,31452.4,94
2019-12-06,6,33457.4,96
2019-12-06,7,33457.4,96
2019-12-06,8,34247.0,96
2019-12-06,9,34247.0,96
2019-12-06,10,34397.0,97
2019-12-06,11,32768.0,95
2019-12-06,12,32768.0,95
2019-12-06,13,31904.6,93
2019-12-06,14,31302.2,91
2019-12-06,15,31302.2,91
2019-12-06,16,33955.3,97
2019-12-06,17,38184.1,101
2019-12-06,18,40180.9,103
2019-12-06,19,40180.9,103
2019-12-06,20,40180.9,103
2019-12-06,21,38174.9,101
2019-12-06,22,36690.3,99
2019-12-06,23,33915.9,95
2019-12-07,0,33476.5,95
2019-12-07,1,33476.5,95
2019-12-07,2,31681.1,94
2019-12-07,3,32370.5,95
2019-12-07,4,33523.3,96
2019-12-07,5,36400.9,98
2019-12-07,6,38134.9,99
2019-12-07,7,40168.0,102
2019-12-07,8,40168.0,102
2019-12-07,9,40168.0,102
2019-12-07,10,39506.5,101
2019-12-07,11,36690.3,99
2019-12-07,12,34894.9,98
2019-12-07,13,33241.9,96
2019-12-07,14,31591.2,94
2019-12-07,15,31270.8,92
2019-12-07,16,34266.2,95
2019-12-07,17,36370.3,97
2019-12-07,18,38612.7,100
2019-12-07,19,38612.7,100
2019-12-07,20,37673.1,99
2019-12-07,21,36749.3,98
2019-12-07,22,37777.4,97
2019-12-07,23,33410.3,94
2019-12-08,0,32650.9,94
2019-12-08,1,30053.5,91
2019-12-08,2,28332.7,88
2019-12-08,3,28503.1,89
2019-12-08,4,28503.1,89
2019-12-08,5,29752.0,91
2019-12-08,6,30568.8,90
2019-12-08,7,32403.5,91
2019-12-08,8,31336.3,90
2019-12-08,9,31506.7,91
2019-12-08,10,33081.1,93
2019-12-08,11,29911.9,90
2019-12-08,12,29911.9,90
2019-12-08,13,28017.5,87
2019-12-08,14,27233.4,84
2019-12-08,15,27233.4,84
2019-12-08,16,30008.5,91
2019-12-08,17,33658.7,95
2019-12-08,18,36536.1,98
2019-12-08,19,37688.9,99
2019-12-08,20,37688.9,99
2019-12-08,21,34187.4,96
2019-12-08,22,30484.9,92
2019-12-08,23,25571.2,85
2019-12-09,0,23165.9,80
2019-12-09,1,21469.2,78
2019-12-09,2,21057.7,78
2019-12-09,3,22738.1,80
2019-12-09,4,24259.9,83
2019-12-09,5,29651.5,91
2019-12-09,6,33285.5,95
2019-12-09,7,34181.5,97
2019-12-09,8,35105.3,98
2019-12-09,9,35818.7,99
2019-12-09,10,37614.1,100
2019-12-09,11,36461.3,99
2019-12-09,12,36461.3,99
2019-12-09,13,37031.3,100
2019-12-09,14,37031.3,100
2019-12-09,15,37031.3,100
2019-12-09,16,39410.6,103
2019-12-09,17,41241.5,105
2019-12-09,18,43092.3,106
2019-12-09,19,42240.1,105
2019-12-09,20,39745.7,100
2019-12-09,21,37688.9,99
2019-12-09,22,33808.5,95
2019-12-09,23,29666.7,89
2019-12-10,0,28920.4,85
2019-12-10,1,25316.1,80
2019-12-10,2,25316.1,80
2019-12-10,3,25923.3,81
2019-12-10,4,30490.5,90
2019-12-10,5,33387.9,93
2019-12-10,6,35477.3,95
2019-12-10,7,38382.3,99
2019-12-10,8,40581.1,102
2019-12-10,9,43300.3,104
2019-12-10,10,43300.3,104
2019-12-10,11,43300.3,104
2019-12-10,12,42586.9,103
2019-12-10,13,40852.9,102
2019-12-10,14,39770.9,102
2019-12-10,15,40432.4,103
2019-12-10,16,43961.8,105
2019-12-10,17,49052.4,107
2019-12-10,18,49622.4,108
2019-12-10,19,49622.4,108
2019-12-10,20,49190.4,107
2019-12-10,21,49190.4,107
2019-12-10,22,45182.0,106
2019-12-10,23,40075.0,101
2019-12-11,0,40075.0,101
2019-12-11,1,38700.0,99
2019-12-11,2,38901.0,100
2019-12-11,3,40897.8,102
2019-12-11,4,42391.6,104
2019-12-11,5,48250.8,106
2019-12-11,6,49190.4,107
2019-12-11,7,49190.4,107
2019-12-11,8,49190.4,107
2019-12-11,9,48108.7,106
2019-12-11,10,47026.5,105
2019-12-11,11,41831.3,103
2019-12-11,12,39053.3,100
2019-12-11,13,35596.5,97
2019-12-11,14,32576.2,94
2019-12-11,15,31862.8,93
2019-12-11,16,36536.1,98
2019-12-11,17,41035.6,99
2019-12-11,18,44846.2,102
2019-12-11,19,44846.2,102
2019-12-11,20,44355.1,102
2019-12-11,21,44355.1,102
2019-12-11,22,39193.9,100
2019-12-11,23,36924.4,98
2019-12-12,0,34212.3,92
2019-12-12,1,34626.9,94
2019-12-12,2,35129.0,97
2019-12-12,3,36281.8,98
2019-12-12,4,39415.9,101
2019-12-12,5,45361.2,107
2019-12-12,6,49369.6,108
2019-12-12,7,49369.6,108
2019-12-12,8,49369.6,108
2019-12-12,9,45361.2,107
2019-12-12,10,42430.2,104
2019-12-12,11,38324.4,99
2019-12-12,12,36247.8,97
2019-12-12,13,34286.8,95
2019-12-12,14,32436.0,94
2019-12-12,15,32436.0,94
2019-12-12,16,36260.4,98
2019-12-12,17,42006.0,105
2019-12-12,18,44037.2,107
2019-12-12,19,44037.2,107
2019-12-12,20,44037.2,107
2019-12-12,21,43467.2,106
2019-12-12,22,41113.7,103
2019-12-12,23,40437.4,104
2019-12-13,0,38642.0,103
2019-12-13,1,35990.5,100
2019-12-13,2,35990.5,100
2019-12-13,3,35990.5,100
2019-12-13,4,39519.9,102
2019-12-13,5,43988.2,106
2019-12-13,6,43988.2,106
2019-12-13,7,43988.2,106
2019-12-13,8,43988.2,106
2019-12-13,9,42835.4,105
2019-12-13,10,39266.8,102
2019-12-13,11,36331.9,98
2019-12-13,12,33311.6,95
2019-12-13,13,31577.6,94
2019-12-13,14,30645.6,93
2019-12-13,15,30104.5,90
2019-12-13,16,32517.2,95
2019-12-13,17,36736.0,98
2019-12-13,18,41344.9,103
2019-12-13,19,41344.9,103
2019-12-13,20,40809.4,102
2019-12-13,21,41344.9,103
2019-12-13,22,40421.1,102
2019-12-13,23,37772.5,100
2019-12-14,0,36619.7,99
2019-12-14,1,35537.5,98
2019-12-14,2,35259.4,98
2019-12-14,3,36341.6,99
2019-12-14,4,37281.2,100
2019-12-14,5,39939.0,102
2019-12-14,6,41091.8,103
2019-12-14,7,43379.6,106
2019-12-14,8,43379.6,106
2019-12-14,9,43379.6,106
2019-12-14,10,41000.3,103
2019-12-14,11,37614.1,100
2019-12-14,12,35747.9,98
2019-12-14,13,33884.5,96
2019-12-14,14,33349.0,95
2019-12-14,15,31553.6,94
2019-12-14,16,32802.5,96
2019-12-14,17,37375.9,100
2019-12-14,18,38528.7,101
2019-12-14,19,38528.7,101
2019-12-14,20,38528.7,101
2019-12-14,21,36665.3,99
2019-12-14,22,35512.5,98
2019-12-14,23,31681.1,94
2019-12-15,0,30967.7,93
2019-12-15,1,29580.0,91
2019-12-15,2,29580.0,91
2019-12-15,3,30269.4,92
2019-12-15,4,30269.4,92
2019-12-15,5,31991.7,94
2019-12-15,6,33144.5,95
2019-12-15,7,34878.5,96
2019-12-15,8,34878.5,96
2019-12-15,9,36023.9,98
2019-12-15,10,36023.9,98
2019-12-15,11,33137.1,96
2019-12-15,12,33137.1,96
2019-12-15,13,31493.7,92
2019-12-15,14,31912.2,94
2019-12-15,15,32447.7,95
2019-12-15,16,35238.1,97
2019-12-15,17,38374.5,100
2019-12-15,18,40188.8,102
2019-12-15,19,40188.8,102
2019-12-15,20,40188.8,102
2019-12-15,21,38155.7,99
2019-12-15,22,33977.2,94
2019-12-15,23,28363.0,90
2019-12-16,0,28213.0,89
2019-12-16,1,27499.6,88
2019-12-16,2,28535.6,89
2019-12-16,3,29183.5,91
2019-12-16,4,31657.1,94
2019-12-16,5,37445.1,99
2019-12-16,6,40102.9,101
2019-12-16,7,40102.9,101
2019-12-16,8,40534.9,102
2019-12-16,9,40534.9,102
2019-12-16,10,39611.1,101
2019-12-16,11,39611.1,101
2019-12-16,12,38458.3,100
2019-12-16,13,36662.9,99
2019-12-16,14,34938.8,96
2019-12-16,15,34938.8,96
2019-12-16,16,37574.1,99
2019-12-16,17,41885.2,103
2019-12-16,18,47046.4,105
2019-12-16,19,47118.0,105
2019-12-16,20,47688.0,106
2019-12-16,21,43679.6,105
2019-12-16,22,40672.6,102
2019-12-16,23,37365.0,98
2019-12-17,0,37380.4,98
2019-12-17,1,34597.6,96
2019-12-17,2,34073.8,96
2019-12-17,3,36480.9,99
2019-12-17,4,39637.9,102
2019-12-17,5,45925.7,107
2019-12-17,6,50612.2,109
2019-12-17,7,51464.4,110
2019-12-17,8,51464.4,110
2019-12-17,9,50786.3,109
2019-12-17,10,48935.5,108
2019-12-17,11,44927.1,107
2019-12-17,12,41223.7,103
2019-12-17,13,37824.3,100
2019-12-17,14,36349.2,98
2019-12-17,15,35635.8,97
2019-12-17,16,38054.7,100
2019-12-17,17,46831.1,106
2019-12-17,18,48681.9,107
2019-12-17,19,48681.9,107
2019-12-17,20,49485.1,108
2019-12-17,21,49485.1,108
2019-12-17,22,48681.9,107
2019-12-17,23,42822.7,105
2019-12-18,0,41677.3,103
2019-12-18,1,42338.8,104
2019-12-18,2,43052.2,105
2019-12-18,3,44566.4,107
2019-12-18,4,47169.6,110
2019-12-18,5,53706.9,113
2019-12-18,6,55700.0,115
2019-12-18,7,55700.0,115
2019-12-18,8,54896.8,114
2019-12-18,9,52854.7,112
2019-12-18,10,48846.3,111
2019-12-18,11,44165.2,107
2019-12-18,12,40669.3,103
2019-12-18,13,36465.5,99
2019-12-18,14,35525.9,98
2019-12-18,15,36678.7,99
2019-12-18,16,39675.0,102
2019-12-18,17,46341.2,105
2019-12-18,18,48226.6,107
2019-12-18,19,49675.0,109
2019-12-18,20,49675.0,109
2019-12-18,21,49675.0,109
2019-12-18,22,48592.8,108
2019-12-18,23,44584.4,107
2019-12-19,0,42850.4,106
2019-12-19,1,42850.4,106
2019-12-19,2,44715.3,108
2019-12-19,3,45797.5,109
2019-12-19,4,50981.3,111
2019-12-19,5,54559.4,112
2019-12-19,6,56284.8,114
2019-12-19,7,56284.8,114
2019-12-19,8,56284.8,114
2019-12-19,9,53227.1,112
2019-12-19,10,49104.2,109
2019-12-19,11,44217.4,107
2019-12-19,12,39754.5,103
2019-12-19,13,35286.6,98
2019-12-19,14,33160.2,96
2019-12-19,15,32994.6,95
2019-12-19,16,33835.6,96
2019-12-19,17,38944.5,101
2019-12-19,18,43296.0,105
2019-12-19,19,43296.0,105
2019-12-19,20,43296.0,105
2019-12-19,21,42381.4,104
2019-12-19,22,39053.3,100
2019-12-19,23,37106.1,99
2019-12-20,0,35750.1,98
2019-12-20,1,34240.5,96
2019-12-20,2,34240.5,96
2019-12-20,3,36975.5,98
2019-12-20,4,37890.1,99
2019-12-20,5,41779.4,103
2019-12-20,6,43706.0,106
2019-12-20,7,43706.0,106
2019-12-20,8,43706.0,106
2019-12-20,9,43706.0,106
2019-12-20,10,43706.0,106
2019-12-20,11,41326.7,103
2019-12-20,12,41326.7,103
2019-12-20,13,40387.1,102
2019-12-20,14,39234.3,101
2019-12-20,15,39234.3,101
2019-12-20,16,42553.2,105
2019-12-20,17,44788.2,107
2019-12-20,18,45466.3,108
2019-12-20,19,45466.3,108
2019-12-20,20,45466.3,108
2019-12-20,21,44788.2,107
2019-12-20,22,43864.4,106
2019-12-20,23,41327.2,104
2019-12-21,0,39726.1,102
2019-12-21,1,37491.1,100
2019-12-21,2,36166.5,98
2019-12-21,3,36166.5,98
2019-12-21,4,35734.5,97
2019-12-21,5,37826.9,99
2019-12-21,6,39182.7,101
2019-12-21,7,41998.9,103
2019-12-21,8,42913.5,104
2019-12-21,9,43575.0,105
2019-12-21,10,43575.0,105
2019-12-21,11,41075.1,102
2019-12-21,12,39992.9,101
2019-12-21,13,38258.9,100
2019-12-21,14,35180.1,97
2019-12-21,15,35180.1,97
2019-12-21,16,38813.9,100
2019-12-21,17,43415.0,105
2019-12-21,18,45466.3,108
2019-12-21,19,45466.3,108
2019-12-21,20,45466.3,108
2019-12-21,21,44896.3,107
2019-12-21,22,44218.2,106
2019-12-21,23,41822.7,104
2019-12-22,0,42674.9,105
2019-12-22,1,40824.1,104
2019-12-22,2,40682.4,104
2019-12-22,3,40682.4,104
2019-12-22,4,42416.4,105
2019-12-22,5,42986.4,106
2019-12-22,6,42986.4,106
2019-12-22,7,46994.8,107
2019-12-22,8,46055.2,106
2019-12-22,9,46055.2,106
2019-12-22,10,46055.2,106
2019-12-22,11,40394.6,103
2019-12-22,12,38809.3,101
2019-12-22,13,35007.9,98
2019-12-22,14,33605.1,96
2019-12-22,15,32962.5,96
2019-12-22,16,35447.3,98
2019-12-22,17,40672.7,103
2019-12-22,18,43789.6,107
2019-12-22,19,43789.6,107
2019-12-22,20,43789.6,107
2019-12-22,21,43789.6,107
2019-12-22,22,42137.4,105
2019-12-22,23,40561.3,103
2019-12-23,0,39074.5,102
2019-12-23,1,39074.5,102
2019-12-23,2,39074.5,102
2019-12-23,3,40584.1,104
2019-12-23,4,44011.0,107
2019-12-23,5,45771.2,108
2019-12-23,6,49779.6,109
2019-12-23,7,49779.6,109
2019-12-23,8,48901.2,108
2019-12-23,9,48901.2,108
2019-12-23,10,44892.8,107
2019-12-23,11,41674.2,104
2019-12-23,12,38487.2,100
2019-12-23,13,35768.0,98
2019-12-23,14,34828.4,97
2019-12-23,15,34476.3,95
2019-12-23,16,35363.9,98
2019-12-23,17,40598.8,103
2019-12-23,18,40598.8,103
2019-12-23,19,40598.8,103
2019-12-23,20,40598.8,103
2019-12-23,21,40598.8,103
2019-12-23,22,38531.4,101
2019-12-23,23,36240.9,98
2019-12-24,0,35242.3,98
2019-12-24,1,35242.3,98
2019-12-24,2,34528.9,97
2019-12-24,3,35931.7,99
2019-12-24,4,37532.8,101
2019-12-24,5,40419.6,103
2019-12-24,6,42782.6,106
2019-12-24,7,42782.6,106
2019-12-24,8,42782.6,106
2019-12-24,9,42782.6,106
2019-12-24,10,39884.1,102
2019-12-24,11,35641.1,97
2019-12-24,12,34717.3,96
2019-12-24,13,32232.5,94
2019-12-24,14,31519.1,93
2019-12-24,15,30366.3,92
2019-12-24,16,32304.6,95
2019-12-24,17,35039.6,97
2019-12-24,18,36192.4,98
2019-12-24,19,36192.4,98
2019-12-24,20,36192.4,98
2019-12-24,21,32921.9,95
2019-12-24,22,29434.3,91
2019-12-24,23,29645.6,89
2019-12-25,0,28909.5,90
2019-12-25,1,26032.9,86
2019-12-25,2,26032.9,86
2019-12-25,3,26955.5,86
2019-12-25,4,29364.1,90
2019-12-25,5,29364.1,90
2019-12-25,6,32367.7,92
2019-12-25,7,33081.1,93
2019-12-25,8,33081.1,93
2019-12-25,9,33081.1,93
2019-12-25,10,33081.1,93
2019-12-25,11,32078.3,93
2019-12-25,12,30227.5,92
2019-12-25,13,28434.5,90
2019-12-25,14,26694.1,87
2019-12-25,15,26544.1,86
2019-12-25,16,27289.1,88
2019-12-25,17,32534.4,94
2019-12-25,18,33971.9,96
2019-12-25,19,35124.7,97
2019-12-25,20,35124.7,97
2019-12-25,21,33329.3,96
2019-12-25,22,31430.5,94
2019-12-25,23,29955.4,92
2019-12-26,0,29266.0,91
2019-12-26,1,28230.0,90
2019-12-26,2,29382.8,91
2019-12-26,3,28594.4,90
2019-12-26,4,31164.8,93
2019-12-26,5,32960.2,94
2019-12-26,6,36690.3,99
2019-12-26,7,37100.3,100
2019-12-26,8,38014.9,101
2019-12-26,9,38014.9,101
2019-12-26,10,38014.9,101
2019-12-26,11,36361.9,99
2019-12-26,12,36361.9,99
2019-12-26,13,34566.5,98
2019-12-26,14,33877.1,97
2019-12-26,15,33877.1,97
2019-12-26,16,34566.5,98
2019-12-26,17,38584.9,102
2019-12-26,18,38584.9,102
2019-12-26,19,38584.9,102
2019-12-26,20,38584.9,102
2019-12-26,21,36160.7,99
2019-12-26,22,33419.9,95
2019-12-26,23,29369.5,91
2019-12-27,0,28281.3,90
2019-12-27,1,26315.9,87
2019-12-27,2,26315.9,87
2019-12-27,3,27404.1,88
2019-12-27,4,27836.1,89
2019-12-27,5,29481.5,91
2019-12-27,6,31821.1,93
2019-12-27,7,33102.6,95
2019-12-27,8,31949.8,94
2019-12-27,9,31949.8,94
2019-12-27,10,31949.8,94
2019-12-27,11,30852.2,92
2019-12-27,12,29884.7,90
2019-12-27,13,27904.5,88
2019-12-27,14,27191.1,87
2019-12-27,15,27191.1,87
2019-12-27,16,29336.9,90
2019-12-27,17,32833.1,93
2019-12-27,18,31646.3,92
2019-12-27,19,32799.1,93
2019-12-27,20,32799.1,93
2019-12-27,21,29224.8,88
2019-12-27,22,28072.0,87
2019-12-27,23,24779.4,82
2019-12-28,0,23067.6,80
2019-12-28,1,20766.7,76
2019-12-28,2,20766.7,76
2019-12-28,3,19796.6,74
2019-12-28,4,19796.6,74
2019-12-28,5,20585.0,75
2019-12-28,6,21908.2,77
2019-12-28,7,24271.7,82
2019-12-28,8,29665.2,89
2019-12-28,9,29343.4,91
2019-12-28,10,30283.0,92
2019-12-28,11,30283.0,92
2019-12-28,12,29868.4,90
2019-12-28,13,31021.2,91
2019-12-28,14,30081.6,90
2019-12-28,15,30866.1,92
2019-12-28,16,30866.1,92
2019-12-28,17,31784.7,94
2019-12-28,18,33580.1,95
2019-12-28,19,33580.1,95
2019-12-28,20,33580.1,95
2019-12-28,21,33097.8,94
2019-12-28,22,31302.4,93
2019-12-28,23,30766.9,92
2019-12-29,0,29476.4,88
2019-12-29,1,27586.7,87
2019-12-29,2,28618.1,89
2019-12-29,3,29457.5,91
2019-12-29,4,30170.9,92
2019-12-29,5,31856.5,94
2019-12-29,6,31856.5,94
2019-12-29,7,34504.1,96
2019-12-29,8,34504.1,96
2019-12-29,9,34504.1,96
2019-12-29,10,34504.1,96
2019-12-29,11,32019.3,94
2019-12-29,12,29715.7,91
2019-12-29,13,28141.3,89
2019-12-29,14,26458.1,87
2019-12-29,15,25643.1,86
2019-12-29,16,27396.3,87
2019-12-29,17,32783.9,94
2019-12-29,18,40000.4,102
2019-12-29,19,40570.4,103
2019-12-29,20,40570.4,103
2019-12-29,21,40570.4,103
2019-12-29,22,39655.8,102
2019-12-29,23,37351.8,100
2019-12-30,0,35876.7,98
2019-12-30,1,35215.2,97
2019-12-30,2,35215.2,97
2019-12-30,3,35750.7,98
2019-12-30,4,38424.3,100
2019-12-30,5,42071.8,105
2019-12-30,6,45640.4,108
2019-12-30,7,45640.4,108
2019-12-30,8,45640.4,108
2019-12-30,9,45640.4,108
2019-12-30,10,43789.6,107
2019-12-30,11,40672.7,103
2019-12-30,12,38163.9,101
2019-12-30,13,35506.1,99
2019-12-30,14,33651.9,97
2019-12-30,15,33651.9,97
2019-12-30,16,37100.3,100
2019-12-30,17,42212.2,104
2019-12-30,18,43972.5,106
2019-12-30,19,47980.9,107
2019-12-30,20,47302.8,106
2019-12-30,21,46499.6,105
2019-12-30,22,46499.6,105
2019-12-30,23,42491.2,104
2019-12-31,0,43292.2,105
2019-12-31,1,42745.0,105
2019-12-31,2,41830.4,104
2019-12-31,3,42754.2,105
2019-12-31,4,43668.8,106
2019-12-31,5,49411.2,108
2019-12-31,6,49981.2,109
2019-12-31,7,49041.6,108
2019-12-31,8,49981.2,109
2019-12-31,9,49981.2,109
2019-12-31,10,45562.8,107
2019-12-31,11,42746.6,105
2019-12-31,12,39167.6,101
2019-12-31,13,35687.5,98
2019-12-31,14,34974.1,97
2019-12-31,15,33500.9,94
2019-12-31,16,36475.9,97
2019-12-31,17,40758.8,103
2019-12-31,18,41841.0,104
2019-12-31,19,41841.0,104
2019-12-31,20,40758.8,103
2019-12-31,21,39182.7,101
2019-12-31,22,37673.1,99
2019-12-31,23,37673.1,99
