Date,Hour,TotalCosts,FixedCosts,VariableCosts,LoadShedding,OverGeneration,ReserveShortfall,RenewablesUsed,RenewablesCurtailment,Demand,Price
2019-01-01,0,332992.211876,224203.470793,108788.741083,0.0,0.0,0.0,8145.964923,2165.485077,37081.44,8.980024
2019-01-01,1,323764.728075,224203.470793,99561.257282,0.0,0.0,0.0,8878.74227,2254.62773,37258.98,8.689576
2019-01-01,2,315786.202231,217086.789193,98699.413039,0.0,0.0,0.0,9330.596072,2225.603928,37300.18,8.466077
2019-01-01,3,314192.37398,217086.789193,97105.584787,0.0,0.0,0.0,9576.706955,2246.343045,37423.51,8.395588
2019-01-01,4,316329.629016,217086.789193,99242.839823,0.0,0.0,0.0,9866.676121,2209.073879,37895.27,8.34747
2019-01-01,5,359134.877925,261289.392393,97845.485533,0.0,0.0,0.0,10523.892782,2165.807218,38825.08,9.250074
2019-01-01,6,370493.600436,260411.888293,110081.712143,0.0,0.0,0.0,10980.131366,2106.938634,39910.68,9.283069
2019-01-01,7,380639.311822,267767.65737,112871.654452,0.0,0.0,0.0,11291.128974,2085.901026,40436.58,9.413242
2019-01-01,8,458907.931042,343426.952008,115480.979034,0.0,0.0,0.0,10687.433804,2039.976196,40950.22,11.206483
2019-01-01,9,430394.441141,291784.363885,138610.077257,0.0,0.0,0.0,10615.407419,2011.402581,41763.45,10.305529
2019-01-01,10,427844.380276,291142.657261,136701.723015,0.0,0.0,0.0,12412.087421,1027.822579,42249.97,10.126501
2019-01-01,11,423094.814094,282696.457102,140398.356992,0.0,0.0,0.0,12319.239206,2097.070794,42296.69,10.003024
2019-01-01,12,415628.922234,282693.167102,132935.755132,0.0,0.0,0.0,12822.128605,2484.441395,41879.17,9.924478
2019-01-01,13,391817.205365,267082.709593,124734.495772,0.0,0.0,0.0,13629.374251,2168.875749,41376.35,9.469593
2019-01-01,14,382778.985734,260077.290778,122701.694957,0.0,0.0,0.0,13516.247716,2518.542284,40991.32,9.33805
2019-01-01,15,384972.697912,260074.000778,124898.697135,0.0,0.0,0.0,13139.930054,2355.869946,41015.88,9.385943
2019-01-01,16,425773.592619,296793.732235,128979.860384,0.0,0.0,0.0,12966.555665,1442.754335,41842.15,10.17571
2019-01-01,17,481239.74356,326021.320751,155218.422809,0.0,0.0,0.0,11672.01,1676.27,44058.7,10.922695
2019-01-01,18,540241.755401,379397.306369,160844.449031,0.0,0.0,0.0,11001.845892,723.674108,45400.64,11.89943
2019-01-01,19,537103.039744,379391.236369,157711.803375,0.0,0.0,0.0,9398.080006,519.499994,45246.05,11.870717
2019-01-01,20,541289.078623,379391.236369,161897.842253,0.0,0.0,0.0,9100.892127,568.897873,44844.33,12.070402
2019-01-01,21,533422.461076,375192.19637,158230.264706,0.0,0.0,0.0,8450.47,284.19,43901.75,12.150369
2019-01-01,22,519835.435964,375192.19637,144643.239594,0.0,0.0,0.0,7618.66,175.13,42206.58,12.316455
2019-01-01,23,484426.367075,355119.432663,129306.934412,0.0,0.0,0.0,7381.22,134.17,40494.84,11.962669
2019-01-02,0,442731.708468,315122.449462,127609.259006,0.0,0.0,0.0,6886.09,100.3,39246.69,11.28074
2019-01-02,1,432379.763741,315119.159462,117260.60428,0.0,0.0,0.0,6960.89,72.94,38577.95,11.207951
2019-01-02,2,431096.11653,306378.962679,124717.153851,0.0,0.0,0.0,6479.26,67.54,38434.15,11.216486
2019-01-02,3,442448.88388,313653.919787,128794.964093,0.0,0.0,0.0,6462.33,68.81,38830.97,11.394227
2019-01-02,4,499915.082606,370657.619586,129257.46302,0.0,0.0,0.0,6597.01,77.7,40072.12,12.475384
2019-01-02,5,563164.716944,410017.951514,153146.76543,0.0,0.0,0.0,6676.63,96.78,42485.81,13.25536
2019-01-02,6,683844.742974,504141.258787,179703.484187,0.0,0.0,0.0,6883.695551,153.064449,45299.73,15.096
2019-01-02,7,705610.551974,523273.074036,182337.477938,0.0,0.0,0.0,7141.58,144.57,47420.65,14.879816
2019-01-02,8,902704.082156,717356.908547,185347.173609,0.0,0.0,0.0,5900.407,43.563,48547.97,18.594064
2019-01-02,9,912741.433055,717350.838547,195390.594507,0.0,0.0,0.0,5193.37,42.82,49679.19,18.372712
2019-01-02,10,933451.135465,734364.421956,199086.713509,0.0,0.0,0.0,5751.04,14.88,50682.64,18.417571
2019-01-02,11,970671.309873,743101.328739,227569.981135,0.0,0.0,0.0,4303.74,0.0,51256.53,18.937515
2019-01-02,12,978630.692453,743098.038739,235532.653714,0.0,0.0,0.0,4269.36,0.0,51414.29,19.034216
2019-01-02,13,963394.007674,734357.841956,229036.165718,0.0,0.0,0.0,5601.13,0.0,51455.22,18.72296
2019-01-02,14,939029.307341,713277.018835,225752.288506,0.0,0.0,0.0,5730.56,0.0,51263.49,18.317701
2019-01-02,15,933598.067701,713277.018835,220321.048866,0.0,0.0,0.0,5660.97,0.0,51149.19,18.252451
2019-01-02,16,947915.949762,743104.618739,204811.331023,0.0,0.0,0.0,6036.47,0.0,51381.54,18.44857
2019-01-02,17,1137342.127854,905701.205748,231640.922107,0.0,0.0,0.0,4678.76,0.0,52717.56,21.574256
2019-01-02,18,1146355.380623,905695.135748,240660.244875,0.0,0.0,0.0,3679.8,26.55,53277.15,21.51683
2019-01-02,19,1136824.674505,905695.135748,231129.538758,0.0,0.0,0.0,3420.99,92.14,52309.18,21.732795
2019-01-02,20,1099262.539608,890649.197827,208613.341781,0.0,0.0,0.0,3656.39,104.97,51043.85,21.535651
2019-01-02,21,944961.502262,749587.356163,195374.146099,0.0,0.0,0.0,4075.77,120.94,49194.05,19.208858
2019-01-02,22,867868.765529,696565.363315,171303.402214,0.0,0.0,0.0,4609.93,139.03,46628.21,18.612526
2019-01-02,23,785618.203616,600466.95218,185151.251437,0.0,0.0,0.0,2850.22,66.91,44287.41,17.739087
2019-01-03,0,771320.679368,600466.95218,170853.727189,0.0,0.0,0.0,2146.65,48.07,42470.6,18.161285
2019-01-03,1,738733.249067,579512.124907,159221.12416,0.0,0.0,0.0,2200.44,69.19,41445.47,17.824222
2019-01-03,2,726759.934257,570771.928124,155988.006134,0.0,0.0,0.0,1954.846,132.254,41061.86,17.699148
2019-01-03,3,723960.121704,570771.928124,153188.19358,0.0,0.0,0.0,2126.39,233.45,41019.88,17.649006
2019-01-03,4,764347.204547,623797.210971,140549.993576,0.0,0.0,0.0,2619.36,370.92,41999.32,18.199038
2019-01-03,5,761828.051974,572347.753019,189480.298955,0.0,0.0,0.0,1961.256022,268.693978,44024.88,17.304489
2019-01-03,6,795220.418598,581880.485043,213339.933556,0.0,0.0,0.0,2209.2,222.77,46572.45,17.074911
2019-01-03,7,797652.106777,581877.195043,215774.911735,0.0,0.0,0.0,3526.06,185.39,48255.79,16.529666
2019-01-03,8,801646.631699,590620.681826,211025.949874,0.0,0.0,0.0,3958.45,148.98,48684.84,16.466042
2019-01-03,9,900593.76141,698382.92159,202210.83982,0.0,0.0,0.0,4929.93,117.15,48896.65,18.418312
2019-01-03,10,842362.895716,680040.661398,162322.234318,0.0,0.0,0.0,7726.13,51.52,49026.08,17.181935
2019-01-03,11,751982.002826,596748.618181,155233.384645,0.0,0.0,0.0,10342.35,116.63,48540.95,15.491703
2019-01-03,12,715208.511583,574411.499558,140797.012026,0.0,0.0,0.0,11622.610457,832.009543,47492.49,15.059402
2019-01-03,13,665985.796375,522804.466358,143181.330017,0.0,0.0,0.0,10906.519403,3605.220597,46312.89,14.380139
2019-01-03,14,636227.474512,506364.814441,129862.660071,0.0,0.0,0.0,11899.665207,2647.464793,45216.14,14.070805
2019-01-03,15,617322.059473,490754.356932,126567.702541,0.0,0.0,0.0,12345.771308,1904.048692,44530.4,13.862935
2019-01-03,16,644736.695318,514472.255957,130264.439361,0.0,0.0,0.0,11621.364,1880.086,44772.64,14.400239
2019-01-03,17,758766.312295,617379.680679,141386.631616,0.0,0.0,0.0,9834.505,325.965,46512.85,16.313047
2019-01-03,18,864572.638847,691466.046647,173106.5922,0.0,0.0,0.0,6091.17,98.63,48596.56,17.79082
2019-01-03,19,922895.31745,709802.236839,213093.080611,0.0,0.0,0.0,2814.19,40.99,48814.73,18.906083
2019-01-03,20,908340.398425,702391.226839,205949.171586,0.0,0.0,0.0,2942.39,71.52,48647.15,18.672017
2019-01-03,21,765351.705978,561329.385175,204022.320803,0.0,0.0,0.0,3424.62,114.42,47765.28,16.023181
2019-01-03,22,721803.88857,552511.46091,169292.42766,0.0,0.0,0.0,4093.08,172.67,46021.02,15.684222
2019-01-03,23,639471.231165,477490.582895,161980.64827,0.0,0.0,0.0,3932.96,141.34,44191.85,14.470343
2019-01-04,0,582332.725458,422361.33412,159971.391337,0.0,0.0,0.0,3944.029,24.521,43062.39,13.523001
2019-01-04,1,570670.553462,422358.04412,148312.509342,0.0,0.0,0.0,4087.9,98.3,42515.88,13.422527
2019-01-04,2,555174.477039,401277.221,153897.256039,0.0,0.0,0.0,4296.26,147.72,42367.44,13.1038
2019-01-04,3,551946.477865,401277.221,150669.256865,0.0,0.0,0.0,4794.74,215.47,42732.01,12.916464
2019-01-04,4,631482.350485,491347.326936,140135.02355,0.0,0.0,0.0,5368.17,303.69,43704.85,14.448793
2019-01-04,5,661136.431454,492730.021659,168406.409795,0.0,0.0,0.0,5142.36,281.04,46019.04,14.366585
2019-01-04,6,718767.911807,513810.84478,204957.067027,0.0,0.0,0.0,5235.251387,133.318613,48824.83,14.72136
2019-01-04,7,730127.210473,513807.55478,216319.655693,0.0,0.0,0.0,5469.167,141.223,50161.97,14.555393
2019-01-04,8,723905.984719,513807.55478,210098.429939,0.0,0.0,0.0,4984.25,335.34,49292.12,14.686039
2019-01-04,9,679147.658684,498761.616859,180386.041825,0.0,0.0,0.0,5015.79,413.07,47111.0,14.415904
2019-01-04,10,611785.620031,466261.988489,145523.631542,0.0,0.0,0.0,6545.04,282.05,45046.31,13.581259
2019-01-04,11,498764.41766,369040.682442,129723.735218,0.0,0.0,0.0,7885.7,519.13,42861.69,11.636602
2019-01-04,12,443768.965852,337235.589434,106533.376418,0.0,0.0,0.0,9318.84214,932.15786,40740.4,10.892602
2019-01-04,13,391579.250378,298792.99486,92786.255518,0.0,0.0,0.0,10481.493161,1154.906839,39193.19,9.991002
2019-01-04,14,364666.579895,267333.013421,97333.566474,0.0,0.0,0.0,8835.167062,1765.462938,37952.51,9.608497
2019-01-04,15,365398.266912,275671.803822,89726.463091,0.0,0.0,0.0,8260.08289,937.46711,37056.17,9.860659
2019-01-04,16,367170.998186,265357.700342,101813.297844,0.0,0.0,0.0,6762.296205,684.363795,36750.0,9.991048
2019-01-04,17,491615.705395,390144.535563,101471.169833,0.0,0.0,0.0,5223.68,48.51,37954.17,12.952877
2019-01-04,18,527608.741692,387383.452634,140225.289059,0.0,0.0,0.0,3435.36,0.0,40150.89,13.140649
2019-01-04,19,603564.034359,443934.232633,159629.801726,0.0,0.0,0.0,1961.07,0.0,40524.82,14.893688
2019-01-04,20,601966.787182,443930.942633,158035.844549,0.0,0.0,0.0,2294.63,0.0,40718.68,14.783554
2019-01-04,21,539090.235468,387380.162634,151710.072834,0.0,0.0,0.0,3056.17,81.58,40572.63,13.287042
2019-01-04,22,501055.695284,369040.682442,132015.012842,0.0,0.0,0.0,4160.4,239.43,39777.38,12.596498
2019-01-04,23,505137.774638,393611.46629,111526.308349,0.0,0.0,0.0,4436.03,261.21,38636.97,13.073949
2019-01-05,0,461887.685027,351949.867592,109937.817436,0.0,0.0,0.0,4731.916844,243.863156,37802.65,12.218394
2019-01-05,1,412658.577759,304067.934304,108590.643456,0.0,0.0,0.0,5021.77,325.32,37500.89,11.003968
2019-01-05,2,413863.273005,304067.934304,109795.338702,0.0,0.0,0.0,4980.33,352.85,37567.42,11.016548
2019-01-05,3,423532.375643,312811.421087,110720.954556,0.0,0.0,0.0,5173.795,305.995,38055.25,11.129407
2019-01-05,4,445317.78477,328721.940527,116595.844243,0.0,0.0,0.0,5161.46,413.86,38925.97,11.44012
2019-01-05,5,491062.195674,364725.995721,126336.199953,0.0,0.0,0.0,4940.737,361.323,40399.27,12.155224
2019-01-05,6,555266.61889,416329.73892,138936.87997,0.0,0.0,0.0,4643.825728,326.084272,42314.34,13.122422
2019-01-05,7,598219.764311,434665.929112,163553.835198,0.0,0.0,0.0,4351.27,374.28,43898.22,13.627426
2019-01-05,8,610148.650648,434662.639112,175486.011536,0.0,0.0,0.0,3538.81,415.15,43861.57,13.91078
2019-01-05,9,583475.953121,434662.639112,148813.314009,0.0,0.0,0.0,3378.61,464.53,42010.02,13.888971
2019-01-05,10,492294.695725,360027.392934,132267.302791,0.0,0.0,0.0,4483.81,291.69,39824.32,12.36166
2019-01-05,11,415500.773978,307839.153469,107661.620508,0.0,0.0,0.0,5707.75,449.01,37778.83,10.998244
2019-01-05,12,341982.812588,245849.115319,96133.697269,0.0,0.0,0.0,6860.505323,549.414677,36191.29,9.449313
2019-01-05,13,304142.590536,217913.256627,86229.333908,0.0,0.0,0.0,7817.900767,461.939233,35090.54,8.667367
2019-01-05,14,281125.671601,201122.604711,80003.06689,0.0,0.0,0.0,8242.406266,912.403734,34369.4,8.179534
2019-01-05,15,269657.386238,192783.81431,76873.571927,0.0,0.0,0.0,8572.185558,893.984442,33968.39,7.93848
2019-01-05,16,273257.81635,200629.249301,72628.567049,0.0,0.0,0.0,8680.34402,592.85598,33894.0,8.062129
2019-01-05,17,315400.027254,234767.24756,80632.779693,0.0,0.0,0.0,7375.614246,664.625754,34818.73,9.058344
2019-01-05,18,345882.881787,244130.611479,101752.270308,0.0,0.0,0.0,6393.36,417.1,36655.34,9.436084
2019-01-05,19,351514.204609,244120.741479,107393.46313,0.0,0.0,0.0,5529.444,386.656,36685.04,9.58195
2019-01-05,20,340361.606252,244120.741479,96240.864773,0.0,0.0,0.0,6269.15,447.29,36293.15,9.378122
2019-01-05,21,321553.559794,230174.552086,91379.007707,0.0,0.0,0.0,7312.97,451.41,36061.74,8.916751
2019-01-05,22,301207.514768,217695.358353,83512.156415,0.0,0.0,0.0,8051.91,455.77,35333.25,8.524761
2019-01-05,23,304283.004042,231912.795927,72370.208115,0.0,0.0,0.0,8089.42,439.29,34516.58,8.815561
2019-01-06,0,278256.365491,208789.958977,69466.406514,0.0,0.0,0.0,8126.16,439.58,33497.97,8.306664
2019-01-06,1,257968.991725,186392.536413,71576.455312,0.0,0.0,0.0,8183.42,453.09,32912.25,7.838084
2019-01-06,2,257254.481677,186389.246413,70865.235264,0.0,0.0,0.0,7982.61,430.36,32696.53,7.867944
2019-01-06,3,262805.226648,193141.39431,69663.832338,0.0,0.0,0.0,7829.65,410.29,32846.38,8.001041
2019-01-06,4,267494.816816,193134.81431,74360.002506,0.0,0.0,0.0,7699.69,391.29,33369.41,8.016169
2019-01-06,5,271913.64104,193134.81431,78778.82673,0.0,0.0,0.0,8591.18,402.93,34294.1,7.928875
2019-01-06,6,290324.06525,204849.024852,85475.040398,0.0,0.0,0.0,9424.158,402.612,35666.48,8.13997
2019-01-06,7,305873.162574,212117.40196,93755.760614,0.0,0.0,0.0,9735.70655,465.51345,36737.76,8.325852
2019-01-06,8,314924.348117,212114.11196,102810.236157,0.0,0.0,0.0,9725.49,1067.48,37361.9,8.429024
2019-01-06,9,314210.4071,212114.11196,102096.29514,0.0,0.0,0.0,9438.372482,1913.247518,36988.65,8.494779
2019-01-06,10,294611.127653,211472.405337,83138.722316,0.0,0.0,0.0,10615.737358,1290.792642,36089.82,8.163275
2019-01-06,11,267749.945436,190225.076003,77524.869434,0.0,0.0,0.0,10850.531383,2455.168617,35467.06,7.549257
2019-01-06,12,214140.17064,138585.777879,75554.392762,0.0,0.0,0.0,11868.093846,2797.986154,34979.29,6.121913
2019-01-06,13,190094.296571,122889.398189,67204.898382,0.0,0.0,0.0,13296.066074,2152.073926,34661.28,5.484342
2019-01-06,14,176064.095282,111243.447893,64820.64739,0.0,0.0,0.0,13436.816038,2689.173962,34290.94,5.13442
2019-01-06,15,174756.754232,111243.447893,63513.306339,0.0,0.0,0.0,13480.835392,2673.774608,34185.23,5.112054
2019-01-06,16,185489.261224,123798.386689,61690.874535,0.0,0.0,0.0,13870.898709,1847.721291,34396.09,5.392743
2019-01-06,17,219868.510553,144027.638378,75840.872175,0.0,0.0,0.0,12025.163,2487.547,35477.13,6.197472
2019-01-06,18,298386.729329,210298.857113,88087.872217,0.0,0.0,0.0,10911.014,2271.736,37288.04,8.00221
2019-01-06,19,305051.976801,210285.697113,94766.279688,0.0,0.0,0.0,9157.141129,1622.168871,37262.28,8.186616
2019-01-06,20,248182.319373,166086.383913,82095.93546,0.0,0.0,0.0,10957.376759,2313.983241,36578.82,6.784864
2019-01-06,21,203410.934443,136658.059563,66752.87488,0.0,0.0,0.0,13216.498329,2953.551671,35402.99,5.745586
2019-01-06,22,160013.308827,110601.741269,49411.567558,0.0,0.0,0.0,14999.818656,2810.391344,33530.23,4.77221
2019-01-06,23,134821.233649,96202.507499,38618.726151,0.0,0.0,0.0,15175.72431,2388.92569,31444.91,4.287538
2019-01-07,0,119249.555954,85570.107245,33679.448709,0.0,0.0,0.0,15128.274224,2078.375776,29951.43,3.981431
2019-01-07,1,102044.18052,69409.478122,32634.702397,0.0,0.0,0.0,14594.259685,2071.930315,28888.18,3.532385
2019-01-07,2,104376.76525,70865.181697,33511.583553,0.0,0.0,0.0,13823.463069,2081.586931,28509.2,3.661161
2019-01-07,3,112182.517627,77725.022021,34457.495606,0.0,0.0,0.0,12810.993172,2157.346828,28448.78,3.943316
2019-01-07,4,123954.927402,81258.127014,42696.800388,0.0,0.0,0.0,11954.4888,2173.0612,29234.03,4.24009
2019-01-07,5,187138.220031,139504.288378,47633.931653,0.0,0.0,0.0,11490.605934,2276.484066,31171.07,6.003587
2019-01-07,6,232503.29731,143663.848377,88839.448932,0.0,0.0,0.0,9137.059175,3867.830825,34165.58,6.805191
2019-01-07,7,290344.113829,203641.426902,86702.686928,0.0,0.0,0.0,9788.436,1868.024,35608.36,8.153819
2019-01-07,8,310116.417617,220462.772361,89653.645257,0.0,0.0,0.0,8293.293,1694.257,35841.33,8.652481
2019-01-07,9,319209.632654,220452.902361,98756.730293,0.0,0.0,0.0,7529.667,1432.953,36212.97,8.814787
2019-01-07,10,316385.036308,220452.902361,95932.133947,0.0,0.0,0.0,8326.657734,581.952266,36721.64,8.615765
2019-01-07,11,314357.849482,220452.902361,93904.947121,0.0,0.0,0.0,8918.999994,1541.820006,36958.68,8.505657
2019-01-07,12,311923.197629,220452.902361,91470.295268,0.0,0.0,0.0,9460.539015,2448.590985,37129.58,8.400935
2019-01-07,13,295965.168467,206463.233061,89501.935406,0.0,0.0,0.0,10723.562394,2396.427606,37400.76,7.913346
2019-01-07,14,296875.046699,206463.233061,90411.813638,0.0,0.0,0.0,10501.690119,3039.099881,37415.0,7.934653
2019-01-07,15,297241.077762,206463.233061,90777.844701,0.0,0.0,0.0,10251.062075,3037.757925,37256.01,7.978339
2019-01-07,16,297632.630222,211321.515671,86311.114552,0.0,0.0,0.0,10472.602832,2192.567168,37040.13,8.03541
2019-01-07,17,345961.393068,256583.998079,89377.394989,0.0,0.0,0.0,8964.13625,1644.38375,37675.49,9.182665
2019-01-07,18,387297.960577,273185.732293,114112.228284,0.0,0.0,0.0,7136.892,802.408,39334.72,9.846211
2019-01-07,19,398309.699484,273175.862293,125133.837191,0.0,0.0,0.0,5564.69,48.78,39036.9,10.203415
2019-01-07,20,379239.524626,273175.862293,106063.662333,0.0,0.0,0.0,5984.78,462.85,38102.82,9.953057
2019-01-07,21,339897.44481,250838.74367,89058.70114,0.0,0.0,0.0,7119.4,475.75,36691.14,9.263747
2019-01-07,22,256787.491831,178564.04363,78223.448201,0.0,0.0,0.0,8202.09,494.07,34494.74,7.444251
2019-01-07,23,214511.862783,145638.556588,68873.306195,0.0,0.0,0.0,7449.53,469.76,32188.17,6.664308
2019-01-08,0,201230.308679,139243.98869,61986.319989,0.0,0.0,0.0,6983.26,452.32,30517.67,6.593895
2019-01-08,1,182096.01914,119051.407491,63044.61165,0.0,0.0,0.0,6771.66,439.36,29651.77,6.141152
2019-01-08,2,185385.697655,119051.407491,66334.290165,0.0,0.0,0.0,6112.19,421.4,29322.61,6.322278
2019-01-08,3,197227.817128,129651.595387,67576.221741,0.0,0.0,0.0,5609.57,408.46,29433.26,6.700849
2019-01-08,4,222577.584389,149844.176587,72733.407802,0.0,0.0,0.0,5210.91,398.59,30256.93,7.356251
2019-01-08,5,339835.406749,258778.574587,81056.832162,0.0,0.0,0.0,4814.57,396.43,32662.36,10.404496
2019-01-08,6,398548.882946,280309.99797,118238.884977,0.0,0.0,0.0,4572.58,332.11,36377.0,10.956068
2019-01-08,7,428188.41165,296564.022184,131624.389466,0.0,0.0,0.0,4472.04,276.93,37915.4,11.293258
2019-01-08,8,440482.693797,296557.442184,143925.251613,0.0,0.0,0.0,3131.818017,82.391983,37526.8,11.737817
2019-01-08,9,449335.454265,303968.452184,145367.002081,0.0,0.0,0.0,2696.452802,60.557198,37426.38,12.005849
2019-01-08,10,432902.707054,303965.162184,128937.54487,0.0,0.0,0.0,3816.96,66.92,37546.53,11.529766
2019-01-08,11,408678.610839,287021.420161,121657.190678,0.0,0.0,0.0,4994.45,124.37,37579.85,10.87494
2019-01-08,12,387302.063291,278281.223377,109020.839914,0.0,0.0,0.0,6418.079319,952.650681,37548.28,10.314775
2019-01-08,13,361125.9406,261841.57146,99284.36914,0.0,0.0,0.0,8021.5959,1526.8341,37543.63,9.618834
2019-01-08,14,293102.535358,186545.23631,106557.299048,0.0,0.0,0.0,8422.022,2329.048,37387.02,7.839687
2019-01-08,15,281926.296148,186545.23631,95381.059839,0.0,0.0,0.0,9350.794578,2227.805422,37056.94,7.607922
2019-01-08,16,276039.529907,179476.234119,96563.295788,0.0,0.0,0.0,9294.476558,2500.153442,36954.54,7.469705
2019-01-08,17,365350.125025,269961.891108,95388.233916,0.0,0.0,0.0,8790.288,2224.142,37892.48,9.641758
2019-01-08,18,402984.241425,287031.290161,115952.951264,0.0,0.0,0.0,7751.463054,1783.706946,39711.75,10.147733
2019-01-08,19,420864.547778,287021.420161,133843.127617,0.0,0.0,0.0,6126.929,466.881,39624.39,10.621351
2019-01-08,20,402491.740422,287021.420161,115470.320261,0.0,0.0,0.0,7111.990006,519.499994,38957.55,10.331547
2019-01-08,21,358273.678146,260274.134169,97999.543977,0.0,0.0,0.0,8860.870006,519.499994,37528.89,9.54661
2019-01-08,22,301379.993233,224456.505192,76923.488041,0.0,0.0,0.0,10315.890006,519.499994,35294.83,8.538927
2019-01-08,23,221130.514782,136901.086778,84229.428005,0.0,0.0,0.0,8714.649802,2112.020198,33093.63,6.681966
2019-01-09,0,201366.804347,134850.783404,66516.020943,0.0,0.0,0.0,8968.498953,1667.451047,31703.3,6.351604
2019-01-09,1,182340.592068,119223.864418,63116.72765,0.0,0.0,0.0,9634.874456,932.295544,31022.76,5.877639
2019-01-09,2,192734.214326,119223.864418,73510.349908,0.0,0.0,0.0,8772.364,1476.916,30920.24,6.23327
2019-01-09,3,253788.404128,194244.742433,59543.661695,0.0,0.0,0.0,9837.55,255.52,31153.66,8.146343
2019-01-09,4,265166.950644,196301.625807,68865.324838,0.0,0.0,0.0,9619.47,223.38,32103.95,8.259636
2019-01-09,5,355120.439833,272556.469865,82563.969968,0.0,0.0,0.0,8878.73,172.08,34663.82,10.2447
2019-01-09,6,428429.515753,306962.089654,121467.426099,0.0,0.0,0.0,8299.03,194.03,38875.84,11.020457
2019-01-09,7,455433.006053,306948.929654,148484.076399,0.0,0.0,0.0,7734.97,95.73,40521.49,11.239296
2019-01-09,8,460414.307981,311151.259653,149263.048328,0.0,0.0,0.0,6977.7,80.92,40183.38,11.457829
2019-01-09,9,457409.612567,311147.969653,146261.642914,0.0,0.0,0.0,6440.92,70.81,39893.05,11.465897
2019-01-09,10,437691.004399,311147.969653,126543.034746,0.0,0.0,0.0,7186.61,35.82,39415.93,11.104419
2019-01-09,11,419243.990143,302407.77287,116836.217274,0.0,0.0,0.0,7150.0,31.65,38633.87,10.851721
2019-01-09,12,364380.50263,258208.45967,106172.042961,0.0,0.0,0.0,8081.79,33.83,37742.69,9.654333
2019-01-09,13,336255.020109,241768.807753,94486.212357,0.0,0.0,0.0,9121.12,38.03,37179.91,9.043998
2019-01-09,14,317993.455663,226712.015161,91281.440501,0.0,0.0,0.0,9514.66,66.18,36672.13,8.671257
2019-01-09,15,313605.467818,226082.268026,87523.199792,0.0,0.0,0.0,9793.729247,133.630753,36349.96,8.627395
2019-01-09,16,322232.446401,233439.887352,88792.559049,0.0,0.0,0.0,9745.699239,373.370761,36610.22,8.801707
2019-01-09,17,376626.429134,274233.483561,102392.945573,0.0,0.0,0.0,8504.525633,215.604367,38087.19,9.888533
2019-01-09,18,453913.811995,327962.238785,125951.573211,0.0,0.0,0.0,7241.1,137.26,40519.8,11.202272
2019-01-09,19,486976.29713,327955.658785,159020.638346,0.0,0.0,0.0,5888.339526,356.110474,40951.2,11.891625
2019-01-09,20,488260.003895,327955.658785,160304.34511,0.0,0.0,0.0,5717.543972,437.296028,40787.51,11.970822
2019-01-09,21,468795.000464,323756.618786,145038.381679,0.0,0.0,0.0,5894.68638,383.57362,39841.12,11.766612
2019-01-09,22,425222.907257,306948.929654,118273.977603,0.0,0.0,0.0,5970.922033,587.827967,37757.96,11.261808
2019-01-09,23,365453.867202,254009.419671,111444.447531,0.0,0.0,0.0,5286.14,194.59,35753.96,10.221354
2019-01-10,0,368139.493085,265486.706778,102652.786307,0.0,0.0,0.0,4409.11,185.05,34566.11,10.650301
2019-01-10,1,346756.154461,242101.326887,104654.827574,0.0,0.0,0.0,3929.664291,108.235709,34022.02,10.19211
2019-01-10,2,338080.317405,235380.544696,102699.77271,0.0,0.0,0.0,3490.76,155.33,33842.55,9.9898
2019-01-10,3,356030.525198,250845.32367,105185.201528,0.0,0.0,0.0,3231.72,137.95,34153.78,10.424337
2019-01-10,4,383815.686959,269181.513862,114634.173097,0.0,0.0,0.0,3092.25,122.98,35209.48,10.900919
2019-01-10,5,504121.869808,363750.148183,140371.721625,0.0,0.0,0.0,3278.652,22.898,37864.62,13.313797
2019-01-10,6,610679.638618,438751.286198,171928.35242,0.0,0.0,0.0,3359.28,110.58,41955.08,14.555559
2019-01-10,7,617363.096095,438747.996198,178615.099897,0.0,0.0,0.0,3567.22,106.26,43286.57,14.262232
2019-01-10,8,587954.572788,438747.996198,149206.57659,0.0,0.0,0.0,4677.99,200.19,42544.97,13.819602
2019-01-10,9,539511.151158,399800.483508,139710.66765,0.0,0.0,0.0,6313.28,339.75,41963.28,12.856744
2019-01-10,10,494203.900217,370055.644885,124148.255332,0.0,0.0,0.0,9168.467888,453.872112,41345.34,11.953074
2019-01-10,11,415694.337389,273392.412344,142301.925045,0.0,0.0,0.0,9585.913,1696.657,40512.83,10.260807
2019-01-10,12,394904.157434,273392.412344,121511.745091,0.0,0.0,0.0,10235.007166,2729.742834,39630.87,9.964559
2019-01-10,13,361805.10371,250682.090186,111123.013524,0.0,0.0,0.0,11417.164031,1933.495969,38939.94,9.291363
2019-01-10,14,343407.66225,236692.420886,106715.241363,0.0,0.0,0.0,11469.679872,2487.160128,38381.15,8.9473
2019-01-10,15,338882.281474,235818.206787,103064.074687,0.0,0.0,0.0,11469.689662,2328.490338,38146.24,8.883766
2019-01-10,16,354984.347546,250324.706261,104659.641285,0.0,0.0,0.0,11650.530113,1585.309887,38548.97,9.20866
2019-01-10,17,394088.687862,280750.737478,113337.950384,0.0,0.0,0.0,10529.842375,2206.187625,39768.88,9.909474
2019-01-10,18,416282.887423,286304.440087,129978.447336,0.0,0.0,0.0,10184.558514,1992.331486,41670.68,9.989827
2019-01-10,19,417333.138117,286297.860087,131035.27803,0.0,0.0,0.0,9682.332,1759.558,41831.12,9.976619
2019-01-10,20,407900.692672,286297.860087,121602.832585,0.0,0.0,0.0,10996.565556,1484.744444,41438.99,9.843403
2019-01-10,21,372203.724986,262586.541061,109617.183925,0.0,0.0,0.0,11876.396546,1587.773454,40204.8,9.257694
2019-01-10,22,325878.934326,237084.329828,88794.604498,0.0,0.0,0.0,12871.35,678.45,37945.33,8.588117
2019-01-10,23,273774.338094,192885.016628,80889.321466,0.0,0.0,0.0,11403.104465,1266.975535,35824.74,7.642047
2019-01-11,0,253661.929491,179238.06389,74423.865601,0.0,0.0,0.0,11196.04851,351.87149,34400.09,7.373874
2019-01-11,1,253000.775541,181828.96271,71171.812831,0.0,0.0,0.0,10172.79,225.74,33634.16,7.522137
2019-01-11,2,262527.854734,188939.064311,73588.790423,0.0,0.0,0.0,8683.96,228.81,33293.68,7.885216
2019-01-11,3,284869.624535,206689.46732,78180.157215,0.0,0.0,0.0,7248.41,232.94,33377.6,8.534755
2019-01-11,4,313234.385488,228115.457587,85118.9279,0.0,0.0,0.0,6232.71,236.83,34307.87,9.130103
2019-01-11,5,378929.038612,286307.730087,92621.308526,0.0,0.0,0.0,6860.17,314.26,36691.05,10.32756
2019-01-11,6,420210.894691,295041.34687,125169.547821,0.0,0.0,0.0,7832.985,331.655,40406.15,10.399677
2019-01-11,7,432558.428801,295038.05687,137520.371931,0.0,0.0,0.0,8712.812,247.968,41803.92,10.347317
2019-01-11,8,426239.48763,295038.05687,131201.43076,0.0,0.0,0.0,9917.320006,695.999994,41400.42,10.295535
2019-01-11,9,416133.788558,277956.69833,138177.090229,0.0,0.0,0.0,10208.666,1220.384,41381.06,10.056141
2019-01-11,10,410072.342239,277956.69833,132115.64391,0.0,0.0,0.0,10187.065875,1596.774125,41303.18,9.928348
2019-01-11,11,398841.314606,277956.69833,120884.616276,0.0,0.0,0.0,10988.217951,1378.312049,40753.17,9.786756
2019-01-11,12,368017.1881,255226.832247,112790.355853,0.0,0.0,0.0,11452.498335,1455.181665,40033.85,9.19265
2019-01-11,13,349782.856642,251027.792248,98755.064394,0.0,0.0,0.0,12812.740513,1439.469487,39524.29,8.84982
2019-01-11,14,336003.326617,235477.569413,100525.757204,0.0,0.0,0.0,13112.330623,1348.249377,39219.45,8.567263
2019-01-11,15,334436.877983,235477.569413,98959.308571,0.0,0.0,0.0,12834.868679,1332.851321,38943.29,8.587792
2019-01-11,16,347051.528545,247761.941587,99289.586958,0.0,0.0,0.0,12682.624979,1698.525021,39166.91,8.860835
2019-01-11,17,372461.581928,262599.701061,109861.880867,0.0,0.0,0.0,11645.049715,1471.240285,40109.08,9.286216
2019-01-11,18,394624.432394,278604.984953,116019.447441,0.0,0.0,0.0,10532.969,470.151,40789.79,9.674588
2019-01-11,19,395146.352767,278598.404953,116547.947814,0.0,0.0,0.0,8591.671,507.259,40061.61,9.863467
2019-01-11,20,375631.567506,278598.404953,97033.162553,0.0,0.0,0.0,9860.720006,519.499994,39218.6,9.577893
2019-01-11,21,320743.203281,224994.059145,95749.144136,0.0,0.0,0.0,10377.265783,1879.434217,37958.41,8.449859
2019-01-11,22,280706.082099,202925.44361,77780.638489,0.0,0.0,0.0,11551.235449,1530.724551,36158.8,7.763147
2019-01-11,23,245328.871339,177039.755211,68289.116128,0.0,0.0,0.0,11307.419564,907.640436,34269.34,7.158844
2019-01-12,0,232980.507034,170645.187314,62335.319721,0.0,0.0,0.0,10195.69,351.56,32779.52,7.107502
2019-01-12,1,200578.977728,130911.77829,69667.199438,0.0,0.0,0.0,8892.53,176.01,31759.3,6.315598
2019-01-12,2,205330.802608,137303.056187,68027.74642,0.0,0.0,0.0,7283.83,158.75,31156.64,6.590274
2019-01-12,3,214162.148863,137299.766187,76862.382676,0.0,0.0,0.0,6309.044118,328.065882,31059.99,6.895113
2019-01-12,4,225091.048748,136948.766187,88142.28256,0.0,0.0,0.0,6730.187445,1281.982555,31547.34,7.135025
2019-01-12,5,289020.498033,211969.644203,77050.853831,0.0,0.0,0.0,8104.558741,2197.481259,32826.25,8.804554
2019-01-12,6,283563.287222,204849.672602,78713.61462,0.0,0.0,0.0,10843.248849,2147.571151,34625.33,8.189475
2019-01-12,7,315273.58702,223143.195092,92130.391928,0.0,0.0,0.0,10974.577029,1982.712971,36352.78,8.672613
2019-01-12,8,354337.163459,247175.0633,107162.100159,0.0,0.0,0.0,9874.543034,1961.736966,37526.47,9.442326
2019-01-12,9,371552.120221,247668.41871,123883.701511,0.0,0.0,0.0,8773.028677,2593.291323,38354.45,9.687328
2019-01-12,10,402222.223538,291864.44191,110357.781628,0.0,0.0,0.0,10200.779716,1596.800284,38884.2,10.344104
2019-01-12,11,384706.567459,267436.999592,117269.567866,0.0,0.0,0.0,10916.688568,2245.851432,39122.68,9.833339
2019-01-12,12,373879.996188,265917.788869,107962.207318,0.0,0.0,0.0,11857.433649,2572.056351,38914.71,9.607678
2019-01-12,13,331700.654336,221718.475669,109982.178666,0.0,0.0,0.0,11708.489976,4461.760024,38534.18,8.607959
2019-01-12,14,327883.695138,221718.475669,106165.219468,0.0,0.0,0.0,11778.527141,4342.962859,38147.49,8.595158
2019-01-12,15,330739.730066,223240.976392,107498.753673,0.0,0.0,0.0,11324.950584,4130.719416,38075.85,8.686339
2019-01-12,16,342771.252888,223234.396392,119536.856496,0.0,0.0,0.0,10845.463,3364.437,38174.33,8.979103
2019-01-12,17,417169.601602,308240.465802,108929.135801,0.0,0.0,0.0,9908.826566,2307.053434,38969.68,10.704979
2019-01-12,18,459202.304277,330567.714424,128634.589852,0.0,0.0,0.0,7680.049191,1926.390809,40463.28,11.348618
2019-01-12,19,490719.328204,340763.335384,149955.99282,0.0,0.0,0.0,5206.681675,837.468325,40356.86,12.159502
2019-01-12,20,482385.635733,340756.755384,141628.880349,0.0,0.0,0.0,5016.210006,519.499994,39964.66,12.070305
2019-01-12,21,437752.491933,296557.442184,141195.049749,0.0,0.0,0.0,5116.5,455.38,39392.48,11.11259
2019-01-12,22,422516.799313,296557.442184,125959.357129,0.0,0.0,0.0,5799.010684,431.179316,38569.47,10.954695
2019-01-12,23,392891.922623,267502.32137,125389.601253,0.0,0.0,0.0,5487.97,267.23,37439.31,10.494102
2019-01-13,0,378503.510612,258762.124587,119741.386025,0.0,0.0,0.0,5430.06,168.56,36459.35,10.381521
2019-01-13,1,375337.162166,254563.084588,120774.077578,0.0,0.0,0.0,5138.28,101.14,35978.77,10.432184
2019-01-13,2,380516.657916,261284.376779,119232.281137,0.0,0.0,0.0,4978.25,98.89,35871.1,10.607889
2019-01-13,3,384965.757465,261281.086779,123684.670686,0.0,0.0,0.0,4817.88,97.44,36085.92,10.668032
2019-01-13,4,408080.089684,282365.1999,125714.889785,0.0,0.0,0.0,4859.412,117.948,36680.52,11.125254
2019-01-13,5,469830.82153,339278.679692,130552.141839,0.0,0.0,0.0,4707.788,59.812,37811.28,12.425679
2019-01-13,6,499779.408787,361616.308315,138163.100472,0.0,0.0,0.0,4589.11976,124.82024,39486.15,12.657081
2019-01-13,7,553173.960039,405812.331515,147361.628525,0.0,0.0,0.0,4705.797391,72.702609,41155.45,13.441086
2019-01-13,8,577214.231412,410011.371514,167202.859899,0.0,0.0,0.0,4658.630875,162.669125,42409.26,13.610571
2019-01-13,9,581279.743748,410008.081514,171271.662235,0.0,0.0,0.0,5008.06,79.67,42990.13,13.521237
2019-01-13,10,557991.65274,410008.081514,147983.571227,0.0,0.0,0.0,6714.41,56.52,42659.58,13.080102
2019-01-13,11,507597.145512,366590.13977,141007.005742,0.0,0.0,0.0,7291.47,116.21,41765.24,12.153579
2019-01-13,12,487376.984981,366590.13977,120786.845211,0.0,0.0,0.0,8257.654914,389.315086,40746.2,11.961287
2019-01-13,13,447822.34496,327420.62177,120401.72319,0.0,0.0,0.0,8600.765,134.645,39927.15,11.215986
2019-01-13,14,443361.479622,327420.62177,115940.857852,0.0,0.0,0.0,8336.681138,440.388862,39288.94,11.284638
2019-01-13,15,445493.556673,327420.62177,118072.934903,0.0,0.0,0.0,8033.922764,426.567236,39188.87,11.367859
2019-01-13,16,479010.611136,357859.812987,121150.798149,0.0,0.0,0.0,7485.676467,186.143533,39710.55,12.062553
2019-01-13,17,540769.957558,396348.138393,144421.819165,0.0,0.0,0.0,6598.09,139.46,41576.89,13.006503
2019-01-13,18,615671.476645,444954.378955,170717.097691,0.0,0.0,0.0,5736.964,205.266,44064.74,13.971976
2019-01-13,19,628149.117444,444944.508955,183204.60849,0.0,0.0,0.0,5020.96,383.07,44875.96,13.997452
2019-01-13,20,634696.62475,444944.508955,189752.115795,0.0,0.0,0.0,4450.45,217.46,44655.04,14.213326
2019-01-13,21,626285.476478,444944.508955,181340.967524,0.0,0.0,0.0,4026.29,110.27,43649.93,14.347915
2019-01-13,22,588147.662884,426605.028763,161542.634121,0.0,0.0,0.0,3727.56,47.37,41581.77,14.144363
2019-01-13,23,543808.188413,400472.05949,143336.128923,0.0,0.0,0.0,3708.29,45.63,39683.7,13.703566
2019-01-14,0,523222.118035,389574.61819,133647.499845,0.0,0.0,0.0,3599.57,52.0,38501.54,13.589641
2019-01-14,1,496672.779947,368491.015069,128181.764877,0.0,0.0,0.0,3654.5,68.81,38018.2,13.064079
2019-01-14,2,485472.170589,351490.878471,133981.292118,0.0,0.0,0.0,3754.08,19.01,38041.8,12.761546
2019-01-14,3,508198.149948,370222.707744,137975.442204,0.0,0.0,0.0,3804.674,113.156,38517.64,13.193907
2019-01-14,4,547750.217797,403688.477935,144061.739861,0.0,0.0,0.0,3891.253592,148.046408,39905.67,13.726125
2019-01-14,5,676471.640491,521991.117103,154480.523388,0.0,0.0,0.0,3776.043342,47.216658,43103.13,15.694258
2019-01-14,6,808565.616439,597846.517076,210719.099363,0.0,0.0,0.0,3649.08,28.69,47531.78,17.011053
2019-01-14,7,820024.622473,597837.157076,222187.465398,0.0,0.0,0.0,3590.47,31.98,49085.69,16.705981
2019-01-14,8,801830.702946,589096.960292,212733.742654,0.0,0.0,0.0,3608.54,36.32,48518.66,16.526233
2019-01-14,9,797681.199824,593299.290292,204381.909532,0.0,0.0,0.0,3798.86,55.34,48252.28,16.531472
2019-01-14,10,755717.528969,580958.663954,174758.865015,0.0,0.0,0.0,5331.23,52.43,47533.0,15.898797
2019-01-14,11,688145.440885,527933.381107,160212.059778,0.0,0.0,0.0,6219.07,128.25,46295.37,14.864239
2019-01-14,12,563800.817283,419616.701192,144184.116091,0.0,0.0,0.0,7545.560616,211.769384,44655.03,12.625696
2019-01-14,13,500379.833919,379821.543091,120558.290828,0.0,0.0,0.0,8734.818217,251.241783,43093.29,11.611549
2019-01-14,14,444114.490802,316192.841108,127921.649694,0.0,0.0,0.0,8579.090489,300.439511,41827.37,10.617796
2019-01-14,15,437411.843527,317050.356518,120361.487009,0.0,0.0,0.0,8060.824289,200.745711,41189.4,10.619525
2019-01-14,16,460476.504732,332505.265493,127971.239239,0.0,0.0,0.0,7567.7,48.69,41852.4,11.002392
2019-01-14,17,645314.520486,499971.729668,145342.790819,0.0,0.0,0.0,6036.06,16.51,44140.2,14.619656
2019-01-14,18,694747.985292,499958.569668,194789.415624,0.0,0.0,0.0,4587.27,117.86,46759.91,14.85777
2019-01-14,19,719154.740077,499958.569668,219196.170409,0.0,0.0,0.0,3858.38,0.0,47023.85,15.293404
2019-01-14,20,719280.978795,509151.086917,210129.891878,0.0,0.0,0.0,3601.007055,145.282945,46633.05,15.424275
2019-01-14,21,690238.201672,509147.796917,181090.404755,0.0,0.0,0.0,3704.44,203.14,45134.45,15.292935
2019-01-14,22,609786.891948,456125.80407,153661.087878,0.0,0.0,0.0,3940.89,219.8,42485.54,14.35281
2019-01-14,23,508223.641512,362768.735863,145454.90565,0.0,0.0,0.0,4113.14,225.28,40329.33,12.601837
2019-01-15,0,476553.814345,344839.31183,131714.502515,0.0,0.0,0.0,4271.51,232.84,38974.46,12.227336
2019-01-15,1,440568.398352,309632.766518,130935.631833,0.0,0.0,0.0,4399.3,244.46,38135.91,11.552586
2019-01-15,2,444470.564496,309632.766518,134837.797977,0.0,0.0,0.0,3930.58,226.12,37884.75,11.732176
2019-01-15,3,471571.681667,337438.17183,134133.509837,0.0,0.0,0.0,3480.54,208.33,37986.06,12.414335
2019-01-15,4,489734.245194,346175.078613,143559.166581,0.0,0.0,0.0,3113.46,193.02,38887.12,12.593739
2019-01-15,5,627786.386503,474217.949476,153568.437027,0.0,0.0,0.0,3339.046,132.064,41544.46,15.111194
2019-01-15,6,691748.201986,492554.139668,199194.062319,0.0,0.0,0.0,3511.86,214.29,45408.43,15.233916
2019-01-15,7,705442.268409,492550.849668,212891.418741,0.0,0.0,0.0,3882.612088,143.727912,46653.47,15.120896
2019-01-15,8,691839.811557,492550.849668,199288.961889,0.0,0.0,0.0,3728.13,278.44,45776.48,15.113434
2019-01-15,9,665822.173213,474211.369476,191610.803738,0.0,0.0,0.0,3974.12,341.99,45243.4,14.716449
2019-01-15,10,605243.016407,422575.361352,182667.655055,0.0,0.0,0.0,5467.16,238.98,44847.4,13.49561
2019-01-15,11,561879.38633,401494.538231,160384.848099,0.0,0.0,0.0,7092.12192,645.32808,44126.83,12.733282
2019-01-15,12,496615.011822,347247.331285,149367.680537,0.0,0.0,0.0,8688.197586,1308.362414,43134.86,11.513078
2019-01-15,13,463741.614083,330165.972744,133575.641339,0.0,0.0,0.0,10519.802212,1300.087788,42320.15,10.957939
2019-01-15,14,443089.884865,312915.60925,130174.275615,0.0,0.0,0.0,9976.453189,1539.726811,41731.27,10.617695
2019-01-15,15,443105.45892,313484.507525,129620.951396,0.0,0.0,0.0,9191.247,1276.913,41506.87,10.675473
2019-01-15,16,479605.369636,348203.668248,131401.701387,0.0,0.0,0.0,8651.59,596.94,42222.7,11.358946
2019-01-15,17,562981.751321,410693.635481,152288.11584,0.0,0.0,0.0,6800.4,452.05,43944.85,12.811097
2019-01-15,18,630074.137571,439178.888601,190895.24897,0.0,0.0,0.0,4996.01,358.64,45563.69,13.828426
2019-01-15,19,650091.03355,439172.308601,210918.724949,0.0,0.0,0.0,3371.744994,178.625006,45353.06,14.334006
2019-01-15,20,617636.645482,431764.588601,185872.05688,0.0,0.0,0.0,4043.1,305.2,44610.98,13.844947
2019-01-15,21,575936.973041,431764.588601,144172.384439,0.0,0.0,0.0,5412.85,323.74,42792.56,13.458811
2019-01-15,22,440557.591736,313462.459433,127095.132303,0.0,0.0,0.0,6768.33,344.72,40163.53,10.969095
2019-01-15,23,385337.653559,276946.48521,108391.168349,0.0,0.0,0.0,7057.6,328.35,37725.86,10.214152
2019-01-16,0,342984.774966,245048.634319,97936.140647,0.0,0.0,0.0,7327.65,315.55,36132.0,9.492549
2019-01-16,1,327582.483532,237776.967211,89805.516321,0.0,0.0,0.0,7645.29,304.72,35324.77,9.27345
2019-01-16,2,323684.801534,230660.28561,93024.515924,0.0,0.0,0.0,7142.82,310.37,34989.48,9.250918
2019-01-16,3,331515.519645,237780.257211,93735.262434,0.0,0.0,0.0,6947.501,236.789,35106.91,9.443028
2019-01-16,4,352976.69782,254219.909128,98756.788693,0.0,0.0,0.0,6813.495,299.965,36022.65,9.798743
2019-01-16,5,428739.568126,313485.489433,115254.078692,0.0,0.0,0.0,6663.3,321.88,38479.88,11.141915
2019-01-16,6,505026.182479,357665.062633,147361.119846,0.0,0.0,0.0,6464.437,417.213,42209.67,11.964703
2019-01-16,7,522562.60889,357661.772633,164900.836256,0.0,0.0,0.0,6284.824,416.276,43149.84,12.110418
2019-01-16,8,514494.322717,357661.772633,156832.550084,0.0,0.0,0.0,5864.81,579.87,42362.28,12.145105
2019-01-16,9,499159.673268,348125.75061,151033.922658,0.0,0.0,0.0,6304.120006,649.869994,42088.07,11.859885
2019-01-16,10,476479.636001,338936.52336,137543.112641,0.0,0.0,0.0,7874.98,432.85,41630.18,11.445534
2019-01-16,11,420819.943479,287021.420161,133798.523318,0.0,0.0,0.0,8705.384886,1981.255114,40837.55,10.30473
2019-01-16,12,390020.944758,270581.768244,119439.176514,0.0,0.0,0.0,10058.907465,2304.672535,40049.2,9.738545
2019-01-16,13,353636.614601,244050.846511,109585.76809,0.0,0.0,0.0,11317.079847,1775.620153,39286.6,9.001456
2019-01-16,14,332386.762947,230216.162719,102170.600228,0.0,0.0,0.0,11186.943017,2771.946983,38425.22,8.650224
2019-01-16,15,321777.744987,221877.372318,99900.372669,0.0,0.0,0.0,11110.936,2982.274,38063.76,8.453651
2019-01-16,16,333574.852163,237339.424319,96235.427844,0.0,0.0,0.0,11408.675699,2507.724301,38403.16,8.68613
2019-01-16,17,381095.251293,274233.483561,106861.767732,0.0,0.0,0.0,10031.552547,2427.537453,39670.61,9.606488
2019-01-16,18,456077.352893,324571.888586,131505.464307,0.0,0.0,0.0,7790.009193,1212.390807,41265.7,11.052214
2019-01-16,19,470497.475064,324555.438586,145942.036478,0.0,0.0,0.0,5088.84,450.9,41086.02,11.451522
2019-01-16,20,451661.724574,324555.438586,127106.285988,0.0,0.0,0.0,5956.77,473.91,40344.51,11.195122
2019-01-16,21,403580.889014,294429.140161,109151.748854,0.0,0.0,0.0,7163.21,497.08,38878.18,10.380653
2019-01-16,22,339306.706338,249981.494195,89325.212144,0.0,0.0,0.0,7930.195743,551.504257,36339.66,9.337091
2019-01-16,23,282677.285994,211719.021759,70958.264235,0.0,0.0,0.0,7867.610006,519.499994,33930.27,8.331124
2019-01-17,0,261432.464894,198606.451671,62826.013223,0.0,0.0,0.0,7852.460006,519.499994,32288.36,8.096802
2019-01-17,1,227966.908977,164307.558898,63659.350079,0.0,0.0,0.0,8102.740006,519.499994,31344.35,7.272982
2019-01-17,2,231050.207184,164304.268898,66745.938286,0.0,0.0,0.0,7136.450006,519.499994,30958.06,7.46333
2019-01-17,3,237390.786281,170702.126795,66688.659486,0.0,0.0,0.0,6750.22,501.6,30978.47,7.663089
2019-01-17,4,253577.101147,184033.835546,69543.265601,0.0,0.0,0.0,6779.75,476.71,31776.98,7.979899
2019-01-17,5,318131.431389,239600.087572,78531.343818,0.0,0.0,0.0,6439.0,466.6,34167.39,9.310967
2019-01-17,6,412455.462111,299962.622479,112492.839632,0.0,0.0,0.0,6278.57,466.09,37956.74,10.866462
2019-01-17,7,438402.942171,319224.643278,119178.298893,0.0,0.0,0.0,6267.83,475.52,39399.08,11.127238
2019-01-17,8,454347.558612,328757.375302,125590.18331,0.0,0.0,0.0,4528.22,250.05,38974.65,11.657515
2019-01-17,9,458883.411502,328754.085302,130129.326201,0.0,0.0,0.0,3880.21,133.09,38808.95,11.824165
2019-01-17,10,444130.496122,328754.085302,115376.410821,0.0,0.0,0.0,4951.35,49.28,38526.48,11.527928
2019-01-17,11,413672.946329,299009.246679,114663.69965,0.0,0.0,0.0,5500.1,82.21,37970.25,10.89466
2019-01-17,12,393353.178849,299009.246679,94343.93217,0.0,0.0,0.0,6837.46,105.5,37259.72,10.557062
2019-01-17,13,318415.27256,227127.424645,91287.847916,0.0,0.0,0.0,8636.864743,206.015257,36723.73,8.670559
2019-01-17,14,314610.553472,218387.227862,96223.325611,0.0,0.0,0.0,7787.739,205.911,36273.49,8.673292
2019-01-17,15,320745.962589,225662.18497,95083.777619,0.0,0.0,0.0,7210.06368,20.94632,35906.94,8.932701
2019-01-17,16,336884.687478,242101.836887,94782.850592,0.0,0.0,0.0,6535.57,15.29,36068.42,9.340156
2019-01-17,17,427593.19015,322926.719085,104666.471065,0.0,0.0,0.0,4942.51,0.0,36939.98,11.57535
2019-01-17,18,469569.128863,322913.559085,146655.569778,0.0,0.0,0.0,3988.66,52.97,39053.19,12.023835
2019-01-17,19,477727.684968,322913.559085,154814.125882,0.0,0.0,0.0,4018.612,18.298,39415.92,12.120171
2019-01-17,20,466621.024654,322913.559085,143707.465568,0.0,0.0,0.0,4460.79,209.46,39229.85,11.89454
2019-01-17,21,421870.397662,304574.078894,117296.318768,0.0,0.0,0.0,5598.48,259.14,38223.8,11.036851
2019-01-17,22,373619.995424,286297.860087,87322.135337,0.0,0.0,0.0,7174.26,322.92,36330.07,10.284043
2019-01-17,23,300057.250072,211669.22567,88388.024402,0.0,0.0,0.0,7005.008782,362.681218,34390.21,8.725078
2019-01-18,0,282741.88278,204201.54407,78540.33871,0.0,0.0,0.0,7151.26565,431.68435,33161.87,8.526114
2019-01-18,1,267175.592896,190378.013925,76797.578971,0.0,0.0,0.0,7633.876508,473.853492,32694.33,8.171924
2019-01-18,2,261607.758128,185388.385574,76219.372554,0.0,0.0,0.0,7849.833362,508.716638,32476.95,8.055182
2019-01-18,3,261927.800615,184796.20861,77131.592005,0.0,0.0,0.0,8241.960659,579.749341,32648.7,8.02261
2019-01-18,4,276384.537279,192746.0049,83638.532378,0.0,0.0,0.0,8456.482261,679.807739,33575.65,8.231696
2019-01-18,5,335180.662973,244213.695209,90966.967764,0.0,0.0,0.0,9553.775381,1299.574619,35925.85,9.329791
2019-01-18,6,397330.069296,273405.572344,123924.496952,0.0,0.0,0.0,10898.29,1531.91,39626.2,10.026954
2019-01-18,7,415117.172505,273392.412344,141724.760161,0.0,0.0,0.0,10294.643,2917.827,41157.13,10.086155
2019-01-18,8,409629.236261,273392.412344,136236.823917,0.0,0.0,0.0,9948.364765,2820.865235,40718.06,10.060136
2019-01-18,9,403252.069219,272750.70572,130501.363499,0.0,0.0,0.0,10116.537416,2213.322584,40332.03,9.998308
2019-01-18,10,377020.025315,264010.508937,113009.516378,0.0,0.0,0.0,11249.110462,1463.269538,39815.46,9.469187
2019-01-18,11,351825.469667,255671.718537,96153.751131,0.0,0.0,0.0,11857.997122,2439.662878,39150.7,8.986441
2019-01-18,12,306308.583391,211472.405337,94836.178054,0.0,0.0,0.0,11655.528562,3976.291438,38544.97,7.946785
2019-01-18,13,320425.166624,248403.341428,72021.825196,0.0,0.0,0.0,13499.508299,2957.621701,38145.31,8.40012
2019-01-18,14,281784.935973,192565.003305,89219.932667,0.0,0.0,0.0,11849.901856,5902.158144,37548.1,7.504639
2019-01-18,15,232917.875775,148014.690106,84903.185669,0.0,0.0,0.0,12175.101597,5426.948403,37072.75,6.282725
2019-01-18,16,230148.644735,147480.307456,82668.337279,0.0,0.0,0.0,12371.387574,4434.382426,36990.87,6.221769
2019-01-18,17,283404.58425,201561.950329,81842.633921,0.0,0.0,0.0,12031.092397,3488.707603,37512.88,7.554861
2019-01-18,18,300022.611129,191885.83633,108136.774799,0.0,0.0,0.0,11409.862514,2786.767486,38526.42,7.787451
2019-01-18,19,295505.665737,191885.83633,103619.829407,0.0,0.0,0.0,10930.337681,1653.942319,38106.47,7.754737
2019-01-18,20,286684.772639,201548.790329,85135.98231,0.0,0.0,0.0,11570.724591,2765.495409,37353.23,7.674966
2019-01-18,21,226403.875168,149007.396729,77396.478439,0.0,0.0,0.0,12278.39172,3688.32828,36292.33,6.238339
2019-01-18,22,192024.638324,128813.593361,63211.044964,0.0,0.0,0.0,13877.981394,2260.238606,34858.02,5.508765
2019-01-18,23,158059.657937,109193.144519,48866.513418,0.0,0.0,0.0,14593.360481,2177.389519,33078.26,4.778355
2019-01-19,0,136036.986772,96505.295375,39531.691397,0.0,0.0,0.0,15112.999536,1607.570464,31626.15,4.301408
2019-01-19,1,146149.350792,96209.087499,49940.263293,0.0,0.0,0.0,13127.088,48.632,30862.28,4.735533
2019-01-19,2,155371.15443,96740.180149,58630.974281,0.0,0.0,0.0,11875.186,954.314,30797.76,5.044885
2019-01-19,3,249541.628187,187444.613888,62097.014299,0.0,0.0,0.0,10187.888,1561.052,31371.98,7.954284
2019-01-19,4,272261.352088,187408.933888,84852.418201,0.0,0.0,0.0,6369.38,0.0,32567.48,8.359915
2019-01-19,5,332916.417513,262429.811903,70486.60561,0.0,0.0,0.0,10042.221588,1593.208412,34680.37,9.599564
2019-01-19,6,388566.813593,286386.810286,102180.003306,0.0,0.0,0.0,9954.399691,1659.090309,37325.71,10.410165
2019-01-19,7,458466.803349,335785.536096,122681.267253,0.0,0.0,0.0,9621.082,2485.088,40072.32,11.440985
2019-01-19,8,509865.699311,362319.747829,147545.951482,0.0,0.0,0.0,10093.009,2069.891,42575.89,11.975456
2019-01-19,9,573675.885921,413074.451853,160601.434068,0.0,0.0,0.0,10126.804533,1865.505467,44134.03,12.998493
2019-01-19,10,573187.724383,413071.671853,160116.05253,0.0,0.0,0.0,10089.41443,981.93557,44598.78,12.852094
2019-01-19,11,566714.937197,413716.668477,152998.26872,0.0,0.0,0.0,10190.328991,2174.211009,44150.49,12.835983
2019-01-19,12,540503.662868,400912.281877,139591.380991,0.0,0.0,0.0,10415.299721,3030.000279,43223.22,12.504937
2019-01-19,13,515158.440382,393049.589194,122108.851188,0.0,0.0,0.0,10925.226106,2948.833894,42057.23,12.248986
2019-01-19,14,482696.169618,365728.211143,116967.958475,0.0,0.0,0.0,11120.056843,3579.953157,41085.19,11.748666
2019-01-19,15,446268.583957,317557.708134,128710.875822,0.0,0.0,0.0,11458.22198,3263.73802,40481.5,11.024013
2019-01-19,16,443675.73646,317339.80986,126335.9266,0.0,0.0,0.0,11445.630725,2150.829275,40650.08,10.914511
2019-01-19,17,465763.856355,346360.77586,119403.080495,0.0,0.0,0.0,12640.496219,2119.303781,42072.62,11.070474
2019-01-19,18,561106.308044,420901.046629,140205.261416,0.0,0.0,0.0,11005.332,1606.908,44941.32,12.48531
2019-01-19,19,594806.547133,420881.306629,173925.240504,0.0,0.0,0.0,7504.003493,465.806507,45497.74,13.073321
2019-01-19,20,598617.02069,420881.306629,177735.714061,0.0,0.0,0.0,7742.879061,378.820939,45698.93,13.099147
2019-01-19,21,591730.742488,420881.306629,170849.43586,0.0,0.0,0.0,8331.241009,350.688991,45458.99,13.016804
2019-01-19,22,575100.460247,408080.210029,167020.250218,0.0,0.0,0.0,8034.773173,637.086827,44662.81,12.876495
2019-01-19,23,575302.864943,408080.210029,167222.654913,0.0,0.0,0.0,6882.995861,435.144139,43760.0,13.146775
2019-01-20,0,747659.095756,595251.090193,152408.005563,0.0,0.0,0.0,5766.320936,344.619064,43105.65,17.344805
2019-01-20,1,693284.611504,539407.19207,153877.419434,0.0,0.0,0.0,5212.75,186.94,42934.34,16.147555
2019-01-20,2,698427.193696,534417.563719,164009.629977,0.0,0.0,0.0,4701.39,120.98,42968.77,16.254298
2019-01-20,3,746800.636934,582590.846728,164209.790206,0.0,0.0,0.0,4487.14,80.88,43310.24,17.24305
2019-01-20,4,754039.56501,596773.502328,157266.062682,0.0,0.0,0.0,4803.66,60.6,44147.09,17.080165
2019-01-20,5,824541.488295,649792.205175,174749.28312,0.0,0.0,0.0,3597.02,0.0,45461.11,18.137293
2019-01-20,6,872675.881776,668131.685367,204544.196409,0.0,0.0,0.0,3234.75,0.0,47269.7,18.461634
2019-01-20,7,899351.408834,668128.395367,231223.013467,0.0,0.0,0.0,3577.3,68.15,48930.53,18.380169
2019-01-20,8,910657.556524,672330.725366,238326.831157,0.0,0.0,0.0,3703.622,86.458,49352.02,18.452285
2019-01-20,9,876708.042211,672327.435366,204380.606845,0.0,0.0,0.0,4161.61,117.46,48258.44,18.166937
2019-01-20,10,780545.667058,625499.412054,155046.255004,0.0,0.0,0.0,6299.35,89.3,45954.68,16.985118
2019-01-20,11,694339.404171,563288.191957,131051.212214,0.0,0.0,0.0,7527.085794,826.404206,43536.39,15.948484
2019-01-20,12,463548.626447,344727.945193,118820.681254,0.0,0.0,0.0,9511.038963,1404.481037,41259.63,11.23492
2019-01-20,13,391900.694168,289939.310762,101961.383406,0.0,0.0,0.0,11211.123519,1968.356481,39360.88,9.956604
2019-01-20,14,354145.31473,260487.857211,93657.457519,0.0,0.0,0.0,11340.043496,2667.926504,37870.06,9.351591
2019-01-20,15,308584.960312,212317.354202,96267.60611,0.0,0.0,0.0,11614.096278,2829.693722,37021.7,8.335246
2019-01-20,16,312972.253172,224861.764602,88110.48857,0.0,0.0,0.0,12290.564218,1974.845782,36908.1,8.479771
2019-01-20,17,393878.047693,287044.450161,106833.597532,0.0,0.0,0.0,9316.761927,2253.128073,38623.14,10.197981
2019-01-20,18,519023.244333,383838.185803,135185.05853,0.0,0.0,0.0,6872.782211,1066.087789,41764.05,12.427512
2019-01-20,19,562214.349311,383818.445803,178395.903508,0.0,0.0,0.0,4266.454,245.966,42989.14,13.078055
2019-01-20,20,547933.353329,383818.445803,164114.907526,0.0,0.0,0.0,5270.1,388.99,43149.9,12.698369
2019-01-20,21,524260.665757,374282.42378,149978.241978,0.0,0.0,0.0,7285.03,396.59,43278.11,12.113761
2019-01-20,22,469736.431954,338628.453361,131107.978594,0.0,0.0,0.0,9347.71,583.7,42117.85,11.152906
2019-01-20,23,435687.121134,321547.09482,114140.026314,0.0,0.0,0.0,10224.75959,429.26041,40672.63,10.712047
2019-01-21,0,376800.349372,260801.535078,115998.814294,0.0,0.0,0.0,10307.763918,843.896082,39769.55,9.474594
2019-01-21,1,362631.139138,248941.859378,113689.27976,0.0,0.0,0.0,10801.347138,527.052862,39392.77,9.205525
2019-01-21,2,361247.195536,248064.355278,113182.840258,0.0,0.0,0.0,10931.01,582.38,39492.73,9.147182
2019-01-21,3,402981.736885,291042.136819,111939.600066,0.0,0.0,0.0,11432.02,477.11,40131.48,10.041537
2019-01-21,4,422221.183535,307475.718736,114745.464799,0.0,0.0,0.0,11116.882,769.338,41480.82,10.178709
2019-01-21,5,492715.260369,365671.281236,127043.979133,0.0,0.0,0.0,11964.55964,958.43036,44062.23,11.182259
2019-01-21,6,548216.500195,388937.128393,159279.371802,0.0,0.0,0.0,12499.544545,1086.085455,47294.87,11.591458
2019-01-21,7,581340.594446,403976.486314,177364.108133,0.0,0.0,0.0,12336.397932,1430.912068,48973.12,11.870606
2019-01-21,8,586080.762089,403973.196314,182107.565776,0.0,0.0,0.0,11237.482,1955.788,48555.62,12.070297
2019-01-21,9,577069.871751,403973.196314,173096.675437,0.0,0.0,0.0,10445.559118,2034.270882,47276.3,12.206325
2019-01-21,10,540691.194735,388927.258393,151763.936343,0.0,0.0,0.0,11560.453755,1194.506245,45876.77,11.785729
2019-01-21,11,490355.502592,362951.584452,127403.91814,0.0,0.0,0.0,11820.464344,2388.025656,43851.36,11.182219
2019-01-21,12,414557.148851,305951.174653,108605.974198,0.0,0.0,0.0,12592.514541,2905.865459,41660.56,9.95083
2019-01-21,13,361301.559539,269676.525561,91625.033979,0.0,0.0,0.0,14093.773455,2524.446545,40059.48,9.019128
2019-01-21,14,333743.905133,254110.919902,79632.985231,0.0,0.0,0.0,14632.459953,3020.470047,38776.97,8.606756
2019-01-21,15,290424.401176,205420.492793,85003.908383,0.0,0.0,0.0,14687.298592,3077.601408,38099.44,7.6228
2019-01-21,16,302726.2598,206170.447193,96555.812608,0.0,0.0,0.0,13670.716446,2852.093554,38210.64,7.922564
2019-01-21,17,338529.98243,246057.537401,92472.445029,0.0,0.0,0.0,13336.008379,2567.641621,39391.63,8.593957
2019-01-21,18,374808.892915,262405.196454,112403.69646,0.0,0.0,0.0,12403.080117,2285.629883,41701.84,8.987826
2019-01-21,19,381848.566085,262535.008179,119313.557905,0.0,0.0,0.0,11099.98563,2083.93437,41813.39,9.132208
2019-01-21,20,365809.056048,261878.692354,103930.363694,0.0,0.0,0.0,12892.691955,2121.028045,41171.8,8.884942
2019-01-21,21,318263.265353,228356.763253,89906.502099,0.0,0.0,0.0,14923.727834,2174.362166,39776.21,8.001347
2019-01-21,22,267242.439782,196094.421482,71148.0183,0.0,0.0,0.0,15964.828047,2303.321953,37287.92,7.166998
2019-01-21,23,247787.411292,197997.263284,49790.148008,0.0,0.0,0.0,15773.04218,2522.83782,34785.4,7.123316
2019-01-22,0,226791.756817,183237.172675,43554.584142,0.0,0.0,0.0,15653.420406,2319.459594,33150.43,6.841292
2019-01-22,1,146742.493301,95672.438959,51070.054342,0.0,0.0,0.0,14649.663,2906.547,32192.33,4.558306
2019-01-22,2,144398.689617,95672.438959,48726.250658,0.0,0.0,0.0,14153.51732,3300.21268,31703.04,4.554727
2019-01-22,3,147290.262067,98787.205458,48503.056608,0.0,0.0,0.0,13791.620113,3428.879887,31687.39,4.64823
2019-01-22,4,155735.083404,99062.662594,56672.420809,0.0,0.0,0.0,13610.305,3275.255,32456.75,4.798234
2019-01-22,5,252943.79445,192827.873105,60115.921345,0.0,0.0,0.0,14498.099,2106.951,34693.99,7.290709
2019-01-22,6,300302.954885,211102.010103,89200.944783,0.0,0.0,0.0,14294.474521,1843.515479,38275.89,7.845747
2019-01-22,7,313004.339904,211092.140103,101912.199802,0.0,0.0,0.0,13790.913449,1583.206551,39264.5,7.971688
2019-01-22,8,317775.973285,217316.852553,100459.120733,0.0,0.0,0.0,12547.17,1477.49,38572.2,8.238472
2019-01-22,9,323425.960511,217306.982553,106118.977958,0.0,0.0,0.0,11734.015,1613.005,38427.65,8.416491
2019-01-22,10,314928.287915,217306.982553,97621.305362,0.0,0.0,0.0,12479.161948,1230.498052,38336.72,8.214795
2019-01-22,11,311827.958714,212317.354202,99510.604512,0.0,0.0,0.0,12048.716941,1384.843059,38194.55,8.1642
2019-01-22,12,305259.51951,212317.354202,92942.165308,0.0,0.0,0.0,12875.076718,1541.243282,38047.39,8.02314
2019-01-22,13,292210.581097,200421.335102,91789.245995,0.0,0.0,0.0,13450.18604,1532.52396,37928.8,7.704187
2019-01-22,14,291961.654792,200421.335102,91540.31969,0.0,0.0,0.0,13020.965159,1997.894841,37764.87,7.731038
2019-01-22,15,290821.204628,200421.335102,90399.869526,0.0,0.0,0.0,12972.589268,2662.520732,37721.42,7.70971
2019-01-22,16,309637.970407,216918.173143,92719.797263,0.0,0.0,0.0,12919.62,1599.88,38197.9,8.106152
2019-01-22,17,349225.893038,248388.799036,100837.094002,0.0,0.0,0.0,12201.207243,1696.022757,39549.44,8.83011
2019-01-22,18,386512.975616,264818.580953,121694.394663,0.0,0.0,0.0,11308.701975,2192.568025,41482.82,9.317423
2019-01-22,19,436226.633203,309017.894153,127208.73905,0.0,0.0,0.0,10017.016,1966.714,41948.56,10.399085
2019-01-22,20,431978.32957,309014.604153,122963.725417,0.0,0.0,0.0,11987.403173,1966.656827,42046.29,10.273875
2019-01-22,21,384801.125633,271730.031952,113071.093681,0.0,0.0,0.0,14301.132406,2243.057594,41182.99,9.343691
2019-01-22,22,333893.692126,227530.718752,106362.973374,0.0,0.0,0.0,13189.498198,4175.781802,39508.01,8.451291
2019-01-22,23,318549.113725,217274.601245,101274.51248,0.0,0.0,0.0,12126.660254,3548.829746,37858.36,8.414234
2019-01-23,0,315445.317948,221725.055669,93720.262279,0.0,0.0,0.0,12167.477831,2841.612169,36874.0,8.554681
2019-01-23,1,337718.481806,222595.979769,115122.502037,0.0,0.0,0.0,9779.838,2075.332,36896.58,9.153111
2019-01-23,2,335967.965886,222592.689769,113375.276117,0.0,0.0,0.0,10129.987455,2481.512545,37340.84,8.997333
2019-01-23,3,386242.363245,275782.369993,110459.993252,0.0,0.0,0.0,10658.512672,1477.017328,38581.72,10.01102
2019-01-23,4,541257.640273,416837.121657,124420.518616,0.0,0.0,0.0,10778.95,429.24,40620.56,13.324721
2019-01-23,5,767604.542882,636806.576136,130797.966745,0.0,0.0,0.0,11048.41,521.81,44170.9,17.37806
2019-01-23,6,937515.461165,760041.482877,177473.978288,0.0,0.0,0.0,9281.571,233.249,49254.31,19.034181
2019-01-23,7,979612.188858,769543.808803,210068.380055,0.0,0.0,0.0,7838.68,167.08,51796.1,18.912856
2019-01-23,8,977175.360185,769540.518803,207634.841381,0.0,0.0,0.0,7013.87,166.74,51379.74,19.01869
2019-01-23,9,954786.517594,769540.518803,185245.998791,0.0,0.0,0.0,7707.2,177.34,50589.1,18.873364
2019-01-23,10,914071.059083,754494.580883,159576.4782,0.0,0.0,0.0,8647.848042,165.001958,49544.31,18.449567
2019-01-23,11,789216.916245,640056.689555,149160.22669,0.0,0.0,0.0,9906.32,325.87,48035.87,16.429741
2019-01-23,12,729316.732127,609288.684506,120028.04762,0.0,0.0,0.0,11781.03025,565.22975,46272.73,15.761264
2019-01-23,13,646566.574594,536125.582199,110440.992395,0.0,0.0,0.0,13113.060873,1226.459127,44752.21,14.447702
2019-01-23,14,611383.438363,510942.443498,100440.994864,0.0,0.0,0.0,12718.466028,1464.233972,43121.43,14.178181
2019-01-23,15,634962.14,548427.044507,86535.095493,0.0,0.0,0.0,12212.460935,1390.799065,41972.03,15.128221
2019-01-23,16,531418.769618,432366.003841,99052.765777,0.0,0.0,0.0,11419.257412,1134.132588,42017.47,12.647567
2019-01-23,17,538844.267833,407770.233642,131074.034191,0.0,0.0,0.0,9578.635491,260.764509,43479.13,12.39317
2019-01-23,18,676321.572418,507924.519802,168397.052616,0.0,0.0,0.0,6872.09,23.99,46781.57,14.457009
2019-01-23,19,772755.645504,559550.657925,213204.987579,0.0,0.0,0.0,4195.602224,2.017776,48121.09,16.058565
2019-01-23,20,776867.491344,559547.877925,217319.613418,0.0,0.0,0.0,3469.09,85.99,48589.25,15.988464
2019-01-23,21,762245.552664,559547.877925,202697.674738,0.0,0.0,0.0,3455.91,194.02,47987.46,15.884265
2019-01-23,22,711820.499952,541208.397733,170612.102219,0.0,0.0,0.0,4246.64,371.83,46144.05,15.426052
2019-01-23,23,608555.683761,437702.266598,170853.417163,0.0,0.0,0.0,4216.22,366.38,44401.89,13.705626
2019-01-24,0,585710.072801,428962.069815,156748.002987,0.0,0.0,0.0,4626.87,363.17,43536.71,13.453246
2019-01-24,1,567433.104208,417543.264566,149889.839642,0.0,0.0,0.0,5467.8,360.13,43331.08,13.095291
2019-01-24,2,583638.388519,417543.264566,166095.123954,0.0,0.0,0.0,4653.16,275.32,43556.02,13.399718
2019-01-24,3,610016.710877,435479.268598,174537.442279,0.0,0.0,0.0,4340.652,94.668,44178.62,13.807962
2019-01-24,4,793022.093841,609043.518632,183978.575209,0.0,0.0,0.0,4011.840566,36.309434,45683.05,17.35922
2019-01-24,5,1076697.883683,887704.860536,188993.023147,0.0,0.0,0.0,3638.69,141.92,49021.05,21.963991
2019-01-24,6,1175222.563321,937980.448814,237242.114506,0.0,0.0,0.0,3366.58,118.33,53643.76,21.907908
2019-01-24,7,1201611.490149,937973.868814,263637.621335,0.0,0.0,0.0,3133.68,101.63,54669.49,21.979563
2019-01-24,8,1155474.991048,937973.868814,217501.122233,0.0,0.0,0.0,2673.8,38.11,51857.4,22.281776
2019-01-24,9,989406.275262,806896.721759,182509.553503,0.0,0.0,0.0,3028.11,47.42,48510.5,20.395714
2019-01-24,10,851826.788385,712357.029596,139469.758789,0.0,0.0,0.0,5345.74,78.83,45580.32,18.688478
2019-01-24,11,711479.008995,582367.920619,129111.088376,0.0,0.0,0.0,6672.71,319.2,42871.2,16.595733
2019-01-24,12,631285.666152,519342.082171,111943.583981,0.0,0.0,0.0,7732.395064,2164.244936,40657.35,15.526975
2019-01-24,13,574092.959726,479075.539515,95017.42021,0.0,0.0,0.0,9374.590381,3176.829619,39133.0,14.670303
2019-01-24,14,531683.678457,443656.589948,88027.088509,0.0,0.0,0.0,9845.639655,3808.930345,37937.13,14.014863
2019-01-24,15,518058.297385,442039.091739,76019.205647,0.0,0.0,0.0,10837.928031,3629.001969,37398.83,13.852259
2019-01-24,16,399185.852407,321985.322317,77200.53009,0.0,0.0,0.0,12266.125182,2701.734818,37622.28,10.610358
2019-01-24,17,369982.384747,270591.638244,99390.746504,0.0,0.0,0.0,10181.995318,3111.974682,38843.86,9.524861
2019-01-24,18,439428.23154,315397.127433,124031.104107,0.0,0.0,0.0,9071.932299,2237.547701,41673.85,10.54446
2019-01-24,19,500379.110696,359235.570633,141143.540063,0.0,0.0,0.0,7318.104339,1180.315661,42862.65,11.674012
2019-01-24,20,503725.778477,354596.942282,149128.836195,0.0,0.0,0.0,7258.153215,714.516785,43318.39,11.628451
2019-01-24,21,497052.096017,354593.652282,142458.443735,0.0,0.0,0.0,7070.850006,519.499994,42613.88,11.664089
2019-01-24,22,448201.454661,310394.339082,137807.115579,0.0,0.0,0.0,6489.93,468.16,40928.54,10.950829
2019-01-24,23,481320.758334,367308.430633,114012.327701,0.0,0.0,0.0,6070.57,400.96,39360.33,12.228575
2019-01-25,0,459676.117172,345446.303761,114229.813411,0.0,0.0,0.0,5700.45,340.93,38608.92,11.905956
2019-01-25,1,420789.866474,296226.043209,124563.823265,0.0,0.0,0.0,5569.047,239.773,38644.37,10.888775
2019-01-25,2,428335.654286,296222.753209,132112.901076,0.0,0.0,0.0,5314.369014,289.070986,39025.4,10.975817
2019-01-25,3,472371.838478,340425.356409,131946.482068,0.0,0.0,0.0,5565.186,59.694,39806.26,11.866773
2019-01-25,4,674768.832024,536381.263273,138387.56875,0.0,0.0,0.0,5570.96,210.99,41435.44,16.284824
2019-01-25,5,800650.684463,648990.161466,151660.522997,0.0,0.0,0.0,4066.693,31.617,44648.23,17.932417
2019-01-25,6,869412.775885,648973.711466,220439.06442,0.0,0.0,0.0,3667.28,122.14,49074.58,17.716153
2019-01-25,7,922032.925056,700612.499589,221420.425466,0.0,0.0,0.0,4554.548,79.662,50406.28,18.292025
2019-01-25,8,903889.15037,700609.719589,203279.430781,0.0,0.0,0.0,3286.69,99.05,48816.58,18.516028
2019-01-25,9,864774.73511,682270.239398,182504.495712,0.0,0.0,0.0,3080.82,34.3,46875.83,18.448201
2019-01-25,10,752551.652278,607252.651382,145299.000895,0.0,0.0,0.0,4731.48,0.0,44799.98,16.798035
2019-01-25,11,652547.576532,525434.045415,127113.531117,0.0,0.0,0.0,5988.92,0.0,42650.18,15.299996
2019-01-25,12,570567.678159,469815.926966,100751.751193,0.0,0.0,0.0,8053.0,0.0,40734.49,14.006992
2019-01-25,13,502049.712164,416359.769318,85689.942847,0.0,0.0,0.0,10083.171281,534.998719,39344.61,12.760317
2019-01-25,14,479687.686891,396702.530344,82985.156547,0.0,0.0,0.0,9641.835912,609.684088,38202.48,12.556454
2019-01-25,15,478616.919823,396702.530344,81914.389478,0.0,0.0,0.0,9137.41559,466.69441,37591.34,12.732106
2019-01-25,16,366766.765275,275307.797653,91458.967622,0.0,0.0,0.0,8868.620767,84.469233,37812.07,9.699727
2019-01-25,17,452021.420761,352757.741902,99263.678859,0.0,0.0,0.0,6870.395,33.405,38772.65,11.658254
2019-01-25,18,522172.548569,383021.212272,139151.336297,0.0,0.0,0.0,5370.59,83.1,40973.41,12.744181
2019-01-25,19,543553.315203,383014.632272,160538.68293,0.0,0.0,0.0,4330.549,274.891,41315.59,13.156131
2019-01-25,20,537815.091365,383014.632272,154800.459093,0.0,0.0,0.0,4565.78528,484.69472,41286.15,13.026526
2019-01-25,21,509393.341473,378815.592273,130577.749199,0.0,0.0,0.0,6046.842055,291.307945,40874.96,12.462235
2019-01-25,22,460452.889818,352818.675892,107634.213926,0.0,0.0,0.0,7888.097649,372.022351,39724.31,11.591212
2019-01-25,23,412053.211016,299879.165909,112174.045107,0.0,0.0,0.0,7143.232716,245.987284,38343.09,10.746479
2019-01-26,0,407146.302132,299879.165909,107267.136223,0.0,0.0,0.0,6275.229636,78.930364,37355.91,10.899113
2019-01-26,1,408689.135659,299879.165909,108809.96975,0.0,0.0,0.0,5264.919168,183.120832,36777.14,11.112586
2019-01-26,2,408123.884253,299879.165909,108244.718344,0.0,0.0,0.0,4995.772054,195.417946,36532.54,11.171517
2019-01-26,3,414388.483791,304081.495908,110306.987883,0.0,0.0,0.0,4740.986822,25.823178,36588.77,11.325565
2019-01-26,4,432248.573428,320096.649799,112151.923629,0.0,0.0,0.0,4495.57,22.33,37097.2,11.651784
2019-01-26,5,508997.225652,392174.755215,116822.470437,0.0,0.0,0.0,3954.13,0.0,38260.57,13.303441
2019-01-26,6,547665.545249,404969.271814,142696.273435,0.0,0.0,0.0,3555.48,0.0,40148.12,13.641126
2019-01-26,7,589775.438905,423799.087063,165976.351842,0.0,0.0,0.0,3315.99,0.0,41852.89,14.09163
2019-01-26,8,602282.956274,423792.507063,178490.449211,0.0,0.0,0.0,3068.07,0.0,42579.34,14.144958
2019-01-26,9,589442.298314,423792.507063,165649.791251,0.0,0.0,0.0,3302.08,0.0,42093.68,14.003107
2019-01-26,10,529613.567285,405453.026871,124160.540414,0.0,0.0,0.0,4963.54,0.0,40660.89,13.025135
2019-01-26,11,456418.921376,341044.897072,115374.024304,0.0,0.0,0.0,5453.78,25.34,39039.63,11.691169
2019-01-26,12,403362.65948,308545.268702,94817.390778,0.0,0.0,0.0,6784.48,61.64,37520.87,10.750355
2019-01-26,13,354417.139043,266153.963637,88263.175406,0.0,0.0,0.0,8005.157109,508.332891,36242.42,9.779069
2019-01-26,14,324982.999905,242996.309529,81986.690376,0.0,0.0,0.0,8111.280398,535.259602,35288.78,9.209244
2019-01-26,15,312337.519657,234657.519129,77680.000528,0.0,0.0,0.0,8145.868124,339.081876,34739.23,8.990917
2019-01-26,16,323389.089285,247992.51788,75396.571405,0.0,0.0,0.0,8077.14,0.0,34863.7,9.275811
2019-01-26,17,382696.569386,296707.927903,85988.641483,0.0,0.0,0.0,6386.22,0.0,36079.37,10.607075
2019-01-26,18,443788.93601,329632.671823,114156.264187,0.0,0.0,0.0,4948.64,0.0,38021.36,11.672095
2019-01-26,19,464238.46354,329626.091823,134612.371717,0.0,0.0,0.0,3745.53843,100.98157,38343.54,12.107345
2019-01-26,20,464559.999827,329626.091823,134933.908004,0.0,0.0,0.0,3647.892032,122.807968,38250.07,12.145337
2019-01-26,21,449866.036403,329626.091823,120239.94458,0.0,0.0,0.0,4046.84,70.44,37830.27,11.891695
2019-01-26,22,490297.306542,389188.770864,101108.535678,0.0,0.0,0.0,4712.22,108.53,37064.94,13.228062
2019-01-26,23,422969.210343,298122.456514,124846.753829,0.0,0.0,0.0,3404.73,29.11,36040.13,11.736062
2019-01-27,0,417745.301535,298119.166514,119626.13502,0.0,0.0,0.0,2931.52,0.0,35064.49,11.913628
2019-01-27,1,385580.953112,267502.32137,118078.631742,0.0,0.0,0.0,3343.48,0.0,34728.96,11.102577
2019-01-27,2,396143.957327,274223.613561,121920.343766,0.0,0.0,0.0,2860.83,0.0,34628.95,11.439676
2019-01-27,3,393534.578744,265480.126778,128054.451966,0.0,0.0,0.0,2887.066,75.514,34985.06,11.248647
2019-01-27,4,401623.078821,274223.613561,127399.46526,0.0,0.0,0.0,3273.73,217.09,35522.54,11.306148
2019-01-27,5,430452.629763,294435.720161,136016.909602,0.0,0.0,0.0,3303.744387,256.305613,36574.47,11.76921
2019-01-27,6,478455.895263,338631.743361,139824.151903,0.0,0.0,0.0,3667.59,316.6,38194.77,12.526738
2019-01-27,7,497480.820272,348167.765384,149313.054888,0.0,0.0,0.0,4542.29,379.22,39753.86,12.514026
2019-01-27,8,521309.505764,348164.475384,173145.03038,0.0,0.0,0.0,3813.6,335.69,40424.05,12.896024
2019-01-27,9,504116.06306,348164.475384,155951.587676,0.0,0.0,0.0,3910.29,318.78,39681.48,12.704064
2019-01-27,10,424784.947157,303965.162184,120819.784973,0.0,0.0,0.0,5692.15,183.77,38157.72,11.132346
2019-01-27,11,371582.171737,260274.134169,111308.037568,0.0,0.0,0.0,6365.02,270.74,36835.59,10.087586
2019-01-27,12,349429.654733,255284.505818,94145.148915,0.0,0.0,0.0,7453.653515,414.676485,35691.67,9.79023
2019-01-27,13,304202.628181,215466.05401,88736.574171,0.0,0.0,0.0,8057.122263,931.437737,34818.67,8.736768
2019-01-27,14,279426.949842,201473.60471,77953.345132,0.0,0.0,0.0,8268.02842,1650.57158,34189.75,8.172828
2019-01-27,15,272550.601082,196641.203656,75909.397426,0.0,0.0,0.0,8607.491766,1492.178234,33866.03,8.047905
2019-01-27,16,277024.742366,201486.76471,75537.977656,0.0,0.0,0.0,8316.097797,1335.422203,33943.06,8.161455
2019-01-27,17,330769.703066,245865.565319,84904.137747,0.0,0.0,0.0,6639.543214,1040.076786,34891.3,9.480005
2019-01-27,18,429372.277189,317041.540719,112330.73647,0.0,0.0,0.0,5171.090082,557.919918,37539.35,11.437925
2019-01-27,19,474401.569238,333978.702742,140422.866496,0.0,0.0,0.0,3169.084,342.486,38610.24,12.286937
2019-01-27,20,469818.096955,333972.122742,135845.974213,0.0,0.0,0.0,3726.88,409.44,38919.37,12.071575
2019-01-27,21,410226.861997,289772.809542,120454.052455,0.0,0.0,0.0,5176.395699,600.004301,38441.85,10.671361
2019-01-27,22,351307.561236,263639.840269,87667.720966,0.0,0.0,0.0,7954.311978,751.698022,37020.9,9.489439
2019-01-27,23,295756.194446,211669.22567,84086.968776,0.0,0.0,0.0,8326.682707,818.137293,35538.04,8.322243
2019-01-28,0,277204.296109,199717.665164,77486.630945,0.0,0.0,0.0,8588.519056,827.020944,34442.81,8.048249
2019-01-28,1,267097.712602,194728.036814,72369.675789,0.0,0.0,0.0,8837.257023,877.862977,33945.89,7.868337
2019-01-28,2,275832.498841,201125.894711,74706.60413,0.0,0.0,0.0,8324.698338,609.131662,34072.4,8.095482
2019-01-28,3,298013.735999,220422.582454,77591.153546,0.0,0.0,0.0,7823.62,465.13,34561.03,8.622826
2019-01-28,4,343834.212798,251069.249453,92764.963345,0.0,0.0,0.0,7456.6,428.49,36027.0,9.543793
2019-01-28,5,438126.884344,331233.893361,106892.990983,0.0,0.0,0.0,7604.92,418.22,39003.56,11.232997
2019-01-28,6,481544.990501,331220.733361,150324.25714,0.0,0.0,0.0,8463.633,334.347,43325.03,11.114706
2019-01-28,7,498108.147444,340760.045384,157348.10206,0.0,0.0,0.0,9453.637,415.083,44474.47,11.199867
2019-01-28,8,496498.205108,340756.755384,155741.449724,0.0,0.0,0.0,7293.653441,209.016559,42969.55,11.554652
2019-01-28,9,478296.980232,340756.755384,137540.224848,0.0,0.0,0.0,6935.07,158.86,41406.95,11.551128
2019-01-28,10,415676.921286,296557.442184,119119.479102,0.0,0.0,0.0,8679.44441,267.03559,39850.32,10.430956
2019-01-28,11,365542.488304,249040.474861,116502.013442,0.0,0.0,0.0,8797.357,1987.233,38725.87,9.439232
2019-01-28,12,331688.439831,249040.474861,82647.96497,0.0,0.0,0.0,12587.658865,2892.391135,37842.19,8.765043
2019-01-28,13,308467.225696,216881.640188,91585.585508,0.0,0.0,0.0,11906.28008,1462.89992,37421.64,8.243017
2019-01-28,14,312901.010078,233443.177352,79457.832726,0.0,0.0,0.0,11156.588817,1462.651183,36970.75,8.463475
2019-01-28,15,254081.417581,158412.429337,95668.988244,0.0,0.0,0.0,10137.735,1738.695,36787.85,6.906667
2019-01-28,16,316632.115971,233433.307352,83198.808619,0.0,0.0,0.0,10812.477668,993.062332,37254.01,8.499276
2019-01-28,17,345028.218336,243706.426511,101321.791825,0.0,0.0,0.0,10349.306006,2835.563994,38404.4,8.98408
2019-01-28,18,396868.182232,282044.95181,114823.230422,0.0,0.0,0.0,10797.116899,2334.933101,40909.35,9.701161
2019-01-28,19,422840.469726,287024.710161,135815.759565,0.0,0.0,0.0,8719.826033,2032.053967,41635.91,10.155668
2019-01-28,20,420326.559186,287021.420161,133305.139026,0.0,0.0,0.0,9403.313723,2612.716277,41519.59,10.123572
2019-01-28,21,394850.83911,270581.768244,124269.070867,0.0,0.0,0.0,9979.625627,3528.964373,40498.24,9.749827
2019-01-28,22,360686.746626,252047.356883,108639.389743,0.0,0.0,0.0,11073.902858,2046.397142,38796.28,9.296942
2019-01-28,23,319906.577669,221873.461177,98033.116493,0.0,0.0,0.0,11482.370946,914.549054,37200.29,8.599572
2019-01-29,0,349642.696807,247903.665968,101739.030838,0.0,0.0,0.0,10299.828122,829.081878,36608.24,9.550929
2019-01-29,1,348848.748274,249572.26842,99276.479855,0.0,0.0,0.0,10511.72,148.3,36776.55,9.48563
2019-01-29,2,357176.960675,249565.68842,107611.272255,0.0,0.0,0.0,10062.343198,291.696802,37327.61,9.568707
2019-01-29,3,527592.675668,420690.128101,106902.547567,0.0,0.0,0.0,9910.143,244.327,38497.83,13.704478
2019-01-29,4,623617.123258,504175.420134,119441.703124,0.0,0.0,0.0,7648.39,173.75,40641.3,15.344419
2019-01-29,5,757213.603934,620119.195454,137094.408479,0.0,0.0,0.0,6569.11,116.22,44595.11,16.979745
2019-01-29,6,926666.239458,723835.631545,202830.607913,0.0,0.0,0.0,5906.045837,27.594163,49811.39,18.603501
2019-01-29,7,953661.703293,723819.691545,229842.011748,0.0,0.0,0.0,5338.2,0.0,51758.51,18.425216
2019-01-29,8,931123.14393,714301.425618,216821.718311,0.0,0.0,0.0,4314.1,55.25,50303.02,18.510283
2019-01-29,9,878220.200267,705112.198369,173108.001898,0.0,0.0,0.0,5391.65,62.11,48546.69,18.090218
2019-01-29,10,799583.573087,652090.205522,147493.367565,0.0,0.0,0.0,6862.46,74.71,46756.84,17.10089
2019-01-29,11,688317.740408,558733.137315,129584.603093,0.0,0.0,0.0,7928.672649,460.547351,44927.47,15.320643
2019-01-29,12,580945.970739,469815.926966,111130.043773,0.0,0.0,0.0,9681.52136,1046.33864,43119.94,13.472792
2019-01-29,13,523879.889372,424059.224451,99820.66492,0.0,0.0,0.0,10943.203235,1084.326765,41645.5,12.579508
2019-01-29,14,499202.324563,407619.572534,91582.752029,0.0,0.0,0.0,10859.917502,1496.732498,40371.83,12.365115
2019-01-29,15,364889.118722,266557.73087,98331.387851,0.0,0.0,0.0,10735.620412,1507.949588,39732.22,9.183708
2019-01-29,16,389526.043796,287125.858435,102400.185361,0.0,0.0,0.0,10954.408,1680.562,40438.08,9.632654
2019-01-29,17,492348.790765,372969.848502,119378.942264,0.0,0.0,0.0,10042.284,1100.396,42743.54,11.518671
2019-01-29,18,576953.595868,425978.681349,150974.914519,0.0,0.0,0.0,8695.73,446.53,46096.01,12.516346
2019-01-29,19,673372.889912,500996.269364,172376.620548,0.0,0.0,0.0,6876.63,402.01,46889.54,14.360834
2019-01-29,20,669141.883587,500992.979364,168148.904223,0.0,0.0,0.0,6367.96,332.74,46855.68,14.280913
2019-01-29,21,595297.085047,425975.391349,169321.693698,0.0,0.0,0.0,6300.36,271.8,45618.1,13.049581
2019-01-29,22,559278.618967,418567.671349,140710.947618,0.0,0.0,0.0,5982.48,219.66,43337.9,12.90507
2019-01-29,23,498207.747331,374368.358149,123839.389182,0.0,0.0,0.0,5869.861843,53.238157,41274.16,12.070694
2019-01-30,0,457746.420116,329064.935301,128681.484814,0.0,0.0,0.0,5429.833,113.097,40105.03,11.413691
2019-01-30,1,484841.679103,362364.027201,122477.651901,0.0,0.0,0.0,5005.93,158.46,39667.2,12.222735
2019-01-30,2,496150.562344,369772.257201,126378.305143,0.0,0.0,0.0,4063.27,118.36,39697.92,12.49815
2019-01-30,3,522923.350008,388111.737393,134811.612614,0.0,0.0,0.0,3639.387264,86.222736,40162.85,13.020076
2019-01-30,4,583285.624376,441503.567843,141782.056534,0.0,0.0,0.0,3624.49,122.66,41549.86,14.038209
2019-01-30,5,761764.3219,602049.357075,159714.964825,0.0,0.0,0.0,3346.55,85.05,44728.57,17.030822
2019-01-30,6,812971.47629,602036.197075,210935.279216,0.0,0.0,0.0,3262.2,83.09,48909.17,16.622067
2019-01-30,7,830266.234825,602036.197075,228230.03775,0.0,0.0,0.0,3327.38,116.95,49940.27,16.625185
2019-01-30,8,808269.44046,602036.197075,206233.243385,0.0,0.0,0.0,3413.82,105.28,48738.48,16.583805
2019-01-30,9,750725.892075,537599.092352,213126.799724,0.0,0.0,0.0,3618.1,94.38,47776.43,15.713311
2019-01-30,10,698960.115068,519259.61216,179700.502909,0.0,0.0,0.0,5121.84,47.7,46696.04,14.968295
2019-01-30,11,638181.068399,486759.98379,151421.084609,0.0,0.0,0.0,6594.39,154.99,45102.52,14.149566
2019-01-30,12,533730.45309,385567.487934,148162.965156,0.0,0.0,0.0,8993.02,271.9,43519.81,12.26408
2019-01-30,13,450969.721745,318419.636761,132550.084984,0.0,0.0,0.0,11338.58355,762.40645,42592.93,10.587901
2019-01-30,14,403740.397038,285968.120953,117772.276085,0.0,0.0,0.0,12435.822534,1971.227466,41598.2,9.705718
2019-01-30,15,353479.336361,241768.807753,111710.528608,0.0,0.0,0.0,12469.548771,3165.331229,40855.65,8.651908
2019-01-30,16,359868.305263,250512.294536,109356.010727,0.0,0.0,0.0,13045.444429,2336.385571,41365.42,8.699738
2019-01-30,17,448364.717143,331233.893361,117130.823783,0.0,0.0,0.0,11638.71,2433.71,42938.9,10.441924
2019-01-30,18,528494.994166,378307.223809,150187.770357,0.0,0.0,0.0,10429.718404,1146.681596,45708.01,11.562415
2019-01-30,19,550656.461573,378290.773809,172365.687763,0.0,0.0,0.0,8134.22,392.2,46323.2,11.887272
2019-01-30,20,541326.513569,378290.773809,163035.739759,0.0,0.0,0.0,8989.58,489.22,46099.9,11.742466
2019-01-30,21,501380.835291,357353.702633,144027.132657,0.0,0.0,0.0,10190.85,670.88,44781.21,11.196232
2019-01-30,22,437683.175891,313430.008411,124253.16748,0.0,0.0,0.0,10663.73,504.05,42286.2,10.350497
2019-01-30,23,378996.165076,260490.498428,118505.666648,0.0,0.0,0.0,9845.58,451.07,39918.88,9.494158
2019-01-31,0,359955.543711,244050.846511,115904.6972,0.0,0.0,0.0,9075.6,300.34,38492.0,9.351438
2019-01-31,1,358109.663808,244050.846511,114058.817298,0.0,0.0,0.0,8298.87,360.22,37710.0,9.496411
2019-01-31,2,357243.768361,244050.846511,113192.921851,0.0,0.0,0.0,7785.53,349.18,37313.58,9.574095
2019-01-31,3,371116.355832,260493.788428,110622.567405,0.0,0.0,0.0,7392.07,344.44,37279.96,9.954849
2019-01-31,4,382014.461929,260490.498428,121523.963501,0.0,0.0,0.0,6996.79,343.16,38084.5,10.030707
2019-01-31,5,469040.368752,340773.205384,128267.163368,0.0,0.0,0.0,8033.072,297.398,40553.02,11.566102
2019-01-31,6,512670.729911,340756.755384,171913.974527,0.0,0.0,0.0,8496.518,725.642,44186.38,11.602461
2019-01-31,7,519040.008703,340756.755384,178283.253318,0.0,0.0,0.0,9565.608,239.982,45158.28,11.493795
2019-01-31,8,503976.205112,340756.755384,163219.449728,0.0,0.0,0.0,9603.54832,637.24168,44281.41,11.381214
2019-01-31,9,484996.71837,324317.103467,160679.614903,0.0,0.0,0.0,10081.547713,786.472287,43755.47,11.084253
2019-01-31,10,469559.122441,323141.014194,146418.108247,0.0,0.0,0.0,10917.503567,1068.546433,43191.0,10.871689
2019-01-31,11,442653.053255,301986.564844,140666.48841,0.0,0.0,0.0,10932.10908,1897.37092,42327.35,10.457849
2019-01-31,12,422572.266085,296990.356494,125581.909591,0.0,0.0,0.0,11087.782205,2174.497795,41372.84,10.21376
2019-01-31,13,378665.154351,252791.043294,125874.111057,0.0,0.0,0.0,10576.416,3069.014,40710.56,9.301399
2019-01-31,14,366991.684776,252791.043294,114200.641482,0.0,0.0,0.0,11173.399822,2892.610178,40060.99,9.160824
2019-01-31,15,348762.091097,235361.05611,113401.034986,0.0,0.0,0.0,11594.242375,1624.677625,39635.95,8.799135
2019-01-31,16,367989.553097,257548.99722,110440.555877,0.0,0.0,0.0,11415.561123,744.998877,39945.59,9.21227
2019-01-31,17,416003.461088,296570.602184,119432.858904,0.0,0.0,0.0,9354.71,401.45,40869.71,10.178772
2019-01-31,18,495837.829392,359474.11856,136363.710832,0.0,0.0,0.0,7059.774,170.426,42142.14,11.765844
2019-01-31,19,528357.552646,359464.24856,168893.304085,0.0,0.0,0.0,4794.47,58.44,42038.7,12.568361
2019-01-31,20,502288.109305,359464.24856,142823.860745,0.0,0.0,0.0,5488.71,249.81,41242.69,12.17884
2019-01-31,21,419723.975591,305746.669434,113977.306158,0.0,0.0,0.0,7565.18,288.96,39495.61,10.627105
2019-01-31,22,345054.527146,258576.496885,86478.030261,0.0,0.0,0.0,9714.86,364.77,36999.33,9.325967
2019-01-31,23,315942.966673,244050.846511,71892.120162,0.0,0.0,0.0,8940.47,340.97,34578.04,9.137099
2019-02-01,0,229390.212575,148649.021299,80741.191276,0.0,0.0,0.0,7577.37,1090.35,32980.12,6.955409
2019-02-01,1,211518.091489,141532.339698,69985.751791,0.0,0.0,0.0,7759.15,340.5,31998.36,6.610279
2019-02-01,2,222302.869347,147930.197595,74372.671752,0.0,0.0,0.0,6459.02,298.25,31605.7,7.033632
2019-02-01,3,241158.722037,162321.836304,78836.885733,0.0,0.0,0.0,5493.61,262.4,31663.49,7.616303
2019-02-01,4,267519.17565,176051.661438,91467.514211,0.0,0.0,0.0,4517.01,360.65,32348.19,8.269989
2019-02-01,5,382289.766019,282384.319542,99905.446477,0.0,0.0,0.0,4068.42,194.44,34543.87,11.06679
2019-02-01,6,452562.009508,326567.692742,125994.316765,0.0,0.0,0.0,3740.571079,163.778921,38069.17,11.887887
2019-02-01,7,473532.904033,326564.402742,146968.501291,0.0,0.0,0.0,3585.28,163.73,39356.12,12.032002
2019-02-01,8,475797.929808,326564.402742,149233.527066,0.0,0.0,0.0,3185.51,99.77,39043.26,12.186429
2019-02-01,9,469654.36785,326564.402742,143089.965107,0.0,0.0,0.0,3509.18,56.85,38968.94,12.052018
2019-02-01,10,445561.114006,326564.402742,118996.711264,0.0,0.0,0.0,5251.43,35.64,38684.72,11.517755
2019-02-01,11,400287.248964,289832.064261,110455.184703,0.0,0.0,0.0,6676.29,100.6,38163.72,10.488685
2019-02-01,12,347518.845661,245632.751061,101886.094601,0.0,0.0,0.0,8313.88,277.04,37494.38,9.268558
2019-02-01,13,315806.97856,219460.195737,96346.782823,0.0,0.0,0.0,9646.84245,691.58755,37163.65,8.497738
2019-02-01,14,299200.414006,207843.896902,91356.517104,0.0,0.0,0.0,9965.051959,1256.788041,36738.49,8.144059
2019-02-01,15,294090.678217,207343.961492,86746.716725,0.0,0.0,0.0,10106.148879,1498.881121,36438.11,8.070964
2019-02-01,16,293174.112644,208201.476902,84972.635742,0.0,0.0,0.0,10085.264048,1478.215952,36339.88,8.067559
2019-02-01,17,325881.800492,229202.969144,96678.831348,0.0,0.0,0.0,8811.703,971.847,36855.23,8.842213
2019-02-01,18,353119.908887,250845.32367,102274.585217,0.0,0.0,0.0,7859.868,295.192,37992.78,9.294395
2019-02-01,19,363876.166267,250838.74367,113037.422597,0.0,0.0,0.0,6282.66,280.98,37890.07,9.60347
2019-02-01,20,352033.324089,250838.74367,101194.580419,0.0,0.0,0.0,6885.02,300.89,37315.05,9.434084
2019-02-01,21,329905.451575,242098.546887,87806.904688,0.0,0.0,0.0,7776.07,318.45,36492.65,9.040326
2019-02-01,22,289461.368671,211669.22567,77792.143001,0.0,0.0,0.0,8092.52,340.35,35003.67,8.269458
2019-02-01,23,236497.338846,160033.217546,76464.121299,0.0,0.0,0.0,7500.070631,833.549369,33192.49,7.125026
2019-02-02,0,211961.079341,148649.021299,63312.058042,0.0,0.0,0.0,7986.75,306.11,31680.63,6.690558
2019-02-02,1,185251.596981,118268.759989,66982.836993,0.0,0.0,0.0,8015.31,296.75,30813.43,6.012041
2019-02-02,2,190770.086696,124666.617886,66103.46881,0.0,0.0,0.0,7093.234,232.676,30320.54,6.291777
2019-02-02,3,196317.173039,129648.305387,66668.867652,0.0,0.0,0.0,6328.5,294.64,30036.31,6.535995
2019-02-02,4,208826.916748,137987.095787,70839.820961,0.0,0.0,0.0,5720.12,302.5,30296.82,6.892701
2019-02-02,5,229747.782193,156562.178778,73185.603415,0.0,0.0,0.0,5929.93,293.46,31127.26,7.380919
2019-02-02,6,253410.377179,163338.876696,90071.500483,0.0,0.0,0.0,6008.891,422.119,32490.01,7.79964
2019-02-02,7,334287.807694,238356.464711,95931.342983,0.0,0.0,0.0,6093.671747,413.018253,33885.31,9.865272
2019-02-02,8,363865.516602,255291.085818,108574.430784,0.0,0.0,0.0,5434.32,281.56,35211.11,10.333827
2019-02-02,9,370441.292894,255284.505818,115156.787076,0.0,0.0,0.0,5590.93,289.57,36306.49,10.20317
2019-02-02,10,364082.05769,255284.505818,108797.551871,0.0,0.0,0.0,7120.432548,189.397452,36819.78,9.888219
2019-02-02,11,340689.00908,238844.853901,101844.155179,0.0,0.0,0.0,8419.189664,1360.560336,36774.95,9.26416
2019-02-02,12,316187.603258,230580.48017,85607.123088,0.0,0.0,0.0,10199.119197,2507.310803,36229.18,8.727429
2019-02-02,13,229024.620952,146704.177654,82320.443298,0.0,0.0,0.0,11003.477456,3461.012544,35556.0,6.441237
2019-02-02,14,213531.390546,139982.885463,73548.505083,0.0,0.0,0.0,11754.007786,3551.172214,34945.37,6.110434
2019-02-02,15,201515.9987,128114.219739,73401.778961,0.0,0.0,0.0,12347.417782,2915.572218,34705.58,5.806444
2019-02-02,16,209237.221236,137312.926187,71924.295049,0.0,0.0,0.0,11891.837004,2339.832996,34667.72,6.035506
2019-02-02,17,244691.428196,165862.620478,78828.807718,0.0,0.0,0.0,9751.77342,1790.36658,35220.13,6.947488
2019-02-02,18,285549.222082,194006.612937,91542.609145,0.0,0.0,0.0,8045.782,958.728,36456.52,7.832597
2019-02-02,19,303585.033534,193996.742937,109588.290597,0.0,0.0,0.0,5786.875,298.785,36340.25,8.353961
2019-02-02,20,292083.931171,193996.742937,98087.188234,0.0,0.0,0.0,6448.803184,519.376816,35839.9,8.149686
2019-02-02,21,261332.435443,178538.543963,82793.891481,0.0,0.0,0.0,7846.538064,939.411936,35099.54,7.445466
2019-02-02,22,223066.800487,154827.224937,68239.575549,0.0,0.0,0.0,9249.795494,1389.424506,33841.98,6.591423
2019-02-02,23,184553.126512,122528.333786,62024.792726,0.0,0.0,0.0,10127.340476,1815.729524,32364.13,5.702397
2019-02-03,0,156055.82773,106525.641255,49530.186475,0.0,0.0,0.0,11100.471618,2063.368382,30890.76,5.051861
2019-02-03,1,135068.797296,91736.321355,43332.475941,0.0,0.0,0.0,11393.046425,2077.473575,29801.23,4.532323
2019-02-03,2,129871.355114,84740.646842,45130.708272,0.0,0.0,0.0,11103.858,2076.682,29237.78,4.441902
2019-02-03,3,130669.116989,88286.911835,42382.205154,0.0,0.0,0.0,10728.313115,1586.026885,28875.82,4.525209
2019-02-03,4,133635.756258,88283.621835,45352.134423,0.0,0.0,0.0,10341.252142,1101.187858,28859.93,4.630495
2019-02-03,5,135540.94643,88283.621835,47257.324595,0.0,0.0,0.0,10618.166315,1211.073685,29274.15,4.630056
2019-02-03,6,149023.637245,96994.283754,52029.353491,0.0,0.0,0.0,10898.96,1286.06,30157.8,4.941462
2019-02-03,7,172657.72854,114466.08919,58191.63935,0.0,0.0,0.0,10691.043583,1469.256417,31277.85,5.520128
2019-02-03,8,218548.045396,146325.859386,72222.18601,0.0,0.0,0.0,9651.593,2162.027,32673.13,6.688923
2019-02-03,9,238811.544379,146306.119386,92505.424993,0.0,0.0,0.0,8435.711,3057.199,33971.01,7.029863
2019-02-03,10,233969.476124,146306.119386,87663.356738,0.0,0.0,0.0,9374.57582,2402.20418,34743.37,6.734219
2019-02-03,11,221314.638197,140458.420153,80856.218044,0.0,0.0,0.0,11188.05016,2742.39984,35236.32,6.280867
2019-02-03,12,212179.317579,133740.417962,78438.899617,0.0,0.0,0.0,11845.519836,3623.300164,35320.23,6.007303
2019-02-03,13,204081.968877,129541.377963,74540.590915,0.0,0.0,0.0,12746.779881,3108.480119,35448.82,5.757088
2019-02-03,14,198420.655606,123146.810066,75273.845541,0.0,0.0,0.0,13018.050785,3521.319215,35503.04,5.588836
2019-02-03,15,204687.687875,130266.781666,74420.906208,0.0,0.0,0.0,12976.108232,3386.291768,35651.65,5.741324
2019-02-03,16,207000.412397,130263.491666,76736.920731,0.0,0.0,0.0,12802.648064,2757.881936,35930.43,5.761145
2019-02-03,17,218291.220285,143748.891243,74542.329042,0.0,0.0,0.0,12374.996457,2553.173543,36016.56,6.060857
2019-02-03,18,242109.773506,157356.057129,84753.716377,0.0,0.0,0.0,11459.91294,2519.43706,36883.84,6.564115
2019-02-03,19,244589.919299,157346.187129,87243.73217,0.0,0.0,0.0,10265.846761,2107.093239,36885.6,6.631041
2019-02-03,20,235853.139088,157346.187129,78506.951959,0.0,0.0,0.0,11160.258619,2124.541381,36355.98,6.487327
2019-02-03,21,213764.827131,137299.766187,76465.060944,0.0,0.0,0.0,12105.513021,2447.676979,35889.86,5.956134
2019-02-03,22,190288.435856,124804.268764,65484.167092,0.0,0.0,0.0,12552.852284,2323.627716,34302.83,5.54731
2019-02-03,23,159377.290804,101957.431767,57419.859037,0.0,0.0,0.0,11717.943024,2288.166976,31883.38,4.998758
2019-02-04,0,144705.728146,96128.098856,48577.62929,0.0,0.0,0.0,11022.668792,2095.771208,30092.26,4.808736
2019-02-04,1,135486.869592,87527.501895,47959.367697,0.0,0.0,0.0,10200.554626,2113.325374,28995.53,4.672681
2019-02-04,2,136602.788269,88027.437306,48575.350963,0.0,0.0,0.0,9298.39716,2004.03284,28443.89,4.802535
2019-02-04,3,146746.69977,96461.824326,50284.875444,0.0,0.0,0.0,8635.987478,1571.322522,28439.73,5.159919
2019-02-04,4,163303.874653,108649.286288,54654.588365,0.0,0.0,0.0,8039.05026,1086.53974,28979.11,5.635227
2019-02-04,5,220802.50646,155948.881643,64853.624817,0.0,0.0,0.0,7590.837146,822.672854,31021.99,7.117613
2019-02-04,6,318484.375212,231282.538792,87201.83642,0.0,0.0,0.0,7130.812,548.928,34580.92,9.209829
2019-02-04,7,332625.165344,231909.505927,100715.659417,0.0,0.0,0.0,6429.130006,519.499994,36102.55,9.213343
2019-02-04,8,340890.882343,236895.844278,103995.038066,0.0,0.0,0.0,6184.562396,630.417604,36217.88,9.412226
2019-02-04,9,344554.406232,236892.554278,107661.851954,0.0,0.0,0.0,6489.059449,1049.240551,36834.13,9.354216
2019-02-04,10,340418.114182,242101.836887,98316.277295,0.0,0.0,0.0,8092.527541,633.902459,37382.85,9.106264
2019-02-04,11,325116.453771,225658.89497,99457.558801,0.0,0.0,0.0,8997.132024,1530.387976,37779.17,8.605707
2019-02-04,12,321984.774381,220452.902361,101531.872021,0.0,0.0,0.0,9959.548722,1910.101278,38223.23,8.423798
2019-02-04,13,328998.034786,228322.175044,100675.859741,0.0,0.0,0.0,10356.198706,2190.461294,38618.09,8.519273
2019-02-04,14,346383.734313,234405.671753,111978.06256,0.0,0.0,0.0,9451.193,2391.997,38791.33,8.929411
2019-02-04,15,349456.422697,234399.091753,115057.330943,0.0,0.0,0.0,8928.968,1883.392,38791.88,9.008494
2019-02-04,16,353062.510123,234399.091753,118663.41837,0.0,0.0,0.0,9040.211,892.159,38893.01,9.077788
2019-02-04,17,437326.085875,335055.428935,102270.656941,0.0,0.0,0.0,7964.26,90.3,39089.7,11.187758
2019-02-04,18,490572.549289,368811.352806,121761.196483,0.0,0.0,0.0,6412.25,113.52,40486.01,12.117088
2019-02-04,19,471332.700826,317165.474683,154167.226143,0.0,0.0,0.0,4848.51,0.0,40607.16,11.607133
2019-02-04,20,448211.643567,317165.474683,131046.168885,0.0,0.0,0.0,5200.8,183.16,39694.42,11.291553
2019-02-04,21,404459.957469,296557.442184,107902.515285,0.0,0.0,0.0,6227.26,254.56,38101.7,10.615273
2019-02-04,22,339939.16016,253626.335979,86312.824181,0.0,0.0,0.0,7478.09,354.3,35586.11,9.55258
2019-02-04,23,230782.245539,154897.428938,75884.816601,0.0,0.0,0.0,7383.899264,351.160736,32883.06,7.018272
2019-02-05,0,205096.544493,141784.85885,63311.685643,0.0,0.0,0.0,7356.86,358.16,31016.64,6.612468
2019-02-05,1,177662.02773,116133.765889,61528.261841,0.0,0.0,0.0,7344.71,391.45,29884.43,5.94497
2019-02-05,2,177648.280509,115782.765889,61865.51462,0.0,0.0,0.0,6757.52,383.09,29341.2,6.054568
2019-02-05,3,178519.881994,115782.765889,62737.116105,0.0,0.0,0.0,6407.64,379.52,29094.67,6.135828
2019-02-05,4,192955.598905,129300.595387,63655.003518,0.0,0.0,0.0,6242.54,377.42,29601.55,6.518429
2019-02-05,5,226628.414394,154433.327704,72195.086689,0.0,0.0,0.0,6670.75,373.82,31559.7,7.180943
2019-02-05,6,341901.951723,248576.373627,93325.578096,0.0,0.0,0.0,7168.98,379.14,35193.8,9.714835
2019-02-05,7,360952.917393,260280.714169,100672.203224,0.0,0.0,0.0,7586.46,393.03,36740.62,9.824356
2019-02-05,8,350506.11532,236895.334278,113610.781042,0.0,0.0,0.0,6885.141,888.189,36716.91,9.546177
2019-02-05,9,341814.751455,242101.836887,99712.914568,0.0,0.0,0.0,7929.607189,435.552811,37231.37,9.180827
2019-02-05,10,329057.380131,225658.89497,103398.485161,0.0,0.0,0.0,9282.26187,385.93813,37940.18,8.673058
2019-02-05,11,320584.794696,220669.266619,99915.528077,0.0,0.0,0.0,10355.903672,1299.136328,38400.65,8.348421
2019-02-05,12,307635.350419,213397.599511,94237.750908,0.0,0.0,0.0,11672.051544,1700.248456,38670.84,7.955228
2019-02-05,13,297358.072501,205058.80911,92299.26339,0.0,0.0,0.0,12636.52401,1152.52599,39089.57,7.607095
2019-02-05,14,291100.945106,200859.769111,90241.175994,0.0,0.0,0.0,13114.451694,1770.668306,39181.34,7.429581
2019-02-05,15,288254.166223,199867.062488,88387.103735,0.0,0.0,0.0,13352.197632,2010.672368,39194.66,7.354424
2019-02-05,16,292394.948647,205504.977462,86889.971185,0.0,0.0,0.0,13339.123992,1513.776008,39119.34,7.474435
2019-02-05,17,307111.766251,218397.097862,88714.66839,0.0,0.0,0.0,12127.972415,1683.587585,39211.5,7.832186
2019-02-05,18,396704.464563,304590.528894,92113.935669,0.0,0.0,0.0,10719.611428,450.288572,40563.97,9.779725
2019-02-05,19,424190.317289,304574.078894,119616.238396,0.0,0.0,0.0,7547.856789,270.723211,40634.58,10.439146
2019-02-05,20,375205.984741,260374.765694,114831.219048,0.0,0.0,0.0,7662.914053,324.055947,39733.31,9.443109
2019-02-05,21,351747.286419,256175.725695,95571.560725,0.0,0.0,0.0,8243.07,251.58,38239.17,9.198612
2019-02-05,22,305746.11244,218774.04898,86972.06346,0.0,0.0,0.0,8057.65,276.5,35936.63,8.507924
2019-02-05,23,266324.045579,202334.397063,63989.648516,0.0,0.0,0.0,8406.96,285.46,33261.3,8.007025
2019-02-06,0,232241.704825,175893.408224,56348.296602,0.0,0.0,0.0,8549.43,297.79,31459.06,7.382347
2019-02-06,1,169627.47665,114069.71999,55557.75666,0.0,0.0,0.0,8772.26,313.7,30294.03,5.59937
2019-02-06,2,160574.32223,103146.488426,57427.833803,0.0,0.0,0.0,8500.72,363.02,29669.03,5.412186
2019-02-06,3,160133.856833,103146.488426,56987.368406,0.0,0.0,0.0,8388.06,421.86,29522.53,5.424124
2019-02-06,4,165284.286025,108485.755927,56798.530098,0.0,0.0,0.0,8659.75,487.34,29999.35,5.509596
2019-02-06,5,215596.622846,152376.298779,63220.324067,0.0,0.0,0.0,8579.69,389.82,31909.5,6.756503
2019-02-06,6,292694.683249,205522.760138,87171.92311,0.0,0.0,0.0,8624.763,442.917,35397.23,8.268858
2019-02-06,7,308290.748907,212791.647246,95499.101661,0.0,0.0,0.0,8879.537,370.593,36912.87,8.35185
2019-02-06,8,349212.740637,256990.960446,92221.780191,0.0,0.0,0.0,8036.2,385.94,36932.27,9.455491
2019-02-06,9,383996.598896,279472.799252,104523.799643,0.0,0.0,0.0,7455.08365,596.66635,37673.4,10.192778
2019-02-06,10,379557.652921,269803.265253,109754.387668,0.0,0.0,0.0,8269.899685,444.230315,38504.64,9.857452
2019-02-06,11,342922.500147,235266.906052,107655.594095,0.0,0.0,0.0,9506.577626,2601.362374,39121.97,8.765471
2019-02-06,12,323097.42625,225727.594029,97369.832221,0.0,0.0,0.0,11359.746936,3241.423064,39640.7,8.150649
2019-02-06,13,308070.338691,208601.215797,99469.122895,0.0,0.0,0.0,12683.646,3139.414,40205.86,7.662324
2019-02-06,14,304526.161711,208601.215797,95924.945914,0.0,0.0,0.0,12722.389542,3828.980458,40214.15,7.572612
2019-02-06,15,302510.843036,208250.215797,94260.627239,0.0,0.0,0.0,13039.772434,3643.607566,40331.67,7.500578
2019-02-06,16,306260.392221,208250.215797,98010.176424,0.0,0.0,0.0,13030.766,3551.614,40385.06,7.583507
2019-02-06,17,377783.43159,292258.170836,85525.260753,0.0,0.0,0.0,13124.461893,2531.628107,40556.09,9.315085
2019-02-06,18,370786.00185,261752.533844,109033.468006,0.0,0.0,0.0,12041.242869,2417.487131,41660.08,8.900271
2019-02-06,19,381918.115095,261742.663844,120175.451251,0.0,0.0,0.0,10613.05901,2140.82099,41660.22,9.167453
2019-02-06,20,364200.782398,257543.623845,106657.158553,0.0,0.0,0.0,11819.424137,2067.935863,40883.89,8.908173
2019-02-06,21,326017.516267,234385.969736,91631.54653,0.0,0.0,0.0,13451.477023,2069.622977,39323.19,8.290719
2019-02-06,22,276182.997841,205281.079681,70901.91816,0.0,0.0,0.0,14383.785087,2001.594913,36738.67,7.517501
2019-02-06,23,176222.337107,117718.42287,58503.914237,0.0,0.0,0.0,13810.714124,2850.025876,34116.43,5.165322
2019-02-07,0,152314.160708,112571.892485,39742.268223,0.0,0.0,0.0,15263.60459,1450.76541,32142.35,4.738738
2019-02-07,1,119825.23934,76303.944741,43521.294599,0.0,0.0,0.0,15171.950774,1173.239226,31007.24,3.864428
2019-02-07,2,118014.056437,76303.944741,41710.111696,0.0,0.0,0.0,14727.496294,923.623706,30408.5,3.880956
2019-02-07,3,119112.529923,77707.802289,41404.727634,0.0,0.0,0.0,14264.356462,1474.263538,30169.49,3.948112
2019-02-07,4,124178.796893,80591.510514,43587.286379,0.0,0.0,0.0,13874.480036,1957.569964,30598.87,4.05828
2019-02-07,5,172130.686758,120883.687087,51246.999671,0.0,0.0,0.0,13293.100683,2301.689317,32268.6,5.334309
2019-02-07,6,262480.262754,188591.21431,73889.048444,0.0,0.0,0.0,12178.863215,2307.396785,35643.03,7.36414
2019-02-07,7,282517.5569,200413.061418,82104.495482,0.0,0.0,0.0,11627.694,2201.756,37230.74,7.588287
2019-02-07,8,307040.047943,215871.260393,91168.78755,0.0,0.0,0.0,11026.886962,2108.813038,37830.32,8.116242
2019-02-07,9,369719.994119,264037.963401,105682.030718,0.0,0.0,0.0,10638.934,2365.656,38883.34,9.508442
2019-02-07,10,366428.053385,264035.183401,102392.869984,0.0,0.0,0.0,11513.330329,2113.679671,39998.67,9.161006
2019-02-07,11,381436.269641,264035.183401,117401.08624,0.0,0.0,0.0,11649.893,3464.997,40557.63,9.404797
2019-02-07,12,371908.659823,264035.183401,107873.476421,0.0,0.0,0.0,11442.103,4817.867,40368.73,9.212791
2019-02-07,13,364960.62633,264035.183401,100925.442929,0.0,0.0,0.0,11978.005221,5234.334779,40140.28,9.09213
2019-02-07,14,348900.805339,255247.59557,93653.209769,0.0,0.0,0.0,12689.642226,5339.807774,39689.98,8.790652
2019-02-07,15,342650.98439,251182.298746,91468.685644,0.0,0.0,0.0,12814.635715,4918.424285,39397.1,8.697366
2019-02-07,16,362438.259822,259922.495529,102515.764293,0.0,0.0,0.0,12232.253,4300.247,39784.03,9.110144
2019-02-07,17,436139.347514,335148.580712,100990.766802,0.0,0.0,0.0,11481.902,2978.188,41078.32,10.617263
2019-02-07,18,548478.073812,427775.329917,120702.743895,0.0,0.0,0.0,10504.751267,2014.358733,43866.32,12.503398
2019-02-07,19,541550.310876,376126.161794,165424.149082,0.0,0.0,0.0,9151.292,1489.438,45020.72,12.028913
2019-02-07,20,548331.180067,376126.161794,172205.018273,0.0,0.0,0.0,9526.117,1088.333,45361.47,12.088038
2019-02-07,21,523573.618725,376126.161794,147447.456932,0.0,0.0,0.0,10618.377461,1310.962539,44699.57,11.713169
2019-02-07,22,489239.258859,350150.487853,139088.771006,0.0,0.0,0.0,10706.222441,1063.837559,43102.69,11.35055
2019-02-07,23,440666.381139,301628.984845,139037.396294,0.0,0.0,0.0,10855.379489,1441.530511,41556.16,10.604117
2019-02-08,0,573411.179183,447437.787546,125973.391638,0.0,0.0,0.0,11558.162753,1173.697247,40658.73,14.103027
2019-02-08,1,555064.348268,439967.651245,115096.697023,0.0,0.0,0.0,11670.666171,792.133829,40525.59,13.696638
2019-02-08,2,561659.085408,441445.336294,120213.749114,0.0,0.0,0.0,12085.000946,850.109054,40948.53,13.716221
2019-02-08,3,711702.085741,589720.408231,121981.677509,0.0,0.0,0.0,12406.049574,706.320426,41797.9,17.027221
2019-02-08,4,723283.386016,599099.531638,124183.854378,0.0,0.0,0.0,12524.390369,542.229631,43456.23,16.643952
2019-02-08,5,2895821.641397,2754636.702656,141184.938741,0.0,0.0,0.0,13516.34,505.78,46785.77,61.895351
2019-02-08,6,3033986.213819,2858019.626274,175966.587544,0.0,0.0,0.0,11651.03,348.15,51649.12,58.742263
2019-02-08,7,3073810.927351,2865274.843383,208536.083969,0.0,0.0,0.0,9155.880559,198.399441,53731.32,57.207061
2019-02-08,8,3080726.771867,2877192.453381,203534.318486,0.0,0.0,0.0,8875.93,193.25,53581.51,57.49608
2019-02-08,9,3075822.069037,2877186.383381,198635.685655,0.0,0.0,0.0,8919.01,255.34,53723.47,57.252856
2019-02-08,10,3056369.484341,2877186.383381,179183.10096,0.0,0.0,0.0,9744.87,185.76,53044.37,57.619112
2019-02-08,11,3052806.406582,2877186.383381,175620.0232,0.0,0.0,0.0,8799.14,234.09,52413.24,58.244947
2019-02-08,12,2886699.273959,2702825.449817,183873.824141,0.0,0.0,0.0,8840.22,175.36,51610.59,55.932305
2019-02-08,13,2881545.832868,2702825.449817,178720.383051,0.0,0.0,0.0,8565.41,70.44,51186.36,56.295189
2019-02-08,14,2869335.000751,2702825.449817,166509.550934,0.0,0.0,0.0,9135.57,127.13,50763.61,56.523462
2019-02-08,15,2733947.060326,2555274.290729,178672.769597,0.0,0.0,0.0,9819.73,162.81,50701.55,53.922357
2019-02-08,16,2737781.894738,2555274.290729,182507.604008,0.0,0.0,0.0,10532.43,160.43,51346.71,53.319519
2019-02-08,17,2778727.80427,2579845.074577,198882.729693,0.0,0.0,0.0,9605.642105,324.237895,52476.55,52.9518
2019-02-08,18,2802844.662349,2579838.494577,223006.167772,0.0,0.0,0.0,8733.76,329.8,53645.54,52.247487
2019-02-08,19,2817447.840769,2579838.494577,237609.346192,0.0,0.0,0.0,8097.718,184.482,53314.38,52.845927
2019-02-08,20,2810485.76806,2579838.494577,230647.273483,0.0,0.0,0.0,7560.833331,136.906669,52495.33,53.537825
2019-02-08,21,2787964.624526,2579838.494577,208126.129949,0.0,0.0,0.0,7540.19,96.72,51199.2,54.453285
2019-02-08,22,2732851.049214,2547558.50073,185292.548485,0.0,0.0,0.0,7587.76,52.83,49300.48,55.432544
2019-02-08,23,2663786.89124,2503359.18753,160427.703711,0.0,0.0,0.0,8220.02,71.09,47318.89,56.294366
2019-02-09,0,2601100.584115,2450337.194682,150763.389433,0.0,0.0,0.0,8659.07,96.84,45830.48,56.754819
2019-02-09,1,2587653.260523,2450337.194682,137316.06584,0.0,0.0,0.0,9142.02,130.93,44937.75,57.583062
2019-02-09,2,2579454.127317,2441147.967433,138306.159885,0.0,0.0,0.0,8509.27,138.29,44317.85,58.203503
2019-02-09,3,2583066.517881,2441147.967433,141918.550448,0.0,0.0,0.0,7983.21,150.76,44142.8,58.516146
2019-02-09,4,2597572.791799,2450340.484682,147232.307117,0.0,0.0,0.0,7650.0,167.31,44493.66,58.38074
2019-02-09,5,2632501.710703,2474907.97853,157593.732173,0.0,0.0,0.0,7233.41,170.72,45484.93,57.87635
2019-02-09,6,2668106.362072,2493244.168722,174862.193351,0.0,0.0,0.0,7039.211,13.609,47073.41,56.679692
2019-02-09,7,2766766.558095,2590468.764769,176297.793325,0.0,0.0,0.0,6668.14,178.46,48714.48,56.795568
2019-02-09,8,2775841.316197,2580943.918842,194897.397355,0.0,0.0,0.0,6684.98,199.51,50051.31,55.459913
2019-02-09,9,2781255.321494,2580943.918842,200311.402652,0.0,0.0,0.0,7173.15,225.45,50938.86,54.599874
2019-02-09,10,2771895.323289,2580943.918842,190951.404447,0.0,0.0,0.0,8511.4,141.64,51300.05,54.032995
2019-02-09,11,2745246.54996,2562604.43865,182642.11131,0.0,0.0,0.0,9495.82606,582.55394,50760.65,54.082179
2019-02-09,12,2729543.480679,2562253.438651,167290.042028,0.0,0.0,0.0,10639.867241,1059.942759,49789.36,54.821823
2019-02-09,13,2666056.991736,2499695.42378,166361.567957,0.0,0.0,0.0,11512.842409,1136.567591,48915.69,54.503105
2019-02-09,14,2646526.094634,2479125.383185,167400.711449,0.0,0.0,0.0,11317.730916,1262.099084,48315.67,54.77573
2019-02-09,15,2649343.718704,2480099.815859,169243.902845,0.0,0.0,0.0,10638.09291,1297.46709,48124.88,55.051435
2019-02-09,16,2651263.00281,2480093.235859,171169.766951,0.0,0.0,0.0,10618.094262,1182.285738,48328.69,54.858988
2019-02-09,17,2716422.570128,2547292.913594,169129.656534,0.0,0.0,0.0,10047.099775,833.560225,49113.53,55.309048
2019-02-09,18,2732154.115593,2547561.79073,184592.324863,0.0,0.0,0.0,9252.292703,723.517297,50378.84,54.232176
2019-02-09,19,2737260.29287,2547207.50073,190052.79214,0.0,0.0,0.0,8311.305355,514.884645,50181.55,54.547145
2019-02-09,20,2736273.064524,2547561.79073,188711.273794,0.0,0.0,0.0,7673.23,375.61,49491.73,55.287481
2019-02-09,21,2719596.973905,2547558.50073,172038.473176,0.0,0.0,0.0,7631.37,340.21,48387.39,56.204664
2019-02-09,22,2696631.448999,2547558.50073,149072.948269,0.0,0.0,0.0,7641.3,335.95,46541.29,57.940625
2019-02-09,23,2598681.84604,2450337.194682,148344.651358,0.0,0.0,0.0,8054.970173,478.659827,44765.35,58.05119
2019-02-10,0,2564419.550338,2426828.540574,137591.009764,0.0,0.0,0.0,8516.981763,654.448237,43315.15,59.203756
2019-02-10,1,2536530.583393,2409884.798551,126645.784842,0.0,0.0,0.0,9044.549535,950.470465,42340.9,59.907337
2019-02-10,2,2534410.600103,2400695.571302,133715.028801,0.0,0.0,0.0,7822.247291,554.132709,41678.3,60.808877
2019-02-10,3,2560597.200858,2431932.665409,128664.535449,0.0,0.0,0.0,6715.5,393.45,41310.08,61.984804
2019-02-10,4,2578597.526575,2448870.337433,129727.189143,0.0,0.0,0.0,5890.76,311.44,41389.1,62.301367
2019-02-10,5,543970.752421,394837.648074,149133.104347,0.0,0.0,0.0,4924.823,170.657,41951.83,12.966556
2019-02-10,6,580618.265505,409877.005995,170741.25951,0.0,0.0,0.0,4170.29,207.17,42943.66,13.520465
2019-02-10,7,645751.812086,458046.999004,187704.813083,0.0,0.0,0.0,3705.64,177.94,43974.36,14.684735
2019-02-10,8,645191.197058,458044.219004,187146.978054,0.0,0.0,0.0,3739.97,220.73,44936.31,14.357903
2019-02-10,9,644536.038498,458044.219004,186491.819494,0.0,0.0,0.0,4427.43,271.19,45465.64,14.176333
2019-02-10,10,624040.225908,458044.219004,165996.006905,0.0,0.0,0.0,5720.76,183.99,45135.66,13.82588
2019-02-10,11,589796.347567,430168.716788,159627.630779,0.0,0.0,0.0,6020.30262,409.98738,44401.11,13.283369
2019-02-10,12,567657.032717,422760.996788,144896.035929,0.0,0.0,0.0,6689.355898,654.674102,43467.41,13.059371
2019-02-10,13,527754.444773,386756.02637,140998.418404,0.0,0.0,0.0,7393.191013,437.698987,42574.63,12.395984
2019-02-10,14,484221.14258,342556.71317,141664.42941,0.0,0.0,0.0,7042.880716,498.939284,41755.54,11.596572
2019-02-10,15,478490.313862,342556.71317,135933.600693,0.0,0.0,0.0,7048.424515,475.125485,41388.46,11.56096
2019-02-10,16,488625.87532,350322.013169,138303.862151,0.0,0.0,0.0,6658.197611,387.582389,41479.61,11.779905
2019-02-10,17,554355.137462,413249.865642,141105.27182,0.0,0.0,0.0,6016.29,418.16,42318.58,13.099568
2019-02-10,18,584545.025925,424662.090891,159882.935034,0.0,0.0,0.0,5385.7,380.49,43784.98,13.350355
2019-02-10,19,599074.210346,424658.800891,174415.409455,0.0,0.0,0.0,4662.67,357.37,43970.89,13.624337
2019-02-10,20,578941.085146,424658.800891,154282.284255,0.0,0.0,0.0,5029.3,386.43,43204.33,13.400071
2019-02-10,21,537925.945877,407715.058868,130210.887009,0.0,0.0,0.0,6112.24,431.33,41800.16,12.868993
2019-02-10,22,428279.709699,306156.015409,122123.694289,0.0,0.0,0.0,6952.849061,556.420939,39449.36,10.856443
2019-02-10,23,409618.318975,315695.327433,93922.991542,0.0,0.0,0.0,7509.446976,1282.313024,37030.78,11.061563
2019-02-11,0,350567.687646,264065.209482,86502.478164,0.0,0.0,0.0,8229.098428,2100.861572,35369.3,9.911638
2019-02-11,1,299822.549222,209048.712601,90773.836622,0.0,0.0,0.0,8690.971562,2225.408438,34506.91,8.688768
2019-02-11,2,295213.110555,208769.965465,86443.145089,0.0,0.0,0.0,8932.561593,2200.718407,34072.44,8.664279
2019-02-11,3,293190.404259,205953.593081,87236.811178,0.0,0.0,0.0,8926.914107,1573.775893,34089.03,8.600726
2019-02-11,4,317856.406671,224466.375192,93390.031478,0.0,0.0,0.0,8860.054,928.236,35045.54,9.069811
2019-02-11,5,406893.943435,300851.342051,106042.601384,0.0,0.0,0.0,8622.35,589.5,37511.6,10.84715
2019-02-11,6,469826.96752,326021.320751,143805.646769,0.0,0.0,0.0,8352.0,443.78,41026.16,11.451887
2019-02-11,7,487742.410157,326014.740751,161727.669405,0.0,0.0,0.0,8010.64,500.86,42184.56,11.562107
2019-02-11,8,474384.040258,326014.740751,148369.299507,0.0,0.0,0.0,8499.805954,1598.314046,41585.13,11.40754
2019-02-11,9,462345.424387,314784.371444,147561.052943,0.0,0.0,0.0,8550.301051,2089.378949,41427.28,11.16041
2019-02-11,10,446097.308511,314781.081444,131316.227067,0.0,0.0,0.0,9700.970879,1225.219121,41126.66,10.846913
2019-02-11,11,403864.195456,269940.06162,133924.133836,0.0,0.0,0.0,9410.503,2513.497,40826.73,9.892151
2019-02-11,12,393611.11014,269940.06162,123671.04852,0.0,0.0,0.0,9729.269966,2632.270034,40568.46,9.702392
2019-02-11,13,366550.858653,257138.965021,109411.893632,0.0,0.0,0.0,11734.3607,431.9693,40116.31,9.137203
2019-02-11,14,345640.884087,235507.725643,110133.158443,0.0,0.0,0.0,11805.499343,2450.290657,39779.94,8.688824
2019-02-11,15,343856.135686,234973.342993,108882.792693,0.0,0.0,0.0,11671.179567,2650.640433,39586.06,8.686294
2019-02-11,16,350624.586169,243713.006511,106911.579658,0.0,0.0,0.0,12072.409945,3117.560055,39737.02,8.823626
2019-02-11,17,376879.028758,257436.251645,119442.777113,0.0,0.0,0.0,10906.279,3092.221,40422.19,9.323568
2019-02-11,18,421134.7661,294442.300161,126692.465939,0.0,0.0,0.0,10158.132,2357.338,41618.72,10.118878
2019-02-11,19,437965.793675,294429.140161,143536.653515,0.0,0.0,0.0,7823.303,1862.047,41684.73,10.506624
2019-02-11,20,416504.782322,294429.140161,122075.642162,0.0,0.0,0.0,8903.973389,2157.866611,40889.27,10.186163
2019-02-11,21,371201.650463,265375.775634,105825.874828,0.0,0.0,0.0,10145.858032,2230.611968,39260.65,9.454801
2019-02-11,22,320112.992968,237007.347393,83105.645575,0.0,0.0,0.0,10855.872793,1838.197207,36924.78,8.669327
2019-02-11,23,258538.371781,192106.387765,66431.984016,0.0,0.0,0.0,10821.898361,1220.491639,34541.12,7.484945
2019-02-12,0,227834.715132,173794.231902,54040.483231,0.0,0.0,0.0,12248.133371,2044.416629,32946.94,6.915201
2019-02-12,1,202729.759393,147856.696614,54873.06278,0.0,0.0,0.0,12194.861988,2150.258012,32106.17,6.314355
2019-02-12,2,207297.323231,147850.116614,59447.206618,0.0,0.0,0.0,11690.132055,2186.767945,32067.36,6.464434
2019-02-12,3,210246.623705,150048.934512,60197.689193,0.0,0.0,0.0,11746.63,2068.19,32252.9,6.518689
2019-02-12,4,237171.874272,172496.665211,64675.209061,0.0,0.0,0.0,11357.56,1919.36,33301.6,7.121936
2019-02-12,5,314723.406791,238141.165861,76582.24093,0.0,0.0,0.0,11557.411,1844.549,36278.51,8.675202
2019-02-12,6,398483.340743,287913.829177,110569.511566,0.0,0.0,0.0,11972.862,1013.958,40757.42,9.776952
2019-02-12,7,482966.547319,345482.274794,137484.272525,0.0,0.0,0.0,9548.697685,491.922315,42441.65,11.379542
2019-02-12,8,481406.296106,345472.914794,135933.381312,0.0,0.0,0.0,7733.969404,381.170596,41659.61,11.555708
2019-02-12,9,465824.414217,335936.89277,129887.521447,0.0,0.0,0.0,7252.31,181.93,40868.51,11.398126
2019-02-12,10,443480.050592,335936.89277,107543.157821,0.0,0.0,0.0,8088.25,58.69,40049.24,11.07337
2019-02-12,11,391561.466227,291737.57957,99823.886657,0.0,0.0,0.0,8638.73,97.32,39071.29,10.021718
2019-02-12,12,360775.553911,275297.927653,85477.626257,0.0,0.0,0.0,9783.947165,269.632835,38123.42,9.463358
2019-02-12,13,297730.570193,205941.225722,91789.344471,0.0,0.0,0.0,10259.840427,960.499573,37448.93,7.950309
2019-02-12,14,285346.997751,199223.223531,86123.77422,0.0,0.0,0.0,10055.603749,959.796251,36810.32,7.751821
2019-02-12,15,285024.575404,199223.223531,85801.351873,0.0,0.0,0.0,9543.335974,805.664026,36392.52,7.831955
2019-02-12,16,304903.612188,214931.592746,89972.019442,0.0,0.0,0.0,9055.66123,412.05877,36509.13,8.351435
2019-02-12,17,406095.70359,315500.356677,90595.346914,0.0,0.0,0.0,7295.56,0.0,37114.83,10.941602
2019-02-12,18,502467.668826,382422.165563,120045.503263,0.0,0.0,0.0,5292.56,0.0,39494.52,12.722466
2019-02-12,19,550827.169956,391927.27149,158899.898467,0.0,0.0,0.0,3113.83,63.77,40967.72,13.445395
2019-02-12,20,557920.620483,391923.98149,165996.638994,0.0,0.0,0.0,3081.960255,11.469745,41457.25,13.457733
2019-02-12,21,536351.023723,391923.98149,144427.042233,0.0,0.0,0.0,4217.9,236.48,41051.07,13.065458
2019-02-12,22,467817.163812,353917.172442,113899.99137,0.0,0.0,0.0,6443.49,407.24,39554.66,11.827106
2019-02-12,23,418097.807048,308444.637178,109653.16987,0.0,0.0,0.0,6735.732838,542.647162,37946.6,11.018057
2019-02-13,0,405978.789761,308444.637178,97534.152583,0.0,0.0,0.0,7116.112246,657.227754,37060.04,10.954624
2019-02-13,1,379309.981774,268626.185369,110683.796405,0.0,0.0,0.0,7843.563,659.107,37034.93,10.241952
2019-02-13,2,374270.498119,273832.687979,100437.810141,0.0,0.0,0.0,7655.55932,766.77068,37393.1,10.009079
2019-02-13,3,394248.747191,286633.784578,107614.962613,0.0,0.0,0.0,7853.341,666.429,38290.71,10.296198
2019-02-13,4,432047.308139,319227.933278,112819.374861,0.0,0.0,0.0,8049.112,684.688,39957.92,10.812558
2019-02-13,5,604546.464117,474452.179686,130094.28443,0.0,0.0,0.0,7806.811824,608.168176,43480.25,13.903933
2019-02-13,6,699390.06807,527461.012534,171929.055537,0.0,0.0,0.0,7652.910836,552.339164,48392.38,14.452483
2019-02-13,7,717593.12009,527457.722534,190135.397557,0.0,0.0,0.0,7493.224006,534.845994,49543.92,14.483979
2019-02-13,8,668940.24567,517921.70051,151018.54516,0.0,0.0,0.0,8451.359596,1381.850404,47227.91,14.164087
2019-02-13,9,531440.086844,389882.119648,141557.967196,0.0,0.0,0.0,9400.977283,2115.872717,44492.68,11.944439
2019-02-13,10,453170.390104,326665.678718,126504.711386,0.0,0.0,0.0,10375.573759,2193.486241,42265.09,10.722097
2019-02-13,11,377397.378524,268402.783993,108994.594531,0.0,0.0,0.0,12023.025284,2557.444716,40390.26,9.343772
2019-02-13,12,334747.635427,243410.423078,91337.212349,0.0,0.0,0.0,12389.810413,3454.639587,38900.48,8.605231
2019-02-13,13,289214.07648,199211.109878,90002.966602,0.0,0.0,0.0,12427.522983,3829.467017,38179.08,7.575198
2019-02-13,14,277447.481056,194767.235454,82680.245603,0.0,0.0,0.0,13009.614843,4037.705157,37629.21,7.373194
2019-02-13,15,266024.095326,183593.330057,82430.765269,0.0,0.0,0.0,13463.213,3859.167,37457.83,7.101962
2019-02-13,16,278075.16373,195021.939878,83053.223851,0.0,0.0,0.0,13311.386,3077.984,37813.36,7.353887
2019-02-13,17,300219.908841,208992.065253,91227.843588,0.0,0.0,0.0,12475.6993,3011.4807,38611.19,7.775464
2019-02-13,18,365890.678045,269203.242345,96687.4357,0.0,0.0,0.0,12662.573152,2603.476848,40761.91,8.976289
2019-02-13,19,378396.239731,269193.372345,109202.867387,0.0,0.0,0.0,11527.607706,2119.692294,41514.58,9.114779
2019-02-13,20,369301.473914,267130.987846,102170.486069,0.0,0.0,0.0,12771.221146,2070.368854,41213.26,8.960744
2019-02-13,21,318731.08016,222928.384646,95802.695515,0.0,0.0,0.0,12574.391034,4123.408966,40119.38,7.944566
2019-02-13,22,275127.538476,204393.973285,70733.565191,0.0,0.0,0.0,14848.650608,2875.339392,37940.14,7.251622
2019-02-13,23,229878.685012,172601.382219,57277.302794,0.0,0.0,0.0,15447.788983,2174.771017,35674.42,6.443796
2019-02-14,0,215465.668023,163750.035315,51715.632708,0.0,0.0,0.0,14793.695076,2154.584924,34228.47,6.294925
2019-02-14,1,181985.482508,115563.436711,66422.045797,0.0,0.0,0.0,12789.346,3379.234,33391.06,5.450126
2019-02-14,2,183356.989758,115560.146711,67796.843047,0.0,0.0,0.0,12033.497,3594.153,33045.27,5.548661
2019-02-14,3,194977.225797,129730.315905,65246.909892,0.0,0.0,0.0,11417.732072,3788.227928,33094.72,5.89149
2019-02-14,4,209984.844938,129720.445905,80264.399033,0.0,0.0,0.0,10770.556,3888.574,34039.96,6.168775
2019-02-14,5,306441.537235,229536.386878,76905.150358,0.0,0.0,0.0,12527.16692,2225.82308,36592.53,8.374429
2019-02-14,6,358603.825172,246953.214061,111650.611111,0.0,0.0,0.0,12362.282,2339.488,40444.42,8.866583
2019-02-14,7,370174.966061,246943.344061,123231.622,0.0,0.0,0.0,11792.05,2517.37,41212.5,8.982104
2019-02-14,8,362949.037131,247588.340685,115360.696446,0.0,0.0,0.0,11210.002879,2180.307121,40109.99,9.048844
2019-02-14,9,349389.540103,238844.853901,110544.686202,0.0,0.0,0.0,10888.097541,2359.932459,39245.73,8.902613
2019-02-14,10,325662.09004,231573.186793,94088.903247,0.0,0.0,0.0,12312.245828,1494.124172,38350.95,8.49163
2019-02-14,11,304307.233633,221626.971371,82680.262262,0.0,0.0,0.0,12916.367437,2635.102563,37559.27,8.102054
2019-02-14,12,239455.104868,146606.093356,92849.011512,0.0,0.0,0.0,11940.599,4913.071,36914.09,6.486821
2019-02-14,13,225302.268734,146606.093356,78696.175379,0.0,0.0,0.0,13010.456085,4682.223915,36799.45,6.122436
2019-02-14,14,214647.804484,133850.733708,80797.070776,0.0,0.0,0.0,13446.679,4453.781,36642.89,5.85783
2019-02-14,15,214544.790824,133850.733708,80694.057116,0.0,0.0,0.0,13313.348,3976.432,36521.68,5.87445
2019-02-14,16,227403.90195,146970.253355,80433.648594,0.0,0.0,0.0,12706.634997,3328.155003,36490.28,6.231903
2019-02-14,17,243043.0402,152574.600104,90468.440095,0.0,0.0,0.0,11085.252,3060.098,36504.82,6.657834
2019-02-14,18,342536.303152,250861.26367,91675.039482,0.0,0.0,0.0,10119.123,494.817,37769.23,9.069189
2019-02-14,19,363836.350613,250838.74367,112997.606943,0.0,0.0,0.0,6348.553,99.857,38078.23,9.55497
2019-02-14,20,362375.425326,250838.74367,111536.681656,0.0,0.0,0.0,5923.46,105.37,37442.0,9.678314
2019-02-14,21,340981.978165,250838.74367,90143.234495,0.0,0.0,0.0,6867.48,66.57,36206.24,9.417768
2019-02-14,22,281961.653949,211265.458437,70696.195512,0.0,0.0,0.0,8345.75,125.5,34052.03,8.280318
2019-02-14,23,242923.367147,186487.01612,56436.351027,0.0,0.0,0.0,8694.25,74.2,31814.01,7.635736
2019-02-15,0,222053.654257,171567.785729,50485.868528,0.0,0.0,0.0,8936.01,41.28,30317.74,7.324215
2019-02-15,1,198301.988176,150360.299493,47941.688682,0.0,0.0,0.0,9282.39,21.98,29575.06,6.705041
2019-02-15,2,205147.615079,153812.999013,51334.616066,0.0,0.0,0.0,8061.13,0.0,29174.21,7.031814
2019-02-15,3,214129.016021,158794.686514,55334.329507,0.0,0.0,0.0,7292.9,40.53,29236.2,7.324106
2019-02-15,4,231979.287509,169971.881911,62007.405598,0.0,0.0,0.0,6829.31,185.63,30024.92,7.726225
2019-02-15,5,293747.372192,224650.998819,69096.373374,0.0,0.0,0.0,6537.68,152.2,32274.81,9.101444
2019-02-15,6,329176.240396,231906.215927,97270.024469,0.0,0.0,0.0,6671.45,157.76,35888.87,9.172098
2019-02-15,7,345596.189896,237112.208536,108483.98136,0.0,0.0,0.0,7339.186,130.704,37320.96,9.26011
2019-02-15,8,349802.373692,237108.918536,112693.455155,0.0,0.0,0.0,6973.353,576.797,37305.23,9.376765
2019-02-15,9,348633.875714,237108.918536,111524.957178,0.0,0.0,0.0,7012.975,1408.785,37341.25,9.336428
2019-02-15,10,339763.717101,237108.918536,102654.798565,0.0,0.0,0.0,8122.41434,2391.17566,37516.85,9.056296
2019-02-15,11,323430.062238,220669.266619,102760.795619,0.0,0.0,0.0,9168.009,1783.371,37668.19,8.586292
2019-02-15,12,318877.481294,220669.266619,98208.214675,0.0,0.0,0.0,9933.299564,2012.010436,37859.88,8.42257
2019-02-15,13,308223.161219,212330.476219,95892.685,0.0,0.0,0.0,11321.100038,2887.459962,38415.76,8.023352
2019-02-15,14,300576.55946,207124.48361,93452.075851,0.0,0.0,0.0,12151.883155,2515.606845,38671.34,7.772592
2019-02-15,15,288049.182763,199852.816501,88196.366262,0.0,0.0,0.0,13005.255727,2336.634273,38725.99,7.438136
2019-02-15,16,274716.177363,193134.81431,81581.363053,0.0,0.0,0.0,13574.717388,2443.972612,38665.23,7.104993
2019-02-15,17,290993.084104,206469.813061,84523.271043,0.0,0.0,0.0,12429.008,1362.232,38457.78,7.56656
2019-02-15,18,334958.725874,250855.19367,84103.532204,0.0,0.0,0.0,10911.670481,1385.529519,39208.43,8.543028
2019-02-15,19,371969.709047,250838.74367,121130.965377,0.0,0.0,0.0,7671.655,1423.795,39281.05,9.469444
2019-02-15,20,360516.389675,250838.74367,109677.646005,0.0,0.0,0.0,7174.749386,1700.750614,38604.24,9.338777
2019-02-15,21,349584.66354,250838.74367,98745.91987,0.0,0.0,0.0,7324.701996,1675.948004,37741.17,9.262687
2019-02-15,22,322655.093067,234665.141963,87989.951104,0.0,0.0,0.0,7526.236077,1768.233923,36394.59,8.865469
2019-02-15,23,298670.42938,211504.197855,87166.231525,0.0,0.0,0.0,6810.289926,1464.970074,34904.17,8.55687
2019-02-16,0,338146.167961,259326.480864,78819.687097,0.0,0.0,0.0,6133.710087,1165.539913,33643.36,10.050904
2019-02-16,1,283301.38525,198011.389595,85289.995654,0.0,0.0,0.0,5715.828786,770.011214,32966.77,8.593544
2019-02-16,2,288666.741952,198008.099595,90658.642357,0.0,0.0,0.0,5279.649,698.741,32709.59,8.825141
2019-02-16,3,287958.101129,198008.099595,89950.001534,0.0,0.0,0.0,5297.92,1079.69,32726.2,8.799008
2019-02-16,4,351415.423751,273028.977611,78386.446141,0.0,0.0,0.0,6229.41446,1145.19554,33230.41,10.575115
2019-02-16,5,384427.526723,294037.049853,90390.47687,0.0,0.0,0.0,5530.248446,587.521554,34262.96,11.219916
2019-02-16,6,425879.81445,315679.404379,110200.410071,0.0,0.0,0.0,4577.810006,519.499994,36061.66,11.809767
2019-02-16,7,507864.122467,379401.106369,128463.016097,0.0,0.0,0.0,3975.11,400.13,38057.68,13.34459
2019-02-16,8,569720.876762,405145.016561,164575.860201,0.0,0.0,0.0,3116.85,251.23,40008.3,14.240067
2019-02-16,9,581865.539049,405138.436561,176727.102488,0.0,0.0,0.0,3570.57,150.44,41281.91,14.094928
2019-02-16,10,567541.080286,405138.436561,162402.643725,0.0,0.0,0.0,5475.23,48.74,41946.21,13.530211
2019-02-16,11,532209.586647,379391.236369,152818.350278,0.0,0.0,0.0,6898.63,34.96,41894.99,12.703418
2019-02-16,12,506546.865067,365948.433147,140598.431921,0.0,0.0,0.0,8393.411062,1018.078938,41342.6,12.252419
2019-02-16,13,447820.847638,301338.278221,146482.569417,0.0,0.0,0.0,9520.265603,2278.504397,40598.83,11.030388
2019-02-16,14,422608.454342,287468.187178,135140.267164,0.0,0.0,0.0,10223.723939,2500.766061,39931.82,10.583251
2019-02-16,15,398831.21488,273475.227878,125355.987002,0.0,0.0,0.0,11082.772362,2644.457638,39452.76,10.109083
2019-02-16,16,385513.139631,265357.625752,120155.513878,0.0,0.0,0.0,11581.782036,2104.477964,39346.87,9.79781
2019-02-16,17,407206.223487,280417.708344,126788.515144,0.0,0.0,0.0,10790.931438,1520.468562,39809.97,10.22875
2019-02-16,18,446287.845058,313226.804152,133061.040906,0.0,0.0,0.0,9950.246867,547.863133,40864.29,10.921219
2019-02-16,19,458633.57952,313213.644152,145419.935368,0.0,0.0,0.0,7542.04,363.93,41032.65,11.177284
2019-02-16,20,451964.294123,313213.644152,138750.64997,0.0,0.0,0.0,7883.53,454.24,40348.28,11.201575
2019-02-16,21,422473.767333,296773.992235,125699.775097,0.0,0.0,0.0,9623.65,492.85,39428.5,10.714934
2019-02-16,22,376739.408714,267588.6951,109150.713614,0.0,0.0,0.0,10273.651153,489.158847,37861.56,9.950446
2019-02-16,23,327772.780137,222747.675277,105025.10486,0.0,0.0,0.0,9430.750297,687.929703,36091.08,9.081822
2019-02-17,0,308062.730777,216029.673085,92033.057692,0.0,0.0,0.0,9505.11,337.52,34561.94,8.913352
2019-02-17,1,287166.101634,199641.9776,87524.124034,0.0,0.0,0.0,9234.15582,688.86418,33433.29,8.589227
2019-02-17,2,297992.213814,209406.292601,88585.921213,0.0,0.0,0.0,7559.03,136.49,32840.94,9.073803
2019-02-17,3,313394.523579,221512.602552,91881.921028,0.0,0.0,0.0,5873.77,0.21,32604.2,9.612091
2019-02-17,4,323220.118031,229848.102952,93372.015078,0.0,0.0,0.0,5161.18,358.99,32736.48,9.873393
2019-02-17,5,345382.017662,246287.754869,99094.262793,0.0,0.0,0.0,4396.39,323.86,33357.39,10.353988
2019-02-17,6,367091.835676,253559.421978,113532.413698,0.0,0.0,0.0,4093.59,290.95,34478.11,10.647099
2019-02-17,7,406829.892378,286570.819899,120259.072479,0.0,0.0,0.0,4445.2,264.64,35853.09,11.347136
2019-02-17,8,475681.863725,339507.039882,136174.823843,0.0,0.0,0.0,3761.145007,305.194993,37465.15,12.696649
2019-02-17,9,481852.180869,339500.459882,142351.720987,0.0,0.0,0.0,4882.35,413.76,38693.17,12.453159
2019-02-17,10,433940.250194,306495.641961,127444.608233,0.0,0.0,0.0,7469.1,338.62,38756.42,11.196603
2019-02-17,11,382567.05289,278585.282936,103981.769954,0.0,0.0,0.0,9459.39997,1167.16003,37887.59,10.097424
2019-02-17,12,314941.277455,225294.772954,89646.504501,0.0,0.0,0.0,11613.498697,2584.461303,37030.5,8.504916
2019-02-17,13,285891.94836,209654.296781,76237.65158,0.0,0.0,0.0,13104.586358,2459.433642,36244.67,7.887834
2019-02-17,14,216125.70874,134636.708765,81488.999974,0.0,0.0,0.0,11942.419,4061.501,35456.29,6.095553
2019-02-17,15,205200.567851,134636.708765,70563.859086,0.0,0.0,0.0,12573.193262,2571.446738,35014.35,5.860471
2019-02-17,16,215717.606461,137051.172138,78666.434323,0.0,0.0,0.0,11653.740692,1953.059308,35301.2,6.110773
2019-02-17,17,303714.881244,222522.845162,81192.036082,0.0,0.0,0.0,11047.084,880.226,36193.54,8.391411
2019-02-17,18,404470.188183,305658.077795,98812.110388,0.0,0.0,0.0,9870.687,467.403,38357.17,10.544839
2019-02-17,19,464880.446127,365140.907683,99739.538444,0.0,0.0,0.0,8739.140006,519.499994,39525.2,11.761622
2019-02-17,20,398325.260096,290116.739668,108208.520428,0.0,0.0,0.0,9289.73791,590.84209,39544.08,10.072943
2019-02-17,21,364948.004504,258387.501062,106560.503441,0.0,0.0,0.0,10945.736718,450.043282,39136.16,9.325085
2019-02-17,22,334334.382067,243654.142765,90680.239303,0.0,0.0,0.0,11593.94,632.18,37825.65,8.838827
2019-02-17,23,277806.050815,199454.829565,78351.22125,0.0,0.0,0.0,11922.090329,1133.049671,36211.33,7.671799
2019-02-18,0,254142.325801,187216.846081,66925.47972,0.0,0.0,0.0,13414.573687,598.896313,35150.08,7.230206
2019-02-18,1,223341.683933,158361.81404,64979.869893,0.0,0.0,0.0,13989.211979,1180.968021,34657.9,6.444178
2019-02-18,2,231002.449332,163884.464191,67117.985141,0.0,0.0,0.0,13952.68508,1185.98492,34823.79,6.633467
2019-02-18,3,250319.064399,177130.032291,73189.032108,0.0,0.0,0.0,13194.83,1822.84,35406.3,7.069902
2019-02-18,4,302249.823893,221322.765491,80927.058402,0.0,0.0,0.0,12813.395,1972.295,36806.45,8.211871
2019-02-18,5,396580.900468,292387.454438,104193.44603,0.0,0.0,0.0,13856.210202,1110.579798,39592.69,10.016518
2019-02-18,6,496349.840148,375383.472854,120966.367294,0.0,0.0,0.0,14050.359326,1140.490674,43356.19,11.448189
2019-02-18,7,523713.521842,389329.662246,134383.859596,0.0,0.0,0.0,14047.440316,1409.469684,45517.56,11.505747
2019-02-18,8,541604.402957,393525.412245,148078.990712,0.0,0.0,0.0,13492.755,1940.205,46090.05,11.751005
2019-02-18,9,544291.962406,393522.122245,150769.840161,0.0,0.0,0.0,13327.628995,2025.891005,46084.68,11.810692
2019-02-18,10,529334.03073,393876.412245,135457.618485,0.0,0.0,0.0,13962.017321,1959.412679,45388.99,11.662168
2019-02-18,11,506148.844489,385534.331845,120614.512644,0.0,0.0,0.0,14069.194166,3144.075834,44254.12,11.437327
2019-02-18,12,433850.841008,310516.743829,123334.097179,0.0,0.0,0.0,13167.590461,5163.049539,42996.21,10.090444
2019-02-18,13,410185.794524,301242.164396,108943.630127,0.0,0.0,0.0,13967.246151,4565.183849,42013.12,9.763279
2019-02-18,14,384574.529811,278041.807458,106532.722353,0.0,0.0,0.0,14889.578695,4179.861305,41243.73,9.324436
2019-02-18,15,377535.822333,272511.677923,105024.14441,0.0,0.0,0.0,15047.505231,3856.234769,40995.6,9.209179
2019-02-18,16,407458.858984,301996.102103,105462.756881,0.0,0.0,0.0,14465.319914,3331.110086,41424.97,9.836069
2019-02-18,17,489762.840165,381983.578469,107779.261696,0.0,0.0,0.0,13801.918744,3016.401256,42629.11,11.48893
2019-02-18,18,506125.446997,365866.474886,140258.972111,0.0,0.0,0.0,13345.4368,2256.3732,45045.91,11.235769
2019-02-18,19,521355.081756,365856.604886,155498.47687,0.0,0.0,0.0,11935.746689,2002.773311,45995.37,11.334947
2019-02-18,20,512088.28941,365856.604886,146231.684524,0.0,0.0,0.0,12995.465638,1884.364362,45579.21,11.235129
2019-02-18,21,477891.016037,348637.735894,129253.280142,0.0,0.0,0.0,14159.847749,2481.442251,44270.19,10.794872
2019-02-18,22,401844.643859,282177.067336,119667.576523,0.0,0.0,0.0,14037.416152,3072.913848,42016.16,9.56405
2019-02-18,23,361654.261359,256939.411371,104714.849988,0.0,0.0,0.0,14627.168861,2308.261139,39860.7,9.072953
2019-02-19,0,352616.65879,258911.425113,93705.233676,0.0,0.0,0.0,13866.02186,2256.93814,38513.48,9.155669
2019-02-19,1,316311.671778,214705.531913,101606.139864,0.0,0.0,0.0,12546.521006,2760.758994,37876.11,8.351219
2019-02-19,2,316452.29305,215589.983473,100862.309576,0.0,0.0,0.0,12113.112076,2893.387924,37547.43,8.428068
2019-02-19,3,319406.188915,215580.113473,103826.075441,0.0,0.0,0.0,11842.769,2974.131,37654.79,8.482485
2019-02-19,4,367056.845706,266180.574571,100876.271136,0.0,0.0,0.0,12422.644008,2217.865992,38640.94,9.49917
2019-02-19,5,548057.740472,425317.2335,122740.506972,0.0,0.0,0.0,12735.700186,1691.559814,41346.33,13.255294
2019-02-19,6,627185.968585,472299.025025,154886.94356,0.0,0.0,0.0,12754.747,1171.673,45506.07,13.782468
2019-02-19,7,647141.313949,472282.575025,174858.738924,0.0,0.0,0.0,11380.848368,1965.901632,47055.48,13.75273
2019-02-19,8,698299.187344,529995.170057,168304.017287,0.0,0.0,0.0,10736.54026,626.87974,46857.87,14.902495
2019-02-19,9,692799.068426,529989.100057,162809.968369,0.0,0.0,0.0,9923.670006,519.499994,47269.7,14.656303
2019-02-19,10,700678.307252,529989.100057,170689.207195,0.0,0.0,0.0,9984.3,333.03,47749.86,14.673934
2019-02-19,11,698581.715434,529989.100057,168592.615377,0.0,0.0,0.0,9907.552,274.768,47743.32,14.632031
2019-02-19,12,694467.915314,529989.100057,164478.815257,0.0,0.0,0.0,9716.674402,701.565598,47489.34,14.623659
2019-02-19,13,689873.250237,529989.100057,159884.15018,0.0,0.0,0.0,10146.028519,1181.571481,47213.55,14.611764
2019-02-19,14,698697.599258,537707.670057,160989.929201,0.0,0.0,0.0,9085.011503,928.188497,46792.25,14.931909
2019-02-19,15,717008.195473,556537.995306,160470.200167,0.0,0.0,0.0,8238.762748,462.447252,46665.81,15.364743
2019-02-19,16,795293.215651,635705.490871,159587.72478,0.0,0.0,0.0,7773.958096,73.051904,47218.19,16.842942
2019-02-19,17,783038.450542,602045.557075,180992.893468,0.0,0.0,0.0,5650.24,61.94,48180.98,16.252024
2019-02-19,18,814107.517712,602036.197075,212071.320638,0.0,0.0,0.0,4047.66,37.17,49447.77,16.463989
2019-02-19,19,842196.687727,611557.753002,230638.934725,0.0,0.0,0.0,2604.8,21.87,49358.23,17.062943
2019-02-19,20,851161.971605,611554.463002,239607.508603,0.0,0.0,0.0,1374.16,0.0,48376.16,17.594658
2019-02-19,21,811322.684551,602036.197075,209286.487476,0.0,0.0,0.0,1192.73,0.0,46574.5,17.41989
2019-02-19,22,754599.485303,590617.391826,163982.093477,0.0,0.0,0.0,1642.08,0.0,43748.25,17.248678
2019-02-19,23,624827.298436,462577.810963,162249.487473,0.0,0.0,0.0,1523.89,0.0,41307.09,15.126394
2019-02-20,0,586572.85189,453837.61418,132735.23771,0.0,0.0,0.0,2482.69,0.0,39829.8,14.726985
2019-02-20,1,527864.306563,392694.558957,135169.747606,0.0,0.0,0.0,3472.88,0.0,39134.1,13.488602
2019-02-20,2,524893.494881,371613.735836,153279.759045,0.0,0.0,0.0,3120.913,29.677,38958.83,13.47303
2019-02-20,3,558200.543498,423227.349036,134973.194462,0.0,0.0,0.0,2995.17,0.0,39456.66,14.147182
2019-02-20,4,584038.303472,441503.567843,142534.73563,0.0,0.0,0.0,3259.43,43.33,40836.48,14.301877
2019-02-20,5,704056.621769,536244.056805,167812.564964,0.0,0.0,0.0,3510.7,97.07,43714.74,16.105703
2019-02-20,6,745366.419731,536237.476805,209128.942926,0.0,0.0,0.0,4233.23,220.33,47886.52,15.565266
2019-02-20,7,740581.375756,536237.476805,204343.898951,0.0,0.0,0.0,5642.07,445.45,48944.84,15.130939
2019-02-20,8,701865.312224,536237.476805,165627.835419,0.0,0.0,0.0,6595.896557,1021.993443,47487.9,14.779877
2019-02-20,9,603270.0265,464876.003766,138394.022734,0.0,0.0,0.0,8421.984957,1852.595043,45648.52,13.215544
2019-02-20,10,489918.388459,372953.398502,116964.989957,0.0,0.0,0.0,11184.582482,1885.467518,43653.06,11.223002
2019-02-20,11,401185.833934,278598.404953,122587.428981,0.0,0.0,0.0,11478.814274,2526.005726,41538.55,9.658157
2019-02-20,12,363030.049155,257596.912711,105433.136444,0.0,0.0,0.0,11586.278211,2925.841789,39705.71,9.143019
2019-02-20,13,333323.598183,242540.120119,90783.478063,0.0,0.0,0.0,12131.816804,2457.353196,38440.55,8.671145
2019-02-20,14,293312.003727,198340.806919,94971.196808,0.0,0.0,0.0,11208.537,3023.793,37400.67,7.842426
2019-02-20,15,285505.048715,198340.806919,87164.241796,0.0,0.0,0.0,10625.218,2757.682,36870.38,7.74348
2019-02-20,16,300881.880271,213404.179511,87477.70076,0.0,0.0,0.0,10196.157,1769.683,36929.07,8.147562
2019-02-20,17,378233.843207,286311.020087,91922.82312,0.0,0.0,0.0,8385.139,298.471,37626.39,10.052355
2019-02-20,18,479952.852726,357302.263862,122650.588863,0.0,0.0,0.0,5924.69,123.03,39811.13,12.055746
2019-02-20,19,516742.478604,357282.523862,159459.954741,0.0,0.0,0.0,3761.63,89.19,41089.42,12.576047
2019-02-20,20,529901.135516,366475.041112,163426.094405,0.0,0.0,0.0,3425.636,39.454,41081.26,12.898853
2019-02-20,21,502423.607345,366471.751112,135951.856233,0.0,0.0,0.0,4317.39,228.27,40234.79,12.487293
2019-02-20,22,424483.430556,317375.175493,107108.255063,0.0,0.0,0.0,6008.99,377.25,38438.12,11.043293
2019-02-20,23,390912.864556,299098.956686,91813.907869,0.0,0.0,0.0,6333.31,374.34,36575.5,10.687834
2019-02-21,0,323413.697425,231741.989378,91671.708047,0.0,0.0,0.0,6553.93,372.89,35306.73,9.160115
2019-02-21,1,307893.289843,218940.892779,88952.397064,0.0,0.0,0.0,6758.19,372.64,34809.37,8.845127
2019-02-21,2,310599.592775,218940.892779,91658.699997,0.0,0.0,0.0,6409.74,356.52,34727.92,8.943801
2019-02-21,3,322214.33012,227684.379562,94529.950558,0.0,0.0,0.0,6189.05,345.12,34977.25,9.212112
2019-02-21,4,351074.238306,250845.32367,100228.914636,0.0,0.0,0.0,5965.5,335.35,35961.65,9.762462
2019-02-21,5,487587.846564,374852.121727,112735.724837,0.0,0.0,0.0,5665.85,346.18,38582.5,12.637539
2019-02-21,6,540606.775832,393568.011,147038.764832,0.0,0.0,0.0,5504.765,275.445,42484.45,12.724815
2019-02-21,7,551920.687704,393561.431,158359.256705,0.0,0.0,0.0,5518.809,67.251,43500.19,12.687776
2019-02-21,8,538333.106988,393561.431,144771.675988,0.0,0.0,0.0,6578.451797,504.298203,43023.68,12.512484
2019-02-21,9,506856.743388,363417.376478,143439.36691,0.0,0.0,0.0,8865.670884,652.099116,42987.17,11.790884
2019-02-21,10,485931.352561,346977.724561,138953.628,0.0,0.0,0.0,10224.588091,1129.391909,42989.98,11.303363
2019-02-21,11,459878.707561,326417.907962,133460.799599,0.0,0.0,0.0,11347.46163,2285.61837,42733.42,10.76157
2019-02-21,12,437457.828228,317036.004555,120421.823673,0.0,0.0,0.0,11489.408927,3328.131073,42136.66,10.381882
2019-02-21,13,418268.453753,311172.162105,107096.291648,0.0,0.0,0.0,12695.576395,3410.983605,41758.69,10.016321
2019-02-21,14,394762.929105,295561.704596,99201.224509,0.0,0.0,0.0,12882.388613,3968.161387,41012.32,9.625472
2019-02-21,15,381071.968396,289167.136699,91904.831697,0.0,0.0,0.0,13303.863594,3765.226406,40613.96,9.382783
2019-02-21,16,387231.434934,297441.785319,89789.649615,0.0,0.0,0.0,14142.173851,2773.566149,41110.97,9.419175
2019-02-21,17,395129.966953,278611.564953,116518.401999,0.0,0.0,0.0,12968.640179,2703.469821,41990.28,9.410034
2019-02-21,18,434031.876634,304580.658894,129451.21774,0.0,0.0,0.0,11925.822167,2463.287833,43541.72,9.968184
2019-02-21,19,445750.711234,304223.078894,141527.63234,0.0,0.0,0.0,10400.886046,1998.433954,43862.68,10.162414
2019-02-21,20,439797.392394,304577.368894,135220.023501,0.0,0.0,0.0,10498.243039,1976.806961,43171.49,10.187218
2019-02-21,21,411733.497018,289832.064261,121901.432757,0.0,0.0,0.0,10789.104568,1463.005432,41601.62,9.897054
2019-02-21,22,367878.682613,266120.745235,101757.937377,0.0,0.0,0.0,10084.88,499.92,39168.3,9.392256
2019-02-21,23,309617.659054,221921.432036,87696.227019,0.0,0.0,0.0,10313.942019,529.217981,36932.23,8.3834
2019-02-22,0,272748.060899,193458.248604,79289.812295,0.0,0.0,0.0,10460.94156,771.64844,35337.98,7.71827
2019-02-22,1,255903.37422,182541.206414,73362.167806,0.0,0.0,0.0,10664.795871,937.484129,34495.11,7.418541
2019-02-22,2,257193.207477,182541.206414,74652.001063,0.0,0.0,0.0,9880.72233,979.78767,34194.78,7.521417
2019-02-22,3,263822.848632,188939.064311,74883.784322,0.0,0.0,0.0,9475.701251,1046.808749,34263.78,7.699759
2019-02-22,4,355073.347505,282111.751718,72961.595787,0.0,0.0,0.0,9216.340159,1179.219841,35193.42,10.089197
2019-02-22,5,402414.984994,303991.482184,98423.50281,0.0,0.0,0.0,7590.76,431.11,37668.04,10.683194
2019-02-22,6,498241.87641,359589.860633,138652.015777,0.0,0.0,0.0,5930.04,189.49,41213.36,12.089329
2019-02-22,7,583261.821711,428840.676762,154421.144949,0.0,0.0,0.0,4842.66,61.92,42367.87,13.766607
2019-02-22,8,595370.33343,428834.606762,166535.726668,0.0,0.0,0.0,2948.49,39.72,42000.65,14.175265
2019-02-22,9,591878.025224,428834.606762,163043.418461,0.0,0.0,0.0,3063.11,37.63,41851.12,14.142466
2019-02-22,10,563413.567154,419298.584739,144114.982415,0.0,0.0,0.0,4657.74,30.74,41697.96,13.511778
2019-02-22,11,516651.565651,386798.956369,129852.609282,0.0,0.0,0.0,6401.68,61.16,41298.05,12.510314
2019-02-22,12,484885.475793,363641.302261,121244.173531,0.0,0.0,0.0,8186.237742,365.952258,40797.83,11.88508
2019-02-22,13,470342.674524,361926.172918,108416.501606,0.0,0.0,0.0,10068.099607,883.360393,40350.17,11.656523
2019-02-22,14,415133.885351,299365.48051,115768.404841,0.0,0.0,0.0,10500.661853,1397.198147,39961.33,10.38839
2019-02-22,15,398970.514334,285635.655376,113334.858958,0.0,0.0,0.0,10838.546332,1761.753668,39651.43,10.061945
2019-02-22,16,396985.757157,286171.0015,110814.755657,0.0,0.0,0.0,11233.435243,1715.214757,39640.65,10.014613
2019-02-22,17,407433.368459,294911.198283,112522.170176,0.0,0.0,0.0,10571.148941,1764.451059,39981.34,10.190588
2019-02-22,18,425137.380255,311350.8502,113786.530055,0.0,0.0,0.0,10177.139395,1690.400605,40629.97,10.46364
2019-02-22,19,431199.954867,311347.5602,119852.394667,0.0,0.0,0.0,8803.952479,1624.947521,40585.86,10.624389
2019-02-22,20,427370.024698,312205.07561,115164.949087,0.0,0.0,0.0,8553.652699,888.697301,39866.7,10.719975
2019-02-22,21,379933.308729,264024.702602,115908.606128,0.0,0.0,0.0,9078.66,351.5,38796.65,9.792941
2019-02-22,22,348589.622398,247585.050685,101004.571714,0.0,0.0,0.0,9126.15,203.38,37178.19,9.376186
2019-02-22,23,307235.028213,223234.396392,84000.631821,0.0,0.0,0.0,10802.88,355.47,35463.63,8.663384
2019-02-23,0,325822.332327,256230.484893,69591.847434,0.0,0.0,0.0,11361.779925,890.660075,33919.65,9.60571
2019-02-23,1,230966.612406,165115.057779,65851.554627,0.0,0.0,0.0,11554.85717,1762.22283,32999.59,6.999075
2019-02-23,2,219693.817605,159782.370278,59911.447327,0.0,0.0,0.0,12043.524795,1299.595205,32414.85,6.777567
2019-02-23,3,216943.858531,159706.321395,57237.537136,0.0,0.0,0.0,11512.570035,1690.229965,32095.98,6.759222
2019-02-23,4,222276.348252,163152.440915,59123.907337,0.0,0.0,0.0,10613.892,2051.168,32276.92,6.886541
2019-02-23,5,244683.093098,179314.613812,65368.479286,0.0,0.0,0.0,10424.535,2077.675,33127.45,7.386113
2019-02-23,6,282141.311212,206479.683061,75661.628151,0.0,0.0,0.0,9293.520676,2064.999324,34535.04,8.169711
2019-02-23,7,313503.006666,229627.467169,83875.539497,0.0,0.0,0.0,7770.070812,1801.399188,35690.56,8.78392
2019-02-23,8,337557.82342,238013.373953,99544.449467,0.0,0.0,0.0,7400.989841,1802.570159,36936.93,9.138762
2019-02-23,9,347333.08184,238364.373953,108968.707888,0.0,0.0,0.0,7325.634102,2005.415898,37744.67,9.202176
2019-02-23,10,335743.499345,238361.083953,97382.415392,0.0,0.0,0.0,8813.285563,18.394437,38013.66,8.83218
2019-02-23,11,308619.821278,221921.432036,86698.389243,0.0,0.0,0.0,9948.47,0.0,37625.04,8.202511
2019-02-23,12,261406.257847,165295.795561,96110.462286,0.0,0.0,0.0,10352.791786,612.778214,36845.24,7.094709
2019-02-23,13,235119.2897,152757.965161,82361.324539,0.0,0.0,0.0,11269.337347,780.462653,36251.74,6.485738
2019-02-23,14,214493.840683,137299.766187,77194.074496,0.0,0.0,0.0,11584.673641,984.106359,35676.75,6.012146
2019-02-23,15,208652.706126,132520.428688,76132.277438,0.0,0.0,0.0,11393.494532,1120.695468,35336.47,5.904741
2019-02-23,16,209465.191475,136722.758687,72742.432788,0.0,0.0,0.0,11568.891128,1440.988872,35163.71,5.956857
2019-02-23,17,212257.623729,136719.468687,75538.155042,0.0,0.0,0.0,10861.396175,707.963825,35221.45,6.026374
2019-02-23,18,227971.020471,156565.468778,71405.551693,0.0,0.0,0.0,12426.701343,2463.818657,36217.35,6.294525
2019-02-23,19,250597.147589,156204.598778,94392.54881,0.0,0.0,0.0,10434.301,1522.119,36828.91,6.80436
2019-02-23,20,250162.843832,156204.598778,93958.245054,0.0,0.0,0.0,10047.959,2860.531,36477.69,6.857968
2019-02-23,21,246322.608723,161551.807128,84770.801595,0.0,0.0,0.0,9981.408243,4000.551757,35934.44,6.854778
2019-02-23,22,253748.765757,161545.227128,92203.538628,0.0,0.0,0.0,7737.22,462.47,35000.2,7.249923
2019-02-23,23,248293.824746,161545.227128,86748.597618,0.0,0.0,0.0,6655.93,422.5,33958.68,7.311645
2019-02-24,0,248820.417534,161545.227128,87275.190405,0.0,0.0,0.0,5810.33,315.2,33071.37,7.523741
2019-02-24,1,260369.859463,177988.169045,82381.690418,0.0,0.0,0.0,5236.71,231.06,32550.77,7.998885
2019-02-24,2,320476.593662,229623.667169,90852.926492,0.0,0.0,0.0,4051.71,172.34,32500.21,9.860755
2019-02-24,3,322897.780424,229620.887169,93276.893255,0.0,0.0,0.0,3737.57,128.32,32849.34,9.829658
2019-02-24,4,331326.238307,234830.169779,96496.068529,0.0,0.0,0.0,4190.17,94.59,33559.58,9.872777
2019-02-24,5,414785.044961,309847.757794,104937.287167,0.0,0.0,0.0,4138.77,43.12,34890.52,11.888188
2019-02-24,6,429469.807973,309844.467794,119625.340179,0.0,0.0,0.0,4889.0,0.0,36699.65,11.702286
2019-02-24,7,471460.71245,354047.070994,117413.641456,0.0,0.0,0.0,6335.4,0.0,38146.43,12.359236
2019-02-24,8,496285.550723,362787.267777,133498.282947,0.0,0.0,0.0,5402.802631,124.037369,38787.59,12.794957
2019-02-24,9,484307.350841,362783.977777,121523.373064,0.0,0.0,0.0,5836.88,0.0,38637.39,12.534681
2019-02-24,10,412883.191919,311866.662386,101016.529533,0.0,0.0,0.0,7643.92,0.0,37687.31,10.955496
2019-02-24,11,371686.657524,286686.813685,84999.843838,0.0,0.0,0.0,9057.35,0.0,36543.0,10.171214
2019-02-24,12,277559.370887,203330.43527,74228.935617,0.0,0.0,0.0,11004.54051,783.57949,35517.45,7.814733
2019-02-24,13,240267.10806,177120.162291,63146.945769,0.0,0.0,0.0,13240.924625,1947.015375,34664.81,6.931153
2019-02-24,14,221612.13851,157256.061892,64356.076618,0.0,0.0,0.0,13156.211,2406.429,33968.01,6.524143
2019-02-24,15,216769.597416,157256.061892,59513.535524,0.0,0.0,0.0,13117.202087,2836.687913,33643.66,6.443104
2019-02-24,16,221564.901294,161962.292257,59602.609037,0.0,0.0,0.0,13280.502428,2604.917572,33824.92,6.550345
2019-02-24,17,246536.386209,179249.447528,67286.938681,0.0,0.0,0.0,12361.622,2082.218,34562.92,7.132973
2019-02-24,18,351773.044075,276950.521078,74822.522997,0.0,0.0,0.0,11646.930438,1241.179562,36595.53,9.612459
2019-02-24,19,388469.276731,289876.59786,98592.678871,0.0,0.0,0.0,9649.23,988.37,38392.1,10.118469
2019-02-24,20,398497.768515,296945.600051,101552.168464,0.0,0.0,0.0,9456.877657,909.182343,38708.61,10.29481
2019-02-24,21,393622.220244,296939.020051,96683.200193,0.0,0.0,0.0,9666.12087,652.83913,38116.48,10.326825
2019-02-24,22,311611.531836,210213.801494,101397.730342,0.0,0.0,0.0,9048.48,352.3,36685.8,8.494064
2019-02-24,23,297293.691842,210213.801494,87079.890349,0.0,0.0,0.0,8182.73,369.63,35093.0,8.471595
2019-02-25,0,291514.003231,206187.775925,85326.227306,0.0,0.0,0.0,7272.93,350.09,34185.46,8.527427
2019-02-25,1,293714.633141,206466.523061,87248.11008,0.0,0.0,0.0,6558.02,345.64,33921.49,8.65866
2019-02-25,2,309019.106078,222906.174978,86112.9311,0.0,0.0,0.0,6284.18,305.48,34058.78,9.073111
2019-02-25,3,320080.527734,228112.167587,91968.360147,0.0,0.0,0.0,6114.65,269.34,34693.58,9.22593
2019-02-25,4,377090.399792,279586.437896,97503.961896,0.0,0.0,0.0,5987.1,238.15,36086.05,10.449756
2019-02-25,5,522187.860713,403831.308757,118356.551956,0.0,0.0,0.0,5633.65,216.62,39157.53,13.335567
2019-02-25,6,604480.882372,438757.866198,165723.016174,0.0,0.0,0.0,5433.268,101.042,43556.78,13.877997
2019-02-25,7,624770.032428,438747.996198,186022.03623,0.0,0.0,0.0,5112.48,182.42,44628.79,13.99926
2019-02-25,8,580156.689242,433542.003589,146614.685653,0.0,0.0,0.0,6385.45,206.05,43345.0,13.384628
2019-02-25,9,480841.97302,342958.482775,137883.490245,0.0,0.0,0.0,8850.62,258.15,42241.82,11.383079
2019-02-25,10,423762.598668,304181.712235,119580.886433,0.0,0.0,0.0,11682.839669,446.110331,41140.82,10.300295
2019-02-25,11,357062.764135,250650.902011,106411.862124,0.0,0.0,0.0,12171.273377,2811.216623,39898.63,8.949249
2019-02-25,12,314689.624271,225450.36977,89239.254501,0.0,0.0,0.0,13719.706466,3562.783534,38737.5,8.123643
2019-02-25,13,301128.345099,225804.65977,75323.68533,0.0,0.0,0.0,14963.931762,3454.828238,37960.99,7.932574
2019-02-25,14,246434.694691,150783.781754,95650.912936,0.0,0.0,0.0,11762.485,7435.365,37300.35,6.606766
2019-02-25,15,228650.540514,150783.781754,77866.758759,0.0,0.0,0.0,12880.074785,6286.175215,36792.95,6.21452
2019-02-25,16,232100.742498,151489.801403,80610.941095,0.0,0.0,0.0,12821.933509,5296.956491,36952.97,6.280977
2019-02-25,17,245397.510041,151486.511403,93910.998638,0.0,0.0,0.0,12048.537888,4990.832112,37547.91,6.535584
2019-02-25,18,330729.165221,244681.045303,86048.119918,0.0,0.0,0.0,13082.348431,2539.971569,39224.6,8.431677
2019-02-25,19,355269.780207,245306.301927,109963.478281,0.0,0.0,0.0,11079.998203,2250.191797,40412.51,8.791084
2019-02-25,20,353826.317466,245303.011927,108523.305539,0.0,0.0,0.0,10934.440755,1818.209245,40043.53,8.836042
2019-02-25,21,338949.309372,240313.383576,98635.925796,0.0,0.0,0.0,11150.730359,1506.009641,38671.15,8.764914
2019-02-25,22,311947.770623,223234.396392,88713.37423,0.0,0.0,0.0,10034.868597,1199.401403,36357.76,8.57995
2019-02-25,23,240460.001009,148216.808377,92243.192632,0.0,0.0,0.0,8193.963,2907.227,34081.33,7.055476
2019-02-26,0,221261.089213,145921.670579,75339.418634,0.0,0.0,0.0,8418.400024,2613.089976,32580.27,6.79126
2019-02-26,1,201810.553275,126630.976082,75179.577193,0.0,0.0,0.0,9493.224437,1448.865563,31856.81,6.334927
2019-02-26,2,195466.877475,121379.593682,74087.283793,0.0,0.0,0.0,9564.00729,1373.39271,31539.63,6.197501
2019-02-26,3,199559.736395,129400.029404,70159.706991,0.0,0.0,0.0,9599.38365,1443.75635,31567.1,6.321763
2019-02-26,4,213342.611449,134920.750405,78421.861044,0.0,0.0,0.0,8602.190642,2419.139358,32361.27,6.592529
2019-02-26,5,336682.290678,255690.948537,80991.342142,0.0,0.0,0.0,8981.420839,1158.299161,34638.75,9.719816
2019-02-26,6,385301.823606,280456.740854,104845.082752,0.0,0.0,0.0,8686.008114,433.651886,38158.87,10.097307
2019-02-26,7,408087.800592,284849.01591,123238.784682,0.0,0.0,0.0,7573.007,522.163,39124.97,10.430367
2019-02-26,8,408479.583978,284842.43591,123637.148068,0.0,0.0,0.0,6802.03,619.91,38832.26,10.519078
2019-02-26,9,400532.830307,284842.43591,115690.394397,0.0,0.0,0.0,7674.910006,519.499994,38580.17,10.381832
2019-02-26,10,392842.681348,284200.729287,108641.952061,0.0,0.0,0.0,8690.12,353.23,38538.81,10.193431
2019-02-26,11,354254.216307,240001.416087,114252.80022,0.0,0.0,0.0,8213.822292,2219.467708,38253.79,9.260631
2019-02-26,12,334759.045046,232729.748978,102029.296068,0.0,0.0,0.0,9379.415004,2496.524996,37855.27,8.843129
2019-02-26,13,302851.540481,215939.097062,86912.443419,0.0,0.0,0.0,11512.826091,2332.623909,37618.22,8.050661
2019-02-26,14,287256.769338,200480.898087,86775.871251,0.0,0.0,0.0,11047.23458,3171.65542,37331.8,7.694694
2019-02-26,15,284740.374376,200835.188087,83905.186289,0.0,0.0,0.0,10914.880019,3207.269981,37196.81,7.654968
2019-02-26,16,285984.531847,206469.813061,79514.718786,0.0,0.0,0.0,11620.619786,2483.370214,37547.25,7.616657
2019-02-26,17,329897.572774,243844.352252,86053.220522,0.0,0.0,0.0,11007.894,2271.406,38212.34,8.633273
2019-02-26,18,358125.658947,260277.424169,97848.234778,0.0,0.0,0.0,10162.518636,1757.931364,39372.27,9.095885
2019-02-26,19,379875.004894,260274.134169,119600.870725,0.0,0.0,0.0,8617.831,955.319,39742.21,9.558477
2019-02-26,20,371775.868512,260274.134169,111501.734343,0.0,0.0,0.0,8274.155905,838.014095,39055.17,9.519249
2019-02-26,21,347939.259867,260274.134169,87665.125698,0.0,0.0,0.0,9160.012618,659.967382,37501.73,9.277952
2019-02-26,22,237576.745692,161545.227128,76031.518564,0.0,0.0,0.0,9745.26,434.0,35157.74,6.757452
2019-02-26,23,199696.517553,133433.765789,66262.751765,0.0,0.0,0.0,9543.662461,561.127539,32798.42,6.088602
2019-02-27,0,185235.561593,127039.197891,58196.363701,0.0,0.0,0.0,9030.682616,680.227384,31189.41,5.939053
2019-02-27,1,164341.687498,106804.388391,57537.299107,0.0,0.0,0.0,8911.272967,846.287033,30245.3,5.433627
2019-02-27,2,167589.472122,107158.67839,60430.793732,0.0,0.0,0.0,8065.238517,703.471483,29788.12,5.626051
2019-02-27,3,179746.848791,117755.576287,61991.272504,0.0,0.0,0.0,7387.304,490.476,29730.24,6.045927
2019-02-27,4,204067.449785,135866.622537,68200.827248,0.0,0.0,0.0,6493.52,464.07,30422.63,6.707752
2019-02-27,5,315564.104904,239007.472871,76556.632033,0.0,0.0,0.0,5538.01,353.14,32615.09,9.675402
2019-02-27,6,363736.515052,250842.03367,112894.481382,0.0,0.0,0.0,4897.99,268.1,36235.87,10.038024
2019-02-27,7,398382.500912,282374.959542,116007.541369,0.0,0.0,0.0,4687.42,134.43,37249.9,10.694861
2019-02-27,8,416255.911567,282365.089542,133890.822024,0.0,0.0,0.0,3205.7,0.0,37209.4,11.186848
2019-02-27,9,410531.087617,282365.089542,128165.998075,0.0,0.0,0.0,3505.862791,66.877209,37490.24,10.950346
2019-02-27,10,393162.169788,282365.089542,110797.080246,0.0,0.0,0.0,5078.88,81.66,37639.0,10.445606
2019-02-27,11,364802.024102,256921.838078,107880.186024,0.0,0.0,0.0,6542.47,71.9,37732.85,9.668022
2019-02-27,12,347642.257,244120.741479,103521.515521,0.0,0.0,0.0,7812.117945,309.352055,37727.23,9.214624
2019-02-27,13,332871.964996,227681.089562,105190.875434,0.0,0.0,0.0,8677.448,274.072,37914.68,8.779501
2019-02-27,14,335188.373557,234402.381753,100785.991804,0.0,0.0,0.0,8908.438558,541.051442,38257.67,8.761338
2019-02-27,15,338569.070614,234399.091753,104169.97886,0.0,0.0,0.0,8995.171764,619.118236,38677.6,8.753621
2019-02-27,16,382401.284787,278601.694953,103799.589834,0.0,0.0,0.0,9269.269206,440.910794,39552.67,9.668153
2019-02-27,17,472951.868385,363158.594992,109793.273393,0.0,0.0,0.0,8850.614973,481.745027,40551.61,11.662962
2019-02-27,18,477132.241929,337151.466034,139980.775895,0.0,0.0,0.0,8210.92281,762.55719,42099.78,11.333367
2019-02-27,19,522512.709576,355487.656226,167025.05335,0.0,0.0,0.0,7287.23651,1097.16349,43077.27,12.129662
2019-02-27,20,531100.328818,355484.366226,175615.962592,0.0,0.0,0.0,6518.723394,1494.616606,42908.96,12.377376
2019-02-27,21,506068.174756,355484.366226,150583.80853,0.0,0.0,0.0,7100.980879,1543.869121,41908.58,12.075527
2019-02-27,22,435948.366439,318419.636761,117528.729677,0.0,0.0,0.0,8674.333358,1727.256642,39882.58,10.930797
2019-02-27,23,389079.576851,279250.118762,109829.458089,0.0,0.0,0.0,8438.187147,1666.022853,37735.03,10.310833
2019-02-28,0,345398.062363,235050.805562,110347.256802,0.0,0.0,0.0,8517.077481,1543.872519,36495.36,9.464164
2019-02-28,1,334393.636099,224855.184602,109538.451497,0.0,0.0,0.0,8535.11297,1577.64703,35912.99,9.311217
2019-02-28,2,371238.002647,268428.040667,102809.961981,0.0,0.0,0.0,8143.899894,1359.230106,35797.98,10.370362
2019-02-28,3,377937.537656,268706.787802,109230.749854,0.0,0.0,0.0,7652.957703,1355.102297,36039.15,10.48686
2019-02-28,4,536363.952612,423764.368766,112599.583846,0.0,0.0,0.0,7377.869854,1317.360146,37041.02,14.48027
2019-02-28,5,632637.756176,509919.107074,122718.649102,0.0,0.0,0.0,7267.269563,1189.150437,39677.13,15.944645
2019-02-28,6,680581.363358,515115.739683,165465.623675,0.0,0.0,0.0,7501.975,884.175,43784.95,15.543728
2019-02-28,7,765424.131186,594634.861803,170789.269383,0.0,0.0,0.0,7339.898502,568.691498,45429.83,16.848492
2019-02-28,8,825630.875185,651250.118278,174380.756908,0.0,0.0,0.0,5571.780006,519.499994,45680.42,18.074065
2019-02-28,9,820703.428287,651244.048278,169459.38001,0.0,0.0,0.0,5525.460006,519.499994,46117.76,17.795822
2019-02-28,10,810558.079479,651244.048278,159314.031201,0.0,0.0,0.0,6889.64,229.74,46445.14,17.451946
2019-02-28,11,755465.584961,589032.828181,166432.75678,0.0,0.0,0.0,7137.71,232.93,46346.22,16.300479
2019-02-28,12,738290.163259,589032.828181,149257.335079,0.0,0.0,0.0,7987.621544,287.058456,45813.37,16.115168
2019-02-28,13,727952.526851,588282.873782,139669.65307,0.0,0.0,0.0,8457.656259,591.003741,45394.82,16.036026
2019-02-28,14,671629.397487,534547.538558,137081.858929,0.0,0.0,0.0,8972.579009,850.590991,44763.4,15.003985
2019-02-28,15,685688.361566,565949.045159,119739.316407,0.0,0.0,0.0,9628.028441,834.501559,44201.87,15.512655
2019-02-28,16,553427.167088,424883.913495,128543.253594,0.0,0.0,0.0,10563.552574,501.107426,44428.85,12.456482
2019-02-28,17,604793.479347,468595.469015,136198.010331,0.0,0.0,0.0,9404.47,400.04,45267.78,13.360352
2019-02-28,18,653793.236116,489663.132136,164130.103981,0.0,0.0,0.0,8145.35,389.58,47054.6,13.894353
2019-02-28,19,724232.604473,542685.124983,181547.47949,0.0,0.0,0.0,6542.44,382.65,47824.91,15.143418
2019-02-28,20,726876.243013,542681.834983,184194.40803,0.0,0.0,0.0,5906.609906,237.470094,47383.33,15.340337
2019-02-28,21,665752.168154,489659.842136,176092.326019,0.0,0.0,0.0,6104.55,239.36,45943.79,14.49058
2019-02-28,22,624231.284608,480470.614886,143760.669722,0.0,0.0,0.0,6411.24,186.0,43477.68,14.357511
2019-02-28,23,569742.457897,440563.266517,129179.19138,0.0,0.0,0.0,5895.98,187.84,41161.22,13.841729
2019-03-01,0,530116.779604,412303.970943,117812.808661,0.0,0.0,0.0,6035.41,191.39,39570.88,13.396639
2019-03-01,1,446394.158083,327750.360904,118643.797179,0.0,0.0,0.0,6668.48,236.39,38698.98,11.535037
2019-03-01,2,446365.488377,327750.360904,118615.127472,0.0,0.0,0.0,5890.18,199.31,38302.01,11.65384
2019-03-01,3,456821.439746,334471.653096,122349.786651,0.0,0.0,0.0,5437.68,204.36,38401.44,11.895946
2019-03-01,4,485613.815566,352751.161902,132862.653664,0.0,0.0,0.0,5152.697,127.563,39297.87,12.357255
2019-03-01,5,629655.186112,482268.572136,147386.613976,0.0,0.0,0.0,4952.23,211.4,41722.65,15.091448
2019-03-01,6,680220.63369,499184.688063,181035.945627,0.0,0.0,0.0,4840.45,218.26,45320.89,15.008987
2019-03-01,7,690428.803178,499178.108063,191250.695115,0.0,0.0,0.0,4897.85,134.72,46218.5,14.938365
2019-03-01,8,691358.923897,499178.108063,192180.815835,0.0,0.0,0.0,4445.343,90.387,45807.13,15.092823
2019-03-01,9,671333.355993,499178.108063,172155.24793,0.0,0.0,0.0,5697.69,102.74,45491.72,14.757265
2019-03-01,10,620940.49002,468579.019015,152361.471005,0.0,0.0,0.0,7662.23,52.71,44896.05,13.830626
2019-03-01,11,544316.729079,386798.956369,157517.77271,0.0,0.0,0.0,9294.047988,228.262012,43911.88,12.39566
2019-03-01,12,499199.523598,362020.514052,137179.009547,0.0,0.0,0.0,10028.090206,1254.999794,42402.09,11.772993
2019-03-01,13,459313.796038,338382.089869,120931.706169,0.0,0.0,0.0,11091.772256,2161.917744,41332.77,11.112582
2019-03-01,14,425108.270292,294182.776669,130925.493623,0.0,0.0,0.0,10349.49,2894.6,40650.9,10.457536
2019-03-01,15,411276.949108,294182.776669,117094.172439,0.0,0.0,0.0,10772.080849,2262.959151,40381.49,10.184789
2019-03-01,16,417501.589783,300246.108312,117255.481471,0.0,0.0,0.0,10571.455648,2001.224352,40558.97,10.293693
2019-03-01,17,473413.890711,354626.440159,118787.450552,0.0,0.0,0.0,9220.673912,808.406088,40974.27,11.553931
2019-03-01,18,526024.941487,387526.986434,138497.955053,0.0,0.0,0.0,7168.5,61.13,41811.74,12.580795
2019-03-01,19,562760.91087,392726.399043,170034.511827,0.0,0.0,0.0,4849.654,29.076,41912.84,13.426933
2019-03-01,20,569485.377674,392723.109043,176762.268631,0.0,0.0,0.0,3881.254794,60.435206,41288.11,13.792963
2019-03-01,21,538197.75172,392723.109043,145474.642677,0.0,0.0,0.0,4497.51,208.53,40289.9,13.358131
2019-03-01,22,450621.804467,338987.773819,111634.030647,0.0,0.0,0.0,6198.45,387.45,38656.98,11.656932
2019-03-01,23,415323.681205,315672.824379,99650.856826,0.0,0.0,0.0,6244.34,517.04,36848.48,11.271121
2019-03-02,0,428938.629813,342131.763803,86806.86601,0.0,0.0,0.0,6778.559178,702.480822,35346.37,12.135295
2019-03-02,1,307801.105844,218940.892779,88860.213066,0.0,0.0,0.0,7251.970033,1275.039967,34403.56,8.946781
2019-03-02,2,290407.08408,196917.35471,93489.729369,0.0,0.0,0.0,7438.263437,1264.546563,33953.48,8.553087
2019-03-02,3,290584.408566,196917.35471,93667.053855,0.0,0.0,0.0,7614.795767,1785.924233,33914.1,8.568248
2019-03-02,4,299635.132238,203638.646902,95996.485337,0.0,0.0,0.0,7585.908,2513.282,34287.48,8.738908
2019-03-02,5,349499.058519,247837.960102,101661.098417,0.0,0.0,0.0,7731.14,1708.97,35346.4,9.887826
2019-03-02,6,393771.474215,276112.109127,117659.365088,0.0,0.0,0.0,7711.150006,519.499994,36956.82,10.654907
2019-03-02,7,442466.171254,307852.313469,134613.857785,0.0,0.0,0.0,6119.925,533.945,38443.15,11.509623
2019-03-02,8,530661.83797,382860.031485,147801.806486,0.0,0.0,0.0,5321.51,309.73,40065.5,13.244857
2019-03-02,9,532215.256939,382856.741485,149358.515455,0.0,0.0,0.0,5756.950399,637.119601,41130.65,12.939627
2019-03-02,10,523232.687532,382856.741485,140375.946048,0.0,0.0,0.0,6654.52,495.68,41549.13,12.593108
2019-03-02,11,523683.296114,379577.200812,144106.095302,0.0,0.0,0.0,6948.180006,519.499994,41504.19,12.617601
2019-03-02,12,476774.024341,327937.902688,148836.121653,0.0,0.0,0.0,7727.72337,491.08663,41055.92,11.612796
2019-03-02,13,447681.953223,301979.984844,145701.968378,0.0,0.0,0.0,8976.65373,473.68627,40743.18,10.987899
2019-03-02,14,430792.976478,293239.788061,137553.188417,0.0,0.0,0.0,9318.831702,796.738298,40506.65,10.635117
2019-03-02,15,418393.495043,285968.120953,132425.37409,0.0,0.0,0.0,9670.08934,908.38066,40450.82,10.343264
2019-03-02,16,412730.66936,285968.120953,126762.548407,0.0,0.0,0.0,10684.929992,895.120008,40554.13,10.177278
2019-03-02,17,424344.68634,294711.607736,129633.078604,0.0,0.0,0.0,10253.033894,692.076106,41048.06,10.337753
2019-03-02,18,434095.050804,301983.274844,132111.775959,0.0,0.0,0.0,10040.361,555.839,41847.71,10.373209
2019-03-02,19,433417.052873,301979.984844,131437.068029,0.0,0.0,0.0,9837.109485,658.130515,41963.46,10.328439
2019-03-02,20,420237.320716,301979.984844,118257.335872,0.0,0.0,0.0,10721.199446,855.280554,41202.5,10.199316
2019-03-02,21,359034.421502,248375.639036,110658.782466,0.0,0.0,0.0,12240.500698,2136.509302,40157.5,8.940657
2019-03-02,22,320012.896768,222594.809294,97418.087473,0.0,0.0,0.0,13530.172581,2182.797419,38749.28,8.258551
2019-03-02,23,309329.450511,214256.018894,95073.431618,0.0,0.0,0.0,11220.23612,1838.60388,37165.85,8.322948
2019-03-03,0,319043.214189,223240.976392,95802.237796,0.0,0.0,0.0,9086.668,1775.312,35921.88,8.881585
2019-03-03,1,318423.689158,223234.396392,95189.292766,0.0,0.0,0.0,7615.39874,1749.47126,35026.79,9.090861
2019-03-03,2,308791.242213,216516.394201,92274.848011,0.0,0.0,0.0,7802.181056,1762.428944,34653.48,8.910829
2019-03-03,3,301672.154211,216516.394201,85155.760009,0.0,0.0,0.0,8667.885731,2020.974269,34579.21,8.72409
2019-03-03,4,298478.441533,213063.694681,85414.746851,0.0,0.0,0.0,10019.580609,2162.319391,34989.99,8.530395
2019-03-03,5,330790.566768,231583.056793,99207.509975,0.0,0.0,0.0,9258.747206,2130.902794,35840.63,9.229485
2019-03-03,6,378655.482666,261174.086428,117481.396239,0.0,0.0,0.0,8551.479183,2402.070817,37307.53,10.149573
2019-03-03,7,438141.918396,314110.306411,124031.611986,0.0,0.0,0.0,8254.715609,2040.244391,38917.05,11.258354
2019-03-03,8,506313.443157,352758.743493,153554.699665,0.0,0.0,0.0,8272.732,1859.448,40903.52,12.378236
2019-03-03,9,510180.360277,352755.963493,157424.396785,0.0,0.0,0.0,9452.949515,2091.420485,42728.21,11.940129
2019-03-03,10,511331.700171,352755.963493,158575.736678,0.0,0.0,0.0,10771.738,2496.672,43930.58,11.639539
2019-03-03,11,509876.966442,352755.963493,157121.002949,0.0,0.0,0.0,11328.399002,3884.180998,44393.06,11.485511
2019-03-03,12,504210.303067,352755.963493,151454.339574,0.0,0.0,0.0,11924.3487,4350.8013,44366.11,11.364762
2019-03-03,13,617442.171605,485080.388374,132361.783231,0.0,0.0,0.0,13229.218209,3670.301791,44006.08,14.030838
2019-03-03,14,569823.151078,456666.054265,113157.096813,0.0,0.0,0.0,13797.235033,4499.234967,43569.67,13.078436
2019-03-03,15,533755.046083,417676.023675,116079.022408,0.0,0.0,0.0,14620.525639,4792.844361,43732.7,12.204942
2019-03-03,16,551064.765471,431409.138808,119655.626663,0.0,0.0,0.0,14247.743,4335.107,44396.43,12.412367
2019-03-03,17,606214.815312,475605.162008,130609.653303,0.0,0.0,0.0,14333.093,3252.467,45885.63,13.211431
2019-03-03,18,706272.903242,567552.728482,138720.17476,0.0,0.0,0.0,13775.011249,2282.608751,48375.87,14.599694
2019-03-03,19,755464.261623,567523.118482,187941.14314,0.0,0.0,0.0,10078.737954,1971.222046,50346.13,15.005409
2019-03-03,20,755907.365348,567523.118482,188384.246866,0.0,0.0,0.0,11289.985611,1805.794389,50668.77,14.918605
2019-03-03,21,709591.609414,550597.132556,158994.476858,0.0,0.0,0.0,14166.811878,3071.938122,50037.65,14.181154
2019-03-03,22,636745.808787,492542.719009,144203.089778,0.0,0.0,0.0,16179.311062,2392.638938,48255.6,13.195273
2019-03-03,23,600863.994384,470226.742736,130637.251648,0.0,0.0,0.0,16183.745821,2335.274179,46630.73,12.88558
2019-03-04,0,581810.811752,449556.645138,132254.166615,0.0,0.0,0.0,16276.626,1854.744,45657.96,12.742812
2019-03-04,1,585953.482398,449550.065138,136403.41726,0.0,0.0,0.0,15747.608,1673.482,45390.28,12.909228
2019-03-04,2,592810.604045,462669.215226,130141.388819,0.0,0.0,0.0,15554.607,1813.453,45706.17,12.970035
2019-03-04,3,750802.26357,618558.654715,132243.608856,0.0,0.0,0.0,15097.092212,2075.577788,46607.19,16.109151
2019-03-04,4,777157.897524,641919.48374,135238.413783,0.0,0.0,0.0,15158.933696,1816.706304,48553.33,16.006274
2019-03-04,5,902042.976718,737871.685491,164171.291227,0.0,0.0,0.0,14797.823869,2208.506131,52097.48,17.314522
2019-03-04,6,3114113.080647,2915240.603964,198872.476683,0.0,0.0,0.0,13925.655792,2835.844208,56990.99,54.6422
2019-03-04,7,3125828.631682,2936052.475162,189776.15652,0.0,0.0,0.0,14876.296987,1321.053013,58672.65,53.275736
2019-03-04,8,3016614.134987,2794987.343498,221626.791489,0.0,0.0,0.0,13421.405002,1309.694998,58462.99,51.598697
2019-03-04,9,3028738.817442,2794987.343498,233751.473944,0.0,0.0,0.0,13250.053,1119.317,58358.23,51.899086
2019-03-04,10,3003803.378979,2794987.343498,208816.035481,0.0,0.0,0.0,13589.163845,569.346155,57873.81,51.902637
2019-03-04,11,3038702.052534,2851541.413497,187160.639037,0.0,0.0,0.0,13361.600157,1301.329843,56797.23,53.500885
2019-03-04,12,2946790.435625,2755356.363934,191434.071691,0.0,0.0,0.0,13109.381694,1440.998306,55516.77,53.079285
2019-03-04,13,2880558.118911,2699159.873935,181398.244976,0.0,0.0,0.0,13201.748398,1027.501602,54516.71,52.838077
2019-03-04,14,2856039.671212,2684110.646014,171929.025197,0.0,0.0,0.0,13118.161144,1799.488856,53543.64,53.340409
2019-03-04,15,2708694.972476,2527041.220999,181653.751477,0.0,0.0,0.0,12955.117401,1905.752599,52650.68,51.446534
2019-03-04,16,2722045.727211,2542090.44892,179955.278291,0.0,0.0,0.0,13141.126976,2328.673024,53125.36,51.238161
2019-03-04,17,2812947.754616,2625099.459243,187848.295374,0.0,0.0,0.0,12330.972,1614.448,54539.72,51.576131
2019-03-04,18,2923510.504475,2718807.527449,204702.977026,0.0,0.0,0.0,11346.917372,782.172628,57094.28,51.204963
2019-03-04,19,2995883.367613,2759841.861373,236041.50624,0.0,0.0,0.0,9617.771,617.329,58542.01,51.174932
2019-03-04,20,3015904.593128,2759835.281373,256069.311755,0.0,0.0,0.0,7461.7,500.32,58047.54,51.955769
2019-03-04,21,3042287.186322,2793137.153273,249150.033049,0.0,0.0,0.0,6501.11,292.44,56648.7,53.704448
2019-03-04,22,2976565.792166,2752364.400922,224201.391244,0.0,0.0,0.0,5752.91,153.35,54045.48,55.075203
2019-03-04,23,2943654.883657,2744648.610922,199006.272735,0.0,0.0,0.0,5456.39,119.87,51891.94,56.72663
2019-03-05,0,2997408.443109,2801270.262427,196138.180683,0.0,0.0,0.0,5163.0,91.1,50762.08,59.04818
2019-03-05,1,3075325.944057,2881177.83004,194148.114016,0.0,0.0,0.0,5029.96,67.55,50603.38,60.773133
2019-03-05,2,3038175.579587,2836975.73684,201199.842747,0.0,0.0,0.0,4814.83,66.73,50883.54,59.708416
2019-03-05,3,3066506.531203,2860768.451544,205738.079659,0.0,0.0,0.0,4711.029,20.931,51568.39,59.464849
2019-03-05,4,3249135.269092,3036180.136751,212955.132341,0.0,0.0,0.0,4788.08,87.08,53192.04,61.083111
2019-03-05,5,3377486.641201,3141963.10385,235523.537351,0.0,0.0,0.0,4219.9,44.07,56343.49,59.944576
2019-03-05,6,3526731.039834,3213800.180538,312930.859297,0.0,0.0,0.0,4036.4,0.0,60300.15,58.486273
2019-03-05,7,3520306.135936,3213793.600538,306512.535398,0.0,0.0,0.0,4131.02,0.0,60652.16,58.040903
2019-03-05,8,3422957.401417,3157242.820539,265714.580878,0.0,0.0,0.0,4110.79,58.96,58408.99,58.603263
2019-03-05,9,3313002.414494,3087840.970402,225161.444092,0.0,0.0,0.0,5302.11,51.18,56155.33,58.997114
2019-03-05,10,3163404.224693,2972053.410036,191350.814658,0.0,0.0,0.0,7180.33,25.03,53896.48,58.694078
2019-03-05,11,3054798.563468,2880979.222988,173819.34048,0.0,0.0,0.0,8649.15099,120.35901,51507.31,59.308059
2019-03-05,12,2902943.173104,2761153.913467,141789.259637,0.0,0.0,0.0,9793.460576,875.329424,49001.03,59.242493
2019-03-05,13,2671487.010556,2522870.765755,148616.244801,0.0,0.0,0.0,10231.57236,2144.45764,46847.27,57.025458
2019-03-05,14,2631178.894125,2504145.516482,127033.377643,0.0,0.0,0.0,10694.576697,1862.183303,44804.15,58.726232
2019-03-05,15,2661935.1693,2546206.295866,115728.873434,0.0,0.0,0.0,10713.113,1855.697,43676.72,60.946316
2019-03-05,16,2523880.116449,2398651.846778,125228.269671,0.0,0.0,0.0,11089.808492,1332.861508,43649.14,57.82199
2019-03-05,17,2567457.300148,2429739.032184,137718.267964,0.0,0.0,0.0,10281.245114,907.734886,44900.7,57.180786
2019-03-05,18,2690831.980988,2536149.565481,154682.415508,0.0,0.0,0.0,9660.71,189.64,47921.07,56.151333
2019-03-05,19,2745629.434875,2555280.360729,190349.074146,0.0,0.0,0.0,8517.07,291.42,50424.78,54.450003
2019-03-05,20,2786080.721005,2576358.40385,209722.317155,0.0,0.0,0.0,6811.35,218.55,50845.72,54.794793
2019-03-05,21,2790718.294725,2576355.11385,214363.180875,0.0,0.0,0.0,5409.35,174.49,50117.11,55.683943
2019-03-05,22,2783647.003204,2576355.11385,207291.889354,0.0,0.0,0.0,3931.33,156.8,48201.27,57.750491
2019-03-05,23,2791305.882276,2609747.111963,181558.770314,0.0,0.0,0.0,3501.73,108.02,46677.61,59.799674
2019-03-06,0,2736297.549365,2556801.021979,179496.527386,0.0,0.0,0.0,3484.96,135.97,45938.87,59.563885
2019-03-06,1,2696455.773665,2508191.491417,188264.282247,0.0,0.0,0.0,4011.53,260.93,45881.88,58.769514
2019-03-06,2,2744417.307904,2556364.774426,188052.533478,0.0,0.0,0.0,4028.137,76.513,46290.07,59.287387
2019-03-06,3,2755404.828908,2565105.481209,190299.347699,0.0,0.0,0.0,3869.21,216.12,47112.52,58.485618
2019-03-06,4,2940079.314568,2745593.696186,194485.618382,0.0,0.0,0.0,4013.08,214.61,48750.38,60.308849
2019-03-06,5,3151728.85556,2957467.133036,194261.722523,0.0,0.0,0.0,4217.0,207.05,51976.59,60.637469
2019-03-06,6,1183087.281436,831683.903036,351403.378399,0.0,0.0,0.0,4594.76,211.55,56213.68,21.046252
2019-03-06,7,1099231.952006,831683.903036,267548.048969,0.0,0.0,0.0,5025.98,228.97,55956.27,19.644482
2019-03-06,8,974057.729477,775133.123037,198924.60644,0.0,0.0,0.0,5613.72,320.88,52391.89,18.591765
2019-03-06,9,841264.625753,685424.581447,155840.044306,0.0,0.0,0.0,7499.10571,681.38429,49472.96,17.004534
2019-03-06,10,693968.35222,557385.000585,136583.351636,0.0,0.0,0.0,9699.736083,877.503917,47089.4,14.737252
2019-03-06,11,596248.908866,479414.500191,116834.408675,0.0,0.0,0.0,11222.493788,3302.586212,44867.08,13.289229
2019-03-06,12,534736.880758,436081.533026,98655.347732,0.0,0.0,0.0,12352.326693,3651.843307,42779.07,12.499965
2019-03-06,13,492710.440583,403847.973273,88862.46731,0.0,0.0,0.0,13179.144678,3175.635322,41392.52,11.903369
2019-03-06,14,439903.153148,349263.318566,90639.834582,0.0,0.0,0.0,12895.449009,4044.280991,40076.89,10.976479
2019-03-06,15,434354.019069,349253.448566,85100.570503,0.0,0.0,0.0,12722.107369,3986.092631,39451.46,11.009834
2019-03-06,16,356223.397575,259669.16721,96554.230365,0.0,0.0,0.0,11936.482975,3964.907025,39763.21,8.958618
2019-03-06,17,375887.024063,268406.073993,107480.95007,0.0,0.0,0.0,12033.576365,3460.583635,40766.97,9.220382
2019-03-06,18,447633.165429,324455.840719,123177.324711,0.0,0.0,0.0,11544.498337,2400.721663,42977.63,10.415492
2019-03-06,19,474709.159905,324436.100719,150273.059187,0.0,0.0,0.0,9487.253042,2066.306958,44420.64,10.68668
2019-03-06,20,475097.488026,324436.100719,150661.387308,0.0,0.0,0.0,10148.373648,2047.926352,44381.25,10.704915
2019-03-06,21,454338.73735,315246.873469,139091.863881,0.0,0.0,0.0,10636.415107,2952.114893,43203.38,10.516278
2019-03-06,22,404807.998184,290067.024769,114740.973415,0.0,0.0,0.0,11182.421823,2044.198177,40753.98,9.932968
2019-03-06,23,405915.266319,326675.548718,79239.717601,0.0,0.0,0.0,11144.347801,2507.762199,38479.09,10.548983
2019-03-07,0,320764.708152,245885.928008,74878.780143,0.0,0.0,0.0,11972.086697,1686.063303,36939.97,8.683405
2019-03-07,1,264694.117433,184517.461474,80176.655959,0.0,0.0,0.0,11901.363,1701.057,36172.13,7.317626
2019-03-07,2,262167.708892,184514.171474,77653.537418,0.0,0.0,0.0,11580.74006,1801.72994,35771.97,7.328859
2019-03-07,3,270571.554769,194015.79311,76555.761659,0.0,0.0,0.0,11324.001445,1918.128555,35764.88,7.565286
2019-03-07,4,286002.967295,201635.170218,84367.797077,0.0,0.0,0.0,10761.437046,1982.762954,36580.19,7.818521
2019-03-07,5,373449.859835,281220.330593,92229.529242,0.0,0.0,0.0,11063.054,1549.096,38917.54,9.595927
2019-03-07,6,430144.388588,297646.82251,132497.566079,0.0,0.0,0.0,11032.170393,1233.369607,42477.4,10.126429
2019-03-07,7,437623.024644,297292.53251,140330.492134,0.0,0.0,0.0,10690.446139,1057.643861,42930.32,10.193798
2019-03-07,8,433450.927658,297646.82251,135804.105148,0.0,0.0,0.0,9806.598963,1221.631037,41916.76,10.340755
2019-03-07,9,414363.442572,284842.43591,129521.006661,0.0,0.0,0.0,10127.378924,1668.021076,41039.55,10.096686
2019-03-07,10,382176.68376,268402.783993,113773.899767,0.0,0.0,0.0,11188.816562,839.223438,39976.52,9.560029
2019-03-07,11,348258.69922,251323.79681,96934.90241,0.0,0.0,0.0,11730.315416,1928.254584,38771.61,8.982312
2019-03-07,12,302203.341967,207124.48361,95078.858358,0.0,0.0,0.0,11008.211151,3157.078849,37744.39,8.006576
2019-03-07,13,290932.210134,205597.394336,85334.815798,0.0,0.0,0.0,11653.622478,2292.407522,37085.23,7.844962
2019-03-07,14,272585.518552,190733.510937,81852.007615,0.0,0.0,0.0,12101.429178,2718.910822,36774.36,7.41238
2019-03-07,15,268957.903608,190236.865527,78721.038082,0.0,0.0,0.0,12318.065186,2954.184814,36682.33,7.332083
2019-03-07,16,269341.557267,192297.0389,77044.518367,0.0,0.0,0.0,12735.025506,2460.044494,36824.0,7.314294
2019-03-07,17,279555.352767,198137.602661,81417.750106,0.0,0.0,0.0,11795.9693,2562.1407,37235.97,7.507669
2019-03-07,18,315093.530337,229630.757169,85462.773167,0.0,0.0,0.0,11354.582,1594.168,38506.02,8.182968
2019-03-07,19,330195.764981,229620.887169,100574.877812,0.0,0.0,0.0,10058.607062,1206.702938,39364.7,8.388118
2019-03-07,20,324122.929352,229620.887169,94502.042183,0.0,0.0,0.0,10490.830382,1681.099618,38861.97,8.340363
2019-03-07,21,292915.551335,213181.235252,79734.316082,0.0,0.0,0.0,11911.309437,1679.140563,37492.19,7.812708
2019-03-07,22,248866.402202,185667.13271,63199.269493,0.0,0.0,0.0,12482.636494,1584.583506,35276.47,7.054742
2019-03-07,23,225744.604129,181468.092711,44276.511418,0.0,0.0,0.0,12694.071559,1484.158441,32933.62,6.854534
2019-03-08,0,195416.672089,155237.558384,40179.113705,0.0,0.0,0.0,12743.187787,1343.752213,31299.51,6.243442
2019-03-08,1,171820.883429,130520.274622,41300.608807,0.0,0.0,0.0,12483.303234,1359.186766,30300.24,5.670611
2019-03-08,2,169862.594059,131397.778722,38464.815337,0.0,0.0,0.0,12375.255391,1326.354609,29877.9,5.685225
2019-03-08,3,168235.121888,129007.425908,39227.695981,0.0,0.0,0.0,12145.759035,1466.490965,29660.78,5.671972
2019-03-08,4,178552.854853,137690.608197,40862.246657,0.0,0.0,0.0,11868.762,1532.288,30154.42,5.921283
2019-03-08,5,216587.886202,165208.994411,51378.891791,0.0,0.0,0.0,11717.163822,1531.046178,32170.55,6.732489
2019-03-08,6,275506.020596,199869.266501,75636.754095,0.0,0.0,0.0,11264.103,665.237,35516.93,7.757034
2019-03-08,7,314109.45964,229422.623402,84686.836237,0.0,0.0,0.0,9817.9,449.62,36783.54,8.539403
2019-03-08,8,330995.893663,228767.756779,102228.136884,0.0,0.0,0.0,7949.302931,412.457069,37094.82,8.922968
2019-03-08,9,333465.301662,228767.756779,104697.544884,0.0,0.0,0.0,8244.585,407.885,37532.35,8.884743
2019-03-08,10,327161.733884,228767.756779,98393.977105,0.0,0.0,0.0,9315.668101,231.051899,37952.08,8.62039
2019-03-08,11,314727.322654,221496.089671,93231.232984,0.0,0.0,0.0,10442.419161,120.230839,38197.35,8.239507
2019-03-08,12,301852.129522,213157.29927,88694.830252,0.0,0.0,0.0,11488.73422,162.63578,38386.41,7.863515
2019-03-08,13,295287.34701,205062.09911,90225.247899,0.0,0.0,0.0,12388.40894,927.70106,39012.31,7.569081
2019-03-08,14,298269.303184,205058.80911,93210.494074,0.0,0.0,0.0,12797.500601,1191.869399,39429.45,7.564633
2019-03-08,15,296911.303791,205058.80911,91852.49468,0.0,0.0,0.0,13186.391705,1636.418295,39516.76,7.513554
2019-03-08,16,302946.519077,217303.629671,85642.889405,0.0,0.0,0.0,13452.541339,2042.198661,39380.91,7.692725
2019-03-08,17,304546.696068,217297.049671,87249.646396,0.0,0.0,0.0,12913.126789,1546.033211,39227.27,7.763647
2019-03-08,18,339374.515221,241326.916186,98047.599034,0.0,0.0,0.0,12049.993397,1520.626603,39711.25,8.546055
2019-03-08,19,345513.534347,241320.336186,104193.19816,0.0,0.0,0.0,11025.404967,1620.865033,40078.03,8.621021
2019-03-08,20,333037.751074,241320.336186,91717.414888,0.0,0.0,0.0,11988.273316,1383.456684,39362.05,8.460884
2019-03-08,21,297699.230257,221097.25297,76601.977287,0.0,0.0,0.0,14020.509684,1267.390316,38237.22,7.785588
2019-03-08,22,214688.969835,137634.793684,77054.176151,0.0,0.0,0.0,13122.01,3241.38,36467.1,5.887196
2019-03-08,23,186489.968601,137634.793684,48855.174917,0.0,0.0,0.0,14793.369766,2393.550234,34527.5,5.401201
2019-03-09,0,147812.912577,105117.104698,42695.807879,0.0,0.0,0.0,15268.122208,1724.127792,32696.87,4.520705
2019-03-09,1,126991.933181,80142.886601,46849.04658,0.0,0.0,0.0,14384.081,1817.289,31531.91,4.02741
2019-03-09,2,120414.919491,80139.596601,40275.32289,0.0,0.0,0.0,14351.761611,1829.898389,30676.28,3.925343
2019-03-09,3,120607.470252,82775.248249,37832.222004,0.0,0.0,0.0,14033.710006,519.499994,30239.52,3.988406
2019-03-09,4,135838.967205,87743.775749,48095.191456,0.0,0.0,0.0,11764.25,368.69,30215.12,4.495728
2019-03-09,5,127046.731406,87740.485749,39306.245656,0.0,0.0,0.0,14248.839598,1909.360402,30644.71,4.145796
2019-03-09,6,134832.636186,89507.299593,45325.336593,0.0,0.0,0.0,14371.401534,1848.058466,31797.82,4.240311
2019-03-09,7,160571.389268,106817.548391,53753.840877,0.0,0.0,0.0,13137.725,1172.865,32794.45,4.896298
2019-03-09,8,246465.523099,181030.30599,65435.217109,0.0,0.0,0.0,12439.440868,1236.919132,34674.81,7.107913
2019-03-09,9,274491.455352,195755.474763,78735.980589,0.0,0.0,0.0,11315.348,263.912,36501.28,7.52005
2019-03-09,10,286997.479981,195745.604763,91251.875219,0.0,0.0,0.0,11472.74,837.6,37990.4,7.554474
2019-03-09,11,279919.893404,196390.601386,83529.292018,0.0,0.0,0.0,12611.353427,797.536573,38702.02,7.232695
2019-03-09,12,278418.858982,195637.356987,82781.501995,0.0,0.0,0.0,13269.153213,4546.566787,39020.25,7.13524
2019-03-09,13,276792.68906,195007.609852,81785.079209,0.0,0.0,0.0,13983.31291,4343.61709,39302.26,7.042666
2019-03-09,14,281044.665144,202817.913085,78226.752059,0.0,0.0,0.0,14010.871203,4821.688797,39447.8,7.12447
2019-03-09,15,290149.030153,202811.333085,87337.697068,0.0,0.0,0.0,13303.752749,4714.897251,39782.67,7.293352
2019-03-09,16,301909.792061,211435.450621,90474.34144,0.0,0.0,0.0,12836.869089,3698.880911,39841.02,7.577863
2019-03-09,17,308019.61121,216642.977246,91376.633965,0.0,0.0,0.0,11282.270819,3676.399181,39277.47,7.842145
2019-03-09,18,358374.818804,264520.814569,93854.004236,0.0,0.0,0.0,8973.074866,685.865134,38921.56,9.207617
2019-03-09,19,398064.256904,278906.164427,119158.092477,0.0,0.0,0.0,5355.35,141.76,38946.1,10.220902
2019-03-09,20,402842.638077,278899.584427,123943.05365,0.0,0.0,0.0,3354.5,87.76,37676.26,10.692214
2019-03-09,21,391312.68652,278899.584427,112413.102093,0.0,0.0,0.0,3140.56,99.98,36345.99,10.766324
2019-03-09,22,354376.574892,257856.566378,96520.008514,0.0,0.0,0.0,3847.25,186.75,34700.61,10.212402
2019-03-09,23,278874.557725,184691.842372,94182.715354,0.0,0.0,0.0,3696.99,174.39,32867.37,8.484846
2019-03-10,0,242723.614532,155451.093855,87272.520676,0.0,0.0,0.0,4010.171,94.699,31364.61,7.738774
2019-03-10,1,227438.468537,155451.093855,71987.374681,0.0,0.0,0.0,4567.72,224.02,30301.32,7.505893
2019-03-10,2,205885.62345,132190.911723,73694.711727,0.0,0.0,0.0,4606.49,164.57,29634.87,6.947411
2019-03-10,3,202054.974991,132190.911723,69864.063268,0.0,0.0,0.0,4839.21,191.12,29392.29,6.874421
2019-03-10,4,201657.622589,132190.911723,69466.710866,0.0,0.0,0.0,5340.06,318.79,29669.75,6.796742
2019-03-10,5,218433.221008,142980.014138,75453.20687,0.0,0.0,0.0,5166.343816,479.316184,30427.04,7.178918
2019-03-10,6,231520.952535,149897.391247,81623.561289,0.0,0.0,0.0,5246.068926,767.891074,31454.55,7.360492
2019-03-10,7,253957.781895,170848.958829,83108.823066,0.0,0.0,0.0,5483.196394,1404.063606,32531.85,7.806435
2019-03-10,8,309978.380729,215041.692029,94936.6887,0.0,0.0,0.0,5301.726976,1614.063024,34058.83,9.101263
2019-03-10,9,335050.5826,221759.69422,113290.88838,0.0,0.0,0.0,6279.786634,1744.933366,35440.2,9.45397
2019-03-10,10,312831.757852,211222.526121,101609.231731,0.0,0.0,0.0,8386.463944,1164.326056,36393.89,8.595722
2019-03-10,11,277404.47831,176686.16692,100718.31139,0.0,0.0,0.0,9281.056,3325.424,36998.96,7.497629
2019-03-10,12,262749.661053,176682.87692,86066.784133,0.0,0.0,0.0,11120.040101,3151.609899,37415.59,7.022465
2019-03-10,13,229755.859176,145614.220437,84141.638739,0.0,0.0,0.0,12751.914972,2984.105028,37575.29,6.114547
2019-03-10,14,219963.795984,140773.473814,79190.32217,0.0,0.0,0.0,13778.253206,2908.126794,37700.17,5.834557
2019-03-10,15,222749.329982,140422.473815,82326.856168,0.0,0.0,0.0,13742.693859,3067.296141,37970.57,5.866368
2019-03-10,16,226310.243032,141654.267914,84655.975117,0.0,0.0,0.0,13696.338,2916.782,38124.58,5.936072
2019-03-10,17,241966.359535,155643.937214,86322.422321,0.0,0.0,0.0,13053.75,2596.93,38176.9,6.338031
2019-03-10,18,298346.952457,208583.447197,89763.50526,0.0,0.0,0.0,12229.009,1941.141,39048.99,7.640324
2019-03-10,19,328466.956174,209221.86382,119245.092354,0.0,0.0,0.0,11007.151551,1599.048449,39609.39,8.292654
2019-03-10,20,306941.633434,209218.57382,97723.059614,0.0,0.0,0.0,10805.33,1532.05,38698.6,7.931595
2019-03-10,21,252931.378477,165019.26062,87912.117857,0.0,0.0,0.0,10706.324773,1192.525227,36942.52,6.84662
2019-03-10,22,222317.175937,144017.768378,78299.407559,0.0,0.0,0.0,9855.9,147.57,34738.33,6.399766
2019-03-10,23,205568.095173,137299.766187,68268.328986,0.0,0.0,0.0,9001.96,169.82,32806.53,6.266072
2019-03-11,0,199056.462327,132318.078686,66738.383641,0.0,0.0,0.0,7952.48,194.51,31564.58,6.306324
2019-03-11,1,194779.770675,124666.617886,70113.152789,0.0,0.0,0.0,7199.01,219.81,30821.74,6.319558
2019-03-11,2,199356.739204,129648.305387,69708.433818,0.0,0.0,0.0,6649.91,230.46,30638.38,6.506765
2019-03-11,3,209484.221023,134637.933737,74846.287285,0.0,0.0,0.0,6487.32,244.3,31176.18,6.719368
2019-03-11,4,255693.428078,176486.029463,79207.398614,0.0,0.0,0.0,6435.522,250.808,32725.92,7.813178
2019-03-11,5,361152.420403,263655.780269,97496.640133,0.0,0.0,0.0,5248.58,270.19,35184.81,10.264441
2019-03-11,6,389471.412301,273179.152293,116292.260008,0.0,0.0,0.0,4306.41,288.52,37011.54,10.522972
2019-03-11,7,403325.412462,273175.862293,130149.550169,0.0,0.0,0.0,3913.11,0.0,37534.85,10.745358
2019-03-11,8,439129.439529,317378.465493,121750.974036,0.0,0.0,0.0,4339.58,322.57,38222.4,11.488798
2019-03-11,9,428384.458171,317375.175493,111009.282678,0.0,0.0,0.0,6577.23,338.51,39188.12,10.931488
2019-03-11,10,371246.193592,256736.210376,114509.983216,0.0,0.0,0.0,8256.362992,1386.117008,39778.57,9.332819
2019-03-11,11,354136.043735,247200.188352,106935.855383,0.0,0.0,0.0,10269.57,412.79,40152.15,8.819853
2019-03-11,12,335049.90807,234399.091753,100650.816317,0.0,0.0,0.0,11264.29369,1150.45631,40453.67,8.282312
2019-03-11,13,319398.928241,227127.424645,92271.503596,0.0,0.0,0.0,12163.314223,1405.525777,40315.1,7.922563
2019-03-11,14,303989.90079,218387.227862,85602.672929,0.0,0.0,0.0,13279.575212,2423.104788,40175.45,7.566559
2019-03-11,15,288335.764279,203330.43527,85005.329009,0.0,0.0,0.0,14005.831356,2641.898644,40067.06,7.196329
2019-03-11,16,283847.620105,198780.395271,85067.224834,0.0,0.0,0.0,14394.931042,2124.988958,39861.4,7.120864
2019-03-11,17,291656.976675,207122.475672,84534.501003,0.0,0.0,0.0,13504.491,2527.099,39699.81,7.346559
2019-03-11,18,308142.484123,222583.964646,85558.519477,0.0,0.0,0.0,12990.271761,2279.388239,40183.66,7.668353
2019-03-11,19,314492.470371,222931.674646,91560.795725,0.0,0.0,0.0,11928.940038,2216.569962,40247.44,7.813975
2019-03-11,20,304329.093562,222928.384646,81400.708916,0.0,0.0,0.0,12076.680618,1349.519382,38966.4,7.810039
2019-03-11,21,237267.686281,154213.389338,83054.296942,0.0,0.0,0.0,11688.836784,1461.573216,36971.33,6.417613
2019-03-11,22,208651.654687,142716.049647,65935.605039,0.0,0.0,0.0,11201.79,273.45,34459.83,6.054924
2019-03-11,23,178886.951234,113549.956288,65336.994947,0.0,0.0,0.0,10454.97,281.77,32511.36,5.502291
2019-03-12,0,167606.502798,107155.38839,60451.114408,0.0,0.0,0.0,9772.87,305.22,31284.24,5.357538
2019-03-12,1,161339.246814,107155.38839,54183.858424,0.0,0.0,0.0,9520.84,344.88,30461.43,5.296509
2019-03-12,2,157926.974938,102173.70089,55753.274048,0.0,0.0,0.0,9207.26,272.8,30139.52,5.239864
2019-03-12,3,166804.793169,108571.558787,58233.234382,0.0,0.0,0.0,9284.801,150.979,30596.51,5.451759
2019-03-12,4,197406.153526,130448.763738,66957.389788,0.0,0.0,0.0,9372.581,144.689,32134.21,6.143177
2019-03-12,5,299345.07043,221515.892552,77829.177878,0.0,0.0,0.0,9081.32,204.18,34474.96,8.682971
2019-03-12,6,314122.74414,221506.022552,92616.721588,0.0,0.0,0.0,9214.18,246.26,36380.93,8.634269
2019-03-12,7,316107.399376,221155.022552,94952.376824,0.0,0.0,0.0,9983.022632,320.007368,36937.82,8.557825
2019-03-12,8,323084.197849,227876.314743,95207.883105,0.0,0.0,0.0,10401.747673,678.752327,37596.85,8.593385
2019-03-12,9,321953.407367,227231.31812,94722.089247,0.0,0.0,0.0,12147.306432,1382.163568,38528.64,8.35621
2019-03-12,10,310226.900441,216761.089894,93465.810547,0.0,0.0,0.0,13836.473171,1159.496829,39129.01,7.928309
2019-03-12,11,308833.82147,215294.470102,93539.351368,0.0,0.0,0.0,14044.762006,2492.587994,39446.99,7.829085
2019-03-12,12,316116.698288,227005.390644,89111.307644,0.0,0.0,0.0,14191.661436,3370.978564,39708.71,7.960891
2019-03-12,13,362368.489183,280496.541208,81871.947975,0.0,0.0,0.0,13115.64632,2784.74368,39647.47,9.139763
2019-03-12,14,318701.162684,205747.830328,112953.332355,0.0,0.0,0.0,11376.374621,4340.745379,39586.01,8.050853
2019-03-12,15,323337.650989,217877.780046,105459.870942,0.0,0.0,0.0,11216.485893,4022.864107,39520.51,8.181515
2019-03-12,16,331962.764274,217653.301772,114309.462502,0.0,0.0,0.0,9996.497,1585.083,39408.27,8.423683
2019-03-12,17,335085.65823,234096.243689,100989.414541,0.0,0.0,0.0,9814.882651,2296.047349,39208.26,8.546303
2019-03-12,18,354902.691885,242557.693336,112344.998549,0.0,0.0,0.0,8756.045263,1841.664737,39635.7,8.954117
2019-03-12,19,366998.682697,243411.918746,123586.763951,0.0,0.0,0.0,8298.312875,1406.887125,39816.3,9.217298
2019-03-12,20,355448.968977,243402.048746,112046.920231,0.0,0.0,0.0,7560.39468,1609.54532,38713.11,9.181618
2019-03-12,21,303973.217311,195003.695547,108969.521764,0.0,0.0,0.0,6139.124219,95.635781,36649.32,8.294103
2019-03-12,22,274957.541675,195003.695547,79953.846128,0.0,0.0,0.0,6623.530085,13.679915,34211.38,8.03702
2019-03-12,23,223157.796637,150698.388939,72459.407698,0.0,0.0,0.0,6808.821999,17.498001,32257.76,6.917957
2019-03-13,0,197557.770581,137187.139441,60370.631139,0.0,0.0,0.0,8094.9067,2008.7333,31203.66,6.331237
2019-03-13,1,174236.950288,111583.72589,62653.224398,0.0,0.0,0.0,8378.808648,1822.561352,30488.89,5.714769
2019-03-13,2,153515.952127,111365.827616,42150.124511,0.0,0.0,0.0,11957.229903,2222.510097,30140.1,5.093412
2019-03-13,3,128935.789959,89506.107862,39429.682097,0.0,0.0,0.0,12860.05894,2176.00106,30342.2,4.249388
2019-03-13,4,157859.356074,111388.857616,46470.498458,0.0,0.0,0.0,12024.762,2061.618,31436.12,5.021592
2019-03-13,5,228861.99642,163225.804014,65636.192406,0.0,0.0,0.0,11643.395,2091.225,33706.15,6.789918
2019-03-13,6,272248.397154,214214.507862,58033.889291,0.0,0.0,0.0,12110.295435,1714.754565,35486.29,7.671932
2019-03-13,7,314801.582294,227134.004645,87667.57765,0.0,0.0,0.0,7783.272136,105.337864,36148.72,8.708513
2019-03-13,8,326958.929218,227127.424645,99831.504573,0.0,0.0,0.0,7708.24,0.0,37016.76,8.832727
2019-03-13,9,327143.290756,227127.424645,100015.866111,0.0,0.0,0.0,8751.691452,809.468548,37663.57,8.685934
2019-03-13,10,313599.09589,218387.227862,95211.868029,0.0,0.0,0.0,9845.949133,525.770867,38011.54,8.250102
2019-03-13,11,327583.216032,234405.671753,93177.544279,0.0,0.0,0.0,9410.780474,662.659526,38109.07,8.595938
2019-03-13,12,334121.779971,234399.091753,99722.688218,0.0,0.0,0.0,8697.706948,620.273052,38442.9,8.691378
2019-03-13,13,329842.10204,234399.091753,95443.010287,0.0,0.0,0.0,9362.515577,1080.724423,38675.17,8.528524
2019-03-13,14,345460.593429,247203.478352,98257.115076,0.0,0.0,0.0,9120.49605,1287.79395,38934.51,8.872864
2019-03-13,15,352007.758994,247200.188352,104807.570641,0.0,0.0,0.0,8513.016445,1173.933555,39084.96,9.00622
2019-03-13,16,368535.002843,263643.130269,104891.872573,0.0,0.0,0.0,8101.531858,681.088142,39252.59,9.388807
2019-03-13,17,395003.483427,282371.669542,112631.813884,0.0,0.0,0.0,6990.31,0.0,39258.2,10.061681
2019-03-13,18,419742.047928,296015.797739,123726.250188,0.0,0.0,0.0,5425.49,0.0,39404.4,10.652162
2019-03-13,19,447279.743561,296009.217739,151270.525822,0.0,0.0,0.0,4056.61,0.51,39889.47,11.212978
2019-03-13,20,416022.931265,296009.217739,120013.713526,0.0,0.0,0.0,5353.22,0.0,38919.33,10.689365
2019-03-13,21,304763.552733,221539.854169,83223.698564,0.0,0.0,0.0,8766.64,0.0,37046.24,8.226572
2019-03-13,22,214373.953161,154827.224937,59546.728224,0.0,0.0,0.0,11241.095662,1218.874338,34793.28,6.161361
2019-03-13,23,170881.944653,113198.956288,57682.988365,0.0,0.0,0.0,11307.194854,2047.345146,32965.06,5.183729
2019-03-14,0,161039.414684,113198.956288,47840.458396,0.0,0.0,0.0,11192.295592,2066.164408,31662.96,5.086051
2019-03-14,1,161916.532976,102248.138391,59668.394585,0.0,0.0,0.0,9585.791,1580.969,30768.81,5.262359
2019-03-14,2,137007.130823,102248.138391,34758.992432,0.0,0.0,0.0,13040.931609,2178.468391,30243.39,4.530151
2019-03-14,3,128415.945045,84677.160563,43738.784482,0.0,0.0,0.0,12714.487661,2035.532339,30412.66,4.22245
2019-03-14,4,171444.602041,126473.131589,44971.470452,0.0,0.0,0.0,12532.139068,2125.480932,31814.04,5.38896
2019-03-14,5,204243.182495,126443.521589,77799.660905,0.0,0.0,0.0,11112.806217,3558.673783,34115.02,5.986899
2019-03-14,6,277003.822948,201464.399604,75539.423344,0.0,0.0,0.0,12252.134771,2136.555229,35690.04,7.761376
2019-03-14,7,297121.553571,216178.554202,80942.999369,0.0,0.0,0.0,11424.148837,1168.271163,36070.15,8.237325
2019-03-14,8,311223.203167,216519.684201,94703.518966,0.0,0.0,0.0,10086.332703,760.097297,36654.14,8.490806
2019-03-14,9,314351.259742,216516.394201,97834.865541,0.0,0.0,0.0,10696.831431,709.018569,37280.56,8.432042
2019-03-14,10,315980.055545,231339.466552,84640.588993,0.0,0.0,0.0,12550.766638,559.373362,37560.03,8.412668
2019-03-14,11,256071.67798,156315.298537,99756.379443,0.0,0.0,0.0,11266.993,4687.277,37578.63,6.81429
2019-03-14,12,238433.920002,156315.298537,82118.621465,0.0,0.0,0.0,12976.592325,5959.417675,37717.88,6.321509
2019-03-14,13,214606.437261,137773.679356,76832.757905,0.0,0.0,0.0,14406.117318,4654.872682,37530.33,5.718213
2019-03-14,14,206142.273177,130776.930029,75365.343148,0.0,0.0,0.0,14739.062222,5066.087778,37427.59,5.507762
2019-03-14,15,211422.906751,136958.636187,74464.270564,0.0,0.0,0.0,14059.747818,4024.762182,37350.44,5.66052
2019-03-14,16,215716.618224,136948.766187,78767.852037,0.0,0.0,0.0,12782.642,2503.118,37075.22,5.81835
2019-03-14,17,225891.749136,150283.764939,75607.984198,0.0,0.0,0.0,11846.548443,1714.161557,36617.47,6.168961
2019-03-14,18,259676.001655,178650.701656,81025.299999,0.0,0.0,0.0,10141.500384,1011.089616,36826.41,7.051353
2019-03-14,19,349274.244023,254015.999671,95258.244353,0.0,0.0,0.0,8538.663417,507.066583,37716.4,9.26054
2019-03-14,20,345072.998973,254009.419671,91063.579303,0.0,0.0,0.0,8128.654415,458.505585,36980.8,9.331139
2019-03-14,21,307560.584503,225715.976954,81844.607549,0.0,0.0,0.0,8854.063579,351.076421,35348.46,8.70082
2019-03-14,22,216240.653125,143980.386748,72260.266377,0.0,0.0,0.0,9021.906841,416.713159,33344.86,6.484977
2019-03-14,23,187791.765191,124257.4001,63534.365091,0.0,0.0,0.0,9165.71,343.92,31851.03,5.89594
2019-03-15,0,176641.279022,119051.407491,57589.871532,0.0,0.0,0.0,9208.27,376.56,30874.22,5.72132
2019-03-15,1,165114.534068,106804.388391,58310.145677,0.0,0.0,0.0,9330.791493,439.438507,30434.16,5.425303
2019-03-15,2,158768.417346,101822.70089,56945.716456,0.0,0.0,0.0,10213.149816,575.800184,30443.82,5.215128
2019-03-15,3,166995.932236,101180.994266,65814.93797,0.0,0.0,0.0,10551.628,1623.962,31164.48,5.358534
2019-03-15,4,253236.026647,188413.243081,64822.783567,0.0,0.0,0.0,11858.145,796.225,33101.35,7.650323
2019-03-15,5,289401.547607,205717.604791,83683.942816,0.0,0.0,0.0,12383.961,410.299,35920.21,8.056789
2019-03-15,6,343895.394731,244620.874621,99274.52011,0.0,0.0,0.0,11991.792,846.688,38191.02,9.004614
2019-03-15,7,397662.180434,278229.658141,119432.522293,0.0,0.0,0.0,9013.516,1539.264,39053.16,10.182587
2019-03-15,8,408841.970359,278219.788141,130622.182218,0.0,0.0,0.0,7928.451,1967.659,39623.41,10.318192
2019-03-15,9,377367.006607,257138.965021,120228.041586,0.0,0.0,0.0,9172.60732,1810.38268,39582.06,9.533789
2019-03-15,10,350897.848734,248800.17462,102097.674114,0.0,0.0,0.0,11290.633288,1157.106712,39071.35,8.98095
2019-03-15,11,310593.412359,216881.640188,93711.772172,0.0,0.0,0.0,12758.191173,725.048827,38279.39,8.113855
2019-03-15,12,300168.348859,219863.369382,80304.979477,0.0,0.0,0.0,13307.68133,1641.00867,37605.31,7.982074
2019-03-15,13,231606.715533,144842.491367,86764.224167,0.0,0.0,0.0,12036.758,3309.612,36778.78,6.297292
2019-03-15,14,220434.412023,144842.491367,75591.920656,0.0,0.0,0.0,12802.150785,2197.149215,36173.12,6.093873
2019-03-15,15,213594.116766,138897.0355,74697.081267,0.0,0.0,0.0,12475.414823,1505.275177,35834.0,5.960655
2019-03-15,16,223327.702659,149236.920987,74090.781671,0.0,0.0,0.0,11472.996258,1063.183742,35764.94,6.244319
2019-03-15,17,241542.418403,166309.328171,75233.090232,0.0,0.0,0.0,10461.611955,574.088045,35886.25,6.730779
2019-03-15,18,311578.037712,222281.54764,89296.490072,0.0,0.0,0.0,9069.793309,95.066691,36747.67,8.478852
2019-03-15,19,431678.522388,328039.622775,103638.899613,0.0,0.0,0.0,6989.915738,336.294262,37747.83,11.43585
2019-03-15,20,398310.991761,283830.439575,114480.552186,0.0,0.0,0.0,5865.038181,398.361819,37401.49,10.649602
2019-03-15,21,363913.134855,254009.419671,109903.715184,0.0,0.0,0.0,5903.020583,433.039417,36422.72,9.991377
2019-03-15,22,347753.375925,247291.417479,100461.958446,0.0,0.0,0.0,5753.345434,415.844566,35119.18,9.902093
2019-03-15,23,340549.817495,247291.417479,93258.400016,0.0,0.0,0.0,5132.64,148.87,34000.83,10.015927
2019-03-16,0,319391.181931,223912.617588,95478.564343,0.0,0.0,0.0,4607.01,139.84,33291.98,9.593637
2019-03-16,1,315803.650174,223909.837588,91893.812585,0.0,0.0,0.0,4222.15,136.78,33012.87,9.566077
2019-03-16,2,322713.505467,228112.167587,94601.337879,0.0,0.0,0.0,3980.53,112.03,33131.29,9.740445
2019-03-16,3,331825.531398,234830.169779,96995.36162,0.0,0.0,0.0,3953.07,97.94,33647.43,9.861839
2019-03-16,4,348151.688575,242101.836887,106049.851688,0.0,0.0,0.0,4089.308,81.302,34731.48,10.024096
2019-03-16,5,405165.920987,295840.46211,109325.458876,0.0,0.0,0.0,4665.66,103.76,36390.78,11.133752
2019-03-16,6,426461.918461,295833.88211,130628.03635,0.0,0.0,0.0,5428.24,114.16,38294.91,11.136256
2019-03-16,7,457520.246875,325661.482014,131858.764861,0.0,0.0,0.0,5998.365956,308.404044,39340.89,11.629636
2019-03-16,8,469416.520875,325654.902014,143761.618861,0.0,0.0,0.0,4950.818278,113.741722,39538.76,11.872313
2019-03-16,9,434331.576494,304574.078894,129757.4976,0.0,0.0,0.0,5635.64,0.0,39042.52,11.124578
2019-03-16,10,402586.194587,304574.078894,98012.115693,0.0,0.0,0.0,7067.53,0.0,38059.94,10.577689
2019-03-16,11,326474.580714,234826.879779,91647.700936,0.0,0.0,0.0,8008.3912,236.5088,36771.83,8.878388
2019-03-16,12,297939.139977,218387.227862,79551.912115,0.0,0.0,0.0,9038.835834,1014.864166,35715.96,8.341905
2019-03-16,13,267455.867001,193134.81431,74321.052691,0.0,0.0,0.0,9493.118582,2061.571418,34682.96,7.711449
2019-03-16,14,258293.960311,186740.246413,71553.713898,0.0,0.0,0.0,9352.564599,2277.955401,34022.85,7.591779
2019-03-16,15,257600.626175,186740.246413,70860.379762,0.0,0.0,0.0,9073.185243,2189.514757,33764.85,7.629254
2019-03-16,16,263495.167325,193138.10431,70357.063015,0.0,0.0,0.0,8672.713906,1609.706094,33816.31,7.791955
2019-03-16,17,283398.698248,206469.813061,76928.885187,0.0,0.0,0.0,7723.329649,976.890351,34072.62,8.317491
2019-03-16,18,327484.532512,244133.901479,83350.631033,0.0,0.0,0.0,6639.6,66.32,35123.74,9.323738
2019-03-16,19,368842.233962,260381.345694,108460.888269,0.0,0.0,0.0,4485.05,70.9,36170.36,10.197361
2019-03-16,20,381419.462207,260374.765694,121044.696513,0.0,0.0,0.0,3434.29,80.0,35928.1,10.616188
2019-03-16,21,369630.025987,260374.765694,109255.260293,0.0,0.0,0.0,3412.57,106.45,35078.25,10.537299
2019-03-16,22,343780.440151,242098.546887,101681.893265,0.0,0.0,0.0,3307.56,153.11,33977.34,10.117933
2019-03-16,23,332623.384003,235380.544696,97242.839307,0.0,0.0,0.0,3022.7,132.77,33021.32,10.072989
2019-03-17,0,329836.583511,235380.544696,94456.038816,0.0,0.0,0.0,2749.73,113.91,32444.86,10.166066
2019-03-17,1,328550.677193,235380.544696,93170.132497,0.0,0.0,0.0,2624.88,97.71,32173.61,10.211806
2019-03-17,2,333509.18848,235380.544696,98128.643784,0.0,0.0,0.0,2414.6,46.64,32268.67,10.335387
2019-03-17,3,340441.132167,235380.544696,105060.587471,0.0,0.0,0.0,2486.5,0.0,32631.18,10.433001
2019-03-17,4,379199.335563,263185.950008,116013.385556,0.0,0.0,0.0,2655.123664,165.906336,33558.45,11.299668
2019-03-17,5,437936.52589,325724.743399,112211.782491,0.0,0.0,0.0,2658.78,0.0,35070.82,12.487205
2019-03-17,6,459640.68845,325718.163399,133922.525051,0.0,0.0,0.0,2603.68,0.0,36727.13,12.515018
2019-03-17,7,476730.27236,334461.650183,142268.622178,0.0,0.0,0.0,2801.83,0.0,37662.7,12.657889
2019-03-17,8,481003.275632,334458.360183,146544.91545,0.0,0.0,0.0,2133.43,0.0,37619.8,12.785907
2019-03-17,9,456943.603235,334458.360183,122485.243052,0.0,0.0,0.0,2991.03,0.0,36764.06,12.429084
2019-03-17,10,379169.22476,271919.566791,107249.657969,0.0,0.0,0.0,4404.94,0.0,35831.11,10.582123
2019-03-17,11,328582.546963,242098.546887,86484.000076,0.0,0.0,0.0,6229.51,22.92,34937.98,9.404738
2019-03-17,12,290727.719674,213951.264428,76776.455246,0.0,0.0,0.0,7403.957914,746.452086,34118.6,8.521092
2019-03-17,13,269715.876058,200723.650311,68992.225746,0.0,0.0,0.0,8592.973078,994.276922,33549.74,8.039284
2019-03-17,14,264599.794629,193978.082415,70621.712215,0.0,0.0,0.0,8424.987247,1176.692753,33183.25,7.973896
2019-03-17,15,271215.373709,200730.230311,70485.143398,0.0,0.0,0.0,8062.243304,1028.786696,33204.75,8.167969
2019-03-17,16,277392.330897,200723.650311,76668.680586,0.0,0.0,0.0,7587.858115,556.781885,33550.58,8.267885
2019-03-17,17,290109.965611,210220.381494,79889.584117,0.0,0.0,0.0,7077.669546,268.100454,33886.98,8.561104
2019-03-17,18,330297.810309,245862.275319,84435.534989,0.0,0.0,0.0,6287.76,227.91,34948.24,9.451057
2019-03-17,19,351290.344859,245849.115319,105441.229539,0.0,0.0,0.0,5665.59,369.79,36624.95,9.591558
2019-03-17,20,355504.368593,245849.115319,109655.253274,0.0,0.0,0.0,4767.631,313.239,36154.21,9.833001
2019-03-17,21,338231.921964,245849.115319,92382.806644,0.0,0.0,0.0,4967.86,344.86,34713.64,9.743488
2019-03-17,22,300009.681916,218537.125546,81472.55637,0.0,0.0,0.0,4880.56,333.63,32664.53,9.184571
2019-03-17,23,279518.844568,202097.473629,77421.370939,0.0,0.0,0.0,4716.13,326.64,31496.58,8.874578
2019-03-18,0,273382.888066,198554.498636,74828.389431,0.0,0.0,0.0,4678.07,324.96,30925.0,8.84019
2019-03-18,1,226841.08549,150464.755505,76376.329986,0.0,0.0,0.0,4873.84,321.82,30962.14,7.326402
2019-03-18,2,261646.86341,178761.488221,82885.375189,0.0,0.0,0.0,3852.45,222.13,31391.48,8.334964
2019-03-18,3,295335.202595,199212.605546,96122.597049,0.0,0.0,0.0,3126.56,146.43,32668.67,9.040319
2019-03-18,4,449292.504257,334254.952554,115037.551703,0.0,0.0,0.0,2591.19,90.95,35471.63,12.666249
2019-03-18,5,561648.379819,408202.681195,153445.698624,0.0,0.0,0.0,1945.52,43.93,39578.55,14.190727
2019-03-18,6,597018.918057,408192.811195,188826.106862,0.0,0.0,0.0,1732.77,0.0,41722.7,14.309211
2019-03-18,7,587186.510384,408192.811195,178993.699189,0.0,0.0,0.0,2035.49,0.0,41399.51,14.183417
2019-03-18,8,573289.604333,408192.811195,165096.793138,0.0,0.0,0.0,1847.41,0.0,40543.25,14.140199
2019-03-18,9,501680.042708,363993.497995,137686.544713,0.0,0.0,0.0,3243.06,0.0,39346.17,12.750416
2019-03-18,10,428548.034735,307976.247433,120571.787302,0.0,0.0,0.0,4766.77,0.0,38133.09,11.238219
2019-03-18,11,430957.004822,331929.628594,99027.376228,0.0,0.0,0.0,6379.89,0.0,37127.42,11.607513
2019-03-18,12,331741.263042,230291.880014,101449.383028,0.0,0.0,0.0,7554.546713,510.253287,36730.82,9.031687
2019-03-18,13,309087.121621,216345.690622,92741.430999,0.0,0.0,0.0,8398.701079,706.648921,36275.46,8.520557
2019-03-18,14,291045.570596,204084.395163,86961.175433,0.0,0.0,0.0,8801.406552,962.653448,35869.61,8.113988
2019-03-18,15,288943.623264,203305.178088,85638.445175,0.0,0.0,0.0,9319.515274,1002.334726,35851.94,8.059358
2019-03-18,16,286629.997684,195076.307788,91553.689897,0.0,0.0,0.0,9908.538532,500.411468,36056.72,7.94942
2019-03-18,17,294684.963771,200059.356138,94625.607633,0.0,0.0,0.0,9274.406,798.344,36193.96,8.141827
2019-03-18,18,352978.171745,260277.11323,92701.058515,0.0,0.0,0.0,8808.651104,897.128896,36873.11,9.57278
2019-03-18,19,386851.384688,260267.24323,126584.141458,0.0,0.0,0.0,7827.004433,1693.645567,38079.24,10.159115
2019-03-18,20,368414.868751,269930.197229,98484.671523,0.0,0.0,0.0,7393.745281,519.324719,37066.07,9.93941
2019-03-18,21,307985.434955,225727.594029,82257.840926,0.0,0.0,0.0,6810.2,428.58,34812.58,8.846958
2019-03-18,22,270666.258048,193425.975904,77240.282144,0.0,0.0,0.0,5969.96,377.04,32481.64,8.3329
2019-03-18,23,217301.667282,145255.472896,72046.194387,0.0,0.0,0.0,5640.41,348.45,30887.98,7.035153
2019-03-19,0,206083.523221,134440.830794,71642.692427,0.0,0.0,0.0,5472.77,347.03,30196.92,6.824654
2019-03-19,1,205295.334593,134440.830794,70854.503798,0.0,0.0,0.0,5463.09,374.21,30016.66,6.83938
2019-03-19,2,211983.785214,137987.095787,73996.689427,0.0,0.0,0.0,5164.237,319.353,30345.87,6.985589
2019-03-19,3,249762.331947,173558.785612,76203.546335,0.0,0.0,0.0,4841.49,332.36,31350.69,7.966725
2019-03-19,4,304764.893203,216350.31156,88414.581643,0.0,0.0,0.0,4633.24,328.48,33779.87,9.022086
2019-03-19,5,425243.284849,305756.539434,119486.745415,0.0,0.0,0.0,4593.3,321.98,37730.08,11.27067
2019-03-19,6,446711.537365,305746.669434,140964.867931,0.0,0.0,0.0,4629.611,294.269,39696.01,11.253311
2019-03-19,7,440445.599144,305746.669434,134698.929711,0.0,0.0,0.0,4602.43,320.81,39199.67,11.235952
2019-03-19,8,424442.231574,296557.442184,127884.78939,0.0,0.0,0.0,4777.8,327.52,38484.74,11.028845
2019-03-19,9,398799.894368,287021.420161,111778.474207,0.0,0.0,0.0,6341.553552,426.076448,37940.83,10.511101
2019-03-19,10,361487.771399,257429.671645,104058.099755,0.0,0.0,0.0,7881.476521,450.323479,37339.52,9.681104
2019-03-19,11,330551.124284,238493.853902,92057.270382,0.0,0.0,0.0,9646.003422,1961.436578,36775.23,8.988418
2019-03-19,12,305325.607015,223237.686392,82087.920622,0.0,0.0,0.0,11062.065898,3977.354102,36459.06,8.374478
2019-03-19,13,246044.200232,148216.808377,97827.391854,0.0,0.0,0.0,10465.617,5484.823,36146.47,6.806867
2019-03-19,14,232302.707047,148216.808377,84085.89867,0.0,0.0,0.0,11012.212132,5417.127868,36039.43,6.445793
2019-03-19,15,222545.665661,139982.885463,82562.780199,0.0,0.0,0.0,11499.980028,4709.939972,36025.4,6.177466
2019-03-19,16,219063.103597,139982.885463,79080.218134,0.0,0.0,0.0,12104.064017,3390.825983,36043.52,6.077739
2019-03-19,17,237301.06964,156568.758778,80732.310863,0.0,0.0,0.0,10904.536989,3639.523011,36030.7,6.58608
2019-03-19,18,257606.869703,161764.881387,95841.988316,0.0,0.0,0.0,9876.035,3463.695,36593.55,7.03968
2019-03-19,19,324101.40732,236782.469402,87318.937918,0.0,0.0,0.0,10262.977508,1544.912492,37701.88,8.596426
2019-03-19,20,317906.063874,236779.179402,81126.884472,0.0,0.0,0.0,10017.456606,1274.223394,36737.21,8.653517
2019-03-19,21,236868.232792,149837.596587,87030.636205,0.0,0.0,0.0,8605.027603,751.822397,34452.82,6.875148
2019-03-19,22,225462.746188,149837.596587,75625.149602,0.0,0.0,0.0,6402.05,370.78,32194.42,7.003162
2019-03-19,23,198950.148812,137983.805787,60966.343024,0.0,0.0,0.0,7149.29,367.52,30571.52,6.507696
2019-03-20,0,173153.362947,118268.759989,54884.602958,0.0,0.0,0.0,8022.38,370.13,29684.6,5.833104
2019-03-20,1,156863.971971,106953.038389,49910.933582,0.0,0.0,0.0,9091.31,376.86,29405.09,5.334586
2019-03-20,2,181348.842816,122538.203786,58810.63903,0.0,0.0,0.0,7146.36,269.91,29499.83,6.147454
2019-03-20,3,219846.480691,148192.586747,71653.893944,0.0,0.0,0.0,5615.9,187.08,30384.86,7.235396
2019-03-20,4,340387.325406,256941.068078,83446.257328,0.0,0.0,0.0,4459.57,125.7,32712.01,10.405577
2019-03-20,5,418060.19506,303459.072663,114601.122397,0.0,0.0,0.0,3442.35,0.0,36437.52,11.473344
2019-03-20,6,479703.480399,347648.515863,132054.964536,0.0,0.0,0.0,2814.43,0.0,38199.83,12.557739
2019-03-20,7,477825.825405,347645.225863,130180.599542,0.0,0.0,0.0,2411.36,0.0,37723.59,12.666499
2019-03-20,8,458978.680947,303445.912663,155532.768284,0.0,0.0,0.0,1997.22,0.0,37364.18,12.283922
2019-03-20,9,422912.485314,303445.912663,119466.572651,0.0,0.0,0.0,3264.11,51.51,37039.34,11.417927
2019-03-20,10,378346.232768,273175.862293,105170.370475,0.0,0.0,0.0,4911.34,50.9,36687.52,10.312669
2019-03-20,11,344353.347294,242098.546887,102254.800407,0.0,0.0,0.0,6248.898226,219.841774,36477.05,9.440274
2019-03-20,12,330153.095885,235380.544696,94772.551189,0.0,0.0,0.0,7193.64751,912.13249,36472.29,9.052163
2019-03-20,13,321258.23957,234630.590297,86627.649274,0.0,0.0,0.0,8120.241987,1121.628013,36389.96,8.828211
2019-03-20,14,305535.284245,218190.93838,87344.345866,0.0,0.0,0.0,8453.64683,1453.44317,36317.78,8.412829
2019-03-20,15,305285.208119,218190.93838,87094.26974,0.0,0.0,0.0,8900.7213,1433.4687,36595.15,8.342231
2019-03-20,16,303043.266202,218944.182779,84099.083424,0.0,0.0,0.0,9577.955924,1250.464076,36814.76,8.23157
2019-03-20,17,318716.123761,227684.379562,91031.7442,0.0,0.0,0.0,8045.448442,534.751558,36723.18,8.678881
2019-03-20,18,376396.640351,280600.032293,95796.608058,0.0,0.0,0.0,6353.066,8.414,37142.66,10.133809
2019-03-20,19,423233.607066,298926.352485,124307.254582,0.0,0.0,0.0,4062.54,31.36,38197.11,11.080252
2019-03-20,20,430560.205743,298923.062485,131637.143258,0.0,0.0,0.0,2794.4,0.0,37264.93,11.554032
2019-03-20,21,395978.779663,291515.342485,104463.437178,0.0,0.0,0.0,2853.07,0.0,34961.42,11.326164
2019-03-20,22,298721.543795,203263.635362,95457.908433,0.0,0.0,0.0,2853.85,0.0,32474.95,9.198522
2019-03-20,23,264938.05819,173619.119613,91318.938577,0.0,0.0,0.0,2625.72,26.5,30780.12,8.607441
2019-03-21,0,236315.216881,150461.465505,85853.751377,0.0,0.0,0.0,2919.497,27.543,29886.27,7.90715
2019-03-21,1,224775.059728,150461.465505,74313.594223,0.0,0.0,0.0,3765.33,397.22,29567.77,7.602029
2019-03-21,2,239906.402493,157182.757696,82723.644797,0.0,0.0,0.0,2739.31,309.34,29627.63,8.097388
2019-03-21,3,273369.65777,185479.490412,87890.167357,0.0,0.0,0.0,2317.87,302.07,30416.43,8.987566
2019-03-21,4,384809.114905,287034.580161,97774.534744,0.0,0.0,0.0,2268.4,375.56,32770.53,11.742536
2019-03-21,5,468899.817769,329066.940554,139832.877215,0.0,0.0,0.0,1964.676,321.484,36604.16,12.810014
2019-03-21,6,486763.454592,329057.070554,157706.384038,0.0,0.0,0.0,2042.393,43.587,38456.63,12.657465
2019-03-21,7,481981.66858,329057.070554,152924.598026,0.0,0.0,0.0,1726.85,325.78,37817.81,12.744833
2019-03-21,8,477593.992169,329057.070554,148536.921615,0.0,0.0,0.0,1419.57,218.33,37234.12,12.826783
2019-03-21,9,446529.203797,320316.873771,126212.330026,0.0,0.0,0.0,2834.66,137.79,36859.58,12.114332
2019-03-21,10,451497.649298,339456.033525,112041.615774,0.0,0.0,0.0,4202.56,44.97,36624.36,12.327796
2019-03-21,11,363980.93981,264435.66551,99545.2743,0.0,0.0,0.0,5696.75,51.63,36520.37,9.966518
2019-03-21,12,335969.722383,235380.544696,100589.177688,0.0,0.0,0.0,6896.938324,278.981676,36755.1,9.140765
2019-03-21,13,337482.567382,235380.544696,102102.022687,0.0,0.0,0.0,7083.65656,412.23344,37107.08,9.09483
2019-03-21,14,344962.491702,242101.836887,102860.654815,0.0,0.0,0.0,7240.576981,597.113019,37532.74,9.190975
2019-03-21,15,348388.562595,242098.546887,106290.015709,0.0,0.0,0.0,7392.698811,629.071189,38035.7,9.159515
2019-03-21,16,348422.06493,242098.546887,106323.518043,0.0,0.0,0.0,7400.24473,874.46527,38113.74,9.141639
2019-03-21,17,348853.762323,242098.546887,106755.215436,0.0,0.0,0.0,6862.971209,570.848791,37596.55,9.278877
2019-03-21,18,373567.553809,267792.355693,105775.198116,0.0,0.0,0.0,6286.26,26.37,37548.54,9.948924
2019-03-21,19,391807.460143,267782.485693,124024.974449,0.0,0.0,0.0,5197.864929,5.155071,38335.8,10.220407
2019-03-21,20,386362.590882,267782.485693,118580.105189,0.0,0.0,0.0,4273.46,72.88,36944.37,10.457956
2019-03-21,21,343212.528013,258246.46367,84966.064343,0.0,0.0,0.0,5000.89,157.18,34412.4,9.973513
2019-03-21,22,241051.48762,171890.745772,69160.741847,0.0,0.0,0.0,6248.39,316.71,31744.49,7.593491
2019-03-21,23,191873.436877,122528.333786,69345.10309,0.0,0.0,0.0,6029.4,328.76,29930.89,6.410549
2019-03-22,0,185266.160118,122528.333786,62737.826332,0.0,0.0,0.0,5801.91,340.64,28954.37,6.398556
2019-03-22,1,178659.937614,116735.439722,61924.497892,0.0,0.0,0.0,5602.28,354.12,28426.1,6.285067
2019-03-22,2,185885.367921,121944.722331,63940.64559,0.0,0.0,0.0,5195.62,329.0,28400.15,6.545225
2019-03-22,3,202439.08175,134857.587996,67581.493754,0.0,0.0,0.0,4971.53,305.79,29166.16,6.940889
2019-03-22,4,254805.028916,178625.197964,76179.830953,0.0,0.0,0.0,4825.8,282.4,31315.78,8.136634
2019-03-22,5,379286.911196,274230.193561,105056.717635,0.0,0.0,0.0,4437.44,255.17,34991.8,10.839308
2019-03-22,6,402630.303278,274220.323561,128409.979717,0.0,0.0,0.0,4130.99,235.29,36876.75,10.91827
2019-03-22,7,404313.551296,274220.323561,130093.227734,0.0,0.0,0.0,3853.93,221.39,36672.37,11.025018
2019-03-22,8,399593.732014,274220.323561,125373.408453,0.0,0.0,0.0,4088.53,174.42,36634.41,10.907607
2019-03-22,9,375886.123661,269014.330952,106871.792709,0.0,0.0,0.0,6079.1,135.02,36706.72,10.240254
2019-03-22,10,343660.489663,246284.464869,97376.024794,0.0,0.0,0.0,8186.87,57.63,36838.12,9.328937
2019-03-22,11,313138.611522,229844.812952,83293.79857,0.0,0.0,0.0,11796.482245,1374.767755,36988.87,8.465752
2019-03-22,12,284866.283178,200360.801304,84505.481874,0.0,0.0,0.0,13316.367,3858.053,37500.97,7.596238
2019-03-22,13,275377.138978,200360.801304,75016.337675,0.0,0.0,0.0,15089.32375,3973.48625,37854.99,7.274527
2019-03-22,14,273971.641381,195287.547205,78684.094176,0.0,0.0,0.0,14884.581954,4631.788046,38192.73,7.173398
2019-03-22,15,279958.848679,200272.524706,79686.323973,0.0,0.0,0.0,14786.9,4499.81,38441.0,7.282819
2019-03-22,16,297481.496557,226914.499077,70566.99748,0.0,0.0,0.0,14832.092738,3469.137262,38217.64,7.783879
2019-03-22,17,242573.417934,150707.661788,91865.756146,0.0,0.0,0.0,11996.565247,5332.544753,37449.03,6.477429
2019-03-22,18,233351.307441,155700.580139,77650.727302,0.0,0.0,0.0,12462.259029,3407.310971,37080.85,6.293041
2019-03-22,19,235256.375075,146957.093355,88299.281719,0.0,0.0,0.0,12270.837,1971.793,37350.67,6.298585
2019-03-22,20,220133.3346,146957.093355,73176.241244,0.0,0.0,0.0,12373.366881,2645.103119,36219.82,6.077704
2019-03-22,21,184067.861173,130793.559608,53274.301565,0.0,0.0,0.0,14246.040648,2628.729352,34560.95,5.325891
2019-03-22,22,137360.495088,92783.10372,44577.391368,0.0,0.0,0.0,15359.922656,2487.807344,32521.67,4.223661
2019-03-22,23,110036.998646,73594.128975,36442.869671,0.0,0.0,0.0,15639.902301,2084.437699,30607.57,3.595091
2019-03-23,0,98800.714372,67160.865757,31639.848615,0.0,0.0,0.0,15264.03759,2101.51241,29284.74,3.373795
2019-03-23,1,91102.605346,61367.971693,29734.633653,0.0,0.0,0.0,14737.999349,2032.680651,28395.3,3.208369
2019-03-23,2,94629.836834,62357.652568,32272.184266,0.0,0.0,0.0,14257.809,1696.491,28093.69,3.368366
2019-03-23,3,103141.517406,68354.597993,34786.919412,0.0,0.0,0.0,13511.117,1506.583,28125.47,3.667193
2019-03-23,4,111162.01792,74830.106326,36331.911594,0.0,0.0,0.0,12563.137495,1603.182505,28667.85,3.877585
2019-03-23,5,134377.857992,87997.95887,46379.899122,0.0,0.0,0.0,12304.931,1468.869,29846.91,4.502237
2019-03-23,6,151374.102045,98578.738769,52795.363276,0.0,0.0,0.0,11947.74716,913.76284,31110.99,4.865615
2019-03-23,7,192250.959158,128503.319066,63747.640092,0.0,0.0,0.0,10941.442,718.668,32275.82,5.956501
2019-03-23,8,208938.084791,128490.159066,80447.925725,0.0,0.0,0.0,10272.987363,1623.312637,33643.7,6.210318
2019-03-23,9,267500.618895,203511.037082,63989.581814,0.0,0.0,0.0,12350.943769,1194.966231,34667.66,7.716143
2019-03-23,10,261609.334572,197268.569581,64340.764992,0.0,0.0,0.0,13597.002026,1001.747974,35256.91,7.420087
2019-03-23,11,199434.558651,122247.691566,77186.867085,0.0,0.0,0.0,12881.532259,2130.557741,35431.3,5.628768
2019-03-23,12,194184.767658,122247.691566,71937.076093,0.0,0.0,0.0,13105.18804,2616.73196,35359.48,5.491731
2019-03-23,13,185881.359617,122247.691566,63633.668051,0.0,0.0,0.0,14145.9818,3270.5882,35165.95,5.285834
2019-03-23,14,181669.08218,116498.120292,65170.961888,0.0,0.0,0.0,14152.984763,3748.465237,35183.03,5.163543
2019-03-23,15,182842.688871,116494.830292,66347.858579,0.0,0.0,0.0,14104.872698,3738.557302,35267.5,5.184453
2019-03-23,16,185392.623905,119012.46919,66380.154715,0.0,0.0,0.0,14050.920078,2985.379922,35173.94,5.270738
2019-03-23,17,196806.709643,125407.037087,71399.672556,0.0,0.0,0.0,12721.266,1826.264,35139.66,5.6007
2019-03-23,18,230445.959595,162571.919739,67874.039856,0.0,0.0,0.0,11192.32,355.95,35366.33,6.51597
2019-03-23,19,247939.894176,162552.179739,85387.714438,0.0,0.0,0.0,8687.07,254.92,35862.21,6.913681
2019-03-23,20,249486.689378,162552.179739,86934.509639,0.0,0.0,0.0,7890.33,134.28,35199.3,7.087831
2019-03-23,21,231298.474045,162552.179739,68746.294307,0.0,0.0,0.0,8777.37,147.35,33786.94,6.845795
2019-03-23,22,187622.016964,125445.975388,62176.041577,0.0,0.0,0.0,9636.124914,192.335086,31989.61,5.865092
2019-03-23,23,159104.327433,107155.38839,51948.939043,0.0,0.0,0.0,9722.41,139.16,30270.98,5.256002
2019-03-24,0,147803.472323,102173.70089,45629.771433,0.0,0.0,0.0,9541.21,178.01,29166.87,5.067512
2019-03-24,1,131225.667204,84828.882312,46396.784892,0.0,0.0,0.0,9565.833,135.717,28393.03,4.621756
2019-03-24,2,129871.611149,84828.882312,45042.728836,0.0,0.0,0.0,9172.33,274.98,27895.66,4.655621
2019-03-24,3,129271.594202,84828.882312,44442.71189,0.0,0.0,0.0,9003.65,322.03,27741.15,4.659922
2019-03-24,4,136710.36816,91831.136825,44879.231335,0.0,0.0,0.0,8778.43,377.68,28032.22,4.876901
2019-03-24,5,157997.120074,107388.34589,50608.774184,0.0,0.0,0.0,8050.82,386.92,28663.16,5.512202
2019-03-24,6,177034.78735,118335.873787,58698.913563,0.0,0.0,0.0,7380.61,408.78,29577.62,5.98543
2019-03-24,7,205272.78863,137306.346187,67966.442443,0.0,0.0,0.0,6986.635,249.805,30919.85,6.638868
2019-03-24,8,213790.293969,137299.766187,76490.527782,0.0,0.0,0.0,7781.268,410.862,32664.88,6.544959
2019-03-24,9,221206.468378,137299.766187,83906.702191,0.0,0.0,0.0,9356.57,1137.13,33991.58,6.507684
2019-03-24,10,218734.465665,136658.059563,82076.406101,0.0,0.0,0.0,10517.744,1629.346,35002.04,6.249192
2019-03-24,11,219095.237445,136658.059563,82437.177882,0.0,0.0,0.0,11794.211452,1571.958548,35846.82,6.111985
2019-03-24,12,241427.512386,156970.165161,84457.347225,0.0,0.0,0.0,11724.176432,2878.223568,36687.26,6.580691
2019-03-24,13,256600.825828,156957.005161,99643.820667,0.0,0.0,0.0,11109.742,5030.758,37586.22,6.826992
2019-03-24,14,323343.066669,231977.883176,91365.183494,0.0,0.0,0.0,12287.473521,3469.656479,38572.47,8.382742
2019-03-24,15,321234.913222,223234.396392,98000.51683,0.0,0.0,0.0,12887.197432,1899.362568,39332.91,8.167077
2019-03-24,16,344036.453332,241778.677753,102257.775579,0.0,0.0,0.0,12468.565042,1349.104958,39994.88,8.602012
2019-03-24,17,350559.25946,241768.807753,108790.451708,0.0,0.0,0.0,11164.485271,776.674729,40017.01,8.760256
2019-03-24,18,388032.66823,283769.505585,104263.162646,0.0,0.0,0.0,10075.68,0.0,39742.51,9.763668
2019-03-24,19,409130.756851,279557.305586,129573.451265,0.0,0.0,0.0,8105.12,0.0,40715.67,10.048484
2019-03-24,20,409075.53013,279557.305586,129518.224544,0.0,0.0,0.0,6692.511466,28.838534,39565.27,10.339258
2019-03-24,21,378094.783779,279557.305586,98537.478193,0.0,0.0,0.0,6765.74,119.97,36968.96,10.227358
2019-03-24,22,252992.407373,180828.398545,72164.008827,0.0,0.0,0.0,7567.157364,631.562636,33838.48,7.476471
2019-03-24,23,206434.101624,140502.767979,65931.333644,0.0,0.0,0.0,7301.159686,588.120314,31412.87,6.571641
2019-03-25,0,187717.296101,127390.197891,60327.09821,0.0,0.0,0.0,6813.92,504.06,29948.58,6.267987
2019-03-25,1,175647.335443,117730.533892,57916.801551,0.0,0.0,0.0,6602.9,511.69,29025.77,6.051427
2019-03-25,2,186736.86126,124128.391789,62608.469471,0.0,0.0,0.0,5272.42,480.73,28696.66,6.507268
2019-03-25,3,198947.131042,128327.431788,70619.699253,0.0,0.0,0.0,4718.48,451.35,29199.82,6.8133
2019-03-25,4,246212.137551,175441.399946,70770.737605,0.0,0.0,0.0,5020.2,424.68,31128.76,7.909475
2019-03-25,5,342685.905205,242176.605946,100509.299259,0.0,0.0,0.0,4528.24,309.82,34591.0,9.906794
2019-03-25,6,356090.651798,242167.245946,113923.405852,0.0,0.0,0.0,4486.907,260.373,36237.37,9.826614
2019-03-25,7,353794.226386,242167.245946,111626.98044,0.0,0.0,0.0,4672.89,316.43,36263.99,9.756076
2019-03-25,8,345742.399281,242167.245946,103575.153335,0.0,0.0,0.0,5646.53,485.84,36318.85,9.519641
2019-03-25,9,332821.325815,228437.420812,104383.905003,0.0,0.0,0.0,7810.211807,1335.708193,37129.91,8.963699
2019-03-25,10,308044.951135,211997.768895,96047.18224,0.0,0.0,0.0,10208.45843,989.21157,37885.01,8.131051
2019-03-25,11,304245.71064,211997.768895,92247.941745,0.0,0.0,0.0,11211.31449,2125.35551,38743.97,7.852724
2019-03-25,12,308803.127266,211997.768895,96805.358371,0.0,0.0,0.0,11591.556,2937.494,39722.96,7.77392
2019-03-25,13,313309.327646,216990.687246,96318.640401,0.0,0.0,0.0,12733.762641,2718.747359,40655.23,7.706495
2019-03-25,14,324699.529913,225730.884029,98968.645884,0.0,0.0,0.0,12999.044826,3385.225174,41492.3,7.825537
2019-03-25,15,335957.985217,225727.594029,110230.391188,0.0,0.0,0.0,12976.588,3363.512,42323.08,7.937938
2019-03-25,16,339626.935934,225727.594029,113899.341905,0.0,0.0,0.0,13133.943,2778.997,42466.13,7.997596
2019-03-25,17,329790.822159,225727.594029,104063.22813,0.0,0.0,0.0,12645.974132,2265.585868,41968.77,7.858005
2019-03-25,18,331491.816366,242170.535946,89321.280421,0.0,0.0,0.0,12532.807765,1019.852235,41151.99,8.055305
2019-03-25,19,342916.342589,234895.578837,108020.763752,0.0,0.0,0.0,10843.59971,600.16029,41385.25,8.285956
2019-03-25,20,332941.195147,234895.578837,98045.616309,0.0,0.0,0.0,9621.250006,519.499994,39597.11,8.40822
2019-03-25,21,274982.63544,186725.075829,88257.559611,0.0,0.0,0.0,8569.87,504.98,36638.56,7.50528
2019-03-25,22,232462.422217,161545.227128,70917.195089,0.0,0.0,0.0,7627.55,312.17,33326.64,6.975273
2019-03-25,23,197838.130983,134634.643737,63203.487245,0.0,0.0,0.0,7286.75,302.29,31061.73,6.369192
2019-03-26,0,186025.573006,128240.07584,57785.497166,0.0,0.0,0.0,6812.43,292.28,29561.36,6.292862
2019-03-26,1,168678.623711,110340.871825,58337.751886,0.0,0.0,0.0,6600.54,281.66,28672.17,5.883009
2019-03-26,2,164809.88884,106141.831826,58668.057015,0.0,0.0,0.0,6519.77,263.49,28377.25,5.807817
2019-03-26,3,167228.395814,106141.831826,61086.563988,0.0,0.0,0.0,6928.39,255.95,28843.07,5.797871
2019-03-26,4,216262.733758,154850.254937,61412.47882,0.0,0.0,0.0,7352.37,257.18,30585.59,7.070739
2019-03-26,5,307597.814068,222908.954978,84688.85909,0.0,0.0,0.0,6469.44,214.63,33854.9,9.085769
2019-03-26,6,319366.915669,222902.884978,96464.030691,0.0,0.0,0.0,6070.518,183.712,35243.38,9.061756
2019-03-26,7,316629.303633,222902.884978,93726.418655,0.0,0.0,0.0,6203.84,176.45,35073.83,9.027509
2019-03-26,8,317905.842635,222902.884978,95002.957657,0.0,0.0,0.0,6349.581141,195.908859,35327.87,8.998727
2019-03-26,9,308943.433716,222902.884978,86040.548738,0.0,0.0,0.0,7772.05,86.69,35639.98,8.668451
2019-03-26,10,286066.997128,206463.233061,79603.764066,0.0,0.0,0.0,9868.29,32.49,36083.84,7.927842
2019-03-26,11,273876.119552,193925.402661,79950.716891,0.0,0.0,0.0,11122.859582,614.190418,36390.31,7.526073
2019-03-26,12,269470.180793,188366.876037,81103.304757,0.0,0.0,0.0,12080.660465,1512.579535,36971.49,7.288594
2019-03-26,13,269168.545602,187725.169413,81443.376189,0.0,0.0,0.0,13197.629495,3009.580505,37641.98,7.150754
2019-03-26,14,279907.91083,195312.646502,84595.264327,0.0,0.0,0.0,13348.93806,3367.22194,38319.73,7.304538
2019-03-26,15,292419.753083,200649.984853,91769.76823,0.0,0.0,0.0,13316.893,3603.917,39171.13,7.465186
2019-03-26,16,295794.569253,200643.404853,95151.1644,0.0,0.0,0.0,13179.231,3536.099,39482.21,7.491844
2019-03-26,17,292488.830447,200643.404853,91845.425594,0.0,0.0,0.0,12881.36201,3112.70799,39062.12,7.487787
2019-03-26,18,300042.902861,217377.972037,82664.930824,0.0,0.0,0.0,12589.896808,2481.073192,38675.65,7.757928
2019-03-26,19,311206.950525,217371.392037,93835.558489,0.0,0.0,0.0,11393.926458,2332.943542,39336.2,7.911465
2019-03-26,20,296236.059348,217371.392037,78864.667311,0.0,0.0,0.0,11912.810271,2023.279729,37829.6,7.830801
2019-03-26,21,250669.053547,188584.774311,62084.279236,0.0,0.0,0.0,12442.065469,1508.924531,35196.36,7.122016
2019-03-26,22,178262.637114,117783.96509,60478.672024,0.0,0.0,0.0,11749.029619,1004.250381,32631.15,5.462959
2019-03-26,23,152312.172944,100948.48679,51363.686154,0.0,0.0,0.0,11651.424177,1011.085823,30543.41,4.986744
2019-03-27,0,136114.638622,87780.976119,48333.662503,0.0,0.0,0.0,11536.194342,982.105658,29352.35,4.637265
2019-03-27,1,130007.05398,85266.627221,44740.426759,0.0,0.0,0.0,11384.82396,1045.92604,28714.88,4.527515
2019-03-27,2,135232.950002,90335.392937,44897.557065,0.0,0.0,0.0,10582.365094,818.924906,28521.72,4.741402
2019-03-27,3,157222.220103,106538.801255,50683.418848,0.0,0.0,0.0,9327.838025,621.891975,29063.5,5.409611
2019-03-27,4,257992.391287,197755.16246,60237.228827,0.0,0.0,0.0,7904.814324,367.795676,31125.67,8.288734
2019-03-27,5,301122.634274,220751.125678,80371.508596,0.0,0.0,0.0,7811.66,323.18,34653.25,8.689593
2019-03-27,6,312071.873209,210727.30168,101344.571529,0.0,0.0,0.0,7573.014,451.916,35845.74,8.705968
2019-03-27,7,311179.818296,220390.255679,90789.562617,0.0,0.0,0.0,7589.01,321.21,35585.38,8.744597
2019-03-27,8,296224.894356,215546.219056,80678.6753,0.0,0.0,0.0,9927.176109,1453.073891,35959.58,8.237718
2019-03-27,9,273496.38442,192265.573167,81230.811253,0.0,0.0,0.0,11170.935325,4127.204675,36428.73,7.507711
2019-03-27,10,251520.104814,183926.782767,67593.322048,0.0,0.0,0.0,13656.478544,2755.021456,36662.48,6.860423
2019-03-27,11,233341.077182,164675.203301,68665.873882,0.0,0.0,0.0,14587.448848,3423.521152,36862.67,6.33001
2019-03-27,12,234525.565988,164665.333301,69860.232687,0.0,0.0,0.0,14671.311672,4464.218328,37304.76,6.286746
2019-03-27,13,235638.066965,164665.333301,70972.733665,0.0,0.0,0.0,15496.498575,3969.051425,37920.38,6.214022
2019-03-27,14,250737.958574,178183.162799,72554.795776,0.0,0.0,0.0,15331.763,4609.507,38483.93,6.515394
2019-03-27,15,262863.727122,182959.210298,79904.516824,0.0,0.0,0.0,14950.763113,4732.606887,39130.3,6.717652
2019-03-27,16,268241.185102,181963.213675,86277.971427,0.0,0.0,0.0,14663.348,3936.682,39370.68,6.813222
2019-03-27,17,263387.473672,181963.213675,81424.259998,0.0,0.0,0.0,14153.19,3539.67,38906.9,6.769685
2019-03-27,18,277195.126522,204891.433515,72303.693008,0.0,0.0,0.0,13703.3474,2517.8726,38501.69,7.199557
2019-03-27,19,298768.527799,204874.983515,93893.544285,0.0,0.0,0.0,11909.747933,2499.592067,39270.64,7.607936
2019-03-27,20,278406.491058,204874.983515,73531.507544,0.0,0.0,0.0,12998.457797,2102.002203,38013.73,7.32384
2019-03-27,21,223459.385931,175919.645777,47539.740153,0.0,0.0,0.0,14900.861996,2234.618004,35314.06,6.327774
2019-03-27,22,138267.229357,93766.262969,44500.966388,0.0,0.0,0.0,15744.146317,2607.343683,32506.62,4.25351
2019-03-27,23,107452.912211,70210.23862,37242.673591,0.0,0.0,0.0,16125.722113,2214.007887,30349.86,3.540475
2019-03-28,0,96968.24523,63130.782503,33837.462727,0.0,0.0,0.0,15886.808,2125.372,29140.28,3.327636
2019-03-28,1,93348.179465,63130.782503,30217.396962,0.0,0.0,0.0,15379.416713,2097.653287,28501.57,3.275194
2019-03-28,2,95470.737649,64068.882537,31401.855112,0.0,0.0,0.0,14724.893153,2218.246847,28221.21,3.382943
2019-03-28,3,107285.553536,71519.150391,35766.403144,0.0,0.0,0.0,14209.705037,1907.704963,28783.66,3.727308
2019-03-28,4,137675.395364,93631.222994,44044.17237,0.0,0.0,0.0,13664.01781,1623.98219,30659.27,4.490498
2019-03-28,5,229451.772875,165753.877314,63697.895561,0.0,0.0,0.0,13617.457006,1424.222994,33863.7,6.775744
2019-03-28,6,234402.527005,165737.937314,68664.589691,0.0,0.0,0.0,13300.583544,1304.606456,35429.99,6.615935
2019-03-28,7,241530.839924,172490.085211,69040.754714,0.0,0.0,0.0,12696.404229,1161.945771,35325.96,6.837205
2019-03-28,8,251070.184932,172483.505211,78586.679722,0.0,0.0,0.0,12382.095,1656.385,35889.45,6.995654
2019-03-28,9,251708.050709,172483.505211,79224.545498,0.0,0.0,0.0,12827.309,2504.291,36294.19,6.935216
2019-03-28,10,246577.735528,172483.505211,74094.230318,0.0,0.0,0.0,13932.141839,1577.758161,36626.52,6.732218
2019-03-28,11,249502.163274,176692.045211,72810.118063,0.0,0.0,0.0,13939.041833,2749.918167,36983.96,6.746226
2019-03-28,12,251867.296217,176688.755211,75178.541006,0.0,0.0,0.0,14060.984,3376.926,37688.44,6.682879
2019-03-28,13,250845.994125,177043.045211,73802.948915,0.0,0.0,0.0,14872.378959,2722.911041,38197.73,6.567039
2019-03-28,14,265562.74545,188942.354311,76620.391139,0.0,0.0,0.0,14619.449,3180.781,38729.59,6.856844
2019-03-28,15,270594.710697,188935.774311,81658.936386,0.0,0.0,0.0,14364.129609,2991.290391,39323.81,6.881193
2019-03-28,16,277387.871087,193928.692661,83459.178426,0.0,0.0,0.0,14258.002052,1851.197948,39378.23,7.044193
2019-03-28,17,283613.903553,202267.483062,81346.420491,0.0,0.0,0.0,12836.827,2524.563,38776.57,7.314053
2019-03-28,18,289808.533637,211007.679845,78800.853792,0.0,0.0,0.0,12191.274353,2239.585647,38596.67,7.508641
2019-03-28,19,307516.486734,217725.682036,89790.804698,0.0,0.0,0.0,11759.425,1891.955,39438.95,7.797279
2019-03-28,20,291734.145208,217722.392036,74011.753172,0.0,0.0,0.0,12501.659874,1829.600126,38315.49,7.614
2019-03-28,21,206128.86305,142289.394538,63839.468513,0.0,0.0,0.0,13893.784551,2228.545449,35947.85,5.734108
2019-03-28,22,151290.034613,106687.197893,44602.836721,0.0,0.0,0.0,15546.667618,1596.052382,33084.74,4.572804
2019-03-28,23,117637.151073,77367.402675,40269.748398,0.0,0.0,0.0,15652.047967,1521.812033,31042.83,3.789511
2019-03-29,0,105893.071418,70471.406758,35421.66466,0.0,0.0,0.0,15483.65126,1438.50874,29737.03,3.560983
2019-03-29,1,98332.779261,66698.133058,31634.646204,0.0,0.0,0.0,15101.072942,1444.257058,28943.91,3.397356
2019-03-29,2,100663.701401,68375.024907,32288.676495,0.0,0.0,0.0,14618.020521,1374.619479,28711.77,3.506008
2019-03-29,3,109153.071586,71255.443132,37897.628455,0.0,0.0,0.0,14097.129,1325.641,29196.59,3.738555
2019-03-29,4,162962.207307,125753.301666,37208.905641,0.0,0.0,0.0,13469.65376,1139.08624,30876.41,5.277887
2019-03-29,5,202522.866524,125707.241666,76815.624858,0.0,0.0,0.0,11091.453,2671.347,34125.23,5.934696
2019-03-29,6,274956.984921,200728.119681,74228.86524,0.0,0.0,0.0,12328.938,386.332,35754.98,7.690033
2019-03-29,7,284243.445482,200724.829681,83518.6158,0.0,0.0,0.0,11109.135,280.755,35823.85,7.934475
2019-03-29,8,281146.93313,200724.829681,80422.103449,0.0,0.0,0.0,12388.450006,519.499994,36527.97,7.696758
2019-03-29,9,286349.399578,200373.829682,85975.569896,0.0,0.0,0.0,12931.773,1675.377,37344.43,7.667794
2019-03-29,10,308980.961241,236207.619162,72773.342079,0.0,0.0,0.0,14190.120211,795.319789,37809.42,8.172063
2019-03-29,11,256451.512066,159761.694397,96689.81767,0.0,0.0,0.0,11980.62,4595.87,38163.2,6.719864
2019-03-29,12,252705.936071,159761.694397,92944.241674,0.0,0.0,0.0,12792.976827,5420.363173,38786.31,6.515338
2019-03-29,13,251600.545615,159516.859972,92083.685643,0.0,0.0,0.0,13392.582225,5434.047775,39264.94,6.407766
2019-03-29,14,251641.785987,160656.947046,90984.838941,0.0,0.0,0.0,13556.39249,5003.83751,39506.81,6.36958
2019-03-29,15,257586.53632,162169.57777,95416.95855,0.0,0.0,0.0,13300.117,3394.983,39766.27,6.477513
2019-03-29,16,262055.741465,162162.99777,99892.743695,0.0,0.0,0.0,12912.745,1730.505,39677.95,6.604569
2019-03-29,17,252513.152067,162162.99777,90350.154297,0.0,0.0,0.0,12267.551,1041.209,39091.41,6.459556
2019-03-29,18,266241.596683,182772.953629,83468.643054,0.0,0.0,0.0,11579.172429,244.567571,38574.53,6.902005
2019-03-29,19,280406.887374,182763.083629,97643.803745,0.0,0.0,0.0,10002.71,207.23,38882.2,7.211703
2019-03-29,20,275077.000516,182763.083629,92313.916886,0.0,0.0,0.0,9570.57,297.0,37889.37,7.260005
2019-03-29,21,235391.192513,171292.376522,64098.815991,0.0,0.0,0.0,11909.84,496.57,36251.12,6.49335
2019-03-29,22,169936.245544,119051.407491,50884.838054,0.0,0.0,0.0,14748.992245,995.597755,34048.43,4.991016
2019-03-29,23,126766.415766,82407.798249,44358.617517,0.0,0.0,0.0,15120.085795,1139.114205,31902.64,3.97354
2019-03-30,0,114121.181136,78419.347813,35701.833323,0.0,0.0,0.0,15127.841632,1927.648368,30330.03,3.762646
2019-03-30,1,102801.715971,68608.682625,34193.033345,0.0,0.0,0.0,14656.767659,2108.052341,29324.99,3.505601
2019-03-30,2,107950.937249,71185.776475,36765.160774,0.0,0.0,0.0,13521.043357,562.426643,28894.27,3.736067
2019-03-30,3,114122.267023,71998.906261,42123.360762,0.0,0.0,0.0,12432.33,151.95,28833.43,3.957984
2019-03-30,4,150327.483011,118017.773787,32309.709223,0.0,0.0,0.0,11833.2,234.51,29270.23,5.135849
2019-03-30,5,187076.209856,117978.293787,69097.916068,0.0,0.0,0.0,7221.391848,905.428152,30503.66,6.13291
2019-03-30,6,198087.034508,136910.956778,61176.077731,0.0,0.0,0.0,8862.546142,2077.893858,31727.93,6.243302
2019-03-30,7,237919.905244,157108.005739,80811.899506,0.0,0.0,0.0,8638.96688,1022.40312,33218.8,7.162206
2019-03-30,8,299040.411683,201294.158939,97746.252744,0.0,0.0,0.0,7733.263,1401.707,34980.33,8.548816
2019-03-30,9,308124.324419,201290.868939,106833.45548,0.0,0.0,0.0,8181.341437,1470.928563,36317.32,8.484225
2019-03-30,10,308957.686347,210953.822938,98003.863409,0.0,0.0,0.0,8523.248522,135.601478,37074.45,8.33344
2019-03-30,11,300479.111741,210950.532938,89528.578804,0.0,0.0,0.0,9179.872139,997.147861,37201.08,8.077161
2019-03-30,12,254886.50029,166751.219738,88135.280552,0.0,0.0,0.0,10386.566885,2067.143115,37074.6,6.874963
2019-03-30,13,316176.347619,229848.102952,86328.244667,0.0,0.0,0.0,10085.240994,2823.019006,36965.59,8.553261
2019-03-30,14,307676.938726,229844.812952,77832.125774,0.0,0.0,0.0,10662.91928,5074.88072,36652.1,8.394524
2019-03-30,15,227653.594966,146488.434537,81165.16043,0.0,0.0,0.0,10919.06622,5034.01378,36088.14,6.308266
2019-03-30,16,235691.055986,146488.434537,89202.621449,0.0,0.0,0.0,10112.536,3892.874,35663.76,6.608699
2019-03-30,17,224086.000342,146488.434537,77597.565806,0.0,0.0,0.0,11217.164543,3944.255457,35424.68,6.325703
2019-03-30,18,236479.301729,147494.766005,88984.535723,0.0,0.0,0.0,11206.456,3297.594,36083.16,6.55373
2019-03-30,19,284030.086939,191694.079205,92336.007733,0.0,0.0,0.0,11099.392,2525.418,36912.72,7.69464
2019-03-30,20,263014.702744,191690.789205,71323.913539,0.0,0.0,0.0,12115.978746,2846.011254,36322.13,7.24117
2019-03-30,21,192704.01896,128813.593361,63890.425599,0.0,0.0,0.0,13758.369587,3276.420413,35085.7,5.492381
2019-03-30,22,184289.915986,114978.909569,69311.006417,0.0,0.0,0.0,12083.054,2803.766,33543.14,5.494116
2019-03-30,23,170439.332635,114978.909569,55460.423066,0.0,0.0,0.0,12277.528403,1285.551597,32246.35,5.285539
2019-03-31,0,169845.158432,119019.04919,50826.109242,0.0,0.0,0.0,10690.96,462.76,31311.72,5.424332
2019-03-31,1,180900.58634,119009.17919,61891.40715,0.0,0.0,0.0,8441.95,250.85,30902.71,5.853875
2019-03-31,2,177685.13738,119009.17919,58675.95819,0.0,0.0,0.0,8878.1,289.58,30832.71,5.762878
2019-03-31,3,178450.133035,119009.17919,59440.953845,0.0,0.0,0.0,9498.51,538.71,31209.95,5.717732
2019-03-31,4,189170.01239,125407.037087,63762.975303,0.0,0.0,0.0,9895.18,991.07,31933.91,5.923797
2019-03-31,5,268497.695086,200424.625102,68073.069984,0.0,0.0,0.0,10149.16,389.19,33369.49,8.046203
2019-03-31,6,312540.886344,224868.344602,87672.541742,0.0,0.0,0.0,9684.33,313.37,35242.21,8.868368
2019-03-31,7,347453.076499,240319.963576,107133.112923,0.0,0.0,0.0,8967.735,174.975,37116.85,9.36106
2019-03-31,8,358583.968039,240313.383576,118270.584463,0.0,0.0,0.0,9411.366,63.024,38572.06,9.296469
2019-03-31,9,352878.651369,240313.383576,112565.267793,0.0,0.0,0.0,10337.096868,985.633132,39045.53,9.03762
2019-03-31,10,317849.074727,223234.396392,94614.678334,0.0,0.0,0.0,13110.872742,700.467258,38789.07,8.194295
2019-03-31,11,306702.930217,221718.475669,84984.454548,0.0,0.0,0.0,13310.871607,1403.838393,38079.5,8.054279
2019-03-31,12,238631.501501,146700.887654,91930.613847,0.0,0.0,0.0,11830.386,3523.874,37010.26,6.447712
2019-03-31,13,221202.572928,146700.887654,74501.685274,0.0,0.0,0.0,12857.941257,2453.528743,36119.64,6.124163
2019-03-31,14,194917.714043,123536.826364,71380.887679,0.0,0.0,0.0,13394.612146,3272.047854,35329.52,5.517135
2019-03-31,15,191501.519413,123258.079228,68243.440185,0.0,0.0,0.0,13436.865692,3609.244308,34996.37,5.47204
2019-03-31,16,194387.543309,124265.520067,70122.023241,0.0,0.0,0.0,13457.052285,2975.257715,35076.7,5.541785
2019-03-31,17,207259.907523,135439.425464,71820.482059,0.0,0.0,0.0,12769.524372,3021.835628,35479.33,5.841709
2019-03-31,18,240765.358935,159604.48598,81160.872955,0.0,0.0,0.0,11813.263625,2964.636375,36591.94,6.579737
2019-03-31,19,326423.296262,234605.623995,91817.672266,0.0,0.0,0.0,11639.315,1742.895,38831.05,8.406244
2019-03-31,20,344957.654633,245525.956185,99431.698448,0.0,0.0,0.0,10322.057803,725.542197,38746.23,8.902999
2019-03-31,21,358519.364533,252794.333294,105725.03124,0.0,0.0,0.0,7235.99,352.13,37142.51,9.652535
2019-03-31,22,367567.513742,257783.961644,109783.552098,0.0,0.0,0.0,4415.71,155.49,35231.09,10.433044
2019-03-31,23,356998.794177,257780.671644,99218.122533,0.0,0.0,0.0,3944.92,116.98,33933.51,10.520538
2019-04-01,0,340528.877267,238654.936638,101873.940629,0.0,0.0,0.0,3489.277,64.343,33507.47,10.162775
2019-04-01,1,335669.985215,238649.376638,97020.608577,0.0,0.0,0.0,3148.97,59.64,33528.83,10.011384
2019-04-01,2,336488.029163,238649.376638,97838.652525,0.0,0.0,0.0,3431.25,63.42,33895.89,9.927104
2019-04-01,3,350749.262804,246060.386638,104688.876167,0.0,0.0,0.0,3861.638,40.582,35017.58,10.016376
2019-04-01,4,473055.122678,366759.155671,106295.967007,0.0,0.0,0.0,4512.59,71.3,37630.74,12.570976
2019-04-01,5,566353.754036,429285.299063,137068.454973,0.0,0.0,0.0,4127.29,53.11,41818.7,13.543074
2019-04-01,6,597196.855083,429278.719063,167918.13602,0.0,0.0,0.0,3814.26,38.9,43482.0,13.734347
2019-04-01,7,589138.040731,429278.719063,159859.321668,0.0,0.0,0.0,3707.755435,38.414565,42861.6,13.745125
2019-04-01,8,574367.531362,429278.719063,145088.812298,0.0,0.0,0.0,4047.23,0.0,42354.96,13.560809
2019-04-01,9,512862.474541,385079.405863,127783.068678,0.0,0.0,0.0,5475.05,0.0,41889.17,12.243319
2019-04-01,10,452261.999315,345659.102551,106602.896764,0.0,0.0,0.0,7756.63,0.0,41042.93,11.019243
2019-04-01,11,407955.959575,306725.036679,101230.922896,0.0,0.0,0.0,8420.357852,825.082148,39771.4,10.257521
2019-04-01,12,345104.371415,243567.076562,101537.294853,0.0,0.0,0.0,8920.705269,2058.734731,38631.51,8.933235
2019-04-01,13,313907.572434,227127.424645,86780.14779,0.0,0.0,0.0,10033.990529,3041.949471,37605.7,8.34734
2019-04-01,14,294118.564207,206679.59732,87438.966887,0.0,0.0,0.0,9709.839307,3016.070693,36846.86,7.982188
2019-04-01,15,295668.819823,206679.59732,88989.222503,0.0,0.0,0.0,9456.63,2433.32,36655.3,8.066196
2019-04-01,16,300256.032341,213954.554428,86301.477913,0.0,0.0,0.0,9341.071124,1629.988876,36724.77,8.175845
2019-04-01,17,320961.146296,229416.043402,91545.102894,0.0,0.0,0.0,8360.364,785.156,36736.24,8.736908
2019-04-01,18,388474.723771,292022.127542,96452.596229,0.0,0.0,0.0,6641.416777,483.353223,37574.94,10.338665
2019-04-01,19,421674.181366,292002.387542,129671.793824,0.0,0.0,0.0,4793.37,286.77,39349.14,10.716224
2019-04-01,20,427952.296003,292002.387542,135949.908461,0.0,0.0,0.0,3904.511,14.509,38776.01,11.036522
2019-04-01,21,398523.891153,292002.387542,106521.503611,0.0,0.0,0.0,4018.05,360.56,36777.05,10.836211
2019-04-01,22,305237.446021,212003.832146,93233.613876,0.0,0.0,0.0,4938.07,404.13,34724.52,8.790257
2019-04-01,23,264046.614685,176045.081438,88001.533247,0.0,0.0,0.0,5682.99,402.13,33671.08,7.841941
2019-04-02,0,248034.014179,167304.884655,80729.129525,0.0,0.0,0.0,6530.366501,457.053499,33372.76,7.43223
2019-04-02,1,233244.919442,154413.842061,78831.077381,0.0,0.0,0.0,7530.188164,475.481836,33474.98,6.967739
2019-04-02,2,247407.899128,166894.170637,80513.728491,0.0,0.0,0.0,8303.283304,609.586696,33934.42,7.290766
2019-04-02,3,302844.922617,211090.193837,91754.72878,0.0,0.0,0.0,7787.560947,1948.019053,35209.83,8.601147
2019-04-02,4,398400.90936,309066.142843,89334.766517,0.0,0.0,0.0,9379.529217,723.510783,38129.61,10.448596
2019-04-02,5,477125.479083,340072.12061,137053.358472,0.0,0.0,0.0,9197.114,682.366,42741.64,11.163013
2019-04-02,6,497603.142615,340413.25061,157189.892005,0.0,0.0,0.0,8936.249,537.591,44260.59,11.242578
2019-04-02,7,479643.068262,340409.96061,139233.107652,0.0,0.0,0.0,8387.378075,520.361925,42713.11,11.229411
2019-04-02,8,423991.997126,296210.64741,127781.349716,0.0,0.0,0.0,8701.760764,1092.219236,40913.72,10.363076
2019-04-02,9,376924.813664,264024.702602,112900.111063,0.0,0.0,0.0,10140.113443,2013.146557,39354.63,9.577649
2019-04-02,10,328594.536733,231573.186793,97021.34994,0.0,0.0,0.0,11657.366041,1777.523959,37929.54,8.663288
2019-04-02,11,298036.629696,208769.965465,89266.66423,0.0,0.0,0.0,11814.698007,3830.721993,36842.88,8.089396
2019-04-02,12,288620.437374,203788.277965,84832.159409,0.0,0.0,0.0,11883.2098,4834.8802,36423.95,7.923919
2019-04-02,13,301770.661781,231937.126629,69833.535152,0.0,0.0,0.0,12453.525315,4237.124685,36085.93,8.362557
2019-04-02,14,253187.738806,156896.508614,96291.230193,0.0,0.0,0.0,9563.567,7806.713,35888.97,7.054751
2019-04-02,15,250173.725292,156896.508614,93277.216678,0.0,0.0,0.0,9979.853313,7423.646687,36128.59,6.924536
2019-04-02,16,237641.571893,151690.516005,85951.055889,0.0,0.0,0.0,11160.882879,6503.797121,36238.91,6.557636
2019-04-02,17,284511.348238,221626.971371,62884.376867,0.0,0.0,0.0,13360.17842,3693.96158,36122.02,7.876396
2019-04-02,18,281909.930751,215164.604694,66745.326057,0.0,0.0,0.0,13179.190655,2561.079345,36585.69,7.70547
2019-04-02,19,303338.963683,216683.815418,86655.148266,0.0,0.0,0.0,11814.259,2163.491,37945.49,7.994072
2019-04-02,20,295072.354533,216959.272553,78113.08198,0.0,0.0,0.0,11697.670365,2188.889635,36997.84,7.975394
2019-04-02,21,214130.919484,141938.394538,72192.524946,0.0,0.0,0.0,10811.760274,4223.269726,34638.31,6.18191
2019-04-02,22,172633.401927,125774.860791,46858.541136,0.0,0.0,0.0,12793.13433,2311.97567,32121.17,5.374443
2019-04-02,23,146085.945504,108842.14452,37243.800984,0.0,0.0,0.0,13290.293436,1894.706564,30445.29,4.79831
2019-04-03,0,132079.38299,94017.05082,38062.33217,0.0,0.0,0.0,13149.038267,1800.041733,29656.13,4.453696
2019-04-03,1,121995.538875,77603.72002,44391.818855,0.0,0.0,0.0,12704.151358,1849.258642,29356.88,4.155603
2019-04-03,2,127391.126468,80713.667221,46677.459247,0.0,0.0,0.0,12589.011,1704.839,29458.81,4.324381
2019-04-03,3,145885.422179,100056.825268,45828.596911,0.0,0.0,0.0,12399.922427,1694.047573,30271.55,4.819225
2019-04-03,4,200043.870679,135449.295464,64594.575215,0.0,0.0,0.0,11114.282,2506.908,32520.22,6.151369
2019-04-03,5,298017.156805,215655.340101,82361.816704,0.0,0.0,0.0,11607.322392,1667.597608,36285.03,8.213226
2019-04-03,6,316670.867634,216519.684201,100151.183433,0.0,0.0,0.0,11387.774336,1014.445664,37830.27,8.370833
2019-04-03,7,316470.84367,216516.394201,99954.449469,0.0,0.0,0.0,10663.045,718.685,37359.95,8.470858
2019-04-03,8,308838.745892,216516.394201,92322.351691,0.0,0.0,0.0,11124.095955,1515.234045,37134.01,8.31687
2019-04-03,9,296075.653569,207538.016703,88537.636866,0.0,0.0,0.0,12323.336095,2570.103905,37181.7,7.96294
2019-04-03,10,300225.348738,225735.119803,74490.228934,0.0,0.0,0.0,14043.254108,1544.155892,37107.06,8.090788
2019-04-03,11,245157.866688,150707.661788,94450.204899,0.0,0.0,0.0,11339.111,6126.049,36871.01,6.649068
2019-04-03,12,230988.256686,150707.661788,80280.594898,0.0,0.0,0.0,12560.306867,6115.923133,36764.34,6.282943
2019-04-03,13,216546.057331,136943.293081,79602.764251,0.0,0.0,0.0,13325.060052,6057.649948,36710.44,5.89876
2019-04-03,14,205987.632077,131691.910681,74295.721396,0.0,0.0,0.0,14195.785423,6003.524577,36667.92,5.617652
2019-04-03,15,209484.950055,131940.035106,77544.914949,0.0,0.0,0.0,13982.91581,5862.30419,36901.41,5.676882
2019-04-03,16,217709.996841,137729.090155,79980.906686,0.0,0.0,0.0,13680.197,5156.843,37082.77,5.870921
2019-04-03,17,224709.442007,142505.137655,82204.304352,0.0,0.0,0.0,12953.908,4927.582,37260.28,6.030804
2019-04-03,18,241140.401263,149017.266729,92123.134534,0.0,0.0,0.0,12845.091,3637.999,37799.11,6.379526
2019-04-03,19,309743.142431,224028.274744,85714.867687,0.0,0.0,0.0,12465.082,2158.888,38563.02,8.032129
2019-04-03,20,292886.758262,224024.984744,68861.773518,0.0,0.0,0.0,13040.403768,2227.776232,37473.91,7.815751
2019-04-03,21,183287.391947,124041.035841,59246.356106,0.0,0.0,0.0,14822.724867,2133.995133,35098.78,5.222045
2019-04-03,22,136851.755443,92366.06849,44485.686953,0.0,0.0,0.0,15554.459698,1927.960302,32637.09,4.193136
2019-04-03,23,111532.001039,74552.319974,36979.681065,0.0,0.0,0.0,15586.635086,1606.144914,30766.38,3.625126
2019-04-04,0,103021.850552,68788.963256,34232.887296,0.0,0.0,0.0,15245.895038,1442.434962,29681.58,3.470902
2019-04-04,1,101423.865772,68785.673256,32638.192517,0.0,0.0,0.0,14216.331262,1350.138738,28986.68,3.498982
2019-04-04,2,104040.867488,71679.25148,32361.616007,0.0,0.0,0.0,13806.105748,1293.474252,28761.68,3.617343
2019-04-04,3,113656.938719,75222.226474,38434.712246,0.0,0.0,0.0,13151.506,1280.814,29235.66,3.887613
2019-04-04,4,178953.071533,136120.612088,42832.459445,0.0,0.0,0.0,12339.358944,1361.181056,31210.34,5.733775
2019-04-04,5,220151.776706,137306.346187,82845.430519,0.0,0.0,0.0,10262.71306,2725.27694,34643.97,6.354693
2019-04-04,6,290684.518588,212320.644202,78363.874386,0.0,0.0,0.0,11203.045,496.235,36280.35,8.012175
2019-04-04,7,311552.522517,230071.047211,81481.475306,0.0,0.0,0.0,10209.1,443.97,36328.17,8.576059
2019-04-04,8,324820.453151,230061.177211,94759.27594,0.0,0.0,0.0,8971.09,370.79,36974.48,8.78499
2019-04-04,9,329972.823818,230061.177211,99911.646607,0.0,0.0,0.0,9741.83,383.28,37748.6,8.741326
2019-04-04,10,327968.455101,230061.177211,97907.27789,0.0,0.0,0.0,11299.599863,598.830137,38503.31,8.517929
2019-04-04,11,341490.466039,236985.13432,104505.331719,0.0,0.0,0.0,11351.361555,1692.358445,39273.53,8.695181
2019-04-04,12,348836.733588,236981.84432,111854.889268,0.0,0.0,0.0,11982.36,2707.63,40349.6,8.645358
2019-04-04,13,358675.681491,249050.344861,109625.336629,0.0,0.0,0.0,13241.065411,3035.364589,41428.42,8.657721
2019-04-04,14,408817.592668,287031.290161,121786.302508,0.0,0.0,0.0,11875.779,3097.211,42522.29,9.614195
2019-04-04,15,445977.541435,305753.249434,140224.292001,0.0,0.0,0.0,10245.702502,2659.017498,43778.29,10.187185
2019-04-04,16,458241.656704,305746.669434,152494.98727,0.0,0.0,0.0,9690.359,1429.481,44296.69,10.344828
2019-04-04,17,500536.646575,358771.952281,141764.694294,0.0,0.0,0.0,8091.982,299.128,43936.82,11.392191
2019-04-04,18,529748.678722,379852.775402,149895.90332,0.0,0.0,0.0,5918.33,104.92,43265.19,12.244224
2019-04-04,19,562558.516267,379849.485402,182709.030865,0.0,0.0,0.0,3725.985,76.075,43502.35,12.931681
2019-04-04,20,557431.827602,379849.485402,177582.3422,0.0,0.0,0.0,2316.035319,147.754681,41728.66,13.358489
2019-04-04,21,509632.728454,379849.485402,129783.243053,0.0,0.0,0.0,2555.25,233.82,38591.07,13.205976
2019-04-04,22,355236.976294,251809.904539,103427.071755,0.0,0.0,0.0,3390.55,397.85,35285.79,10.067423
2019-04-04,23,297678.477137,199202.735546,98475.741591,0.0,0.0,0.0,2968.52,377.48,32718.69,9.098117
2019-04-05,0,267375.834443,174022.886846,93352.947597,0.0,0.0,0.0,2834.13,368.13,31145.71,8.584676
2019-04-05,1,246591.17418,162169.096047,84422.078134,0.0,0.0,0.0,2973.49,371.62,30062.38,8.20265
2019-04-05,2,231076.626448,148334.412255,82742.214193,0.0,0.0,0.0,3139.37,343.0,29735.34,7.771111
2019-04-05,3,230008.546994,148334.412255,81674.134739,0.0,0.0,0.0,3583.87,318.13,30108.81,7.639244
2019-04-05,4,270622.973503,192497.893355,78125.080148,0.0,0.0,0.0,4385.97,293.33,31833.78,8.501126
2019-04-05,5,361229.692402,256927.908078,104301.784323,0.0,0.0,0.0,4285.45,259.16,35025.74,10.313264
2019-04-05,6,368463.745983,256921.838078,111541.907905,0.0,0.0,0.0,4207.74,228.96,36303.08,10.149655
2019-04-05,7,374847.125357,263643.130269,111203.995088,0.0,0.0,0.0,4185.61,200.12,36463.11,10.280174
2019-04-05,8,389445.001823,273179.152293,116265.84953,0.0,0.0,0.0,4098.85,173.34,37106.69,10.495277
2019-04-05,9,385375.41197,273175.862293,112199.549677,0.0,0.0,0.0,5243.98,151.15,37861.98,10.178427
2019-04-05,10,374630.444829,263639.840269,110990.604559,0.0,0.0,0.0,6529.23,74.55,38695.95,9.681386
2019-04-05,11,367248.706923,263639.840269,103608.866654,0.0,0.0,0.0,8748.103974,796.866026,39464.82,9.305724
2019-04-05,12,352052.216288,246352.542943,105699.673346,0.0,0.0,0.0,10499.181741,2013.668259,40503.51,8.691894
2019-04-05,13,348373.882704,246352.542943,102021.339762,0.0,0.0,0.0,12655.3605,2960.5495,41444.61,8.405771
2019-04-05,14,355410.855039,247210.058352,108200.796687,0.0,0.0,0.0,12762.919436,4517.570564,42508.94,8.36085
2019-04-05,15,363859.891646,247200.188352,116659.703294,0.0,0.0,0.0,13058.733,5193.397,43386.03,8.386568
2019-04-05,16,360584.57652,247200.188352,113384.388167,0.0,0.0,0.0,12936.138,4916.302,43274.58,8.33248
2019-04-05,17,345502.694871,246325.974253,99176.720619,0.0,0.0,0.0,13567.794275,3471.965725,42220.83,8.183228
2019-04-05,18,325158.992072,234402.381753,90756.610319,0.0,0.0,0.0,13016.774649,2617.515351,41116.64,7.908209
2019-04-05,19,337994.757771,234399.091753,103595.666018,0.0,0.0,0.0,11532.415,2227.685,41158.65,8.211998
2019-04-05,20,326798.953955,234399.091753,92399.862202,0.0,0.0,0.0,11527.51171,2302.28829,40032.38,8.163366
2019-04-05,21,293977.245006,218387.227862,75590.017145,0.0,0.0,0.0,12530.028577,2341.671423,38073.47,7.721315
2019-04-05,22,246618.924381,177081.983511,69536.940869,0.0,0.0,0.0,12451.10556,2286.21444,35700.81,6.907936
2019-04-05,23,221113.126997,160629.714411,60483.412585,0.0,0.0,0.0,11864.086956,1800.543044,33497.82,6.600821
2019-04-06,0,204155.024474,149253.459013,54901.565461,0.0,0.0,0.0,11262.031775,1227.758225,31861.6,6.407557
2019-04-06,1,155671.305364,97617.450889,58053.854475,0.0,0.0,0.0,10511.058201,843.461799,30735.57,5.064858
2019-04-06,2,146593.739019,96987.703754,49606.035265,0.0,0.0,0.0,11011.630602,384.149398,29988.64,4.888309
2019-04-06,3,136649.063393,88193.346362,48455.717031,0.0,0.0,0.0,11241.9,238.89,29728.75,4.596529
2019-04-06,4,156427.271302,112790.338786,43636.932516,0.0,0.0,0.0,10854.82,149.75,30168.07,5.185193
2019-04-06,5,201537.933969,139857.086347,61680.847622,0.0,0.0,0.0,7911.37,132.46,31261.04,6.446936
2019-04-06,6,240909.720836,164625.658664,76284.062172,0.0,0.0,0.0,6146.06,116.42,32470.28,7.419392
2019-04-06,7,270601.515581,176476.159463,94125.356118,0.0,0.0,0.0,5642.297,6.283,34057.27,7.945485
2019-04-06,8,345306.617513,251493.747479,93812.870035,0.0,0.0,0.0,6267.745,64.955,35605.35,9.698167
2019-04-06,9,353177.099056,251490.457479,101686.641577,0.0,0.0,0.0,7024.45,123.29,36967.36,9.553755
2019-04-06,10,345621.056267,251490.457479,94130.598789,0.0,0.0,0.0,8619.59,75.65,37530.6,9.209047
2019-04-06,11,338885.453569,241772.097753,97113.355816,0.0,0.0,0.0,9349.042594,636.347406,37909.16,8.939408
2019-04-06,12,329944.91579,241139.060618,88805.855173,0.0,0.0,0.0,10576.162037,1848.347963,38210.97,8.634822
2019-04-06,13,261628.209493,166121.472602,95506.736891,0.0,0.0,0.0,11865.09123,3852.31877,38781.83,6.746154
2019-04-06,14,263318.57325,173678.466846,89640.106404,0.0,0.0,0.0,12127.469,2703.531,39387.19,6.685386
2019-04-06,15,274285.474492,182769.663629,91515.810863,0.0,0.0,0.0,11801.619461,2052.650539,39810.89,6.88971
2019-04-06,16,275658.479595,182763.083629,92895.395966,0.0,0.0,0.0,11236.833623,1337.786377,39806.67,6.924932
2019-04-06,17,276190.563251,182763.083629,93427.479621,0.0,0.0,0.0,10423.735616,524.684384,39264.88,7.034036
2019-04-06,18,288694.954239,199206.025546,89488.928693,0.0,0.0,0.0,9521.25,163.12,38733.46,7.453374
2019-04-06,19,304415.428662,199202.735546,105212.693116,0.0,0.0,0.0,8444.27,286.7,39086.8,7.78819
2019-04-06,20,305093.462085,199202.735546,105890.726539,0.0,0.0,0.0,7457.807209,422.722791,38165.58,7.993943
2019-04-06,21,287517.292028,199202.735546,88314.556482,0.0,0.0,0.0,7840.05,336.31,36717.5,7.830525
2019-04-06,22,243422.672882,164619.078664,78803.594217,0.0,0.0,0.0,8068.17,403.38,34815.62,6.991766
2019-04-06,23,217514.950081,148179.426747,69335.523334,0.0,0.0,0.0,7575.45,372.63,32849.46,6.621569
2019-04-07,0,205049.671685,141784.85885,63264.812835,0.0,0.0,0.0,7366.37,363.01,31416.77,6.526759
2019-04-07,1,184226.699997,122447.181776,61779.518221,0.0,0.0,0.0,7456.48,377.12,30317.97,6.076485
2019-04-07,2,178964.826985,117457.553425,61507.27356,0.0,0.0,0.0,6882.27,328.93,29739.14,6.017821
2019-04-07,3,181355.507963,117457.553425,63897.954538,0.0,0.0,0.0,6415.95,294.73,29573.32,6.132403
2019-04-07,4,195869.45063,132197.491723,63671.958907,0.0,0.0,0.0,6120.77,273.54,29730.98,6.588059
2019-04-07,5,218686.110257,142980.014138,75706.096119,0.0,0.0,0.0,4707.16,229.72,30189.75,7.24372
2019-04-07,6,224265.503818,142973.434138,81292.06968,0.0,0.0,0.0,4458.766,58.554,30693.06,7.306717
2019-04-07,7,266298.936296,187291.900746,79007.03555,0.0,0.0,0.0,4780.72,223.39,32034.47,8.312887
2019-04-07,8,289437.453112,187278.740746,102158.712367,0.0,0.0,0.0,3656.25,227.13,33492.96,8.64174
2019-04-07,9,338391.963738,235452.023755,102939.939983,0.0,0.0,0.0,4689.21,255.79,34611.15,9.776964
2019-04-07,10,314958.820283,228177.576646,86781.243637,0.0,0.0,0.0,6658.62,133.06,35344.36,8.911148
2019-04-07,11,306994.438181,211737.924729,95256.513452,0.0,0.0,0.0,7081.152,461.228,35688.32,8.602098
2019-04-07,12,300905.775175,211737.924729,89167.850445,0.0,0.0,0.0,7768.347304,1100.012696,35587.05,8.455485
2019-04-07,13,283087.935792,202997.727946,80090.207846,0.0,0.0,0.0,8994.19625,1695.37375,35551.66,7.962721
2019-04-07,14,279446.035129,197160.454186,82285.580944,0.0,0.0,0.0,9407.296039,1661.403961,35878.13,7.788757
2019-04-07,15,285457.856378,204163.783512,81294.072866,0.0,0.0,0.0,9833.504359,1557.815641,36292.75,7.865424
2019-04-07,16,300353.072537,211432.160621,88920.911916,0.0,0.0,0.0,9541.486668,908.063332,36852.15,8.150218
2019-04-07,17,314105.610253,220747.835678,93357.774575,0.0,0.0,0.0,8642.386229,187.333771,37043.34,8.479408
2019-04-07,18,341009.444862,242173.825946,98835.618916,0.0,0.0,0.0,7250.272,38.278,37266.22,9.150631
2019-04-07,19,408446.926153,299174.235745,109272.690407,0.0,0.0,0.0,5687.04,135.4,37913.43,10.773146
2019-04-07,20,420652.539476,299167.655745,121484.883731,0.0,0.0,0.0,3304.92,145.2,36831.2,11.421092
2019-04-07,21,364791.036828,250997.152736,113793.884092,0.0,0.0,0.0,2455.37,160.41,34443.98,10.59085
2019-04-07,22,298589.936373,206797.839536,91792.096837,0.0,0.0,0.0,2278.8,179.26,31648.28,9.434634
2019-04-07,23,254627.513244,171894.035772,82733.477472,0.0,0.0,0.0,2299.2,230.87,29675.98,8.580256
2019-04-08,0,229892.123935,155451.093855,74441.030079,0.0,0.0,0.0,2419.05,291.76,28367.21,8.10415
2019-04-08,1,206154.545484,133530.134398,72624.411086,0.0,0.0,0.0,2833.15,365.98,27769.89,7.423672
2019-04-08,2,219988.987269,143193.088396,76795.898872,0.0,0.0,0.0,1987.17,338.71,27612.03,7.967143
2019-04-08,3,226243.548085,143189.798396,83053.749688,0.0,0.0,0.0,1911.26,324.92,28230.33,8.014201
2019-04-08,4,270930.176603,190478.988763,80451.18784,0.0,0.0,0.0,2697.93,321.79,30200.05,8.971183
2019-04-08,5,377150.568183,273201.986778,103948.581405,0.0,0.0,0.0,2701.0,299.65,33574.67,11.233188
2019-04-08,6,387841.519866,273195.916778,114645.603088,0.0,0.0,0.0,2968.75,288.8,34998.46,11.081674
2019-04-08,7,392110.958644,281939.403561,110171.555083,0.0,0.0,0.0,3418.63,283.22,35294.17,11.109794
2019-04-08,8,408267.408397,281936.113561,126331.294836,0.0,0.0,0.0,2977.92,167.46,36106.79,11.30722
2019-04-08,9,409471.332431,281936.113561,127535.21887,0.0,0.0,0.0,3978.36,92.56,37173.27,11.015209
2019-04-08,10,403440.014805,281936.113561,121503.901244,0.0,0.0,0.0,5596.1,27.04,38217.45,10.556435
2019-04-08,11,403961.553813,281936.113561,122025.440252,0.0,0.0,0.0,7017.154433,359.155567,39372.7,10.25994
2019-04-08,12,419549.912895,294740.50016,124809.412734,0.0,0.0,0.0,8120.940195,994.519805,40928.0,10.250926
2019-04-08,13,432920.673967,304276.522184,128644.151783,0.0,0.0,0.0,8983.337347,1327.512653,42396.75,10.211176
2019-04-08,14,471949.13928,332298.854682,139650.284598,0.0,0.0,0.0,8922.234989,1407.095011,43748.5,10.787779
2019-04-08,15,495978.573091,347338.212603,148640.360488,0.0,0.0,0.0,8705.983888,1152.466112,45072.47,11.004025
2019-04-08,16,541022.334557,391537.525803,149484.808754,0.0,0.0,0.0,8232.736534,606.993466,45679.23,11.843946
2019-04-08,17,560200.796319,391534.235803,168666.560517,0.0,0.0,0.0,6716.34,48.78,45491.53,12.314398
2019-04-08,18,607427.012195,440482.675042,166944.337152,0.0,0.0,0.0,4663.55,0.0,44452.01,13.664782
2019-04-08,19,627156.060044,440472.805042,186683.255001,0.0,0.0,0.0,2515.31,0.0,44070.58,14.230719
2019-04-08,20,611476.770134,440472.805042,171003.965092,0.0,0.0,0.0,1446.07,23.86,41763.44,14.641437
2019-04-08,21,513007.233638,386755.225915,126252.007722,0.0,0.0,0.0,2073.21,95.45,38069.81,13.475435
2019-04-08,22,343934.770177,250336.46729,93598.302887,0.0,0.0,0.0,3684.1,248.11,34605.56,9.938714
2019-04-08,23,269406.387216,184691.842372,84714.544844,0.0,0.0,0.0,3773.78,280.19,31887.17,8.448739
2019-04-09,0,239462.721607,168252.190455,71210.531152,0.0,0.0,0.0,4235.29,322.56,30237.79,7.91932
2019-04-09,1,199404.679179,132190.911723,67213.767456,0.0,0.0,0.0,4973.75,379.17,29254.53,6.816198
2019-04-09,2,194202.379797,125796.343826,68406.035971,0.0,0.0,0.0,4737.67,352.33,28837.66,6.734332
2019-04-09,3,201271.385205,132194.201723,69077.183482,0.0,0.0,0.0,4576.341,323.939,29071.91,6.923225
2019-04-09,4,250230.726166,175657.764205,74572.961961,0.0,0.0,0.0,4547.55,306.79,30817.28,8.119819
2019-04-09,5,328021.441955,227280.102329,100741.339626,0.0,0.0,0.0,4616.55,316.66,33975.71,9.654587
2019-04-09,6,337768.008006,233998.61452,103769.393486,0.0,0.0,0.0,4835.989,269.271,35084.19,9.627357
2019-04-09,7,351274.384323,245852.405319,105421.979004,0.0,0.0,0.0,4864.67,337.72,35548.86,9.881453
2019-04-09,8,356458.782153,245849.115319,110609.666834,0.0,0.0,0.0,5602.9,388.55,36861.11,9.670321
2019-04-09,9,376867.228296,263646.420269,113220.808026,0.0,0.0,0.0,6997.056286,754.163714,38477.43,9.794501
2019-04-09,10,390926.411422,263639.840269,127286.571153,0.0,0.0,0.0,8032.489475,1415.300525,40370.22,9.683534
2019-04-09,11,434165.853144,307842.443469,126323.409675,0.0,0.0,0.0,9588.848,2970.102,42336.68,10.255076
2019-04-09,12,446023.236485,307839.153469,138184.083016,0.0,0.0,0.0,11322.113692,3716.616308,44696.56,9.978916
2019-04-09,13,488068.53386,344762.381368,143306.152493,0.0,0.0,0.0,12754.11417,3513.80583,46824.14,10.423438
2019-04-09,14,517327.181904,359798.449288,157528.732615,0.0,0.0,0.0,12332.441,5129.929,48704.51,10.621751
2019-04-09,15,593296.89356,434816.037303,158480.856257,0.0,0.0,0.0,13107.884139,4944.745861,50234.26,11.810603
2019-04-09,16,587162.251199,434183.000168,152979.25103,0.0,0.0,0.0,14407.435829,3246.754171,50740.29,11.571914
2019-04-09,17,582963.128229,434183.000168,148780.128061,0.0,0.0,0.0,12783.308184,3426.271816,49881.94,11.686858
2019-04-09,18,507325.567642,360446.735912,146878.83173,0.0,0.0,0.0,11842.450438,2427.449562,47874.43,10.597005
2019-04-09,19,526931.774237,360436.865912,166494.908325,0.0,0.0,0.0,9718.14,1809.61,47037.4,11.2024
2019-04-09,20,483658.704261,360436.865912,123221.838349,0.0,0.0,0.0,9834.814999,2109.465001,44662.32,10.829234
2019-04-09,21,375996.228338,282365.089542,93631.138796,0.0,0.0,0.0,11716.435223,2200.704777,40957.74,9.180102
2019-04-09,22,277089.423113,213046.599511,64042.823602,0.0,0.0,0.0,12881.668328,2132.701672,36998.34,7.489239
2019-04-09,23,186460.832087,125801.814966,60659.017121,0.0,0.0,0.0,12689.554563,3045.555437,34080.35,5.471212
2019-04-10,0,161334.537006,119128.499933,42206.037073,0.0,0.0,0.0,13696.784908,2217.955092,32234.35,5.00505
2019-04-10,1,128556.914357,84253.352214,44303.562143,0.0,0.0,0.0,13689.235106,2168.964894,31069.5,4.137721
2019-04-10,2,122296.222017,80710.377221,41585.844796,0.0,0.0,0.0,13738.787092,2152.472908,30480.43,4.012287
2019-04-10,3,123679.562441,80492.478946,43187.083495,0.0,0.0,0.0,13786.226905,2113.773095,30648.84,4.035375
2019-04-10,4,177871.2286,133632.41086,44238.81774,0.0,0.0,0.0,13429.555,2210.295,32348.95,5.498516
2019-04-10,5,259801.524137,181766.213869,78035.310268,0.0,0.0,0.0,11689.623,3983.977,35481.33,7.322204
2019-04-10,6,263881.413487,188161.291766,75720.121721,0.0,0.0,0.0,12051.810578,3100.509422,36451.86,7.239176
2019-04-10,7,277924.216432,192933.021842,84991.19459,0.0,0.0,0.0,11590.105323,2564.014677,37025.5,7.506292
2019-04-10,8,346488.535031,267820.798132,78667.736899,0.0,0.0,0.0,12890.624233,1857.085767,38468.61,9.007046
2019-04-10,9,359727.683821,265136.355562,94591.328259,0.0,0.0,0.0,13372.794678,2155.895322,40297.46,8.926808
2019-04-10,10,386670.49181,284746.478152,101924.013658,0.0,0.0,0.0,14374.919,1268.041,42378.49,9.124216
2019-04-10,11,420653.666711,305961.044653,114692.622058,0.0,0.0,0.0,14517.457,3586.043,44505.57,9.451708
2019-04-10,12,459589.688177,331933.428594,127656.259583,0.0,0.0,0.0,14702.529,4747.541,46766.39,9.82735
2019-04-10,13,497054.039564,352142.245193,144911.794372,0.0,0.0,0.0,14378.936,4994.464,48604.16,10.226574
2019-04-10,14,560930.810212,414681.038585,146249.771627,0.0,0.0,0.0,14350.673829,4446.336171,50257.33,11.161174
2019-04-10,15,583158.757351,414032.751961,169126.00539,0.0,0.0,0.0,14487.68497,3340.06503,51609.96,11.299345
2019-04-10,16,597304.552143,423870.265834,173434.286309,0.0,0.0,0.0,13877.235191,1286.954809,51635.52,11.567707
2019-04-10,17,584613.58039,423863.685834,160749.894556,0.0,0.0,0.0,13036.148709,2226.361291,50468.61,11.583707
2019-04-10,18,522770.992024,366503.955576,156267.036448,0.0,0.0,0.0,12288.336615,2003.093385,48262.48,10.83183
2019-04-10,19,518336.422816,366503.955576,151832.46724,0.0,0.0,0.0,11858.010692,1770.639308,47696.21,10.867455
2019-04-10,20,466657.881686,340756.755384,125901.126302,0.0,0.0,0.0,12805.563386,1696.416614,45626.3,10.227827
2019-04-10,21,364119.235774,270021.283562,94097.952211,0.0,0.0,0.0,14731.745106,1869.004894,41880.43,8.694257
2019-04-10,22,278043.210523,210126.439598,67916.770925,0.0,0.0,0.0,15427.501564,1636.488436,37911.21,7.334063
2019-04-10,23,194141.847536,123211.210962,70930.636574,0.0,0.0,0.0,13004.062,3123.468,34864.42,5.568481
2019-04-11,0,167725.788826,122153.246751,45572.542075,0.0,0.0,0.0,14274.027458,1887.032542,32880.03,5.101145
2019-04-11,1,128487.13046,83474.135139,45012.995321,0.0,0.0,0.0,14861.255754,2347.764246,31623.01,4.06309
2019-04-11,2,126021.315307,82230.141816,43791.173491,0.0,0.0,0.0,14322.557587,1964.992413,30965.46,4.069738
2019-04-11,3,138744.855906,89874.749592,48870.106313,0.0,0.0,0.0,13308.200039,1742.779961,31103.93,4.460686
2019-04-11,4,190581.371874,132543.458688,58037.913186,0.0,0.0,0.0,12067.273,1508.947,32692.73,5.829473
2019-04-11,5,270523.695134,188941.844311,81581.850823,0.0,0.0,0.0,11402.699558,1274.780442,35736.71,7.56991
2019-04-11,6,272111.54417,188935.774311,83175.769859,0.0,0.0,0.0,11321.042178,1143.337822,36585.06,7.437778
2019-04-11,7,276027.271674,194145.05692,81882.214754,0.0,0.0,0.0,11490.063,988.007,36947.03,7.470892
2019-04-11,8,276660.391469,194141.76692,82518.624549,0.0,0.0,0.0,12532.061698,1307.588302,38038.13,7.273238
2019-04-11,9,288188.904181,198344.096919,89844.807262,0.0,0.0,0.0,13379.903,1973.167,39099.73,7.370611
2019-04-11,10,291383.900426,205615.764028,85768.136399,0.0,0.0,0.0,14057.350618,2669.619382,39720.15,7.335921
2019-04-11,11,303343.368737,210605.392378,92737.976359,0.0,0.0,0.0,13374.208582,4457.481418,40126.78,7.559624
2019-04-11,12,300812.179293,210602.102378,90210.076915,0.0,0.0,0.0,13611.038552,5450.531448,40491.51,7.429019
2019-04-11,13,289897.716386,209972.355243,79925.361144,0.0,0.0,0.0,15361.518718,4758.461282,40672.47,7.127615
2019-04-11,14,293272.08817,209204.082051,84068.006119,0.0,0.0,0.0,15176.392296,5249.737704,41191.7,7.119689
2019-04-11,15,313416.232547,226076.751353,87339.481195,0.0,0.0,0.0,14843.515022,5147.454978,41885.01,7.482778
2019-04-11,16,315922.88467,226060.301353,89862.583318,0.0,0.0,0.0,14688.360251,4002.199749,41950.5,7.530849
2019-04-11,17,348833.615799,249445.171244,99388.444555,0.0,0.0,0.0,12940.536944,2279.103056,41252.78,8.456003
2019-04-11,18,369766.469236,274226.903561,95539.565675,0.0,0.0,0.0,11499.862441,739.307559,40518.29,9.125915
2019-04-11,19,391250.039223,274220.323561,117029.715662,0.0,0.0,0.0,9212.5846,588.8854,40981.85,9.54691
2019-04-11,20,396090.274872,274220.323561,121869.95131,0.0,0.0,0.0,7144.405,249.595,39709.55,9.974686
2019-04-11,21,384402.55765,274220.323561,110182.234089,0.0,0.0,0.0,5049.59,517.82,36761.93,10.456539
2019-04-11,22,288545.944007,199202.735546,89343.208461,0.0,0.0,0.0,4609.660006,519.499994,33613.87,8.584133
2019-04-11,23,253373.580267,171890.745772,81482.834495,0.0,0.0,0.0,3880.19,481.56,31351.2,8.081783
2019-04-12,0,226804.233191,155451.093855,71353.139336,0.0,0.0,0.0,4209.98,388.75,29941.04,7.575029
2019-04-12,1,192392.771249,132190.911723,60201.859526,0.0,0.0,0.0,5714.33,352.74,29124.78,6.60581
2019-04-12,2,182177.066583,117457.553425,64719.513158,0.0,0.0,0.0,5673.95,352.9,28878.46,6.308407
2019-04-12,3,189451.060824,123855.411322,65595.649502,0.0,0.0,0.0,5823.34,359.35,29358.16,6.453097
2019-04-12,4,238095.782754,168836.634237,69259.148517,0.0,0.0,0.0,6209.68,370.57,31242.47,7.620901
2019-04-12,5,334899.863766,243837.772252,91062.091514,0.0,0.0,0.0,6273.33,366.78,34776.4,9.63009
2019-04-12,6,347617.697223,243834.482252,103783.214971,0.0,0.0,0.0,6456.366,302.864,36145.06,9.617295
2019-04-12,7,346190.655394,243834.482252,102356.173142,0.0,0.0,0.0,6566.57,367.89,36162.86,9.573099
2019-04-12,8,338033.177666,243834.482252,94198.695414,0.0,0.0,0.0,7986.030006,519.499994,36496.08,9.262178
2019-04-12,9,325055.378795,235495.691851,89559.686944,0.0,0.0,0.0,9277.705764,1762.184236,36784.84,8.836667
2019-04-12,10,256271.402679,160478.103836,95793.298843,0.0,0.0,0.0,10174.111,1722.489,36995.01,6.927188
2019-04-12,11,237526.83866,158962.183113,78564.655547,0.0,0.0,0.0,12512.571311,3475.898689,37134.08,6.396465
2019-04-12,12,218808.691917,135783.845464,83024.846453,0.0,0.0,0.0,13779.875,5003.205,37741.25,5.797601
2019-04-12,13,215778.734025,135783.845464,79994.888561,0.0,0.0,0.0,14525.180137,5084.369863,38243.08,5.642295
2019-04-12,14,226233.908158,144027.638378,82206.26978,0.0,0.0,0.0,14720.5,5406.43,38904.0,5.815184
2019-04-12,15,231811.319545,144017.768378,87793.551167,0.0,0.0,0.0,14503.681,5320.809,39424.71,5.879848
2019-04-12,16,232374.511273,144017.768378,88356.742894,0.0,0.0,0.0,14409.521,4162.339,39339.11,5.906959
2019-04-12,17,228166.300307,144017.768378,84148.531929,0.0,0.0,0.0,14111.474584,3596.725416,38895.62,5.866118
2019-04-12,18,236433.843708,161555.097128,74878.746579,0.0,0.0,0.0,13776.438133,2606.221867,38574.48,6.129281
2019-04-12,19,251615.978978,161545.227128,90070.751849,0.0,0.0,0.0,12374.90241,2264.73759,39200.97,6.418616
2019-04-12,20,243430.343679,161545.227128,81885.116551,0.0,0.0,0.0,12664.701757,2122.838243,38524.91,6.318778
2019-04-12,21,216364.60132,148656.396729,67708.204591,0.0,0.0,0.0,13399.048096,1852.581904,36898.99,5.8637
2019-04-12,22,187853.350261,117978.293787,69875.056474,0.0,0.0,0.0,12388.611409,1721.868591,34722.94,5.410065
2019-04-12,23,161149.457097,112324.742188,48824.714909,0.0,0.0,0.0,13486.562092,1899.977908,32858.34,4.90437
2019-04-13,0,133184.225141,91747.759461,41436.46568,0.0,0.0,0.0,13714.783718,2006.776282,31295.03,4.255763
2019-04-13,1,119533.873142,81134.18557,38399.687572,0.0,0.0,0.0,13578.453627,2157.606373,30357.17,3.937583
2019-04-13,2,115856.14609,77493.963746,38362.182344,0.0,0.0,0.0,13300.805949,2154.354051,29839.78,3.882607
2019-04-13,3,118297.896471,81917.732839,36380.163632,0.0,0.0,0.0,13113.959111,2100.690889,29704.69,3.982465
2019-04-13,4,129939.599532,86057.890073,43881.709459,0.0,0.0,0.0,12211.115955,2057.164045,30189.82,4.304087
2019-04-13,5,145860.796589,97276.32089,48584.475699,0.0,0.0,0.0,12222.047,2146.413,31275.67,4.663715
2019-04-13,6,156234.289198,97266.45089,58967.838308,0.0,0.0,0.0,12449.42,2194.74,32631.2,4.787881
2019-04-13,7,226362.654844,164977.695561,61384.959282,0.0,0.0,0.0,12183.698,2467.632,34454.78,6.569848
2019-04-13,8,267164.008106,164944.795561,102219.212545,0.0,0.0,0.0,9078.186,3528.724,36450.26,7.32955
2019-04-13,9,333701.604811,239965.673577,93735.931235,0.0,0.0,0.0,10240.321,2436.989,38011.51,8.778962
2019-04-13,10,350249.083885,257439.541645,92809.54224,0.0,0.0,0.0,11051.692362,1438.987638,39012.17,8.977944
2019-04-13,11,291844.672881,182412.08363,109432.589252,0.0,0.0,0.0,10697.175,3993.465,39488.25,7.390671
2019-04-13,12,275487.510781,182412.08363,93075.427151,0.0,0.0,0.0,12469.234384,3651.715616,39833.6,6.915958
2019-04-13,13,267059.036319,166801.626121,100257.410198,0.0,0.0,0.0,12764.878,1929.912,39893.98,6.694219
2019-04-13,14,250940.565439,166801.626121,84138.939319,0.0,0.0,0.0,13031.943006,2338.386994,38923.2,6.447069
2019-04-13,15,239481.827691,157665.764938,81816.062753,0.0,0.0,0.0,13134.142317,2143.617683,38462.06,6.226443
2019-04-13,16,248379.716379,157662.474938,90717.241441,0.0,0.0,0.0,12741.305,2583.025,38646.55,6.426957
2019-04-13,17,240576.608766,157662.474938,82914.133828,0.0,0.0,0.0,12895.63745,2940.76255,38243.13,6.290714
2019-04-13,18,241622.566342,162558.759739,79063.806604,0.0,0.0,0.0,12087.737714,209.732286,37524.11,6.439129
2019-04-13,19,251622.002129,162552.179739,89069.822391,0.0,0.0,0.0,10576.409,124.471,37641.19,6.684752
2019-04-13,20,239592.464248,162552.179739,77040.28451,0.0,0.0,0.0,11650.660983,2277.249017,36705.42,6.527441
2019-04-13,21,214530.9868,136748.986381,77782.000419,0.0,0.0,0.0,11902.659718,2256.790282,35193.87,6.095692
2019-04-13,22,195464.766778,131497.603982,63967.162796,0.0,0.0,0.0,12341.86822,1798.59178,33519.5,5.831375
2019-04-13,23,155702.910605,101029.791891,54673.118714,0.0,0.0,0.0,12715.08448,1604.61552,32070.75,4.854982
2019-04-14,0,144210.137749,97497.797043,46712.340706,0.0,0.0,0.0,13091.919411,1400.480589,31121.76,4.63374
2019-04-14,1,141445.292333,95620.575367,45824.716966,0.0,0.0,0.0,11918.630006,519.499994,30489.7,4.639117
2019-04-14,2,151622.46481,101513.66439,50108.80042,0.0,0.0,0.0,10512.7,409.55,30200.98,5.020449
2019-04-14,3,161924.391321,106289.71189,55634.679431,0.0,0.0,0.0,9363.09,281.15,30216.94,5.358729
2019-04-14,4,181867.526473,123384.289342,58483.237131,0.0,0.0,0.0,8773.94,206.56,30753.53,5.913712
2019-04-14,5,203196.953798,129772.277239,73424.676559,0.0,0.0,0.0,8070.95,194.88,31829.03,6.384013
2019-04-14,6,301337.623017,224989.026454,76348.596563,0.0,0.0,0.0,7519.25,221.05,32900.71,9.159001
2019-04-14,7,318680.499826,224979.156454,93701.343372,0.0,0.0,0.0,6523.75,286.53,34246.25,9.305559
2019-04-14,8,320532.929191,225649.062953,94883.866238,0.0,0.0,0.0,7089.019,238.321,34924.29,9.177937
2019-04-14,9,308354.703245,225645.772953,82708.930292,0.0,0.0,0.0,8160.0,156.94,34811.7,8.857789
2019-04-14,10,227374.592416,150628.184938,76746.407477,0.0,0.0,0.0,9695.47,71.27,34361.15,6.6172
2019-04-14,11,209083.04569,135172.712937,73910.332753,0.0,0.0,0.0,10223.003076,1338.696924,33986.02,6.152031
2019-04-14,12,196368.055958,129614.186312,66753.869646,0.0,0.0,0.0,11044.828636,2801.681364,33635.28,5.838157
2019-04-14,13,186770.427197,123162.059554,63608.367643,0.0,0.0,0.0,11742.021354,3362.208646,33590.08,5.560285
2019-04-14,14,196262.665195,129556.627451,66706.037744,0.0,0.0,0.0,11266.206067,3969.123933,33846.94,5.798535
2019-04-14,15,203125.285251,129335.439177,73789.846074,0.0,0.0,0.0,11151.269981,4149.320019,34481.28,5.890886
2019-04-14,16,233307.140227,156733.614286,76573.525941,0.0,0.0,0.0,11135.571823,3457.758177,35270.9,6.61472
2019-04-14,17,260863.943858,163830.555886,97033.387972,0.0,0.0,0.0,9018.516468,4650.173532,35747.68,7.297367
2019-04-14,18,317648.129649,238848.143901,78799.985748,0.0,0.0,0.0,9574.457361,2768.592639,35788.03,8.87582
2019-04-14,19,348911.100529,247588.340685,101322.759845,0.0,0.0,0.0,7793.885059,2410.564941,36789.52,9.483981
2019-04-14,20,348063.568377,247585.050685,100478.517692,0.0,0.0,0.0,7543.106757,1753.453243,36388.65,9.565168
2019-04-14,21,262308.991418,172567.462669,89741.528749,0.0,0.0,0.0,7541.268811,1843.771189,34362.65,7.63355
2019-04-14,22,203555.418969,149438.917177,54116.501792,0.0,0.0,0.0,9310.912545,914.327455,31815.37,6.398021
2019-04-14,23,144553.4753,100084.789493,44468.685808,0.0,0.0,0.0,11104.718985,1222.821015,29886.99,4.836669
2019-04-15,0,125150.639636,87822.193364,37328.446273,0.0,0.0,0.0,12347.255246,1326.284754,28898.1,4.330757
2019-04-15,1,113848.133344,77602.190721,36245.942623,0.0,0.0,0.0,12455.611692,1640.128308,28488.82,3.996239
2019-04-15,2,113235.042902,77602.190721,35632.852181,0.0,0.0,0.0,12714.600184,1391.699816,28482.65,3.97558
2019-04-15,3,123001.641868,84042.033939,38959.607929,0.0,0.0,0.0,12748.399665,1108.860335,29287.04,4.199866
2019-04-15,4,173485.058433,123963.519066,49521.539366,0.0,0.0,0.0,12227.5,1083.68,31575.1,5.494363
2019-04-15,5,257203.126062,178090.336088,79112.789974,0.0,0.0,0.0,12078.04,1453.19,35236.7,7.299297
2019-04-15,6,262869.989502,183288.802712,79581.186791,0.0,0.0,0.0,12469.370614,1052.999386,36496.17,7.202673
2019-04-15,7,263066.503878,183282.222712,79784.281166,0.0,0.0,0.0,11983.588849,1130.551151,36479.93,7.211267
2019-04-15,8,261112.677819,183282.222712,77830.455107,0.0,0.0,0.0,12809.318175,2019.781825,36643.87,7.125685
2019-04-15,9,258705.012973,178030.840312,80674.17266,0.0,0.0,0.0,13455.198278,2370.321722,36979.56,6.995892
2019-04-15,10,254683.375278,177389.133689,77294.241589,0.0,0.0,0.0,14324.080185,1824.729815,37402.17,6.809321
2019-04-15,11,253977.557654,178560.634413,75416.923242,0.0,0.0,0.0,14722.464039,3404.865961,37830.43,6.713578
2019-04-15,12,256169.383389,178554.054413,77615.328977,0.0,0.0,0.0,15133.024,4526.946,38634.84,6.630528
2019-04-15,13,269125.864019,190057.974103,79067.889916,0.0,0.0,0.0,15738.700795,4344.009205,39500.16,6.813285
2019-04-15,14,285217.111477,199862.686501,85354.424976,0.0,0.0,0.0,15440.214738,5022.385262,40439.9,7.052864
2019-04-15,15,306242.59639,213589.221635,92653.374755,0.0,0.0,0.0,14930.96,5248.74,41382.9,7.400221
2019-04-15,16,314187.768434,213582.641635,100605.126799,0.0,0.0,0.0,14486.813,4710.767,41917.83,7.495325
2019-04-15,17,310623.754496,213582.641635,97041.112861,0.0,0.0,0.0,14382.295824,3834.464176,41703.37,7.448409
2019-04-15,18,310850.102094,227134.004645,83716.09745,0.0,0.0,0.0,14022.070269,2774.759731,40898.25,7.600572
2019-04-15,19,325223.528297,227127.424645,98096.103653,0.0,0.0,0.0,12497.926,2414.444,41409.66,7.853808
2019-04-15,20,309804.8745,227127.424645,82677.449855,0.0,0.0,0.0,13145.912211,2278.167789,40083.94,7.728903
2019-04-15,21,220363.939902,155834.177547,64529.762354,0.0,0.0,0.0,14201.101472,3037.648528,37023.62,5.951983
2019-04-15,22,153587.198569,111243.447893,42343.750676,0.0,0.0,0.0,16291.979742,2215.040258,33862.69,4.535588
2019-04-15,23,114152.443818,71853.255747,42299.188072,0.0,0.0,0.0,16263.304115,2239.285885,31530.7,3.620359
2019-04-16,0,103052.48409,65419.992529,37632.491561,0.0,0.0,0.0,15910.369672,2221.980328,30153.27,3.417622
2019-04-16,1,96275.740024,62313.335328,33962.404696,0.0,0.0,0.0,15338.46428,2216.52572,29365.67,3.278513
2019-04-16,2,98520.383085,65580.853185,32939.529899,0.0,0.0,0.0,15007.201279,2157.288721,29123.61,3.382836
2019-04-16,3,106133.623011,68253.243136,37880.379875,0.0,0.0,0.0,14698.198308,2147.081692,29560.58,3.590377
2019-04-16,4,158910.232764,116349.30612,42560.926644,0.0,0.0,0.0,14219.547853,2294.682147,31479.47,5.048059
2019-04-16,5,231854.245171,164483.109129,67371.136042,0.0,0.0,0.0,13276.158,3131.542,34769.18,6.668384
2019-04-16,6,237314.619407,169735.001528,67579.617879,0.0,0.0,0.0,13502.936186,2435.763814,35943.31,6.60247
2019-04-16,7,249748.463983,176453.003719,73295.460264,0.0,0.0,0.0,13135.876,2049.144,36402.36,6.860777
2019-04-16,8,279354.01132,200350.038973,79003.972347,0.0,0.0,0.0,12593.792,3322.268,37207.22,7.508059
2019-04-16,9,291848.296244,200333.588973,91514.707271,0.0,0.0,0.0,11605.707606,4835.912394,38262.27,7.627574
2019-04-16,10,289543.563267,200333.588973,89209.974294,0.0,0.0,0.0,12889.061705,3686.258295,39156.84,7.394457
2019-04-16,11,292636.951033,204535.918973,88101.032061,0.0,0.0,0.0,13534.509203,4333.850797,39990.41,7.317678
2019-04-16,12,306518.004661,213276.115756,93241.888905,0.0,0.0,0.0,14062.971,4637.329,41160.41,7.446913
2019-04-16,13,312427.782022,213810.498406,98617.283617,0.0,0.0,0.0,14209.519,4707.151,41937.79,7.449791
2019-04-16,14,329257.666604,229424.245915,99833.42069,0.0,0.0,0.0,14212.056,4991.224,42490.16,7.749033
2019-04-16,15,339615.222276,230940.166638,108675.055638,0.0,0.0,0.0,13488.037805,5411.732195,42959.19,7.905531
2019-04-16,16,346770.779376,230933.586638,115837.192738,0.0,0.0,0.0,12969.266,4670.214,42769.06,8.107982
2019-04-16,17,333469.085081,230933.586638,102535.498443,0.0,0.0,0.0,12770.346789,4468.233211,42150.81,7.911333
2019-04-16,18,346061.425931,243617.621262,102443.804669,0.0,0.0,0.0,12692.935089,3419.314911,41910.21,8.25721
2019-04-16,19,360649.815643,243611.041262,117038.774381,0.0,0.0,0.0,12103.396,2781.474,42711.36,8.443885
2019-04-16,20,349766.114316,253273.995261,96492.119055,0.0,0.0,0.0,12750.233018,2578.886982,41642.19,8.399321
2019-04-16,21,286043.943804,223283.479106,62760.464698,0.0,0.0,0.0,14803.724111,2193.235889,38892.13,7.354803
2019-04-16,22,184539.28069,129687.80746,54851.473229,0.0,0.0,0.0,15693.620658,2391.049342,35859.88,5.146121
2019-04-16,23,142404.052928,93317.48637,49086.566558,0.0,0.0,0.0,15753.213271,2274.556729,33619.97,4.235698
2019-04-17,0,126568.041338,84815.763509,41752.277829,0.0,0.0,0.0,15587.996076,2106.223924,32105.11,3.942302
2019-04-17,1,116735.844036,77722.842165,39013.00187,0.0,0.0,0.0,15127.715813,2135.454187,31284.06,3.73148
2019-04-17,2,115277.940405,77722.842165,37555.098239,0.0,0.0,0.0,15000.955512,2120.174488,30901.09,3.730546
2019-04-17,3,124159.59946,81543.454149,42616.145311,0.0,0.0,0.0,14705.908102,2219.451898,31388.09,3.955628
2019-04-17,4,167222.26424,116521.150292,50701.113948,0.0,0.0,0.0,14357.484759,1895.425241,33229.36,5.032365
2019-04-17,5,261877.801501,194033.347205,67844.454296,0.0,0.0,0.0,14290.904,1320.656,36534.74,7.167912
2019-04-17,6,281441.407791,200424.625102,81016.782689,0.0,0.0,0.0,13998.850144,839.659856,37884.58,7.428917
2019-04-17,7,293690.123153,207541.306703,86148.81645,0.0,0.0,0.0,13437.84,465.68,38330.92,7.661964
2019-04-17,8,311246.254216,217313.562553,93932.691663,0.0,0.0,0.0,13426.727,892.363,39247.07,7.930433
2019-04-17,9,320667.831015,217306.982553,103360.848462,0.0,0.0,0.0,13737.324,1629.696,40248.84,7.967132
2019-04-17,10,319205.091858,217306.982553,101898.109305,0.0,0.0,0.0,14956.390124,1133.389876,40913.48,7.801954
2019-04-17,11,333551.966937,230252.799335,103299.167602,0.0,0.0,0.0,14609.28,3251.33,41415.6,8.053776
2019-04-17,12,340814.672701,230246.219335,110568.453366,0.0,0.0,0.0,14556.869,4180.321,42240.79,8.068378
2019-04-17,13,353807.272154,244242.468635,109564.803519,0.0,0.0,0.0,15138.73395,4222.82605,43078.35,8.213111
2019-04-17,14,373347.297044,252577.969035,120769.328008,0.0,0.0,0.0,14690.767,4972.733,43891.97,8.50605
2019-04-17,15,422638.242105,296777.282235,125860.95987,0.0,0.0,0.0,14461.373,4275.087,44749.43,9.44455
2019-04-17,16,442893.501244,309578.378834,133315.12241,0.0,0.0,0.0,14530.350778,2829.529222,45296.66,9.777619
2019-04-17,17,451585.773975,322195.381444,129390.392531,0.0,0.0,0.0,13531.567408,2568.502592,44903.89,10.056718
2019-04-17,18,425595.349375,294432.430161,131162.919214,0.0,0.0,0.0,12222.66779,2409.25221,44496.27,9.564742
2019-04-17,19,433679.249512,294429.140161,139250.109352,0.0,0.0,0.0,11513.025768,1439.054232,44727.32,9.696071
2019-04-17,20,414742.036645,290230.100161,124511.936483,0.0,0.0,0.0,11609.717288,883.922712,43472.52,9.540327
2019-04-17,21,366898.792145,270021.283562,96877.508582,0.0,0.0,0.0,12063.580006,519.499994,40746.67,9.004387
2019-04-17,22,252644.889931,171292.376522,81352.513409,0.0,0.0,0.0,11753.709259,1117.390741,37442.52,6.74754
2019-04-17,23,196879.395905,137623.200481,59256.195424,0.0,0.0,0.0,11716.84,501.36,34273.03,5.744441
2019-04-18,0,180665.563854,125923.510789,54742.053065,0.0,0.0,0.0,10352.65,488.93,32093.17,5.629408
2019-04-18,1,162002.23803,106602.038389,55400.199641,0.0,0.0,0.0,9932.51,501.91,31030.73,5.220703
2019-04-18,2,174830.477311,118706.987491,56123.48982,0.0,0.0,0.0,8900.296146,522.933854,30463.15,5.739081
2019-04-18,3,188771.84385,122902.73749,65869.10636,0.0,0.0,0.0,7158.85,328.38,30329.13,6.22411
2019-04-18,4,238298.370551,171286.616854,67011.753697,0.0,0.0,0.0,6502.42,286.94,31479.55,7.569942
2019-04-18,5,319077.390681,222905.664978,96171.725702,0.0,0.0,0.0,5845.347,191.993,34496.37,9.249593
2019-04-18,6,297271.438335,222902.884978,74368.553357,0.0,0.0,0.0,9438.457609,2250.532391,35783.81,8.307428
2019-04-18,7,261255.380204,188935.774311,72319.605893,0.0,0.0,0.0,11540.59,0.0,36198.87,7.217225
2019-04-18,8,263695.64875,188584.774311,75110.874439,0.0,0.0,0.0,12752.72,0.0,36961.36,7.13436
2019-04-18,9,289732.710294,206692.75732,83039.952974,0.0,0.0,0.0,12540.221509,660.368491,37623.11,7.700924
2019-04-18,10,297190.910247,206679.59732,90511.312928,0.0,0.0,0.0,11225.837,818.753,38263.67,7.766921
2019-04-18,11,286188.554206,206679.59732,79508.956886,0.0,0.0,0.0,13188.316648,4465.353352,38650.46,7.404532
2019-04-18,12,264725.156749,187481.262711,77243.894038,0.0,0.0,0.0,14855.309211,5216.980789,39077.83,6.774305
2019-04-18,13,262878.965932,188358.76681,74520.199122,0.0,0.0,0.0,15631.396656,4632.883344,39337.77,6.68261
2019-04-18,14,272571.450743,193138.10431,79433.346433,0.0,0.0,0.0,14829.520156,5185.549844,39720.08,6.862309
2019-04-18,15,280887.344097,198344.096919,82543.247178,0.0,0.0,0.0,14692.50122,4941.36878,40088.54,7.006674
2019-04-18,16,289831.460492,205062.09911,84769.361381,0.0,0.0,0.0,14138.019084,3905.080916,39971.28,7.250993
2019-04-18,17,282100.895446,205058.80911,77042.086335,0.0,0.0,0.0,13501.457319,3118.062681,39152.67,7.205151
2019-04-18,18,233688.626018,154216.679338,79471.94668,0.0,0.0,0.0,13302.006129,2192.113871,38089.74,6.135212
2019-04-18,19,247063.266511,154213.389338,92849.877173,0.0,0.0,0.0,12385.318,1733.672,38438.38,6.427515
2019-04-18,20,235058.634007,154213.389338,80845.244669,0.0,0.0,0.0,11838.694661,2131.185339,37447.92,6.276948
2019-04-18,21,217858.96877,149223.760987,68635.207783,0.0,0.0,0.0,10853.781746,970.698254,35219.99,6.185662
2019-04-18,22,212981.854309,137369.970188,75611.884121,0.0,0.0,0.0,7468.76,331.16,32549.65,6.543292
2019-04-18,23,199618.574103,137369.970188,62248.603915,0.0,0.0,0.0,6710.95,446.48,30414.07,6.563363
2019-04-19,0,190923.484198,130651.967997,60271.516201,0.0,0.0,0.0,6087.000006,519.499994,29111.62,6.558326
2019-04-19,1,170629.864387,108039.882653,62589.981734,0.0,0.0,0.0,6175.482125,679.397875,28365.35,6.015433
2019-04-19,2,170781.583494,108321.919788,62459.663705,0.0,0.0,0.0,5817.920006,519.499994,28050.26,6.088414
2019-04-19,3,177360.859095,112875.249787,64485.609308,0.0,0.0,0.0,5726.370006,519.499994,28415.23,6.241753
2019-04-19,4,195454.644935,130873.704187,64580.940748,0.0,0.0,0.0,6176.87,458.37,29546.95,6.615053
2019-04-19,5,213661.144993,137987.095787,75674.049206,0.0,0.0,0.0,6337.827,385.133,31366.57,6.811747
2019-04-19,6,236177.597262,156562.178778,79615.418484,0.0,0.0,0.0,6542.42,465.8,32440.19,7.280401
2019-04-19,7,249842.855733,156555.598778,93287.256955,0.0,0.0,0.0,6955.437,500.763,33802.67,7.391217
2019-04-19,8,286100.409693,200758.201978,85342.207715,0.0,0.0,0.0,8291.32511,1504.38489,34817.29,8.217194
2019-04-19,9,286630.169983,198810.696631,87819.473353,0.0,0.0,0.0,9119.009078,3324.840922,35414.32,8.093623
2019-04-19,10,231230.259389,154447.13363,76783.125759,0.0,0.0,0.0,11352.453189,3014.626811,35670.31,6.482429
2019-04-19,11,211327.495622,136559.956778,74767.538844,0.0,0.0,0.0,12842.767426,2929.202574,35782.91,5.905822
2019-04-19,12,198076.996544,125052.747087,73024.249456,0.0,0.0,0.0,13084.944923,3871.575077,35895.55,5.518149
2019-04-19,13,191538.562122,124773.999952,66764.56217,0.0,0.0,0.0,14376.199699,3132.450301,36129.28,5.301477
2019-04-19,14,201534.844372,132176.008688,69358.835684,0.0,0.0,0.0,13754.480915,3673.159085,36446.71,5.529576
2019-04-19,15,213079.898295,137306.346187,75773.552108,0.0,0.0,0.0,13087.434574,3020.545426,36977.12,5.76248
2019-04-19,16,227293.428577,149844.176587,77449.251991,0.0,0.0,0.0,12507.201077,1651.798923,37186.36,6.11228
2019-04-19,17,243453.597842,162105.472046,81348.125797,0.0,0.0,0.0,10569.105796,448.544204,36748.12,6.624927
2019-04-19,18,286638.414026,203276.795362,83361.618664,0.0,0.0,0.0,7601.231,174.949,35926.71,7.978421
2019-04-19,19,358880.318059,249179.937195,109700.380864,0.0,0.0,0.0,4293.549,4.221,36184.59,9.918043
2019-04-19,20,376664.79121,249170.067195,127494.724014,0.0,0.0,0.0,2067.2,0.0,35382.51,10.645508
2019-04-19,21,347914.011244,233880.480507,114033.530737,0.0,0.0,0.0,1670.44,0.0,33699.51,10.324008
2019-04-19,22,297660.723144,207810.029035,89850.694109,0.0,0.0,0.0,2510.1,61.52,31678.08,9.396426
2019-04-19,23,252158.411164,166901.117422,85257.293742,0.0,0.0,0.0,2374.42,111.93,29881.81,8.438525
2019-04-20,0,221240.54317,150461.465505,70779.077665,0.0,0.0,0.0,3223.62,215.16,28679.4,7.714267
2019-04-20,1,185721.412482,128324.141788,57397.270694,0.0,0.0,0.0,5279.79,387.56,28038.72,6.623748
2019-04-20,2,176942.65123,113590.783491,63351.867739,0.0,0.0,0.0,5097.07,365.09,27792.78,6.366497
2019-04-20,3,178943.310266,113590.783491,65352.526776,0.0,0.0,0.0,5039.28,341.56,27903.7,6.412888
2019-04-20,4,193795.580874,129651.595387,64143.985488,0.0,0.0,0.0,5066.55,320.81,28547.83,6.788452
2019-04-20,5,209940.789361,137987.095787,71953.693573,0.0,0.0,0.0,4889.73,296.56,29678.08,7.073934
2019-04-20,6,242915.131173,166283.828504,76631.302669,0.0,0.0,0.0,4662.62,277.11,30836.38,7.87755
2019-04-20,7,258710.617264,166277.248504,92433.36876,0.0,0.0,0.0,4378.08,260.22,32403.91,7.983932
2019-04-20,8,304792.722655,214450.531512,90342.191143,0.0,0.0,0.0,5668.59,310.9,33538.88,9.087743
2019-04-20,9,291235.876935,214447.751512,76788.125422,0.0,0.0,0.0,7506.852597,518.877403,34265.1,8.49949
2019-04-20,10,264942.81979,189669.309195,75273.510595,0.0,0.0,0.0,9495.518074,623.621926,34644.51,7.647469
2019-04-20,11,251582.826911,181910.920971,69671.90594,0.0,0.0,0.0,11382.339838,3012.800162,35110.72,7.165413
2019-04-20,12,237283.159043,166537.975575,70745.183468,0.0,0.0,0.0,12919.220069,4889.889931,35831.89,6.622122
2019-04-20,13,233639.415603,166537.975575,67101.440028,0.0,0.0,0.0,14421.482313,4524.357687,36885.35,6.334206
2019-04-20,14,251468.601088,179657.125663,71811.475425,0.0,0.0,0.0,14653.893982,5050.996018,38005.34,6.616665
2019-04-20,15,272654.725259,190972.847263,81681.877995,0.0,0.0,0.0,14330.161144,5248.598856,39172.33,6.960391
2019-04-20,16,281900.367067,195748.894763,86151.472305,0.0,0.0,0.0,14172.910772,4644.379228,39968.34,7.053092
2019-04-20,17,288811.207722,195745.604763,93065.602959,0.0,0.0,0.0,13540.718,4297.552,39870.38,7.243754
2019-04-20,18,274607.87387,196390.601386,78217.272483,0.0,0.0,0.0,13472.570341,2952.769659,38771.12,7.082794
2019-04-20,19,288939.915403,196387.311386,92552.604017,0.0,0.0,0.0,11947.934,2568.026,38572.94,7.490741
2019-04-20,20,273365.081162,196387.311386,76977.769776,0.0,0.0,0.0,12731.667376,2232.252624,37761.27,7.239298
2019-04-20,21,232655.689057,178433.994675,54221.694382,0.0,0.0,0.0,14324.615693,2196.194307,35939.84,6.473476
2019-04-20,22,165128.787698,117539.341169,47589.446529,0.0,0.0,0.0,14886.382043,2143.477957,33565.18,4.919646
2019-04-20,23,122160.981503,80891.877526,41269.103977,0.0,0.0,0.0,15378.777082,1908.182918,31328.46,3.899361
2019-04-21,0,107257.763951,73645.484522,33612.279429,0.0,0.0,0.0,15265.47189,2016.07811,29660.83,3.616142
2019-04-21,1,94952.6121,61789.753768,33162.858333,0.0,0.0,0.0,14840.313644,2065.686356,28611.11,3.318732
2019-04-21,2,90894.348257,61123.137268,29771.210988,0.0,0.0,0.0,14686.864397,1852.165603,27961.07,3.250746
2019-04-21,3,89899.00571,61153.363418,28745.642292,0.0,0.0,0.0,14568.789793,1643.090207,27715.31,3.243659
2019-04-21,4,93550.47519,64043.651643,29506.823547,0.0,0.0,0.0,14123.025259,1535.904741,27917.62,3.350947
2019-04-21,5,101747.75162,64040.361643,37707.389977,0.0,0.0,0.0,14012.905157,1400.354843,28629.1,3.553998
2019-04-21,6,121506.675791,82850.90479,38655.771001,0.0,0.0,0.0,13881.106667,1195.603333,29400.54,4.132804
2019-04-21,7,153425.148786,104843.30717,48581.841616,0.0,0.0,0.0,13165.169489,1054.540511,31323.76,4.898044
2019-04-21,8,173881.255437,110074.949569,63806.305868,0.0,0.0,0.0,12863.45,3103.5,33139.5,5.246949
2019-04-21,9,224293.27116,161710.447693,62582.823467,0.0,0.0,0.0,13945.611987,2622.978013,34469.03,6.507096
2019-04-21,10,220971.881402,162061.957692,58909.92371,0.0,0.0,0.0,15271.21791,1769.62209,35709.34,6.18807
2019-04-21,11,235852.795842,169334.029689,66518.766153,0.0,0.0,0.0,15054.611246,3708.758754,36917.94,6.388569
2019-04-21,12,248616.319943,174536.732299,74079.587644,0.0,0.0,0.0,15199.13,4828.48,38093.0,6.526562
2019-04-21,13,265301.442667,188374.70609,76926.736576,0.0,0.0,0.0,15926.566398,4481.113602,39240.04,6.760988
2019-04-21,14,285304.02254,200227.932488,85076.090053,0.0,0.0,0.0,15398.357805,5285.112195,40270.32,7.084722
2019-04-21,15,308290.52946,217303.629671,90986.899789,0.0,0.0,0.0,14668.203,5573.037,41161.53,7.489773
2019-04-21,16,316803.243645,217297.049671,99506.193973,0.0,0.0,0.0,13883.856673,5038.413327,41614.69,7.612774
2019-04-21,17,312288.089026,217297.049671,94991.039355,0.0,0.0,0.0,13995.811705,3819.618295,41218.99,7.576316
2019-04-21,18,301970.834136,217942.046295,84028.787841,0.0,0.0,0.0,13732.030051,2666.699949,40341.53,7.485359
2019-04-21,19,310620.488605,217938.756295,92681.73231,0.0,0.0,0.0,12428.568576,2334.051424,40445.78,7.679923
2019-04-21,20,303577.998214,217938.756295,85639.241919,0.0,0.0,0.0,12656.825644,2202.464356,39743.75,7.638383
2019-04-21,21,237009.837126,161096.755562,75913.081564,0.0,0.0,0.0,13111.005388,3101.504612,37476.56,6.324215
2019-04-21,22,177591.260548,130554.19829,47037.062258,0.0,0.0,0.0,15261.078018,1814.441982,34526.32,5.143649
2019-04-21,23,126178.519577,81533.584149,44644.935428,0.0,0.0,0.0,15204.244905,1825.435095,32131.48,3.926944
2019-04-22,0,113739.696708,77722.842165,36016.854543,0.0,0.0,0.0,15174.448735,1616.731265,30665.12,3.70909
2019-04-22,1,105089.935408,71468.522108,33621.413301,0.0,0.0,0.0,14838.649477,1614.530523,29766.03,3.530532
2019-04-22,2,105687.801875,71250.623833,34437.178042,0.0,0.0,0.0,14420.676274,1415.133726,29428.91,3.591292
2019-04-22,3,115828.413116,80405.102115,35423.311,0.0,0.0,0.0,13851.592937,1243.857063,29689.6,3.901313
2019-04-22,4,147834.704553,100457.197971,47377.506583,0.0,0.0,0.0,13079.296,789.024,31317.36,4.720535
2019-04-22,5,210374.384623,142958.256005,67416.128617,0.0,0.0,0.0,12316.037,976.463,33988.67,6.189544
2019-04-22,6,233064.27574,149017.266729,84047.009011,0.0,0.0,0.0,9908.753432,2555.866568,35180.5,6.624814
2019-04-22,7,304712.660265,224028.274744,80684.385521,0.0,0.0,0.0,10102.516282,494.943718,36236.51,8.408996
2019-04-22,8,307226.66038,224024.984744,83201.675636,0.0,0.0,0.0,12322.006279,495.373721,37728.6,8.143071
2019-04-22,9,308370.40115,212317.354202,96053.046948,0.0,0.0,0.0,13499.730776,985.129224,39217.21,7.86314
2019-04-22,10,330886.658721,228233.894743,102652.763978,0.0,0.0,0.0,14387.791704,1125.038296,40739.21,8.122069
2019-04-22,11,360673.180259,250518.874536,110154.305723,0.0,0.0,0.0,13905.267864,1249.482136,42034.64,8.58038
2019-04-22,12,381485.511865,260048.31656,121437.195305,0.0,0.0,0.0,13218.993,1900.137,43222.43,8.826101
2019-04-22,13,413744.941986,280124.370267,133620.571718,0.0,0.0,0.0,13124.072,2323.958,44158.12,9.369623
2019-04-22,14,416417.813405,280117.790267,136300.023138,0.0,0.0,0.0,12749.817,2922.503,44844.47,9.285823
2019-04-22,15,426586.236064,287528.800267,139057.435797,0.0,0.0,0.0,12860.362,2729.408,45100.42,9.458587
2019-04-22,16,422495.752148,287525.510267,134970.241881,0.0,0.0,0.0,12461.294351,2369.215649,44900.0,9.409705
2019-04-22,17,406404.583528,287246.763131,119157.820396,0.0,0.0,0.0,13105.219711,1538.100289,43884.88,9.260697
2019-04-22,18,381371.281124,267319.983668,114051.297456,0.0,0.0,0.0,12874.573448,1208.166552,43100.49,8.848421
2019-04-22,19,392835.073545,267316.693668,125518.379877,0.0,0.0,0.0,12233.706,1178.114,43535.46,9.023336
2019-04-22,20,375877.902557,267316.693668,108561.208889,0.0,0.0,0.0,12608.203893,790.746107,42119.08,8.924172
2019-04-22,21,320524.592731,240462.265304,80062.327426,0.0,0.0,0.0,13989.117839,463.462161,39087.5,8.200181
2019-04-22,22,210595.38784,136107.279758,74488.108082,0.0,0.0,0.0,12328.278298,2792.931702,35830.6,5.877529
2019-04-22,23,173934.148199,128341.548461,45592.599738,0.0,0.0,0.0,14441.001453,822.508547,33364.31,5.21318
2019-04-23,0,138674.072585,97039.678025,41634.39456,0.0,0.0,0.0,14920.36,168.06,31845.94,4.354529
2019-04-23,1,121376.606992,80629.637225,40746.969767,0.0,0.0,0.0,14673.47,149.92,30894.97,3.928685
2019-04-23,2,139175.966975,97640.480889,41535.486086,0.0,0.0,0.0,12639.12,49.13,30434.52,4.572964
2019-04-23,3,166898.413119,114505.02749,52393.385629,0.0,0.0,0.0,9804.53,28.22,30722.79,5.432398
2019-04-23,4,222742.016652,157365.927129,65376.089522,0.0,0.0,0.0,8503.573,44.937,32462.73,6.861469
2019-04-23,5,314540.270518,230212.701754,84327.568764,0.0,0.0,0.0,7783.965,96.395,35462.45,8.869671
2019-04-23,6,323681.887396,230200.051754,93481.835642,0.0,0.0,0.0,7483.018595,175.721405,36761.09,8.805013
2019-04-23,7,327935.361462,230200.051754,97735.309708,0.0,0.0,0.0,7589.275,91.915,37181.25,8.819912
2019-04-23,8,329425.423421,230200.051754,99225.371667,0.0,0.0,0.0,8695.050742,434.219258,38140.12,8.637241
2019-04-23,9,333328.607996,230200.051754,103128.556242,0.0,0.0,0.0,9851.909,886.791,39238.19,8.495005
2019-04-23,10,381247.488473,291409.371552,89838.11692,0.0,0.0,0.0,12246.241122,841.528878,40140.28,9.497878
2019-04-23,11,379092.589874,281544.790429,97547.799446,0.0,0.0,0.0,11941.789225,2306.350775,40753.55,9.302075
2019-04-23,12,374459.49095,274055.225046,100404.265905,0.0,0.0,0.0,12514.559908,3162.100092,41367.93,9.051927
2019-04-23,13,418733.865956,319783.945244,98949.920713,0.0,0.0,0.0,12853.811844,3663.128156,41790.66,10.019795
2019-04-23,14,415365.622906,319419.785244,95945.837662,0.0,0.0,0.0,13015.133082,3398.396918,41963.59,9.898239
2019-04-23,15,388766.578891,288423.482299,100343.096592,0.0,0.0,0.0,13389.515,2751.205,42188.95,9.214891
2019-04-23,16,388002.467519,288957.942497,99044.525022,0.0,0.0,0.0,13476.014854,1326.445146,41972.0,9.244317
2019-04-23,17,386091.946267,287897.836218,98194.110049,0.0,0.0,0.0,12502.995172,1493.974828,41516.55,9.299712
2019-04-23,18,360761.086554,254627.648352,106133.438201,0.0,0.0,0.0,11686.54012,1788.30988,41369.01,8.720564
2019-04-23,19,369746.992263,254607.908352,115139.083911,0.0,0.0,0.0,10744.067,1468.883,41799.97,8.845628
2019-04-23,20,353118.195636,254607.908352,98510.287283,0.0,0.0,0.0,10918.989707,1456.220293,40556.88,8.70674
2019-04-23,21,296617.692127,229694.398022,66923.294105,0.0,0.0,0.0,12746.575223,1299.734777,37617.5,7.885098
2019-04-23,22,195257.820985,135328.062683,59929.758302,0.0,0.0,0.0,13101.020236,2127.319764,34477.32,5.66337
2019-04-23,23,151652.998317,108948.310095,42704.688222,0.0,0.0,0.0,14135.664973,917.455027,32235.92,4.704472
2019-04-24,0,135830.241128,97272.634849,38557.606278,0.0,0.0,0.0,14132.870006,519.499994,30874.67,4.399407
2019-04-24,1,127732.342358,85773.763449,41958.578909,0.0,0.0,0.0,13040.580006,519.499994,30188.93,4.231099
2019-04-24,2,149115.707434,96985.614266,52130.093168,0.0,0.0,0.0,10704.1,239.62,29862.41,4.993425
2019-04-24,3,178430.288337,118345.743787,60084.54455,0.0,0.0,0.0,8951.45,52.97,30182.81,5.911653
2019-04-24,4,246564.112206,174178.130688,72385.981518,0.0,0.0,0.0,6905.45,0.0,31941.18,7.719318
2019-04-24,5,360400.432173,261033.059502,99367.372671,0.0,0.0,0.0,5471.59,0.0,35091.0,10.270452
2019-04-24,6,377923.064019,261026.479502,116896.584517,0.0,0.0,0.0,4999.37,0.0,36376.64,10.389169
2019-04-24,7,373795.576974,261026.479502,112769.097472,0.0,0.0,0.0,5709.59,31.97,36882.0,10.134905
2019-04-24,8,367498.787354,261026.479502,106472.307852,0.0,0.0,0.0,7018.95,29.67,37531.94,9.791628
2019-04-24,9,361667.312071,256827.439503,104839.872568,0.0,0.0,0.0,8175.03,27.5,38328.22,9.436058
2019-04-24,10,410616.671226,312668.557626,97948.1136,0.0,0.0,0.0,9201.51,14.14,38880.75,10.560925
2019-04-24,11,338581.375023,237644.899611,100936.475412,0.0,0.0,0.0,9297.94,0.0,39202.34,8.636764
2019-04-24,12,338661.473783,237644.899611,101016.574172,0.0,0.0,0.0,9653.78,24.47,39648.41,8.541616
2019-04-24,13,344040.661347,244919.856719,99120.804627,0.0,0.0,0.0,9993.97,24.03,39991.29,8.60289
2019-04-24,14,356423.16526,253660.053502,102763.111757,0.0,0.0,0.0,9474.61,29.91,40308.82,8.842312
2019-04-24,15,363072.890623,253656.763502,109416.127121,0.0,0.0,0.0,8959.8,55.41,40571.48,8.948968
2019-04-24,16,364249.556913,260378.055694,103871.501219,0.0,0.0,0.0,9445.96,96.85,40567.54,8.978843
2019-04-24,17,379613.533606,267785.775693,111827.757913,0.0,0.0,0.0,8082.06,232.43,40330.74,9.412511
2019-04-24,18,382984.806488,267782.485693,115202.320794,0.0,0.0,0.0,7204.63,403.77,40075.07,9.556685
2019-04-24,19,404873.247085,289779.389542,115093.857543,0.0,0.0,0.0,7459.500006,519.499994,40341.75,10.036085
2019-04-24,20,416148.390822,289772.809542,126375.58128,0.0,0.0,0.0,4681.390006,519.499994,39332.67,10.580222
2019-04-24,21,403607.172071,289772.809542,113834.362529,0.0,0.0,0.0,3171.91,376.75,36653.83,11.011323
2019-04-24,22,319927.713461,221539.854169,98387.859292,0.0,0.0,0.0,2975.8,261.67,33761.56,9.476094
2019-04-24,23,276199.784804,180630.942556,95568.842248,0.0,0.0,0.0,2608.75,232.76,31723.92,8.706357
2019-04-25,0,254627.365374,164191.290639,90436.074736,0.0,0.0,0.0,2550.96,219.66,30503.84,8.347387
2019-04-25,1,239486.720197,159201.662288,80285.057909,0.0,0.0,0.0,2816.33,222.78,29617.38,8.08602
2019-04-25,2,224851.059726,143189.798396,81661.26133,0.0,0.0,0.0,2938.62,214.75,29260.66,7.684415
2019-04-25,3,222008.731169,143189.798396,78818.932773,0.0,0.0,0.0,3402.97,210.04,29514.92,7.521915
2019-04-25,4,260593.405351,185226.226247,75367.179104,0.0,0.0,0.0,4209.98,211.56,31186.82,8.355883
2019-04-25,5,320301.463435,192488.023355,127813.44008,0.0,0.0,0.0,4409.30803,195.35197,34359.55,9.322051
2019-04-25,6,369980.688775,267505.61137,102475.077405,0.0,0.0,0.0,4697.03,212.16,35436.75,10.440593
2019-04-25,7,371511.374118,267502.32137,104009.052747,0.0,0.0,0.0,5141.95,213.59,35958.58,10.331648
2019-04-25,8,363229.111696,258762.124587,104466.987109,0.0,0.0,0.0,6579.77,185.18,36961.45,9.827242
2019-04-25,9,352954.779601,247291.417479,105663.362121,0.0,0.0,0.0,8369.21,187.26,38205.09,9.238423
2019-04-25,10,356054.822419,254012.709671,102042.112748,0.0,0.0,0.0,10440.14,122.64,39453.88,9.024583
2019-04-25,11,379402.869493,265486.706778,113916.162715,0.0,0.0,0.0,10176.073008,880.976992,40630.78,9.337819
2019-04-25,12,396972.2195,274223.613561,122748.605938,0.0,0.0,0.0,10604.485079,2112.084921,42246.9,9.396482
2019-04-25,13,416819.461473,287024.710161,129794.751312,0.0,0.0,0.0,11738.913211,2599.926789,43874.24,9.500323
2019-04-25,14,458284.474385,320531.829434,137752.644951,0.0,0.0,0.0,11961.833902,3117.236098,45469.11,10.079029
2019-04-25,15,480035.767953,332295.564682,147740.203271,0.0,0.0,0.0,11810.73357,4155.50643,47039.14,10.205029
2019-04-25,16,489573.113541,332288.984682,157284.128859,0.0,0.0,0.0,11580.367,4310.683,47635.97,10.277383
2019-04-25,17,484289.300852,332288.984682,152000.31617,0.0,0.0,0.0,11373.312215,2786.757785,47047.73,10.293574
2019-04-25,18,504689.751351,362631.089292,142058.662059,0.0,0.0,0.0,9226.066061,2126.233939,45512.85,11.088951
2019-04-25,19,533654.885848,372146.065219,161508.820629,0.0,0.0,0.0,6639.735,1280.535,44858.15,11.896498
2019-04-25,20,526022.383948,372142.775219,153879.608729,0.0,0.0,0.0,5223.392967,866.467033,43056.96,12.216896
2019-04-25,21,468013.884941,347334.922603,120678.962338,0.0,0.0,0.0,4914.995912,516.284088,39734.24,11.778604
2019-04-25,22,340317.528174,238444.871418,101872.656756,0.0,0.0,0.0,4442.07,428.07,36150.49,9.413912
2019-04-25,23,297255.427599,200200.523355,97054.904244,0.0,0.0,0.0,3490.66,414.11,33360.18,8.910486
2019-04-26,0,274123.087535,183760.871438,90362.216098,0.0,0.0,0.0,3053.6,401.06,31557.04,8.686591
2019-04-26,1,249271.674273,166917.452288,82354.221985,0.0,0.0,0.0,3058.79,388.78,30339.38,8.21611
2019-04-26,2,234451.809273,150461.465505,83990.343768,0.0,0.0,0.0,2929.82,383.48,29669.28,7.902174
2019-04-26,3,232861.389477,150461.465505,82399.923972,0.0,0.0,0.0,3292.74,380.08,29882.51,7.792565
2019-04-26,4,260239.3154,182369.186396,77870.129003,0.0,0.0,0.0,4165.96,378.32,31360.14,8.298411
2019-04-26,5,304781.73779,194216.397196,110565.340594,0.0,0.0,0.0,3931.57,298.79,34110.15,8.935221
2019-04-26,6,356559.004079,245851.895319,110707.10876,0.0,0.0,0.0,4271.497,150.223,35160.87,10.14079
2019-04-26,7,351648.495937,245849.115319,105799.380617,0.0,0.0,0.0,5168.85,307.99,36111.67,9.737808
2019-04-26,8,356806.524594,245849.115319,110957.409275,0.0,0.0,0.0,6323.22,244.35,37545.43,9.503328
2019-04-26,9,354232.073144,245849.115319,108382.957825,0.0,0.0,0.0,8463.18,191.71,38987.44,9.0858
2019-04-26,10,366770.692157,258011.795295,108758.896862,0.0,0.0,0.0,10137.845567,1413.214433,40363.52,9.086687
2019-04-26,11,385426.636331,263001.423646,122425.212685,0.0,0.0,0.0,10190.000414,2607.459586,41839.26,9.212081
2019-04-26,12,430861.45509,307200.736846,123660.718244,0.0,0.0,0.0,11178.244,3396.266,43631.04,9.875113
2019-04-26,13,436579.346479,307842.443469,128736.90301,0.0,0.0,0.0,12556.074968,3982.845032,45166.79,9.665937
2019-04-26,14,457433.201841,317378.465493,140054.736348,0.0,0.0,0.0,12617.895,4670.505,46443.25,9.849294
2019-04-26,15,477019.851229,324786.185493,152233.665737,0.0,0.0,0.0,12914.628,4543.462,47450.48,10.053004
2019-04-26,16,474184.939822,324782.895493,149402.044329,0.0,0.0,0.0,13092.227593,3594.832407,47516.84,9.979303
2019-04-26,17,456789.837907,317375.175493,139414.662414,0.0,0.0,0.0,12073.032269,3775.287731,46314.23,9.86284
2019-04-26,18,431522.610983,317375.175493,114147.43549,0.0,0.0,0.0,11653.681031,2731.838969,44236.35,9.754933
2019-04-26,19,404705.524676,273175.862293,131529.662383,0.0,0.0,0.0,10162.778,2181.092,43216.98,9.364503
2019-04-26,20,387478.865112,273175.862293,114303.002819,0.0,0.0,0.0,9472.935231,2293.434769,41704.59,9.291036
2019-04-26,21,350970.741384,258433.84766,92536.893724,0.0,0.0,0.0,9914.642292,1621.087708,39175.58,8.958916
2019-04-26,22,257200.780056,172567.462669,84633.317387,0.0,0.0,0.0,9851.621711,1785.768289,36203.42,7.104323
2019-04-26,23,204439.921551,141100.126777,63339.794774,0.0,0.0,0.0,10576.85459,1210.09541,33593.17,6.085759
2019-04-27,0,174907.17978,122376.122052,52531.057728,0.0,0.0,0.0,10924.868488,1136.961512,31707.86,5.516209
2019-04-27,1,150264.819614,98672.394856,51592.424758,0.0,0.0,0.0,10829.529395,1269.190605,30428.24,4.938334
2019-04-27,2,139204.858621,91020.655337,48184.203284,0.0,0.0,0.0,10820.8981,1689.9519,29735.33,4.681463
2019-04-27,3,136864.171509,90802.757062,46061.414447,0.0,0.0,0.0,10791.545632,2175.304368,29512.09,4.637563
2019-04-27,4,149492.184395,98808.598871,50683.585524,0.0,0.0,0.0,10373.437,2190.923,30014.67,4.980637
2019-04-27,5,158149.238793,98795.438871,59353.799922,0.0,0.0,0.0,10381.827641,2234.822359,30933.94,5.112483
2019-04-27,6,192420.597022,132408.966187,60011.630835,0.0,0.0,0.0,10267.540719,2207.429281,31893.93,6.033142
2019-04-27,7,220607.748926,136949.136186,83658.61274,0.0,0.0,0.0,9801.888,2301.642,34115.08,6.466576
2019-04-27,8,295205.504022,216522.974201,78682.529821,0.0,0.0,0.0,11202.528451,2318.261549,36318.48,8.128245
2019-04-27,9,315772.445105,231981.173176,83791.27193,0.0,0.0,0.0,12397.4948,2368.9152,38237.03,8.258289
2019-04-27,10,309849.294931,208595.793284,101253.501646,0.0,0.0,0.0,13260.013,2261.467,39773.43,7.790359
2019-04-27,11,314833.607944,220860.888743,93972.7192,0.0,0.0,0.0,14137.563201,2634.536799,41177.38,7.64579
2019-04-27,12,322751.059905,220854.308743,101896.751162,0.0,0.0,0.0,14409.596,3665.374,42474.36,7.598727
2019-04-27,13,364055.180228,265056.911943,98998.268285,0.0,0.0,0.0,15693.278719,3926.091281,43935.29,8.286168
2019-04-27,14,393784.018602,278604.984953,115179.033649,0.0,0.0,0.0,15564.061558,3807.878442,45322.66,8.688458
2019-04-27,15,436637.241543,304233.864119,132403.377423,0.0,0.0,0.0,15018.956,3513.294,46574.66,9.374996
2019-04-27,16,467841.960403,322570.054311,145271.906091,0.0,0.0,0.0,13858.105095,2056.094905,47113.23,9.930161
2019-04-27,17,460873.93437,321970.929887,138903.004483,0.0,0.0,0.0,13270.479876,129.060124,46219.03,9.971519
2019-04-27,18,440213.792237,313773.176143,126440.616094,0.0,0.0,0.0,11199.94,0.0,44315.75,9.933574
2019-04-27,19,444571.035542,313763.306143,130807.729399,0.0,0.0,0.0,9259.23,70.36,43466.79,10.227832
2019-04-27,20,435192.993519,313763.306143,121429.687376,0.0,0.0,0.0,8207.913268,301.196732,41938.89,10.376836
2019-04-27,21,367799.464924,269563.992943,98235.471981,0.0,0.0,0.0,9085.59,402.53,39609.69,9.285593
2019-04-27,22,302253.374298,232464.406669,69788.967629,0.0,0.0,0.0,10942.488752,1072.581248,36898.19,8.19155
2019-04-27,23,204825.628668,130435.603738,74390.02493,0.0,0.0,0.0,11042.330119,1106.589881,34368.78,5.959642
2019-04-28,0,180711.741475,124041.035841,56670.705634,0.0,0.0,0.0,11237.0188,1177.8912,32508.13,5.558971
2019-04-28,1,149458.145672,97617.450889,51840.694782,0.0,0.0,0.0,11661.873766,1163.846234,31179.57,4.793464
2019-04-28,2,143007.748505,92015.068491,50992.680014,0.0,0.0,0.0,10920.106763,982.323237,30303.58,4.71917
2019-04-28,3,144640.417093,92369.35849,52271.058602,0.0,0.0,0.0,10218.268,829.992,29832.88,4.848356
2019-04-28,4,151324.91577,97620.740889,53704.174881,0.0,0.0,0.0,9724.217,627.333,29722.47,5.091263
2019-04-28,5,162135.531168,107385.05589,54750.475279,0.0,0.0,0.0,9148.48,419.64,30086.52,5.388976
2019-04-28,6,183163.887814,125889.223738,57274.664076,0.0,0.0,0.0,8479.67,337.06,30670.06,5.972075
2019-04-28,7,220998.679844,149017.266729,71981.413115,0.0,0.0,0.0,7804.323,254.087,32606.13,6.777826
2019-04-28,8,234975.041541,149007.396729,85967.644812,0.0,0.0,0.0,9172.599,771.711,35065.09,6.70111
2019-04-28,9,303868.872308,224028.274744,79840.597564,0.0,0.0,0.0,11578.9,300.98,37179.15,8.173099
2019-04-28,10,309689.582368,216955.982553,92733.599815,0.0,0.0,0.0,13706.35,195.82,39376.58,7.864817
2019-04-28,11,350006.819425,244965.171927,105041.647498,0.0,0.0,0.0,14306.987,1400.013,41453.17,8.443427
2019-04-28,12,367992.463732,250161.294536,117831.169196,0.0,0.0,0.0,14366.614583,3923.675417,43483.01,8.462902
2019-04-28,13,412134.868818,293718.901113,118415.967706,0.0,0.0,0.0,15554.014,3724.906,45281.74,9.101569
2019-04-28,14,435276.424189,301989.854844,133286.569345,0.0,0.0,0.0,15927.709017,4085.200983,46793.56,9.302058
2019-04-28,15,455908.415754,309390.994844,146517.42091,0.0,0.0,0.0,15928.415,4014.185,47794.65,9.538901
2019-04-28,16,479353.931666,338635.033361,140718.898306,0.0,0.0,0.0,15749.221655,3343.868345,48094.91,9.966833
2019-04-28,17,468341.549011,331220.733361,137120.81565,0.0,0.0,0.0,14701.902812,3479.657188,47407.07,9.87915
2019-04-28,18,414590.367219,287021.420161,127568.947058,0.0,0.0,0.0,14274.117993,2533.252007,45786.53,9.054855
2019-04-28,19,416767.56921,281631.333561,135136.235648,0.0,0.0,0.0,12871.968,2149.722,45071.88,9.246731
2019-04-28,20,392058.762128,281628.043561,110430.718567,0.0,0.0,0.0,13330.453637,2238.746363,43649.43,8.98199
2019-04-28,21,329483.07152,246309.964537,83173.106983,0.0,0.0,0.0,14950.236577,2238.983423,40772.28,8.081056
2019-04-28,22,215789.157502,143376.061755,72413.095748,0.0,0.0,0.0,13981.410978,4295.669022,37368.63,5.774607
2019-04-28,23,172550.111993,123785.298461,48764.813533,0.0,0.0,0.0,15526.916683,2488.873317,34555.6,4.993405
2019-04-29,0,139210.385443,95354.862089,43855.523354,0.0,0.0,0.0,15379.238763,2037.171237,32827.0,4.240728
2019-04-29,1,126482.54358,83501.071289,42981.472291,0.0,0.0,0.0,14841.882654,2052.367346,31763.64,3.981991
2019-04-29,2,126779.40464,83501.071289,43278.333351,0.0,0.0,0.0,14270.547533,2050.712467,31373.66,4.04095
2019-04-29,3,142154.277818,94775.131992,47379.145826,0.0,0.0,0.0,13643.142329,2158.457671,31848.38,4.46347
2019-04-29,4,182549.339075,125423.487087,57125.851988,0.0,0.0,0.0,12919.788642,2182.631358,33655.82,5.424005
2019-04-29,5,275383.753787,200424.625102,74959.128685,0.0,0.0,0.0,13245.543,1918.847,36813.53,7.480504
2019-04-29,6,296156.427971,212323.934202,83832.493768,0.0,0.0,0.0,13149.765507,1739.324493,38050.62,7.783222
2019-04-29,7,309810.811363,219038.646393,90772.16497,0.0,0.0,0.0,12884.636128,1480.473872,39011.55,7.941515
2019-04-29,8,338922.72474,236572.685144,102350.039597,0.0,0.0,0.0,13229.99,1665.97,40467.4,8.375204
2019-04-29,9,366052.955714,250515.584536,115537.371178,0.0,0.0,0.0,13313.691,2360.759,42144.31,8.685703
2019-04-29,10,394625.262722,274362.956453,120262.306269,0.0,0.0,0.0,13354.435669,2784.944331,43672.95,9.03592
2019-04-29,11,405561.212109,274356.376453,131204.835656,0.0,0.0,0.0,13223.097778,3898.242222,44988.97,9.014681
2019-04-29,12,474045.328653,336901.749845,137143.578808,0.0,0.0,0.0,13911.238,2838.452,46539.98,10.185766
2019-04-29,13,483894.845171,336895.169845,146999.675327,0.0,0.0,0.0,14028.030476,1602.299524,47791.89,10.125041
2019-04-29,14,505094.25838,344170.126953,160924.131427,0.0,0.0,0.0,13993.867,1581.633,48640.17,10.384303
2019-04-29,15,532418.762886,366510.535576,165908.22731,0.0,0.0,0.0,13839.517611,1692.482389,49425.92,10.772056
2019-04-29,16,534341.078669,366503.955576,167837.123093,0.0,0.0,0.0,13737.2303,1853.0997,49469.28,10.801473
2019-04-29,17,509446.556623,347534.728249,161911.828374,0.0,0.0,0.0,13089.866,1310.014,48589.06,10.4848
2019-04-29,18,492328.476442,348171.055384,144157.421058,0.0,0.0,0.0,12599.621504,905.868496,47393.49,10.388103
2019-04-29,19,495118.005163,340756.755384,154361.249779,0.0,0.0,0.0,12241.182,492.768,47590.62,10.403689
2019-04-29,20,477518.101345,340756.755384,136761.345961,0.0,0.0,0.0,12345.538747,246.321253,46018.89,10.376567
2019-04-29,21,400254.276373,283756.345585,116497.930788,0.0,0.0,0.0,12724.180704,220.099296,43033.48,9.300997
2019-04-29,22,334850.356704,246309.964537,88540.392167,0.0,0.0,0.0,12682.594836,232.385164,39594.67,8.456955
2019-04-29,23,286715.576352,216118.407265,70597.169088,0.0,0.0,0.0,13133.901054,299.258946,37139.42,7.71998
2019-04-30,0,212583.855605,140749.81925,71834.036355,0.0,0.0,0.0,11879.551602,2039.938398,35545.66,5.980585
2019-04-30,1,186889.87004,127563.04383,59326.82621,0.0,0.0,0.0,13702.252319,564.167681,34579.29,5.404676
2019-04-30,2,177919.852057,117071.803878,60848.048179,0.0,0.0,0.0,13211.73,405.89,34157.3,5.208838
2019-04-30,3,191508.557725,130470.7993,61037.758425,0.0,0.0,0.0,12814.339,209.511,34504.99,5.55017
2019-04-30,4,232907.37072,159601.19598,73306.17474,0.0,0.0,0.0,12060.718,521.382,36288.78,6.418165
2019-04-30,5,324829.677244,234605.623995,90224.053249,0.0,0.0,0.0,12375.95,167.31,39462.91,8.231265
2019-04-30,6,347421.364483,246316.544537,101104.819946,0.0,0.0,0.0,12279.27,156.36,40693.8,8.537452
2019-04-30,7,357294.961181,246309.964537,110984.996644,0.0,0.0,0.0,11984.63,146.9,41399.4,8.630438
2019-04-30,8,381840.251897,265198.261644,116641.990253,0.0,0.0,0.0,12636.073,759.347,42511.63,8.982019
2019-04-30,9,403483.407781,274727.703668,128755.704113,0.0,0.0,0.0,12709.562,1804.648,43904.22,9.190083
2019-04-30,10,434328.308237,303971.742184,130356.566053,0.0,0.0,0.0,12769.756,2805.934,45282.56,9.591514
2019-04-30,11,463268.547058,313157.679433,150110.867625,0.0,0.0,0.0,12025.112,3810.678,46516.42,9.959248
2019-04-30,12,508025.12823,357356.992633,150668.135596,0.0,0.0,0.0,12521.318,3105.472,47861.38,10.614511
2019-04-30,13,528420.9038,357353.702633,171067.201167,0.0,0.0,0.0,12189.424764,2575.655236,48453.63,10.905703
2019-04-30,14,516218.121955,356479.488534,159738.633421,0.0,0.0,0.0,12950.787887,2977.332113,48541.24,10.63463
2019-04-30,15,520951.059434,355910.590259,165040.469174,0.0,0.0,0.0,12754.063669,2598.456331,48640.43,10.710248
2019-04-30,16,516194.09863,355910.590259,160283.50837,0.0,0.0,0.0,12340.592598,1803.147402,48052.0,10.742406
2019-04-30,17,493419.022,355631.843124,137787.178877,0.0,0.0,0.0,12686.683135,2164.866865,47122.54,10.470977
2019-04-30,18,448696.816914,313167.549433,135529.26748,0.0,0.0,0.0,12808.884919,1769.875081,46649.7,9.618429
2019-04-30,19,452196.502199,313154.389433,139042.112766,0.0,0.0,0.0,12312.841669,1641.678331,46944.1,9.632659
2019-04-30,20,440910.433648,313154.389433,127756.044214,0.0,0.0,0.0,12178.232488,1452.527512,45748.75,9.63765
2019-04-30,21,392004.501917,288746.532835,103257.969082,0.0,0.0,0.0,12980.112477,1031.437523,43012.87,9.113656
2019-04-30,22,320313.325412,237569.767754,82743.557658,0.0,0.0,0.0,13599.68657,824.66343,39920.96,8.023688
2019-04-30,23,232561.173264,149007.396729,83553.776535,0.0,0.0,0.0,12472.226974,2030.623026,37581.67,6.188154
2019-05-01,0,214583.59578,148159.751319,66423.844461,0.0,0.0,0.0,13076.015898,1178.994102,35930.41,5.9722
2019-05-01,1,186707.884841,125579.090789,61128.794052,0.0,0.0,0.0,12699.655637,1198.084363,34841.66,5.358754
2019-05-01,2,197557.615481,136121.060899,61436.554582,0.0,0.0,0.0,11256.460006,519.499994,34333.06,5.754151
2019-05-01,3,224884.674318,155844.047547,69040.62677,0.0,0.0,0.0,9779.7,344.19,34616.07,6.49654
2019-05-01,4,276605.357366,195812.680787,80792.676579,0.0,0.0,0.0,8940.64,207.16,36215.69,7.637722
2019-05-01,5,377968.212056,270820.398803,107147.813253,0.0,0.0,0.0,8415.18,143.02,39209.53,9.639703
2019-05-01,6,419803.792089,298393.700835,121410.091255,0.0,0.0,0.0,7619.984987,172.275013,40280.1,10.422114
2019-05-01,7,444744.24837,302586.160834,142158.087536,0.0,0.0,0.0,6682.142,16.718,41094.22,10.82255
2019-05-01,8,478956.317846,346785.474034,132170.843812,0.0,0.0,0.0,7941.960301,128.409699,42577.21,11.249124
2019-05-01,9,487189.123689,346782.184034,140406.939656,0.0,0.0,0.0,9148.06,98.0,44410.65,10.970097
2019-05-01,10,506693.553719,359586.570633,147106.983086,0.0,0.0,0.0,10525.1,34.83,45944.17,11.028462
2019-05-01,11,538549.653161,377926.050825,160623.602336,0.0,0.0,0.0,10313.90571,613.07429,47225.77,11.403724
2019-05-01,12,545181.611003,377922.760825,167258.850178,0.0,0.0,0.0,11359.542231,1218.787769,48478.39,11.245869
2019-05-01,13,558760.798886,377922.760825,180838.038061,0.0,0.0,0.0,11649.209084,1695.510916,49304.15,11.332936
2019-05-01,14,559886.943598,377922.760825,181964.182773,0.0,0.0,0.0,11763.437,1623.963,49452.67,11.321673
2019-05-01,15,547654.649378,377922.760825,169731.888554,0.0,0.0,0.0,12221.151806,1372.808194,49222.64,11.126072
2019-05-01,16,532827.096715,369182.564042,163644.532673,0.0,0.0,0.0,12465.522388,836.447612,48754.21,10.928843
2019-05-01,17,532191.391699,377429.405415,154761.986284,0.0,0.0,0.0,11834.749081,363.900919,48093.77,11.065703
2019-05-01,18,523668.983231,377929.340825,145739.642406,0.0,0.0,0.0,11049.648894,1096.831106,47465.6,11.0326
2019-05-01,19,485053.185615,333723.447625,151329.737991,0.0,0.0,0.0,10969.428,2142.522,47154.48,10.286471
2019-05-01,20,468433.287791,333723.447625,134709.840166,0.0,0.0,0.0,10447.221183,1315.188817,45487.77,10.298005
2019-05-01,21,411844.996859,307976.247433,103868.749426,0.0,0.0,0.0,11243.588868,560.831132,42392.97,9.714936
2019-05-01,22,285492.389508,193629.495145,91862.894363,0.0,0.0,0.0,11190.359829,727.900171,39033.56,7.314024
2019-05-01,23,230249.955157,162552.179739,67697.775418,0.0,0.0,0.0,11564.03929,843.50071,36314.1,6.340511
2019-05-02,0,210065.333145,149088.609651,60976.723494,0.0,0.0,0.0,11056.213084,1677.716916,34699.54,6.053836
2019-05-02,1,183076.308479,121779.34685,61296.961628,0.0,0.0,0.0,10998.779792,1359.140208,33640.92,5.442072
2019-05-02,2,167658.329308,116789.718499,50868.610808,0.0,0.0,0.0,11909.904313,1240.105687,32968.62,5.085391
2019-05-02,3,165910.165615,116510.971364,49399.194251,0.0,0.0,0.0,12536.075356,1236.444644,33044.06,5.020877
2019-05-02,4,212795.590503,150864.289197,61931.301306,0.0,0.0,0.0,11203.206656,1693.783344,34537.14,6.161355
2019-05-02,5,285912.599514,202483.337321,83429.262193,0.0,0.0,0.0,11345.734262,486.975738,37396.42,7.645454
2019-05-02,6,287512.540478,202480.557321,85031.983157,0.0,0.0,0.0,11807.86,184.82,38333.31,7.500332
2019-05-02,7,290799.968193,209201.849512,81598.118681,0.0,0.0,0.0,11990.38,95.17,38523.76,7.548587
2019-05-02,8,320762.872183,230209.921754,90552.950429,0.0,0.0,0.0,11978.27,0.0,39585.21,8.103099
2019-05-02,9,337203.061659,234402.381753,102800.679906,0.0,0.0,0.0,11722.775514,101.604486,41007.87,8.222887
2019-05-02,10,371169.313651,267792.355693,103376.957958,0.0,0.0,0.0,12051.411,669.389,42525.01,8.728259
2019-05-02,11,412130.332854,286125.255885,126005.076969,0.0,0.0,0.0,11129.088629,1467.991371,44028.39,9.360559
2019-05-02,12,458435.282286,330324.569085,128110.713201,0.0,0.0,0.0,11681.894668,2236.115332,45436.4,10.089604
2019-05-02,13,469668.594001,329691.53195,139977.062051,0.0,0.0,0.0,12386.858476,2483.761524,46380.1,10.126511
2019-05-02,14,468166.587214,320437.547062,147729.040152,0.0,0.0,0.0,12690.397737,2858.072263,46739.68,10.01647
2019-05-02,15,464329.532154,320434.257062,143895.275092,0.0,0.0,0.0,13287.098802,2605.251198,46634.36,9.956812
2019-05-02,16,436633.332724,302094.77687,134538.555854,0.0,0.0,0.0,13103.995562,1354.054438,45676.96,9.559159
2019-05-02,17,406881.330271,294469.158596,112412.171676,0.0,0.0,0.0,13039.149191,2184.390809,44230.17,9.199181
2019-05-02,18,358050.818939,250845.32367,107205.495269,0.0,0.0,0.0,12755.701047,2293.888953,43292.18,8.270566
2019-05-02,19,358800.034754,246639.703671,112160.331083,0.0,0.0,0.0,12215.994,2126.746,43019.54,8.340397
2019-05-02,20,343554.325122,246639.703671,96914.621451,0.0,0.0,0.0,12532.546708,1866.043292,41626.34,8.253292
2019-05-02,21,295204.012265,222928.384646,72275.627619,0.0,0.0,0.0,13845.114972,579.745028,38802.58,7.607845
2019-05-02,22,210352.265436,137623.200481,72729.064955,0.0,0.0,0.0,12351.963202,2030.856798,35768.19,5.880987
2019-05-02,23,175383.956892,123611.511893,51772.444999,0.0,0.0,0.0,13211.998776,681.931224,33354.58,5.258167
2019-05-03,0,163970.855381,117266.650493,46704.204888,0.0,0.0,0.0,12728.71,214.35,32006.09,5.123114
2019-05-03,1,145505.465766,94411.259593,51094.206173,0.0,0.0,0.0,11980.49,216.89,31180.59,4.66654
2019-05-03,2,147861.681526,94407.969593,53453.711933,0.0,0.0,0.0,11189.61,170.99,30856.12,4.791973
2019-05-03,3,170368.301202,115828.104889,54540.196313,0.0,0.0,0.0,10577.26,156.39,31242.97,5.453012
2019-05-03,4,220065.018463,151877.564473,68187.45399,0.0,0.0,0.0,9439.36,171.91,33024.3,6.66373
2019-05-03,5,315785.551164,229402.921386,86382.629778,0.0,0.0,0.0,9239.36,170.09,35950.27,8.783955
2019-05-03,6,341322.893783,241664.216845,99658.676938,0.0,0.0,0.0,8897.89,172.04,37286.12,9.154154
2019-05-03,7,356133.998047,251069.249453,105064.748593,0.0,0.0,0.0,8687.58,176.36,37966.44,9.380232
2019-05-03,8,361154.803953,251062.669453,110092.1345,0.0,0.0,0.0,8661.918,65.252,38808.38,9.306104
2019-05-03,9,378518.301855,267505.61137,111012.690485,0.0,0.0,0.0,9109.327,46.473,39704.77,9.533321
2019-05-03,10,386435.31656,267502.32137,118932.99519,0.0,0.0,0.0,9421.64,101.49,40611.28,9.515468
2019-05-03,11,389401.043408,274223.613561,115177.429847,0.0,0.0,0.0,11068.9,166.38,41426.47,9.399812
2019-05-03,12,378344.270196,257138.965021,121205.305175,0.0,0.0,0.0,12384.969471,580.210529,42450.32,8.912636
2019-05-03,13,378305.26363,257138.965021,121166.298609,0.0,0.0,0.0,13126.258973,1936.551027,43028.27,8.792017
2019-05-03,14,399661.123794,273581.906938,126079.216856,0.0,0.0,0.0,12634.079,1234.721,43407.09,9.207278
2019-05-03,15,404291.404847,273578.616938,130712.787909,0.0,0.0,0.0,12156.379496,416.250504,43688.91,9.253868
2019-05-03,16,397372.88704,273593.866426,123779.020614,0.0,0.0,0.0,11958.372163,909.897837,43236.58,9.190664
2019-05-03,17,395705.86027,273590.576426,122115.283843,0.0,0.0,0.0,10398.806505,1674.623495,42236.45,9.368824
2019-05-03,18,392279.580068,273590.576426,118689.003642,0.0,0.0,0.0,9595.950146,2123.669854,41385.87,9.478587
2019-05-03,19,392031.875408,273654.715287,118377.160121,0.0,0.0,0.0,9778.278952,1939.111048,41406.84,9.467805
2019-05-03,20,397091.370316,273651.425287,123439.945029,0.0,0.0,0.0,8240.481364,1309.918636,40344.82,9.842438
2019-05-03,21,381934.885094,273872.613562,108062.271532,0.0,0.0,0.0,7556.565439,1165.704561,38383.2,9.950574
2019-05-03,22,345666.399613,257783.961644,87882.437969,0.0,0.0,0.0,7452.644556,1128.485444,35818.9,9.650391
2019-05-03,23,272313.463892,170909.29283,101404.171062,0.0,0.0,0.0,4828.75,531.42,33611.5,8.101794
2019-05-04,0,265025.34197,170909.29283,94116.04914,0.0,0.0,0.0,3530.42,357.89,31989.07,8.284872
2019-05-04,1,239818.905904,164191.290639,75627.615265,0.0,0.0,0.0,4205.24,189.03,30569.71,7.844985
2019-05-04,2,225558.096917,145255.472896,80302.624022,0.0,0.0,0.0,3313.44,135.92,29541.09,7.635402
2019-05-04,3,227639.755302,145255.472896,82384.282407,0.0,0.0,0.0,2838.82,135.18,29295.84,7.770378
2019-05-04,4,244078.400993,162178.966047,81899.434946,0.0,0.0,0.0,2834.07,189.19,29743.9,8.205999
2019-05-04,5,253003.67148,162169.096047,90834.575433,0.0,0.0,0.0,2714.67,265.95,30616.62,8.263606
2019-05-04,6,269240.89478,178612.037964,90628.856816,0.0,0.0,0.0,2959.11,368.59,31477.76,8.553369
2019-05-04,7,293033.624869,190465.828763,102567.796106,0.0,0.0,0.0,3737.259,374.521,33600.69,8.72106
2019-05-04,8,348046.948004,242101.326887,105945.621117,0.0,0.0,0.0,5369.543,355.617,35791.73,9.724228
2019-05-04,9,349017.236933,242098.546887,106918.690046,0.0,0.0,0.0,7076.920006,519.499994,37706.88,9.256062
2019-05-04,10,360410.577989,254551.933487,105858.644503,0.0,0.0,0.0,9127.855777,580.204223,39549.16,9.112977
2019-05-04,11,378918.589327,263292.13027,115626.459057,0.0,0.0,0.0,9574.545833,1528.914167,41074.16,9.22523
2019-05-04,12,424665.783878,307491.44347,117174.340408,0.0,0.0,0.0,10093.619872,2143.370128,42511.1,9.989527
2019-05-04,13,436622.340608,307270.255195,129352.085413,0.0,0.0,0.0,11154.83482,2223.10518,43991.87,9.925069
2019-05-04,14,445263.862386,306617.22937,138646.633016,0.0,0.0,0.0,12133.097772,2811.782228,45229.27,9.844595
2019-05-04,15,447950.668946,306613.93937,141336.729575,0.0,0.0,0.0,13364.668608,3040.231392,46006.52,9.736678
2019-05-04,16,438457.55501,299342.272262,139115.282748,0.0,0.0,0.0,13965.630208,3065.099792,46192.06,9.492055
2019-05-04,17,434719.085114,299342.272262,135376.812853,0.0,0.0,0.0,12776.462617,2201.277383,45291.56,9.598236
2019-05-04,18,438719.13962,323567.551393,115151.588227,0.0,0.0,0.0,11356.976712,1553.653288,43499.63,10.085583
2019-05-04,19,408104.646843,280235.872293,127868.77455,0.0,0.0,0.0,9416.535048,1447.964952,42646.94,9.569377
2019-05-04,20,395418.062853,280232.582293,115185.48056,0.0,0.0,0.0,8724.890768,973.629232,41155.13,9.60799
2019-05-04,21,367450.595835,263978.558078,103472.037757,0.0,0.0,0.0,7793.815714,463.264286,38916.13,9.442116
2019-05-04,22,303789.062215,207490.847345,96298.21487,0.0,0.0,0.0,6727.47,272.7,36204.05,8.391024
2019-05-04,23,263830.950312,178538.543963,85292.40635,0.0,0.0,0.0,5922.51,264.13,33818.18,7.801453
2019-05-05,0,237529.568203,162098.892046,75430.676157,0.0,0.0,0.0,5723.1,255.69,31916.73,7.442165
2019-05-05,1,206343.056722,137983.805787,68359.250934,0.0,0.0,0.0,6055.21,249.12,30628.53,6.736956
2019-05-05,2,195611.434414,125074.230122,70537.204291,0.0,0.0,0.0,5500.59,224.52,29728.85,6.579852
2019-05-05,3,194625.741205,125074.230122,69551.511083,0.0,0.0,0.0,5115.58,205.24,29252.03,6.65341
2019-05-05,4,202012.248502,130283.512732,71728.73577,0.0,0.0,0.0,4801.099,177.551,29321.79,6.889492
2019-05-05,5,203038.146959,130280.222732,72757.924228,0.0,0.0,0.0,4879.12,219.59,29683.95,6.839998
2019-05-05,6,226455.363749,155065.574446,71389.789303,0.0,0.0,0.0,5009.95,255.28,30332.25,7.465828
2019-05-05,7,260186.688026,174320.505245,85866.182781,0.0,0.0,0.0,5253.22,302.68,32650.71,7.968791
2019-05-05,8,273664.005152,174313.925245,99350.079907,0.0,0.0,0.0,7291.844811,1476.945189,35329.46,7.746057
2019-05-05,9,336067.786478,241927.08326,94140.703217,0.0,0.0,0.0,10683.666828,1135.133172,37900.6,8.867084
2019-05-05,10,347836.759622,240704.974461,107131.785162,0.0,0.0,0.0,12763.90012,1489.80988,40464.95,8.596001
2019-05-05,11,378431.336224,265537.113161,112894.223062,0.0,0.0,0.0,13583.587927,3839.232073,42680.32,8.866647
2019-05-05,12,395211.599695,265884.823161,129326.776534,0.0,0.0,0.0,13837.756877,5594.393123,44816.34,8.818471
2019-05-05,13,439659.569747,310084.136361,129575.433387,0.0,0.0,0.0,15304.821103,5053.568897,46694.2,9.415721
2019-05-05,14,463010.766827,318422.926761,144587.840066,0.0,0.0,0.0,16056.278306,4673.641694,48240.08,9.598051
2019-05-05,15,494042.522585,335369.958785,158672.563801,0.0,0.0,0.0,15531.218,4762.572,49315.18,10.018062
2019-05-05,16,499780.142847,335363.378785,164416.764062,0.0,0.0,0.0,14928.555,3922.375,49712.05,10.053501
2019-05-05,17,488477.994294,335363.378785,153114.61551,0.0,0.0,0.0,14574.022488,3289.337512,48821.22,10.005444
2019-05-05,18,471169.261539,340760.045384,130409.216154,0.0,0.0,0.0,14093.161308,2367.198692,47288.92,9.963629
2019-05-05,19,438855.679275,296557.442184,142298.237091,0.0,0.0,0.0,12654.06,2016.75,46389.6,9.460217
2019-05-05,20,417805.247622,296557.442184,121247.805438,0.0,0.0,0.0,13027.752787,2056.137213,44876.52,9.310108
2019-05-05,21,358621.107638,262749.616454,95871.491184,0.0,0.0,0.0,13717.01144,2077.31856,41622.26,8.616089
2019-05-05,22,290890.980811,217306.982553,73583.998258,0.0,0.0,0.0,13719.872579,1984.977421,37814.8,7.692517
2019-05-05,23,196466.091776,128490.159066,67975.93271,0.0,0.0,0.0,12410.927504,3568.062496,34863.09,5.635361
2019-05-06,0,167144.726421,120713.563109,46431.163312,0.0,0.0,0.0,14006.695812,1826.764188,32914.98,5.078075
2019-05-06,1,136232.411742,88057.321289,48175.090452,0.0,0.0,0.0,14031.46863,1545.53137,31869.34,4.274717
2019-05-06,2,137479.334412,89239.990563,48239.343849,0.0,0.0,0.0,13433.95759,1474.88241,31402.75,4.377939
2019-05-06,3,149540.687069,98773.069958,50767.617111,0.0,0.0,0.0,12956.9422,1500.2978,31732.2,4.712585
2019-05-06,4,198189.830912,133982.408301,64207.42261,0.0,0.0,0.0,12385.005,1494.815,33524.35,5.911817
2019-05-06,5,287621.218138,208983.546316,78637.671821,0.0,0.0,0.0,12259.786,1455.694,36505.66,7.878812
2019-05-06,6,319695.138361,228240.474743,91454.663618,0.0,0.0,0.0,11669.94532,1578.67468,37701.94,8.479541
2019-05-06,7,347950.638615,243841.062252,104109.576363,0.0,0.0,0.0,10513.729512,741.160488,38718.05,8.986781
2019-05-06,8,364620.169382,249043.764861,115576.404521,0.0,0.0,0.0,11208.460836,1108.369164,40376.93,9.030408
2019-05-06,9,414373.021652,293243.078061,121129.94359,0.0,0.0,0.0,12110.987,1732.333,42211.17,9.816668
2019-05-06,10,423676.541619,293239.788061,130436.753558,0.0,0.0,0.0,13820.108107,1428.661893,43727.1,9.689107
2019-05-06,11,462162.40293,321953.837019,140208.565911,0.0,0.0,0.0,13730.52749,2793.91251,45041.41,10.260833
2019-05-06,12,488096.061907,331731.403467,156364.65844,0.0,0.0,0.0,13045.467,3777.043,46545.27,10.48648
2019-05-06,13,524562.611238,359589.860633,164972.750605,0.0,0.0,0.0,12881.625,4302.825,47767.55,10.981568
2019-05-06,14,538828.926095,368775.797882,170053.128213,0.0,0.0,0.0,12413.966956,6149.983044,48598.07,11.087455
2019-05-06,15,539438.600514,366371.204509,173067.396004,0.0,0.0,0.0,12515.122,6412.368,49022.02,11.004006
2019-05-06,16,532921.719904,366371.204509,166550.515395,0.0,0.0,0.0,13005.927959,5634.052041,48799.65,10.920605
2019-05-06,17,508758.26623,357181.97726,151576.28897,0.0,0.0,0.0,14041.646654,3907.383346,47954.98,10.609081
2019-05-06,18,466369.859977,325840.516761,140529.343216,0.0,0.0,0.0,14170.636455,2524.363545,46950.38,9.93325
2019-05-06,19,472218.171468,325827.356761,146390.814706,0.0,0.0,0.0,12856.655,2300.135,46997.05,10.047826
2019-05-06,20,454130.043563,325827.356761,128302.686802,0.0,0.0,0.0,13198.329617,2168.620383,45644.36,9.949313
2019-05-06,21,379952.11668,277429.003562,102523.113117,0.0,0.0,0.0,13770.154724,2240.805276,42370.72,8.967327
2019-05-06,22,312191.130224,224024.984744,88166.14548,0.0,0.0,0.0,12743.149896,2306.820104,38768.63,8.052674
2019-05-06,23,237232.238832,148365.690105,88866.548727,0.0,0.0,0.0,10456.484007,4668.415993,35992.99,6.591068
2019-05-07,0,205535.819334,146327.34622,59208.473114,0.0,0.0,0.0,12012.8081,3170.6719,34127.35,6.022613
2019-05-07,1,165539.358842,111347.44118,54191.917662,0.0,0.0,0.0,13035.370386,2149.309614,33053.29,5.008257
2019-05-07,2,168619.517831,114043.941689,54575.576142,0.0,0.0,0.0,12042.106069,1607.393931,32512.19,5.186348
2019-05-07,3,195335.225021,135117.398289,60217.826732,0.0,0.0,0.0,10617.834,973.416,32926.94,5.932383
2019-05-07,4,255033.03347,180611.215111,74421.818359,0.0,0.0,0.0,9265.424656,345.925344,34689.05,7.351975
2019-05-07,5,360612.206669,262333.645317,98278.561352,0.0,0.0,0.0,8277.13,261.35,37766.85,9.548379
2019-05-07,6,410945.529181,296567.312184,114378.216997,0.0,0.0,0.0,6706.1,214.41,38893.89,10.565812
2019-05-07,7,431029.313505,296557.442184,134471.871321,0.0,0.0,0.0,5495.469,161.141,39881.79,10.807672
2019-05-07,8,423799.716983,296557.442184,127242.274798,0.0,0.0,0.0,8352.37,279.38,41502.85,10.21134
2019-05-07,9,421869.706963,279749.753052,142119.95391,0.0,0.0,0.0,10812.167,1560.223,43256.97,9.752641
2019-05-07,10,458940.172387,323952.356252,134987.816135,0.0,0.0,0.0,12322.871759,2642.158241,44871.09,10.22797
2019-05-07,11,460613.363474,323307.359629,137306.003845,0.0,0.0,0.0,14464.371838,3438.138162,46055.01,10.001374
2019-05-07,12,500091.217185,353689.917688,146401.299498,0.0,0.0,0.0,14961.741424,4371.788576,47397.09,10.551095
2019-05-07,13,505025.919133,360962.094796,144063.824337,0.0,0.0,0.0,16054.30723,3685.02277,48584.29,10.39484
2019-05-07,14,530633.054289,374007.72977,156625.324519,0.0,0.0,0.0,15309.028628,4747.521372,49369.64,10.748165
2019-05-07,15,554077.372721,386802.246369,167275.126352,0.0,0.0,0.0,14660.419,5012.381,49967.69,11.088713
2019-05-07,16,553813.859221,386798.956369,167014.902851,0.0,0.0,0.0,14187.269325,4575.460675,49929.85,11.091839
2019-05-07,17,536044.041849,385924.74227,150119.299579,0.0,0.0,0.0,14517.066809,3270.993191,48691.55,11.008975
2019-05-07,18,501985.485834,375781.741794,126203.74404,0.0,0.0,0.0,13984.639363,2395.060637,46918.39,10.69912
2019-05-07,19,470769.038353,331930.138594,138838.89976,0.0,0.0,0.0,12355.392,2106.848,46261.72,10.176211
2019-05-07,20,447757.20814,331926.848594,115830.359546,0.0,0.0,0.0,13130.334537,1955.385463,44741.8,10.007581
2019-05-07,21,381109.232285,296546.142045,84563.09024,0.0,0.0,0.0,14639.145873,1932.384127,41595.95,9.162172
2019-05-07,22,268384.554991,200869.379039,67515.175952,0.0,0.0,0.0,14485.751093,3196.278907,38185.69,7.028407
2019-05-07,23,220533.186768,168227.27196,52305.914807,0.0,0.0,0.0,15670.228336,2042.011664,35680.02,6.180859
2019-05-08,0,193827.481107,147212.450103,46615.031004,0.0,0.0,0.0,14863.084121,1555.605879,34039.71,5.694158
2019-05-08,1,154797.962247,99038.657094,55759.305153,0.0,0.0,0.0,12928.124,1400.976,33062.84,4.681932
2019-05-08,2,144573.040436,99038.657094,45534.383342,0.0,0.0,0.0,14547.333619,1593.926381,32522.62,4.445307
2019-05-08,3,142138.420939,93415.262969,48723.15797,0.0,0.0,0.0,14310.907487,1408.922513,32577.08,4.363142
2019-05-08,4,181266.989667,125794.600791,55472.388877,0.0,0.0,0.0,13838.024,1443.736,34050.34,5.3235
2019-05-08,5,251814.469621,177413.648915,74400.820706,0.0,0.0,0.0,14178.084,1296.366,37046.04,6.797338
2019-05-08,6,290509.355678,216233.412454,74275.943223,0.0,0.0,0.0,13553.146,1405.124,38312.46,7.582634
2019-05-08,7,315448.462195,222931.674646,92516.787549,0.0,0.0,0.0,11126.178918,1409.171082,39225.83,8.041856
2019-05-08,8,328703.616999,230203.341754,98500.275245,0.0,0.0,0.0,12225.546044,2054.293956,40407.16,8.134786
2019-05-08,9,339378.621022,233409.67513,105968.945893,0.0,0.0,0.0,12614.846,3238.374,41580.86,8.161895
2019-05-08,10,353254.413303,249849.327047,103405.086256,0.0,0.0,0.0,13195.742265,3642.347735,42597.94,8.292758
2019-05-08,11,361071.624417,249846.037047,111225.58737,0.0,0.0,0.0,12866.792911,4780.027089,43178.89,8.362226
2019-05-08,12,366036.673726,249846.037047,116190.636679,0.0,0.0,0.0,12757.82569,5308.88431,43612.69,8.392894
2019-05-08,13,359847.924762,249846.037047,110001.887716,0.0,0.0,0.0,13544.408365,4784.671635,43755.6,8.224043
2019-05-08,14,372572.296543,262798.77486,109773.521684,0.0,0.0,0.0,13568.890487,4507.039513,44146.94,8.439369
2019-05-08,15,378308.48385,263367.673134,114940.810716,0.0,0.0,0.0,13369.65974,3828.89026,44894.01,8.426703
2019-05-08,16,391402.744362,272835.647519,118567.096843,0.0,0.0,0.0,13488.296111,2751.863889,45412.29,8.618873
2019-05-08,17,401461.844713,272829.067519,128632.777194,0.0,0.0,0.0,12531.893,2339.757,45140.63,8.893581
2019-05-08,18,407984.828722,293790.474791,114194.35393,0.0,0.0,0.0,11899.144071,1573.315929,44701.63,9.126845
2019-05-08,19,437968.119403,310716.460718,127251.658685,0.0,0.0,0.0,10131.993,947.597,44860.93,9.762796
2019-05-08,20,437244.542701,310709.880718,126534.661983,0.0,0.0,0.0,8878.055275,767.594725,43851.19,9.971099
2019-05-08,21,366770.977324,259073.872594,107697.10473,0.0,0.0,0.0,8518.051296,697.458704,41051.57,8.934396
2019-05-08,22,306104.519682,212003.832146,94100.687536,0.0,0.0,0.0,8390.896386,749.243614,38043.35,8.046203
2019-05-08,23,261842.806175,174409.707965,87433.098211,0.0,0.0,0.0,7833.94,78.14,35741.83,7.325949
2019-05-09,0,240071.678223,157970.056048,82101.622176,0.0,0.0,0.0,7503.8,0.0,34425.83,6.973592
2019-05-09,1,226853.313358,152980.427697,73872.885661,0.0,0.0,0.0,7753.64,147.9,33504.76,6.770779
2019-05-09,2,236137.283495,155457.673855,80679.60964,0.0,0.0,0.0,6444.84,329.1,32958.35,7.164718
2019-05-09,3,256683.60894,171894.035772,84789.573168,0.0,0.0,0.0,5761.703826,887.346174,33360.01,7.69435
2019-05-09,4,315558.677642,221556.304169,94002.373473,0.0,0.0,0.0,5448.591188,1855.768812,35122.06,8.984629
2019-05-09,5,421255.738556,296560.732184,124695.006372,0.0,0.0,0.0,4971.2,1580.2,38227.4,11.019733
2019-05-09,6,422263.06455,296557.442184,125705.622366,0.0,0.0,0.0,6114.196105,1783.053895,39313.16,10.741011
2019-05-09,7,395579.116506,279952.41797,115626.698536,0.0,0.0,0.0,8521.904027,2192.435973,40177.78,9.845719
2019-05-09,8,405748.679891,280306.70797,125441.971921,0.0,0.0,0.0,9106.665654,2387.504346,41580.47,9.758155
2019-05-09,9,415509.683621,287024.710161,128484.97346,0.0,0.0,0.0,10503.818854,2613.161146,43148.7,9.629715
2019-05-09,10,426283.90697,294432.430161,131851.476809,0.0,0.0,0.0,12250.064611,2098.805389,44925.82,9.488617
2019-05-09,11,452328.889855,315390.547433,136938.342422,0.0,0.0,0.0,12688.000646,4163.509354,46508.06,9.725817
2019-05-09,12,461206.77783,315383.967433,145822.810397,0.0,0.0,0.0,13266.441969,5167.308031,48164.67,9.575624
2019-05-09,13,459261.648737,315383.967433,143877.681304,0.0,0.0,0.0,14642.6683,4722.0117,49161.11,9.341971
2019-05-09,14,450580.772158,315032.967433,135547.804725,0.0,0.0,0.0,14939.089711,5318.160289,49105.06,9.175852
2019-05-09,15,441662.663679,307761.300325,133901.363354,0.0,0.0,0.0,15150.083928,5064.806072,48986.48,9.016011
2019-05-09,16,435890.435788,315036.257433,120854.178354,0.0,0.0,0.0,15197.890798,4059.749202,47923.67,9.095515
2019-05-09,17,411349.855841,298947.605516,112402.250324,0.0,0.0,0.0,14289.594856,4075.435144,46211.91,8.901382
2019-05-09,18,342967.796577,223926.727501,119041.069076,0.0,0.0,0.0,13221.697,3669.213,44839.27,7.648826
2019-05-09,19,342251.15084,223926.727501,118324.423339,0.0,0.0,0.0,12433.998,2882.222,44123.18,7.75672
2019-05-09,20,320111.720001,223926.727501,96184.9925,0.0,0.0,0.0,12628.989413,2849.790587,42161.12,7.592581
2019-05-09,21,246678.197589,177773.455279,68904.74231,0.0,0.0,0.0,13838.944452,2117.565548,38529.15,6.402378
2019-05-09,22,176778.238261,120889.725388,55888.512873,0.0,0.0,0.0,14348.610347,1898.109653,35008.33,5.049605
2019-05-09,23,136321.816101,94228.887892,42092.928209,0.0,0.0,0.0,15048.181252,1713.388748,32475.71,4.197655
2019-05-10,0,114359.337739,77285.706346,37073.631393,0.0,0.0,0.0,15421.90406,1455.64594,30975.76,3.691898
2019-05-10,1,107111.992484,73645.484522,33466.507961,0.0,0.0,0.0,15084.616786,1281.533214,30072.23,3.561824
2019-05-10,2,104065.506866,70538.827321,33526.679545,0.0,0.0,0.0,14971.433846,856.026154,29738.05,3.499406
2019-05-10,3,109346.380178,74904.8021,34441.578078,0.0,0.0,0.0,14779.573702,550.106298,29978.48,3.647496
2019-05-10,4,139376.409447,98774.27047,40602.138977,0.0,0.0,0.0,14263.630006,519.499994,31403.94,4.438182
2019-05-10,5,200304.980938,137001.233858,63303.747081,0.0,0.0,0.0,12971.804,2106.886,34229.54,5.851816
2019-05-10,6,216152.846446,136981.493858,79171.352589,0.0,0.0,0.0,11557.076,3718.614,35606.16,6.070659
2019-05-10,7,272056.600316,212002.371873,60054.228444,0.0,0.0,0.0,14427.347133,921.232867,36224.18,7.510359
2019-05-10,8,272367.827265,195814.051305,76553.775959,0.0,0.0,0.0,13845.848157,1335.381843,37096.32,7.342179
2019-05-10,9,288748.967461,207193.596703,81555.370758,0.0,0.0,0.0,13527.123,1841.517,37682.53,7.662675
2019-05-10,10,301937.143738,224038.144744,77898.998994,0.0,0.0,0.0,13152.375116,1008.594884,37880.37,7.970808
2019-05-10,11,249740.186186,158419.009337,91321.176849,0.0,0.0,0.0,11892.79,2420.83,37791.6,6.608352
2019-05-10,12,249870.173549,158412.429337,91457.744212,0.0,0.0,0.0,11530.027,1918.983,38053.57,6.566274
2019-05-10,13,243174.540798,158412.429337,84762.111461,0.0,0.0,0.0,11958.679822,926.010178,38111.81,6.380556
2019-05-10,14,251141.172045,166124.762602,85016.409443,0.0,0.0,0.0,11717.004286,1000.625714,38120.38,6.588108
2019-05-10,15,256111.019625,166121.472602,89989.547023,0.0,0.0,0.0,11067.598,545.262,38189.18,6.706377
2019-05-10,16,255765.322543,166403.509738,89361.812805,0.0,0.0,0.0,11253.67,461.18,38218.77,6.692139
2019-05-10,17,255806.184491,166754.509738,89051.674754,0.0,0.0,0.0,10760.915136,551.824864,37946.67,6.741202
2019-05-10,18,260326.192284,175494.706521,84831.485763,0.0,0.0,0.0,10225.79,439.37,37523.28,6.937725
2019-05-10,19,271359.300474,175491.416521,95867.883953,0.0,0.0,0.0,9556.67,516.11,37890.1,7.161747
2019-05-10,20,280266.474344,175491.416521,104775.057823,0.0,0.0,0.0,8799.228,519.142,37272.48,7.519394
2019-05-10,21,267186.60298,175491.416521,91695.186459,0.0,0.0,0.0,7774.06,443.97,35625.8,7.499806
2019-05-10,22,239143.440473,161545.227128,77598.213344,0.0,0.0,0.0,7262.52,465.72,33638.62,7.109193
2019-05-10,23,226893.862447,144701.807978,82192.054469,0.0,0.0,0.0,5480.493,284.037,31783.63,7.138702
2019-05-11,0,226300.935553,144701.807978,81599.127574,0.0,0.0,0.0,4139.18,202.49,30458.89,7.429717
2019-05-11,1,226339.11656,144701.807978,81637.308581,0.0,0.0,0.0,3263.58,138.14,29579.62,7.65186
2019-05-11,2,228754.583353,144701.807978,84052.775375,0.0,0.0,0.0,2630.54,118.32,29153.9,7.846449
2019-05-11,3,236154.744688,151976.765087,84177.979601,0.0,0.0,0.0,2328.269,60.421,29105.99,8.113613
2019-05-11,4,252249.048953,168416.417004,83832.63195,0.0,0.0,0.0,2166.08,83.88,29527.55,8.542837
2019-05-11,5,277131.887061,178615.327964,98516.559097,0.0,0.0,0.0,1729.41,74.71,30605.61,9.054938
2019-05-11,6,330935.945566,226782.030972,104153.914593,0.0,0.0,0.0,1810.54,73.03,31764.35,10.418471
2019-05-11,7,339743.073014,235522.737756,104220.335258,0.0,0.0,0.0,2502.36,78.03,33342.67,10.189438
2019-05-11,8,345812.479747,235519.447756,110293.031991,0.0,0.0,0.0,3572.66,81.39,34955.72,9.892872
2019-05-11,9,347876.847132,235519.447756,112357.399376,0.0,0.0,0.0,4662.37,91.18,36061.91,9.646656
2019-05-11,10,341169.417573,235519.447756,105649.969818,0.0,0.0,0.0,6360.464936,117.145064,36622.18,9.315923
2019-05-11,11,324537.017185,221789.622622,102747.394563,0.0,0.0,0.0,6971.59,127.96,36604.3,8.86609
2019-05-11,12,316340.544374,221789.622622,94550.921753,0.0,0.0,0.0,7308.621608,610.428392,36263.84,8.723305
2019-05-11,13,299641.701598,214517.955513,85123.746085,0.0,0.0,0.0,8291.814196,1976.745804,35822.44,8.364637
2019-05-11,14,283219.247021,198078.303596,85140.943425,0.0,0.0,0.0,8493.605228,2095.804772,35528.2,7.971675
2019-05-11,15,275233.013399,191360.301405,83872.711994,0.0,0.0,0.0,8837.652174,2061.337826,35535.58,7.74528
2019-05-11,16,273925.871279,196353.219756,77572.651524,0.0,0.0,0.0,9305.522017,1788.297983,35554.99,7.704288
2019-05-11,17,289939.31944,210346.179055,79593.140384,0.0,0.0,0.0,8493.799366,1283.370634,35490.25,8.169549
2019-05-11,18,276454.076073,182769.663629,93684.412443,0.0,0.0,0.0,7464.615691,667.604309,35475.43,7.792832
2019-05-11,19,303605.905551,199206.025546,104399.880004,0.0,0.0,0.0,6446.620006,521.169994,36180.23,8.391486
2019-05-11,20,312011.223655,199202.735546,112808.488109,0.0,0.0,0.0,4811.08,122.44,35905.8,8.689717
2019-05-11,21,306009.25383,199202.735546,106806.518283,0.0,0.0,0.0,3859.81,153.41,34615.65,8.8402
2019-05-11,22,287382.989251,199202.735546,88180.253704,0.0,0.0,0.0,3877.06,55.14,32887.16,8.738456
2019-05-11,23,250112.266926,164191.290639,85920.976287,0.0,0.0,0.0,3521.05,39.47,31141.46,8.031488
2019-05-12,0,233415.914868,155451.093855,77964.821013,0.0,0.0,0.0,3280.59,29.5,29825.02,7.826178
2019-05-12,1,222807.558737,148179.426747,74628.13199,0.0,0.0,0.0,3197.05,24.64,28959.0,7.693897
2019-05-12,2,223570.685442,148179.426747,75391.258695,0.0,0.0,0.0,2661.62,0.0,28484.68,7.848805
2019-05-12,3,224575.76209,148179.426747,76396.335343,0.0,0.0,0.0,2412.4,0.0,28336.04,7.925446
2019-05-12,4,226920.793292,148179.426747,78741.366545,0.0,0.0,0.0,2335.52,0.0,28530.44,7.953638
2019-05-12,5,239584.792119,155454.383855,84130.408264,0.0,0.0,0.0,1948.97,0.0,28952.85,8.274999
2019-05-12,6,258617.928442,171894.035772,86723.89267,0.0,0.0,0.0,1898.89,71.15,29646.76,8.723312
2019-05-12,7,281991.646472,183747.826572,98243.8199,0.0,0.0,0.0,2254.69,192.66,31364.17,8.990885
2019-05-12,8,283104.665687,183744.536572,99360.129115,0.0,0.0,0.0,3501.14,121.51,33145.99,8.541144
2019-05-12,9,281856.995708,183744.536572,98112.459136,0.0,0.0,0.0,4864.14,75.58,34316.61,8.213428
2019-05-12,10,323866.802396,235383.324696,88483.477701,0.0,0.0,0.0,6903.18,21.66,35334.71,9.165684
2019-05-12,11,306722.746948,218940.892779,87781.85417,0.0,0.0,0.0,7794.811969,466.728031,36045.49,8.509324
2019-05-12,12,307148.578309,218940.892779,88207.68553,0.0,0.0,0.0,8708.307283,1047.582717,36890.64,8.325922
2019-05-12,13,318235.36323,227684.379562,90550.983668,0.0,0.0,0.0,9521.4071,1547.0929,37992.42,8.376286
2019-05-12,14,332185.871581,234402.381753,97783.489828,0.0,0.0,0.0,9999.748819,1657.071181,39246.17,8.46416
2019-05-12,15,346797.963647,241810.101753,104987.861894,0.0,0.0,0.0,10547.415,1526.485,40418.65,8.580147
2019-05-12,16,361549.123686,251346.123776,110202.999909,0.0,0.0,0.0,10714.974,1228.516,41183.14,8.779057
2019-05-12,17,401311.532869,295545.436976,105766.095893,0.0,0.0,0.0,10028.536548,261.883452,41254.42,9.727722
2019-05-12,18,419460.746216,311985.088893,107475.657322,0.0,0.0,0.0,8402.55,91.2,40667.34,10.314438
2019-05-12,19,409073.947351,288866.598814,120207.348537,0.0,0.0,0.0,7045.962,3.838,40357.02,10.136376
2019-05-12,20,418200.898364,288863.308814,129337.58955,0.0,0.0,0.0,5448.726,79.084,39593.66,10.56232
2019-05-12,21,402511.002088,288863.308814,113647.693274,0.0,0.0,0.0,4498.88,258.32,37300.79,10.790951
2019-05-12,22,303210.564409,208738.75757,94471.80684,0.0,0.0,0.0,4315.02,327.35,34150.48,8.878662
2019-05-12,23,260823.722053,173619.119613,87204.60244,0.0,0.0,0.0,3583.67,312.69,31637.3,8.244184
2019-05-13,0,237410.673738,157179.467696,80231.206042,0.0,0.0,0.0,3391.59,314.14,30093.97,7.888978
2019-05-13,1,219398.918243,144668.571441,74730.346803,0.0,0.0,0.0,3546.75,332.75,29228.09,7.50644
2019-05-13,2,211591.599357,137396.904332,74194.695025,0.0,0.0,0.0,3618.03,320.51,28849.24,7.334391
2019-05-13,3,212949.356058,137396.904332,75552.451725,0.0,0.0,0.0,3781.64,311.79,29192.62,7.29463
2019-05-13,4,259158.34376,183760.986572,75397.357188,0.0,0.0,0.0,4035.62,308.14,30847.31,8.401327
2019-05-13,5,290798.326544,192488.023355,98310.303189,0.0,0.0,0.0,4037.55,293.48,33677.46,8.634806
2019-05-13,6,373559.652738,267505.61137,106054.041368,0.0,0.0,0.0,4039.55,282.57,35015.24,10.668488
2019-05-13,7,383001.012947,267502.32137,115498.691577,0.0,0.0,0.0,4175.21,275.93,36028.1,10.630619
2019-05-13,8,385189.588215,267502.32137,117687.266845,0.0,0.0,0.0,5664.24,282.64,37584.27,10.248691
2019-05-13,9,388136.49758,267502.32137,120634.17621,0.0,0.0,0.0,7322.523,271.277,39222.93,9.895653
2019-05-13,10,394376.746977,274223.613561,120153.133416,0.0,0.0,0.0,9066.32,168.5,40671.76,9.696574
2019-05-13,11,419686.86589,291170.645585,128516.220305,0.0,0.0,0.0,9877.847387,1294.202613,42174.69,9.951155
2019-05-13,12,432954.11941,290534.31845,142419.80096,0.0,0.0,0.0,10436.352035,2917.797965,43756.42,9.894642
2019-05-13,13,473411.447579,334736.921649,138674.52593,0.0,0.0,0.0,11583.129419,2559.890581,45151.05,10.48506
2019-05-13,14,486964.61754,335015.668785,151948.948755,0.0,0.0,0.0,12594.187475,2607.842525,46627.53,10.443715
2019-05-13,15,522644.275191,358951.44401,163692.831182,0.0,0.0,0.0,12747.981,3151.739,47954.71,10.898706
2019-05-13,16,527644.329162,358941.57401,168702.755152,0.0,0.0,0.0,12507.206398,2342.033602,48405.9,10.900414
2019-05-13,17,513497.583732,347522.76876,165974.814972,0.0,0.0,0.0,12361.531129,1812.768871,47730.79,10.758204
2019-05-13,18,494525.805727,347816.765384,146709.040342,0.0,0.0,0.0,11400.390259,2103.869741,46239.93,10.694778
2019-05-13,19,486820.529447,347813.475384,139007.054063,0.0,0.0,0.0,10827.702061,2155.507939,45579.51,10.680688
2019-05-13,20,439759.586443,303968.452184,135791.134259,0.0,0.0,0.0,9993.794737,1561.375263,43874.59,10.023104
2019-05-13,21,408149.150815,296557.442184,111591.70863,0.0,0.0,0.0,8450.086278,775.603722,40288.29,10.130714
2019-05-13,22,352264.492749,253626.335979,98638.156771,0.0,0.0,0.0,6761.48,384.07,36520.56,9.645649
2019-05-13,23,261223.14601,178608.747964,82614.398046,0.0,0.0,0.0,6197.06,362.65,33764.97,7.736513
2019-05-14,0,231794.284893,155451.093855,76343.191038,0.0,0.0,0.0,5797.27,345.93,32012.92,7.240648
2019-05-14,1,217016.703012,143189.798396,73826.904616,0.0,0.0,0.0,5482.7,335.7,30910.01,7.02092
2019-05-14,2,218877.865643,143189.798396,75688.067247,0.0,0.0,0.0,4728.98,296.0,30372.98,7.206335
2019-05-14,3,231375.852199,150464.755505,80911.096694,0.0,0.0,0.0,4136.69,259.15,30549.1,7.573901
2019-05-14,4,287409.727939,205302.279954,82107.447985,0.0,0.0,0.0,3797.083,163.337,32031.43,8.972741
2019-05-14,5,389441.651353,280306.70797,109134.943383,0.0,0.0,0.0,2946.54,168.26,34766.9,11.201506
2019-05-14,6,433705.333439,306753.817242,126951.516197,0.0,0.0,0.0,2487.31,128.98,36160.84,11.993785
2019-05-14,7,448959.399361,313465.749433,135493.649928,0.0,0.0,0.0,2431.32,104.59,37473.21,11.98081
2019-05-14,8,455947.072961,320873.469433,135073.603528,0.0,0.0,0.0,3898.49,108.56,39269.16,11.610818
2019-05-14,9,463214.274435,320870.179433,142344.095002,0.0,0.0,0.0,5585.41,125.78,41379.31,11.194345
2019-05-14,10,490925.266589,341813.830609,149111.43598,0.0,0.0,0.0,7438.362,198.398,43544.32,11.274152
2019-05-14,11,546422.732713,389980.533618,156442.199095,0.0,0.0,0.0,8302.807738,1269.282262,45309.78,12.059708
2019-05-14,12,545819.559938,389977.753618,155841.80632,0.0,0.0,0.0,9054.698721,2213.071279,46891.08,11.640158
2019-05-14,13,587870.398563,434180.356818,153690.041745,0.0,0.0,0.0,10033.725519,2393.034481,48364.58,12.154978
2019-05-14,14,623804.151339,452519.83701,171284.314329,0.0,0.0,0.0,9723.592,2383.678,49534.12,12.593424
2019-05-14,15,645062.613394,452516.54701,192546.066384,0.0,0.0,0.0,9782.31,1681.96,50321.1,12.818929
2019-05-14,16,647730.868305,452516.54701,195214.321295,0.0,0.0,0.0,10016.896,921.584,50534.36,12.817633
2019-05-14,17,628280.122164,452516.54701,175763.575154,0.0,0.0,0.0,9787.395268,697.974732,49605.55,12.665521
2019-05-14,18,587545.107432,434177.066818,153368.040615,0.0,0.0,0.0,9586.435044,726.674956,48080.08,12.220136
2019-05-14,19,536805.341285,389977.753618,146827.587668,0.0,0.0,0.0,9926.948389,1012.501611,47192.59,11.37478
2019-05-14,20,517928.658925,372743.697691,145184.961234,0.0,0.0,0.0,8691.496995,575.613005,45537.8,11.373599
2019-05-14,21,484439.015293,372743.697691,111695.317601,0.0,0.0,0.0,7860.31,410.6,41962.64,11.544531
2019-05-14,22,361095.815432,262992.354987,98103.460445,0.0,0.0,0.0,7084.400435,390.159565,38106.12,9.476058
2019-05-14,23,317611.504848,233751.60647,83859.898377,0.0,0.0,0.0,6472.79,336.4,35121.03,9.043343
2019-05-15,0,291803.007529,215475.387664,76327.619865,0.0,0.0,0.0,5954.43,321.71,33166.0,8.798257
2019-05-15,1,229023.251714,148334.412255,80688.839459,0.0,0.0,0.0,5619.92,322.08,32040.02,7.148037
2019-05-15,2,227414.87771,148334.412255,79080.465455,0.0,0.0,0.0,5112.26,314.49,31370.01,7.249436
2019-05-15,3,235753.752484,155454.383855,80299.368629,0.0,0.0,0.0,4745.62,310.42,31394.48,7.509401
2019-05-15,4,287947.523721,202981.221179,84966.302542,0.0,0.0,0.0,4447.99,309.09,32887.33,8.755576
2019-05-15,5,366500.534215,254606.849302,111893.684913,0.0,0.0,0.0,4196.44,295.18,35577.27,10.301536
2019-05-15,6,398604.748519,282374.959542,116229.788976,0.0,0.0,0.0,4051.915,218.695,36913.35,10.79839
2019-05-15,7,419623.821764,293787.184791,125836.636973,0.0,0.0,0.0,3927.82,282.65,38309.28,10.953582
2019-05-15,8,465111.936846,337986.497991,127125.438855,0.0,0.0,0.0,5124.74,80.79,40441.4,11.500886
2019-05-15,9,480188.236112,337983.207991,142205.028121,0.0,0.0,0.0,6406.7,142.72,42658.89,11.256463
2019-05-15,10,516588.387983,362634.343918,153954.044065,0.0,0.0,0.0,8421.656,17.934,44994.26,11.481206
2019-05-15,11,614905.570491,452695.089854,162210.480637,0.0,0.0,0.0,8799.56702,572.49298,47108.06,13.053086
2019-05-15,12,646569.828876,471031.280046,175538.548831,0.0,0.0,0.0,9104.392411,1442.047589,49210.32,13.138907
2019-05-15,13,724590.114413,534494.149743,190095.964669,0.0,0.0,0.0,9417.043,1767.577,51026.13,14.200374
2019-05-15,14,725221.28187,534488.079743,190733.202127,0.0,0.0,0.0,9814.512704,1927.777296,52513.96,13.810067
2019-05-15,15,781532.492868,587162.362591,194370.130277,0.0,0.0,0.0,10012.133575,1609.246425,53743.35,14.541939
2019-05-15,16,785079.965397,587159.072591,197920.892807,0.0,0.0,0.0,9978.610896,953.839104,53926.2,14.558414
2019-05-15,17,740489.413662,540383.896064,200105.517597,0.0,0.0,0.0,9693.605737,349.724263,52722.3,14.045089
2019-05-15,18,709950.132264,540383.896064,169566.2362,0.0,0.0,0.0,8967.450612,576.559388,50573.31,14.03804
2019-05-15,19,636960.729296,477687.373738,159273.355557,0.0,0.0,0.0,9167.041111,1052.648889,49115.35,12.968669
2019-05-15,20,621560.495184,477680.793738,143879.701446,0.0,0.0,0.0,8634.466106,763.783894,47337.28,13.130465
2019-05-15,21,498601.405604,373051.767691,125549.637912,0.0,0.0,0.0,8365.193196,584.666804,43547.43,11.449617
2019-05-15,22,429800.852161,335987.74841,93813.103751,0.0,0.0,0.0,8454.66,472.82,39431.77,10.899862
2019-05-15,23,306614.794306,220061.248781,86553.545525,0.0,0.0,0.0,8165.515316,448.624684,36212.05,8.467203
2019-05-16,0,276406.651557,203621.596864,72785.054693,0.0,0.0,0.0,7935.952174,449.027826,34045.01,8.118859
2019-05-16,1,214320.758159,137983.805787,76336.952372,0.0,0.0,0.0,7839.049691,487.750309,32686.91,6.556776
2019-05-16,2,200411.960563,129645.015387,70766.945176,0.0,0.0,0.0,7975.62399,483.73601,31824.16,6.297478
2019-05-16,3,195594.501044,123250.44749,72344.053554,0.0,0.0,0.0,8374.888036,519.391964,31894.1,6.132623
2019-05-16,4,246695.670207,172587.202669,74108.467537,0.0,0.0,0.0,8674.891778,711.038222,33456.87,7.373543
2019-05-16,5,341324.780806,247588.340685,93736.440121,0.0,0.0,0.0,7779.84,338.15,36253.42,9.414968
2019-05-16,6,393847.0844,287034.580161,106812.504239,0.0,0.0,0.0,6618.48,310.02,37593.85,10.47637
2019-05-16,7,417356.29566,287021.420161,130334.875499,0.0,0.0,0.0,5661.013,142.187,39200.83,10.646619
2019-05-16,8,419228.962004,287021.420161,132207.541843,0.0,0.0,0.0,8166.696233,864.163767,41294.44,10.152189
2019-05-16,9,467029.033842,330945.276225,136083.757617,0.0,0.0,0.0,10925.407035,1667.002965,43803.27,10.661967
2019-05-16,10,483819.694553,336892.289987,146927.404565,0.0,0.0,0.0,13916.818117,1912.771883,46168.84,10.479356
2019-05-16,11,568099.622083,406013.002784,162086.619299,0.0,0.0,0.0,13586.021,3692.139,48507.01,11.711702
2019-05-16,12,597051.603819,428137.466006,168914.137813,0.0,0.0,0.0,13803.574,4107.876,50812.24,11.750153
2019-05-16,13,652340.874767,476297.589015,176043.285752,0.0,0.0,0.0,14033.572,4056.028,52540.92,12.415863
2019-05-16,14,674691.352666,500865.592862,173825.759804,0.0,0.0,0.0,14552.505633,3639.444367,53850.34,12.529008
2019-05-16,15,688396.138896,500508.012863,187888.126033,0.0,0.0,0.0,14342.855022,3270.114978,54839.7,12.552879
2019-05-16,16,687659.349595,500508.012863,187151.336732,0.0,0.0,0.0,14268.549124,2281.820876,54689.52,12.573878
2019-05-16,17,670263.315999,500508.012863,169755.303136,0.0,0.0,0.0,13909.382972,2674.827028,53430.74,12.544526
2019-05-16,18,618589.009333,475943.809015,142645.200318,0.0,0.0,0.0,13825.780462,2511.659538,51245.68,12.071047
2019-05-16,19,542518.925,392091.28375,150427.641249,0.0,0.0,0.0,13060.623197,2211.956803,49885.7,10.875239
2019-05-16,20,520814.080211,392087.99375,128726.086461,0.0,0.0,0.0,13333.841884,2098.248116,48218.71,10.801079
2019-05-16,21,438298.705632,338352.658527,99946.047105,0.0,0.0,0.0,13879.470697,2349.999303,44643.56,9.817736
2019-05-16,22,343088.921093,271098.887654,71990.033439,0.0,0.0,0.0,15410.53717,1578.47283,40800.19,8.409003
2019-05-16,23,275938.377869,218815.690322,57122.687547,0.0,0.0,0.0,15783.50138,1498.32862,37789.55,7.301976
2019-05-17,0,254394.758582,207952.873287,46441.885295,0.0,0.0,0.0,15695.564861,1343.115139,35734.37,7.11905
2019-05-17,1,194582.462096,141961.531061,52620.931035,0.0,0.0,0.0,15165.88353,1376.93647,34381.76,5.659468
2019-05-17,2,191936.476837,141743.632787,50192.84405,0.0,0.0,0.0,14676.064117,1396.765883,33612.05,5.710347
2019-05-17,3,203142.7578,151311.810116,51830.947685,0.0,0.0,0.0,14014.818536,1793.441464,33752.23,6.018647
2019-05-17,4,241608.236129,181835.54271,59772.693419,0.0,0.0,0.0,13231.60559,2099.89441,35229.99,6.858027
2019-05-17,5,277446.053198,197951.99751,79494.055689,0.0,0.0,0.0,13221.853946,2035.536054,38025.36,7.296343
2019-05-17,6,311921.918285,221080.543002,90841.375283,0.0,0.0,0.0,12746.173,2202.957,39343.43,7.928183
2019-05-17,7,338919.209829,234405.671753,104513.538075,0.0,0.0,0.0,11971.286,2545.074,40623.76,8.342881
2019-05-17,8,388002.48652,278601.694953,109400.791567,0.0,0.0,0.0,12546.363,3614.397,42553.33,9.118029
2019-05-17,9,422782.407395,295041.34687,127741.060525,0.0,0.0,0.0,13623.546947,3667.933053,44847.29,9.427156
2019-05-17,10,509130.099336,369707.934886,139422.16445,0.0,0.0,0.0,14350.246101,3711.763899,47228.34,10.780182
2019-05-17,11,535510.452799,389920.041485,145590.411314,0.0,0.0,0.0,15664.739344,3788.040656,49125.29,10.900912
2019-05-17,12,583171.876652,419887.293356,163284.583295,0.0,0.0,0.0,15334.953808,5125.206192,51246.63,11.379712
2019-05-17,13,642094.574661,468047.416365,174047.158296,0.0,0.0,0.0,15383.787,5419.563,53241.57,12.060023
2019-05-17,14,656071.911614,483631.536936,172440.374678,0.0,0.0,0.0,16046.472816,5097.507184,54471.57,12.0443
2019-05-17,15,670620.934799,483624.956936,186995.977863,0.0,0.0,0.0,15751.525,4956.445,55283.75,12.130525
2019-05-17,16,670216.228614,483624.956936,186591.271678,0.0,0.0,0.0,15435.495,4134.055,54996.45,12.186536
2019-05-17,17,648523.806531,483624.956936,164898.849595,0.0,0.0,0.0,14991.546072,3524.273928,53266.79,12.175012
2019-05-17,18,606950.169517,468579.019015,138371.150502,0.0,0.0,0.0,14428.472894,2602.197106,51049.59,11.889423
2019-05-17,19,546797.783178,393561.431,153236.352178,0.0,0.0,0.0,12989.14726,2224.79274,50207.22,10.89082
2019-05-17,20,530890.473164,393561.431,137329.042164,0.0,0.0,0.0,13718.61209,2067.47791,49084.21,10.815912
2019-05-17,21,474930.938982,362035.085128,112895.853855,0.0,0.0,0.0,14669.479275,2074.320725,46764.49,10.155803
2019-05-17,22,385558.761129,293477.729896,92081.031233,0.0,0.0,0.0,15210.789851,2047.070149,43868.67,8.788932
2019-05-17,23,330948.496191,254019.900471,76928.595721,0.0,0.0,0.0,15067.343042,2067.326958,41152.45,8.042012
2019-05-18,0,305617.787535,240907.330382,64710.457153,0.0,0.0,0.0,14801.439437,2016.650563,39049.41,7.826438
2019-05-18,1,247377.907782,177761.868914,69616.038868,0.0,0.0,0.0,14333.357156,2103.522844,37750.86,6.552908
2019-05-18,2,238569.21616,177410.868915,61158.347245,0.0,0.0,0.0,14398.136792,2040.163208,36727.55,6.495647
2019-05-18,3,229202.67479,168758.583619,60444.091171,0.0,0.0,0.0,14335.390967,1953.999033,36213.03,6.329287
2019-05-18,4,233316.839118,172214.573139,61102.265979,0.0,0.0,0.0,14159.106,1712.114,36323.66,6.423275
2019-05-18,5,244352.568181,182554.366414,61798.201767,0.0,0.0,0.0,14224.320862,1739.169138,36844.12,6.632064
2019-05-18,6,268168.308875,200653.274853,67515.034023,0.0,0.0,0.0,14179.068235,1623.331765,37883.62,7.07874
2019-05-18,7,311823.385449,224028.274744,87795.110705,0.0,0.0,0.0,13907.877612,1527.502388,39805.3,7.833715
2019-05-18,8,349491.47542,245312.881927,104178.593493,0.0,0.0,0.0,14330.240425,1978.429575,42048.8,8.311568
2019-05-18,9,389586.882236,266955.236453,122631.645783,0.0,0.0,0.0,13981.763,3069.107,43839.23,8.886718
2019-05-18,10,397435.911988,266948.656453,130487.255535,0.0,0.0,0.0,13974.174808,3987.455192,45245.64,8.78396
2019-05-18,11,401212.75753,266948.656453,134264.101077,0.0,0.0,0.0,14492.248,5124.282,45762.68,8.767248
2019-05-18,12,389114.310831,266948.656453,122165.654378,0.0,0.0,0.0,15312.488538,5377.271462,45770.1,8.501496
2019-05-18,13,374123.448255,257857.45967,116265.988585,0.0,0.0,0.0,15917.761095,4902.118905,45588.2,8.206585
2019-05-18,14,380050.279298,264635.771368,115414.50793,0.0,0.0,0.0,15654.37485,5366.25515,45684.0,8.319111
2019-05-18,15,382096.791263,264632.481368,117464.309894,0.0,0.0,0.0,15321.945403,5081.814597,45805.32,8.341756
2019-05-18,16,381810.456844,265489.996778,116320.460065,0.0,0.0,0.0,14853.405351,4113.244649,45416.65,8.406839
2019-05-18,17,390215.095596,265480.126778,124734.968817,0.0,0.0,0.0,14069.182,3851.648,45150.62,8.642519
2019-05-18,18,380437.079416,265480.126778,114956.952638,0.0,0.0,0.0,13574.057641,2875.962359,44576.48,8.53448
2019-05-18,19,417784.302731,296567.312184,121216.990546,0.0,0.0,0.0,12641.672,2194.668,44610.52,9.365152
2019-05-18,20,407725.756935,296557.442184,111168.314751,0.0,0.0,0.0,12223.290848,2304.789152,44153.69,9.23424
2019-05-18,21,343306.024993,217340.81417,125965.210823,0.0,0.0,0.0,10844.550777,2683.129223,42399.3,8.096974
2019-05-18,22,326901.203401,217340.81417,109560.389231,0.0,0.0,0.0,8913.528262,526.181738,40272.86,8.117159
2019-05-18,23,311012.334821,212007.122146,99005.212676,0.0,0.0,0.0,7779.470006,519.499994,38046.17,8.174603
2019-05-19,0,295794.744304,199202.735546,96592.008758,0.0,0.0,0.0,6763.749668,523.850332,36437.42,8.117884
2019-05-19,1,275669.34932,176431.902557,99237.446764,0.0,0.0,0.0,6078.050006,519.499994,35302.43,7.808792
2019-05-19,2,281090.872535,180634.232556,100456.639979,0.0,0.0,0.0,5191.690006,519.499994,34614.73,8.120557
2019-05-19,3,285183.035796,180630.942556,104552.09324,0.0,0.0,0.0,4482.001,462.119,34279.91,8.319247
2019-05-19,4,301581.912444,199209.315546,102372.596897,0.0,0.0,0.0,4027.320006,519.499994,34151.26,8.83077
2019-05-19,5,320051.223055,208395.252796,111655.970259,0.0,0.0,0.0,2963.95,255.43,34209.54,9.355613
2019-05-19,6,351804.862609,238146.671418,113658.191191,0.0,0.0,0.0,2576.77,106.47,34874.92,10.087618
2019-05-19,7,430658.264061,301197.684791,129460.57927,0.0,0.0,0.0,2963.26,0.0,37364.66,11.525818
2019-05-19,8,440887.515089,310713.170718,130174.344371,0.0,0.0,0.0,4638.123,29.897,40229.23,10.959382
2019-05-19,9,486559.705913,354912.483918,131647.221995,0.0,0.0,0.0,6748.08,8.62,43051.8,11.301727
2019-05-19,10,497319.464856,354909.193918,142410.270938,0.0,0.0,0.0,9045.885472,391.334528,45753.98,10.869425
2019-05-19,11,561071.495051,407934.476765,153137.018285,0.0,0.0,0.0,10027.01,1234.49,48229.3,11.633416
2019-05-19,12,577614.34243,407931.186765,169683.155664,0.0,0.0,0.0,11124.23653,2378.66347,50467.65,11.44524
2019-05-19,13,653354.526014,478742.923882,174611.602131,0.0,0.0,0.0,13355.748817,2104.481183,52449.54,12.456821
2019-05-19,14,663032.641371,481854.400382,181178.24099,0.0,0.0,0.0,13277.172636,3274.167364,53918.82,12.296869
2019-05-19,15,677462.915129,482601.064781,194861.850348,0.0,0.0,0.0,13577.597707,3466.602293,55076.51,12.300397
2019-05-19,16,691084.856628,482379.876506,208704.980121,0.0,0.0,0.0,13708.9971,2870.7429,55441.52,12.465114
2019-05-19,17,671729.527954,482379.876506,189349.651447,0.0,0.0,0.0,13564.032654,3104.077346,54619.62,12.298319
2019-05-19,18,633910.751213,472582.863444,161327.887769,0.0,0.0,0.0,13674.21937,2459.02063,52887.43,11.986038
2019-05-19,19,569561.999268,398422.790839,171139.208429,0.0,0.0,0.0,12730.80103,2423.66897,51484.88,11.062704
2019-05-19,20,547865.478507,398412.920839,149452.557669,0.0,0.0,0.0,13131.498879,2113.941121,49971.85,10.963482
2019-05-19,21,462794.857966,336201.700742,126593.157224,0.0,0.0,0.0,13814.780197,1297.639803,46947.15,9.857784
2019-05-19,22,382487.002244,287803.347543,94683.654701,0.0,0.0,0.0,13752.629973,1109.700027,43235.68,8.846559
2019-05-19,23,296201.829511,217007.685894,79194.143617,0.0,0.0,0.0,14539.988718,645.031282,40191.09,7.369838
2019-05-20,0,264229.029494,194803.919023,69425.110471,0.0,0.0,0.0,14439.711371,737.548629,38195.33,6.917836
2019-05-20,1,245643.497108,177410.868915,68232.628193,0.0,0.0,0.0,13939.171267,799.118733,37140.1,6.61397
2019-05-20,2,241801.505095,176914.223504,64887.28159,0.0,0.0,0.0,13913.307083,859.522917,36695.96,6.589322
2019-05-20,3,251683.838167,184169.596811,67514.241356,0.0,0.0,0.0,13561.548167,1265.551833,37115.9,6.781025
2019-05-20,4,294821.984277,217738.842036,77083.14224,0.0,0.0,0.0,13369.701,1541.669,38992.41,7.56101
2019-05-20,5,354969.905393,254060.583671,100909.321722,0.0,0.0,0.0,12933.125704,2359.234296,41926.14,8.466553
2019-05-20,6,375470.704442,258249.75367,117220.950772,0.0,0.0,0.0,12045.595581,3448.114419,43341.6,8.663056
2019-05-20,7,427774.608782,306419.746679,121354.862103,0.0,0.0,0.0,12634.707,3202.973,44634.77,9.583887
2019-05-20,8,466415.581952,350619.569879,115796.012074,0.0,0.0,0.0,14511.774864,2699.465136,46822.44,9.961369
2019-05-20,9,505613.992939,359808.797128,145805.195811,0.0,0.0,0.0,14913.864,2726.646,49218.74,10.272794
2019-05-20,10,698330.815996,551876.048591,146454.767405,0.0,0.0,0.0,15287.865099,2786.224901,51342.89,13.601315
2019-05-20,11,758947.5867,604882.611438,154064.975262,0.0,0.0,0.0,12709.515,3773.155,53314.85,14.235201
2019-05-20,12,860336.579053,674380.657788,185955.921266,0.0,0.0,0.0,11285.126044,4588.473956,55393.23,15.531439
2019-05-20,13,971559.443723,749037.375803,222522.06792,0.0,0.0,0.0,9590.020384,2243.039616,56913.61,17.070775
2019-05-20,14,1028380.650015,789807.348154,238573.30186,0.0,0.0,0.0,9286.778277,2200.871723,57891.22,17.764018
2019-05-20,15,1053498.345904,780285.792227,273212.553677,0.0,0.0,0.0,8463.008474,2294.691526,58690.52,17.95006
2019-05-20,16,1080395.26677,801724.195348,278671.071422,0.0,0.0,0.0,7833.94547,1383.60453,58395.61,18.50131
2019-05-20,17,1051821.148115,801717.615348,250103.532768,0.0,0.0,0.0,7479.75181,721.15819,56838.83,18.505327
2019-05-20,18,955902.013319,709311.634873,246590.378446,0.0,0.0,0.0,6468.93,0.0,54688.23,17.479118
2019-05-20,19,933857.835271,709311.634873,224546.200398,0.0,0.0,0.0,5719.3,0.0,53778.86,17.364776
2019-05-20,20,848398.68598,694022.048184,154376.637796,0.0,0.0,0.0,11023.987822,1607.282178,52024.19,16.307773
2019-05-20,21,655273.623976,508009.912297,147263.711679,0.0,0.0,0.0,12018.069625,1372.510375,48406.1,13.537005
2019-05-20,22,444909.558402,347813.475384,97096.083018,0.0,0.0,0.0,15177.534634,1514.835366,44669.13,9.960112
2019-05-20,23,350862.254309,251714.710922,99147.543386,0.0,0.0,0.0,13378.722293,1704.967707,41700.82,8.413797
2019-05-21,0,348195.953515,253237.211646,94958.74187,0.0,0.0,0.0,12299.001212,1945.188788,39757.49,8.757996
2019-05-21,1,342539.496181,237772.432671,104767.06351,0.0,0.0,0.0,10048.960618,2102.519382,38638.78,8.865174
2019-05-21,2,330164.63211,237772.432671,92392.199438,0.0,0.0,0.0,10797.774412,1839.435588,37959.89,8.697724
2019-05-21,3,299705.394707,218709.275642,80996.119065,0.0,0.0,0.0,12664.339146,1581.860854,38060.69,7.874408
2019-05-21,4,327055.747865,240363.844461,86691.903404,0.0,0.0,0.0,13067.706209,1461.493791,39476.23,8.284878
2019-05-21,5,357390.86277,249094.171244,108296.691525,0.0,0.0,0.0,13090.846,1401.304,41901.66,8.529277
2019-05-21,6,376937.927786,264843.971645,112093.956142,0.0,0.0,0.0,12956.536109,1429.203891,42495.44,8.870079
2019-05-21,7,384400.413131,264837.391645,119563.021487,0.0,0.0,0.0,12086.714962,1543.025038,42883.93,8.96374
2019-05-21,8,380334.311991,264837.391645,115496.920346,0.0,0.0,0.0,13988.619217,1968.500783,43788.23,8.685766
2019-05-21,9,426193.295545,306013.925327,120179.370218,0.0,0.0,0.0,14857.963,2935.477,44991.73,9.472703
2019-05-21,10,441708.498035,322271.749541,119436.748493,0.0,0.0,0.0,15200.366833,2591.093167,45913.87,9.620372
2019-05-21,11,462130.466648,338594.484194,123535.982453,0.0,0.0,0.0,14954.00133,4552.84867,47213.36,9.788129
2019-05-21,12,486882.808329,352142.245193,134740.563136,0.0,0.0,0.0,14824.535,4678.055,49016.25,9.93309
2019-05-21,13,545004.289777,407760.363642,137243.926135,0.0,0.0,0.0,15174.337427,2873.072573,50679.31,10.75398
2019-05-21,14,589684.631056,431995.528812,157689.102244,0.0,0.0,0.0,14426.096802,2773.403198,52221.84,11.291916
2019-05-21,15,651861.668983,484663.23166,167198.437323,0.0,0.0,0.0,14385.595156,2780.024844,53715.4,12.135471
2019-05-21,16,667587.760485,483631.240125,183956.52036,0.0,0.0,0.0,13450.753906,1740.516094,54212.68,12.314236
2019-05-21,17,641090.08923,468367.40393,172722.685301,0.0,0.0,0.0,13736.611796,3730.768204,53334.08,12.020271
2019-05-21,18,601120.553935,452680.996412,148439.557524,0.0,0.0,0.0,13597.399382,2805.590618,51401.43,11.694627
2019-05-21,19,553293.039228,408981.618622,144311.420606,0.0,0.0,0.0,12572.917773,2437.572227,49985.89,11.068984
2019-05-21,20,536349.646843,408975.038622,127374.608221,0.0,0.0,0.0,12813.577443,2301.422557,48451.51,11.069823
2019-05-21,21,452225.098446,346763.818525,105461.279921,0.0,0.0,0.0,13371.291678,2074.718322,45162.36,10.013319
2019-05-21,22,346412.910802,249409.111887,97003.798915,0.0,0.0,0.0,11316.727687,813.632313,41463.01,8.354746
2019-05-21,23,309993.767187,233512.519504,76481.247684,0.0,0.0,0.0,11265.345569,748.494431,38685.54,8.013169
2019-05-22,0,291139.408281,225408.649856,65730.758425,0.0,0.0,0.0,11074.562595,984.047405,36975.14,7.873923
2019-05-22,1,210736.889762,135641.596347,75095.293414,0.0,0.0,0.0,11145.492828,1158.347172,35960.59,5.860218
2019-05-22,2,209112.543344,135641.596347,73470.946996,0.0,0.0,0.0,10838.300791,1046.269209,35494.29,5.891442
2019-05-22,3,234125.869859,155840.757547,78285.112312,0.0,0.0,0.0,10644.734,797.646,35986.94,6.505857
2019-05-22,4,287771.955638,202427.865547,85344.090091,0.0,0.0,0.0,10351.695262,686.964738,37946.21,7.583681
2019-05-22,5,376972.008755,266503.590271,110468.418484,0.0,0.0,0.0,9913.979662,580.420338,40783.25,9.243305
2019-05-22,6,403349.191099,287813.217543,115535.973556,0.0,0.0,0.0,9533.49,428.63,42223.71,9.552671
2019-05-22,7,452536.427816,332005.950743,120530.477074,0.0,0.0,0.0,9201.24,376.25,43551.6,10.390811
2019-05-22,8,469739.355318,336204.990742,133534.364576,0.0,0.0,0.0,11423.86,345.06,45812.83,10.253445
2019-05-22,9,642462.30751,486458.839655,156003.467855,0.0,0.0,0.0,12380.105,435.055,48596.45,13.220355
2019-05-22,10,733800.942743,578713.773597,155087.169146,0.0,0.0,0.0,13670.314276,435.845724,51486.92,14.252182
2019-05-22,11,750031.547522,578704.413597,171327.133925,0.0,0.0,0.0,14073.331422,1336.858578,53885.61,13.918958
2019-05-22,12,830745.895292,646778.924365,183966.970927,0.0,0.0,0.0,14905.155918,2149.964082,56150.62,14.794955
2019-05-22,13,904107.975896,694945.627374,209162.348522,0.0,0.0,0.0,14047.692901,3357.497099,58006.13,15.586421
2019-05-22,14,903319.443006,694942.847374,208376.595632,0.0,0.0,0.0,14699.294132,2285.365868,59144.31,15.273142
2019-05-22,15,932454.720137,710235.724063,222218.996074,0.0,0.0,0.0,14133.936075,1813.783925,59828.49,15.585463
2019-05-22,16,928670.455858,710232.434063,218438.021795,0.0,0.0,0.0,13435.762761,988.277239,59532.62,15.599355
2019-05-22,17,905446.393925,709602.686928,195843.706997,0.0,0.0,0.0,13846.360094,915.909906,58329.81,15.522876
2019-05-22,18,840679.955458,658603.005939,182076.949519,0.0,0.0,0.0,13974.610149,1258.749851,56553.66,14.865173
2019-05-22,19,791790.506964,605574.433092,186216.073872,0.0,0.0,0.0,13416.479,1693.951,55300.89,14.317862
2019-05-22,20,767678.169497,605574.433092,162103.736406,0.0,0.0,0.0,13459.839584,1187.000416,53951.13,14.22914
2019-05-22,21,591899.790392,449223.004739,142676.785654,0.0,0.0,0.0,13895.260006,519.499994,50624.28,11.692014
2019-05-22,22,473911.287024,352135.665193,121775.621831,0.0,0.0,0.0,13750.32,454.45,46912.22,10.102086
2019-05-22,23,415028.684849,315119.159462,99909.525387,0.0,0.0,0.0,14258.3,495.53,43966.94,9.439563
2019-05-23,0,384006.567311,298679.507545,85327.059766,0.0,0.0,0.0,14546.140006,519.499994,42040.91,9.134116
2019-05-23,1,315947.273325,217412.576157,98534.697168,0.0,0.0,0.0,12328.213,2838.397,40635.83,7.775091
2019-05-23,2,308050.924443,218827.752907,89223.171536,0.0,0.0,0.0,12229.604664,3602.215336,39775.46,7.744748
2019-05-23,3,304945.980542,210080.976124,94865.004418,0.0,0.0,0.0,11828.865,4367.345,39708.15,7.679682
2019-05-23,4,363297.065236,285101.854139,78195.211098,0.0,0.0,0.0,14599.897485,1953.012515,40979.65,8.865304
2019-05-23,5,386552.503894,285392.560763,101159.943131,0.0,0.0,0.0,14763.046145,2000.843855,43339.15,8.919245
2019-05-23,6,411959.625464,301543.767546,110415.857918,0.0,0.0,0.0,14749.446,1867.904,44471.66,9.263419
2019-05-23,7,440628.220325,322182.459462,118445.760863,0.0,0.0,0.0,14646.015796,1870.444204,45915.73,9.596455
2019-05-23,8,514599.63065,379537.159261,135062.471389,0.0,0.0,0.0,14743.003,2035.477,48217.13,10.672548
2019-05-23,9,568152.850392,407763.653642,160389.19675,0.0,0.0,0.0,14827.760446,2299.269554,50681.31,11.210303
2019-05-23,10,728654.496014,556292.140881,172362.355133,0.0,0.0,0.0,15271.043826,2407.866174,52982.14,13.752832
2019-05-23,11,778412.070097,605590.883092,172821.187005,0.0,0.0,0.0,15370.867598,3597.702402,54988.45,14.155919
2019-05-23,12,856151.018657,658599.715939,197551.302718,0.0,0.0,0.0,14179.945,4257.255,57088.15,14.997001
2019-05-23,13,1018425.585993,806150.365027,212275.220966,0.0,0.0,0.0,13905.063411,3901.116589,58799.22,17.320393
2019-05-23,14,1078909.783258,866390.929888,212518.853371,0.0,0.0,0.0,13476.929339,4529.370661,60099.64,17.952017
2019-05-23,15,1155490.887339,866381.059888,289109.827452,0.0,0.0,0.0,10888.88,4289.04,60816.5,18.999628
2019-05-23,16,1130941.200076,866381.059888,264560.140188,0.0,0.0,0.0,10854.985785,1735.584215,60247.53,18.771578
2019-05-23,17,1119070.193783,865631.105488,253439.088294,0.0,0.0,0.0,9202.583311,1000.856689,58535.78,19.117712
2019-05-23,18,1092514.034361,866384.349888,226129.684473,0.0,0.0,0.0,7978.376624,61.923376,56520.45,19.329535
2019-05-23,19,1084957.954343,866381.059888,218576.894455,0.0,0.0,0.0,6660.22,0.0,55413.15,19.579431
2019-05-23,20,992398.651746,791363.471872,201035.179874,0.0,0.0,0.0,7916.05,131.54,54077.35,18.351466
2019-05-23,21,889678.066557,736921.233444,152756.833113,0.0,0.0,0.0,9157.99,0.0,50854.09,17.49472
2019-05-23,22,658481.205628,539237.690767,119243.514861,0.0,0.0,0.0,12355.243674,2130.816326,47164.28,13.961439
2019-05-23,23,511944.130222,404030.54435,107913.585873,0.0,0.0,0.0,12377.592455,2180.377545,44080.19,11.613927
2019-05-24,0,529791.202614,448233.14755,81558.055064,0.0,0.0,0.0,12131.171117,2077.888883,41827.5,12.666098
2019-05-24,1,375764.286384,260632.489216,115131.797168,0.0,0.0,0.0,10106.355875,355.174125,40236.82,9.338817
2019-05-24,2,341305.839516,260632.489216,80673.350299,0.0,0.0,0.0,12450.51418,2514.13582,39322.1,8.679746
2019-05-24,3,330084.23927,246366.762583,83717.476687,0.0,0.0,0.0,12515.454975,2849.955025,39152.24,8.430788
2019-05-24,4,347450.554239,246614.887008,100835.667231,0.0,0.0,0.0,12107.846,4656.864,40366.36,8.607428
2019-05-24,5,422881.042272,331295.429022,91585.61325,0.0,0.0,0.0,15028.907707,1907.232293,42448.95,9.962108
2019-05-24,6,400771.715647,294496.917546,106274.798101,0.0,0.0,0.0,14630.896749,1980.913251,43709.33,9.16902
2019-05-24,7,441823.463037,322400.69657,119422.766466,0.0,0.0,0.0,14263.722,884.228,45404.42,9.730847
2019-05-24,8,514890.50007,376132.741794,138757.758277,0.0,0.0,0.0,14212.901393,2012.728607,47906.39,10.747846
2019-05-24,9,583611.951049,416956.170891,166655.780158,0.0,0.0,0.0,14468.919,2106.101,50661.79,11.519766
2019-05-24,10,754171.583645,567529.188482,186642.395163,0.0,0.0,0.0,14655.886,2580.964,53257.96,14.16073
2019-05-24,11,802058.882917,618681.68464,183377.198277,0.0,0.0,0.0,14959.110518,3459.339482,55403.21,14.476758
2019-05-24,12,867851.695085,660792.336837,207059.358248,0.0,0.0,0.0,15311.647,3993.503,57336.07,15.136226
2019-05-24,13,917462.42845,713814.839684,203647.588766,0.0,0.0,0.0,15066.443,3158.167,58761.33,15.613371
2019-05-24,14,936256.172637,713811.549684,222444.622952,0.0,0.0,0.0,13945.2844,4321.1156,59695.38,15.683897
2019-05-24,15,955729.759336,723333.105611,232396.653725,0.0,0.0,0.0,13453.912258,4423.687742,60004.59,15.927611
2019-05-24,16,963337.351542,723329.815611,240007.535931,0.0,0.0,0.0,12266.118805,3407.151195,59236.03,16.262693
2019-05-24,17,931074.67718,723051.068476,208023.608705,0.0,0.0,0.0,12054.176537,2719.183463,57155.01,16.290342
2019-05-24,18,854773.205312,676861.146037,177912.059274,0.0,0.0,0.0,11590.67243,2422.95757,54342.38,15.729403
2019-05-24,19,793517.123757,613865.893383,179651.230374,0.0,0.0,0.0,10810.81837,2263.71163,52570.25,15.094414
2019-05-24,20,749021.933952,614498.930518,134523.003434,0.0,0.0,0.0,13237.296473,2186.653527,50981.68,14.691982
2019-05-24,21,595385.562541,470013.117738,125372.444803,0.0,0.0,0.0,14533.514213,2067.105787,48197.12,12.353136
2019-05-24,22,419173.144799,311021.852042,108151.292758,0.0,0.0,0.0,14977.3633,2866.2767,45092.93,9.295762
2019-05-24,23,338981.458754,253802.569094,85178.88966,0.0,0.0,0.0,16122.329375,2252.540625,42080.12,8.05562
2019-05-25,0,315239.348382,248242.286486,66997.061896,0.0,0.0,0.0,15867.737926,2184.072074,39844.88,7.911665
2019-05-25,1,244191.953524,174199.310714,69992.642811,0.0,0.0,0.0,15458.641,2185.289,38284.31,6.378382
2019-05-25,2,238398.521496,174199.310714,64199.210782,0.0,0.0,0.0,15112.238886,2187.131114,37353.22,6.382275
2019-05-25,3,242598.542108,183170.392605,59428.149503,0.0,0.0,0.0,14792.912606,2161.897394,36724.36,6.60593
2019-05-25,4,247498.844492,185343.796884,62155.047607,0.0,0.0,0.0,14289.554382,1918.825618,36795.1,6.726408
2019-05-25,5,278246.619378,214244.736926,64001.882451,0.0,0.0,0.0,14259.992768,1539.097232,37035.39,7.512993
2019-05-25,6,295112.886358,221022.173927,74090.712431,0.0,0.0,0.0,14160.884858,1067.615142,38159.27,7.733714
2019-05-25,7,343690.039059,244908.291245,98781.747814,0.0,0.0,0.0,13904.328,735.402,41088.88,8.364551
2019-05-25,8,420086.891527,301993.144844,118093.746683,0.0,0.0,0.0,14479.323,2335.657,44254.93,9.492431
2019-05-25,9,513059.33732,367103.589876,145955.747444,0.0,0.0,0.0,14863.05675,2620.26325,47374.09,10.829957
2019-05-25,10,557275.184599,404060.128393,153215.056206,0.0,0.0,0.0,15286.81883,2649.95117,50128.4,11.116955
2019-05-25,11,735874.962475,563026.80273,172848.159746,0.0,0.0,0.0,14872.177,4332.903,52491.87,14.018837
2019-05-25,12,771079.892372,596784.033827,174295.858545,0.0,0.0,0.0,15005.055873,4778.714127,54432.28,14.165857
2019-05-25,13,826393.15255,637547.426178,188845.726372,0.0,0.0,0.0,14378.714515,4807.885485,55901.78,14.782949
2019-05-25,14,860016.403586,652837.012867,207179.390719,0.0,0.0,0.0,13533.906,6055.654,56933.06,15.105747
2019-05-25,15,877341.540201,652833.722867,224507.817335,0.0,0.0,0.0,13354.345,5637.695,57280.95,15.316463
2019-05-25,16,872148.097485,652833.722867,219314.374619,0.0,0.0,0.0,13075.891,4499.359,57027.81,15.293382
2019-05-25,17,833479.865236,652833.722867,180646.142369,0.0,0.0,0.0,14237.226849,3452.293151,55561.14,15.00113
2019-05-25,18,737641.471282,581728.225906,155913.245376,0.0,0.0,0.0,14254.827336,2531.752664,53190.09,13.868025
2019-05-25,19,690320.939424,537528.912706,152792.026718,0.0,0.0,0.0,12705.19,0.0,51413.05,13.426959
2019-05-25,20,669758.341516,537528.912706,132229.42881,0.0,0.0,0.0,13693.543929,2172.386071,49857.41,13.433476
2019-05-25,21,581431.192548,459232.111272,122199.081276,0.0,0.0,0.0,14741.81932,2155.25068,47315.4,12.288413
2019-05-25,22,504473.52877,408540.510733,95933.018037,0.0,0.0,0.0,16209.26505,1759.90495,44404.61,11.360837
2019-05-25,23,317346.920282,223673.984744,93672.935538,0.0,0.0,0.0,16175.44093,1947.00907,41628.06,7.62339
2019-05-26,0,290377.1074,211120.066135,79257.041265,0.0,0.0,0.0,15892.059313,2044.440687,39369.48,7.375691
2019-05-26,1,288808.344389,224340.050257,64468.294133,0.0,0.0,0.0,14792.626879,2280.353121,37692.75,7.662172
2019-05-26,2,227179.796882,149302.722242,77877.074641,0.0,0.0,0.0,11984.433268,5134.166732,36488.95,6.225989
2019-05-26,3,213535.420016,140562.525458,72972.894557,0.0,0.0,0.0,12171.004363,4576.585637,35764.93,5.970525
2019-05-26,4,206476.894921,134759.164409,71717.730512,0.0,0.0,0.0,12569.520272,3665.409728,35536.98,5.810198
2019-05-26,5,214122.78344,139752.082759,74370.700681,0.0,0.0,0.0,12121.799,4367.921,35468.59,6.036969
2019-05-26,6,274986.097766,215017.795199,59968.302567,0.0,0.0,0.0,14414.668683,2102.911317,36271.21,7.581387
2019-05-26,7,305349.202485,222536.005162,82813.197323,0.0,0.0,0.0,14316.679896,2283.620104,39137.49,7.801962
2019-05-26,8,378873.930599,277639.200552,101234.730047,0.0,0.0,0.0,14659.314,2444.386,42324.94,8.951553
2019-05-26,9,431159.144252,301989.854844,129169.289408,0.0,0.0,0.0,15072.612747,2516.497253,45227.93,9.533028
2019-05-26,10,515022.918485,367103.589876,147919.328608,0.0,0.0,0.0,15452.754,2520.386,47935.34,10.744117
2019-05-26,11,557377.794308,404060.128393,153317.665916,0.0,0.0,0.0,15455.569682,4011.700318,50381.75,11.063089
2019-05-26,12,612673.227017,439958.25758,172714.969437,0.0,0.0,0.0,14864.268,5479.402,52563.58,11.65585
2019-05-26,13,685891.478231,501108.731631,184782.7466,0.0,0.0,0.0,14785.735,5339.425,54352.75,12.61926
2019-05-26,14,700474.16984,516151.889551,184322.280289,0.0,0.0,0.0,14977.484646,5479.705354,55528.85,12.614599
2019-05-26,15,712340.574025,516148.599551,196191.974473,0.0,0.0,0.0,14700.471,5367.319,56047.61,12.709562
2019-05-26,16,708791.271232,516148.599551,192642.67168,0.0,0.0,0.0,14483.36054,4674.71946,55836.91,12.693956
2019-05-26,17,687830.959626,516148.599551,171682.360075,0.0,0.0,0.0,14765.852989,3441.237011,54360.36,12.653172
2019-05-26,18,622558.157835,475302.102392,147256.055443,0.0,0.0,0.0,14360.401615,2487.428385,52096.33,11.950135
2019-05-26,19,553380.878003,400638.804376,152742.073627,0.0,0.0,0.0,13131.703,2177.367,50547.73,10.94769
2019-05-26,20,534771.712222,400635.514376,134136.197846,0.0,0.0,0.0,13916.809283,2096.540717,49125.78,10.885765
2019-05-26,21,470207.207176,359818.665279,110388.541897,0.0,0.0,0.0,15127.651529,2111.098471,46545.11,10.102183
2019-05-26,22,373358.722734,274201.781222,99156.941512,0.0,0.0,0.0,16221.122596,2318.987404,43608.57,8.561591
2019-05-26,23,304912.680851,222286.678022,82626.002829,0.0,0.0,0.0,15247.019573,3117.580427,40923.95,7.450715
2019-05-27,0,266736.990228,194125.432064,72611.558164,0.0,0.0,0.0,15446.019386,2239.770614,38773.56,6.879353
2019-05-27,1,243912.817352,177208.518913,66704.298439,0.0,0.0,0.0,14724.76334,2275.24666,37338.38,6.532496
2019-05-27,2,233167.772923,170091.837313,63075.93561,0.0,0.0,0.0,14266.27564,2260.49436,36365.78,6.411736
2019-05-27,3,232702.121383,171710.35771,60991.763673,0.0,0.0,0.0,13892.39611,2228.35389,36001.15,6.463741
2019-05-27,4,236743.041525,171707.06771,65035.973814,0.0,0.0,0.0,13463.883368,2200.256632,36261.96,6.528689
2019-05-27,5,238615.312108,171707.06771,66908.244398,0.0,0.0,0.0,13560.897972,2201.252028,36410.2,6.553529
2019-05-27,6,257000.513787,188948.934311,68051.579476,0.0,0.0,0.0,13263.298464,2257.811536,36867.55,6.970914
2019-05-27,7,310676.616365,229212.839144,81463.777221,0.0,0.0,0.0,12898.434878,2310.925122,39244.37,7.916463
2019-05-27,8,395087.712926,290346.024367,104741.688559,0.0,0.0,0.0,12933.490598,3025.599402,42717.95,9.248752
2019-05-27,9,498115.017112,364364.325759,133750.691353,0.0,0.0,0.0,14136.436,2548.934,46217.16,10.777707
2019-05-27,10,534412.759582,387012.546909,147400.212673,0.0,0.0,0.0,15620.890676,1615.009324,49144.19,10.874383
2019-05-27,11,619668.645275,455695.626516,163973.018759,0.0,0.0,0.0,15492.864179,3472.475821,51655.79,11.996112
2019-05-27,12,642893.533528,476301.389015,166592.144513,0.0,0.0,0.0,15655.855485,4310.314515,53772.03,11.95591
2019-05-27,13,686984.71325,506636.913624,180347.799626,0.0,0.0,0.0,15939.966,4203.614,55487.86,12.380811
2019-05-27,14,736653.126211,547403.595975,189249.530236,0.0,0.0,0.0,15485.368,5273.552,56793.68,12.970688
2019-05-27,15,762756.100003,547400.305975,215355.794028,0.0,0.0,0.0,14943.826,5400.054,57815.66,13.192898
2019-05-27,16,766062.221369,547400.305975,218661.915393,0.0,0.0,0.0,14871.688,4334.142,57750.08,13.265128
2019-05-27,17,737826.705606,547400.305975,190426.39963,0.0,0.0,0.0,14793.890542,3375.199458,56524.51,13.053217
2019-05-27,18,700221.673618,531469.012663,168752.660955,0.0,0.0,0.0,13860.289947,2518.880053,54527.08,12.841723
2019-05-27,19,633660.619005,456451.424648,177209.194357,0.0,0.0,0.0,12495.871749,2152.328251,53003.25,11.955128
2019-05-27,20,608102.89878,457096.421271,151006.477509,0.0,0.0,0.0,14005.359858,2008.520142,51660.05,11.771241
2019-05-27,21,509427.775211,389858.415751,119569.35946,0.0,0.0,0.0,14875.344873,2249.965127,48347.95,10.536699
2019-05-27,22,415152.146086,330421.710854,84730.435232,0.0,0.0,0.0,15918.892574,2099.587426,44501.44,9.32896
2019-05-27,23,302220.325694,214589.594245,87630.731449,0.0,0.0,0.0,15244.875019,2825.124981,41400.68,7.299888
2019-05-28,0,270451.104235,199454.829565,70996.27467,0.0,0.0,0.0,15606.759679,2260.090321,39130.34,6.911545
2019-05-28,1,237883.37519,170645.187314,67238.187876,0.0,0.0,0.0,15227.297679,2326.672321,37710.17,6.308202
2019-05-28,2,233347.151146,170294.187314,63052.963832,0.0,0.0,0.0,14980.76709,2278.27291,37005.33,6.305771
2019-05-28,3,241379.97683,177414.158915,63965.817915,0.0,0.0,0.0,14724.98284,2252.65716,37190.96,6.490286
2019-05-28,4,278703.507839,207716.574853,70986.932986,0.0,0.0,0.0,14453.387396,2169.432604,38751.4,7.192089
2019-05-28,5,322926.271459,228526.444971,94399.826488,0.0,0.0,0.0,14074.83,2452.69,41256.2,7.827339
2019-05-28,6,374812.143694,272719.178171,102092.965523,0.0,0.0,0.0,13681.509,2583.811,42720.19,8.773653
2019-05-28,7,408893.017893,290998.686978,117894.330915,0.0,0.0,0.0,14240.898118,923.221882,44458.98,9.197085
2019-05-28,8,505744.175894,370215.314992,135528.860902,0.0,0.0,0.0,14630.776747,1725.353253,46988.1,10.76324
2019-05-28,9,568640.302055,420070.676007,148569.626048,0.0,0.0,0.0,14935.001241,2025.868759,49721.49,11.43651
2019-05-28,10,624492.670362,450753.910616,173738.759746,0.0,0.0,0.0,14063.199435,2704.560565,52183.91,11.96715
2019-05-28,11,703343.169333,516157.449551,187185.719781,0.0,0.0,0.0,14175.918,3728.162,54123.08,12.995254
2019-05-28,12,698610.054392,516148.599551,182461.45484,0.0,0.0,0.0,14434.75469,4366.40531,55754.84,12.530034
2019-05-28,13,750233.127437,569173.882399,181059.245038,0.0,0.0,0.0,14800.241396,4097.458604,56668.51,13.238977
2019-05-28,14,751848.491511,559301.326472,192547.165039,0.0,0.0,0.0,15117.492326,4636.557674,57594.07,13.054269
2019-05-28,15,772962.695359,567439.69594,205522.999419,0.0,0.0,0.0,14849.829843,3910.820157,58252.52,13.269172
2019-05-28,16,783445.976926,568550.715264,214895.261662,0.0,0.0,0.0,13806.152056,2729.357944,58178.71,13.466197
2019-05-28,17,769376.263437,568540.845264,200835.418174,0.0,0.0,0.0,12981.043981,2305.436019,57177.3,13.455974
2019-05-28,18,732263.535527,553494.907343,178768.628184,0.0,0.0,0.0,12861.384696,1338.025304,55544.26,13.183424
2019-05-28,19,667090.887037,479113.646463,187977.240574,0.0,0.0,0.0,11892.599541,1232.570459,54378.51,12.267546
2019-05-28,20,661998.746097,479107.066463,182891.679634,0.0,0.0,0.0,10591.1,507.57,52994.25,12.491898
2019-05-28,21,611231.840006,463817.479774,147414.360232,0.0,0.0,0.0,9930.3,384.21,49836.2,12.264816
2019-05-28,22,529772.328827,410795.486927,118976.841901,0.0,0.0,0.0,10101.13,281.1,46158.55,11.477231
2019-05-28,23,408954.504931,297908.784119,111045.720812,0.0,0.0,0.0,10206.51,308.28,43167.61,9.473643
2019-05-29,0,362899.979424,262414.844251,100485.135173,0.0,0.0,0.0,10304.87,344.73,41101.38,8.829387
2019-05-29,1,336120.198096,249026.577003,87093.621094,0.0,0.0,0.0,10767.35,393.12,39806.75,8.443799
2019-05-29,2,309714.76984,221595.907862,88118.861978,0.0,0.0,0.0,11076.44,250.22,39110.14,7.91904
2019-05-29,3,311739.451193,221595.907862,90143.543331,0.0,0.0,0.0,11287.59,153.57,39362.45,7.919717
2019-05-29,4,348257.63708,254057.293671,94200.343409,0.0,0.0,0.0,11665.347,112.523,40857.97,8.523616
2019-05-29,5,424412.517954,311991.668893,112420.84906,0.0,0.0,0.0,10697.152,180.668,42997.12,9.87072
2019-05-29,6,493823.802673,360450.025912,133373.776761,0.0,0.0,0.0,9084.79,37.17,44369.39,11.129831
2019-05-29,7,517939.315105,360436.865912,157502.449193,0.0,0.0,0.0,8324.08,36.14,45716.57,11.329356
2019-05-29,8,589895.989409,435457.743927,154438.245482,0.0,0.0,0.0,9878.91,45.46,47647.32,12.380465
2019-05-29,9,604706.418081,435454.453927,169251.964154,0.0,0.0,0.0,11122.944,18.386,49997.04,12.094844
2019-05-29,10,672206.664664,498001.292701,174205.371963,0.0,0.0,0.0,11583.950726,97.619274,51640.44,13.017059
2019-05-29,11,712844.279815,521006.15939,191838.120425,0.0,0.0,0.0,10667.22109,774.92891,53048.05,13.437709
2019-05-29,12,733796.756049,521000.08939,212796.666659,0.0,0.0,0.0,10278.754192,1336.165808,54488.03,13.467118
2019-05-29,13,734002.999869,521000.08939,213002.910479,0.0,0.0,0.0,10679.036895,1680.873105,54847.36,13.38265
2019-05-29,14,763086.91855,539342.859582,223744.058968,0.0,0.0,0.0,10493.542,1599.188,55102.62,13.848469
2019-05-29,15,767565.978052,539339.569582,228226.40847,0.0,0.0,0.0,10255.498928,1651.131072,55533.0,13.821799
2019-05-29,16,749045.550136,538988.569582,210056.980554,0.0,0.0,0.0,10608.760901,1827.179099,55057.01,13.604908
2019-05-29,17,706286.319758,524053.272893,182233.046865,0.0,0.0,0.0,10993.602163,1208.337837,53560.94,13.186593
2019-05-29,18,679100.185307,509004.044972,170096.140335,0.0,0.0,0.0,10229.826429,880.263571,51847.02,13.098153
2019-05-29,19,600329.669809,417546.80504,182782.864769,0.0,0.0,0.0,10182.59209,726.26791,50679.98,11.845499
2019-05-29,20,598578.6786,433989.746957,164588.931643,0.0,0.0,0.0,9243.36,463.9,49431.42,12.109275
2019-05-29,21,545180.943909,415646.976765,129533.967144,0.0,0.0,0.0,8833.508782,371.771218,46180.06,11.805549
2019-05-29,22,426497.430147,314226.630719,112270.799428,0.0,0.0,0.0,9160.539935,313.020065,42694.82,9.989442
2019-05-29,23,366534.917291,265364.952944,101169.964347,0.0,0.0,0.0,8466.96,248.48,39758.13,9.219119
2019-05-30,0,346461.068744,255828.93092,90632.137824,0.0,0.0,0.0,7795.61,254.82,37751.72,9.177359
2019-05-30,1,282072.928025,186263.498764,95809.429261,0.0,0.0,0.0,7227.32,261.7,36549.7,7.717517
2019-05-30,2,280387.881982,186263.498764,94124.383218,0.0,0.0,0.0,6673.43,231.46,35829.16,7.82569
2019-05-30,3,293116.70805,195006.985547,98109.722503,0.0,0.0,0.0,6171.77,208.44,36003.09,8.141432
2019-05-30,4,350132.208992,242164.336668,107967.872325,0.0,0.0,0.0,5987.2,192.8,37582.22,9.316432
2019-05-30,5,447259.842952,324579.774682,122680.06827,0.0,0.0,0.0,5240.08,173.3,39901.3,11.209155
2019-05-30,6,490164.377696,349143.97853,141020.399166,0.0,0.0,0.0,4530.13,161.41,41156.57,11.909748
2019-05-30,7,549144.081452,397310.681539,151833.399913,0.0,0.0,0.0,4335.57,157.43,42394.6,12.953161
2019-05-30,8,535950.026949,397307.901539,138642.12541,0.0,0.0,0.0,6342.52,195.28,43922.04,12.202303
2019-05-30,9,543963.355719,397307.901539,146655.45418,0.0,0.0,0.0,8505.27,241.75,46441.32,11.712918
2019-05-30,10,589560.704748,435287.246466,154273.458283,0.0,0.0,0.0,10711.195,124.135,49261.65,11.967945
2019-05-30,11,651615.292157,479486.559666,172128.732491,0.0,0.0,0.0,10923.492197,1163.517803,51684.6,12.607533
2019-05-30,12,680218.06051,487201.839665,193016.220845,0.0,0.0,0.0,11653.348115,1771.931885,53715.36,12.663381
2019-05-30,13,742558.449619,538837.847789,203720.60183,0.0,0.0,0.0,12059.243641,1959.326359,55212.67,13.449059
2019-05-30,14,755391.349858,554127.944478,201263.40538,0.0,0.0,0.0,13239.258509,2128.571491,56351.06,13.405096
2019-05-30,15,762376.152555,552074.351105,210301.80145,0.0,0.0,0.0,13469.522412,3040.227588,57035.55,13.366684
2019-05-30,16,759788.84577,551829.51668,207959.32909,0.0,0.0,0.0,13356.875931,2821.524069,56770.37,13.383546
2019-05-30,17,752614.542995,569187.042399,183427.500596,0.0,0.0,0.0,13960.20404,1282.62596,55232.47,13.626306
2019-05-30,18,684231.650881,516148.599551,168083.051329,0.0,0.0,0.0,13322.828224,1178.651776,53346.44,12.826191
2019-05-30,19,610756.641791,441131.011536,169625.630255,0.0,0.0,0.0,12510.427895,1279.612105,51968.24,11.752498
2019-05-30,20,582033.342014,425841.424847,156191.917167,0.0,0.0,0.0,12761.190006,519.499994,50238.96,11.585298
2019-05-30,21,521233.129437,392087.99375,129145.135687,0.0,0.0,0.0,11527.1,520.13,46901.7,11.11331
2019-05-30,22,438719.819728,322376.197359,116343.622369,0.0,0.0,0.0,9503.34,309.49,43140.43,10.169575
2019-05-30,23,378324.852278,278176.884159,100147.968119,0.0,0.0,0.0,8535.76,249.95,40104.16,9.433556
2019-05-31,0,358615.9808,271458.881968,87157.098832,0.0,0.0,0.0,7669.49,248.89,37840.82,9.476961
2019-05-31,1,286662.172092,193328.043304,93334.128789,0.0,0.0,0.0,7099.77,305.98,36273.92,7.902707
2019-05-31,2,298043.545962,200599.710412,97443.83555,0.0,0.0,0.0,5407.47,167.57,35397.16,8.419985
2019-05-31,3,317372.306112,214332.825546,103039.480567,0.0,0.0,0.0,4418.216,3.234,35500.86,8.939848
2019-05-31,4,374779.23183,257754.057289,117025.17454,0.0,0.0,0.0,3906.708,27.242,36771.08,10.192228
2019-05-31,5,455235.928388,332765.065304,122470.863084,0.0,0.0,0.0,4410.04,77.04,38810.42,11.729735
2019-05-31,6,445534.936049,311680.952184,133853.983865,0.0,0.0,0.0,5766.5,81.81,40444.08,11.016073
2019-05-31,7,460247.627259,323103.047433,137144.579826,0.0,0.0,0.0,7701.1,147.48,42283.34,10.884846
2019-05-31,8,529327.913873,385317.55753,144010.356343,0.0,0.0,0.0,7205.87,111.73,44331.4,11.940248
2019-05-31,9,559406.881625,394832.533457,164574.348169,0.0,0.0,0.0,7382.428691,280.171309,46636.07,11.995155
2019-05-31,10,617926.458292,443002.526465,174923.931827,0.0,0.0,0.0,8352.672731,823.477269,48936.06,12.627221
2019-05-31,11,618275.096265,442999.746465,175275.349799,0.0,0.0,0.0,9805.17066,1448.94934,51099.19,12.099509
2019-05-31,12,667847.7459,487202.349665,180645.396235,0.0,0.0,0.0,11410.317922,2183.402078,53222.82,12.548147
2019-05-31,13,728276.016728,538837.847789,189438.168939,0.0,0.0,0.0,12770.610996,2811.149004,55089.33,13.219911
2019-05-31,14,737695.453704,538205.320654,199490.133051,0.0,0.0,0.0,13197.227658,2710.842342,56421.15,13.074804
2019-05-31,15,751189.064271,538841.647789,212347.416482,0.0,0.0,0.0,13365.729,2336.571,56745.59,13.23784
2019-05-31,16,766455.226506,553884.29571,212570.930796,0.0,0.0,0.0,12428.885091,2095.224909,56307.17,13.612036
2019-05-31,17,763299.174094,572223.775902,191075.398192,0.0,0.0,0.0,12514.908978,1073.561022,54901.67,13.903023
2019-05-31,18,693921.019559,519198.493054,174722.526505,0.0,0.0,0.0,12149.64,350.65,52781.86,13.14696
2019-05-31,19,654652.398081,500217.306239,154435.091842,0.0,0.0,0.0,11300.92,420.76,50837.48,12.877357
2019-05-31,20,579745.522977,425844.714847,153900.808129,0.0,0.0,0.0,10854.74,413.71,49206.91,11.781791
2019-05-31,21,528987.884073,403079.696927,125908.187147,0.0,0.0,0.0,10503.06,355.24,46498.52,11.376446
2019-05-31,22,434982.048669,324782.895493,110199.153176,0.0,0.0,0.0,10593.38,251.48,43242.16,10.059212
2019-05-31,23,358182.917996,260510.818585,97672.09941,0.0,0.0,0.0,9969.89,238.19,40226.82,8.904082
2019-06-01,0,321349.836356,235330.969885,86018.866472,0.0,0.0,0.0,9445.81,232.07,37836.16,8.493194
2019-06-01,1,266182.888014,171297.613411,94885.274604,0.0,0.0,0.0,8459.929791,1172.600209,36097.53,7.373992
2019-06-01,2,250605.410284,161761.591387,88843.818897,0.0,0.0,0.0,8177.59,431.8,35083.64,7.143085
2019-06-01,3,244696.5016,156555.598778,88140.902823,0.0,0.0,0.0,7889.502,196.848,34651.82,7.061577
2019-06-01,4,268355.658929,180273.497803,88082.161126,0.0,0.0,0.0,7196.169,213.221,34699.19,7.733773
2019-06-01,5,294814.686556,198280.587012,96534.099544,0.0,0.0,0.0,5872.88,192.61,35004.61,8.422167
2019-06-01,6,481665.995336,376514.673257,105151.322079,0.0,0.0,0.0,4772.75,119.72,36351.0,13.250419
2019-06-01,7,554005.731842,429524.016104,124481.715738,0.0,0.0,0.0,4069.38,105.0,39458.2,14.040319
2019-06-01,8,756688.377812,614787.950968,141900.426844,0.0,0.0,0.0,5411.23,96.12,43306.37,17.472912
2019-06-01,9,791184.968571,626203.976218,164980.992354,0.0,0.0,0.0,7213.97,88.26,47315.73,16.721394
2019-06-01,10,879642.954964,693088.042403,186554.912561,0.0,0.0,0.0,9377.994096,361.055904,51067.37,17.225147
2019-06-01,11,970596.785274,783148.788338,187447.996936,0.0,0.0,0.0,10527.560569,1183.419431,54107.06,17.93845
2019-06-01,12,983668.686451,773623.942411,210044.744039,0.0,0.0,0.0,11631.738,1833.412,56671.58,17.357354
2019-06-01,13,1030925.678063,809733.280648,221192.397415,0.0,0.0,0.0,13049.03,2273.58,58503.6,17.621577
2019-06-01,14,1049132.955136,819248.256575,229884.698561,0.0,0.0,0.0,12931.028075,2561.711925,59711.41,17.570058
2019-06-01,15,1051135.765452,818603.259952,232532.5055,0.0,0.0,0.0,13035.863045,2080.206955,60109.45,17.48703
2019-06-01,16,1028698.460075,818603.259952,210095.200123,0.0,0.0,0.0,12995.271381,1599.498619,59121.33,17.399785
2019-06-01,17,975928.518635,798435.085027,177493.433608,0.0,0.0,0.0,13000.143091,1424.216909,56713.96,17.207906
2019-06-01,18,793473.452795,634987.052609,158486.400187,0.0,0.0,0.0,13091.627783,1317.542217,53816.03,14.744184
2019-06-01,19,712874.320875,556790.659544,156083.661331,0.0,0.0,0.0,12190.676928,2257.163072,51720.63,13.783172
2019-06-01,20,567130.170058,416232.04329,150898.126768,0.0,0.0,0.0,11996.133998,1200.956002,49928.44,11.35886
2019-06-01,21,544621.545834,416579.753289,128041.792545,0.0,0.0,0.0,11066.27,392.49,47252.53,11.525765
2019-06-01,22,445539.731645,315383.967433,130155.764211,0.0,0.0,0.0,9530.27,224.52,44161.56,10.088859
2019-06-01,23,393784.451906,303965.162184,89819.289722,0.0,0.0,0.0,11909.920006,519.499994,41272.97,9.540977
2019-06-02,0,328546.135539,255259.622161,73286.513378,0.0,0.0,0.0,13096.094931,1771.875069,38925.79,8.44032
2019-06-02,1,236806.640337,150273.503448,86533.136889,0.0,0.0,0.0,11677.968,2876.862,37119.88,6.37951
2019-06-02,2,227283.157129,150273.503448,77009.653682,0.0,0.0,0.0,11243.522681,2273.077319,35847.03,6.340362
2019-06-02,3,223048.302805,145531.999522,77516.303283,0.0,0.0,0.0,10344.306412,830.813588,35178.16,6.340534
2019-06-02,4,228697.136818,145528.709522,83168.427296,0.0,0.0,0.0,9697.471,88.979,34947.61,6.543999
2019-06-02,5,249762.636869,168404.711872,81357.924997,0.0,0.0,0.0,8864.198,230.442,34873.08,7.162047
2019-06-02,6,279367.802044,190472.408763,88895.393281,0.0,0.0,0.0,7452.46,136.64,35672.85,7.831384
2019-06-02,7,371880.079785,271060.210269,100819.869515,0.0,0.0,0.0,7066.992,248.348,37998.52,9.786699
2019-06-02,8,416157.552635,301201.484791,114956.067844,0.0,0.0,0.0,7377.955,87.125,41020.95,10.145
2019-06-02,9,490048.004597,363738.453566,126309.551032,0.0,0.0,0.0,7768.151,13.309,44167.91,11.095114
2019-06-02,10,600022.490365,456107.759774,143914.730591,0.0,0.0,0.0,8539.74922,191.52078,47388.21,12.661852
2019-06-02,11,609306.023345,455351.735375,153954.28797,0.0,0.0,0.0,10309.75077,777.05923,50275.07,12.119447
2019-06-02,12,628145.937615,455351.735375,172794.20224,0.0,0.0,0.0,11787.337472,1400.192528,52705.32,11.918075
2019-06-02,13,707982.049659,531125.857789,176856.191869,0.0,0.0,0.0,13844.856571,2264.543429,55037.3,12.863677
2019-06-02,14,759874.158636,566984.967258,192889.191378,0.0,0.0,0.0,13609.067584,2231.532416,56855.48,13.365012
2019-06-02,15,775352.898693,566627.387258,208725.511435,0.0,0.0,0.0,13470.644969,1968.955031,57938.84,13.382265
2019-06-02,16,785856.943756,566981.677258,218875.266498,0.0,0.0,0.0,13645.853501,1645.676499,58344.07,13.469354
2019-06-02,17,782217.052789,566978.387258,215238.665531,0.0,0.0,0.0,13175.081366,1473.348634,57742.18,13.546718
2019-06-02,18,758956.99803,566978.387258,191978.610771,0.0,0.0,0.0,13065.79213,932.63787,56095.77,13.529665
2019-06-02,19,685055.496076,490778.175287,194277.32079,0.0,0.0,0.0,12294.109992,1075.330008,54484.06,12.573503
2019-06-02,20,646665.617779,469965.003739,176700.614041,0.0,0.0,0.0,12097.414154,635.695846,52827.6,12.241056
2019-06-02,21,611526.191667,469965.003739,141561.187928,0.0,0.0,0.0,11250.73,308.05,49563.81,12.338159
2019-06-02,22,522576.11097,404141.914292,118434.196678,0.0,0.0,0.0,10729.76,230.21,45641.3,11.449632
2019-06-02,23,435293.826956,335135.528594,100158.298361,0.0,0.0,0.0,10663.29,236.26,42369.65,10.273718
2019-06-03,0,338803.329346,234938.091879,103865.237467,0.0,0.0,0.0,9933.09,593.22,39968.63,8.476731
2019-06-03,1,313825.002496,227530.371879,86294.630616,0.0,0.0,0.0,10074.65,254.01,38506.31,8.149963
2019-06-03,2,311910.292565,222196.679855,89713.612711,0.0,0.0,0.0,8469.67,173.88,37398.82,8.340111
2019-06-03,3,337292.018036,247379.818555,89912.199481,0.0,0.0,0.0,7535.82,119.17,37429.24,9.011458
2019-06-03,4,365695.907043,260177.625154,105518.281888,0.0,0.0,0.0,6936.1,86.42,38624.2,9.468051
2019-06-03,5,447961.163637,335195.213169,112765.950468,0.0,0.0,0.0,7475.02,115.26,40395.04,11.089509
2019-06-03,6,483545.079245,361743.598418,121801.480827,0.0,0.0,0.0,8559.44,152.39,42170.98,11.466299
2019-06-03,7,528675.343095,385975.983588,142699.359507,0.0,0.0,0.0,8333.922,311.018,44750.72,11.813784
2019-06-03,8,772371.051244,624261.9113,148109.139944,0.0,0.0,0.0,8545.497643,252.552357,47786.33,16.163013
2019-06-03,9,808058.2967,633791.863323,174266.433377,0.0,0.0,0.0,9686.49,120.25,51545.27,15.676672
2019-06-03,10,1003444.192069,806156.945027,197287.247042,0.0,0.0,0.0,10933.861953,318.208047,55095.05,18.212965
2019-06-03,11,1032526.877763,826214.092176,206312.785587,0.0,0.0,0.0,12454.20532,961.00468,57965.54,17.812771
2019-06-03,12,1137651.72512,917993.105516,219658.619604,0.0,0.0,0.0,13415.602113,1915.447887,60457.31,18.817439
2019-06-03,13,1147777.146294,916253.216518,231523.929776,0.0,0.0,0.0,14322.52306,2928.88694,62429.73,18.385105
2019-06-03,14,3270502.898847,3043541.527591,226961.371257,0.0,0.0,0.0,14771.983412,2811.896588,63654.27,51.37916
2019-06-03,15,3261622.117308,3043533.137241,218088.980067,0.0,0.0,0.0,14794.696773,2769.273227,64126.45,50.862353
2019-06-03,16,3203021.746614,2969018.774636,234002.971978,0.0,0.0,0.0,14462.361435,2808.098565,63467.45,50.467157
2019-06-03,17,3182832.440493,2969765.439035,213067.001458,0.0,0.0,0.0,13348.115073,2005.584927,61579.54,51.686525
2019-06-03,18,3094510.809188,2881175.963675,213334.845514,0.0,0.0,0.0,12383.019896,771.300104,59059.56,52.396442
2019-06-03,19,3072291.677012,2874778.105778,197513.571234,0.0,0.0,0.0,10765.566113,278.583887,57110.97,53.795123
2019-06-03,20,2933632.775085,2740114.122011,193518.653074,0.0,0.0,0.0,10164.45,258.86,55200.49,53.14505
2019-06-03,21,2857234.094952,2704251.722542,152982.37241,0.0,0.0,0.0,9937.07,312.43,51379.69,55.610186
2019-06-03,22,2616410.350054,2488388.983918,128021.366136,0.0,0.0,0.0,10663.1,377.48,47084.33,55.568601
2019-06-03,23,2513175.716091,2402148.542293,111027.173797,0.0,0.0,0.0,10753.39,341.4,43627.2,57.605707
2019-06-04,0,2468056.763838,2369697.026485,98359.737353,0.0,0.0,0.0,10415.7,310.73,41086.42,60.069891
2019-06-04,1,2412898.891756,2296547.563563,116351.328193,0.0,0.0,0.0,9332.87,363.66,39282.69,61.423973
2019-06-04,2,2400286.310058,2296547.563563,103738.746495,0.0,0.0,0.0,9485.36,299.56,38154.51,62.909635
2019-06-04,3,2399839.252888,2299957.358321,99881.894567,0.0,0.0,0.0,9971.061391,518.468609,38024.83,63.112426
2019-06-04,4,2413538.207175,2299309.071698,114229.135477,0.0,0.0,0.0,9224.496753,2198.523247,39190.49,61.584793
2019-06-04,5,2501872.872791,2384637.900335,117234.972456,0.0,0.0,0.0,9995.26,340.96,40971.82,61.063259
2019-06-04,6,2546574.726038,2420203.01016,126371.715877,0.0,0.0,0.0,9143.63,257.03,42580.3,59.806406
2019-06-04,7,2590530.210502,2440807.752659,149722.457843,0.0,0.0,0.0,8575.84,197.46,44872.23,57.731256
2019-06-04,8,2636272.836612,2474911.26853,161361.568082,0.0,0.0,0.0,9722.34,341.33,47623.57,55.356472
2019-06-04,9,2700088.660501,2519104.00173,180984.658771,0.0,0.0,0.0,10852.956,1280.644,50698.96,53.257279
2019-06-04,10,2754596.232626,2559873.974081,194722.258545,0.0,0.0,0.0,13070.845638,1005.464362,53341.83,51.640452
2019-06-04,11,2800953.662281,2582882.130769,218071.531511,0.0,0.0,0.0,12585.366169,2499.083831,55562.95,50.410456
2019-06-04,12,2817013.190449,2582876.060769,234137.12968,0.0,0.0,0.0,13100.898,3032.562,57112.18,49.324211
2019-06-04,13,2827147.470316,2582876.060769,244271.409546,0.0,0.0,0.0,13789.894,3048.286,57738.54,48.964651
2019-06-04,14,2811885.046375,2582876.060769,229008.985605,0.0,0.0,0.0,13539.061,3447.279,57510.51,48.893412
2019-06-04,15,2793767.546089,2582876.060769,210891.48532,0.0,0.0,0.0,13795.904906,3243.265094,56435.4,49.503814
2019-06-04,16,2746011.201797,2542106.088418,203905.113379,0.0,0.0,0.0,13966.801531,2612.098469,55163.81,49.779216
2019-06-04,17,2717306.829128,2527060.150498,190246.67863,0.0,0.0,0.0,13594.784196,2145.895804,53641.28,50.657009
2019-06-04,18,2672388.952454,2502252.297882,170136.654572,0.0,0.0,0.0,13249.806582,1530.223418,51812.86,51.577716
2019-06-04,19,2628963.788701,2458052.984682,170910.80402,0.0,0.0,0.0,12469.881,1584.199,50653.71,51.900715
2019-06-04,20,2618250.08074,2458052.984682,160197.096058,0.0,0.0,0.0,11835.07035,966.74965,49519.53,52.87308
2019-06-04,21,2581968.887266,2445251.888083,136716.999184,0.0,0.0,0.0,11068.89,453.41,46675.22,55.317766
2019-06-04,22,2525613.572212,2409964.468476,115649.103736,0.0,0.0,0.0,10568.46,330.75,43315.05,58.307992
2019-06-04,23,2474914.131497,2362817.047786,112097.08371,0.0,0.0,0.0,9447.44,382.45,40633.32,60.908489
2019-06-05,0,2447924.267196,2344909.376195,103014.891002,0.0,0.0,0.0,8466.91,229.11,38919.97,62.896355
2019-06-05,1,2443991.490642,2344906.086195,99085.404447,0.0,0.0,0.0,7600.1,193.84,37855.19,64.561596
2019-06-05,2,2441805.278309,2339572.39417,102232.884139,0.0,0.0,0.0,6793.29,188.44,37207.29,65.627066
2019-06-05,3,2444691.439048,2339569.10417,105122.334878,0.0,0.0,0.0,6633.88,185.1,37374.58,65.410539
2019-06-05,4,2485093.626894,2378355.74471,106737.882184,0.0,0.0,0.0,7010.19,122.81,38715.3,64.188929
2019-06-05,5,2554419.325158,2426972.064791,127447.260367,0.0,0.0,0.0,5432.465,119.435,40608.05,62.90426
2019-06-05,6,2584251.498114,2442004.842712,142246.655403,0.0,0.0,0.0,4281.35,172.36,41927.07,61.636826
2019-06-05,7,2641616.77013,2495026.835559,146589.934571,0.0,0.0,0.0,4003.48,174.45,43338.63,60.952937
2019-06-05,8,2656058.458202,2495023.545559,161034.912643,0.0,0.0,0.0,4297.03,161.73,44780.96,59.312227
2019-06-05,9,2704775.29575,2532508.146568,172267.149182,0.0,0.0,0.0,5047.83,149.72,46582.41,58.064306
2019-06-05,10,2727399.075052,2557568.918951,169830.156101,0.0,0.0,0.0,6328.96,77.6,48098.01,56.705029
2019-06-05,11,2746902.541814,2569254.878759,177647.663055,0.0,0.0,0.0,7364.948092,472.631908,49381.31,55.62636
2019-06-05,12,2780719.338267,2612701.96756,168017.370707,0.0,0.0,0.0,8389.600846,822.679154,50920.52,54.609013
2019-06-05,13,2794807.78024,2613451.921959,181355.85828,0.0,0.0,0.0,8880.503044,1193.686956,52422.37,53.313266
2019-06-05,14,779249.583954,572227.065902,207022.518052,0.0,0.0,0.0,9440.9,1263.71,53618.7,14.533168
2019-06-05,15,775868.128193,572220.485902,203647.642292,0.0,0.0,0.0,10086.532817,1111.427183,54440.25,14.251737
2019-06-05,16,762271.242249,559811.93175,202459.310499,0.0,0.0,0.0,10627.554517,297.875483,54378.25,14.017944
2019-06-05,17,749228.807325,562705.509975,186523.29735,0.0,0.0,0.0,10071.13,368.97,53505.44,14.002853
2019-06-05,18,725259.179322,553512.992725,171746.186596,0.0,0.0,0.0,9802.883455,556.896545,51981.16,13.952347
2019-06-05,19,641518.820598,463170.719654,178348.100944,0.0,0.0,0.0,9793.38113,1370.37887,50760.67,12.638108
2019-06-05,20,617831.69726,445113.276598,172718.420662,0.0,0.0,0.0,8524.070006,519.499994,49295.94,12.533115
2019-06-05,21,596188.352228,445109.986598,151078.36563,0.0,0.0,0.0,6807.6,454.02,46361.48,12.859563
2019-06-05,22,515840.129155,389491.868149,126348.261006,0.0,0.0,0.0,6373.71,270.66,42867.49,12.033364
2019-06-05,23,464045.386258,336469.875301,127575.510957,0.0,0.0,0.0,4679.57,169.98,39943.65,11.617501
2019-06-06,0,440865.256202,327729.678518,113135.577684,0.0,0.0,0.0,3853.39,117.97,37894.78,11.633931
2019-06-06,1,382964.602149,276093.670394,106870.931755,0.0,0.0,0.0,3698.52,101.8,36514.28,10.488078
2019-06-06,2,370086.12404,259839.64618,110246.477861,0.0,0.0,0.0,2860.43,86.0,35422.21,10.447855
2019-06-06,3,377688.052135,268583.132963,109104.919172,0.0,0.0,0.0,2459.37,90.1,35191.97,10.732222
2019-06-06,4,414544.51854,299203.268107,115341.250433,0.0,0.0,0.0,2459.77,113.03,36331.02,11.410209
2019-06-06,5,502185.6523,370735.195996,131450.456304,0.0,0.0,0.0,1651.82,40.94,38016.28,13.209753
2019-06-06,6,659496.06714,518275.975085,141220.092056,0.0,0.0,0.0,1370.32,0.0,39426.68,16.727152
2019-06-06,7,668098.525421,527099.164732,140999.360689,0.0,0.0,0.0,2126.211,0.899,41583.21,16.066545
2019-06-06,8,686662.080119,527095.874732,159566.205387,0.0,0.0,0.0,3413.14,31.08,44387.71,15.469644
2019-06-06,9,764046.76414,595869.26178,168177.50236,0.0,0.0,0.0,5248.2,55.15,47835.21,15.972476
2019-06-06,10,929905.930944,752216.890133,177689.040812,0.0,0.0,0.0,7828.13,61.62,51378.9,18.098985
2019-06-06,11,970042.199046,771903.259363,198138.939683,0.0,0.0,0.0,9019.903906,828.736094,54808.6,17.698722
2019-06-06,12,1074285.342436,846920.847378,227364.495058,0.0,0.0,0.0,10440.131792,1548.298208,58076.9,18.497636
2019-06-06,13,1082796.342027,846917.557378,235878.784649,0.0,0.0,0.0,12282.68168,2161.06832,60549.23,17.882909
2019-06-06,14,1149502.651427,898556.345502,250946.305925,0.0,0.0,0.0,13018.976,2312.764,62047.76,18.526094
2019-06-06,15,1143209.765864,898553.565502,244656.200362,0.0,0.0,0.0,13560.161193,2402.068807,62530.68,18.282382
2019-06-06,16,1116820.74552,897911.858878,218908.886642,0.0,0.0,0.0,13913.72839,2372.16161,61034.32,18.298242
2019-06-06,17,1051937.693591,849426.096528,202511.597063,0.0,0.0,0.0,12905.421142,1922.078858,58388.9,18.016056
2019-06-06,18,878704.00544,687473.996142,191230.009298,0.0,0.0,0.0,12393.79112,851.13888,55676.6,15.782286
2019-06-06,19,806178.524881,624010.616445,182167.908436,0.0,0.0,0.0,11247.860943,530.409057,53006.94,15.208924
2019-06-06,20,773417.843235,603073.545269,170344.297966,0.0,0.0,0.0,9621.83,381.17,50774.38,15.232443
2019-06-06,21,692356.306633,528055.957254,164300.349379,0.0,0.0,0.0,7546.93,314.25,47180.26,14.674703
2019-06-06,22,527379.023056,386994.11559,140384.907467,0.0,0.0,0.0,5819.02,255.26,43074.95,12.243288
2019-06-06,23,455394.658751,333972.122742,121422.536009,0.0,0.0,0.0,5135.03,248.03,39770.68,11.450512
2019-06-07,0,385913.063033,274314.610568,111598.452466,0.0,0.0,0.0,4663.91,241.26,37484.44,10.295287
2019-06-07,1,367142.84245,265125.383318,102017.459132,0.0,0.0,0.0,4442.97,237.06,35987.49,10.201957
2019-06-07,2,361313.172706,255589.361295,105723.811411,0.0,0.0,0.0,3479.57,199.98,35137.03,10.282974
2019-06-07,3,370097.205737,262310.653486,107786.552251,0.0,0.0,0.0,3057.44,184.99,35129.6,10.535196
2019-06-07,4,401743.714837,289782.679542,111961.035295,0.0,0.0,0.0,3099.39,193.42,36227.9,11.089346
2019-06-07,5,426358.134383,297491.379542,128866.754841,0.0,0.0,0.0,2893.74,189.2,37668.71,11.318628
2019-06-07,6,479818.547273,350513.882389,129304.664884,0.0,0.0,0.0,3141.695,97.625,39419.65,12.172065
2019-06-07,7,543223.653869,394713.195589,148510.458279,0.0,0.0,0.0,3925.412654,157.057346,42208.97,12.869863
2019-06-07,8,594683.618666,424474.77103,170208.847636,0.0,0.0,0.0,5019.74,239.51,45417.23,13.093789
2019-06-07,9,630082.125236,439517.418951,190564.706285,0.0,0.0,0.0,6666.778,345.402,48769.18,12.919678
2019-06-07,10,712180.815826,502980.288649,209200.527177,0.0,0.0,0.0,8861.774,301.736,51866.34,13.731079
2019-06-07,11,754858.564275,543747.481,211111.083275,0.0,0.0,0.0,9989.254902,845.045098,54722.99,13.794176
2019-06-07,12,860543.885573,618765.069015,241778.816559,0.0,0.0,0.0,10700.215,1537.365,57472.05,14.973259
2019-06-07,13,889953.612271,649099.79649,240853.815781,0.0,0.0,0.0,11541.103181,1395.196819,59428.58,14.975179
2019-06-07,14,958209.457998,670177.32961,288032.128388,0.0,0.0,0.0,10901.335188,1836.214812,60806.97,15.758217
2019-06-07,15,995940.642628,670174.03961,325766.603018,0.0,0.0,0.0,11056.833,1185.217,61656.03,16.153175
2019-06-07,16,983210.698671,670174.03961,313036.65906,0.0,0.0,0.0,10876.736701,960.423299,61387.05,16.016582
2019-06-07,17,964009.266649,670174.03961,293835.227039,0.0,0.0,0.0,9449.78586,648.81414,60102.1,16.039527
2019-06-07,18,922551.025433,670174.03961,252376.985823,0.0,0.0,0.0,8161.01,150.63,57861.59,15.944101
2019-06-07,19,844111.749587,603248.444798,240863.30479,0.0,0.0,0.0,6875.39,92.0,55350.0,15.250438
2019-06-07,20,816438.847243,582435.27325,234003.573994,0.0,0.0,0.0,5334.42,100.03,53320.62,15.311878
2019-06-07,21,774957.261542,582435.27325,192521.988292,0.0,0.0,0.0,4612.3,140.25,49864.25,15.54134
2019-06-07,22,629489.697787,468930.594042,160559.103745,0.0,0.0,0.0,5460.6,222.14,46134.51,13.64466
2019-06-07,23,528521.421045,385310.97753,143210.443516,0.0,0.0,0.0,4846.59,201.42,42613.18,12.402769
2019-06-08,0,452544.573571,323548.787899,128995.785672,0.0,0.0,0.0,4685.25,190.53,39879.51,11.347797
2019-06-08,1,420219.170157,312129.98265,108089.187507,0.0,0.0,0.0,4968.71,188.95,37807.56,11.114686
2019-06-08,2,403045.50151,295875.958435,107169.543075,0.0,0.0,0.0,3954.33,139.64,36378.3,11.079284
2019-06-08,3,368488.645168,265060.97362,103427.671547,0.0,0.0,0.0,3509.24,112.67,35520.92,10.373849
2019-06-08,4,363301.519089,255868.456371,107433.062718,0.0,0.0,0.0,3414.39,103.99,35406.77,10.260792
2019-06-08,5,388130.801525,264611.943154,123518.858371,0.0,0.0,0.0,2718.38,56.25,35632.83,10.892506
2019-06-08,6,565663.102378,437615.713706,128047.388672,0.0,0.0,0.0,2311.5,29.26,37155.19,15.224336
2019-06-08,7,633151.123471,490628.346554,142522.776918,0.0,0.0,0.0,2633.02,0.0,40627.93,15.584134
2019-06-08,8,710718.70546,538180.492844,172538.212616,0.0,0.0,0.0,3913.14,0.0,44605.61,15.933393
2019-06-08,9,883142.590028,688756.800435,194385.789594,0.0,0.0,0.0,5442.4,0.0,48788.77,18.10135
2019-06-08,10,1009428.293076,806905.571759,202522.721317,0.0,0.0,0.0,7397.69,0.0,52609.92,19.187033
2019-06-08,11,1070416.413479,843006.059996,227410.353483,0.0,0.0,0.0,7942.218747,453.751253,55790.99,19.186188
2019-06-08,12,1220220.912918,974223.428011,245997.484907,0.0,0.0,0.0,8476.10407,906.25593,58521.16,20.850935
2019-06-08,13,1238975.416876,974571.13801,264404.278866,0.0,0.0,0.0,8994.941928,1239.518072,60721.76,20.404142
2019-06-08,14,1295034.693303,1015341.110361,279693.582942,0.0,0.0,0.0,9298.922,1393.448,62343.82,20.772463
2019-06-08,15,1324858.075938,1015337.820361,309520.255577,0.0,0.0,0.0,8893.549,1710.771,63489.59,20.867328
2019-06-08,16,1338194.286726,1015337.820361,322856.466365,0.0,0.0,0.0,9135.956,1273.574,63709.96,21.004475
2019-06-08,17,1301661.912831,1015337.820361,286324.09247,0.0,0.0,0.0,9095.503152,1018.586848,62698.33,20.760711
2019-06-08,18,1241179.367637,993905.997241,247273.370396,0.0,0.0,0.0,9191.57395,903.29605,60474.91,20.523873
2019-06-08,19,1013554.849679,790158.348154,223396.501525,0.0,0.0,0.0,8837.241663,1555.878337,57634.99,17.585756
2019-06-08,20,952469.211966,734095.499114,218373.712852,0.0,0.0,0.0,7922.240932,937.449068,55516.6,17.156476
2019-06-08,21,783392.762837,593033.65745,190359.105388,0.0,0.0,0.0,7373.83,479.54,52159.27,15.019243
2019-06-08,22,637705.372224,472413.974769,165291.397454,0.0,0.0,0.0,7744.38,353.23,48466.33,13.157699
2019-06-08,23,543447.865674,401052.50173,142395.363944,0.0,0.0,0.0,7720.46,342.85,45025.95,12.069659
2019-06-09,0,450938.188106,322155.073903,128783.114204,0.0,0.0,0.0,8259.74,336.0,42285.31,10.664181
2019-06-09,1,414345.226536,307109.135982,107236.090554,0.0,0.0,0.0,8906.550116,362.489884,40106.1,10.331227
2019-06-09,2,365124.896261,256756.264861,108368.6314,0.0,0.0,0.0,8518.271117,444.358883,38524.59,9.47771
2019-06-09,3,353810.103619,251766.63651,102043.467109,0.0,0.0,0.0,8205.96132,463.75868,37599.01,9.410091
2019-06-09,4,349827.941703,246560.643901,103267.297802,0.0,0.0,0.0,7801.029,471.361,37253.39,9.3905
2019-06-09,5,359798.875142,259365.0305,100433.844642,0.0,0.0,0.0,7263.58,502.17,36969.66,9.732274
2019-06-09,6,403996.806681,299296.763833,104700.042847,0.0,0.0,0.0,6723.990006,519.499994,38130.73,10.595045
2019-06-09,7,481449.184529,347351.372603,134097.811926,0.0,0.0,0.0,6605.170006,519.499994,41679.14,11.551322
2019-06-09,8,574596.832788,419401.851922,155194.980866,0.0,0.0,0.0,7794.155,514.685,45964.75,12.500815
2019-06-09,9,758170.204416,560456.603586,197713.600831,0.0,0.0,0.0,9782.906,778.904,50399.86,15.043101
2019-06-09,10,895052.117336,697761.727679,197290.389657,0.0,0.0,0.0,11501.723982,937.326018,54579.51,16.39905
2019-06-09,11,965355.188469,718833.1908,246521.997669,0.0,0.0,0.0,9937.629228,350.620772,58032.95,16.634605
2019-06-09,12,982588.979618,718829.9008,263759.078819,0.0,0.0,0.0,10017.616,1209.874,58968.56,16.66293
2019-06-09,13,930406.472272,718829.9008,211576.571473,0.0,0.0,0.0,11569.948725,2432.771275,57851.81,16.082582
2019-06-09,14,917540.335647,679409.597487,238130.73816,0.0,0.0,0.0,12059.20813,2981.59187,58709.85,15.628388
2019-06-09,15,921363.74009,679409.597487,241954.142603,0.0,0.0,0.0,12702.274,2936.586,59377.34,15.517094
2019-06-09,16,886900.786638,679409.597487,207491.189151,0.0,0.0,0.0,13775.612372,2633.327628,59142.49,14.996
2019-06-09,17,839818.109627,634859.284287,204958.82534,0.0,0.0,0.0,13363.96599,2450.97401,58066.57,14.463023
2019-06-09,18,806605.592815,635213.574287,171392.018528,0.0,0.0,0.0,13205.811151,1786.088849,56054.16,14.389754
2019-06-09,19,756034.024329,574543.322203,181490.702126,0.0,0.0,0.0,12229.97,1096.97,54144.7,13.963214
2019-06-09,20,724247.319419,574543.322203,149703.997217,0.0,0.0,0.0,12370.006669,2196.703331,52320.8,13.842436
2019-06-09,21,545068.79057,413995.88529,131072.90528,0.0,0.0,0.0,13713.545823,2239.244177,49411.98,11.031106
2019-06-09,22,419743.764106,303614.162184,116129.601921,0.0,0.0,0.0,14276.500614,2260.099386,45652.14,9.194394
2019-06-09,23,359801.009618,258765.414587,101035.595031,0.0,0.0,0.0,13698.759508,2373.210492,42614.38,8.443183
2019-06-10,0,356285.572748,265265.518503,91020.054245,0.0,0.0,0.0,12119.334318,2334.625682,40467.02,8.804344
2019-06-10,1,298763.397751,188836.043739,109927.354012,0.0,0.0,0.0,9687.840492,2879.909508,38928.86,7.674599
2019-06-10,2,287014.882467,188836.043739,98178.838728,0.0,0.0,0.0,9736.614773,3926.855227,38056.48,7.541814
2019-06-10,3,275562.193792,180614.407639,94947.786153,0.0,0.0,0.0,10336.495929,4041.614071,37880.48,7.274517
2019-06-10,4,290501.171233,180607.827639,109893.343594,0.0,0.0,0.0,10229.794,3782.106,38753.54,7.49612
2019-06-10,5,350234.77993,255628.705654,94606.074276,0.0,0.0,0.0,12085.803455,2222.306545,40064.24,8.74183
2019-06-10,6,354731.422882,249201.410087,105530.012795,0.0,0.0,0.0,12348.558451,2124.521549,41128.9,8.62487
2019-06-10,7,384378.82136,273882.483562,110496.337799,0.0,0.0,0.0,12777.403278,2126.326722,42835.08,8.973459
2019-06-10,8,424490.7288,296567.312184,127923.416616,0.0,0.0,0.0,12929.965358,2184.474642,45141.76,9.403504
2019-06-10,9,489932.361322,348171.055384,141761.305938,0.0,0.0,0.0,13404.945895,2190.694105,47627.42,10.286771
2019-06-10,10,525240.963955,368779.087882,156461.876072,0.0,0.0,0.0,14312.595747,1171.934253,49887.47,10.528515
2019-06-10,11,598180.311945,434185.916818,163994.395127,0.0,0.0,0.0,14091.751733,2076.748267,51672.66,11.576341
2019-06-10,12,608052.431086,434177.066818,173875.364268,0.0,0.0,0.0,14352.183,2067.717,53427.53,11.380882
2019-06-10,13,658905.955054,487202.349665,171703.605389,0.0,0.0,0.0,15102.03098,1186.69902,54802.63,12.023254
2019-06-10,14,676197.540075,485332.138942,190865.401133,0.0,0.0,0.0,14839.61988,1517.37012,56026.65,12.069212
2019-06-10,15,688263.514342,485332.138942,202931.375399,0.0,0.0,0.0,14173.731586,1724.858414,56382.7,12.206998
2019-06-10,16,680684.756903,486209.643042,194475.113861,0.0,0.0,0.0,14124.659783,1089.920217,55735.83,12.212696
2019-06-10,17,661270.561506,486572.60253,174697.958976,0.0,0.0,0.0,12669.045584,1760.004416,53931.69,12.261262
2019-06-10,18,603703.077463,442652.036466,161051.040998,0.0,0.0,0.0,11762.459023,1391.540977,51847.69,11.64378
2019-06-10,19,591566.924982,436608.468568,154958.456414,0.0,0.0,0.0,11123.346095,979.953905,50620.39,11.686337
2019-06-10,20,596324.429683,436605.178568,159719.251114,0.0,0.0,0.0,8972.92,499.65,49291.48,12.097921
2019-06-10,21,588030.81927,443003.036465,145027.782804,0.0,0.0,0.0,6490.59,300.54,46016.92,12.778578
2019-06-10,22,568856.553785,442999.746465,125856.807319,0.0,0.0,0.0,4462.05,172.22,42420.15,13.410055
2019-06-10,23,419818.452433,305441.899676,114376.552757,0.0,0.0,0.0,4483.25,175.88,39268.37,10.691008
2019-06-11,0,394733.111751,296701.702893,98031.408859,0.0,0.0,0.0,4458.85,181.21,37113.93,10.635713
2019-06-11,1,312853.194292,206971.295236,105881.899056,0.0,0.0,0.0,4546.73,188.52,35626.78,8.781405
2019-06-11,2,298706.005341,197435.273212,101270.732129,0.0,0.0,0.0,4194.31,181.64,34757.45,8.594014
2019-06-11,3,308636.703255,206178.759996,102457.943259,0.0,0.0,0.0,3899.72,176.15,34728.3,8.887181
2019-06-11,4,349930.308403,240029.454644,109900.853759,0.0,0.0,0.0,3737.8,169.07,35858.97,9.758515
2019-06-11,5,448530.108135,324579.774682,123950.333452,0.0,0.0,0.0,2938.97,78.69,37590.36,11.932051
2019-06-11,6,468539.288443,324573.194682,143966.093761,0.0,0.0,0.0,2450.45,33.41,38669.34,12.116558
2019-06-11,7,523434.336532,377598.47753,145835.859002,0.0,0.0,0.0,2361.23,0.0,39929.78,13.108871
2019-06-11,8,530902.617072,377595.18753,153307.429542,0.0,0.0,0.0,3358.89,32.39,41638.19,12.750377
2019-06-11,9,538055.839427,368854.990747,169200.84868,0.0,0.0,0.0,4723.835,36.905,43819.85,12.278815
2019-06-11,10,578271.028218,413057.593947,165213.434271,0.0,0.0,0.0,6754.753417,361.596583,45977.79,12.577182
2019-06-11,11,606658.579544,421797.79073,184860.788814,0.0,0.0,0.0,7514.448342,609.161658,47848.79,12.678661
2019-06-11,12,628411.72717,421794.50073,206617.22644,0.0,0.0,0.0,8485.367,686.193,49669.97,12.651744
2019-06-11,13,622221.090453,421794.50073,200426.589723,0.0,0.0,0.0,10083.8309,1680.9291,50860.68,12.233833
2019-06-11,14,631484.606051,430686.309522,200798.29653,0.0,0.0,0.0,10578.304455,2218.785545,51375.68,12.291508
2019-06-11,15,624949.841827,438683.626657,186266.215171,0.0,0.0,0.0,10737.041134,2755.698866,51314.75,12.178756
2019-06-11,16,611545.450276,439031.846657,172513.603619,0.0,0.0,0.0,11276.767894,3376.852106,50484.88,12.113438
2019-06-11,17,565369.042648,386006.563809,179362.478839,0.0,0.0,0.0,11098.899,3264.931,49391.09,11.446782
2019-06-11,18,553452.753322,401055.79173,152396.961592,0.0,0.0,0.0,11035.070435,2337.719565,48058.75,11.51617
2019-06-11,19,510719.725314,356853.18853,153866.536784,0.0,0.0,0.0,9814.917962,2104.242038,47138.8,10.834381
2019-06-11,20,504262.589698,347334.922603,156927.667095,0.0,0.0,0.0,9082.536,1760.274,46163.76,10.923343
2019-06-11,21,482949.590034,347334.922603,135614.667431,0.0,0.0,0.0,7190.973782,602.066218,43274.6,11.160117
2019-06-11,22,438241.745436,320870.179433,117371.566002,0.0,0.0,0.0,5570.24,352.47,39833.75,11.00177
2019-06-11,23,399984.767651,292419.441385,107565.326267,0.0,0.0,0.0,4712.14,332.1,36974.53,10.817846
2019-06-12,0,307283.82998,200962.201452,106321.628527,0.0,0.0,0.0,4212.5,317.7,35078.88,8.759796
2019-06-12,1,296835.284509,200962.201452,95873.083057,0.0,0.0,0.0,4041.01,311.05,33934.24,8.747368
2019-06-12,2,280355.165362,184708.177238,95646.988124,0.0,0.0,0.0,3921.92,288.0,33323.9,8.413036
2019-06-12,3,286544.50782,191429.469429,95115.038391,0.0,0.0,0.0,3925.14,270.32,33457.33,8.564476
2019-06-12,4,318403.998735,219726.202145,98677.79659,0.0,0.0,0.0,4074.13,257.06,34710.59,9.173108
2019-06-12,5,403421.983853,288308.732293,115113.251561,0.0,0.0,0.0,3472.936,106.364,36539.16,11.040812
2019-06-12,6,412293.42764,288299.372293,123994.055347,0.0,0.0,0.0,3295.7,96.18,37791.91,10.909568
2019-06-12,7,462139.641812,341324.65514,120814.986672,0.0,0.0,0.0,4037.63,105.76,39597.7,11.670871
2019-06-12,8,530014.412865,396946.063589,133068.349276,0.0,0.0,0.0,4450.21,0.0,41834.59,12.669287
2019-06-12,9,552588.983636,396939.483589,155649.500047,0.0,0.0,0.0,5679.73,0.0,44648.34,12.376473
2019-06-12,10,575079.112711,405853.253703,169225.859008,0.0,0.0,0.0,7942.520919,35.249081,47210.65,12.181131
2019-06-12,11,664280.269633,478243.03056,186037.239073,0.0,0.0,0.0,8674.015846,1043.784154,49729.74,13.357807
2019-06-12,12,688836.858086,493808.584384,195028.273702,0.0,0.0,0.0,9428.455689,2859.194311,52399.28,13.145922
2019-06-12,13,766381.923529,568822.882399,197559.04113,0.0,0.0,0.0,10600.165792,3425.334208,54554.96,14.047887
2019-06-12,14,802576.174671,589636.053947,212940.120724,0.0,0.0,0.0,11120.620799,4280.349201,56527.45,14.19799
2019-06-12,15,820494.707706,589987.053947,230507.653759,0.0,0.0,0.0,12159.531017,4267.708983,57980.97,14.151104
2019-06-12,16,818550.858556,589983.763947,228567.094609,0.0,0.0,0.0,12390.706019,4193.423981,58153.29,14.075745
2019-06-12,17,788159.800791,580465.49802,207694.302771,0.0,0.0,0.0,12234.809125,3664.760875,57113.24,13.799949
2019-06-12,18,719093.613523,528478.489896,190615.123627,0.0,0.0,0.0,12127.965218,2425.474782,55014.58,13.070964
2019-06-12,19,667560.143941,492730.021659,174830.122282,0.0,0.0,0.0,10690.222946,2003.127054,52547.7,12.703889
2019-06-12,20,622495.176469,448527.418459,173967.75801,0.0,0.0,0.0,9446.711331,1457.798669,50608.28,12.300263
2019-06-12,21,597496.017833,433481.480538,164014.537295,0.0,0.0,0.0,6580.200006,519.499994,46977.96,12.718645
2019-06-12,22,562204.698451,414654.95529,147549.743161,0.0,0.0,0.0,4358.71,292.95,42938.53,13.093245
2019-06-12,23,449049.073543,330448.140025,118600.933518,0.0,0.0,0.0,4272.51,220.57,39509.21,11.365681
2019-06-13,0,386159.551745,277426.147178,108733.404568,0.0,0.0,0.0,4211.34,162.16,37116.73,10.403922
2019-06-13,1,320449.006151,220515.447386,99933.558765,0.0,0.0,0.0,4330.85,117.03,35413.48,9.048786
2019-06-13,2,301109.36276,204075.795469,97033.567292,0.0,0.0,0.0,4122.86,106.65,34350.05,8.765908
2019-06-13,3,300265.435854,204075.795469,96189.640385,0.0,0.0,0.0,4111.33,96.9,34260.69,8.764139
2019-06-13,4,329760.064363,229262.224169,100497.840195,0.0,0.0,0.0,4114.83,87.2,35420.28,9.309923
2019-06-13,5,443216.72293,324891.134682,118325.588247,0.0,0.0,0.0,2961.41,0.0,36998.39,11.979352
2019-06-13,6,482356.804526,341813.830609,140542.973917,0.0,0.0,0.0,2382.26,0.0,38716.05,12.458833
2019-06-13,7,543853.886384,394832.533457,149021.352928,0.0,0.0,0.0,2838.76,0.0,41253.26,13.183295
2019-06-13,8,694210.864014,535893.865121,158316.998894,0.0,0.0,0.0,4536.49,29.01,44296.88,15.671778
2019-06-13,9,694842.085268,527150.888337,167691.196931,0.0,0.0,0.0,6976.45,44.27,47594.17,14.599311
2019-06-13,10,764603.293479,586402.719458,178200.574021,0.0,0.0,0.0,9335.865364,588.334636,50530.29,15.131583
2019-06-13,11,806323.969599,610081.502931,196242.466668,0.0,0.0,0.0,10344.660971,1788.009029,53239.78,15.145141
2019-06-13,12,883331.111147,662068.001054,221263.110093,0.0,0.0,0.0,11043.970106,2944.779894,55837.1,15.819788
2019-06-13,13,929907.99496,710235.214063,219672.780897,0.0,0.0,0.0,12261.265385,3464.974615,57889.47,16.063509
2019-06-13,14,953697.242791,731048.895611,222648.34718,0.0,0.0,0.0,12652.974,4051.706,59350.04,16.069024
2019-06-13,15,969534.569216,731045.605611,238488.963605,0.0,0.0,0.0,12973.497,4233.873,60385.97,16.055626
2019-06-13,16,961965.846001,731045.605611,230920.24039,0.0,0.0,0.0,13449.967064,3620.542936,60395.19,15.927855
2019-06-13,17,935571.528127,730548.960201,205022.567926,0.0,0.0,0.0,13415.343268,3674.456732,59074.27,15.837208
2019-06-13,18,863880.901179,694316.390239,169564.510941,0.0,0.0,0.0,13738.59785,2668.16215,56546.35,15.277395
2019-06-13,19,769628.803657,604603.864303,165024.939355,0.0,0.0,0.0,13097.527804,2221.582196,54005.09,14.251042
2019-06-13,20,616279.93144,463820.769774,152459.161666,0.0,0.0,0.0,13256.091023,2138.388977,51806.75,11.895746
2019-06-13,21,525164.814049,393561.431,131603.383049,0.0,0.0,0.0,13220.875781,2077.384219,48283.89,10.876605
2019-06-13,22,446164.066887,337943.312551,108220.754336,0.0,0.0,0.0,12275.352465,995.467535,44498.08,10.026591
2019-06-13,23,374629.509419,287115.988435,87513.520984,0.0,0.0,0.0,12347.411791,1104.928209,41017.2,9.133474
2019-06-14,0,336423.190482,264386.122352,72037.06813,0.0,0.0,0.0,12342.409386,1086.970614,38622.81,8.710479
2019-06-14,1,262879.764812,185470.269196,77409.495616,0.0,0.0,0.0,12262.785522,1124.734478,37047.74,7.095703
2019-06-14,2,251234.039278,179075.701299,72158.337979,0.0,0.0,0.0,12048.235846,1446.724154,36137.12,6.952243
2019-06-14,3,255684.278137,184480.852573,71203.425564,0.0,0.0,0.0,11729.879396,1996.390604,36033.58,7.095722
2019-06-14,4,282472.448864,197666.969596,84805.479268,0.0,0.0,0.0,11230.371804,2313.448196,36984.65,7.637559
2019-06-14,5,357550.292008,272677.977611,84872.314397,0.0,0.0,0.0,11135.763426,2307.456574,38401.49,9.310844
2019-06-14,6,395007.348785,301739.794986,93267.553799,0.0,0.0,0.0,10863.832604,2333.737396,39819.46,9.919957
2019-06-14,7,428399.027461,313657.209787,114741.817674,0.0,0.0,0.0,10783.275849,2316.264151,42446.93,10.09258
2019-06-14,8,478229.071698,352148.825193,126080.246505,0.0,0.0,0.0,12387.557,2469.573,45613.87,10.484291
2019-06-14,9,561682.657686,415478.933642,146203.724044,0.0,0.0,0.0,13239.137996,2633.522004,49064.19,11.447915
2019-06-14,10,720441.860563,556534.195306,163907.665258,0.0,0.0,0.0,14905.795556,1842.274444,52263.8,13.78472
2019-06-14,11,797503.114896,624849.574842,172653.540054,0.0,0.0,0.0,14841.013047,3589.576953,55140.44,14.463126
2019-06-14,12,968710.555605,772396.93393,196313.621675,0.0,0.0,0.0,15361.882189,4306.597811,57867.29,16.740209
2019-06-14,13,991687.482291,791171.113194,200516.369097,0.0,0.0,0.0,16496.269414,3491.220586,59973.03,16.535557
2019-06-14,14,1041039.578419,824931.124291,216108.454128,0.0,0.0,0.0,15957.692,4488.888,61334.42,16.973171
2019-06-14,15,1050009.749404,824921.254291,225088.495113,0.0,0.0,0.0,15451.176163,4624.853837,62044.89,16.923388
2019-06-14,16,1049168.791159,824283.996066,224884.795092,0.0,0.0,0.0,15305.205015,4246.534985,61824.47,16.970122
2019-06-14,17,1026034.150959,824818.378716,201215.772243,0.0,0.0,0.0,15433.896237,3203.873763,60167.6,17.052935
2019-06-14,18,964819.333811,790516.868338,174302.465473,0.0,0.0,0.0,14817.641456,2481.268544,57667.7,16.730671
2019-06-14,19,911806.465666,742336.49533,169469.970336,0.0,0.0,0.0,13520.715264,2268.814736,55284.02,16.493129
2019-06-14,20,833587.461412,674268.564562,159318.89685,0.0,0.0,0.0,14019.591047,2143.638953,53556.78,15.564555
2019-06-14,21,790914.620333,664750.298635,126164.321698,0.0,0.0,0.0,14994.575126,2048.354874,50750.17,15.584472
2019-06-14,22,580163.136464,464688.725449,115474.411015,0.0,0.0,0.0,16232.288456,2048.021544,47487.48,12.217181
2019-06-14,23,519938.216651,423290.439716,96647.776935,0.0,0.0,0.0,16248.710829,2072.359171,44523.38,11.677869
2019-06-15,0,458798.549829,370350.929733,88447.620096,0.0,0.0,0.0,15825.488745,2127.051255,42353.49,10.832603
2019-06-15,1,357617.29523,274438.558768,83178.736461,0.0,0.0,0.0,15319.034967,2125.315033,40708.25,8.784885
2019-06-15,2,273336.108226,194638.853254,78697.254972,0.0,0.0,0.0,14964.358353,2130.941647,39576.06,6.906602
2019-06-15,3,265427.249386,188798.355162,76628.894223,0.0,0.0,0.0,14620.211652,2137.108348,38956.91,6.813355
2019-06-15,4,268707.238957,189149.355162,79557.883795,0.0,0.0,0.0,14169.813,2192.087,39097.83,6.872689
2019-06-15,5,272790.9166,189146.065162,83644.851438,0.0,0.0,0.0,14284.835,1921.765,39297.85,6.941624
2019-06-15,6,342012.879159,261938.155236,80074.723922,0.0,0.0,0.0,14154.63227,1675.92773,40432.76,8.458806
2019-06-15,7,399745.366404,291548.714444,108196.65196,0.0,0.0,0.0,14218.858855,1452.701145,43547.42,9.179542
2019-06-15,8,508731.031852,372324.341878,136406.689974,0.0,0.0,0.0,14343.451,1785.519,47122.01,10.796038
2019-06-15,9,602476.373049,447332.569893,155143.803156,0.0,0.0,0.0,14357.394,2151.016,50557.94,11.916553
2019-06-15,10,783942.108757,617372.080679,166570.028078,0.0,0.0,0.0,15996.175475,836.984525,53850.73,14.557688
2019-06-15,11,834684.438488,657220.311215,177464.127272,0.0,0.0,0.0,15665.902,2401.008,56618.92,14.742147
2019-06-15,12,901252.852816,710235.724063,191017.128753,0.0,0.0,0.0,15680.484148,3405.505852,58710.89,15.350693
2019-06-15,13,923954.532203,708716.513339,215238.018863,0.0,0.0,0.0,14951.432729,4510.727271,60241.94,15.337397
2019-06-15,14,1112880.884817,897570.218879,215310.665939,0.0,0.0,0.0,14936.364777,4686.105223,61313.61,18.150634
2019-06-15,15,1127763.202213,898560.145502,229203.056711,0.0,0.0,0.0,14436.187288,3904.882712,62321.66,18.095847
2019-06-15,16,1161717.965331,898553.565502,263164.399829,0.0,0.0,0.0,13238.237224,2717.342776,62447.47,18.603123
2019-06-15,17,1124654.597415,897705.920092,226948.677323,0.0,0.0,0.0,13222.645795,2463.004205,61339.47,18.334925
2019-06-15,18,1034655.437879,846069.911968,188585.525911,0.0,0.0,0.0,13817.827358,1541.322642,59036.9,17.525572
2019-06-15,19,971360.506613,790536.038832,180824.467781,0.0,0.0,0.0,12599.448577,1521.321423,56818.51,17.095846
2019-06-15,20,891295.352443,715869.450817,175425.901626,0.0,0.0,0.0,12717.765369,1026.744631,55232.11,16.137268
2019-06-15,21,831451.014765,691058.308201,140392.706565,0.0,0.0,0.0,13698.136696,898.063304,52357.99,15.880117
2019-06-15,22,618676.751065,485280.831965,133395.9191,0.0,0.0,0.0,14948.675058,1222.584942,49457.48,12.509266
2019-06-15,23,551384.266744,442332.390844,109051.8759,0.0,0.0,0.0,14864.047791,602.532209,46352.92,11.895351
2019-06-16,0,527797.409423,437126.398235,90671.011188,0.0,0.0,0.0,14387.813911,428.616089,43961.74,12.005835
2019-06-16,1,450978.083813,361808.046009,89170.037803,0.0,0.0,0.0,13720.89,283.07,41979.89,10.742717
2019-06-16,2,310667.387769,214256.886921,96410.500848,0.0,0.0,0.0,11862.634013,2356.565987,39927.91,7.780707
2019-06-16,3,277359.356693,204597.222922,72762.133771,0.0,0.0,0.0,13896.81,470.11,38622.19,7.181347
2019-06-16,4,247974.820246,155785.01329,92189.806955,0.0,0.0,0.0,11871.69,2349.34,38127.9,6.503763
2019-06-16,5,241755.595372,155785.01329,85970.582082,0.0,0.0,0.0,12139.009324,2296.420676,37932.1,6.373378
2019-06-16,6,252607.129265,164913.584639,87693.544626,0.0,0.0,0.0,12024.079,2270.221,38394.89,6.579186
2019-06-16,7,326129.34432,241113.841928,85015.502392,0.0,0.0,0.0,13570.78,507.51,40702.54,8.012506
2019-06-16,8,375480.475656,271288.555867,104191.919789,0.0,0.0,0.0,13846.07,379.7,43533.66,8.625061
2019-06-16,9,439938.378733,315400.417433,124537.9613,0.0,0.0,0.0,13310.54,305.07,46017.21,9.560301
2019-06-16,10,497493.263042,350637.824874,146855.438168,0.0,0.0,0.0,12804.539,247.481,48381.39,10.28274
2019-06-16,11,548182.447317,394831.068074,153351.379243,0.0,0.0,0.0,12593.545,802.765,50077.95,10.946583
2019-06-16,12,562677.238424,394827.778074,167849.46035,0.0,0.0,0.0,12868.672,985.988,51431.52,10.940319
2019-06-16,13,580311.451409,409877.005995,170434.445415,0.0,0.0,0.0,13299.274,1253.966,52062.54,11.14643
2019-06-16,14,576854.008038,409873.715995,166980.292044,0.0,0.0,0.0,12808.522441,1242.657559,51749.28,11.147092
2019-06-16,15,573136.637261,419395.271922,153741.365339,0.0,0.0,0.0,12376.930315,1113.079685,50786.11,11.285303
2019-06-16,16,543923.140171,375192.668722,168730.471449,0.0,0.0,0.0,11703.545,1120.955,50210.95,10.832759
2019-06-16,17,538786.391924,375192.668722,163593.723202,0.0,0.0,0.0,11244.209436,694.980564,49509.31,10.882527
2019-06-16,18,534712.812307,374623.770447,160089.041859,0.0,0.0,0.0,10283.49,486.84,48579.16,11.007041
2019-06-16,19,529060.040061,375199.248722,153860.791339,0.0,0.0,0.0,9718.214853,611.645147,47681.91,11.095613
2019-06-16,20,517423.946366,365656.646698,151767.299668,0.0,0.0,0.0,8974.41,495.67,46644.32,11.092968
2019-06-16,21,475492.441437,365656.646698,109835.794738,0.0,0.0,0.0,10374.290006,519.499994,44141.4,10.772029
2019-06-16,22,352582.357381,271050.340269,81532.017111,0.0,0.0,0.0,13266.730165,536.279835,40686.17,8.665902
2019-06-16,23,326584.986103,274538.707845,52046.278257,0.0,0.0,0.0,13348.2,454.4,37673.5,8.668825
2019-06-17,0,294254.59939,246646.685009,47607.914382,0.0,0.0,0.0,13031.48,316.7,35291.62,8.337804
2019-06-17,1,220689.342803,164003.969123,56685.373679,0.0,0.0,0.0,12439.052496,268.357504,33997.4,6.491359
2019-06-17,2,236204.757557,175177.87452,61026.883037,0.0,0.0,0.0,10153.61,117.9,33452.68,7.060862
2019-06-17,3,268747.161787,199828.594871,68918.566916,0.0,0.0,0.0,8426.72,62.02,33730.16,7.967563
2019-06-17,4,312734.801065,234412.251753,78322.549312,0.0,0.0,0.0,7289.59,32.28,35142.31,8.899096
2019-06-17,5,355815.687254,260381.345694,95434.34156,0.0,0.0,0.0,6387.87,56.12,37081.34,9.595546
2019-06-17,6,385897.360651,273179.152293,112718.208358,0.0,0.0,0.0,5808.05,92.53,38369.64,10.057362
2019-06-17,7,417061.705428,294259.975414,122801.730014,0.0,0.0,0.0,6313.40141,100.81859,39999.54,10.426663
2019-06-17,8,477676.106553,351622.485672,126053.620882,0.0,0.0,0.0,7128.7,89.19,41720.74,11.449368
2019-06-17,9,617316.757618,492681.037336,124635.720282,0.0,0.0,0.0,8091.72,55.61,43638.48,14.146156
2019-06-17,10,614929.949728,490430.539464,124499.410264,0.0,0.0,0.0,9946.72,21.17,45667.68,13.465321
2019-06-17,11,698815.815151,566915.916511,131899.898639,0.0,0.0,0.0,9992.732302,463.187698,47930.7,14.579712
2019-06-17,12,744612.529426,585246.036703,159366.492722,0.0,0.0,0.0,10405.884691,981.745309,50850.62,14.643136
2019-06-17,13,884509.409987,713288.907566,171220.502421,0.0,0.0,0.0,10800.546894,1120.893106,53758.75,16.453311
2019-06-17,14,932847.411044,728575.204255,204272.206789,0.0,0.0,0.0,10341.551378,1203.738622,56464.65,16.52091
2019-06-17,15,1020528.580117,790429.289726,230099.290391,0.0,0.0,0.0,9855.279,950.011,58474.29,17.452603
2019-06-17,16,1051840.147414,790422.709726,261417.437688,0.0,0.0,0.0,9034.629552,644.010448,59389.44,17.710895
2019-06-17,17,1045617.224947,790422.709726,255194.51522,0.0,0.0,0.0,8724.071557,134.358443,58842.49,17.769765
2019-06-17,18,1012896.659939,790422.709726,222473.950213,0.0,0.0,0.0,8061.14,84.07,56952.44,17.784956
2019-06-17,19,910142.19569,698016.729252,212125.466438,0.0,0.0,0.0,7575.32,78.0,54650.74,16.653795
2019-06-17,20,891095.519105,682727.142563,208368.376543,0.0,0.0,0.0,6346.79,63.58,52914.28,16.84036
2019-06-17,21,726309.942724,541665.300898,184644.641826,0.0,0.0,0.0,5663.78,74.96,49221.43,14.75597
2019-06-17,22,600443.331232,450591.11385,149852.217382,0.0,0.0,0.0,6311.37,118.07,45196.62,13.285138
2019-06-17,23,510929.708607,380664.103754,130265.604853,0.0,0.0,0.0,5858.61,144.06,41759.19,12.235144
2019-06-18,0,441427.438724,327724.593771,113702.844953,0.0,0.0,0.0,5785.5,194.82,39341.66,11.220356
2019-06-18,1,389424.708565,287817.245401,101607.463164,0.0,0.0,0.0,6165.6,272.43,37582.03,10.361992
2019-06-18,2,379945.390987,281099.24321,98846.147777,0.0,0.0,0.0,5462.31,214.06,36482.62,10.414422
2019-06-18,3,383567.784647,281099.24321,102468.541437,0.0,0.0,0.0,5023.53,165.18,36429.04,10.529176
2019-06-18,4,434546.576376,326840.652554,107705.923822,0.0,0.0,0.0,4828.98,124.06,37570.73,11.566094
2019-06-18,5,580748.785459,450977.456827,129771.328632,0.0,0.0,0.0,3849.18,57.91,39156.43,14.831505
2019-06-18,6,648139.512994,515415.474923,132724.03807,0.0,0.0,0.0,3206.81,42.2,40956.4,15.825109
2019-06-18,7,687284.961017,530458.122844,156826.838173,0.0,0.0,0.0,3338.45,64.72,43578.58,15.771165
2019-06-18,8,709320.018544,530454.832844,178865.1857,0.0,0.0,0.0,5005.68,103.54,46498.28,15.254758
2019-06-18,9,839799.259764,650438.631388,189360.628376,0.0,0.0,0.0,7968.48,116.73,49743.2,16.882695
2019-06-18,10,883246.41794,698609.134396,184637.283544,0.0,0.0,0.0,11651.203326,463.956674,52874.45,16.704598
2019-06-18,11,980438.010419,790117.403939,190320.60648,0.0,0.0,0.0,12972.873579,1533.886421,56080.51,17.482687
2019-06-18,12,1049686.178572,841528.933788,208157.244783,0.0,0.0,0.0,13743.583981,2735.046019,59070.29,17.770121
2019-06-18,13,1110473.827293,898566.725502,211907.101791,0.0,0.0,0.0,15096.57155,3175.78845,61578.5,18.033467
2019-06-18,14,1150874.570795,898202.565502,252672.005293,0.0,0.0,0.0,14638.836446,3941.993554,63627.42,18.087714
2019-06-18,15,3280209.274199,3024322.665852,255886.608347,0.0,0.0,0.0,14971.152576,3049.417424,64913.82,50.531755
2019-06-18,16,3255834.077406,3024317.565502,231516.511904,0.0,0.0,0.0,15110.141752,1787.248248,65053.83,50.048307
2019-06-18,17,3126794.173933,2876415.406414,250378.767519,0.0,0.0,0.0,14120.440458,1481.779542,64072.98,48.800511
2019-06-18,18,3096237.311146,2876490.949278,219746.361868,0.0,0.0,0.0,13319.15085,794.92915,61851.65,50.05909
2019-06-18,19,3075174.968257,2876769.696414,198405.271844,0.0,0.0,0.0,12012.681047,658.508953,59565.89,51.626442
2019-06-18,20,3039487.28608,2861720.468493,177766.817587,0.0,0.0,0.0,12063.370006,519.499994,57608.22,52.761347
2019-06-18,21,2781807.254141,2604871.066463,176936.187678,0.0,0.0,0.0,10928.077362,1561.922638,53740.45,51.763751
2019-06-18,22,2693439.286052,2560030.046639,133409.239413,0.0,0.0,0.0,11257.92,468.11,49530.08,54.379869
2019-06-18,23,2568620.417578,2449677.338679,118943.078899,0.0,0.0,0.0,11458.35,495.56,45910.21,55.948784
2019-06-19,0,2527098.671141,2428699.819977,98398.851164,0.0,0.0,0.0,11623.960006,519.499994,43351.31,58.293479
2019-06-19,1,2464737.112927,2348139.347055,116597.765871,0.0,0.0,0.0,10393.498361,1543.711639,41575.63,59.283217
2019-06-19,2,2448011.505991,2348139.347055,99872.158935,0.0,0.0,0.0,11448.029061,726.890939,40218.61,60.867631
2019-06-19,3,2414267.715416,2314739.594514,99528.120902,0.0,0.0,0.0,11635.197573,766.242427,39638.97,60.906419
2019-06-19,4,2444054.998705,2333314.677505,110740.3212,0.0,0.0,0.0,11596.506,853.464,40518.66,60.319245
2019-06-19,5,2495555.514616,2383702.841155,111852.673461,0.0,0.0,0.0,10710.494357,1482.395643,41848.8,59.632666
2019-06-19,6,2522433.87754,2383686.391155,138747.486385,0.0,0.0,0.0,8817.007595,2935.302405,43150.96,58.456032
2019-06-19,7,2673251.055026,2540903.284242,132347.770784,0.0,0.0,0.0,10827.628,485.542,45682.68,58.517825
2019-06-19,8,2734932.042424,2595621.922611,139310.119813,0.0,0.0,0.0,11902.450006,519.499994,49063.3,55.742929
2019-06-19,9,2821842.156316,2658150.846003,163691.310313,0.0,0.0,0.0,12677.989223,791.500777,52998.23,53.244083
2019-06-19,10,2914182.425882,2726462.42554,187720.000343,0.0,0.0,0.0,14473.724878,411.915122,56813.66,51.293693
2019-06-19,11,3120698.247481,2897672.819363,223025.428118,0.0,0.0,0.0,13919.551092,1297.978908,60516.06,51.5681
2019-06-19,12,3239877.917199,2993768.960498,246108.9567,0.0,0.0,0.0,14172.958867,1190.801133,63945.43,50.666293
2019-06-19,13,3293256.794032,3032921.612238,260335.181793,0.0,0.0,0.0,14330.963949,1695.896051,66305.01,49.668295
2019-06-19,14,3326387.866104,3032915.032238,293472.833866,0.0,0.0,0.0,13911.119118,2048.090882,67572.29,49.2271
2019-06-19,15,3431852.743855,3141107.890361,290744.853494,0.0,0.0,0.0,13581.407435,1850.122565,68083.81,50.406297
2019-06-19,16,3425894.164741,3141101.820361,284792.34438,0.0,0.0,0.0,12938.048379,1479.961621,68124.47,50.288746
2019-06-19,17,3423558.939091,3141101.820361,282457.11873,0.0,0.0,0.0,11898.910965,937.079035,67138.62,50.992394
2019-06-19,18,3347959.397109,3084551.040362,263408.356747,0.0,0.0,0.0,11042.203381,94.436619,64722.16,51.728178
2019-06-19,19,3179929.834938,2921710.294585,258219.540353,0.0,0.0,0.0,9696.16,25.76,62206.8,51.118685
2019-06-19,20,3144560.919904,2873539.791576,271021.128328,0.0,0.0,0.0,7787.41,0.0,60072.69,52.345932
2019-06-19,21,3094589.708407,2873539.791576,221049.916831,0.0,0.0,0.0,6662.84,68.62,55942.04,55.317784
2019-06-19,22,2939674.317181,2767757.334477,171916.982704,0.0,0.0,0.0,7225.1,253.14,51283.9,57.321583
2019-06-19,23,2782487.413543,2638273.505229,144213.908314,0.0,0.0,0.0,7453.35,265.23,47372.97,58.73576
2019-06-20,0,2698329.189994,2576511.315598,121817.874395,0.0,0.0,0.0,7970.41,324.15,44557.57,60.558266
2019-06-20,1,2517218.595614,2412542.940759,104675.654855,0.0,0.0,0.0,9172.5,437.28,42403.18,59.363911
2019-06-20,2,2486717.61209,2373762.331169,112955.280921,0.0,0.0,0.0,8306.91,382.75,41160.84,60.414647
2019-06-20,3,2486565.110071,2373762.331169,112802.778902,0.0,0.0,0.0,7965.55,338.32,40840.06,60.885442
2019-06-20,4,2509601.267888,2393429.440143,116171.827745,0.0,0.0,0.0,8124.751,295.189,41831.41,59.993227
2019-06-20,5,2534042.140683,2405276.650942,128765.489741,0.0,0.0,0.0,8305.94,229.62,43271.6,58.561323
2019-06-20,6,2550194.751143,2418077.747541,132117.003601,0.0,0.0,0.0,8930.79,202.16,44670.45,57.089077
2019-06-20,7,2576988.132956,2434677.984791,142310.148165,0.0,0.0,0.0,10325.46,216.97,46953.75,54.883542
2019-06-20,8,2693009.621549,2542096.51892,150913.102628,0.0,0.0,0.0,11815.791,328.239,50187.41,53.659068
2019-06-20,9,2760399.436643,2575081.099177,185318.337465,0.0,0.0,0.0,12659.093,938.667,53754.63,51.351845
2019-06-20,10,2974198.690358,2775653.741113,198544.949246,0.0,0.0,0.0,13717.804098,1367.445902,57359.07,51.852282
2019-06-20,11,3075280.711787,2860835.101678,214445.610109,0.0,0.0,0.0,14410.606098,1460.713902,60835.87,50.550452
2019-06-20,12,3145831.989051,2904075.475385,241756.513665,0.0,0.0,0.0,15037.683604,2049.816396,64206.97,48.995179
2019-06-20,13,3313392.43373,3045133.51705,268258.91668,0.0,0.0,0.0,15372.282492,3114.247508,66650.77,49.712741
2019-06-20,14,3298641.485984,3034970.764499,263670.721485,0.0,0.0,0.0,16284.653525,2916.396475,67665.82,48.749006
2019-06-20,15,3310960.143528,3035615.761123,275344.382405,0.0,0.0,0.0,16160.736286,3247.843714,67984.73,48.701527
2019-06-20,16,3381200.899426,3056696.584243,324504.315182,0.0,0.0,0.0,15730.049,3068.571,68024.19,49.705861
2019-06-20,17,3324576.661741,3056693.294243,267883.367498,0.0,0.0,0.0,14793.323993,3455.246007,67368.13,49.349398
2019-06-20,18,3334476.070006,3110509.311314,223966.758692,0.0,0.0,0.0,14574.304069,2316.365931,65359.29,51.01763
2019-06-20,19,1212216.776779,984387.731314,227829.045465,0.0,0.0,0.0,13491.383984,1887.956016,63159.48,19.192951
2019-06-20,20,1109514.200044,887066.978964,222447.22108,0.0,0.0,0.0,13235.591244,1524.008756,61506.72,18.03891
2019-06-20,21,1019358.281437,835785.26084,183573.020597,0.0,0.0,0.0,13869.241463,1203.658537,57890.56,17.608368
2019-06-20,22,774431.800381,614543.595403,159888.204977,0.0,0.0,0.0,15438.59586,1205.21414,53907.33,14.365983
2019-06-20,23,654982.926188,520396.683459,134586.242729,0.0,0.0,0.0,15592.312762,1911.497238,50255.43,13.033078
2019-06-21,0,602935.897465,485680.812735,117255.08473,0.0,0.0,0.0,15316.657345,2096.962655,47703.65,12.639198
2019-06-21,1,552980.741355,441481.499535,111499.24182,0.0,0.0,0.0,14711.176677,2190.523323,45979.91,12.026573
2019-06-21,2,534614.098495,426802.112427,107811.986068,0.0,0.0,0.0,14481.261756,2228.668244,44946.23,11.894526
2019-06-21,3,538395.968044,431004.442426,107391.525619,0.0,0.0,0.0,14179.010821,2248.329179,44724.5,12.038054
2019-06-21,4,566928.035336,447444.094343,119483.940994,0.0,0.0,0.0,14133.172,1978.928,45713.72,12.401704
2019-06-21,5,577598.391624,447440.804343,130157.587282,0.0,0.0,0.0,14225.663,2091.937,46940.33,12.30495
2019-06-21,6,615122.163468,480409.570258,134712.59321,0.0,0.0,0.0,14373.675,2047.815,47924.05,12.835354
2019-06-21,7,676880.707627,537403.400057,139477.30757,0.0,0.0,0.0,14142.968691,2247.331309,50282.94,13.461439
2019-06-21,8,778373.511123,615866.863284,162506.647839,0.0,0.0,0.0,14800.24771,2242.10229,53351.24,14.589605
2019-06-21,9,870483.439041,667840.201408,202643.237633,0.0,0.0,0.0,14224.325467,3142.114533,56820.68,15.319835
2019-06-21,10,1125689.584593,930003.077242,195686.507351,0.0,0.0,0.0,15067.650053,2359.989947,59906.48,18.790782
2019-06-21,11,1159619.175687,936437.543483,223181.632204,0.0,0.0,0.0,14691.71046,3911.01954,62684.5,18.499297
2019-06-21,12,1187687.071128,937716.087242,249970.983886,0.0,0.0,0.0,15097.495335,4031.364665,64995.85,18.273275
2019-06-21,13,1296903.695442,958790.330362,338113.365079,0.0,0.0,0.0,14986.115,3848.215,66803.25,19.413781
2019-06-21,14,1283030.144314,958787.040362,324243.103952,0.0,0.0,0.0,14992.437,4080.153,67497.67,19.00851
2019-06-21,15,1272265.304679,958787.040362,313478.264317,0.0,0.0,0.0,15241.158,3494.802,67723.78,18.786094
2019-06-21,16,1253242.838542,958787.040362,294455.79818,0.0,0.0,0.0,14922.136,2649.174,67433.76,18.584798
2019-06-21,17,1250651.538155,958787.040362,291864.497792,0.0,0.0,0.0,13355.835,3538.905,66009.85,18.946438
2019-06-21,18,1215596.608865,958787.040362,256809.568503,0.0,0.0,0.0,13017.491227,2773.758773,63602.49,19.112406
2019-06-21,19,1123124.398791,896936.244891,226188.1539,0.0,0.0,0.0,12224.932539,2142.297461,61214.44,18.347377
2019-06-21,20,1135496.591514,953139.31489,182357.276624,0.0,0.0,0.0,13910.050946,2030.029054,59593.08,19.054169
2019-06-21,21,891976.73751,707198.28398,184778.45353,0.0,0.0,0.0,15059.639045,1855.650955,56619.63,15.753843
2019-06-21,22,811381.215024,669316.432261,142064.782763,0.0,0.0,0.0,16081.564054,1816.535946,53292.55,15.22504
2019-06-21,23,538683.718241,395931.455874,142752.262366,0.0,0.0,0.0,16098.648662,1825.401338,50125.03,10.746801
2019-06-22,0,493422.99158,371609.122584,121813.868996,0.0,0.0,0.0,15513.548452,2109.511548,47673.55,10.350037
2019-06-22,1,432414.892424,319992.219384,112422.67304,0.0,0.0,0.0,15033.426783,2225.613217,45510.06,9.501523
2019-06-22,2,399217.338834,293456.060762,105761.278072,0.0,0.0,0.0,14899.192094,2265.377906,44070.19,9.058671
2019-06-22,3,387202.926969,286738.058571,100464.868398,0.0,0.0,0.0,14771.011793,2285.878207,43197.96,8.963454
2019-06-22,4,380978.301285,278399.26817,102579.033115,0.0,0.0,0.0,14661.409,2212.141,42993.19,8.861364
2019-06-22,5,381747.900445,278399.26817,103348.632275,0.0,0.0,0.0,14556.7,2221.82,42898.0,8.898967
2019-06-22,6,417643.503806,311745.439569,105898.064237,0.0,0.0,0.0,14397.872068,2182.657932,43682.66,9.560853
2019-06-22,7,492455.295941,367548.222768,124907.073173,0.0,0.0,0.0,14192.823704,1963.566296,46374.49,10.619099
2019-06-22,8,595708.448728,439968.12758,155740.321148,0.0,0.0,0.0,14150.642,2403.958,49745.72,11.975069
2019-06-22,9,816600.19147,632651.797368,183948.394103,0.0,0.0,0.0,12880.02575,3980.31425,52758.07,15.478204
2019-06-22,10,841384.134272,657217.021215,184167.113056,0.0,0.0,0.0,14799.074738,2416.395262,55734.2,15.096371
2019-06-22,11,1039748.498836,845537.642654,194210.856181,0.0,0.0,0.0,14930.875074,3231.654926,58089.01,17.899229
2019-06-22,12,1049470.211272,845531.572654,203938.638617,0.0,0.0,0.0,14993.68891,3127.52109,59781.11,17.555215
2019-06-22,13,1058398.176763,845531.572654,212866.604109,0.0,0.0,0.0,14983.137789,2514.652211,60458.44,17.50621
2019-06-22,14,1087988.292136,898556.855502,189431.436634,0.0,0.0,0.0,14823.001987,2976.658013,60249.93,18.057918
2019-06-22,15,1034612.472524,823535.977487,211076.495038,0.0,0.0,0.0,13973.912948,3507.487052,60193.47,17.188118
2019-06-22,16,1049779.484161,813025.004937,236754.479225,0.0,0.0,0.0,13202.896569,2804.373431,60135.93,17.456776
2019-06-22,17,1024955.496928,813670.00156,211285.495368,0.0,0.0,0.0,13596.158397,2429.821603,59470.56,17.23467
2019-06-22,18,987393.00703,798098.377736,189294.629294,0.0,0.0,0.0,13494.144162,1987.605838,58117.37,16.989637
2019-06-22,19,960368.562953,776307.502712,184061.060241,0.0,0.0,0.0,12227.480825,2169.359175,56756.95,16.920722
2019-06-22,20,933378.983274,776297.632712,157081.350562,0.0,0.0,0.0,13906.484811,1996.395189,55906.81,16.695265
2019-06-22,21,738984.69111,582213.7982,156770.89291,0.0,0.0,0.0,14915.996878,1644.583122,53699.51,13.761479
2019-06-22,22,670772.200769,548828.380088,121943.820681,0.0,0.0,0.0,15920.330014,1573.599986,51001.9,13.151906
2019-06-22,23,477857.099382,351428.439985,126428.659397,0.0,0.0,0.0,15880.763302,1925.116698,48541.0,9.844402
2019-06-23,0,456576.92808,351428.439985,105148.488095,0.0,0.0,0.0,15300.845911,2268.154089,46509.43,9.816868
2019-06-23,1,392309.620416,282705.647653,109603.972762,0.0,0.0,0.0,14714.032567,2412.257433,45017.14,8.714672
2019-06-23,2,382210.217499,282705.647653,99504.569845,0.0,0.0,0.0,14797.602137,2102.707863,43931.42,8.700156
2019-06-23,3,366219.287527,266557.73087,99661.556657,0.0,0.0,0.0,14542.067758,2144.342242,43350.62,8.447844
2019-06-23,4,364384.631315,266557.73087,97826.900445,0.0,0.0,0.0,14240.043566,2153.006434,43129.84,8.448551
2019-06-23,5,358263.469482,262358.690871,95904.778611,0.0,0.0,0.0,14420.915485,1902.304515,42771.79,8.376163
2019-06-23,6,380463.592772,282579.464762,97884.12801,0.0,0.0,0.0,14419.220661,1735.759339,43253.34,8.796167
2019-06-23,7,469729.641666,360165.461902,109564.179764,0.0,0.0,0.0,14182.559889,1478.950111,45862.26,10.242183
2019-06-23,8,584088.249681,447977.566517,136110.683164,0.0,0.0,0.0,14708.041606,1466.848394,49163.76,11.880463
2019-06-23,9,707728.357342,537399.600057,170328.757285,0.0,0.0,0.0,14933.851432,1823.708568,51830.87,13.654572
2019-06-23,10,746490.146358,573304.309244,173185.837114,0.0,0.0,0.0,16038.040169,1116.879831,54322.2,13.741898
2019-06-23,11,949194.588826,766235.623728,182958.965098,0.0,0.0,0.0,15565.665,2633.505,56536.55,16.789043
2019-06-23,12,963004.761947,766222.973728,196781.788219,0.0,0.0,0.0,15259.292535,3649.527465,58633.09,16.424254
2019-06-23,13,1024883.180198,818606.549952,206276.630247,0.0,0.0,0.0,15747.35,3362.5,60127.4,17.045194
2019-06-23,14,1060491.788947,826321.829951,234169.958996,0.0,0.0,0.0,14462.927766,4375.842234,61564.88,17.225597
2019-06-23,15,3223195.566587,2992858.122652,230337.443935,0.0,0.0,0.0,14543.42524,2574.91476,62928.61,51.219875
2019-06-23,16,3221983.206115,2993498.018926,228485.187189,0.0,0.0,0.0,14193.719535,1301.850465,63687.56,50.590464
2019-06-23,17,3187030.872291,2952724.756575,234306.115716,0.0,0.0,0.0,13177.290819,854.089181,62784.21,50.761662
2019-06-23,18,3178229.62841,2971067.526767,207162.101644,0.0,0.0,0.0,12327.568877,254.571123,60683.13,52.374187
2019-06-23,19,3066106.726804,2847876.145743,218230.581061,0.0,0.0,0.0,11270.38,217.14,58677.17,52.253828
2019-06-23,20,3035852.632687,2832586.559054,203266.073633,0.0,0.0,0.0,8545.2,61.04,55436.08,54.763119
2019-06-23,21,2876914.388123,2691524.71739,185389.670733,0.0,0.0,0.0,7395.1,125.62,51826.25,55.510757
2019-06-23,22,2762237.457498,2626512.232642,135725.224856,0.0,0.0,0.0,8834.850006,519.499994,48379.74,57.094922
2019-06-23,23,2572777.69443,2444192.450718,128585.243713,0.0,0.0,0.0,8813.90211,478.42789,45269.76,56.832148
2019-06-24,0,2533834.743651,2427750.018801,106084.724851,0.0,0.0,0.0,8897.19,441.98,42954.54,58.988753
2019-06-24,1,2470347.109373,2365561.112977,104785.996396,0.0,0.0,0.0,9541.250064,447.829936,41421.2,59.63968
2019-06-24,2,2456930.851202,2356820.916193,100109.935009,0.0,0.0,0.0,9420.081242,578.448758,40569.59,60.560899
2019-06-24,3,2457896.486674,2352621.876194,105274.61048,0.0,0.0,0.0,8996.260006,519.499994,40278.19,61.023012
2019-06-24,4,2476111.936941,2369064.818111,107047.11883,0.0,0.0,0.0,8781.1209,571.1391,40593.87,60.997188
2019-06-24,5,2500049.211531,2381865.914711,118183.29682,0.0,0.0,0.0,8253.900006,519.499994,41169.15,60.726277
2019-06-24,6,2518206.31287,2394590.543218,123615.769651,0.0,0.0,0.0,7746.090006,519.499994,41805.89,60.235682
2019-06-24,7,2542446.770255,2406441.044018,136005.726237,0.0,0.0,0.0,7573.090006,519.499994,42753.91,59.467
2019-06-24,8,2543910.098469,2406658.942292,137251.156176,0.0,0.0,0.0,8521.686715,574.033285,44168.9,57.595052
2019-06-24,9,2569238.596135,2424998.422484,144240.173651,0.0,0.0,0.0,9878.639,716.071,45854.89,56.029762
2019-06-24,10,2585936.848477,2443828.237733,142108.610744,0.0,0.0,0.0,11156.92,488.81,47729.94,54.178506
2019-06-24,11,2640505.832557,2488024.260933,152481.571624,0.0,0.0,0.0,11378.497942,1604.932058,49626.03,53.208081
2019-06-24,12,2690413.854353,2506735.044109,183678.810243,0.0,0.0,0.0,12027.541,2364.699,51732.11,52.006652
2019-06-24,13,2759079.185331,2581398.342125,177680.843206,0.0,0.0,0.0,12467.373677,1772.476323,53076.05,51.983506
2019-06-24,14,2774192.147973,2581749.342124,192442.805848,0.0,0.0,0.0,11965.879068,2374.630932,54110.57,51.268951
2019-06-24,15,2810881.040462,2612088.156734,198792.883728,0.0,0.0,0.0,12182.491,2101.419,54866.61,51.231178
2019-06-24,16,2816988.889146,2612081.576734,204907.312412,0.0,0.0,0.0,12070.937497,1442.042503,55173.87,51.056576
2019-06-24,17,2759738.664008,2560445.56861,199293.095398,0.0,0.0,0.0,12573.205436,1853.404564,54183.8,50.932911
2019-06-24,18,2702679.620771,2530110.044001,172569.576771,0.0,0.0,0.0,12453.202443,1797.417557,52287.53,51.688799
2019-06-24,19,2644215.990007,2476392.464874,167823.525133,0.0,0.0,0.0,11791.205066,1686.314934,50754.38,52.098282
2019-06-24,20,2624868.60725,2468676.674874,156191.932376,0.0,0.0,0.0,12280.568871,1655.821129,49384.42,53.151755
2019-06-24,21,2567018.912696,2431068.505777,135950.406919,0.0,0.0,0.0,12524.243163,1002.566837,46262.32,55.488331
2019-06-24,22,2507657.73032,2396754.041436,110903.688884,0.0,0.0,0.0,12403.84,432.24,42676.39,58.759837
2019-06-24,23,2470876.737767,2386756.641645,84120.096123,0.0,0.0,0.0,11854.55,307.48,39655.37,62.308755
2019-06-25,0,2398857.872855,2300105.278622,98752.594233,0.0,0.0,0.0,9452.91704,2360.86296,37677.05,63.668941
2019-06-25,1,2367601.022385,2285338.095964,82262.926421,0.0,0.0,0.0,10681.289424,761.110576,36368.91,65.099587
2019-06-25,2,2348864.117027,2261013.462813,87850.654214,0.0,0.0,0.0,10092.915018,260.214982,35686.91,65.818647
2019-06-25,3,2368200.233272,2272814.589103,95385.644169,0.0,0.0,0.0,9062.018,438.052,35887.58,65.98941
2019-06-25,4,2449310.091673,2345338.526404,103971.565269,0.0,0.0,0.0,8481.567,484.493,37269.37,65.719117
2019-06-25,5,2492558.651793,2373845.162651,118713.489142,0.0,0.0,0.0,7084.554,288.026,39123.14,63.710598
2019-06-25,6,2630541.080495,2508367.383002,122173.697492,0.0,0.0,0.0,4589.7,59.97,40367.9,65.164179
2019-06-25,7,2660938.795849,2513556.925612,147381.870238,0.0,0.0,0.0,3338.45,46.52,42168.97,63.101821
2019-06-25,8,2743414.901099,2593808.556684,149606.344415,0.0,0.0,0.0,5436.19,79.11,44354.72,61.851701
2019-06-25,9,2743080.055649,2593802.996684,149277.058965,0.0,0.0,0.0,7838.96,127.38,47125.82,58.207583
2019-06-25,10,2774919.612836,2622959.661964,151959.950872,0.0,0.0,0.0,10752.81,109.23,50017.66,55.478797
2019-06-25,11,2985122.388367,2820575.063627,164547.324741,0.0,0.0,0.0,12645.534374,718.465626,52756.64,56.582875
2019-06-25,12,3009555.609773,2834976.514924,174579.094849,0.0,0.0,0.0,13718.471053,1832.268947,55080.29,54.639429
2019-06-25,13,3025735.732052,2830706.229672,195029.50238,0.0,0.0,0.0,14787.738,2321.032,56922.98,53.154907
2019-06-25,14,3034968.252677,2830700.159672,204268.093005,0.0,0.0,0.0,15518.192,2947.098,58234.72,52.11613
2019-06-25,15,3096880.650202,2905721.037687,191159.612515,0.0,0.0,0.0,15854.940761,3464.719239,58578.55,52.867144
2019-06-25,16,3085186.965678,2905717.747687,179469.21799,0.0,0.0,0.0,16058.164821,3009.965179,57973.09,53.21757
2019-06-25,17,973764.462114,779953.747688,193810.714426,0.0,0.0,0.0,14249.517256,4204.162744,56548.27,17.220058
2019-06-25,18,940801.608824,779953.747688,160847.861136,0.0,0.0,0.0,14884.211711,2410.208289,54565.23,17.241778
2019-06-25,19,885877.15615,736892.057269,148985.098881,0.0,0.0,0.0,13509.427575,2337.732425,52503.11,16.872851
2019-06-25,20,732052.714589,589340.898181,142711.816408,0.0,0.0,0.0,14049.009208,2212.730792,51006.89,14.352036
2019-06-25,21,624584.588107,501522.213566,123062.374541,0.0,0.0,0.0,14187.333074,2555.756926,47733.11,13.084934
2019-06-25,22,546072.812251,440795.173935,105277.638316,0.0,0.0,0.0,13990.881032,1354.558968,44205.49,12.353054
2019-06-25,23,351462.336998,258147.200822,93315.136177,0.0,0.0,0.0,14325.5107,1691.1993,41042.27,8.563423
2019-06-26,0,310088.242556,235420.21985,74668.022706,0.0,0.0,0.0,14552.395968,1728.624032,38777.54,7.996594
2019-06-26,1,251102.711762,179114.596699,71988.115064,0.0,0.0,0.0,14082.176398,2135.423602,37205.24,6.749122
2019-06-26,2,249184.434477,180637.097422,68547.337054,0.0,0.0,0.0,13363.649943,1632.740057,36459.64,6.834528
2019-06-26,3,266456.742257,194148.34692,72308.395337,0.0,0.0,0.0,12145.362657,1189.477343,36593.76,7.28148
2019-06-26,4,319235.650849,234418.831753,84816.819096,0.0,0.0,0.0,10978.995,634.795,37956.15,8.410644
2019-06-26,5,364477.750723,262264.128919,102213.621804,0.0,0.0,0.0,9473.17,374.05,39851.22,9.145962
2019-06-26,6,456071.762461,345407.377991,110664.38447,0.0,0.0,0.0,8057.66,268.75,41371.42,11.023836
2019-06-26,7,490846.499695,345390.927991,145455.571704,0.0,0.0,0.0,6863.67,187.03,43356.91,11.321067
2019-06-26,8,641906.540917,492944.867079,148961.673838,0.0,0.0,0.0,9471.461261,412.328739,45972.89,13.962719
2019-06-26,9,722599.949299,567962.965094,154636.984205,0.0,0.0,0.0,12267.408507,529.531493,49130.61,14.707734
2019-06-26,10,795673.431113,623851.528103,171821.90301,0.0,0.0,0.0,13825.271738,2023.328262,52550.28,15.141183
2019-06-26,11,971980.647178,795252.694377,176727.952802,0.0,0.0,0.0,14828.83025,2882.34975,55496.19,17.514367
2019-06-26,12,982774.597979,795243.334377,187531.263602,0.0,0.0,0.0,15115.008003,4018.251997,57713.32,17.028558
2019-06-26,13,1029818.498986,835374.890104,194443.608882,0.0,0.0,0.0,15602.473878,4167.516122,58974.12,17.462211
2019-06-26,14,1056098.07239,844893.156031,211204.916359,0.0,0.0,0.0,14851.207,5558.673,60029.67,17.592935
2019-06-26,15,1067428.085655,844889.866031,222538.219624,0.0,0.0,0.0,14828.747,5420.903,60440.77,17.660729
2019-06-26,16,1056747.272374,844889.866031,211857.406344,0.0,0.0,0.0,14695.207563,4811.332437,59740.59,17.688933
2019-06-26,17,1036469.366177,844889.866031,191579.500146,0.0,0.0,0.0,15171.418164,3506.111836,58474.95,17.725015
2019-06-26,18,934736.756578,752483.885556,182252.871022,0.0,0.0,0.0,14807.165884,2520.164116,56536.48,16.533338
2019-06-26,19,912576.47433,753128.88218,159447.59215,0.0,0.0,0.0,13521.803536,2313.636464,54587.68,16.717627
2019-06-26,20,724620.442832,561375.119892,163245.322941,0.0,0.0,0.0,13503.549355,2714.580645,52794.6,13.725276
2019-06-26,21,669722.259756,536567.267276,133154.99248,0.0,0.0,0.0,13154.086649,1403.753351,49674.25,13.482282
2019-06-26,22,567645.500682,443644.712498,124000.788184,0.0,0.0,0.0,12158.568778,538.401222,45897.83,12.367589
2019-06-26,23,393584.451945,286965.025586,106619.42636,0.0,0.0,0.0,12336.095772,844.484228,42629.6,9.232656
2019-06-27,0,342124.461955,247795.507586,94328.954369,0.0,0.0,0.0,12353.347512,1247.752488,40343.3,8.480329
2019-06-27,1,312574.420818,225862.137212,86712.283606,0.0,0.0,0.0,12172.29452,1734.26548,38800.61,8.055915
2019-06-27,2,316666.472001,229713.467211,86953.004789,0.0,0.0,0.0,10845.975232,1130.614768,37966.66,8.340646
2019-06-27,3,343094.977034,251075.829453,92019.147581,0.0,0.0,0.0,9542.725425,734.854575,38043.13,9.018579
2019-06-27,4,398303.453355,294442.300161,103861.153195,0.0,0.0,0.0,8275.15,342.86,39410.07,10.106642
2019-06-27,5,430540.781034,303968.452184,126572.32885,0.0,0.0,0.0,7605.22,292.28,41344.76,10.41343
2019-06-27,6,506976.572858,370234.671651,136741.901208,0.0,0.0,0.0,7108.57,258.53,42789.05,11.848278
2019-06-27,7,526672.719147,370218.221651,156454.497497,0.0,0.0,0.0,6940.48,239.03,44888.01,11.733038
2019-06-27,8,555430.894061,393340.00173,162090.892331,0.0,0.0,0.0,10079.739183,1407.960817,47773.52,11.626334
2019-06-27,9,727279.738042,540890.650818,186389.087224,0.0,0.0,0.0,12341.848836,2662.001164,51211.45,14.201506
2019-06-27,10,836118.788808,642086.436674,194032.352134,0.0,0.0,0.0,13790.339,2563.721,54749.09,15.27183
2019-06-27,11,985015.41095,783144.988338,201870.422611,0.0,0.0,0.0,14334.476345,3903.823655,57546.27,17.116929
2019-06-27,12,1008047.247682,795815.88338,212231.364303,0.0,0.0,0.0,14938.63751,4383.77249,59419.22,16.965003
2019-06-27,13,1067944.298523,848026.859778,219917.438745,0.0,0.0,0.0,14512.05378,5139.67622,60119.8,17.763604
2019-06-27,14,1071489.647422,848017.499778,223472.147645,0.0,0.0,0.0,14181.317926,5903.132074,60291.14,17.771925
2019-06-27,15,1065277.94284,847169.854368,218108.088472,0.0,0.0,0.0,14850.415603,4716.224397,60388.59,17.640384
2019-06-27,16,1063118.284478,850087.543151,213030.741327,0.0,0.0,0.0,14423.72915,4293.13085,59897.53,17.74895
2019-06-27,17,1051361.724154,850067.803151,201293.921003,0.0,0.0,0.0,13817.970429,4500.189571,58258.03,18.046641
2019-06-27,18,973799.477253,797045.810304,176753.666949,0.0,0.0,0.0,14749.59954,2407.16046,56386.71,17.270018
2019-06-27,19,895074.715733,722028.222289,173046.493445,0.0,0.0,0.0,13528.810548,2118.559452,54709.48,16.360505
2019-06-27,20,882033.936507,725081.405792,156952.530716,0.0,0.0,0.0,13479.953646,1381.856354,53336.37,16.537195
2019-06-27,21,718184.164268,562481.018783,155703.145485,0.0,0.0,0.0,12196.181998,618.048002,49914.78,14.388207
2019-06-27,22,644352.688224,525434.045415,118918.64281,0.0,0.0,0.0,10052.96,356.24,46042.86,13.994628
2019-06-27,23,449167.272111,340172.890551,108994.381561,0.0,0.0,0.0,9349.37,312.17,42647.44,10.532104
2019-06-28,0,414055.147722,317443.024468,96612.123254,0.0,0.0,0.0,8634.33,285.89,40246.91,10.287874
2019-06-28,1,381002.615041,281369.33182,99633.283221,0.0,0.0,0.0,8122.08,275.16,38706.71,9.843322
2019-06-28,2,367293.15199,273961.61182,93331.540169,0.0,0.0,0.0,7953.22,287.26,37761.18,9.726739
2019-06-28,3,357460.592685,264425.589797,93035.002888,0.0,0.0,0.0,8066.95,299.63,37603.52,9.506041
2019-06-28,4,383748.374856,287165.325879,96583.048977,0.0,0.0,0.0,8244.83,311.52,38663.23,9.925409
2019-06-28,5,412236.909181,299959.842479,112277.066702,0.0,0.0,0.0,7912.629,86.231,40152.79,10.266706
2019-06-28,6,488803.652857,372146.36572,116657.287137,0.0,0.0,0.0,7271.44,309.59,41512.4,11.774883
2019-06-28,7,574718.789095,447144.723736,127574.06536,0.0,0.0,0.0,7162.48,323.5,44262.66,12.98428
2019-06-28,8,630183.755752,491344.036936,138839.718817,0.0,0.0,0.0,10021.16,499.27,47882.79,13.160966
2019-06-28,9,806377.036393,638676.787749,167700.248644,0.0,0.0,0.0,12248.254413,1321.355587,51709.39,15.594402
2019-06-28,10,887356.254928,705346.434837,182009.820091,0.0,0.0,0.0,13547.953867,2401.626133,55305.81,16.04454
2019-06-28,11,1097179.578034,887773.205816,209406.372218,0.0,0.0,0.0,13010.028259,3846.121741,58584.76,18.728072
2019-06-28,12,1132534.102252,897712.500092,234821.60216,0.0,0.0,0.0,13822.889394,3013.910606,61547.11,18.401093
2019-06-28,13,3267701.985668,3023471.730442,244230.255226,0.0,0.0,0.0,14025.44222,2317.29778,63422.36,51.52287
2019-06-28,14,3271917.720422,3023973.145502,247944.57492,0.0,0.0,0.0,13641.747928,2528.162072,64388.09,50.815574
2019-06-28,15,3244074.658612,2972684.847378,271389.811235,0.0,0.0,0.0,13509.362277,2503.547723,64340.39,50.4205
2019-06-28,16,3218936.963543,2972681.557378,246255.406165,0.0,0.0,0.0,13837.372367,2521.837633,63144.12,50.97762
2019-06-28,17,3161818.822563,2931560.585027,230258.237536,0.0,0.0,0.0,13493.846455,2349.183545,61279.06,51.597052
2019-06-28,18,3113018.791734,2915774.352928,197244.438806,0.0,0.0,0.0,13469.944403,1464.365597,58695.42,53.036826
2019-06-28,19,3029598.892072,2835605.893207,193992.998865,0.0,0.0,0.0,12329.23115,1426.42885,56012.07,54.088322
2019-06-28,20,3017282.644311,2836178.081482,181104.562829,0.0,0.0,0.0,10876.662035,920.547965,54045.51,55.828553
2019-06-28,21,2838299.793661,2662763.799386,175535.994275,0.0,0.0,0.0,9155.97,433.67,50838.65,55.829567
2019-06-28,22,2799288.986038,2642152.476887,157136.509151,0.0,0.0,0.0,7586.74,327.88,47381.43,59.079876
2019-06-28,23,2633774.455283,2501090.635223,132683.82006,0.0,0.0,0.0,7583.24,320.59,44020.1,59.831178
2019-06-29,0,2524620.945238,2397831.311292,126789.633945,0.0,0.0,0.0,7666.238,277.142,41447.58,60.911179
2019-06-29,1,2504888.639758,2397831.311292,107057.328465,0.0,0.0,0.0,7748.97,316.07,39505.45,63.406154
2019-06-29,2,2492272.151693,2385291.092684,106981.059008,0.0,0.0,0.0,7017.43,302.94,38269.54,65.124173
2019-06-29,3,2490164.319178,2385287.802684,104876.516493,0.0,0.0,0.0,6414.39,288.57,37589.46,66.246345
2019-06-29,4,2473895.106726,2361909.002793,111986.103933,0.0,0.0,0.0,6003.61,275.67,37603.49,65.788976
2019-06-29,5,2486012.333364,2369317.232793,116695.100571,0.0,0.0,0.0,5046.843,120.697,37766.13,65.826505
2019-06-29,6,2546802.492253,2426972.064791,119830.427462,0.0,0.0,0.0,4291.545,91.565,38791.05,65.654384
2019-06-29,7,2606269.895578,2459244.968638,147024.92694,0.0,0.0,0.0,3932.13,225.77,41984.06,62.077605
2019-06-29,8,2699462.326945,2541044.538528,158417.788417,0.0,0.0,0.0,5795.445,179.675,45950.35,58.747372
2019-06-29,9,2762550.217115,2585237.781728,177312.435387,0.0,0.0,0.0,7533.816,597.764,50003.56,55.247071
2019-06-29,10,2878859.66229,2681071.831291,197787.830999,0.0,0.0,0.0,10042.160426,647.159574,53792.62,53.517744
2019-06-29,11,3087652.965741,2875155.155802,212497.809939,0.0,0.0,0.0,9710.358415,551.761585,57007.03,54.16267
2019-06-29,12,3112498.655966,2875149.085802,237349.570163,0.0,0.0,0.0,9471.558176,993.111824,59153.26,52.617534
2019-06-29,13,3116185.708296,2859859.499114,256326.209182,0.0,0.0,0.0,9523.580873,1217.459127,59563.37,52.317149
2019-06-29,14,3255396.970359,3007413.438202,247983.532157,0.0,0.0,0.0,9934.148544,1384.531456,59563.97,54.653794
2019-06-29,15,3223273.089498,2986597.486654,236675.602845,0.0,0.0,0.0,10348.88687,1300.04313,59647.83,54.038397
2019-06-29,16,3175990.459401,2934961.47853,241028.980871,0.0,0.0,0.0,10580.978055,1181.821945,59210.01,53.639418
2019-06-29,17,3148187.91432,2934961.47853,213226.43579,0.0,0.0,0.0,9585.629698,656.370302,56827.79,55.398739
2019-06-29,18,3057471.091485,2871509.737708,185961.353777,0.0,0.0,0.0,8618.11,0.0,53660.97,56.977559
2019-06-29,19,2984104.122241,2804853.476588,179250.645653,0.0,0.0,0.0,7313.21,25.12,51331.23,58.13428
2019-06-29,20,2934710.011951,2756682.973579,178027.038372,0.0,0.0,0.0,6454.91,66.88,49482.08,59.308542
2019-06-29,21,2891008.651715,2735602.150458,155406.501257,0.0,0.0,0.0,6065.7,139.67,46746.14,61.844864
2019-06-29,22,2810811.284437,2682580.157611,128231.126826,0.0,0.0,0.0,6600.051143,309.878857,43719.32,64.2922
2019-06-29,23,2619883.533693,2504044.240506,115839.293186,0.0,0.0,0.0,6572.22,286.13,40903.25,64.050743
2019-06-30,0,2580294.212367,2478864.391806,101429.820561,0.0,0.0,0.0,6556.92,325.91,38623.13,66.806968
2019-06-30,1,2541353.534519,2448285.351734,93068.182785,0.0,0.0,0.0,6805.65,368.34,36878.93,68.910718
2019-06-30,2,2379043.492057,2281215.093855,97828.398202,0.0,0.0,0.0,6267.07,364.28,35489.84,67.034495
2019-06-30,3,2373203.380552,2281215.093855,91988.286697,0.0,0.0,0.0,6004.7,371.34,34706.17,68.37987
2019-06-30,4,2370928.84455,2281215.093855,89713.750695,0.0,0.0,0.0,5992.64,390.9,34505.07,68.712477
2019-06-30,5,2390948.534083,2289958.580638,100989.953445,0.0,0.0,0.0,4787.91,309.15,34460.99,69.381307
2019-06-30,6,2474774.708821,2370841.407279,103933.301542,0.0,0.0,0.0,3962.85,242.23,35077.32,70.551989
2019-06-30,7,2509038.176098,2389410.420269,119627.755828,0.0,0.0,0.0,3685.12,184.84,37232.34,67.388678
2019-06-30,8,2547371.975088,2415546.679542,131825.295546,0.0,0.0,0.0,4562.44,135.69,39868.48,63.894384
2019-06-30,9,2587611.771649,2445301.674983,142310.096666,0.0,0.0,0.0,5756.16,96.8,42533.93,60.836414
2019-06-30,10,2639015.003386,2483932.355968,155082.647418,0.0,0.0,0.0,7428.094,95.696,45329.94,58.217924
2019-06-30,11,2774125.142811,2620410.939206,153714.203605,0.0,0.0,0.0,8273.693,198.667,48192.83,57.563026
2019-06-30,12,2932952.942605,2761462.91087,171490.031735,0.0,0.0,0.0,8794.385166,672.404834,50524.81,58.049757
2019-06-30,13,865339.2531,688721.413718,176617.839382,0.0,0.0,0.0,9685.478724,1074.281276,52502.55,16.481852
2019-06-30,14,888455.826279,688088.376583,200367.449696,0.0,0.0,0.0,10062.700936,1180.109064,54264.4,16.37272
2019-06-30,15,905777.465152,688088.376583,217689.088569,0.0,0.0,0.0,10649.445048,1195.284952,55589.39,16.294071
2019-06-30,16,923486.53204,712723.299292,210763.232748,0.0,0.0,0.0,11023.689945,560.370055,56105.22,16.459904
2019-06-30,17,906229.213029,712713.429292,193515.783737,0.0,0.0,0.0,10166.739725,1329.640275,55441.26,16.345754
2019-06-30,18,886228.845566,712434.682156,173794.16341,0.0,0.0,0.0,9854.339976,1304.460024,53827.57,16.464218
2019-06-30,19,788177.771478,612852.890293,175324.881185,0.0,0.0,0.0,9423.709613,1642.880387,52155.8,15.111987
2019-06-30,20,780325.343288,609290.177429,171035.165858,0.0,0.0,0.0,8714.182719,720.987281,50953.09,15.314583
2019-06-30,21,746068.577643,609504.785704,136563.791939,0.0,0.0,0.0,8056.600006,519.499994,48024.58,15.53514
2019-06-30,22,610045.280017,498792.199303,111253.080714,0.0,0.0,0.0,9073.84,451.74,44416.81,13.734559
2019-06-30,23,512530.777626,404645.287358,107885.490268,0.0,0.0,0.0,8535.03,372.64,41335.12,12.399402
2019-07-01,0,490056.800637,395905.090575,94151.710061,0.0,0.0,0.0,7966.73,305.66,39113.65,12.529048
2019-07-01,1,458923.997343,362653.910476,96270.086866,0.0,0.0,0.0,7496.9,250.19,37712.31,12.169077
2019-07-01,2,453227.948285,362653.910476,90574.037809,0.0,0.0,0.0,7333.3,237.96,36941.72,12.268729
2019-07-01,3,455226.869919,362653.910476,92572.959443,0.0,0.0,0.0,7244.57,225.5,37034.84,12.291855
2019-07-01,4,479099.724405,382874.684367,96225.040037,0.0,0.0,0.0,7434.155318,252.814682,38206.17,12.539852
2019-07-01,5,499064.94789,389586.106558,109478.841331,0.0,0.0,0.0,7561.58,244.3,39733.96,12.560161
2019-07-01,6,557121.396531,442269.906455,114851.490076,0.0,0.0,0.0,7355.57,274.83,41217.68,13.516564
2019-07-01,7,613622.390424,486456.059655,127166.330768,0.0,0.0,0.0,7350.48,310.43,43886.59,13.982002
2019-07-01,8,672573.746995,514317.095774,158256.651221,0.0,0.0,0.0,9061.946232,433.003768,47255.2,14.232799
2019-07-01,9,766428.890253,589331.393789,177097.496463,0.0,0.0,0.0,11312.584,791.036,51052.84,15.012463
2019-07-01,10,965425.271317,785055.325886,180369.945431,0.0,0.0,0.0,14740.828602,349.211398,54649.92,17.66563
2019-07-01,11,1038730.986876,845793.618733,192937.368143,0.0,0.0,0.0,13532.511,727.789,57601.21,18.033145
2019-07-01,12,1120598.252824,896946.114891,223652.137934,0.0,0.0,0.0,12489.866068,946.133932,60047.38,18.661901
2019-07-01,13,1169074.04455,937709.507242,231364.537309,0.0,0.0,0.0,12160.241691,1048.338309,61880.6,18.892416
2019-07-01,14,1185706.871341,936956.262843,248750.608498,0.0,0.0,0.0,12849.573529,1135.626471,63141.17,18.778665
2019-07-01,15,1190196.704939,937491.608967,252705.095972,0.0,0.0,0.0,13251.482718,1678.147282,63827.21,18.647168
2019-07-01,16,1170842.61706,937488.318967,233354.298093,0.0,0.0,0.0,14161.952456,1814.287544,63242.26,18.513611
2019-07-01,17,1089705.034781,878600.054699,211104.980082,0.0,0.0,0.0,14534.568876,2461.511124,61449.14,17.733446
2019-07-01,18,991255.937699,806147.585027,185108.352672,0.0,0.0,0.0,14716.767357,2525.342643,58824.28,16.851136
2019-07-01,19,818032.947243,625231.952826,192800.994417,0.0,0.0,0.0,13658.481765,2234.678235,56620.34,14.447687
2019-07-01,20,813341.896446,643574.723018,169767.173428,0.0,0.0,0.0,14004.687585,2075.352415,55109.82,14.758566
2019-07-01,21,732970.789189,590549.440171,142421.349018,0.0,0.0,0.0,13625.319815,972.390185,51588.39,14.208057
2019-07-01,22,518353.430921,367299.070633,151054.360288,0.0,0.0,0.0,11893.32,542.83,47736.58,10.858621
2019-07-01,23,448151.301317,335363.378785,112787.922533,0.0,0.0,0.0,13307.48,448.59,44390.48,10.095662
2019-07-02,0,358147.841355,253871.803153,104276.038202,0.0,0.0,0.0,14246.060006,519.499994,41988.51,8.529663
2019-07-02,1,323862.948052,232454.939472,91408.00858,0.0,0.0,0.0,14651.819037,799.730963,40389.2,8.018553
2019-07-02,2,316420.347679,221754.821816,94665.525863,0.0,0.0,0.0,13706.412,540.878,39556.02,7.999297
2019-07-02,3,327100.955535,233279.727212,93821.228324,0.0,0.0,0.0,12753.24,517.72,39490.19,8.283094
2019-07-02,4,362800.497146,260211.923294,102588.573853,0.0,0.0,0.0,11853.83,458.48,40623.49,8.930806
2019-07-02,5,380328.483824,260198.763294,120129.72053,0.0,0.0,0.0,11575.87,488.51,42003.45,9.054696
2019-07-02,6,437326.562652,305861.10541,131465.457242,0.0,0.0,0.0,11514.021,292.669,43187.81,10.126157
2019-07-02,7,626605.829607,491115.170274,135490.659333,0.0,0.0,0.0,11092.090006,519.499994,45750.92,13.696027
2019-07-02,8,704520.447225,552287.200421,152233.246804,0.0,0.0,0.0,12499.1726,883.7474,49023.56,14.371058
2019-07-02,9,774960.574642,600986.308207,173974.266435,0.0,0.0,0.0,13926.860439,1380.259561,52652.77,14.718325
2019-07-02,10,985099.409342,795950.415905,189148.993438,0.0,0.0,0.0,15204.295684,1774.894316,56000.98,17.590753
2019-07-02,11,1042836.681611,856688.708752,186147.972859,0.0,0.0,0.0,14942.060236,2578.919764,58350.53,17.871932
2019-07-02,12,1087191.159203,878252.344699,208938.814504,0.0,0.0,0.0,13913.033684,2774.176316,60123.6,18.082602
2019-07-02,13,1114960.671883,878245.764699,236714.907184,0.0,0.0,0.0,13150.10806,2355.58194,61319.44,18.182825
2019-07-02,14,3234535.97298,3004147.966774,230388.006206,0.0,0.0,0.0,13301.267605,2027.872395,62043.53,52.133332
2019-07-02,15,3227462.264865,3004085.307563,223376.957302,0.0,0.0,0.0,13270.605999,1820.664001,62509.08,51.631895
2019-07-02,16,3236276.144361,3021605.870492,214670.273869,0.0,0.0,0.0,13366.097027,1275.252973,61977.32,52.217104
2019-07-02,17,3158052.501057,2947117.048601,210935.452456,0.0,0.0,0.0,13177.962176,1497.277824,60407.25,52.279362
2019-07-02,18,3091746.746307,2911011.000364,180735.745942,0.0,0.0,0.0,13262.597897,1545.202103,58169.97,53.150221
2019-07-02,19,2933927.807508,2760373.333912,173554.473596,0.0,0.0,0.0,12945.979777,2081.300223,55899.83,52.485451
2019-07-02,20,2897931.22942,2745606.143127,152325.086293,0.0,0.0,0.0,12897.661285,1657.098715,54082.03,53.583995
2019-07-02,21,2806804.758811,2683391.63303,123413.125781,0.0,0.0,0.0,13515.621949,1004.678051,50510.82,55.568386
2019-07-02,22,2551534.097227,2437272.993577,114261.103651,0.0,0.0,0.0,14150.597518,571.632482,46603.36,54.750003
2019-07-02,23,2462751.799266,2364931.175503,97820.623763,0.0,0.0,0.0,14622.021456,1035.718544,43459.16,56.668187
2019-07-03,0,2434252.88226,2355395.153479,78857.72878,0.0,0.0,0.0,14859.334217,1529.935783,41242.45,59.022994
2019-07-03,1,2388801.931487,2279912.991723,108888.939763,0.0,0.0,0.0,11658.697,4973.983,39621.27,60.290898
2019-07-03,2,2378402.776504,2279912.991723,98489.784781,0.0,0.0,0.0,11686.233508,4079.606492,38599.68,61.617163
2019-07-03,3,2399148.648617,2300569.646146,98579.002472,0.0,0.0,0.0,11081.650748,3453.159252,38558.45,62.221086
2019-07-03,4,2464342.554724,2375822.198585,88520.356139,0.0,0.0,0.0,12820.44,444.96,39574.72,62.270625
2019-07-03,5,2476371.091261,2367036.947584,109334.143677,0.0,0.0,0.0,11888.79,334.15,41110.85,60.236436
2019-07-03,6,2535761.147157,2418831.859993,116929.287163,0.0,0.0,0.0,10221.513,46.837,42450.23,59.734921
2019-07-03,7,2575536.076427,2429735.742184,145800.334243,0.0,0.0,0.0,8832.82,176.28,44844.32,57.432827
2019-07-03,8,2593931.945209,2438921.679433,155010.265775,0.0,0.0,0.0,11246.41,280.49,47794.68,54.272399
2019-07-03,9,2652635.134527,2482769.992634,169865.141893,0.0,0.0,0.0,13277.967,872.023,50621.97,52.400867
2019-07-03,10,2710007.92697,2530939.985642,179067.941328,0.0,0.0,0.0,15604.158426,912.961574,52995.93,51.136152
2019-07-03,11,2747432.891481,2559953.716818,187479.174663,0.0,0.0,0.0,15312.227052,2492.232948,54848.22,50.09156
2019-07-03,12,2910453.892142,2707495.005906,202958.886237,0.0,0.0,0.0,15405.4006,3376.1194,56861.29,51.185154
2019-07-03,13,2963719.416678,2763558.364945,200161.051733,0.0,0.0,0.0,16194.727644,2885.182356,58656.63,50.526589
2019-07-03,14,3003627.403724,2778601.012866,225026.390857,0.0,0.0,0.0,15259.591998,4237.378002,60416.74,49.715152
2019-07-03,15,3028920.098189,2778597.722866,250322.375322,0.0,0.0,0.0,15188.165,4330.515,61157.15,49.526835
2019-07-03,16,3020323.765209,2778597.722866,241726.042343,0.0,0.0,0.0,14433.928,4217.512,60471.48,49.946252
2019-07-03,17,2983362.483272,2778597.722866,204764.760406,0.0,0.0,0.0,14954.738897,3114.761103,58612.59,50.899687
2019-07-03,18,2917679.503204,2741124.582786,176554.920418,0.0,0.0,0.0,14390.888061,2467.991939,56195.04,51.920588
2019-07-03,19,2823702.477784,2650814.118082,172888.359701,0.0,0.0,0.0,13011.395714,2201.754286,54058.45,52.234248
2019-07-03,20,2780855.176667,2632474.63789,148380.538777,0.0,0.0,0.0,13769.497623,2145.322377,52502.08,52.966572
2019-07-03,21,2695732.594458,2569567.831514,126164.762944,0.0,0.0,0.0,14701.088118,2097.001882,49615.59,54.33237
2019-07-03,22,2597161.296736,2487641.404634,109519.892102,0.0,0.0,0.0,15606.310613,2131.259387,46285.46,56.111818
2019-07-03,23,2534296.06578,2443540.412317,90755.653463,0.0,0.0,0.0,15927.960475,2244.609525,43385.05,58.41404
2019-07-04,0,2494870.905047,2414064.978338,80805.926709,0.0,0.0,0.0,15845.330091,2273.819909,41323.39,60.374304
2019-07-04,1,2400130.124994,2312946.614764,87183.510229,0.0,0.0,0.0,14636.898701,2640.481299,39932.82,60.104198
2019-07-04,2,2376893.096122,2302702.824015,74190.272107,0.0,0.0,0.0,14712.477977,2142.002023,38992.01,60.958465
2019-07-04,3,2389751.004665,2314709.644311,75041.360354,0.0,0.0,0.0,13154.819921,1142.230079,38516.87,62.044268
2019-07-04,4,2404221.885825,2314699.774311,89522.111514,0.0,0.0,0.0,11087.98,379.62,38654.8,62.19724
2019-07-04,5,2402605.384698,2314699.774311,87905.610388,0.0,0.0,0.0,11600.91,395.03,38894.82,61.77186
2019-07-04,6,2419726.474039,2333965.476901,85760.997138,0.0,0.0,0.0,11862.02,375.04,39253.23,61.644009
2019-07-04,7,2448471.278611,2344157.807861,104313.47075,0.0,0.0,0.0,11952.29,357.55,41451.14,59.068853
2019-07-04,8,2527066.513872,2411783.284953,115283.228919,0.0,0.0,0.0,13719.393,483.747,44947.63,56.222464
2019-07-04,9,2641494.925994,2486464.25468,155030.671315,0.0,0.0,0.0,13517.067,2109.333,48876.07,54.044749
2019-07-04,10,2720091.615737,2534617.797689,185473.818049,0.0,0.0,0.0,12827.763,4116.997,52328.73,51.980845
2019-07-04,11,2933134.039975,2758419.087368,174714.952607,0.0,0.0,0.0,15333.838718,2787.311282,55397.48,52.947066
2019-07-04,12,2948073.701905,2767931.793294,180141.908611,0.0,0.0,0.0,15254.889585,3463.380415,58059.65,50.776636
2019-07-04,13,3161009.168972,2983556.953151,177452.215821,0.0,0.0,0.0,16026.783753,2872.816247,59954.44,52.723521
2019-07-04,14,1075398.057277,857783.593151,217614.464126,0.0,0.0,0.0,14807.038973,4974.401027,61269.77,17.551854
2019-07-04,15,1126286.432687,857783.593151,268502.839536,0.0,0.0,0.0,14434.735,5077.245,61713.85,18.25014
2019-07-04,16,1090086.411965,857783.593151,232302.818814,0.0,0.0,0.0,13952.475725,4156.664275,61273.11,17.790617
2019-07-04,17,1051623.101705,857783.593151,193839.508555,0.0,0.0,0.0,14912.93375,3173.12625,59740.24,17.603262
2019-07-04,18,950626.271961,774937.846318,175688.425643,0.0,0.0,0.0,14602.873257,2507.546743,57136.63,16.637773
2019-07-04,19,882527.199661,719140.532594,163386.667066,0.0,0.0,0.0,13552.046776,2235.233224,54490.57,16.195962
2019-07-04,20,813925.879184,666111.959747,147813.919438,0.0,0.0,0.0,13810.153296,2123.606704,52519.91,15.497473
2019-07-04,21,758354.93758,629064.986379,129289.951202,0.0,0.0,0.0,13766.13095,1722.79905,50428.5,15.038221
2019-07-04,22,692815.858237,556674.581521,136141.276716,0.0,0.0,0.0,13350.511854,591.628146,48216.71,14.368792
2019-07-04,23,530450.23571,407896.949858,122553.285853,0.0,0.0,0.0,13951.686673,912.693327,45374.48,11.690497
2019-07-05,0,536201.609514,447560.250525,88641.358988,0.0,0.0,0.0,14620.768422,1001.701578,43047.06,12.456173
2019-07-05,1,504700.280236,428678.533418,76021.746818,0.0,0.0,0.0,14631.068142,1299.741858,41310.09,12.217361
2019-07-05,2,498074.638118,428678.533418,69396.1047,0.0,0.0,0.0,14271.629802,811.100198,40254.93,12.37301
2019-07-05,3,438253.436682,363049.42881,75204.007872,0.0,0.0,0.0,13730.910006,519.499994,39971.03,10.964277
2019-07-05,4,513924.028518,438063.726825,75860.301693,0.0,0.0,0.0,13030.71,457.16,40692.5,12.629453
2019-07-05,5,521412.360569,438060.436825,83351.923744,0.0,0.0,0.0,13471.23,462.89,41509.11,12.561396
2019-07-05,6,553126.89108,465980.665849,87146.22523,0.0,0.0,0.0,13486.75,465.22,42425.12,13.037721
2019-07-05,7,602238.571668,495725.504472,106513.067196,0.0,0.0,0.0,13259.96,469.12,45042.1,13.37057
2019-07-05,8,684965.789884,547354.422596,137611.367289,0.0,0.0,0.0,14557.391536,638.378464,48612.67,14.090273
2019-07-05,9,817068.219279,660855.198478,156213.020801,0.0,0.0,0.0,14259.48947,2239.06053,52273.09,15.630762
2019-07-05,10,909490.583,729825.203035,179665.379965,0.0,0.0,0.0,13939.027048,3424.802952,55712.76,16.324637
2019-07-05,11,1064432.998399,870883.754699,193549.2437,0.0,0.0,0.0,14860.450548,3818.339452,58711.67,18.129837
2019-07-05,12,1117925.692976,919372.80705,198552.885926,0.0,0.0,0.0,15738.843069,3289.726931,61313.0,18.233094
2019-07-05,13,1145850.496457,919366.73705,226483.759407,0.0,0.0,0.0,15145.80001,3877.74999,63398.08,18.073899
2019-07-05,14,1165571.342565,919366.73705,246204.605515,0.0,0.0,0.0,15810.386002,3328.373998,65049.69,17.918169
2019-07-05,15,1171625.387061,919366.73705,252258.650011,0.0,0.0,0.0,15689.448371,3383.691629,65848.47,17.79275
2019-07-05,16,1166651.865941,919366.73705,247285.128891,0.0,0.0,0.0,15693.41875,3076.93125,65655.41,17.769318
2019-07-05,17,1157880.399921,919366.73705,238513.662871,0.0,0.0,0.0,15027.080166,3323.879834,64025.8,18.084591
2019-07-05,18,1116808.467645,919366.73705,197441.730596,0.0,0.0,0.0,14885.08166,2495.48834,61411.61,18.185624
2019-07-05,19,1053908.939168,878596.764699,175312.174469,0.0,0.0,0.0,13567.724022,2174.115978,58634.98,17.974065
2019-07-05,20,1008446.197207,845303.526767,163142.67044,0.0,0.0,0.0,13652.695495,1842.884505,56624.07,17.809497
2019-07-05,21,966184.998455,824487.065219,141697.933236,0.0,0.0,0.0,12397.755665,921.304335,53431.98,18.082523
2019-07-05,22,776852.840762,646600.381521,130252.459241,0.0,0.0,0.0,11381.4,411.35,49950.31,15.552513
2019-07-05,23,592258.572052,477680.793738,114577.778313,0.0,0.0,0.0,11454.98,386.4,46530.07,12.728512
2019-07-06,0,452217.027824,335206.875283,117010.152541,0.0,0.0,0.0,11556.58,371.8,43950.55,10.289223
2019-07-06,1,425250.263472,326017.648034,99232.615439,0.0,0.0,0.0,11781.64,367.5,41976.47,10.130682
2019-07-06,2,384267.122252,284110.317752,100156.8045,0.0,0.0,0.0,11437.54,371.59,40592.21,9.466524
2019-07-06,3,376977.839285,284110.317752,92867.521533,0.0,0.0,0.0,11403.87,385.09,39707.53,9.493863
2019-07-06,4,370511.371593,277392.31556,93119.056032,0.0,0.0,0.0,11404.72,406.27,39403.25,9.403066
2019-07-06,5,383309.496069,285734.395961,97575.100109,0.0,0.0,0.0,10279.61,323.13,39146.92,9.791562
2019-07-06,6,444578.304133,342927.453169,101650.850964,0.0,0.0,0.0,8821.79,251.75,39879.16,11.148136
2019-07-06,7,504695.279161,371280.130442,133415.148719,0.0,0.0,0.0,7575.07,192.47,42755.53,11.804211
2019-07-06,8,579800.91149,424665.380891,155135.530599,0.0,0.0,0.0,9083.594,375.266,46497.04,12.469631
2019-07-06,9,723792.868383,544372.099783,179420.7686,0.0,0.0,0.0,10050.383,1405.457,50465.53,14.342322
2019-07-06,10,930801.255143,737815.224607,192986.030536,0.0,0.0,0.0,10760.280168,2873.749832,54187.09,17.177546
2019-07-06,11,1164031.952151,877946.476401,286085.47575,0.0,0.0,0.0,10028.029,3261.981,57529.79,20.233551
2019-07-06,12,1210131.825394,919640.968623,290490.856771,0.0,0.0,0.0,11352.561,2108.039,60317.11,20.062828
2019-07-06,13,1167076.674909,919634.388623,247442.286287,0.0,0.0,0.0,12709.141411,1538.048589,62427.57,18.694892
2019-07-06,14,3291627.371265,3045400.198972,246227.172293,0.0,0.0,0.0,13337.274334,1674.165666,63831.14,51.567736
2019-07-06,15,3267735.218154,3024317.565502,243417.652653,0.0,0.0,0.0,13589.182428,1949.877572,64535.75,50.634497
2019-07-06,16,3252430.624734,3023567.611102,228863.013632,0.0,0.0,0.0,13916.989191,1771.410809,63889.5,50.907123
2019-07-06,17,3191053.86455,2975118.360958,215935.503591,0.0,0.0,0.0,13072.668612,1457.971388,61335.72,52.026028
2019-07-06,18,3086523.366128,2901136.054478,185387.31165,0.0,0.0,0.0,12165.512653,1074.267347,58008.11,53.20848
2019-07-06,19,2996059.197654,2816160.188927,179899.008728,0.0,0.0,0.0,11022.180911,1234.659089,55506.95,53.976289
2019-07-06,20,2959404.864195,2785824.664317,173580.199877,0.0,0.0,0.0,9952.910006,519.499994,53535.45,55.27935
2019-07-06,21,2933022.778719,2776306.39839,156716.380329,0.0,0.0,0.0,8542.2,330.42,50556.22,58.015073
2019-07-06,22,2769959.162419,2622360.671405,147598.491014,0.0,0.0,0.0,7211.46,184.24,47320.07,58.536667
2019-07-06,23,2602617.252194,2476277.882389,126339.369805,0.0,0.0,0.0,7394.24,199.63,44342.18,58.69394
2019-07-07,0,2535206.372135,2423252.599542,111953.772594,0.0,0.0,0.0,7531.91,216.72,41981.61,60.388498
2019-07-07,1,2460445.469333,2343231.678146,117213.791187,0.0,0.0,0.0,7737.81,283.96,40173.53,61.245439
2019-07-07,2,2446983.919846,2330430.581547,116553.338299,0.0,0.0,0.0,6460.97,194.51,38926.77,62.861211
2019-07-07,3,2447118.346785,2330430.581547,116687.765239,0.0,0.0,0.0,5656.17,156.81,38133.34,64.172673
2019-07-07,4,2449163.448116,2330430.581547,118732.866569,0.0,0.0,0.0,5195.53,125.2,37822.29,64.754499
2019-07-07,5,2457164.309656,2330430.581547,126733.728109,0.0,0.0,0.0,4415.51,97.42,37603.76,65.34358
2019-07-07,6,2519264.533403,2396260.250993,123004.282409,0.0,0.0,0.0,3892.12,88.34,38259.64,65.84653
2019-07-07,7,2664457.732845,2519447.832017,145009.900827,0.0,0.0,0.0,3912.21,96.57,41359.87,64.421328
2019-07-07,8,2703856.611447,2538644.02804,165212.583407,0.0,0.0,0.0,5419.62,49.58,45452.37,59.487693
2019-07-07,9,2751336.436092,2568773.616465,182562.819627,0.0,0.0,0.0,7329.2,21.22,49613.48,55.455421
2019-07-07,10,2829394.98509,2628015.577586,201379.407504,0.0,0.0,0.0,9016.171,804.319,53565.81,52.820913
2019-07-07,11,3032081.204993,2808232.85099,223848.354004,0.0,0.0,0.0,10270.093844,633.096156,57101.82,53.099555
2019-07-07,12,3195900.977081,2955777.430078,240123.547003,0.0,0.0,0.0,10838.672823,1000.037177,60164.36,53.119504
2019-07-07,13,3242892.878601,2996547.912429,246344.966172,0.0,0.0,0.0,11504.318621,1226.471379,62482.97,51.900428
2019-07-07,14,3311670.73303,3032921.612238,278749.120792,0.0,0.0,0.0,11146.27004,1198.87996,64165.36,51.611504
2019-07-07,15,3381377.433191,3089469.102237,291908.330954,0.0,0.0,0.0,10569.966051,1112.213949,65153.24,51.898838
2019-07-07,16,3394389.4252,3089465.812237,304923.612963,0.0,0.0,0.0,9542.604434,339.725566,65196.86,52.063695
2019-07-07,17,3373169.551004,3089465.812237,283703.738767,0.0,0.0,0.0,9491.11,184.21,64108.66,52.616441
2019-07-07,18,3284596.927784,3032564.032239,252032.895545,0.0,0.0,0.0,9496.11,363.99,62057.91,52.927933
2019-07-07,19,3190871.636105,2969458.232541,221413.403565,0.0,0.0,0.0,10284.897284,577.342716,59594.25,53.54328
2019-07-07,20,3113537.999937,2884485.65699,229052.342947,0.0,0.0,0.0,8699.737,323.193,57662.67,53.995731
2019-07-07,21,3080565.551107,2884485.65699,196079.894118,0.0,0.0,0.0,7578.85,245.1,54117.31,56.923848
2019-07-07,22,3025890.848233,2863672.485442,162218.362791,0.0,0.0,0.0,6896.44,137.0,50209.12,60.265761
2019-07-07,23,2840408.846221,2695451.773938,144957.072283,0.0,0.0,0.0,6695.23,144.45,46667.27,60.865117
2019-07-08,0,2737931.504226,2611690.69914,126240.805087,0.0,0.0,0.0,6690.01,156.56,44024.67,62.190847
2019-07-08,1,2625523.559922,2499856.035123,125667.524799,0.0,0.0,0.0,6882.87,174.25,42139.28,62.305848
2019-07-08,2,2612726.428496,2492448.315123,120278.113373,0.0,0.0,0.0,6460.75,164.29,41010.16,63.709247
2019-07-08,3,2607838.729953,2485730.312932,122108.417022,0.0,0.0,0.0,6290.42,152.66,40794.91,63.925591
2019-07-08,4,2639417.417942,2516244.319827,123173.098115,0.0,0.0,0.0,6406.394,94.826,41755.74,63.210888
2019-07-08,5,2664471.476115,2523645.459827,140826.016288,0.0,0.0,0.0,5876.496,63.134,43040.36,61.906347
2019-07-08,6,2737364.358126,2595010.222866,142354.135259,0.0,0.0,0.0,5525.16,86.84,44363.57,61.702977
2019-07-08,7,2770482.734945,2595003.642866,175479.092079,0.0,0.0,0.0,5518.545742,0.724258,47148.7,58.760533
2019-07-08,8,2951712.318926,2771921.963017,179790.35591,0.0,0.0,0.0,7239.88,69.05,50820.63,58.080986
2019-07-08,9,2984477.785873,2784713.699616,199764.086257,0.0,0.0,0.0,9151.93,67.96,54991.0,54.272113
2019-07-08,10,3086759.724935,2862630.89027,224128.834666,0.0,0.0,0.0,10830.83,40.61,58757.88,52.533545
2019-07-08,11,3201443.661061,2955033.580745,246410.080317,0.0,0.0,0.0,11381.249372,181.860628,62082.65,51.567445
2019-07-08,12,3281857.906805,2996928.085413,284929.821391,0.0,0.0,0.0,11889.665767,669.464233,64945.25,50.532686
2019-07-08,13,3444735.204066,3137417.228803,307317.975263,0.0,0.0,0.0,12427.806897,1043.393103,66978.36,51.43057
2019-07-08,14,3496188.987958,3194543.997076,301644.990881,0.0,0.0,0.0,11422.543341,1649.566659,67710.36,51.634476
2019-07-08,15,3478941.112973,3194534.127076,284406.985897,0.0,0.0,0.0,11391.535578,1277.084422,67156.77,51.803282
2019-07-08,16,1358011.026084,1068770.127077,289240.899007,0.0,0.0,0.0,10876.063031,1252.566969,65523.51,20.725554
2019-07-08,17,1296824.460021,1047689.303956,249135.156065,0.0,0.0,0.0,10979.657619,675.392381,62996.91,20.585525
2019-07-08,18,1082272.128167,843236.364869,239035.763298,0.0,0.0,0.0,10315.462571,1261.607429,60465.93,17.898875
2019-07-08,19,1009434.827855,802466.392518,206968.435337,0.0,0.0,0.0,10322.466314,2027.543686,58337.62,17.303326
2019-07-08,20,945537.732493,733482.717962,212055.014532,0.0,0.0,0.0,9493.966237,1386.893763,56489.7,16.738233
2019-07-08,21,891211.267363,718547.421272,172663.846091,0.0,0.0,0.0,9126.733198,598.376802,52953.54,16.83006
2019-07-08,22,716812.283149,575048.298621,141763.984527,0.0,0.0,0.0,9303.44,324.12,49140.89,14.58688
2019-07-08,23,613932.409317,495971.035582,117961.373735,0.0,0.0,0.0,10283.56,356.96,45859.24,13.387322
2019-07-09,0,521877.842663,417073.607755,104804.234907,0.0,0.0,0.0,11392.910177,512.279823,43546.66,11.984337
2019-07-09,1,482464.528368,387675.563907,94788.964462,0.0,0.0,0.0,11681.786769,666.593231,41887.15,11.518199
2019-07-09,2,450927.002476,359449.069526,91477.93295,0.0,0.0,0.0,12253.090502,908.179498,41051.46,10.984433
2019-07-09,3,445387.648346,355250.029527,90137.61882,0.0,0.0,0.0,12595.878966,1270.041034,41051.41,10.849509
2019-07-09,4,478805.327505,387360.415336,91444.912169,0.0,0.0,0.0,12864.241093,1631.918907,42229.99,11.33804
2019-07-09,5,504516.928446,391907.165334,112609.763112,0.0,0.0,0.0,12430.216466,938.683534,43606.18,11.569849
2019-07-09,6,590198.968021,477279.992406,112918.975616,0.0,0.0,0.0,11873.337605,396.202395,44839.56,13.162461
2019-07-09,7,636205.594822,485814.353032,150391.24179,0.0,0.0,0.0,10172.421,975.439,47275.61,13.457375
2019-07-09,8,741748.229152,579819.707862,161928.52129,0.0,0.0,0.0,12470.384974,590.515026,50593.59,14.660913
2019-07-09,9,821282.036882,627983.120871,193298.916011,0.0,0.0,0.0,13997.629,817.261,54378.79,15.102985
2019-07-09,10,1170138.410492,978351.515382,191786.89511,0.0,0.0,0.0,14632.57406,1464.23594,58068.12,20.151133
2019-07-09,11,1450482.803084,1228753.826849,221728.976235,0.0,0.0,0.0,12588.968018,3415.601982,61543.91,23.568259
2019-07-09,12,1520476.202597,1261509.176099,258967.026497,0.0,0.0,0.0,11676.579275,3855.940725,64730.68,23.489267
2019-07-09,13,1687331.275397,1426866.961076,260464.314321,0.0,0.0,0.0,12592.765341,2883.914659,67203.08,25.107946
2019-07-09,14,1698678.012752,1426854.311076,271823.701676,0.0,0.0,0.0,12442.656437,1207.843563,68498.59,24.79873
2019-07-09,15,1760214.833499,1467627.573427,292587.260073,0.0,0.0,0.0,11341.624474,1250.135526,69060.24,25.488108
2019-07-09,16,1771253.51368,1467624.283427,303629.230254,0.0,0.0,0.0,11108.557364,954.192636,68987.67,25.674929
2019-07-09,17,1696070.617608,1411073.503428,284997.114181,0.0,0.0,0.0,11229.014939,437.185061,68096.93,24.906712
2019-07-09,18,1676053.993476,1395783.916739,280270.076737,0.0,0.0,0.0,10377.842393,729.527607,66038.13,25.380095
2019-07-09,19,1625548.143909,1374619.745191,250928.398717,0.0,0.0,0.0,9901.695558,987.034442,63514.37,25.593392
2019-07-09,20,1544117.847716,1313123.239719,230994.607997,0.0,0.0,0.0,9633.660006,519.499994,61306.9,25.186689
2019-07-09,21,1474428.635441,1298074.011798,176354.623642,0.0,0.0,0.0,9679.160006,519.499994,57349.02,25.709744
2019-07-09,22,1054500.798171,890016.723081,164484.07509,0.0,0.0,0.0,11139.040006,519.499994,53032.85,19.883917
2019-07-09,23,736404.476809,600622.597315,135781.879493,0.0,0.0,0.0,11846.67,505.53,49252.01,14.951765
2019-07-10,0,688836.249563,575442.748615,113393.500948,0.0,0.0,0.0,11865.79,486.72,46379.34,14.852222
2019-07-10,1,543348.241826,424147.107794,119201.134032,0.0,0.0,0.0,11530.70085,662.05915,44208.17,12.290675
2019-07-10,2,527552.064999,414611.085771,112940.979228,0.0,0.0,0.0,10932.37,419.66,42811.12,12.322781
2019-07-10,3,542824.8764,434831.859661,107993.016739,0.0,0.0,0.0,10360.56,374.64,42391.05,12.805176
2019-07-10,4,560009.678025,438463.834979,121545.843045,0.0,0.0,0.0,9614.107495,608.962505,43250.61,12.948018
2019-07-10,5,617704.57642,482663.148179,135041.428241,0.0,0.0,0.0,9024.542,331.768,44378.22,13.919093
2019-07-10,6,682316.278291,535139.725227,147176.553064,0.0,0.0,0.0,8081.46,270.63,45522.48,14.988557
2019-07-10,7,838592.340075,669260.185785,169332.154289,0.0,0.0,0.0,7097.92,241.31,48442.24,17.31118
2019-07-10,8,900419.13611,695865.3909,204553.745211,0.0,0.0,0.0,8084.71,176.01,52313.7,17.211918
2019-07-10,9,984396.61268,748884.093747,235512.518933,0.0,0.0,0.0,9442.702,270.388,56634.02,17.381719
2019-07-10,10,1340352.422844,1090934.451214,249417.97163,0.0,0.0,0.0,10839.285319,813.244681,60884.79,22.014569
2019-07-10,11,1717991.875903,1447817.439939,270174.435964,0.0,0.0,0.0,10416.029968,164.810032,64578.38,26.603205
2019-07-10,12,1839866.589812,1519649.466627,320217.123185,0.0,0.0,0.0,9941.483866,912.846134,67759.31,27.152971
2019-07-10,13,1860182.998866,1519642.886627,340540.112239,0.0,0.0,0.0,10626.980699,1269.639301,69692.57,26.691267
2019-07-10,14,1935425.435487,1519642.886627,415782.548861,0.0,0.0,113.592438,11027.667562,1036.852438,70494.6,27.454946
2019-07-10,15,1900198.866607,1519642.886627,380555.979981,0.0,0.0,0.0,11238.005,1148.715,70582.55,26.921652
2019-07-10,16,3939515.490629,3645408.696976,294106.793653,0.0,0.0,0.0,11864.415693,1175.654307,69924.72,56.339382
2019-07-10,17,3804540.529129,3525849.228678,278691.300451,0.0,0.0,0.0,10788.517036,1204.392964,66947.83,56.828437
2019-07-10,18,3634167.081679,3376762.576412,257404.505267,0.0,0.0,0.0,9870.084196,733.955804,63509.5,57.222417
2019-07-10,19,3551300.015025,3307511.250282,243788.764743,0.0,0.0,0.0,9108.32,350.81,60823.48,58.386992
2019-07-10,20,3479569.763168,3250960.470283,228609.292884,0.0,0.0,0.0,8079.21,325.32,58136.23,59.852002
2019-07-10,21,3408986.455662,3206761.157083,202225.298578,0.0,0.0,0.0,6180.73,300.86,54043.28,63.078822
2019-07-10,22,3173748.397791,2996977.422015,176770.975775,0.0,0.0,0.0,5266.25,278.74,49799.28,63.730809
2019-07-10,23,2686621.339321,2530597.081678,156024.257644,0.0,0.0,0.0,4847.66,290.66,46035.83,58.359355
2019-07-11,0,2596332.383736,2449717.342711,146615.041025,0.0,0.0,0.0,4703.76,321.43,43336.18,59.911427
2019-07-11,1,2574655.04884,2449717.342711,124937.706129,0.0,0.0,0.0,4763.16,371.16,41421.87,62.1569
2019-07-11,2,2554331.931445,2427953.402599,126378.528845,0.0,0.0,0.0,4108.08,294.06,40209.19,63.526073
2019-07-11,3,2554203.086717,2427953.402599,126249.684118,0.0,0.0,0.0,3782.72,247.62,39867.08,64.067975
2019-07-11,4,2581053.52212,2449723.922711,131329.599409,0.0,0.0,0.0,3698.45,226.22,40754.05,63.332442
2019-07-11,5,2600664.254878,2449717.342711,150946.912167,0.0,0.0,0.0,3128.178,147.792,42051.98,61.844038
2019-07-11,6,2652594.160758,2502742.625559,149851.535199,0.0,0.0,0.0,2974.541,302.859,43005.51,61.680333
2019-07-11,7,2678180.083935,2512260.891486,165919.192449,0.0,0.0,0.0,3571.46,418.88,45028.86,59.476968
2019-07-11,8,2759650.586133,2578773.654686,180876.931447,0.0,0.0,0.0,4697.9,414.89,48105.78,57.3663
2019-07-11,9,2956145.185534,2774873.666489,181271.519044,0.0,0.0,0.0,6183.62,410.0,52325.1,56.495739
2019-07-11,10,2994387.304879,2774857.216489,219530.08839,0.0,0.0,0.0,8053.21,228.59,56521.28,52.978052
2019-07-11,11,3164619.082267,2915921.838153,248697.244114,0.0,0.0,0.0,10499.328498,928.261502,60319.74,52.46407
2019-07-11,12,3334142.591542,3063472.997241,270669.594301,0.0,0.0,0.0,12154.156837,2120.003163,63773.92,52.280659
2019-07-11,13,3373811.234597,3120024.28724,253786.947356,0.0,0.0,0.0,13950.727135,2405.182865,66234.28,50.937539
2019-07-11,14,3398628.280803,3120020.99724,278607.283563,0.0,0.0,0.0,13857.109078,2906.790922,67769.44,50.149865
2019-07-11,15,3426959.491371,3120020.99724,306938.494131,0.0,0.0,0.0,13701.97918,2738.94082,68624.8,49.937624
2019-07-11,16,3432907.465385,3120020.99724,312886.468145,0.0,0.0,0.0,13036.366,2061.304,68481.06,50.129298
2019-07-11,17,3406350.156819,3120020.99724,286329.159579,0.0,0.0,0.0,12549.417048,1646.612952,66974.67,50.860275
2019-07-11,18,3365312.151418,3120020.99724,245291.154177,0.0,0.0,0.0,12071.946551,931.393449,64595.39,52.098333
2019-07-11,19,3269832.354686,3045003.409225,224828.945461,0.0,0.0,0.0,11293.956056,601.593944,61989.08,52.748522
2019-07-11,20,3195950.496002,2940282.126218,255668.369784,0.0,0.0,0.0,8651.3,414.67,59854.06,53.395718
2019-07-11,21,3174388.205292,2940282.126218,234106.079074,0.0,0.0,0.0,5815.37,287.6,56001.49,56.683995
2019-07-11,22,3105330.067842,2899512.153867,205817.913975,0.0,0.0,0.0,3927.01,190.52,51749.76,60.006656
2019-07-11,23,2907080.215805,2722347.553966,184732.66184,0.0,0.0,0.0,3074.46,150.5,47948.62,60.62907
2019-07-12,0,2839372.133051,2678148.240766,161223.892286,0.0,0.0,0.0,2558.66,117.33,45036.35,63.046231
2019-07-12,1,2669754.264688,2515551.143757,154203.120931,0.0,0.0,0.0,2360.02,90.62,42905.35,62.224274
2019-07-12,2,2617695.350106,2462529.150909,155166.199197,0.0,0.0,0.0,2318.68,119.63,41490.13,63.092002
2019-07-12,3,2596203.213127,2444189.670718,152013.542409,0.0,0.0,0.0,2425.7,155.58,40927.24,63.434603
2019-07-12,4,2628278.108149,2487696.687638,140581.420511,0.0,0.0,0.0,2610.52,198.0,41576.1,63.216081
2019-07-12,5,2649147.246665,2487693.397638,161453.849027,0.0,0.0,0.0,2002.13,177.69,42579.2,62.216933
2019-07-12,6,2711454.457995,2542169.508871,169284.949123,0.0,0.0,0.0,1633.65,160.37,43743.89,61.984759
2019-07-12,7,2754796.319507,2557452.51556,197343.803947,0.0,0.0,0.0,1771.78,147.14,46472.13,59.27846
2019-07-12,8,2913398.372757,2711414.835668,201983.537089,0.0,0.0,0.0,3182.45,63.92,50277.4,57.94648
2019-07-12,9,2951060.529022,2711402.185668,239658.343354,0.0,0.0,0.0,4607.23,134.93,54468.92,54.178796
2019-07-12,10,3051802.764211,2786423.063683,265379.700528,0.0,0.0,0.0,6646.873,20.537,58061.83,52.561257
2019-07-12,11,3261964.915473,2984038.465346,277926.450127,0.0,0.0,0.0,8053.78455,437.46545,61071.48,53.412246
2019-07-12,12,3286371.296346,2993553.951273,292817.345073,0.0,0.0,0.0,9307.769368,832.860632,63704.98,51.587353
2019-07-12,13,3298519.905587,2993550.661273,304969.244314,0.0,0.0,0.0,10339.855245,1221.994755,65452.29,50.395791
2019-07-12,14,3308761.441387,2993199.661273,315561.780114,0.0,0.0,0.0,11217.748,1768.222,66606.68,49.67612
2019-07-12,15,3312817.183782,2993199.661273,319617.522509,0.0,0.0,0.0,11884.828025,2302.441975,66942.38,49.487592
2019-07-12,16,3427671.317521,3140474.853226,287196.464295,0.0,0.0,0.0,12696.729454,2152.140546,66425.92,51.601413
2019-07-12,17,3373268.856453,3119173.351831,254095.504622,0.0,0.0,0.0,11966.321125,2031.448875,64594.01,52.222626
2019-07-12,18,1190099.50255,932255.07778,257844.42477,0.0,0.0,0.0,11525.12619,1110.78381,61919.94,19.219972
2019-07-12,19,1125029.611269,885729.079118,239300.532151,0.0,0.0,0.0,9741.303563,1143.016437,59161.95,19.016101
2019-07-12,20,1096613.302641,853997.480879,242615.821762,0.0,0.0,0.0,7929.600006,519.499994,56939.57,19.259248
2019-07-12,21,1059737.274477,843694.232541,216043.041936,0.0,0.0,0.0,5534.74,405.1,53459.51,19.823176
2019-07-12,22,957432.307775,768673.354526,188758.953249,0.0,0.0,0.0,4199.1,262.51,49630.88,19.29106
2019-07-12,23,721538.521366,547688.888771,173849.632595,0.0,0.0,0.0,4097.91,270.11,46132.15,15.640687
2019-07-13,0,643565.638738,494666.895923,148898.742815,0.0,0.0,0.0,4088.97,277.44,43292.95,14.865368
2019-07-13,1,581056.999986,450467.582723,130589.417263,0.0,0.0,0.0,4222.72,286.18,41178.64,14.110641
2019-07-13,2,537024.321568,404822.555755,132201.765813,0.0,0.0,0.0,3634.93,252.53,39750.44,13.509896
2019-07-13,3,531633.830861,404822.555755,126811.275106,0.0,0.0,0.0,3333.23,230.38,38960.1,13.645597
2019-07-13,4,534122.908992,404822.555755,129300.353237,0.0,0.0,0.0,3203.21,219.64,39012.28,13.691148
2019-07-13,5,561059.337193,425906.668876,135152.668317,0.0,0.0,0.0,2571.559,74.971,39127.29,14.339335
2019-07-13,6,626688.071183,488448.752268,138239.318916,0.0,0.0,0.0,2137.13,114.71,40084.77,15.634069
2019-07-13,7,704936.609645,541467.455115,163469.15453,0.0,0.0,0.0,2374.971,68.209,43354.81,16.259709
2019-07-13,8,812246.976413,614208.231971,198038.744441,0.0,0.0,0.0,3715.779154,86.960846,47548.72,17.082415
2019-07-13,9,916484.635648,704512.626675,211972.008973,0.0,0.0,0.0,5264.069,143.141,51749.79,17.70992
2019-07-13,10,978951.188699,745279.309026,233671.879673,0.0,0.0,0.0,7113.31,122.42,55509.0,17.6359
2019-07-13,11,1190448.937238,937979.428814,252469.508423,0.0,0.0,0.0,9277.503827,525.216173,58377.18,20.392368
2019-07-13,12,1157478.738688,916143.091295,241335.647393,0.0,0.0,0.0,11134.504567,1401.845433,60096.37,19.260377
2019-07-13,13,1137870.977229,888820.6913,249050.285929,0.0,0.0,0.0,12920.874482,2212.355518,61243.94,18.579324
2019-07-13,14,1167711.578035,898338.957227,269372.620808,0.0,0.0,0.0,13181.533753,3406.306247,62139.44,18.791794
2019-07-13,15,1200479.356136,919373.31705,281106.039086,0.0,0.0,0.0,13124.764855,4211.255145,62777.99,19.122615
2019-07-13,16,1184278.79113,919366.73705,264912.05408,0.0,0.0,0.0,13279.891092,4206.888908,62749.31,18.873176
2019-07-13,17,1132739.908782,898553.565502,234186.343281,0.0,0.0,0.0,13251.499345,3436.830655,61378.65,18.45495
2019-07-13,18,1063690.392041,857783.593151,205906.798891,0.0,0.0,0.0,13142.498254,2357.761746,59297.96,17.93806
2019-07-13,19,888447.418935,694942.847374,193504.571561,0.0,0.0,0.0,12324.779052,2018.690948,57054.13,15.572009
2019-07-13,20,854260.943489,646772.344365,207488.599124,0.0,0.0,0.0,10787.384444,623.105556,55515.16,15.387886
2019-07-13,21,872133.079012,665115.114557,207017.964454,0.0,0.0,0.0,7685.79,358.24,52750.7,16.533109
2019-07-13,22,837619.168502,650065.886636,187553.281866,0.0,0.0,0.0,6271.37,172.89,49564.63,16.899534
2019-07-13,23,656358.627771,487570.949047,168787.678724,0.0,0.0,0.0,6202.97,169.43,46382.78,14.150912
2019-07-14,0,598485.187092,455633.06932,142852.117772,0.0,0.0,0.0,6059.13,166.95,43764.35,13.675176
2019-07-14,1,491906.542612,362272.711113,129633.831499,0.0,0.0,0.0,6017.83,163.85,41807.9,11.765875
2019-07-14,2,435484.300507,308884.170663,126600.129844,0.0,0.0,0.0,5772.537174,4.062826,40400.88,10.77908
2019-07-14,3,427806.284816,301476.450664,126329.834152,0.0,0.0,0.0,5199.4,145.39,39541.87,10.819071
2019-07-14,4,429790.653173,305678.780663,124111.87251,0.0,0.0,0.0,4993.32,137.39,39260.4,10.94718
2019-07-14,5,436750.168264,305675.490663,131074.677602,0.0,0.0,0.0,3931.93,116.59,39028.94,11.190418
2019-07-14,6,520843.584391,387298.08266,133545.501732,0.0,0.0,0.0,3044.54,99.45,39464.45,13.197792
2019-07-14,7,587651.746968,420676.920772,166974.826196,0.0,0.0,0.0,2598.8,84.29,41982.79,13.997444
2019-07-14,8,698000.785786,521868.906629,176131.879157,0.0,0.0,0.0,3487.11,27.88,45440.27,15.360842
2019-07-14,9,716031.009787,521862.836629,194168.173158,0.0,0.0,0.0,4871.6,0.0,48901.36,14.642354
2019-07-14,10,799074.679006,596883.714644,202190.964362,0.0,0.0,0.0,6990.49,0.0,51976.73,15.3737
2019-07-14,11,824750.292244,604598.994643,220151.297601,0.0,0.0,0.0,8275.971629,320.048371,54623.84,15.098724
2019-07-14,12,868436.192131,645369.476994,223066.715137,0.0,0.0,0.0,9655.19789,855.17211,56785.13,15.293373
2019-07-14,13,862422.130485,624285.363874,238136.766611,0.0,0.0,0.0,11143.203509,1246.786491,58613.88,14.713616
2019-07-14,14,874751.29648,624285.363874,250465.932606,0.0,0.0,0.0,12212.347672,1560.592328,59956.1,14.589863
2019-07-14,15,879933.483002,624285.363874,255648.119128,0.0,0.0,0.0,12557.90672,2078.59328,60582.97,14.524436
2019-07-14,16,867802.857078,623934.363874,243868.493203,0.0,0.0,0.0,13365.523892,1939.146108,60648.72,14.308676
2019-07-14,17,864796.903566,623934.363874,240862.539692,0.0,0.0,0.0,12818.850121,2153.349879,59998.76,14.41358
2019-07-14,18,834378.164221,624288.653874,210089.510347,0.0,0.0,0.0,12198.327235,1867.072765,58303.48,14.31095
2019-07-14,19,799080.42357,604599.504643,194480.918927,0.0,0.0,0.0,11135.325285,1920.294715,56302.4,14.192653
2019-07-14,20,741787.212863,529578.626628,212208.586235,0.0,0.0,0.0,9572.714854,753.505146,54829.44,13.528995
2019-07-14,21,722487.855357,529578.626628,192909.228729,0.0,0.0,0.0,7221.81,385.71,51662.58,13.984742
2019-07-14,22,653800.238401,493719.51716,160080.721241,0.0,0.0,0.0,6371.63,192.51,47861.44,13.660271
2019-07-14,23,573782.613118,426362.517044,147420.096075,0.0,0.0,0.0,5798.54,172.2,44643.81,12.852456
2019-07-15,0,521573.894951,393640.490951,127933.404,0.0,0.0,0.0,5397.72,157.76,42376.93,12.307968
2019-07-15,1,448421.005786,319531.094983,128889.910803,0.0,0.0,0.0,5247.12,146.82,40889.18,10.96674
2019-07-15,2,430155.140352,301191.614791,128963.525561,0.0,0.0,0.0,4808.93,128.66,40085.77,10.730869
2019-07-15,3,449652.865127,319534.384983,130118.480144,0.0,0.0,0.0,4385.251,62.569,40128.81,11.205238
2019-07-15,4,524521.887274,393640.490951,130881.396323,0.0,0.0,0.0,3906.85,97.19,41273.24,12.708522
2019-07-15,5,587558.714428,437836.514151,149722.200277,0.0,0.0,0.0,3148.66,50.33,42825.07,13.719971
2019-07-15,6,620194.04367,447354.780078,172839.263592,0.0,0.0,0.0,2794.47,47.71,44087.62,14.067306
2019-07-15,7,813377.432654,609954.657087,203422.775568,0.0,0.0,0.0,2932.72,88.69,46710.55,17.413142
2019-07-15,8,854309.030262,646057.925324,208251.104939,0.0,0.0,0.0,4527.22,85.86,50071.16,17.061898
2019-07-15,9,1083061.186657,862136.845003,220924.341654,0.0,0.0,0.0,6582.072975,94.547025,54072.28,20.029878
2019-07-15,10,1138719.715834,902904.037354,235815.67848,0.0,0.0,0.0,8492.77,86.15,57958.68,19.647095
2019-07-15,11,1242417.057588,958792.600362,283624.457226,0.0,0.0,0.0,9091.800052,555.839948,60949.24,20.384455
2019-07-15,12,3376298.89644,3084552.850712,291746.045728,0.0,0.0,0.0,9814.696,856.554,63453.36,53.209143
2019-07-15,13,3420673.254372,3117852.912262,302820.34211,0.0,0.0,0.0,10241.146523,1204.923477,65397.18,52.306128
2019-07-15,14,3487840.257807,3174404.202261,313436.055546,0.0,0.0,0.0,10369.685,1157.495,66693.35,52.296672
2019-07-15,15,3493233.17035,3174400.912261,318832.258089,0.0,0.0,0.0,10501.57232,943.82768,67592.95,51.680437
2019-07-15,16,3486426.018145,3174400.912261,312025.105884,0.0,0.0,0.0,10376.040188,734.769812,67206.93,51.87599
2019-07-15,17,3476059.193737,3174400.912261,301658.281476,0.0,0.0,0.0,9665.24586,208.30414,66069.01,52.612552
2019-07-15,18,3450428.711918,3174400.912261,276027.799657,0.0,0.0,0.0,8657.97,40.17,64167.76,53.771999
2019-07-15,19,3237755.424451,2970298.973174,267456.451277,0.0,0.0,0.0,8001.72,96.78,61822.29,52.371975
2019-07-15,20,3197751.700919,2949218.150053,248533.550865,0.0,0.0,0.0,7320.7,139.7,59859.91,53.42059
2019-07-15,21,3016183.151602,2808156.308389,208026.843213,0.0,0.0,0.0,7415.73,193.48,56186.66,53.681482
2019-07-15,22,2854652.279197,2687084.264601,167568.014596,0.0,0.0,0.0,8658.54,260.53,52152.75,54.736371
2019-07-15,23,2740002.154968,2594347.048365,145655.106603,0.0,0.0,0.0,8928.89,263.91,48731.58,56.226417
2019-07-16,0,2650505.265205,2516145.206818,134360.058387,0.0,0.0,0.0,9303.64,277.52,46230.97,57.331812
2019-07-16,1,2593919.172183,2473327.848991,120591.323192,0.0,0.0,0.0,9421.8,301.63,44375.39,58.454003
2019-07-16,2,2568883.753313,2446001.814301,122881.939012,0.0,0.0,0.0,9016.98,299.33,43366.81,59.236171
2019-07-16,3,2583157.767147,2462444.756218,120713.010929,0.0,0.0,0.0,8579.6,295.29,43270.64,59.697702
2019-07-16,4,2610005.165117,2477906.245193,132098.919924,0.0,0.0,0.0,8184.08,293.22,44487.54,58.668229
2019-07-16,5,2627913.02595,2477899.665193,150013.360758,0.0,0.0,0.0,8361.78,292.31,46043.63,57.07441
2019-07-16,6,2666924.787334,2513563.505612,153361.281723,0.0,0.0,0.0,8676.97,290.09,47176.66,56.530598
2019-07-16,7,2845215.777056,2679450.344892,165765.432164,0.0,0.0,0.0,9111.25,191.3,49740.1,57.20165
2019-07-16,8,2882198.177811,2710049.943939,172148.233872,0.0,0.0,0.0,12073.52,381.05,53360.68,54.01352
2019-07-16,9,3003883.479502,2806629.543363,197253.936139,0.0,0.0,0.0,12565.928749,2553.691251,57315.04,52.410039
2019-07-16,10,3175467.111044,2948332.581651,227134.529394,0.0,0.0,0.0,14568.47089,2437.72911,61068.65,51.998318
2019-07-16,11,3269706.454338,3024329.705502,245376.748836,0.0,0.0,0.0,15575.504,2584.306,64294.64,50.855039
2019-07-16,12,3339938.602845,3063476.797241,276461.805603,0.0,0.0,0.0,15064.45,3511.71,67297.6,49.629387
2019-07-16,13,3433591.308078,3141108.400361,292482.907717,0.0,0.0,0.0,15119.119647,3684.000353,69392.21,49.480933
2019-07-16,14,3453173.37522,3141101.820361,312071.554859,0.0,0.0,0.0,14527.628601,3973.441399,70260.69,49.148014
2019-07-16,15,3424134.037413,3120020.99724,304113.040173,0.0,0.0,0.0,15311.607115,3084.172885,70198.17,48.77811
2019-07-16,16,3428530.485112,3141105.110361,287425.374751,0.0,0.0,0.0,14848.752193,3474.217807,69506.02,49.327101
2019-07-16,17,3385214.561377,3084551.040362,300663.521015,0.0,0.0,0.0,14044.559681,3891.260319,68197.61,49.638317
2019-07-16,18,3318092.493892,3063470.217241,254622.27665,0.0,0.0,0.0,14191.918492,2534.361508,65928.08,50.328972
2019-07-16,19,3245925.026267,3022349.244891,223575.781376,0.0,0.0,0.0,13185.757055,2204.432945,63240.56,51.326633
2019-07-16,20,3062789.854648,2826981.872794,235807.981854,0.0,0.0,0.0,13264.810859,1537.409141,61157.03,50.080749
2019-07-16,21,2990591.124923,2792444.018185,198147.106738,0.0,0.0,0.0,12105.810077,884.299923,57274.79,52.21479
2019-07-16,22,2781883.24859,2608249.642447,173633.606144,0.0,0.0,0.0,11488.75,394.24,53044.88,52.443954
2019-07-16,23,2664522.342905,2507176.78424,157345.558665,0.0,0.0,0.0,11225.958859,441.351141,49603.32,53.716613
2019-07-17,0,2591850.48993,2454154.791392,137695.698537,0.0,0.0,0.0,10850.75,362.44,47072.32,55.061031
2019-07-17,1,2541733.344122,2409955.478192,131777.86593,0.0,0.0,0.0,10250.54,348.07,45296.46,56.113289
2019-07-17,2,2513564.829468,2391230.22892,122334.600549,0.0,0.0,0.0,10804.84,355.66,44193.06,56.876913
2019-07-17,3,2489104.117083,2371071.226887,118032.890196,0.0,0.0,0.0,11806.86,379.16,43877.19,56.728886
2019-07-17,4,2503748.418621,2380806.276377,122942.142244,0.0,0.0,0.0,12338.46,255.28,44747.0,55.953436
2019-07-17,5,2526856.827325,2389992.213627,136864.613698,0.0,0.0,0.0,12513.744,537.466,45949.54,54.991994
2019-07-17,6,2583641.955992,2450209.970718,133431.985273,0.0,0.0,0.0,12678.727289,919.012711,46989.67,54.98319
2019-07-17,7,2643587.199151,2471161.507991,172425.69116,0.0,0.0,0.0,12131.738,1585.172,49548.98,53.353009
2019-07-17,8,2780049.419157,2603870.644942,176178.774216,0.0,0.0,0.0,13813.260366,2047.309634,53027.94,52.426125
2019-07-17,9,2992005.424225,2819091.676942,172913.747283,0.0,0.0,0.0,15089.1389,2480.4811,56764.61,52.708993
2019-07-17,10,3115038.281783,2900178.578512,214859.703271,0.0,0.0,0.0,14718.077951,3548.902049,60362.17,51.605803
2019-07-17,11,3229634.531525,3004641.066271,224993.465254,0.0,0.0,0.0,15515.548876,4071.961124,63547.92,50.822034
2019-07-17,12,3283637.285722,3045401.678622,238235.6071,0.0,0.0,0.0,16002.377343,4172.452657,66288.57,49.535497
2019-07-17,13,3334752.370249,3063476.797241,271275.573007,0.0,0.0,0.0,16016.932006,3881.197994,68067.69,48.991708
2019-07-17,14,3417414.087107,3120024.28724,297389.799867,0.0,0.0,0.0,15027.287,5008.903,69202.87,49.382549
2019-07-17,15,3429023.98637,3120020.99724,309002.98913,0.0,0.0,0.0,14868.309484,4551.080516,69757.24,49.156532
2019-07-17,16,3434167.911618,3120020.99724,314146.914378,0.0,0.0,0.0,14283.581795,3565.108205,69469.94,49.433869
2019-07-17,17,3396605.023613,3120020.99724,276584.026372,0.0,0.0,0.0,14569.266139,3032.263861,68088.15,49.885406
2019-07-17,18,3292455.935287,3042657.045693,249798.889593,0.0,0.0,0.0,14053.570901,2441.589099,65737.02,50.085263
2019-07-17,19,3254517.246598,3042657.045693,211860.200904,0.0,0.0,0.0,13239.62357,2260.30643,62972.64,51.681448
2019-07-17,20,1102077.257998,896939.534891,205137.723108,0.0,0.0,0.0,14120.074829,2039.235171,60836.04,18.115532
2019-07-17,21,928019.928951,749385.085803,178634.843148,0.0,0.0,0.0,14259.792128,1265.637872,57111.88,16.249157
2019-07-17,22,687673.988851,516148.599551,171525.389299,0.0,0.0,0.0,13279.72,431.35,53017.67,12.970657
2019-07-17,23,597154.439426,468579.019015,128575.420411,0.0,0.0,0.0,14678.012656,919.207344,49496.08,12.064681
2019-07-18,0,551815.142313,442830.272041,108984.870273,0.0,0.0,0.0,15195.265956,1441.534044,46948.2,11.753702
2019-07-18,1,431020.929254,313481.96118,117538.968074,0.0,0.0,0.0,14880.02755,2000.79245,45013.87,9.575292
2019-07-18,2,424174.057245,322576.447963,101597.609283,0.0,0.0,0.0,14526.412606,2193.687394,43742.53,9.697063
2019-07-18,3,394053.66397,278370.554763,115683.109207,0.0,0.0,0.0,13289.41,3101.73,43442.1,9.070778
2019-07-18,4,431186.116409,322573.157963,108612.958446,0.0,0.0,0.0,13825.365394,2164.384606,44319.33,9.729076
2019-07-18,5,448827.432571,322569.867963,126257.564608,0.0,0.0,0.0,14018.589022,2050.160978,45502.32,9.863836
2019-07-18,6,496102.190655,365207.838502,130894.352153,0.0,0.0,0.0,14039.13846,1943.86154,46575.54,10.651561
2019-07-18,7,591264.066904,440215.556517,151048.510386,0.0,0.0,0.0,13657.366312,1974.423688,49291.73,11.995198
2019-07-18,8,696400.81736,529272.3011,167128.516261,0.0,0.0,0.0,14544.974976,2139.345024,52763.93,13.198426
2019-07-18,9,882556.811596,676799.920188,205756.891408,0.0,0.0,0.0,13940.789,3441.411,56373.89,15.655418
2019-07-18,10,1116929.174431,911660.30705,205268.867381,0.0,0.0,0.0,14713.056,3433.814,59937.36,18.634941
2019-07-18,11,1154674.597302,919369.51705,235305.080252,0.0,0.0,0.0,14661.866752,4824.923248,63083.7,18.30385
2019-07-18,12,1192051.539138,940450.850171,251600.688967,0.0,0.0,0.0,15701.251646,4503.998354,66007.74,18.059269
2019-07-18,13,1267030.468103,997001.630169,270028.837934,0.0,0.0,0.0,16593.631,3753.439,68366.21,18.532993
2019-07-18,14,1279146.834717,996998.340169,282148.494547,0.0,0.0,0.0,17373.205914,3401.024086,69847.97,18.3133
2019-07-18,15,1281636.476256,996719.593034,284916.883222,0.0,0.0,0.0,17577.392118,2768.597882,70127.05,18.275922
2019-07-18,16,1295633.678969,1015344.400361,280289.278607,0.0,0.0,0.0,16747.849648,2726.470352,69673.5,18.595789
2019-07-18,17,1292768.733524,1015337.820361,277430.913162,0.0,0.0,0.0,15433.891185,3185.988815,68348.51,18.914366
2019-07-18,18,1224654.438081,958787.040362,265867.397719,0.0,0.0,0.0,14108.699295,3267.650705,66087.58,18.53078
2019-07-18,19,1188713.591234,949268.774436,239444.816799,0.0,0.0,0.0,13479.65744,2230.24256,63266.53,18.78898
2019-07-18,20,1118281.986824,905768.337515,212513.649309,0.0,0.0,0.0,14165.866372,2142.523628,61251.54,18.257206
2019-07-18,21,915234.571673,736888.230881,178346.340791,0.0,0.0,0.0,15315.18178,1879.78822,57571.84,15.897261
2019-07-18,22,687629.296565,524973.103816,162656.192748,0.0,0.0,0.0,15125.499383,1054.310617,53389.68,12.879442
2019-07-18,23,581213.812706,444359.117167,136854.69554,0.0,0.0,0.0,15045.531411,1145.698589,49910.36,11.645154
2019-07-19,0,538046.048388,419179.268466,118866.779922,0.0,0.0,0.0,14558.762731,1251.487269,47261.08,11.384548
2019-07-19,1,446302.88368,325436.431178,120866.452501,0.0,0.0,0.0,14159.631979,1125.168021,45289.96,9.854345
2019-07-19,2,430283.118961,322756.38067,107526.738291,0.0,0.0,0.0,14207.553346,1040.946654,43959.19,9.78824
2019-07-19,3,418056.71715,312033.889219,106022.827931,0.0,0.0,0.0,14105.536185,1133.953815,43446.14,9.622413
2019-07-19,4,432055.023926,320366.099619,111688.924307,0.0,0.0,0.0,13742.54,1167.8,44025.17,9.813818
2019-07-19,5,446890.661504,324565.139618,122325.521886,0.0,0.0,0.0,14072.560804,1058.979196,44961.79,9.939343
2019-07-19,6,480040.478245,350278.439879,129762.038366,0.0,0.0,0.0,13877.514,1240.216,46030.44,10.428761
2019-07-19,7,597808.938892,444347.025845,153461.913047,0.0,0.0,0.0,13847.751,1078.509,48871.91,12.232158
2019-07-19,8,681772.157489,508452.549552,173319.607937,0.0,0.0,0.0,14229.455058,2199.654942,52541.94,12.975771
2019-07-19,9,928074.995745,729828.493035,198246.50271,0.0,0.0,0.0,13510.497,3731.553,56331.37,16.475278
2019-07-19,10,1085052.954789,870883.754699,214169.20009,0.0,0.0,0.0,14384.990272,3480.299728,59885.97,18.11865
2019-07-19,11,1152975.44368,919021.80705,233953.63663,0.0,0.0,0.0,14754.969735,4603.370265,63106.04,18.270445
2019-07-19,12,1195988.333189,940454.140171,255534.193018,0.0,0.0,0.0,15420.376372,4726.063628,66013.89,18.117222
2019-07-19,13,1282039.312608,1015344.400361,266694.912247,0.0,0.0,0.0,16136.660449,4105.009551,68188.74,18.801335
2019-07-19,14,1291916.011872,1015337.820361,276578.191511,0.0,0.0,0.0,16966.343526,3808.806474,69487.28,18.592122
2019-07-19,15,1279156.935608,996998.340169,282158.595439,0.0,0.0,0.0,17491.655905,2925.904095,69929.8,18.292015
2019-07-19,16,1292452.746041,1015341.110361,277111.63568,0.0,0.0,0.0,16715.691345,2918.128655,69414.98,18.619219
2019-07-19,17,1290150.259975,1015337.820361,274812.439614,0.0,0.0,0.0,15207.976117,3505.823883,67926.41,18.993353
2019-07-19,18,1257694.224699,1015337.820361,242356.404338,0.0,0.0,0.0,14388.904189,2859.165811,65277.56,19.266869
2019-07-19,19,1125218.562608,896936.244891,228282.317717,0.0,0.0,0.0,13569.129679,2144.800321,62426.92,18.024573
2019-07-19,20,1090521.342945,896088.599481,194432.743464,0.0,0.0,0.0,14393.709699,1910.640301,60381.44,18.060539
2019-07-19,21,897349.363849,726711.573532,170637.790317,0.0,0.0,0.0,15132.045306,1883.044694,57007.43,15.740919
2019-07-19,22,701500.385904,540979.137879,160521.248025,0.0,0.0,0.0,14185.762542,907.857458,53389.42,13.139315
2019-07-19,23,589711.083128,455426.922416,134284.160712,0.0,0.0,0.0,14327.840278,1122.479722,49980.25,11.798882
2019-07-20,0,511499.172635,385251.935276,126247.237359,0.0,0.0,0.0,14024.018642,1243.051358,47364.0,10.799324
2019-07-20,1,488171.264831,376416.998026,111754.266805,0.0,0.0,0.0,13451.553287,1357.676713,45380.27,10.757346
2019-07-20,2,414813.113751,301396.120011,113416.99374,0.0,0.0,0.0,12501.715257,2353.914743,43938.6,9.440745
2019-07-20,3,397291.151991,289977.314762,107313.837229,0.0,0.0,0.0,12694.583338,2185.656662,43016.52,9.235781
2019-07-20,4,382674.530958,276247.489628,106427.04133,0.0,0.0,0.0,12987.340541,1856.479459,42642.76,8.973963
2019-07-20,5,383642.684601,276247.489628,107395.194973,0.0,0.0,0.0,12747.08619,2071.02381,42508.11,9.025164
2019-07-20,6,441500.53908,341997.96621,99502.57287,0.0,0.0,0.0,12966.744914,1534.895086,43089.51,10.246126
2019-07-20,7,515360.769017,383816.465476,131544.303541,0.0,0.0,0.0,12450.310428,1281.299572,46244.45,11.144273
2019-07-20,8,640955.804076,482645.410313,158310.393763,0.0,0.0,0.0,13033.576647,3014.453353,50225.5,12.761561
2019-07-20,9,862520.769479,686252.328441,176268.441039,0.0,0.0,0.0,14541.468158,2680.801842,54287.06,15.888147
2019-07-20,10,1024063.45855,828306.876728,195756.581823,0.0,0.0,0.0,14915.583642,3011.136358,57975.86,17.663618
2019-07-20,11,1096859.674123,881322.799575,215536.874548,0.0,0.0,0.0,15393.736,3814.984,61208.96,17.91992
2019-07-20,12,3246384.477071,3007085.319925,239299.157146,0.0,0.0,0.0,15614.313858,4235.366142,63865.9,50.831265
2019-07-20,13,3252491.06185,3022726.035693,229765.026157,0.0,0.0,0.0,17092.193469,2843.426531,65789.4,49.43792
2019-07-20,14,3274508.731165,3023976.435502,250532.295663,0.0,0.0,0.0,16669.552177,3560.907823,67143.75,48.76863
2019-07-20,15,3294851.910168,3023966.565502,270885.344666,0.0,0.0,0.0,16513.328,3443.332,67839.48,48.568354
2019-07-20,16,3296042.825354,3024320.855502,271721.969852,0.0,0.0,0.0,16089.706021,2919.823979,67481.34,48.843767
2019-07-20,17,3288559.981326,3042660.335693,245899.645632,0.0,0.0,0.0,14992.497529,3222.892471,66084.88,49.762669
2019-07-20,18,3252229.32448,3042657.045693,209572.278787,0.0,0.0,0.0,14549.701852,2456.738148,63726.25,51.034375
2019-07-20,19,3107030.163696,2878698.982319,228331.181378,0.0,0.0,0.0,13436.332938,2114.057062,60966.09,50.963251
2019-07-20,20,3071877.136657,2878698.982319,193178.154339,0.0,0.0,0.0,13965.397329,2023.852671,59058.5,52.014141
2019-07-20,21,2991412.531371,2825676.989471,165735.5419,0.0,0.0,0.0,13548.982619,1523.007381,55747.5,53.66003
2019-07-20,22,2801870.866008,2650986.080926,150884.785082,0.0,0.0,0.0,13358.811744,834.568256,52324.78,53.547686
2019-07-20,23,2607325.959435,2469681.490741,137644.468693,0.0,0.0,0.0,13534.219168,742.810832,49075.66,53.128699
2019-07-21,0,2628580.46304,2519171.520057,109408.942984,0.0,0.0,0.0,13326.473908,741.556092,46439.46,56.602305
2019-07-21,1,2527295.329479,2415753.510458,111541.819021,0.0,0.0,0.0,13065.452854,702.997146,44363.83,56.967474
2019-07-21,2,2476098.595673,2370608.724862,105489.870811,0.0,0.0,0.0,13319.080447,750.009553,42713.98,57.969278
2019-07-21,3,2453511.567287,2356264.765563,97246.801724,0.0,0.0,0.0,13411.095266,716.904734,41504.43,59.11445
2019-07-21,4,2438623.814496,2342936.346811,95687.467684,0.0,0.0,0.0,13135.016656,736.713344,40766.79,59.818882
2019-07-21,5,2438136.182835,2342936.346811,95199.836024,0.0,0.0,0.0,12747.826407,578.973593,40240.24,60.589504
2019-07-21,6,2488958.296844,2395017.72521,93940.571633,0.0,0.0,0.0,11630.804176,475.805824,40630.57,61.258267
2019-07-21,7,2541943.844776,2412792.00016,129151.844615,0.0,0.0,0.0,10158.24,426.26,43551.66,58.366176
2019-07-21,8,2622426.059724,2473938.345384,148487.71434,0.0,0.0,0.0,11730.827198,671.822802,47523.57,55.181588
2019-07-21,9,2701604.591085,2521750.758393,179853.832692,0.0,0.0,0.0,13699.568208,1073.081792,51600.94,52.355724
2019-07-21,10,2818900.931239,2635251.534275,183649.396964,0.0,0.0,0.0,15639.602837,1032.407163,55503.29,50.787997
2019-07-21,11,3024540.018488,2802210.533889,222329.4846,0.0,0.0,0.0,14164.589639,2885.720361,59188.47,51.100155
2019-07-21,12,3188214.609545,2944667.326575,243547.28297,0.0,0.0,0.0,14189.25898,2275.81102,62062.83,51.370758
2019-07-21,13,3284040.410862,3044864.129914,239176.280948,0.0,0.0,0.0,14334.173045,1936.036955,63835.75,51.445161
2019-07-21,14,3291203.681902,3044384.07265,246819.609251,0.0,0.0,0.0,14372.306379,1924.443621,65149.33,50.517844
2019-07-21,15,3307907.941639,3044380.78265,263527.158988,0.0,0.0,0.0,14254.750183,1889.249817,65720.65,50.332855
2019-07-21,16,3322857.050633,3044380.78265,278476.267983,0.0,0.0,0.0,13710.845443,1778.304557,65732.03,50.551566
2019-07-21,17,3299392.87051,3045134.02705,254258.843461,0.0,0.0,0.0,13328.635068,1559.534932,64720.67,50.978967
2019-07-21,18,3267571.06072,3045130.73705,222440.32367,0.0,0.0,0.0,12738.505951,653.484049,62684.65,52.127133
2019-07-21,19,3165699.68261,2947685.946875,218013.735735,0.0,0.0,0.0,11356.740006,519.499994,60506.63,52.319881
2019-07-21,20,3134790.413924,2926869.485327,207920.928596,0.0,0.0,0.0,10095.88,492.98,58706.41,53.397754
2019-07-21,21,3066121.888409,2878698.982319,187422.90609,0.0,0.0,0.0,9172.91,422.64,55180.61,55.565205
2019-07-21,22,2956701.319423,2800870.602238,155830.717185,0.0,0.0,0.0,9173.74,359.11,51142.0,57.813565
2019-07-21,23,2759693.404087,2615954.142703,143739.261384,0.0,0.0,0.0,8420.44,293.4,47651.68,57.913874
2019-07-22,0,2688314.762455,2554191.953072,134122.809382,0.0,0.0,0.0,8096.315274,257.244726,45039.69,59.687684
2019-07-22,1,2664686.359754,2549992.913073,114693.446681,0.0,0.0,0.0,8103.32,197.78,43308.03,61.52869
2019-07-22,2,2653209.513486,2533553.261156,119656.252329,0.0,0.0,0.0,7230.22,135.86,42291.59,62.736102
2019-07-22,3,2672469.301804,2554198.533072,118270.768732,0.0,0.0,0.0,6423.22,88.19,42071.67,63.521826
2019-07-22,4,2708459.899418,2575739.826455,132720.072963,0.0,0.0,0.0,5451.21,54.89,43064.93,62.892472
2019-07-22,5,2790408.476722,2647101.299494,143307.177228,0.0,0.0,0.0,4200.28,42.69,44573.81,62.601974
2019-07-22,6,2825390.231318,2662143.947415,163246.283904,0.0,0.0,0.0,3406.42,65.66,45651.26,61.890739
2019-07-22,7,2866893.789068,2671662.213342,195231.575726,0.0,0.0,0.0,3079.39,137.61,47961.13,59.77536
2019-07-22,8,3010227.905418,2811698.866105,198529.039313,0.0,0.0,0.0,4791.44,359.05,51287.98,58.692659
2019-07-22,9,3038193.98952,2811688.996105,226504.993415,0.0,0.0,0.0,6666.705012,1416.734988,54837.6,55.403482
2019-07-22,10,3107060.300095,2867404.135145,239656.16495,0.0,0.0,0.0,9012.516291,1280.293709,58455.53,53.152547
2019-07-22,11,3178437.54788,2915352.939879,263084.608001,0.0,0.0,0.0,10800.101001,2701.798999,61530.18,51.656562
2019-07-22,12,3151866.354086,2895981.978153,255884.375933,0.0,0.0,0.0,13248.259162,3523.570838,63655.2,49.514672
2019-07-22,13,3152338.61264,2897017.259687,255321.352952,0.0,0.0,0.0,14996.437494,3606.012506,65034.24,48.471984
2019-07-22,14,3180261.810778,2897586.157962,282675.652816,0.0,0.0,0.0,14400.535131,4842.484869,65757.97,48.363139
2019-07-22,15,3189704.864211,2897579.577962,292125.28625,0.0,0.0,0.0,14287.191411,4865.528589,65759.43,48.505665
2019-07-22,16,3288170.270384,3035615.251123,252555.019262,0.0,0.0,0.0,15279.149973,3366.420027,65077.35,50.527108
2019-07-22,17,3251200.831343,3034293.618449,216907.212894,0.0,0.0,0.0,14762.8849,3361.1251,63629.76,51.095601
2019-07-22,18,1113560.663003,909282.862849,204277.800154,0.0,0.0,0.0,14586.179643,2395.920357,61345.72,18.152214
2019-07-22,19,1016908.364373,816873.592374,200034.771999,0.0,0.0,0.0,13275.033634,2071.926366,59105.01,17.205113
2019-07-22,20,869751.434129,676032.938984,193718.495144,0.0,0.0,0.0,13698.178139,1939.071861,57021.07,15.253159
2019-07-22,21,784402.65561,632176.00238,152226.65323,0.0,0.0,0.0,14106.015097,1734.994903,53155.77,14.756679
2019-07-22,22,691843.806725,564146.45998,127697.346746,0.0,0.0,0.0,13358.698088,1486.271912,49074.97,14.097692
2019-07-22,23,571436.537188,458763.629168,112672.90802,0.0,0.0,0.0,13005.9371,1453.7029,45623.37,12.525084
2019-07-23,0,503040.429116,398345.852326,104694.576791,0.0,0.0,0.0,12498.810738,1459.439262,43259.65,11.628398
2019-07-23,1,474266.832386,376801.268943,97465.563443,0.0,0.0,0.0,11811.32806,790.63194,41570.16,11.408829
2019-07-23,2,456672.184332,363029.836752,93642.34758,0.0,0.0,0.0,11511.188771,532.511229,40501.98,11.275305
2019-07-23,3,456178.414371,363026.546752,93151.867619,0.0,0.0,0.0,11108.89,495.7,40301.85,11.319044
2019-07-23,4,490399.692534,395623.985452,94775.707082,0.0,0.0,0.0,10763.78,426.31,41180.62,11.908507
2019-07-23,5,529686.135378,415139.794242,114546.341136,0.0,0.0,0.0,9597.53,338.24,42518.84,12.457681
2019-07-23,6,594917.70587,469857.922612,125059.783258,0.0,0.0,0.0,8093.299,185.921,43468.49,13.686183
2019-07-23,7,658452.767577,514044.075812,144408.691766,0.0,0.0,0.0,6826.419,188.761,45294.29,14.537214
2019-07-23,8,668567.626038,514040.785812,154526.840226,0.0,0.0,0.0,9437.51,581.62,47680.95,14.021693
2019-07-23,9,751334.498477,579543.3979,171791.100577,0.0,0.0,0.0,11582.281611,1562.598389,50318.1,14.931695
2019-07-23,10,770901.472425,587258.6779,183642.794525,0.0,0.0,0.0,13426.703889,1307.086111,52757.17,14.61226
2019-07-23,11,969079.497234,781345.802411,187733.694823,0.0,0.0,0.0,13066.951185,3210.768815,54948.96,17.635993
2019-07-23,12,981119.874855,781339.732411,199780.142444,0.0,0.0,0.0,12916.953451,3807.846549,56879.01,17.249243
2019-07-23,13,1018218.331457,805161.458404,213056.873053,0.0,0.0,0.0,13416.723745,3591.446255,58379.04,17.441505
2019-07-23,14,1088589.785381,857792.953151,230796.83223,0.0,0.0,0.0,13195.557944,4741.572056,59780.67,18.209729
2019-07-23,15,1093479.173433,857783.593151,235695.580282,0.0,0.0,0.0,13192.77763,4750.53237,60554.48,18.057775
2019-07-23,16,1094951.550579,857783.593151,237167.957429,0.0,0.0,0.0,13124.305,4178.115,60522.55,18.091629
2019-07-23,17,1069435.824701,857783.593151,211652.23155,0.0,0.0,0.0,12999.964064,3307.275936,59334.91,18.02372
2019-07-23,18,904736.66553,709384.788653,195351.876877,0.0,0.0,0.0,12705.133811,1837.696189,57070.56,15.852949
2019-07-23,19,875487.238815,694952.717374,180534.521441,0.0,0.0,0.0,10640.103509,991.256491,54706.64,16.003309
2019-07-23,20,813797.021561,619925.259359,193871.762203,0.0,0.0,0.0,8636.820103,626.659897,52748.27,15.427938
2019-07-23,21,800471.080243,638268.029551,162203.050693,0.0,0.0,0.0,6099.29,393.7,49014.69,16.331248
2019-07-23,22,727023.324059,575048.298621,151975.025438,0.0,0.0,0.0,4395.44,271.21,45014.94,16.150712
2019-07-23,23,519327.492641,380964.46411,138363.028531,0.0,0.0,0.0,4565.66,276.13,41679.3,12.460082
2019-07-24,0,459280.97827,344366.521208,114914.457062,0.0,0.0,0.0,4799.27,286.69,39329.67,11.677723
2019-07-24,1,388697.940487,281340.682759,107357.257728,0.0,0.0,0.0,5074.62,305.59,37673.71,10.317485
2019-07-24,2,373525.365852,265086.658544,108438.707308,0.0,0.0,0.0,4417.95,267.08,36619.88,10.200071
2019-07-24,3,382862.358275,274625.970568,108236.387707,0.0,0.0,0.0,3997.2,233.88,36414.33,10.514057
2019-07-24,4,416774.155239,301708.937543,115065.217696,0.0,0.0,0.0,3662.68,205.34,37324.89,11.166119
2019-07-24,5,450124.916503,315834.659734,134290.256769,0.0,0.0,0.0,3314.625,4.925,38714.95,11.626643
2019-07-24,6,505912.631355,360030.682934,145881.948422,0.0,0.0,0.0,3040.82,0.0,39623.72,12.767924
2019-07-24,7,617707.886833,455991.922125,161715.964708,0.0,0.0,0.0,3074.234,28.866,41798.24,14.778323
2019-07-24,8,638264.665122,471031.280046,167233.385077,0.0,0.0,0.0,4448.47,0.0,44514.29,14.338422
2019-07-24,9,672883.678855,486320.866734,186562.81212,0.0,0.0,0.0,6120.21,0.0,47462.83,14.177066
2019-07-24,10,724263.576928,534490.859743,189772.717184,0.0,0.0,0.0,8451.54,0.0,50238.18,14.416597
2019-07-24,11,910758.816087,728577.984255,182180.831832,0.0,0.0,0.0,9125.627624,524.732376,52796.38,17.250403
2019-07-24,12,913260.037797,713282.327566,199977.710231,0.0,0.0,0.0,9958.25882,997.67118,55342.44,16.501984
2019-07-24,13,1078084.050377,860836.266654,217247.783723,0.0,0.0,0.0,10803.493044,1350.346956,57476.37,18.756996
2019-07-24,14,1126523.267686,896942.824891,229580.442795,0.0,0.0,0.0,10944.22635,1484.20365,59322.15,18.989926
2019-07-24,15,1140282.157695,896936.244891,243345.912804,0.0,0.0,0.0,11070.580474,1444.889526,60529.92,18.838323
2019-07-24,16,1140267.548368,896936.244891,243331.303477,0.0,0.0,0.0,11300.71585,1245.38415,60590.2,18.81934
2019-07-24,17,1133426.76308,896936.244891,236490.518189,0.0,0.0,0.0,10278.612879,633.487121,59247.59,19.130344
2019-07-24,18,1083688.957793,876123.073343,207565.88445,0.0,0.0,0.0,9008.23,123.73,56675.47,19.120952
2019-07-24,19,1007183.773987,809197.47853,197986.295457,0.0,0.0,0.0,7681.57,128.25,53788.62,18.724849
2019-07-24,20,942927.04936,734179.890515,208747.158845,0.0,0.0,0.0,5652.36,128.32,51359.33,18.359411
2019-07-24,21,904438.366316,734179.890515,170258.475801,0.0,0.0,0.0,4295.4,128.59,47580.72,19.008505
2019-07-24,22,802536.316339,674934.639394,127601.676945,0.0,0.0,0.0,4281.83,129.04,43408.03,18.488199
2019-07-24,23,578480.680081,452993.058764,125487.621317,0.0,0.0,0.0,3833.45,113.96,40024.65,14.45311
2019-07-25,0,548930.7006,444252.861981,104677.83862,0.0,0.0,0.0,3618.35,102.78,37537.0,14.623723
2019-07-25,1,368176.880652,261967.948203,106208.932449,0.0,0.0,0.0,3624.99,95.34,35835.54,10.274071
2019-07-25,2,355630.424351,252431.92618,103198.498171,0.0,0.0,0.0,3259.66,73.47,34752.51,10.23323
2019-07-25,3,352325.021099,252431.92618,99893.094919,0.0,0.0,0.0,3411.69,82.11,34563.0,10.193705
2019-07-25,4,372329.764779,267776.353179,104553.4116,0.0,0.0,0.0,4002.73,122.44,35681.4,10.434842
2019-07-25,5,390122.620439,267766.483179,122356.13726,0.0,0.0,0.0,4033.68,44.73,37128.71,10.507303
2019-07-25,6,478974.77761,359861.325193,119113.452418,0.0,0.0,0.0,3968.871,118.439,38264.01,12.517632
2019-07-25,7,506493.630782,369043.972442,137449.65834,0.0,0.0,0.0,4043.85,165.03,40519.29,12.500062
2019-07-25,8,582489.159413,441623.121742,140866.037671,0.0,0.0,0.0,5910.22,173.76,43427.98,13.412762
2019-07-25,9,593350.996522,441613.761742,151737.23478,0.0,0.0,0.0,7817.897152,273.522848,46508.33,12.757951
2019-07-25,10,660765.224623,504159.135134,156606.089489,0.0,0.0,0.0,9883.958,338.902,49351.18,13.389046
2019-07-25,11,752135.120835,572227.065902,179908.054933,0.0,0.0,0.0,9693.015643,1124.154357,52153.76,14.421494
2019-07-25,12,923071.360489,713006.36043,210065.000059,0.0,0.0,0.0,10177.59235,1524.36765,55114.2,16.74834
2019-07-25,13,970744.069214,749112.918667,221631.150547,0.0,0.0,0.0,10836.853621,1668.856379,57646.51,16.839598
2019-07-25,14,1133670.155598,896942.314891,236727.840707,0.0,0.0,0.0,11041.81983,2053.67017,59686.29,18.993812
2019-07-25,15,1141779.394478,896936.244891,244843.149587,0.0,0.0,0.0,11321.538857,2142.181143,60934.39,18.737849
2019-07-25,16,1137382.479363,896936.244891,240446.234473,0.0,0.0,0.0,11553.361575,2058.878425,60967.33,18.655606
2019-07-25,17,1120573.216841,896306.497755,224266.719086,0.0,0.0,0.0,11122.057119,1685.482881,59603.23,18.800545
2019-07-25,18,1064864.423972,875275.427933,189588.99604,0.0,0.0,0.0,10669.110604,898.539396,57220.23,18.609929
2019-07-25,19,967656.846704,785189.441503,182467.405201,0.0,0.0,0.0,9678.364644,871.245356,54565.87,17.733738
2019-07-25,20,917085.900855,734186.470515,182899.430341,0.0,0.0,0.0,8293.612329,523.577671,52417.64,17.49575
2019-07-25,21,874816.595194,726464.100515,148352.494679,0.0,0.0,0.0,6920.24,390.52,48688.68,17.967556
2019-07-25,22,740996.11346,609530.080459,131466.033001,0.0,0.0,0.0,6650.32,329.16,44734.98,16.564132
2019-07-25,23,658335.455364,538168.607419,120166.847944,0.0,0.0,0.0,5755.67,298.0,41222.83,15.970166
2019-07-26,0,629234.949222,522710.408445,106524.540777,0.0,0.0,0.0,5158.18,270.93,38679.4,16.26796
2019-07-26,1,589440.503359,482840.865147,106599.638211,0.0,0.0,0.0,4790.01,246.08,36952.6,15.951259
2019-07-26,2,579249.026556,473304.843124,105944.183432,0.0,0.0,0.0,4172.98,219.37,35928.46,16.122289
2019-07-26,3,577521.340579,473304.843124,104216.497455,0.0,0.0,0.0,4048.42,217.84,35629.38,16.209132
2019-07-26,4,594228.271265,488769.622098,105458.649167,0.0,0.0,0.0,4297.44,238.46,36500.29,16.280097
2019-07-26,5,614521.454154,496174.052098,118347.402056,0.0,0.0,0.0,4173.92,233.74,37790.3,16.261354
2019-07-26,6,657678.966007,538181.767419,119497.198587,0.0,0.0,0.0,4156.13,231.85,38904.99,16.904746
2019-07-26,7,703180.523186,571560.605532,131619.917654,0.0,0.0,0.0,4296.67,236.81,41451.7,16.963852
2019-07-26,8,759013.468736,615756.628732,143256.840004,0.0,0.0,0.0,5850.08,254.32,44752.69,16.960175
2019-07-26,9,839180.834311,676497.191579,162683.642732,0.0,0.0,0.0,7618.753904,301.416096,48558.21,17.281956
2019-07-26,10,921401.267011,733338.315105,188062.951906,0.0,0.0,0.0,9635.588785,197.201215,52060.37,17.698708
2019-07-26,11,1020310.730985,822896.04541,197414.685576,0.0,0.0,0.0,9987.812601,993.007399,54954.44,18.566484
2019-07-26,12,1067523.824351,844459.171357,223064.652994,0.0,0.0,0.0,10276.11592,1596.02408,57697.84,18.501972
2019-07-26,13,1124025.486274,885225.853708,238799.632566,0.0,0.0,0.0,10796.378771,1673.331229,59892.35,18.76743
2019-07-26,14,1196838.328926,936861.351832,259976.977095,0.0,0.0,0.0,11046.288557,1971.621443,61553.04,19.444017
2019-07-26,15,1198746.80864,937361.797242,261385.011398,0.0,0.0,0.0,11267.346471,2254.133529,62373.2,19.21894
2019-07-26,16,1179150.654845,937709.507242,241441.147603,0.0,0.0,0.0,11768.836707,2345.803293,61986.44,19.022719
2019-07-26,17,1128519.82643,896936.244891,231583.58154,0.0,0.0,0.0,11249.003255,1756.456745,60259.5,18.727667
2019-07-26,18,962383.589406,749385.085803,212998.503604,0.0,0.0,0.0,10632.878319,588.811681,57809.55,16.647485
2019-07-26,19,807244.115075,593033.65745,214210.457625,0.0,0.0,0.0,9116.3,290.75,55318.11,14.592764
2019-07-26,20,770281.501191,572220.485902,198061.01529,0.0,0.0,0.0,7789.68,280.1,53178.46,14.48484
2019-07-26,21,740567.741769,572220.485902,168347.255868,0.0,0.0,0.0,6802.62,283.01,49870.19,14.849908
2019-07-26,22,593143.748131,433986.456957,159157.291174,0.0,0.0,0.0,6839.11,299.05,46493.03,12.757692
2019-07-26,23,542207.103361,415646.976765,126560.126596,0.0,0.0,0.0,5856.5,288.5,43210.96,12.547907
2019-07-27,0,436495.226024,309685.473935,126809.752089,0.0,0.0,0.0,5311.59,289.8,40754.99,10.710228
2019-07-27,1,419078.096187,309685.473935,109392.622252,0.0,0.0,0.0,5103.5,306.6,38974.34,10.752667
2019-07-27,2,385822.133097,274622.680568,111199.452529,0.0,0.0,0.0,4601.614,176.416,37632.74,10.2523
2019-07-27,3,383105.482722,274622.680568,108482.802155,0.0,0.0,0.0,4181.24,219.38,36941.4,10.370627
2019-07-27,4,396584.176507,290087.459542,106496.716965,0.0,0.0,0.0,4029.92,197.59,37059.48,10.701288
2019-07-27,5,408181.417577,290080.879542,118100.538035,0.0,0.0,0.0,3323.04,124.76,37432.41,10.904492
2019-07-27,6,489087.392791,371459.358183,117628.034608,0.0,0.0,0.0,2893.81,82.33,38200.91,12.80303
2019-07-27,7,547343.397366,396016.98203,151326.415335,0.0,0.0,0.0,2751.07,63.11,41368.9,13.230794
2019-07-27,8,683625.677374,524056.562893,159569.114481,0.0,0.0,0.0,4505.32,81.02,45636.92,14.979663
2019-07-27,9,848285.792652,665114.604557,183171.188095,0.0,0.0,0.0,6597.51,102.67,50089.85,16.935283
2019-07-27,10,914034.787563,712934.107566,201100.679997,0.0,0.0,0.0,9008.200165,78.909835,53930.66,16.948333
2019-07-27,11,975077.405419,749394.955803,225682.449616,0.0,0.0,0.0,9987.502195,500.937805,57055.92,17.089855
2019-07-27,12,1133545.364949,896939.024891,236606.340058,0.0,0.0,0.0,10943.710318,1051.549682,59596.77,19.020248
2019-07-27,13,1180374.516934,937709.507242,242665.009692,0.0,0.0,0.0,11235.237609,1252.352391,61436.83,19.212816
2019-07-27,14,1199695.29246,937706.217242,261989.075219,0.0,0.0,0.0,11565.000164,1762.679836,62749.67,19.118751
2019-07-27,15,3317646.059189,3063472.027591,254174.031597,0.0,0.0,0.0,12031.75519,1619.46481,63556.23,52.200171
2019-07-27,16,3268420.900977,3011834.209118,256586.69186,0.0,0.0,0.0,11905.716826,1392.313174,63637.65,51.359862
2019-07-27,17,3242616.544408,2993494.728926,249121.815483,0.0,0.0,0.0,11537.776841,950.273159,62630.26,51.773959
2019-07-27,18,3155090.901938,2918477.140911,236613.761027,0.0,0.0,0.0,11274.038664,307.651336,60503.92,52.146884
2019-07-27,19,3097969.564638,2896049.938751,201919.625887,0.0,0.0,0.0,10434.334778,557.405222,58090.61,53.329954
2019-07-27,20,3062421.155722,2875233.477203,187187.678519,0.0,0.0,0.0,9564.06,318.17,56165.94,54.524524
2019-07-27,21,2867611.075074,2689972.322339,177638.752735,0.0,0.0,0.0,9049.24,304.08,53033.27,54.071926
2019-07-27,22,2797527.268478,2650118.531803,147408.736675,0.0,0.0,0.0,9395.48,295.37,49779.49,56.198392
2019-07-27,23,2706760.193035,2578757.058764,128003.134271,0.0,0.0,0.0,9390.38,249.75,46608.01,58.075
2019-07-28,0,2670577.439506,2565817.821981,104759.617524,0.0,0.0,0.0,9497.96,229.92,44025.28,60.66009
2019-07-28,1,2504260.485589,2388868.619045,115391.866544,0.0,0.0,0.0,9275.32,279.01,42105.85,59.475358
2019-07-28,2,2475551.110169,2365596.022996,109955.087173,0.0,0.0,0.0,8570.73,199.79,40752.06,60.74665
2019-07-28,3,2470296.185625,2365596.022996,104700.162629,0.0,0.0,0.0,8018.23,171.96,39899.35,61.913194
2019-07-28,4,2473290.987668,2369798.352995,103492.634672,0.0,0.0,0.0,7724.02,146.98,39704.68,62.292178
2019-07-28,5,2476778.283456,2369795.062995,106983.220461,0.0,0.0,0.0,7361.91,142.15,39719.53,62.356687
2019-07-28,6,2500478.795887,2391342.936378,109135.859509,0.0,0.0,0.0,7221.89,138.34,40176.8,62.236883
2019-07-28,7,2616716.135257,2485625.325192,131090.810065,0.0,0.0,0.0,6915.08,137.22,43226.54,60.534943
2019-07-28,8,2662505.388387,2515380.320633,147125.067754,0.0,0.0,0.0,9140.31,142.8,47518.58,56.030828
2019-07-28,9,2731631.550101,2568768.861083,162862.689019,0.0,0.0,0.0,11502.74,244.4,51590.45,52.948395
2019-07-28,10,2808791.941519,2621787.56393,187004.377589,0.0,0.0,0.0,13393.239532,491.940468,55285.3,50.805403
2019-07-28,11,2981612.66953,2769045.100882,212567.568647,0.0,0.0,0.0,12975.299437,1079.190563,57787.03,51.596572
2019-07-28,12,2993759.192181,2768817.842608,224941.349573,0.0,0.0,0.0,13006.07677,1312.52323,59610.74,50.221809
2019-07-28,13,3036668.358327,2804683.532076,231984.826251,0.0,0.0,0.0,13986.351715,1351.998285,60646.15,50.071907
2019-07-28,14,3195880.722999,2952383.116575,243497.606424,0.0,0.0,0.0,13761.285111,1505.034889,61916.83,51.615703
2019-07-28,15,3198099.252372,2952728.046575,245371.205797,0.0,0.0,0.0,13488.508023,1320.191977,63056.02,50.718381
2019-07-28,16,3233661.508085,2971067.526767,262593.981318,0.0,0.0,0.0,13570.70576,1106.42424,63749.24,50.724707
2019-07-28,17,3223942.027807,2971064.236767,252877.79104,0.0,0.0,0.0,12675.991955,1499.418045,63270.62,50.954804
2019-07-28,18,3194201.19237,2970216.591357,223984.601013,0.0,0.0,0.0,12250.601472,1377.928528,61604.1,51.850464
2019-07-28,19,3152238.747803,2949403.419809,202835.327994,0.0,0.0,0.0,11968.601176,1397.638824,59740.53,52.765497
2019-07-28,20,3113059.548096,2902090.43221,210969.115886,0.0,0.0,0.0,10746.589553,561.490447,58215.19,53.475039
2019-07-28,21,3018532.354657,2827062.974195,191469.380463,0.0,0.0,0.0,9807.62,343.26,54869.56,55.012877
2019-07-28,22,2937523.886229,2779493.393658,158030.49257,0.0,0.0,0.0,9684.722657,209.607343,50972.66,57.629401
2019-07-28,23,2733629.49758,2585409.559147,148219.938433,0.0,0.0,0.0,9261.89,168.08,47518.18,57.528077
2019-07-29,0,2660262.510525,2522870.765755,137391.74477,0.0,0.0,0.0,8757.94,144.32,45065.1,59.031546
2019-07-29,1,2623026.770618,2496681.401907,126345.368711,0.0,0.0,0.0,8589.720208,132.349792,43384.0,60.460695
2019-07-29,2,2604805.757452,2482555.679716,122250.077736,0.0,0.0,0.0,8424.68,131.85,42373.63,61.47233
2019-07-29,3,2598562.813547,2475284.012608,123278.800939,0.0,0.0,0.0,8544.091155,207.618845,42301.6,61.429421
2019-07-29,4,2629171.131356,2509495.658507,119675.472849,0.0,0.0,0.0,9084.837411,177.232589,43377.54,60.611347
2019-07-29,5,2660105.347169,2528734.056426,131371.290743,0.0,0.0,0.0,9006.76,197.22,44858.76,59.299574
2019-07-29,6,2714132.751971,2582122.596876,132010.155095,0.0,0.0,0.0,9115.0,230.82,45865.17,59.176337
2019-07-29,7,2746410.664376,2591637.572803,154773.091573,0.0,0.0,0.0,9140.44,268.08,48407.29,56.735477
2019-07-29,8,2956141.096023,2786196.496866,169944.599157,0.0,0.0,0.0,9453.172098,176.847902,52070.41,56.771996
2019-07-29,9,2985933.485673,2786183.846866,199749.638807,0.0,0.0,0.0,10002.34,106.47,55913.57,53.402662
2019-07-29,10,3046526.73975,2830011.755102,216514.984648,0.0,0.0,0.0,11422.78,50.02,58946.45,51.682955
2019-07-29,11,3121874.952953,2891859.770574,230015.182379,0.0,0.0,0.0,11611.785587,341.004413,61574.09,50.701114
2019-07-29,12,3156773.071756,2891103.236175,265669.835581,0.0,0.0,0.0,12453.967892,594.982108,64023.74,49.30629
2019-07-29,13,3228296.288111,2943495.268698,284801.019413,0.0,0.0,0.0,12620.098952,1350.871048,65432.65,49.337697
2019-07-29,14,3248715.360414,2943489.198698,305226.161716,0.0,0.0,0.0,12329.416,1491.774,66090.56,49.155513
2019-07-29,15,3387965.939996,3084553.820362,303412.119634,0.0,0.0,0.0,11928.849,1865.731,66084.99,51.2668
2019-07-29,16,3360104.55337,3084551.040362,275553.513008,0.0,0.0,0.0,11743.517997,1639.912003,65274.51,51.476519
2019-07-29,17,3317079.480797,3042657.045693,274422.435104,0.0,0.0,0.0,11252.602764,812.477236,64090.66,51.756051
2019-07-29,18,3310545.985828,3063741.158814,246804.827014,0.0,0.0,0.0,10439.22,47.59,62160.01,53.258453
2019-07-29,19,1196160.852941,937973.868814,258186.984127,0.0,0.0,0.0,9068.966281,54.213719,60494.45,19.773068
2019-07-29,20,1164069.283716,922684.282125,241385.001591,0.0,0.0,0.0,8083.8,78.0,58587.14,19.869024
2019-07-29,21,971517.222692,775133.123037,196384.099654,0.0,0.0,0.0,7949.78,131.24,54838.29,17.716038
2019-07-29,22,858811.75555,709798.946839,149012.808711,0.0,0.0,0.0,8894.47,217.89,50766.96,16.916746
2019-07-29,23,696647.210949,559441.468833,137205.742117,0.0,0.0,0.0,8491.11,128.19,47361.07,14.709279
2019-07-30,0,631623.743696,506419.475985,125204.267711,0.0,0.0,0.0,8129.37,68.79,44797.36,14.099575
2019-07-30,1,590754.243214,473919.847615,116834.395599,0.0,0.0,0.0,7722.41,33.82,43040.13,13.725661
2019-07-30,2,576353.004978,458012.618175,118340.386803,0.0,0.0,0.0,7055.4,30.31,42006.26,13.720646
2019-07-30,3,585218.817455,464733.910366,120484.907089,0.0,0.0,0.0,6623.33,52.09,41837.01,13.988065
2019-07-30,4,621972.67457,498149.619464,123823.055106,0.0,0.0,0.0,6526.803,80.177,42888.23,14.502176
2019-07-30,5,640351.042748,498139.749464,142211.293285,0.0,0.0,528.34,6119.15,0.0,44517.9,14.384125
2019-07-30,6,760055.510162,622942.889218,137112.620944,0.0,0.0,8.869,5782.3,0.0,45449.29,16.723155
2019-07-30,7,861836.720733,700438.004318,161398.716414,0.0,0.0,0.0,5177.294011,222.755989,48011.94,17.950467
2019-07-30,8,953285.924917,775452.812333,177833.112583,0.0,0.0,0.0,7087.32,172.86,51884.57,18.373207
2019-07-30,9,1193720.12951,989018.222672,204701.906838,0.0,0.0,0.0,8991.27,118.15,56222.58,21.232041
2019-07-30,10,1558487.141859,1332958.900776,225528.241083,0.0,0.0,0.0,10562.361982,221.998018,60412.44,25.797454
2019-07-30,11,1743264.129414,1493280.461075,249983.668339,0.0,0.0,0.0,9709.093959,470.856041,64290.17,27.115563
2019-07-30,12,1795185.069621,1508563.977764,286621.091856,0.0,0.0,0.0,9834.458118,977.521882,67366.34,26.648102
2019-07-30,13,1873998.347719,1565114.757763,308883.589956,0.0,0.0,0.0,10608.413,1316.607,69710.83,26.882456
2019-07-30,14,1872399.133393,1565111.467763,307287.66563,0.0,0.0,0.0,10842.515467,1604.154533,70810.81,26.442278
2019-07-30,15,1878224.348233,1565111.467763,313112.88047,0.0,0.0,0.0,11042.069797,1604.220203,70854.81,26.508071
2019-07-30,16,1868784.22129,1565111.467763,303672.753527,0.0,0.0,0.0,11367.525802,1475.124198,69742.05,26.795659
2019-07-30,17,1770661.594945,1493271.101075,277390.49387,0.0,0.0,0.0,11871.723741,1016.986259,67481.67,26.239149
2019-07-30,18,1656557.438412,1399068.822009,257488.616403,0.0,0.0,0.0,11984.478715,1063.961285,64446.99,25.704186
2019-07-30,19,1563292.469287,1329910.62064,233381.848647,0.0,0.0,0.0,10713.806305,2483.493695,61862.43,25.270467
2019-07-30,20,1517339.034963,1301114.00752,216225.027443,0.0,0.0,0.0,10298.8713,1109.5387,59466.1,25.516034
2019-07-30,21,1403701.30137,1225583.760343,178117.541027,0.0,0.0,0.0,9315.060006,519.499994,55428.76,25.324422
2019-07-30,22,1007785.086988,852280.391192,155504.695796,0.0,0.0,0.0,8689.7,396.56,51128.32,19.710898
2019-07-30,23,838478.463888,709336.591591,129141.872297,0.0,0.0,0.0,8164.65,365.54,47288.44,17.731151
2019-07-31,0,753424.089523,629234.921769,124189.167754,0.0,0.0,0.0,7661.42,336.16,44516.67,16.924538
2019-07-31,1,724061.027971,609973.41097,114087.617002,0.0,0.0,0.0,7356.42,313.07,42570.63,17.008464
2019-07-31,2,702830.632826,587636.292347,115194.34048,0.0,0.0,0.0,6760.78,274.67,41290.71,17.02152
2019-07-31,3,703715.997043,587636.292347,116079.704696,0.0,0.0,0.0,6263.53,244.45,40852.12,17.225936
2019-07-31,4,744645.022714,626134.487753,118510.534961,0.0,0.0,0.0,5901.3,219.16,41726.0,17.846068
2019-07-31,5,775325.070377,637978.408552,137346.661825,0.0,0.0,0.0,4978.756,11.884,43221.96,17.938221
2019-07-31,6,843260.308164,706049.62932,137210.678844,0.0,0.0,0.0,4114.177,64.923,44243.47,19.059543
2019-07-31,7,918977.572749,748866.477147,170111.095602,0.0,0.0,0.0,3515.054549,89.925451,46708.75,19.674634
2019-07-31,8,1048857.968975,872559.437254,176298.531721,0.0,0.0,0.0,4750.02,72.92,50288.54,20.856799
2019-07-31,9,1219384.933873,1013582.93652,205801.997353,0.0,0.0,0.0,6313.72,53.62,54673.03,22.303226
2019-07-31,10,1280873.724489,1034660.97964,246212.744848,0.0,0.0,0.0,8348.22,21.52,59174.95,21.64554
2019-07-31,11,1560469.091214,1251548.749939,308920.341276,0.0,0.0,0.0,9747.812,274.788,63011.42,24.764862
2019-07-31,12,1543499.970065,1266828.976627,276670.993437,0.0,0.0,0.0,10766.294893,1042.275107,66527.97,23.200768
2019-07-31,13,1611276.78513,1265951.472528,345325.312602,0.0,0.0,0.0,11901.550527,1555.959473,68866.19,23.397211
2019-07-31,14,1638876.627129,1265951.472528,372925.154602,0.0,0.0,0.0,12280.36454,1766.03546,69879.98,23.452735
2019-07-31,15,1676254.911864,1265951.472528,410303.439337,0.0,0.0,0.0,12743.061,1516.199,70333.51,23.832948
2019-07-31,16,1675931.485495,1266828.976627,409102.508868,0.0,0.0,0.0,12610.245131,1618.444869,70156.45,23.888488
2019-07-31,17,1558274.939035,1266825.686627,291449.252408,0.0,0.0,0.0,12554.212165,1589.857835,69002.04,22.583027
2019-07-31,18,1479068.151478,1194985.31994,284082.831538,0.0,0.0,0.0,11962.92073,1683.65927,66503.06,22.240603
2019-07-31,19,3518130.594865,3281931.74353,236198.851335,0.0,0.0,0.0,11109.835885,1650.034115,63843.54,55.105506
2019-07-31,20,3456586.042179,3240892.309256,215693.732923,0.0,0.0,0.0,10051.966337,778.383663,61328.71,56.36163
2019-07-31,21,3060932.483587,2838093.534245,222838.949342,0.0,0.0,0.0,8961.87,449.35,57135.22,53.573479
2019-07-31,22,2916313.454815,2733512.531372,182800.923443,0.0,0.0,0.0,8404.97,327.59,52676.87,55.362315
2019-07-31,23,2765134.917922,2608712.77478,156422.143142,0.0,0.0,0.0,7970.53,316.03,48797.27,56.665771
2019-08-01,0,2605916.788367,2454816.65091,151100.137457,0.0,0.0,0.0,7568.601,59.899,45848.31,56.837794
2019-08-01,1,2588909.754499,2454813.36091,134096.39359,0.0,0.0,0.0,6827.03,319.84,43724.22,59.20997
2019-08-01,2,2542155.769746,2411497.415817,130658.353929,0.0,0.0,0.0,6569.29,310.79,42328.84,60.057298
2019-08-01,3,2536399.005957,2411497.415817,124901.590141,0.0,0.0,0.0,6645.46,310.11,41816.99,60.654748
2019-08-01,4,2562063.882954,2436483.750718,125580.132236,0.0,0.0,0.0,6853.12,316.66,42573.58,60.179667
2019-08-01,5,2604146.922626,2451523.108639,152623.813987,0.0,0.0,0.0,5749.56,306.94,44064.72,59.098229
2019-08-01,6,2659460.465127,2504545.101486,154915.363641,0.0,0.0,0.0,4856.87,299.56,44846.36,59.30159
2019-08-01,7,2748096.362269,2567087.184878,181009.177391,0.0,0.0,0.0,4178.4,290.32,47236.98,58.176801
2019-08-01,8,2951367.316481,2754884.323918,196482.992562,0.0,0.0,0.0,5585.83,287.9,50785.0,58.114942
2019-08-01,9,3116711.68033,2902428.903006,214282.777324,0.0,0.0,0.0,7522.51,308.57,54844.31,56.828351
2019-08-01,10,3299506.026303,3081405.024277,218101.002026,0.0,0.0,0.0,9878.247041,225.352959,58819.06,56.095865
2019-08-01,11,3507032.714776,3270598.338293,236434.376483,0.0,0.0,0.0,10053.730477,641.239523,62330.09,56.265485
2019-08-01,12,3545416.800359,3270589.488293,274827.312066,0.0,0.0,0.0,10280.742104,1231.467896,65689.88,53.97204
2019-08-01,13,3596511.138343,3291394.854278,305116.284066,0.0,0.0,0.0,10913.30372,1335.15628,68071.26,52.834502
2019-08-01,14,3607829.34077,3292027.891413,315801.449357,0.0,0.0,0.0,11234.325242,1872.064758,69179.84,52.151455
2019-08-01,15,3605580.792261,3292021.311413,313559.480848,0.0,0.0,0.0,11725.775413,1983.624587,69497.34,51.880846
2019-08-01,16,3558287.494772,3270940.488292,287347.006479,0.0,0.0,0.0,12857.87646,1814.50354,68903.41,51.641675
2019-08-01,17,3486060.401483,3214110.961158,271949.440325,0.0,0.0,0.0,12675.491788,1775.918212,67384.57,51.733808
2019-08-01,18,3421895.143581,3193079.891335,228815.252246,0.0,0.0,0.0,12825.510021,917.289979,65058.07,52.597551
2019-08-01,19,3325971.41271,3101177.13627,224794.27644,0.0,0.0,0.0,11778.245996,1055.714004,62618.85,53.11454
2019-08-01,20,3227375.071757,3003683.371934,223691.699823,0.0,0.0,0.0,10366.56,456.64,60238.55,53.576573
2019-08-01,21,3040452.664966,2840842.626157,199610.038809,0.0,0.0,0.0,9044.95,361.46,56208.91,54.092005
2019-08-01,22,2900308.310193,2724193.878512,176114.431681,0.0,0.0,0.0,8626.17,293.13,52029.73,55.74329
2019-08-01,23,2675882.74529,2503359.18753,172523.55776,0.0,0.0,0.0,7765.39,273.72,48421.11,55.26273
2019-08-02,0,2621055.192996,2465386.422603,155668.770393,0.0,0.0,0.0,6993.359,0.221,45541.89,57.552622
2019-08-02,1,2608445.68622,2465383.132603,143062.553617,0.0,0.0,0.0,6025.88,274.42,43589.89,59.840612
2019-08-02,2,2579205.361417,2434878.995708,144326.36571,0.0,0.0,0.0,5468.21,298.14,42313.63,60.954481
2019-08-02,3,2579066.140731,2434878.995708,144187.145024,0.0,0.0,0.0,5163.72,323.67,41943.29,61.489362
2019-08-02,4,2612798.207918,2465393.002603,147405.205315,0.0,0.0,0.0,5093.768,319.382,42763.08,61.099392
2019-08-02,5,2641742.119463,2474904.68853,166837.430933,0.0,0.0,0.0,4635.456,87.724,44142.26,59.8461
2019-08-02,6,2710198.982973,2546269.451569,163929.531404,0.0,0.0,0.0,3979.67,299.5,45029.34,60.187402
2019-08-02,7,2763663.850167,2561555.748258,202108.101909,0.0,0.0,0.0,3688.79,281.38,47728.24,57.904164
2019-08-02,8,2841978.267822,2626571.523006,215406.744816,0.0,0.0,0.0,5667.85,326.92,51438.75,55.249754
2019-08-02,9,3026523.23229,2774118.882094,252404.350196,0.0,0.0,0.0,8170.15,420.17,55669.13,54.366275
2019-08-02,10,3221377.939322,2961809.913854,259568.025468,0.0,0.0,0.0,10712.404844,709.075156,59666.8,53.989454
2019-08-02,11,3409284.196111,3127906.290467,281377.905644,0.0,0.0,0.0,10682.210382,1104.869618,63227.46,53.920942
2019-08-02,12,3566047.746972,3271574.113221,294473.633751,0.0,0.0,0.0,10448.883708,1784.646292,66166.82,53.894803
2019-08-02,13,3602114.408585,3293288.483477,308825.925109,0.0,0.0,0.0,10400.851343,1866.388657,68166.04,52.84324
2019-08-02,14,3619340.038114,3293278.613477,326061.424637,0.0,0.0,0.0,10589.785,2020.565,69317.35,52.214057
2019-08-02,15,3616460.364734,3293278.613477,323181.751257,0.0,0.0,0.0,10899.687832,1839.212168,69565.34,51.986526
2019-08-02,16,3597016.542249,3293278.613477,303737.928772,0.0,0.0,0.0,11337.44832,1376.94168,69023.47,52.112949
2019-08-02,17,3551820.898637,3236727.833478,315093.065159,0.0,0.0,0.0,10277.359192,1049.910808,67429.43,52.674639
2019-08-02,18,3494542.455731,3221438.246789,273104.208942,0.0,0.0,0.0,9216.39,344.24,64699.36,54.01201
2019-08-02,19,3471269.550463,3221438.246789,249831.303674,0.0,0.0,0.0,7684.47,312.46,62310.51,55.709214
2019-08-02,20,1327527.344013,1074861.075241,252666.268772,0.0,0.0,0.0,7011.81,320.37,59966.67,22.137753
2019-08-02,21,1142153.526153,927309.916153,214843.61,0.0,0.0,0.0,7147.34,330.89,56467.94,20.226584
2019-08-02,22,948177.728396,772749.519481,175428.208915,0.0,0.0,0.0,8005.62,342.34,52913.6,17.919358
2019-08-02,23,847553.951736,700977.732574,146576.219162,0.0,0.0,0.0,7573.31,414.86,49597.42,17.08867
2019-08-03,0,715347.902851,572938.151711,142409.75114,0.0,0.0,0.0,7341.64,500.96,46920.06,15.246099
2019-08-03,1,543017.283856,410795.486927,132221.79693,0.0,0.0,0.0,7455.120006,519.499994,44832.59,12.11211
2019-08-03,2,490870.845343,359188.453727,131682.391616,0.0,0.0,0.0,6831.310006,519.499994,43332.0,11.328137
2019-08-03,3,483125.61116,359188.453727,123937.157433,0.0,0.0,0.0,6627.990006,519.499994,42414.1,11.390684
2019-08-03,4,464324.987042,340134.165776,124190.821265,0.0,0.0,0.0,6953.817,367.763,42251.47,10.989558
2019-08-03,5,464923.701203,340134.165776,124789.535427,0.0,0.0,0.0,7084.156,452.824,42369.96,10.972956
2019-08-03,6,484015.754068,362594.403697,121421.350371,0.0,0.0,0.0,7467.030006,519.499994,42617.49,11.357209
2019-08-03,7,516482.496257,380930.593889,135551.902368,0.0,0.0,0.0,7889.890006,519.499994,44589.62,11.583021
2019-08-03,8,582202.933823,434027.512489,148175.421334,0.0,0.0,0.0,8931.62,955.6,46986.0,12.390987
2019-08-03,9,619180.031398,449313.809178,169866.222221,0.0,0.0,0.0,10315.602429,1551.837571,49717.78,12.453895
2019-08-03,10,679483.935839,501984.802025,177499.133813,0.0,0.0,0.0,11423.880122,1256.199878,52570.37,12.925226
2019-08-03,11,724957.020542,512148.064576,212808.955966,0.0,0.0,0.0,11272.295647,2638.334353,54977.0,13.186551
2019-08-03,12,814554.594598,587162.362591,227392.232007,0.0,0.0,0.0,11945.593,2728.107,56921.03,14.310257
2019-08-03,13,829461.952103,607975.534139,221486.417964,0.0,0.0,0.0,12655.160334,2351.539666,58627.84,14.147919
2019-08-03,14,1007843.290662,770120.978924,237722.311738,0.0,0.0,0.0,12188.115025,2401.214975,60035.3,16.787512
2019-08-03,15,1020382.640242,770114.908924,250267.731319,0.0,0.0,0.0,11558.484931,1645.585069,60895.63,16.756254
2019-08-03,16,1019052.493131,770469.198923,248583.294208,0.0,0.0,0.0,11331.385463,875.694537,60676.5,16.794846
2019-08-03,17,1016214.941478,770465.908923,245749.032555,0.0,0.0,0.0,10375.6,41.27,59452.15,17.092989
2019-08-03,18,967136.608612,718829.9008,248306.707812,0.0,0.0,0.0,8787.33,65.27,57626.97,16.782708
2019-08-03,19,953702.517702,718829.9008,234872.616902,0.0,0.0,0.0,7944.57,244.19,56168.35,16.979358
2019-08-03,20,925184.626337,698016.729252,227167.897086,0.0,0.0,0.0,7075.97,367.69,54517.88,16.970297
2019-08-03,21,857170.91553,649846.226243,207324.689287,0.0,0.0,0.0,7062.390006,519.499994,51895.33,16.517303
2019-08-03,22,757228.977898,598429.878512,158799.099386,0.0,0.0,0.0,8466.050006,519.499994,48959.59,15.466408
2019-08-03,23,647712.473803,493492.782465,154219.691338,0.0,0.0,0.0,8395.039981,655.810019,46149.64,14.035049
2019-08-04,0,599867.242932,475234.319755,124632.923177,0.0,0.0,0.0,8462.855702,1031.454298,43991.19,13.636077
2019-08-04,1,541862.337066,428879.087065,112983.250001,0.0,0.0,0.0,9283.151375,1209.308625,42393.67,12.78168
2019-08-04,2,527083.754724,412088.435149,114995.319576,0.0,0.0,0.0,8493.16221,774.53779,41150.57,12.808662
2019-08-04,3,525674.029358,412442.725148,113231.30421,0.0,0.0,0.0,7826.270006,519.499994,40438.66,12.999294
2019-08-04,4,535058.766909,421631.952398,113426.814511,0.0,0.0,0.0,7155.030006,519.499994,40155.4,13.324703
2019-08-04,5,563323.28763,445482.614314,117840.673316,0.0,0.0,0.0,5943.5,426.23,40200.7,14.012773
2019-08-04,6,638210.455427,517280.40447,120930.050957,0.0,0.0,0.0,4917.78,322.07,40310.83,15.832233
2019-08-04,7,647389.474009,513621.509495,133767.964514,0.0,0.0,0.0,4235.934,229.876,42281.54,15.311398
2019-08-04,8,712220.37495,557817.532695,154402.842255,0.0,0.0,0.0,4779.28,206.97,45138.07,15.778707
2019-08-04,9,778848.973821,605987.525703,172861.448117,0.0,0.0,0.0,5929.81,194.37,47962.38,16.238747
2019-08-04,10,813294.833902,630555.529551,182739.304351,0.0,0.0,0.0,7858.04,113.74,51021.7,15.940175
2019-08-04,11,1002929.098935,801114.335328,201814.763607,0.0,0.0,0.0,9064.571197,513.418803,53984.9,18.577956
2019-08-04,12,1064839.715186,857786.883151,207052.832036,0.0,0.0,0.0,10456.087832,1801.082168,56615.28,18.808345
2019-08-04,13,1106213.155584,897927.108367,208286.047218,0.0,0.0,0.0,12480.846321,1949.753679,58897.57,18.781983
2019-08-04,14,1134727.522054,897282.111743,237445.410311,0.0,0.0,0.0,12592.794088,2483.335912,60718.79,18.688243
2019-08-04,15,1156482.173865,898209.145502,258273.028362,0.0,0.0,0.0,12914.311474,2442.378526,62127.83,18.614559
2019-08-04,16,1165108.272612,898556.855502,266551.41711,0.0,0.0,0.0,13293.652,1744.938,62744.32,18.569143
2019-08-04,17,1165085.564388,916896.335694,248189.228694,0.0,0.0,0.0,12511.549671,2207.280329,62330.24,18.69214
2019-08-04,18,1127950.179673,916893.045694,211057.133979,0.0,0.0,0.0,12482.141641,1658.488359,60629.4,18.604014
2019-08-04,19,949268.384508,735061.231679,214207.15283,0.0,0.0,0.0,11906.559113,1484.000887,58790.66,16.146585
2019-08-04,20,892485.790781,683425.223555,209060.567226,0.0,0.0,0.0,10945.448894,959.671106,56839.17,15.70195
2019-08-04,21,844412.141965,668135.636866,176276.5051,0.0,0.0,0.0,9709.720006,519.499994,53292.09,15.844981
2019-08-04,22,759939.508237,595400.930009,164538.578228,0.0,0.0,0.0,9136.5,343.16,49585.03,15.325987
2019-08-04,23,547142.312513,394827.778074,152314.534439,0.0,0.0,0.0,9144.84,312.41,46246.54,11.830989
2019-08-05,0,495415.401472,369216.630774,126198.770698,0.0,0.0,0.0,9075.53,285.81,43818.41,11.306102
2019-08-05,1,425668.896865,300797.415725,124871.48114,0.0,0.0,0.0,8998.779217,271.090783,42219.27,10.082337
2019-08-05,2,448616.823895,333292.388384,115324.435511,0.0,0.0,0.0,8375.8,245.67,41257.99,10.873453
2019-08-05,3,454133.418548,331270.193792,122863.224757,0.0,0.0,0.0,7677.91,230.21,41259.81,11.006677
2019-08-05,4,500622.918823,367761.261099,132861.657724,0.0,0.0,0.0,7162.86,217.46,42391.12,11.809618
2019-08-05,5,631932.906056,483902.85575,148030.050306,0.0,0.0,0.0,5053.89,138.79,44112.02,14.32564
2019-08-05,6,673126.360261,502232.975942,170893.384318,0.0,0.0,0.0,3579.05,87.03,45125.63,14.916719
2019-08-05,7,891259.157339,679159.997075,212099.160264,0.0,0.0,0.0,2819.58,58.28,48064.96,18.542805
2019-08-05,8,1026058.763847,796377.120166,229681.643681,0.0,0.0,0.0,3675.0,40.73,52015.45,19.726038
2019-08-05,9,3178641.900849,2922130.280515,256511.620334,0.0,0.0,0.0,5071.3,30.26,56216.9,56.542461
2019-08-05,10,3390078.562206,3122484.10629,267594.455917,0.0,0.0,0.0,7055.76,13.97,60128.66,56.380411
2019-08-05,11,3668097.462153,3392598.536627,275498.925526,0.0,0.0,0.0,7832.96,0.0,63622.92,57.653711
2019-08-05,12,3675026.468809,3382792.673565,292233.795244,0.0,0.0,0.0,8621.264584,325.345416,66435.85,55.316918
2019-08-05,13,3708575.967935,3392596.266627,315979.701308,0.0,0.0,0.0,9184.225306,654.774694,68307.89,54.292059
2019-08-05,14,3732653.498653,3392589.686627,340063.812026,0.0,0.0,0.0,9198.194616,1152.405384,69512.38,53.697679
2019-08-05,15,3825336.927494,3392589.686627,432747.240867,0.0,0.0,0.0,9529.307,1062.573,69847.37,54.767086
2019-08-05,16,3751855.613521,3392589.686627,359265.926894,0.0,0.0,0.0,9598.72631,1289.78369,69555.52,53.940444
2019-08-05,17,3706699.402565,3391959.939492,314739.463073,0.0,0.0,0.0,9870.405379,326.714621,68629.49,54.010301
2019-08-05,18,3657074.88744,3377306.679938,279768.207502,0.0,0.0,0.0,9103.41,200.72,66318.61,55.144022
2019-08-05,19,3576012.439925,3315759.691589,260252.748336,0.0,0.0,0.0,8429.84,239.76,64083.38,55.802494
2019-08-05,20,3370116.241172,3094755.668251,275360.57292,0.0,0.0,0.0,7451.55,225.35,61695.49,54.625002
2019-08-05,21,3280103.359353,3073939.206703,206164.15265,0.0,0.0,0.0,7489.84,213.19,57448.87,57.096047
2019-08-05,22,3041091.054579,2872252.244453,168838.810125,0.0,0.0,0.0,8438.86,204.55,53061.77,57.312281
2019-08-05,23,2750991.268502,2586988.806955,164002.461547,0.0,0.0,0.0,8325.68,202.98,49437.25,55.646122
2019-08-06,0,2650341.100798,2498510.987691,151830.113107,0.0,0.0,0.0,8091.81,199.2,46781.9,56.653131
2019-08-06,1,2642563.601036,2513556.925612,129006.675424,0.0,0.0,0.0,8043.03,212.17,44865.58,58.899575
2019-08-06,2,2617696.641955,2479143.315216,138553.326739,0.0,0.0,0.0,6998.8,199.42,43601.89,60.036311
2019-08-06,3,2640973.580096,2500834.049802,140139.530293,0.0,0.0,0.0,5996.54,190.66,43341.02,60.934735
2019-08-06,4,2723507.9179,2581878.375148,141629.542752,0.0,0.0,0.0,4975.38,184.94,44240.72,61.561112
2019-08-06,5,2759440.858751,2581865.215148,177575.643603,0.0,0.0,0.0,3225.75,103.14,45872.48,60.154604
2019-08-06,6,2812147.219807,2621292.09846,190855.121347,0.0,0.0,0.0,2324.72,60.54,46677.68,60.246079
2019-08-06,7,2894972.626094,2675009.677587,219962.948507,0.0,0.0,0.0,2091.77,46.3,49289.42,58.734159
2019-08-06,8,2982025.71894,2736592.821486,245432.897454,0.0,0.0,0.0,3329.82,0.0,53032.77,56.229869
2019-08-06,9,3213605.661726,2929289.651274,284316.010451,0.0,0.0,0.0,5018.32,0.0,57542.64,55.84738
2019-08-06,10,3469199.528495,3178956.408727,290243.119768,0.0,0.0,0.0,7147.17,0.0,61916.23,56.030536
2019-08-06,11,3705200.463792,3400235.339065,304965.124727,0.0,0.0,0.0,8254.79317,78.29683,65662.94,56.427575
2019-08-06,12,3763647.52728,3456781.069064,306866.458216,0.0,0.0,0.0,9164.705488,580.514512,68371.31,55.047176
2019-08-06,13,3839073.934902,3490079.650964,348994.283938,0.0,0.0,0.0,9590.819684,925.480316,70219.79,54.67225
2019-08-06,14,3842875.710873,3490076.870964,352798.839909,0.0,0.0,0.0,10004.272749,1154.977251,71060.53,54.078906
2019-08-06,15,3815979.954438,3490076.870964,325903.083475,0.0,0.0,0.0,10477.917863,1377.532137,71201.6,53.59402
2019-08-06,16,3799208.285852,3490076.870964,309131.414888,0.0,0.0,0.0,11108.919026,1521.230974,70805.51,53.656958
2019-08-06,17,3755732.29274,3433526.090965,322206.201775,0.0,0.0,0.0,10564.458696,1068.161304,69677.3,53.901806
2019-08-06,18,3704689.153886,3418236.504276,286452.649611,0.0,0.0,0.0,9994.49,232.27,67242.65,55.094336
2019-08-06,19,3656902.766039,3397423.332728,259479.433311,0.0,0.0,0.0,8734.5,258.46,65014.16,56.247789
2019-08-06,20,3591761.897182,3328172.006598,263589.890584,0.0,0.0,0.0,7633.21,231.21,62589.23,57.386261
2019-08-06,21,3548574.042179,3349256.119719,199317.92246,0.0,0.0,0.0,7437.2,217.36,58463.42,60.697339
2019-08-06,22,3060882.340131,2866121.030128,194761.310003,0.0,0.0,0.0,8073.36,213.17,54158.75,56.516857
2019-08-06,23,2913295.076293,2756266.497836,157028.578456,0.0,0.0,0.0,8876.87,233.23,50568.02,57.611413
2019-08-07,0,2786464.530659,2640705.711597,145758.819062,0.0,0.0,0.0,9364.76,253.82,47867.52,58.21201
2019-08-07,1,2663219.087948,2522870.765755,140348.322193,0.0,0.0,0.0,9246.92,276.3,46046.32,57.837827
2019-08-07,2,2649472.828326,2510069.669156,139403.159171,0.0,0.0,0.0,8529.34,246.24,44907.86,58.997976
2019-08-07,3,2654354.40034,2510069.669156,144284.731184,0.0,0.0,0.0,8022.81,235.38,44753.83,59.310106
2019-08-07,4,2703080.338182,2563094.952003,139985.386179,0.0,0.0,0.0,7857.1,243.71,45631.0,59.237806
2019-08-07,5,2726812.988782,2563091.662003,163721.326779,0.0,0.0,0.0,7459.778876,128.881124,47207.53,57.762247
2019-08-07,6,2816455.73084,2653490.649915,162965.080925,0.0,0.0,0.0,6802.97,232.27,47913.2,58.782459
2019-08-07,7,2860466.182683,2662999.045842,197467.136841,0.0,0.0,0.0,6249.33,236.19,50065.41,57.13458
2019-08-07,8,2995975.696075,2786189.916866,209785.779209,0.0,0.0,0.0,8464.312079,286.377921,53869.86,55.615064
2019-08-07,9,3044163.176739,2822293.185103,221869.991636,0.0,0.0,0.0,11036.81,365.29,58235.62,52.273217
2019-08-07,10,3417301.596533,3165915.065943,251386.530591,0.0,0.0,0.0,12570.077622,962.622378,62565.55,54.619541
2019-08-07,11,3594429.703629,3334227.157814,260202.545815,0.0,0.0,0.0,11992.227253,635.432747,66345.32,54.177592
2019-08-07,12,3756528.665927,3456783.849064,299744.816863,0.0,0.0,0.0,11344.332393,1267.057607,69767.95,53.843185
2019-08-07,13,3807358.105339,3490079.650964,317278.454375,0.0,0.0,0.0,11804.418399,914.911601,72078.68,52.822251
2019-08-07,14,3828868.281462,3490076.870964,338791.410498,0.0,0.0,0.0,11957.488,1063.532,72909.08,52.515658
2019-08-07,15,3837721.563859,3490076.870964,347644.692896,0.0,0.0,0.0,12222.06,999.07,73149.6,52.464013
2019-08-07,16,3833696.175245,3490076.870964,343619.304282,0.0,0.0,0.0,11977.805,1040.585,72927.55,52.568558
2019-08-07,17,3818583.104089,3490076.870964,328506.233125,0.0,0.0,0.0,11651.404768,838.715232,71908.51,53.103355
2019-08-07,18,3742204.111334,3433526.090965,308678.020369,0.0,0.0,0.0,10533.695213,1350.734787,69410.14,53.914372
2019-08-07,19,3683451.217189,3418236.504276,265214.712913,0.0,0.0,0.0,10427.40597,908.47403,66962.4,55.007754
2019-08-07,20,3600041.112148,3356385.708804,243655.403344,0.0,0.0,0.0,9691.362484,520.497516,64192.0,56.082395
2019-08-07,21,3490439.763466,3287402.034247,203037.729219,0.0,0.0,0.0,9453.16,331.09,59842.87,58.326744
2019-08-07,22,3042015.270329,2847869.542443,194145.727886,0.0,0.0,0.0,9562.18,284.34,55458.8,54.851805
2019-08-07,23,2857872.815992,2696103.063196,161769.752796,0.0,0.0,0.0,10139.43,309.71,51515.58,55.475893
2019-08-08,0,2765574.467019,2624046.003877,141528.463142,0.0,0.0,0.0,10334.92,335.44,48746.42,56.733899
2019-08-08,1,2572250.988943,2434671.404791,137579.584153,0.0,0.0,0.0,10298.02,365.99,46781.08,54.984857
2019-08-08,2,2545207.593027,2412681.080942,132526.512085,0.0,0.0,0.0,10164.81,341.55,45605.88,55.80876
2019-08-08,3,2535773.904358,2403940.884159,131833.0202,0.0,0.0,0.0,10333.32,342.82,45332.63,55.937057
2019-08-08,4,2566854.604022,2434681.274791,132173.329231,0.0,0.0,0.0,10710.08,364.18,46181.44,55.581952
2019-08-08,5,2621944.516766,2478232.301367,143712.215399,0.0,0.0,0.0,10194.150901,357.859099,47687.75,54.98151
2019-08-08,6,2693672.835067,2550242.06103,143430.774037,0.0,0.0,0.0,9619.32,494.93,48260.78,55.814946
2019-08-08,7,2741949.479166,2559753.746957,182195.732209,0.0,0.0,0.0,8937.81,473.94,50410.05,54.392913
2019-08-08,8,2834490.018274,2650064.211661,184425.806613,0.0,0.0,0.0,11685.954189,521.065811,53918.46,52.569936
2019-08-08,9,2910697.089603,2695431.893924,215265.19568,0.0,0.0,0.0,13909.946624,1331.833376,58071.5,50.122643
2019-08-08,10,3136048.405591,2907249.190771,228799.21482,0.0,0.0,0.0,14914.868693,1938.061307,62026.01,50.560215
2019-08-08,11,3476123.823987,3231446.538005,244677.285982,0.0,0.0,0.0,14696.891014,2523.128986,65708.64,52.902081
2019-08-08,12,3545768.356271,3272201.080356,273567.275915,0.0,0.0,0.0,14125.258007,2480.161993,69040.05,51.358137
2019-08-08,13,3766337.468889,3336047.756628,430289.71226,0.0,0.0,0.0,14601.055,1804.275,71187.15,52.907547
2019-08-08,14,3722403.274886,3392592.976627,329810.298259,0.0,0.0,0.0,13384.007815,2330.042185,72113.84,51.618431
2019-08-08,15,3714447.749766,3392238.686627,322209.063139,0.0,0.0,0.0,13037.411259,2141.798741,72376.49,51.321192
2019-08-08,16,3716194.958013,3391742.041217,324452.916795,0.0,0.0,0.0,12339.247933,2110.192067,71831.05,51.735217
2019-08-08,17,3693484.029425,3391963.229492,301520.799933,0.0,0.0,0.0,12030.807269,1350.612731,70291.09,52.545551
2019-08-08,18,3642077.595387,3371233.406371,270844.189016,0.0,0.0,0.0,11664.85,330.43,67977.59,53.577622
2019-08-08,19,3574070.167812,3314961.373508,259108.794304,0.0,0.0,0.0,10313.07,437.04,65756.73,54.352918
2019-08-08,20,3551162.394229,3314958.083508,236204.310722,0.0,0.0,0.0,9174.51,364.8,63378.45,56.03107
2019-08-08,21,3419280.166159,3217277.411364,202002.754795,0.0,0.0,0.0,9041.31,306.24,59464.92,57.500795
2019-08-08,22,3158589.419604,2986680.504748,171908.914856,0.0,0.0,0.0,9523.58,264.54,55182.02,57.239467
2019-08-08,23,2865151.154223,2708027.137931,157124.016292,0.0,0.0,0.0,9709.81,242.64,51612.06,55.513211
2019-08-09,0,2840425.169949,2708023.847931,132401.322018,0.0,0.0,0.0,9221.79,228.6,48831.28,58.168149
2019-08-09,1,2626108.114235,2480673.193918,145434.920317,0.0,0.0,0.0,8828.41,220.4,46938.3,55.948087
2019-08-09,2,2579560.68777,2436473.880718,143086.807052,0.0,0.0,0.0,8522.53,182.15,45698.83,56.446974
2019-08-09,3,2579710.628636,2436473.880718,143236.747919,0.0,0.0,0.0,8295.46,150.1,45457.47,56.749983
2019-08-09,4,2623422.350317,2472607.221759,150815.128558,0.0,0.0,12.478,7975.07,0.0,46449.48,56.479047
2019-08-09,5,2679317.976532,2516803.244959,162514.731573,0.0,0.0,0.0,7912.808273,194.621727,47959.76,55.865959
2019-08-09,6,2701840.289518,2535142.725151,166697.564367,0.0,0.0,0.0,8205.825554,324.944446,48596.13,55.597849
2019-08-09,7,2824790.520506,2645633.560044,179156.960461,0.0,0.0,0.0,8552.791,210.139,50817.21,55.587281
2019-08-09,8,2889942.155789,2698652.262892,191289.892898,0.0,0.0,0.0,10390.04,529.27,54476.28,53.04955
2019-08-09,9,2956071.809023,2726380.814139,229690.994885,0.0,0.0,0.0,12127.736391,944.123609,58635.05,50.414757
2019-08-09,10,3170400.514646,2920871.162518,249529.352128,0.0,0.0,0.0,13427.903617,1409.026383,62718.33,50.549824
2019-08-09,11,3481670.970929,3215658.640357,266012.330572,0.0,0.0,0.0,13734.708365,735.081635,66285.53,52.525355
2019-08-09,12,3579546.807023,3293285.193477,286261.613547,0.0,0.0,0.0,13539.709835,762.890165,69538.8,51.475533
2019-08-09,13,3670475.068885,3359293.374727,311181.694158,0.0,0.0,0.0,13661.934042,872.905958,71763.67,51.146702
2019-08-09,14,3707423.988463,3392592.466627,314831.521836,0.0,0.0,0.0,13687.637399,841.582601,72948.42,50.82254
2019-08-09,15,3712853.206178,3392589.686627,320263.519551,0.0,0.0,0.0,13255.800273,1166.799727,73143.03,50.761545
2019-08-09,16,3705794.739542,3392589.686627,313205.052915,0.0,0.0,0.0,13476.363438,1212.186562,72648.95,51.009612
2019-08-09,17,3666221.32403,3336038.906628,330182.417402,0.0,0.0,0.0,12588.193963,2585.746037,70896.28,51.712464
2019-08-09,18,3586997.040251,3326520.640701,260476.39955,0.0,0.0,0.0,13568.025156,1561.364844,67950.98,52.78801
2019-08-09,19,3470289.411551,3228567.086993,241722.324558,0.0,0.0,0.0,12561.421895,2032.528105,65387.47,53.072697
2019-08-09,20,3405225.048833,3176931.078869,228293.969964,0.0,0.0,0.0,12160.017108,966.602892,62875.34,54.158356
2019-08-09,21,3320763.340225,3109515.59794,211247.742285,0.0,0.0,0.0,11107.31,457.87,59199.77,56.094193
2019-08-09,22,3104224.176817,2915021.449561,189202.727256,0.0,0.0,0.0,10453.75,288.23,55468.88,55.963347
2019-08-09,23,2819781.511816,2642670.533881,177110.977935,0.0,0.0,0.0,10264.08,273.3,51890.64,54.340851
2019-08-10,0,2751053.03452,2593850.871033,157202.163487,0.0,0.0,0.0,9883.87,259.91,49074.97,56.05817
2019-08-10,1,2632497.244571,2483636.286582,148860.957989,0.0,0.0,0.0,9641.49,249.66,46909.96,56.118088
2019-08-10,2,2569112.228764,2428346.870833,140765.357931,0.0,0.0,0.0,9845.334084,264.505916,45268.6,56.752633
2019-08-10,3,2540815.549047,2407999.914051,132815.634996,0.0,0.0,0.0,10350.34,259.19,44224.88,57.452175
2019-08-10,4,2537476.409012,2410803.467787,126672.941225,0.0,0.0,0.0,10964.4,300.49,43949.59,57.736066
2019-08-10,5,2538998.702111,2410800.177787,128198.524324,0.0,0.0,0.0,10997.05,311.24,44114.92,57.554195
2019-08-10,6,2557568.305726,2433753.407433,123814.898293,0.0,0.0,0.0,11127.58,331.52,44415.45,57.582852
2019-08-10,7,2600210.584643,2450343.774682,149866.809961,0.0,0.0,0.0,10913.25,362.13,47373.56,54.88738
2019-08-10,8,2782135.172105,2617546.639045,164588.53306,0.0,0.0,0.0,11917.0038,801.1062,51641.68,53.873832
2019-08-10,9,2864591.198239,2665707.272054,198883.926185,0.0,0.0,0.0,13740.773035,1065.636965,55986.75,51.16552
2019-08-10,10,3083891.011568,2860204.200433,223686.811135,0.0,0.0,0.0,14810.94101,1617.31899,60189.27,51.236558
2019-08-10,11,3315067.308227,3077768.592217,237298.716011,0.0,0.0,0.0,15172.274,1821.466,63739.44,52.009671
2019-08-10,12,3356852.840509,3098566.333765,258286.506745,0.0,0.0,0.0,14515.664561,1962.025439,66794.72,50.25626
2019-08-10,13,3529111.64608,3242215.988135,286895.657945,0.0,0.0,0.0,14582.187908,1678.092092,69164.91,51.024597
2019-08-10,14,3566423.121498,3260549.398327,305873.723171,0.0,0.0,0.0,13493.056363,1693.893637,70877.08,50.318426
2019-08-10,15,3610377.713548,3293847.980227,316529.733321,0.0,0.0,0.0,13355.809,1475.441,71747.19,50.320824
2019-08-10,16,3604781.42644,3293845.200227,310936.226213,0.0,0.0,0.0,13677.42382,1469.62618,71625.16,50.328424
2019-08-10,17,3604228.867782,3293845.200227,310383.667555,0.0,0.0,0.0,12359.778034,1705.601966,70227.82,51.321953
2019-08-10,18,3538957.280902,3253075.227876,285882.053026,0.0,0.0,0.0,12226.61293,587.16707,67551.52,52.38901
2019-08-10,19,3485455.056536,3231715.657619,253739.398917,0.0,0.0,0.0,10934.152631,619.737369,64946.62,53.666458
2019-08-10,20,3380475.077193,3123810.906632,256664.170561,0.0,0.0,0.0,9880.23,394.42,62639.1,53.967491
2019-08-10,21,3296558.574798,3075637.113624,220921.461175,0.0,0.0,0.0,9376.85,342.93,59143.54,55.73827
2019-08-10,22,3053985.16262,2860329.793696,193655.368924,0.0,0.0,0.0,9207.17,297.02,55387.36,55.138666
2019-08-10,23,2849397.101428,2679149.567727,170247.533701,0.0,0.0,0.0,9473.42,293.23,51789.88,55.018415
2019-08-11,0,2727199.507234,2566882.323759,160317.183475,0.0,0.0,0.0,9645.18,288.96,48938.39,55.727201
2019-08-11,1,2635738.432415,2491352.076582,144386.355833,0.0,0.0,0.0,9421.39,287.38,46811.68,56.305145
2019-08-11,2,2603347.000261,2459724.454734,143622.545527,0.0,0.0,0.0,8885.81,301.73,45187.21,57.612475
2019-08-11,3,2564088.44502,2426425.362834,137663.082187,0.0,0.0,0.0,8631.29,325.44,44089.87,58.155954
2019-08-11,4,2555301.10059,2421435.734483,133865.366107,0.0,0.0,0.0,8506.09,356.58,43479.31,58.770507
2019-08-11,5,2555799.312322,2421435.734483,134363.577839,0.0,0.0,0.0,8297.31,346.87,43218.64,59.136505
2019-08-11,6,2591318.976364,2458066.144682,133252.831683,0.0,0.0,0.0,7693.59,348.2,43239.86,59.92894
2019-08-11,7,2638410.631322,2476395.754874,162014.876449,0.0,0.0,0.0,7234.09,360.63,46141.96,57.18029
2019-08-11,8,2699023.589499,2520595.068074,178428.521426,0.0,0.0,0.0,10536.772471,593.497529,50346.86,53.608578
2019-08-11,9,2830232.192887,2599107.165692,231125.027195,0.0,0.0,0.0,13215.863,1804.697,54738.53,51.704571
2019-08-11,10,2972778.530592,2757196.963379,215581.567213,0.0,0.0,0.0,14095.322204,2317.577796,58927.55,50.448025
2019-08-11,11,3288075.326808,3058589.725342,229485.601466,0.0,0.0,0.0,13987.848656,3794.541344,62820.29,52.340977
2019-08-11,12,3461925.681085,3206131.52443,255794.156655,0.0,0.0,0.0,13891.283951,4293.216049,66141.34,52.34133
2019-08-11,13,3571148.803919,3281665.061608,289483.742312,0.0,0.0,0.0,13589.432159,3979.157841,68758.75,51.937372
2019-08-11,14,3655640.365624,3359297.174727,296343.190897,0.0,0.0,0.0,13556.382368,2987.837632,70623.8,51.762159
2019-08-11,15,3704395.038887,3392592.466627,311802.57226,0.0,0.0,0.0,13177.400537,2074.749463,71763.88,51.619213
2019-08-11,16,3710653.528953,3392589.686627,318063.842326,0.0,0.0,0.0,12728.22343,1292.44657,71915.48,51.597424
2019-08-11,17,3703944.010615,3392589.686627,311354.323988,0.0,0.0,0.0,11719.949245,1822.470755,70721.58,52.373604
2019-08-11,18,3669640.39275,3392589.686627,277050.706123,0.0,0.0,0.0,11626.902823,1166.947177,68451.7,53.609193
2019-08-11,19,3578021.927559,3314958.083508,263063.844052,0.0,0.0,0.0,10816.259896,1258.590104,66212.34,54.038597
2019-08-11,20,3550837.290164,3314958.083508,235879.206656,0.0,0.0,0.0,10205.311663,818.538337,63901.64,55.567233
2019-08-11,21,1387135.48046,1189194.083508,197941.396952,0.0,0.0,0.0,10267.46,461.13,59929.56,23.146098
2019-08-11,22,1176200.745856,1007253.038081,168947.707776,0.0,0.0,0.0,10284.02,377.1,55495.9,21.194372
2019-08-11,23,1032664.243049,891134.241953,141530.001096,0.0,0.0,0.0,11064.92,387.39,51703.15,19.972946
2019-08-12,0,944326.221355,819853.786396,124472.434959,0.0,0.0,0.0,11333.2,395.15,48957.52,19.288686
2019-08-12,1,720956.130127,598096.908946,122859.221181,0.0,0.0,0.0,11329.02,406.02,46937.06,15.360062
2019-08-12,2,703796.744922,588907.681696,114889.063226,0.0,0.0,0.0,11327.36,402.26,45764.69,15.378597
2019-08-12,3,698344.444172,582189.679505,116154.764667,0.0,0.0,0.0,11268.99,400.97,45540.59,15.33455
2019-08-12,4,730003.571306,610458.845079,119544.726227,0.0,0.0,0.0,11298.407638,418.232362,46511.06,15.695268
2019-08-12,5,759981.587744,619641.492328,140340.095416,0.0,0.0,0.0,11019.147942,462.602058,48185.3,15.772063
2019-08-12,6,833341.244098,687712.713096,145628.531001,0.0,0.0,0.0,9640.753535,673.276465,48910.28,17.038161
2019-08-12,7,929902.463611,750251.506488,179650.957123,0.0,0.0,0.0,8405.686713,877.143287,51462.28,18.069593
2019-08-12,8,1066549.178127,861375.14274,205174.035386,0.0,0.0,0.0,10378.842291,1394.887709,55445.79,19.235891
2019-08-12,9,1126485.700555,882449.385861,244036.314695,0.0,0.0,0.0,11545.406185,3636.243815,59845.55,18.823216
2019-08-12,10,1483423.38399,1229094.60985,254328.774139,0.0,0.0,0.0,13089.963,3444.077,64146.63,23.125508
2019-08-12,11,1502939.100498,1236801.54985,266137.550648,0.0,0.0,0.0,14579.89784,2772.38216,67809.12,22.164262
2019-08-12,12,1778603.507944,1499140.305776,279463.202169,0.0,0.0,0.0,16229.604523,1303.055477,70939.39,25.072157
2019-08-12,13,1959006.160187,1663896.263427,295109.896761,0.0,0.0,0.0,15948.87807,984.86193,73313.18,26.721064
2019-08-12,14,2015898.772484,1720444.773426,295453.999058,0.0,0.0,0.0,15469.274376,1004.175624,74330.13,27.120883
2019-08-12,15,2038871.344676,1720441.483426,318429.86125,0.0,0.0,0.0,14634.853549,932.416451,74665.51,27.306736
2019-08-12,16,2103324.057215,1720441.483426,382882.573789,0.0,0.0,0.0,14130.612,532.288,74524.92,28.223097
2019-08-12,17,2109924.469292,1720441.483426,389482.985866,0.0,0.0,0.0,13768.959116,174.520884,73634.62,28.653974
2019-08-12,18,1995330.011436,1705151.896737,290178.114699,0.0,0.0,0.0,12774.271864,31.578136,71499.8,27.906792
2019-08-12,19,1938054.866315,1648601.116738,289453.749577,0.0,0.0,0.0,11285.230006,519.499994,69032.69,28.074451
2019-08-12,20,1889518.573342,1615302.024838,274216.548504,0.0,0.0,0.0,10139.980006,519.499994,65994.56,28.631429
2019-08-12,21,1778238.291743,1553718.880939,224519.410804,0.0,0.0,0.0,10054.22,464.6,61527.79,28.901384
2019-08-12,22,1454045.22942,1278407.154304,175638.075116,0.0,0.0,0.0,10402.92,367.64,57039.78,25.491775
2019-08-12,23,1287426.106724,1135321.635521,152104.471203,0.0,0.0,0.0,10967.24,485.95,53224.37,24.188658
2019-08-13,0,982256.519004,854646.689403,127609.829601,0.0,0.0,0.0,11022.69,395.78,50235.39,19.553078
2019-08-13,1,813955.26237,689712.565954,124242.696417,0.0,0.0,0.0,11022.15,412.36,47992.71,16.959977
2019-08-13,2,795896.016042,678293.760705,117602.255338,0.0,0.0,0.0,10679.42,383.11,46538.4,17.10192
2019-08-13,3,780364.413136,662835.56173,117528.851406,0.0,0.0,0.0,10537.78,368.49,45982.49,16.970904
2019-08-13,4,820776.942097,700297.244553,120479.697544,0.0,0.0,0.0,10169.08,372.14,46734.94,17.562384
2019-08-13,5,925019.447044,786727.057817,138292.389227,0.0,0.0,0.0,8715.23,328.19,48221.15,19.182857
2019-08-13,6,1014732.602057,873137.758777,141594.84328,0.0,0.0,0.0,6677.35,307.0,48785.58,20.799847
2019-08-13,7,1055209.508312,872918.57301,182290.935302,0.0,0.0,0.0,5119.03,307.34,51319.26,20.561666
2019-08-13,8,1176792.611623,968746.042573,208046.56905,0.0,0.0,0.0,6478.31,288.13,55081.83,21.364443
2019-08-13,9,1312916.714655,1066229.42691,246687.287746,0.0,0.0,0.0,8328.57,338.25,59471.37,22.07645
2019-08-13,10,1701820.24097,1410319.052323,291501.188647,0.0,0.0,0.0,10752.319,63.161,63745.19,26.697234
2019-08-13,11,2072586.735499,1778044.824673,294541.910825,0.0,0.0,162.979,10207.14,0.0,67796.09,30.570889
2019-08-13,12,2461301.408723,2046151.611361,415149.797361,0.0,0.0,0.0,10345.811,374.719,71184.61,34.576314
2019-08-13,13,2577036.733895,2144892.807762,432143.926133,0.0,0.0,0.0,10856.848,565.692,73454.68,35.083357
2019-08-13,14,2587032.451618,2144890.027762,442142.423856,0.0,0.0,0.0,10965.458,700.432,74301.78,34.817907
2019-08-13,15,2586225.254527,2144890.027762,441335.226765,0.0,0.0,0.0,10965.986651,970.333349,74293.08,34.811119
2019-08-13,16,2576197.102641,2144890.027762,431307.074879,0.0,0.0,0.0,11202.73324,147.94676,74058.75,34.785857
2019-08-13,17,2563342.887775,2144890.027762,418452.860013,0.0,0.0,0.0,10492.58,33.85,72883.18,35.170569
2019-08-13,18,2509097.406258,2144890.027762,364207.378496,0.0,0.0,0.0,9357.82,0.0,70641.94,35.518524
2019-08-13,19,2474636.46603,2089071.544991,385564.921039,0.0,0.0,0.0,8492.43,3.31,68497.87,36.127203
2019-08-13,20,2445019.497801,2068264.235942,376755.261859,0.0,0.0,0.0,7637.896017,55.913983,65561.26,37.293662
2019-08-13,21,2182661.062302,1945698.184693,236962.877609,0.0,0.0,0.0,7668.07,237.33,60979.43,35.793399
2019-08-13,22,1734290.216131,1545391.418253,188898.797879,0.0,0.0,0.0,8326.05,213.92,56345.33,30.779662
2019-08-13,23,1286169.424292,1113688.793799,172480.630493,0.0,0.0,0.0,7850.54,225.3,52478.57,24.508469
2019-08-14,0,1269481.894595,1125079.570046,144402.324549,0.0,0.0,0.0,6849.05,244.97,49734.35,25.525254
2019-08-14,1,850063.821292,698712.901399,151350.919893,0.0,0.0,0.0,6247.42,275.74,47690.3,17.824669
2019-08-14,2,832071.692711,682273.249482,149798.443229,0.0,0.0,0.0,5568.7,253.37,46409.98,17.928723
2019-08-14,3,833220.604729,682273.249482,150947.355247,0.0,0.0,0.0,4998.0,234.52,45940.15,18.137089
2019-08-14,4,886745.473271,734849.532441,151895.940831,0.0,0.0,0.0,4524.17,222.53,46669.79,19.000417
2019-08-14,5,911420.010874,734839.662441,176580.348434,0.0,0.0,0.0,3784.58,223.39,48086.93,18.953591
2019-08-14,6,943352.508122,762703.988559,180648.519563,0.0,0.0,0.0,3284.828,149.422,48455.18,19.468559
2019-08-14,7,999503.134434,803470.67091,196032.463523,0.0,0.0,0.0,2817.2,228.29,49760.49,20.08628
2019-08-14,8,1088321.751167,868486.445658,219835.305508,0.0,0.0,0.0,3546.949,266.751,52819.29,20.604627
2019-08-14,9,1176811.979479,925033.935657,251778.043821,0.0,0.0,0.0,5326.409,233.811,56745.89,20.738277
2019-08-14,10,1326691.483729,1053486.610388,273204.873341,0.0,0.0,0.0,7541.3,274.76,60623.82,21.883997
2019-08-14,11,1433872.118164,1134788.178327,299083.939837,0.0,0.0,0.0,8748.312253,1170.787747,64008.22,22.401375
2019-08-14,12,3593255.657158,3260547.918677,332707.738481,0.0,0.0,0.0,10100.049,1718.111,67022.59,53.612605
2019-08-14,13,3674751.476791,3359293.374727,315458.102064,0.0,0.0,0.0,11580.331718,1805.738282,69328.06,53.005255
2019-08-14,14,3679085.700388,3359290.594727,319795.105661,0.0,0.0,0.0,12077.109814,1758.050186,70862.13,51.918926
2019-08-14,15,3812352.264873,3359290.594727,453061.670146,0.0,0.0,3.565914,12425.233086,1113.006914,71755.09,53.13006
2019-08-14,16,3692170.779604,3359290.594727,332880.184877,0.0,0.0,0.0,11972.948,776.152,71340.68,51.754073
2019-08-14,17,3664665.723822,3359290.594727,305375.129095,0.0,0.0,0.0,10809.046153,585.753847,69312.19,52.871879
2019-08-14,18,3613949.129919,3349772.3288,264176.801118,0.0,0.0,0.0,9514.1,362.9,65817.97,54.908244
2019-08-14,19,3379503.817213,3094034.381589,285469.435624,0.0,0.0,0.0,8318.41,401.22,63437.25,53.273177
2019-08-14,20,3336418.930399,3078744.794901,257674.135498,0.0,0.0,0.0,7104.13,341.34,60396.99,55.241477
2019-08-14,21,3139347.744177,2916869.781688,222477.962488,0.0,0.0,0.0,6606.0,294.85,56132.64,55.927313
2019-08-14,22,2960844.755016,2759451.061693,201393.693323,0.0,0.0,0.0,6147.58,256.89,51871.88,57.079958
2019-08-14,23,2840042.770776,2672358.257322,167684.513454,0.0,0.0,0.0,6084.4,280.77,48356.59,58.731246
2019-08-15,0,2731999.006615,2575136.951274,156862.055341,0.0,0.0,0.0,6141.76,313.19,45683.54,59.802699
2019-08-15,1,2600658.757574,2458052.984682,142605.772892,0.0,0.0,0.0,6388.24,354.82,43840.16,59.321379
2019-08-15,2,2596097.456481,2450645.264682,145452.191799,0.0,0.0,0.0,5193.44,275.82,42739.51,60.742331
2019-08-15,3,2603413.596205,2450645.264682,152768.331523,0.0,0.0,0.0,4340.04,218.71,42497.28,61.260711
2019-08-15,4,2658925.329224,2503670.54753,155254.781694,0.0,0.0,32.349,4007.75,0.0,43565.29,61.033114
2019-08-15,5,2727172.853609,2536969.12943,190203.72418,0.0,0.0,0.0,3366.23,149.63,45539.87,59.88539
2019-08-15,6,2764102.503869,2574719.464039,189383.03983,0.0,0.0,0.0,3027.55,126.42,46171.33,59.866209
2019-08-15,7,2840941.623525,2637254.967431,203686.656094,0.0,0.0,0.0,2820.73,106.91,48430.28,58.660442
2019-08-15,8,3054066.029985,2815140.343994,238925.685991,0.0,0.0,0.489,3993.0,0.0,52303.19,58.391582
2019-08-15,9,3355104.622496,3093570.543913,261534.078584,0.0,0.0,0.0,5446.679,135.661,56698.19,59.17481
2019-08-15,10,3619505.796986,3334437.876709,285067.920276,0.0,0.0,0.0,7173.977223,222.112777,61022.43,59.31435
2019-08-15,11,3700453.817495,3406927.31552,293526.501975,0.0,0.0,0.0,8507.836858,462.203142,64898.09,57.019456
2019-08-15,12,3831173.036674,3494656.447026,336516.589648,0.0,0.0,0.0,8736.851669,1370.418331,67844.91,56.469572
2019-08-15,13,3952736.893452,3593391.063426,359345.830026,0.0,0.0,0.0,8957.054397,1862.415603,69855.5,56.584476
2019-08-15,14,4020091.225044,3593388.283426,426702.941617,0.0,0.0,0.0,9311.312,1890.298,70961.92,56.651387
2019-08-15,15,3991603.072829,3593388.283426,398214.789402,0.0,0.0,0.0,9433.445,1836.885,71072.95,56.162057
2019-08-15,16,3933537.160238,3593388.283426,340148.876812,0.0,0.0,0.0,9472.357856,1740.612144,70542.75,55.761041
2019-08-15,17,3881190.904422,3560089.191526,321101.712896,0.0,0.0,0.0,9285.212104,1030.807896,69452.99,55.882272
2019-08-15,18,3831103.042892,3535281.338911,295821.703982,0.0,0.0,0.0,8823.33,260.96,67167.82,57.037776
2019-08-15,19,3759651.965769,3478730.558912,280921.406857,0.0,0.0,0.0,7646.14,314.12,65114.38,57.739196
2019-08-15,20,3597606.847983,3331179.399824,266427.44816,0.0,0.0,0.0,6719.17,320.41,62276.66,57.768141
2019-08-15,21,3324343.399716,3109299.979904,215043.419812,0.0,0.0,0.0,6959.63,331.29,57871.67,57.443364
2019-08-15,22,3063038.086054,2891609.05642,171429.029634,0.0,0.0,0.0,8193.3,345.7,53537.92,57.212497
2019-08-15,23,2844837.017896,2683848.08189,160988.936006,0.0,0.0,0.0,8188.49,383.6,49966.24,56.935183
2019-08-16,0,2781279.531315,2639648.76869,141630.762626,0.0,0.0,0.0,8421.36,441.82,47470.94,58.589097
2019-08-16,1,2655655.17768,2520614.794592,135040.383088,0.0,0.0,0.0,8842.295487,643.794513,45514.12,58.347941
2019-08-16,2,2634864.576251,2501538.545319,133326.030932,0.0,0.0,0.0,8437.007881,587.462119,44324.95,59.444276
2019-08-16,3,2635251.594884,2501538.545319,133713.049565,0.0,0.0,0.0,8245.268908,641.711092,44087.51,59.773201
2019-08-16,4,2697092.605754,2563553.257526,133539.348228,0.0,0.0,0.0,8223.672067,672.517933,45144.19,59.743958
2019-08-16,5,2734282.911521,2572903.33392,161379.577601,0.0,0.0,0.0,6905.28,425.96,46863.71,58.345421
2019-08-16,6,2838563.201716,2677942.896667,160620.305049,0.0,0.0,0.0,5581.244498,460.855502,47435.93,59.83994
2019-08-16,7,2965438.922237,2781585.394057,183853.52818,0.0,0.0,0.0,4687.52,275.46,49814.0,59.530231
2019-08-16,8,3165236.083093,2949949.214693,215286.868399,0.0,0.0,0.0,5865.787797,320.112203,53740.21,58.898841
2019-08-16,9,3308058.958107,3062508.087444,245550.870663,0.0,0.0,0.0,7704.558256,558.461744,58358.04,56.685573
2019-08-16,10,3499630.770567,3244210.089734,255420.680833,0.0,0.0,0.0,10317.96669,440.80331,62713.61,55.80337
2019-08-16,11,3652671.767998,3367175.249715,285496.518283,0.0,0.0,0.0,10556.216095,1109.683905,66459.05,54.96124
2019-08-16,12,3735344.649134,3424071.469713,311273.17942,0.0,0.0,0.0,10555.169492,2002.340508,69670.15,53.614707
2019-08-16,13,3863569.741327,3490079.650964,373490.090363,0.0,0.0,0.0,11233.87226,1730.70774,71668.42,53.908957
2019-08-16,14,3879873.823509,3490076.870964,389796.952546,0.0,0.0,0.0,11767.821393,1285.578607,72735.17,53.342473
2019-08-16,15,3894509.014722,3490076.870964,404432.143758,0.0,0.0,0.0,11901.212,986.078,72857.92,53.453475
2019-08-16,16,3907433.241967,3490076.870964,417356.371003,0.0,0.0,0.0,11458.914345,941.235655,72324.28,54.026576
2019-08-16,17,3905980.482595,3489725.870964,416254.611631,0.0,0.0,0.0,10179.460631,1949.589369,70483.28,55.417121
2019-08-16,18,3757935.400943,3489725.870964,268209.529978,0.0,0.0,0.0,10348.092858,1460.277142,67618.03,55.575937
2019-08-16,19,3554848.765594,3280050.689544,274798.07605,0.0,0.0,0.0,10270.443913,1035.546087,65413.66,54.344135
2019-08-16,20,3387013.311652,3132220.783321,254792.528332,0.0,0.0,0.0,9765.169084,571.590916,62752.59,53.97408
2019-08-16,21,3279618.41767,3070919.676557,208698.741113,0.0,0.0,0.0,9775.850006,519.499994,59116.28,55.477415
2019-08-16,22,2985732.103728,2807913.79794,177818.305788,0.0,0.0,0.0,10226.88,465.65,55403.31,53.890861
2019-08-16,23,2831438.185935,2684223.617833,147214.568102,0.0,0.0,0.0,11416.530291,754.729709,52117.58,54.327891
2019-08-17,0,2673560.292221,2532397.902267,141162.389954,0.0,0.0,0.0,11948.128703,1206.311297,49451.42,54.064379
2019-08-17,1,2593186.170676,2466385.921016,126800.249659,0.0,0.0,0.0,11670.857229,1584.452771,47376.79,54.735371
2019-08-17,2,2567558.218056,2445777.888518,121780.329538,0.0,0.0,0.0,11202.893808,1378.746192,45853.01,55.995413
2019-08-17,3,2556551.104941,2436241.866495,120309.238447,0.0,0.0,0.0,10769.837427,1221.612573,44956.16,56.867649
2019-08-17,4,2558031.697982,2436241.866495,121789.831488,0.0,0.0,0.0,10487.835147,1115.704853,44852.94,57.031528
2019-08-17,5,2558279.844931,2436241.866495,122037.978436,0.0,0.0,0.0,10929.119226,1047.250774,45054.59,56.781781
2019-08-17,6,2574548.54821,2454524.665301,120023.882909,0.0,0.0,0.0,11282.718203,1090.541797,45388.26,56.722786
2019-08-17,7,2655579.360207,2508524.695912,147054.664295,0.0,0.0,0.0,10746.784639,1141.745361,48275.61,55.008717
2019-08-17,8,2808936.15545,2643027.893816,165908.261633,0.0,0.0,0.0,11847.226437,2211.493563,52589.94,53.412043
2019-08-17,9,2853194.050709,2651268.125984,201925.924725,0.0,0.0,0.0,13546.178,2218.542,57009.28,50.047888
2019-08-17,10,3207714.061835,2994190.003343,213524.058492,0.0,0.0,0.0,15486.750938,1308.219062,61017.03,52.5708
2019-08-17,11,3251432.729648,3022706.31489,228726.414757,0.0,0.0,0.0,15055.258428,2928.021572,64349.02,50.528085
2019-08-17,12,3323271.691026,3063473.507241,259798.183785,0.0,0.0,0.0,14957.890817,3558.019183,67014.36,49.590441
2019-08-17,13,3421114.69542,3120024.28724,301090.40818,0.0,0.0,0.0,14833.364,3821.276,69039.24,49.553192
2019-08-17,14,3444631.936661,3141105.110361,303526.8263,0.0,0.0,0.0,15113.660809,3768.129191,70271.86,49.018653
2019-08-17,15,3453492.823923,3141101.820361,312391.003562,0.0,0.0,0.0,14686.702661,3831.697339,70794.4,48.782006
2019-08-17,16,3449913.694862,3141101.820361,308811.8745,0.0,0.0,0.0,14804.057679,2943.922321,70529.3,48.914617
2019-08-17,17,3423060.675487,3120020.99724,303039.678247,0.0,0.0,0.0,14439.040607,2800.269393,68986.03,49.619621
2019-08-17,18,3320981.380412,3063470.217241,257511.16317,0.0,0.0,0.0,13917.391992,2265.178008,66363.85,50.042024
2019-08-17,19,3296116.705543,3062901.318967,233215.386576,0.0,0.0,0.0,12837.614445,1983.005555,64258.71,51.294474
2019-08-17,20,1154800.09674,937358.507242,217441.589498,0.0,0.0,0.0,13253.511144,1807.648856,61852.4,18.670255
2019-08-17,21,1055516.866144,876126.363343,179390.502801,0.0,0.0,0.0,13692.667461,1853.752539,58518.67,18.037267
2019-08-17,22,837924.955925,675549.921407,162375.034517,0.0,0.0,0.0,13558.33186,1581.64814,54939.05,15.251901
2019-08-17,23,766753.768369,634205.064527,132548.703843,0.0,0.0,0.0,14017.153545,1719.566455,51795.08,14.803602
2019-08-18,0,682243.39206,556701.350696,125542.041364,0.0,0.0,0.0,13544.414632,1836.195368,49222.01,13.860535
2019-08-18,1,585720.597699,465222.868323,120497.729376,0.0,0.0,0.0,13203.722028,1855.747972,47247.54,12.396849
2019-08-18,2,556712.786325,446396.343074,110316.44325,0.0,0.0,0.0,13972.42742,1743.29258,45778.23,12.161082
2019-08-18,3,523767.503536,417155.594558,106611.908978,0.0,0.0,0.0,14045.473775,1767.706225,44713.49,11.713859
2019-08-18,4,533783.298318,433598.536475,100184.761843,0.0,0.0,0.0,13520.322083,1920.097917,44298.7,12.049638
2019-08-18,5,527095.806129,423562.579041,103533.227088,0.0,0.0,0.0,13472.909657,1816.500343,44208.1,11.923059
2019-08-18,6,542743.493409,439733.248343,103010.245066,0.0,0.0,0.0,13123.087009,1931.502991,44262.9,12.261815
2019-08-18,7,635054.966429,513677.400166,121377.566263,0.0,0.0,0.0,12642.170841,1952.409159,47027.89,13.503795
2019-08-18,8,760500.632165,609654.020679,150846.611486,0.0,0.0,0.0,13582.847953,2098.662047,51431.87,14.786564
2019-08-18,9,895627.324037,711760.822196,183866.501841,0.0,0.0,0.0,14471.368,2115.922,55591.98,16.110729
2019-08-18,10,1112016.263756,912327.394131,199688.869625,0.0,0.0,0.0,14740.744732,2319.955268,59309.71,18.749312
2019-08-18,11,1197473.005794,973548.952468,223924.053326,0.0,0.0,0.0,14391.321512,3513.858488,62387.63,19.194078
2019-08-18,12,1241118.842821,981325.081328,259793.761493,0.0,0.0,0.0,14601.934963,3518.735037,65314.98,19.002055
2019-08-18,13,1301992.556582,1035658.533051,266334.023531,0.0,0.0,0.0,16038.7564,1626.2636,67977.57,19.153267
2019-08-18,14,1330490.327469,1045525.018978,284965.308491,0.0,0.0,0.0,16704.496979,1339.113021,70003.62,19.006022
2019-08-18,15,1401607.260928,1102072.508977,299534.751951,0.0,0.0,0.0,16691.534,904.546,71238.94,19.674735
2019-08-18,16,1406728.925333,1102069.218977,304659.706356,0.0,0.0,0.0,15801.057,710.393,71504.87,19.67319
2019-08-18,17,1397471.755896,1102069.218977,295402.536919,0.0,0.0,0.0,15040.958054,1120.471946,70293.56,19.880509
2019-08-18,18,1382368.109305,1101718.218977,280649.890328,0.0,0.0,0.0,13148.951534,2136.958466,67881.02,20.364575
2019-08-18,19,1329185.867751,1045167.438978,284018.428773,0.0,0.0,0.0,11793.889559,2302.960441,66073.48,20.116783
2019-08-18,20,1281255.845383,1045521.728978,235734.116405,0.0,0.0,0.0,12867.914048,1611.885952,63421.57,20.20221
2019-08-18,21,1092670.342281,909422.165243,183248.177038,0.0,0.0,0.0,13561.861004,1133.778996,59330.27,18.416743
2019-08-18,22,874621.178008,708849.013307,165772.164701,0.0,0.0,0.0,13078.27,513.95,54983.29,15.907036
2019-08-18,23,793655.585028,659181.301883,134474.283145,0.0,0.0,0.0,13488.508731,651.141269,51530.07,15.401795
2019-08-19,0,713667.21098,588745.323703,124921.887277,0.0,0.0,0.0,13505.900441,927.489559,49023.09,14.557777
2019-08-19,1,627983.714904,504538.508439,123445.206466,0.0,0.0,0.0,12798.460583,1354.529417,47264.82,13.286493
2019-08-19,2,614432.37579,492164.510188,122267.865602,0.0,0.0,0.0,11996.236843,811.153157,46224.5,13.292353
2019-08-19,3,630294.373564,509240.48924,121053.884323,0.0,0.0,0.0,10980.842094,650.997906,46094.88,13.673848
2019-08-19,4,703143.351446,575651.314564,127492.036883,0.0,0.0,0.0,10090.68,368.41,47190.87,14.899987
2019-08-19,5,747382.899388,590687.382485,156695.516904,0.0,0.0,0.0,9018.432234,389.937766,49122.03,15.214821
2019-08-19,6,820970.963299,662052.145524,158918.817775,0.0,0.0,0.0,8230.26,287.02,49456.02,16.600021
2019-08-19,7,972534.13301,803081.204789,169452.928221,0.0,0.0,0.0,7441.31,264.15,51590.8,18.850922
2019-08-19,8,1019962.164506,827889.567405,192072.597101,0.0,0.0,0.0,8966.19,324.71,55237.63,18.464988
2019-08-19,9,1125341.412734,902402.187241,222939.225493,0.0,0.0,0.0,10575.506626,866.743374,59138.02,19.029068
2019-08-19,10,1585235.493849,1348241.397465,236994.096384,0.0,0.0,0.0,11977.684802,1922.315198,62900.9,25.202111
2019-08-19,11,1949285.793825,1699800.303864,249485.489961,0.0,0.0,0.0,12356.54427,892.80573,66568.02,29.282616
2019-08-19,12,2032571.172319,1761384.467763,271186.704556,0.0,0.0,0.0,12530.253625,774.896375,70042.28,29.019203
2019-08-19,13,2109885.514615,1817931.957762,291953.556853,0.0,0.0,0.0,12562.371423,1133.938577,72647.81,29.042658
2019-08-19,14,2129030.716932,1817928.667762,311102.049169,0.0,0.0,0.0,12851.18841,1349.53159,73793.64,28.851141
2019-08-19,15,2123651.896134,1817178.713363,306473.182771,0.0,0.0,0.0,13471.639459,1312.300541,73870.64,28.748254
2019-08-19,16,2106711.401733,1817931.957762,288779.44397,0.0,0.0,0.0,13646.763206,1350.856794,73382.41,28.70867
2019-08-19,17,2045631.354671,1761377.887763,284253.466907,0.0,0.0,0.0,14049.079681,981.250319,71938.96,28.435654
2019-08-19,18,1972248.100633,1720607.915412,251640.185221,0.0,0.0,0.0,14083.290006,519.499994,69457.64,28.394977
2019-08-19,19,1856137.833378,1600483.670714,255654.162664,0.0,0.0,0.0,12901.387895,1110.872105,67665.55,27.431061
2019-08-19,20,3955506.903634,3725898.481064,229608.42257,0.0,0.0,0.0,12045.599393,871.100607,64646.22,61.186979
2019-08-19,21,3810441.02713,3636448.244189,173992.782941,0.0,0.0,0.0,12094.668474,569.101526,60035.62,63.469671
2019-08-19,22,3201709.803866,3032312.116374,169397.687492,0.0,0.0,0.0,12003.17,423.39,55559.92,57.626249
2019-08-19,23,2797532.917124,2662410.949783,135121.967341,0.0,0.0,0.0,13098.458177,606.351823,51874.74,53.928616
2019-08-20,0,2596618.288699,2459114.253908,137504.034791,0.0,0.0,0.0,13721.360682,1040.649318,49243.03,52.730677
2019-08-20,1,2562312.736478,2438506.22141,123806.515069,0.0,0.0,0.0,13455.818138,1499.561862,47190.78,54.296893
2019-08-20,2,2543602.53488,2416169.102787,127433.432093,0.0,0.0,0.0,12519.021298,1272.608702,45982.23,55.317077
2019-08-20,3,2560687.537103,2436248.446495,124439.090609,0.0,0.0,0.0,11788.012696,1165.477304,45599.06,56.156586
2019-08-20,4,2617403.295821,2490188.50572,127214.790101,0.0,0.0,0.0,10887.725536,1121.264464,46529.91,56.25206
2019-08-20,5,2675330.049806,2518036.381839,157293.667967,0.0,0.0,0.0,9058.8,513.29,48518.42,55.140502
2019-08-20,6,2757796.99234,2591871.546235,165925.446106,0.0,0.0,0.0,6448.26,368.98,48763.67,56.554336
2019-08-20,7,2843903.838275,2636067.569435,207836.268841,0.0,0.0,0.0,4496.2,268.27,50626.24,56.174502
2019-08-20,8,2939218.561525,2711085.15745,228133.404075,0.0,0.0,0.0,6690.384,166.966,54467.84,53.962459
2019-08-20,9,3026959.604958,2782928.814138,244030.79082,0.0,0.0,0.0,9331.4,455.78,58619.23,51.637656
2019-08-20,10,3386296.530009,3132694.451605,253602.078404,0.0,0.0,0.0,12086.168904,737.481096,62620.84,54.076191
2019-08-20,11,3413568.416601,3137638.927078,275929.489524,0.0,0.0,0.0,11995.395863,807.384137,65525.26,52.095458
2019-08-20,12,3441693.920937,3137986.637077,303707.283859,0.0,0.0,0.0,11787.393429,1793.716571,67493.62,50.992878
2019-08-20,13,3472793.531929,3171285.218977,301508.312951,0.0,0.0,0.0,12983.798896,1561.341104,68922.02,50.387286
2019-08-20,14,3534249.539231,3227836.508976,306413.030254,0.0,0.0,0.0,13196.833,1602.677,70271.03,50.294546
2019-08-20,15,3542939.912101,3227833.218976,315106.693125,0.0,0.0,0.0,13180.63388,1714.49612,71163.05,49.786229
2019-08-20,16,3554465.212141,3227833.218976,326631.993165,0.0,0.0,0.0,13215.901132,1452.438868,71171.37,49.942346
2019-08-20,17,3539375.263223,3227833.218976,311542.044247,0.0,0.0,0.0,12628.459096,1633.610904,69660.75,50.808745
2019-08-20,18,3463569.100884,3171282.438977,292286.661907,0.0,0.0,0.0,11993.971008,1789.528992,67240.67,51.510033
2019-08-20,19,3398358.215463,3130512.466626,267845.748837,0.0,0.0,0.0,11763.033444,1514.346556,65343.61,52.007506
2019-08-20,20,3348397.382418,3109431.643506,238965.738913,0.0,0.0,0.0,10423.431167,905.168833,62310.51,53.737281
2019-08-20,21,3204503.442352,2988811.960825,215691.481527,0.0,0.0,0.0,9666.47,380.2,57804.75,55.43668
2019-08-20,22,2970676.845736,2779028.225757,191648.61998,0.0,0.0,0.0,8554.51,267.38,53367.94,55.664072
2019-08-20,23,2886387.134981,2719684.8898,166702.24518,0.0,0.0,0.0,8163.58,262.29,49868.04,57.880501
2019-08-21,0,2837524.500354,2691928.518517,145595.981836,0.0,0.0,0.0,7404.36,270.81,47179.51,60.143153
2019-08-21,1,2752259.678578,2616907.640502,135352.038076,0.0,0.0,0.0,7159.03,295.57,45196.7,60.895147
2019-08-21,2,2744804.168869,2616907.640502,127896.528367,0.0,0.0,0.0,6443.92,281.3,43974.09,62.418669
2019-08-21,3,2746182.971807,2616907.640502,129275.331304,0.0,0.0,0.0,5975.7,270.08,43778.39,62.729191
2019-08-21,4,2821503.12763,2688974.569821,132528.557809,0.0,0.0,0.0,5576.92,258.64,44983.38,62.723235
2019-08-21,5,2852972.125492,2688964.699821,164007.425671,0.0,0.0,0.0,4864.34,220.21,47111.95,60.557292
2019-08-21,6,2933550.271952,2770028.688992,163521.58296,0.0,0.0,0.0,4759.79,223.69,47410.59,61.875422
2019-08-21,7,2949760.44538,2770022.618992,179737.826388,0.0,0.0,0.0,5241.74,273.09,49341.74,59.782254
2019-08-21,8,3097879.660655,2901109.636047,196770.024608,0.0,0.0,0.0,6566.07,262.73,52831.15,58.637369
2019-08-21,9,3265184.408284,3046763.013393,218421.394891,0.0,0.0,0.0,8911.34,307.57,56948.74,57.335499
2019-08-21,10,3559741.758763,3338208.129581,221533.629182,0.0,0.0,0.0,11748.312759,338.787241,60914.3,58.438524
2019-08-21,11,3722334.772244,3490089.520964,232245.251281,0.0,0.0,0.0,11072.915929,437.134071,64449.72,57.755639
2019-08-21,12,3760873.661754,3490076.870964,270796.79079,0.0,0.0,0.0,10313.020068,1235.329932,67538.99,55.684482
2019-08-21,13,3789375.357977,3490076.870964,299298.487013,0.0,0.0,0.0,10486.028488,1152.411512,69779.32,54.305135
2019-08-21,14,3798504.7662,3490076.870964,308427.895236,0.0,0.0,0.0,10830.597914,1201.272086,70947.11,53.539951
2019-08-21,15,3808564.635806,3490076.870964,318487.764842,0.0,0.0,0.0,11197.402937,1181.117063,71682.89,53.130735
2019-08-21,16,3793931.409273,3490076.870964,303854.53831,0.0,0.0,0.0,11461.726508,979.273492,71468.06,53.085692
2019-08-21,17,3779635.938767,3490076.870964,289559.067803,0.0,0.0,0.0,11412.562913,808.377087,69771.36,54.17174
2019-08-21,18,3736472.75768,3490076.870964,246395.886716,0.0,0.0,0.0,11803.21212,628.13788,67136.33,55.655005
2019-08-21,19,3601757.969508,3371675.295493,230082.674015,0.0,0.0,0.0,11694.690662,1094.149338,65167.96,55.268846
2019-08-21,20,3575292.335277,3371675.295493,203617.039784,0.0,0.0,0.0,10514.29,471.72,62163.21,57.514603
2019-08-21,21,3271404.708262,3090534.193832,180870.514431,0.0,0.0,0.0,10099.84,350.45,57612.87,56.782533
2019-08-21,22,2973407.821322,2817342.447655,156065.373668,0.0,0.0,0.0,10175.51,268.24,53184.12,55.907813
2019-08-21,23,2883789.291708,2756194.35094,127594.940768,0.0,0.0,0.0,9676.03,236.15,49457.81,58.308067
2019-08-22,0,2710306.236061,2574437.19095,135869.045111,0.0,0.0,0.0,8936.96,220.71,46873.84,57.821297
2019-08-22,1,2605624.567235,2475126.1178,130498.449435,0.0,0.0,0.0,8340.27,222.26,44962.66,57.950854
2019-08-22,2,2587967.12674,2459218.888359,128748.238381,0.0,0.0,0.0,7640.06,202.45,43772.74,59.122804
2019-08-22,3,2587513.731225,2459218.888359,128294.842866,0.0,0.0,0.0,7319.53,207.95,43470.19,59.523865
2019-08-22,4,2665954.079526,2543207.208568,122746.870958,0.0,0.0,0.0,7507.97,242.18,44628.43,59.736676
2019-08-22,5,2695735.046093,2543194.048568,152540.997525,0.0,0.0,0.0,6573.54,236.59,46768.5,57.639972
2019-08-22,6,2731100.344382,2571058.374687,160041.969696,0.0,0.0,0.0,5849.88,237.51,47189.48,57.875195
2019-08-22,7,2843757.138889,2671320.536926,172436.601963,0.0,0.0,0.0,5413.51,248.97,49247.02,57.744756
2019-08-22,8,2942124.308012,2746331.544942,195792.76307,0.0,0.0,0.0,6782.21,363.26,52772.04,55.751574
2019-08-22,9,2966855.532125,2746328.254942,220527.277183,0.0,0.0,0.0,9524.803392,608.016608,56604.04,52.414201
2019-08-22,10,3359684.976962,3133694.082094,225990.894868,0.0,0.0,0.0,12623.631131,754.708869,60167.3,55.839052
2019-08-22,11,3455910.455525,3215655.860357,240254.595168,0.0,0.0,0.0,11828.64245,1294.12755,63499.98,54.423804
2019-08-22,12,3566318.44565,3293285.193477,273033.252173,0.0,0.0,0.0,11851.602978,1139.177022,66765.18,53.415844
2019-08-22,13,3658401.765588,3359293.374727,299108.390861,0.0,0.0,0.0,11677.868985,1288.591015,69157.95,52.899222
2019-08-22,14,3702048.509636,3392592.466627,309456.043009,0.0,0.0,0.0,11548.847857,1223.342143,70549.41,52.47455
2019-08-22,15,3708661.934879,3392589.686627,316072.248252,0.0,0.0,0.0,11493.250779,1248.629221,71185.83,52.098317
2019-08-22,16,3702785.579403,3392589.686627,310195.892776,0.0,0.0,0.0,11321.139531,1175.770469,70687.36,52.38257
2019-08-22,17,3683182.627797,3392589.686627,290592.94117,0.0,0.0,0.0,11357.630388,726.899612,68861.95,53.48647
2019-08-22,18,3645581.178135,3392589.686627,252991.491508,0.0,0.0,0.0,11359.14,154.1,66167.16,55.096534
2019-08-22,19,3517315.158139,3274188.111156,243127.046983,0.0,0.0,0.0,10667.58,241.38,64199.91,54.786917
2019-08-22,20,3484852.394224,3274188.111156,210664.283068,0.0,0.0,0.0,9580.6,222.92,61333.1,56.818462
2019-08-22,21,3416833.978307,3253374.939608,163459.038699,0.0,0.0,0.0,9625.48,209.71,57107.71,59.831395
2019-08-22,22,2986108.21429,2835681.927846,150426.286444,0.0,0.0,0.0,9799.89,204.39,52801.42,56.553559
2019-08-22,23,2906052.318094,2782249.621131,123802.696963,0.0,0.0,0.0,9439.23,223.14,49395.21,58.832675
2019-08-23,0,2704338.952752,2566694.781976,137644.170777,0.0,0.0,0.0,9297.76,243.63,46975.44,57.56921
2019-08-23,1,2615633.356418,2491493.573476,124139.782942,0.0,0.0,0.0,9748.1,270.64,45234.55,57.823795
2019-08-23,2,2556165.957558,2435857.362953,120308.594606,0.0,0.0,0.0,9822.67,304.19,44067.54,58.005642
2019-08-23,3,2543721.517033,2424438.557704,119282.959329,0.0,0.0,0.0,10104.75,357.99,43846.36,58.014428
2019-08-23,4,2605571.454543,2482861.647799,122709.806744,0.0,0.0,0.0,9726.41,434.38,44926.8,57.995928
2019-08-23,5,2632952.711918,2482841.907799,150110.804118,0.0,0.0,0.0,8670.41,394.84,46996.12,56.024896
2019-08-23,6,2700525.101594,2550916.418568,149608.683026,0.0,0.0,0.0,7369.67,375.0,47374.87,57.003325
2019-08-23,7,2743205.973862,2560431.394494,182774.579367,0.0,0.0,0.0,5900.45,529.83,49309.91,55.63194
2019-08-23,8,2871773.573377,2679651.58571,192121.987667,0.0,0.0,0.0,7796.791,375.709,52613.21,54.582748
2019-08-23,9,2896153.894421,2679645.00571,216508.888711,0.0,0.0,0.0,10001.364484,1185.295516,56221.82,51.512987
2019-08-23,10,3107609.214272,2883265.083837,224344.130435,0.0,0.0,0.0,12838.348343,948.181657,59743.8,52.015593
2019-08-23,11,3298462.04215,3045136.80705,253325.235101,0.0,0.0,0.0,12041.166597,1453.923403,62625.32,52.669783
2019-08-23,12,3349493.22125,3063473.507241,286019.714009,0.0,0.0,0.0,11657.023768,1223.826232,64679.56,51.785962
2019-08-23,13,3402556.217808,3084554.330362,318001.887445,0.0,0.0,0.0,11306.218,944.392,65666.98,51.81533
2019-08-23,14,3407097.49235,3084551.040362,322546.451988,0.0,0.0,0.0,10936.415764,1327.804236,65979.67,51.638596
2019-08-23,15,3381237.729689,3084551.040362,296686.689327,0.0,0.0,0.0,11410.861238,1193.158762,65668.25,51.489688
2019-08-23,16,3323522.855532,3063737.868814,259784.986718,0.0,0.0,0.0,11739.018552,406.121448,63996.08,51.933226
2019-08-23,17,3273590.232434,3042657.045693,230933.186741,0.0,0.0,0.0,11383.24,314.69,61576.63,53.162868
2019-08-23,18,3200346.978319,3001887.073342,198459.904976,0.0,0.0,0.0,11165.145526,571.674474,59007.61,54.236174
2019-08-23,19,3142499.784979,2957687.760142,184812.024837,0.0,0.0,0.0,11113.392733,1302.577267,57740.81,54.424241
2019-08-23,20,3020923.216531,2834499.669119,186423.547412,0.0,0.0,0.0,10476.68332,940.41668,55687.94,54.247351
2019-08-23,21,3026134.773688,2879185.022524,146949.751164,0.0,0.0,0.0,10825.905753,617.234247,52564.39,57.570054
2019-08-23,22,2823978.688562,2678608.580589,145370.107973,0.0,0.0,0.0,9823.410006,519.499994,49357.98,57.214227
2019-08-23,23,2600833.002819,2462529.150909,138303.851909,0.0,0.0,0.0,9336.251168,584.418832,46369.32,56.089522
2019-08-24,0,2546016.724748,2419213.205816,126803.518932,0.0,0.0,0.0,8976.435723,531.164277,44122.63,57.703195
2019-08-24,1,2518680.39626,2398605.173318,120075.222942,0.0,0.0,0.0,8553.568271,528.281729,42451.84,59.3303
2019-08-24,2,2502598.316811,2381661.431294,120936.885517,0.0,0.0,0.0,7890.88,421.74,41243.8,60.67817
2019-08-24,3,2500067.68322,2381661.431294,118406.251926,0.0,0.0,0.0,7576.85,378.63,40740.35,61.365886
2019-08-24,4,2514206.185199,2397126.210269,117079.97493,0.0,0.0,0.0,7453.49,339.88,40842.31,61.558863
2019-08-24,5,2552797.116037,2418081.037541,134716.078496,0.0,0.0,0.0,5752.521,231.689,41426.51,61.622307
2019-08-24,6,2622421.120697,2487703.267638,134717.853059,0.0,0.0,0.0,4316.52,191.55,41990.43,62.452828
2019-08-24,7,2680453.627865,2512264.181486,168189.446379,0.0,0.0,0.0,3244.83,151.97,44365.6,60.417387
2019-08-24,8,2755283.790678,2574802.974878,180480.8158,0.0,0.0,0.0,4159.535868,69.534132,47597.68,57.886935
2019-08-24,9,2840924.101863,2622969.677886,217954.423977,0.0,0.0,0.0,5817.26,113.52,51387.38,55.284471
2019-08-24,10,3030311.045864,2806630.175211,223680.870652,0.0,0.0,0.0,7979.59,72.73,55281.92,54.81559
2019-08-24,11,3209956.438981,2968769.549996,241186.888985,0.0,0.0,0.0,8669.14,63.93,58521.8,54.85061
2019-08-24,12,3266049.488633,3009536.742347,256512.746286,0.0,0.0,0.0,9506.556799,244.643201,61338.0,53.246755
2019-08-24,13,3378692.032206,3084554.330362,294137.701844,0.0,0.0,0.0,9529.233,723.707,63562.43,53.155489
2019-08-24,14,3378488.785717,3084551.040362,293937.745355,0.0,0.0,0.0,10285.77913,868.10087,64689.28,52.226409
2019-08-24,15,3359486.270854,3084551.040362,274935.230492,0.0,0.0,0.0,11387.913828,723.606172,64586.98,52.014915
2019-08-24,16,1217032.597933,958787.040362,258245.557571,0.0,0.0,0.0,11971.858999,990.051001,63258.9,19.238915
2019-08-24,17,1140299.23511,916893.045694,223406.189416,0.0,0.0,0.0,11771.143579,1692.186421,61028.24,18.68478
2019-08-24,18,1037763.064162,841875.457679,195887.606483,0.0,0.0,0.0,11489.082491,2251.907509,58531.48,17.729999
2019-08-24,19,989532.742226,801105.485328,188427.256898,0.0,0.0,0.0,11255.544765,2093.685235,57290.26,17.272268
2019-08-24,20,968488.93387,801105.485328,167383.448542,0.0,0.0,0.0,10570.261979,1899.668021,55041.84,17.595504
2019-08-24,21,906429.480712,748083.49248,158345.988232,0.0,0.0,0.0,9888.285527,1187.314473,52061.78,17.410651
2019-08-24,22,740379.52666,585242.746703,155136.779957,0.0,0.0,0.0,7937.628053,551.751947,49037.21,15.098321
2019-08-24,23,590734.017212,444180.905039,146553.112173,0.0,0.0,0.0,6915.245315,484.584685,46300.49,12.758699
2019-08-25,0,521070.461482,381291.111648,139779.349834,0.0,0.0,0.0,6206.99,363.44,44100.37,11.815558
2019-08-25,1,506402.171678,381645.401647,124756.770031,0.0,0.0,0.0,5726.81,288.26,42453.4,11.928424
2019-08-25,2,477289.495117,349670.1878,127619.307317,0.0,0.0,0.0,5140.11,250.05,41270.1,11.565019
2019-08-25,3,473637.183477,349670.1878,123966.995677,0.0,0.0,0.0,4751.77,221.07,40562.36,11.676766
2019-08-25,4,474224.227848,349670.1878,124554.040048,0.0,0.0,0.0,4499.88,198.72,40380.57,11.743872
2019-08-25,5,474532.059139,349670.1878,124861.871339,0.0,0.0,0.0,4678.53,212.49,40573.02,11.695754
2019-08-25,6,490051.435509,366602.753727,123448.681782,0.0,0.0,0.0,4858.42,225.14,40868.57,11.990912
2019-08-25,7,599219.862258,459959.821934,139260.040324,0.0,0.0,0.0,5122.147,115.193,43371.57,13.81596
2019-08-25,8,676864.025558,519205.073054,157658.952504,0.0,0.0,0.0,6890.662062,382.677938,47292.18,14.312388
2019-08-25,9,717712.321213,519198.493054,198513.828159,0.0,0.0,0.0,9600.675,714.475,51729.25,13.8744
2019-08-25,10,1009164.646802,812441.123226,196723.523576,0.0,0.0,0.0,11924.435557,1621.234443,56130.33,17.978954
2019-08-25,11,1168030.140741,953489.80489,214540.335851,0.0,0.0,0.0,12615.212634,2347.877366,59707.45,19.562553
2019-08-25,12,1151423.388479,902730.771322,248692.617157,0.0,0.0,0.0,12649.196941,3093.803059,61640.81,18.679563
2019-08-25,13,1166934.781243,902727.481322,264207.299921,0.0,0.0,0.0,13395.682,2158.108,63152.62,18.478011
2019-08-25,14,1255226.719756,943500.743673,311725.976082,0.0,0.0,0.0,14080.133,1598.807,64423.83,19.483888
2019-08-25,15,1240156.391388,943497.453673,296658.937715,0.0,0.0,0.0,13536.25975,1796.43025,65423.39,18.955856
2019-08-25,16,1294411.944079,943497.453673,350914.490406,0.0,0.0,0.0,13814.988,650.492,65697.08,19.702732
2019-08-25,17,1293004.42416,943497.453673,349506.970487,0.0,0.0,0.0,13136.992,894.478,65080.72,19.867703
2019-08-25,18,1287804.466102,943497.453673,344307.012429,0.0,0.0,0.0,11158.455,1469.345,63282.05,20.350233
2019-08-25,19,1232296.764366,943497.453673,288799.310693,0.0,0.0,0.0,10101.429214,1013.110786,62144.74,19.829462
2019-08-25,20,1172749.393602,943497.453673,229251.939928,0.0,0.0,0.0,10173.580006,519.499994,59742.49,19.630072
2019-08-25,21,1032699.40186,860833.486654,171865.915207,0.0,0.0,0.0,11411.130006,519.499994,55986.9,18.445376
2019-08-25,22,794167.391187,632831.83071,161335.560477,0.0,0.0,0.0,12494.560006,686.289994,52010.65,15.269323
2019-08-25,23,684760.122456,552281.130421,132478.992035,0.0,0.0,0.0,13519.970006,519.499994,48880.56,14.008844
2019-08-26,0,644130.649438,528569.811396,115560.838042,0.0,0.0,0.0,13879.580006,519.499994,46775.29,13.770746
2019-08-26,1,628265.552478,528569.811396,99695.741083,0.0,0.0,0.0,14074.733277,636.376723,45411.67,13.834892
2019-08-26,2,615061.301458,519033.789372,96027.512085,0.0,0.0,0.0,13900.877194,538.142806,44676.43,13.76702
2019-08-26,3,618739.222506,519033.789372,99705.433134,0.0,0.0,0.0,13379.430006,519.499994,44732.31,13.832043
2019-08-26,4,669563.765729,561483.51767,108080.248059,0.0,0.0,0.0,12702.697341,558.162659,46169.55,14.502281
2019-08-26,5,732639.059171,594772.22957,137866.8296,0.0,0.0,0.0,11945.02,515.15,48731.04,15.034341
2019-08-26,6,823384.360203,690708.286457,132676.073745,0.0,0.0,0.0,10782.14,451.68,49072.07,16.779084
2019-08-26,7,849961.826809,690695.126457,159266.700352,0.0,0.0,0.0,9175.31,394.9,50798.72,16.731954
2019-08-26,8,937537.182038,747888.577815,189648.604223,0.0,0.0,0.0,11351.692614,608.297386,54345.12,17.251543
2019-08-26,9,1110253.986632,908101.818132,202152.168501,0.0,0.0,0.0,12705.401458,1572.398542,58605.57,18.944513
2019-08-26,10,1515718.599062,1307775.990965,207942.608097,0.0,0.0,0.0,14301.189456,1274.410544,62912.82,24.092365
2019-08-26,11,1540050.525546,1307762.090965,232288.434581,0.0,0.0,0.0,14073.777587,2648.022413,66780.69,23.061315
2019-08-26,12,1555694.241988,1307762.090965,247932.151023,0.0,0.0,0.0,16226.803732,1280.676268,70257.84,22.142643
2019-08-26,13,1622271.146074,1364316.160964,257954.98511,0.0,0.0,0.0,16858.212542,966.607458,72927.85,22.244878
2019-08-26,14,1636910.543701,1364312.870964,272597.672737,0.0,0.0,0.0,16852.651301,1001.088699,73946.48,22.136423
2019-08-26,15,1655831.300985,1364312.870964,291518.43002,0.0,0.0,0.0,16589.973125,940.836875,74433.15,22.245885
2019-08-26,16,3761716.494661,3490078.681314,271637.813348,0.0,0.0,0.0,16527.178564,267.751436,74263.72,50.653489
2019-08-26,17,3794314.286654,3490076.870964,304237.41569,0.0,0.0,0.0,13614.041191,2218.338809,73213.14,51.825592
2019-08-26,18,3775145.605697,3490076.870964,285068.734733,0.0,0.0,0.0,12494.499737,2112.710263,70760.37,53.351129
2019-08-26,19,3740759.855452,3468996.047843,271763.807609,0.0,0.0,0.0,11598.377308,2021.702692,69051.38,54.173571
2019-08-26,20,3685894.485436,3468996.047843,216898.437593,0.0,0.0,0.0,12244.989756,2032.110244,65942.49,55.895592
2019-08-26,21,3358726.816892,3156796.845414,201929.971478,0.0,0.0,0.0,13734.047898,2022.342102,61432.64,54.673327
2019-08-26,22,3052556.825793,2870988.529638,181568.296155,0.0,0.0,0.0,13953.547992,2190.712008,57066.37,53.491344
2019-08-26,23,2833202.774229,2675403.502154,157799.272075,0.0,0.0,0.0,14698.486685,1821.283315,53473.35,52.983454
2019-08-27,0,2738895.371639,2598585.081362,140310.290277,0.0,0.0,0.0,15061.157785,1238.202215,50917.78,53.79055
2019-08-27,1,2573461.976951,2415968.118733,157493.858219,0.0,0.0,0.0,14445.002,1491.458,48988.82,52.531618
2019-08-27,2,2556309.903906,2415968.118733,140341.785173,0.0,0.0,0.0,14593.197232,657.312768,47686.17,53.606945
2019-08-27,3,2549131.723638,2410073.942027,139057.781612,0.0,0.0,0.0,14011.361226,395.798774,47311.7,53.879521
2019-08-27,4,2595115.732003,2450350.354682,144765.377321,0.0,0.0,0.0,12919.78,241.22,48239.19,53.796835
2019-08-27,5,2618437.730153,2450337.194682,168100.535471,0.0,0.0,0.0,12028.37503,378.63497,49805.0,52.573792
2019-08-27,6,2632787.466035,2468679.964874,164107.501161,0.0,0.0,0.0,11698.67,266.77,49568.79,53.113813
2019-08-27,7,2648387.421986,2483725.902795,164661.519191,0.0,0.0,0.0,11291.35,105.42,50018.34,52.948327
2019-08-27,8,2712074.21402,2536747.895642,175326.318378,0.0,0.0,0.0,10903.175,424.405,51796.45,52.360233
2019-08-27,9,2757444.368963,2561559.038258,195885.330705,0.0,0.0,0.0,10603.349151,2226.610849,54074.19,50.993725
2019-08-27,10,2789442.569214,2582368.919806,207073.649408,0.0,0.0,0.0,10962.086241,1319.463759,55972.25,49.83617
2019-08-27,11,2803701.667373,2589733.199806,213968.467567,0.0,0.0,0.0,12544.394939,2515.625061,58060.59,48.289238
2019-08-27,12,2848492.524279,2633933.023006,214559.501273,0.0,0.0,0.0,14304.860943,2730.129057,60189.52,47.32539
2019-08-27,13,2853345.817897,2633711.834731,219633.983166,0.0,0.0,0.0,15099.148297,1602.231703,61147.09,46.66364
2019-08-27,14,2862551.555725,2633654.27587,228897.279854,0.0,0.0,0.0,14632.124129,2222.605871,61075.23,46.869272
2019-08-27,15,2873191.337948,2633933.023006,239258.314942,0.0,0.0,0.0,14417.638673,1554.141327,61125.97,47.004429
2019-08-27,16,2877577.277189,2634284.023006,243293.254183,0.0,0.0,0.0,14287.150635,1028.439365,60769.18,47.352577
2019-08-27,17,2867835.323898,2634001.98587,233833.338028,0.0,0.0,0.0,12999.85718,871.96282,59458.23,48.232773
2019-08-27,18,2855420.903737,2634001.98587,221418.917867,0.0,0.0,0.0,11603.522334,871.297666,58011.2,49.22189
2019-08-27,19,2853999.059184,2633933.023006,220066.036178,0.0,0.0,0.0,10654.008645,978.321355,57404.16,49.717635
2019-08-27,20,2831828.572211,2633929.733006,197898.839205,0.0,0.0,0.0,9944.277534,879.112466,55152.9,51.345053
2019-08-27,21,2735566.958734,2568917.248258,166649.710475,0.0,0.0,0.0,9607.074384,823.215616,51375.9,53.246113
2019-08-27,22,2649325.708058,2511078.267529,138247.440529,0.0,0.0,0.0,9594.369296,526.680704,47746.51,55.487316
2019-08-27,23,2623008.962547,2511074.977529,111933.985018,0.0,0.0,0.0,8906.030955,863.509045,44843.54,58.49246
2019-08-28,0,2550589.487114,2432873.135982,117716.351132,0.0,0.0,0.0,8281.779704,1172.880296,42817.19,59.569287
2019-08-28,1,2472491.324241,2348319.525943,124171.798297,0.0,0.0,0.0,7922.800805,1170.699195,41291.93,59.878318
2019-08-28,2,2457424.627542,2336465.735144,120958.892399,0.0,0.0,0.0,8025.588721,1292.751279,40587.75,60.545968
2019-08-28,3,2461189.871803,2334598.814421,126591.057382,0.0,0.0,0.0,8206.956024,1675.173976,40580.32,60.649839
2019-08-28,4,2539182.645159,2425157.902767,114024.742392,0.0,0.0,0.0,9234.777464,1355.992536,42135.25,60.26267
2019-08-28,5,2609358.993193,2468066.692903,141292.30029,0.0,0.0,0.0,7195.030006,519.499994,44860.83,58.165642
2019-08-28,6,2673649.89553,2521082.105751,152567.789779,0.0,0.0,0.0,4961.18,412.18,45547.29,58.700526
2019-08-28,7,2719655.418118,2530600.371678,189055.046441,0.0,0.0,0.0,3692.56,246.22,47241.06,57.569737
2019-08-28,8,2854150.639916,2659082.306123,195068.333792,0.0,0.0,0.0,4579.376,53.234,50019.86,57.060348
2019-08-28,9,2880844.679037,2659069.656123,221775.022914,0.0,0.0,0.0,5819.43,397.67,53545.77,53.801536
2019-08-28,10,3202012.69914,2973902.422203,228110.276938,0.0,0.0,0.0,7816.88,280.44,56995.33,56.180264
2019-08-28,11,3282028.230109,3035750.947674,246277.282434,0.0,0.0,0.0,8062.40696,339.32304,60188.05,54.529566
2019-08-28,12,3364700.969176,3091548.483274,273152.485902,0.0,0.0,0.0,8507.814842,459.695158,63004.68,53.403985
2019-08-28,13,3388823.587975,3091545.193274,297278.394701,0.0,0.0,0.0,9511.016465,785.583535,65259.82,51.928179
2019-08-28,14,3548289.979041,3239099.132362,309190.846679,0.0,0.0,0.0,10111.02,799.98,66618.4,53.262912
2019-08-28,15,3542305.848881,3239096.352362,303209.496519,0.0,0.0,0.0,10477.408276,724.671724,67180.57,52.72813
2019-08-28,16,3519304.101788,3239498.596762,279805.505027,0.0,0.0,0.0,10759.878792,725.241208,66160.01,53.193827
2019-08-28,17,3428325.920135,3162131.355215,266194.56492,0.0,0.0,0.0,9983.387045,564.292955,63909.92,53.643095
2019-08-28,18,3400691.207231,3161634.709805,239056.497426,0.0,0.0,0.0,9103.93,247.79,61499.17,55.296538
2019-08-28,19,1298823.214015,1036728.225215,262094.988801,0.0,0.0,0.0,7804.415106,581.294894,60113.57,21.606157
2019-08-28,20,1253426.605502,1036718.355215,216708.250287,0.0,0.0,0.0,7442.97,331.11,57187.76,21.917743
2019-08-28,21,1096567.860101,923231.551619,173336.308481,0.0,0.0,0.0,7759.73,342.13,52939.45,20.713624
2019-08-28,22,792810.343657,643571.433018,149238.910639,0.0,0.0,0.0,8126.6,355.67,48903.07,16.211873
2019-08-28,23,655805.970063,515531.852156,140274.117907,0.0,0.0,0.0,7271.64,316.66,45663.59,14.361682
2019-08-29,0,586464.33579,452993.058764,133471.277026,0.0,0.0,0.0,6589.69,284.19,43421.13,13.506427
2019-08-29,1,574627.22827,452993.058764,121634.169506,0.0,0.0,0.0,6086.83,254.73,41908.11,13.7116
2019-08-29,2,559462.397224,443457.03674,116005.360484,0.0,0.0,0.0,5871.44,238.22,41000.92,13.645118
2019-08-29,3,552614.679885,436739.034549,115875.645336,0.0,0.0,0.0,6102.4,228.2,41020.44,13.471691
2019-08-29,4,586663.571903,468048.866685,118614.705218,0.0,0.0,0.0,6616.22,228.28,42365.84,13.847561
2019-08-29,5,650956.41601,512241.599885,138714.816126,0.0,0.0,0.0,6606.218,211.472,44850.38,14.513955
2019-08-29,6,656226.038204,512238.309885,143987.728319,0.0,0.0,0.0,6911.23,222.58,45441.8,14.441022
2019-08-29,7,715900.924294,555395.512692,160505.411602,0.0,0.0,0.0,7213.56,421.41,47127.55,15.19071
2019-08-29,8,816090.194949,630406.520707,185683.674242,0.0,0.0,0.0,8798.75,393.65,50522.32,16.153063
2019-08-29,9,942996.281839,735067.301679,207928.98016,0.0,0.0,0.0,10418.294165,1429.675835,54767.16,17.21828
2019-08-29,10,1190596.465185,950377.401606,240219.063579,0.0,0.0,0.0,10887.632383,2867.237617,58882.18,20.219979
2019-08-29,11,1288138.873571,1027655.734726,260483.138845,0.0,0.0,0.0,11813.206594,3627.093406,62709.72,20.541295
2019-08-29,12,1347468.806674,1068776.707077,278692.099597,0.0,0.0,0.0,12462.329007,3670.390993,66111.0,20.381915
2019-08-29,13,1397072.736058,1102071.998977,295000.737082,0.0,0.0,0.0,14050.106816,2128.143184,68772.73,20.314342
2019-08-29,14,1412156.741562,1102069.218977,310087.522586,0.0,0.0,0.0,14711.225063,1985.094937,70450.73,20.044601
2019-08-29,15,1433941.470747,1102069.218977,331872.251771,0.0,0.0,0.0,15324.471,1470.739,71071.61,20.176009
2019-08-29,16,1412857.341871,1102069.218977,310788.122894,0.0,0.0,0.0,14872.635857,1532.694143,70494.45,20.042107
2019-08-29,17,1395968.685861,1102069.218977,293899.466884,0.0,0.0,0.0,13569.170155,2159.949845,68697.66,20.320469
2019-08-29,18,1346235.847066,1045518.438978,300717.408089,0.0,0.0,0.0,11546.593761,3008.376239,65845.54,20.445361
2019-08-29,19,1315835.385082,1045167.438978,270667.946104,0.0,0.0,0.0,10889.561734,2224.888266,64106.35,20.52582
2019-08-29,20,1249381.190808,1009151.319168,240229.87164,0.0,0.0,0.0,10310.010522,1809.949478,61099.77,20.448214
2019-08-29,21,1113749.865075,916742.048693,197007.816382,0.0,0.0,0.0,9992.714891,1522.845109,56790.79,19.611452
2019-08-29,22,857771.669393,676037.032876,181734.636518,0.0,0.0,0.0,9133.462043,1044.247957,52621.92,16.300653
2019-08-29,23,799907.664606,651694.017303,148213.647303,0.0,0.0,0.0,8669.631796,980.008204,49077.65,16.298818
2019-08-30,0,689911.856367,546083.514472,143828.341895,0.0,0.0,0.0,8376.313813,1023.476187,46437.46,14.856796
2019-08-30,1,636162.974163,512781.132572,123381.841591,0.0,0.0,0.0,8593.213281,651.976719,44486.49,14.300139
2019-08-30,2,605223.15745,477616.231382,127606.926068,0.0,0.0,0.0,8528.956,336.104,43216.96,14.004297
2019-08-30,3,598129.178746,477616.231382,120512.947364,0.0,0.0,0.0,8258.129456,470.950544,42917.28,13.936791
2019-08-30,4,647733.042144,527391.200026,120341.842117,0.0,0.0,0.0,8296.961928,408.198072,44128.75,14.678255
2019-08-30,5,682043.763151,527378.040026,154665.723125,0.0,0.0,0.0,7464.79,277.53,46365.9,14.71003
2019-08-30,6,733084.360879,580403.322874,152681.038005,0.0,0.0,0.0,6634.477,265.083,46704.27,15.696303
2019-08-30,7,775577.722977,599114.10605,176463.616927,0.0,0.0,0.0,5860.79,337.02,48343.43,16.043084
2019-08-30,8,852369.737322,661652.899442,190716.83788,0.0,0.0,0.0,7009.276505,451.873495,51558.26,16.532166
2019-08-30,9,948739.04863,728577.984255,220161.064375,0.0,0.0,0.0,9128.280878,535.499122,55325.26,17.148388
2019-08-30,10,1130425.594461,896942.314891,233483.27957,0.0,0.0,0.0,11184.208362,1072.741638,59031.89,19.149405
2019-08-30,11,1269899.011304,1015347.690361,254551.320943,0.0,0.0,0.0,11244.458116,1189.471884,62215.03,20.411451
2019-08-30,12,1316869.692971,1015337.820361,301531.872609,0.0,0.0,0.0,10522.093628,1973.436372,64861.34,20.302844
2019-08-30,13,1298497.682094,1015337.820361,283159.861733,0.0,0.0,0.0,11202.420024,1524.369976,64632.42,20.090501
2019-08-30,14,1263531.396988,996647.34017,266884.056818,0.0,0.0,0.0,11429.739698,1268.360302,63757.35,19.817815
2019-08-30,15,1129575.186688,873928.268698,255646.91799,0.0,0.0,0.0,11864.370049,1704.269951,62705.39,18.014005
2019-08-30,16,1022879.540417,799261.680682,223617.859735,0.0,0.0,0.0,12880.562046,2183.717954,61162.32,16.724015
2019-08-30,17,912995.279372,701937.638332,211057.64104,0.0,0.0,0.0,12389.279998,2386.000002,58798.42,15.527548
2019-08-30,18,831889.620088,657738.325132,174151.294956,0.0,0.0,0.0,12351.539735,1845.480265,56184.07,14.806503
2019-08-30,19,791948.714341,615214.583328,176734.131013,0.0,0.0,0.0,11234.1816,1735.0584,55034.21,14.390117
2019-08-30,20,775293.603799,615496.620464,159796.983335,0.0,0.0,0.0,10408.990069,1346.059931,52928.92,14.647826
2019-08-30,21,717221.068141,575993.829927,141227.238214,0.0,0.0,0.0,10151.215045,1124.474955,50079.02,14.321787
2019-08-30,22,554628.40231,428439.380839,126189.021471,0.0,0.0,0.0,9240.164387,932.605613,47003.13,11.799818
2019-08-30,23,512973.273408,401280.511,111692.762408,0.0,0.0,0.0,8875.468481,656.751519,44144.52,11.620316
2019-08-31,0,483721.455588,385189.27489,98532.180697,0.0,0.0,0.0,8758.190006,519.499994,41822.47,11.566066
2019-08-31,1,362623.123549,256892.130268,105730.993281,0.0,0.0,0.0,8367.458628,932.941372,40110.94,9.040504
2019-08-31,2,358550.663368,257028.521993,101522.141375,0.0,0.0,0.0,7519.888482,626.751518,38929.63,9.210225
2019-08-31,3,359322.63185,257528.457404,101794.174446,0.0,0.0,0.0,6747.83,431.93,38288.34,9.384649
2019-08-31,4,380456.516895,276100.250394,104356.2665,0.0,0.0,0.0,5932.52,348.14,38275.54,9.939939
2019-08-31,5,401293.31383,284837.157177,116456.156652,0.0,0.0,0.0,4887.48,254.91,38783.05,10.347131
2019-08-31,6,491340.945203,369047.262442,122293.682761,0.0,0.0,0.0,4078.61,181.08,39259.23,12.515298
2019-08-31,7,562477.952065,422065.965289,140411.986775,0.0,0.0,0.0,3431.83,123.38,41644.41,13.506686
2019-08-31,8,625266.157141,455454.673402,169811.483739,0.0,0.0,0.0,4152.92,119.98,45063.13,13.875338
2019-08-31,9,670504.908583,487686.650199,182818.258384,0.0,0.0,0.0,5692.2,117.26,48480.29,13.830464
2019-08-31,10,725865.950586,531882.673399,193983.277187,0.0,0.0,0.0,7556.99,63.75,51730.89,14.031577
2019-08-31,11,802299.266571,572652.64575,229646.620821,0.0,0.0,0.0,8340.314542,170.835458,54551.8,14.707109
2019-08-31,12,985758.158198,713713.977414,272044.180784,0.0,0.0,0.0,8831.357,723.943,56886.27,17.328578
2019-08-31,13,1016141.54154,729004.074103,287137.467437,0.0,0.0,0.0,9597.49,747.97,58638.5,17.328914
2019-08-31,14,1011038.37386,729000.784103,282037.589757,0.0,0.0,0.0,10203.67,1149.16,59700.7,16.935118
2019-08-31,15,1045895.307283,780639.572227,265255.735056,0.0,0.0,0.0,10660.520561,1445.599439,60185.91,17.377744
2019-08-31,16,1029364.927063,790158.348154,239206.578909,0.0,0.0,0.0,11047.924832,1043.665168,59877.76,17.191106
2019-08-31,17,976696.08914,749385.085803,227311.003337,0.0,0.0,0.0,10897.555167,785.964833,58533.06,16.68623
2019-08-31,18,916715.021462,727942.167119,188772.854342,0.0,0.0,0.0,10757.65,478.4,56111.12,16.337493
2019-08-31,19,832393.938467,637634.992415,194758.946051,0.0,0.0,0.0,9765.829204,891.090796,54617.61,15.240395
2019-08-31,20,812219.891339,637917.029551,174302.861788,0.0,0.0,0.0,8778.932524,551.877476,52265.49,15.540271
2019-08-31,21,762256.791963,613703.825703,148552.96626,0.0,0.0,0.0,7846.320006,519.499994,49168.42,15.502975
2019-08-31,22,661896.769002,521330.719494,140566.049508,0.0,0.0,0.0,7088.75,500.32,46190.25,14.329794
2019-08-31,23,599700.745989,468308.726647,131392.019343,0.0,0.0,0.0,6270.850006,519.499994,43269.68,13.859607
2019-09-01,0,561150.705537,441229.049672,119921.655865,0.0,0.0,0.0,6019.230006,519.499994,41119.28,13.6469
2019-09-01,1,538322.770789,429375.258872,108947.511917,0.0,0.0,0.0,5954.416868,586.433132,39423.67,13.654811
2019-09-01,2,532267.749459,419839.236849,112428.51261,0.0,0.0,0.0,4304.26,431.42,38202.43,13.932824
2019-09-01,3,535929.29402,419839.236849,116090.057172,0.0,0.0,0.0,3226.06,248.57,37497.05,14.292572
2019-09-01,4,550025.678781,431696.317648,118329.361133,0.0,0.0,0.0,2526.55,128.31,37231.15,14.773266
2019-09-01,5,552775.789769,431693.027648,121082.762121,0.0,0.0,0.0,2267.24,108.98,37341.73,14.803165
2019-09-01,6,569611.718367,449975.826455,119635.891912,0.0,0.0,0.0,2106.06,93.22,37452.31,15.208988
2019-09-01,7,670751.986181,542421.412615,128330.573566,0.0,0.0,0.0,1980.23,79.92,40220.16,16.677009
2019-09-01,8,870290.358611,705014.709624,165275.648987,0.0,0.0,0.0,2463.8,64.81,44581.35,19.5214
2019-09-01,9,990321.923051,804843.950255,185477.972796,0.0,0.0,0.0,3783.76,60.67,49197.81,20.12939
2019-09-01,10,1122927.647354,918026.428011,204901.219343,0.0,0.0,0.0,5560.13,37.73,53349.01,21.048706
2019-09-01,11,1204905.622326,974571.13801,230334.484316,0.0,0.0,0.0,6753.42,42.0,56944.44,21.15932
2019-09-01,12,1273398.845163,1015341.110361,258057.734802,0.0,0.0,0.0,7808.260443,306.129557,59917.96,21.252373
2019-09-01,13,3412464.303634,3137463.388087,275000.915547,0.0,0.0,0.0,8964.181749,124.228251,62226.52,54.839388
2019-09-01,14,3417195.229796,3140355.155962,276840.073834,0.0,0.0,0.0,9171.833843,651.726157,63585.72,53.741551
2019-09-01,15,3299921.729399,2999290.024298,300631.705101,0.0,0.0,0.0,9776.143546,805.926454,64245.81,51.363999
2019-09-01,16,3275637.325729,3000043.268697,275594.057032,0.0,0.0,0.0,10676.11413,799.13587,63910.37,51.253612
2019-09-01,17,3188146.430964,2922408.375577,265738.055387,0.0,0.0,0.0,10528.18307,500.70693,62118.14,51.32392
2019-09-01,18,3136622.769657,2922408.375577,214214.394079,0.0,0.0,0.0,10124.380919,723.439081,59268.8,52.921989
2019-09-01,19,3035627.747633,2830002.395102,205625.35253,0.0,0.0,0.0,9786.827565,1263.012435,57331.74,52.948467
2019-09-01,20,2874576.127976,2661638.064466,212938.06351,0.0,0.0,0.0,7568.820006,519.499994,54463.24,52.780116
2019-09-01,21,2814050.67171,2617438.751266,196611.920443,0.0,0.0,0.0,5884.2,358.98,51129.53,55.037679
2019-09-01,22,2776644.03712,2602149.164578,174494.872542,0.0,0.0,0.0,4438.46,225.45,47720.4,58.185682
2019-09-01,23,2734787.114346,2592630.898651,142156.215695,0.0,0.0,0.0,4266.46,223.2,44659.9,61.235854
2019-09-02,0,2648933.343616,2512529.228828,136404.114788,0.0,0.0,0.0,4176.58,220.86,42290.45,62.636679
2019-09-02,1,2556133.609773,2422465.702892,133667.906881,0.0,0.0,0.0,4198.16,218.63,40553.3,63.031458
2019-09-02,2,2529517.962181,2401075.890069,128442.072112,0.0,0.0,0.0,3846.44,209.35,39348.0,64.285808
2019-09-02,3,2525069.937328,2401075.890069,123994.047259,0.0,0.0,0.0,3617.38,198.69,38802.55,65.074845
2019-09-02,4,2533236.448287,2409819.376853,123417.071435,0.0,0.0,0.0,3441.24,188.75,38804.34,65.282297
2019-09-02,5,2538754.221301,2409816.086853,128938.134448,0.0,0.0,0.0,3157.91,160.04,38981.93,65.126437
2019-09-02,6,2548354.204596,2421673.167652,126681.036944,0.0,0.0,0.0,2954.23,138.06,38803.62,65.673105
2019-09-02,7,2666532.899817,2524572.837883,141960.061935,0.0,0.0,0.0,2861.81,124.01,41294.81,64.573076
2019-09-02,8,2760075.94481,2592637.478651,167438.466159,0.0,0.0,0.0,3385.88,109.18,45714.11,60.376893
2019-09-02,9,2863870.449948,2661647.934466,202222.515482,0.0,0.0,0.0,4858.99,117.22,50844.86,56.325663
2019-09-02,10,3143990.731478,2922420.515577,221570.215901,0.0,0.0,0.0,6720.42,83.43,55511.77,56.636471
2019-09-02,11,3306071.322951,3063472.997241,242598.325709,0.0,0.0,0.0,8236.63,103.66,59455.1,55.606186
2019-09-02,12,3335094.499036,3084554.330362,250540.168674,0.0,0.0,0.0,9888.010168,419.989832,62269.47,53.559064
2019-09-02,13,3351419.291529,3083522.338827,267896.952702,0.0,0.0,0.0,11194.75918,780.96082,64398.55,52.041844
2019-09-02,14,3370324.730613,3084206.620362,286118.110251,0.0,0.0,0.0,11598.337807,1447.152193,65852.25,51.1801
2019-09-02,15,3378318.044324,3084200.040362,294118.003962,0.0,0.0,0.0,11945.113023,1867.836977,66653.87,50.6845
2019-09-02,16,3362485.119472,3084200.040362,278285.079109,0.0,0.0,0.0,12588.660373,1721.179627,66397.27,50.641918
2019-09-02,17,3310754.442072,3062840.470106,247913.971966,0.0,0.0,0.0,12771.986524,1305.403476,64690.03,51.178743
2019-09-02,18,3204948.891811,2987317.567193,217631.324618,0.0,0.0,0.0,12789.30121,863.85879,62050.01,51.651062
2019-09-02,19,3120423.103392,2899522.023867,220901.079526,0.0,0.0,0.0,12075.002459,846.957541,60212.36,51.823631
2019-09-02,20,3089269.641148,2899512.153867,189757.487281,0.0,0.0,0.0,10312.95,477.24,56843.55,54.346881
2019-09-02,21,3001249.514035,2819210.08243,182039.431605,0.0,0.0,0.0,7390.99,379.67,52327.91,57.354661
2019-09-02,22,2840354.459072,2671658.923342,168695.53573,0.0,0.0,0.0,4993.54,301.43,47943.28,59.244058
2019-09-02,23,2650039.015974,2502739.335559,147299.680416,0.0,0.0,0.0,4894.28,280.22,44462.52,59.601638
2019-09-03,0,2577136.649593,2440977.145928,136159.503665,0.0,0.0,0.0,4796.47,265.1,42043.57,61.296808
2019-09-03,1,2550509.585014,2425931.208007,124578.377006,0.0,0.0,0.0,4699.92,251.51,40441.56,63.066548
2019-09-03,2,2535600.888591,2416395.185984,119205.702607,0.0,0.0,0.0,4441.9,246.72,39500.26,64.192005
2019-09-03,3,2542687.292718,2425138.672767,117548.61995,0.0,0.0,0.0,4287.26,247.19,39441.27,64.467683
2019-09-03,4,2581492.880838,2453017.464983,128475.415856,0.0,0.0,0.0,4167.55,250.41,40812.52,63.252475
2019-09-03,5,2624728.025582,2468060.112903,156667.912679,0.0,0.0,0.0,3995.76,233.19,43326.77,60.579822
2019-09-03,6,2638777.892593,2477578.37883,161199.513763,0.0,0.0,0.0,3842.94,216.89,43927.88,60.070686
2019-09-03,7,2737950.804462,2574802.974878,163147.829584,0.0,0.0,0.0,3750.43,200.99,45813.18,59.763387
2019-09-03,8,2776922.99087,2574796.394878,202126.595993,0.0,0.0,0.0,4947.26,263.09,49355.74,56.263425
2019-09-03,9,2935247.64812,2718807.017449,216440.63067,0.0,0.0,0.0,7120.83,348.02,53714.89,54.644953
2019-09-03,10,3111674.362045,2887435.709658,224238.652387,0.0,0.0,0.0,9138.287349,604.032651,57716.09,53.913464
2019-09-03,11,3202340.522116,2943495.778698,258844.743418,0.0,0.0,0.0,9606.128621,707.041379,61209.94,52.317328
2019-09-03,12,3382640.17901,3084553.820362,298086.358648,0.0,0.0,0.0,10246.311,999.499,64555.41,52.399019
2019-09-03,13,3480416.910601,3141105.110361,339311.80024,0.0,0.0,8.779411,11324.958589,718.391411,66841.58,52.069639
2019-09-03,14,3453477.850306,3141101.820361,312376.029945,0.0,0.0,0.0,11627.949259,1314.490741,67960.54,50.815927
2019-09-03,15,3452548.587853,3140472.073226,312076.514627,0.0,0.0,0.0,12382.839,1473.281,68579.49,50.343748
2019-09-03,16,3429765.007049,3140754.110361,289010.896688,0.0,0.0,0.0,13354.69119,1066.50881,68100.8,50.363065
2019-09-03,17,3405764.241226,3140750.820361,265013.420865,0.0,0.0,0.0,12665.733922,710.206078,66263.83,51.397033
2019-09-03,18,3292232.507406,3043784.358011,248448.149395,0.0,0.0,0.0,11604.430006,519.499994,63738.81,51.651929
2019-09-03,19,3280410.452215,3043781.068011,236629.384204,0.0,0.0,0.0,10245.570006,519.499994,61985.8,52.921967
2019-09-03,20,1136151.264406,918017.068011,218134.196395,0.0,0.0,0.0,9188.85,502.49,58529.01,19.411763
2019-09-03,21,1025270.784047,849033.393455,176237.390592,0.0,0.0,0.0,8952.17,417.69,54002.03,18.985782
2019-09-03,22,793694.344749,628632.790711,165061.554038,0.0,0.0,0.0,8272.96,344.28,49639.25,15.989249
2019-09-03,23,676308.752,535275.722504,141033.029497,0.0,0.0,0.0,8044.83,340.08,46181.1,14.644709
2019-09-04,0,610384.074547,486456.059655,123928.014892,0.0,0.0,0.0,7655.57,336.49,43702.35,13.966848
2019-09-04,1,558509.572315,442253.456455,116256.11586,0.0,0.0,0.0,7260.5,335.15,41983.12,13.303194
2019-09-04,2,543395.060024,433064.229206,110330.830818,0.0,0.0,0.0,7064.53,328.12,40977.44,13.260835
2019-09-04,3,543038.336018,433064.229206,109974.106812,0.0,0.0,0.0,6879.29,323.49,40793.19,13.311985
2019-09-04,4,669986.22207,570090.30155,99895.920519,0.0,0.0,0.0,6909.16,321.98,42189.68,15.880334
2019-09-04,5,746072.72985,621718.493642,124354.236208,0.0,0.0,0.0,6144.37,220.0,44458.45,16.781348
2019-09-04,6,823882.712031,696733.301657,127149.410373,0.0,0.0,0.0,5572.04,147.61,45105.98,18.265487
2019-09-04,7,850263.653034,696730.011657,153533.641377,0.0,0.0,0.0,5090.106069,147.283931,46983.08,18.097231
2019-09-04,8,920224.223292,732595.701126,187628.522166,0.0,0.0,0.0,5887.75,92.66,50737.31,18.137032
2019-09-04,9,1053520.777442,836828.543175,216692.234267,0.0,0.0,0.0,7210.02,84.86,55036.53,19.142209
2019-09-04,10,1228570.413763,992091.692262,236478.721501,0.0,0.0,0.0,8770.58,43.83,58924.75,20.84982
2019-09-04,11,1257061.948037,992086.132262,264975.815774,0.0,0.0,0.0,9937.182066,608.497934,62060.6,20.255395
2019-09-04,12,1267197.299439,992086.132262,275111.167176,0.0,0.0,0.0,11817.258005,1181.791995,64908.21,19.522912
2019-09-04,13,1316851.134987,1048640.202261,268210.932726,0.0,0.0,0.0,13527.424735,1466.865265,66802.39,19.712635
2019-09-04,14,1326837.174535,1048636.912261,278200.262273,0.0,0.0,0.0,14051.235487,1413.204513,67918.51,19.535723
2019-09-04,15,1328630.686661,1048636.912261,279993.7744,0.0,0.0,0.0,14694.757165,1097.362835,68537.99,19.385317
2019-09-04,16,1322630.471704,1048636.912261,273993.559442,0.0,0.0,0.0,14766.875598,954.404402,68157.69,19.405447
2019-09-04,17,1312632.098582,1048636.912261,263995.186321,0.0,0.0,0.0,13647.989308,666.760692,66274.48,19.805996
2019-09-04,18,1254748.068128,992086.132262,262661.935865,0.0,0.0,0.0,11413.88416,1329.51584,63744.37,19.684061
2019-09-04,19,1238659.618416,992086.132262,246573.486154,0.0,0.0,0.0,10471.965963,587.894037,61814.22,20.038425
2019-09-04,20,1194499.892277,992086.132262,202413.760014,0.0,0.0,0.0,9311.28,349.98,58170.48,20.534469
2019-09-04,21,1107988.707126,951316.159911,156672.547215,0.0,0.0,0.0,8583.65,283.75,53527.74,20.699337
2019-09-04,22,1029485.595198,900167.463754,129318.131445,0.0,0.0,0.0,7300.92,230.76,49102.81,20.96592
2019-09-04,23,1002616.028396,900167.463754,102448.564642,0.0,0.0,0.0,6739.92,179.0,45540.14,22.016095
2019-09-05,0,785540.899932,670249.803669,115291.096264,0.0,0.0,0.0,6118.39,148.93,43011.29,18.263598
2019-09-05,1,721334.252581,604300.933721,117033.31886,0.0,0.0,0.0,5799.48,136.68,41226.46,17.496876
2019-09-05,2,706191.582012,591499.837122,114691.744891,0.0,0.0,0.0,5481.09,133.16,40129.4,17.59786
2019-09-05,3,703124.035832,588984.164929,114139.870902,0.0,0.0,0.0,5263.13,134.97,39838.12,17.649529
2019-09-05,4,748916.103001,633853.567752,115062.535249,0.0,0.0,0.0,5260.97,140.21,41130.1,18.208468
2019-09-05,5,797063.461116,660743.426473,136320.034643,0.0,0.0,0.0,4715.283,148.407,43594.73,18.283482
2019-09-05,6,811810.921784,670258.402399,141552.519385,0.0,0.0,0.0,4083.99,188.89,44052.97,18.428063
2019-09-05,7,935991.122201,789295.156497,146695.965704,0.0,0.0,0.0,3826.82,234.39,45759.42,20.454611
2019-09-05,8,999262.227006,833491.689697,165770.537308,0.0,0.0,0.0,4990.46,254.24,49419.93,20.219823
2019-09-05,9,1095800.569166,908509.277712,187291.291454,0.0,0.0,0.0,7191.33,274.78,53772.47,20.378468
2019-09-05,10,1316739.822299,1115985.108763,200754.713536,0.0,0.0,0.0,10467.057821,184.622179,58096.08,22.664865
2019-09-05,11,1507716.25223,1274966.870024,232749.382206,0.0,0.0,0.0,10326.386795,862.843205,61597.49,24.476911
2019-09-05,12,1515469.330424,1259176.702376,256292.628048,0.0,0.0,0.0,10566.229238,1069.840762,64557.85,23.474594
2019-09-05,13,1614352.687416,1348279.399876,266073.28754,0.0,0.0,0.0,11225.116656,911.843344,66616.77,24.233428
2019-09-05,14,1629477.320725,1363445.236864,266032.083861,0.0,0.0,0.0,11249.113368,1194.926632,67553.82,24.121172
2019-09-05,15,1638333.000989,1323546.188613,314786.812376,0.0,0.0,1.524312,11650.612688,821.547312,68100.67,24.057517
2019-09-05,16,1669530.885714,1364316.160964,305214.72475,0.0,0.0,0.0,10981.587921,697.052079,67793.1,24.626856
2019-09-05,17,1626390.107956,1361422.582739,264967.525217,0.0,0.0,0.0,10298.643585,129.636415,66230.06,24.556676
2019-09-05,18,1552836.761263,1292475.794276,260360.966987,0.0,0.0,0.0,8923.284872,308.165128,63690.86,24.380841
2019-09-05,19,1526385.135901,1271659.332728,254725.803173,0.0,0.0,0.0,7264.645391,671.004609,61691.0,24.742428
2019-09-05,20,1498827.514147,1271659.332728,227168.181419,0.0,0.0,0.0,5855.41,226.54,58311.18,25.703948
2019-09-05,21,1199048.478783,996245.396918,202803.081865,0.0,0.0,0.0,4909.71,224.82,53866.7,22.25955
2019-09-05,22,888981.767773,704264.064202,184717.703571,0.0,0.0,0.0,3842.36,221.67,49457.46,17.974675
2019-09-05,23,743077.45218,587180.09761,155897.35457,0.0,0.0,0.0,3692.96,225.37,45981.39,16.160396
2019-09-06,0,677854.227345,542980.78441,134873.442935,0.0,0.0,0.0,3567.81,229.78,43411.8,15.614516
2019-09-06,1,523807.104016,381642.111647,142164.992369,0.0,0.0,0.0,3500.79,238.08,41578.73,12.597958
2019-09-06,2,512692.864821,381642.111647,131050.753174,0.0,0.0,0.0,3296.06,231.91,40489.18,12.662466
2019-09-06,3,510525.370595,381726.419129,128798.951466,0.0,0.0,0.0,3236.59,236.92,40316.75,12.66286
2019-09-06,4,564040.845706,434748.411976,129292.43373,0.0,0.0,0.0,3281.8,253.59,41560.59,13.571531
2019-09-06,5,593376.685285,434745.121976,158631.563308,0.0,0.0,0.0,3343.859034,155.600966,43876.95,13.523654
2019-09-06,6,668930.319572,509765.999992,159164.31958,0.0,0.0,0.0,3196.18,248.78,44416.14,15.060523
2019-09-06,7,706667.397087,528027.752702,178639.644385,0.0,0.0,0.0,3124.85,250.3,46199.63,15.295954
2019-09-06,8,784889.214754,587516.652591,197372.562163,0.0,0.0,0.0,4754.5,418.29,50031.44,15.68792
2019-09-06,9,989638.82984,755880.473227,233758.356613,0.0,0.0,0.0,7437.35647,862.04353,54700.86,18.091833
2019-09-06,10,3278270.586853,3022704.83524,255565.751612,0.0,0.0,0.0,9545.268,1682.632,59211.98,55.364988
2019-09-06,11,3418955.297501,3153773.514725,265181.782775,0.0,0.0,0.0,10037.460236,1125.719764,62853.73,54.395424
2019-09-06,12,3562337.562997,3260552.178327,301785.38467,0.0,0.0,0.0,9688.633929,1105.996071,66020.61,53.957962
2019-09-06,13,3644041.936153,3293847.980227,350193.955926,0.0,0.0,0.0,9837.710666,929.399334,68001.39,53.587757
2019-09-06,14,3652068.426591,3293845.200227,358223.226364,0.0,0.0,0.0,9369.709,1522.071,68633.19,53.211404
2019-09-06,15,3660427.329018,3293845.200227,366582.128791,0.0,0.0,0.0,9727.649,1344.481,68958.59,53.081528
2019-09-06,16,3618056.348698,3293845.200227,324211.148471,0.0,0.0,0.0,10329.968192,1316.081808,68643.82,52.707678
2019-09-06,17,3578291.932796,3272764.377106,305527.55569,0.0,0.0,0.0,10356.060348,831.919652,66988.84,53.41624
2019-09-06,18,3491859.175223,3231994.404755,259864.770468,0.0,0.0,0.0,10008.664806,553.815194,63938.73,54.612583
2019-09-06,19,3382414.894775,3127273.121747,255141.773028,0.0,0.0,0.0,9071.166019,770.333981,61402.76,55.085714
2019-09-06,20,3296977.2772,3054823.942076,242153.335125,0.0,0.0,0.0,7214.35,422.8,57928.61,56.91449
2019-09-06,21,3114799.790618,2891983.196299,222816.59432,0.0,0.0,0.0,5786.87,309.96,54177.46,57.49254
2019-09-06,22,2939758.899794,2733995.368708,205763.531086,0.0,0.0,0.0,4322.95,223.32,50421.87,58.30325
2019-09-06,23,2810080.143935,2636363.748793,173716.395142,0.0,0.0,0.0,4343.12,229.61,47096.9,59.665926
2019-09-07,0,2739518.285012,2583341.755945,156176.529067,0.0,0.0,0.0,4392.69,236.23,44421.94,61.670388
2019-09-07,1,2610536.353634,2465691.202603,144845.151031,0.0,0.0,0.0,4506.87,241.0,42368.17,61.615509
2019-09-07,2,2583541.397712,2441905.067899,141636.329813,0.0,0.0,0.0,3896.78,215.33,40864.41,63.222286
2019-09-07,3,2579079.361454,2441905.067899,137174.293555,0.0,0.0,0.0,3400.61,190.4,39935.32,64.581412
2019-09-07,4,2581967.595699,2441905.067899,140062.527801,0.0,0.0,0.0,3023.75,167.61,39749.58,64.955846
2019-09-07,5,2593336.549783,2441905.067899,151431.481884,0.0,0.0,0.0,2639.17,129.35,40081.13,64.702182
2019-09-07,6,2621030.302795,2468991.324874,152038.977922,0.0,0.0,0.0,2420.75,102.4,40436.57,64.818314
2019-09-07,7,2707676.189396,2544470.265642,163205.923754,0.0,0.0,0.0,2373.33,85.28,43147.24,62.754331
2019-09-07,8,2884006.785179,2697996.625901,186010.159278,0.0,0.0,0.0,3251.02,89.68,47564.92,60.633063
2019-09-07,9,3020532.725976,2806630.175211,213902.550765,0.0,0.0,0.0,5033.85,100.1,52416.69,57.6254
2019-09-07,10,3255148.296273,3022706.31489,232441.981383,0.0,0.0,0.0,7180.59,65.66,57059.99,57.047825
2019-09-07,11,3360262.478232,3100338.42801,259924.050222,0.0,0.0,0.0,8184.594396,195.085604,61049.78,55.041353
2019-09-07,12,3430499.893166,3141105.110361,289394.782805,0.0,0.0,0.0,9009.357,388.203,64289.67,53.360048
2019-09-07,13,3499697.721564,3174403.692261,325294.029303,0.0,0.0,0.0,9664.236,702.224,66617.76,52.534005
2019-09-07,14,3555509.064835,3174400.912261,381108.152574,0.0,0.0,0.0,10745.539,1000.251,68110.49,52.202077
2019-09-07,15,3494227.823714,3174400.912261,319826.911453,0.0,0.0,0.0,11646.992555,1566.637445,68609.46,50.929242
2019-09-07,16,3466992.077184,3173832.013987,293160.063197,0.0,0.0,0.0,12870.223809,928.956191,68085.42,50.921212
2019-09-07,17,3413853.206341,3152972.379141,260880.8272,0.0,0.0,0.0,12754.106819,986.893181,66160.21,51.599794
2019-09-07,18,3278702.566703,3055648.336791,223054.229912,0.0,0.0,0.0,12589.158256,1589.191744,63049.18,52.002303
2019-09-07,19,3206112.338419,2996513.726902,209598.611517,0.0,0.0,0.0,11832.149529,2335.360471,60626.78,52.882775
2019-09-07,20,3126963.467149,2940906.528969,186056.93818,0.0,0.0,0.0,11795.792741,1653.357259,57395.18,54.48129
2019-09-07,21,2909932.551158,2740330.087033,169602.464125,0.0,0.0,0.0,12010.741229,921.718771,53816.77,54.071111
2019-09-07,22,2682448.837956,2520538.454695,161910.38326,0.0,0.0,0.0,11583.18,433.07,50345.22,53.281103
2019-09-07,23,2621545.081196,2489397.877904,132147.203291,0.0,0.0,0.0,11250.75,392.71,46884.69,55.914736
2019-09-08,0,2568163.152303,2449172.091283,118991.061019,0.0,0.0,0.0,10542.75,356.79,44141.61,58.180097
2019-09-08,1,2508195.191179,2397147.75011,111047.441068,0.0,0.0,0.0,9784.25,323.01,42073.74,59.614268
2019-09-08,2,2498107.631645,2399601.022728,98506.608917,0.0,0.0,0.0,9400.49,369.18,40571.18,61.573453
2019-09-08,3,2481566.096398,2384973.537478,96592.55892,0.0,0.0,0.0,9267.55,425.89,39614.83,62.642351
2019-09-08,4,2465139.133274,2363123.875562,102015.257712,0.0,0.0,0.0,9316.3,495.96,39113.27,63.025647
2019-09-08,5,2466538.024188,2368533.885561,98004.138627,0.0,0.0,0.0,9184.01,493.17,39037.79,63.183342
2019-09-08,6,2502042.20649,2410037.599861,92004.606629,0.0,0.0,0.0,8784.9,503.85,39078.91,64.025384
2019-09-08,7,2549209.947052,2426046.173753,123163.7733,0.0,0.0,0.0,8095.950006,519.499994,41570.76,61.322188
2019-09-08,8,2592800.648194,2445903.990352,146896.657842,0.0,0.0,0.0,10260.749965,1266.920035,45814.71,56.593191
2019-09-08,9,2715555.096436,2549695.39181,165859.704626,0.0,0.0,0.0,12616.329811,2107.950189,50478.17,53.796623
2019-09-08,10,2899769.952096,2724531.710668,175238.241428,0.0,0.0,0.0,14748.981925,1213.718075,54787.41,52.92767
2019-09-08,11,3106134.412608,2916280.358338,189854.05427,0.0,0.0,0.0,15079.460816,2454.489184,58896.26,52.739077
2019-09-08,12,3149332.928949,2931067.229617,218265.699332,0.0,0.0,0.0,15642.978087,2955.231913,62579.11,50.325627
2019-09-08,13,3257077.974479,3022947.223967,234130.750512,0.0,0.0,0.0,16729.73311,2089.33689,65119.38,50.01703
2019-09-08,14,3279284.485094,3024327.435502,254957.049592,0.0,0.0,0.0,16268.525187,2968.574813,66906.37,49.013038
2019-09-08,15,3307932.110514,3024317.565502,283614.545013,0.0,0.0,0.0,16246.992,2803.768,67733.72,48.837302
2019-09-08,16,3296556.063407,3024317.565502,272238.497906,0.0,0.0,0.0,15930.822992,2390.837008,67330.77,48.960617
2019-09-08,17,3266365.227791,3024038.818366,242326.409425,0.0,0.0,0.0,15034.165789,2502.164211,65555.15,49.826219
2019-09-08,18,3230515.774472,3023469.920092,207045.85438,0.0,0.0,0.0,14070.722043,2176.177957,62833.3,51.414071
2019-09-08,19,1132502.258586,916551.915694,215950.342892,0.0,0.0,0.0,12456.081962,1933.228038,61016.14,18.5607
2019-09-08,20,1081444.704352,916542.045694,164902.658657,0.0,0.0,0.0,13243.771904,1911.428096,57761.67,18.722532
2019-09-08,21,916079.194161,777834.453158,138244.741003,0.0,0.0,0.0,15130.850486,1860.659514,53350.33,17.171013
2019-09-08,22,686515.576745,560079.045164,126436.531581,0.0,0.0,0.0,15115.853216,760.026784,49074.59,13.989227
2019-09-08,23,484193.941384,372423.259476,111770.681908,0.0,0.0,0.0,15418.839017,1199.750983,45750.54,10.583349
2019-09-09,0,438228.953038,340468.389078,97760.56396,0.0,0.0,0.0,15215.250248,1505.259752,43424.77,10.091682
2019-09-09,1,363376.944205,265798.511062,97578.433142,0.0,0.0,0.0,14272.815147,2246.704853,41851.17,8.682599
2019-09-09,2,333764.751074,221595.907862,112168.843212,0.0,0.0,0.0,12858.624,3604.946,41008.84,8.138849
2019-09-09,3,328732.554381,221595.907862,107136.646519,0.0,0.0,0.0,12934.315,3290.665,41077.65,8.002711
2019-09-09,4,395755.168158,298823.671552,96931.496606,0.0,0.0,0.0,13311.400071,2412.099929,42394.74,9.335006
2019-09-09,5,442849.578509,309878.316802,132971.261708,0.0,0.0,0.0,12978.358988,1982.741012,44896.05,9.863887
2019-09-09,6,476507.482852,335510.485968,140996.996884,0.0,0.0,0.0,11715.167179,2228.932821,45282.62,10.522966
2019-09-09,7,563653.579393,410524.783983,153128.79541,0.0,0.0,0.0,10809.660814,1925.109186,46452.99,12.133849
2019-09-09,8,636388.933711,465691.70017,170697.23354,0.0,0.0,0.0,11788.39575,1972.88425,49416.87,12.877969
2019-09-09,9,722491.495636,528901.0511,193590.444536,0.0,0.0,0.0,12589.819,2845.371,53374.59,13.536244
2019-09-09,10,920675.969201,722697.468988,197978.500214,0.0,0.0,0.0,13921.849469,2576.820531,57223.28,16.089186
2019-09-09,11,1104298.392351,878605.614699,225692.777652,0.0,0.0,0.0,13997.333404,3966.326596,60753.33,18.176755
2019-09-09,12,1174165.171406,939824.393035,234340.778371,0.0,0.0,0.0,14938.412,4036.028,63906.32,18.373225
2019-09-09,13,1203397.328816,940454.140171,262943.188646,0.0,0.0,0.0,14929.526867,4337.473133,66051.68,18.219027
2019-09-09,14,1263846.733107,997001.630169,266845.102938,0.0,0.0,0.0,15463.23162,4144.61838,67261.39,18.790078
2019-09-09,15,1281137.758904,1015341.110361,265796.648543,0.0,0.0,0.0,15630.286667,3649.803333,67699.55,18.923874
2019-09-09,16,1226829.774805,958787.040362,268042.734443,0.0,0.0,0.0,14707.839303,3055.930697,66589.61,18.423742
2019-09-09,17,1213289.253185,958787.040362,254502.212823,0.0,0.0,0.0,13449.898409,3448.391591,64545.49,18.797429
2019-09-09,18,1144912.330832,919634.388623,225277.942209,0.0,0.0,0.0,13475.742484,2232.837516,62087.43,18.440324
2019-09-09,19,1112066.628696,883263.978813,228802.649883,0.0,0.0,0.0,12076.56839,1895.43161,60506.77,18.37921
2019-09-09,20,1011587.846775,831627.970689,179959.876086,0.0,0.0,0.0,13176.223673,1962.766327,57304.27,17.652923
2019-09-09,21,859054.31224,704735.024233,154319.288006,0.0,0.0,0.0,15093.193165,1981.646835,53019.7,16.202549
2019-09-09,22,638580.835108,499232.384473,139348.450635,0.0,0.0,0.0,15571.505927,1123.044073,48875.72,13.0654
2019-09-09,23,537559.871698,416148.006458,121411.86524,0.0,0.0,0.0,14569.689277,2941.690723,45686.74,11.766212
2019-09-10,0,482825.115242,379272.613624,103552.501617,0.0,0.0,0.0,14735.699871,2856.380129,43392.75,11.126861
2019-09-10,1,438358.759249,344531.566651,93827.192598,0.0,0.0,0.0,14958.288712,1921.161288,41779.32,10.492243
2019-09-10,2,429523.111609,344531.566651,84991.544958,0.0,0.0,0.0,14529.537153,2080.762847,40873.85,10.508506
2019-09-10,3,436948.182677,353518.643675,83429.539002,0.0,0.0,0.0,14137.037649,2229.702351,40824.81,10.703006
2019-09-10,4,481709.591756,390966.367834,90743.223922,0.0,0.0,0.0,13722.827988,2157.122012,42300.59,11.387775
2019-09-10,5,525291.502595,403757.594434,121533.908161,0.0,0.0,0.0,13672.144587,2248.485413,44744.33,11.739845
2019-09-10,6,541318.746599,411165.314433,130153.432165,0.0,0.0,0.0,13509.695942,2189.224058,45325.41,11.942942
2019-09-10,7,642060.286353,507144.309721,134915.976632,0.0,0.0,0.0,12843.534346,2126.355654,46749.89,13.733942
2019-09-10,8,751842.992413,599694.344428,152148.647986,0.0,0.0,0.0,13098.931924,2103.268076,50192.42,14.979214
2019-09-10,9,892679.342611,709014.811487,183664.531124,0.0,0.0,0.0,12863.170366,3367.409634,54003.23,16.53011
2019-09-10,10,1056702.894823,870887.044699,185815.850124,0.0,0.0,0.0,14303.485999,2763.284001,57459.12,18.390517
2019-09-10,11,1121875.19488,919372.80705,202502.38783,0.0,0.0,0.0,14757.106183,3663.763817,60568.56,18.522402
2019-09-10,12,1143829.034609,919366.73705,224462.297559,0.0,0.0,0.0,15019.237805,4331.422195,62912.62,18.181234
2019-09-10,13,1167306.027895,940450.850171,226855.177725,0.0,0.0,0.0,15174.75228,3845.50772,64083.4,18.21542
2019-09-10,14,1182992.760162,940447.560171,242545.199992,0.0,0.0,0.0,14750.189054,4714.890946,64820.11,18.250397
2019-09-10,15,1182473.143172,940447.560171,242025.583002,0.0,0.0,0.0,15041.513361,4173.256639,65097.67,18.1646
2019-09-10,16,1172743.594974,940447.560171,232296.034803,0.0,0.0,0.0,14178.769281,3376.300719,63569.4,18.448241
2019-09-10,17,1148620.776385,940447.560171,208173.216214,0.0,0.0,0.0,14090.121313,2682.278687,60988.07,18.833532
2019-09-10,18,1052497.504626,857783.593151,194713.911475,0.0,0.0,0.0,13449.449083,2177.860917,58584.0,17.965614
2019-09-10,19,914462.402944,710232.434063,204229.968882,0.0,0.0,0.0,12286.509396,1950.720604,57463.12,15.913901
2019-09-10,20,872358.35971,710232.434063,162125.925647,0.0,0.0,0.0,13265.713041,1924.256959,54655.99,15.960892
2019-09-10,21,793658.160182,679896.909453,113761.250728,0.0,0.0,0.0,15141.870604,2096.879396,50675.17,15.661677
2019-09-10,22,513307.264741,404050.768393,109256.496348,0.0,0.0,0.0,15719.183203,2814.676797,46851.33,10.956087
2019-09-10,23,429005.012116,337748.710345,91256.301771,0.0,0.0,0.0,16282.63429,2178.15571,43814.89,9.791306
2019-09-11,0,355462.79098,263705.734573,91757.056407,0.0,0.0,0.0,15511.72999,2226.68001,41743.1,8.515486
2019-09-11,1,341877.859697,256298.014573,85579.845123,0.0,0.0,0.0,14531.974545,2241.345455,40375.01,8.467561
2019-09-11,2,337809.746004,256080.116299,81729.629705,0.0,0.0,0.0,14200.922327,2186.747673,39647.2,8.520394
2019-09-11,3,352879.523836,272320.153353,80559.370483,0.0,0.0,0.0,13642.460148,2240.109852,39720.17,8.884139
2019-09-11,4,392582.879298,298692.667545,93890.211753,0.0,0.0,0.0,12969.26917,2238.04083,41369.95,9.489566
2019-09-11,5,430911.415481,305954.464653,124956.950828,0.0,0.0,0.0,13003.48,2214.86,44044.0,9.783658
2019-09-11,6,460129.260414,335198.503169,124930.757244,0.0,0.0,0.0,12819.61855,2167.14145,44667.63,10.301179
2019-09-11,7,482052.737082,342602.933169,139449.803912,0.0,0.0,0.0,11545.048998,2231.781002,45243.82,10.654554
2019-09-11,8,550393.062034,386802.246369,163590.815664,0.0,0.0,0.0,12158.13,2372.59,47177.3,11.666481
2019-09-11,9,733783.029303,555314.30273,178468.726573,0.0,0.0,0.0,13312.625,2325.625,50119.35,14.640713
2019-09-11,10,898780.556477,720854.958332,177925.598145,0.0,0.0,0.0,14452.656108,2199.383892,53646.55,16.753744
2019-09-11,11,999616.782987,802405.912727,197210.87026,0.0,0.0,0.0,14693.585,3394.735,57272.25,17.453772
2019-09-11,12,3155965.47374,2928162.363077,227803.110663,0.0,0.0,0.0,13941.687529,5159.212471,60783.14,51.921725
2019-09-11,13,3175314.722039,2942568.074024,232746.648015,0.0,0.0,0.0,15810.227505,2766.392495,63140.86,50.28938
2019-09-11,14,3203474.175458,2952086.339951,251387.835507,0.0,0.0,0.0,14678.124,4253.496,63869.14,50.156839
2019-09-11,15,3207069.679918,2952728.046575,254341.633343,0.0,0.0,0.0,13878.53781,4762.44219,63609.4,50.418172
2019-09-11,16,3191862.661752,2952724.756575,239137.905177,0.0,0.0,0.0,14063.420699,3321.679301,62373.79,51.17314
2019-09-11,17,3123557.676084,2916865.647106,206692.028978,0.0,0.0,0.0,14067.405652,2592.574348,60029.24,52.033937
2019-09-11,18,3089733.95819,2895308.181331,194425.77686,0.0,0.0,0.0,13307.595769,2247.934231,57706.16,53.542533
2019-09-11,19,3014162.372083,2820509.00159,193653.370493,0.0,0.0,0.0,12126.35558,2046.81442,56515.97,53.332932
2019-09-11,20,2970802.75185,2820505.71159,150297.04026,0.0,0.0,0.0,12932.454013,2020.295987,53651.02,55.372717
2019-09-11,21,2748480.571028,2619932.559655,128548.011373,0.0,0.0,0.0,13882.658134,2306.811866,49675.43,55.328773
2019-09-11,22,2525386.752962,2406791.705184,118595.047778,0.0,0.0,0.0,13715.868673,1592.781327,45906.49,55.011541
2019-09-11,23,2455422.653004,2353687.249885,101735.403119,0.0,0.0,0.0,14057.410416,2032.919584,42843.77,57.311078
2019-09-12,0,2416456.497543,2323570.976173,92885.52137,0.0,0.0,0.0,13655.754753,2258.825247,40699.81,59.372673
2019-09-12,1,2400154.450097,2315232.185772,84922.264325,0.0,0.0,0.0,12986.186671,2219.783329,39150.29,61.306173
2019-09-12,2,2389313.585729,2305036.564812,84277.020917,0.0,0.0,0.0,12641.634355,2227.215645,38347.57,62.306779
2019-09-12,3,2396092.860112,2311434.422709,84658.437402,0.0,0.0,0.0,12261.301305,2196.018695,38386.04,62.420944
2019-09-12,4,2446808.848408,2354625.839144,92183.009264,0.0,0.0,0.0,11663.909,2157.501,39925.89,61.283765
2019-09-12,5,2490150.574366,2371049.041061,119101.533305,0.0,0.0,0.0,10898.262594,1773.487406,42684.25,58.338862
2019-09-12,6,2534901.720009,2408446.17283,126455.547179,0.0,0.0,0.0,9892.971442,1120.158558,43374.27,58.442522
2019-09-12,7,2577547.224755,2434603.702712,142943.522044,0.0,0.0,0.0,8688.010006,519.499994,44788.91,57.548782
2019-09-12,8,2684420.968945,2534380.72892,150040.240025,0.0,0.0,0.0,10041.295419,1649.294581,47843.75,56.10808
2019-09-12,9,2718349.768117,2534371.36892,183978.399196,0.0,0.0,0.0,11011.19,2663.69,51500.9,52.782568
2019-09-12,10,2972461.618632,2786833.858409,185627.760223,0.0,0.0,0.0,13170.406295,1407.163705,54835.72,54.206667
2019-09-12,11,3034533.679419,2847565.061256,186968.618162,0.0,0.0,0.0,13123.091145,2962.208855,57935.78,52.377541
2019-09-12,12,3051293.138399,2815264.422363,236028.716036,0.0,0.0,0.0,13554.875767,3330.044233,61131.62,49.9135
2019-09-12,13,3233999.517121,2962815.071451,271184.44567,0.0,0.0,0.0,14126.959,3185.591,63530.89,50.904363
2019-09-12,14,3240801.250015,2972688.137378,268113.112637,0.0,0.0,0.0,14823.430159,3284.759841,65113.92,49.771251
2019-09-12,15,3275568.269918,2993498.018926,282070.250992,0.0,0.0,0.0,14844.491,3476.919,66008.51,49.623424
2019-09-12,16,3248239.69352,2993494.728926,254744.964594,0.0,0.0,0.0,14835.909142,3019.770858,65293.08,49.748606
2019-09-12,17,3184000.873825,2952724.756575,231276.117251,0.0,0.0,0.0,14554.301531,2514.818469,63229.69,50.356104
2019-09-12,18,3134087.082742,2931911.585027,202175.497715,0.0,0.0,0.0,13629.673539,2032.256461,60707.46,51.626062
2019-09-12,19,3130218.19955,2931911.585027,198306.614523,0.0,0.0,0.0,12125.043702,1698.166298,59242.02,52.837803
2019-09-12,20,2992091.758715,2808723.494003,183368.264712,0.0,0.0,0.0,13155.876891,1281.373109,56261.82,53.181567
2019-09-12,21,2891944.030056,2740411.914467,151532.11559,0.0,0.0,0.0,12505.530006,519.499994,52063.36,55.546627
2019-09-12,22,2740629.369341,2584304.134882,156325.23446,0.0,0.0,0.0,8860.53,305.85,47892.64,57.224437
2019-09-12,23,2666583.038213,2540104.821682,126478.216532,0.0,0.0,0.0,9122.39,367.78,44662.47,59.70523
2019-09-13,0,2602124.649942,2491417.037755,110707.612187,0.0,0.0,0.0,9800.11,437.65,42237.73,61.606641
2019-09-13,1,2556123.104739,2458007.908657,98115.196081,0.0,0.0,0.0,10757.63,515.04,40659.73,62.86621
2019-09-13,2,2538023.800287,2436074.538283,101949.262004,0.0,0.0,0.0,9708.61,396.71,39624.62,64.051688
2019-09-13,3,2555638.564279,2452517.4802,103121.084079,0.0,0.0,0.0,8916.364,287.146,39529.44,64.651525
2019-09-13,4,2614379.326345,2502243.748482,112135.577863,0.0,0.0,0.0,8185.09,216.41,40909.34,63.906661
2019-09-13,5,2672505.075823,2530596.425755,141908.650069,0.0,0.0,0.0,6870.13,171.63,43475.53,61.471478
2019-09-13,6,2725549.151116,2583611.838602,141937.312514,0.0,0.0,0.0,5753.28,165.82,44055.04,61.866909
2019-09-13,7,2762192.24504,2599439.135667,162753.109374,0.0,0.0,0.0,4853.719806,153.170194,45494.53,60.714821
2019-09-13,8,2930523.893004,2752190.716782,178333.176222,0.0,0.0,0.0,4927.64,149.92,48670.54,60.211452
2019-09-13,9,2951400.426595,2752178.576782,199221.849813,0.0,0.0,0.0,6243.69,110.52,52504.45,56.212386
2019-09-13,10,3144581.562824,2932402.430186,212179.132637,0.0,0.0,0.0,8567.87,44.46,55973.55,56.179777
2019-09-13,11,3228653.371137,2988459.209226,240194.161911,0.0,0.0,0.0,8664.14441,686.51559,59198.97,54.539013
2019-09-13,12,3332990.046306,3063473.507241,269516.539065,0.0,0.0,0.0,9130.357691,1188.912309,62080.89,53.687859
2019-09-13,13,3391083.014739,3120024.28724,271058.727499,0.0,0.0,0.0,10091.719862,1186.560138,64126.07,52.881504
2019-09-13,14,3404725.720021,3119271.042841,285454.67718,0.0,0.0,0.0,10419.817357,978.522643,65128.44,52.277096
2019-09-13,15,3403656.909341,3119271.042841,284385.8665,0.0,0.0,0.0,10632.534462,828.915538,65279.36,52.139863
2019-09-13,16,3379152.63894,3119271.042841,259881.596098,0.0,0.0,0.0,10803.916888,325.013112,64108.95,52.70953
2019-09-13,17,3287394.874096,3063473.507241,223921.366854,0.0,0.0,0.0,11013.32404,264.49596,61486.13,53.465633
2019-09-13,18,1104740.11459,896718.346616,208021.767974,0.0,0.0,0.0,10919.410533,729.749467,58704.37,18.818703
2019-09-13,19,925744.023493,728224.204255,197519.819237,0.0,0.0,0.0,10659.349748,1395.020252,56672.47,16.334986
2019-09-13,20,909978.253017,727942.167119,182036.085898,0.0,0.0,0.0,8863.020804,648.519196,53814.06,16.909675
2019-09-13,21,856931.653996,681803.317728,175128.336268,0.0,0.0,0.0,7294.75,358.13,50394.35,17.004518
2019-09-13,22,697834.335604,531216.630137,166617.705467,0.0,0.0,0.0,5391.68,220.1,47025.26,14.839564
2019-09-13,23,603315.33379,472641.984039,130673.349751,0.0,0.0,0.0,5227.21,225.75,43899.87,13.742987
2019-09-14,0,486306.068288,357077.9078,129228.160489,0.0,0.0,0.0,5168.55,236.58,41450.15,11.732311
2019-09-14,1,458766.175157,345659.102551,113107.072607,0.0,0.0,0.0,5184.24,251.74,39610.38,11.581969
2019-09-14,2,435228.543697,324269.289728,110959.253969,0.0,0.0,0.0,4735.45,235.33,38264.18,11.374307
2019-09-14,3,419186.436228,308811.090753,110375.345475,0.0,0.0,0.0,4442.25,226.99,37554.35,11.162127
2019-09-14,4,433725.248906,324275.869728,109449.379178,0.0,0.0,0.0,4192.1,227.71,37607.76,11.532866
2019-09-14,5,446215.208494,324269.289728,121945.918766,0.0,0.0,0.0,3667.05,210.46,38206.68,11.678984
2019-09-14,6,480754.993848,357087.7778,123667.216048,0.0,0.0,0.0,3299.86,196.01,38663.58,12.434311
2019-09-14,7,557793.52088,428445.960839,129347.560041,0.0,0.0,0.0,3137.79,185.89,41014.67,13.599854
2019-09-14,8,774196.812573,620195.923127,154000.889446,0.0,0.0,0.0,4197.95,196.96,45247.24,17.110365
2019-09-14,9,894146.79265,719781.51499,174365.27766,0.0,0.0,0.0,6159.07,218.44,50111.78,17.843046
2019-09-14,10,1086256.24093,881652.728202,204603.512728,0.0,0.0,0.0,8242.87,140.4,54732.44,19.846662
2019-09-14,11,1175179.496442,937434.050106,237745.446336,0.0,0.0,0.0,9231.895947,617.254053,58741.47,20.00596
2019-09-14,12,1234731.41498,958793.620362,275937.794617,0.0,0.0,0.0,9335.995406,2007.364594,61522.76,20.069506
2019-09-14,13,1262609.167028,958787.040362,303822.126666,0.0,0.0,0.0,10487.343,2046.197,63402.13,19.914302
2019-09-14,14,1338128.569324,1015341.110361,322787.458962,0.0,0.0,0.0,11101.122,1292.448,64421.02,20.771614
2019-09-14,15,1308404.812068,1015337.820361,293066.991707,0.0,0.0,0.0,10655.365276,1390.624724,64800.98,20.191127
2019-09-14,16,1293756.874395,1000048.233672,293708.640723,0.0,0.0,0.0,10423.988633,946.641367,64079.53,20.189862
2019-09-14,17,1273979.000293,1000048.233672,273930.766621,0.0,0.0,0.0,9473.494229,1281.885771,61868.85,20.591606
2019-09-14,18,1166822.175588,943279.555399,223542.620189,0.0,0.0,0.0,9738.428021,491.671979,59006.55,19.774452
2019-09-14,19,1087790.526063,881649.948202,206140.577861,0.0,0.0,0.0,9301.606829,606.473171,56807.47,19.148723
2019-09-14,20,934416.265957,734095.499114,200320.766844,0.0,0.0,0.0,7409.85,403.77,53756.63,17.382345
2019-09-14,21,879579.37775,698236.389645,181342.988105,0.0,0.0,0.0,6067.62,326.72,50437.67,17.438938
2019-09-14,22,692076.928175,512975.234781,179101.693394,0.0,0.0,0.0,4512.77,258.81,47122.33,14.686815
2019-09-14,23,682323.53218,547659.572054,134663.960126,0.0,0.0,0.0,4461.21,258.35,44116.55,15.466385
2019-09-15,0,601867.540995,476294.809015,125572.73198,0.0,0.0,0.0,4427.58,259.03,41736.36,14.4207
2019-09-15,1,468525.644507,345659.102551,122866.541957,0.0,0.0,0.0,4439.51,256.65,39888.32,11.745936
2019-09-15,2,453294.218543,336469.875301,116824.343242,0.0,0.0,0.0,4015.99,231.94,38567.12,11.753385
2019-09-15,3,439251.427916,324616.084502,114635.343414,0.0,0.0,0.0,3766.98,207.53,37619.83,11.676061
2019-09-15,4,430087.526627,315875.887719,114211.638908,0.0,0.0,0.0,3597.49,185.13,37221.74,11.55474
2019-09-15,5,434653.143691,315875.887719,118777.255973,0.0,0.0,0.0,3331.65,167.1,37320.91,11.64637
2019-09-15,6,453090.148437,336476.455301,116613.693136,0.0,0.0,0.0,3200.84,154.56,37442.54,12.100946
2019-09-15,7,506784.659734,375427.257992,131357.401742,0.0,0.0,188.885,3351.99,0.0,39880.75,12.707501
2019-09-15,8,697120.433294,557187.707981,139932.725313,0.0,0.0,0.0,3954.969,90.211,44178.69,15.779563
2019-09-15,9,878849.858918,704728.487069,174121.371849,0.0,0.0,0.0,5546.99,133.03,48927.5,17.962288
2019-09-15,10,1063565.3879,860839.556654,202725.831246,0.0,0.0,0.0,7356.03,80.42,53405.55,19.914885
2019-09-15,11,1135017.865448,916899.625694,218118.239754,0.0,0.0,0.0,9199.529737,332.340263,57224.75,19.834387
2019-09-15,12,1218453.364285,919637.678623,298815.685663,0.0,0.0,0.0,10216.6,1402.31,60337.6,20.193932
2019-09-15,13,1201189.44033,940450.850171,260738.59016,0.0,0.0,0.0,12149.266938,1696.153062,62763.72,19.138277
2019-09-15,14,1205370.373501,940447.560171,264922.81333,0.0,0.0,0.0,12842.202021,1110.107979,64311.93,18.742563
2019-09-15,15,1254023.669648,992092.202262,261931.467386,0.0,0.0,0.0,12862.255975,1053.924025,64929.89,19.313504
2019-09-15,16,1247824.512545,992086.132262,255738.380282,0.0,0.0,0.0,12768.204478,767.775522,64652.4,19.300513
2019-09-15,17,1250675.377439,992086.132262,258589.245177,0.0,0.0,0.0,10993.732522,1129.997478,62912.7,19.879537
2019-09-15,18,1203824.492245,951316.159911,252508.332334,0.0,0.0,0.0,9717.862859,1191.007141,60722.51,19.825012
2019-09-15,19,1171459.331219,930235.336791,241223.994428,0.0,0.0,0.0,8898.917035,766.062965,58966.67,19.866466
2019-09-15,20,1125365.029844,914945.750102,210419.279742,0.0,0.0,0.0,7451.69,404.12,55639.91,20.22586
2019-09-15,21,924745.491359,746581.419466,178164.071893,0.0,0.0,0.0,6421.37,327.36,51531.19,17.945355
2019-09-15,22,735127.300007,572134.159689,162993.140318,0.0,0.0,0.0,5269.86,262.78,47464.73,15.487864
2019-09-15,23,637807.121234,497116.571674,140690.54956,0.0,0.0,0.0,4482.18,250.93,44106.91,14.460481
2019-09-16,0,568925.270343,434576.3129,134348.957443,0.0,0.0,0.0,3974.3,248.06,41838.78,13.598037
2019-09-16,1,518188.855366,390376.9997,127811.855666,0.0,0.0,0.0,3761.4,249.66,40409.62,12.823403
2019-09-16,2,511340.705416,390376.9997,120963.705716,0.0,0.0,0.0,3523.58,253.27,39584.04,12.91785
2019-09-16,3,483793.579956,357077.9078,126715.672157,0.0,0.0,0.0,3425.75,259.84,39602.2,12.216331
2019-09-16,4,557430.468398,431187.303768,126243.16463,0.0,0.0,0.0,3350.56,269.45,41093.5,13.56493
2019-09-16,5,629308.410025,475383.326968,153925.083057,0.0,0.0,0.0,2955.84,233.18,43699.11,14.400943
2019-09-16,6,643640.973361,475380.036968,168260.936393,0.0,0.0,0.0,2634.26,201.07,44257.7,14.543028
2019-09-16,7,746729.473933,568743.685175,177985.788758,0.0,0.0,0.0,2526.2,172.18,45753.67,16.320646
2019-09-16,8,826335.722424,614124.35057,212211.371854,0.0,0.0,0.0,2821.26,100.8,49270.51,16.771406
2019-09-16,9,1040666.59245,802441.682009,238224.910441,0.0,0.0,0.0,4264.58,61.02,53381.87,19.494757
2019-09-16,10,3318710.131625,3069266.044023,249444.087601,0.0,0.0,0.0,6049.11,24.68,57191.7,58.027828
2019-09-16,11,3315183.09862,3048180.630553,267002.468068,0.0,0.0,0.0,7793.23,66.82,60090.81,55.169553
2019-09-16,12,3365125.926224,3063473.507241,301652.418983,0.0,0.0,0.0,8744.172573,849.517427,62489.05,53.85145
2019-09-16,13,3395696.72511,3084554.330362,311142.394747,0.0,0.0,0.0,9426.497149,1544.712851,63899.64,53.141093
2019-09-16,14,3416820.04365,3084551.040362,332269.003288,0.0,0.0,0.0,9709.884,1845.146,64904.44,52.643857
2019-09-16,15,3414191.542912,3084551.040362,329640.50255,0.0,0.0,0.0,10030.171,2046.139,65195.61,52.368427
2019-09-16,16,3367341.319995,3084551.040362,282790.279633,0.0,0.0,0.0,10918.821013,1467.398987,64303.81,52.366124
2019-09-16,17,3290474.659213,3011834.209118,278640.450096,0.0,0.0,0.0,10356.383048,1562.116952,62251.87,52.857443
2019-09-16,18,3225731.448157,2971064.236767,254667.211391,0.0,0.0,0.0,9440.687029,1900.472971,60175.22,53.605644
2019-09-16,19,3183951.839577,2922893.733758,261058.105819,0.0,0.0,0.0,8359.356,1865.604,58675.96,54.263311
2019-09-16,20,3146999.927417,2922893.733758,224106.193659,0.0,0.0,0.0,7462.651441,1110.618559,55444.24,56.759727
2019-09-16,21,2928241.239183,2739239.816433,189001.42275,0.0,0.0,0.0,6816.757259,577.722741,51183.13,57.211062
2019-09-16,22,2707074.118794,2535639.181377,171434.937417,0.0,0.0,0.0,5846.2,293.26,47033.95,57.555747
2019-09-16,23,2632119.389191,2482617.18853,149502.200661,0.0,0.0,0.0,5575.24,293.61,43825.49,60.059098
2019-09-17,0,2584862.936375,2447919.073902,136943.862473,0.0,0.0,0.0,5262.67,292.92,41662.61,62.042751
2019-09-17,1,2560854.578144,2432873.135982,127981.442162,0.0,0.0,0.0,4962.17,296.09,40080.85,63.892222
2019-09-17,2,2550973.673747,2423337.113958,127636.559789,0.0,0.0,0.0,4100.91,232.35,39134.75,65.184361
2019-09-17,3,2573390.108272,2448523.542658,124866.565614,0.0,0.0,0.0,3473.35,180.51,39132.89,65.760288
2019-09-17,4,2615196.725318,2473105.502603,142091.222715,0.0,0.0,0.0,2936.09,135.98,40594.12,64.423043
2019-09-17,5,2657178.350797,2491441.692795,165736.658002,0.0,0.0,0.0,3036.759,150.461,43191.09,61.521447
2019-09-17,6,2664656.067224,2491438.402795,173217.66443,0.0,0.0,0.0,3112.84,188.51,43871.7,60.73747
2019-09-17,7,2713956.911533,2544463.685642,169493.225891,0.0,0.0,0.0,3160.53,221.08,44744.48,60.654564
2019-09-17,8,2769026.953262,2592633.678651,176393.274611,0.0,0.0,0.0,4571.41,321.08,47038.33,58.867459
2019-09-17,9,2807853.189927,2628093.305067,179759.884859,0.0,0.0,0.0,7045.499998,759.120002,49969.18,56.1917
2019-09-17,10,2962066.137918,2765416.703097,196649.434821,0.0,0.0,0.0,9946.224717,772.475283,52776.15,56.125089
2019-09-17,11,3172000.339823,2962484.611319,209515.728503,0.0,0.0,0.0,9258.878966,1048.891034,55493.77,57.159576
2019-09-17,12,3267157.745345,3037570.066231,229587.679113,0.0,0.0,0.0,9115.937596,1084.472404,58115.04,56.218799
2019-09-17,13,3295028.191878,3036806.951832,258221.240046,0.0,0.0,0.0,9363.112961,757.437039,59863.91,55.041981
2019-09-17,14,3309325.283463,3036737.988968,272587.294495,0.0,0.0,0.0,9675.519368,811.120632,60824.05,54.408171
2019-09-17,15,3312729.404389,3036734.698968,275994.70542,0.0,0.0,0.0,10024.036909,871.203091,61264.61,54.07248
2019-09-17,16,3285939.50632,3028690.187723,257249.318597,0.0,0.0,0.0,10448.505255,938.854745,60622.29,54.203487
2019-09-17,17,3256997.181424,3028683.607723,228313.573701,0.0,0.0,0.0,10033.607228,1544.982772,59057.38,55.149707
2019-09-17,18,3202448.239577,2984405.101659,218043.137918,0.0,0.0,0.0,10108.66217,1735.46783,57445.42,55.747669
2019-09-17,19,3147597.701994,2927851.03166,219746.670334,0.0,0.0,0.0,9566.6107,1651.9093,56431.36,55.777456
2019-09-17,20,3105877.501091,2932705.811499,173171.689592,0.0,0.0,0.0,9034.808813,1110.221187,53629.0,57.914142
2019-09-17,21,2983390.871983,2833079.976394,150310.895589,0.0,0.0,0.0,8434.44246,466.87754,49780.22,59.931251
2019-09-17,22,2855376.653337,2717185.599684,138191.053652,0.0,0.0,0.0,6902.36,239.36,46129.21,61.899535
2019-09-17,23,2586747.586809,2459369.57514,127378.01167,0.0,0.0,0.0,7081.44,298.48,43229.14,59.838053
2019-09-18,0,2513254.320177,2389907.930376,123346.389802,0.0,0.0,0.0,7319.83,370.3,41145.48,61.082149
2019-09-18,1,2486801.142182,2380371.908352,106429.23383,0.0,0.0,0.0,7574.44,457.75,39682.13,62.668036
2019-09-18,2,2470160.380227,2364913.709378,105246.670849,0.0,0.0,0.0,7191.67,428.09,38808.67,63.649705
2019-09-18,3,2482262.836628,2374106.226627,108156.610001,0.0,0.0,0.0,6731.14,402.15,38854.19,63.886619
2019-09-18,4,2527857.816411,2415549.969542,112307.846869,0.0,0.0,0.0,6398.45,376.18,40326.77,62.684361
2019-09-18,5,2603782.100315,2468562.092389,135220.007926,0.0,0.0,0.0,5708.49,297.36,43066.07,60.460174
2019-09-18,6,2620734.194143,2468558.802389,152175.391754,0.0,0.0,0.0,4963.07,234.84,43820.53,59.806082
2019-09-18,7,2686515.642338,2524183.500838,162332.1415,0.0,0.0,0.0,4327.18,184.82,44704.69,60.094716
2019-09-18,8,2755119.962468,2581952.777256,173167.185212,0.0,0.0,0.0,5055.57,177.05,46872.4,58.779153
2019-09-18,9,2829061.385869,2656967.585271,172093.800598,0.0,0.0,0.0,6753.0,169.7,49681.13,56.944385
2019-09-18,10,2960627.158158,2761442.136732,199185.021426,0.0,0.0,0.0,8202.72,90.47,52616.9,56.267609
2019-09-18,11,3000845.24468,2777898.123515,222947.121165,0.0,0.0,0.0,8981.11,104.49,55541.04,54.029331
2019-09-18,12,3081290.000963,2833958.192555,247331.808408,0.0,0.0,0.0,9947.474,188.866,58569.74,52.608907
2019-09-18,13,3260617.962406,2981505.551643,279112.410763,0.0,0.0,0.0,10020.754,782.966,60982.34,53.468233
2019-09-18,14,3308873.024507,3012108.44069,296764.583817,0.0,0.0,0.0,10161.418,627.072,62338.28,53.079312
2019-09-18,15,3339057.912635,3012101.86069,326956.051945,0.0,0.0,0.0,10043.035,539.225,63350.85,52.707389
2019-09-18,16,3336644.352706,3012101.86069,324542.492016,0.0,0.0,0.0,9894.832,279.818,63216.12,52.781543
2019-09-18,17,3295298.93557,3012101.86069,283197.07488,0.0,0.0,0.0,9263.25,195.18,61517.32,53.567011
2019-09-18,18,3243744.099091,2996812.274001,246931.82509,0.0,0.0,0.0,8718.55,340.89,59390.31,54.617396
2019-09-18,19,1117701.780365,861859.046752,255842.733613,0.0,0.0,0.0,8545.710006,519.499994,57956.88,19.285058
2019-09-18,20,1079358.894044,871051.564002,208307.330042,0.0,0.0,0.0,7970.71,475.57,55029.8,19.61408
2019-09-18,21,947938.300631,782107.798642,165830.50199,0.0,0.0,0.0,8355.67,412.76,51025.42,18.577766
2019-09-18,22,720208.998522,566943.14101,153265.857513,0.0,0.0,0.0,8357.827274,691.072726,47175.88,15.266467
2019-09-18,23,584558.216224,456352.016876,128206.199348,0.0,0.0,0.0,9068.16,398.89,44244.68,13.211944
2019-09-19,0,603694.501802,504443.988809,99250.512993,0.0,0.0,0.0,9586.65,451.0,42327.46,14.262479
2019-09-19,1,397290.856102,288455.061351,108835.794751,0.0,0.0,0.0,10147.830224,533.689776,41016.72,9.686071
2019-09-19,2,402071.08137,292915.288627,109155.792743,0.0,0.0,0.0,8503.53,383.1,40215.43,9.997931
2019-09-19,3,423390.049243,301652.19541,121737.853833,0.0,0.0,0.0,7052.15,274.43,40442.87,10.468843
2019-09-19,4,522611.407672,389499.943401,133111.46427,0.0,0.0,0.0,6022.95,190.7,42121.64,12.407195
2019-09-19,5,609287.397802,442881.903851,166405.493951,0.0,0.0,0.0,5145.24,141.11,44988.18,13.543277
2019-09-19,6,650142.257062,461218.094042,188924.16302,0.0,0.0,0.0,4476.19,106.84,46030.9,14.12404
2019-09-19,7,663522.985154,461214.804042,202308.181112,0.0,0.0,0.0,4021.41,83.83,46522.06,14.262545
2019-09-19,8,682718.844725,461214.804042,221504.040683,0.0,0.0,0.0,4683.89,75.91,48168.42,14.173578
2019-09-19,9,736269.363844,524437.314972,211832.048872,0.0,0.0,0.0,6061.85,68.83,49891.99,14.757266
2019-09-19,10,722349.00362,524431.244972,197917.758648,0.0,0.0,0.0,7527.53,35.04,51292.23,14.08301
2019-09-19,11,745061.589607,532149.814972,212911.774635,0.0,0.0,0.0,8557.02,61.88,52769.67,14.119125
2019-09-19,12,758916.585839,532147.034972,226769.550867,0.0,0.0,0.0,9614.400624,287.289376,54238.63,13.992178
2019-09-19,13,820670.797218,583785.823095,236884.974123,0.0,0.0,0.0,10028.868064,623.671936,55227.46,14.859832
2019-09-19,14,801531.619456,583783.043095,217748.57636,0.0,0.0,0.0,10756.903285,991.786715,55385.11,14.471969
2019-09-19,15,748466.751407,544362.739783,204104.011624,0.0,0.0,0.0,12125.496218,1051.813782,55172.05,13.566049
2019-09-19,16,723975.251012,543515.094373,180460.156639,0.0,0.0,0.0,13105.305923,951.434077,54655.54,13.246146
2019-09-19,17,727517.553957,547033.114919,180484.439038,0.0,0.0,0.0,11718.63966,1283.94034,53472.79,13.605379
2019-09-19,18,665454.854008,472290.984039,193163.869969,0.0,0.0,0.0,10575.750766,1277.969234,52674.54,12.63333
2019-09-19,19,669620.773812,472287.694039,197333.079773,0.0,0.0,0.0,9604.248077,1212.381923,52062.49,12.861866
2019-09-19,20,626275.447364,472287.694039,153987.753324,0.0,0.0,0.0,9788.14305,854.64695,49753.14,12.587657
2019-09-19,21,539199.575812,419619.991192,119579.58462,0.0,0.0,0.0,10683.853112,709.826888,46767.67,11.529323
2019-09-19,22,412946.046497,308907.404791,104038.641706,0.0,0.0,0.0,11479.860006,519.499994,43837.9,9.419841
2019-09-19,23,358109.809752,256175.725695,101934.084057,0.0,0.0,0.0,10699.61,438.96,41599.31,8.608552
2019-09-20,0,341368.124856,240717.52672,100650.598136,0.0,0.0,0.0,9839.007,322.833,40187.37,8.494413
2019-09-20,1,339426.689816,240717.52672,98709.163096,0.0,0.0,0.0,9231.28,270.47,39319.19,8.632596
2019-09-20,2,339895.897188,240717.52672,99178.370468,0.0,0.0,0.0,8752.64,230.06,38887.6,8.74047
2019-09-20,3,344134.233082,240717.52672,103416.706362,0.0,0.0,0.0,8738.17,194.06,39143.07,8.791703
2019-09-20,4,423115.188077,320600.305494,102514.882584,0.0,0.0,0.0,9150.02,162.83,40792.82,10.372296
2019-09-20,5,467497.841701,324786.185493,142711.656208,0.0,0.0,0.0,9163.74,91.84,43599.52,10.722546
2019-09-20,6,546308.925739,399803.773508,146505.152231,0.0,0.0,0.0,9439.63,233.03,44828.25,12.186711
2019-09-20,7,676398.916387,536024.358549,140374.557837,0.0,0.0,0.0,10223.1,46.0,46068.31,14.682521
2019-09-20,8,708959.18118,560838.521047,148120.660133,0.0,0.0,0.0,11234.82,114.7,48833.53,14.517877
2019-09-20,9,731923.456312,561473.64767,170449.808642,0.0,0.0,0.0,12914.332,270.708,51916.92,14.097975
2019-09-20,10,875768.392983,699589.708791,176178.684192,0.0,0.0,0.0,14798.886654,464.673346,54599.12,16.039973
2019-09-20,11,1073729.339696,890958.906115,182770.433581,0.0,0.0,0.0,14843.249134,1252.510866,57166.06,18.782637
2019-09-20,12,1060954.58904,868329.507847,192625.081192,0.0,0.0,0.0,15185.66827,1754.57173,59180.08,17.927563
2019-09-20,13,1083344.034397,857255.790501,226088.243896,0.0,0.0,0.0,14386.605859,2765.704141,60906.92,17.786879
2019-09-20,14,1086850.370532,857249.210501,229601.160031,0.0,0.0,0.0,15076.12009,2569.62991,62100.61,17.501444
2019-09-20,15,1082229.23773,857249.210501,224980.027229,0.0,0.0,0.0,15109.667817,3184.522183,61984.28,17.459737
2019-09-20,16,1071980.208116,857568.984876,214411.22324,0.0,0.0,0.0,14640.667572,2288.432428,60496.51,17.719703
2019-09-20,17,1028463.206445,847696.42895,180766.777495,0.0,0.0,0.0,13831.450906,2301.589094,57890.74,17.765591
2019-09-20,18,953968.439809,780992.022412,172976.417397,0.0,0.0,0.0,12587.650457,2227.949543,55759.58,17.108602
2019-09-20,19,831191.831232,639648.143612,191543.68762,0.0,0.0,0.0,11167.439426,1894.450574,54571.39,15.231275
2019-09-20,20,787550.360909,640002.433612,147547.927297,0.0,0.0,0.0,13051.266412,1968.243588,52579.65,14.978235
2019-09-20,21,687716.826972,562524.087319,125192.739653,0.0,0.0,0.0,14866.44593,2037.16407,49990.8,13.756868
2019-09-20,22,580574.645978,468639.90044,111934.745538,0.0,0.0,0.0,16242.807851,1990.182149,47120.29,12.321118
2019-09-20,23,397721.337054,289698.835038,108022.502016,0.0,0.0,0.0,16107.091652,2281.188348,44396.89,8.958315
2019-09-21,0,366149.770342,274706.658763,91443.111579,0.0,0.0,0.0,16104.204763,2157.495237,42228.39,8.670702
2019-09-21,1,300874.928651,207187.016703,93687.911948,0.0,0.0,0.0,15576.889039,2252.970961,40737.64,7.385674
2019-09-21,2,294308.765529,207187.016703,87121.748826,0.0,0.0,0.0,15200.240117,2258.309883,39747.72,7.404419
2019-09-21,3,292865.54037,207187.016703,85678.523667,0.0,0.0,0.0,14688.709877,2265.420123,39263.31,7.459013
2019-09-21,4,302319.785205,212323.934202,89995.851003,0.0,0.0,0.0,14051.257827,2305.562173,39478.66,7.657803
2019-09-21,5,309540.193779,212317.354202,97222.839576,0.0,0.0,0.0,14165.704848,2297.195152,40109.35,7.717407
2019-09-21,6,335212.921753,235063.965562,100148.956191,0.0,0.0,0.0,14129.40864,2241.04136,40740.1,8.228083
2019-09-21,7,509537.168383,399279.661334,110257.507049,0.0,0.0,0.0,13789.047331,2184.022669,42896.28,11.878353
2019-09-21,8,586761.030534,456465.549097,130295.481437,0.0,0.0,0.0,13361.421,2206.569,46395.91,12.646827
2019-09-21,9,662279.876877,500648.412297,161631.46458,0.0,0.0,0.0,13214.592,3011.468,49815.72,13.294596
2019-09-21,10,735540.603815,558010.922555,177529.681259,0.0,0.0,0.0,14753.914,1657.066,52822.64,13.924723
2019-09-21,11,944762.878124,766302.644491,178460.233633,0.0,0.0,0.0,14843.594,2690.196,55605.94,16.990323
2019-09-21,12,967131.21427,775815.350417,191315.863852,0.0,0.0,0.0,14781.846555,3499.453445,57934.65,16.693485
2019-09-21,13,1025001.56392,805512.458403,219489.105517,0.0,0.0,0.0,14361.598,4341.722,59651.98,17.183027
2019-09-21,14,1084030.865298,857144.666527,226886.198771,0.0,0.0,0.0,14148.31213,4908.24787,60756.69,17.842165
2019-09-21,15,1082780.977499,857141.886527,225639.090972,0.0,0.0,0.0,14164.782385,4630.647615,61115.48,17.716968
2019-09-21,16,1073762.399735,857435.883151,216326.516584,0.0,0.0,0.0,13892.758408,2806.851592,60235.51,17.82607
2019-09-21,17,1028831.993424,842386.655231,186445.338194,0.0,0.0,0.0,13677.758237,2697.451763,57995.07,17.739991
2019-09-21,18,981900.854353,817578.802615,164322.051738,0.0,0.0,0.0,12842.285246,2270.474754,55805.6,17.595024
2019-09-21,19,853868.524694,676871.25095,176997.273744,0.0,0.0,0.0,11306.046185,2024.793815,54307.71,15.722786
2019-09-21,20,751549.440088,601850.372935,149699.067153,0.0,0.0,0.0,13249.573543,1938.156457,52125.82,14.417988
2019-09-21,21,652384.886133,528220.347589,124164.538544,0.0,0.0,0.0,15106.694269,1898.985731,49387.53,13.209506
2019-09-21,22,560014.145707,446802.503532,113211.642175,0.0,0.0,0.0,16093.847387,1547.902613,46616.37,12.013251
2019-09-21,23,390114.913606,278734.457845,111380.455762,0.0,0.0,0.0,15437.372085,2287.507915,44046.08,8.856972
2019-09-22,0,355784.991992,262472.876163,93312.115829,0.0,0.0,0.0,15353.847401,2011.582599,41904.02,8.490474
2019-09-22,1,300927.49782,209934.772562,90992.725258,0.0,0.0,0.0,14121.316276,2797.253724,40372.61,7.453754
2019-09-22,2,284560.719925,202527.052562,82033.667363,0.0,0.0,0.0,14356.046887,2360.873113,39170.21,7.264723
2019-09-22,3,265336.175504,186790.106452,78546.069052,0.0,0.0,0.0,14230.963272,2128.226728,38343.2,6.920032
2019-09-22,4,266936.817495,188948.934311,77987.883185,0.0,0.0,0.0,13692.259585,2240.400415,38160.71,6.995069
2019-09-22,5,280669.807554,193138.10431,87531.703244,0.0,0.0,0.0,13069.369,2177.171,38364.79,7.315818
2019-09-22,6,312596.295259,224641.128819,87955.16644,0.0,0.0,0.0,12026.324074,2216.575926,38572.19,8.104188
2019-09-22,7,398602.552894,293906.124077,104696.428817,0.0,0.0,0.0,10884.407604,2129.452396,40756.0,9.780218
2019-09-22,8,525289.191887,392956.22995,132332.961937,0.0,0.0,0.0,11375.601358,2088.698642,44581.13,11.78277
2019-09-22,9,704202.592043,551592.695647,152609.896395,0.0,0.0,0.0,12215.155981,2225.564019,48391.25,14.552271
2019-09-22,10,786145.825106,623703.451977,162442.373129,0.0,0.0,0.0,13577.733314,1293.806686,52019.62,15.112487
2019-09-22,11,849578.163184,677500.763173,172077.400011,0.0,0.0,0.0,13760.956606,2279.893394,55131.36,15.410071
2019-09-22,12,1026942.912449,834787.576462,192155.335987,0.0,0.0,0.0,13992.227862,2728.492138,57671.01,17.806917
2019-09-22,13,1042373.909098,840708.30461,201665.604488,0.0,0.0,0.0,15304.225876,2243.474124,59666.58,17.469979
2019-09-22,14,1064080.387981,855919.962428,208160.425553,0.0,0.0,0.0,15030.423398,2527.576602,60595.31,17.560441
2019-09-22,15,1096596.409821,874613.732619,221982.677201,0.0,0.0,0.0,13994.614752,2396.735248,60963.4,17.987783
2019-09-22,16,1105306.140119,876129.653343,229176.486776,0.0,0.0,0.0,13075.30369,608.25631,60793.92,18.181195
2019-09-22,17,1124550.958719,897207.186463,227343.772255,0.0,0.0,0.0,10750.378274,388.961726,59640.47,18.855501
2019-09-22,18,1143777.014854,918020.358011,225756.656842,0.0,0.0,0.0,8613.77,227.25,58145.15,19.671065
2019-09-22,19,1119667.190793,866381.059888,253286.130905,0.0,0.0,0.0,6907.997072,195.362928,57002.44,19.642443
2019-09-22,20,1073285.709747,866381.059888,206904.649859,0.0,0.0,0.0,6992.89,116.06,54427.08,19.7197
2019-09-22,21,849273.75535,674170.522066,175103.233285,0.0,0.0,0.0,7997.98,119.43,50820.92,16.711105
2019-09-22,22,719834.454496,565570.30621,154264.148286,0.0,0.0,0.0,8820.11,143.9,47179.38,15.257395
2019-09-22,23,641068.356408,510751.315314,130317.041095,0.0,0.0,0.0,8530.71,153.53,44222.85,14.496315
2019-09-23,0,566850.624572,439472.325139,127378.299433,0.0,0.0,0.0,8217.83,166.83,42346.82,13.385908
2019-09-23,1,554527.004989,439472.325139,115054.67985,0.0,0.0,0.0,8213.16,183.68,41083.61,13.497524
2019-09-23,2,484993.068023,364454.737124,120538.3309,0.0,0.0,0.0,7775.45926,1008.64074,40389.86,12.007793
2019-09-23,3,484840.389612,364454.737124,120385.652488,0.0,0.0,0.0,7963.532338,1520.037662,40525.96,11.963699
2019-09-23,4,538788.831371,420669.191683,118119.639688,0.0,0.0,0.0,9277.956,676.874,42136.16,12.786852
2019-09-23,5,604690.122555,454541.654852,150148.467702,0.0,0.0,0.0,9120.68,641.61,44790.95,13.500275
2019-09-23,6,613274.649463,453890.078229,159384.571234,0.0,0.0,0.0,8642.628159,940.031841,45476.25,13.485603
2019-09-23,7,721931.592928,568738.457847,153193.135081,0.0,0.0,0.0,8458.070719,689.479281,46513.65,15.520854
2019-09-23,8,817847.200138,643746.685862,174100.514276,0.0,0.0,0.0,8044.384339,748.535661,49390.13,16.55892
2019-09-23,9,1005760.344118,800100.894215,205659.449903,0.0,0.0,0.0,8295.068839,1207.651161,52870.83,19.022972
2019-09-23,10,1107363.394782,889041.369575,218322.025207,0.0,0.0,0.0,9532.700664,1116.959336,56534.22,19.587489
2019-09-23,11,3265273.270748,3035617.571473,229655.699275,0.0,0.0,0.0,10379.155706,375.874294,59769.46,54.631132
2019-09-23,12,3313128.57358,3053955.241315,259173.332265,0.0,0.0,0.0,10372.27,286.17,62434.11,53.066001
2019-09-23,13,3335849.785371,3053951.951315,281897.834056,0.0,0.0,0.0,10684.722715,464.697285,64016.18,52.109479
2019-09-23,14,3352819.462687,3063473.507241,289345.955445,0.0,0.0,0.0,10891.06,216.71,64562.9,51.931054
2019-09-23,15,3347475.608206,3063470.217241,284005.390964,0.0,0.0,0.0,10801.017557,308.932443,64619.15,51.803151
2019-09-23,16,3348109.621813,3063470.217241,284639.404572,0.0,0.0,0.0,10171.79,98.59,64282.85,52.084026
2019-09-23,17,3326876.667698,3063470.217241,263406.450456,0.0,0.0,0.0,9550.55,228.63,62607.18,53.1389
2019-09-23,18,3171508.342113,2915919.058153,255589.28396,0.0,0.0,0.0,9098.965027,360.884973,60749.55,52.206285
2019-09-23,19,3117743.266099,2875149.085802,242594.180297,0.0,0.0,0.0,8706.994398,471.815602,59051.29,52.797208
2019-09-23,20,3052346.172527,2854335.914254,198010.258272,0.0,0.0,0.0,8682.91,396.71,55902.26,54.601481
2019-09-23,21,2854803.709373,2697984.485901,156819.223472,0.0,0.0,0.0,9217.34,359.59,51872.26,55.035268
2019-09-23,22,2737722.33175,2599194.508853,138527.822897,0.0,0.0,0.0,9375.87,338.34,48089.93,56.929223
2019-09-23,23,2557539.583,2417766.387542,139773.195459,0.0,0.0,0.0,8599.62,244.53,44928.08,56.925192
2019-09-24,0,2531547.861817,2402308.188567,129239.67325,0.0,0.0,0.0,7812.51,171.59,42760.67,59.202717
2019-09-24,1,2516830.989437,2394900.468567,121930.52087,0.0,0.0,0.0,7335.51,115.81,41329.57,60.896617
2019-09-24,2,2502618.963779,2385364.446544,117254.517236,0.0,0.0,0.0,7347.49,139.85,40458.46,61.856506
2019-09-24,3,2498997.479401,2385364.446544,113633.032858,0.0,0.0,0.0,7854.52,168.39,40420.21,61.825445
2019-09-24,4,2535889.17086,2417779.547542,118109.623319,0.0,0.0,0.0,8241.8,201.72,41847.79,60.597923
2019-09-24,5,2594412.961656,2442008.132712,152404.828945,0.0,0.0,0.0,7305.311,316.099,44496.71,58.305726
2019-09-24,6,2760863.549709,2607898.261991,152965.287717,0.0,0.0,0.0,6655.47,297.04,45110.96,61.201614
2019-09-24,7,2768558.567551,2607892.191991,160666.37556,0.0,0.0,0.0,6255.68,214.86,46138.06,60.00596
2019-09-24,8,2830305.211772,2667387.67188,162917.539891,0.0,0.0,0.0,8211.69,407.44,48902.03,57.87705
2019-09-24,9,2993197.497481,2808445.713545,184751.783936,0.0,0.0,0.0,10569.534476,945.425524,52329.51,57.199035
2019-09-24,10,3045538.843427,2855516.862288,190021.981139,0.0,0.0,0.0,12762.623,935.997,55628.63,54.747687
2019-09-24,11,3172337.493195,2971302.152654,201035.340541,0.0,0.0,0.0,13553.81,1888.6,58949.3,53.814676
2019-09-24,12,3232128.083977,3024320.855502,207807.228475,0.0,0.0,0.0,13616.853748,2842.916252,61956.05,52.168079
2019-09-24,13,3245373.818505,3024317.565502,221056.253003,0.0,0.0,0.0,15095.211559,2235.818441,64010.44,50.700695
2019-09-24,14,3246795.284813,3001890.363342,244904.92147,0.0,0.0,0.0,15539.464,2715.106,65241.64,49.765691
2019-09-24,15,3281838.038245,3042660.335693,239177.702551,0.0,0.0,0.0,15027.094652,2508.775348,65522.04,50.087544
2019-09-24,16,3278178.141861,3041809.400284,236368.741578,0.0,0.0,0.0,14244.611094,1397.668906,64768.5,50.613773
2019-09-24,17,3271163.626389,3041809.400284,229354.226105,0.0,0.0,0.0,11815.606834,1120.673166,62441.49,52.387661
2019-09-24,18,3126526.631497,2895115.756605,231410.874892,0.0,0.0,0.0,9851.167814,528.992186,60092.89,52.028229
2019-09-24,19,3119485.555337,2885587.620679,233897.934659,0.0,0.0,0.0,8144.1,204.84,58373.19,53.440382
2019-09-24,20,3037892.677833,2844817.648328,193075.029505,0.0,0.0,0.0,8460.2,230.8,55225.88,55.008497
2019-09-24,21,2828541.079008,2673420.282054,155120.796954,0.0,0.0,0.0,9416.95,257.07,51228.22,55.21451
2019-09-24,22,2701394.579743,2564511.996198,136882.583545,0.0,0.0,0.0,9583.37,287.84,47317.61,57.090681
2019-09-24,23,2544668.305066,2415536.809542,129131.495524,0.0,0.0,0.0,9571.19,300.69,44253.91,57.501547
2019-09-25,0,2566329.951382,2458659.836666,107670.114716,0.0,0.0,0.0,9780.23,320.12,42007.72,61.091865
2019-09-25,1,2532247.764774,2436666.222817,95581.541957,0.0,0.0,0.0,10353.79,344.83,40473.05,62.56627
2019-09-25,2,2507771.866014,2414732.852443,93039.013571,0.0,0.0,0.0,10148.68,358.76,39562.5,63.387599
2019-09-25,3,2506503.048609,2414732.852443,91770.196166,0.0,0.0,0.0,10089.78,380.18,39506.24,63.445751
2019-09-25,4,2544309.460292,2446640.573334,97668.886958,0.0,0.0,0.0,9890.81,411.46,40909.61,62.193442
2019-09-25,5,2584973.346765,2459435.089934,125538.256831,0.0,0.0,0.0,9637.81,404.03,43464.2,59.473621
2019-09-25,6,2605160.573471,2473617.235534,131543.337938,0.0,0.0,0.0,9248.02,394.64,44115.75,59.052846
2019-09-25,7,2672301.716098,2535375.070919,136926.645179,0.0,0.0,0.0,8461.01,387.51,45160.79,59.173051
2019-09-25,8,2742106.27701,2589082.780045,153023.496965,0.0,0.0,0.0,8562.23,486.9,48000.31,57.126845
2019-09-25,9,2775739.722274,2589076.200045,186663.522228,0.0,0.0,0.0,10182.69035,536.52965,51594.63,53.799004
2019-09-25,10,2946314.3517,2737859.391709,208454.959991,0.0,0.0,0.0,11968.46,421.6,54934.31,53.63341
2019-09-25,11,3208216.138007,3001899.213342,206316.924665,0.0,0.0,0.0,12341.869,1120.611,58503.19,54.838311
2019-09-25,12,3252281.957991,3022703.53489,229578.423101,0.0,0.0,0.0,12380.010955,1836.099045,62152.88,52.327132
2019-09-25,13,3322859.941251,3063122.507242,259737.434009,0.0,0.0,0.0,13153.222909,1476.107091,65035.67,51.092884
2019-09-25,14,3383736.908611,3084557.620362,299179.288249,0.0,0.0,0.0,12754.900988,2023.129012,66734.2,50.70469
2019-09-25,15,3405797.73056,3084551.040362,321246.690198,0.0,0.0,0.0,12577.998579,1812.501421,67466.52,50.481301
2019-09-25,16,3389881.072756,3084551.040362,305330.032394,0.0,0.0,0.0,12487.589452,1224.530548,66827.26,50.726022
2019-09-25,17,3337795.870824,3063470.217241,274325.653583,0.0,0.0,0.0,11069.97937,938.26063,64513.9,51.737624
2019-09-25,18,3305518.607481,3063470.217241,242048.390239,0.0,0.0,0.0,9822.43,356.05,61875.18,53.422368
2019-09-25,19,3283787.216936,3048180.630553,235606.586383,0.0,0.0,0.0,8236.59,258.43,59696.52,55.008018
2019-09-25,20,1130498.226163,922416.630553,208081.59561,0.0,0.0,0.0,8316.19,283.35,56220.23,20.108388
2019-09-25,21,998749.816164,845787.548733,152962.267431,0.0,0.0,0.0,9178.03,312.67,52093.36,19.172306
2019-09-25,22,771481.150862,634469.658295,137011.492567,0.0,0.0,0.0,9238.72,346.28,48051.33,16.055355
2019-09-25,23,580191.168816,468579.019015,111612.149801,0.0,0.0,0.0,9796.48,347.74,44750.68,12.964969
2019-09-26,0,442350.928588,333903.918826,108447.009762,0.0,0.0,0.0,9756.992296,506.017704,42380.77,10.437539
2019-09-26,1,409182.8393,313295.886327,95886.952972,0.0,0.0,0.0,9890.19,357.08,40697.29,10.054302
2019-09-26,2,387328.421904,290958.767704,96369.6542,0.0,0.0,0.0,9386.65,367.94,39770.73,9.739032
2019-09-26,3,387153.669106,290958.767704,96194.901402,0.0,0.0,0.0,9247.55,381.0,39530.4,9.793821
2019-09-26,4,437931.660062,340189.340551,97742.319511,0.0,0.0,0.0,9297.1,396.28,40730.22,10.752008
2019-09-26,5,519481.845727,393568.011,125913.834727,0.0,0.0,0.0,7657.945789,495.414211,43238.62,12.014302
2019-09-26,6,607810.324102,479978.71196,127831.612142,0.0,0.0,0.0,6216.15,348.79,43815.98,13.871887
2019-09-26,7,634534.519999,479968.84196,154565.678039,0.0,0.0,0.0,4807.81,326.5,44930.09,14.122708
2019-09-26,8,722415.509187,554989.719975,167425.789212,0.0,0.0,0.0,5960.52,431.05,47758.45,15.126444
2019-09-26,9,754298.085456,570279.306664,184018.778792,0.0,0.0,0.0,8387.280006,519.499994,51241.35,14.720496
2019-09-26,10,927912.926722,719059.208328,208853.718394,0.0,0.0,0.0,10352.960195,894.599805,54681.4,16.969443
2019-09-26,11,1152078.61133,937718.867242,214359.744088,0.0,0.0,0.0,11303.457021,778.082979,58245.33,19.779759
2019-09-26,12,1211580.108916,958790.330362,252789.778554,0.0,0.0,0.0,11555.781482,1271.918518,61712.69,19.632593
2019-09-26,13,1236272.690803,958787.040362,277485.650441,0.0,0.0,0.0,12251.798754,1215.621246,64307.36,19.224435
2019-09-26,14,1236826.070344,958787.040362,278039.029982,0.0,0.0,0.0,13671.630533,1837.939467,65914.48,18.764103
2019-09-26,15,1230830.122805,958787.040362,272043.082443,0.0,0.0,0.0,14706.111035,2258.138965,66676.6,18.459701
2019-09-26,16,1215526.621389,958787.040362,256739.581027,0.0,0.0,0.0,14701.795068,2137.514932,65881.93,18.450076
2019-09-26,17,1196119.266211,958787.040362,237332.225848,0.0,0.0,0.0,12871.243954,2911.786046,63208.06,18.923524
2019-09-26,18,1158231.145758,937706.217242,220524.928516,0.0,0.0,0.0,12225.797941,1492.152059,60750.49,19.065379
2019-09-26,19,1142560.740038,937706.217242,204854.522796,0.0,0.0,0.0,10782.249593,741.250407,58717.43,19.45863
2019-09-26,20,1062063.488176,886070.209118,175993.279058,0.0,0.0,0.0,10557.357741,568.552259,55497.41,19.137172
2019-09-26,21,940839.679051,794151.540609,146688.138442,0.0,0.0,0.0,10150.512752,503.467248,51395.97,18.305709
2019-09-26,22,769055.282047,643571.433018,125483.849029,0.0,0.0,0.0,9242.3,384.06,47446.18,16.209003
2019-09-26,23,590022.82396,477680.793738,112342.030222,0.0,0.0,0.0,8866.578031,403.321969,44209.86,13.345955
2019-09-27,0,469513.385023,355000.891855,114512.493168,0.0,0.0,0.0,8886.874556,460.505444,41897.15,11.206332
2019-09-27,1,466803.23556,367822.540569,98980.694991,0.0,0.0,0.0,9059.366199,487.763801,40352.84,11.568039
2019-09-27,2,443607.415956,351534.370649,92073.045308,0.0,0.0,0.0,9396.199855,654.330145,39282.59,11.292723
2019-09-27,3,393206.878547,296318.490728,96888.387819,0.0,0.0,0.0,10002.02572,934.40428,39171.29,10.03814
2019-09-27,4,435494.004816,337273.569366,98220.43545,0.0,0.0,0.0,10078.07416,1262.87584,40492.72,10.754872
2019-09-27,5,478294.122512,353482.163008,124811.959504,0.0,0.0,0.0,9454.623757,1098.776243,43089.75,11.099951
2019-09-27,6,509835.074229,372679.15861,137155.915619,0.0,0.0,0.0,8597.247789,1170.902211,43844.18,11.628341
2019-09-27,7,554414.191671,404318.75378,150095.437891,0.0,0.0,0.0,7785.334637,1070.395363,44874.57,12.354752
2019-09-27,8,612139.136628,448511.48698,163627.649648,0.0,0.0,0.0,8558.701428,1681.068572,47419.52,12.909012
2019-09-27,9,732333.357395,545795.635364,186537.72203,0.0,0.0,0.0,10209.354928,2159.765072,50689.48,14.447443
2019-09-27,10,884165.615719,686847.607028,197318.008691,0.0,0.0,0.0,11749.388101,1556.421899,53960.0,16.385575
2019-09-27,11,1047918.982755,851321.290727,196597.692028,0.0,0.0,0.0,12930.23,2411.46,56748.7,18.465956
2019-09-27,12,1088389.404333,851315.220727,237074.183606,0.0,0.0,0.0,12604.938188,3949.691812,59470.14,18.301443
2019-09-27,13,1156315.641736,872131.682275,284183.959461,0.0,0.0,0.0,13907.525,3246.755,61260.45,18.875402
2019-09-27,14,1214756.972314,902734.061322,312022.910992,0.0,0.0,0.0,14200.491,3351.989,62751.41,19.358242
2019-09-27,15,1245095.117203,902727.481322,342367.635881,0.0,0.0,0.0,13685.675,3220.245,63416.25,19.633692
2019-09-27,16,1147009.670137,902727.481322,244282.188815,0.0,0.0,0.0,13056.26637,2265.88363,62591.5,18.325326
2019-09-27,17,1129833.018581,902727.481322,227105.537258,0.0,0.0,0.0,12002.458075,1618.651925,60273.76,18.745023
2019-09-27,18,1077777.10293,872906.461419,204870.641511,0.0,0.0,0.0,10843.722169,859.017831,57929.71,18.604911
2019-09-27,19,1017730.933198,806632.360187,211098.573012,0.0,0.0,0.0,9511.81,354.74,56166.24,18.119976
2019-09-27,20,975159.092927,806629.070187,168530.02274,0.0,0.0,0.0,10101.07,378.39,54054.8,18.040194
2019-09-27,21,871688.799142,732793.905791,138894.893351,0.0,0.0,0.0,11441.04,413.15,51397.92,16.959612
2019-09-27,22,678723.010532,559452.07028,119270.940252,0.0,0.0,0.0,12521.89,464.9,48537.32,13.983529
2019-09-27,23,472687.054159,360014.161719,112672.89244,0.0,0.0,0.0,13772.770006,695.999994,45769.38,10.327583
2019-09-28,0,491725.787411,404036.820244,87688.967167,0.0,0.0,0.0,14426.76076,896.42924,43683.94,11.256443
2019-09-28,1,422087.544618,334994.886109,87092.658509,0.0,0.0,0.0,14152.164174,1573.265826,42137.54,10.0169
2019-09-28,2,339527.48271,250434.696071,89092.786639,0.0,0.0,0.0,13738.699321,1667.690679,40964.64,8.288306
2019-09-28,3,333248.842397,245445.06772,87803.774677,0.0,0.0,0.0,13323.666724,1686.053276,40364.8,8.255927
2019-09-28,4,345004.862429,256368.68991,88636.172519,0.0,0.0,0.0,12954.259,1616.531,40380.89,8.543766
2019-09-28,5,355390.832593,256362.10991,99028.722683,0.0,0.0,0.0,12794.56,1453.57,40964.6,8.67556
2019-09-28,6,396715.283723,299025.696679,97689.587044,0.0,0.0,0.0,12260.976425,782.133575,41529.6,9.552591
2019-09-28,7,466902.547404,350622.859879,116279.687526,0.0,0.0,0.0,10683.239515,544.360485,43638.02,10.699444
2019-09-28,8,545628.727195,399431.301671,146197.425523,0.0,0.0,0.0,11824.640006,519.499994,47179.56,11.564939
2019-09-28,9,662176.884931,493153.092863,169023.792069,0.0,0.0,0.0,12295.226,1508.104,50727.86,13.053515
2019-09-28,10,817957.205082,634207.844527,183749.360555,0.0,0.0,0.0,13718.86445,1137.23555,54194.36,15.093032
2019-09-28,11,880062.791806,686588.640751,193474.151055,0.0,0.0,0.0,14754.131,1151.329,57131.41,15.404185
2019-09-28,12,1075445.329426,854955.751387,220489.578039,0.0,0.0,0.0,14061.037351,2761.372649,59617.54,18.039076
2019-09-28,13,1107859.563904,873937.448202,233922.115702,0.0,0.0,0.0,13654.623,3676.397,61179.83,18.108248
2019-09-28,14,3221706.412398,2999696.678552,222009.733846,0.0,0.0,0.0,14618.134811,3483.725189,62134.71,51.850349
2019-09-28,15,3169771.883999,2948058.860078,221713.023922,0.0,0.0,0.0,15344.390441,3003.929559,62317.8,50.864631
2019-09-28,16,3106262.620458,2884342.00449,221920.615968,0.0,0.0,0.0,15323.744547,2420.905453,61302.6,50.670977
2019-09-28,17,3080114.912137,2884342.00449,195772.907647,0.0,0.0,0.0,14135.870621,2682.889379,58950.99,52.248739
2019-09-28,18,2999246.820332,2809324.416475,189922.403857,0.0,0.0,0.0,13065.187074,2296.982926,57052.33,52.570102
2019-09-28,19,2966508.381103,2761153.913467,205354.467636,0.0,0.0,0.0,11792.777,1814.223,55467.07,53.482334
2019-09-28,20,2918337.124923,2761153.913467,157183.211456,0.0,0.0,0.0,12940.717076,2063.782924,53345.99,54.705839
2019-09-28,21,2829257.6653,2696713.11537,132544.54993,0.0,0.0,0.0,14874.503669,2153.626331,50798.02,55.696219
2019-09-28,22,2636288.364954,2512167.167835,124121.197119,0.0,0.0,0.0,16308.093809,1903.566191,48228.0,54.663025
2019-09-28,23,2656285.136893,2555090.820041,101194.316851,0.0,0.0,0.0,16147.683043,2099.786957,46149.68,57.55804
2019-09-29,0,2598530.523645,2503949.026376,94581.49727,0.0,0.0,0.0,15813.873172,2113.056828,44201.64,58.788102
2019-09-29,1,2437122.580171,2330869.481753,106253.098417,0.0,0.0,0.0,15173.316239,2129.183761,42745.24,57.015064
2019-09-29,2,2426890.027518,2330866.191753,96023.835764,0.0,0.0,0.0,15040.740184,2219.399816,41547.56,58.412336
2019-09-29,3,2415939.948293,2320600.580493,95339.3678,0.0,0.0,0.0,14794.019091,2143.430909,40851.79,59.139145
2019-09-29,4,2415234.442532,2320600.580493,94633.862039,0.0,0.0,0.0,14424.610049,2128.499951,40587.42,59.506971
2019-09-29,5,2419220.306394,2320882.617629,98337.688765,0.0,0.0,0.0,14349.181376,2195.548624,40743.67,59.376593
2019-09-29,6,2432939.41498,2331230.351753,101709.063227,0.0,0.0,0.0,14073.84938,2292.76062,41047.92,59.270711
2019-09-29,7,2496220.881082,2383992.199669,112228.681413,0.0,0.0,0.0,13507.74,2154.49,42966.5,58.09691
2019-09-29,8,2582838.399316,2448164.18657,134674.212746,0.0,0.0,0.0,13198.804017,2292.035983,46606.0,55.418581
2019-09-29,9,2672169.156492,2518134.313562,154034.84293,0.0,0.0,0.0,13645.246,2515.364,50190.26,53.240791
2019-09-29,10,2832088.121332,2659179.705226,172908.416106,0.0,0.0,0.0,13952.791337,2804.098663,53503.83,52.932437
2019-09-29,11,2927434.328345,2756404.811273,171029.517072,0.0,0.0,0.0,15067.013636,3082.146364,56527.05,51.788203
2019-09-29,12,2948549.476696,2744509.925402,204039.551294,0.0,0.0,0.0,15287.62659,3705.34341,59255.75,49.759719
2019-09-29,13,3017654.272441,2795035.454425,222618.818017,0.0,0.0,0.0,15593.436033,3557.163967,61248.08,49.269369
2019-09-29,14,3046287.550356,2805183.467487,241104.082869,0.0,0.0,0.0,14671.505628,4787.124372,62486.75,48.750936
2019-09-29,15,3056730.295206,2805173.597487,251556.69772,0.0,0.0,0.0,14167.781,4937.899,62918.71,48.582215
2019-09-29,16,3048498.343236,2805173.597487,243324.745749,0.0,0.0,0.0,14333.517218,3634.472782,62368.65,48.878697
2019-09-29,17,3008164.156578,2789884.010798,218280.14578,0.0,0.0,0.0,14415.981999,2510.538001,60471.63,49.745048
2019-09-29,18,2967805.820555,2769070.83925,198734.981305,0.0,0.0,0.0,13215.97277,2292.21723,58686.74,50.570296
2019-09-29,19,2938864.89861,2743214.296242,195650.602368,0.0,0.0,0.0,11697.58077,2060.25923,56942.63,51.610979
2019-09-29,20,2862004.617152,2695040.503233,166964.113919,0.0,0.0,0.0,13094.065514,2093.664486,54055.39,52.945777
2019-09-29,21,2732876.692466,2591399.036346,141477.65612,0.0,0.0,0.0,15001.602653,2182.227347,50695.17,53.908029
2019-09-29,22,2536658.452179,2415643.100162,121015.352017,0.0,0.0,0.0,16216.234401,1996.125599,47134.15,53.817847
2019-09-29,23,2463302.3351,2354998.267353,108304.067747,0.0,0.0,0.0,16004.505673,2293.304327,44254.63,55.662025
2019-09-30,0,2435190.467607,2336900.719764,98289.747843,0.0,0.0,0.0,15506.98744,2354.19256,42262.56,57.620515
2019-09-30,1,2420928.282871,2326705.098804,94223.184067,0.0,0.0,0.0,14996.771734,2327.118266,41100.96,58.901989
2019-09-30,2,2422131.597579,2333350.308777,88781.288802,0.0,0.0,0.0,14657.026404,2248.203596,40639.87,59.599885
2019-09-30,3,2433677.567738,2344729.854175,88947.713563,0.0,0.0,0.0,14347.095236,2245.904764,40963.95,59.410227
2019-09-30,4,2464727.018037,2362346.555143,102380.462893,0.0,0.0,0.0,13871.127,2314.403,42601.47,57.855445
2019-09-30,5,2509437.15698,2386044.714169,123392.442811,0.0,0.0,0.0,14043.796,2255.414,45302.76,55.392589
2019-09-30,6,2521470.74617,2386038.134169,135432.612001,0.0,0.0,0.0,13966.588269,2295.761731,46383.83,54.360986
2019-09-30,7,2562965.736575,2422334.602184,140631.134391,0.0,0.0,0.0,13594.783,2221.467,47369.23,54.10613
2019-09-30,8,2642910.404444,2485357.150633,157553.253811,0.0,0.0,0.0,13259.49,2146.73,49996.5,52.861908
2019-09-30,9,2703146.275759,2509589.025803,193557.249956,0.0,0.0,0.0,13994.255,2112.955,53061.75,50.943406
2019-09-30,10,2906977.85098,2708341.906403,198635.944577,0.0,0.0,0.0,15399.354,1327.186,56186.24,51.738252
2019-09-30,11,2958750.635786,2761358.33925,197392.296536,0.0,0.0,0.0,15018.253,2950.887,58956.43,50.185376
2019-09-30,12,3011071.902978,2789890.080798,221181.82218,0.0,0.0,0.0,15020.079885,3759.740115,61428.49,49.017515
2019-09-30,13,3180676.014159,2937437.949886,243238.064273,0.0,0.0,0.0,14931.612,2699.298,63190.82,50.334463
2019-09-30,14,3168316.147741,2937435.169886,230880.977855,0.0,0.0,0.0,15400.446991,3623.243009,64076.6,49.445759
2019-09-30,15,3259838.733789,3029496.220361,230342.513428,0.0,0.0,0.0,15303.127529,3179.172471,64714.91,50.372298
2019-09-30,16,3251330.628272,3029844.440361,221486.187911,0.0,0.0,0.0,15022.871637,1586.178363,64337.96,50.535184
2019-09-30,17,1152728.147263,919091.279914,233636.867349,0.0,0.0,0.0,14022.919348,2857.030652,62340.55,18.490824
2019-09-30,18,1092213.703354,878600.054699,213613.648655,0.0,0.0,0.0,13269.479167,2198.590833,60861.34,17.945936
2019-09-30,19,1081897.855965,878596.764699,203301.091266,0.0,0.0,0.0,11737.656486,1979.183514,59277.45,18.251424
2019-09-30,20,979091.208014,803579.176684,175512.03133,0.0,0.0,0.0,13132.58007,1900.50993,56476.0,17.336412
2019-09-30,21,865590.678729,729393.012289,136197.66644,0.0,0.0,0.0,14775.695524,1820.904476,52652.42,16.439713
2019-09-30,22,640199.248709,518649.460923,121549.787787,0.0,0.0,0.0,15193.177199,1735.292801,48686.22,13.149496
2019-09-30,23,566439.017874,468881.673159,97557.344715,0.0,0.0,0.0,15841.431763,1159.288237,45687.37,12.398153
2019-10-01,0,510235.894605,417964.357768,92271.536837,0.0,0.0,0.0,15370.787024,1298.102976,43712.48,11.672545
2019-10-01,1,482490.523964,397228.219017,85262.304947,0.0,0.0,0.0,14876.904354,1364.325646,42293.24,11.408219
2019-10-01,2,476260.556222,397228.219017,79032.337205,0.0,0.0,0.0,14427.088666,1891.781334,41466.51,11.485427
2019-10-01,3,482443.856493,401784.839016,80659.017477,0.0,0.0,0.0,13873.49816,2289.96184,41415.85,11.648774
2019-10-01,4,522040.838502,433284.573524,88756.264978,0.0,0.0,0.0,13275.017,2182.233,42737.87,12.214948
2019-10-01,5,553770.648203,440549.660633,113220.98757,0.0,0.0,0.0,13375.34809,2201.27191,45109.51,12.27614
2019-10-01,6,572422.45277,449289.857416,123132.595354,0.0,0.0,0.0,13054.608,2412.522,45610.08,12.55035
2019-10-01,7,645954.630988,527520.165213,118434.465774,0.0,0.0,0.0,12120.073858,2335.616142,46442.41,13.908723
2019-10-01,8,730692.928196,601863.532935,128829.395261,0.0,0.0,0.0,12149.90865,2514.13135,49153.61,14.865499
2019-10-01,9,786501.566627,623849.258103,162652.308524,0.0,0.0,0.0,13113.235,2119.035,52350.25,15.023836
2019-10-01,10,986185.550761,817935.872614,168249.678146,0.0,0.0,0.0,14618.22153,1220.68847,55367.36,17.811677
2019-10-01,11,1041201.08365,856629.333366,184571.750284,0.0,0.0,0.0,14515.702192,2517.787808,58313.85,17.855125
2019-10-01,12,1095897.604859,877973.597564,217924.007295,0.0,0.0,0.0,14332.738747,3459.551253,61103.15,17.935206
2019-10-01,13,1145816.624107,918522.38164,227294.242467,0.0,0.0,0.0,15242.200712,3008.219288,63173.3,18.137672
2019-10-01,14,1152430.831453,917769.137241,234661.694212,0.0,0.0,0.0,15556.94106,3115.65894,64425.12,17.887911
2019-10-01,15,1160765.129598,919025.60705,241739.522547,0.0,0.0,0.0,15091.535699,3270.834301,64734.32,17.931217
2019-10-01,16,1149702.102524,919015.73705,230686.365473,0.0,0.0,0.0,15159.662806,2287.337194,63754.89,18.03316
2019-10-01,17,1100847.575489,878245.764699,222601.81079,0.0,0.0,0.0,14271.556145,2076.073855,61424.39,17.921994
2019-10-01,18,1053260.085497,857153.846016,196106.239481,0.0,0.0,0.0,13295.387936,1841.692064,59613.85,17.668043
2019-10-01,19,1051455.744739,857435.883151,194019.861588,0.0,0.0,0.0,11586.77657,1431.69343,58122.89,18.090218
2019-10-01,20,973516.65987,809616.380142,163900.279728,0.0,0.0,0.0,12928.92027,580.86973,55154.5,17.65072
2019-10-01,21,735228.703121,593750.351518,141478.351603,0.0,0.0,0.0,14104.000006,695.999994,51332.92,14.322752
2019-10-01,22,505077.595944,364573.467883,140504.12806,0.0,0.0,0.0,14098.252082,1478.927918,47357.19,10.665278
2019-10-01,23,412794.470427,290509.277737,122285.19269,0.0,0.0,0.0,14797.88999,792.03001,44367.56,9.303971
2019-10-02,0,380048.570276,275051.078762,104997.491514,0.0,0.0,0.0,14106.747897,944.962103,42273.16,8.990304
2019-10-02,1,332097.139661,230851.765562,101245.374098,0.0,0.0,0.0,13805.572836,597.147164,40772.1,8.145206
2019-10-02,2,314206.053532,217523.346811,96682.706721,0.0,0.0,0.0,13835.883826,673.076174,39840.18,7.886662
2019-10-02,3,316523.782277,217523.346811,99000.435466,0.0,0.0,0.0,13386.627697,1317.992303,39806.22,7.951616
2019-10-02,4,386012.287147,282054.82181,103957.465337,0.0,0.0,0.0,12934.715,1786.445,41237.45,9.360722
2019-10-02,5,451162.734822,326234.39501,124928.339812,0.0,0.0,0.0,12388.157687,1885.292313,43812.96,10.297472
2019-10-02,6,462568.986758,325601.357875,136967.628884,0.0,0.0,0.0,12164.604712,1717.245288,44433.62,10.410338
2019-10-02,7,503938.308643,358684.037585,145254.271059,0.0,0.0,0.0,11499.456038,1753.573962,45278.65,11.129711
2019-10-02,8,601951.253861,431650.598812,170300.655049,0.0,0.0,0.0,10953.713655,1930.616345,47982.94,12.54511
2019-10-02,9,814103.386636,632217.170748,181886.215888,0.0,0.0,0.0,11390.103263,2077.106737,51570.69,15.786164
2019-10-02,10,1014167.633441,824914.510536,189253.122905,0.0,0.0,0.0,12738.87424,1218.79576,55012.98,18.435061
2019-10-02,11,1055859.105119,857441.953151,198417.151968,0.0,0.0,0.0,13076.823818,2374.986182,58196.21,18.143091
2019-10-02,12,1126573.668589,898205.855502,228367.813087,0.0,0.0,0.0,13329.906554,3065.183446,61154.67,18.421711
2019-10-02,13,1158815.701625,919640.968623,239174.733003,0.0,0.0,0.0,14754.922291,2432.127709,63380.4,18.283502
2019-10-02,14,1197649.532401,937977.158814,259672.373587,0.0,0.0,0.0,13980.466798,3461.443202,64712.72,18.507173
2019-10-02,15,1206284.332585,937973.868814,268310.463771,0.0,0.0,0.0,14110.136344,2559.363656,65197.47,18.502011
2019-10-02,16,1208451.02329,937973.868814,270477.154476,0.0,0.0,0.0,12818.32548,1388.63452,64390.6,18.767507
2019-10-02,17,1193862.326579,937973.868814,255888.457765,0.0,0.0,0.0,10883.825208,832.704792,62163.62,19.205161
2019-10-02,18,1162835.805375,922684.282125,240151.523249,0.0,0.0,0.0,9419.75,321.99,60072.87,19.357088
2019-10-02,19,1163368.167094,922684.282125,240683.884969,0.0,0.0,0.0,7594.6,213.16,58079.5,20.030616
2019-10-02,20,1106810.110939,922684.282125,184125.828814,0.0,0.0,0.0,7876.62,237.84,54923.74,20.151762
2019-10-02,21,864078.182081,707065.192269,157012.989812,0.0,0.0,0.0,8884.54,267.12,50883.33,16.981557
2019-10-02,22,595748.149557,450215.790239,145532.359318,0.0,0.0,0.0,9011.39,305.47,46844.59,12.717544
2019-10-02,23,511603.295094,386207.572094,125395.723,0.0,0.0,0.0,8451.55,322.6,43739.58,11.696575
2019-10-03,0,471161.408323,359127.895119,112033.513205,0.0,0.0,0.0,7946.25,346.89,41556.63,11.337816
2019-10-03,1,416410.14045,307520.861919,108889.278531,0.0,0.0,0.0,7738.68,378.42,40075.05,10.390758
2019-10-03,2,403181.16876,297984.839895,105196.328865,0.0,0.0,0.0,7425.57,367.43,39200.46,10.285113
2019-10-03,3,403806.689806,297984.839895,105821.849911,0.0,0.0,0.0,7344.77,370.53,39162.15,10.311147
2019-10-03,4,464846.089315,357097.6478,107748.441516,0.0,0.0,0.0,7410.99,385.42,40577.88,11.455652
2019-10-03,5,575135.591014,454305.793847,120829.797167,0.0,0.0,0.0,6203.27,318.8,43207.1,13.311136
2019-10-03,6,591316.300748,456202.332122,135113.968626,0.0,0.0,0.0,5444.65,260.46,43783.73,13.505389
2019-10-03,7,620127.264112,472641.984039,147485.280073,0.0,0.0,0.0,4676.08,209.81,44743.7,13.859544
2019-10-03,8,722436.946845,547659.572054,174777.374791,0.0,0.0,0.0,5340.73,190.13,47805.02,15.112157
2019-10-03,9,889162.879205,695210.221142,193952.658063,0.0,0.0,0.0,7186.5,171.88,51324.44,17.324356
2019-10-03,10,1063606.571463,860842.846654,202763.724809,0.0,0.0,0.0,9519.78,87.86,54954.97,19.354147
2019-10-03,11,1127694.748647,896942.824891,230751.923756,0.0,0.0,0.0,9738.03,32.27,58195.25,19.37778
2019-10-03,12,3305248.178485,3063475.317591,241772.860894,0.0,0.0,0.0,10128.937088,238.792912,61009.32,54.176119
2019-10-03,13,3320230.915951,3063470.217241,256760.69871,0.0,0.0,0.0,10395.800909,506.489091,63020.21,52.685177
2019-10-03,14,3288732.188865,3010805.507583,277926.681282,0.0,0.0,0.0,11670.306494,756.603506,64125.06,51.286224
2019-10-03,15,3277560.553269,3010736.544719,266824.00855,0.0,0.0,0.0,12875.747831,2296.672169,64190.88,51.059598
2019-10-03,16,3226000.494671,2992393.774527,233606.720144,0.0,0.0,0.0,14397.869849,2218.110151,62814.32,51.357724
2019-10-03,17,3140353.407607,2931285.127892,209068.279716,0.0,0.0,0.0,13554.977919,2340.772081,60374.17,52.01485
2019-10-03,18,3072526.782288,2868201.788687,204324.993601,0.0,0.0,0.0,12995.605448,1942.734552,58501.46,52.520515
2019-10-03,19,3026835.045723,2824220.373762,202614.671961,0.0,0.0,0.0,11481.94025,1640.80975,56632.89,53.446593
2019-10-03,20,2985992.243335,2823866.083762,162126.159573,0.0,0.0,0.0,12160.938819,1402.491181,53842.26,55.458152
2019-10-03,21,2780103.440798,2634384.156534,145719.284263,0.0,0.0,0.0,12315.196258,1304.693742,49874.05,55.742484
2019-10-03,22,2570019.023708,2431267.52541,138751.498298,0.0,0.0,0.0,11335.909567,1261.820433,45875.41,56.021712
2019-10-03,23,2522371.074009,2406353.538859,116017.53515,0.0,0.0,0.0,10960.113046,1309.916954,42600.57,59.209796
2019-10-04,0,2479762.347853,2373959.042557,105803.305296,0.0,0.0,0.0,10606.954737,1262.315263,40384.21,61.404255
2019-10-04,1,2453774.003783,2355990.032718,97783.971064,0.0,0.0,0.0,10109.186052,862.583948,38755.29,63.314557
2019-10-04,2,2441032.186246,2339721.334428,101310.851818,0.0,0.0,0.0,8752.751,425.479,37761.01,64.64425
2019-10-04,3,2457210.246331,2356158.206345,101052.039986,0.0,0.0,0.0,7012.45,487.25,37708.12,65.163955
2019-10-04,4,2526900.521604,2412849.6326,114050.889004,0.0,0.0,0.0,5884.69,356.13,39136.11,64.566982
2019-10-04,5,2634712.167899,2495261.780615,139450.387284,0.0,0.0,0.0,4718.17,318.26,41695.81,63.188895
2019-10-04,6,2671423.473193,2517025.720727,154397.752466,0.0,0.0,0.0,3830.76,284.12,42491.86,62.869064
2019-10-04,7,2684788.691797,2526621.714135,158166.977662,0.0,0.0,0.0,3587.201,42.279,43239.31,62.091386
2019-10-04,8,2800917.745733,2636560.476775,164357.268958,0.0,0.0,0.0,3481.12,36.83,45549.6,61.491599
2019-10-04,9,2825036.226548,2644269.686775,180766.539773,0.0,0.0,0.0,4454.91,260.06,48528.9,58.213482
2019-10-04,10,2986600.181682,2791806.480863,194793.70082,0.0,0.0,0.0,6189.05,148.74,51617.39,57.860349
2019-10-04,11,3037440.065063,2830956.352602,206483.71246,0.0,0.0,0.0,7502.87,198.33,54798.93,55.428821
2019-10-04,12,3070775.443019,2830949.772602,239825.670416,0.0,0.0,0.0,8486.823118,628.926882,57971.39,52.970533
2019-10-04,13,3155678.639738,2915925.638153,239753.001585,0.0,0.0,0.0,9802.899,982.871,60318.89,52.31659
2019-10-04,14,3185593.749517,2915919.058153,269674.691364,0.0,0.0,0.0,9700.91086,1205.92914,61904.9,51.459477
2019-10-04,15,3197204.140607,2915919.058153,281285.082453,0.0,0.0,0.0,9772.818047,1133.291953,62607.58,51.067365
2019-10-04,16,3128963.31714,2864283.05003,264680.26711,0.0,0.0,0.0,10365.710783,430.119217,61520.15,50.860788
2019-10-04,17,3077536.382314,2855542.853246,221993.529068,0.0,0.0,0.0,9729.18,54.68,58598.08,52.519406
2019-10-04,18,2983811.358516,2779317.054479,204494.304037,0.0,0.0,0.0,9112.25,87.2,56086.92,53.199772
2019-10-04,19,2948771.091304,2758500.592931,190270.498373,0.0,0.0,0.0,8367.27,131.35,54118.28,54.487524
2019-10-04,20,2888990.3506,2695040.503233,193949.847367,0.0,0.0,0.0,6772.06,119.56,51514.97,56.080599
2019-10-04,21,2866811.476514,2695040.503233,171770.973282,0.0,0.0,0.0,5501.5,110.44,48534.23,59.067826
2019-10-04,22,2696202.609101,2529414.457721,166788.151379,0.0,0.0,0.0,4284.14,103.38,45275.72,59.55074
2019-10-04,23,2648354.248382,2511074.977529,137279.270853,0.0,0.0,0.0,4106.57,134.92,42323.48,62.574114
2019-10-05,0,2578488.661578,2449312.787899,129175.873679,0.0,0.0,0.0,4069.86,180.17,40105.21,64.29311
2019-10-05,1,2482506.412365,2355468.674635,127037.73773,0.0,0.0,0.0,4292.57,241.67,38410.86,64.630326
2019-10-05,2,2458902.232292,2336743.425362,122158.80693,0.0,0.0,0.0,3914.65,175.11,37145.13,66.197163
2019-10-05,3,2442293.034587,2324889.634562,117403.400025,0.0,0.0,0.0,3933.5,140.0,36433.32,67.0346
2019-10-05,4,2440349.093646,2324889.634562,115459.459083,0.0,0.0,0.0,4129.57,128.97,36477.34,66.900413
2019-10-05,5,2449080.146018,2324889.634562,124190.511455,0.0,0.0,0.0,4153.28,141.39,37106.88,66.000702
2019-10-05,6,2471127.657945,2345490.202145,125637.4558,0.0,0.0,0.0,4148.72,154.03,37560.49,65.790613
2019-10-05,7,2653200.536576,2523191.485755,130009.050821,0.0,0.0,0.0,4122.69,169.57,39462.68,67.233156
2019-10-05,8,2736391.021584,2594546.888794,141844.132789,0.0,0.0,0.0,3828.28,134.85,42921.35,63.75361
2019-10-05,9,2790907.368151,2617000.546715,173906.821437,0.0,0.0,0.0,4893.21,119.3,46766.78,59.677133
2019-10-05,10,2916536.44835,2730186.314472,186350.133879,0.0,0.0,0.0,6397.5,66.47,50726.93,57.494835
2019-10-05,11,3160932.163611,2955784.010078,205148.153533,0.0,0.0,0.0,7697.811077,469.748923,54558.66,57.936397
2019-10-05,12,1099505.429397,851094.763199,248410.666199,0.0,0.0,0.0,8876.299,1120.211,57580.69,19.095037
2019-10-05,13,1194519.374951,943503.523673,251015.851278,0.0,0.0,0.0,9927.284686,1564.165314,59662.3,20.021343
2019-10-05,14,1221014.250567,943279.555399,277734.695169,0.0,0.0,0.0,9254.504749,2012.005251,60911.36,20.045756
2019-10-05,15,1251321.548693,958572.432088,292749.116605,0.0,0.0,0.0,8996.501,1496.469,61370.51,20.389623
2019-10-05,16,1225735.962345,958790.330362,266945.631982,0.0,0.0,0.0,8952.453279,260.146721,60758.97,20.173745
2019-10-05,17,1183237.091867,937973.868814,245263.223053,0.0,0.0,0.0,7236.65,197.37,58532.42,20.215072
2019-10-05,18,1168250.541237,937973.868814,230276.672423,0.0,0.0,0.0,5769.82,129.49,56264.5,20.763546
2019-10-05,19,1034009.689634,790422.709726,243586.979908,0.0,0.0,0.0,4224.8,85.57,53921.19,19.176314
2019-10-05,20,977954.589001,775133.123037,202821.465964,0.0,0.0,0.0,3803.09,81.85,51201.92,19.099959
2019-10-05,21,838011.274171,659345.562671,178665.7115,0.0,0.0,0.0,3940.99,82.86,48236.67,17.372909
2019-10-05,22,786514.753161,649827.296744,136687.456417,0.0,0.0,0.0,4301.84,87.8,45183.35,17.407181
2019-10-05,23,533647.796025,393204.668841,140443.127184,0.0,0.0,0.0,4363.62,129.75,42451.0,12.570912
2019-10-06,0,500297.551026,384464.472058,115833.078968,0.0,0.0,0.0,4648.46,185.2,40321.66,12.407663
2019-10-06,1,444288.144513,340929.991017,103358.153496,0.0,0.0,0.0,5077.17,256.6,38516.43,11.535029
2019-10-06,2,415433.498025,308468.167719,106965.330306,0.0,0.0,0.0,4499.17,219.35,37189.06,11.170852
2019-10-06,3,411944.078773,308468.167719,103475.911054,0.0,0.0,0.0,4152.27,199.38,36491.08,11.288898
2019-10-06,4,411165.319415,308468.167719,102697.151696,0.0,0.0,0.0,3974.89,197.21,36212.44,11.354256
2019-10-06,5,414641.802931,308468.167719,106173.635212,0.0,0.0,0.0,3806.74,179.94,36361.58,11.403294
2019-10-06,6,434329.662179,329068.735301,105260.926878,0.0,0.0,0.0,3660.01,168.88,36563.8,11.87868
2019-10-06,7,516808.967489,410113.060647,106695.906842,0.0,0.0,0.0,3491.85,162.17,38540.9,13.409364
2019-10-06,8,614627.234996,487694.50196,126932.733036,0.0,0.0,0.0,4074.71,139.33,42478.89,14.469004
2019-10-06,9,792611.681391,635238.571048,157373.110344,0.0,0.0,0.0,5956.38,128.89,46603.84,17.007433
2019-10-06,10,892566.392785,725549.545752,167016.847034,0.0,0.0,0.0,8223.41,115.29,50647.01,17.623279
2019-10-06,11,1123000.556212,937718.867242,185281.688971,0.0,0.0,0.0,9022.35,238.28,54594.87,20.569708
2019-10-06,12,1158998.382733,937706.217242,221292.165491,0.0,0.0,0.0,9793.774742,942.215258,58032.42,19.971567
2019-10-06,13,1259388.889124,1015344.400361,244044.488762,0.0,0.0,0.0,10542.722471,1506.877529,60607.67,20.779365
2019-10-06,14,1308339.592688,1015337.820361,293001.772327,0.0,0.0,0.0,8612.522853,1589.537147,62050.03,21.085237
2019-10-06,15,1387997.781788,1015337.820361,372659.961427,0.0,0.0,0.0,8405.418535,1057.791465,62608.82,22.169365
2019-10-06,16,1284924.463367,1015337.820361,269586.643006,0.0,0.0,0.0,8682.367615,740.572385,61356.51,20.941942
2019-10-06,17,1250998.452968,1015337.820361,235660.632607,0.0,0.0,0.0,7991.674125,1716.035875,58742.64,21.296259
2019-10-06,18,1119833.726051,886070.209118,233763.516933,0.0,0.0,0.0,7769.666958,1883.283042,57069.4,19.622315
2019-10-06,19,1096338.680947,886070.209118,210268.471829,0.0,0.0,0.0,7050.944948,1518.875052,54794.27,20.008272
2019-10-06,20,974739.51979,817086.534561,157652.985229,0.0,0.0,0.0,8133.271238,1968.678762,51240.85,19.022704
2019-10-06,21,853352.656228,742687.495329,110665.160898,0.0,0.0,0.0,10249.535176,2171.744824,47089.43,18.121958
2019-10-06,22,612691.391161,506131.334297,106560.056863,0.0,0.0,0.0,9736.629893,2106.130107,43062.36,14.228003
2019-10-06,23,437249.894246,346344.24336,90905.650885,0.0,0.0,0.0,9987.539531,2124.190469,39965.06,10.940804
2019-10-07,0,295319.886726,201596.493445,93723.39328,0.0,0.0,0.0,9281.496988,3589.683012,37895.09,7.793091
2019-10-07,1,253424.71469,173671.886846,79752.827844,0.0,0.0,0.0,9762.536952,1476.663048,36502.64,6.942641
2019-10-07,2,225964.72526,156758.263695,69206.461564,0.0,0.0,0.0,11746.917234,1833.412766,35674.84,6.334008
2019-10-07,3,220974.572244,148132.056671,72842.515573,0.0,0.0,0.0,11534.802728,1667.167272,35608.7,6.205634
2019-10-07,4,260177.578172,171937.997403,88239.580769,0.0,0.0,0.0,10856.559,1802.891,37058.89,7.020652
2019-10-07,5,345106.889314,246949.005418,98157.883897,0.0,0.0,0.0,11529.447036,1533.682964,39564.67,8.722602
2019-10-07,6,350346.932109,246315.968283,104030.963826,0.0,0.0,0.0,11831.247786,1493.472214,40322.12,8.688703
2019-10-07,7,366953.797485,263683.572602,103270.224883,0.0,0.0,0.0,11442.854511,1544.275489,40558.01,9.047628
2019-10-07,8,405853.309181,284635.109874,121218.199306,0.0,0.0,0.0,10690.130248,1458.949752,42152.56,9.628201
2019-10-07,9,418987.731996,284628.529874,134359.202122,0.0,0.0,0.0,11188.949872,1600.700128,43823.56,9.560787
2019-10-07,10,440192.038378,304843.926474,135348.111905,0.0,0.0,0.0,12646.63264,966.56736,45389.13,9.698182
2019-10-07,11,455365.053446,310184.554824,145180.498622,0.0,0.0,0.0,12808.181,2225.089,46889.21,9.71151
2019-10-07,12,501693.405778,354380.578024,147312.827754,0.0,0.0,0.0,13853.504,2160.996,48748.64,10.291434
2019-10-07,13,514718.029711,359586.570633,155131.459078,0.0,0.0,0.0,15113.44238,1698.38762,50300.32,10.232898
2019-10-07,14,545192.178684,376494.367882,168697.810801,0.0,0.0,0.0,14779.551008,2188.808992,51340.02,10.619244
2019-10-07,15,554070.56746,376488.297882,177582.269578,0.0,0.0,0.0,14263.054,1839.656,51651.14,10.72717
2019-10-07,16,547663.015956,376488.297882,171174.718074,0.0,0.0,0.0,13919.320205,557.359795,50837.67,10.77278
2019-10-07,17,549677.923107,391537.525803,158140.397304,0.0,0.0,0.0,11446.44,395.67,49178.7,11.177154
2019-10-07,18,568528.22125,409877.005995,158651.215255,0.0,0.0,0.0,9471.074,152.076,48407.74,11.744573
2019-10-07,19,581648.155869,409873.715995,171774.439874,0.0,0.0,0.0,7186.011,1.539,47064.01,12.358661
2019-10-07,20,552287.547275,409873.715995,142413.83128,0.0,0.0,0.0,6863.71,164.68,44490.18,12.413696
2019-10-07,21,449444.038625,332288.984682,117155.053943,0.0,0.0,0.0,6620.86,200.34,40966.95,10.970893
2019-10-07,22,371874.017328,280865.967369,91008.049959,0.0,0.0,0.0,6242.07,250.8,37452.99,9.929088
2019-10-07,23,325836.705723,245195.661795,80641.043928,0.0,0.0,0.0,5920.16,209.01,34865.91,9.345424
2019-10-08,0,262480.073411,184556.696678,77923.376733,0.0,0.0,0.0,5769.09,181.12,33172.19,7.912654
2019-10-08,1,234219.302462,155895.216747,78324.085715,0.0,0.0,0.0,5678.148014,185.181986,32226.48,7.267915
2019-10-08,2,234026.954878,155895.216747,78131.738131,0.0,0.0,0.0,5250.344445,152.145555,31763.55,7.367783
2019-10-08,3,249786.69898,169891.466046,79895.232933,0.0,0.0,0.0,4847.61,140.75,32052.12,7.793141
2019-10-08,4,291892.947219,206928.395546,84964.551673,0.0,0.0,0.0,4672.12,144.2,33624.88,8.680862
2019-10-08,5,389060.435072,281939.403561,107121.031511,0.0,0.0,0.0,4453.61,130.46,36297.69,10.7186
2019-10-08,6,402870.75971,281936.113561,120934.646149,0.0,0.0,0.0,4310.44,123.37,37107.54,10.856844
2019-10-08,7,415770.563629,291475.425585,124295.138044,0.0,0.0,0.0,4228.78,120.18,37414.12,11.112665
2019-10-08,8,437883.146966,304276.522184,133606.624782,0.0,0.0,0.0,4452.9,106.38,38684.68,11.319291
2019-10-08,9,440819.160476,311684.242184,129134.918293,0.0,0.0,0.0,5840.6,94.67,40361.74,10.921709
2019-10-08,10,450542.678424,320873.469433,129669.208991,0.0,0.0,0.0,7568.921367,51.638633,42081.01,10.706556
2019-10-08,11,476425.310212,332292.274682,144133.03553,0.0,0.0,0.0,8163.001,689.929,43879.1,10.857682
2019-10-08,12,530417.704263,376491.587882,153926.116381,0.0,0.0,0.0,9287.627,1596.093,46024.57,11.524664
2019-10-08,13,553649.05098,391537.525803,162111.525177,0.0,0.0,0.0,10375.525931,2490.754069,48011.28,11.531645
2019-10-08,14,580290.765428,401055.79173,179234.973698,0.0,0.0,0.0,11088.386,3202.854,49748.56,11.664474
2019-10-08,15,626104.157358,441825.764081,184278.393277,0.0,0.0,0.0,11532.264333,3389.005667,51031.6,12.26895
2019-10-08,16,625393.013888,441180.767457,184212.24643,0.0,0.0,0.0,11834.758947,2628.061053,51060.42,12.248098
2019-10-08,17,571069.341521,396066.163379,175003.178142,0.0,0.0,0.0,10825.541433,2400.998567,49330.33,11.576435
2019-10-08,18,568976.743693,401055.79173,167920.951963,0.0,0.0,0.0,9473.248881,1567.781119,48267.55,11.787976
2019-10-08,19,568630.631956,401052.50173,167578.130226,0.0,0.0,0.0,7495.160355,817.499645,46871.36,12.131729
2019-10-08,20,530282.577021,401052.50173,129230.075291,0.0,0.0,0.0,8250.734684,785.675316,44211.71,11.994166
2019-10-08,21,411360.989298,304273.232184,107087.757114,0.0,0.0,0.0,9405.375386,919.844614,40744.95,10.095999
2019-10-08,22,291630.320743,195564.180229,96066.140514,0.0,0.0,0.0,9001.416669,2255.583331,37369.2,7.804029
2019-10-08,23,240697.378613,169033.258495,71664.120118,0.0,0.0,0.0,10287.766564,1162.953436,34922.68,6.892294
2019-10-09,0,210486.835281,147651.045571,62835.78971,0.0,0.0,0.0,10670.342795,733.117205,33449.75,6.292628
2019-10-09,1,182083.991206,119182.855934,62901.135272,0.0,0.0,0.0,10600.527316,687.072684,32521.5,5.59888
2019-10-09,2,175487.953466,119182.855934,56305.097532,0.0,0.0,0.0,11163.681083,1346.518917,32184.62,5.452541
2019-10-09,3,174667.658356,117939.195089,56728.463267,0.0,0.0,0.0,11618.184612,2261.165388,32567.84,5.363194
2019-10-09,4,213568.652947,145256.327178,68312.325768,0.0,0.0,0.0,11537.266,2546.104,34375.86,6.212751
2019-10-09,5,290716.754299,201080.995301,89635.758998,0.0,0.0,0.0,11756.165,2543.895,37341.75,7.785301
2019-10-09,6,295710.845836,208194.896902,87515.948934,0.0,0.0,0.0,11957.59624,2303.81376,38563.05,7.668243
2019-10-09,7,315125.104319,225668.76497,89456.339349,0.0,0.0,0.0,11617.502736,2313.227264,39148.27,8.049528
2019-10-09,8,354355.793188,250845.32367,103510.469517,0.0,0.0,0.0,11623.414431,2197.985569,41077.78,8.626459
2019-10-09,9,416366.078245,295041.34687,121324.731375,0.0,0.0,0.0,11936.235,2725.585,43630.85,9.542928
2019-10-09,10,457896.154816,322972.023469,134924.131347,0.0,0.0,0.0,13649.869144,1428.540856,46185.34,9.914318
2019-10-09,11,528893.362938,382558.041727,146335.321212,0.0,0.0,0.0,14241.901542,2785.048458,49010.84,10.791355
2019-10-09,12,596079.441784,441147.461536,154931.980248,0.0,0.0,0.0,14872.847,3354.753,52017.17,11.459282
2019-10-09,13,694670.33719,516151.889551,178518.447639,0.0,0.0,0.0,14423.009,2931.491,54617.59,12.718802
2019-10-09,14,746948.126273,569173.882399,177774.243875,0.0,0.0,0.0,15460.781511,3516.838489,56736.97,13.165104
2019-10-09,15,756461.48585,544606.388551,211855.097299,0.0,0.0,0.0,14559.043989,4164.766011,57968.37,13.049556
2019-10-09,16,759843.082597,544606.388551,215236.694046,0.0,0.0,0.0,14174.88817,3519.05183,57750.49,13.157344
2019-10-09,17,730963.091367,544606.388551,186356.702816,0.0,0.0,0.0,14139.001616,2498.928384,56113.35,13.026545
2019-10-09,18,686779.557527,492970.380427,193809.1771,0.0,0.0,0.0,13216.543865,2182.916135,55260.56,12.428024
2019-10-09,19,670230.037846,477680.793738,192549.244108,0.0,0.0,0.0,11621.198958,1942.791042,53887.58,12.437561
2019-10-09,20,623502.317871,477680.793738,145821.524133,0.0,0.0,0.0,13079.811481,2050.838519,51400.42,12.130296
2019-10-09,21,500224.767995,380459.487691,119765.280304,0.0,0.0,0.0,14835.320817,2144.019183,47885.66,10.446233
2019-10-09,22,406572.525104,311288.156678,95284.368426,0.0,0.0,0.0,15819.380429,2155.229571,44413.34,9.154288
2019-10-09,23,328469.586501,237971.174136,90498.412365,0.0,0.0,0.0,15675.013661,2162.636339,41818.28,7.854689
2019-10-10,0,298845.461284,215270.761855,83574.699429,0.0,0.0,0.0,15428.869146,2049.460854,40137.57,7.445529
2019-10-10,1,284833.210002,205075.140895,79758.069106,0.0,0.0,0.0,14919.886202,2084.683798,39181.45,7.269593
2019-10-10,2,281691.675961,204200.926795,77490.749166,0.0,0.0,0.0,14836.098805,2016.821195,38667.95,7.284888
2019-10-10,3,294885.259504,214243.464229,80641.795275,0.0,0.0,0.0,14560.666017,2064.613983,39039.47,7.553516
2019-10-10,4,339212.028905,248840.204277,90371.824628,0.0,0.0,0.0,14291.127921,2008.652079,40849.3,8.303986
2019-10-10,5,400808.331756,281772.192976,119036.13878,0.0,0.0,0.0,13575.452854,2656.997146,43809.88,9.148811
2019-10-10,6,439641.232237,300101.803168,139539.429068,0.0,0.0,0.0,11976.251,3897.259,44920.81,9.787028
2019-10-10,7,478133.897053,348503.446367,129630.450686,0.0,0.0,0.0,12958.325682,2156.974318,45387.07,10.534584
2019-10-10,8,518020.605174,366510.535576,151510.069598,0.0,0.0,0.0,13099.683411,1258.426589,47570.8,10.889466
2019-10-10,9,695886.311414,528183.189738,167703.121676,0.0,0.0,0.0,13396.496419,1680.343581,50228.22,13.854489
2019-10-10,10,708325.418148,532845.796235,175479.621913,0.0,0.0,0.0,14627.189203,937.040797,52884.1,13.39392
2019-10-10,11,821444.112989,634038.292091,187405.820898,0.0,0.0,0.0,14787.933,2278.377,55470.63,14.808631
2019-10-10,12,855342.43819,658603.005939,196739.432251,0.0,0.0,0.0,15036.460494,3233.379506,58099.6,14.722002
2019-10-10,13,927819.461277,708719.293339,219100.167937,0.0,0.0,0.0,14916.431333,3735.718667,60130.79,15.430023
2019-10-10,14,967365.551182,749489.775691,217875.775492,0.0,0.0,0.0,15396.380271,3657.759729,61621.58,15.698487
2019-10-10,15,993824.411237,749207.738555,244616.672682,0.0,0.0,0.0,14753.44975,3833.01025,62341.69,15.94157
2019-10-10,16,979681.740042,748856.738555,230825.001487,0.0,0.0,0.0,14672.310116,2578.819884,61518.49,15.924997
2019-10-10,17,938885.03298,735725.979725,203159.053255,0.0,0.0,0.0,13985.719926,279.280074,59358.67,15.817151
2019-10-10,18,919605.479152,713285.617566,206319.861587,0.0,0.0,0.0,11877.793,127.787,57905.03,15.881271
2019-10-10,19,924441.001786,713282.327566,211158.67422,0.0,0.0,0.0,9109.297063,543.822937,55787.01,16.570901
2019-10-10,20,876299.572404,713282.327566,163017.244838,0.0,0.0,0.0,8686.127201,909.682799,52081.42,16.82557
2019-10-10,21,576631.202066,453003.584687,123627.617379,0.0,0.0,0.0,9839.800233,1255.339767,47787.67,12.066527
2019-10-10,22,459853.641171,353427.064143,106426.577028,0.0,0.0,0.0,10240.750689,106.569311,43795.94,10.499915
2019-10-10,23,385037.350301,307227.509921,77809.84038,0.0,0.0,0.0,12200.28,176.5,40759.01,9.446681
2019-10-11,0,357469.644986,299955.842812,57513.802174,0.0,0.0,0.0,13106.27,0.0,38689.46,9.239458
2019-10-11,1,311915.317378,221592.068812,90323.248565,0.0,0.0,0.0,8273.08,0.0,37168.65,8.391893
2019-10-11,2,311132.888007,221592.068812,89540.819195,0.0,0.0,0.0,7540.54,0.0,36154.31,8.605693
2019-10-11,3,315673.765438,219331.003897,96342.761541,0.0,0.0,0.0,7170.314,1644.066,35812.94,8.814517
2019-10-11,4,357505.280534,256248.85708,101256.423454,0.0,0.0,0.0,6835.114,1495.056,36659.34,9.752093
2019-10-11,5,359819.917292,256238.98708,103580.930213,0.0,0.0,0.0,7848.639946,1762.590054,38579.12,9.326805
2019-10-11,6,336987.58738,237899.506888,99088.080493,0.0,0.0,0.0,9391.604506,1722.055494,39338.1,8.566443
2019-10-11,7,343469.399949,242101.836887,101367.563062,0.0,0.0,0.0,9401.059196,1654.650804,39690.8,8.653628
2019-10-11,8,338210.055388,242098.546887,96111.508501,0.0,0.0,0.0,10843.849302,2060.750698,40301.3,8.392038
2019-10-11,9,325968.02261,225658.89497,100309.12764,0.0,0.0,0.0,12088.731573,2397.698427,40423.5,8.063825
2019-10-11,10,320137.941785,219811.195737,100326.746048,0.0,0.0,0.0,11905.401033,1582.118967,39813.6,8.040919
2019-10-11,11,296050.220081,214821.567386,81228.652694,0.0,0.0,0.0,13564.016222,2676.943778,39020.62,7.58702
2019-10-11,12,279307.826583,204420.392487,74887.434096,0.0,0.0,0.0,13866.30037,3404.92963,38575.75,7.240503
2019-10-11,13,248381.739787,152781.094363,95600.645424,0.0,0.0,0.0,12314.771,4410.109,38129.61,6.514143
2019-10-11,14,229789.118379,152781.094363,77008.024016,0.0,0.0,0.0,13304.973204,4510.646796,37565.78,6.11698
2019-10-11,15,213821.66149,135249.462814,78572.198676,0.0,0.0,0.0,13524.130658,3723.879342,37087.32,5.765358
2019-10-11,16,219176.335991,135249.462814,83926.873178,0.0,0.0,0.0,12638.054,2492.386,36549.14,5.996758
2019-10-11,17,218979.001854,141511.966186,77467.035668,0.0,0.0,0.0,12212.541289,1811.198711,36102.84,6.065423
2019-10-11,18,258192.523541,174039.336846,84153.186695,0.0,0.0,0.0,10844.606,506.524,36761.06,7.023533
2019-10-11,19,269246.815671,174022.886846,95223.928825,0.0,0.0,0.0,8149.133,175.167,36454.03,7.385927
2019-10-11,20,263468.831304,174022.886846,89445.944458,0.0,0.0,0.0,7746.95,164.69,35401.08,7.442395
2019-10-11,21,245073.596424,166751.219738,78322.376687,0.0,0.0,0.0,7641.18,104.15,33962.92,7.215917
2019-10-11,22,219384.189544,148179.426747,71204.762797,0.0,0.0,0.0,7424.62,64.13,32257.12,6.801109
2019-10-11,23,239681.640491,190180.124579,49501.515912,0.0,0.0,0.0,8216.414982,244.595018,30866.04,7.765222
2019-10-12,0,226855.113946,175247.734188,51607.379758,0.0,0.0,0.0,7707.2123,71.1777,29947.6,7.575068
2019-10-12,1,176942.059619,119057.987491,57884.072128,0.0,0.0,0.0,7247.316454,26.193546,29394.44,6.019576
2019-10-12,2,192240.245803,126769.97749,65470.268313,0.0,0.0,0.0,6272.042517,20.017483,29302.2,6.560608
2019-10-12,3,204671.737737,134442.661391,70229.076345,0.0,0.0,0.0,5671.18,0.0,29448.32,6.950201
2019-10-12,4,220540.406063,141507.135788,79033.270275,0.0,0.0,0.0,5319.492,69.828,30148.32,7.315181
2019-10-12,5,295692.175644,209989.343062,85702.832582,0.0,0.0,0.0,5180.971,135.029,31424.71,9.409543
2019-10-12,6,303329.432555,216701.275253,86628.157302,0.0,0.0,0.0,5219.342722,181.227278,32823.69,9.241174
2019-10-12,7,326934.364099,233140.92717,93793.436929,0.0,0.0,0.0,5371.925449,181.224551,34087.69,9.59098
2019-10-12,8,335216.978108,233137.63717,102079.340938,0.0,0.0,0.0,5374.518724,171.881276,34998.85,9.577943
2019-10-12,9,321542.994516,233137.63717,88405.357346,0.0,0.0,0.0,6455.5,64.9,35229.86,9.127002
2019-10-12,10,305635.400981,221283.846371,84351.554611,0.0,0.0,0.0,7439.29,32.86,35024.13,8.726424
2019-10-12,11,286088.935736,204844.194454,81244.741282,0.0,0.0,0.0,7998.62335,381.24665,34579.14,8.273454
2019-10-12,12,270173.907362,193136.563912,77037.34345,0.0,0.0,0.0,8802.315017,749.774983,34279.39,7.881526
2019-10-12,13,261106.573595,184797.773511,76308.800084,0.0,0.0,0.0,9207.071415,772.138585,34230.65,7.627859
2019-10-12,14,255506.820116,177081.983511,78424.836605,0.0,0.0,0.0,9601.916,1313.924,34416.56,7.42395
2019-10-12,15,255204.123831,177081.983511,78122.14032,0.0,0.0,0.0,9988.534311,1860.275689,34671.9,7.360546
2019-10-12,16,250951.017776,176730.983512,74220.034264,0.0,0.0,0.0,10837.533544,2505.776456,34822.82,7.20651
2019-10-12,17,265825.255047,189629.683911,76195.571136,0.0,0.0,0.0,9854.148493,1917.481507,34639.46,7.674059
2019-10-12,18,334164.245549,259675.74721,74488.498339,0.0,0.0,0.0,8889.363725,1180.736275,35513.38,9.409531
2019-10-12,19,303554.152223,208026.579086,95527.573137,0.0,0.0,0.0,7437.702979,439.507021,35346.85,8.58787
2019-10-12,20,255033.731749,163827.265886,91206.465863,0.0,0.0,0.0,7392.418587,467.591413,34507.64,7.390645
2019-10-12,21,235822.835449,156555.598778,79267.236671,0.0,0.0,0.0,7228.62,406.11,33295.49,7.082726
2019-10-12,22,217989.502496,144701.807978,73287.694517,0.0,0.0,0.0,6521.68,404.19,31761.59,6.863306
2019-10-12,23,203682.184263,137983.805787,65698.378475,0.0,0.0,0.0,6102.26,376.76,30349.77,6.711161
2019-10-13,0,195015.125358,129645.015387,65370.109971,0.0,0.0,0.0,5695.97,352.67,29442.68,6.623552
2019-10-13,1,186139.071235,119295.871322,66843.199913,0.0,0.0,0.0,5355.74,329.41,28815.49,6.459688
2019-10-13,2,190024.124691,119295.871322,70728.253369,0.0,0.0,0.0,4560.82,268.11,28421.32,6.685971
2019-10-13,3,198923.602612,127637.951723,71285.650889,0.0,0.0,0.0,4106.455,208.665,28335.05,7.020408
2019-10-13,4,206161.730135,133430.845787,72730.884348,0.0,0.0,0.0,3849.78,188.74,28609.96,7.205943
2019-10-13,5,215706.195275,137987.095787,77719.099487,0.0,0.0,0.0,3759.48,199.16,29257.25,7.372743
2019-10-13,6,239892.587034,161701.704813,78190.882221,0.0,0.0,0.0,3694.712,208.678,30189.32,7.946273
2019-10-13,7,261506.109777,173552.205612,87953.904165,0.0,0.0,0.0,3582.87,220.26,31327.08,8.347606
2019-10-13,8,269820.182493,173548.915612,96271.266881,0.0,0.0,0.0,3828.4,215.4,32560.21,8.286807
2019-10-13,9,267730.8418,173548.915612,94181.926188,0.0,0.0,0.0,5128.31,277.91,33459.59,8.001618
2019-10-13,10,310814.759539,225187.703736,85627.055803,0.0,0.0,0.0,6781.19,119.84,34292.43,9.063655
2019-10-13,11,294113.208632,208745.271819,85367.936813,0.0,0.0,0.0,7669.15,206.83,35162.26,8.364457
2019-10-13,12,314265.879838,227088.042011,87177.837827,0.0,0.0,0.0,8532.36843,343.64157,36169.88,8.688607
2019-10-13,13,330777.764971,238798.962553,91978.802419,0.0,0.0,0.0,9129.715838,570.514162,37490.73,8.822921
2019-10-13,14,358185.007159,255235.32447,102949.68269,0.0,0.0,0.0,9056.745572,648.774428,38992.81,9.185924
2019-10-13,15,378575.649437,263975.521253,114600.128184,0.0,0.0,0.0,8791.142982,491.157018,40076.72,9.446273
2019-10-13,16,397611.540472,276776.617852,120834.92262,0.0,0.0,0.0,8223.79,135.84,40537.38,9.808516
2019-10-13,17,434576.584914,312136.534983,122440.049931,0.0,0.0,0.0,6454.14,228.73,40378.42,10.762595
2019-10-13,18,472976.167409,336694.158831,136282.008578,0.0,0.0,0.0,4911.3,242.93,41168.79,11.488707
2019-10-13,19,488178.699118,336687.578831,151491.120287,0.0,0.0,0.0,3192.677,102.993,40675.07,12.001914
2019-10-13,20,462625.355867,336687.578831,125937.777036,0.0,0.0,0.0,3713.03,308.73,39319.48,11.765806
2019-10-13,21,395065.033205,293783.894791,101281.138414,0.0,0.0,0.0,5050.09,371.99,37306.53,10.589702
2019-10-13,22,286232.787654,200150.041346,86082.746308,0.0,0.0,0.0,6489.72,451.37,34974.84,8.183963
2019-10-13,23,238948.332505,158985.298029,79963.034476,0.0,0.0,0.0,6503.29,442.65,33074.0,7.224658
2019-10-14,0,220662.515928,150245.101246,70417.414681,0.0,0.0,0.0,6503.2,431.87,31743.67,6.951386
2019-10-14,1,202086.416689,132190.911723,69895.504966,0.0,0.0,0.0,6472.44,424.51,30999.03,6.519121
2019-10-14,2,211662.52811,139465.868831,72196.659279,0.0,0.0,0.0,5762.9,367.68,30799.9,6.872182
2019-10-14,3,231492.811486,155460.963855,76031.847631,0.0,0.0,0.0,5212.64,321.91,31198.61,7.419972
2019-10-14,4,269240.82011,184698.422372,84542.397738,0.0,0.0,0.0,4734.53,284.63,32701.98,8.233166
2019-10-14,5,315963.979059,213010.979954,102952.999105,0.0,0.0,0.0,4638.747,227.623,34979.57,9.032815
2019-10-14,6,395915.139253,288022.497969,107892.641284,0.0,0.0,0.0,4499.36,251.15,36566.2,10.827353
2019-10-14,7,420372.539751,303933.01741,116439.522341,0.0,0.0,0.0,4351.42,237.05,37539.55,11.198124
2019-10-14,8,444668.779603,313465.749433,131203.03017,0.0,0.0,0.0,4548.84,195.83,39307.61,11.312537
2019-10-14,9,461744.636126,320873.469433,140871.166693,0.0,0.0,0.0,5809.711,170.709,41297.01,11.181067
2019-10-14,10,476569.747818,332292.274682,144277.473136,0.0,0.0,0.0,7580.59,93.82,43340.89,10.995846
2019-10-14,11,529849.99767,385314.26753,144535.73014,0.0,0.0,0.0,8101.85,281.5,45349.35,11.68374
2019-10-14,12,543440.755427,384681.230394,158759.525033,0.0,0.0,0.0,8710.302337,772.897663,47024.55,11.556533
2019-10-14,13,545018.211101,377273.510395,167744.700707,0.0,0.0,0.0,10298.134018,826.495982,48415.88,11.257013
2019-10-14,14,550321.607023,377055.61212,173265.994903,0.0,0.0,0.0,10748.3672,1907.5728,49468.12,11.124773
2019-10-14,15,542803.523391,377055.61212,165747.911271,0.0,0.0,0.0,11274.69528,2199.03472,49872.29,10.88387
2019-10-14,16,526013.221505,377055.61212,148957.609385,0.0,0.0,0.0,12787.663646,1744.086354,49656.66,10.593004
2019-10-14,17,528059.221426,369843.04753,158216.173895,0.0,0.0,0.0,11155.418595,2448.071405,49128.8,10.748466
2019-10-14,18,535584.4899,369836.46753,165748.02237,0.0,0.0,0.0,10544.508273,1914.071727,49214.49,10.882659
2019-10-14,19,541523.750438,370190.75753,171332.992908,0.0,0.0,0.0,9271.604671,1247.965329,48154.54,11.245539
2019-10-14,20,506838.317722,370187.46753,136650.850192,0.0,0.0,0.0,9371.486481,1238.053519,46053.92,11.005324
2019-10-14,21,428409.700004,317165.474683,111244.225321,0.0,0.0,0.0,9909.188785,781.691215,43135.21,9.931787
2019-10-14,22,316820.561544,223422.637395,93397.92415,0.0,0.0,0.0,9940.430006,519.499994,40096.99,7.901355
2019-10-14,23,275137.482534,187070.197611,88067.284923,0.0,0.0,0.0,9409.69,507.03,37863.13,7.266633
2019-10-15,0,250941.185372,164194.580639,86746.604733,0.0,0.0,0.0,8911.14,469.05,36523.91,6.8706
2019-10-15,1,246050.377169,164191.290639,81859.086531,0.0,0.0,0.0,8575.677924,443.932076,35672.62,6.897457
2019-10-15,2,243080.68368,159992.25064,83088.433041,0.0,0.0,0.0,8200.94,351.58,35287.01,6.888673
2019-10-15,3,258780.590467,170915.87283,87864.717638,0.0,0.0,0.0,8029.82,282.22,35742.17,7.240204
2019-10-15,4,371713.902713,280130.950267,91582.952446,0.0,0.0,0.0,8213.51,228.27,37652.14,9.872318
2019-10-15,5,422809.358723,304279.302184,118530.056539,0.0,0.0,0.0,7685.13,223.96,40750.94,10.37545
2019-10-15,6,439396.376938,304273.232184,135123.144754,0.0,0.0,0.0,7512.388,131.792,42088.08,10.439924
2019-10-15,7,469263.702889,332298.854682,136964.848207,0.0,0.0,0.0,7404.59,259.73,42525.89,11.034777
2019-10-15,8,501695.424353,356859.76853,144835.655823,0.0,0.0,0.0,7373.901,83.829,44236.41,11.341233
2019-10-15,9,558219.306937,405026.471539,153192.835398,0.0,0.0,0.0,8511.62,501.77,46451.04,12.017369
2019-10-15,10,602512.216681,458048.974386,144463.242295,0.0,0.0,0.0,10214.925114,413.114886,48733.46,12.36342
2019-10-15,11,624650.089567,456541.723151,168108.366416,0.0,0.0,0.0,10259.764489,704.635511,50988.96,12.250693
2019-10-15,12,643330.224995,456541.723151,186788.501844,0.0,0.0,0.0,11175.048569,1062.621431,52834.68,12.176287
2019-10-15,13,691973.378337,516914.70714,175058.671197,0.0,0.0,0.0,12556.094734,1125.955266,54399.1,12.720309
2019-10-15,14,761713.066754,556700.396015,205012.670739,0.0,0.0,0.0,11231.83903,1138.20097,55975.62,13.607943
2019-10-15,15,796735.470154,556687.236015,240048.234139,0.0,0.0,0.0,10333.838,821.212,57064.28,13.96207
2019-10-15,16,793383.853538,556687.236015,236696.617523,0.0,0.0,0.0,9716.507814,634.952186,56479.99,14.047167
2019-10-15,17,781523.457465,556687.236015,224836.221451,0.0,0.0,0.0,8163.585257,1539.824743,54447.85,14.353615
2019-10-15,18,755893.689519,535874.064467,220019.625053,0.0,0.0,0.0,7402.657762,1852.162238,53374.9,14.161969
2019-10-15,19,735409.002782,535874.064467,199534.938315,0.0,0.0,0.0,7142.551225,1481.988775,51659.04,14.235824
2019-10-15,20,639976.974173,491674.751267,148302.222907,0.0,0.0,0.0,8644.536959,1958.513041,48874.57,13.094273
2019-10-15,21,511604.677914,398798.967883,112805.710031,0.0,0.0,0.0,11190.597171,2053.112829,45210.96,11.315944
2019-10-15,22,373019.449023,256562.465804,116456.983219,0.0,0.0,0.0,10116.476907,2542.303093,41463.55,8.996322
2019-10-15,23,319133.362145,246366.844845,72766.5173,0.0,0.0,0.0,11575.358454,1781.701546,38377.04,8.315737
2019-10-16,0,267907.982805,200802.758948,67105.223858,0.0,0.0,0.0,11636.924536,1795.065464,36304.52,7.379466
2019-10-16,1,197064.824095,131589.23789,65475.586204,0.0,0.0,0.0,11916.118715,1849.841285,34905.91,5.645601
2019-10-16,2,177349.225539,116133.765889,61215.45965,0.0,0.0,0.0,12513.186097,1761.653903,34202.9,5.18521
2019-10-16,3,180176.415645,117280.241387,62896.174259,0.0,0.0,0.0,12274.982888,1704.107112,34175.05,5.272162
2019-10-16,4,218434.782926,148783.633294,69651.149631,0.0,0.0,0.0,11902.954,1593.986,35402.34,6.170066
2019-10-16,5,301036.339489,216852.203335,84184.136153,0.0,0.0,0.0,11608.781889,1194.338111,37796.49,7.964664
2019-10-16,6,312394.906099,221839.051686,90555.854413,0.0,0.0,0.0,11047.170006,519.499994,38759.66,8.059795
2019-10-16,7,325926.826803,230177.842086,95748.984717,0.0,0.0,0.0,9839.14,337.23,38583.48,8.447315
2019-10-16,8,330287.390061,230174.552086,100112.837975,0.0,0.0,0.0,9556.33,383.82,38968.24,8.47581
2019-10-16,9,323438.672802,230174.552086,93264.120715,0.0,0.0,0.0,11049.1,434.92,39347.16,8.220128
2019-10-16,10,300049.79963,214564.094578,85485.705052,0.0,0.0,0.0,13190.41,276.27,39508.81,7.594504
2019-10-16,11,291295.752377,206466.523061,84829.229316,0.0,0.0,0.0,13031.750896,553.799104,39314.59,7.409355
2019-10-16,12,291353.638263,206463.233061,84890.405202,0.0,0.0,0.0,12646.865039,1040.274961,39273.41,7.418598
2019-10-16,13,286353.979471,201473.60471,84880.37476,0.0,0.0,0.0,12651.976252,1000.313748,39079.45,7.327482
2019-10-16,14,285238.700086,201473.60471,83765.095376,0.0,0.0,0.0,12734.034122,1343.785878,38967.14,7.31998
2019-10-16,15,285059.250246,201255.706436,83803.543811,0.0,0.0,0.0,12764.485589,1284.484411,38937.07,7.321025
2019-10-16,16,285754.093351,206469.813061,79284.28029,0.0,0.0,0.0,12919.413763,912.656237,38652.86,7.392832
2019-10-16,17,329453.361948,245645.911061,83807.450887,0.0,0.0,0.0,10201.97,175.19,38474.81,8.562833
2019-10-16,18,396956.833937,287916.633135,109040.200802,0.0,0.0,0.0,7193.595,57.005,39273.85,10.107408
2019-10-16,19,429600.047813,287903.473135,141696.574678,0.0,0.0,0.0,4584.13,26.47,38813.46,11.068326
2019-10-16,20,406027.883635,287903.473135,118124.4105,0.0,0.0,0.0,4574.750723,136.329277,37269.41,10.894401
2019-10-16,21,318480.992211,222532.402988,95948.589222,0.0,0.0,0.0,5177.76,0.0,34795.93,9.152823
2019-10-16,22,248494.208438,172273.829464,76220.378973,0.0,0.0,0.0,5784.860187,122.459813,32243.7,7.706752
2019-10-16,23,266136.263615,204206.082797,61930.180819,0.0,0.0,0.0,5053.59,38.91,30473.51,8.733364
2019-10-17,0,233814.795795,169260.333881,64554.461914,0.0,0.0,0.0,4710.29,95.22,29433.56,7.943816
2019-10-17,1,192194.195531,125487.449749,66706.745782,0.0,0.0,0.0,5116.1,222.83,28804.76,6.672307
2019-10-17,2,189426.984598,125487.449749,63939.534848,0.0,0.0,0.0,5301.5,227.1,28667.17,6.607802
2019-10-17,3,190776.282533,125487.449749,65288.832783,0.0,0.0,0.0,5636.08,253.8,29155.68,6.543366
2019-10-17,4,228997.849883,163122.294656,65875.555227,0.0,0.0,0.0,6296.72,303.75,30986.35,7.390282
2019-10-17,5,318379.251689,231924.399581,86454.852108,0.0,0.0,0.0,5754.628,366.402,34167.08,9.318304
2019-10-17,6,333903.817453,231915.039581,101988.777872,0.0,0.0,0.0,5223.13,314.83,35646.78,9.367012
2019-10-17,7,349302.629015,247379.818555,101922.81046,0.0,0.0,0.0,4977.15,384.55,35721.21,9.778578
2019-10-17,8,356567.441773,247373.238555,109194.203218,0.0,0.0,0.0,4410.5,279.7,35973.34,9.911992
2019-10-17,9,345680.310913,237713.574556,107966.736357,0.0,0.0,0.0,5436.5,194.26,36233.32,9.540398
2019-10-17,10,335626.347941,237362.574556,98263.773385,0.0,0.0,0.0,6850.68,72.29,36396.98,9.221269
2019-10-17,11,320979.939608,220922.922639,100057.016969,0.0,0.0,0.0,8045.76747,540.56253,36610.13,8.767517
2019-10-17,12,311849.222061,210727.30168,101121.920381,0.0,0.0,0.0,9164.585811,1162.854189,37095.6,8.406636
2019-10-17,13,312314.827191,211081.591679,101233.235512,0.0,0.0,0.0,9710.367169,1802.612831,37641.22,8.297149
2019-10-17,14,320642.15269,216071.22003,104570.932661,0.0,0.0,0.0,9723.24,2198.62,38082.9,8.419583
2019-10-17,15,324674.06192,216067.93003,108606.13189,0.0,0.0,0.0,9838.341,2349.339,38528.31,8.426896
2019-10-17,16,317864.319149,216067.93003,101796.389119,0.0,0.0,0.0,10322.02929,2184.44071,38566.03,8.24208
2019-10-17,17,354638.299004,258403.612507,96234.686497,0.0,0.0,0.0,9703.892936,1093.487064,38340.96,9.249594
2019-10-17,18,400992.308242,286383.009146,114609.299096,0.0,0.0,0.0,8304.256,978.964,39122.96,10.249539
2019-10-17,19,401981.185007,286366.559146,115614.625861,0.0,0.0,0.0,6881.912508,607.967492,38795.88,10.36144
2019-10-17,20,336999.469037,242167.245946,94832.223091,0.0,0.0,0.0,7560.189391,842.350609,37278.48,9.040054
2019-10-17,21,288695.585921,216987.397246,71708.188675,0.0,0.0,0.0,8807.570978,1159.489022,34999.46,8.248573
2019-10-17,22,201375.602838,137983.805787,63391.797051,0.0,0.0,0.0,9772.836424,1510.193576,32627.14,6.172027
2019-10-17,23,169332.007112,107378.47589,61953.531222,0.0,0.0,0.0,9420.602681,1351.567319,30998.31,5.462621
2019-10-18,0,161155.926074,106530.83048,54625.095594,0.0,0.0,0.0,9316.689487,1135.150513,29973.68,5.376581
2019-10-18,1,153588.447471,101549.142979,52039.304492,0.0,0.0,0.0,9207.680182,1118.749818,29351.01,5.232816
2019-10-18,2,161333.239313,106254.698388,55078.540924,0.0,0.0,0.0,8266.281257,992.678743,29133.5,5.537723
2019-10-18,3,181813.791883,122541.493786,59272.298097,0.0,0.0,0.0,7528.545001,820.194999,29741.16,6.113204
2019-10-18,4,227390.176173,157122.423695,70267.752478,0.0,0.0,0.0,6938.846637,621.973363,31509.93,7.216461
2019-10-18,5,317469.709607,225190.993736,92278.715871,0.0,0.0,0.0,6914.072,390.928,34465.32,9.21128
2019-10-18,6,331474.575433,231906.215927,99568.359506,0.0,0.0,0.0,6502.489883,458.150117,35941.07,9.222724
2019-10-18,7,334686.365945,231902.925927,102783.440018,0.0,0.0,0.0,6189.103139,373.556861,36003.61,9.295911
2019-10-18,8,342609.423653,231902.925927,110706.497726,0.0,0.0,0.0,6641.49,428.57,36550.9,9.373488
2019-10-18,9,333721.953286,231902.925927,101819.027359,0.0,0.0,0.0,8030.449158,1142.680842,37329.66,8.939861
2019-10-18,10,327317.740406,225184.923736,102132.81667,0.0,0.0,0.0,9775.655517,1083.684483,38130.46,8.584154
2019-10-18,11,325494.566845,224310.709636,101183.857209,0.0,0.0,0.0,10847.993254,2281.246746,39017.04,8.34237
2019-10-18,12,335343.861915,231032.001827,104311.860088,0.0,0.0,0.0,11545.443874,3270.256126,40297.71,8.321661
2019-10-18,13,338350.679304,231906.215927,106444.463377,0.0,0.0,0.0,12539.69798,3264.39202,41548.05,8.1436
2019-10-18,14,363544.761626,253450.79931,110093.962317,0.0,0.0,0.0,12901.799,3846.401,42750.29,8.503913
2019-10-18,15,383115.783838,267976.449684,115139.334154,0.0,0.0,0.0,12976.069202,3995.840798,43868.79,8.73322
2019-10-18,16,377469.98196,267969.869684,109500.112276,0.0,0.0,0.0,13274.86301,3250.94699,43895.3,8.599326
2019-10-18,17,392577.927259,291354.739575,101223.187684,0.0,0.0,0.0,12773.007249,2613.352751,42617.06,9.211755
2019-10-18,18,394314.115479,282367.472793,111946.642686,0.0,0.0,0.0,11055.026554,2312.683446,42086.05,9.369236
2019-10-18,19,404714.605508,282364.182793,122350.422715,0.0,0.0,0.0,8999.932147,1584.917853,41038.23,9.861892
2019-10-18,20,361484.191326,264024.702602,97459.488725,0.0,0.0,0.0,9907.705886,1827.624114,39538.66,9.14255
2019-10-18,21,271744.225351,180266.917803,91477.307547,0.0,0.0,0.0,10191.45891,2876.79109,37559.95,7.234946
2019-10-18,22,224270.750402,156555.598778,67715.151624,0.0,0.0,0.0,11348.413683,1907.806317,35307.96,6.351847
2019-10-18,23,182404.443314,117972.083786,64432.359528,0.0,0.0,0.0,11365.233432,2024.436568,33436.35,5.455274
2019-10-19,0,164828.855944,110073.554654,54755.30129,0.0,0.0,0.0,11477.311954,1934.348046,32031.23,5.14588
2019-10-19,1,150457.778515,100312.529654,50145.248862,0.0,0.0,0.0,11349.231452,1965.678548,31083.2,4.840485
2019-10-19,2,147996.609464,96769.554661,51227.054803,0.0,0.0,0.0,11006.615855,1686.674145,30596.27,4.83708
2019-10-19,3,151560.461336,101193.323753,50367.137583,0.0,0.0,0.0,10682.903975,1390.486025,30560.14,4.959416
2019-10-19,4,164703.170808,111236.385889,53466.784919,0.0,0.0,0.0,10160.51063,1066.07937,31051.56,5.304183
2019-10-19,5,195731.778618,133086.425788,62645.35283,0.0,0.0,0.0,9220.800006,519.499994,32112.75,6.095142
2019-10-19,6,222753.162774,145265.342896,77487.819879,0.0,0.0,0.0,8101.822556,530.957444,33297.37,6.689813
2019-10-19,7,278499.897895,194013.192937,84486.704958,0.0,0.0,0.0,7352.523,582.687,34753.63,8.013548
2019-10-19,8,375977.896845,266158.48766,109819.409186,0.0,0.0,0.0,5988.97,292.34,37028.38,10.153777
2019-10-19,9,382478.272054,266149.63766,116328.634394,0.0,0.0,0.0,7046.760569,1001.599431,39468.57,9.690705
2019-10-19,10,425779.235689,314646.332374,111132.903315,0.0,0.0,0.0,9215.291332,1358.758668,41845.0,10.175152
2019-10-19,11,459487.980086,327253.464983,132234.515104,0.0,0.0,0.0,9201.088837,2370.541163,44215.31,10.392056
2019-10-19,12,494364.963528,353110.007991,141254.955537,0.0,0.0,0.0,10738.811,2574.099,46436.01,10.646155
2019-10-19,13,509683.359788,368155.945912,141527.413876,0.0,0.0,0.0,12745.765483,2126.814517,48284.29,10.555884
2019-10-19,14,567204.910819,410435.64462,156769.266199,0.0,0.0,0.0,12307.106182,2582.573818,49967.9,11.351386
2019-10-19,15,582371.209338,411303.278719,171067.930619,0.0,0.0,0.0,11562.606608,2067.423392,50819.17,11.459676
2019-10-19,16,568443.051094,396010.40203,172432.649064,0.0,0.0,0.0,11128.14,796.16,50356.4,11.288397
2019-10-19,17,576620.234946,417094.515151,159525.719795,0.0,0.0,0.0,8789.051664,750.438336,48492.29,11.890967
2019-10-19,18,580747.516363,417091.225151,163656.291212,0.0,0.0,0.0,6695.96,436.08,47186.17,12.307579
2019-10-19,19,587931.079259,417091.225151,170839.854108,0.0,0.0,0.0,4801.81,281.68,45294.11,12.980299
2019-10-19,20,553415.46369,409375.435151,144040.028538,0.0,0.0,0.0,4989.64,198.42,43342.32,12.768478
2019-10-19,21,467707.146417,344239.050775,123468.095642,0.0,0.0,0.0,5483.34,144.3,40949.18,11.421649
2019-10-19,22,365987.980412,259217.624539,106770.355873,0.0,0.0,0.0,5990.24,113.34,38509.96,9.503723
2019-10-19,23,316726.574212,212799.657386,103926.916827,0.0,0.0,0.0,5232.39,105.35,36448.63,8.68967
2019-10-20,0,292296.803686,196360.005469,95936.798217,0.0,0.0,0.0,4940.78,109.12,34729.31,8.41643
2019-10-20,1,270953.697368,184506.21467,86447.482698,0.0,0.0,0.0,5024.96,125.0,33461.18,8.097554
2019-10-20,2,251427.136919,162169.096047,89258.040872,0.0,0.0,0.0,4776.54,154.27,32632.66,7.70477
2019-10-20,3,246303.341246,162169.096047,84134.2452,0.0,0.0,0.0,5013.57,217.89,32258.77,7.635237
2019-10-20,4,233416.899294,155451.093855,77965.805438,0.0,0.0,0.0,5903.71,322.91,32263.54,7.234696
2019-10-20,5,255500.763247,171894.035772,83606.727474,0.0,0.0,0.0,5185.95,237.84,32697.93,7.813974
2019-10-20,6,264536.359376,171890.745772,92645.613604,0.0,0.0,0.0,5130.16,233.3,33460.18,7.906005
2019-10-20,7,299964.396251,205694.887012,94269.50924,0.0,0.0,0.0,5710.29,307.71,34807.31,8.617856
2019-10-20,8,322913.520599,205681.727012,117231.793587,0.0,0.0,0.0,6379.469701,672.730299,37235.66,8.672158
2019-10-20,9,400225.001511,280702.605027,119522.396484,0.0,0.0,0.0,8457.257,1029.433,39742.27,10.070512
2019-10-20,10,405689.210395,280699.315027,124989.895368,0.0,0.0,0.0,9839.174441,1173.885559,42173.28,9.619579
2019-10-20,11,421999.607036,294435.720161,127563.886875,0.0,0.0,0.0,12193.735,2703.675,44719.15,9.436664
2019-10-20,12,452805.1974,315390.547433,137414.649967,0.0,0.0,0.0,13731.944292,3695.715708,47343.55,9.564243
2019-10-20,13,502594.621125,358944.86401,143649.757115,0.0,0.0,0.0,14653.773413,3582.676587,49691.04,10.114391
2019-10-20,14,548070.488079,383828.315803,164242.172276,0.0,0.0,0.0,15206.782761,3550.377239,51516.19,10.638801
2019-10-20,15,573200.118833,393340.00173,179860.117103,0.0,0.0,0.0,14595.623,4020.837,52564.23,10.904756
2019-10-20,16,590247.082837,393336.71173,196910.371107,0.0,0.0,0.0,14052.423,3035.677,52501.93,11.242388
2019-10-20,17,564149.667235,393336.71173,170812.955505,0.0,0.0,0.0,13928.298299,2125.971701,51517.2,10.950705
2019-10-20,18,585614.371878,411679.481922,173934.889956,0.0,0.0,0.0,12812.085,1720.045,51688.75,11.329629
2019-10-20,19,587341.499714,411676.191922,175665.307792,0.0,0.0,0.0,10634.230006,519.499994,50297.37,11.67738
2019-10-20,20,543329.407506,411676.191922,131653.215584,0.0,0.0,0.0,11667.830006,519.499994,47500.65,11.438357
2019-10-20,21,420297.372779,303965.162184,116332.210595,0.0,0.0,0.0,12234.340006,519.499994,44539.2,9.436572
2019-10-20,22,366703.090543,269742.536427,96960.554116,0.0,0.0,0.0,12242.416832,522.533168,41783.75,8.776213
2019-10-20,23,288444.179171,195006.985547,93437.193624,0.0,0.0,0.0,10847.19,366.94,39604.84,7.283054
2019-10-21,0,249488.254535,178564.04363,70924.210905,0.0,0.0,0.0,11561.686356,1928.833644,37539.21,6.646071
2019-10-21,1,197950.381543,135641.596347,62308.785195,0.0,0.0,0.0,12953.032772,2188.567228,36243.1,5.46174
2019-10-21,2,198471.527595,130022.220862,68449.306733,0.0,0.0,0.0,11378.376433,1751.643567,35212.51,5.636393
2019-10-21,3,199057.773176,130022.220862,69035.552315,0.0,0.0,0.0,10856.549331,1602.270669,34753.43,5.727716
2019-10-21,4,233491.716527,169846.876847,63644.83968,0.0,0.0,0.0,11350.920159,1597.619841,35788.3,6.524247
2019-10-21,5,297140.081356,207814.662147,89325.419209,0.0,0.0,0.0,10040.877034,1280.722966,38034.02,7.812482
2019-10-21,6,312007.395956,198145.128148,113862.267808,0.0,0.0,0.0,8354.485,594.395,38632.35,8.076325
2019-10-21,7,388340.623531,282828.960162,105511.66337,0.0,0.0,0.0,7269.24,283.43,38294.49,10.140901
2019-10-21,8,395800.354377,282822.380162,112977.974216,0.0,0.0,0.0,6806.12,83.39,38690.12,10.230011
2019-10-21,9,398789.793129,278284.513377,120505.279752,0.0,0.0,0.0,7274.81,0.0,39477.62,10.101668
2019-10-21,10,392304.87632,278281.223377,114023.652943,0.0,0.0,0.0,8918.13,0.0,40242.77,9.748456
2019-10-21,11,410136.953879,287473.740627,122663.213252,0.0,0.0,0.0,8514.02,0.0,41017.94,9.998965
2019-10-21,12,416684.711064,287470.450627,129214.260437,0.0,0.0,0.0,9153.225,231.985,42122.75,9.892154
2019-10-21,13,422026.13757,296213.93741,125812.20016,0.0,0.0,0.0,10476.987131,915.542869,43358.33,9.73345
2019-10-21,14,457651.080254,320879.539433,136771.540821,0.0,0.0,0.0,10223.733,870.687,44466.83,10.291965
2019-10-21,15,461721.045821,320870.179433,140850.866387,0.0,0.0,0.0,9865.41494,826.46506,45104.89,10.236607
2019-10-21,16,456238.045,320240.432298,135997.612702,0.0,0.0,0.0,9948.162499,416.937501,44644.03,10.219464
2019-10-21,17,482002.74703,350641.624874,131361.122156,0.0,0.0,0.0,7886.62,73.17,43212.49,11.154246
2019-10-21,18,520776.307129,371712.577995,149063.729134,0.0,0.0,0.0,5302.91,35.6,42873.75,12.14674
2019-10-21,19,535847.547862,371709.287995,164138.259867,0.0,0.0,0.0,2825.58,0.0,41503.39,12.910934
2019-10-21,20,508997.048387,371709.287995,137287.760392,0.0,0.0,0.0,2689.2,0.0,39068.87,13.0282
2019-10-21,21,430278.21194,324021.578521,106256.633419,0.0,0.0,0.0,3540.64,22.34,36001.37,11.951718
2019-10-21,22,274745.667628,203515.310787,71230.356841,0.0,0.0,0.0,5856.16,170.16,33035.56,8.316664
2019-10-21,23,267457.11948,212258.79757,55198.32191,0.0,0.0,0.0,5805.45,119.2,30975.62,8.63444
2019-10-22,0,212304.569691,148807.598981,63496.97071,0.0,0.0,0.0,5622.62,83.5,29704.4,7.147243
2019-10-22,1,192794.66527,133198.588899,59596.076371,0.0,0.0,0.0,5721.93,59.24,28992.52,6.649807
2019-10-22,2,199372.117688,131877.366797,67494.750891,0.0,0.0,0.0,4708.97,30.47,28832.95,6.914732
2019-10-22,3,207881.942755,131874.076797,76007.865958,0.0,0.0,0.0,4297.35,44.84,29316.54,7.090944
2019-10-22,4,259428.713562,186283.238764,73145.474798,0.0,0.0,0.0,4735.24,116.47,31073.16,8.348965
2019-10-22,5,354432.442526,250848.10367,103584.338855,0.0,0.0,0.0,4141.95,76.57,34292.68,10.335513
2019-10-22,6,369033.986394,250838.74367,118195.242724,0.0,0.0,0.0,3940.110171,85.229829,35721.17,10.33096
2019-10-22,7,379490.216627,269181.513862,110308.702765,0.0,0.0,0.0,3919.442346,154.697654,35605.54,10.658179
2019-10-22,8,398157.671945,269178.223862,128979.448083,0.0,0.0,0.0,3247.898155,90.531845,36031.98,11.050119
2019-10-22,9,384009.957528,269178.223862,114831.733666,0.0,0.0,0.0,4625.51,0.0,36761.97,10.445848
2019-10-22,10,355157.984791,250838.74367,104319.241121,0.0,0.0,0.0,6380.83,0.0,37449.74,9.48359
2019-10-22,11,345804.73576,242098.546887,103706.188873,0.0,0.0,0.0,7564.62,0.0,38163.64,9.061105
2019-10-22,12,344779.717982,242098.546887,102681.171095,0.0,0.0,0.0,8902.637535,108.532465,39145.47,8.807653
2019-10-22,13,345774.742502,242098.546887,103676.195615,0.0,0.0,0.0,9872.792381,502.317619,40092.12,8.624506
2019-10-22,14,369862.003333,263646.420269,106215.583064,0.0,0.0,0.0,9890.47852,529.45148,40950.67,9.031891
2019-10-22,15,378413.986368,263639.840269,114774.146098,0.0,0.0,0.0,9819.938389,332.651611,41759.24,9.061803
2019-10-22,16,388264.191911,273179.152293,115085.039618,0.0,0.0,0.0,9548.42,27.09,41778.86,9.293317
2019-10-22,17,474899.063293,366539.5105,108359.552793,0.0,0.0,0.0,7684.05,65.14,40922.86,11.604738
2019-10-22,18,449158.601872,314896.922376,134261.679496,0.0,0.0,0.0,6324.03,101.38,41050.11,10.941715
2019-10-22,19,452893.01982,314896.922376,137996.097444,0.0,0.0,0.0,5400.62,152.58,40031.73,11.313351
2019-10-22,20,416640.544591,314896.922376,101743.622215,0.0,0.0,0.0,6581.83,228.59,38192.7,10.908905
2019-10-22,21,271028.380517,190462.538763,80565.841754,0.0,0.0,0.0,8514.87,337.8,35524.36,7.629367
2019-10-22,22,198294.537091,147495.387147,50799.149944,0.0,0.0,0.0,10891.85,486.88,32806.64,6.044342
2019-10-22,23,142596.860863,97617.450889,44979.409973,0.0,0.0,0.0,11757.424033,614.615967,30746.28,4.637857
2019-10-23,0,129917.487277,93226.830487,36690.656791,0.0,0.0,0.0,12449.796026,803.233974,29603.96,4.388517
2019-10-23,1,113006.950076,74699.584882,38307.365194,0.0,0.0,0.0,12427.976578,1153.053422,28895.76,3.910849
2019-10-23,2,114188.618862,78245.849875,35942.768987,0.0,0.0,0.0,12448.104421,1095.785579,28797.23,3.965264
2019-10-23,3,120419.817824,78242.559875,42177.257949,0.0,0.0,0.0,12361.235663,1272.904337,29376.58,4.099178
2019-10-23,4,178191.628942,135073.646055,43117.982887,0.0,0.0,0.0,12083.011453,1725.798547,31248.46,5.702413
2019-10-23,5,217218.445436,135034.166055,82184.279381,0.0,0.0,0.0,10565.439,3259.571,34548.49,6.28735
2019-10-23,6,262444.454673,186672.954178,75771.500494,0.0,0.0,0.0,12455.349659,1268.680341,35878.98,7.314713
2019-10-23,7,254262.131526,181828.96271,72433.168816,0.0,0.0,0.0,11868.088569,1241.071431,35881.77,7.086109
2019-10-23,8,276523.080083,198350.676919,78172.403164,0.0,0.0,0.0,11513.45,1739.25,36538.2,7.568054
2019-10-23,9,283654.42224,198340.806919,85313.61532,0.0,0.0,0.0,11602.384938,2083.455062,37668.23,7.530336
2019-10-23,10,295544.373424,206682.88732,88861.486104,0.0,0.0,0.0,12603.556432,1226.453568,38786.31,7.619812
2019-10-23,11,305810.3964,213400.889511,92409.506889,0.0,0.0,0.0,12791.46303,1880.65697,39806.53,7.682418
2019-10-23,12,311769.628968,213397.599511,98372.029457,0.0,0.0,0.0,13567.412,2429.128,41040.92,7.596556
2019-10-23,13,326191.145311,229416.043402,96775.101909,0.0,0.0,0.0,14314.584,2728.556,42164.44,7.736167
2019-10-23,14,372540.830454,273612.066602,98928.763851,0.0,0.0,0.0,14736.620625,2597.389375,43470.96,8.569878
2019-10-23,15,387910.955506,273608.776602,114302.178904,0.0,0.0,0.0,14464.519539,2621.630461,44455.86,8.725755
2019-10-23,16,399248.529921,278601.694953,120646.834968,0.0,0.0,0.0,13772.960047,1326.109953,44401.3,8.991821
2019-10-23,17,420188.225488,307845.733469,112342.492019,0.0,0.0,0.0,11649.104778,883.435222,43558.25,9.646582
2019-10-23,18,457265.246754,335721.235685,121544.01107,0.0,0.0,0.0,9678.71,189.63,43740.13,10.454136
2019-10-23,19,476115.005153,335714.655685,140400.349469,0.0,0.0,0.0,7163.1,86.24,42901.92,11.097755
2019-10-23,20,439155.14602,335714.655685,103440.490335,0.0,0.0,0.0,8588.01,34.66,41095.71,10.686155
2019-10-23,21,292151.798159,204539.717571,87612.080588,0.0,0.0,0.0,10434.66,703.08,38347.24,7.618587
2019-10-23,22,207230.321261,149007.396729,58222.924532,0.0,0.0,0.0,12969.1,57.36,35443.82,5.846726
2019-10-23,23,161367.857674,104012.018787,57355.838888,0.0,0.0,0.0,12752.46,62.0,33321.44,4.842764
2019-10-24,0,147322.527286,96254.27699,51068.250295,0.0,0.0,0.0,12191.99,73.3,31822.55,4.629501
2019-10-24,1,142710.282508,97620.740889,45089.541618,0.0,0.0,0.0,11788.22,92.76,31003.64,4.603017
2019-10-24,2,158691.535147,107161.96839,51529.566757,0.0,0.0,0.0,10002.97,104.79,30643.88,5.178572
2019-10-24,3,177172.10588,118335.873787,58836.232093,0.0,0.0,0.0,8730.28,129.59,30970.12,5.720743
2019-10-24,4,237936.74624,171286.616854,66650.129385,0.0,0.0,0.0,7869.88,168.08,32682.61,7.280225
2019-10-24,5,275030.223569,177988.169045,97042.054523,0.0,0.0,0.0,7356.351166,412.718834,35788.72,7.68483
2019-10-24,6,372548.114626,271348.527252,101199.587374,0.0,0.0,0.0,7516.059,998.371,37250.49,10.00116
2019-10-24,7,372709.524152,271341.947252,101367.576899,0.0,0.0,0.0,7332.687344,1441.972656,37434.64,9.956274
2019-10-24,8,380630.290879,270990.947253,109639.343626,0.0,0.0,0.0,7968.86651,1373.33349,38570.93,9.86832
2019-10-24,9,362569.334018,252651.467061,109917.866957,0.0,0.0,0.0,9818.604967,1649.385033,39966.78,9.071767
2019-10-24,10,362069.579345,253005.757061,109063.822284,0.0,0.0,0.0,12195.709242,822.840758,41557.82,8.71243
2019-10-24,11,380926.750156,261745.953844,119180.796313,0.0,0.0,0.0,12428.311,2378.219,42835.81,8.892717
2019-10-24,12,384329.343411,261742.663844,122586.679567,0.0,0.0,0.0,13176.535989,3401.574011,44035.41,8.727734
2019-10-24,13,393911.062071,274226.903561,119684.15851,0.0,0.0,0.0,13703.217265,2266.202735,44623.11,8.827513
2019-10-24,14,395852.648253,274220.323561,121632.324692,0.0,0.0,0.0,13310.941567,2866.618433,44842.47,8.827628
2019-10-24,15,399569.994289,274220.323561,125349.670728,0.0,0.0,0.0,13125.196643,2784.613357,45065.11,8.866504
2019-10-24,16,412751.456272,287024.710161,125726.746112,0.0,0.0,0.0,12364.988,1664.382,44707.48,9.232268
2019-10-24,17,417984.779279,287021.420161,130963.359119,0.0,0.0,0.0,11124.141,2174.719,44167.31,9.463668
2019-10-24,18,409625.374102,287021.420161,122603.953942,0.0,0.0,0.0,11235.600879,2203.259121,44007.89,9.307998
2019-10-24,19,434443.580625,331224.023361,103219.557264,0.0,0.0,0.0,11096.422764,1914.997236,42809.09,10.148396
2019-10-24,20,337498.169226,243402.048746,94096.12048,0.0,0.0,0.0,11839.228071,2951.011929,40732.76,8.285669
2019-10-24,21,239246.377742,171292.376522,67954.001221,0.0,0.0,0.0,13542.05413,2840.05587,37904.89,6.311755
2019-10-24,22,191476.913816,118329.293787,73147.620029,0.0,0.0,0.0,11998.322548,2022.717452,35014.12,5.468563
2019-10-24,23,167974.661539,118329.293787,49645.367752,0.0,0.0,0.0,13054.501972,2089.178028,33011.71,5.088336
2019-10-25,0,151828.836422,105449.077154,46379.759268,0.0,0.0,0.0,12756.993344,2033.446656,31629.22,4.800271
2019-10-25,1,135258.796335,89674.396337,45584.399998,0.0,0.0,0.0,12438.520372,2045.979628,30717.81,4.40327
2019-10-25,2,126858.901513,84895.058838,41963.842676,0.0,0.0,0.0,12708.174787,2016.965213,30250.33,4.193637
2019-10-25,3,125015.958725,91150.724391,33865.234334,0.0,0.0,0.0,14408.069636,1994.260364,30489.94,4.100236
2019-10-25,4,172808.225639,117998.033787,54810.191852,0.0,0.0,0.0,11954.79,1930.34,32259.5,5.356817
2019-10-25,5,267937.403849,193353.461802,74583.942047,0.0,0.0,0.0,12303.526771,2110.623229,35707.78,7.503614
2019-10-25,6,302863.219392,211689.651994,91173.567398,0.0,0.0,0.0,12837.762923,2175.827077,37771.4,8.018321
2019-10-25,7,330245.390844,239858.662744,90386.7281,0.0,0.0,0.0,12535.054255,2180.095745,38237.38,8.636716
2019-10-25,8,322653.497508,221506.022552,101147.474956,0.0,0.0,0.0,11497.034,2008.476,38604.94,8.357829
2019-10-25,9,325461.196869,221506.022552,103955.174317,0.0,0.0,0.0,11901.52252,2226.94748,38948.13,8.356273
2019-10-25,10,325692.24308,221506.022552,104186.220528,0.0,0.0,0.0,12218.410379,1257.779621,38790.55,8.396175
2019-10-25,11,312674.298854,216165.394202,96508.904652,0.0,0.0,0.0,12681.51768,2948.92232,38426.42,8.136961
2019-10-25,12,303130.507567,207187.016703,95943.490863,0.0,0.0,0.0,12855.152479,3836.527521,38236.76,7.927725
2019-10-25,13,291687.849757,207187.016703,84500.833054,0.0,0.0,0.0,14534.455688,3210.724312,37957.55,7.684581
2019-10-25,14,280808.422393,194030.057205,86778.365188,0.0,0.0,0.0,14146.339227,3788.130773,37662.0,7.456015
2019-10-25,15,284123.787828,194026.767205,90097.020623,0.0,0.0,0.0,14022.914,3385.266,37708.74,7.534693
2019-10-25,16,289880.956232,200424.625102,89456.33113,0.0,0.0,0.0,13808.401,2249.259,37810.51,7.666677
2019-10-25,17,306485.130583,217316.852553,89168.27803,0.0,0.0,0.0,12933.851098,1826.438902,38076.95,8.049099
2019-10-25,18,318211.833168,225649.062953,92562.770215,0.0,0.0,0.0,11630.701,1433.309,38587.91,8.246413
2019-10-25,19,330993.140083,225645.772953,105347.367129,0.0,0.0,0.0,10570.74,698.68,38217.4,8.660797
2019-10-25,20,307420.21378,225645.772953,81774.440827,0.0,0.0,0.0,11240.673176,1151.656824,37331.0,8.234985
2019-10-25,21,225231.198132,145638.556588,79592.641544,0.0,0.0,0.0,10869.707066,1022.622934,35903.36,6.273262
2019-10-25,22,227295.43596,155642.536379,71652.899582,0.0,0.0,0.0,9765.236421,511.613579,34263.68,6.633713
2019-10-25,23,211295.919939,143118.83908,68177.080858,0.0,0.0,0.0,9321.1,252.14,32815.59,6.438888
2019-10-26,0,198793.752963,129607.589582,69186.16338,0.0,0.0,0.0,8569.879,193.681,31796.89,6.251987
2019-10-26,1,197307.302627,129607.589582,67699.713044,0.0,0.0,0.0,7997.94,170.17,31201.75,6.323597
2019-10-26,2,198680.570255,130277.496082,68403.074174,0.0,0.0,0.0,7672.34,172.24,31016.71,6.405598
2019-10-26,3,205012.713289,135483.488691,69529.224598,0.0,0.0,0.0,7594.159,161.861,31228.39,6.564947
2019-10-26,4,219358.798905,148998.028189,70360.770717,0.0,0.0,0.0,7751.47,202.72,32012.72,6.852239
2019-10-26,5,244981.608309,162326.44694,82655.161369,0.0,0.0,0.0,7547.45,228.78,33407.07,7.333226
2019-10-26,6,325800.032494,237340.744955,88459.287539,0.0,0.0,0.0,7476.558,268.172,35049.18,9.295511
2019-10-26,7,353095.154192,255915.827946,97179.326246,0.0,0.0,0.0,7250.589379,392.810621,36194.42,9.755514
2019-10-26,8,359616.923265,255909.247946,103707.675319,0.0,0.0,0.0,6945.400788,283.739212,36734.49,9.789626
2019-10-26,9,350436.926,255909.247946,94527.678054,0.0,0.0,0.0,7783.08,233.09,36577.93,9.580557
2019-10-26,10,309305.890503,230851.765562,78454.12494,0.0,0.0,0.0,9402.37,141.7,35709.94,8.661619
2019-10-26,11,222114.169796,147495.387147,74618.782649,0.0,0.0,0.0,10408.97,254.91,34931.29,6.358602
2019-10-26,12,203069.989624,132520.428688,70549.560937,0.0,0.0,0.0,11273.890035,803.529965,34394.13,5.904205
2019-10-26,13,193089.360363,125774.860791,67314.499572,0.0,0.0,0.0,11823.416288,1329.863712,34107.65,5.661175
2019-10-26,14,215031.785323,143676.638379,71355.146944,0.0,0.0,0.0,10642.937598,1449.032402,34122.29,6.301798
2019-10-26,15,230970.037055,147869.098378,83100.938677,0.0,0.0,0.0,9411.125643,1862.654357,34315.35,6.730808
2019-10-26,16,244637.972472,155140.765486,89497.206986,0.0,0.0,0.0,8564.563632,1792.996368,34460.83,7.099016
2019-10-26,17,305229.124284,216779.935869,88449.188414,0.0,0.0,0.0,7366.395922,559.784078,34545.51,8.835566
2019-10-26,18,358863.183293,233209.717786,125653.465507,0.0,0.0,0.0,5147.681974,797.858026,35497.69,10.10948
2019-10-26,19,359687.400435,233206.427786,126480.972648,0.0,0.0,0.0,3834.260464,450.159536,35170.22,10.227044
2019-10-26,20,332505.253902,233206.427786,99298.826115,0.0,0.0,0.0,4695.16,456.4,34450.42,9.651704
2019-10-26,21,263235.24474,180266.917803,82968.326937,0.0,0.0,0.0,6042.67,481.0,33278.65,7.910034
2019-10-26,22,223122.793076,156540.365421,66582.427656,0.0,0.0,0.0,7518.599464,556.250536,31947.91,6.983956
2019-10-26,23,186746.134691,122534.913786,64211.220905,0.0,0.0,0.0,7832.218778,667.121222,30724.85,6.078016
2019-10-27,0,172647.69847,116133.765889,56513.932581,0.0,0.0,0.0,8212.520827,695.399173,29906.39,5.772937
2019-10-27,1,158217.498755,102248.138391,55969.360364,0.0,0.0,0.0,8656.698611,699.821389,29429.82,5.376095
2019-10-27,2,155173.20927,101969.391255,53203.818014,0.0,0.0,0.0,8899.141547,589.728453,29259.79,5.303292
2019-10-27,3,152921.750717,97269.74089,55652.009827,0.0,0.0,0.0,9050.207,629.183,29432.57,5.195664
2019-10-27,4,163539.508217,108649.286288,54890.221929,0.0,0.0,0.0,8961.976992,605.783008,29954.44,5.459608
2019-10-27,5,183823.438045,117981.953786,65841.484259,0.0,0.0,0.0,8512.660006,519.499994,31073.06,5.915846
2019-10-27,6,232230.692496,159287.465886,72943.22661,0.0,0.0,0.0,7939.433,362.387,32406.43,7.166192
2019-10-27,7,257351.649054,168014.502669,89337.146385,0.0,0.0,0.0,6664.308614,898.011386,33597.14,7.659927
2019-10-27,8,299885.241156,202554.15187,97331.089285,0.0,0.0,0.0,6805.948,554.012,34269.68,8.750745
2019-10-27,9,299610.484276,212213.815869,87396.668406,0.0,0.0,0.0,7491.21028,1494.97972,34389.93,8.712157
2019-10-27,10,241770.912637,159271.015886,82499.89675,0.0,0.0,0.0,9066.535559,1286.424441,34434.54,7.021174
2019-10-27,11,212768.116962,136543.876777,76224.240185,0.0,0.0,0.0,10980.321516,1019.658484,34564.09,6.155756
2019-10-27,12,205044.969532,125626.834586,79418.134946,0.0,0.0,0.0,11571.987,1735.503,34919.17,5.871989
2019-10-27,13,202358.967082,125626.834586,76732.132495,0.0,0.0,0.0,12660.692085,1956.637915,35515.59,5.69775
2019-10-27,14,219176.591885,137306.346187,81870.245698,0.0,0.0,0.0,12665.997,1487.053,36271.27,6.042705
2019-10-27,15,226542.026882,142509.048796,84032.978086,0.0,0.0,0.0,12416.601,1080.939,37014.61,6.120341
2019-10-27,16,241524.441767,158422.299337,83102.14243,0.0,0.0,0.0,12321.697369,425.552631,37522.72,6.436752
2019-10-27,17,285859.204136,199215.895546,86643.30859,0.0,0.0,0.0,9921.79,0.0,37649.59,7.592625
2019-10-27,18,378512.817132,274223.613561,104289.203571,0.0,0.0,0.0,7599.38,125.46,38690.13,9.783188
2019-10-27,19,387431.120242,270021.283562,117409.83668,0.0,0.0,0.0,6265.0,417.43,38158.66,10.153164
2019-10-27,20,364873.765624,270021.283562,94852.482062,0.0,0.0,0.0,6806.73,469.07,36866.74,9.897099
2019-10-27,21,260165.425116,176431.902557,83733.52256,0.0,0.0,0.0,7577.620006,519.499994,34812.2,7.473398
2019-10-27,22,212572.359051,147514.590922,65057.768129,0.0,0.0,0.0,8181.047765,635.672235,32367.25,6.567514
2019-10-27,23,183534.506513,118329.293787,65205.212726,0.0,0.0,0.0,7583.158619,708.111381,30485.48,6.020391
2019-10-28,0,174068.190685,111934.72589,62133.464795,0.0,0.0,0.0,7125.622952,802.947048,29337.16,5.933369
2019-10-28,1,170633.980357,111304.978755,59329.001602,0.0,0.0,0.0,7048.857336,900.232664,28838.41,5.9169
2019-10-28,2,173816.974369,111941.30589,61875.66848,0.0,0.0,0.0,6709.539378,976.680622,28891.34,6.016231
2019-10-28,3,184619.00372,118332.583787,66286.419933,0.0,0.0,0.0,6780.081,919.599,29601.31,6.236852
2019-10-28,4,237788.672746,167327.914655,70460.758091,0.0,0.0,0.0,6797.595,996.755,31589.85,7.527376
2019-10-28,5,332676.948097,244130.101479,88546.846618,0.0,0.0,0.0,6172.35404,993.06596,34930.05,9.52409
2019-10-28,6,352152.539007,244120.741479,108031.797528,0.0,0.0,0.0,5627.068764,835.721236,36598.84,9.621959
2019-10-28,7,361477.922663,250842.03367,110635.888993,0.0,0.0,0.0,5222.563671,619.306329,36570.96,9.884289
2019-10-28,8,374319.198524,250838.74367,123480.454854,0.0,0.0,0.0,5356.529,863.061,37176.39,10.068734
2019-10-28,9,366271.501054,250838.74367,115432.757384,0.0,0.0,0.0,6274.985,1884.725,38011.35,9.635846
2019-10-28,10,353501.573046,250838.74367,102662.829375,0.0,0.0,0.0,8174.609932,1338.050068,38597.41,9.158686
2019-10-28,11,363426.352883,260090.317079,103336.035804,0.0,0.0,0.0,8477.795663,1753.834337,39109.01,9.29265
2019-10-28,12,358005.039748,260087.027079,97918.012668,0.0,0.0,0.0,9941.996835,1210.363165,39751.05,9.006178
2019-10-28,13,335075.514285,236375.708054,98699.806231,0.0,0.0,0.0,11184.028787,769.701213,40263.84,8.321996
2019-10-28,14,344324.950767,245119.194837,99205.75593,0.0,0.0,0.0,11256.874,779.166,40595.14,8.481925
2019-10-28,15,350617.234766,245470.194837,105147.039929,0.0,0.0,0.0,11060.471761,371.038239,41014.31,8.548656
2019-10-28,16,371414.475297,269184.803862,102229.671435,0.0,0.0,0.0,10321.089,26.891,41156.39,9.024467
2019-10-28,17,414217.506952,298932.932485,115284.574467,0.0,0.0,0.0,8297.31,250.03,41360.2,10.014882
2019-10-28,18,429524.37016,298923.062485,130601.307676,0.0,0.0,0.0,7104.05,425.49,42002.5,10.226162
2019-10-28,19,426785.446212,298923.062485,127862.383728,0.0,0.0,0.0,7231.310006,519.499994,41410.92,10.306109
2019-10-28,20,381522.880439,289387.040461,92135.839978,0.0,0.0,0.0,9225.040175,1099.039825,39823.22,9.580413
2019-10-28,21,297441.671077,229967.738955,67473.932122,0.0,0.0,0.0,12521.354887,1566.225113,37322.94,7.969406
2019-10-28,22,182026.63691,120024.931265,62001.705645,0.0,0.0,0.0,13114.072992,2646.207008,34650.74,5.253182
2019-10-28,23,153568.800458,100911.299368,52657.50109,0.0,0.0,0.0,13468.027922,1579.832078,32942.61,4.661707
2019-10-29,0,149234.707758,99758.338133,49476.369626,0.0,0.0,0.0,12900.278074,1292.031926,31980.52,4.666425
2019-10-29,1,146304.696087,95421.647255,50883.048832,0.0,0.0,0.0,12226.47154,710.57846,31416.6,4.656923
2019-10-29,2,148934.744717,96577.898491,52356.846226,0.0,0.0,0.0,11915.838296,923.041704,31310.29,4.756735
2019-10-29,3,167304.299049,111593.59589,55710.703159,0.0,0.0,0.0,11538.59965,1130.74035,31950.66,5.236333
2019-10-29,4,218974.647633,149857.336587,69117.311046,0.0,0.0,0.0,10923.152589,1244.237411,33988.51,6.442608
2019-10-29,5,317583.627606,231579.766793,86003.860813,0.0,0.0,0.0,10961.074825,1191.995175,37294.99,8.51545
2019-10-29,6,337281.783073,231573.186793,105708.59628,0.0,0.0,0.0,10872.502865,1113.857135,39029.88,8.64163
2019-10-29,7,365850.447202,262183.832444,103666.614758,0.0,0.0,0.0,10696.750978,1049.229022,39176.92,9.338418
2019-10-29,8,385478.404094,270917.449227,114560.954867,0.0,0.0,0.0,9725.364004,837.645996,39776.26,9.691168
2019-10-29,9,375227.731645,252574.679035,122653.05261,0.0,0.0,0.0,10324.195,775.685,40515.45,9.261349
2019-10-29,10,370664.572043,252574.679035,118089.893008,0.0,0.0,0.0,11443.497179,542.532821,40896.55,9.063468
2019-10-29,11,370225.332615,252223.679036,118001.653579,0.0,0.0,0.0,11397.503372,705.776628,41158.82,8.995042
2019-10-29,12,370059.358674,252577.969035,117481.389639,0.0,0.0,0.0,11400.340322,807.809678,41300.87,8.960086
2019-10-29,13,366136.231583,252574.679035,113561.552548,0.0,0.0,0.0,11717.688108,603.191892,41264.74,8.872859
2019-10-29,14,355809.379699,244952.011927,110857.367772,0.0,0.0,0.0,12449.123339,1873.376661,41284.01,8.618576
2019-10-29,15,355527.705554,244673.264792,110854.440763,0.0,0.0,0.0,13445.778322,2398.861678,41659.78,8.534075
2019-10-29,16,370126.500541,252584.549035,117541.951505,0.0,0.0,0.0,12825.665372,2954.434628,42036.35,8.804915
2019-10-29,17,399117.670088,269017.620952,130100.049136,0.0,0.0,0.0,12194.96,2460.02,42705.8,9.345749
2019-10-29,18,404486.14885,269014.330952,135471.817898,0.0,0.0,0.0,11554.543,2098.887,43266.13,9.348794
2019-10-29,19,412841.886803,287357.101144,125484.785659,0.0,0.0,0.0,10694.883544,2090.986456,42742.25,9.658871
2019-10-29,20,385256.709902,287353.811144,97902.898758,0.0,0.0,0.0,12593.598464,2170.941536,41281.31,9.332473
2019-10-29,21,297539.125106,219035.356393,78503.768712,0.0,0.0,0.0,14640.00605,2214.88395,38984.5,7.632242
2019-10-29,22,213482.906257,134234.637484,79248.268774,0.0,0.0,0.0,13094.705,4542.585,36585.55,5.83517
2019-10-29,23,199745.315712,134234.637484,65510.678229,0.0,0.0,0.0,12793.970305,4176.709695,34959.34,5.713647
2019-10-30,0,193492.923094,129538.51285,63954.410244,0.0,0.0,0.0,12337.239901,3801.320099,34005.45,5.690056
2019-10-30,1,186127.742111,125714.088884,60413.653228,0.0,0.0,0.0,12213.053233,3203.746767,33481.48,5.559125
2019-10-30,2,197679.388103,125710.798884,71968.589219,0.0,0.0,0.0,10971.622,3818.908,33411.02,5.916592
2019-10-30,3,263569.236261,200731.676899,62837.559362,0.0,0.0,0.0,12103.365622,2101.054378,34151.36,7.717679
2019-10-30,4,308517.539603,229787.090384,78730.449219,0.0,0.0,0.0,11583.942791,2113.287209,36335.26,8.490858
2019-10-30,5,356747.098252,247250.500685,109496.597567,0.0,0.0,0.0,11535.22243,2117.84757,39624.88,9.003109
2019-10-30,6,413536.408329,291436.653885,122099.754444,0.0,0.0,0.0,11327.464,2009.396,41277.24,10.018509
2019-10-30,7,436596.067988,310130.424076,126465.643912,0.0,0.0,0.0,10629.430181,2117.999819,41603.7,10.494164
2019-10-30,8,446281.702322,310123.844076,136157.858246,0.0,0.0,0.0,10215.486654,2096.163346,42062.15,10.610054
2019-10-30,9,428850.290235,291784.363885,137065.926351,0.0,0.0,0.0,11361.659695,2194.350305,42429.28,10.107414
2019-10-30,10,420720.043008,291566.46561,129153.577398,0.0,0.0,0.0,13130.155767,1221.334233,42621.83,9.870999
2019-10-30,11,406196.642323,275554.601718,130642.040604,0.0,0.0,0.0,13256.823,2383.627,42624.93,9.529556
2019-10-30,12,402231.694883,275554.601718,126677.093164,0.0,0.0,0.0,13302.348244,3129.991756,42632.09,9.434951
2019-10-30,13,395097.642145,275554.601718,119543.040427,0.0,0.0,0.0,14419.889924,2611.580076,42567.29,9.281719
2019-10-30,14,395014.124435,273225.551209,121788.573225,0.0,0.0,0.0,14460.833113,3411.526887,42683.3,9.254536
2019-10-30,15,412978.285655,282418.910478,130559.375177,0.0,0.0,0.0,14318.1,3389.25,43302.0,9.537164
2019-10-30,16,451578.93003,309692.599978,141886.330051,0.0,0.0,0.0,13134.846,3063.114,43972.06,10.269679
2019-10-30,17,468011.460258,309679.439978,158332.020279,0.0,0.0,0.0,12281.898,2970.552,45102.18,10.376693
2019-10-30,18,472501.767835,318422.926761,154078.841074,0.0,0.0,0.0,12637.71,1963.21,45681.9,10.343304
2019-10-30,19,483965.928478,327958.948785,156006.979693,0.0,0.0,0.0,11359.66,1864.97,45367.4,10.667703
2019-10-30,20,458300.703946,327955.658785,130345.045161,0.0,0.0,0.0,12718.278406,2089.091594,44212.69,10.365818
2019-10-30,21,391965.819378,284452.526094,107513.293284,0.0,0.0,0.0,14852.905026,1935.434974,42177.22,9.293306
2019-10-30,22,328658.387928,219035.356393,109623.031534,0.0,0.0,0.0,13462.327,2197.953,40160.57,8.183609
2019-10-30,23,324068.207923,219035.356393,105032.85153,0.0,0.0,0.0,12358.216968,1982.083032,38821.15,8.347723
2019-10-31,0,343431.691587,231579.766793,111851.924794,0.0,0.0,0.0,11027.631,1797.869,38319.21,8.96239
2019-10-31,1,348876.493377,231573.186793,117303.306584,0.0,0.0,0.0,10161.282,1508.368,38399.62,9.085415
2019-10-31,2,355731.592995,249915.956985,105815.63601,0.0,0.0,0.0,11488.875055,1976.094945,38908.77,9.14271
2019-10-31,3,463328.397089,348864.979962,114463.417127,0.0,0.0,0.0,10551.468504,853.441496,40096.69,11.555278
2019-10-31,4,563577.435256,440582.280485,122995.154771,0.0,0.0,0.0,8567.37,330.79,42998.65,13.106863
2019-10-31,5,720498.432203,544801.024955,175697.407248,0.0,0.0,0.0,7534.802,184.598,47379.02,15.20712
2019-10-31,6,745471.156999,544781.794955,200689.362044,0.0,0.0,0.0,6742.7923,182.7377,49432.94,15.080454
2019-10-31,7,747072.362117,544781.794955,202290.567163,0.0,0.0,0.0,5809.102,36.698,48637.82,15.359906
2019-10-31,8,731197.264013,544781.794955,186415.469059,0.0,0.0,0.0,5366.43,201.58,47460.41,15.406467
2019-10-31,9,682760.008876,526074.301778,156685.707098,0.0,0.0,0.0,6368.13,201.16,46167.56,14.788739
2019-10-31,10,572282.645598,436010.775842,136271.869756,0.0,0.0,0.0,8216.05,114.71,44593.34,12.833366
2019-10-31,11,507795.176264,393514.655187,114280.521076,0.0,0.0,0.0,9542.64,187.12,42739.07,11.881287
2019-10-31,12,432281.570828,323217.141796,109064.429032,0.0,0.0,0.0,10111.491375,491.048625,41320.11,10.461772
2019-10-31,13,410975.452776,316021.017552,94954.435224,0.0,0.0,0.0,10290.603075,805.306925,39932.13,10.291849
2019-10-31,14,388787.783039,299860.11277,88927.670268,0.0,0.0,0.0,10126.072082,972.227918,38810.81,10.017513
2019-10-31,15,317948.746583,218387.227862,99561.518722,0.0,0.0,0.0,10216.704,708.666,38481.64,8.262349
2019-10-31,16,354871.747205,262589.831061,92281.916144,0.0,0.0,0.0,10122.045903,271.744097,38588.84,9.196227
2019-10-31,17,408239.918044,304587.238894,103652.679151,0.0,0.0,0.0,8282.742,204.938,39483.22,10.33958
2019-10-31,18,481168.049893,344913.752934,136254.296959,0.0,0.0,0.0,6506.79,299.29,41337.72,11.639927
2019-10-31,19,525472.074524,359953.110855,165518.963669,0.0,0.0,0.0,5555.559,221.801,42493.89,12.365827
2019-10-31,20,526140.568855,359949.820855,166190.748,0.0,0.0,0.0,5956.060798,438.039202,42936.55,12.253909
2019-10-31,21,483961.095341,344903.882934,139057.212407,0.0,0.0,0.0,6898.491542,495.898458,41903.61,11.549389
2019-10-31,22,431663.598689,312829.34072,118834.257969,0.0,0.0,0.0,7644.92,452.2,40410.07,10.68208
2019-10-31,23,407969.502727,291288.047337,116681.45539,0.0,0.0,0.0,7238.09,445.79,39509.57,10.32584
2019-11-01,0,415784.445299,295490.377336,120294.067963,0.0,0.0,0.0,6792.14,450.74,39456.81,10.537711
2019-11-01,1,418781.166185,295487.087336,123294.078849,0.0,0.0,0.0,6692.96,465.42,39707.76,10.546582
2019-11-01,2,442584.660136,317034.960719,125549.699418,0.0,0.0,0.0,6759.232,302.378,40283.32,10.986797
2019-11-01,3,500271.611805,365201.663728,135069.948077,0.0,0.0,0.0,6503.82,441.89,41504.85,12.053329
2019-11-01,4,646302.172305,514206.451863,132095.720442,0.0,0.0,0.0,6380.05,429.48,44174.35,14.630712
2019-11-01,5,706841.31231,532536.062055,174305.250255,0.0,0.0,0.0,6452.28,424.3,48138.33,14.683545
2019-11-01,6,732607.019059,532532.772055,200074.247004,0.0,0.0,0.0,6500.86,417.37,49743.23,14.727773
2019-11-01,7,681381.958445,480896.763931,200485.194514,0.0,0.0,0.0,6443.56,410.62,48701.23,13.991063
2019-11-01,8,648521.339512,480896.763931,167624.575581,0.0,0.0,0.0,6498.3,402.87,46652.96,13.900969
2019-11-01,9,568572.032462,427874.771083,140697.261379,0.0,0.0,0.0,7945.77,406.85,44445.99,12.792426
2019-11-01,10,479510.617569,353531.403361,125979.214207,0.0,0.0,0.0,9619.09,236.04,42314.42,11.332085
2019-11-01,11,411701.596604,305600.174654,106101.42195,0.0,0.0,0.0,10629.503724,847.226276,40349.46,10.203398
2019-11-01,12,371130.709401,279174.791527,91955.917874,0.0,0.0,0.0,11424.57507,1917.83493,39005.87,9.51474
2019-11-01,13,289946.250399,203912.369087,86033.881312,0.0,0.0,0.0,11762.965855,2631.074145,37845.18,7.661379
2019-11-01,14,278014.842014,203672.138494,74342.70352,0.0,0.0,0.0,12034.808983,2297.821017,36830.74,7.548446
2019-11-01,15,250627.283389,155488.475486,95138.807903,0.0,0.0,0.0,10218.648,3021.112,36548.68,6.857355
2019-11-01,16,272190.011274,174032.756846,98157.254428,0.0,0.0,0.0,9680.596,1981.364,36595.56,7.437788
2019-11-01,17,380419.724605,283422.710811,96997.013794,0.0,0.0,0.0,7543.161768,50.498232,37325.71,10.191895
2019-11-01,18,441047.957608,314556.707602,126491.250006,0.0,0.0,0.0,5017.82,32.24,38703.92,11.395434
2019-11-01,19,459305.424298,314550.127602,144755.296696,0.0,0.0,0.0,3531.7,327.72,38791.64,11.84032
2019-11-01,20,456010.535342,314550.127602,141460.40774,0.0,0.0,0.0,3455.83,469.8,38275.97,11.913755
2019-11-01,21,433836.35441,305360.900353,128475.454058,0.0,0.0,0.0,3854.034419,771.125581,37256.97,11.644435
2019-11-01,22,380860.334961,278281.223377,102579.111584,0.0,0.0,0.0,5518.468892,1343.811108,36014.96,10.575059
2019-11-01,23,367984.695809,281187.4364,86797.259409,0.0,0.0,0.0,6966.090778,1359.759222,35116.1,10.479088
2019-11-02,0,320783.624406,227376.025292,93407.599114,0.0,0.0,0.0,7441.613531,2401.466469,34647.16,9.258584
2019-11-02,1,291770.48553,211516.366909,80254.118621,0.0,0.0,0.0,8870.143095,1524.036905,34579.68,8.437628
2019-11-02,2,277350.373426,194012.50311,83337.870316,0.0,0.0,0.0,9162.894533,1222.055467,34730.67,7.985748
2019-11-02,3,280632.324758,194360.21311,86272.111648,0.0,0.0,0.0,9550.584617,847.855383,35335.11,7.942025
2019-11-02,4,308104.325556,220466.062361,87638.263196,0.0,0.0,0.0,9810.470006,519.499994,36469.99,8.44816
2019-11-02,5,373992.22585,273398.992344,100593.233506,0.0,0.0,0.0,9059.598,789.522,38332.98,9.756409
2019-11-02,6,439234.014882,313387.407062,125846.60782,0.0,0.0,0.0,8213.525,308.735,40205.05,10.924847
2019-11-02,7,467424.359932,313377.537062,154046.82287,0.0,0.0,0.0,6844.198,300.322,41153.18,11.358159
2019-11-02,8,466545.124375,313377.537062,153167.587313,0.0,0.0,0.0,6232.521,125.749,40597.11,11.492077
2019-11-02,9,436803.544395,313377.537062,123426.007333,0.0,0.0,0.0,6797.59,110.46,39342.94,11.102463
2019-11-02,10,386618.586094,288197.688362,98420.897733,0.0,0.0,0.0,7988.01,38.53,37924.11,10.194533
2019-11-02,11,328636.140083,236726.708053,91909.43203,0.0,0.0,0.0,7946.4,39.48,36490.18,9.006153
2019-11-02,12,303353.68726,223398.289302,79955.397957,0.0,0.0,0.0,8788.793851,97.716149,35473.86,8.551471
2019-11-02,13,280684.065941,210285.719214,70398.346727,0.0,0.0,0.0,9443.684383,440.445617,34663.86,8.097311
2019-11-02,14,239871.87694,158008.004467,81863.872474,0.0,0.0,0.0,8997.44724,557.82276,34303.08,6.992721
2019-11-02,15,240555.087406,158653.00109,81902.086316,0.0,0.0,0.0,8657.674841,292.605159,34231.01,7.027403
2019-11-02,16,289147.26517,211815.912449,77331.352721,0.0,0.0,0.0,8150.33,0.0,34323.95,8.424067
2019-11-02,17,325326.73075,242992.722664,82334.008086,0.0,0.0,0.0,6342.01,0.0,34849.62,9.335159
2019-11-02,18,356435.053195,250257.809772,106177.243423,0.0,0.0,0.0,4927.083,42.687,36196.73,9.847162
2019-11-02,19,366817.309727,250254.519772,116562.789954,0.0,0.0,0.0,4386.368,45.302,36143.88,10.148808
2019-11-02,20,356476.21797,250254.519772,106221.698197,0.0,0.0,0.0,4607.276495,311.473505,35832.43,9.948424
2019-11-02,21,340390.779971,250254.519772,90136.260198,0.0,0.0,0.0,5381.2,292.89,35096.84,9.698616
2019-11-02,22,297134.109994,215475.387664,81658.722331,0.0,0.0,0.0,6260.08,368.8,34173.53,8.694861
2019-11-02,23,290045.943866,210485.759313,79560.184553,0.0,0.0,0.0,6183.13,372.89,33589.37,8.635052
2019-11-03,0,289380.98378,210485.759313,78895.224467,0.0,0.0,0.0,5995.39,375.84,33325.02,8.683595
2019-11-03,1,285731.204246,203624.886864,82106.317382,0.0,0.0,0.0,5776.37,382.97,33309.93,8.577959
2019-11-03,2,291360.057586,203621.596864,87738.460722,0.0,0.0,0.0,5360.36,344.47,33513.36,8.693848
2019-11-03,3,309011.743783,220064.538781,88947.205002,0.0,0.0,0.0,5038.777,315.083,33868.27,9.123931
2019-11-03,4,330469.75167,231918.329581,98551.42209,0.0,0.0,0.0,4735.44,323.58,34609.86,9.548428
2019-11-03,5,420290.945899,325278.687788,95012.258111,0.0,0.0,0.0,5045.57,339.24,35794.5,11.741774
2019-11-03,6,400780.261242,283822.89697,116957.364272,0.0,0.0,0.0,5433.1,357.68,37248.94,10.759508
2019-11-03,7,412217.087432,283819.60697,128397.480462,0.0,0.0,0.0,5795.46,378.85,38494.87,10.708364
2019-11-03,8,411404.175434,283819.60697,127584.568464,0.0,0.0,0.0,6351.8,425.03,38716.6,10.626041
2019-11-03,9,388495.89904,278478.97862,110016.92042,0.0,0.0,0.0,7928.540899,609.289101,37907.87,10.248423
2019-11-03,10,344006.879267,248403.947403,95602.931864,0.0,0.0,0.0,9429.78077,604.61923,36713.1,9.37014
2019-11-03,11,300182.673765,216516.394201,83666.279564,0.0,0.0,0.0,10142.91658,2241.39342,35737.25,8.399714
2019-11-03,12,220453.270407,141498.806186,78954.464221,0.0,0.0,0.0,10889.473545,2779.476455,35071.13,6.28589
2019-11-03,13,197339.601245,130183.084586,67156.516658,0.0,0.0,0.0,12394.870074,2136.019926,34730.37,5.682047
2019-11-03,14,189693.221062,120422.059586,69271.161476,0.0,0.0,0.0,12313.962042,2578.377958,34579.84,5.485659
2019-11-03,15,191839.174661,120422.059586,71417.115074,0.0,0.0,0.0,12229.619,2215.121,34644.29,5.537397
2019-11-03,16,209382.504097,141511.966186,67870.537911,0.0,0.0,0.0,11890.564452,1673.455548,34934.08,5.993646
2019-11-03,17,250951.399436,172580.622669,78370.776766,0.0,0.0,0.0,10309.945233,2071.884767,36144.43,6.943017
2019-11-03,18,344947.264805,256548.696329,88398.568476,0.0,0.0,0.0,9061.718994,1043.191006,37844.89,9.114765
2019-11-03,19,373341.410202,246875.87233,126465.537872,0.0,0.0,0.0,6396.074267,231.695733,37775.35,9.883202
2019-11-03,20,338527.570948,228536.392138,109991.17881,0.0,0.0,0.0,7479.048478,685.891522,37067.71,9.132681
2019-11-03,21,293593.511501,207107.11187,86486.39963,0.0,0.0,0.0,9175.83,1383.04,35831.75,8.193669
2019-11-03,22,216892.977198,145828.811487,71064.165711,0.0,0.0,0.0,10538.055114,1206.964886,33893.12,6.399322
2019-11-03,23,184829.663827,126065.333505,58764.330322,0.0,0.0,0.0,10960.223353,614.006647,32077.43,5.761985
2019-11-04,0,169676.254425,117634.029915,52042.224511,0.0,0.0,0.0,10711.44,435.87,30800.99,5.508792
2019-11-04,1,155499.885481,100997.611616,54502.273865,0.0,0.0,0.0,10156.54,416.88,30269.69,5.137148
2019-11-04,2,164042.273984,107165.25839,56877.015593,0.0,0.0,0.0,9122.24,402.41,30066.16,5.456043
2019-11-04,3,186633.099818,125455.845388,61177.254431,0.0,0.0,0.0,7827.82,391.0,30365.89,6.146143
2019-11-04,4,215939.92909,144711.677978,71228.251112,0.0,0.0,0.0,6694.83,380.71,31339.03,6.890447
2019-11-04,5,323967.425605,240659.06271,83308.362895,0.0,0.0,0.0,6256.54,349.41,33804.69,9.583505
2019-11-04,6,378402.2479,269188.093862,109214.154038,0.0,0.0,0.0,5823.39,329.1,37211.11,10.169066
2019-11-04,7,390758.977402,269178.223862,121580.75354,0.0,0.0,0.0,5346.43,317.18,37959.88,10.293999
2019-11-04,8,392291.836463,269178.223862,123113.612601,0.0,0.0,0.0,4851.039224,145.100776,37670.39,10.413798
2019-11-04,9,383079.366665,269178.223862,113901.142803,0.0,0.0,0.0,5719.69,146.07,37674.81,10.16805
2019-11-04,10,361129.118525,255448.398728,105680.719797,0.0,0.0,0.0,7260.44,69.55,37906.84,9.526753
2019-11-04,11,337530.700532,237108.918536,100421.781996,0.0,0.0,0.0,8258.18,100.26,38158.59,8.845471
2019-11-04,12,326618.900714,232909.878537,93709.022177,0.0,0.0,0.0,9847.284048,138.505952,38565.14,8.469278
2019-11-04,13,310648.997435,218920.209238,91728.788198,0.0,0.0,0.0,11370.047595,684.332405,39155.12,7.933803
2019-11-04,14,322724.67069,228115.457587,94609.213103,0.0,0.0,0.0,11006.755558,785.614442,39538.68,8.162252
2019-11-04,15,330132.907385,234830.169779,95302.737606,0.0,0.0,0.0,10619.262721,720.787279,39796.13,8.295603
2019-11-04,16,365833.277464,271929.436791,93903.840673,0.0,0.0,0.0,10252.178229,207.731771,40030.28,9.138914
2019-11-04,17,442923.871259,335990.905497,106932.965762,0.0,0.0,0.0,8277.07,0.0,40451.61,10.949474
2019-11-04,18,465954.011174,322307.932376,143646.078798,0.0,0.0,0.0,6030.28,71.03,41447.89,11.241924
2019-11-04,19,477923.93218,322304.642376,155619.289804,0.0,0.0,0.0,4821.23,187.98,40787.18,11.717504
2019-11-04,20,453512.912626,322304.642376,131208.27025,0.0,0.0,0.0,5500.169056,417.820944,39764.22,11.40505
2019-11-04,21,389736.139456,288360.763754,101375.375702,0.0,0.0,0.0,7232.420006,519.499994,37952.39,10.26908
2019-11-04,22,318660.40624,246940.41748,71719.988761,0.0,0.0,0.0,9177.832406,1285.507594,35466.02,8.98495
2019-11-04,23,207111.891318,135290.596348,71821.294971,0.0,0.0,0.0,8437.838598,871.091402,33026.86,6.271014
2019-11-05,0,196618.471884,135644.886347,60973.585536,0.0,0.0,0.0,7814.420006,519.499994,31195.93,6.302696
2019-11-05,1,184171.257369,119988.641388,64182.615982,0.0,0.0,0.0,7149.410006,519.499994,30238.7,6.090581
2019-11-05,2,195064.315255,128327.431788,66736.883466,0.0,0.0,0.0,5800.59,479.0,29743.67,6.558179
2019-11-05,3,216073.52414,146666.91198,69406.61216,0.0,0.0,0.0,4955.71,437.28,29705.14,7.273944
2019-11-05,4,231776.953689,156326.575979,75450.37771,0.0,0.0,0.0,4549.69,398.62,30302.1,7.648874
2019-11-05,5,292794.935788,209769.064755,83025.871033,0.0,0.0,0.0,4141.71,435.59,32289.83,9.067714
2019-11-05,6,374290.760145,261388.112879,112902.647266,0.0,0.0,0.0,4039.75,478.18,35570.11,10.52262
2019-11-05,7,393663.222594,277847.389662,115815.832932,0.0,0.0,0.0,4093.180006,519.499994,36696.56,10.727524
2019-11-05,8,409692.480856,289698.400461,119994.080395,0.0,0.0,0.0,4015.110006,519.499994,37458.3,10.937295
2019-11-05,9,405632.648953,289695.110461,115937.538492,0.0,0.0,0.0,5176.700006,519.499994,38575.89,10.515186
2019-11-05,10,386808.634124,271355.630269,115453.003855,0.0,0.0,0.0,6776.98,294.06,39633.26,9.759698
2019-11-05,11,386394.385858,271355.630269,115038.755588,0.0,0.0,0.0,7819.32,481.18,40481.93,9.544861
2019-11-05,12,380626.523913,271004.63027,109621.893643,0.0,0.0,0.0,9205.548839,537.461161,40976.11,9.288986
2019-11-05,13,367018.134101,258203.53367,108814.600431,0.0,0.0,0.0,10324.25532,478.10468,41656.02,8.810687
2019-11-05,14,369453.453774,258203.53367,111249.920103,0.0,0.0,0.0,10599.73125,840.88875,42111.44,8.773232
2019-11-05,15,367246.208871,258203.53367,109042.675201,0.0,0.0,0.0,10839.648162,732.391838,42176.26,8.707415
2019-11-05,16,385695.550496,280901.522293,104794.028204,0.0,0.0,0.0,10595.65,452.07,42140.48,9.152614
2019-11-05,17,494528.47831,386048.698733,108479.779577,0.0,0.0,0.0,8373.54,458.14,42357.19,11.675196
2019-11-05,18,495304.180897,352742.300801,142561.880096,0.0,0.0,0.0,6208.91,277.97,43062.32,11.502032
2019-11-05,19,512242.922401,352739.010801,159503.9116,0.0,0.0,0.0,4512.16,16.84,42356.6,12.09358
2019-11-05,20,496711.498055,352739.010801,143972.487253,0.0,0.0,0.0,4504.62,119.29,41163.74,12.066724
2019-11-05,21,452782.256488,331801.939625,120980.316863,0.0,0.0,0.0,4942.62,101.18,39252.87,11.53501
2019-11-05,22,382066.48227,283409.550811,98656.931459,0.0,0.0,0.0,5654.69,102.93,36656.94,10.42276
2019-11-05,23,279940.4877,187348.944747,92591.542954,0.0,0.0,0.0,5247.44,95.9,34096.76,8.210179
2019-11-06,0,240158.720885,155451.093855,84707.62703,0.0,0.0,0.0,5121.09,92.14,32303.44,7.434463
2019-11-06,1,228105.770471,155451.093855,72654.676616,0.0,0.0,0.0,5365.35,91.52,31205.61,7.309768
2019-11-06,2,219433.865158,143189.798396,76244.066762,0.0,0.0,0.0,4889.65,67.05,30672.2,7.154161
2019-11-06,3,217647.367145,143189.798396,74457.568749,0.0,0.0,0.0,4839.89,50.41,30462.0,7.144881
2019-11-06,4,226185.421217,150464.755505,75720.665712,0.0,0.0,0.0,5032.86,40.25,31050.04,7.284545
2019-11-06,5,282583.976782,199219.185546,83364.791236,0.0,0.0,0.0,4891.12,52.11,32968.51,8.57133
2019-11-06,6,360602.854574,250841.52367,109761.330904,0.0,0.0,0.0,4952.49,66.66,35984.38,10.021094
2019-11-06,7,376037.704096,263643.130269,112394.573827,0.0,0.0,0.0,5065.4,85.21,37089.06,10.138777
2019-11-06,8,379638.138985,263639.840269,115998.298715,0.0,0.0,0.0,5304.07,44.86,37785.33,10.047236
2019-11-06,9,381394.592073,263639.840269,117754.751804,0.0,0.0,0.0,6406.97,25.21,38929.32,9.797104
2019-11-06,10,381311.693159,263639.840269,117671.85289,0.0,0.0,0.0,7992.07,51.27,40110.43,9.506547
2019-11-06,11,373369.925807,262998.133646,110371.792161,0.0,0.0,0.0,9943.134293,534.765707,41107.62,9.082742
2019-11-06,12,348751.859369,246558.481729,102193.37764,0.0,0.0,0.0,12952.604493,808.515507,41908.09,8.321827
2019-11-06,13,336462.951414,233406.38513,103056.566284,0.0,0.0,0.0,13893.287927,2197.552073,42760.04,7.86863
2019-11-06,14,339284.494289,233406.38513,105878.109159,0.0,0.0,0.0,13911.791,2414.109,43034.81,7.883955
2019-11-06,15,338852.397701,234051.381753,104801.015947,0.0,0.0,0.0,13828.358344,2108.531656,42981.92,7.883603
2019-11-06,16,344011.256627,241813.391753,102197.864874,0.0,0.0,0.0,13681.770304,1309.669696,42679.9,8.060264
2019-11-06,17,375801.670626,271054.140269,104747.530357,0.0,0.0,0.0,12047.795251,429.104749,42774.97,8.785551
2019-11-06,18,450846.611869,333592.933661,117253.678208,0.0,0.0,0.0,9807.13,107.09,43367.7,10.395908
2019-11-06,19,463567.739081,333586.353661,129981.38542,0.0,0.0,0.0,7165.5,90.72,42134.93,11.001982
2019-11-06,20,426518.150467,315246.873469,111271.276998,0.0,0.0,0.0,8161.59,47.84,40905.54,10.426904
2019-11-06,21,351852.424902,258246.46367,93605.961232,0.0,0.0,0.0,9642.482683,144.377317,39027.78,9.015435
2019-11-06,22,291744.916215,218387.227862,73357.688353,0.0,0.0,0.0,10614.43,0.0,36450.77,8.003807
2019-11-06,23,208395.102705,141498.806186,66896.296519,0.0,0.0,0.0,10558.5,0.0,33869.84,6.152822
2019-11-07,0,180696.003505,128759.376889,51936.626616,0.0,0.0,0.0,10824.73,36.76,31982.72,5.649801
2019-11-07,1,156607.864482,106376.030889,50231.833594,0.0,0.0,0.0,10720.06,77.41,30883.89,5.070859
2019-11-07,2,173933.041834,117755.576287,56177.465547,0.0,0.0,0.0,8372.2,101.74,30373.98,5.726383
2019-11-07,3,189776.315166,122531.623786,67244.69138,0.0,0.0,0.0,6689.41,193.02,30217.25,6.280397
2019-11-07,4,213183.480349,142983.304138,70200.176211,0.0,0.0,0.0,6325.32,386.29,30814.96,6.918181
2019-11-07,5,264756.48809,183757.696572,80998.791518,0.0,0.0,0.0,5736.407,1125.073,32871.47,8.054294
2019-11-07,6,380434.143183,277108.184779,103325.958404,0.0,0.0,0.0,5859.714,1858.876,36175.54,10.516336
2019-11-07,7,379243.339369,277101.604779,102141.73459,0.0,0.0,0.0,7053.761902,2069.388098,37454.28,10.125501
2019-11-07,8,367288.940169,253205.131978,114083.80819,0.0,0.0,0.0,7737.121401,2148.768599,38127.1,9.633278
2019-11-07,9,374887.512293,258768.704587,116118.807706,0.0,0.0,0.0,8792.398095,2300.141905,39203.21,9.562674
2019-11-07,10,379060.398206,258762.124587,120298.273619,0.0,0.0,0.0,9472.02,0.0,40296.86,9.406698
2019-11-07,11,375206.385744,258762.124587,116444.261157,0.0,0.0,0.0,10517.200961,2285.099039,41029.83,9.144722
2019-11-07,12,372516.622911,258762.124587,113754.498324,0.0,0.0,0.0,10988.167404,2421.712596,41265.64,9.027283
2019-11-07,13,365483.311048,251490.457479,113992.85357,0.0,0.0,0.0,11697.68205,1241.36795,41517.52,8.80311
2019-11-07,14,367141.891801,251490.457479,115651.434323,0.0,0.0,0.0,11681.667575,1801.062425,41587.55,8.828168
2019-11-07,15,367432.828328,251139.457479,116293.370849,0.0,0.0,0.0,11801.204088,1743.675912,41553.21,8.842466
2019-11-07,16,381709.789578,264856.959643,116852.829936,0.0,0.0,0.0,12300.232262,1336.037738,42006.79,9.086859
2019-11-07,17,440468.387601,318432.796761,122035.590839,0.0,0.0,0.0,11448.452234,1931.247766,43238.1,10.187043
2019-11-07,18,447002.69372,318419.636761,128583.056959,0.0,0.0,0.0,11366.115882,1693.464118,44026.3,10.153083
2019-11-07,19,406460.711007,274220.323561,132240.387445,0.0,0.0,0.0,11235.03,1403.87,43428.3,9.359351
2019-11-07,20,390252.744419,274220.323561,116032.420857,0.0,0.0,0.0,12824.088077,1296.361923,42608.34,9.159069
2019-11-07,21,342695.098481,241103.971928,101591.126553,0.0,0.0,0.0,14313.316184,1550.623816,41068.22,8.344533
2019-11-07,22,292847.653058,209803.005304,83044.647754,0.0,0.0,0.0,15569.807726,1193.122274,38762.52,7.554918
2019-11-07,23,261838.269817,190870.711684,70967.558134,0.0,0.0,0.0,15159.879949,908.070051,36702.25,7.13412
2019-11-08,0,248118.944602,181282.638407,66836.306195,0.0,0.0,0.0,14419.150417,524.909583,35354.36,7.018058
2019-11-08,1,245673.328691,181279.348407,64393.980284,0.0,0.0,0.0,13150.720006,519.499994,34556.61,7.109301
2019-11-08,2,257334.757334,189051.659704,68283.09763,0.0,0.0,0.0,11997.640006,519.499994,34257.29,7.511825
2019-11-08,3,271761.324052,198812.684704,72948.639347,0.0,0.0,0.0,10836.479344,460.850656,34378.19,7.90505
2019-11-08,4,304794.696739,224268.846497,80525.850242,0.0,0.0,0.0,10144.438,177.052,35272.98,8.641025
2019-11-08,5,393343.958233,300128.301146,93215.657087,0.0,0.0,0.0,9810.344,80.236,37751.04,10.41942
2019-11-08,6,463580.351011,333365.772194,130214.578817,0.0,0.0,0.0,9187.434887,300.965113,41462.93,11.180598
2019-11-08,7,484184.104961,333355.902194,150828.202766,0.0,0.0,0.0,8530.362648,379.657352,42720.11,11.333868
2019-11-08,8,514552.848089,355494.236226,159058.611863,0.0,0.0,0.0,7684.691,223.669,42964.11,11.976341
2019-11-08,9,518289.118991,355484.366226,162804.752765,0.0,0.0,0.0,7146.27,91.23,43183.15,12.002115
2019-11-08,10,513901.454655,368288.752825,145612.70183,0.0,0.0,0.0,7160.72,35.83,42794.36,12.008626
2019-11-08,11,507675.079642,368285.462825,139389.616816,0.0,0.0,0.0,6391.67,22.58,42014.41,12.083356
2019-11-08,12,457995.243123,324086.149625,133909.093497,0.0,0.0,0.0,6397.36,0.0,41081.66,11.148411
2019-11-08,13,432488.11169,308627.950651,123860.161039,0.0,0.0,0.0,7210.52,0.0,40577.08,10.658434
2019-11-08,14,473550.379359,360266.738775,113283.640584,0.0,0.0,0.0,7085.13,0.0,39912.49,11.864717
2019-11-08,15,399796.302716,285246.37076,114549.931956,0.0,0.0,0.0,6652.8,0.0,39501.9,10.120939
2019-11-08,16,412246.196123,300711.149734,111535.046389,0.0,0.0,0.0,6838.36,0.0,39773.09,10.364953
2019-11-08,17,501550.542078,373402.296055,128148.246023,0.0,0.0,0.0,5380.36,0.0,41083.75,12.208003
2019-11-08,18,536677.515701,373392.426055,163285.089646,0.0,0.0,0.0,3930.04,0.0,42148.99,12.732868
2019-11-08,19,560561.17835,384814.521304,175746.657046,0.0,0.0,0.0,3259.27,20.58,41696.07,13.443981
2019-11-08,20,551099.281548,384811.231304,166288.050244,0.0,0.0,0.0,3359.476793,107.573207,41248.61,13.360433
2019-11-08,21,518799.616759,361785.666056,157013.950703,0.0,0.0,0.0,3818.04,56.91,40443.32,12.82782
2019-11-08,22,488056.386037,348984.569456,139071.81658,0.0,0.0,0.0,4104.939081,182.930919,39143.63,12.468348
2019-11-08,23,424876.363144,297513.589148,127362.773996,0.0,0.0,0.0,4174.519489,231.060511,37604.41,11.298578
2019-11-09,0,406313.028746,296048.349473,110264.679273,0.0,0.0,0.0,4227.001077,266.908923,36461.47,11.143627
2019-11-09,1,367217.710572,259057.006912,108160.70366,0.0,0.0,0.0,4526.428476,338.651524,35738.46,10.275141
2019-11-09,2,357973.671756,249520.984888,108452.686867,0.0,0.0,0.0,4570.04,242.82,35479.68,10.089541
2019-11-09,3,365633.156588,256242.27708,109390.879508,0.0,0.0,0.0,4341.527,319.483,35600.77,10.270372
2019-11-09,4,378729.52975,264982.473863,113747.055887,0.0,0.0,0.0,4385.062198,341.207802,36227.86,10.454096
2019-11-09,5,410441.991034,287322.882486,123119.108549,0.0,0.0,0.0,4370.058878,342.031122,37346.69,10.99005
2019-11-09,6,461952.265594,331518.905686,130433.359908,0.0,0.0,0.0,4587.372416,262.857584,38951.98,11.859532
2019-11-09,7,480497.45094,331515.615686,148981.835254,0.0,0.0,0.0,4645.506326,313.463674,40134.4,11.97221
2019-11-09,8,486785.802751,335717.945685,151067.857066,0.0,0.0,0.0,4422.757421,429.042579,40238.74,12.097441
2019-11-09,9,455517.080238,335714.655685,119802.424554,0.0,0.0,0.0,5322.6,410.54,39382.88,11.566373
2019-11-09,10,384727.965635,277569.153092,107158.812542,0.0,0.0,0.0,6653.31,280.57,38182.78,10.075955
2019-11-09,11,346842.712254,247960.367361,98882.344893,0.0,0.0,0.0,7330.228263,728.071737,36859.53,9.409852
2019-11-09,12,318702.537023,231520.715444,87181.821579,0.0,0.0,0.0,8146.877308,1217.352692,35802.67,8.901642
2019-11-09,13,260522.548379,161545.227128,98977.321251,0.0,0.0,0.0,7951.241024,1804.538976,35091.41,7.424112
2019-11-09,14,262396.130089,174898.36897,87497.761119,0.0,0.0,0.0,8365.009984,1326.790016,34666.32,7.569195
2019-11-09,15,254372.5864,167826.076779,86546.509621,0.0,0.0,0.0,7990.981995,965.498005,34515.37,7.369835
2019-11-09,16,275993.300041,186815.244429,89178.055612,0.0,0.0,0.0,7066.407036,459.712964,34641.62,7.967101
2019-11-09,17,319444.961773,221261.985555,98182.976218,0.0,0.0,0.0,5682.66,489.53,35465.01,9.007328
2019-11-09,18,386803.200805,269779.688563,117023.512242,0.0,0.0,0.0,4383.49,427.62,36592.14,10.570664
2019-11-09,19,385301.22209,269773.618563,115527.603527,0.0,0.0,0.0,3518.93,419.66,36364.97,10.595395
2019-11-09,20,366472.713877,257919.827764,108552.886113,0.0,0.0,0.0,4138.83,423.55,35969.76,10.188356
2019-11-09,21,346498.934552,245118.731164,101380.203388,0.0,0.0,0.0,4949.32,427.94,35343.66,9.803708
2019-11-09,22,309102.6523,220061.248781,89041.403519,0.0,0.0,0.0,5571.49,432.2,34266.17,9.020636
2019-11-09,23,305644.982542,230536.399405,75108.583137,0.0,0.0,0.0,5484.34,409.12,33009.73,9.259239
2019-11-10,0,287368.649091,214090.167488,73278.481603,0.0,0.0,0.0,5300.91,386.96,32018.85,8.974983
2019-11-10,1,262145.469742,183766.311905,78379.157837,0.0,0.0,0.0,5135.95,366.17,31465.56,8.331187
2019-11-10,2,261951.241542,183766.311905,78184.929636,0.0,0.0,0.0,4863.93,351.69,31171.37,8.403584
2019-11-10,3,263002.035284,183766.311905,79235.723378,0.0,0.0,0.0,4692.82,342.32,31119.31,8.45141
2019-11-10,4,279701.994309,200209.253822,79492.740486,0.0,0.0,0.0,4528.82,300.15,31523.4,8.872837
2019-11-10,5,296370.42468,209868.917821,86501.506859,0.0,0.0,0.0,4280.34,319.42,32307.47,9.173433
2019-11-10,6,334978.607777,240065.478813,94913.128965,0.0,0.0,0.0,3999.46,301.24,33512.07,9.99576
2019-11-10,7,347859.199167,240058.898813,107800.300354,0.0,0.0,0.0,3641.14,284.09,34492.85,10.084965
2019-11-10,8,343206.919892,240058.898813,103148.021079,0.0,0.0,0.0,4676.35,360.73,35129.36,9.769803
2019-11-10,9,324041.610806,240058.898813,83982.711993,0.0,0.0,0.0,7107.32,454.86,35080.8,9.237007
2019-11-10,10,278372.766302,200892.107786,77480.658516,0.0,0.0,0.0,9590.67,315.68,34853.22,7.987003
2019-11-10,11,252314.475492,182552.627594,69761.847898,0.0,0.0,0.0,10444.060231,1283.479769,34731.58,7.264699
2019-11-10,12,209453.274275,130183.084586,79270.189689,0.0,0.0,0.0,11110.016261,2065.733739,34883.36,6.004389
2019-11-10,13,200439.847241,130183.084586,70256.762654,0.0,0.0,0.0,12429.838163,1340.421837,35108.13,5.709215
2019-11-10,14,196621.118456,124850.397086,71770.721371,0.0,0.0,0.0,12633.634225,1888.175775,35311.85,5.568134
2019-11-10,15,196438.32676,124850.397086,71587.929674,0.0,0.0,0.0,12682.855484,1757.684516,35415.66,5.546652
2019-11-10,16,216098.85485,146721.248795,69377.606055,0.0,0.0,0.0,12330.95226,1221.64774,35624.09,6.066088
2019-11-10,17,252970.079804,169043.128495,83926.951308,0.0,0.0,0.0,10767.375,1697.195,36861.65,6.86269
2019-11-10,18,311235.648977,212562.457387,98673.19159,0.0,0.0,0.0,9473.818,460.502,38231.78,8.140757
2019-11-10,19,322564.139778,212552.587387,110011.552391,0.0,0.0,0.0,6747.32,453.7,37921.23,8.506162
2019-11-10,20,294783.482353,212552.587387,82230.894965,0.0,0.0,0.0,8950.220006,519.499994,37114.51,7.94254
2019-11-10,21,233945.150628,161529.278588,72415.87204,0.0,0.0,0.0,11909.450006,519.499994,35992.56,6.49982
2019-11-10,22,174859.495109,118329.293787,56530.201322,0.0,0.0,0.0,13777.242566,728.587434,34201.57,5.112616
2019-11-10,23,141063.822547,92366.06849,48697.754057,0.0,0.0,0.0,13733.680006,519.499994,32180.18,4.383562
2019-11-11,0,127454.898547,84496.179877,42958.71867,0.0,0.0,0.0,13179.913771,597.226229,30614.97,4.163156
2019-11-11,1,116375.245344,77699.902532,38675.342811,0.0,0.0,0.0,12967.87,483.31,29715.38,3.91633
2019-11-11,2,113544.658688,76336.728633,37207.930055,0.0,0.0,0.0,12945.29,373.16,29298.35,3.875463
2019-11-11,3,114818.883844,75985.728634,38833.155211,0.0,0.0,0.0,12876.5,294.9,29254.39,3.924843
2019-11-11,4,134699.405735,93836.78137,40862.624365,0.0,0.0,0.0,12413.73,240.44,29920.5,4.50191
2019-11-11,5,199796.861062,144013.286748,55783.574314,0.0,0.0,0.0,10177.52,37.24,31826.52,6.277685
2019-11-11,6,316758.851334,234607.21698,82151.634354,0.0,0.0,0.0,7882.6,29.57,34890.39,9.078685
2019-11-11,7,355430.769801,253726.604888,101704.164913,0.0,0.0,0.0,6075.31,200.95,36406.28,9.762897
2019-11-11,8,362078.014982,253720.024888,108357.990094,0.0,0.0,0.0,6068.893492,1145.966508,37251.2,9.719902
2019-11-11,9,397998.205437,301893.307896,96104.89754,0.0,0.0,0.0,8356.535264,1431.954736,38380.36,10.36984
2019-11-11,10,434171.381357,325073.87687,109097.504487,0.0,0.0,0.0,7518.74,52.95,39516.11,10.987199
2019-11-11,11,421727.229309,306725.036679,115002.19263,0.0,0.0,0.0,7725.44,52.95,40497.43,10.413679
2019-11-11,12,570029.424905,457328.970366,112700.454539,0.0,0.0,0.0,7968.47,0.0,41489.75,13.739042
2019-11-11,13,575562.891899,457322.900366,118239.991533,0.0,0.0,0.0,7796.34,0.0,42399.61,13.574721
2019-11-11,14,636279.892283,514329.890166,121950.002118,0.0,0.0,0.0,7354.03,0.0,43096.68,14.764012
2019-11-11,15,669761.271733,532666.080357,137095.191376,0.0,0.0,0.0,6607.25,0.0,43953.02,15.238117
2019-11-11,16,788816.427511,635709.290871,153107.136641,0.0,0.0,0.0,5774.81,0.0,45432.86,17.362245
2019-11-11,17,839326.251859,660266.914718,179059.33714,0.0,0.0,0.0,5416.31,0.0,47858.48,17.53767
2019-11-11,18,862077.235048,660260.334718,201816.90033,0.0,0.0,0.0,6134.882459,1720.477541,49606.51,17.378309
2019-11-11,19,864141.510863,660260.334718,203881.176145,0.0,0.0,0.0,6324.828,1754.322,49946.48,17.30135
2019-11-11,20,831716.009455,660260.334718,171455.674737,0.0,0.0,0.0,8546.535486,1915.414514,49826.62,16.692202
2019-11-11,21,725457.389811,574524.100723,150933.289088,0.0,0.0,0.0,12474.040685,1838.009315,48742.9,14.883345
2019-11-11,22,638506.556235,472282.575025,166223.98121,0.0,0.0,0.0,11350.129881,1640.340119,46882.23,13.619373
2019-11-11,23,626594.225787,472282.575025,154311.650762,0.0,0.0,0.0,10622.701851,1569.688149,45485.27,13.775761
2019-11-12,0,614467.194301,472282.575025,142184.619277,0.0,0.0,0.0,10843.983258,1479.416742,44669.87,13.755742
2019-11-12,1,602670.926813,457923.002756,144747.924057,0.0,0.0,0.0,10906.493022,1258.576978,44603.86,13.511632
2019-11-12,2,608672.098567,458205.039891,150467.058675,0.0,0.0,0.0,11179.379216,1178.540784,45019.77,13.520107
2019-11-12,3,647543.631003,491125.550274,156418.080729,0.0,0.0,0.0,10957.032213,1102.197787,45850.02,14.123083
2019-11-12,4,810172.782986,638663.039362,171509.743624,0.0,0.0,0.0,10083.815077,616.054923,47511.42,17.052169
2019-11-12,5,3013746.575116,2851232.409752,162514.165364,0.0,0.0,0.0,11439.485692,917.924308,50786.12,59.341934
2019-11-12,6,3097365.216401,2890002.616091,207362.60031,0.0,0.0,0.0,10827.47543,750.42457,55188.72,56.123157
2019-11-12,7,3118477.38079,2890641.032715,227836.348075,0.0,0.0,0.0,9741.98,824.26,56426.76,55.26593
2019-11-12,8,3117395.061964,2890637.742715,226757.319249,0.0,0.0,0.0,8898.68,235.15,55905.64,55.761727
2019-11-12,9,3098128.332923,2890637.742715,207490.590208,0.0,0.0,0.0,9030.51,252.18,55020.52,56.308598
2019-11-12,10,2937445.36905,2736213.64793,201231.72112,0.0,0.0,0.0,9838.04,204.82,53760.81,54.639158
2019-11-12,11,2905917.485899,2727021.640681,178895.845218,0.0,0.0,0.0,9283.69,101.8,52229.12,55.63788
2019-11-12,12,2816535.195656,2652004.052665,164531.142991,0.0,0.0,0.0,9987.77,50.02,50368.01,55.919128
2019-11-12,13,2731002.839513,2583936.121897,147066.717616,0.0,0.0,0.0,10959.399016,146.820984,48737.01,56.035502
2019-11-12,14,2678095.002933,2530200.786674,147894.216259,0.0,0.0,0.0,10833.730734,221.239266,47532.2,56.342753
2019-11-12,15,2744024.131456,2605221.664689,138802.466768,0.0,0.0,0.0,10446.858179,109.431821,47272.92,58.046428
2019-11-12,16,2722095.973969,2573626.930921,148469.043048,0.0,0.0,0.0,9549.59,0.0,48501.41,56.124059
2019-11-12,17,2835897.896423,2646357.837778,189540.058646,0.0,0.0,0.0,7728.65,24.38,51502.15,55.06368
2019-11-12,18,2917068.161349,2682725.467587,234342.693762,0.0,0.0,0.0,5952.45,61.74,53902.54,54.117453
2019-11-12,19,2943788.391247,2682718.887587,261069.50366,0.0,0.0,0.0,5029.577,94.753,54366.07,54.14753
2019-11-12,20,2944131.779832,2682718.887587,261412.892245,0.0,0.0,0.0,5040.61,137.13,54207.41,54.312349
2019-11-12,21,2916035.760754,2682718.887587,233316.873167,0.0,0.0,0.0,5427.34,180.74,52878.74,55.145712
2019-11-12,22,2850196.23822,2652383.362977,197812.875242,0.0,0.0,0.0,6089.15,265.61,50574.27,56.356646
2019-11-12,23,2761798.991475,2569869.17073,191929.820745,0.0,0.0,0.0,5932.56,282.46,48806.97,56.58616
2019-11-13,0,2747888.745192,2569869.17073,178019.574461,0.0,0.0,0.0,5943.91,301.38,47821.59,57.461259
2019-11-13,1,2743678.641397,2569869.17073,173809.470667,0.0,0.0,0.0,6153.16,320.11,47585.69,57.657641
2019-11-13,2,2745684.745884,2569869.17073,175815.575154,0.0,0.0,0.0,6251.21,321.18,47780.57,57.464462
2019-11-13,3,2752934.70153,2569869.17073,183065.5308,0.0,0.0,0.0,6296.71,321.15,48250.99,57.054471
2019-11-13,4,2810821.182635,2629121.001851,181700.180784,0.0,0.0,0.0,6587.24,322.65,49489.19,56.79667
2019-11-13,5,2865819.490919,2659452.439326,206367.051593,0.0,0.0,0.0,7163.23,393.43,52261.55,54.836098
2019-11-13,6,2968116.499693,2711084.64745,257031.852243,0.0,0.0,0.0,7851.86,472.79,55983.64,53.017569
2019-11-13,7,2950071.382051,2710863.969175,239207.412876,0.0,0.0,0.0,8427.094244,656.945756,56119.62,52.567558
2019-11-13,8,2892904.028305,2689993.238766,202910.789538,0.0,0.0,0.0,9148.093728,698.956272,54396.67,53.181638
2019-11-13,9,2849579.25524,2680753.719975,168825.535265,0.0,0.0,0.0,10409.429674,1007.980326,52555.9,54.219969
2019-11-13,10,2694734.186332,2504540.346103,190193.840228,0.0,0.0,0.0,10689.757811,2015.112189,50924.01,52.916771
2019-11-13,11,2657595.119681,2495004.32408,162590.795601,0.0,0.0,0.0,11675.521584,2113.518416,49448.72,53.744467
2019-11-13,12,2607674.731841,2461050.007693,146624.724148,0.0,0.0,0.0,11818.715266,2612.984734,48087.8,54.227366
2019-11-13,13,2559186.48057,2417071.882768,142114.597802,0.0,0.0,0.0,12262.521551,1847.058449,47134.76,54.295099
2019-11-13,14,2538814.713737,2403338.767634,135475.946103,0.0,0.0,0.0,12508.463684,2058.906316,46514.38,54.581287
2019-11-13,15,2542819.265832,2403693.057634,139126.208198,0.0,0.0,0.0,12189.035842,2051.964158,46695.25,54.45563
2019-11-13,16,2579298.479396,2434684.054791,144614.424605,0.0,0.0,0.0,12070.345,1954.655,47601.05,54.185748
2019-11-13,17,2716003.302177,2562717.565653,153285.736524,0.0,0.0,0.0,10595.288,1920.802,49639.68,54.71436
2019-11-13,18,2797028.613957,2625256.359045,171772.254912,0.0,0.0,0.0,9097.364522,1134.595478,50848.1,55.007534
2019-11-13,19,2765231.998099,2550232.19103,214999.807069,0.0,0.0,0.0,6279.614,255.286,50386.74,54.880153
2019-11-13,20,2759771.060651,2550232.19103,209538.869621,0.0,0.0,0.0,5573.13,298.37,49399.34,55.866557
2019-11-13,21,2734927.715006,2550232.19103,184695.523976,0.0,0.0,0.0,4955.62,210.77,47429.1,57.663496
2019-11-13,22,2707812.154651,2550232.19103,157579.963621,0.0,0.0,0.0,4155.3,154.61,44657.02,60.635756
2019-11-13,23,2689852.370474,2562576.107367,127276.263107,0.0,0.0,0.0,4047.82,88.31,42149.47,63.816992
2019-11-14,0,2596611.471069,2465351.51132,131259.959749,0.0,0.0,0.0,3892.04,47.48,40662.98,63.856891
2019-11-14,1,2556941.678536,2423315.860927,133625.817609,0.0,0.0,0.0,3871.18,25.86,39840.0,64.180263
2019-11-14,2,2556913.968631,2416044.193818,140869.774812,0.0,0.0,0.0,3535.72,0.0,39606.81,64.557433
2019-11-14,3,2570436.571876,2432062.63771,138373.934166,0.0,0.0,0.0,3542.34,46.6,39828.84,64.537068
2019-11-14,4,2614156.178843,2485797.972933,128358.205909,0.0,0.0,0.0,4506.2,304.97,40812.91,64.052188
2019-11-14,5,649458.36469,488073.553796,161384.810893,0.0,0.0,0.0,4647.701298,43.118702,43423.38,14.956421
2019-11-14,6,691656.812378,488066.973796,203589.838582,0.0,0.0,0.0,4968.02,0.0,47128.17,14.67608
2019-11-14,7,693827.926264,488066.973796,205760.952468,0.0,0.0,0.0,5450.97,260.79,47885.14,14.48942
2019-11-14,8,653480.743691,488066.973796,165413.769895,0.0,0.0,0.0,7049.34,410.89,47115.9,13.869644
2019-11-14,9,573267.704218,408902.258231,164365.445987,0.0,0.0,0.0,9580.241759,595.678241,46485.53,12.332175
2019-11-14,10,503564.03185,346344.24336,157219.788489,0.0,0.0,0.0,10976.59,484.56,45797.59,10.995426
2019-11-14,11,484894.561066,345423.789601,139470.771464,0.0,0.0,0.0,11430.109841,1786.930159,45071.93,10.758238
2019-11-14,12,435076.308823,301224.476401,133851.832422,0.0,0.0,0.0,11337.731313,2892.988687,44165.19,9.851114
2019-11-14,13,411169.338807,292407.732003,118761.606804,0.0,0.0,0.0,12937.486923,1953.873077,43598.35,9.430846
2019-11-14,14,381941.070385,263811.98011,118129.090276,0.0,0.0,0.0,12929.708,2505.592,42950.08,8.892674
2019-11-14,15,376768.030187,263808.69011,112959.340077,0.0,0.0,0.0,12910.654356,2142.595644,42565.29,8.851532
2019-11-14,16,390588.194521,281286.913562,109301.280959,0.0,0.0,0.0,13074.052986,783.627014,42907.31,9.103069
2019-11-14,17,478963.230412,349160.42853,129802.801882,0.0,0.0,0.0,10810.640006,519.499994,44687.88,10.717967
2019-11-14,18,583329.000678,432766.885043,150562.115636,0.0,0.0,0.0,7667.395,136.015,46203.45,12.625226
2019-11-14,19,623170.543722,432757.015043,190413.52868,0.0,0.0,0.0,5075.28,257.41,46214.17,13.484404
2019-11-14,20,623683.501135,432757.015043,190926.486093,0.0,0.0,0.0,5068.09,99.12,45910.47,13.584777
2019-11-14,21,599531.561553,423238.749116,176292.812437,0.0,0.0,0.0,5413.02,23.87,44838.88,13.370797
2019-11-14,22,549989.713917,396774.005946,153215.707971,0.0,0.0,0.0,5861.05,0.0,42879.17,12.826501
2019-11-14,23,513181.599215,366044.044214,147137.555002,0.0,0.0,0.0,5491.64,0.0,41145.27,12.472432
2019-11-15,0,501205.104172,355146.602914,146058.501258,0.0,0.0,0.0,5012.097801,36.182199,40156.25,12.481372
2019-11-15,1,504292.888278,360136.741264,144156.147014,0.0,0.0,0.0,4685.113234,46.156766,39990.19,12.610415
2019-11-15,2,509912.690492,363401.81584,146510.874652,0.0,0.0,0.0,4494.190287,66.019713,40150.24,12.700116
2019-11-15,3,523893.293568,372142.012623,151751.280945,0.0,0.0,0.0,4379.06,0.0,40842.7,12.827097
2019-11-15,4,596775.079003,437302.733096,159472.345907,0.0,0.0,0.0,4375.765363,47.814637,42410.88,14.071273
2019-11-15,5,725385.149268,542693.758951,182691.390317,0.0,0.0,0.0,4068.134666,84.325334,45543.39,15.927342
2019-11-15,6,825456.216425,594323.187075,231133.02935,0.0,0.0,0.0,4030.12,27.2,49461.83,16.688752
2019-11-15,7,823761.61398,594320.407075,229441.206905,0.0,0.0,0.0,3884.71,43.49,49878.27,16.515441
2019-11-15,8,780441.507307,594320.407075,186121.100232,0.0,0.0,0.0,3788.6,39.39,47486.93,16.43487
2019-11-15,9,668801.401779,507884.013811,160917.387969,0.0,0.0,0.0,4486.98,37.25,44982.31,14.868098
2019-11-15,10,562366.534616,433781.197843,128585.336773,0.0,0.0,0.0,5926.91,20.39,42772.98,13.147705
2019-11-15,11,484080.007615,371652.46061,112427.547005,0.0,0.0,0.0,7031.82,52.45,40782.43,11.869818
2019-11-15,12,406464.628528,308608.530087,97856.098441,0.0,0.0,0.0,8327.277431,238.662569,39128.75,10.387877
2019-11-15,13,372290.335738,278179.208871,94111.126867,0.0,0.0,0.0,8720.62179,642.76821,38115.02,9.767549
2019-11-15,14,367669.949808,277900.461735,89769.488073,0.0,0.0,0.0,8390.448273,794.281727,37271.04,9.864762
2019-11-15,15,352694.406971,259843.018679,92851.388292,0.0,0.0,0.0,7973.011436,565.978564,36749.99,9.597129
2019-11-15,16,383860.239206,290278.919896,93581.31931,0.0,0.0,0.0,7143.359,273.351,36990.29,10.377324
2019-11-15,17,438013.712821,330159.69347,107854.019351,0.0,0.0,0.0,5931.498598,503.941402,38504.18,11.375744
2019-11-15,18,469848.567659,339689.135494,130159.432165,0.0,0.0,0.0,5088.57,328.24,40148.77,11.702689
2019-11-15,19,475803.889965,339685.845494,136118.044472,0.0,0.0,0.0,4768.885,365.565,40440.35,11.765573
2019-11-15,20,473493.461832,339685.845494,133807.616339,0.0,0.0,0.0,5279.51,373.38,40735.4,11.623636
2019-11-15,21,464558.926945,339407.098358,125151.828587,0.0,0.0,0.0,6046.29,374.44,40693.55,11.416033
2019-11-15,22,437529.626782,321349.655302,116179.97148,0.0,0.0,0.0,6609.28,373.69,40179.69,10.889323
2019-11-15,23,402571.022721,282368.379542,120202.643179,0.0,0.0,0.0,6119.99,354.35,39297.84,10.244101
2019-11-16,0,398906.020938,281343.462759,117562.558179,0.0,0.0,0.0,5583.63,337.02,38697.09,10.308424
2019-11-16,1,399292.578348,281340.682759,117951.895589,0.0,0.0,0.0,5095.42,325.72,38566.12,10.353455
2019-11-16,2,429463.389255,308426.939734,121036.449521,0.0,0.0,0.0,4455.094,234.616,38718.74,11.091874
2019-11-16,3,450970.546074,317941.915661,133028.630413,0.0,0.0,0.0,3931.68,239.05,39196.58,11.505354
2019-11-16,4,504371.383753,362141.228861,142230.154893,0.0,0.0,0.0,3643.25,217.53,40155.39,12.56049
2019-11-16,5,556614.062955,405644.955781,150969.107174,0.0,0.0,0.0,3675.25,242.86,41784.55,13.32105
2019-11-16,6,589433.658052,405641.665781,183791.99227,0.0,0.0,0.0,3691.55,269.08,43761.13,13.469343
2019-11-16,7,676690.310354,480662.543796,196027.766558,0.0,0.0,0.0,3769.679,173.741,45152.29,14.986844
2019-11-16,8,658440.582002,480659.253796,177781.328206,0.0,0.0,0.0,3521.49,271.76,44419.61,14.823196
2019-11-16,9,555067.210424,405641.665781,149425.544642,0.0,0.0,0.0,4510.63,248.61,42415.63,13.086384
2019-11-16,10,465621.354735,343430.445685,122190.909051,0.0,0.0,0.0,5934.06,126.86,40379.03,11.531266
2019-11-16,11,393109.551715,289695.110461,103414.441254,0.0,0.0,0.0,7447.062072,591.407928,38585.57,10.187994
2019-11-16,12,325116.645332,233371.455602,91745.18973,0.0,0.0,0.0,8851.314,1218.616,37060.98,8.772478
2019-11-16,13,283323.906492,208191.606902,75132.29959,0.0,0.0,0.0,10620.917928,1236.882072,35875.8,7.897354
2019-11-16,14,255599.051574,180887.79521,74711.256364,0.0,0.0,0.0,10973.678647,1660.201353,35245.17,7.252031
2019-11-16,15,250508.173145,180887.79521,69620.377935,0.0,0.0,0.0,11025.385012,1800.984988,34934.42,7.170812
2019-11-16,16,273556.067817,206125.393061,67430.674756,0.0,0.0,0.0,10664.385354,1740.424646,35217.26,7.76767
2019-11-16,17,321061.963411,236905.714278,84156.249134,0.0,0.0,0.0,8675.971226,1770.528774,36728.58,8.741475
2019-11-16,18,387227.948218,281992.480461,105235.467756,0.0,0.0,0.0,6821.616,946.494,38159.86,10.14752
2019-11-16,19,404283.425327,281979.320461,122304.104866,0.0,0.0,0.0,4831.5,472.54,38308.73,10.553298
2019-11-16,20,393173.750547,281979.320461,111194.430086,0.0,0.0,0.0,5853.82,487.87,38301.23,10.265304
2019-11-16,21,365204.956423,266521.121487,98683.834936,0.0,0.0,0.0,7357.68,507.29,37938.54,9.626226
2019-11-16,22,328928.654209,241064.959694,87863.694514,0.0,0.0,0.0,8430.430006,519.499994,37095.09,8.867175
2019-11-16,23,329216.095273,248184.931295,81031.163978,0.0,0.0,0.0,7742.21,451.56,35983.1,9.149187
2019-11-17,0,309613.395902,224470.32227,85143.073633,0.0,0.0,0.0,7116.36,387.72,35173.73,8.802404
2019-11-17,1,309454.354022,224470.32227,84984.031752,0.0,0.0,0.0,6591.7,334.31,34704.61,8.916808
2019-11-17,2,322434.580135,231745.279378,90689.300757,0.0,0.0,0.0,5525.324,280.886,34596.04,9.319985
2019-11-17,3,341411.93137,248184.931295,93227.000075,0.0,0.0,0.0,4767.7,258.68,34753.11,9.823925
2019-11-17,4,359793.937369,256925.128078,102868.809291,0.0,0.0,0.0,4050.8,229.61,35303.15,10.191553
2019-11-17,5,402851.145937,289396.910461,113454.235476,0.0,0.0,0.0,3585.34,97.3,36417.36,11.062063
2019-11-17,6,417396.49781,289387.040461,128009.457349,0.0,0.0,0.0,3714.05,66.79,37842.7,11.029776
2019-11-17,7,474825.793968,352321.472934,122504.321034,0.0,0.0,0.0,4226.36,113.94,38949.6,12.190775
2019-11-17,8,493261.988462,352311.602934,140950.385528,0.0,0.0,0.0,3227.2,104.15,39365.83,12.530207
2019-11-17,9,436967.044355,308112.289734,128854.754621,0.0,0.0,0.0,4311.71,169.7,38780.33,11.26775
2019-11-17,10,387885.928003,289387.040461,98498.887542,0.0,0.0,0.0,6849.8316,366.5784,37560.74,10.326898
2019-11-17,11,319577.656821,225184.923736,94392.733085,0.0,0.0,0.0,7893.501497,1492.468503,36381.33,8.784111
2019-11-17,12,291990.603104,217283.509492,74707.093612,0.0,0.0,0.0,9867.359079,2662.950921,35500.24,8.225032
2019-11-17,13,251652.452266,185170.487299,66481.964967,0.0,0.0,0.0,11442.367369,2096.502631,34886.95,7.213369
2019-11-17,14,246015.175818,179633.434812,66381.741006,0.0,0.0,0.0,11090.417296,2593.502704,34513.59,7.128067
2019-11-17,15,250152.74493,179623.564812,70529.180118,0.0,0.0,0.0,10612.494327,1964.575673,34577.82,7.234486
2019-11-17,16,284439.624187,213967.714428,70471.909759,0.0,0.0,0.0,9690.851,1005.939,34905.91,8.148753
2019-11-17,17,369188.141998,280974.143678,88213.99832,0.0,0.0,0.0,7093.957359,764.542641,36622.52,10.080905
2019-11-17,18,415745.644249,299237.712485,116507.931764,0.0,0.0,0.0,4569.18,513.24,38197.37,10.884143
2019-11-17,19,446994.257924,308752.688411,138241.569512,0.0,0.0,0.0,2901.96,87.17,38221.9,11.694716
2019-11-17,20,453280.357976,308749.398411,144530.959565,0.0,0.0,0.0,2413.93,0.0,37776.58,11.998978
2019-11-17,21,431678.805876,299231.132485,132447.673391,0.0,0.0,0.0,2217.76,83.61,36771.93,11.739357
2019-11-17,22,399013.700138,289695.110461,109318.589677,0.0,0.0,0.0,2465.53,65.43,35023.7,11.392677
2019-11-17,23,376217.587049,276894.013862,99323.573187,0.0,0.0,0.0,2039.69,39.35,33287.3,11.302136
2019-11-18,0,350407.507215,251714.165161,98693.342053,0.0,0.0,0.0,1921.21,39.46,32298.15,10.849151
2019-11-18,1,339724.202042,244996.16297,94728.039071,0.0,0.0,0.0,2139.01,65.93,31958.31,10.630231
2019-11-18,2,336406.225273,240006.53462,96399.690654,0.0,0.0,0.0,2214.95,121.33,32041.76,10.498993
2019-11-18,3,335512.105443,240006.53462,95505.570823,0.0,0.0,0.0,2864.42,223.15,32607.22,10.289504
2019-11-18,4,351697.232853,261442.394887,90254.837965,0.0,0.0,0.0,4162.61,385.82,34100.02,10.313696
2019-11-18,5,460418.860658,350857.905684,109560.954974,0.0,0.0,0.0,3720.95,347.0,37065.99,12.421599
2019-11-18,6,553971.890607,392536.891303,161434.999303,0.0,0.0,0.0,3499.713,59.137,41369.53,13.390819
2019-11-18,7,571908.691895,392527.021303,179381.670592,0.0,0.0,0.0,2816.53,281.69,42251.18,13.535922
2019-11-18,8,552613.096045,392527.021303,160086.074741,0.0,0.0,0.0,2586.68,255.07,40915.57,13.506181
2019-11-18,9,512203.588118,381108.216054,131095.372064,0.0,0.0,0.0,3431.34,231.21,39618.81,12.928293
2019-11-18,10,417594.601085,299231.132485,118363.4686,0.0,0.0,0.0,4964.54,118.97,38668.74,10.799281
2019-11-18,11,387132.176579,279712.033694,107420.142885,0.0,0.0,0.0,6354.0,324.11,37949.71,10.201189
2019-11-18,12,355179.717728,253736.359753,101443.357975,0.0,0.0,0.0,7491.056266,881.023734,37623.05,9.440482
2019-11-18,13,340216.798004,244996.16297,95220.635033,0.0,0.0,0.0,8479.62735,818.72265,37617.51,9.044107
2019-11-18,14,338886.623693,239790.170361,99096.453332,0.0,0.0,0.0,8226.229,742.801,37618.39,9.008536
2019-11-18,15,358711.042152,260464.231945,98246.810207,0.0,0.0,0.0,7596.062,379.858,37632.12,9.532044
2019-11-18,16,391380.926488,289701.690461,101679.236027,0.0,0.0,0.0,6161.38,258.28,37850.87,10.340077
2019-11-18,17,447774.316243,329511.052855,118263.263388,0.0,0.0,0.0,4437.69,295.87,38674.72,11.577959
2019-11-18,18,493900.473998,346433.748781,147466.725217,0.0,0.0,0.0,2782.58,218.12,39818.26,12.403869
2019-11-18,19,510674.875498,346427.168781,164247.706717,0.0,0.0,0.0,1790.78,0.0,39439.97,12.948156
2019-11-18,20,493362.454517,346427.168781,146935.285735,0.0,0.0,0.0,1818.98,125.91,38686.11,12.752961
2019-11-18,21,452127.432215,327372.880831,124754.551384,0.0,0.0,0.0,2201.1,92.75,37158.89,12.16741
2019-11-18,22,397200.756151,289695.110461,107505.64569,0.0,0.0,0.0,2662.13,66.51,35011.82,11.344762
2019-11-18,23,313089.84241,216517.808955,96572.033456,0.0,0.0,0.0,2842.33,88.48,32979.68,9.493417
2019-11-19,0,285751.112069,200078.157038,85672.955032,0.0,0.0,0.0,3218.35,116.75,31717.56,9.00924
2019-11-19,1,247405.799138,163166.883855,84238.915283,0.0,0.0,0.0,3868.06,153.07,31221.46,7.924223
2019-11-19,2,262634.88875,175023.964655,87610.924096,0.0,0.0,0.0,3168.36,126.92,31115.67,8.440599
2019-11-19,3,282754.164336,193363.444846,89390.71949,0.0,0.0,0.0,2785.15,105.83,31473.03,8.984015
2019-11-19,4,309397.284402,209803.096763,99594.187638,0.0,0.0,0.0,2553.46,90.54,32625.75,9.483224
2019-11-19,5,435223.763785,322629.162376,112594.601409,0.0,0.0,0.0,2725.432,48.198,35384.72,12.299766
2019-11-19,6,492674.880253,339216.239625,153458.640628,0.0,0.0,0.0,2892.901,97.809,39272.41,12.545064
2019-11-19,7,499091.054585,339209.659625,159881.39496,0.0,0.0,0.0,3085.712849,153.617151,40088.42,12.449756
2019-11-19,8,507507.855565,339209.659625,168298.19594,0.0,0.0,0.0,2122.56,0.0,39099.48,12.979913
2019-11-19,9,479665.640675,339209.659625,140455.98105,0.0,0.0,0.0,2633.25,54.94,38242.13,12.542859
2019-11-19,10,430833.640288,305360.900353,125472.739936,0.0,0.0,0.0,4334.7,35.46,37851.14,11.382316
2019-11-19,11,446646.26459,335458.395094,111187.869496,0.0,0.0,0.0,6053.75,115.48,37645.63,11.864492
2019-11-19,12,358864.157167,255448.398728,103415.758439,0.0,0.0,0.0,7714.732275,645.027725,37933.18,9.460429
2019-11-19,13,338584.244275,239008.746811,99575.497464,0.0,0.0,0.0,9893.736659,736.853341,38506.27,8.792964
2019-11-19,14,315155.011561,220318.26662,94836.744942,0.0,0.0,0.0,11130.21264,1224.96736,38734.91,8.136201
2019-11-19,15,301770.571189,212404.892888,89365.678301,0.0,0.0,0.0,11957.2383,1652.6217,38815.14,7.774558
2019-11-19,16,299470.73738,215429.664103,84041.073277,0.0,0.0,0.0,12400.47182,1709.60818,38863.32,7.705743
2019-11-19,17,343203.945366,250851.90367,92352.041696,0.0,0.0,0.0,10347.868,1795.632,39337.98,8.724493
2019-11-19,18,383088.823514,269181.513862,113907.309652,0.0,0.0,0.0,8505.906,1234.074,40353.86,9.493239
2019-11-19,19,389690.003026,269178.223862,120511.779164,0.0,0.0,0.0,7205.354649,744.905351,39745.59,9.80461
2019-11-19,20,359058.462602,269178.223862,89880.238741,0.0,0.0,0.0,9482.474315,1172.775685,38962.4,9.215512
2019-11-19,21,293326.076052,225019.077512,68306.998541,0.0,0.0,0.0,12653.981404,1580.478596,37407.47,7.841377
2019-11-19,22,221433.630863,167746.396012,53687.234851,0.0,0.0,0.0,14680.125278,1932.694722,35006.43,6.325513
2019-11-19,23,145643.996427,89851.719592,55792.276834,0.0,0.0,0.0,14095.798414,1688.011586,32722.53,4.450878
2019-11-20,0,132388.698833,87488.153459,44900.545374,0.0,0.0,0.0,13808.314306,1282.455694,31110.21,4.255474
2019-11-20,1,123173.659225,80492.478946,42681.180279,0.0,0.0,0.0,13181.625968,1266.024032,30139.04,4.086847
2019-11-20,2,120322.60391,80492.478946,39830.124964,0.0,0.0,0.0,13047.892459,1246.057541,29693.37,4.052171
2019-11-20,3,123215.666874,84541.96935,38673.697525,0.0,0.0,0.0,12654.834131,1331.665869,29669.67,4.152917
2019-11-20,4,132125.903142,84532.09935,47593.803793,0.0,0.0,0.0,12173.563,1309.257,30362.33,4.351639
2019-11-20,5,194849.710551,147176.666006,47673.044545,0.0,0.0,0.0,12386.017312,1405.992688,32464.23,6.001982
2019-11-20,6,291545.893906,213122.146556,78423.74735,0.0,0.0,0.0,10542.027134,3416.462866,35806.09,8.142355
2019-11-20,7,288788.306295,203456.412558,85331.893738,0.0,0.0,0.0,11438.010783,2176.549217,37020.14,7.800843
2019-11-20,8,310803.904253,222754.815989,88049.088264,0.0,0.0,0.0,10639.649771,2737.500229,37404.09,8.309356
2019-11-20,9,324369.518085,224264.156713,100105.361372,0.0,0.0,0.0,9998.459017,3631.070983,38062.21,8.522088
2019-11-20,10,302042.348512,205918.096521,96124.251991,0.0,0.0,0.0,11351.091613,2604.218387,38829.5,7.778682
2019-11-20,11,290164.471985,197177.899738,92986.572247,0.0,0.0,0.0,12656.833662,2450.036338,39301.08,7.383117
2019-11-20,12,285503.252331,196536.193114,88967.059217,0.0,0.0,0.0,13359.505292,2615.614708,39728.14,7.186424
2019-11-20,13,290567.439935,200738.523113,89828.916822,0.0,0.0,0.0,13847.917576,2144.802424,40318.9,7.20673
2019-11-20,14,291496.555435,200735.233113,90761.322322,0.0,0.0,0.0,13839.518636,2713.281364,40523.82,7.193215
2019-11-20,15,291054.076274,200384.233114,90669.84316,0.0,0.0,0.0,13951.712256,2276.157744,40558.98,7.17607
2019-11-20,16,308401.223043,218469.08692,89932.136122,0.0,0.0,0.0,13321.455444,2652.154556,40560.73,7.603444
2019-11-20,17,344949.782146,236469.596129,108480.186017,0.0,0.0,0.0,12132.482,3103.488,41316.72,8.348915
2019-11-20,18,391316.822574,280665.619329,110651.203245,0.0,0.0,0.0,11613.89,2437.14,42222.9,9.267881
2019-11-20,19,383462.269792,280662.329329,102799.940463,0.0,0.0,0.0,11205.584244,1924.775756,41729.83,9.189164
2019-11-20,20,347403.09983,254164.079697,93239.020133,0.0,0.0,0.0,12385.549727,2459.230273,41008.1,8.471573
2019-11-20,21,301943.635664,228069.456316,73874.179348,0.0,0.0,0.0,14085.874889,2629.385111,39479.81,7.648052
2019-11-20,22,225636.853693,159045.124218,66591.729476,0.0,0.0,0.0,13901.104762,3863.905238,37108.86,6.080404
2019-11-20,23,167279.983633,117367.42287,49912.560762,0.0,0.0,0.0,15530.32143,2102.18857,34541.31,4.842896
2019-11-21,0,140169.835794,100445.494739,39724.341055,0.0,0.0,0.0,15323.170322,1984.569678,32703.93,4.286024
2019-11-21,1,120598.149945,80492.478946,40105.670999,0.0,0.0,0.0,14826.898039,1991.801961,31430.95,3.836923
2019-11-21,2,118225.274782,79890.962146,38334.312637,0.0,0.0,0.0,14441.656906,1708.013094,30782.21,3.840701
2019-11-21,3,125598.4742,88294.692347,37303.781853,0.0,0.0,0.0,13627.056459,897.373541,30558.82,4.110056
2019-11-21,4,143701.01157,96982.324266,46718.687304,0.0,0.0,0.0,11822.27,377.5,31086.17,4.622667
2019-11-21,5,194307.938735,137756.174538,56551.764198,0.0,0.0,0.0,11473.84,320.22,32962.35,5.894845
2019-11-21,6,278053.009753,199140.755271,78912.254482,0.0,0.0,0.0,11131.974,294.966,36279.64,7.664161
2019-11-21,7,297055.273932,216216.962454,80838.311478,0.0,0.0,0.0,10768.19,301.45,37583.56,7.903862
2019-11-21,8,318608.530872,227134.004645,91474.526227,0.0,0.0,0.0,9879.674843,238.625157,38249.88,8.329661
2019-11-21,9,331440.542977,234402.381753,97038.161224,0.0,0.0,0.0,10390.79,120.66,39372.48,8.418076
2019-11-21,10,337142.119781,233757.38513,103384.734652,0.0,0.0,0.0,11134.763891,53.826109,40389.25,8.347323
2019-11-21,11,341552.545494,233757.38513,107795.160365,0.0,0.0,0.0,11535.595042,144.364958,41005.9,8.329351
2019-11-21,12,340410.385304,233757.38513,106653.000175,0.0,0.0,0.0,11980.255176,632.744824,41306.75,8.241035
2019-11-21,13,339874.367242,233478.637994,106395.729248,0.0,0.0,0.0,12484.95768,1770.87232,41644.79,8.16127
2019-11-21,14,339389.146613,233478.637994,105910.508619,0.0,0.0,0.0,12633.633083,1406.726917,41715.89,8.135728
2019-11-21,15,337739.853627,233260.739719,104479.113908,0.0,0.0,0.0,12668.873292,973.356708,41642.13,8.110533
2019-11-21,16,360112.501991,259464.181934,100648.320056,0.0,0.0,0.0,12376.454054,459.485946,41773.46,8.620605
2019-11-21,17,397736.039671,280596.742293,117139.297378,0.0,0.0,0.0,10360.587508,614.822492,42621.45,9.331828
2019-11-21,18,466749.03886,343128.955685,123620.083176,0.0,0.0,0.0,8580.031,969.589,43083.61,10.833564
2019-11-21,19,473129.43342,343122.375685,130007.057735,0.0,0.0,0.0,7683.142763,1606.067237,42533.44,11.123705
2019-11-21,20,420015.204539,294724.022486,125291.182053,0.0,0.0,0.0,7709.487463,1747.612537,41589.21,10.099139
2019-11-21,21,387567.757179,285983.825702,101583.931477,0.0,0.0,0.0,8405.608207,1761.931793,39983.15,9.693277
2019-11-21,22,332536.145745,249335.357186,83200.788558,0.0,0.0,0.0,9483.585693,1655.264307,37701.67,8.820197
2019-11-21,23,250285.818626,169037.869131,81247.949495,0.0,0.0,0.0,8730.291105,1761.248895,35236.81,7.102965
2019-11-22,0,215349.731785,144303.821042,71045.910743,0.0,0.0,0.0,8561.132483,1607.767517,33351.43,6.456986
2019-11-22,1,197439.827759,132379.826242,65060.001518,0.0,0.0,0.0,8579.379619,1609.150381,32225.84,6.126755
2019-11-22,2,182482.669776,124912.144641,57570.525134,0.0,0.0,0.0,9210.725387,1853.124613,31537.44,5.786223
2019-11-22,3,166804.40533,111583.72589,55220.67944,0.0,0.0,0.0,10342.558232,2035.041768,31325.3,5.32491
2019-11-22,4,170192.75784,116828.622552,53364.135288,0.0,0.0,0.0,10750.811408,1946.388592,31921.02,5.331683
2019-11-22,5,227240.546146,154853.544937,72387.001209,0.0,0.0,0.0,10104.552,2061.048,33910.02,6.70128
2019-11-22,6,337037.802509,248190.873144,88846.929365,0.0,0.0,0.0,10020.657,1957.483,37246.67,9.048804
2019-11-22,7,366267.654711,260668.532862,105599.12185,0.0,0.0,0.0,9613.644471,1953.735529,38841.91,9.429702
2019-11-22,8,391557.121114,277104.894779,114452.226335,0.0,0.0,0.0,8828.36336,1786.66664,39611.99,9.884813
2019-11-22,9,400008.182607,277101.604779,122906.577828,0.0,0.0,0.0,9196.376585,1739.413415,40599.67,9.852498
2019-11-22,10,408052.295031,283471.89697,124580.398061,0.0,0.0,0.0,9852.085444,598.344556,41373.73,9.862594
2019-11-22,11,414128.503015,283822.89697,130305.606045,0.0,0.0,0.0,9033.917493,1220.472507,41493.75,9.980503
2019-11-22,12,405846.017118,283819.60697,122026.410148,0.0,0.0,0.0,9153.342323,731.277677,40945.92,9.911757
2019-11-22,13,393379.273066,277101.604779,116277.668287,0.0,0.0,0.0,9623.387907,239.992093,40686.15,9.668629
2019-11-22,14,393287.167495,276351.65038,116935.517116,0.0,0.0,0.0,9195.37,206.4,40272.01,9.76577
2019-11-22,15,393990.69271,277104.894779,116885.797931,0.0,0.0,0.0,8736.82171,173.31829,39867.58,9.882483
2019-11-22,16,436146.725566,313650.496874,122496.228692,0.0,0.0,0.0,7708.95,43.51,40054.25,10.8889
2019-11-22,17,534198.131977,389379.445946,144818.68603,0.0,0.0,0.0,5290.67,0.0,41109.52,12.994512
2019-11-22,18,574124.086759,396777.295946,177346.790813,0.0,0.0,0.0,3012.36,0.0,41672.52,13.777043
2019-11-22,19,588347.87026,396774.005946,191573.864314,0.0,0.0,0.0,1697.91,22.47,41101.7,14.314441
2019-11-22,20,570544.45211,396774.005946,173770.446164,0.0,0.0,0.0,2407.4,0.0,40488.19,14.091627
2019-11-22,21,520540.334045,374783.682097,145756.651947,0.0,0.0,0.0,4241.549458,56.710542,39646.74,13.129461
2019-11-22,22,436394.618158,309441.586875,126953.031283,0.0,0.0,0.0,5612.59,22.65,38089.47,11.457093
2019-11-22,23,395552.144065,272348.899863,123203.244203,0.0,0.0,0.0,5261.176626,192.293374,36561.22,10.818899
2019-11-23,0,427461.463571,323386.171186,104075.292385,0.0,0.0,0.0,5377.43,128.72,35278.7,12.116701
2019-11-23,1,338485.44158,241647.800979,96837.6406,0.0,0.0,0.0,5691.719531,291.500469,34625.64,9.775572
2019-11-23,2,344206.336806,244997.240709,99209.096098,0.0,0.0,0.0,5163.071709,292.508291,34327.49,10.027134
2019-11-23,3,346097.084869,244795.576422,101301.508448,0.0,0.0,0.0,4854.264074,204.625926,34310.04,10.087341
2019-11-23,4,358318.346932,252268.907817,106049.439115,0.0,0.0,0.0,4829.004761,184.305239,34862.09,10.278166
2019-11-23,5,416709.008846,303186.223208,113522.785638,0.0,0.0,0.0,4552.872411,36.007589,36137.0,11.531367
2019-11-23,6,461534.867926,325724.743399,135810.124527,0.0,0.0,0.0,4258.035,25.195,37923.25,12.170235
2019-11-23,7,495817.024339,344000.962206,151816.062133,0.0,0.0,0.0,4466.831869,75.118131,39575.56,12.528364
2019-11-23,8,580347.958099,419015.260221,161332.697878,0.0,0.0,0.0,3843.39,43.56,40472.45,14.339333
2019-11-23,9,561886.109647,419011.970221,142874.139426,0.0,0.0,0.0,4432.68,0.0,40476.38,13.881827
2019-11-23,10,455289.536404,322913.559085,132375.977319,0.0,0.0,0.0,6277.75,0.0,39816.46,11.434707
2019-11-23,11,406143.445092,295038.05687,111105.388222,0.0,0.0,0.0,7114.67,5.98,38658.71,10.505872
2019-11-23,12,369820.081133,278598.404953,91221.67618,0.0,0.0,0.0,8402.114139,209.585861,37487.25,9.865223
2019-11-23,13,301582.379006,215419.794103,86162.584903,0.0,0.0,0.0,9632.030736,746.709264,36521.56,8.257653
2019-11-23,14,282636.346513,199562.915719,83073.430794,0.0,0.0,0.0,9826.887436,727.622564,35904.1,7.87198
2019-11-23,15,279223.540485,199066.270309,80157.270176,0.0,0.0,0.0,9715.054263,543.915737,35550.17,7.854352
2019-11-23,16,300907.674983,222707.911211,78199.763772,0.0,0.0,0.0,9335.088976,345.871024,35793.25,8.406827
2019-11-23,17,376263.337379,280910.882293,95352.455086,0.0,0.0,0.0,6727.967,211.333,37099.07,10.142123
2019-11-23,18,427057.73412,301975.765413,125081.968707,0.0,0.0,0.0,4216.0,150.53,38433.61,11.11157
2019-11-23,19,497297.875877,364517.848805,132780.027072,0.0,0.0,0.0,2422.634,30.096,38324.34,12.976032
2019-11-23,20,507101.836948,364511.268805,142590.568143,0.0,0.0,0.0,1707.86,23.19,38164.77,13.287171
2019-11-23,21,507033.099061,364511.268805,142521.830256,0.0,0.0,0.0,1293.8,0.0,37654.16,13.465527
2019-11-23,22,492548.621343,351710.172206,140838.449137,0.0,0.0,0.0,1178.57,0.0,36797.38,13.385426
2019-11-23,23,440396.554564,307510.859006,132885.695558,0.0,0.0,0.0,1288.51,0.0,35737.99,12.322925
2019-11-24,0,414400.707206,297974.836982,116425.870223,0.0,0.0,0.0,1775.53,88.48,34870.02,11.884155
2019-11-24,1,367687.239132,258554.53367,109132.705462,0.0,0.0,0.0,2715.04,297.79,34372.98,10.696985
2019-11-24,2,356042.430279,249814.336887,106228.093392,0.0,0.0,0.0,2982.0,337.03,34259.65,10.392471
2019-11-24,3,350532.795229,249814.336887,100718.458342,0.0,0.0,0.0,3570.85,378.24,34391.4,10.192455
2019-11-24,4,343242.003789,243096.334695,100145.669094,0.0,0.0,0.0,4483.77,424.36,34928.28,9.827051
2019-11-24,5,375205.372201,270182.59167,105022.780531,0.0,0.0,0.0,4683.907,200.303,36005.57,10.420759
2019-11-24,6,432622.588287,314378.61487,118243.973416,0.0,0.0,0.0,4457.23,403.35,37539.01,11.524614
2019-11-24,7,453289.283896,321096.617062,132192.666834,0.0,0.0,0.0,4530.84,394.46,38809.39,11.679887
2019-11-24,8,460541.668656,321093.327062,139448.341594,0.0,0.0,0.0,4268.17,466.47,39079.35,11.784783
2019-11-24,9,439482.533429,321093.327062,118389.206367,0.0,0.0,0.0,5004.880006,519.499994,38145.91,11.521092
2019-11-24,10,370822.906315,268153.817078,102669.089237,0.0,0.0,0.0,6234.18,358.79,36983.56,10.026696
2019-11-24,11,329605.405704,236892.554278,92712.851427,0.0,0.0,0.0,7175.666002,996.603998,36035.32,9.146732
2019-11-24,12,300432.217769,215463.27401,84968.943759,0.0,0.0,0.0,8203.997523,1215.172477,35462.77,8.471764
2019-11-24,13,279819.549276,201473.60471,78345.944565,0.0,0.0,0.0,9432.931987,741.558013,35257.71,7.936407
2019-11-24,14,267511.203595,189619.813911,77891.389684,0.0,0.0,0.0,10215.348449,1568.271551,35109.04,7.619439
2019-11-24,15,251606.070692,174164.34191,77441.728782,0.0,0.0,0.0,10857.00291,1935.78709,35038.06,7.180936
2019-11-24,16,261684.781844,189626.393911,72058.387933,0.0,0.0,0.0,11215.775885,1702.794115,35182.23,7.437982
2019-11-24,17,310694.361838,225051.923478,85642.43836,0.0,0.0,0.0,9378.955,1795.225,36472.15,8.518674
2019-11-24,18,356560.173694,252125.020453,104435.153241,0.0,0.0,0.0,7470.463987,907.076013,37656.38,9.468785
2019-11-24,19,370182.386129,252118.440453,118063.945675,0.0,0.0,0.0,5919.617,306.683,37605.47,9.843844
2019-11-24,20,353565.334403,252118.440453,101446.89395,0.0,0.0,0.0,6867.84,489.12,37210.23,9.501831
2019-11-24,21,322258.010637,235678.788536,86579.2221,0.0,0.0,0.0,8403.94,489.03,36383.97,8.857143
2019-11-24,22,271578.275079,201327.444453,70250.830626,0.0,0.0,0.0,9748.16,490.66,34922.56,7.776586
2019-11-24,23,238211.805456,179020.648203,59191.157253,0.0,0.0,0.0,10075.62,487.62,33142.88,7.18742
2019-11-25,0,215078.451656,160647.643478,54430.808178,0.0,0.0,0.0,10187.14,485.01,31882.39,6.745995
2019-11-25,1,165932.421835,109011.635355,56920.786481,0.0,0.0,0.0,10365.06,485.88,31258.92,5.308322
2019-11-25,2,157874.248965,101894.953754,55979.295211,0.0,0.0,0.0,10806.47,484.56,31084.92,5.078805
2019-11-25,3,159461.336754,101894.953754,57566.383,0.0,0.0,0.0,11052.92,496.12,31317.06,5.091836
2019-11-25,4,175960.649159,113559.826288,62400.822871,0.0,0.0,0.0,11046.340006,519.499994,32273.15,5.45223
2019-11-25,5,281518.728226,210203.460952,71315.267274,0.0,0.0,0.0,10743.010006,519.499994,34283.93,8.21139
2019-11-25,6,336205.332759,243995.123145,92210.209614,0.0,0.0,0.0,10169.840006,519.499994,37004.09,9.085626
2019-11-25,7,363598.607803,254908.875335,108689.732468,0.0,0.0,0.0,9465.310006,519.499994,38410.0,9.466249
2019-11-25,8,370210.952513,254902.295335,115308.657177,0.0,0.0,0.0,8952.329757,566.990243,38616.45,9.586872
2019-11-25,9,366431.291287,254902.295335,111528.995951,0.0,0.0,0.0,9224.852246,907.007754,38437.86,9.533083
2019-11-25,10,340421.670017,236562.815144,103858.854873,0.0,0.0,0.0,10687.004796,603.125204,38469.76,8.849072
2019-11-25,11,339441.332583,232573.754601,106867.577981,0.0,0.0,0.0,10944.49,983.49,38574.9,8.799539
2019-11-25,12,332053.260116,232570.974601,99482.285514,0.0,0.0,0.0,11097.471583,1596.168417,38728.97,8.573769
2019-11-25,13,329717.850199,232219.974602,97497.875597,0.0,0.0,0.0,11914.639284,805.460716,39128.92,8.426449
2019-11-25,14,338367.399809,237567.182952,100800.216857,0.0,0.0,0.0,11707.785487,720.134513,39578.58,8.549256
2019-11-25,15,341902.833785,237560.602952,104342.230832,0.0,0.0,0.0,11483.35,223.67,39812.5,8.587826
2019-11-25,16,366174.553243,266487.784587,99686.768656,0.0,0.0,0.0,10536.0,140.49,39727.79,9.217088
2019-11-25,17,427086.929705,311697.402184,115389.527521,0.0,0.0,0.0,7983.74,67.4,40433.97,10.562577
2019-11-25,18,459544.306143,320873.469433,138670.83671,0.0,0.0,0.0,5927.85,0.0,41227.25,11.146616
2019-11-25,19,465405.980594,320870.179433,144535.801161,0.0,0.0,0.0,4688.01,0.0,40543.06,11.479301
2019-11-25,20,440400.577285,320870.179433,119530.397852,0.0,0.0,0.0,5890.93,31.13,39676.53,11.099776
2019-11-25,21,389434.969777,281936.113561,107498.856216,0.0,0.0,0.0,7307.31,56.5,38495.81,10.116295
2019-11-25,22,341334.403351,256756.264861,84578.13849,0.0,0.0,0.0,8880.16,99.32,36577.89,9.331714
2019-11-25,23,236705.768539,158412.429337,78293.339202,0.0,0.0,0.0,9387.178865,1605.691135,34527.44,6.855584
2019-11-26,0,202359.086637,146811.868831,55547.217806,0.0,0.0,0.0,11464.502018,815.247982,32898.08,6.151091
2019-11-26,1,149279.809002,94407.969593,54871.83941,0.0,0.0,0.0,12752.61,380.16,31970.25,4.669335
2019-11-26,2,143354.633804,89851.719592,53502.914211,0.0,0.0,0.0,12469.14,495.89,31340.51,4.5741
2019-11-26,3,140208.963615,86399.020073,53809.943543,0.0,0.0,0.0,12575.588,420.492,31241.08,4.487968
2019-11-26,4,157843.430635,106697.067893,51146.362743,0.0,0.0,0.0,12657.39,502.87,31737.73,4.973369
2019-11-26,5,186441.929788,119019.04919,67422.880599,0.0,0.0,0.0,12179.403,1199.257,33256.43,5.606192
2019-11-26,6,263080.005175,188990.737505,74089.26767,0.0,0.0,0.0,12860.159455,621.520545,35493.28,7.412107
2019-11-26,7,287485.365285,212278.042853,75207.322432,0.0,0.0,0.0,12290.059956,1103.340044,36978.53,7.774386
2019-11-26,8,313973.059492,227328.255445,86644.804047,0.0,0.0,0.0,11678.700724,1722.459276,38291.4,8.199571
2019-11-26,9,327398.871479,227137.294645,100261.576834,0.0,0.0,0.0,11529.015,1993.765,39339.15,8.322469
2019-11-26,10,327321.924595,227127.424645,100194.499951,0.0,0.0,0.0,11928.759585,1755.360415,40266.69,8.128851
2019-11-26,11,325827.174547,226134.718022,99692.456525,0.0,0.0,0.0,12628.732477,2305.047523,40822.01,7.981654
2019-11-26,12,320662.82471,226779.714645,93883.110065,0.0,0.0,0.0,13034.082678,2698.477322,40890.03,7.842078
2019-11-26,13,329837.16234,236378.998054,93458.164286,0.0,0.0,0.0,12953.847337,1059.882663,41050.56,8.0349
2019-11-26,14,337662.049286,246269.310077,91392.739209,0.0,0.0,0.0,12613.063805,1343.416195,41119.65,8.211696
2019-11-26,15,361740.329123,262281.173968,99459.155155,0.0,0.0,0.0,10712.71,0.0,41203.8,8.779295
2019-11-26,16,393250.499926,287910.053135,105340.446791,0.0,0.0,0.0,8868.75,0.0,41088.94,9.570714
2019-11-26,17,408868.966044,287903.473135,120965.492909,0.0,0.0,0.0,8372.58,0.0,42117.85,9.707736
2019-11-26,18,404662.201265,287903.473135,116758.72813,0.0,0.0,0.0,9699.345339,1236.514661,42657.87,9.486226
2019-11-26,19,385889.601331,269563.992943,116325.608388,0.0,0.0,0.0,9606.954049,2099.955951,41950.2,9.198755
2019-11-26,20,357893.088907,260027.970919,97865.117988,0.0,0.0,0.0,10896.714789,2163.515211,41010.81,8.726799
2019-11-26,21,319961.896475,234399.091753,85562.804722,0.0,0.0,0.0,12197.170821,2208.849179,39721.69,8.055093
2019-11-26,22,258772.141181,164617.854238,94154.286943,0.0,0.0,0.0,10927.32119,3201.93881,37873.75,6.832493
2019-11-26,23,253051.062741,182609.62443,70441.438311,0.0,0.0,0.0,10223.156331,1971.583669,35698.33,7.088597
2019-11-27,0,250914.693646,182606.33443,68308.359216,0.0,0.0,0.0,8609.545499,1560.874501,33896.75,7.402323
2019-11-27,1,222432.626636,144377.817244,78054.809392,0.0,0.0,0.0,7913.176481,619.633519,32844.05,6.772387
2019-11-27,2,222727.024363,144377.817244,78349.207119,0.0,0.0,0.0,7245.9,486.09,32307.07,6.894064
2019-11-27,3,215450.294587,144377.817244,71072.477343,0.0,0.0,0.0,7483.06,493.8,31803.64,6.774391
2019-11-27,4,198854.401611,126320.374188,72534.027423,0.0,0.0,0.0,8298.543747,786.426253,32176.71,6.180073
2019-11-27,5,288072.3064,213549.333002,74522.973398,0.0,0.0,0.0,9072.48,493.5,33837.02,8.513525
2019-11-27,6,323610.438445,231882.233194,91728.205251,0.0,0.0,0.0,9860.49,379.65,36347.57,8.903221
2019-11-27,7,359306.710824,249922.536985,109384.173839,0.0,0.0,0.0,10111.793,614.967,38125.83,9.424233
2019-11-27,8,379488.764372,263649.072119,115839.692254,0.0,0.0,0.0,9992.073819,1229.776181,39421.54,9.626432
2019-11-27,9,385012.989208,263642.492119,121370.497089,0.0,0.0,0.0,9926.997163,2008.212837,40306.07,9.552233
2019-11-27,10,365195.390069,245303.011927,119892.378142,0.0,0.0,0.0,10873.323,1412.677,40387.93,9.042191
2019-11-27,11,349144.665101,245303.011927,103841.653174,0.0,0.0,0.0,12882.359043,746.110957,40145.63,8.696953
2019-11-27,12,317952.173124,216955.982553,100996.190571,0.0,0.0,0.0,13283.559364,927.260636,39622.44,8.024548
2019-11-27,13,315679.67067,216955.982553,98723.688117,0.0,0.0,0.0,13150.85,294.93,39469.13,7.998141
2019-11-27,14,317022.839417,216955.982553,100066.856864,0.0,0.0,0.0,12851.956965,560.963035,39305.49,8.065612
2019-11-27,15,328618.319563,228233.894743,100384.42482,0.0,0.0,0.0,12535.604048,649.585952,39309.41,8.359788
2019-11-27,16,356441.699402,249050.344861,107391.354541,0.0,0.0,0.0,11612.33,350.28,39850.17,8.944547
2019-11-27,17,423911.875469,309686.019978,114225.855491,0.0,0.0,0.0,10592.399895,618.280105,41297.15,10.264918
2019-11-27,18,432236.43805,309679.439978,122556.998071,0.0,0.0,0.0,9873.990006,519.499994,41773.47,10.347152
2019-11-27,19,411359.151025,283822.89697,127536.254055,0.0,0.0,0.0,9400.410006,519.499994,41220.07,9.979584
2019-11-27,20,397851.336369,283819.60697,114031.729399,0.0,0.0,0.0,10999.142213,680.097787,40637.89,9.790157
2019-11-27,21,337554.867198,232363.775144,105191.092053,0.0,0.0,0.0,12759.755199,1213.874801,39643.28,8.514807
2019-11-27,22,303674.483367,217630.416847,86044.06652,0.0,0.0,0.0,14636.408811,731.151189,38064.68,7.977855
2019-11-27,23,270072.176042,197987.393284,72084.782758,0.0,0.0,0.0,14439.399386,438.110614,36113.96,7.478332
2019-11-28,0,253083.869185,192736.010885,60347.8583,0.0,0.0,0.0,13188.76,338.72,34504.64,7.334778
2019-11-28,1,188288.854057,117718.42287,70570.431187,0.0,0.0,0.0,11634.439,783.121,33333.49,5.648639
2019-11-28,2,190412.168885,122973.095269,67439.073616,0.0,0.0,0.0,10689.987,369.863,32718.17,5.819768
2019-11-28,3,189518.415168,122969.805269,66548.609899,0.0,0.0,0.0,9917.62,281.24,32453.07,5.839768
2019-11-28,4,204022.33027,137312.926187,66709.404083,0.0,0.0,0.0,9423.92,381.76,32710.25,6.23726
2019-11-28,5,279835.545593,206692.24732,73143.298273,0.0,0.0,0.0,8273.86,430.33,33594.65,8.329765
2019-11-28,6,314797.351069,232297.32462,82500.026449,0.0,0.0,0.0,7054.64,496.38,34869.96,9.027752
2019-11-28,7,356989.779786,262470.091671,94519.688115,0.0,0.0,0.0,6442.850006,519.499994,36215.92,9.857261
2019-11-28,8,438038.54746,319467.21147,118571.33599,0.0,0.0,0.0,5271.570006,519.499994,38177.86,11.473628
2019-11-28,9,467362.313716,326181.923661,141180.390055,0.0,0.0,0.0,5242.780006,519.499994,40038.21,11.672907
2019-11-28,10,468386.852299,326178.633661,142208.218638,0.0,0.0,0.0,6582.34,356.82,40999.18,11.424298
2019-11-28,11,436694.704682,307839.153469,128855.551212,0.0,0.0,0.0,8800.524498,988.655502,41210.75,10.596621
2019-11-28,12,397391.688837,286193.508943,111198.179894,0.0,0.0,0.0,10322.216759,1963.533241,40303.95,9.85987
2019-11-28,13,337874.90215,237004.567393,100870.334758,0.0,0.0,0.0,10869.03919,2595.23081,39081.63,8.645364
2019-11-28,14,312258.228715,215463.27401,96794.954705,0.0,0.0,0.0,10837.140787,2665.389213,38185.12,8.177485
2019-11-28,15,304657.711265,207840.606902,96817.104363,0.0,0.0,0.0,10475.234238,1609.445762,37528.67,8.117999
2019-11-28,16,316388.402176,224213.340793,92175.061383,0.0,0.0,0.0,10051.672529,731.977471,37150.58,8.516379
2019-11-28,17,359951.860634,255178.643084,104773.21755,0.0,0.0,0.0,8034.578,427.132,37924.48,9.49128
2019-11-28,18,405732.463613,287913.343135,117819.120478,0.0,0.0,0.0,5374.39,299.66,38054.57,10.661859
2019-11-28,19,425746.999337,287903.473135,137843.526202,0.0,0.0,0.0,3540.99753,203.25247,37835.28,11.252646
2019-11-28,20,419728.176435,287903.473135,131824.7033,0.0,0.0,0.0,3676.840755,98.349245,37568.08,11.172468
2019-11-28,21,398062.459491,278367.451111,119695.00838,0.0,0.0,0.0,4305.201919,42.518081,37149.7,10.715092
2019-11-28,22,372196.726153,269178.223862,103018.502291,0.0,0.0,0.0,5197.4,136.9,36250.97,10.267221
2019-11-28,23,331239.581298,235380.544696,95859.036603,0.0,0.0,0.0,5490.72,112.29,35080.68,9.442222
2019-11-29,0,298263.400504,211669.22567,86594.174834,0.0,0.0,0.0,6386.26,92.86,33968.2,8.780665
2019-11-29,1,278243.430486,206679.59732,71563.833167,0.0,0.0,0.0,7831.3,79.03,33065.29,8.41497
2019-11-29,2,277778.599321,201473.60471,76304.99461,0.0,0.0,0.0,6562.5,70.56,32567.56,8.529303
2019-11-29,3,305469.746823,224858.474602,80611.272222,0.0,0.0,0.0,5828.36,62.14,32381.6,9.433436
2019-11-29,4,316457.245399,229848.102952,86609.142447,0.0,0.0,0.0,5472.68,54.97,32827.94,9.639875
2019-11-29,5,342347.602698,246287.754869,96059.847829,0.0,0.0,0.0,5044.23,62.27,33813.15,10.124688
2019-11-29,6,372605.486318,264627.235061,107978.251256,0.0,0.0,0.0,4857.63,70.9,34979.75,10.652034
2019-11-29,7,382742.011078,264623.945061,118118.066017,0.0,0.0,0.0,5041.79,80.38,35967.97,10.64119
2019-11-29,8,392646.512279,271345.237252,121301.275026,0.0,0.0,0.0,5820.09,71.65,37056.07,10.596011
2019-11-29,9,392907.399287,271341.947252,121565.452034,0.0,0.0,0.0,7503.02,119.17,38220.07,10.280133
2019-11-29,10,371977.406819,251826.377787,120151.029032,0.0,0.0,0.0,9080.827909,689.792091,39190.91,9.491421
2019-11-29,11,365719.189313,253009.047061,112710.142253,0.0,0.0,0.0,10548.925748,460.164252,39565.04,9.243493
2019-11-29,12,349482.571095,236562.815144,112919.755951,0.0,0.0,0.0,11413.343333,731.086667,39644.01,8.81552
2019-11-29,13,332955.025028,228224.024743,104731.000285,0.0,0.0,0.0,12694.866125,1305.213875,39506.38,8.42788
2019-11-29,14,316641.959863,221915.543719,94726.416144,0.0,0.0,0.0,13408.296882,1978.633118,39190.88,8.079481
2019-11-29,15,317866.94743,226850.903209,91016.044221,0.0,0.0,0.0,12829.971145,2433.838855,39046.3,8.14077
2019-11-29,16,320887.964802,227597.567608,93290.397194,0.0,0.0,0.0,12167.606251,1704.643749,39196.19,8.186713
2019-11-29,17,332165.468659,235936.358008,96229.110651,0.0,0.0,0.0,12569.948968,2410.591032,40111.68,8.281016
2019-11-29,18,340875.334191,245312.881927,95562.452265,0.0,0.0,0.0,11747.333457,2227.946543,40291.24,8.460284
2019-11-29,19,339057.734275,245303.011927,93754.722348,0.0,0.0,0.0,11051.966084,2119.883916,39566.99,8.569207
2019-11-29,20,259452.32614,170285.423912,89166.902229,0.0,0.0,0.0,12133.645866,2676.614134,38848.95,6.67849
2019-11-29,21,225645.864003,150628.184938,75017.679065,0.0,0.0,0.0,13948.090904,2727.309096,37944.32,5.946763
2019-11-29,22,189896.989408,126125.86079,63771.128617,0.0,0.0,0.0,15092.284475,2508.965525,36634.61,5.183541
2019-11-29,23,164326.119971,110945.873669,53380.246302,0.0,0.0,0.0,15460.291489,2229.488511,35045.68,4.688912
2019-11-30,0,151618.42284,109575.014159,42043.408681,0.0,0.0,0.0,15428.116545,2072.303455,33462.35,4.531015
2019-11-30,1,127489.567566,84035.453939,43454.113627,0.0,0.0,0.0,15057.612291,2095.027709,32331.34,3.943219
2019-11-30,2,124199.391662,84035.453939,40163.937723,0.0,0.0,0.0,14700.9907,2093.6193,31599.51,3.930421
2019-11-30,3,125650.232812,85779.142937,39871.089875,0.0,0.0,0.0,14109.47397,1755.15603,31245.7,4.021361
2019-11-30,4,131714.8349,86051.310073,45663.524827,0.0,0.0,0.0,13000.177499,942.042501,31240.17,4.216201
2019-11-30,5,144097.316769,92375.93849,51721.378278,0.0,0.0,0.0,12947.402,1191.018,31732.72,4.54097
2019-11-30,6,156732.90772,102605.71839,54127.18933,0.0,0.0,0.0,12712.033519,1608.376481,32655.85,4.799535
2019-11-30,7,179593.507958,119061.277491,60532.230468,0.0,0.0,0.0,12404.340402,1928.399598,33692.23,5.330413
2019-11-30,8,227041.964913,157011.63713,70030.327784,0.0,0.0,0.0,11561.090885,2093.559115,35297.66,6.43221
2019-11-30,9,270870.420783,181631.150836,89239.269947,0.0,0.0,0.0,10105.748336,2828.881664,37101.18,7.300857
2019-11-30,10,279556.378598,181617.990836,97938.387762,0.0,0.0,0.0,10475.534928,1928.595072,38660.22,7.231112
2019-11-30,11,268308.475871,168816.894237,99491.581634,0.0,0.0,0.0,12214.927,2373.033,39697.57,6.758814
2019-11-30,12,306424.40101,217555.375738,88869.025272,0.0,0.0,0.0,12574.101599,2878.368401,40219.91,7.618724
2019-11-30,13,324898.758435,217542.215738,107356.542697,0.0,0.0,0.0,10102.130033,578.449967,40621.79,7.99814
2019-11-30,14,302878.051492,193996.742937,108881.308555,0.0,0.0,0.0,10758.089165,761.120835,40754.5,7.43177
2019-11-30,15,302271.065863,193996.742937,108274.322926,0.0,0.0,0.0,10967.977014,625.442986,40857.27,7.39822
2019-11-30,16,300053.769159,193355.036313,106698.732845,0.0,0.0,0.0,11073.761659,1089.718341,40646.33,7.382063
2019-11-30,17,291286.540849,194000.032937,97286.507912,0.0,0.0,0.0,12497.05465,2447.26535,40915.6,7.119205
2019-11-30,18,321092.869078,212010.412146,109082.456932,0.0,0.0,0.0,11117.342255,2121.127745,41296.51,7.775303
2019-11-30,19,330770.694535,212003.832146,118766.862389,0.0,0.0,0.0,8794.941,1872.059,40367.31,8.194024
2019-11-30,20,311056.211688,212003.832146,99052.379543,0.0,0.0,0.0,9717.560754,1884.659246,39439.79,7.886863
2019-11-30,21,290941.510255,198609.687995,92331.82226,0.0,0.0,0.0,10467.128363,1909.271637,38332.62,7.58992
2019-11-30,22,267000.973629,182166.746078,84834.22755,0.0,0.0,0.0,9928.241041,1783.768959,36827.21,7.2501
2019-11-30,23,229538.292478,156758.263695,72780.028782,0.0,0.0,0.0,9639.261916,1706.408084,34871.87,6.582334
2019-12-01,0,214076.118873,150363.695798,63712.423075,0.0,0.0,0.0,9205.883201,1673.666799,33026.34,6.481981
2019-12-01,1,190097.527488,124121.55629,65975.971198,0.0,0.0,0.0,8784.831459,1620.328541,31971.26,5.945888
2019-12-01,2,192142.832496,124475.846289,67666.986206,0.0,0.0,0.0,7716.73603,969.48397,31251.12,6.14835
2019-12-01,3,199658.876945,130870.414187,68788.462758,0.0,0.0,0.0,6912.807,494.773,30961.97,6.44852
2019-12-01,4,213150.527343,137987.095787,75163.431555,0.0,0.0,0.0,6137.12,416.34,31171.91,6.837904
2019-12-01,5,236781.102875,156326.575979,80454.526896,0.0,0.0,0.0,6016.26,349.9,31793.98,7.447356
2019-12-01,6,313967.070525,231344.163994,82622.90653,0.0,0.0,0.0,6745.77,301.68,33038.58,9.503044
2019-12-01,7,337048.270648,244208.197404,92840.073244,0.0,0.0,0.0,6812.13,269.65,34250.04,9.840814
2019-12-01,8,348828.045699,244201.617404,104626.428295,0.0,0.0,0.0,6735.67,268.23,35641.74,9.787066
2019-12-01,9,347047.156702,244201.617404,102845.539298,0.0,0.0,0.0,7509.75,161.4,36448.5,9.521576
2019-12-01,10,335331.118084,244201.617404,91129.50068,0.0,0.0,0.0,9039.6,160.12,36698.51,9.137459
2019-12-01,11,320163.973206,235862.827003,84301.146203,0.0,0.0,0.0,9969.10357,515.03643,36455.64,8.782289
2019-12-01,12,245343.011384,160494.238989,84848.772396,0.0,0.0,0.0,11059.61441,1462.90559,36161.2,6.784703
2019-12-01,13,229112.990792,154236.062816,74876.927976,0.0,0.0,0.0,12175.944264,1541.875736,35838.21,6.392981
2019-12-01,14,225222.861947,154453.961091,70768.900856,0.0,0.0,0.0,11839.765501,2005.024499,35505.22,6.343373
2019-12-01,15,215624.443843,142158.048797,73466.395046,0.0,0.0,0.0,11297.46,1584.88,35485.2,6.076461
2019-12-01,16,253451.532172,174042.626846,79408.905326,0.0,0.0,0.0,10020.880519,1052.029481,35937.21,7.052621
2019-12-01,17,389473.9699,296633.863569,92840.10633,0.0,0.0,0.0,8050.543886,921.516114,37905.74,10.274802
2019-12-01,18,464184.249064,335987.615497,128196.633568,0.0,0.0,0.0,5898.57,436.87,40147.12,11.562081
2019-12-01,19,492420.33336,335977.745497,156442.587863,0.0,0.0,0.0,3940.192,112.738,40499.72,12.158611
2019-12-01,20,492450.092153,335977.745497,156472.346656,0.0,0.0,0.0,3821.23,229.54,40317.19,12.214395
2019-12-01,21,479126.040604,335977.745497,143148.295107,0.0,0.0,0.0,4084.88,168.3,39500.82,12.129521
2019-12-01,22,439648.116707,313640.626874,126007.489833,0.0,0.0,0.0,4473.12,120.38,37840.6,11.618424
2019-12-01,23,413348.740689,304900.430091,108448.310599,0.0,0.0,0.0,4614.79,102.72,36141.24,11.437038
2019-12-02,0,433101.299018,336634.061182,96467.237835,0.0,0.0,0.0,4559.25,88.32,34836.33,12.432461
2019-12-02,1,337775.695241,236333.830048,101441.865194,0.0,0.0,0.0,4620.51,74.61,34458.72,9.802329
2019-12-02,2,363598.603942,252110.155465,111488.448477,0.0,0.0,0.0,3943.09,0.0,34440.23,10.55738
2019-12-02,3,438071.049261,327127.74348,110943.30578,0.0,0.0,0.0,3385.29,0.0,34993.68,12.518576
2019-12-02,4,464705.675846,337333.672003,127372.003842,0.0,0.0,0.0,3220.192512,20.337488,36397.04,12.767678
2019-12-02,5,594617.538798,455639.091171,138978.447627,0.0,0.0,0.0,3057.168477,85.811523,39467.6,15.065966
2019-12-02,6,672218.413512,472232.74842,199985.665092,0.0,0.0,0.0,3256.8,0.0,43935.1,15.300259
2019-12-02,7,711894.627815,472226.16842,239668.459395,0.0,0.0,0.0,3500.235,7.275,45431.85,15.669506
2019-12-02,8,669163.420156,472226.16842,196937.251735,0.0,0.0,0.0,3263.42,0.0,44248.91,15.12271
2019-12-02,9,633166.174991,467239.27117,165926.903821,0.0,0.0,0.0,3608.81,0.0,42882.46,14.765155
2019-12-02,10,557677.015394,423036.66797,134640.347424,0.0,0.0,0.0,5166.23,0.0,41663.52,13.385259
2019-12-02,11,524029.738283,400572.640126,123457.098157,0.0,0.0,0.0,6123.11,0.0,40435.06,12.959786
2019-12-02,12,425550.515408,325552.272111,99998.243297,0.0,0.0,0.0,7620.15,27.03,39372.19,10.808403
2019-12-02,13,359635.945591,253534.397185,106101.548406,0.0,0.0,0.0,8942.776268,308.253732,38752.77,9.280264
2019-12-02,14,341078.283659,237280.372971,103797.910688,0.0,0.0,0.0,8782.082,708.638,38203.62,8.927905
2019-12-02,15,339936.77249,237280.372971,102656.399519,0.0,0.0,0.0,8362.85,832.92,37822.5,8.987686
2019-12-02,16,374778.844312,273248.993678,101529.850633,0.0,0.0,0.0,7773.055471,868.954529,38190.75,9.813341
2019-12-02,17,467666.862892,347146.620934,120520.241958,0.0,0.0,0.0,6272.504434,755.575566,40190.8,11.636167
2019-12-02,18,537182.408771,378786.216104,158396.192667,0.0,0.0,0.0,4998.88,369.27,42439.58,12.657581
2019-12-02,19,550684.719537,378776.346104,171908.373433,0.0,0.0,0.0,3866.063,389.617,42765.33,12.876896
2019-12-02,20,540844.176481,378776.346104,162067.830377,0.0,0.0,0.0,4732.05,412.65,42891.79,12.609504
2019-12-02,21,507074.774388,363379.408183,143695.366205,0.0,0.0,0.0,5826.67,440.66,42085.13,12.048787
2019-12-02,22,452340.882449,335371.150911,116969.731538,0.0,0.0,0.0,6748.633823,612.236177,40147.11,11.267085
2019-12-02,23,372862.705871,263639.840269,109222.865602,0.0,0.0,0.0,6814.89759,629.79241,38268.64,9.743296
2019-12-03,0,343049.749984,237004.059878,106045.690105,0.0,0.0,0.0,6931.061335,520.438665,37109.88,9.244162
2019-12-03,1,335623.048733,237004.059878,98618.988854,0.0,0.0,0.0,6987.31,487.92,36622.18,9.164475
2019-12-03,2,345046.514232,243725.352069,101321.162163,0.0,0.0,0.0,6342.68,453.14,36592.87,9.429337
2019-12-03,3,368724.808896,263646.420269,105078.388626,0.0,0.0,0.0,5842.62,425.77,37049.33,9.952267
2019-12-03,4,467021.250943,357003.488476,110017.762467,0.0,0.0,0.0,5384.04,403.68,38352.56,12.177055
2019-12-03,5,539739.981031,402588.7864,137151.194631,0.0,0.0,0.0,5155.41,385.29,41250.18,13.084549
2019-12-03,6,617294.517537,421314.035673,195980.481864,0.0,0.0,0.0,5048.644,331.316,45342.34,13.614086
2019-12-03,7,628845.291656,421307.455673,207537.835983,0.0,0.0,0.0,5029.021663,272.918337,46288.32,13.585399
2019-12-03,8,606364.597888,421307.455673,185057.142215,0.0,0.0,0.0,4708.13,332.37,44606.26,13.593711
2019-12-03,9,556912.449634,412118.228424,144794.22121,0.0,0.0,0.0,5682.19,328.84,42517.62,13.098392
2019-12-03,10,444955.450205,314896.922376,130058.527829,0.0,0.0,0.0,8063.84,231.75,40875.36,10.885664
2019-12-03,11,390585.742768,273075.230768,117510.512,0.0,0.0,0.0,8698.95,181.53,39518.64,9.883583
2019-12-03,12,358237.192943,253002.467061,105234.725882,0.0,0.0,0.0,9731.879637,684.190363,38620.58,9.275811
2019-12-03,13,327078.340377,231573.186793,95505.153584,0.0,0.0,0.0,11470.426064,1146.743936,38231.55,8.555194
2019-12-03,14,318178.433279,222386.750983,95791.682297,0.0,0.0,0.0,11334.882983,1287.737017,37968.88,8.379979
2019-12-03,15,318869.711846,222607.939257,96261.772589,0.0,0.0,0.0,10980.252317,1345.667683,37853.98,8.423677
2019-12-03,16,330499.857918,238858.013901,91641.844017,0.0,0.0,0.0,11177.440751,1050.899249,38024.09,8.691855
2019-12-03,17,412114.295839,304295.752184,107818.543655,0.0,0.0,0.0,8857.812,655.718,39482.32,10.437945
2019-12-03,18,474067.030568,339219.529625,134847.500943,0.0,0.0,0.0,5741.34,480.3,41003.97,11.561491
2019-12-03,19,495445.392084,339209.659625,156235.732459,0.0,0.0,0.0,3870.194,307.606,40944.54,12.100402
2019-12-03,20,494260.209904,339209.659625,155050.550279,0.0,0.0,0.0,3651.65,193.44,40596.78,12.174862
2019-12-03,21,477621.135165,339209.659625,138411.47554,0.0,0.0,0.0,3748.8,119.51,39412.4,12.11855
2019-12-03,22,432318.565095,313076.690352,119241.874743,0.0,0.0,0.0,4032.2,88.03,37318.83,11.584462
2019-12-03,23,396971.271864,291535.39697,105435.874894,0.0,0.0,0.0,3717.3,65.32,35218.72,11.271599
2019-12-04,0,361023.505416,257973.089772,103050.415643,0.0,0.0,0.0,3391.04,47.34,33947.6,10.634728
2019-12-04,1,345781.36136,251575.741875,94205.619485,0.0,0.0,0.0,3202.24,33.55,33397.94,10.353374
2019-12-04,2,336349.948861,239634.11958,96715.829281,0.0,0.0,0.0,2990.82,30.09,33421.47,10.063889
2019-12-04,3,341915.278423,239630.82958,102284.448842,0.0,0.0,0.0,2889.86,26.57,33828.39,10.107347
2019-12-04,4,423204.05104,319049.848092,104154.202948,0.0,0.0,0.0,2804.92,23.68,35026.5,12.082396
2019-12-04,5,562461.303736,439875.652355,122585.651381,0.0,0.0,0.0,2166.71,26.39,37834.57,14.866333
2019-12-04,6,648627.206006,472097.759152,176529.446854,0.0,0.0,0.0,1827.05,45.3,41873.58,15.49013
2019-12-04,7,674094.959215,481612.735079,192482.224136,0.0,0.0,0.0,1768.05,88.22,43002.34,15.675774
2019-12-04,8,692176.02775,525239.448254,166936.579496,0.0,0.0,0.0,1532.91,72.69,41730.35,16.586873
2019-12-04,9,580987.454278,440697.524312,140289.929965,0.0,0.0,0.0,2116.94,73.23,40445.15,14.364824
2019-12-04,10,495761.701896,372278.309264,123483.392632,0.0,0.0,0.0,3932.45,49.36,39445.27,12.568343
2019-12-04,11,446132.965036,335049.56936,111083.395675,0.0,0.0,0.0,5048.4,67.07,38681.6,11.533467
2019-12-04,12,389363.702458,277689.839102,111673.863356,0.0,0.0,0.0,6251.84,67.88,38355.73,10.151383
2019-12-04,13,372689.927533,261435.814887,111254.112645,0.0,0.0,0.0,6917.291187,136.458813,38354.37,9.717013
2019-12-04,14,369367.822686,261157.067752,108210.754935,0.0,0.0,0.0,7211.098827,294.171173,38324.87,9.63781
2019-12-04,15,369597.149418,261157.067752,108440.081666,0.0,0.0,0.0,7067.214743,466.175257,38226.99,9.668487
2019-12-04,16,391017.975563,282986.97827,108030.997293,0.0,0.0,0.0,6704.536144,516.613856,38402.68,10.182049
2019-12-04,17,443592.20041,315841.239734,127750.960676,0.0,0.0,0.0,5637.168,521.852,39823.38,11.138989
2019-12-04,18,500495.125689,360030.682934,140464.442755,0.0,0.0,0.0,4507.599,148.131,41089.09,12.18073
2019-12-04,19,513328.670543,360027.392934,153301.27761,0.0,0.0,0.0,3383.84,309.73,40820.85,12.575159
2019-12-04,20,488723.660578,352619.672934,136103.987644,0.0,0.0,0.0,4214.52,360.75,40421.84,12.090584
2019-12-04,21,424818.107327,308420.359734,116397.747593,0.0,0.0,0.0,5534.77,430.21,39274.42,10.816662
2019-12-04,22,363506.118428,271355.630269,92150.488159,0.0,0.0,0.0,6817.300006,519.499994,37000.67,9.824312
2019-12-04,23,303941.916684,224967.025461,78974.891223,0.0,0.0,0.0,7522.632211,526.677789,34638.14,8.774776
2019-12-05,0,274559.77017,208527.373544,66032.396625,0.0,0.0,0.0,8085.71583,709.63417,33062.57,8.304248
2019-12-05,1,205627.085765,133534.479176,72092.606589,0.0,0.0,0.0,8433.748483,761.391517,32339.28,6.358431
2019-12-05,2,206161.869546,134391.994585,71769.874961,0.0,0.0,0.0,7919.25379,775.31621,32063.49,6.429801
2019-12-05,3,217513.816673,142724.204986,74789.611687,0.0,0.0,0.0,7522.653057,609.666943,32256.59,6.743237
2019-12-05,4,248139.045198,163837.135886,84301.909312,0.0,0.0,0.0,7236.47,442.18,33164.27,7.48212
2019-12-05,5,368056.27536,278297.673377,89758.601983,0.0,0.0,0.0,6589.99,384.82,35619.52,10.332994
2019-12-05,6,430441.434972,305367.480353,125073.954619,0.0,0.0,0.0,5996.04,344.25,39200.75,10.980439
2019-12-05,7,446929.231002,305360.900353,141568.330649,0.0,0.0,0.0,5708.929,303.571,40292.39,11.09215
2019-12-05,8,437425.67007,305360.900353,132064.769718,0.0,0.0,0.0,5953.3,399.01,39730.34,11.009865
2019-12-05,9,407503.516908,287021.420161,120482.096747,0.0,0.0,0.0,7336.791172,520.218828,39323.22,10.362923
2019-12-05,10,377340.595017,270230.768244,107109.826773,0.0,0.0,0.0,9549.091354,567.878646,39012.38,9.67233
2019-12-05,11,349350.348869,249984.972384,99365.376485,0.0,0.0,0.0,10732.156981,1853.103019,38790.7,9.006034
2019-12-05,12,325692.934568,219166.697569,106526.236999,0.0,0.0,0.0,10459.275,3650.705,38760.25,8.402756
2019-12-05,13,315870.371252,219163.407569,96706.963682,0.0,0.0,0.0,11090.601633,3403.848367,38990.22,8.101272
2019-12-05,14,280415.946255,174322.387746,106093.558509,0.0,0.0,0.0,11499.011,3768.889,39082.01,7.175065
2019-12-05,15,274235.756689,174322.387746,99913.368944,0.0,0.0,0.0,11553.22963,3620.64037,39049.81,7.022717
2019-12-05,16,276133.419334,174322.387746,101811.031588,0.0,0.0,0.0,11609.382019,3031.287981,39163.37,7.050808
2019-12-05,17,362512.403828,262678.264512,99834.139316,0.0,0.0,0.0,11662.998,1965.442,40136.08,9.032083
2019-12-05,18,393494.565681,279756.333052,113738.232628,0.0,0.0,0.0,10053.554669,1225.095331,41234.66,9.542811
2019-12-05,19,406240.851344,279749.753052,126491.098292,0.0,0.0,0.0,8311.757,594.343,40983.87,9.912213
2019-12-05,20,408144.552303,298092.523244,110052.029059,0.0,0.0,0.0,9015.134696,900.455304,40416.47,10.098471
2019-12-05,21,372302.603676,271558.311511,100744.292165,0.0,0.0,0.0,9471.676315,1060.483685,39080.48,9.526562
2019-12-05,22,270263.186064,178201.243304,92061.94276,0.0,0.0,0.0,9324.026105,975.983895,36864.52,7.331255
2019-12-05,23,236613.89245,161761.591387,74852.301063,0.0,0.0,0.0,8512.129701,346.030299,34367.44,6.884827
2019-12-06,0,217782.036323,154692.589196,63089.447127,0.0,0.0,0.0,8167.174972,541.295028,32420.9,6.717335
2019-12-06,1,183407.424595,117978.293787,65429.130808,0.0,0.0,0.0,8495.090413,1681.699587,31377.81,5.845131
2019-12-06,2,184924.469651,117481.648377,67442.821274,0.0,0.0,0.0,8020.599,1598.831,30965.09,5.972031
2019-12-06,3,178864.002657,117481.648377,61382.35428,0.0,0.0,0.0,8523.020024,1753.669976,30832.27,5.801195
2019-12-06,4,185316.653072,122541.493786,62775.159286,0.0,0.0,0.0,9014.993934,2055.056066,31603.79,5.863748
2019-12-06,5,249477.12319,168836.634237,80640.488953,0.0,0.0,0.0,8769.387,2074.763,33716.07,7.399354
2019-12-06,6,343495.423542,238798.452553,104696.97099,0.0,0.0,0.0,9003.677,2181.643,37325.07,9.202807
2019-12-06,7,340318.522904,238792.382553,101526.140352,0.0,0.0,0.0,9712.767791,2100.452209,38783.75,8.774771
2019-12-06,8,352473.369688,247184.869336,105288.500352,0.0,0.0,0.0,9123.825398,2028.854602,38808.64,9.082343
2019-12-06,9,358308.762348,247181.579336,111127.183012,0.0,0.0,0.0,8781.20292,2042.65708,39037.83,9.178501
2019-12-06,10,348403.233795,247535.869336,100867.36446,0.0,0.0,0.0,9983.651326,1144.808674,39077.44,8.915713
2019-12-06,11,337425.208584,231520.715444,105904.49314,0.0,0.0,0.0,10094.82,2060.37,38966.2,8.659433
2019-12-06,12,324981.608947,231520.715444,93460.893503,0.0,0.0,0.0,10509.168422,2436.531578,38771.84,8.381898
2019-12-06,13,308841.154397,224451.713253,84389.441143,0.0,0.0,0.0,11924.207712,1194.642288,38828.83,7.953913
2019-12-06,14,308130.298418,219973.926119,88156.3723,0.0,0.0,0.0,11792.307859,1416.782141,38840.42,7.933238
2019-12-06,15,309209.990218,219973.926119,89236.064099,0.0,0.0,0.0,11314.588711,1093.651289,38723.62,7.985049
2019-12-06,16,328161.117453,244018.115162,84143.002291,0.0,0.0,0.0,10890.44,508.06,38643.37,8.492042
2019-12-06,17,386944.695176,289400.200461,97544.494715,0.0,0.0,0.0,8312.550006,519.499994,39513.58,9.792702
2019-12-06,18,446037.305625,320010.465605,126026.84002,0.0,0.0,0.0,5626.58,354.74,40330.51,11.05955
2019-12-06,19,462607.649968,320003.885605,142603.764363,0.0,0.0,0.0,3622.97,235.86,39667.56,11.662115
2019-12-06,20,448763.079906,320003.885605,128759.194301,0.0,0.0,0.0,4152.16,222.26,39076.51,11.484216
2019-12-06,21,408972.397943,286121.965885,122850.432057,0.0,0.0,0.0,5009.440356,164.139644,38306.9,10.676207
2019-12-06,22,373349.028556,269178.223862,104170.804694,0.0,0.0,0.0,5818.59,200.23,36927.32,10.110374
2019-12-06,23,342988.377427,242249.31778,100739.059647,0.0,0.0,0.0,5427.799635,168.830365,35264.86,9.726067
2019-12-07,0,324663.08475,230631.129779,94031.954971,0.0,0.0,0.0,4925.78,53.75,33874.82,9.584201
2019-12-07,1,319198.728856,230627.839779,88570.889077,0.0,0.0,0.0,4641.76,27.17,33090.18,9.646328
2019-12-07,2,306325.806359,214188.187862,92137.618497,0.0,0.0,0.0,4338.234737,184.305263,32721.07,9.36173
2019-12-07,3,315137.371799,221463.144971,93674.226828,0.0,0.0,0.0,4164.91,164.6,32775.3,9.615087
2019-12-07,4,336250.76221,239802.625163,96448.137047,0.0,0.0,0.0,4278.17,57.57,33347.56,10.083219
2019-12-07,5,381938.928948,277326.3902,104612.538748,0.0,0.0,0.0,3982.16,50.92,34555.76,11.05283
2019-12-07,6,440501.662759,321522.4134,118979.249359,0.0,0.0,0.0,3735.528773,54.301227,36495.96,12.069875
2019-12-07,7,486806.149463,343657.457432,143148.692031,0.0,0.0,0.0,3528.978667,149.961333,38223.91,12.735645
2019-12-07,8,512078.428367,343647.587432,168430.840935,0.0,0.0,0.0,3093.036233,79.153767,39306.41,13.027861
2019-12-07,9,495735.626761,343647.587432,152088.039329,0.0,0.0,0.0,3478.1,0.0,39169.44,12.656184
2019-12-07,10,452324.911073,334458.360183,117866.550891,0.0,0.0,0.0,5112.05,0.0,38530.93,11.739268
2019-12-07,11,378674.667848,269178.223862,109496.443986,0.0,0.0,0.0,6111.07,22.47,37774.7,10.024558
2019-12-07,12,351696.376315,252738.571945,98957.80437,0.0,0.0,0.0,7268.344182,306.285818,37095.23,9.480906
2019-12-07,13,329254.396583,237280.372971,91974.023612,0.0,0.0,0.0,8132.326471,599.853529,36664.71,8.980145
2019-12-07,14,302427.257796,213734.900169,88692.357627,0.0,0.0,0.0,8611.917103,931.132897,36311.61,8.328666
2019-12-07,15,300204.587806,213105.153034,87099.434771,0.0,0.0,0.0,8792.656358,1050.193642,36301.86,8.269675
2019-12-07,16,321849.238601,241542.808613,80306.429988,0.0,0.0,0.0,8821.588322,1040.681678,36429.33,8.834893
2019-12-07,17,382055.076244,277940.093378,104114.982866,0.0,0.0,0.0,7156.271682,1141.368318,37672.68,10.141436
2019-12-07,18,427416.734778,305370.770353,122045.964425,0.0,0.0,0.0,5707.452706,680.297294,38782.45,11.02088
2019-12-07,19,438575.813011,305360.900353,133214.912658,0.0,0.0,0.0,4477.43,385.48,38560.53,11.373698
2019-12-07,20,421971.489885,296620.703569,125350.786316,0.0,0.0,0.0,5171.37,392.26,38301.25,11.017173
2019-12-07,21,401091.458935,283819.60697,117271.851965,0.0,0.0,0.0,6092.661018,493.608982,37774.83,10.617955
2019-12-07,22,412910.181478,322753.834684,90156.346794,0.0,0.0,0.0,6947.61,410.55,36650.41,11.266182
2019-12-07,23,320179.233053,214809.857004,105369.376049,0.0,0.0,0.0,6894.8,522.36,35207.25,9.094128
2019-12-08,0,290638.183493,208029.869086,82608.314407,0.0,0.0,0.0,7273.09,395.55,33938.92,8.563566
2019-12-08,1,233576.253784,156758.263695,76817.990089,0.0,0.0,0.0,7709.46,406.71,33058.94,7.065449
2019-12-08,2,218357.081519,142091.167851,76265.913668,0.0,0.0,0.0,7627.33,398.47,32580.69,6.70204
2019-12-08,3,216661.166205,142373.204986,74287.961219,0.0,0.0,0.0,7537.12,403.5,32422.63,6.682406
2019-12-08,4,217817.065578,142369.914986,75447.150592,0.0,0.0,0.0,7379.07,420.4,32577.06,6.68621
2019-12-08,5,228506.718167,154084.125528,74422.592639,0.0,0.0,0.0,8223.500006,519.499994,33127.07,6.897885
2019-12-08,6,262373.673885,171499.861961,90873.811924,0.0,0.0,0.0,7927.306,2042.284,34262.86,7.65767
2019-12-08,7,324355.828235,246944.548325,77411.27991,0.0,0.0,0.0,9602.008833,1599.101167,35386.77,9.16602
2019-12-08,8,331869.571043,235451.526058,96418.044985,0.0,0.0,0.0,9190.387241,1649.572759,36520.04,9.087328
2019-12-08,9,335795.640859,235730.273193,100065.367666,0.0,0.0,0.0,9293.466063,1802.943937,36911.86,9.097229
2019-12-08,10,334418.207244,249568.246985,84849.960258,0.0,0.0,0.0,10694.515883,931.844117,36809.76,9.085042
2019-12-08,11,250438.448241,155562.892155,94875.556087,0.0,0.0,0.0,10375.149,2908.191,36624.59,6.837986
2019-12-08,12,239307.810375,155562.892155,83744.91822,0.0,0.0,0.0,11647.085627,2410.654373,36595.22,6.539319
2019-12-08,13,219849.072317,139631.885463,80217.186853,0.0,0.0,0.0,12876.807665,1773.712335,36698.69,5.990652
2019-12-08,14,213196.340202,134936.200054,78260.140148,0.0,0.0,0.0,13368.609143,2403.470857,36853.43,5.78498
2019-12-08,15,211617.866192,134936.200054,76681.666138,0.0,0.0,0.0,13464.046541,2322.743459,36971.38,5.723829
2019-12-08,16,231429.858651,157805.712202,73624.146449,0.0,0.0,0.0,13640.091459,1715.108541,37323.99,6.200566
2019-12-08,17,335097.701526,249104.041244,85993.660281,0.0,0.0,0.0,11922.808,2287.262,39114.88,8.567013
2019-12-08,18,381272.245694,274230.193561,107042.052133,0.0,0.0,0.0,10342.713,1995.977,40786.03,9.348109
2019-12-08,19,418139.723207,292563.093753,125576.629454,0.0,0.0,0.0,7815.13862,1641.68138,40594.66,10.300363
2019-12-08,20,394913.768923,292559.803753,102353.96517,0.0,0.0,0.0,9171.64775,1865.91225,39986.37,9.87621
2019-12-08,21,286325.237917,193996.742937,92328.49498,0.0,0.0,0.0,10614.742354,2757.717646,38617.87,7.41432
2019-12-08,22,225923.194982,159628.225887,66294.969095,0.0,0.0,0.0,12863.87521,2259.91479,36279.85,6.227236
2019-12-08,23,168070.244627,111035.60739,57034.637237,0.0,0.0,0.0,13201.46609,2291.17391,33793.15,4.9735
2019-12-09,0,143588.33795,98811.706582,44776.631368,0.0,0.0,0.0,13447.257623,2068.582377,31944.89,4.494877
2019-12-09,1,125857.796418,85772.562937,40085.233481,0.0,0.0,0.0,13355.017127,2156.712873,30894.4,4.073806
2019-12-09,2,127118.642728,84743.936842,42374.705886,0.0,0.0,0.0,12667.582622,2171.057378,30411.56,4.179945
2019-12-09,3,136360.337606,93541.584234,42818.753372,0.0,0.0,0.0,11908.924628,2164.325372,30383.72,4.487941
2019-12-09,4,152559.848729,102258.008391,50301.840338,0.0,0.0,0.0,11108.681151,2197.368849,31132.55,4.900333
2019-12-09,5,210386.42281,147854.746747,62531.676063,0.0,0.0,0.0,10645.788,2009.712,33202.88,6.336391
2019-12-09,6,323239.1673,233828.428955,89410.738345,0.0,0.0,0.0,9603.17673,1894.95327,36650.83,8.819423
2019-12-09,7,347780.076872,246027.149754,101752.927119,0.0,0.0,0.0,8205.544112,1752.765888,37939.78,9.166634
2019-12-09,8,363116.702013,258824.956353,104291.74566,0.0,0.0,0.0,7585.967,1719.993,38222.37,9.50011
2019-12-09,9,373502.134546,265542.958544,107959.176002,0.0,0.0,0.0,7499.128015,2025.281985,38884.08,9.605528
2019-12-09,10,385327.586219,281982.610461,103344.975758,0.0,0.0,0.0,8455.253776,1077.936224,39705.33,9.704682
2019-12-09,11,384008.567913,263639.840269,120368.727643,0.0,0.0,0.0,8037.495,1916.235,40453.45,9.492604
2019-12-09,12,379427.866646,263639.840269,115788.026376,0.0,0.0,0.0,8620.946,2293.794,40983.86,9.257983
2019-12-09,13,383493.110466,271050.850269,112442.260196,0.0,0.0,0.0,9409.04792,1290.45208,41636.92,9.21041
2019-12-09,14,386577.305375,271047.560269,115529.745106,0.0,0.0,0.0,9076.327531,1274.512469,41843.19,9.238715
2019-12-09,15,389891.062664,271047.560269,118843.502394,0.0,0.0,0.0,8968.137,605.963,41817.67,9.323596
2019-12-09,16,412814.19119,301201.484791,111612.706399,0.0,0.0,0.0,8906.928259,588.001741,42050.44,9.817119
2019-12-09,17,455034.939206,329055.94091,125978.998296,0.0,0.0,0.0,8133.126499,1250.273501,43479.28,10.465558
2019-12-09,18,537389.232746,404070.238925,133318.993821,0.0,0.0,0.0,8093.03633,1640.38367,44741.7,12.010926
2019-12-09,19,489488.82924,352430.940801,137057.888439,0.0,0.0,0.0,8493.99587,1581.29413,44388.82,11.0273
2019-12-09,20,448903.547207,325400.034577,123503.51263,0.0,0.0,0.0,10076.435496,1345.154504,43622.62,10.290614
2019-12-09,21,401354.64299,292566.383753,108788.259237,0.0,0.0,0.0,11680.075887,926.044113,42160.25,9.519741
2019-12-09,22,348287.616044,256462.912863,91824.703181,0.0,0.0,0.0,12842.540006,519.499994,39757.18,8.76037
2019-12-09,23,298715.701897,220626.114495,78089.587402,0.0,0.0,0.0,13382.993456,1044.516544,37309.87,8.006345
2019-12-10,0,286548.264826,218541.295498,68006.969329,0.0,0.0,0.0,13357.886905,1230.043095,35709.38,8.024454
2019-12-10,1,255352.627942,183283.948991,72068.678951,0.0,0.0,0.0,13039.348468,1213.341532,34844.54,7.32834
2019-12-10,2,255919.742138,183283.948991,72635.793147,0.0,0.0,0.0,12734.87455,1229.76545,34393.09,7.441022
2019-12-10,3,263784.835561,187753.382115,76031.453446,0.0,0.0,0.0,12531.241,907.439,34464.41,7.653833
2019-12-10,4,296419.907644,216530.910985,79888.996659,0.0,0.0,0.0,11887.810006,519.499994,35465.67,8.357939
2019-12-10,5,370295.164045,271984.736377,98310.427669,0.0,0.0,0.0,11341.273649,1187.786351,38058.88,9.729534
2019-12-10,6,472054.089967,337025.679902,135028.410065,0.0,0.0,0.0,12901.652,351.128,42053.32,11.225133
2019-12-10,7,512390.940837,364304.088046,148086.852791,0.0,0.0,0.0,12122.942,655.668,44065.22,11.628013
2019-12-10,8,589518.507345,429671.358192,159847.149153,0.0,0.0,0.0,9763.509,874.001,44368.59,13.286843
2019-12-10,9,612122.45423,458909.326709,153213.127522,0.0,0.0,0.0,8319.159722,113.120278,44920.43,13.626816
2019-12-10,10,626189.834107,458902.746709,167287.087399,0.0,0.0,0.0,6664.93,21.15,45296.06,13.824378
2019-12-10,11,614081.576838,458902.746709,155178.830129,0.0,0.0,0.0,7319.17,0.0,45434.22,13.515838
2019-12-10,12,595220.065676,452184.744518,143035.321159,0.0,0.0,0.0,8285.35,32.49,45095.88,13.19899
2019-12-10,13,543793.13255,407985.431318,135807.701232,0.0,0.0,0.0,9387.827606,183.622394,44596.37,12.193664
2019-12-10,14,529745.143181,398267.071592,131478.071589,0.0,0.0,0.0,8915.43453,135.63547,43775.78,12.10133
2019-12-10,15,536940.878053,407456.298841,129484.579212,0.0,0.0,0.0,8472.34,0.0,43506.18,12.341715
2019-12-10,16,598954.801564,468098.553958,130856.247606,0.0,0.0,0.0,7353.38,16.51,44052.49,13.596389
2019-12-10,17,700200.649186,542201.369926,157999.27926,0.0,0.0,0.0,6101.08,53.57,46423.79,15.082798
2019-12-10,18,759527.883066,549605.799926,209922.08314,0.0,0.0,0.0,4353.96,96.49,48408.68,15.689911
2019-12-10,19,769293.166452,549602.509926,219690.656526,0.0,0.0,0.0,4551.044383,77.045617,48497.7,15.862467
2019-12-10,20,755071.276894,545403.469927,209667.806968,0.0,0.0,0.0,4850.436611,181.093389,48186.55,15.669752
2019-12-10,21,719607.253403,545403.469927,174203.783476,0.0,0.0,0.0,5769.120665,258.579335,46957.04,15.3248
2019-12-10,22,632323.681058,492381.477079,139942.203978,0.0,0.0,0.0,7303.817138,501.602862,44656.66,14.159673
2019-12-10,23,520667.043609,372067.656812,148599.386797,0.0,0.0,0.0,6856.64044,431.95956,42475.41,12.258082
2019-12-11,0,504031.44673,372067.656812,131963.789918,0.0,0.0,0.0,6533.038111,447.861889,41190.93,12.236467
2019-12-11,1,486182.102971,357134.704038,129047.398933,0.0,0.0,0.0,6535.360021,324.879979,40669.14,11.954571
2019-12-11,2,494189.107589,357801.320538,136387.787051,0.0,0.0,0.0,6001.571296,293.678704,40618.61,12.166569
2019-12-11,3,528724.325629,388421.455682,140302.869947,0.0,0.0,0.0,5593.514,140.926,40994.14,12.897559
2019-12-11,4,564741.297549,408630.272281,156111.025268,0.0,0.0,0.0,5131.568377,361.611623,42211.26,13.378925
2019-12-11,5,700368.815481,536669.853144,163698.962337,0.0,0.0,0.0,5383.53,100.03,45029.9,15.553417
2019-12-11,6,755633.921129,545406.759927,210227.161202,0.0,0.0,0.0,5377.44,230.7,48835.12,15.473166
2019-12-11,7,768139.2385,545403.469927,222735.768573,0.0,0.0,0.0,5531.575,200.805,49747.25,15.440838
2019-12-11,8,749412.897982,545403.469927,204009.428055,0.0,0.0,0.0,5261.9,238.5,48641.3,15.406926
2019-12-11,9,686082.842832,488780.564553,197302.278279,0.0,0.0,0.0,5544.88,219.36,47426.91,14.466109
2019-12-11,10,621642.184273,467696.451432,153945.732841,0.0,0.0,0.0,7136.89,112.61,45931.93,13.533988
2019-12-11,11,514764.419531,366503.955576,148260.463955,0.0,0.0,0.0,8681.944053,583.385947,44156.36,11.657764
2019-12-11,12,459348.89731,335426.64017,123922.257141,0.0,0.0,0.0,10088.893936,1568.216064,42451.0,10.820685
2019-12-11,13,377517.386661,265480.126778,112037.259883,0.0,0.0,0.0,12001.005197,1486.484803,41221.65,9.158231
2019-12-11,14,342740.458396,236779.179402,105961.278994,0.0,0.0,0.0,12052.780491,2398.309509,40185.74,8.528907
2019-12-11,15,333539.974394,230061.177211,103478.797183,0.0,0.0,0.0,11872.09326,2421.07674,39688.06,8.404038
2019-12-11,16,376322.971428,274236.773561,102086.197867,0.0,0.0,0.0,11607.154453,1867.235547,40328.8,9.33137
2019-12-11,17,465647.057383,336159.376523,129487.68086,0.0,0.0,0.0,9846.311047,2343.508953,42993.53,10.830631
2019-12-11,18,570954.64787,411502.556514,159452.091357,0.0,0.0,0.0,8171.85,2006.42,45773.3,12.47353
2019-12-11,19,603205.555096,411492.686514,191712.868582,0.0,0.0,0.0,6945.934651,1394.675349,46563.79,12.954391
2019-12-11,20,587925.905512,402585.4964,185340.409112,0.0,0.0,0.0,7891.040775,1722.179225,46913.77,12.532054
2019-12-11,21,557427.858746,402582.2064,154845.652346,0.0,0.0,0.0,9971.864504,1752.775496,46214.08,12.061862
2019-12-11,22,469342.703352,331220.733361,138121.969991,0.0,0.0,0.0,11057.092314,1792.767686,44235.06,10.610197
2019-12-11,23,406788.156013,282031.79181,124756.364202,0.0,0.0,0.0,11082.358729,1740.861271,42240.08,9.630383
2019-12-12,0,381335.560662,263228.57376,118106.986902,0.0,0.0,0.0,10918.533,1512.697,41028.03,9.294513
2019-12-12,1,380256.963464,264751.074483,115505.888981,0.0,0.0,0.0,10395.590613,1425.409387,40569.39,9.373002
2019-12-12,2,383771.980167,265602.009893,118169.970274,0.0,0.0,0.0,9793.953,1328.437,40519.53,9.471284
2019-12-12,3,406786.666391,283934.910085,122851.756306,0.0,0.0,0.0,9394.523,1030.967,40790.33,9.972625
2019-12-12,4,448444.957509,316789.575602,131655.381907,0.0,0.0,0.0,8951.977,758.683,41976.37,10.683272
2019-12-12,5,603298.345822,450347.659004,152950.686818,0.0,0.0,0.0,8269.886,560.954,44972.16,13.414929
2019-12-12,6,687934.370106,503353.711851,184580.658255,0.0,0.0,0.0,7490.28,491.64,49108.84,14.008361
2019-12-12,7,713661.071392,503350.421851,210310.649541,0.0,0.0,0.0,6530.67,464.15,49992.84,14.275266
2019-12-12,8,685971.477673,503350.421851,182621.055822,0.0,0.0,0.0,6797.99,519.15,48400.02,14.172959
2019-12-12,9,610876.832391,450328.429004,160548.403387,0.0,0.0,0.0,7709.365745,775.154255,46365.14,13.175348
2019-12-12,10,529530.818113,391950.260204,137580.557909,0.0,0.0,0.0,9644.59108,687.74892,44364.9,11.935806
2019-12-12,11,464137.639786,339801.578227,124336.061559,0.0,0.0,0.0,9776.74675,1554.15325,42327.2,10.96547
2019-12-12,12,416015.773825,308661.001436,107354.772388,0.0,0.0,0.0,10127.791052,2135.478948,40616.16,10.242617
2019-12-12,13,384097.580773,291579.642896,92517.937877,0.0,0.0,0.0,11273.643269,1044.476731,39453.13,9.735541
2019-12-12,14,324606.842557,216562.054881,108044.787677,0.0,0.0,0.0,10042.073,2525.507,38616.43,8.405926
2019-12-12,15,313620.520381,216562.054881,97058.4655,0.0,0.0,0.0,10073.043387,1116.646613,38243.47,8.200629
2019-12-12,16,353524.654233,255197.866804,98326.78743,0.0,0.0,0.0,8966.099,528.771,38681.29,9.139423
2019-12-12,17,495252.834174,380482.007691,114770.826483,0.0,0.0,0.0,6945.63,407.87,40818.88,12.132935
2019-12-12,18,559510.779955,413851.485804,145659.294151,0.0,0.0,0.0,4849.28,347.13,42864.67,13.052959
2019-12-12,19,582603.2549,413844.905804,168758.349097,0.0,0.0,0.0,3423.103,102.487,43145.73,13.50315
2019-12-12,20,576697.706287,413844.905804,162852.800484,0.0,0.0,0.0,3786.51,300.05,43092.79,13.382696
2019-12-12,21,550050.398225,406437.185804,143613.212421,0.0,0.0,0.0,4575.53,287.72,42202.04,13.03374
2019-12-12,22,500030.234279,377661.422749,122368.81153,0.0,0.0,0.0,5189.56,278.03,40221.16,12.432019
2019-12-12,23,460809.791827,349679.5478,111130.244027,0.0,0.0,0.0,4688.9,164.21,38260.21,12.0441
2019-12-13,0,433498.552892,333230.535883,100268.01701,0.0,0.0,0.0,4287.62,86.59,36807.18,11.777554
2019-12-13,1,376200.166937,264452.000376,111748.166561,0.0,0.0,0.0,4119.95,38.11,36106.09,10.4193
2019-12-13,2,379446.602179,264452.000376,114994.601804,0.0,0.0,0.0,3755.0,0.0,35951.48,10.554408
2019-12-13,3,383252.473521,264452.000376,118800.473145,0.0,0.0,0.0,3823.14,0.0,36175.27,10.594322
2019-12-13,4,438854.130004,325097.545493,113756.584512,0.0,0.0,0.0,4077.0,29.67,37283.26,11.770809
2019-12-13,5,567471.048214,439069.226198,128401.822016,0.0,0.0,0.0,4320.52,44.24,39848.88,14.240577
2019-12-13,6,610268.886841,439056.066198,171212.820643,0.0,0.0,0.0,4519.62,64.27,43664.03,13.976467
2019-12-13,7,617077.494184,439056.066198,178021.427986,0.0,0.0,0.0,5118.572,58.998,44642.52,13.82264
2019-12-13,8,599273.759376,439056.066198,160217.693178,0.0,0.0,0.0,5004.1,76.07,43419.65,13.801902
2019-12-13,9,554636.82542,420716.586006,133920.239414,0.0,0.0,0.0,5750.64,76.45,41935.71,13.225884
2019-12-13,10,450933.89473,324744.170719,126189.724011,0.0,0.0,0.0,7937.84,60.75,40694.88,11.080851
2019-12-13,11,397981.467025,286297.860087,111683.606938,0.0,0.0,0.0,9374.528455,120.311545,39634.27,10.041347
2019-12-13,12,354994.718972,257596.912711,97397.806261,0.0,0.0,0.0,10571.337782,540.912218,38835.05,9.141091
2019-12-13,13,307164.789414,213397.599511,93767.189903,0.0,0.0,0.0,11343.749902,1989.910098,38546.79,7.968622
2019-12-13,14,296006.179512,205058.80911,90947.370402,0.0,0.0,0.0,11922.274927,1472.355073,38361.98,7.716134
2019-12-13,15,291877.577122,203298.053962,88579.52316,0.0,0.0,0.0,12355.517803,906.602197,38272.76,7.626248
2019-12-13,16,310614.71879,222154.246294,88460.472496,0.0,0.0,0.0,11637.427779,895.782221,38328.45,8.104025
2019-12-13,17,389776.176177,290058.298519,99717.877657,0.0,0.0,0.0,9727.473,288.617,39554.83,9.854073
2019-12-13,18,486668.159951,356811.928805,129856.231146,0.0,0.0,0.0,6508.627,131.803,40570.27,11.995685
2019-12-13,19,509757.530961,356795.478805,152962.052156,0.0,0.0,0.0,3174.72,56.02,39991.89,12.746523
2019-12-13,20,503337.393707,351805.850455,151531.543252,0.0,0.0,0.0,3090.61,55.94,39580.65,12.716754
2019-12-13,21,497714.106086,356798.768805,140915.337281,0.0,0.0,0.0,3091.55,61.16,38925.7,12.78626
2019-12-13,22,474359.345647,343994.382206,130364.963441,0.0,0.0,0.0,3113.52,71.59,37722.64,12.574924
2019-12-13,23,412693.950225,290259.046983,122434.903242,0.0,0.0,0.0,3104.22,109.14,36215.82,11.395405
2019-12-14,0,382367.398537,271919.566791,110447.831747,0.0,0.0,0.0,3075.55,161.74,34897.17,10.956974
2019-12-14,1,360139.440895,250838.74367,109300.697225,0.0,0.0,0.0,3174.1,231.32,34288.52,10.503208
2019-12-14,2,365067.567045,251291.064136,113776.502908,0.0,0.0,0.0,2694.775743,74.414257,34029.49,10.727976
2019-12-14,3,386252.962623,272371.887257,113881.075366,0.0,0.0,0.0,2406.740178,30.929822,34259.87,11.27421
2019-12-14,4,402115.643007,281112.08404,121003.558967,0.0,0.0,0.0,2240.63,110.42,35085.89,11.460893
2019-12-14,5,471249.09253,338115.783839,133133.308691,0.0,0.0,0.0,1990.42,0.0,36376.12,12.954903
2019-12-14,6,509989.3031,356451.974031,153537.329068,0.0,0.0,0.0,1950.67,0.0,38278.85,13.323005
2019-12-14,7,553047.218958,384821.101304,168226.117654,0.0,0.0,0.0,2236.11,0.0,39963.44,13.838829
2019-12-14,8,579753.183876,384811.231304,194941.952573,0.0,0.0,0.0,1720.36,0.0,40603.8,14.278299
2019-12-14,9,542858.227232,384811.231304,158046.995929,0.0,0.0,0.0,2208.13,81.49,39780.68,13.646278
2019-12-14,10,478136.585025,354667.176782,123469.408243,0.0,0.0,0.0,4127.04,132.0,38800.72,12.322879
2019-12-14,11,394099.690873,281979.320461,112120.370412,0.0,0.0,0.0,5471.65,261.24,37882.1,10.403322
2019-12-14,12,357286.874898,256921.838078,100365.036819,0.0,0.0,0.0,6735.01,349.05,37248.43,9.591998
2019-12-14,13,329543.226769,235380.544696,94162.682073,0.0,0.0,0.0,7649.94,265.65,36870.86,8.937769
2019-12-14,14,318136.779345,230390.916345,87745.863,0.0,0.0,0.0,8353.357012,535.512988,36697.49,8.66917
2019-12-14,15,303403.762793,213951.264428,89452.498364,0.0,0.0,0.0,8906.908,670.232,36782.28,8.248639
2019-12-14,16,305308.233761,225665.47497,79642.758791,0.0,0.0,0.0,9692.272712,609.187288,36973.25,8.257544
2019-12-14,17,364161.274775,273189.022293,90972.252482,0.0,0.0,0.0,7856.6,358.66,38063.38,9.567234
2019-12-14,18,413009.366731,291518.632485,121490.734246,0.0,0.0,0.0,5483.11,292.8,39256.16,10.52088
2019-12-14,19,429639.952074,291515.342485,138124.609589,0.0,0.0,0.0,4385.41,0.0,38799.47,11.073346
2019-12-14,20,415838.780857,291515.342485,124323.438372,0.0,0.0,0.0,4808.5,294.19,38340.47,10.845949
2019-12-14,21,377149.020593,269974.049102,107174.971491,0.0,0.0,0.0,6102.36,333.49,37808.32,9.975292
2019-12-14,22,335087.062492,251634.56891,83452.493582,0.0,0.0,0.0,8018.41,376.36,36702.83,9.129734
2019-12-14,23,295110.092704,214188.187862,80921.904841,0.0,0.0,0.0,7860.08,396.36,35340.32,8.350521
2019-12-15,0,281479.614996,207470.185671,74009.429324,0.0,0.0,0.0,7654.38,415.96,34080.73,8.259201
2019-12-15,1,226200.167263,150844.549197,75355.618067,0.0,0.0,0.0,7684.01,438.59,33298.82,6.793039
2019-12-15,2,230339.549325,150844.549197,79495.000128,0.0,0.0,0.0,6744.86,325.31,32776.27,7.027632
2019-12-15,3,239795.716682,158119.506305,81676.210377,0.0,0.0,0.0,6095.78,234.08,32531.83,7.371111
2019-12-15,4,242730.042417,158116.216305,84613.826112,0.0,0.0,0.0,5674.02,160.24,32511.38,7.466002
2019-12-15,5,297401.405749,211282.417665,86118.988085,0.0,0.0,0.0,5457.49,123.26,32947.75,9.026456
2019-12-15,6,315638.962358,229619.117856,86019.844502,0.0,0.0,0.0,5443.56,112.05,33894.25,9.312463
2019-12-15,7,361909.623767,273818.431056,88091.19271,0.0,0.0,0.0,5822.97,122.48,34929.31,10.361202
2019-12-15,8,391431.356725,273815.141056,117616.215669,0.0,0.0,0.0,5509.43,42.66,36140.63,10.830784
2019-12-15,9,408370.075492,284738.763247,123631.312245,0.0,0.0,0.0,5754.98924,27.50076,37070.02,11.016182
2019-12-15,10,381990.153597,284732.183247,97257.97035,0.0,0.0,0.0,7192.77,190.71,37430.13,10.205419
2019-12-15,11,320468.002678,222193.389855,98274.612823,0.0,0.0,0.0,8486.0293,107.9407,37784.66,8.481431
2019-12-15,12,309031.795309,222193.389855,86838.405454,0.0,0.0,0.0,10332.235091,88.954909,38205.49,8.088675
2019-12-15,13,293605.970361,208523.497646,85082.472715,0.0,0.0,0.0,11886.355872,379.684128,38677.55,7.591121
2019-12-15,14,302768.879735,209938.674396,92830.205339,0.0,0.0,0.0,11447.175306,1047.114694,39116.12,7.740258
2019-12-15,15,314989.203161,214925.012746,100064.190414,0.0,0.0,0.0,11297.257,876.763,39427.37,7.9891
2019-12-15,16,379973.638006,298686.087545,81287.550461,0.0,0.0,0.0,11257.107087,828.832913,39515.47,9.61582
2019-12-15,17,404546.65911,296570.602184,107976.056926,0.0,0.0,0.0,9501.094,863.766,40772.14,9.922135
2019-12-15,18,457668.815695,324092.729625,133576.086069,0.0,0.0,0.0,7586.789766,522.410234,42258.44,10.830235
2019-12-15,19,471152.084193,324086.149625,147065.934567,0.0,0.0,0.0,6230.82,415.82,42158.15,11.175824
2019-12-15,20,456650.879298,324086.149625,132564.729673,0.0,0.0,0.0,6929.364432,617.465568,41631.94,10.968763
2019-12-15,21,408488.46718,301957.685594,106530.781586,0.0,0.0,0.0,9204.03708,876.10292,40520.3,10.081082
2019-12-15,22,327790.111745,248803.427061,78986.684684,0.0,0.0,0.0,12492.592748,1552.347252,38424.96,8.530656
2019-12-15,23,226551.404799,139347.73273,87203.672069,0.0,0.0,0.0,11369.957,1526.723,36120.87,6.272036
2019-12-16,0,213052.885763,138996.73273,74056.153033,0.0,0.0,0.0,10544.686092,1034.083908,34432.41,6.187568
2019-12-16,1,205785.55044,132278.730539,73506.819901,0.0,0.0,0.0,9685.637103,858.002897,33595.14,6.125456
2019-12-16,2,212819.954506,141941.684538,70878.269968,0.0,0.0,0.0,9197.744359,656.395641,33278.22,6.395172
2019-12-16,3,223538.265692,147501.967147,76036.298546,0.0,0.0,0.0,8276.746797,843.853203,33489.3,6.674916
2019-12-16,4,295432.82644,214751.21278,80681.61366,0.0,0.0,0.0,8124.806,564.994,34591.26,8.540678
2019-12-16,5,402893.153712,313165.626872,89727.52684,0.0,0.0,0.0,7573.59,516.69,37200.83,10.830219
2019-12-16,6,486953.572732,370156.676671,116796.896061,0.0,0.0,0.0,7369.815683,523.044317,41143.46,11.835504
2019-12-16,7,512796.635019,370150.096671,142646.538348,0.0,0.0,0.0,7329.74,496.2,43088.89,11.900901
2019-12-16,8,519021.009228,374352.42667,144668.582558,0.0,0.0,0.0,8029.682847,604.607153,43542.17,11.919962
2019-12-16,9,525353.193685,374349.13667,151004.057015,0.0,0.0,0.0,8857.43478,1346.91522,44291.0,11.861398
2019-12-16,10,511892.870992,361548.040071,150344.830921,0.0,0.0,0.0,10614.778456,1438.391544,44954.29,11.386964
2019-12-16,11,511546.159092,361548.040071,149998.119021,0.0,0.0,0.0,10785.857245,2560.072755,45142.03,11.331926
2019-12-16,12,482673.682752,343208.559879,139465.122873,0.0,0.0,0.0,11605.629681,2663.810319,44593.6,10.823833
2019-12-16,13,451696.91595,326768.907962,124928.007988,0.0,0.0,0.0,13109.287568,2103.152432,43893.74,10.290691
2019-12-16,14,440122.146256,312164.868728,127957.277528,0.0,0.0,0.0,12886.399606,2568.100394,43416.89,10.137118
2019-12-16,15,442016.029103,312164.868728,129851.160375,0.0,0.0,0.0,12779.387,2640.423,43380.17,10.189357
2019-12-16,16,519732.20786,393056.169194,126676.038666,0.0,0.0,0.0,13092.378914,2094.731086,44233.03,11.749867
2019-12-16,17,572747.708238,436964.557167,135783.151072,0.0,0.0,0.0,12343.878864,2272.641136,46518.77,12.312185
2019-12-16,18,659955.897844,508319.450206,151636.447638,0.0,0.0,0.0,10709.395762,1881.574238,48696.16,13.552524
2019-12-16,19,672752.014308,469481.248682,203270.765626,0.0,0.0,0.0,7632.20817,1560.29183,48868.02,13.766713
2019-12-16,20,655048.840338,476888.968682,178159.871656,0.0,0.0,0.0,9090.124109,1210.495891,48745.13,13.438242
2019-12-16,21,590314.548769,423863.685834,166450.862935,0.0,0.0,0.0,11115.636021,571.043979,47683.85,12.379759
2019-12-16,22,525771.348967,387247.986835,138523.362131,0.0,0.0,0.0,11571.184393,814.515607,45439.68,11.570754
2019-12-16,23,451242.131315,312097.531627,139144.599687,0.0,0.0,0.0,11517.20252,1104.67748,43236.86,10.436515
2019-12-17,0,593651.46428,475871.984075,117779.480205,0.0,0.0,0.0,11754.725091,718.264909,41869.06,14.178763
2019-12-17,1,515230.409711,392510.045659,122720.364052,0.0,0.0,0.0,11418.671658,687.158342,41333.33,12.465253
2019-12-17,2,507800.287193,385883.375174,121916.912019,0.0,0.0,0.0,11860.4,433.28,41344.06,12.282303
2019-12-17,3,534596.381982,407958.570709,126637.811273,0.0,0.0,0.0,11297.062,311.108,41902.72,12.758035
2019-12-17,4,708555.055701,574631.049673,133924.006028,0.0,0.0,0.0,10592.11,472.69,43443.42,16.309836
2019-12-17,5,844802.402309,699851.303477,144951.098832,0.0,0.0,0.0,9956.2,269.01,46696.05,18.091517
2019-12-17,6,946593.85248,762381.692251,184212.160229,0.0,0.0,0.0,9040.413,199.297,51247.33,18.471086
2019-12-17,7,1028464.983486,814013.900375,214451.08311,0.0,0.0,0.0,7793.2,222.04,52930.46,19.430494
2019-12-17,8,1018528.495182,814011.120375,204517.374806,0.0,0.0,0.0,6801.59,161.61,51984.43,19.592953
2019-12-17,9,988847.763972,804492.854448,184354.909524,0.0,0.0,0.0,6533.9,123.3,50425.75,19.609976
2019-12-17,10,886472.084335,729475.266433,156996.817901,0.0,0.0,0.0,7792.46,57.94,48659.73,18.217776
2019-12-17,11,805929.750087,676453.273586,129476.476501,0.0,0.0,0.0,9122.92,106.39,46679.76,17.265079
2019-12-17,12,593583.518528,471383.120749,122200.397779,0.0,0.0,0.0,10748.84,180.38,44814.53,13.245336
2019-12-17,13,543475.376996,438135.779701,105339.597296,0.0,0.0,0.0,11911.258004,95.921996,43468.23,12.502818
2019-12-17,14,522154.890256,424405.954567,97748.93569,0.0,0.0,0.0,12050.007546,339.522454,42298.76,12.344449
2019-12-17,15,513489.892271,417687.952376,95801.939896,0.0,0.0,0.0,11824.676259,687.943741,41816.42,12.279623
2019-12-17,16,425580.211732,312058.220279,113521.991454,0.0,0.0,0.0,11472.359343,884.480657,42544.46,10.003188
2019-12-17,17,595966.613395,455752.90679,140213.706605,0.0,0.0,0.0,9500.846803,661.553197,45582.46,13.074472
2019-12-17,18,711434.027947,530754.554805,180679.473143,0.0,0.0,0.0,7090.37,444.05,48619.55,14.632674
2019-12-17,19,749333.024705,530751.264805,218581.7599,0.0,0.0,0.0,5903.323,26.237,49622.93,15.10054
2019-12-17,20,764701.951127,546044.141494,218657.809633,0.0,0.0,0.0,6304.81,0.0,50136.03,15.252543
2019-12-17,21,743927.303247,546040.851494,197886.451753,0.0,0.0,0.0,6794.2,380.15,49611.5,14.995058
2019-12-17,22,686333.614548,530751.264805,155582.349744,0.0,0.0,0.0,7694.49,415.56,47772.39,14.366742
2019-12-17,23,569270.684459,402711.683942,166559.000517,0.0,0.0,0.0,7740.791,324.459,45966.81,12.384385
2019-12-18,0,541847.79884,391794.641752,150053.157087,0.0,0.0,0.0,7692.944,217.476,44882.04,12.072709
2019-12-18,1,551124.605612,400987.159002,150137.446611,0.0,0.0,0.0,7324.07,462.06,44707.16,12.327435
2019-12-18,2,562959.924328,407705.161193,155254.763136,0.0,0.0,0.0,7043.56,420.93,44988.35,12.51346
2019-12-18,3,596546.760878,432988.314312,163558.446566,0.0,0.0,0.0,6789.709,374.991,45723.79,13.046748
2019-12-18,4,770086.236651,596814.153897,173272.082754,0.0,0.0,0.0,6809.129,364.411,47414.99,16.241409
2019-12-18,5,906551.460056,734373.020686,172178.439369,0.0,0.0,0.0,6600.556,372.944,50664.86,17.893101
2019-12-18,6,1001845.616267,770472.488923,231373.127344,0.0,0.0,0.0,6474.99,359.46,55028.87,18.205818
2019-12-18,7,1023958.656424,770465.908923,253492.747501,0.0,0.0,0.0,6318.85,345.28,56066.16,18.263399
2019-12-18,8,978707.714296,755176.322234,223531.392062,0.0,0.0,0.0,5618.85,321.73,53589.22,18.263145
2019-12-18,9,873364.648237,682727.142563,190637.505674,0.0,0.0,0.0,5227.02,297.43,50192.96,17.400142
2019-12-18,10,781594.372311,629705.149715,151889.222596,0.0,0.0,0.0,6311.28,154.79,47078.68,16.601875
2019-12-18,11,643665.14493,506736.244459,136928.900471,0.0,0.0,0.0,7262.56,233.47,44289.09,14.533266
2019-12-18,12,567998.404776,452742.793848,115255.610928,0.0,0.0,0.0,8456.84,210.8,42028.49,13.514604
2019-12-18,13,513499.162476,406558.303308,106940.859168,0.0,0.0,0.0,9419.707885,242.062115,40617.94,12.642176
2019-12-18,14,499896.001209,397818.106525,102077.894684,0.0,0.0,0.0,9018.547584,239.342416,39559.41,12.636589
2019-12-18,15,516667.659223,416160.876717,100506.782507,0.0,0.0,0.0,8227.21,130.39,39056.24,13.228812
2019-12-18,16,435464.883095,319014.003026,116450.880069,0.0,0.0,0.0,7076.18,93.2,39598.33,10.997052
2019-12-18,17,566443.355765,429033.115673,137410.240092,0.0,0.0,0.0,5309.33,184.06,42388.48,13.363144
2019-12-18,18,663411.258121,461529.454042,201881.804079,0.0,0.0,0.0,3658.89,265.87,45623.84,14.54089
2019-12-18,19,704074.121151,483983.111963,220091.009188,0.0,0.0,0.0,2796.64,405.49,46742.83,15.062719
2019-12-18,20,706105.16703,483976.531963,222128.635067,0.0,0.0,0.0,3115.37,424.87,47563.86,14.845413
2019-12-18,21,692059.072837,483976.531963,208082.540874,0.0,0.0,0.0,3802.95,442.21,47408.71,14.59772
2019-12-18,22,638123.356204,462895.708842,175227.647362,0.0,0.0,0.0,4689.99,462.72,45949.47,13.887502
2019-12-18,23,578870.022596,409873.715995,168996.306601,0.0,0.0,0.0,4801.78,455.0,44335.95,13.056448
2019-12-19,0,529810.769578,365674.402795,164136.366783,0.0,0.0,0.0,4957.327,368.993,43461.57,12.190327
2019-12-19,1,527168.460732,365674.402795,161494.057937,0.0,0.0,0.0,4960.17,448.42,43349.43,12.160909
2019-12-19,2,589617.594231,423369.24173,166248.352501,0.0,0.0,0.0,4629.682,167.158,43672.32,13.500945
2019-12-19,3,616255.816815,444447.284851,171808.531964,0.0,0.0,0.0,3974.05,422.81,44431.3,13.869858
2019-12-19,4,817654.252471,645023.216786,172631.035685,0.0,0.0,0.0,3717.55,427.67,46057.28,17.752986
2019-12-19,5,918296.738693,725003.383987,193293.354706,0.0,0.0,0.0,4029.8,419.7,49409.84,18.585301
2019-12-19,6,1016825.119298,750806.183886,266018.935412,0.0,0.0,0.0,4332.4,412.0,53825.56,18.89112
2019-12-19,7,1053144.676741,750799.603886,302345.072855,0.0,0.0,0.0,4544.61,404.85,54982.43,19.154204
2019-12-19,8,997775.90758,750799.603886,246976.303694,0.0,0.0,0.0,3999.46,407.69,52775.12,18.90618
2019-12-19,9,898820.035471,700511.365608,198308.669863,0.0,0.0,0.0,4121.46,414.47,49565.02,18.134161
2019-12-19,10,741718.536128,583599.782924,158118.753204,0.0,0.0,0.0,5671.96,239.47,46638.91,15.903428
2019-12-19,11,639926.411005,515531.852156,124394.55885,0.0,0.0,0.0,7763.493608,1027.246392,44180.39,14.484399
2019-12-19,12,538858.843536,434267.809491,104591.034045,0.0,0.0,0.0,9833.56833,1679.31167,42181.52,12.774761
2019-12-19,13,474510.266933,380902.837375,93607.429558,0.0,0.0,0.0,12059.445036,1453.454964,41017.08,11.568602
2019-12-19,14,421498.676788,323992.137583,97506.539204,0.0,0.0,0.0,12053.070074,3326.109926,40184.26,10.489149
2019-12-19,15,408811.941548,323350.43096,85461.510588,0.0,0.0,0.0,13380.798641,2507.741359,39886.91,10.249276
2019-12-19,16,351834.452694,251465.14651,100369.306184,0.0,0.0,0.0,12202.076522,3497.133478,40554.41,8.675615
2019-12-19,17,422909.469987,303981.612184,118927.857803,0.0,0.0,0.0,11929.717,2372.413,42998.17,9.835523
2019-12-19,18,529635.127897,387125.148074,142509.979823,0.0,0.0,0.0,9751.045543,1466.214457,45441.99,11.655192
2019-12-19,19,568638.30117,387111.988074,181526.313096,0.0,0.0,0.0,7365.71,215.17,46056.1,12.346645
2019-12-19,20,552363.797354,387111.988074,165251.80928,0.0,0.0,0.0,8270.132786,533.367214,46263.17,11.939601
2019-12-19,21,521647.402172,377575.966051,144071.436121,0.0,0.0,0.0,10199.117379,539.382621,45549.71,11.452266
2019-12-19,22,460778.403309,335426.64017,125351.763139,0.0,0.0,0.0,11258.789382,681.810618,43569.81,10.575635
2019-12-19,23,395641.359367,281631.333561,114010.025805,0.0,0.0,0.0,10717.066287,663.653713,41330.32,9.572666
2019-12-20,0,383880.642248,276813.159645,107067.482603,0.0,0.0,0.0,10082.461428,612.888572,39727.49,9.662847
2019-12-20,1,366749.70361,260661.952862,106087.750749,0.0,0.0,0.0,9539.92072,493.22928,38833.49,9.44416
2019-12-20,2,370119.709355,260661.952862,109457.756494,0.0,0.0,0.0,8279.22,339.72,38407.93,9.636544
2019-12-20,3,397224.056717,285848.381562,111375.675155,0.0,0.0,0.0,7163.248,229.512,38385.68,10.348236
2019-12-20,4,422476.828714,295381.113586,127095.715129,0.0,0.0,0.0,6174.34,211.11,39106.46,10.803249
2019-12-20,5,504877.974143,368988.340634,135889.633509,0.0,0.0,0.0,6255.872,218.018,41193.42,12.256277
2019-12-20,6,561368.837306,394837.138074,166531.699232,0.0,0.0,0.0,6341.73,335.08,44218.14,12.695442
2019-12-20,7,575094.292982,394827.778074,180266.514908,0.0,0.0,0.0,6476.902,385.378,45620.82,12.605961
2019-12-20,8,573732.569766,394827.778074,178904.791692,0.0,0.0,0.0,6356.342,431.658,45511.22,12.606398
2019-12-20,9,571386.742356,394827.778074,176558.964282,0.0,0.0,0.0,6524.62,502.77,45513.3,12.554281
2019-12-20,10,559282.997697,394827.778074,164455.219623,0.0,0.0,0.0,8019.48,313.86,45365.65,12.328336
2019-12-20,11,530175.188402,364683.723552,165491.46485,0.0,0.0,0.0,8355.542556,931.907444,44946.18,11.795779
2019-12-20,12,514205.627458,364683.723552,149521.903906,0.0,0.0,0.0,9097.360019,1455.139981,44227.82,11.626294
2019-12-20,13,496773.990603,355943.526769,140830.463834,0.0,0.0,0.0,10122.212207,979.297793,43870.89,11.323545
2019-12-20,14,478236.159992,337604.046577,140632.113415,0.0,0.0,0.0,9338.66235,673.99765,43532.44,10.985742
2019-12-20,15,480204.118686,337604.046577,142600.072109,0.0,0.0,0.0,8487.429,335.991,43383.39,11.068847
2019-12-20,16,520140.019241,376501.457882,143638.561358,0.0,0.0,0.0,8147.274306,91.225694,43661.65,11.912972
2019-12-20,17,580073.90234,415915.181195,164158.721145,0.0,0.0,0.0,6592.54,98.99,45009.96,12.887679
2019-12-20,18,608918.392,425430.157122,183488.234879,0.0,0.0,0.0,5072.065,20.965,45512.45,13.379161
2019-12-20,19,622984.899987,425426.867122,197558.032866,0.0,0.0,0.0,3841.55,108.66,44807.0,13.90374
2019-12-20,20,618030.316708,425426.867122,192603.449587,0.0,0.0,0.0,3504.78,98.57,44164.63,13.993785
2019-12-20,21,594074.902514,415908.601195,178166.301319,0.0,0.0,0.0,3474.68,104.61,43134.98,13.772463
2019-12-20,22,559713.211548,403107.504595,156605.706953,0.0,0.0,0.0,3646.17,127.4,41533.67,13.476132
2019-12-20,23,494020.420941,347489.386146,146531.034794,0.0,0.0,0.0,3486.23,105.38,39586.23,12.479603
2019-12-21,0,457664.157461,329559.962114,128104.195347,0.0,0.0,0.0,3516.2,87.49,37793.61,12.109564
2019-12-21,1,412913.828535,290139.658801,122774.169734,0.0,0.0,0.0,3908.75,73.88,36738.59,11.23924
2019-12-21,2,399507.004033,272887.846778,126619.157255,0.0,0.0,0.0,3726.79,0.0,36167.34,11.046071
2019-12-21,3,392688.068588,272887.846778,119800.22181,0.0,0.0,0.0,4168.44,0.0,35966.99,10.918013
2019-12-21,4,380529.092582,268688.806779,111840.285804,0.0,0.0,0.0,5269.21,44.35,36321.31,10.476745
2019-12-21,5,415647.958752,295775.063754,119872.894998,0.0,0.0,0.0,4908.11,39.78,37250.6,11.158155
2019-12-21,6,451235.789155,312775.200352,138460.588802,0.0,0.0,0.0,4710.27,44.37,38836.18,11.618954
2019-12-21,7,525373.383287,378055.336673,147318.046614,0.0,0.0,0.0,4746.46,60.17,40676.18,12.915996
2019-12-21,8,560412.601749,387588.068697,172824.533052,0.0,0.0,0.0,3883.91,53.7,41930.09,13.365404
2019-12-21,9,578002.375792,396777.295946,181225.079846,0.0,0.0,0.0,3689.74,53.04,42526.83,13.591476
2019-12-21,10,550408.580624,396774.005946,153634.574678,0.0,0.0,0.0,5256.94,32.79,42324.38,13.004528
2019-12-21,11,514378.482033,365247.660074,149130.82196,0.0,0.0,0.0,5749.32,27.44,41509.8,12.391736
2019-12-21,12,475708.292682,344166.836953,131541.455729,0.0,0.0,0.0,6547.72,0.0,40397.47,11.775695
2019-12-21,13,420692.215549,299967.523753,120724.691796,0.0,0.0,0.0,7251.439167,116.990833,39314.04,10.700814
2019-12-21,14,390622.406844,269402.149645,121220.257199,0.0,0.0,0.0,7362.571892,227.488108,38588.72,10.12271
2019-12-21,15,388669.843534,269402.149645,119267.693889,0.0,0.0,0.0,7282.759637,24.460363,38358.71,10.132506
2019-12-21,16,426215.332867,308188.790185,118026.542682,0.0,0.0,0.0,6685.94,0.0,38769.05,10.993701
2019-12-21,17,539111.481885,397098.015946,142013.465939,0.0,0.0,0.0,4412.07,0.0,40526.64,13.302644
2019-12-21,18,601446.310494,425436.737122,176009.573373,0.0,0.0,0.0,2447.15,0.0,42108.85,14.283133
2019-12-21,19,621561.526443,425426.867122,196134.659322,0.0,0.0,0.0,1218.7,0.0,42078.03,14.77164
2019-12-21,20,620609.350432,425426.867122,195182.48331,0.0,0.0,0.0,1182.13,28.72,42024.46,14.767813
2019-12-21,21,604418.534233,418019.147122,186399.387111,0.0,0.0,0.0,1498.87,87.17,41786.82,14.464334
2019-12-21,22,566637.595299,408500.881195,158136.714104,0.0,0.0,0.0,2471.12,195.67,40918.71,13.847885
2019-12-21,23,515391.907499,355112.340745,160279.566754,0.0,0.0,0.0,2077.01,143.57,39682.04,12.98804
2019-12-22,0,553405.593393,406751.128869,146654.464524,0.0,0.0,0.0,1916.8,110.31,38773.68,14.272713
2019-12-22,1,471543.961215,331730.760854,139813.200361,0.0,0.0,0.0,2020.09,92.48,38212.88,12.339922
2019-12-22,2,474836.017512,329504.472855,145331.544658,0.0,0.0,0.0,1727.4,73.74,38082.68,12.468556
2019-12-22,3,478181.600633,329501.182855,148680.417778,0.0,0.0,0.0,1598.05,60.98,38301.43,12.484693
2019-12-22,4,522124.262886,373703.786055,148420.476831,0.0,0.0,0.0,1658.35,35.25,38964.5,13.399999
2019-12-22,5,536383.871495,381111.506054,155272.36544,0.0,0.0,0.0,2217.08,76.81,40135.57,13.364302
2019-12-22,6,547760.807316,381108.216054,166652.591262,0.0,0.0,0.0,3104.46,126.96,41804.54,13.102902
2019-12-22,7,591781.716862,434133.498902,157648.21796,0.0,0.0,0.0,4444.57,209.56,43532.12,13.59414
2019-12-22,8,611248.587624,425390.012119,185858.575506,0.0,0.0,0.0,3579.654513,6.085487,44232.84,13.818886
2019-12-22,9,609172.252898,425390.012119,183782.24078,0.0,0.0,0.0,3157.885451,4.944549,43526.4,13.995466
2019-12-22,10,574672.977313,425390.012119,149282.965195,0.0,0.0,0.0,4209.17,77.66,42115.17,13.645273
2019-12-22,11,475505.732393,343879.476151,131626.256242,0.0,0.0,0.0,5488.01,128.64,40442.72,11.757511
2019-12-22,12,428663.933668,321889.152302,106774.781366,0.0,0.0,0.0,6713.35,130.29,38831.48,11.039083
2019-12-22,13,345873.680863,249814.336887,96059.343977,0.0,0.0,0.0,7640.57,71.45,37345.01,9.261577
2019-12-22,14,324107.680516,235824.667587,88283.012929,0.0,0.0,0.0,7722.907776,149.642224,36327.74,8.921768
2019-12-22,15,326945.212938,237727.785862,89217.427076,0.0,0.0,0.0,7442.6,163.23,35941.06,9.096705
2019-12-22,16,349394.293191,261442.394887,87951.898304,0.0,0.0,0.0,6896.65,164.63,36209.58,9.649222
2019-12-22,17,451450.06641,343446.895685,108003.170726,0.0,0.0,0.0,5111.087,169.523,38296.37,11.788325
2019-12-22,18,547071.413232,392540.181303,154531.231929,0.0,0.0,0.0,3154.145,211.225,40692.65,13.443986
2019-12-22,19,572219.98633,392527.021303,179692.965027,0.0,0.0,0.0,1879.91,217.28,41468.47,13.798917
2019-12-22,20,570345.022602,392527.021303,177818.001299,0.0,0.0,0.0,2290.63,243.73,41863.34,13.623973
2019-12-22,21,551248.79282,392527.021303,158721.771516,0.0,0.0,0.0,3368.76,290.81,41862.69,13.168021
2019-12-22,22,498717.028455,364038.478183,134678.550272,0.0,0.0,0.0,5183.93,359.52,41105.48,12.132617
2019-12-22,23,470466.907188,345313.22891,125153.678278,0.0,0.0,0.0,5093.0,361.2,39963.25,11.772489
2019-12-23,0,461431.379047,340547.001936,120884.377111,0.0,0.0,0.0,5048.11,366.06,39123.23,11.794307
2019-12-23,1,452203.580805,340544.221936,111659.358869,0.0,0.0,0.0,4983.87,372.07,38831.62,11.645241
2019-12-23,2,458063.597082,340544.221936,117519.375147,0.0,0.0,0.0,4709.54,346.56,39067.54,11.724915
2019-12-23,3,480516.381278,356698.718719,123817.662559,0.0,0.0,0.0,4501.42,334.18,39741.13,12.09116
2019-12-23,4,580632.420339,450444.846007,130187.574332,0.0,0.0,0.0,4297.88,332.42,41186.35,14.097691
2019-12-23,5,616695.579616,458050.799004,158644.780613,0.0,0.0,0.0,4362.24,329.23,43648.25,14.128758
2019-12-23,6,694520.517726,511069.501851,183451.015875,0.0,0.0,0.0,4358.737,308.403,46665.87,14.882837
2019-12-23,7,725739.488258,511066.211851,214673.276407,0.0,0.0,0.0,4257.08,329.81,48432.91,14.984429
2019-12-23,8,719361.162656,496020.27393,223340.888726,0.0,0.0,0.0,3957.375,334.965,48053.25,14.970083
2019-12-23,9,674168.949867,496020.27393,178148.675937,0.0,0.0,0.0,4196.75,363.68,46000.5,14.655687
2019-12-23,10,584844.425745,442998.281083,141846.144662,0.0,0.0,0.0,5670.6,214.7,43497.56,13.445454
2019-12-23,11,507104.285489,381855.225859,125249.05963,0.0,0.0,0.0,6166.99,254.16,41306.27,12.27669
2019-12-23,12,429794.558236,308087.062002,121707.496234,0.0,0.0,0.0,6700.785343,307.004657,39399.35,10.908671
2019-12-23,13,394494.312471,278846.313485,115647.998986,0.0,0.0,0.0,7119.233136,154.186864,38348.76,10.287016
2019-12-23,14,378660.695228,270106.116702,108554.578526,0.0,0.0,0.0,7253.130824,330.549176,37656.11,10.055757
2019-12-23,15,375532.729256,269609.471292,105923.257964,0.0,0.0,0.0,7054.718665,275.191335,37283.63,10.072322
2019-12-23,16,382219.415118,275105.615053,107113.800066,0.0,0.0,0.0,6571.12469,367.55531,37283.54,10.251693
2019-12-23,17,447096.979592,331818.389625,115278.589967,0.0,0.0,0.0,5693.093263,397.066737,38670.86,11.561599
2019-12-23,18,472071.8592,331801.939625,140269.919575,0.0,0.0,0.0,4585.5,327.73,40358.55,11.696948
2019-12-23,19,482637.929753,331801.939625,150835.990128,0.0,0.0,0.0,3921.192,317.228,40472.72,11.925018
2019-12-23,20,476196.926458,331801.939625,144394.986832,0.0,0.0,0.0,4474.27,388.97,40588.68,11.732259
2019-12-23,21,462820.650047,331801.939625,131018.710422,0.0,0.0,0.0,5696.8,431.09,40463.05,11.438106
2019-12-23,22,418364.185805,303926.43741,114437.748395,0.0,0.0,0.0,7095.43,513.75,39520.5,10.586004
2019-12-23,23,390596.702594,278725.346269,111871.356325,0.0,0.0,0.0,6800.63,471.67,38270.15,10.206302
2019-12-24,0,362975.17061,255346.546378,107628.624233,0.0,0.0,0.0,6443.62,434.14,37200.89,9.757164
2019-12-24,1,353651.493615,255343.766378,98307.727238,0.0,0.0,0.0,6014.17,395.73,36671.07,9.643883
2019-12-24,2,350750.971556,248625.764186,102125.20737,0.0,0.0,0.0,5832.48,398.94,36662.96,9.566903
2019-12-24,3,364674.921149,262622.013486,102052.907663,0.0,0.0,0.0,5774.32,404.52,37002.12,9.855514
2019-12-24,4,388263.325669,280551.437519,107711.888151,0.0,0.0,0.0,5675.92,412.32,37984.68,10.221577
2019-12-24,5,462142.598169,343090.23091,119052.367258,0.0,0.0,0.0,5480.36,413.25,39807.06,11.609564
2019-12-24,6,517587.999616,375083.200854,142504.798761,0.0,0.0,0.0,5282.51,418.01,42026.72,12.315689
2019-12-24,7,541117.58516,375073.330854,166044.254305,0.0,0.0,0.0,5136.095,251.275,43562.45,12.421652
2019-12-24,8,542034.536612,375073.330854,166961.205757,0.0,0.0,0.0,5166.96,477.34,43581.08,12.437382
2019-12-24,9,516976.353209,375073.330854,141903.022354,0.0,0.0,0.0,5703.909713,625.500287,42142.02,12.267479
2019-12-24,10,452194.120075,338094.02256,114100.097516,0.0,0.0,0.0,7285.56244,570.38756,40242.99,11.236594
2019-12-24,11,375927.623208,263043.502718,112884.12049,0.0,0.0,0.0,7699.062683,1221.327317,38709.79,9.711435
2019-12-24,12,347948.174525,250242.406119,97705.768407,0.0,0.0,0.0,8296.448631,1340.071369,37522.69,9.273007
2019-12-24,13,315741.962687,226531.087094,89210.875593,0.0,0.0,0.0,9303.541896,828.238104,36842.57,8.570031
2019-12-24,14,304391.226821,219813.084902,84578.141918,0.0,0.0,0.0,9586.270242,1193.089758,36528.91,8.332886
2019-12-24,15,290260.74565,201473.60471,88787.140939,0.0,0.0,0.0,9556.385,1008.375,36293.35,7.997629
2019-12-24,16,301271.28104,220462.772361,80808.508679,0.0,0.0,0.0,9118.945644,905.264356,36226.74,8.316268
2019-12-24,17,341410.252021,245639.331061,95770.92096,0.0,0.0,0.0,7781.931,893.769,37188.21,9.180605
2019-12-24,18,378689.959473,263975.521253,114714.438221,0.0,0.0,0.0,6602.935,562.185,38171.25,9.920816
2019-12-24,19,380909.121249,263972.231253,116936.889997,0.0,0.0,0.0,5356.96,518.33,37517.97,10.152711
2019-12-24,20,356874.316487,263972.231253,92902.085234,0.0,0.0,0.0,7002.840006,519.499994,36921.74,9.665696
2019-12-24,21,311912.683675,233802.754202,78109.929473,0.0,0.0,0.0,9445.841197,580.868803,36343.24,8.582413
2019-12-24,22,257882.354259,193134.81431,64747.539949,0.0,0.0,0.0,11619.421136,688.508864,35575.59,7.248857
2019-12-24,23,256510.193618,199008.461091,57501.732527,0.0,0.0,0.0,11426.229982,641.310018,34518.1,7.431179
2019-12-25,0,249618.292348,193113.828604,56504.463743,0.0,0.0,0.0,10702.215546,909.934454,33523.74,7.446016
2019-12-25,1,191704.536028,123080.306689,68624.229339,0.0,0.0,0.0,10253.557753,988.972247,32943.07,5.819267
2019-12-25,2,191534.368288,123080.306689,68454.0616,0.0,0.0,0.0,10020.073434,1096.626566,32659.78,5.864533
2019-12-25,3,197077.531194,128836.457962,68241.073232,0.0,0.0,0.0,9720.91,1198.7,32649.7,6.036121
2019-12-25,4,219445.006993,149499.756587,69945.250406,0.0,0.0,0.0,9282.71458,1305.54542,33091.4,6.631482
2019-12-25,5,240986.952325,149486.596587,91500.355738,0.0,0.0,0.0,8041.598,2059.932,34005.18,7.086772
2019-12-25,6,326324.289741,242850.244794,83474.044947,0.0,0.0,0.0,8460.8352,1000.8048,35183.41,9.274948
2019-12-25,7,348611.180423,249564.956985,99046.223438,0.0,0.0,0.0,7777.393024,812.916976,36147.06,9.644247
2019-12-25,8,360340.709924,249561.666985,110779.042939,0.0,0.0,0.0,7339.203,1062.167,36745.73,9.806329
2019-12-25,9,357293.384568,249561.666985,107731.717583,0.0,0.0,0.0,7512.790976,1402.959024,36675.88,9.741917
2019-12-25,10,337076.152476,249561.666985,87514.485491,0.0,0.0,0.0,9180.513053,1049.926947,36237.18,9.301942
2019-12-25,11,317844.079715,231576.476793,86267.602922,0.0,0.0,0.0,8764.30354,1873.85646,35773.18,8.884983
2019-12-25,12,242023.297594,156555.598778,85467.698816,0.0,0.0,0.0,9390.906416,2330.103584,35145.83,6.886259
2019-12-25,13,213667.786298,141100.126777,72567.659521,0.0,0.0,0.0,10953.382224,1938.277776,34620.91,6.17164
2019-12-25,14,198439.345407,125403.747087,73035.59832,0.0,0.0,0.0,11114.037836,2625.702164,34229.22,5.797367
2019-12-25,15,195877.574567,125052.747087,70824.82748,0.0,0.0,0.0,11163.336916,2623.233084,34000.05,5.761097
2019-12-25,16,197082.696715,130189.664586,66893.032128,0.0,0.0,0.0,11296.752201,1972.617799,33817.98,5.827749
2019-12-25,17,254415.760867,178558.283963,75857.476905,0.0,0.0,0.0,9228.099,1761.101,34627.99,7.347113
2019-12-25,18,290030.692028,192491.313355,97539.378673,0.0,0.0,0.0,6951.812866,1013.307134,35860.28,8.087798
2019-12-25,19,318404.000215,210827.503547,107576.496668,0.0,0.0,0.0,4940.754,449.256,35689.54,8.921494
2019-12-25,20,309007.637674,210824.213547,98183.424127,0.0,0.0,0.0,5436.39,476.77,35420.63,8.723945
2019-12-25,21,284046.175215,194384.56163,89661.613585,0.0,0.0,0.0,6298.08,480.71,34877.16,8.144189
2019-12-25,22,243370.014588,164191.290639,79178.72395,0.0,0.0,0.0,7078.54,482.34,33757.07,7.209453
2019-12-25,23,225413.803635,150461.465505,74952.33813,0.0,0.0,0.0,6318.73,465.25,32228.3,6.994282
2019-12-26,0,215467.286177,143189.798396,72277.48778,0.0,0.0,0.0,5520.81,447.16,30887.45,6.975885
2019-12-26,1,207739.445361,133530.134398,74209.310963,0.0,0.0,0.0,4867.85,429.41,30046.06,6.914033
2019-12-26,2,220594.628602,151872.904589,68721.724013,0.0,0.0,0.0,4675.18,418.4,29672.84,7.434227
2019-12-26,3,222881.640137,148326.639596,74555.000541,0.0,0.0,0.0,4548.61,411.63,29708.06,7.502396
2019-12-26,4,244647.418828,173392.939388,71254.47944,0.0,0.0,0.0,4563.79,412.9,30353.91,8.059832
2019-12-26,5,277612.316812,189826.011305,87786.305508,0.0,0.0,0.0,3565.77,343.82,31861.67,8.71305
2019-12-26,6,374440.814042,269194.163862,105246.65018,0.0,0.0,0.0,3155.682,86.458,33849.92,11.061793
2019-12-26,7,396610.566298,276896.793862,119713.772436,0.0,0.0,0.0,2575.34,259.64,35204.38,11.265944
2019-12-26,8,414884.972521,286433.325885,128451.646636,0.0,0.0,0.0,2526.01072,123.44928,36099.54,11.492805
2019-12-26,9,428530.377854,286430.035885,142100.341969,0.0,0.0,0.0,3033.6,0.0,37092.17,11.553122
2019-12-26,10,402470.321158,286430.035885,116040.285273,0.0,0.0,0.0,4836.0,76.28,37806.15,10.645631
2019-12-26,11,386061.233124,270971.836911,115089.396213,0.0,0.0,0.0,5529.499,31.041,38083.09,10.13734
2019-12-26,12,372005.478,270971.836911,101033.641089,0.0,0.0,0.0,6788.56,0.0,37983.56,9.793855
2019-12-26,13,347499.221187,254532.184994,92967.036193,0.0,0.0,0.0,8164.13,0.0,37906.99,9.167154
2019-12-26,14,340786.104181,247260.517885,93525.586295,0.0,0.0,0.0,8049.75,0.0,37658.58,9.049362
2019-12-26,15,341629.432031,247260.517885,94368.914145,0.0,0.0,0.0,7683.8,42.0,37465.36,9.118541
2019-12-26,16,346516.626138,254535.474994,91981.151144,0.0,0.0,0.0,7745.86,126.72,37448.24,9.253215
2019-12-26,17,394725.779348,293850.915885,100874.863463,0.0,0.0,0.0,6703.765,33.745,38614.35,10.222256
2019-12-26,18,422377.797482,293837.755885,128540.041596,0.0,0.0,0.0,5395.601443,178.348557,39701.7,10.638784
2019-12-26,19,431090.224925,293837.755885,137252.46904,0.0,0.0,0.0,4461.257993,354.712007,39072.94,11.032961
2019-12-26,20,407274.968233,293837.755885,113437.212348,0.0,0.0,0.0,5346.31,365.5,38258.99,10.64521
2019-12-26,21,360758.890539,268153.817078,92605.073461,0.0,0.0,0.0,6991.56,344.73,37183.04,9.702243
2019-12-26,22,299942.280901,226045.716088,73896.564812,0.0,0.0,0.0,8936.72,337.99,35527.52,8.442534
2019-12-26,23,217777.068357,143980.386748,73796.681609,0.0,0.0,0.0,8540.53,315.14,33565.42,6.488138
2019-12-27,0,201754.566331,137585.818851,64168.74748,0.0,0.0,0.0,8123.49,295.48,31860.24,6.332487
2019-12-27,1,182552.659398,119051.407491,63501.251908,0.0,0.0,0.0,7857.45,281.01,30870.97,5.913409
2019-12-27,2,182140.448495,119051.407491,63089.041005,0.0,0.0,0.0,7279.76,306.07,30296.41,6.011948
2019-12-27,3,187626.810447,125449.265388,62177.545059,0.0,0.0,0.0,6912.79,331.72,30153.47,6.222395
2019-12-27,4,198080.248298,129648.305387,68431.942911,0.0,0.0,0.0,6541.79,359.87,30642.82,6.464165
2019-12-27,5,216654.082627,144708.387978,71945.694649,0.0,0.0,0.0,6989.49,479.81,31983.95,6.773838
2019-12-27,6,291667.390098,211217.861179,80449.528919,0.0,0.0,0.0,7447.462013,765.697987,33866.27,8.612327
2019-12-27,7,311048.971472,228061.790329,82987.181143,0.0,0.0,0.0,7657.261272,1261.968728,35269.26,8.819266
2019-12-27,8,301001.979037,209715.730137,91286.2489,0.0,0.0,0.0,7944.478949,1703.861051,36121.76,8.332982
2019-12-27,9,310262.401921,209715.730137,100546.671784,0.0,0.0,0.0,8606.507,2098.993,36869.37,8.41518
2019-12-27,10,300331.965348,209715.730137,90616.23521,0.0,0.0,0.0,9796.540216,2394.139784,37282.31,8.055616
2019-12-27,11,288337.95162,200735.233113,87602.718507,0.0,0.0,0.0,10983.046017,3254.013983,37515.3,7.685876
2019-12-27,12,270776.911853,191546.564763,79230.34709,0.0,0.0,0.0,12410.697322,3440.172678,37520.78,7.216719
2019-12-27,13,254961.105909,179900.614467,75060.491442,0.0,0.0,0.0,13729.094316,2576.685684,37611.19,6.778863
2019-12-27,14,246194.439396,173182.612276,73011.82712,0.0,0.0,0.0,14161.624428,2766.775572,37531.73,6.559635
2019-12-27,15,243556.3358,173182.612276,70373.723524,0.0,0.0,0.0,14031.755703,2626.614297,37440.9,6.505088
2019-12-27,16,249959.626715,185480.139196,64479.48752,0.0,0.0,0.0,14017.322334,1790.957666,37285.36,6.703962
2019-12-27,17,345311.183424,275554.519803,69756.663621,0.0,0.0,0.0,12579.282954,2405.467046,38310.39,9.013513
2019-12-27,18,325245.458924,227374.146794,97871.31213,0.0,0.0,0.0,11640.691,1902.419,39351.81,8.26507
2019-12-27,19,348135.632575,245716.916986,102418.715589,0.0,0.0,0.0,10670.458,1011.462,38784.18,8.976228
2019-12-27,20,325187.806481,245713.626986,79474.179496,0.0,0.0,0.0,11849.271938,1513.788062,38128.13,8.528816
2019-12-27,21,242993.776914,158326.978949,84666.797965,0.0,0.0,0.0,12317.660826,3039.779174,37177.56,6.536033
2019-12-27,22,201881.657867,139987.498757,61894.15911,0.0,0.0,0.0,13800.641532,2578.208468,35696.03,5.655577
2019-12-27,23,163970.910231,109890.80037,54080.109861,0.0,0.0,0.0,14570.397146,1416.342854,33854.7,4.843372
2019-12-28,0,146560.169979,100023.979958,46536.190021,0.0,0.0,0.0,14035.573413,1508.386587,32239.3,4.54601
2019-12-28,1,127310.866889,81254.837014,46056.029875,0.0,0.0,0.0,13392.878454,1683.411546,31045.13,4.100832
2019-12-28,2,119785.152715,81254.837014,38530.315701,0.0,0.0,0.0,13395.748858,2039.191142,30251.6,3.95963
2019-12-28,3,115933.901271,77493.963746,38439.937525,0.0,0.0,0.0,13382.360084,1988.339916,29939.2,3.872311
2019-12-28,4,117179.617312,77493.963746,39685.653566,0.0,0.0,0.0,13175.229206,1987.960794,29954.33,3.911943
2019-12-28,5,121419.710502,81040.228739,40379.481763,0.0,0.0,0.0,13506.353796,1933.716204,30455.58,3.98678
2019-12-28,6,146548.617979,99661.746066,46886.871913,0.0,0.0,0.0,13650.398934,1946.161066,31453.63,4.659196
2019-12-28,7,169610.604207,114478.472084,55132.132124,0.0,0.0,0.0,13239.414334,1970.305666,32569.08,5.207719
2019-12-28,8,226546.260279,161804.80708,64741.4532,0.0,0.0,0.0,11850.511259,2207.458741,33939.88,6.674928
2019-12-28,9,235840.526455,148876.420986,86964.105469,0.0,0.0,0.0,10375.066914,2345.253086,35531.41,6.637522
2019-12-28,10,249642.021402,157610.03777,92031.983633,0.0,0.0,0.0,10864.62,1951.31,36809.0,6.782092
2019-12-28,11,253673.208496,157606.74777,96066.460726,0.0,0.0,0.0,11236.564683,2171.995317,37572.02,6.751652
2019-12-28,12,250551.343973,156090.827046,94460.516927,0.0,0.0,0.0,11717.903,3307.557,37805.73,6.627338
2019-12-28,13,262903.77784,174433.597238,88470.180601,0.0,0.0,0.0,11966.024875,2717.945125,37773.25,6.960052
2019-12-28,14,253755.314257,165690.110455,88065.203802,0.0,0.0,0.0,12217.808418,3221.141582,37755.22,6.721066
2019-12-28,15,254754.018463,171560.532905,83193.485558,0.0,0.0,0.0,12301.070793,2992.119207,37527.52,6.788459
2019-12-28,16,263884.029087,171553.952905,92330.076181,0.0,0.0,0.0,10717.474112,2488.285888,37330.94,7.068775
2019-12-28,17,266323.838908,173391.050222,92932.788685,0.0,0.0,0.0,11787.987,2769.263,38293.37,6.954829
2019-12-28,18,291229.681113,189824.122139,101405.558974,0.0,0.0,0.0,10754.0,2245.07,39161.2,7.436689
2019-12-28,19,292466.625904,189820.832139,102645.793765,0.0,0.0,0.0,9216.78059,1947.64941,38811.83,7.535502
2019-12-28,20,288550.21317,189820.832139,98729.381031,0.0,0.0,0.0,9773.878112,1660.131888,38308.09,7.532357
2019-12-28,21,286479.489937,184908.836154,101570.653783,0.0,0.0,0.0,9194.891343,2457.148657,37524.32,7.634502
2019-12-28,22,267721.111015,168465.894237,99255.216778,0.0,0.0,0.0,8770.413107,2007.976893,36194.53,7.396728
2019-12-28,23,243074.574491,163476.265887,79598.308604,0.0,0.0,0.0,9059.969418,1743.580582,34801.68,6.984564
2019-12-29,0,225416.224262,154833.739268,70582.484994,0.0,0.0,0.0,8972.263102,1693.106898,33388.04,6.751406
2019-12-29,1,201203.609435,130243.957051,70959.652383,0.0,0.0,0.0,8577.282351,1980.087649,32367.72,6.216181
2019-12-29,2,211320.034758,137639.385788,73680.648971,0.0,0.0,0.0,7101.060248,2060.239752,31771.13,6.651323
2019-12-29,3,224277.997509,145262.052896,79015.944614,0.0,0.0,0.0,5935.048575,1450.671425,31570.68,7.103996
2019-12-29,4,235219.221061,151976.765087,83242.455974,0.0,0.0,0.0,5152.18459,569.54541,31606.89,7.442024
2019-12-29,5,258160.201905,172574.042669,85586.159235,0.0,0.0,0.0,4802.56,305.89,32084.54,8.046249
2019-12-29,6,266211.701432,172567.462669,93644.238762,0.0,0.0,0.0,4757.08,220.99,32996.95,8.067767
2019-12-29,7,334973.248323,240649.19271,94324.055613,0.0,0.0,0.0,5057.75,205.0,34278.77,9.772032
2019-12-29,8,346703.040037,240643.12271,106059.917326,0.0,0.0,0.0,4919.62,278.36,35617.69,9.734013
2019-12-29,9,352750.552808,240643.12271,112107.430098,0.0,0.0,0.0,6045.585,492.655,36863.35,9.56914
2019-12-29,10,339795.268205,240643.12271,99152.145495,0.0,0.0,0.0,8515.811871,710.578129,37525.2,9.055122
2019-12-29,11,307768.695451,216931.803685,90836.891767,0.0,0.0,0.0,11346.574924,1905.875076,37709.27,8.161619
2019-12-29,12,277874.96737,195653.776502,82221.190868,0.0,0.0,0.0,12707.122364,2382.387636,37377.48,7.434288
2019-12-29,13,254760.538224,181819.09271,72941.445513,0.0,0.0,0.0,14002.902796,2779.957204,36904.94,6.903155
2019-12-29,14,239059.729887,170645.187314,68414.542573,0.0,0.0,0.0,14200.067396,3200.232604,36348.03,6.576965
2019-12-29,15,232437.292493,165663.499813,66773.79268,0.0,0.0,0.0,14215.249949,3085.600051,36085.5,6.441293
2019-12-29,16,241167.526354,176695.335211,64472.191143,0.0,0.0,0.0,14338.506485,2068.323515,36238.88,6.654939
2019-12-29,17,302811.329723,226139.855709,76671.474014,0.0,0.0,0.0,12881.856777,2184.853223,37966.17,7.97582
2019-12-29,18,429600.530478,332129.106335,97471.424143,0.0,0.0,0.0,9376.305135,784.864865,40192.65,10.688535
2019-12-29,19,499823.68301,339513.796335,160309.886675,0.0,0.0,0.0,4532.413,127.267,40639.83,12.298863
2019-12-29,20,499435.500206,339510.506335,159924.993872,0.0,0.0,0.0,4390.56,252.97,40532.65,12.321807
2019-12-29,21,487219.581816,339510.506335,147709.075481,0.0,0.0,0.0,4698.87,306.11,40177.02,12.126822
2019-12-29,22,453956.921654,329974.484311,123982.437343,0.0,0.0,0.0,5089.39,395.2,39033.41,11.629958
2019-12-29,23,397042.324356,278367.451111,118674.873245,0.0,0.0,0.0,5072.686481,257.853519,37682.95,10.536392
2019-12-30,0,379552.168698,264637.625978,114914.54272,0.0,0.0,0.0,4857.43,361.66,36731.54,10.333141
2019-12-30,1,368747.160914,255448.398728,113298.762186,0.0,0.0,0.0,4888.7,367.52,36358.97,10.141848
2019-12-30,2,370940.388371,255448.398728,115491.989643,0.0,0.0,0.0,4969.505,338.345,36531.55,10.153973
2019-12-30,3,375658.962723,260441.317079,115217.645644,0.0,0.0,0.0,5359.537,168.583,37032.17,10.144125
2019-12-30,4,429597.458832,313384.117062,116213.34177,0.0,0.0,0.0,5695.74645,242.83355,38327.85,11.208494
2019-12-30,5,516269.469092,371588.134031,144681.335061,0.0,0.0,0.0,5268.412,204.198,40715.42,12.679949
2019-12-30,6,632322.73353,467554.479319,164768.254212,0.0,0.0,0.0,4986.522878,216.327122,43716.81,14.464064
2019-12-30,7,654066.977961,467544.609319,186522.368642,0.0,0.0,0.0,4802.4,243.4,45790.59,14.283873
2019-12-30,8,652770.202102,467544.609319,185225.592783,0.0,0.0,0.0,4581.684,40.226,45656.44,14.29744
2019-12-30,9,634709.995801,467544.609319,167165.386482,0.0,0.0,0.0,4284.7,286.75,44355.9,14.309483
2019-12-30,10,542320.398075,392527.021303,149793.376772,0.0,0.0,0.0,5778.64,173.96,42920.79,12.635378
2019-12-30,11,474424.789228,343430.445685,130994.343544,0.0,0.0,0.0,6684.61,261.38,41403.61,11.458537
2019-12-30,12,430011.63171,320272.791576,109738.840134,0.0,0.0,0.0,7799.736935,388.383065,40036.66,10.740447
2019-12-30,13,367506.916103,263272.381777,104234.534326,0.0,0.0,0.0,8727.476634,257.173366,39044.78,9.412447
2019-12-30,14,343478.643938,244996.16297,98482.480968,0.0,0.0,0.0,8699.787602,635.392398,38199.58,8.991686
2019-12-30,15,340059.410895,244996.16297,95063.247925,0.0,0.0,0.0,8369.196875,670.143125,37754.2,9.007194
2019-12-30,16,368606.558251,276903.883862,91702.67439,0.0,0.0,0.0,7728.403033,580.656967,37964.95,9.709128
2019-12-30,17,490234.2125,374635.411475,115598.801025,0.0,0.0,0.0,6295.28,276.84,39866.46,12.296909
2019-12-30,18,572960.614008,405224.630522,167735.983486,0.0,0.0,0.0,4122.95,156.37,42434.92,13.502102
2019-12-30,19,641216.347357,458243.33337,182973.013988,0.0,0.0,0.0,2577.67,90.23,42916.4,14.941056
2019-12-30,20,642017.788933,448721.777443,193296.01149,0.0,0.0,0.0,2326.33,65.86,43107.32,14.893475
2019-12-30,21,631537.511835,437302.972194,194234.539642,0.0,0.0,0.0,2193.2,48.66,42715.35,14.784791
2019-12-30,22,615455.884259,437302.972194,178152.912065,0.0,0.0,0.0,2077.78,36.33,41601.43,14.794104
2019-12-30,23,562849.700597,384280.979347,178568.721251,0.0,0.0,0.0,1873.22,49.04,40282.73,13.972482
2019-12-31,0,576998.435565,417582.851247,159415.584319,0.0,0.0,0.0,1754.02,63.96,39222.07,14.711065
2019-12-31,1,573108.547458,421554.041055,151554.506403,0.0,0.0,0.0,1753.32,81.84,38863.59,14.74667
2019-12-31,2,557106.364764,412015.239032,145091.125732,0.0,0.0,0.0,1752.19,53.45,38870.54,14.332355
2019-12-31,3,572826.215627,424819.625631,148006.589996,0.0,0.0,0.0,1780.38,32.73,39410.65,14.534808
2019-12-31,4,593678.428173,434355.647655,159322.780519,0.0,0.0,0.0,1893.94,0.0,40683.03,14.592778
2019-12-31,5,695090.459785,531580.243702,163510.216083,0.0,0.0,0.0,2076.34,30.87,42913.13,16.197617
2019-12-31,6,736569.213591,538984.673702,197584.539889,0.0,0.0,0.0,2476.58,48.52,45562.4,16.166164
2019-12-31,7,754934.22234,530241.186919,224693.035421,0.0,0.0,0.0,3002.808635,8.741365,47250.19,15.97738
2019-12-31,8,756274.99568,538984.673702,217290.321978,0.0,0.0,0.0,2825.58,0.0,46866.66,16.136738
2019-12-31,9,721064.63639,538981.383702,182083.252688,0.0,0.0,0.0,2781.12,53.95,45161.84,15.966237
2019-12-31,10,630709.031575,478243.600855,152465.43072,0.0,0.0,0.0,4265.52,27.01,43235.62,14.587718
2019-12-31,11,542795.982106,412963.464534,129832.517572,0.0,0.0,0.0,5442.14,91.27,41393.47,13.113082
2019-12-31,12,458680.051793,348587.057228,110092.994565,0.0,0.0,0.0,6947.98,168.45,39733.71,11.543852
2019-12-31,13,392833.227973,278770.909693,114062.31828,0.0,0.0,0.0,7402.83,153.58,38694.75,10.152107
2019-12-31,14,377522.282548,272052.907502,105469.375046,0.0,0.0,0.0,7906.20269,328.06731,38030.27,9.926889
2019-12-31,15,355586.376023,253083.680175,102502.695848,0.0,0.0,0.0,8101.686737,397.573263,37668.14,9.439977
2019-12-31,16,379845.098959,281593.588617,98251.510342,0.0,0.0,0.0,8174.13,321.34,38114.82,9.965811
2019-12-31,17,455515.361197,331513.609625,124001.751572,0.0,0.0,0.0,6517.66,431.35,40216.58,11.326556
2019-12-31,18,505587.570987,352577.982746,153009.588241,0.0,0.0,0.0,4973.65,370.08,41812.98,12.091642
2019-12-31,19,508783.691895,352574.692746,156208.99915,0.0,0.0,0.0,3910.85,322.16,41079.75,12.385267
2019-12-31,20,476635.952236,331493.869625,145142.082611,0.0,0.0,0.0,4495.39,348.85,40145.51,11.872709
2019-12-31,21,441876.730895,312768.620352,129108.110542,0.0,0.0,0.0,5383.71,377.79,39330.62,11.234929
2019-12-31,22,413418.183976,296620.703569,116797.480407,0.0,0.0,0.0,6025.56,409.23,38377.37,10.772447
2019-12-31,23,407947.650095,296620.703569,111326.946526,0.0,0.0,0.0,5482.87,411.97,37460.83,10.889979
