Date,Hour,Minute,Generator,Output,Output DA,Curtailment,Unit Market Revenue,Unit Uplift Payment
2020-01-01,0,0,122_HYDRO_1,4.2,4.2,0.0,83.930899,0.0
2020-01-01,0,0,122_HYDRO_2,4.2,4.2,0.0,83.930899,0.0
2020-01-01,0,0,122_HYDRO_3,4.2,4.2,0.0,83.930899,0.0
2020-01-01,0,0,122_HYDRO_4,4.2,4.2,0.0,83.930899,0.0
2020-01-01,0,0,122_HYDRO_5,4.2,4.2,0.0,83.930899,0.0
2020-01-01,0,0,122_HYDRO_6,4.2,4.2,0.0,83.930899,0.0
2020-01-01,0,0,201_HYDRO_4,9.3,9.3,0.0,185.846991,0.0
2020-01-01,0,0,215_HYDRO_1,9.3,9.3,0.0,185.846991,0.0
2020-01-01,0,0,215_HYDRO_2,9.3,9.3,0.0,185.846991,0.0
2020-01-01,0,0,215_HYDRO_3,9.3,9.3,0.0,185.846991,0.0
2020-01-01,0,0,222_HYDRO_1,9.3,9.3,0.0,185.846991,0.0
2020-01-01,0,0,222_HYDRO_2,9.3,9.3,0.0,185.846991,0.0
2020-01-01,0,0,222_HYDRO_3,9.3,9.3,0.0,185.846991,0.0
2020-01-01,0,0,222_HYDRO_4,9.3,9.3,0.0,185.846991,0.0
2020-01-01,0,0,222_HYDRO_5,9.3,9.3,0.0,185.846991,0.0
2020-01-01,0,0,222_HYDRO_6,9.3,9.3,0.0,185.846991,0.0
2020-01-01,0,0,322_HYDRO_1,16.5,16.5,0.0,329.728533,0.0
2020-01-01,0,0,322_HYDRO_2,16.5,16.5,0.0,329.728533,0.0
2020-01-01,0,0,322_HYDRO_3,16.5,16.5,0.0,329.728533,0.0
2020-01-01,0,0,322_HYDRO_4,16.5,16.5,0.0,329.728533,0.0
2020-01-01,0,0,320_PV_1,0.0,0.0,0.0,0.0,0.0
2020-01-01,0,0,314_PV_1,0.0,0.0,0.0,0.0,0.0
2020-01-01,0,0,314_PV_2,0.0,0.0,0.0,0.0,0.0
2020-01-01,0,0,313_PV_1,0.0,0.0,0.0,0.0,0.0
2020-01-01,0,0,314_PV_3,0.0,0.0,0.0,0.0,0.0
2020-01-01,0,0,314_PV_4,0.0,0.0,0.0,0.0,0.0
2020-01-01,0,0,313_PV_2,0.0,0.0,0.0,0.0,0.0
2020-01-01,0,0,310_PV_1,0.0,0.0,0.0,0.0,0.0
2020-01-01,0,0,324_PV_1,0.0,0.0,0.0,0.0,0.0
2020-01-01,0,0,312_PV_1,0.0,0.0,0.0,0.0,0.0
2020-01-01,0,0,310_PV_2,0.0,0.0,0.0,0.0,0.0
2020-01-01,0,0,324_PV_2,0.0,0.0,0.0,0.0,0.0
2020-01-01,0,0,324_PV_3,0.0,0.0,0.0,0.0,0.0
2020-01-01,0,0,113_PV_1,0.0,0.0,0.0,0.0,0.0
2020-01-01,0,0,319_PV_1,0.0,0.0,0.0,0.0,0.0
2020-01-01,0,0,215_PV_1,0.0,0.0,0.0,0.0,0.0
2020-01-01,0,0,102_PV_1,0.0,0.0,0.0,0.0,0.0
2020-01-01,0,0,101_PV_1,0.0,0.0,0.0,0.0,0.0
2020-01-01,0,0,102_PV_2,0.0,0.0,0.0,0.0,0.0
2020-01-01,0,0,104_PV_1,0.0,0.0,0.0,0.0,0.0
2020-01-01,0,0,101_PV_2,0.0,0.0,0.0,0.0,0.0
2020-01-01,0,0,101_PV_3,0.0,0.0,0.0,0.0,0.0
2020-01-01,0,0,101_PV_4,0.0,0.0,0.0,0.0,0.0
2020-01-01,0,0,103_PV_1,0.0,0.0,0.0,0.0,0.0
2020-01-01,0,0,119_PV_1,0.0,0.0,0.0,0.0,0.0
2020-01-01,0,0,308_RTPV_1,0.0,0.0,0.0,0.0,0.0
2020-01-01,0,0,313_RTPV_1,0.0,0.0,0.0,0.0,0.0
2020-01-01,0,0,313_RTPV_2,0.0,0.0,0.0,0.0,0.0
2020-01-01,0,0,313_RTPV_3,0.0,0.0,0.0,0.0,0.0
2020-01-01,0,0,313_RTPV_4,0.0,0.0,0.0,0.0,0.0
2020-01-01,0,0,313_RTPV_5,0.0,0.0,0.0,0.0,0.0
2020-01-01,0,0,313_RTPV_6,0.0,0.0,0.0,0.0,0.0
2020-01-01,0,0,313_RTPV_7,0.0,0.0,0.0,0.0,0.0
2020-01-01,0,0,313_RTPV_8,0.0,0.0,0.0,0.0,0.0
2020-01-01,0,0,313_RTPV_9,0.0,0.0,0.0,0.0,0.0
2020-01-01,0,0,313_RTPV_10,0.0,0.0,0.0,0.0,0.0
2020-01-01,0,0,313_RTPV_11,0.0,0.0,0.0,0.0,0.0
2020-01-01,0,0,313_RTPV_12,0.0,0.0,0.0,0.0,0.0
2020-01-01,0,0,320_RTPV_1,0.0,0.0,0.0,0.0,0.0
2020-01-01,0,0,320_RTPV_2,0.0,0.0,0.0,0.0,0.0
2020-01-01,0,0,320_RTPV_3,0.0,0.0,0.0,0.0,0.0
2020-01-01,0,0,313_RTPV_13,0.0,0.0,0.0,0.0,0.0
2020-01-01,0,0,320_RTPV_4,0.0,0.0,0.0,0.0,0.0
2020-01-01,0,0,320_RTPV_5,0.0,0.0,0.0,0.0,0.0
2020-01-01,0,0,118_RTPV_1,0.0,0.0,0.0,0.0,0.0
2020-01-01,0,0,118_RTPV_2,0.0,0.0,0.0,0.0,0.0
2020-01-01,0,0,118_RTPV_3,0.0,0.0,0.0,0.0,0.0
2020-01-01,0,0,118_RTPV_4,0.0,0.0,0.0,0.0,0.0
2020-01-01,0,0,118_RTPV_5,0.0,0.0,0.0,0.0,0.0
2020-01-01,0,0,118_RTPV_6,0.0,0.0,0.0,0.0,0.0
2020-01-01,0,0,320_RTPV_6,0.0,0.0,0.0,0.0,0.0
2020-01-01,0,0,118_RTPV_7,0.0,0.0,0.0,0.0,0.0
2020-01-01,0,0,118_RTPV_8,0.0,0.0,0.0,0.0,0.0
2020-01-01,0,0,118_RTPV_9,0.0,0.0,0.0,0.0,0.0
2020-01-01,0,0,118_RTPV_10,0.0,0.0,0.0,0.0,0.0
2020-01-01,0,0,213_RTPV_1,0.0,0.0,0.0,0.0,0.0
2020-01-01,0,0,309_WIND_1,70.367,67.167,0.0,1396.541963,0.0
2020-01-01,0,0,317_WIND_1,363.1725,375.5725,0.0,7294.831139,0.0
2020-01-01,0,0,303_WIND_1,381.525,36.125,0.0,6583.670744,0.0
2020-01-01,0,0,122_WIND_1,323.8125,338.6125,0.0,6515.508952,0.0
2020-01-01,0,0,122_WIND_1_PEM,0.0,0.0,374.5875,0.0,0.0
2020-01-01,0,0,303_WIND_1_PEM,0.0,0.0,444.675,0.0,0.0
2020-01-01,0,0,309_WIND_1_PEM,0.0,0.0,75.633,0.0,0.0
2020-01-01,0,0,310_PV_2_PEM,0.0,0.0,0.0,0.0,0.0
2020-01-01,0,0,317_WIND_1_PEM,0.0,0.0,419.5275,0.0,0.0
2020-01-01,0,0,319_PV_1_PEM,0.0,0.0,0.0,0.0,0.0
2020-01-01,0,0,320_PV_1_PEM,0.0,0.0,0.0,0.0,0.0
2020-01-01,0,0,324_PV_1_PEM,0.0,0.0,0.0,0.0,0.0
2020-01-01,0,0,324_PV_2_PEM,0.0,0.0,0.0,0.0,0.0
2020-01-01,0,0,324_PV_3_PEM,0.0,0.0,0.0,0.0,0.0
2020-01-01,1,0,122_HYDRO_1,4.167,3.8,0.0,71.671871,0.0
2020-01-01,1,0,122_HYDRO_2,4.167,3.8,0.0,71.671871,0.0
2020-01-01,1,0,122_HYDRO_3,4.167,3.8,0.0,71.671871,0.0
2020-01-01,1,0,122_HYDRO_4,4.167,3.8,0.0,71.671871,0.0
2020-01-01,1,0,122_HYDRO_5,4.167,3.8,0.0,71.671871,0.0
2020-01-01,1,0,122_HYDRO_6,4.167,3.8,0.0,71.671871,0.0
2020-01-01,1,0,201_HYDRO_4,9.317,9.5,0.0,179.179678,0.0
2020-01-01,1,0,215_HYDRO_1,9.317,9.5,0.0,179.179678,0.0
2020-01-01,1,0,215_HYDRO_2,9.317,9.5,0.0,179.179678,0.0
2020-01-01,1,0,215_HYDRO_3,9.317,9.5,0.0,179.179678,0.0
2020-01-01,1,0,222_HYDRO_1,9.317,9.5,0.0,179.179678,0.0
2020-01-01,1,0,222_HYDRO_2,9.317,9.5,0.0,179.179678,0.0
2020-01-01,1,0,222_HYDRO_3,9.317,9.5,0.0,179.179678,0.0
2020-01-01,1,0,222_HYDRO_4,9.317,9.5,0.0,179.179678,0.0
2020-01-01,1,0,222_HYDRO_5,9.317,9.5,0.0,179.179678,0.0
2020-01-01,1,0,222_HYDRO_6,9.317,9.5,0.0,179.179678,0.0
2020-01-01,1,0,322_HYDRO_1,16.817,20.3,0.0,382.878681,0.0
2020-01-01,1,0,322_HYDRO_2,16.817,20.3,0.0,382.878681,0.0
2020-01-01,1,0,322_HYDRO_3,16.817,20.3,0.0,382.878681,0.0
2020-01-01,1,0,322_HYDRO_4,16.817,20.3,0.0,382.878681,0.0
2020-01-01,1,0,320_PV_1,0.0,0.0,0.0,0.0,0.0
2020-01-01,1,0,314_PV_1,0.0,0.0,0.0,0.0,0.0
2020-01-01,1,0,314_PV_2,0.0,0.0,0.0,0.0,0.0
2020-01-01,1,0,313_PV_1,0.0,0.0,0.0,0.0,0.0
2020-01-01,1,0,314_PV_3,0.0,0.0,0.0,0.0,0.0
2020-01-01,1,0,314_PV_4,0.0,0.0,0.0,0.0,0.0
2020-01-01,1,0,313_PV_2,0.0,0.0,0.0,0.0,0.0
2020-01-01,1,0,310_PV_1,0.0,0.0,0.0,0.0,0.0
2020-01-01,1,0,324_PV_1,0.0,0.0,0.0,0.0,0.0
2020-01-01,1,0,312_PV_1,0.0,0.0,0.0,0.0,0.0
2020-01-01,1,0,310_PV_2,0.0,0.0,0.0,0.0,0.0
2020-01-01,1,0,324_PV_2,0.0,0.0,0.0,0.0,0.0
2020-01-01,1,0,324_PV_3,0.0,0.0,0.0,0.0,0.0
2020-01-01,1,0,113_PV_1,0.0,0.0,0.0,0.0,0.0
2020-01-01,1,0,319_PV_1,0.0,0.0,0.0,0.0,0.0
2020-01-01,1,0,215_PV_1,0.0,0.0,0.0,0.0,0.0
2020-01-01,1,0,102_PV_1,0.0,0.0,0.0,0.0,0.0
2020-01-01,1,0,101_PV_1,0.0,0.0,0.0,0.0,0.0
2020-01-01,1,0,102_PV_2,0.0,0.0,0.0,0.0,0.0
2020-01-01,1,0,104_PV_1,0.0,0.0,0.0,0.0,0.0
2020-01-01,1,0,101_PV_2,0.0,0.0,0.0,0.0,0.0
2020-01-01,1,0,101_PV_3,0.0,0.0,0.0,0.0,0.0
2020-01-01,1,0,101_PV_4,0.0,0.0,0.0,0.0,0.0
2020-01-01,1,0,103_PV_1,0.0,0.0,0.0,0.0,0.0
2020-01-01,1,0,119_PV_1,0.0,0.0,0.0,0.0,0.0
2020-01-01,1,0,308_RTPV_1,0.0,0.0,0.0,0.0,0.0
2020-01-01,1,0,313_RTPV_1,0.0,0.0,0.0,0.0,0.0
2020-01-01,1,0,313_RTPV_2,0.0,0.0,0.0,0.0,0.0
2020-01-01,1,0,313_RTPV_3,0.0,0.0,0.0,0.0,0.0
2020-01-01,1,0,313_RTPV_4,0.0,0.0,0.0,0.0,0.0
2020-01-01,1,0,313_RTPV_5,0.0,0.0,0.0,0.0,0.0
2020-01-01,1,0,313_RTPV_6,0.0,0.0,0.0,0.0,0.0
2020-01-01,1,0,313_RTPV_7,0.0,0.0,0.0,0.0,0.0
2020-01-01,1,0,313_RTPV_8,0.0,0.0,0.0,0.0,0.0
2020-01-01,1,0,313_RTPV_9,0.0,0.0,0.0,0.0,0.0
2020-01-01,1,0,313_RTPV_10,0.0,0.0,0.0,0.0,0.0
2020-01-01,1,0,313_RTPV_11,0.0,0.0,0.0,0.0,0.0
2020-01-01,1,0,313_RTPV_12,0.0,0.0,0.0,0.0,0.0
2020-01-01,1,0,320_RTPV_1,0.0,0.0,0.0,0.0,0.0
2020-01-01,1,0,320_RTPV_2,0.0,0.0,0.0,0.0,0.0
2020-01-01,1,0,320_RTPV_3,0.0,0.0,0.0,0.0,0.0
2020-01-01,1,0,313_RTPV_13,0.0,0.0,0.0,0.0,0.0
2020-01-01,1,0,320_RTPV_4,0.0,0.0,0.0,0.0,0.0
2020-01-01,1,0,320_RTPV_5,0.0,0.0,0.0,0.0,0.0
2020-01-01,1,0,118_RTPV_1,0.0,0.0,0.0,0.0,0.0
2020-01-01,1,0,118_RTPV_2,0.0,0.0,0.0,0.0,0.0
2020-01-01,1,0,118_RTPV_3,0.0,0.0,0.0,0.0,0.0
2020-01-01,1,0,118_RTPV_4,0.0,0.0,0.0,0.0,0.0
2020-01-01,1,0,118_RTPV_5,0.0,0.0,0.0,0.0,0.0
2020-01-01,1,0,118_RTPV_6,0.0,0.0,0.0,0.0,0.0
2020-01-01,1,0,320_RTPV_6,0.0,0.0,0.0,0.0,0.0
2020-01-01,1,0,118_RTPV_7,0.0,0.0,0.0,0.0,0.0
2020-01-01,1,0,118_RTPV_8,0.0,0.0,0.0,0.0,0.0
2020-01-01,1,0,118_RTPV_9,0.0,0.0,0.0,0.0,0.0
2020-01-01,1,0,118_RTPV_10,0.0,0.0,0.0,0.0,0.0
2020-01-01,1,0,213_RTPV_1,0.0,0.0,0.0,0.0,0.0
2020-01-01,1,0,309_WIND_1,68.867,63.467,0.0,1197.052279,0.0
2020-01-01,1,0,317_WIND_1,349.2725,374.8725,0.0,7070.477263,0.0
2020-01-01,1,0,303_WIND_1,325.367856,190.225,49.157144,3587.837297,0.0
2020-01-01,1,0,122_WIND_1,327.9125,338.2125,0.0,6379.032314,0.0
2020-01-01,1,0,122_WIND_1_PEM,0.0,0.0,374.5875,0.0,0.0
2020-01-01,1,0,303_WIND_1_PEM,0.0,0.0,444.675,0.0,0.0
2020-01-01,1,0,309_WIND_1_PEM,0.0,0.0,75.633,0.0,0.0
2020-01-01,1,0,310_PV_2_PEM,0.0,0.0,0.0,0.0,0.0
2020-01-01,1,0,317_WIND_1_PEM,0.0,0.0,419.5275,0.0,0.0
2020-01-01,1,0,319_PV_1_PEM,0.0,0.0,0.0,0.0,0.0
2020-01-01,1,0,320_PV_1_PEM,0.0,0.0,0.0,0.0,0.0
2020-01-01,1,0,324_PV_1_PEM,0.0,0.0,0.0,0.0,0.0
2020-01-01,1,0,324_PV_2_PEM,0.0,0.0,0.0,0.0,0.0
2020-01-01,1,0,324_PV_3_PEM,0.0,0.0,0.0,0.0,0.0
2020-01-01,2,0,122_HYDRO_1,3.8,3.8,0.0,74.819834,0.0
2020-01-01,2,0,122_HYDRO_2,3.8,3.8,0.0,74.819834,0.0
2020-01-01,2,0,122_HYDRO_3,3.8,3.8,0.0,74.819834,0.0
2020-01-01,2,0,122_HYDRO_4,3.8,3.8,0.0,74.819834,0.0
2020-01-01,2,0,122_HYDRO_5,3.8,3.8,0.0,74.819834,0.0
2020-01-01,2,0,122_HYDRO_6,3.8,3.8,0.0,74.819834,0.0
2020-01-01,2,0,201_HYDRO_4,9.483,9.3,0.0,183.1117,0.0
2020-01-01,2,0,215_HYDRO_1,9.483,9.3,0.0,183.1117,0.0
2020-01-01,2,0,215_HYDRO_2,9.483,9.3,0.0,183.1117,0.0
2020-01-01,2,0,215_HYDRO_3,9.483,9.3,0.0,183.1117,0.0
2020-01-01,2,0,222_HYDRO_1,9.483,9.3,0.0,183.1117,0.0
2020-01-01,2,0,222_HYDRO_2,9.483,9.3,0.0,183.1117,0.0
2020-01-01,2,0,222_HYDRO_3,9.483,9.3,0.0,183.1117,0.0
2020-01-01,2,0,222_HYDRO_4,9.483,9.3,0.0,183.1117,0.0
2020-01-01,2,0,222_HYDRO_5,9.483,9.3,0.0,183.1117,0.0
2020-01-01,2,0,222_HYDRO_6,9.483,9.3,0.0,183.1117,0.0
2020-01-01,2,0,322_HYDRO_1,19.608,12.0,0.0,236.273161,0.0
2020-01-01,2,0,322_HYDRO_2,19.608,12.0,0.0,236.273161,0.0
2020-01-01,2,0,322_HYDRO_3,19.608,12.0,0.0,236.273161,0.0
2020-01-01,2,0,322_HYDRO_4,19.608,12.0,0.0,236.273161,0.0
2020-01-01,2,0,320_PV_1,0.0,0.0,0.0,0.0,0.0
2020-01-01,2,0,314_PV_1,0.0,0.0,0.0,0.0,0.0
2020-01-01,2,0,314_PV_2,0.0,0.0,0.0,0.0,0.0
2020-01-01,2,0,313_PV_1,0.0,0.0,0.0,0.0,0.0
2020-01-01,2,0,314_PV_3,0.0,0.0,0.0,0.0,0.0
2020-01-01,2,0,314_PV_4,0.0,0.0,0.0,0.0,0.0
2020-01-01,2,0,313_PV_2,0.0,0.0,0.0,0.0,0.0
2020-01-01,2,0,310_PV_1,0.0,0.0,0.0,0.0,0.0
2020-01-01,2,0,324_PV_1,0.0,0.0,0.0,0.0,0.0
2020-01-01,2,0,312_PV_1,0.0,0.0,0.0,0.0,0.0
2020-01-01,2,0,310_PV_2,0.0,0.0,0.0,0.0,0.0
2020-01-01,2,0,324_PV_2,0.0,0.0,0.0,0.0,0.0
2020-01-01,2,0,324_PV_3,0.0,0.0,0.0,0.0,0.0
2020-01-01,2,0,113_PV_1,0.0,0.0,0.0,0.0,0.0
2020-01-01,2,0,319_PV_1,0.0,0.0,0.0,0.0,0.0
2020-01-01,2,0,215_PV_1,0.0,0.0,0.0,0.0,0.0
2020-01-01,2,0,102_PV_1,0.0,0.0,0.0,0.0,0.0
2020-01-01,2,0,101_PV_1,0.0,0.0,0.0,0.0,0.0
2020-01-01,2,0,102_PV_2,0.0,0.0,0.0,0.0,0.0
2020-01-01,2,0,104_PV_1,0.0,0.0,0.0,0.0,0.0
2020-01-01,2,0,101_PV_2,0.0,0.0,0.0,0.0,0.0
2020-01-01,2,0,101_PV_3,0.0,0.0,0.0,0.0,0.0
2020-01-01,2,0,101_PV_4,0.0,0.0,0.0,0.0,0.0
2020-01-01,2,0,103_PV_1,0.0,0.0,0.0,0.0,0.0
2020-01-01,2,0,119_PV_1,0.0,0.0,0.0,0.0,0.0
2020-01-01,2,0,308_RTPV_1,0.0,0.0,0.0,0.0,0.0
2020-01-01,2,0,313_RTPV_1,0.0,0.0,0.0,0.0,0.0
2020-01-01,2,0,313_RTPV_2,0.0,0.0,0.0,0.0,0.0
2020-01-01,2,0,313_RTPV_3,0.0,0.0,0.0,0.0,0.0
2020-01-01,2,0,313_RTPV_4,0.0,0.0,0.0,0.0,0.0
2020-01-01,2,0,313_RTPV_5,0.0,0.0,0.0,0.0,0.0
2020-01-01,2,0,313_RTPV_6,0.0,0.0,0.0,0.0,0.0
2020-01-01,2,0,313_RTPV_7,0.0,0.0,0.0,0.0,0.0
2020-01-01,2,0,313_RTPV_8,0.0,0.0,0.0,0.0,0.0
2020-01-01,2,0,313_RTPV_9,0.0,0.0,0.0,0.0,0.0
2020-01-01,2,0,313_RTPV_10,0.0,0.0,0.0,0.0,0.0
2020-01-01,2,0,313_RTPV_11,0.0,0.0,0.0,0.0,0.0
2020-01-01,2,0,313_RTPV_12,0.0,0.0,0.0,0.0,0.0
2020-01-01,2,0,320_RTPV_1,0.0,0.0,0.0,0.0,0.0
2020-01-01,2,0,320_RTPV_2,0.0,0.0,0.0,0.0,0.0
2020-01-01,2,0,320_RTPV_3,0.0,0.0,0.0,0.0,0.0
2020-01-01,2,0,313_RTPV_13,0.0,0.0,0.0,0.0,0.0
2020-01-01,2,0,320_RTPV_4,0.0,0.0,0.0,0.0,0.0
2020-01-01,2,0,320_RTPV_5,0.0,0.0,0.0,0.0,0.0
2020-01-01,2,0,118_RTPV_1,0.0,0.0,0.0,0.0,0.0
2020-01-01,2,0,118_RTPV_2,0.0,0.0,0.0,0.0,0.0
2020-01-01,2,0,118_RTPV_3,0.0,0.0,0.0,0.0,0.0
2020-01-01,2,0,118_RTPV_4,0.0,0.0,0.0,0.0,0.0
2020-01-01,2,0,118_RTPV_5,0.0,0.0,0.0,0.0,0.0
2020-01-01,2,0,118_RTPV_6,0.0,0.0,0.0,0.0,0.0
2020-01-01,2,0,320_RTPV_6,0.0,0.0,0.0,0.0,0.0
2020-01-01,2,0,118_RTPV_7,0.0,0.0,0.0,0.0,0.0
2020-01-01,2,0,118_RTPV_8,0.0,0.0,0.0,0.0,0.0
2020-01-01,2,0,118_RTPV_9,0.0,0.0,0.0,0.0,0.0
2020-01-01,2,0,118_RTPV_10,0.0,0.0,0.0,0.0,0.0
2020-01-01,2,0,213_RTPV_1,0.0,0.0,0.0,0.0,0.0
2020-01-01,2,0,309_WIND_1,72.067,69.667,0.0,1371.703526,0.0
2020-01-01,2,0,317_WIND_1,293.93656,354.0725,52.73594,6971.485735,0.0
2020-01-01,2,0,303_WIND_1,330.725,42.625,0.0,839.261957,0.0
2020-01-01,2,0,122_WIND_1,324.9125,333.8125,0.0,6572.577881,0.0
2020-01-01,2,0,122_WIND_1_PEM,0.0,0.0,374.5875,0.0,0.0
2020-01-01,2,0,303_WIND_1_PEM,0.0,0.0,444.675,0.0,0.0
2020-01-01,2,0,309_WIND_1_PEM,0.0,0.0,75.633,0.0,0.0
2020-01-01,2,0,310_PV_2_PEM,0.0,0.0,0.0,0.0,0.0
2020-01-01,2,0,317_WIND_1_PEM,0.0,0.0,419.5275,0.0,0.0
2020-01-01,2,0,319_PV_1_PEM,0.0,0.0,0.0,0.0,0.0
2020-01-01,2,0,320_PV_1_PEM,0.0,0.0,0.0,0.0,0.0
2020-01-01,2,0,324_PV_1_PEM,0.0,0.0,0.0,0.0,0.0
2020-01-01,2,0,324_PV_2_PEM,0.0,0.0,0.0,0.0,0.0
2020-01-01,2,0,324_PV_3_PEM,0.0,0.0,0.0,0.0,0.0
2020-01-01,3,0,122_HYDRO_1,3.833,4.2,0.0,77.702562,0.0
2020-01-01,3,0,122_HYDRO_2,3.833,4.2,0.0,77.702562,0.0
2020-01-01,3,0,122_HYDRO_3,3.833,4.2,0.0,77.702562,0.0
2020-01-01,3,0,122_HYDRO_4,3.833,4.2,0.0,77.702562,0.0
2020-01-01,3,0,122_HYDRO_5,3.833,4.2,0.0,77.702562,0.0
2020-01-01,3,0,122_HYDRO_6,3.833,4.2,0.0,77.702562,0.0
2020-01-01,3,0,201_HYDRO_4,9.317,9.5,0.0,186.738018,0.0
2020-01-01,3,0,215_HYDRO_1,9.317,9.5,0.0,186.738018,0.0
2020-01-01,3,0,215_HYDRO_2,9.317,9.5,0.0,186.738018,0.0
2020-01-01,3,0,215_HYDRO_3,9.317,9.5,0.0,186.738018,0.0
2020-01-01,3,0,222_HYDRO_1,9.317,9.5,0.0,186.738018,0.0
2020-01-01,3,0,222_HYDRO_2,9.317,9.5,0.0,186.738018,0.0
2020-01-01,3,0,222_HYDRO_3,9.317,9.5,0.0,186.738018,0.0
2020-01-01,3,0,222_HYDRO_4,9.317,9.5,0.0,186.738018,0.0
2020-01-01,3,0,222_HYDRO_5,9.317,9.5,0.0,186.738018,0.0
2020-01-01,3,0,222_HYDRO_6,9.317,9.5,0.0,186.738018,0.0
2020-01-01,3,0,322_HYDRO_1,11.992,11.9,0.0,239.365542,0.0
2020-01-01,3,0,322_HYDRO_2,11.992,11.9,0.0,239.365542,0.0
2020-01-01,3,0,322_HYDRO_3,11.992,11.9,0.0,239.365542,0.0
2020-01-01,3,0,322_HYDRO_4,11.992,11.9,0.0,239.365542,0.0
2020-01-01,3,0,320_PV_1,0.0,0.0,0.0,0.0,0.0
2020-01-01,3,0,314_PV_1,0.0,0.0,0.0,0.0,0.0
2020-01-01,3,0,314_PV_2,0.0,0.0,0.0,0.0,0.0
2020-01-01,3,0,313_PV_1,0.0,0.0,0.0,0.0,0.0
2020-01-01,3,0,314_PV_3,0.0,0.0,0.0,0.0,0.0
2020-01-01,3,0,314_PV_4,0.0,0.0,0.0,0.0,0.0
2020-01-01,3,0,313_PV_2,0.0,0.0,0.0,0.0,0.0
2020-01-01,3,0,310_PV_1,0.0,0.0,0.0,0.0,0.0
2020-01-01,3,0,324_PV_1,0.0,0.0,0.0,0.0,0.0
2020-01-01,3,0,312_PV_1,0.0,0.0,0.0,0.0,0.0
2020-01-01,3,0,310_PV_2,0.0,0.0,0.0,0.0,0.0
2020-01-01,3,0,324_PV_2,0.0,0.0,0.0,0.0,0.0
2020-01-01,3,0,324_PV_3,0.0,0.0,0.0,0.0,0.0
2020-01-01,3,0,113_PV_1,0.0,0.0,0.0,0.0,0.0
2020-01-01,3,0,319_PV_1,0.0,0.0,0.0,0.0,0.0
2020-01-01,3,0,215_PV_1,0.0,0.0,0.0,0.0,0.0
2020-01-01,3,0,102_PV_1,0.0,0.0,0.0,0.0,0.0
2020-01-01,3,0,101_PV_1,0.0,0.0,0.0,0.0,0.0
2020-01-01,3,0,102_PV_2,0.0,0.0,0.0,0.0,0.0
2020-01-01,3,0,104_PV_1,0.0,0.0,0.0,0.0,0.0
2020-01-01,3,0,101_PV_2,0.0,0.0,0.0,0.0,0.0
2020-01-01,3,0,101_PV_3,0.0,0.0,0.0,0.0,0.0
2020-01-01,3,0,101_PV_4,0.0,0.0,0.0,0.0,0.0
2020-01-01,3,0,103_PV_1,0.0,0.0,0.0,0.0,0.0
2020-01-01,3,0,119_PV_1,0.0,0.0,0.0,0.0,0.0
2020-01-01,3,0,308_RTPV_1,0.0,0.0,0.0,0.0,0.0
2020-01-01,3,0,313_RTPV_1,0.0,0.0,0.0,0.0,0.0
2020-01-01,3,0,313_RTPV_2,0.0,0.0,0.0,0.0,0.0
2020-01-01,3,0,313_RTPV_3,0.0,0.0,0.0,0.0,0.0
2020-01-01,3,0,313_RTPV_4,0.0,0.0,0.0,0.0,0.0
2020-01-01,3,0,313_RTPV_5,0.0,0.0,0.0,0.0,0.0
2020-01-01,3,0,313_RTPV_6,0.0,0.0,0.0,0.0,0.0
2020-01-01,3,0,313_RTPV_7,0.0,0.0,0.0,0.0,0.0
2020-01-01,3,0,313_RTPV_8,0.0,0.0,0.0,0.0,0.0
2020-01-01,3,0,313_RTPV_9,0.0,0.0,0.0,0.0,0.0
2020-01-01,3,0,313_RTPV_10,0.0,0.0,0.0,0.0,0.0
2020-01-01,3,0,313_RTPV_11,0.0,0.0,0.0,0.0,0.0
2020-01-01,3,0,313_RTPV_12,0.0,0.0,0.0,0.0,0.0
2020-01-01,3,0,320_RTPV_1,0.0,0.0,0.0,0.0,0.0
2020-01-01,3,0,320_RTPV_2,0.0,0.0,0.0,0.0,0.0
2020-01-01,3,0,320_RTPV_3,0.0,0.0,0.0,0.0,0.0
2020-01-01,3,0,313_RTPV_13,0.0,0.0,0.0,0.0,0.0
2020-01-01,3,0,320_RTPV_4,0.0,0.0,0.0,0.0,0.0
2020-01-01,3,0,320_RTPV_5,0.0,0.0,0.0,0.0,0.0
2020-01-01,3,0,118_RTPV_1,0.0,0.0,0.0,0.0,0.0
2020-01-01,3,0,118_RTPV_2,0.0,0.0,0.0,0.0,0.0
2020-01-01,3,0,118_RTPV_3,0.0,0.0,0.0,0.0,0.0
2020-01-01,3,0,118_RTPV_4,0.0,0.0,0.0,0.0,0.0
2020-01-01,3,0,118_RTPV_5,0.0,0.0,0.0,0.0,0.0
2020-01-01,3,0,118_RTPV_6,0.0,0.0,0.0,0.0,0.0
2020-01-01,3,0,320_RTPV_6,0.0,0.0,0.0,0.0,0.0
2020-01-01,3,0,118_RTPV_7,0.0,0.0,0.0,0.0,0.0
2020-01-01,3,0,118_RTPV_8,0.0,0.0,0.0,0.0,0.0
2020-01-01,3,0,118_RTPV_9,0.0,0.0,0.0,0.0,0.0
2020-01-01,3,0,118_RTPV_10,0.0,0.0,0.0,0.0,0.0
2020-01-01,3,0,213_RTPV_1,0.0,0.0,0.0,0.0,0.0
2020-01-01,3,0,309_WIND_1,69.367,69.167,0.0,1385.596217,0.0
2020-01-01,3,0,317_WIND_1,313.8725,347.7725,0.0,6374.413159,0.0
2020-01-01,3,0,303_WIND_1,304.825,0.0,0.0,5173.168917,0.0
2020-01-01,3,0,122_WIND_1,319.8125,336.1125,0.0,6440.093663,0.0
2020-01-01,3,0,122_WIND_1_PEM,0.0,0.0,374.5875,0.0,0.0
2020-01-01,3,0,303_WIND_1_PEM,0.0,0.0,444.675,0.0,0.0
2020-01-01,3,0,309_WIND_1_PEM,0.0,0.0,75.633,0.0,0.0
2020-01-01,3,0,310_PV_2_PEM,0.0,0.0,0.0,0.0,0.0
2020-01-01,3,0,317_WIND_1_PEM,0.0,0.0,419.5275,0.0,0.0
2020-01-01,3,0,319_PV_1_PEM,0.0,0.0,0.0,0.0,0.0
2020-01-01,3,0,320_PV_1_PEM,0.0,0.0,0.0,0.0,0.0
2020-01-01,3,0,324_PV_1_PEM,0.0,0.0,0.0,0.0,0.0
2020-01-01,3,0,324_PV_2_PEM,0.0,0.0,0.0,0.0,0.0
2020-01-01,3,0,324_PV_3_PEM,0.0,0.0,0.0,0.0,0.0
2020-01-01,4,0,122_HYDRO_1,4.167,3.8,0.0,86.4707,0.0
2020-01-01,4,0,122_HYDRO_2,4.167,3.8,0.0,86.4707,0.0
2020-01-01,4,0,122_HYDRO_3,4.167,3.8,0.0,86.4707,0.0
2020-01-01,4,0,122_HYDRO_4,4.167,3.8,0.0,86.4707,0.0
2020-01-01,4,0,122_HYDRO_5,4.167,3.8,0.0,86.4707,0.0
2020-01-01,4,0,122_HYDRO_6,4.167,3.8,0.0,86.4707,0.0
2020-01-01,4,0,201_HYDRO_4,9.483,9.3,0.0,199.488308,0.0
2020-01-01,4,0,215_HYDRO_1,9.483,9.3,0.0,199.488308,0.0
2020-01-01,4,0,215_HYDRO_2,9.483,9.3,0.0,199.488308,0.0
2020-01-01,4,0,215_HYDRO_3,9.483,9.3,0.0,199.488308,0.0
2020-01-01,4,0,222_HYDRO_1,9.483,9.3,0.0,199.488308,0.0
2020-01-01,4,0,222_HYDRO_2,9.483,9.3,0.0,199.488308,0.0
2020-01-01,4,0,222_HYDRO_3,9.483,9.3,0.0,199.488308,0.0
2020-01-01,4,0,222_HYDRO_4,9.483,9.3,0.0,199.488308,0.0
2020-01-01,4,0,222_HYDRO_5,9.483,9.3,0.0,199.488308,0.0
2020-01-01,4,0,222_HYDRO_6,9.483,9.3,0.0,199.488308,0.0
2020-01-01,4,0,322_HYDRO_1,11.883,11.7,0.0,250.167695,0.0
2020-01-01,4,0,322_HYDRO_2,11.883,11.7,0.0,250.167695,0.0
2020-01-01,4,0,322_HYDRO_3,11.883,11.7,0.0,250.167695,0.0
2020-01-01,4,0,322_HYDRO_4,11.883,11.7,0.0,250.167695,0.0
2020-01-01,4,0,320_PV_1,0.0,0.0,0.0,0.0,0.0
2020-01-01,4,0,314_PV_1,0.0,0.0,0.0,0.0,0.0
2020-01-01,4,0,314_PV_2,0.0,0.0,0.0,0.0,0.0
2020-01-01,4,0,313_PV_1,0.0,0.0,0.0,0.0,0.0
2020-01-01,4,0,314_PV_3,0.0,0.0,0.0,0.0,0.0
2020-01-01,4,0,314_PV_4,0.0,0.0,0.0,0.0,0.0
2020-01-01,4,0,313_PV_2,0.0,0.0,0.0,0.0,0.0
2020-01-01,4,0,310_PV_1,0.0,0.0,0.0,0.0,0.0
2020-01-01,4,0,324_PV_1,0.0,0.0,0.0,0.0,0.0
2020-01-01,4,0,312_PV_1,0.0,0.0,0.0,0.0,0.0
2020-01-01,4,0,310_PV_2,0.0,0.0,0.0,0.0,0.0
2020-01-01,4,0,324_PV_2,0.0,0.0,0.0,0.0,0.0
2020-01-01,4,0,324_PV_3,0.0,0.0,0.0,0.0,0.0
2020-01-01,4,0,113_PV_1,0.0,0.0,0.0,0.0,0.0
2020-01-01,4,0,319_PV_1,0.0,0.0,0.0,0.0,0.0
2020-01-01,4,0,215_PV_1,0.0,0.0,0.0,0.0,0.0
2020-01-01,4,0,102_PV_1,0.0,0.0,0.0,0.0,0.0
2020-01-01,4,0,101_PV_1,0.0,0.0,0.0,0.0,0.0
2020-01-01,4,0,102_PV_2,0.0,0.0,0.0,0.0,0.0
2020-01-01,4,0,104_PV_1,0.0,0.0,0.0,0.0,0.0
2020-01-01,4,0,101_PV_2,0.0,0.0,0.0,0.0,0.0
2020-01-01,4,0,101_PV_3,0.0,0.0,0.0,0.0,0.0
2020-01-01,4,0,101_PV_4,0.0,0.0,0.0,0.0,0.0
2020-01-01,4,0,103_PV_1,0.0,0.0,0.0,0.0,0.0
2020-01-01,4,0,119_PV_1,0.0,0.0,0.0,0.0,0.0
2020-01-01,4,0,308_RTPV_1,0.0,0.0,0.0,0.0,0.0
2020-01-01,4,0,313_RTPV_1,0.0,0.0,0.0,0.0,0.0
2020-01-01,4,0,313_RTPV_2,0.0,0.0,0.0,0.0,0.0
2020-01-01,4,0,313_RTPV_3,0.0,0.0,0.0,0.0,0.0
2020-01-01,4,0,313_RTPV_4,0.0,0.0,0.0,0.0,0.0
2020-01-01,4,0,313_RTPV_5,0.0,0.0,0.0,0.0,0.0
2020-01-01,4,0,313_RTPV_6,0.0,0.0,0.0,0.0,0.0
2020-01-01,4,0,313_RTPV_7,0.0,0.0,0.0,0.0,0.0
2020-01-01,4,0,313_RTPV_8,0.0,0.0,0.0,0.0,0.0
2020-01-01,4,0,313_RTPV_9,0.0,0.0,0.0,0.0,0.0
2020-01-01,4,0,313_RTPV_10,0.0,0.0,0.0,0.0,0.0
2020-01-01,4,0,313_RTPV_11,0.0,0.0,0.0,0.0,0.0
2020-01-01,4,0,313_RTPV_12,0.0,0.0,0.0,0.0,0.0
2020-01-01,4,0,320_RTPV_1,0.0,0.0,0.0,0.0,0.0
2020-01-01,4,0,320_RTPV_2,0.0,0.0,0.0,0.0,0.0
2020-01-01,4,0,320_RTPV_3,0.0,0.0,0.0,0.0,0.0
2020-01-01,4,0,313_RTPV_13,0.0,0.0,0.0,0.0,0.0
2020-01-01,4,0,320_RTPV_4,0.0,0.0,0.0,0.0,0.0
2020-01-01,4,0,320_RTPV_5,0.0,0.0,0.0,0.0,0.0
2020-01-01,4,0,118_RTPV_1,0.0,0.0,0.0,0.0,0.0
2020-01-01,4,0,118_RTPV_2,0.0,0.0,0.0,0.0,0.0
2020-01-01,4,0,118_RTPV_3,0.0,0.0,0.0,0.0,0.0
2020-01-01,4,0,118_RTPV_4,0.0,0.0,0.0,0.0,0.0
2020-01-01,4,0,118_RTPV_5,0.0,0.0,0.0,0.0,0.0
2020-01-01,4,0,118_RTPV_6,0.0,0.0,0.0,0.0,0.0
2020-01-01,4,0,320_RTPV_6,0.0,0.0,0.0,0.0,0.0
2020-01-01,4,0,118_RTPV_7,0.0,0.0,0.0,0.0,0.0
2020-01-01,4,0,118_RTPV_8,0.0,0.0,0.0,0.0,0.0
2020-01-01,4,0,118_RTPV_9,0.0,0.0,0.0,0.0,0.0
2020-01-01,4,0,118_RTPV_10,0.0,0.0,0.0,0.0,0.0
2020-01-01,4,0,213_RTPV_1,0.0,0.0,0.0,0.0,0.0
2020-01-01,4,0,309_WIND_1,67.967,61.467,0.0,1408.273604,0.0
2020-01-01,4,0,317_WIND_1,345.9725,332.6725,0.0,7250.562907,0.0
2020-01-01,4,0,303_WIND_1,357.425,0.0,0.0,6065.840729,0.0
2020-01-01,4,0,122_WIND_1,322.6125,326.8125,0.0,6829.829165,0.0
2020-01-01,4,0,122_WIND_1_PEM,0.0,0.0,374.5875,0.0,0.0
2020-01-01,4,0,303_WIND_1_PEM,0.0,0.0,444.675,0.0,0.0
2020-01-01,4,0,309_WIND_1_PEM,0.0,0.0,75.633,0.0,0.0
2020-01-01,4,0,310_PV_2_PEM,0.0,0.0,0.0,0.0,0.0
2020-01-01,4,0,317_WIND_1_PEM,0.0,0.0,419.5275,0.0,0.0
2020-01-01,4,0,319_PV_1_PEM,0.0,0.0,0.0,0.0,0.0
2020-01-01,4,0,320_PV_1_PEM,0.0,0.0,0.0,0.0,0.0
2020-01-01,4,0,324_PV_1_PEM,0.0,0.0,0.0,0.0,0.0
2020-01-01,4,0,324_PV_2_PEM,0.0,0.0,0.0,0.0,0.0
2020-01-01,4,0,324_PV_3_PEM,0.0,0.0,0.0,0.0,0.0
2020-01-01,5,0,122_HYDRO_1,3.8,3.8,0.0,86.382975,0.0
2020-01-01,5,0,122_HYDRO_2,3.8,3.8,0.0,86.382975,0.0
2020-01-01,5,0,122_HYDRO_3,3.8,3.8,0.0,86.382975,0.0
2020-01-01,5,0,122_HYDRO_4,3.8,3.8,0.0,86.382975,0.0
2020-01-01,5,0,122_HYDRO_5,3.8,3.8,0.0,86.382975,0.0
2020-01-01,5,0,122_HYDRO_6,3.8,3.8,0.0,86.382975,0.0
2020-01-01,5,0,201_HYDRO_4,9.283,9.1,0.0,210.347856,0.0
2020-01-01,5,0,215_HYDRO_1,9.283,9.1,0.0,210.347856,0.0
2020-01-01,5,0,215_HYDRO_2,9.283,9.1,0.0,210.347856,0.0
2020-01-01,5,0,215_HYDRO_3,9.283,9.1,0.0,210.347856,0.0
2020-01-01,5,0,222_HYDRO_1,9.283,9.1,0.0,210.347856,0.0
2020-01-01,5,0,222_HYDRO_2,9.283,9.1,0.0,210.347856,0.0
2020-01-01,5,0,222_HYDRO_3,9.283,9.1,0.0,210.347856,0.0
2020-01-01,5,0,222_HYDRO_4,9.283,9.1,0.0,210.347856,0.0
2020-01-01,5,0,222_HYDRO_5,9.283,9.1,0.0,210.347856,0.0
2020-01-01,5,0,222_HYDRO_6,9.283,9.1,0.0,210.347856,0.0
2020-01-01,5,0,322_HYDRO_1,11.292,6.8,0.0,240.08427,0.0
2020-01-01,5,0,322_HYDRO_2,11.292,6.8,0.0,240.08427,0.0
2020-01-01,5,0,322_HYDRO_3,11.292,6.8,0.0,240.08427,0.0
2020-01-01,5,0,322_HYDRO_4,11.292,6.8,0.0,240.08427,0.0
2020-01-01,5,0,320_PV_1,0.0,0.0,0.0,0.0,0.0
2020-01-01,5,0,314_PV_1,0.0,0.0,0.0,0.0,0.0
2020-01-01,5,0,314_PV_2,0.0,0.0,0.0,0.0,0.0
2020-01-01,5,0,313_PV_1,0.0,0.0,0.0,0.0,0.0
2020-01-01,5,0,314_PV_3,0.0,0.0,0.0,0.0,0.0
2020-01-01,5,0,314_PV_4,0.0,0.0,0.0,0.0,0.0
2020-01-01,5,0,313_PV_2,0.0,0.0,0.0,0.0,0.0
2020-01-01,5,0,310_PV_1,0.0,0.0,0.0,0.0,0.0
2020-01-01,5,0,324_PV_1,0.0,0.0,0.0,0.0,0.0
2020-01-01,5,0,312_PV_1,0.0,0.0,0.0,0.0,0.0
2020-01-01,5,0,310_PV_2,0.0,0.0,0.0,0.0,0.0
2020-01-01,5,0,324_PV_2,0.0,0.0,0.0,0.0,0.0
2020-01-01,5,0,324_PV_3,0.0,0.0,0.0,0.0,0.0
2020-01-01,5,0,113_PV_1,0.0,0.0,0.0,0.0,0.0
2020-01-01,5,0,319_PV_1,0.0,0.0,0.0,0.0,0.0
2020-01-01,5,0,215_PV_1,0.0,0.0,0.0,0.0,0.0
2020-01-01,5,0,102_PV_1,0.0,0.0,0.0,0.0,0.0
2020-01-01,5,0,101_PV_1,0.0,0.0,0.0,0.0,0.0
2020-01-01,5,0,102_PV_2,0.0,0.0,0.0,0.0,0.0
2020-01-01,5,0,104_PV_1,0.0,0.0,0.0,0.0,0.0
2020-01-01,5,0,101_PV_2,0.0,0.0,0.0,0.0,0.0
2020-01-01,5,0,101_PV_3,0.0,0.0,0.0,0.0,0.0
2020-01-01,5,0,101_PV_4,0.0,0.0,0.0,0.0,0.0
2020-01-01,5,0,103_PV_1,0.0,0.0,0.0,0.0,0.0
2020-01-01,5,0,119_PV_1,0.0,0.0,0.0,0.0,0.0
2020-01-01,5,0,308_RTPV_1,0.0,0.0,0.0,0.0,0.0
2020-01-01,5,0,313_RTPV_1,0.0,0.0,0.0,0.0,0.0
2020-01-01,5,0,313_RTPV_2,0.0,0.0,0.0,0.0,0.0
2020-01-01,5,0,313_RTPV_3,0.0,0.0,0.0,0.0,0.0
2020-01-01,5,0,313_RTPV_4,0.0,0.0,0.0,0.0,0.0
2020-01-01,5,0,313_RTPV_5,0.0,0.0,0.0,0.0,0.0
2020-01-01,5,0,313_RTPV_6,0.0,0.0,0.0,0.0,0.0
2020-01-01,5,0,313_RTPV_7,0.0,0.0,0.0,0.0,0.0
2020-01-01,5,0,313_RTPV_8,0.0,0.0,0.0,0.0,0.0
2020-01-01,5,0,313_RTPV_9,0.0,0.0,0.0,0.0,0.0
2020-01-01,5,0,313_RTPV_10,0.0,0.0,0.0,0.0,0.0
2020-01-01,5,0,313_RTPV_11,0.0,0.0,0.0,0.0,0.0
2020-01-01,5,0,313_RTPV_12,0.0,0.0,0.0,0.0,0.0
2020-01-01,5,0,320_RTPV_1,0.0,0.0,0.0,0.0,0.0
2020-01-01,5,0,320_RTPV_2,0.0,0.0,0.0,0.0,0.0
2020-01-01,5,0,320_RTPV_3,0.0,0.0,0.0,0.0,0.0
2020-01-01,5,0,313_RTPV_13,0.0,0.0,0.0,0.0,0.0
2020-01-01,5,0,320_RTPV_4,0.0,0.0,0.0,0.0,0.0
2020-01-01,5,0,320_RTPV_5,0.0,0.0,0.0,0.0,0.0
2020-01-01,5,0,118_RTPV_1,0.0,0.0,0.0,0.0,0.0
2020-01-01,5,0,118_RTPV_2,0.0,0.0,0.0,0.0,0.0
2020-01-01,5,0,118_RTPV_3,0.0,0.0,0.0,0.0,0.0
2020-01-01,5,0,118_RTPV_4,0.0,0.0,0.0,0.0,0.0
2020-01-01,5,0,118_RTPV_5,0.0,0.0,0.0,0.0,0.0
2020-01-01,5,0,118_RTPV_6,0.0,0.0,0.0,0.0,0.0
2020-01-01,5,0,320_RTPV_6,0.0,0.0,0.0,0.0,0.0
2020-01-01,5,0,118_RTPV_7,0.0,0.0,0.0,0.0,0.0
2020-01-01,5,0,118_RTPV_8,0.0,0.0,0.0,0.0,0.0
2020-01-01,5,0,118_RTPV_9,0.0,0.0,0.0,0.0,0.0
2020-01-01,5,0,118_RTPV_10,0.0,0.0,0.0,0.0,0.0
2020-01-01,5,0,213_RTPV_1,0.0,0.0,0.0,0.0,0.0
2020-01-01,5,0,309_WIND_1,71.667,22.967,0.0,1449.087701,0.0
2020-01-01,5,0,317_WIND_1,356.2725,299.8725,0.0,7890.371468,0.0
2020-01-01,5,0,303_WIND_1,374.825,0.0,0.0,7134.709584,0.0
2020-01-01,5,0,122_WIND_1,323.2125,307.9125,0.0,7290.810399,0.0
2020-01-01,5,0,122_WIND_1_PEM,0.0,0.0,374.5875,0.0,0.0
2020-01-01,5,0,303_WIND_1_PEM,0.0,0.0,444.675,0.0,0.0
2020-01-01,5,0,309_WIND_1_PEM,0.0,0.0,75.633,0.0,0.0
2020-01-01,5,0,310_PV_2_PEM,0.0,0.0,0.0,0.0,0.0
2020-01-01,5,0,317_WIND_1_PEM,0.0,0.0,419.5275,0.0,0.0
2020-01-01,5,0,319_PV_1_PEM,0.0,0.0,0.0,0.0,0.0
2020-01-01,5,0,320_PV_1_PEM,0.0,0.0,0.0,0.0,0.0
2020-01-01,5,0,324_PV_1_PEM,0.0,0.0,0.0,0.0,0.0
2020-01-01,5,0,324_PV_2_PEM,0.0,0.0,0.0,0.0,0.0
2020-01-01,5,0,324_PV_3_PEM,0.0,0.0,0.0,0.0,0.0
2020-01-01,6,0,122_HYDRO_1,3.833,4.2,0.0,92.525824,0.0
2020-01-01,6,0,122_HYDRO_2,3.833,4.2,0.0,92.525824,0.0
2020-01-01,6,0,122_HYDRO_3,3.833,4.2,0.0,92.525824,0.0
2020-01-01,6,0,122_HYDRO_4,3.833,4.2,0.0,92.525824,0.0
2020-01-01,6,0,122_HYDRO_5,3.833,4.2,0.0,92.525824,0.0
2020-01-01,6,0,122_HYDRO_6,3.833,4.2,0.0,92.525824,0.0
2020-01-01,6,0,201_HYDRO_4,9.133,9.5,0.0,219.064015,0.0
2020-01-01,6,0,215_HYDRO_1,9.133,9.5,0.0,219.064015,0.0
2020-01-01,6,0,215_HYDRO_2,9.133,9.5,0.0,219.064015,0.0
2020-01-01,6,0,215_HYDRO_3,9.133,9.5,0.0,219.064015,0.0
2020-01-01,6,0,222_HYDRO_1,9.133,9.5,0.0,219.064015,0.0
2020-01-01,6,0,222_HYDRO_2,9.133,9.5,0.0,219.064015,0.0
2020-01-01,6,0,222_HYDRO_3,9.133,9.5,0.0,219.064015,0.0
2020-01-01,6,0,222_HYDRO_4,9.133,9.5,0.0,219.064015,0.0
2020-01-01,6,0,222_HYDRO_5,9.133,9.5,0.0,219.064015,0.0
2020-01-01,6,0,222_HYDRO_6,9.133,9.5,0.0,219.064015,0.0
2020-01-01,6,0,322_HYDRO_1,6.867,7.6,0.0,165.972661,0.0
2020-01-01,6,0,322_HYDRO_2,6.867,7.6,0.0,165.972661,0.0
2020-01-01,6,0,322_HYDRO_3,6.867,7.6,0.0,165.972661,0.0
2020-01-01,6,0,322_HYDRO_4,6.867,7.6,0.0,165.972661,0.0
2020-01-01,6,0,320_PV_1,0.0,0.0,0.0,0.0,0.0
2020-01-01,6,0,314_PV_1,0.0,0.0,0.0,0.0,0.0
2020-01-01,6,0,314_PV_2,0.0,0.0,0.0,0.0,0.0
2020-01-01,6,0,313_PV_1,0.0,0.0,0.0,0.0,0.0
2020-01-01,6,0,314_PV_3,0.0,0.0,0.0,0.0,0.0
2020-01-01,6,0,314_PV_4,0.0,0.0,0.0,0.0,0.0
2020-01-01,6,0,313_PV_2,0.0,0.0,0.0,0.0,0.0
2020-01-01,6,0,310_PV_1,0.0,0.0,0.0,0.0,0.0
2020-01-01,6,0,324_PV_1,0.0,0.0,0.0,0.0,0.0
2020-01-01,6,0,312_PV_1,0.0,0.0,0.0,0.0,0.0
2020-01-01,6,0,310_PV_2,0.0,0.0,0.0,0.0,0.0
2020-01-01,6,0,324_PV_2,0.0,0.0,0.0,0.0,0.0
2020-01-01,6,0,324_PV_3,0.0,0.0,0.0,0.0,0.0
2020-01-01,6,0,113_PV_1,0.0,0.0,0.0,0.0,0.0
2020-01-01,6,0,319_PV_1,0.0,0.0,0.0,0.0,0.0
2020-01-01,6,0,215_PV_1,0.0,0.0,0.0,0.0,0.0
2020-01-01,6,0,102_PV_1,0.0,0.0,0.0,0.0,0.0
2020-01-01,6,0,101_PV_1,0.0,0.0,0.0,0.0,0.0
2020-01-01,6,0,102_PV_2,0.0,0.0,0.0,0.0,0.0
2020-01-01,6,0,104_PV_1,0.0,0.0,0.0,0.0,0.0
2020-01-01,6,0,101_PV_2,0.0,0.0,0.0,0.0,0.0
2020-01-01,6,0,101_PV_3,0.0,0.0,0.0,0.0,0.0
2020-01-01,6,0,101_PV_4,0.0,0.0,0.0,0.0,0.0
2020-01-01,6,0,103_PV_1,0.0,0.0,0.0,0.0,0.0
2020-01-01,6,0,119_PV_1,0.0,0.0,0.0,0.0,0.0
2020-01-01,6,0,308_RTPV_1,0.0,0.0,0.0,0.0,0.0
2020-01-01,6,0,313_RTPV_1,0.0,0.0,0.0,0.0,0.0
2020-01-01,6,0,313_RTPV_2,0.0,0.0,0.0,0.0,0.0
2020-01-01,6,0,313_RTPV_3,0.0,0.0,0.0,0.0,0.0
2020-01-01,6,0,313_RTPV_4,0.0,0.0,0.0,0.0,0.0
2020-01-01,6,0,313_RTPV_5,0.0,0.0,0.0,0.0,0.0
2020-01-01,6,0,313_RTPV_6,0.0,0.0,0.0,0.0,0.0
2020-01-01,6,0,313_RTPV_7,0.0,0.0,0.0,0.0,0.0
2020-01-01,6,0,313_RTPV_8,0.0,0.0,0.0,0.0,0.0
2020-01-01,6,0,313_RTPV_9,0.0,0.0,0.0,0.0,0.0
2020-01-01,6,0,313_RTPV_10,0.0,0.0,0.0,0.0,0.0
2020-01-01,6,0,313_RTPV_11,0.0,0.0,0.0,0.0,0.0
2020-01-01,6,0,313_RTPV_12,0.0,0.0,0.0,0.0,0.0
2020-01-01,6,0,320_RTPV_1,0.0,0.0,0.0,0.0,0.0
2020-01-01,6,0,320_RTPV_2,0.0,0.0,0.0,0.0,0.0
2020-01-01,6,0,320_RTPV_3,0.0,0.0,0.0,0.0,0.0
2020-01-01,6,0,313_RTPV_13,0.0,0.0,0.0,0.0,0.0
2020-01-01,6,0,320_RTPV_4,0.0,0.0,0.0,0.0,0.0
2020-01-01,6,0,320_RTPV_5,0.0,0.0,0.0,0.0,0.0
2020-01-01,6,0,118_RTPV_1,0.0,0.0,0.0,0.0,0.0
2020-01-01,6,0,118_RTPV_2,0.0,0.0,0.0,0.0,0.0
2020-01-01,6,0,118_RTPV_3,0.0,0.0,0.0,0.0,0.0
2020-01-01,6,0,118_RTPV_4,0.0,0.0,0.0,0.0,0.0
2020-01-01,6,0,118_RTPV_5,0.0,0.0,0.0,0.0,0.0
2020-01-01,6,0,118_RTPV_6,0.0,0.0,0.0,0.0,0.0
2020-01-01,6,0,320_RTPV_6,0.0,0.0,0.0,0.0,0.0
2020-01-01,6,0,118_RTPV_7,0.0,0.0,0.0,0.0,0.0
2020-01-01,6,0,118_RTPV_8,0.0,0.0,0.0,0.0,0.0
2020-01-01,6,0,118_RTPV_9,0.0,0.0,0.0,0.0,0.0
2020-01-01,6,0,118_RTPV_10,0.0,0.0,0.0,0.0,0.0
2020-01-01,6,0,213_RTPV_1,0.0,0.0,0.0,0.0,0.0
2020-01-01,6,0,309_WIND_1,70.467,0.0,0.0,1488.01015,0.0
2020-01-01,6,0,317_WIND_1,349.2725,235.7725,0.0,8025.811829,0.0
2020-01-01,6,0,303_WIND_1,350.125,0.0,0.0,7393.383479,0.0
2020-01-01,6,0,122_WIND_1,321.0125,240.1125,0.0,7441.034889,0.0
2020-01-01,6,0,122_WIND_1_PEM,0.0,0.0,374.5875,0.0,0.0
2020-01-01,6,0,303_WIND_1_PEM,0.0,0.0,444.675,0.0,0.0
2020-01-01,6,0,309_WIND_1_PEM,0.0,0.0,75.633,0.0,0.0
2020-01-01,6,0,310_PV_2_PEM,0.0,0.0,0.0,0.0,0.0
2020-01-01,6,0,317_WIND_1_PEM,0.0,0.0,419.5275,0.0,0.0
2020-01-01,6,0,319_PV_1_PEM,0.0,0.0,0.0,0.0,0.0
2020-01-01,6,0,320_PV_1_PEM,0.0,0.0,0.0,0.0,0.0
2020-01-01,6,0,324_PV_1_PEM,0.0,0.0,0.0,0.0,0.0
2020-01-01,6,0,324_PV_2_PEM,0.0,0.0,0.0,0.0,0.0
2020-01-01,6,0,324_PV_3_PEM,0.0,0.0,0.0,0.0,0.0
2020-01-01,7,0,122_HYDRO_1,4.167,3.8,0.0,90.886861,0.0
2020-01-01,7,0,122_HYDRO_2,4.167,3.8,0.0,90.886861,0.0
2020-01-01,7,0,122_HYDRO_3,4.167,3.8,0.0,90.886861,0.0
2020-01-01,7,0,122_HYDRO_4,4.167,3.8,0.0,90.886861,0.0
2020-01-01,7,0,122_HYDRO_5,4.167,3.8,0.0,90.886861,0.0
2020-01-01,7,0,122_HYDRO_6,4.167,3.8,0.0,90.886861,0.0
2020-01-01,7,0,201_HYDRO_4,10.283,18.9,0.0,227.803201,0.0
2020-01-01,7,0,215_HYDRO_1,10.283,18.9,0.0,227.803201,0.0
2020-01-01,7,0,215_HYDRO_2,10.283,18.9,0.0,227.803201,0.0
2020-01-01,7,0,215_HYDRO_3,10.283,18.9,0.0,227.803201,0.0
2020-01-01,7,0,222_HYDRO_1,10.283,18.9,0.0,227.803201,0.0
2020-01-01,7,0,222_HYDRO_2,10.283,18.9,0.0,227.803201,0.0
2020-01-01,7,0,222_HYDRO_3,10.283,18.9,0.0,227.803201,0.0
2020-01-01,7,0,222_HYDRO_4,10.283,18.9,0.0,227.803201,0.0
2020-01-01,7,0,222_HYDRO_5,10.283,18.9,0.0,227.803201,0.0
2020-01-01,7,0,222_HYDRO_6,10.283,18.9,0.0,227.803201,0.0
2020-01-01,7,0,322_HYDRO_1,8.567,19.2,0.0,191.064619,0.0
2020-01-01,7,0,322_HYDRO_2,8.567,19.2,0.0,191.064619,0.0
2020-01-01,7,0,322_HYDRO_3,8.567,19.2,0.0,191.064619,0.0
2020-01-01,7,0,322_HYDRO_4,8.567,19.2,0.0,191.064619,0.0
2020-01-01,7,0,320_PV_1,0.0,0.0,0.0,0.0,0.0
2020-01-01,7,0,314_PV_1,0.0,23.7,0.0,8.759693,0.0
2020-01-01,7,0,314_PV_2,0.0,23.3,0.0,8.61185,0.0
2020-01-01,7,0,313_PV_1,0.0,31.1,0.0,11.494787,0.0
2020-01-01,7,0,314_PV_3,0.0,31.9,0.0,11.790472,0.0
2020-01-01,7,0,314_PV_4,0.0,23.2,0.0,8.574889,0.0
2020-01-01,7,0,313_PV_2,0.0,31.1,0.0,11.494787,0.0
2020-01-01,7,0,310_PV_1,0.0,19.1,0.0,7.059499,0.0
2020-01-01,7,0,324_PV_1,0.0,2.023,0.0,0.747716,0.0
2020-01-01,7,0,312_PV_1,0.0,26.1,0.0,9.64675,0.0
2020-01-01,7,0,310_PV_2,0.0,0.0,0.0,0.0,0.0
2020-01-01,7,0,324_PV_2,0.0,0.0,0.0,0.0,0.0
2020-01-01,7,0,324_PV_3,0.0,0.0,0.0,0.0,0.0
2020-01-01,7,0,113_PV_1,0.0,49.7,0.0,18.369482,0.0
2020-01-01,7,0,319_PV_1,0.0,12.438,0.0,4.597175,0.0
2020-01-01,7,0,215_PV_1,0.0,63.8,0.0,23.580945,0.0
2020-01-01,7,0,102_PV_1,3.8,15.3,0.0,87.256369,0.0
2020-01-01,7,0,101_PV_1,0.0,14.8,0.0,5.470188,0.0
2020-01-01,7,0,102_PV_2,0.4,15.0,0.0,14.133728,0.0
2020-01-01,7,0,104_PV_1,4.2,14.9,0.0,95.698145,0.0
2020-01-01,7,0,101_PV_2,0.1,15.2,0.0,7.765435,0.0
2020-01-01,7,0,101_PV_3,3.4,15.3,0.0,78.666751,0.0
2020-01-01,7,0,101_PV_4,0.0,14.4,0.0,5.322345,0.0
2020-01-01,7,0,103_PV_1,0.0,14.9,0.0,5.507149,0.0
2020-01-01,7,0,119_PV_1,0.0,13.6,0.0,5.026659,0.0
2020-01-01,7,0,308_RTPV_1,0.0,13.3,0.0,4.915777,0.0
2020-01-01,7,0,313_RTPV_1,0.0,13.4,0.0,4.952738,0.0
2020-01-01,7,0,313_RTPV_2,0.0,9.6,0.0,3.54823,0.0
2020-01-01,7,0,313_RTPV_3,0.0,8.1,0.0,2.993819,0.0
2020-01-01,7,0,313_RTPV_4,0.0,8.7,0.0,3.215583,0.0
2020-01-01,7,0,313_RTPV_5,0.0,9.2,0.0,3.400387,0.0
2020-01-01,7,0,313_RTPV_6,0.0,9.1,0.0,3.363426,0.0
2020-01-01,7,0,313_RTPV_7,0.0,9.6,0.0,3.54823,0.0
2020-01-01,7,0,313_RTPV_8,0.0,8.8,0.0,3.252544,0.0
2020-01-01,7,0,313_RTPV_9,0.0,9.6,0.0,3.54823,0.0
2020-01-01,7,0,313_RTPV_10,0.0,9.7,0.0,3.585191,0.0
2020-01-01,7,0,313_RTPV_11,0.0,10.0,0.0,3.696073,0.0
2020-01-01,7,0,313_RTPV_12,0.0,4.3,0.0,1.589311,0.0
2020-01-01,7,0,320_RTPV_1,0.0,4.3,0.0,1.589311,0.0
2020-01-01,7,0,320_RTPV_2,0.0,4.3,0.0,1.589311,0.0
2020-01-01,7,0,320_RTPV_3,0.0,4.5,0.0,1.663233,0.0
2020-01-01,7,0,313_RTPV_13,0.0,4.5,0.0,1.663233,0.0
2020-01-01,7,0,320_RTPV_4,0.0,4.0,0.0,1.478429,0.0
2020-01-01,7,0,320_RTPV_5,0.0,4.6,0.0,1.700194,0.0
2020-01-01,7,0,118_RTPV_1,0.0,1.6,0.0,0.591372,0.0
2020-01-01,7,0,118_RTPV_2,0.0,1.6,0.0,0.591372,0.0
2020-01-01,7,0,118_RTPV_3,0.0,1.7,0.0,0.628332,0.0
2020-01-01,7,0,118_RTPV_4,0.0,1.6,0.0,0.591372,0.0
2020-01-01,7,0,118_RTPV_5,0.0,1.6,0.0,0.591372,0.0
2020-01-01,7,0,118_RTPV_6,0.0,1.5,0.0,0.554411,0.0
2020-01-01,7,0,320_RTPV_6,0.0,1.6,0.0,0.591372,0.0
2020-01-01,7,0,118_RTPV_7,0.0,1.8,0.0,0.665293,0.0
2020-01-01,7,0,118_RTPV_8,0.0,1.9,0.0,0.702254,0.0
2020-01-01,7,0,118_RTPV_9,0.0,1.6,0.0,0.591372,0.0
2020-01-01,7,0,118_RTPV_10,0.0,0.8,0.0,0.295686,0.0
2020-01-01,7,0,213_RTPV_1,0.0,2.3,0.0,0.850097,0.0
2020-01-01,7,0,309_WIND_1,71.767,0.0,0.0,1541.127917,0.0
2020-01-01,7,0,317_WIND_1,365.7725,175.0725,0.0,7919.323857,0.0
2020-01-01,7,0,303_WIND_1,317.225,0.0,0.0,6812.104498,0.0
2020-01-01,7,0,122_WIND_1,318.4125,143.1125,0.0,6890.500351,0.0
2020-01-01,7,0,122_WIND_1_PEM,0.0,0.0,374.5875,0.0,0.0
2020-01-01,7,0,303_WIND_1_PEM,0.0,0.0,444.675,0.0,0.0
2020-01-01,7,0,309_WIND_1_PEM,0.0,0.0,75.633,0.0,0.0
2020-01-01,7,0,310_PV_2_PEM,0.0,0.0,0.0,0.0,0.0
2020-01-01,7,0,317_WIND_1_PEM,0.0,0.0,419.5275,0.0,0.0
2020-01-01,7,0,319_PV_1_PEM,0.0,0.0,0.0,0.0,0.0
2020-01-01,7,0,320_PV_1_PEM,0.0,0.0,0.0,0.0,0.0
2020-01-01,7,0,324_PV_1_PEM,0.0,0.0,0.0,0.0,0.0
2020-01-01,7,0,324_PV_2_PEM,0.0,0.0,0.0,0.0,0.0
2020-01-01,7,0,324_PV_3_PEM,0.0,0.0,0.0,0.0,0.0
2020-01-01,8,0,122_HYDRO_1,3.8,3.8,0.0,77.520013,0.0
2020-01-01,8,0,122_HYDRO_2,3.8,3.8,0.0,77.520013,0.0
2020-01-01,8,0,122_HYDRO_3,3.8,3.8,0.0,77.520013,0.0
2020-01-01,8,0,122_HYDRO_4,3.8,3.8,0.0,77.520013,0.0
2020-01-01,8,0,122_HYDRO_5,3.8,3.8,0.0,77.520013,0.0
2020-01-01,8,0,122_HYDRO_6,3.8,3.8,0.0,77.520013,0.0
2020-01-01,8,0,201_HYDRO_4,18.867,18.5,0.0,377.400065,0.0
2020-01-01,8,0,215_HYDRO_1,18.867,18.5,0.0,377.400065,0.0
2020-01-01,8,0,215_HYDRO_2,18.867,18.5,0.0,377.400065,0.0
2020-01-01,8,0,215_HYDRO_3,18.867,18.5,0.0,377.400065,0.0
2020-01-01,8,0,222_HYDRO_1,18.867,18.5,0.0,377.400065,0.0
2020-01-01,8,0,222_HYDRO_2,18.867,18.5,0.0,377.400065,0.0
2020-01-01,8,0,222_HYDRO_3,18.867,18.5,0.0,377.400065,0.0
2020-01-01,8,0,222_HYDRO_4,18.867,18.5,0.0,377.400065,0.0
2020-01-01,8,0,222_HYDRO_5,18.867,18.5,0.0,377.400065,0.0
2020-01-01,8,0,222_HYDRO_6,18.867,18.5,0.0,377.400065,0.0
2020-01-01,8,0,322_HYDRO_1,18.508,10.9,0.0,222.360038,0.0
2020-01-01,8,0,322_HYDRO_2,18.508,10.9,0.0,222.360038,0.0
2020-01-01,8,0,322_HYDRO_3,18.508,10.9,0.0,222.360038,0.0
2020-01-01,8,0,322_HYDRO_4,18.508,10.9,0.0,222.360038,0.0
2020-01-01,8,0,320_PV_1,0.0,4.384,0.0,89.433615,0.0
2020-01-01,8,0,314_PV_1,24.2,30.6,0.0,624.240107,0.0
2020-01-01,8,0,314_PV_2,19.5,33.5,0.0,683.400117,0.0
2020-01-01,8,0,313_PV_1,35.8,47.8,0.0,975.120167,0.0
2020-01-01,8,0,314_PV_3,35.2,50.0,0.0,1020.000175,0.0
2020-01-01,8,0,314_PV_4,20.8,33.5,0.0,683.400117,0.0
2020-01-01,8,0,313_PV_2,35.1,48.0,0.0,979.200168,0.0
2020-01-01,8,0,310_PV_1,24.3,30.7,0.0,626.280107,0.0
2020-01-01,8,0,324_PV_1,0.0,12.223,3.623,249.349243,0.0
2020-01-01,8,0,312_PV_1,34.4,48.7,0.0,993.48017,0.0
2020-01-01,8,0,310_PV_2,0.0,4.384,0.0,89.433615,0.0
2020-01-01,8,0,324_PV_2,0.0,10.544,2.644,215.097637,0.0
2020-01-01,8,0,324_PV_3,0.0,10.79,1.79,220.116038,0.0
2020-01-01,8,0,113_PV_1,0.0,63.1,0.0,1287.240221,0.0
2020-01-01,8,0,319_PV_1,0.0,46.838,14.638,955.495364,0.0
2020-01-01,8,0,215_PV_1,66.8,82.3,0.0,1678.920288,0.0
2020-01-01,8,0,102_PV_1,8.8,18.4,0.0,375.360064,0.0
2020-01-01,8,0,101_PV_1,14.732843,17.4,0.467157,354.960061,0.0
2020-01-01,8,0,102_PV_2,10.5,18.2,0.0,371.280064,0.0
2020-01-01,8,0,104_PV_1,11.1,17.5,0.0,357.000061,0.0
2020-01-01,8,0,101_PV_2,13.9,18.5,0.0,377.400065,0.0
2020-01-01,8,0,101_PV_3,16.3,18.7,0.0,381.480065,0.0
2020-01-01,8,0,101_PV_4,12.6,17.7,0.0,361.080062,0.0
2020-01-01,8,0,103_PV_1,18.1,29.2,0.0,595.680102,0.0
2020-01-01,8,0,119_PV_1,0.0,28.3,8.4,577.320099,0.0
2020-01-01,8,0,308_RTPV_1,15.0,35.9,0.0,732.360126,0.0
2020-01-01,8,0,313_RTPV_1,17.0,36.0,0.0,734.400126,0.0
2020-01-01,8,0,313_RTPV_2,11.0,23.1,0.0,471.240081,0.0
2020-01-01,8,0,313_RTPV_3,9.1,21.8,0.0,444.720076,0.0
2020-01-01,8,0,313_RTPV_4,11.2,23.1,0.0,471.240081,0.0
2020-01-01,8,0,313_RTPV_5,11.0,22.8,0.0,465.12008,0.0
2020-01-01,8,0,313_RTPV_6,10.7,23.5,0.0,479.400082,0.0
2020-01-01,8,0,313_RTPV_7,10.7,23.7,0.0,483.480083,0.0
2020-01-01,8,0,313_RTPV_8,10.7,23.7,0.0,483.480083,0.0
2020-01-01,8,0,313_RTPV_9,10.8,23.6,0.0,481.440083,0.0
2020-01-01,8,0,313_RTPV_10,11.1,24.0,0.0,489.600084,0.0
2020-01-01,8,0,313_RTPV_11,11.8,25.2,0.0,514.080088,0.0
2020-01-01,8,0,313_RTPV_12,5.7,10.5,0.0,214.200037,0.0
2020-01-01,8,0,320_RTPV_1,5.3,10.6,0.0,216.240037,0.0
2020-01-01,8,0,320_RTPV_2,5.2,10.5,0.0,214.200037,0.0
2020-01-01,8,0,320_RTPV_3,5.5,10.5,0.0,214.200037,0.0
2020-01-01,8,0,313_RTPV_13,4.9,10.5,0.0,214.200037,0.0
2020-01-01,8,0,320_RTPV_4,5.3,9.9,0.0,201.960035,0.0
2020-01-01,8,0,320_RTPV_5,4.4,11.0,0.0,224.400038,0.0
2020-01-01,8,0,118_RTPV_1,2.0,3.7,0.0,75.480013,0.0
2020-01-01,8,0,118_RTPV_2,2.0,3.7,0.0,75.480013,0.0
2020-01-01,8,0,118_RTPV_3,2.0,3.7,0.0,75.480013,0.0
2020-01-01,8,0,118_RTPV_4,2.1,3.7,0.0,75.480013,0.0
2020-01-01,8,0,118_RTPV_5,1.9,3.5,0.0,71.400012,0.0
2020-01-01,8,0,118_RTPV_6,2.1,3.6,0.0,73.440013,0.0
2020-01-01,8,0,320_RTPV_6,2.0,3.6,0.0,73.440013,0.0
2020-01-01,8,0,118_RTPV_7,2.3,4.1,0.0,83.640014,0.0
2020-01-01,8,0,118_RTPV_8,2.4,4.2,0.0,85.680015,0.0
2020-01-01,8,0,118_RTPV_9,1.9,3.8,0.0,77.520013,0.0
2020-01-01,8,0,118_RTPV_10,1.0,1.7,0.0,34.680006,0.0
2020-01-01,8,0,213_RTPV_1,2.2,5.0,0.0,102.000017,0.0
2020-01-01,8,0,309_WIND_1,69.267,0.0,0.0,0.0,0.0
2020-01-01,8,0,317_WIND_1,349.1725,159.5725,0.0,3255.279559,0.0
2020-01-01,8,0,303_WIND_1,298.825,0.0,0.0,0.0,0.0
2020-01-01,8,0,122_WIND_1,316.3125,52.0125,0.0,1061.055182,0.0
2020-01-01,8,0,122_WIND_1_PEM,0.0,0.0,374.5875,0.0,0.0
2020-01-01,8,0,303_WIND_1_PEM,0.0,0.0,444.675,0.0,0.0
2020-01-01,8,0,309_WIND_1_PEM,0.0,0.0,75.633,0.0,0.0
2020-01-01,8,0,310_PV_2_PEM,0.0,0.0,23.5,0.0,0.0
2020-01-01,8,0,317_WIND_1_PEM,0.0,0.0,419.5275,0.0,0.0
2020-01-01,8,0,319_PV_1_PEM,0.0,0.0,77.162,0.0,0.0
2020-01-01,8,0,320_PV_1_PEM,0.0,0.0,25.0,0.0,0.0
2020-01-01,8,0,324_PV_1_PEM,0.0,0.0,20.377,0.0,0.0
2020-01-01,8,0,324_PV_2_PEM,0.0,0.0,21.156,0.0,0.0
2020-01-01,8,0,324_PV_3_PEM,0.0,0.0,20.91,0.0,0.0
2020-01-01,9,0,122_HYDRO_1,3.8,3.8,0.0,72.332145,0.0
2020-01-01,9,0,122_HYDRO_2,3.8,3.8,0.0,72.332145,0.0
2020-01-01,9,0,122_HYDRO_3,3.8,3.8,0.0,72.332145,0.0
2020-01-01,9,0,122_HYDRO_4,3.8,3.8,0.0,72.332145,0.0
2020-01-01,9,0,122_HYDRO_5,3.8,3.8,0.0,72.332145,0.0
2020-01-01,9,0,122_HYDRO_6,3.8,3.8,0.0,72.332145,0.0
2020-01-01,9,0,201_HYDRO_4,18.5,18.5,0.0,352.14334,0.0
2020-01-01,9,0,215_HYDRO_1,18.5,18.5,0.0,352.14334,0.0
2020-01-01,9,0,215_HYDRO_2,18.5,18.5,0.0,352.14334,0.0
2020-01-01,9,0,215_HYDRO_3,18.5,18.5,0.0,352.14334,0.0
2020-01-01,9,0,222_HYDRO_1,18.5,18.5,0.0,352.14334,0.0
2020-01-01,9,0,222_HYDRO_2,18.5,18.5,0.0,352.14334,0.0
2020-01-01,9,0,222_HYDRO_3,18.5,18.5,0.0,352.14334,0.0
2020-01-01,9,0,222_HYDRO_4,18.5,18.5,0.0,352.14334,0.0
2020-01-01,9,0,222_HYDRO_5,18.5,18.5,0.0,352.14334,0.0
2020-01-01,9,0,222_HYDRO_6,18.5,18.5,0.0,352.14334,0.0
2020-01-01,9,0,322_HYDRO_1,12.717,32.7,0.0,622.437146,0.0
2020-01-01,9,0,322_HYDRO_2,12.717,32.7,0.0,622.437146,0.0
2020-01-01,9,0,322_HYDRO_3,12.717,32.7,0.0,622.437146,0.0
2020-01-01,9,0,322_HYDRO_4,12.717,32.7,0.0,622.437146,0.0
2020-01-01,9,0,320_PV_1,0.0,8.584,6.484,163.39451,0.0
2020-01-01,9,0,314_PV_1,31.5,34.5,0.0,656.699742,0.0
2020-01-01,9,0,314_PV_2,30.3,34.9,0.0,664.313652,0.0
2020-01-01,9,0,313_PV_1,53.5,58.4,0.0,1111.630867,0.0
2020-01-01,9,0,314_PV_3,57.1,60.9,0.0,1159.217805,0.0
2020-01-01,9,0,314_PV_4,0.0,34.9,31.5,664.313652,0.0
2020-01-01,9,0,313_PV_2,53.2,58.8,0.0,1119.244777,0.0
2020-01-01,9,0,310_PV_1,31.7,33.4,0.0,635.761489,0.0
2020-01-01,9,0,324_PV_1,0.0,13.623,12.423,259.310741,0.0
2020-01-01,9,0,312_PV_1,0.0,59.0,52.9,1123.051732,0.0
2020-01-01,9,0,310_PV_2,0.0,7.084,5.484,134.842347,0.0
2020-01-01,9,0,324_PV_2,0.0,14.544,13.944,276.841769,0.0
2020-01-01,9,0,324_PV_3,0.0,14.69,10.89,279.620847,0.0
2020-01-01,9,0,113_PV_1,46.5,66.6,0.0,1267.716023,0.0
2020-01-01,9,0,319_PV_1,52.538,59.538,0.0,1133.292441,0.0
2020-01-01,9,0,215_PV_1,67.6,86.1,0.0,1638.894138,0.0
2020-01-01,9,0,102_PV_1,12.4,19.0,0.0,361.660727,0.0
2020-01-01,9,0,101_PV_1,0.0,18.2,0.4,346.432907,0.0
2020-01-01,9,0,102_PV_2,6.6,18.8,0.0,357.853772,0.0
2020-01-01,9,0,104_PV_1,14.7,18.3,0.0,348.336385,0.0
2020-01-01,9,0,101_PV_2,11.493278,19.1,1.606722,363.564205,0.0
2020-01-01,9,0,101_PV_3,17.4,19.4,0.0,369.274637,0.0
2020-01-01,9,0,101_PV_4,0.0,17.9,4.2,340.722475,0.0
2020-01-01,9,0,103_PV_1,33.5,38.3,0.0,729.031887,0.0
2020-01-01,9,0,119_PV_1,26.6,37.4,0.0,711.900589,0.0
2020-01-01,9,0,308_RTPV_1,40.1,52.9,0.0,1006.939604,0.0
2020-01-01,9,0,313_RTPV_1,43.6,53.0,0.0,1008.843081,0.0
2020-01-01,9,0,313_RTPV_2,26.7,33.9,0.0,645.278877,0.0
2020-01-01,9,0,313_RTPV_3,22.5,32.3,0.0,614.823236,0.0
2020-01-01,9,0,313_RTPV_4,25.5,34.2,0.0,650.989309,0.0
2020-01-01,9,0,313_RTPV_5,26.4,33.6,0.0,639.568444,0.0
2020-01-01,9,0,313_RTPV_6,26.2,33.1,0.0,630.051056,0.0
2020-01-01,9,0,313_RTPV_7,26.6,34.5,0.0,656.699742,0.0
2020-01-01,9,0,313_RTPV_8,28.4,34.1,0.0,649.085832,0.0
2020-01-01,9,0,313_RTPV_9,27.2,34.6,0.0,658.603219,0.0
2020-01-01,9,0,313_RTPV_10,26.2,34.8,0.0,662.410174,0.0
2020-01-01,9,0,313_RTPV_11,29.2,37.0,0.0,704.286679,0.0
2020-01-01,9,0,313_RTPV_12,12.9,15.5,0.0,295.039014,0.0
2020-01-01,9,0,320_RTPV_1,12.4,15.5,0.0,295.039014,0.0
2020-01-01,9,0,320_RTPV_2,12.7,15.5,0.0,295.039014,0.0
2020-01-01,9,0,320_RTPV_3,12.6,15.2,0.0,289.328582,0.0
2020-01-01,9,0,313_RTPV_13,12.5,15.1,0.0,287.425104,0.0
2020-01-01,9,0,320_RTPV_4,13.2,14.5,0.0,276.004239,0.0
2020-01-01,9,0,320_RTPV_5,12.7,16.0,0.0,304.556402,0.0
2020-01-01,9,0,118_RTPV_1,4.6,5.0,0.0,95.173876,0.0
2020-01-01,9,0,118_RTPV_2,4.6,5.0,0.0,95.173876,0.0
2020-01-01,9,0,118_RTPV_3,4.3,5.1,0.0,97.077353,0.0
2020-01-01,9,0,118_RTPV_4,4.6,5.1,0.0,97.077353,0.0
2020-01-01,9,0,118_RTPV_5,4.2,4.9,0.0,93.270398,0.0
2020-01-01,9,0,118_RTPV_6,4.4,5.0,0.0,95.173876,0.0
2020-01-01,9,0,320_RTPV_6,4.4,5.0,0.0,95.173876,0.0
2020-01-01,9,0,118_RTPV_7,5.2,6.0,0.0,114.208651,0.0
2020-01-01,9,0,118_RTPV_8,5.1,6.1,0.0,116.112128,0.0
2020-01-01,9,0,118_RTPV_9,4.6,5.5,0.0,104.691263,0.0
2020-01-01,9,0,118_RTPV_10,2.0,2.5,0.0,47.586938,0.0
2020-01-01,9,0,213_RTPV_1,5.3,7.0,0.0,133.243426,0.0
2020-01-01,9,0,309_WIND_1,69.167,0.0,0.0,0.0,0.0
2020-01-01,9,0,317_WIND_1,309.9725,47.2725,0.0,899.821407,0.0
2020-01-01,9,0,303_WIND_1,43.625,0.0,0.0,0.0,0.0
2020-01-01,9,0,122_WIND_1,245.5125,0.0,0.0,0.0,0.0
2020-01-01,9,0,122_WIND_1_PEM,0.0,0.0,374.5875,0.0,0.0
2020-01-01,9,0,303_WIND_1_PEM,0.0,0.0,444.675,0.0,0.0
2020-01-01,9,0,309_WIND_1_PEM,0.0,0.0,75.633,0.0,0.0
2020-01-01,9,0,310_PV_2_PEM,0.0,0.0,26.316,0.0,0.0
2020-01-01,9,0,317_WIND_1_PEM,0.0,0.0,419.5275,0.0,0.0
2020-01-01,9,0,319_PV_1_PEM,0.0,0.0,77.162,0.0,0.0
2020-01-01,9,0,320_PV_1_PEM,0.0,0.0,26.316,0.0,0.0
2020-01-01,9,0,324_PV_1_PEM,0.0,0.0,20.377,0.0,0.0
2020-01-01,9,0,324_PV_2_PEM,0.0,0.0,21.156,0.0,0.0
2020-01-01,9,0,324_PV_3_PEM,0.0,0.0,20.91,0.0,0.0
2020-01-01,10,0,122_HYDRO_1,3.8,3.8,0.0,4.31223,0.0
2020-01-01,10,0,122_HYDRO_2,3.8,3.8,0.0,4.31223,0.0
2020-01-01,10,0,122_HYDRO_3,3.8,3.8,0.0,4.31223,0.0
2020-01-01,10,0,122_HYDRO_4,3.8,3.8,0.0,4.31223,0.0
2020-01-01,10,0,122_HYDRO_5,3.8,3.8,0.0,4.31223,0.0
2020-01-01,10,0,122_HYDRO_6,3.8,3.8,0.0,4.31223,0.0
2020-01-01,10,0,201_HYDRO_4,18.517,18.7,0.0,21.220709,0.0
2020-01-01,10,0,215_HYDRO_1,18.517,18.7,0.0,21.220709,0.0
2020-01-01,10,0,215_HYDRO_2,18.517,18.7,0.0,21.220709,0.0
2020-01-01,10,0,215_HYDRO_3,18.517,18.7,0.0,21.220709,0.0
2020-01-01,10,0,222_HYDRO_1,18.517,18.7,0.0,21.220709,0.0
2020-01-01,10,0,222_HYDRO_2,18.517,18.7,0.0,21.220709,0.0
2020-01-01,10,0,222_HYDRO_3,18.517,18.7,0.0,21.220709,0.0
2020-01-01,10,0,222_HYDRO_4,18.517,18.7,0.0,21.220709,0.0
2020-01-01,10,0,222_HYDRO_5,18.517,18.7,0.0,21.220709,0.0
2020-01-01,10,0,222_HYDRO_6,18.517,18.7,0.0,21.220709,0.0
2020-01-01,10,0,322_HYDRO_1,32.908,35.2,0.0,39.944864,0.0
2020-01-01,10,0,322_HYDRO_2,32.908,35.2,0.0,39.944864,0.0
2020-01-01,10,0,322_HYDRO_3,32.908,35.2,0.0,39.944864,0.0
2020-01-01,10,0,322_HYDRO_4,32.908,35.2,0.0,39.944864,0.0
2020-01-01,10,0,320_PV_1,0.0,8.884,9.884,10.081539,0.0
2020-01-01,10,0,314_PV_1,35.4,35.1,0.0,39.831384,0.0
2020-01-01,10,0,314_PV_2,0.0,36.1,18.5,40.966181,0.0
2020-01-01,10,0,313_PV_1,59.7,64.2,0.0,72.853985,0.0
2020-01-01,10,0,314_PV_3,63.6,64.5,0.0,73.194424,0.0
2020-01-01,10,0,314_PV_4,0.0,36.1,27.3,40.966181,0.0
2020-01-01,10,0,313_PV_2,0.0,65.4,54.3,74.215741,0.0
2020-01-01,10,0,310_PV_1,0.0,35.2,31.6,39.944864,0.0
2020-01-01,10,0,324_PV_1,0.0,14.723,11.823,16.70762,0.0
2020-01-01,10,0,312_PV_1,0.0,66.0,50.5,74.89662,0.0
2020-01-01,10,0,310_PV_2,0.0,8.784,4.784,9.968059,0.0
2020-01-01,10,0,324_PV_2,0.0,14.944,12.544,16.95841,0.0
2020-01-01,10,0,324_PV_3,0.0,15.19,11.39,17.23757,0.0
2020-01-01,10,0,113_PV_1,67.1,67.1,0.0,76.144897,0.0
2020-01-01,10,0,319_PV_1,62.938,61.738,0.0,70.060114,0.0
2020-01-01,10,0,215_PV_1,86.9,86.026346,0.0,97.622462,0.0
2020-01-01,10,0,102_PV_1,19.4,18.9,0.0,21.447668,0.0
2020-01-01,10,0,101_PV_1,15.743993,18.2,2.956007,20.65331,0.0
2020-01-01,10,0,102_PV_2,19.6,18.7,0.0,21.220709,0.0
2020-01-01,10,0,104_PV_1,17.1,18.3,0.0,20.76679,0.0
2020-01-01,10,0,101_PV_2,11.0,19.0,0.0,21.561148,0.0
2020-01-01,10,0,101_PV_3,18.4,19.3,0.0,21.901587,0.0
2020-01-01,10,0,101_PV_4,18.4,18.7,0.0,21.220709,0.0
2020-01-01,10,0,103_PV_1,40.9,44.9,0.0,50.952397,0.0
2020-01-01,10,0,119_PV_1,40.0,44.1,0.0,50.044559,0.0
2020-01-01,10,0,308_RTPV_1,43.7,64.5,0.0,73.194424,0.0
2020-01-01,10,0,313_RTPV_1,48.7,64.5,0.0,73.194424,0.0
2020-01-01,10,0,313_RTPV_2,35.6,40.1,0.0,45.50537,0.0
2020-01-01,10,0,313_RTPV_3,33.6,40.1,0.0,45.50537,0.0
2020-01-01,10,0,313_RTPV_4,32.5,40.2,0.0,45.61885,0.0
2020-01-01,10,0,313_RTPV_5,29.9,39.9,0.0,45.278411,0.0
2020-01-01,10,0,313_RTPV_6,30.2,38.8,0.0,44.030134,0.0
2020-01-01,10,0,313_RTPV_7,35.0,40.7,0.0,46.186249,0.0
2020-01-01,10,0,313_RTPV_8,34.6,42.1,0.0,47.774965,0.0
2020-01-01,10,0,313_RTPV_9,34.3,41.9,0.0,47.548006,0.0
2020-01-01,10,0,313_RTPV_10,35.7,41.1,0.0,46.640168,0.0
2020-01-01,10,0,313_RTPV_11,36.6,44.4,0.0,50.384999,0.0
2020-01-01,10,0,313_RTPV_12,17.4,18.3,0.0,20.76679,0.0
2020-01-01,10,0,320_RTPV_1,16.7,18.3,0.0,20.76679,0.0
2020-01-01,10,0,320_RTPV_2,16.8,18.3,0.0,20.76679,0.0
2020-01-01,10,0,320_RTPV_3,16.8,18.0,0.0,20.426351,0.0
2020-01-01,10,0,313_RTPV_13,16.1,17.8,0.0,20.199391,0.0
2020-01-01,10,0,320_RTPV_4,16.9,17.1,0.0,19.405033,0.0
2020-01-01,10,0,320_RTPV_5,16.6,18.7,0.0,21.220709,0.0
2020-01-01,10,0,118_RTPV_1,5.2,6.0,0.0,6.808784,0.0
2020-01-01,10,0,118_RTPV_2,5.5,6.0,0.0,6.808784,0.0
2020-01-01,10,0,118_RTPV_3,5.6,6.0,0.0,6.808784,0.0
2020-01-01,10,0,118_RTPV_4,5.6,6.1,0.0,6.922263,0.0
2020-01-01,10,0,118_RTPV_5,5.5,5.8,0.0,6.581824,0.0
2020-01-01,10,0,118_RTPV_6,5.7,6.1,0.0,6.922263,0.0
2020-01-01,10,0,320_RTPV_6,5.8,5.9,0.0,6.695304,0.0
2020-01-01,10,0,118_RTPV_7,6.9,6.9,0.0,7.830101,0.0
2020-01-01,10,0,118_RTPV_8,7.0,7.2,0.0,8.17054,0.0
2020-01-01,10,0,118_RTPV_9,6.2,6.6,0.0,7.489662,0.0
2020-01-01,10,0,118_RTPV_10,2.8,3.0,0.0,3.404392,0.0
2020-01-01,10,0,213_RTPV_1,4.7,8.0,0.0,9.078378,0.0
2020-01-01,10,0,309_WIND_1,68.067,0.0,0.0,0.0,0.0
2020-01-01,10,0,317_WIND_1,238.9725,0.0,0.0,0.0,0.0
2020-01-01,10,0,303_WIND_1,0.0,0.0,0.0,0.0,0.0
2020-01-01,10,0,122_WIND_1,124.0125,0.0,0.0,0.0,0.0
2020-01-01,10,0,122_WIND_1_PEM,0.0,0.0,374.5875,0.0,0.0
2020-01-01,10,0,303_WIND_1_PEM,0.0,0.0,247.9,0.0,0.0
2020-01-01,10,0,309_WIND_1_PEM,0.0,0.0,75.633,0.0,0.0
2020-01-01,10,0,310_PV_2_PEM,0.0,0.0,26.316,0.0,0.0
2020-01-01,10,0,317_WIND_1_PEM,0.0,0.0,419.5275,0.0,0.0
2020-01-01,10,0,319_PV_1_PEM,0.0,0.0,77.162,0.0,0.0
2020-01-01,10,0,320_PV_1_PEM,0.0,0.0,26.316,0.0,0.0
2020-01-01,10,0,324_PV_1_PEM,0.0,0.0,20.377,0.0,0.0
2020-01-01,10,0,324_PV_2_PEM,0.0,0.0,21.156,0.0,0.0
2020-01-01,10,0,324_PV_3_PEM,0.0,0.0,20.91,0.0,0.0
2020-01-01,11,0,122_HYDRO_1,3.8,3.8,0.0,0.0,0.0
2020-01-01,11,0,122_HYDRO_2,3.8,3.8,0.0,0.0,0.0
2020-01-01,11,0,122_HYDRO_3,3.8,3.8,0.0,0.0,0.0
2020-01-01,11,0,122_HYDRO_4,3.8,3.8,0.0,0.0,0.0
2020-01-01,11,0,122_HYDRO_5,3.8,3.8,0.0,0.0,0.0
2020-01-01,11,0,122_HYDRO_6,3.8,3.8,0.0,0.0,0.0
2020-01-01,11,0,201_HYDRO_4,18.683,18.5,0.0,3.451566,0.0
2020-01-01,11,0,215_HYDRO_1,18.683,18.5,0.0,3.451566,0.0
2020-01-01,11,0,215_HYDRO_2,18.683,18.5,0.0,3.451566,0.0
2020-01-01,11,0,215_HYDRO_3,18.683,18.5,0.0,3.451566,0.0
2020-01-01,11,0,222_HYDRO_1,18.683,18.5,0.0,3.451566,0.0
2020-01-01,11,0,222_HYDRO_2,18.683,18.5,0.0,3.451566,0.0
2020-01-01,11,0,222_HYDRO_3,18.683,18.5,0.0,3.451566,0.0
2020-01-01,11,0,222_HYDRO_4,18.683,18.5,0.0,3.451566,0.0
2020-01-01,11,0,222_HYDRO_5,18.683,18.5,0.0,3.451566,0.0
2020-01-01,11,0,222_HYDRO_6,18.683,18.5,0.0,3.451566,0.0
2020-01-01,11,0,322_HYDRO_1,35.225,35.5,0.0,-5.18678,0.0
2020-01-01,11,0,322_HYDRO_2,35.225,35.5,0.0,-5.18678,0.0
2020-01-01,11,0,322_HYDRO_3,35.225,35.5,0.0,-5.18678,0.0
2020-01-01,11,0,322_HYDRO_4,35.225,35.5,0.0,-5.18678,0.0
2020-01-01,11,0,320_PV_1,10.284,7.284,0.0,56.583056,0.0
2020-01-01,11,0,314_PV_1,34.9,33.5,0.0,26.405426,0.0
2020-01-01,11,0,314_PV_2,31.2,36.2,0.0,-94.305094,0.0
2020-01-01,11,0,313_PV_1,55.8,66.6,0.0,-203.699003,0.0
2020-01-01,11,0,314_PV_3,51.8,64.3,0.0,-235.762735,0.0
2020-01-01,11,0,314_PV_4,33.4,36.2,0.0,-52.810853,0.0
2020-01-01,11,0,313_PV_2,57.8,67.1,0.0,-175.407475,0.0
2020-01-01,11,0,310_PV_1,14.2,34.8,0.0,-388.536987,0.0
2020-01-01,11,0,324_PV_1,9.223,14.723,0.0,-103.735603,0.0
2020-01-01,11,0,312_PV_1,41.8,67.6,0.0,-486.614285,0.0
2020-01-01,11,0,310_PV_2,1.984,8.584,0.0,-124.482724,0.0
2020-01-01,11,0,324_PV_2,12.644,14.144,0.0,-28.291528,0.0
2020-01-01,11,0,324_PV_3,4.19,14.39,0.0,-192.382392,0.0
2020-01-01,11,0,113_PV_1,67.0,67.6,0.0,-11.316611,0.0
2020-01-01,11,0,319_PV_1,69.338,54.438,0.0,281.02918,0.0
2020-01-01,11,0,215_PV_1,90.0,80.564883,0.0,177.955919,0.0
2020-01-01,11,0,102_PV_1,19.8,18.5,0.0,24.519324,0.0
2020-01-01,11,0,101_PV_1,17.9,17.5,0.0,7.544408,0.0
2020-01-01,11,0,102_PV_2,19.5,18.3,0.0,22.633223,0.0
2020-01-01,11,0,104_PV_1,17.2,17.7,0.0,-9.430509,0.0
2020-01-01,11,0,101_PV_2,18.9,18.6,0.0,5.658306,0.0
2020-01-01,11,0,101_PV_3,19.6,18.8,0.0,15.088815,0.0
2020-01-01,11,0,101_PV_4,20.2,19.3,0.0,16.974917,0.0
2020-01-01,11,0,103_PV_1,45.1,49.0,0.0,-73.557973,0.0
2020-01-01,11,0,119_PV_1,46.7,45.8,0.0,16.974917,0.0
2020-01-01,11,0,308_RTPV_1,38.9,67.0,0.0,-529.994628,0.0
2020-01-01,11,0,313_RTPV_1,41.6,67.1,0.0,-480.955979,0.0
2020-01-01,11,0,313_RTPV_2,18.1,41.5,0.0,-441.347839,0.0
2020-01-01,11,0,313_RTPV_3,13.2,43.1,0.0,-563.944462,0.0
2020-01-01,11,0,313_RTPV_4,19.1,42.8,0.0,-447.006145,0.0
2020-01-01,11,0,313_RTPV_5,33.2,41.5,0.0,-156.546456,0.0
2020-01-01,11,0,313_RTPV_6,25.4,41.0,0.0,-294.231893,0.0
2020-01-01,11,0,313_RTPV_7,34.1,42.7,0.0,-162.204762,0.0
2020-01-01,11,0,313_RTPV_8,41.1,42.3,0.0,-22.633223,0.0
2020-01-01,11,0,313_RTPV_9,33.8,43.0,0.0,-173.521373,0.0
2020-01-01,11,0,313_RTPV_10,37.4,44.0,0.0,-124.482724,0.0
2020-01-01,11,0,313_RTPV_11,43.7,46.6,0.0,-54.696954,0.0
2020-01-01,11,0,313_RTPV_12,19.5,19.5,0.0,0.0,0.0
2020-01-01,11,0,320_RTPV_1,19.1,19.5,0.0,-7.544408,0.0
2020-01-01,11,0,320_RTPV_2,19.2,19.5,0.0,-5.658306,0.0
2020-01-01,11,0,320_RTPV_3,18.8,19.1,0.0,-5.658306,0.0
2020-01-01,11,0,313_RTPV_13,17.9,18.8,0.0,-16.974917,0.0
2020-01-01,11,0,320_RTPV_4,18.3,18.3,0.0,0.0,0.0
2020-01-01,11,0,320_RTPV_5,18.2,19.7,0.0,-28.291528,0.0
2020-01-01,11,0,118_RTPV_1,6.2,6.3,0.0,-1.886102,0.0
2020-01-01,11,0,118_RTPV_2,6.5,6.3,0.0,3.772204,0.0
2020-01-01,11,0,118_RTPV_3,6.2,6.4,0.0,-3.772204,0.0
2020-01-01,11,0,118_RTPV_4,6.6,6.4,0.0,3.772204,0.0
2020-01-01,11,0,118_RTPV_5,6.3,6.2,0.0,1.886102,0.0
2020-01-01,11,0,118_RTPV_6,6.9,6.3,0.0,11.316611,0.0
2020-01-01,11,0,320_RTPV_6,6.2,6.3,0.0,-1.886102,0.0
2020-01-01,11,0,118_RTPV_7,7.6,7.4,0.0,3.772204,0.0
2020-01-01,11,0,118_RTPV_8,7.8,7.7,0.0,1.886102,0.0
2020-01-01,11,0,118_RTPV_9,7.2,6.9,0.0,5.658306,0.0
2020-01-01,11,0,118_RTPV_10,3.0,3.2,0.0,-3.772204,0.0
2020-01-01,11,0,213_RTPV_1,7.2,8.3,0.0,-20.747121,0.0
2020-01-01,11,0,309_WIND_1,0.0,0.0,0.0,0.0,0.0
2020-01-01,11,0,317_WIND_1,75.8725,0.0,0.0,1431.032647,0.0
2020-01-01,11,0,303_WIND_1,0.0,0.0,0.0,0.0,0.0
2020-01-01,11,0,122_WIND_1,0.0,0.0,0.0,0.0,0.0
2020-01-01,11,0,122_WIND_1_PEM,0.0,0.0,334.7,0.0,0.0
2020-01-01,11,0,303_WIND_1_PEM,0.0,0.0,140.0,0.0,0.0
2020-01-01,11,0,309_WIND_1_PEM,0.0,0.0,70.7,0.0,0.0
2020-01-01,11,0,310_PV_2_PEM,0.0,0.0,26.316,0.0,0.0
2020-01-01,11,0,317_WIND_1_PEM,0.0,0.0,419.5275,0.0,0.0
2020-01-01,11,0,319_PV_1_PEM,0.0,0.0,77.162,0.0,0.0
2020-01-01,11,0,320_PV_1_PEM,0.0,0.0,26.316,0.0,0.0
2020-01-01,11,0,324_PV_1_PEM,0.0,0.0,20.377,0.0,0.0
2020-01-01,11,0,324_PV_2_PEM,0.0,0.0,21.156,0.0,0.0
2020-01-01,11,0,324_PV_3_PEM,0.0,0.0,20.91,0.0,0.0
2020-01-01,12,0,122_HYDRO_1,3.8,3.8,0.0,68.675659,0.0
2020-01-01,12,0,122_HYDRO_2,3.8,3.8,0.0,68.675659,0.0
2020-01-01,12,0,122_HYDRO_3,3.8,3.8,0.0,68.675659,0.0
2020-01-01,12,0,122_HYDRO_4,3.8,3.8,0.0,68.675659,0.0
2020-01-01,12,0,122_HYDRO_5,3.8,3.8,0.0,68.675659,0.0
2020-01-01,12,0,122_HYDRO_6,3.8,3.8,0.0,68.675659,0.0
2020-01-01,12,0,201_HYDRO_4,18.517,18.7,0.0,334.353369,0.0
2020-01-01,12,0,215_HYDRO_1,18.517,18.7,0.0,334.353369,0.0
2020-01-01,12,0,215_HYDRO_2,18.517,18.7,0.0,334.353369,0.0
2020-01-01,12,0,215_HYDRO_3,18.517,18.7,0.0,334.353369,0.0
2020-01-01,12,0,222_HYDRO_1,18.517,18.7,0.0,334.353369,0.0
2020-01-01,12,0,222_HYDRO_2,18.517,18.7,0.0,334.353369,0.0
2020-01-01,12,0,222_HYDRO_3,18.517,18.7,0.0,334.353369,0.0
2020-01-01,12,0,222_HYDRO_4,18.517,18.7,0.0,334.353369,0.0
2020-01-01,12,0,222_HYDRO_5,18.517,18.7,0.0,334.353369,0.0
2020-01-01,12,0,222_HYDRO_6,18.517,18.7,0.0,334.353369,0.0
2020-01-01,12,0,322_HYDRO_1,35.467,35.1,0.0,641.572244,0.0
2020-01-01,12,0,322_HYDRO_2,35.467,35.1,0.0,641.572244,0.0
2020-01-01,12,0,322_HYDRO_3,35.467,35.1,0.0,641.572244,0.0
2020-01-01,12,0,322_HYDRO_4,35.467,35.1,0.0,641.572244,0.0
2020-01-01,12,0,320_PV_1,8.384,7.384,0.0,153.13708,0.0
2020-01-01,12,0,314_PV_1,31.4,33.6,0.0,563.920664,0.0
2020-01-01,12,0,314_PV_2,26.4,35.1,0.0,463.048181,0.0
2020-01-01,12,0,313_PV_1,58.8,64.4,0.0,1053.610894,0.0
2020-01-01,12,0,314_PV_3,50.2,64.1,0.0,884.766861,0.0
2020-01-01,12,0,314_PV_4,29.2,35.1,0.0,518.178585,0.0
2020-01-01,12,0,313_PV_2,58.6,64.8,0.0,1049.026253,0.0
2020-01-01,12,0,310_PV_1,29.7,33.8,0.0,530.125255,0.0
2020-01-01,12,0,324_PV_1,0.823,13.723,0.0,-5.984155,0.0
2020-01-01,12,0,312_PV_1,42.0,65.5,0.0,721.049891,0.0
2020-01-01,12,0,310_PV_2,0.0,7.584,0.0,-12.26248,0.0
2020-01-01,12,0,324_PV_2,0.0,12.544,0.0,-20.282245,0.0
2020-01-01,12,0,324_PV_3,0.0,12.79,0.0,-20.679999,0.0
2020-01-01,12,0,113_PV_1,65.2,66.5,0.0,1176.227781,0.0
2020-01-01,12,0,319_PV_1,57.438,56.538,0.0,1039.505864,0.0
2020-01-01,12,0,215_PV_1,85.3,84.5,0.0,1542.88134,0.0
2020-01-01,12,0,102_PV_1,18.8,18.1,0.0,340.895611,0.0
2020-01-01,12,0,101_PV_1,17.4,17.7,0.0,313.977164,0.0
2020-01-01,12,0,102_PV_2,19.1,17.9,0.0,347.125817,0.0
2020-01-01,12,0,104_PV_1,17.3,17.8,0.0,311.846532,0.0
2020-01-01,12,0,101_PV_2,18.3,18.2,0.0,330.889207,0.0
2020-01-01,12,0,101_PV_3,19.9,18.5,0.0,361.907228,0.0
2020-01-01,12,0,101_PV_4,21.9,18.9,0.0,400.639333,0.0
2020-01-01,12,0,103_PV_1,48.7,47.0,0.0,882.881503,0.0
2020-01-01,12,0,119_PV_1,45.6,45.3,0.0,824.59298,0.0
2020-01-01,12,0,308_RTPV_1,41.9,65.4,0.0,719.242637,0.0
2020-01-01,12,0,313_RTPV_1,30.0,65.4,0.0,484.938419,0.0
2020-01-01,12,0,313_RTPV_2,27.7,42.0,0.0,477.487912,0.0
2020-01-01,12,0,313_RTPV_3,39.0,42.8,0.0,698.684962,0.0
2020-01-01,12,0,313_RTPV_4,8.4,41.7,0.0,97.966978,0.0
2020-01-01,12,0,313_RTPV_5,18.5,41.8,0.0,296.668533,0.0
2020-01-01,12,0,313_RTPV_6,17.0,40.7,0.0,268.912965,0.0
2020-01-01,12,0,313_RTPV_7,10.6,40.8,0.0,142.738923,0.0
2020-01-01,12,0,313_RTPV_8,10.7,41.6,0.0,143.414356,0.0
2020-01-01,12,0,313_RTPV_9,26.7,40.8,0.0,459.738748,0.0
2020-01-01,12,0,313_RTPV_10,43.9,42.6,0.0,795.486547,0.0
2020-01-01,12,0,313_RTPV_11,23.9,45.1,0.0,397.655725,0.0
2020-01-01,12,0,313_RTPV_12,19.8,19.4,0.0,358.483086,0.0
2020-01-01,12,0,320_RTPV_1,19.7,19.4,0.0,356.514143,0.0
2020-01-01,12,0,320_RTPV_2,19.8,19.4,0.0,358.483086,0.0
2020-01-01,12,0,320_RTPV_3,19.2,19.0,0.0,347.316183,0.0
2020-01-01,12,0,313_RTPV_13,18.3,19.2,0.0,329.272319,0.0
2020-01-01,12,0,320_RTPV_4,18.9,17.7,0.0,343.511309,0.0
2020-01-01,12,0,320_RTPV_5,17.7,20.1,0.0,316.003461,0.0
2020-01-01,12,0,118_RTPV_1,6.1,6.2,0.0,110.080817,0.0
2020-01-01,12,0,118_RTPV_2,6.4,6.2,0.0,115.987646,0.0
2020-01-01,12,0,118_RTPV_3,6.5,6.1,0.0,118.118278,0.0
2020-01-01,12,0,118_RTPV_4,6.9,6.3,0.0,125.670672,0.0
2020-01-01,12,0,118_RTPV_5,6.5,5.9,0.0,118.441656,0.0
2020-01-01,12,0,118_RTPV_6,7.1,6.2,0.0,129.770247,0.0
2020-01-01,12,0,320_RTPV_6,6.7,6.0,0.0,122.217853,0.0
2020-01-01,12,0,118_RTPV_7,8.0,7.2,0.0,145.873846,0.0
2020-01-01,12,0,118_RTPV_8,8.3,7.5,0.0,151.295609,0.0
2020-01-01,12,0,118_RTPV_9,7.1,6.7,0.0,128.961803,0.0
2020-01-01,12,0,118_RTPV_10,3.1,3.1,0.0,56.02488,0.0
2020-01-01,12,0,213_RTPV_1,8.3,8.0,0.0,150.487165,0.0
2020-01-01,12,0,309_WIND_1,0.0,0.0,0.0,0.0,0.0
2020-01-01,12,0,317_WIND_1,0.0,0.0,0.0,0.0,0.0
2020-01-01,12,0,303_WIND_1,0.0,0.0,0.0,0.0,0.0
2020-01-01,12,0,122_WIND_1,0.0,0.0,0.0,0.0,0.0
2020-01-01,12,0,122_WIND_1_PEM,0.0,0.0,147.8,0.0,0.0
2020-01-01,12,0,303_WIND_1_PEM,0.0,0.0,131.9,0.0,0.0
2020-01-01,12,0,309_WIND_1_PEM,0.0,0.0,2.7,0.0,0.0
2020-01-01,12,0,310_PV_2_PEM,0.0,0.0,19.5,0.0,0.0
2020-01-01,12,0,317_WIND_1_PEM,0.0,0.0,270.9,0.0,0.0
2020-01-01,12,0,319_PV_1_PEM,0.0,0.0,77.162,0.0,0.0
2020-01-01,12,0,320_PV_1_PEM,0.0,0.0,26.316,0.0,0.0
2020-01-01,12,0,324_PV_1_PEM,0.0,0.0,20.377,0.0,0.0
2020-01-01,12,0,324_PV_2_PEM,0.0,0.0,8.0,0.0,0.0
2020-01-01,12,0,324_PV_3_PEM,0.0,0.0,10.1,0.0,0.0
2020-01-01,13,0,122_HYDRO_1,3.833,4.2,0.0,73.024062,0.0
2020-01-01,13,0,122_HYDRO_2,3.833,4.2,0.0,73.024062,0.0
2020-01-01,13,0,122_HYDRO_3,3.833,4.2,0.0,73.024062,0.0
2020-01-01,13,0,122_HYDRO_4,3.833,4.2,0.0,73.024062,0.0
2020-01-01,13,0,122_HYDRO_5,3.833,4.2,0.0,73.024062,0.0
2020-01-01,13,0,122_HYDRO_6,3.833,4.2,0.0,73.024062,0.0
2020-01-01,13,0,201_HYDRO_4,18.7,18.7,0.0,355.950295,0.0
2020-01-01,13,0,215_HYDRO_1,18.7,18.7,0.0,355.950295,0.0
2020-01-01,13,0,215_HYDRO_2,18.7,18.7,0.0,355.950295,0.0
2020-01-01,13,0,215_HYDRO_3,18.7,18.7,0.0,355.950295,0.0
2020-01-01,13,0,222_HYDRO_1,18.7,18.7,0.0,355.950295,0.0
2020-01-01,13,0,222_HYDRO_2,18.7,18.7,0.0,355.950295,0.0
2020-01-01,13,0,222_HYDRO_3,18.7,18.7,0.0,355.950295,0.0
2020-01-01,13,0,222_HYDRO_4,18.7,18.7,0.0,355.950295,0.0
2020-01-01,13,0,222_HYDRO_5,18.7,18.7,0.0,355.950295,0.0
2020-01-01,13,0,222_HYDRO_6,18.7,18.7,0.0,355.950295,0.0
2020-01-01,13,0,322_HYDRO_1,33.958,21.4,0.0,644.200861,0.0
2020-01-01,13,0,322_HYDRO_2,33.958,21.4,0.0,644.200861,0.0
2020-01-01,13,0,322_HYDRO_3,33.958,21.4,0.0,644.200861,0.0
2020-01-01,13,0,322_HYDRO_4,33.958,21.4,0.0,644.200861,0.0
2020-01-01,13,0,320_PV_1,6.784,7.184,0.0,129.201417,0.0
2020-01-01,13,0,314_PV_1,25.0,33.5,0.0,477.346307,0.0
2020-01-01,13,0,314_PV_2,22.9,33.8,0.0,437.790294,0.0
2020-01-01,13,0,313_PV_1,58.1,61.4,0.0,1106.49383,0.0
2020-01-01,13,0,314_PV_3,53.7,59.8,0.0,1023.227338,0.0
2020-01-01,13,0,314_PV_4,11.9,33.8,0.0,230.319088,0.0
2020-01-01,13,0,313_PV_2,52.0,61.8,0.0,991.511118,0.0
2020-01-01,13,0,310_PV_1,31.0,33.5,0.0,590.51242,0.0
2020-01-01,13,0,324_PV_1,0.0,12.523,0.0,2.175951,0.0
2020-01-01,13,0,312_PV_1,58.1,62.7,0.0,1106.719714,0.0
2020-01-01,13,0,310_PV_2,6.184,7.284,0.0,117.902181,0.0
2020-01-01,13,0,324_PV_2,3.644,11.444,0.0,70.71802,0.0
2020-01-01,13,0,324_PV_3,2.29,11.69,0.0,45.222945,0.0
2020-01-01,13,0,113_PV_1,67.9,63.3,0.0,1291.661951,0.0
2020-01-01,13,0,319_PV_1,65.238,52.238,0.0,1239.531827,0.0
2020-01-01,13,0,215_PV_1,78.2,80.9,0.0,1488.988556,0.0
2020-01-01,13,0,102_PV_1,18.0,17.6,0.0,342.55645,0.0
2020-01-01,13,0,101_PV_1,17.2,17.5,0.0,327.450259,0.0
2020-01-01,13,0,102_PV_2,18.4,17.4,0.0,350.066106,0.0
2020-01-01,13,0,104_PV_1,17.8,17.7,0.0,338.801621,0.0
2020-01-01,13,0,101_PV_2,16.8,17.7,0.0,319.940603,0.0
2020-01-01,13,0,101_PV_3,19.5,17.9,0.0,370.900105,0.0
2020-01-01,13,0,101_PV_4,22.2,17.9,0.0,421.824855,0.0
2020-01-01,13,0,103_PV_1,45.3,40.7,0.0,861.476034,0.0
2020-01-01,13,0,119_PV_1,42.1,39.6,0.0,800.929642,0.0
2020-01-01,13,0,308_RTPV_1,36.1,59.2,0.0,691.169153,0.0
2020-01-01,13,0,313_RTPV_1,38.0,59.2,0.0,727.005089,0.0
2020-01-01,13,0,313_RTPV_2,39.9,37.1,0.0,759.00101,0.0
2020-01-01,13,0,313_RTPV_3,36.3,37.7,0.0,691.205596,0.0
2020-01-01,13,0,313_RTPV_4,33.2,36.7,0.0,632.562681,0.0
2020-01-01,13,0,313_RTPV_5,38.2,36.9,0.0,726.902526,0.0
2020-01-01,13,0,313_RTPV_6,32.8,37.1,0.0,625.087776,0.0
2020-01-01,13,0,313_RTPV_7,35.1,37.8,0.0,668.589749,0.0
2020-01-01,13,0,313_RTPV_8,41.1,37.6,0.0,781.72111,0.0
2020-01-01,13,0,313_RTPV_9,36.6,37.7,0.0,696.863901,0.0
2020-01-01,13,0,313_RTPV_10,41.9,38.0,0.0,796.879428,0.0
2020-01-01,13,0,313_RTPV_11,41.0,40.2,0.0,780.286775,0.0
2020-01-01,13,0,313_RTPV_12,18.7,17.0,0.0,355.654909,0.0
2020-01-01,13,0,320_RTPV_1,19.0,17.0,0.0,361.313215,0.0
2020-01-01,13,0,320_RTPV_2,19.1,17.0,0.0,363.199316,0.0
2020-01-01,13,0,320_RTPV_3,19.3,16.7,0.0,366.919393,0.0
2020-01-01,13,0,313_RTPV_13,17.7,17.4,0.0,336.863393,0.0
2020-01-01,13,0,320_RTPV_4,14.0,15.8,0.0,266.799613,0.0
2020-01-01,13,0,320_RTPV_5,17.5,18.2,0.0,333.230194,0.0
2020-01-01,13,0,118_RTPV_1,6.2,5.4,0.0,117.876601,0.0
2020-01-01,13,0,118_RTPV_2,6.3,5.4,0.0,119.762703,0.0
2020-01-01,13,0,118_RTPV_3,5.8,5.6,0.0,110.366944,0.0
2020-01-01,13,0,118_RTPV_4,6.4,5.5,0.0,121.66618,0.0
2020-01-01,13,0,118_RTPV_5,6.0,5.4,0.0,114.104397,0.0
2020-01-01,13,0,118_RTPV_6,7.2,5.5,0.0,136.754995,0.0
2020-01-01,13,0,320_RTPV_6,6.1,5.5,0.0,116.007874,0.0
2020-01-01,13,0,118_RTPV_7,7.4,6.6,0.0,140.718331,0.0
2020-01-01,13,0,118_RTPV_8,8.0,6.7,0.0,152.052318,0.0
2020-01-01,13,0,118_RTPV_9,6.4,5.9,0.0,121.735683,0.0
2020-01-01,13,0,118_RTPV_10,2.9,2.7,0.0,55.166097,0.0
2020-01-01,13,0,213_RTPV_1,7.6,7.3,0.0,144.612164,0.0
2020-01-01,13,0,309_WIND_1,0.0,0.0,0.0,0.0,0.0
2020-01-01,13,0,317_WIND_1,0.0,0.0,0.0,0.0,0.0
2020-01-01,13,0,303_WIND_1,0.0,0.0,0.0,0.0,0.0
2020-01-01,13,0,122_WIND_1,0.0,0.0,0.0,0.0,0.0
2020-01-01,13,0,122_WIND_1_PEM,0.0,0.0,59.4,0.0,0.0
2020-01-01,13,0,303_WIND_1_PEM,0.0,0.0,65.7,0.0,0.0
2020-01-01,13,0,309_WIND_1_PEM,0.0,0.0,2.3,0.0,0.0
2020-01-01,13,0,310_PV_2_PEM,0.0,0.0,26.316,0.0,0.0
2020-01-01,13,0,317_WIND_1_PEM,0.0,0.0,53.2,0.0,0.0
2020-01-01,13,0,319_PV_1_PEM,0.0,0.0,77.162,0.0,0.0
2020-01-01,13,0,320_PV_1_PEM,0.0,0.0,26.316,0.0,0.0
2020-01-01,13,0,324_PV_1_PEM,0.0,0.0,18.4,0.0,0.0
2020-01-01,13,0,324_PV_2_PEM,0.0,0.0,21.156,0.0,0.0
2020-01-01,13,0,324_PV_3_PEM,0.0,0.0,20.91,0.0,0.0
2020-01-01,14,0,122_HYDRO_1,4.2,4.2,0.0,85.76021,0.0
2020-01-01,14,0,122_HYDRO_2,4.2,4.2,0.0,85.76021,0.0
2020-01-01,14,0,122_HYDRO_3,4.2,4.2,0.0,85.76021,0.0
2020-01-01,14,0,122_HYDRO_4,4.2,4.2,0.0,85.76021,0.0
2020-01-01,14,0,122_HYDRO_5,4.2,4.2,0.0,85.76021,0.0
2020-01-01,14,0,122_HYDRO_6,4.2,4.2,0.0,85.76021,0.0
2020-01-01,14,0,201_HYDRO_4,18.7,18.7,0.0,381.837125,0.0
2020-01-01,14,0,215_HYDRO_1,18.7,18.7,0.0,381.837125,0.0
2020-01-01,14,0,215_HYDRO_2,18.7,18.7,0.0,381.837125,0.0
2020-01-01,14,0,215_HYDRO_3,18.7,18.7,0.0,381.837125,0.0
2020-01-01,14,0,222_HYDRO_1,18.7,18.7,0.0,381.837125,0.0
2020-01-01,14,0,222_HYDRO_2,18.7,18.7,0.0,381.837125,0.0
2020-01-01,14,0,222_HYDRO_3,18.7,18.7,0.0,381.837125,0.0
2020-01-01,14,0,222_HYDRO_4,18.7,18.7,0.0,381.837125,0.0
2020-01-01,14,0,222_HYDRO_5,18.7,18.7,0.0,381.837125,0.0
2020-01-01,14,0,222_HYDRO_6,18.7,18.7,0.0,381.837125,0.0
2020-01-01,14,0,322_HYDRO_1,21.025,16.9,0.0,426.284771,0.0
2020-01-01,14,0,322_HYDRO_2,21.025,16.9,0.0,426.284771,0.0
2020-01-01,14,0,322_HYDRO_3,21.025,16.9,0.0,426.284771,0.0
2020-01-01,14,0,322_HYDRO_4,21.025,16.9,0.0,426.284771,0.0
2020-01-01,14,0,320_PV_1,3.084,3.384,0.0,63.192625,0.0
2020-01-01,14,0,314_PV_1,28.7,29.7,0.0,586.76186,0.0
2020-01-01,14,0,314_PV_2,27.6,32.1,0.0,566.86901,0.0
2020-01-01,14,0,313_PV_1,55.3,53.4,0.0,1127.781955,0.0
2020-01-01,14,0,314_PV_3,45.8,53.5,0.0,940.844615,0.0
2020-01-01,14,0,314_PV_4,17.4,32.1,0.0,366.078557,0.0
2020-01-01,14,0,313_PV_2,54.1,54.0,0.0,1104.599804,0.0
2020-01-01,14,0,310_PV_1,31.1,31.4,0.0,635.254063,0.0
2020-01-01,14,0,324_PV_1,0.0,10.923,0.0,8.014851,0.0
2020-01-01,14,0,312_PV_1,52.1,54.8,0.0,1065.816135,0.0
2020-01-01,14,0,310_PV_2,0.784,5.284,0.0,19.310489,0.0
2020-01-01,14,0,324_PV_2,0.0,9.044,0.0,6.636117,0.0
2020-01-01,14,0,324_PV_3,2.29,9.19,0.0,51.822671,0.0
2020-01-01,14,0,113_PV_1,66.1,55.1,0.0,1341.631001,0.0
2020-01-01,14,0,319_PV_1,50.738,36.738,0.0,1025.751547,0.0
2020-01-01,14,0,215_PV_1,85.5,71.6,0.0,1735.633593,0.0
2020-01-01,14,0,102_PV_1,18.2,15.5,0.0,369.646427,0.0
2020-01-01,14,0,101_PV_1,16.5,15.5,0.0,336.181351,0.0
2020-01-01,14,0,102_PV_2,18.3,15.4,0.0,371.541585,0.0
2020-01-01,14,0,104_PV_1,17.4,15.7,0.0,354.044908,0.0
2020-01-01,14,0,101_PV_2,17.5,15.6,0.0,355.940066,0.0
2020-01-01,14,0,101_PV_3,18.6,15.8,0.0,377.74069,0.0
2020-01-01,14,0,101_PV_4,21.0,15.7,0.0,424.912126,0.0
2020-01-01,14,0,103_PV_1,38.3,29.7,0.0,775.74111,0.0
2020-01-01,14,0,119_PV_1,35.3,29.5,0.0,716.538343,0.0
2020-01-01,14,0,308_RTPV_1,44.5,48.0,0.0,911.218,0.0
2020-01-01,14,0,313_RTPV_1,53.9,47.9,0.0,1096.186806,0.0
2020-01-01,14,0,313_RTPV_2,35.4,29.3,0.0,718.360125,0.0
2020-01-01,14,0,313_RTPV_3,30.0,29.0,0.0,611.839169,0.0
2020-01-01,14,0,313_RTPV_4,28.3,29.0,0.0,578.374094,0.0
2020-01-01,14,0,313_RTPV_5,32.8,29.1,0.0,667.031493,0.0
2020-01-01,14,0,313_RTPV_6,30.7,29.2,0.0,625.765658,0.0
2020-01-01,14,0,313_RTPV_7,32.4,29.5,0.0,659.450861,0.0
2020-01-01,14,0,313_RTPV_8,31.7,29.4,0.0,645.597748,0.0
2020-01-01,14,0,313_RTPV_9,34.9,29.5,0.0,708.664207,0.0
2020-01-01,14,0,313_RTPV_10,35.9,29.0,0.0,727.982666,0.0
2020-01-01,14,0,313_RTPV_11,34.1,30.2,0.0,693.429568,0.0
2020-01-01,14,0,313_RTPV_12,14.7,12.8,0.0,298.766592,0.0
2020-01-01,14,0,320_RTPV_1,15.4,12.8,0.0,312.546329,0.0
2020-01-01,14,0,320_RTPV_2,15.3,12.8,0.0,310.577796,0.0
2020-01-01,14,0,320_RTPV_3,14.8,12.6,0.0,300.588374,0.0
2020-01-01,14,0,313_RTPV_13,14.9,13.0,0.0,302.850412,0.0
2020-01-01,14,0,320_RTPV_4,14.8,12.0,0.0,300.148119,0.0
2020-01-01,14,0,320_RTPV_5,15.8,13.5,0.0,320.934096,0.0
2020-01-01,14,0,118_RTPV_1,5.2,4.0,0.0,105.298797,0.0
2020-01-01,14,0,118_RTPV_2,5.4,4.0,0.0,109.235864,0.0
2020-01-01,14,0,118_RTPV_3,4.8,4.3,0.0,97.644789,0.0
2020-01-01,14,0,118_RTPV_4,5.3,4.0,0.0,107.26733,0.0
2020-01-01,14,0,118_RTPV_5,5.5,4.1,0.0,111.277774,0.0
2020-01-01,14,0,118_RTPV_6,6.2,4.0,0.0,124.984135,0.0
2020-01-01,14,0,320_RTPV_6,5.5,4.2,0.0,111.35115,0.0
2020-01-01,14,0,118_RTPV_7,6.1,5.2,0.0,123.896112,0.0
2020-01-01,14,0,118_RTPV_8,6.8,5.3,0.0,137.749225,0.0
2020-01-01,14,0,118_RTPV_9,5.0,4.7,0.0,101.87536,0.0
2020-01-01,14,0,118_RTPV_10,2.5,2.2,0.0,50.827616,0.0
2020-01-01,14,0,213_RTPV_1,6.8,5.3,0.0,137.749225,0.0
2020-01-01,14,0,309_WIND_1,0.0,0.0,0.0,0.0,0.0
2020-01-01,14,0,317_WIND_1,0.0,0.0,0.0,0.0,0.0
2020-01-01,14,0,303_WIND_1,0.0,0.0,0.0,0.0,0.0
2020-01-01,14,0,122_WIND_1,0.0,0.0,0.0,0.0,0.0
2020-01-01,14,0,122_WIND_1_PEM,0.0,0.0,43.2,0.0,0.0
2020-01-01,14,0,303_WIND_1_PEM,0.0,0.0,45.8,0.0,0.0
2020-01-01,14,0,309_WIND_1_PEM,0.0,0.0,3.7,0.0,0.0
2020-01-01,14,0,310_PV_2_PEM,0.0,0.0,26.316,0.0,0.0
2020-01-01,14,0,317_WIND_1_PEM,0.0,0.0,47.1,0.0,0.0
2020-01-01,14,0,319_PV_1_PEM,0.0,0.0,77.162,0.0,0.0
2020-01-01,14,0,320_PV_1_PEM,0.0,0.0,26.316,0.0,0.0
2020-01-01,14,0,324_PV_1_PEM,0.0,0.0,15.9,0.0,0.0
2020-01-01,14,0,324_PV_2_PEM,0.0,0.0,19.2,0.0,0.0
2020-01-01,14,0,324_PV_3_PEM,0.0,0.0,20.91,0.0,0.0
2020-01-01,15,0,122_HYDRO_1,4.95,13.2,0.0,125.854282,0.0
2020-01-01,15,0,122_HYDRO_2,4.95,13.2,0.0,125.854282,0.0
2020-01-01,15,0,122_HYDRO_3,4.95,13.2,0.0,125.854282,0.0
2020-01-01,15,0,122_HYDRO_4,4.95,13.2,0.0,125.854282,0.0
2020-01-01,15,0,122_HYDRO_5,4.95,13.2,0.0,125.854282,0.0
2020-01-01,15,0,122_HYDRO_6,4.95,13.2,0.0,125.854282,0.0
2020-01-01,15,0,201_HYDRO_4,18.7,18.7,0.0,425.095165,0.0
2020-01-01,15,0,215_HYDRO_1,18.7,18.7,0.0,425.095165,0.0
2020-01-01,15,0,215_HYDRO_2,18.7,18.7,0.0,425.095165,0.0
2020-01-01,15,0,215_HYDRO_3,18.7,18.7,0.0,425.095165,0.0
2020-01-01,15,0,222_HYDRO_1,18.7,18.7,0.0,425.095165,0.0
2020-01-01,15,0,222_HYDRO_2,18.7,18.7,0.0,425.095165,0.0
2020-01-01,15,0,222_HYDRO_3,18.7,18.7,0.0,425.095165,0.0
2020-01-01,15,0,222_HYDRO_4,18.7,18.7,0.0,425.095165,0.0
2020-01-01,15,0,222_HYDRO_5,18.7,18.7,0.0,425.095165,0.0
2020-01-01,15,0,222_HYDRO_6,18.7,18.7,0.0,425.095165,0.0
2020-01-01,15,0,322_HYDRO_1,17.108,19.4,0.0,392.608309,0.0
2020-01-01,15,0,322_HYDRO_2,17.108,19.4,0.0,392.608309,0.0
2020-01-01,15,0,322_HYDRO_3,17.108,19.4,0.0,392.608309,0.0
2020-01-01,15,0,322_HYDRO_4,17.108,19.4,0.0,392.608309,0.0
2020-01-01,15,0,320_PV_1,0.0,0.0,0.0,0.0,0.0
2020-01-01,15,0,314_PV_1,30.0,21.2,0.0,667.753155,0.0
2020-01-01,15,0,314_PV_2,13.5,23.1,0.0,322.397099,0.0
2020-01-01,15,0,313_PV_1,44.3,31.4,0.0,986.201774,0.0
2020-01-01,15,0,314_PV_3,43.8,32.9,0.0,978.066888,0.0
2020-01-01,15,0,314_PV_4,21.5,23.1,0.0,491.330814,0.0
2020-01-01,15,0,313_PV_2,46.6,32.8,0.0,1037.032123,0.0
2020-01-01,15,0,310_PV_1,29.3,21.9,0.0,654.102408,0.0
2020-01-01,15,0,324_PV_1,8.523,2.023,0.0,183.246211,0.0
2020-01-01,15,0,312_PV_1,46.8,34.5,0.0,1044.002067,0.0
2020-01-01,15,0,310_PV_2,6.084,0.0,0.0,128.47409,0.0
2020-01-01,15,0,324_PV_2,1.444,0.0,0.0,30.492535,0.0
2020-01-01,15,0,324_PV_3,7.99,0.09,0.0,168.867956,0.0
2020-01-01,15,0,113_PV_1,55.8,31.4,0.0,1229.043988,0.0
2020-01-01,15,0,319_PV_1,24.538,0.0,0.0,518.161936,0.0
2020-01-01,15,0,215_PV_1,76.5,41.1,0.0,1681.831755,0.0
2020-01-01,15,0,102_PV_1,13.7,10.1,0.0,305.617025,0.0
2020-01-01,15,0,101_PV_1,13.3,9.6,0.0,296.362516,0.0
2020-01-01,15,0,102_PV_2,15.4,10.0,0.0,341.353875,0.0
2020-01-01,15,0,104_PV_1,12.8,10.3,0.0,286.935112,0.0
2020-01-01,15,0,101_PV_2,16.2,10.1,0.0,358.408811,0.0
2020-01-01,15,0,101_PV_3,16.0,10.3,0.0,354.508598,0.0
2020-01-01,15,0,101_PV_4,16.5,10.2,0.0,364.90539,0.0
2020-01-01,15,0,103_PV_1,26.4,12.7,0.0,577.99998,0.0
2020-01-01,15,0,119_PV_1,26.0,13.9,0.0,571.492071,0.0
2020-01-01,15,0,308_RTPV_1,31.5,23.2,0.0,702.659521,0.0
2020-01-01,15,0,313_RTPV_1,27.6,23.1,0.0,620.142771,0.0
2020-01-01,15,0,313_RTPV_2,23.0,14.8,0.0,509.596011,0.0
2020-01-01,15,0,313_RTPV_3,18.9,14.2,0.0,422.048094,0.0
2020-01-01,15,0,313_RTPV_4,24.7,14.5,0.0,545.009731,0.0
2020-01-01,15,0,313_RTPV_5,25.1,14.6,0.0,553.617982,0.0
2020-01-01,15,0,313_RTPV_6,25.1,14.7,0.0,553.779547,0.0
2020-01-01,15,0,313_RTPV_7,19.1,14.0,0.0,425.948308,0.0
2020-01-01,15,0,313_RTPV_8,19.5,14.1,0.0,434.556558,0.0
2020-01-01,15,0,313_RTPV_9,17.4,14.0,0.0,390.049893,0.0
2020-01-01,15,0,313_RTPV_10,15.3,13.6,0.0,345.058534,0.0
2020-01-01,15,0,313_RTPV_11,23.0,15.8,0.0,511.211659,0.0
2020-01-01,15,0,313_RTPV_12,7.8,6.3,0.0,174.888951,0.0
2020-01-01,15,0,320_RTPV_1,9.9,6.3,0.0,219.234051,0.0
2020-01-01,15,0,320_RTPV_2,7.9,6.3,0.0,177.000622,0.0
2020-01-01,15,0,320_RTPV_3,8.7,5.9,0.0,193.247734,0.0
2020-01-01,15,0,313_RTPV_13,6.8,6.3,0.0,153.772236,0.0
2020-01-01,15,0,320_RTPV_4,5.2,5.6,0.0,118.85454,0.0
2020-01-01,15,0,320_RTPV_5,9.9,6.3,0.0,219.234051,0.0
2020-01-01,15,0,118_RTPV_1,3.8,1.9,0.0,83.313245,0.0
2020-01-01,15,0,118_RTPV_2,3.8,1.9,0.0,83.313245,0.0
2020-01-01,15,0,118_RTPV_3,3.7,1.9,0.0,81.201573,0.0
2020-01-01,15,0,118_RTPV_4,3.6,1.9,0.0,79.089902,0.0
2020-01-01,15,0,118_RTPV_5,3.8,2.0,0.0,83.474809,0.0
2020-01-01,15,0,118_RTPV_6,4.1,1.8,0.0,89.486694,0.0
2020-01-01,15,0,320_RTPV_6,4.0,1.9,0.0,87.536587,0.0
2020-01-01,15,0,118_RTPV_7,4.3,2.5,0.0,94.84099,0.0
2020-01-01,15,0,118_RTPV_8,5.0,2.5,0.0,109.62269,0.0
2020-01-01,15,0,118_RTPV_9,3.5,2.3,0.0,77.624489,0.0
2020-01-01,15,0,118_RTPV_10,1.8,1.0,0.0,39.625733,0.0
2020-01-01,15,0,213_RTPV_1,4.5,2.1,0.0,98.418074,0.0
2020-01-01,15,0,309_WIND_1,0.0,0.0,0.0,0.0,0.0
2020-01-01,15,0,317_WIND_1,0.0,0.0,0.0,0.0,0.0
2020-01-01,15,0,303_WIND_1,0.0,0.0,0.0,0.0,0.0
2020-01-01,15,0,122_WIND_1,0.0,0.0,0.0,0.0,0.0
2020-01-01,15,0,122_WIND_1_PEM,0.0,0.0,181.1,0.0,0.0
2020-01-01,15,0,303_WIND_1_PEM,0.0,0.0,122.8,0.0,0.0
2020-01-01,15,0,309_WIND_1_PEM,0.0,0.0,1.6,0.0,0.0
2020-01-01,15,0,310_PV_2_PEM,0.0,0.0,26.316,0.0,0.0
2020-01-01,15,0,317_WIND_1_PEM,0.0,0.0,94.7,0.0,0.0
2020-01-01,15,0,319_PV_1_PEM,0.0,0.0,77.162,0.0,0.0
2020-01-01,15,0,320_PV_1_PEM,0.0,0.0,17.7,0.0,0.0
2020-01-01,15,0,324_PV_1_PEM,0.0,0.0,20.377,0.0,0.0
2020-01-01,15,0,324_PV_2_PEM,0.0,0.0,21.156,0.0,0.0
2020-01-01,15,0,324_PV_3_PEM,0.0,0.0,20.91,0.0,0.0
2020-01-01,16,0,122_HYDRO_1,13.158,12.7,0.0,338.988355,0.0
2020-01-01,16,0,122_HYDRO_2,13.158,12.7,0.0,338.988355,0.0
2020-01-01,16,0,122_HYDRO_3,13.158,12.7,0.0,338.988355,0.0
2020-01-01,16,0,122_HYDRO_4,13.158,12.7,0.0,338.988355,0.0
2020-01-01,16,0,122_HYDRO_5,13.158,12.7,0.0,338.988355,0.0
2020-01-01,16,0,122_HYDRO_6,13.158,12.7,0.0,338.988355,0.0
2020-01-01,16,0,201_HYDRO_4,18.717,18.9,0.0,495.322797,0.0
2020-01-01,16,0,215_HYDRO_1,18.717,18.9,0.0,493.495284,0.0
2020-01-01,16,0,215_HYDRO_2,18.717,18.9,0.0,493.495284,0.0
2020-01-01,16,0,215_HYDRO_3,18.717,18.9,0.0,493.495284,0.0
2020-01-01,16,0,222_HYDRO_1,18.717,18.9,0.0,493.269374,0.0
2020-01-01,16,0,222_HYDRO_2,18.717,18.9,0.0,493.269374,0.0
2020-01-01,16,0,222_HYDRO_3,18.717,18.9,0.0,493.269374,0.0
2020-01-01,16,0,222_HYDRO_4,18.717,18.9,0.0,493.269374,0.0
2020-01-01,16,0,222_HYDRO_5,18.717,18.9,0.0,493.269374,0.0
2020-01-01,16,0,222_HYDRO_6,18.717,18.9,0.0,493.269374,0.0
2020-01-01,16,0,322_HYDRO_1,19.042,15.1,0.0,501.075819,0.0
2020-01-01,16,0,322_HYDRO_2,19.042,15.1,0.0,501.075819,0.0
2020-01-01,16,0,322_HYDRO_3,19.042,15.1,0.0,501.075819,0.0
2020-01-01,16,0,322_HYDRO_4,19.042,15.1,0.0,501.075819,0.0
2020-01-01,16,0,320_PV_1,0.0,0.0,0.0,0.0,0.0
2020-01-01,16,0,314_PV_1,14.2,0.0,0.0,326.147877,0.0
2020-01-01,16,0,314_PV_2,9.0,0.0,0.0,206.713443,0.0
2020-01-01,16,0,313_PV_1,19.0,0.0,0.0,436.395047,0.0
2020-01-01,16,0,314_PV_3,22.4,0.0,0.0,514.486793,0.0
2020-01-01,16,0,314_PV_4,5.1,0.0,0.0,117.137618,0.0
2020-01-01,16,0,313_PV_2,19.7,0.0,0.0,452.47276,0.0
2020-01-01,16,0,310_PV_1,19.6,0.0,0.0,450.175944,0.0
2020-01-01,16,0,324_PV_1,0.0,0.0,0.0,0.0,0.0
2020-01-01,16,0,312_PV_1,25.9,0.0,0.0,594.875354,0.0
2020-01-01,16,0,310_PV_2,0.0,0.0,0.0,0.0,0.0
2020-01-01,16,0,324_PV_2,0.0,0.0,0.0,0.0,0.0
2020-01-01,16,0,324_PV_3,0.0,0.0,0.0,0.0,0.0
2020-01-01,16,0,113_PV_1,20.7,0.0,0.0,475.44092,0.0
2020-01-01,16,0,319_PV_1,0.0,0.0,0.0,0.0,0.0
2020-01-01,16,0,215_PV_1,37.8,0.0,0.0,868.196463,0.0
2020-01-01,16,0,102_PV_1,4.9,0.0,0.0,112.543986,0.0
2020-01-01,16,0,101_PV_1,8.2,0.0,0.0,188.338915,0.0
2020-01-01,16,0,102_PV_2,8.8,0.0,0.0,202.119811,0.0
2020-01-01,16,0,104_PV_1,6.2,0.0,0.0,142.402594,0.0
2020-01-01,16,0,101_PV_2,10.1,0.0,0.0,231.97842,0.0
2020-01-01,16,0,101_PV_3,7.2,0.0,0.0,165.370755,0.0
2020-01-01,16,0,101_PV_4,6.2,0.0,0.0,142.402594,0.0
2020-01-01,16,0,103_PV_1,8.7,0.0,0.0,199.822995,0.0
2020-01-01,16,0,119_PV_1,8.7,0.0,0.0,199.822995,0.0
2020-01-01,16,0,308_RTPV_1,15.0,0.0,0.0,344.522406,0.0
2020-01-01,16,0,313_RTPV_1,12.3,0.0,0.0,282.508373,0.0
2020-01-01,16,0,313_RTPV_2,8.3,0.0,0.0,190.635731,0.0
2020-01-01,16,0,313_RTPV_3,8.4,0.0,0.0,192.932547,0.0
2020-01-01,16,0,313_RTPV_4,1.9,0.0,0.0,43.639505,0.0
2020-01-01,16,0,313_RTPV_5,7.3,0.0,0.0,167.667571,0.0
2020-01-01,16,0,313_RTPV_6,8.0,0.0,0.0,183.745283,0.0
2020-01-01,16,0,313_RTPV_7,8.6,0.0,0.0,197.526179,0.0
2020-01-01,16,0,313_RTPV_8,3.4,0.0,0.0,78.091745,0.0
2020-01-01,16,0,313_RTPV_9,3.4,0.0,0.0,78.091745,0.0
2020-01-01,16,0,313_RTPV_10,1.7,0.0,0.0,39.045873,0.0
2020-01-01,16,0,313_RTPV_11,1.0,0.0,0.0,22.96816,0.0
2020-01-01,16,0,313_RTPV_12,0.4,0.0,0.0,9.187264,0.0
2020-01-01,16,0,320_RTPV_1,2.0,0.0,0.0,45.936321,0.0
2020-01-01,16,0,320_RTPV_2,0.5,0.0,0.0,11.48408,0.0
2020-01-01,16,0,320_RTPV_3,0.3,0.0,0.0,6.890448,0.0
2020-01-01,16,0,313_RTPV_13,1.4,0.0,0.0,32.155425,0.0
2020-01-01,16,0,320_RTPV_4,1.2,0.0,0.0,27.561792,0.0
2020-01-01,16,0,320_RTPV_5,2.1,0.0,0.0,48.233137,0.0
2020-01-01,16,0,118_RTPV_1,1.3,0.0,0.0,29.858608,0.0
2020-01-01,16,0,118_RTPV_2,1.3,0.0,0.0,29.858608,0.0
2020-01-01,16,0,118_RTPV_3,1.1,0.0,0.0,25.264976,0.0
2020-01-01,16,0,118_RTPV_4,1.2,0.0,0.0,27.561792,0.0
2020-01-01,16,0,118_RTPV_5,1.1,0.0,0.0,25.264976,0.0
2020-01-01,16,0,118_RTPV_6,1.3,0.0,0.0,29.858608,0.0
2020-01-01,16,0,320_RTPV_6,1.2,0.0,0.0,27.561792,0.0
2020-01-01,16,0,118_RTPV_7,1.5,0.0,0.0,34.452241,0.0
2020-01-01,16,0,118_RTPV_8,1.7,0.0,0.0,39.045873,0.0
2020-01-01,16,0,118_RTPV_9,0.5,0.0,0.0,11.48408,0.0
2020-01-01,16,0,118_RTPV_10,0.6,0.0,0.0,13.780896,0.0
2020-01-01,16,0,213_RTPV_1,0.3,0.0,0.0,6.890448,0.0
2020-01-01,16,0,309_WIND_1,0.0,0.0,0.0,0.0,0.0
2020-01-01,16,0,317_WIND_1,0.0,0.0,0.0,0.0,0.0
2020-01-01,16,0,303_WIND_1,0.0,0.0,0.0,0.0,0.0
2020-01-01,16,0,122_WIND_1,0.0,0.0,0.0,0.0,0.0
2020-01-01,16,0,122_WIND_1_PEM,0.0,0.9,288.4,2.605982,0.0
2020-01-01,16,0,303_WIND_1_PEM,0.0,92.3,115.2,402.325151,0.0
2020-01-01,16,0,309_WIND_1_PEM,0.0,37.9,0.8,167.067026,0.0
2020-01-01,16,0,310_PV_2_PEM,0.0,0.0,16.5,0.0,0.0
2020-01-01,16,0,317_WIND_1_PEM,0.0,10.8,150.5,45.638333,0.0
2020-01-01,16,0,319_PV_1_PEM,0.0,0.0,30.4,0.0,0.0
2020-01-01,16,0,320_PV_1_PEM,0.0,0.0,12.2,0.0,0.0
2020-01-01,16,0,324_PV_1_PEM,0.0,0.0,0.8,0.0,0.0
2020-01-01,16,0,324_PV_2_PEM,0.0,0.0,9.9,0.0,0.0
2020-01-01,16,0,324_PV_3_PEM,0.0,0.0,12.4,0.0,0.0
2020-01-01,17,0,122_HYDRO_1,12.742,13.2,0.0,933.170792,0.0
2020-01-01,17,0,122_HYDRO_2,12.742,13.2,0.0,933.170792,0.0
2020-01-01,17,0,122_HYDRO_3,12.742,13.2,0.0,933.170792,0.0
2020-01-01,17,0,122_HYDRO_4,12.742,13.2,0.0,933.170792,0.0
2020-01-01,17,0,122_HYDRO_5,12.742,13.2,0.0,933.170792,0.0
2020-01-01,17,0,122_HYDRO_6,12.742,13.2,0.0,933.170792,0.0
2020-01-01,17,0,201_HYDRO_4,18.817,17.9,0.0,1353.654932,0.0
2020-01-01,17,0,215_HYDRO_1,18.817,17.9,0.0,1345.156651,0.0
2020-01-01,17,0,215_HYDRO_2,18.817,17.9,0.0,1345.156651,0.0
2020-01-01,17,0,215_HYDRO_3,18.817,17.9,0.0,1345.156651,0.0
2020-01-01,17,0,222_HYDRO_1,18.817,17.9,0.0,1344.106123,0.0
2020-01-01,17,0,222_HYDRO_2,18.817,17.9,0.0,1344.106123,0.0
2020-01-01,17,0,222_HYDRO_3,18.817,17.9,0.0,1344.106123,0.0
2020-01-01,17,0,222_HYDRO_4,18.817,17.9,0.0,1344.106123,0.0
2020-01-01,17,0,222_HYDRO_5,18.817,17.9,0.0,1344.106123,0.0
2020-01-01,17,0,222_HYDRO_6,18.817,17.9,0.0,1344.106123,0.0
2020-01-01,17,0,322_HYDRO_1,15.808,23.6,0.0,1647.495228,0.0
2020-01-01,17,0,322_HYDRO_2,15.808,23.6,0.0,1647.495228,0.0
2020-01-01,17,0,322_HYDRO_3,15.808,23.6,0.0,1647.495228,0.0
2020-01-01,17,0,322_HYDRO_4,15.808,23.6,0.0,1647.495228,0.0
2020-01-01,17,0,320_PV_1,0.0,0.0,0.0,0.0,0.0
2020-01-01,17,0,314_PV_1,0.0,0.0,0.0,0.0,0.0
2020-01-01,17,0,314_PV_2,0.0,0.0,0.0,0.0,0.0
2020-01-01,17,0,313_PV_1,0.0,0.0,0.0,0.0,0.0
2020-01-01,17,0,314_PV_3,0.0,0.0,0.0,0.0,0.0
2020-01-01,17,0,314_PV_4,0.0,0.0,0.0,0.0,0.0
2020-01-01,17,0,313_PV_2,0.0,0.0,0.0,0.0,0.0
2020-01-01,17,0,310_PV_1,0.0,0.0,0.0,0.0,0.0
2020-01-01,17,0,324_PV_1,0.0,0.0,0.0,0.0,0.0
2020-01-01,17,0,312_PV_1,0.0,0.0,0.0,0.0,0.0
2020-01-01,17,0,310_PV_2,0.0,0.0,0.0,0.0,0.0
2020-01-01,17,0,324_PV_2,0.0,0.0,0.0,0.0,0.0
2020-01-01,17,0,324_PV_3,0.0,0.0,0.0,0.0,0.0
2020-01-01,17,0,113_PV_1,0.0,0.0,0.0,0.0,0.0
2020-01-01,17,0,319_PV_1,0.0,0.0,0.0,0.0,0.0
2020-01-01,17,0,215_PV_1,0.0,0.0,0.0,0.0,0.0
2020-01-01,17,0,102_PV_1,0.0,0.0,0.0,0.0,0.0
2020-01-01,17,0,101_PV_1,0.0,0.0,0.0,0.0,0.0
2020-01-01,17,0,102_PV_2,0.0,0.0,0.0,0.0,0.0
2020-01-01,17,0,104_PV_1,0.0,0.0,0.0,0.0,0.0
2020-01-01,17,0,101_PV_2,0.0,0.0,0.0,0.0,0.0
2020-01-01,17,0,101_PV_3,0.0,0.0,0.0,0.0,0.0
2020-01-01,17,0,101_PV_4,0.0,0.0,0.0,0.0,0.0
2020-01-01,17,0,103_PV_1,0.0,0.0,0.0,0.0,0.0
2020-01-01,17,0,119_PV_1,0.0,0.0,0.0,0.0,0.0
2020-01-01,17,0,308_RTPV_1,0.0,0.0,0.0,0.0,0.0
2020-01-01,17,0,313_RTPV_1,0.0,0.0,0.0,0.0,0.0
2020-01-01,17,0,313_RTPV_2,0.0,0.0,0.0,0.0,0.0
2020-01-01,17,0,313_RTPV_3,0.0,0.0,0.0,0.0,0.0
2020-01-01,17,0,313_RTPV_4,0.0,0.0,0.0,0.0,0.0
2020-01-01,17,0,313_RTPV_5,0.0,0.0,0.0,0.0,0.0
2020-01-01,17,0,313_RTPV_6,0.0,0.0,0.0,0.0,0.0
2020-01-01,17,0,313_RTPV_7,0.0,0.0,0.0,0.0,0.0
2020-01-01,17,0,313_RTPV_8,0.0,0.0,0.0,0.0,0.0
2020-01-01,17,0,313_RTPV_9,0.0,0.0,0.0,0.0,0.0
2020-01-01,17,0,313_RTPV_10,0.0,0.0,0.0,0.0,0.0
2020-01-01,17,0,313_RTPV_11,0.0,0.0,0.0,0.0,0.0
2020-01-01,17,0,313_RTPV_12,0.0,0.0,0.0,0.0,0.0
2020-01-01,17,0,320_RTPV_1,0.0,0.0,0.0,0.0,0.0
2020-01-01,17,0,320_RTPV_2,0.0,0.0,0.0,0.0,0.0
2020-01-01,17,0,320_RTPV_3,0.0,0.0,0.0,0.0,0.0
2020-01-01,17,0,313_RTPV_13,0.0,0.0,0.0,0.0,0.0
2020-01-01,17,0,320_RTPV_4,0.0,0.0,0.0,0.0,0.0
2020-01-01,17,0,320_RTPV_5,0.0,0.0,0.0,0.0,0.0
2020-01-01,17,0,118_RTPV_1,0.0,0.0,0.0,0.0,0.0
2020-01-01,17,0,118_RTPV_2,0.0,0.0,0.0,0.0,0.0
2020-01-01,17,0,118_RTPV_3,0.0,0.0,0.0,0.0,0.0
2020-01-01,17,0,118_RTPV_4,0.0,0.0,0.0,0.0,0.0
2020-01-01,17,0,118_RTPV_5,0.0,0.0,0.0,0.0,0.0
2020-01-01,17,0,118_RTPV_6,0.0,0.0,0.0,0.0,0.0
2020-01-01,17,0,320_RTPV_6,0.0,0.0,0.0,0.0,0.0
2020-01-01,17,0,118_RTPV_7,0.0,0.0,0.0,0.0,0.0
2020-01-01,17,0,118_RTPV_8,0.0,0.0,0.0,0.0,0.0
2020-01-01,17,0,118_RTPV_9,0.0,0.0,0.0,0.0,0.0
2020-01-01,17,0,118_RTPV_10,0.0,0.0,0.0,0.0,0.0
2020-01-01,17,0,213_RTPV_1,0.0,0.0,0.0,0.0,0.0
2020-01-01,17,0,309_WIND_1,0.0,0.0,0.0,0.0,0.0
2020-01-01,17,0,317_WIND_1,0.0,0.0,0.0,0.0,0.0
2020-01-01,17,0,303_WIND_1,0.0,0.0,0.0,0.0,0.0
2020-01-01,17,0,122_WIND_1,48.7125,0.0,0.0,1217.8125,0.0
2020-01-01,17,0,122_WIND_1_PEM,33.694076,256.98572,340.893424,12808.167569,0.0
2020-01-01,17,0,303_WIND_1_PEM,205.8,89.4,0.0,9949.999528,0.0
2020-01-01,17,0,309_WIND_1_PEM,7.6,46.9,0.0,2722.076789,0.0
2020-01-01,17,0,310_PV_2_PEM,0.0,0.0,0.0,0.0,0.0
2020-01-01,17,0,317_WIND_1_PEM,82.655414,243.2,32.544586,14978.75152,0.0
2020-01-01,17,0,319_PV_1_PEM,0.0,0.0,0.0,0.0,0.0
2020-01-01,17,0,320_PV_1_PEM,0.0,0.0,0.0,0.0,0.0
2020-01-01,17,0,324_PV_1_PEM,0.0,0.0,0.0,0.0,0.0
2020-01-01,17,0,324_PV_2_PEM,0.0,0.0,0.0,0.0,0.0
2020-01-01,17,0,324_PV_3_PEM,0.0,0.0,0.0,0.0,0.0
2020-01-01,18,0,122_HYDRO_1,12.85,9.0,0.0,628.157067,0.0
2020-01-01,18,0,122_HYDRO_2,12.85,9.0,0.0,628.157067,0.0
2020-01-01,18,0,122_HYDRO_3,12.85,9.0,0.0,628.157067,0.0
2020-01-01,18,0,122_HYDRO_4,12.85,9.0,0.0,628.157067,0.0
2020-01-01,18,0,122_HYDRO_5,12.85,9.0,0.0,628.157067,0.0
2020-01-01,18,0,122_HYDRO_6,12.85,9.0,0.0,628.157067,0.0
2020-01-01,18,0,201_HYDRO_4,17.183,9.3,0.0,746.712302,0.0
2020-01-01,18,0,215_HYDRO_1,17.183,9.3,0.0,746.712302,0.0
2020-01-01,18,0,215_HYDRO_2,17.183,9.3,0.0,746.712302,0.0
2020-01-01,18,0,215_HYDRO_3,17.183,9.3,0.0,746.712302,0.0
2020-01-01,18,0,222_HYDRO_1,17.183,9.3,0.0,746.712302,0.0
2020-01-01,18,0,222_HYDRO_2,17.183,9.3,0.0,746.712302,0.0
2020-01-01,18,0,222_HYDRO_3,17.183,9.3,0.0,746.712302,0.0
2020-01-01,18,0,222_HYDRO_4,17.183,9.3,0.0,746.712302,0.0
2020-01-01,18,0,222_HYDRO_5,17.183,9.3,0.0,746.712302,0.0
2020-01-01,18,0,222_HYDRO_6,17.183,9.3,0.0,746.712302,0.0
2020-01-01,18,0,322_HYDRO_1,24.392,33.1,0.0,1738.535989,0.0
2020-01-01,18,0,322_HYDRO_2,24.392,33.1,0.0,1738.535989,0.0
2020-01-01,18,0,322_HYDRO_3,24.392,33.1,0.0,1738.535989,0.0
2020-01-01,18,0,322_HYDRO_4,24.392,33.1,0.0,1738.535989,0.0
2020-01-01,18,0,320_PV_1,0.0,0.0,0.0,0.0,0.0
2020-01-01,18,0,314_PV_1,0.0,0.0,0.0,0.0,0.0
2020-01-01,18,0,314_PV_2,0.0,0.0,0.0,0.0,0.0
2020-01-01,18,0,313_PV_1,0.0,0.0,0.0,0.0,0.0
2020-01-01,18,0,314_PV_3,0.0,0.0,0.0,0.0,0.0
2020-01-01,18,0,314_PV_4,0.0,0.0,0.0,0.0,0.0
2020-01-01,18,0,313_PV_2,0.0,0.0,0.0,0.0,0.0
2020-01-01,18,0,310_PV_1,0.0,0.0,0.0,0.0,0.0
2020-01-01,18,0,324_PV_1,0.0,0.0,0.0,0.0,0.0
2020-01-01,18,0,312_PV_1,0.0,0.0,0.0,0.0,0.0
2020-01-01,18,0,310_PV_2,0.0,0.0,0.0,0.0,0.0
2020-01-01,18,0,324_PV_2,0.0,0.0,0.0,0.0,0.0
2020-01-01,18,0,324_PV_3,0.0,0.0,0.0,0.0,0.0
2020-01-01,18,0,113_PV_1,0.0,0.0,0.0,0.0,0.0
2020-01-01,18,0,319_PV_1,0.0,0.0,0.0,0.0,0.0
2020-01-01,18,0,215_PV_1,0.0,0.0,0.0,0.0,0.0
2020-01-01,18,0,102_PV_1,0.0,0.0,0.0,0.0,0.0
2020-01-01,18,0,101_PV_1,0.0,0.0,0.0,0.0,0.0
2020-01-01,18,0,102_PV_2,0.0,0.0,0.0,0.0,0.0
2020-01-01,18,0,104_PV_1,0.0,0.0,0.0,0.0,0.0
2020-01-01,18,0,101_PV_2,0.0,0.0,0.0,0.0,0.0
2020-01-01,18,0,101_PV_3,0.0,0.0,0.0,0.0,0.0
2020-01-01,18,0,101_PV_4,0.0,0.0,0.0,0.0,0.0
2020-01-01,18,0,103_PV_1,0.0,0.0,0.0,0.0,0.0
2020-01-01,18,0,119_PV_1,0.0,0.0,0.0,0.0,0.0
2020-01-01,18,0,308_RTPV_1,0.0,0.0,0.0,0.0,0.0
2020-01-01,18,0,313_RTPV_1,0.0,0.0,0.0,0.0,0.0
2020-01-01,18,0,313_RTPV_2,0.0,0.0,0.0,0.0,0.0
2020-01-01,18,0,313_RTPV_3,0.0,0.0,0.0,0.0,0.0
2020-01-01,18,0,313_RTPV_4,0.0,0.0,0.0,0.0,0.0
2020-01-01,18,0,313_RTPV_5,0.0,0.0,0.0,0.0,0.0
2020-01-01,18,0,313_RTPV_6,0.0,0.0,0.0,0.0,0.0
2020-01-01,18,0,313_RTPV_7,0.0,0.0,0.0,0.0,0.0
2020-01-01,18,0,313_RTPV_8,0.0,0.0,0.0,0.0,0.0
2020-01-01,18,0,313_RTPV_9,0.0,0.0,0.0,0.0,0.0
2020-01-01,18,0,313_RTPV_10,0.0,0.0,0.0,0.0,0.0
2020-01-01,18,0,313_RTPV_11,0.0,0.0,0.0,0.0,0.0
2020-01-01,18,0,313_RTPV_12,0.0,0.0,0.0,0.0,0.0
2020-01-01,18,0,320_RTPV_1,0.0,0.0,0.0,0.0,0.0
2020-01-01,18,0,320_RTPV_2,0.0,0.0,0.0,0.0,0.0
2020-01-01,18,0,320_RTPV_3,0.0,0.0,0.0,0.0,0.0
2020-01-01,18,0,313_RTPV_13,0.0,0.0,0.0,0.0,0.0
2020-01-01,18,0,320_RTPV_4,0.0,0.0,0.0,0.0,0.0
2020-01-01,18,0,320_RTPV_5,0.0,0.0,0.0,0.0,0.0
2020-01-01,18,0,118_RTPV_1,0.0,0.0,0.0,0.0,0.0
2020-01-01,18,0,118_RTPV_2,0.0,0.0,0.0,0.0,0.0
2020-01-01,18,0,118_RTPV_3,0.0,0.0,0.0,0.0,0.0
2020-01-01,18,0,118_RTPV_4,0.0,0.0,0.0,0.0,0.0
2020-01-01,18,0,118_RTPV_5,0.0,0.0,0.0,0.0,0.0
2020-01-01,18,0,118_RTPV_6,0.0,0.0,0.0,0.0,0.0
2020-01-01,18,0,320_RTPV_6,0.0,0.0,0.0,0.0,0.0
2020-01-01,18,0,118_RTPV_7,0.0,0.0,0.0,0.0,0.0
2020-01-01,18,0,118_RTPV_8,0.0,0.0,0.0,0.0,0.0
2020-01-01,18,0,118_RTPV_9,0.0,0.0,0.0,0.0,0.0
2020-01-01,18,0,118_RTPV_10,0.0,0.0,0.0,0.0,0.0
2020-01-01,18,0,213_RTPV_1,0.0,0.0,0.0,0.0,0.0
2020-01-01,18,0,309_WIND_1,0.0,0.0,0.0,0.0,0.0
2020-01-01,18,0,317_WIND_1,0.0,0.0,0.0,0.0,0.0
2020-01-01,18,0,303_WIND_1,0.0,0.0,0.0,0.0,0.0
2020-01-01,18,0,122_WIND_1,12.4125,0.0,0.0,310.3125,0.0
2020-01-01,18,0,122_WIND_1_PEM,101.377141,272.9,273.210359,11840.532799,0.0
2020-01-01,18,0,303_WIND_1_PEM,360.1,90.4,0.0,12085.21098,0.0
2020-01-01,18,0,309_WIND_1_PEM,14.8,24.0,0.0,1188.418844,0.0
2020-01-01,18,0,310_PV_2_PEM,0.0,0.0,0.0,0.0,0.0
2020-01-01,18,0,317_WIND_1_PEM,109.6,322.793766,0.0,13747.52087,0.0
2020-01-01,18,0,319_PV_1_PEM,0.0,0.0,0.0,0.0,0.0
2020-01-01,18,0,320_PV_1_PEM,0.0,0.0,0.0,0.0,0.0
2020-01-01,18,0,324_PV_1_PEM,0.0,0.0,0.0,0.0,0.0
2020-01-01,18,0,324_PV_2_PEM,0.0,0.0,0.0,0.0,0.0
2020-01-01,18,0,324_PV_3_PEM,0.0,0.0,0.0,0.0,0.0
2020-01-01,19,0,122_HYDRO_1,8.6,4.2,0.0,219.04186,0.0
2020-01-01,19,0,122_HYDRO_2,8.6,4.2,0.0,219.04186,0.0
2020-01-01,19,0,122_HYDRO_3,8.6,4.2,0.0,219.04186,0.0
2020-01-01,19,0,122_HYDRO_4,8.6,4.2,0.0,219.04186,0.0
2020-01-01,19,0,122_HYDRO_5,8.6,4.2,0.0,219.04186,0.0
2020-01-01,19,0,122_HYDRO_6,8.6,4.2,0.0,219.04186,0.0
2020-01-01,19,0,201_HYDRO_4,9.317,9.5,0.0,242.067302,0.0
2020-01-01,19,0,215_HYDRO_1,9.317,9.5,0.0,242.067302,0.0
2020-01-01,19,0,215_HYDRO_2,9.317,9.5,0.0,242.067302,0.0
2020-01-01,19,0,215_HYDRO_3,9.317,9.5,0.0,242.067302,0.0
2020-01-01,19,0,222_HYDRO_1,9.317,9.5,0.0,242.067302,0.0
2020-01-01,19,0,222_HYDRO_2,9.317,9.5,0.0,242.067302,0.0
2020-01-01,19,0,222_HYDRO_3,9.317,9.5,0.0,242.067302,0.0
2020-01-01,19,0,222_HYDRO_4,9.317,9.5,0.0,242.067302,0.0
2020-01-01,19,0,222_HYDRO_5,9.317,9.5,0.0,242.067302,0.0
2020-01-01,19,0,222_HYDRO_6,9.317,9.5,0.0,242.067302,0.0
2020-01-01,19,0,322_HYDRO_1,33.542,38.4,0.0,875.504148,0.0
2020-01-01,19,0,322_HYDRO_2,33.542,38.4,0.0,875.504148,0.0
2020-01-01,19,0,322_HYDRO_3,33.542,38.4,0.0,875.504148,0.0
2020-01-01,19,0,322_HYDRO_4,33.542,38.4,0.0,875.504148,0.0
2020-01-01,19,0,320_PV_1,0.0,0.0,0.0,0.0,0.0
2020-01-01,19,0,314_PV_1,0.0,0.0,0.0,0.0,0.0
2020-01-01,19,0,314_PV_2,0.0,0.0,0.0,0.0,0.0
2020-01-01,19,0,313_PV_1,0.0,0.0,0.0,0.0,0.0
2020-01-01,19,0,314_PV_3,0.0,0.0,0.0,0.0,0.0
2020-01-01,19,0,314_PV_4,0.0,0.0,0.0,0.0,0.0
2020-01-01,19,0,313_PV_2,0.0,0.0,0.0,0.0,0.0
2020-01-01,19,0,310_PV_1,0.0,0.0,0.0,0.0,0.0
2020-01-01,19,0,324_PV_1,0.0,0.0,0.0,0.0,0.0
2020-01-01,19,0,312_PV_1,0.0,0.0,0.0,0.0,0.0
2020-01-01,19,0,310_PV_2,0.0,0.0,0.0,0.0,0.0
2020-01-01,19,0,324_PV_2,0.0,0.0,0.0,0.0,0.0
2020-01-01,19,0,324_PV_3,0.0,0.0,0.0,0.0,0.0
2020-01-01,19,0,113_PV_1,0.0,0.0,0.0,0.0,0.0
2020-01-01,19,0,319_PV_1,0.0,0.0,0.0,0.0,0.0
2020-01-01,19,0,215_PV_1,0.0,0.0,0.0,0.0,0.0
2020-01-01,19,0,102_PV_1,0.0,0.0,0.0,0.0,0.0
2020-01-01,19,0,101_PV_1,0.0,0.0,0.0,0.0,0.0
2020-01-01,19,0,102_PV_2,0.0,0.0,0.0,0.0,0.0
2020-01-01,19,0,104_PV_1,0.0,0.0,0.0,0.0,0.0
2020-01-01,19,0,101_PV_2,0.0,0.0,0.0,0.0,0.0
2020-01-01,19,0,101_PV_3,0.0,0.0,0.0,0.0,0.0
2020-01-01,19,0,101_PV_4,0.0,0.0,0.0,0.0,0.0
2020-01-01,19,0,103_PV_1,0.0,0.0,0.0,0.0,0.0
2020-01-01,19,0,119_PV_1,0.0,0.0,0.0,0.0,0.0
2020-01-01,19,0,308_RTPV_1,0.0,0.0,0.0,0.0,0.0
2020-01-01,19,0,313_RTPV_1,0.0,0.0,0.0,0.0,0.0
2020-01-01,19,0,313_RTPV_2,0.0,0.0,0.0,0.0,0.0
2020-01-01,19,0,313_RTPV_3,0.0,0.0,0.0,0.0,0.0
2020-01-01,19,0,313_RTPV_4,0.0,0.0,0.0,0.0,0.0
2020-01-01,19,0,313_RTPV_5,0.0,0.0,0.0,0.0,0.0
2020-01-01,19,0,313_RTPV_6,0.0,0.0,0.0,0.0,0.0
2020-01-01,19,0,313_RTPV_7,0.0,0.0,0.0,0.0,0.0
2020-01-01,19,0,313_RTPV_8,0.0,0.0,0.0,0.0,0.0
2020-01-01,19,0,313_RTPV_9,0.0,0.0,0.0,0.0,0.0
2020-01-01,19,0,313_RTPV_10,0.0,0.0,0.0,0.0,0.0
2020-01-01,19,0,313_RTPV_11,0.0,0.0,0.0,0.0,0.0
2020-01-01,19,0,313_RTPV_12,0.0,0.0,0.0,0.0,0.0
2020-01-01,19,0,320_RTPV_1,0.0,0.0,0.0,0.0,0.0
2020-01-01,19,0,320_RTPV_2,0.0,0.0,0.0,0.0,0.0
2020-01-01,19,0,320_RTPV_3,0.0,0.0,0.0,0.0,0.0
2020-01-01,19,0,313_RTPV_13,0.0,0.0,0.0,0.0,0.0
2020-01-01,19,0,320_RTPV_4,0.0,0.0,0.0,0.0,0.0
2020-01-01,19,0,320_RTPV_5,0.0,0.0,0.0,0.0,0.0
2020-01-01,19,0,118_RTPV_1,0.0,0.0,0.0,0.0,0.0
2020-01-01,19,0,118_RTPV_2,0.0,0.0,0.0,0.0,0.0
2020-01-01,19,0,118_RTPV_3,0.0,0.0,0.0,0.0,0.0
2020-01-01,19,0,118_RTPV_4,0.0,0.0,0.0,0.0,0.0
2020-01-01,19,0,118_RTPV_5,0.0,0.0,0.0,0.0,0.0
2020-01-01,19,0,118_RTPV_6,0.0,0.0,0.0,0.0,0.0
2020-01-01,19,0,320_RTPV_6,0.0,0.0,0.0,0.0,0.0
2020-01-01,19,0,118_RTPV_7,0.0,0.0,0.0,0.0,0.0
2020-01-01,19,0,118_RTPV_8,0.0,0.0,0.0,0.0,0.0
2020-01-01,19,0,118_RTPV_9,0.0,0.0,0.0,0.0,0.0
2020-01-01,19,0,118_RTPV_10,0.0,0.0,0.0,0.0,0.0
2020-01-01,19,0,213_RTPV_1,0.0,0.0,0.0,0.0,0.0
2020-01-01,19,0,309_WIND_1,0.0,0.0,0.0,0.0,0.0
2020-01-01,19,0,317_WIND_1,0.0,148.8725,0.0,143.267093,0.0
2020-01-01,19,0,303_WIND_1,0.0,0.0,0.0,0.0,0.0
2020-01-01,19,0,122_WIND_1,0.0,0.0,0.0,0.0,0.0
2020-01-01,19,0,122_WIND_1_PEM,234.708888,345.6,79.891112,6200.309543,0.0
2020-01-01,19,0,303_WIND_1_PEM,33.228697,81.1,275.271303,908.763803,0.0
2020-01-01,19,0,309_WIND_1_PEM,45.5,24.0,0.0,1160.596342,0.0
2020-01-01,19,0,310_PV_2_PEM,0.0,0.0,0.0,0.0,0.0
2020-01-01,19,0,317_WIND_1_PEM,213.9,134.525654,0.0,5476.96044,0.0
2020-01-01,19,0,319_PV_1_PEM,0.0,0.0,0.0,0.0,0.0
2020-01-01,19,0,320_PV_1_PEM,0.0,0.0,0.0,0.0,0.0
2020-01-01,19,0,324_PV_1_PEM,0.0,0.0,0.0,0.0,0.0
2020-01-01,19,0,324_PV_2_PEM,0.0,0.0,0.0,0.0,0.0
2020-01-01,19,0,324_PV_3_PEM,0.0,0.0,0.0,0.0,0.0
2020-01-01,20,0,122_HYDRO_1,4.167,3.8,0.0,104.175,0.0
2020-01-01,20,0,122_HYDRO_2,4.167,3.8,0.0,104.175,0.0
2020-01-01,20,0,122_HYDRO_3,4.167,3.8,0.0,104.175,0.0
2020-01-01,20,0,122_HYDRO_4,4.167,3.8,0.0,104.175,0.0
2020-01-01,20,0,122_HYDRO_5,4.167,3.8,0.0,104.175,0.0
2020-01-01,20,0,122_HYDRO_6,4.167,3.8,0.0,104.175,0.0
2020-01-01,20,0,201_HYDRO_4,9.483,9.3,0.0,237.075,0.0
2020-01-01,20,0,215_HYDRO_1,9.483,9.3,0.0,237.075,0.0
2020-01-01,20,0,215_HYDRO_2,9.483,9.3,0.0,237.075,0.0
2020-01-01,20,0,215_HYDRO_3,9.483,9.3,0.0,237.075,0.0
2020-01-01,20,0,222_HYDRO_1,9.483,9.3,0.0,237.075,0.0
2020-01-01,20,0,222_HYDRO_2,9.483,9.3,0.0,237.075,0.0
2020-01-01,20,0,222_HYDRO_3,9.483,9.3,0.0,237.075,0.0
2020-01-01,20,0,222_HYDRO_4,9.483,9.3,0.0,237.075,0.0
2020-01-01,20,0,222_HYDRO_5,9.483,9.3,0.0,237.075,0.0
2020-01-01,20,0,222_HYDRO_6,9.483,9.3,0.0,237.075,0.0
2020-01-01,20,0,322_HYDRO_1,38.6,40.8,0.0,965.0,0.0
2020-01-01,20,0,322_HYDRO_2,38.6,40.8,0.0,965.0,0.0
2020-01-01,20,0,322_HYDRO_3,38.6,40.8,0.0,965.0,0.0
2020-01-01,20,0,322_HYDRO_4,38.6,40.8,0.0,965.0,0.0
2020-01-01,20,0,320_PV_1,0.0,0.0,0.0,0.0,0.0
2020-01-01,20,0,314_PV_1,0.0,0.0,0.0,0.0,0.0
2020-01-01,20,0,314_PV_2,0.0,0.0,0.0,0.0,0.0
2020-01-01,20,0,313_PV_1,0.0,0.0,0.0,0.0,0.0
2020-01-01,20,0,314_PV_3,0.0,0.0,0.0,0.0,0.0
2020-01-01,20,0,314_PV_4,0.0,0.0,0.0,0.0,0.0
2020-01-01,20,0,313_PV_2,0.0,0.0,0.0,0.0,0.0
2020-01-01,20,0,310_PV_1,0.0,0.0,0.0,0.0,0.0
2020-01-01,20,0,324_PV_1,0.0,0.0,0.0,0.0,0.0
2020-01-01,20,0,312_PV_1,0.0,0.0,0.0,0.0,0.0
2020-01-01,20,0,310_PV_2,0.0,0.0,0.0,0.0,0.0
2020-01-01,20,0,324_PV_2,0.0,0.0,0.0,0.0,0.0
2020-01-01,20,0,324_PV_3,0.0,0.0,0.0,0.0,0.0
2020-01-01,20,0,113_PV_1,0.0,0.0,0.0,0.0,0.0
2020-01-01,20,0,319_PV_1,0.0,0.0,0.0,0.0,0.0
2020-01-01,20,0,215_PV_1,0.0,0.0,0.0,0.0,0.0
2020-01-01,20,0,102_PV_1,0.0,0.0,0.0,0.0,0.0
2020-01-01,20,0,101_PV_1,0.0,0.0,0.0,0.0,0.0
2020-01-01,20,0,102_PV_2,0.0,0.0,0.0,0.0,0.0
2020-01-01,20,0,104_PV_1,0.0,0.0,0.0,0.0,0.0
2020-01-01,20,0,101_PV_2,0.0,0.0,0.0,0.0,0.0
2020-01-01,20,0,101_PV_3,0.0,0.0,0.0,0.0,0.0
2020-01-01,20,0,101_PV_4,0.0,0.0,0.0,0.0,0.0
2020-01-01,20,0,103_PV_1,0.0,0.0,0.0,0.0,0.0
2020-01-01,20,0,119_PV_1,0.0,0.0,0.0,0.0,0.0
2020-01-01,20,0,308_RTPV_1,0.0,0.0,0.0,0.0,0.0
2020-01-01,20,0,313_RTPV_1,0.0,0.0,0.0,0.0,0.0
2020-01-01,20,0,313_RTPV_2,0.0,0.0,0.0,0.0,0.0
2020-01-01,20,0,313_RTPV_3,0.0,0.0,0.0,0.0,0.0
2020-01-01,20,0,313_RTPV_4,0.0,0.0,0.0,0.0,0.0
2020-01-01,20,0,313_RTPV_5,0.0,0.0,0.0,0.0,0.0
2020-01-01,20,0,313_RTPV_6,0.0,0.0,0.0,0.0,0.0
2020-01-01,20,0,313_RTPV_7,0.0,0.0,0.0,0.0,0.0
2020-01-01,20,0,313_RTPV_8,0.0,0.0,0.0,0.0,0.0
2020-01-01,20,0,313_RTPV_9,0.0,0.0,0.0,0.0,0.0
2020-01-01,20,0,313_RTPV_10,0.0,0.0,0.0,0.0,0.0
2020-01-01,20,0,313_RTPV_11,0.0,0.0,0.0,0.0,0.0
2020-01-01,20,0,313_RTPV_12,0.0,0.0,0.0,0.0,0.0
2020-01-01,20,0,320_RTPV_1,0.0,0.0,0.0,0.0,0.0
2020-01-01,20,0,320_RTPV_2,0.0,0.0,0.0,0.0,0.0
2020-01-01,20,0,320_RTPV_3,0.0,0.0,0.0,0.0,0.0
2020-01-01,20,0,313_RTPV_13,0.0,0.0,0.0,0.0,0.0
2020-01-01,20,0,320_RTPV_4,0.0,0.0,0.0,0.0,0.0
2020-01-01,20,0,320_RTPV_5,0.0,0.0,0.0,0.0,0.0
2020-01-01,20,0,118_RTPV_1,0.0,0.0,0.0,0.0,0.0
2020-01-01,20,0,118_RTPV_2,0.0,0.0,0.0,0.0,0.0
2020-01-01,20,0,118_RTPV_3,0.0,0.0,0.0,0.0,0.0
2020-01-01,20,0,118_RTPV_4,0.0,0.0,0.0,0.0,0.0
2020-01-01,20,0,118_RTPV_5,0.0,0.0,0.0,0.0,0.0
2020-01-01,20,0,118_RTPV_6,0.0,0.0,0.0,0.0,0.0
2020-01-01,20,0,320_RTPV_6,0.0,0.0,0.0,0.0,0.0
2020-01-01,20,0,118_RTPV_7,0.0,0.0,0.0,0.0,0.0
2020-01-01,20,0,118_RTPV_8,0.0,0.0,0.0,0.0,0.0
2020-01-01,20,0,118_RTPV_9,0.0,0.0,0.0,0.0,0.0
2020-01-01,20,0,118_RTPV_10,0.0,0.0,0.0,0.0,0.0
2020-01-01,20,0,213_RTPV_1,0.0,0.0,0.0,0.0,0.0
2020-01-01,20,0,309_WIND_1,0.0,0.0,0.0,0.0,0.0
2020-01-01,20,0,317_WIND_1,0.0,216.5725,0.0,0.0,0.0
2020-01-01,20,0,303_WIND_1,0.0,0.0,0.0,0.0,0.0
2020-01-01,20,0,122_WIND_1,63.5125,37.1125,0.0,1587.8125,0.0
2020-01-01,20,0,122_WIND_1_PEM,212.942776,374.5875,161.644724,5323.5694,0.0
2020-01-01,20,0,303_WIND_1_PEM,309.9,172.9,0.0,7747.5,0.0
2020-01-01,20,0,309_WIND_1_PEM,10.8,27.4,0.0,270.0,0.0
2020-01-01,20,0,310_PV_2_PEM,0.0,0.0,0.0,0.0,0.0
2020-01-01,20,0,317_WIND_1_PEM,287.3,121.183557,0.0,7182.5,0.0
2020-01-01,20,0,319_PV_1_PEM,0.0,0.0,0.0,0.0,0.0
2020-01-01,20,0,320_PV_1_PEM,0.0,0.0,0.0,0.0,0.0
2020-01-01,20,0,324_PV_1_PEM,0.0,0.0,0.0,0.0,0.0
2020-01-01,20,0,324_PV_2_PEM,0.0,0.0,0.0,0.0,0.0
2020-01-01,20,0,324_PV_3_PEM,0.0,0.0,0.0,0.0,0.0
2020-01-01,21,0,122_HYDRO_1,3.8,3.8,0.0,95.0,0.0
2020-01-01,21,0,122_HYDRO_2,3.8,3.8,0.0,95.0,0.0
2020-01-01,21,0,122_HYDRO_3,3.8,3.8,0.0,95.0,0.0
2020-01-01,21,0,122_HYDRO_4,3.8,3.8,0.0,95.0,0.0
2020-01-01,21,0,122_HYDRO_5,3.8,3.8,0.0,95.0,0.0
2020-01-01,21,0,122_HYDRO_6,3.8,3.8,0.0,95.0,0.0
2020-01-01,21,0,201_HYDRO_4,9.3,9.3,0.0,232.5,0.0
2020-01-01,21,0,215_HYDRO_1,9.3,9.3,0.0,232.5,0.0
2020-01-01,21,0,215_HYDRO_2,9.3,9.3,0.0,232.5,0.0
2020-01-01,21,0,215_HYDRO_3,9.3,9.3,0.0,232.5,0.0
2020-01-01,21,0,222_HYDRO_1,9.3,9.3,0.0,232.5,0.0
2020-01-01,21,0,222_HYDRO_2,9.3,9.3,0.0,232.5,0.0
2020-01-01,21,0,222_HYDRO_3,9.3,9.3,0.0,232.5,0.0
2020-01-01,21,0,222_HYDRO_4,9.3,9.3,0.0,232.5,0.0
2020-01-01,21,0,222_HYDRO_5,9.3,9.3,0.0,232.5,0.0
2020-01-01,21,0,222_HYDRO_6,9.3,9.3,0.0,232.5,0.0
2020-01-01,21,0,322_HYDRO_1,40.517,37.4,0.0,1012.925,0.0
2020-01-01,21,0,322_HYDRO_2,40.517,37.4,0.0,1012.925,0.0
2020-01-01,21,0,322_HYDRO_3,40.517,37.4,0.0,1012.925,0.0
2020-01-01,21,0,322_HYDRO_4,40.517,37.4,0.0,1012.925,0.0
2020-01-01,21,0,320_PV_1,0.0,0.0,0.0,0.0,0.0
2020-01-01,21,0,314_PV_1,0.0,0.0,0.0,0.0,0.0
2020-01-01,21,0,314_PV_2,0.0,0.0,0.0,0.0,0.0
2020-01-01,21,0,313_PV_1,0.0,0.0,0.0,0.0,0.0
2020-01-01,21,0,314_PV_3,0.0,0.0,0.0,0.0,0.0
2020-01-01,21,0,314_PV_4,0.0,0.0,0.0,0.0,0.0
2020-01-01,21,0,313_PV_2,0.0,0.0,0.0,0.0,0.0
2020-01-01,21,0,310_PV_1,0.0,0.0,0.0,0.0,0.0
2020-01-01,21,0,324_PV_1,0.0,0.0,0.0,0.0,0.0
2020-01-01,21,0,312_PV_1,0.0,0.0,0.0,0.0,0.0
2020-01-01,21,0,310_PV_2,0.0,0.0,0.0,0.0,0.0
2020-01-01,21,0,324_PV_2,0.0,0.0,0.0,0.0,0.0
2020-01-01,21,0,324_PV_3,0.0,0.0,0.0,0.0,0.0
2020-01-01,21,0,113_PV_1,0.0,0.0,0.0,0.0,0.0
2020-01-01,21,0,319_PV_1,0.0,0.0,0.0,0.0,0.0
2020-01-01,21,0,215_PV_1,0.0,0.0,0.0,0.0,0.0
2020-01-01,21,0,102_PV_1,0.0,0.0,0.0,0.0,0.0
2020-01-01,21,0,101_PV_1,0.0,0.0,0.0,0.0,0.0
2020-01-01,21,0,102_PV_2,0.0,0.0,0.0,0.0,0.0
2020-01-01,21,0,104_PV_1,0.0,0.0,0.0,0.0,0.0
2020-01-01,21,0,101_PV_2,0.0,0.0,0.0,0.0,0.0
2020-01-01,21,0,101_PV_3,0.0,0.0,0.0,0.0,0.0
2020-01-01,21,0,101_PV_4,0.0,0.0,0.0,0.0,0.0
2020-01-01,21,0,103_PV_1,0.0,0.0,0.0,0.0,0.0
2020-01-01,21,0,119_PV_1,0.0,0.0,0.0,0.0,0.0
2020-01-01,21,0,308_RTPV_1,0.0,0.0,0.0,0.0,0.0
2020-01-01,21,0,313_RTPV_1,0.0,0.0,0.0,0.0,0.0
2020-01-01,21,0,313_RTPV_2,0.0,0.0,0.0,0.0,0.0
2020-01-01,21,0,313_RTPV_3,0.0,0.0,0.0,0.0,0.0
2020-01-01,21,0,313_RTPV_4,0.0,0.0,0.0,0.0,0.0
2020-01-01,21,0,313_RTPV_5,0.0,0.0,0.0,0.0,0.0
2020-01-01,21,0,313_RTPV_6,0.0,0.0,0.0,0.0,0.0
2020-01-01,21,0,313_RTPV_7,0.0,0.0,0.0,0.0,0.0
2020-01-01,21,0,313_RTPV_8,0.0,0.0,0.0,0.0,0.0
2020-01-01,21,0,313_RTPV_9,0.0,0.0,0.0,0.0,0.0
2020-01-01,21,0,313_RTPV_10,0.0,0.0,0.0,0.0,0.0
2020-01-01,21,0,313_RTPV_11,0.0,0.0,0.0,0.0,0.0
2020-01-01,21,0,313_RTPV_12,0.0,0.0,0.0,0.0,0.0
2020-01-01,21,0,320_RTPV_1,0.0,0.0,0.0,0.0,0.0
2020-01-01,21,0,320_RTPV_2,0.0,0.0,0.0,0.0,0.0
2020-01-01,21,0,320_RTPV_3,0.0,0.0,0.0,0.0,0.0
2020-01-01,21,0,313_RTPV_13,0.0,0.0,0.0,0.0,0.0
2020-01-01,21,0,320_RTPV_4,0.0,0.0,0.0,0.0,0.0
2020-01-01,21,0,320_RTPV_5,0.0,0.0,0.0,0.0,0.0
2020-01-01,21,0,118_RTPV_1,0.0,0.0,0.0,0.0,0.0
2020-01-01,21,0,118_RTPV_2,0.0,0.0,0.0,0.0,0.0
2020-01-01,21,0,118_RTPV_3,0.0,0.0,0.0,0.0,0.0
2020-01-01,21,0,118_RTPV_4,0.0,0.0,0.0,0.0,0.0
2020-01-01,21,0,118_RTPV_5,0.0,0.0,0.0,0.0,0.0
2020-01-01,21,0,118_RTPV_6,0.0,0.0,0.0,0.0,0.0
2020-01-01,21,0,320_RTPV_6,0.0,0.0,0.0,0.0,0.0
2020-01-01,21,0,118_RTPV_7,0.0,0.0,0.0,0.0,0.0
2020-01-01,21,0,118_RTPV_8,0.0,0.0,0.0,0.0,0.0
2020-01-01,21,0,118_RTPV_9,0.0,0.0,0.0,0.0,0.0
2020-01-01,21,0,118_RTPV_10,0.0,0.0,0.0,0.0,0.0
2020-01-01,21,0,213_RTPV_1,0.0,0.0,0.0,0.0,0.0
2020-01-01,21,0,309_WIND_1,0.0,0.0,0.0,0.0,0.0
2020-01-01,21,0,317_WIND_1,0.0,299.6725,0.0,0.0,0.0
2020-01-01,21,0,303_WIND_1,0.0,0.0,0.0,0.0,0.0
2020-01-01,21,0,122_WIND_1,119.0125,2.0125,0.0,2975.3125,0.0
2020-01-01,21,0,122_WIND_1_PEM,236.855811,15.839562,137.731689,5921.395275,0.0
2020-01-01,21,0,303_WIND_1_PEM,287.9,326.9,0.0,7197.5,0.0
2020-01-01,21,0,309_WIND_1_PEM,3.4,6.5,0.0,85.0,0.0
2020-01-01,21,0,310_PV_2_PEM,0.0,0.0,0.0,0.0,0.0
2020-01-01,21,0,317_WIND_1_PEM,0.0,0.0,385.9,0.0,0.0
2020-01-01,21,0,319_PV_1_PEM,0.0,0.0,0.0,0.0,0.0
2020-01-01,21,0,320_PV_1_PEM,0.0,0.0,0.0,0.0,0.0
2020-01-01,21,0,324_PV_1_PEM,0.0,0.0,0.0,0.0,0.0
2020-01-01,21,0,324_PV_2_PEM,0.0,0.0,0.0,0.0,0.0
2020-01-01,21,0,324_PV_3_PEM,0.0,0.0,0.0,0.0,0.0
2020-01-01,22,0,122_HYDRO_1,3.8,3.8,0.0,95.0,0.0
2020-01-01,22,0,122_HYDRO_2,3.8,3.8,0.0,95.0,0.0
2020-01-01,22,0,122_HYDRO_3,3.8,3.8,0.0,95.0,0.0
2020-01-01,22,0,122_HYDRO_4,3.8,3.8,0.0,95.0,0.0
2020-01-01,22,0,122_HYDRO_5,3.8,3.8,0.0,95.0,0.0
2020-01-01,22,0,122_HYDRO_6,3.8,3.8,0.0,95.0,0.0
2020-01-01,22,0,201_HYDRO_4,9.283,9.1,0.0,232.075,0.0
2020-01-01,22,0,215_HYDRO_1,9.283,9.1,0.0,232.075,0.0
2020-01-01,22,0,215_HYDRO_2,9.283,9.1,0.0,232.075,0.0
2020-01-01,22,0,215_HYDRO_3,9.283,9.1,0.0,232.075,0.0
2020-01-01,22,0,222_HYDRO_1,9.283,9.1,0.0,232.075,0.0
2020-01-01,22,0,222_HYDRO_2,9.283,9.1,0.0,232.075,0.0
2020-01-01,22,0,222_HYDRO_3,9.283,9.1,0.0,232.075,0.0
2020-01-01,22,0,222_HYDRO_4,9.283,9.1,0.0,232.075,0.0
2020-01-01,22,0,222_HYDRO_5,9.283,9.1,0.0,232.075,0.0
2020-01-01,22,0,222_HYDRO_6,9.283,9.1,0.0,232.075,0.0
2020-01-01,22,0,322_HYDRO_1,37.7,41.0,0.0,942.5,0.0
2020-01-01,22,0,322_HYDRO_2,37.7,41.0,0.0,942.5,0.0
2020-01-01,22,0,322_HYDRO_3,37.7,41.0,0.0,942.5,0.0
2020-01-01,22,0,322_HYDRO_4,37.7,41.0,0.0,942.5,0.0
2020-01-01,22,0,320_PV_1,0.0,0.0,0.0,0.0,0.0
2020-01-01,22,0,314_PV_1,0.0,0.0,0.0,0.0,0.0
2020-01-01,22,0,314_PV_2,0.0,0.0,0.0,0.0,0.0
2020-01-01,22,0,313_PV_1,0.0,0.0,0.0,0.0,0.0
2020-01-01,22,0,314_PV_3,0.0,0.0,0.0,0.0,0.0
2020-01-01,22,0,314_PV_4,0.0,0.0,0.0,0.0,0.0
2020-01-01,22,0,313_PV_2,0.0,0.0,0.0,0.0,0.0
2020-01-01,22,0,310_PV_1,0.0,0.0,0.0,0.0,0.0
2020-01-01,22,0,324_PV_1,0.0,0.0,0.0,0.0,0.0
2020-01-01,22,0,312_PV_1,0.0,0.0,0.0,0.0,0.0
2020-01-01,22,0,310_PV_2,0.0,0.0,0.0,0.0,0.0
2020-01-01,22,0,324_PV_2,0.0,0.0,0.0,0.0,0.0
2020-01-01,22,0,324_PV_3,0.0,0.0,0.0,0.0,0.0
2020-01-01,22,0,113_PV_1,0.0,0.0,0.0,0.0,0.0
2020-01-01,22,0,319_PV_1,0.0,0.0,0.0,0.0,0.0
2020-01-01,22,0,215_PV_1,0.0,0.0,0.0,0.0,0.0
2020-01-01,22,0,102_PV_1,0.0,0.0,0.0,0.0,0.0
2020-01-01,22,0,101_PV_1,0.0,0.0,0.0,0.0,0.0
2020-01-01,22,0,102_PV_2,0.0,0.0,0.0,0.0,0.0
2020-01-01,22,0,104_PV_1,0.0,0.0,0.0,0.0,0.0
2020-01-01,22,0,101_PV_2,0.0,0.0,0.0,0.0,0.0
2020-01-01,22,0,101_PV_3,0.0,0.0,0.0,0.0,0.0
2020-01-01,22,0,101_PV_4,0.0,0.0,0.0,0.0,0.0
2020-01-01,22,0,103_PV_1,0.0,0.0,0.0,0.0,0.0
2020-01-01,22,0,119_PV_1,0.0,0.0,0.0,0.0,0.0
2020-01-01,22,0,308_RTPV_1,0.0,0.0,0.0,0.0,0.0
2020-01-01,22,0,313_RTPV_1,0.0,0.0,0.0,0.0,0.0
2020-01-01,22,0,313_RTPV_2,0.0,0.0,0.0,0.0,0.0
2020-01-01,22,0,313_RTPV_3,0.0,0.0,0.0,0.0,0.0
2020-01-01,22,0,313_RTPV_4,0.0,0.0,0.0,0.0,0.0
2020-01-01,22,0,313_RTPV_5,0.0,0.0,0.0,0.0,0.0
2020-01-01,22,0,313_RTPV_6,0.0,0.0,0.0,0.0,0.0
2020-01-01,22,0,313_RTPV_7,0.0,0.0,0.0,0.0,0.0
2020-01-01,22,0,313_RTPV_8,0.0,0.0,0.0,0.0,0.0
2020-01-01,22,0,313_RTPV_9,0.0,0.0,0.0,0.0,0.0
2020-01-01,22,0,313_RTPV_10,0.0,0.0,0.0,0.0,0.0
2020-01-01,22,0,313_RTPV_11,0.0,0.0,0.0,0.0,0.0
2020-01-01,22,0,313_RTPV_12,0.0,0.0,0.0,0.0,0.0
2020-01-01,22,0,320_RTPV_1,0.0,0.0,0.0,0.0,0.0
2020-01-01,22,0,320_RTPV_2,0.0,0.0,0.0,0.0,0.0
2020-01-01,22,0,320_RTPV_3,0.0,0.0,0.0,0.0,0.0
2020-01-01,22,0,313_RTPV_13,0.0,0.0,0.0,0.0,0.0
2020-01-01,22,0,320_RTPV_4,0.0,0.0,0.0,0.0,0.0
2020-01-01,22,0,320_RTPV_5,0.0,0.0,0.0,0.0,0.0
2020-01-01,22,0,118_RTPV_1,0.0,0.0,0.0,0.0,0.0
2020-01-01,22,0,118_RTPV_2,0.0,0.0,0.0,0.0,0.0
2020-01-01,22,0,118_RTPV_3,0.0,0.0,0.0,0.0,0.0
2020-01-01,22,0,118_RTPV_4,0.0,0.0,0.0,0.0,0.0
2020-01-01,22,0,118_RTPV_5,0.0,0.0,0.0,0.0,0.0
2020-01-01,22,0,118_RTPV_6,0.0,0.0,0.0,0.0,0.0
2020-01-01,22,0,320_RTPV_6,0.0,0.0,0.0,0.0,0.0
2020-01-01,22,0,118_RTPV_7,0.0,0.0,0.0,0.0,0.0
2020-01-01,22,0,118_RTPV_8,0.0,0.0,0.0,0.0,0.0
2020-01-01,22,0,118_RTPV_9,0.0,0.0,0.0,0.0,0.0
2020-01-01,22,0,118_RTPV_10,0.0,0.0,0.0,0.0,0.0
2020-01-01,22,0,213_RTPV_1,0.0,0.0,0.0,0.0,0.0
2020-01-01,22,0,309_WIND_1,0.0,0.0,0.0,0.0,0.0
2020-01-01,22,0,317_WIND_1,0.0,315.3725,0.0,0.0,0.0
2020-01-01,22,0,303_WIND_1,0.0,0.0,0.0,0.0,0.0
2020-01-01,22,0,122_WIND_1,86.8125,186.7125,0.0,2170.3125,0.0
2020-01-01,22,0,122_WIND_1_PEM,0.0,0.0,374.5875,0.0,0.0
2020-01-01,22,0,303_WIND_1_PEM,9.414496,0.0,160.985504,235.362408,0.0
2020-01-01,22,0,309_WIND_1_PEM,0.8,0.0,0.0,20.0,0.0
2020-01-01,22,0,310_PV_2_PEM,0.0,0.0,0.0,0.0,0.0
2020-01-01,22,0,317_WIND_1_PEM,275.6,0.0,0.0,6890.0,0.0
2020-01-01,22,0,319_PV_1_PEM,0.0,0.0,0.0,0.0,0.0
2020-01-01,22,0,320_PV_1_PEM,0.0,0.0,0.0,0.0,0.0
2020-01-01,22,0,324_PV_1_PEM,0.0,0.0,0.0,0.0,0.0
2020-01-01,22,0,324_PV_2_PEM,0.0,0.0,0.0,0.0,0.0
2020-01-01,22,0,324_PV_3_PEM,0.0,0.0,0.0,0.0,0.0
2020-01-01,23,0,122_HYDRO_1,3.8,3.8,0.0,95.0,0.0
2020-01-01,23,0,122_HYDRO_2,3.8,3.8,0.0,95.0,0.0
2020-01-01,23,0,122_HYDRO_3,3.8,3.8,0.0,95.0,0.0
2020-01-01,23,0,122_HYDRO_4,3.8,3.8,0.0,95.0,0.0
2020-01-01,23,0,122_HYDRO_5,3.8,3.8,0.0,95.0,0.0
2020-01-01,23,0,122_HYDRO_6,3.8,3.8,0.0,95.0,0.0
2020-01-01,23,0,201_HYDRO_4,9.117,9.3,0.0,227.925,0.0
2020-01-01,23,0,215_HYDRO_1,9.117,9.3,0.0,227.925,0.0
2020-01-01,23,0,215_HYDRO_2,9.117,9.3,0.0,227.925,0.0
2020-01-01,23,0,215_HYDRO_3,9.117,9.3,0.0,227.925,0.0
2020-01-01,23,0,222_HYDRO_1,9.117,9.3,0.0,227.925,0.0
2020-01-01,23,0,222_HYDRO_2,9.117,9.3,0.0,227.925,0.0
2020-01-01,23,0,222_HYDRO_3,9.117,9.3,0.0,227.925,0.0
2020-01-01,23,0,222_HYDRO_4,9.117,9.3,0.0,227.925,0.0
2020-01-01,23,0,222_HYDRO_5,9.117,9.3,0.0,227.925,0.0
2020-01-01,23,0,222_HYDRO_6,9.117,9.3,0.0,227.925,0.0
2020-01-01,23,0,322_HYDRO_1,38.417,10.0,0.0,960.425,0.0
2020-01-01,23,0,322_HYDRO_2,38.417,10.0,0.0,960.425,0.0
2020-01-01,23,0,322_HYDRO_3,38.417,10.0,0.0,960.425,0.0
2020-01-01,23,0,322_HYDRO_4,38.417,10.0,0.0,960.425,0.0
2020-01-01,23,0,320_PV_1,0.0,0.0,0.0,0.0,0.0
2020-01-01,23,0,314_PV_1,0.0,0.0,0.0,0.0,0.0
2020-01-01,23,0,314_PV_2,0.0,0.0,0.0,0.0,0.0
2020-01-01,23,0,313_PV_1,0.0,0.0,0.0,0.0,0.0
2020-01-01,23,0,314_PV_3,0.0,0.0,0.0,0.0,0.0
2020-01-01,23,0,314_PV_4,0.0,0.0,0.0,0.0,0.0
2020-01-01,23,0,313_PV_2,0.0,0.0,0.0,0.0,0.0
2020-01-01,23,0,310_PV_1,0.0,0.0,0.0,0.0,0.0
2020-01-01,23,0,324_PV_1,0.0,0.0,0.0,0.0,0.0
2020-01-01,23,0,312_PV_1,0.0,0.0,0.0,0.0,0.0
2020-01-01,23,0,310_PV_2,0.0,0.0,0.0,0.0,0.0
2020-01-01,23,0,324_PV_2,0.0,0.0,0.0,0.0,0.0
2020-01-01,23,0,324_PV_3,0.0,0.0,0.0,0.0,0.0
2020-01-01,23,0,113_PV_1,0.0,0.0,0.0,0.0,0.0
2020-01-01,23,0,319_PV_1,0.0,0.0,0.0,0.0,0.0
2020-01-01,23,0,215_PV_1,0.0,0.0,0.0,0.0,0.0
2020-01-01,23,0,102_PV_1,0.0,0.0,0.0,0.0,0.0
2020-01-01,23,0,101_PV_1,0.0,0.0,0.0,0.0,0.0
2020-01-01,23,0,102_PV_2,0.0,0.0,0.0,0.0,0.0
2020-01-01,23,0,104_PV_1,0.0,0.0,0.0,0.0,0.0
2020-01-01,23,0,101_PV_2,0.0,0.0,0.0,0.0,0.0
2020-01-01,23,0,101_PV_3,0.0,0.0,0.0,0.0,0.0
2020-01-01,23,0,101_PV_4,0.0,0.0,0.0,0.0,0.0
2020-01-01,23,0,103_PV_1,0.0,0.0,0.0,0.0,0.0
2020-01-01,23,0,119_PV_1,0.0,0.0,0.0,0.0,0.0
2020-01-01,23,0,308_RTPV_1,0.0,0.0,0.0,0.0,0.0
2020-01-01,23,0,313_RTPV_1,0.0,0.0,0.0,0.0,0.0
2020-01-01,23,0,313_RTPV_2,0.0,0.0,0.0,0.0,0.0
2020-01-01,23,0,313_RTPV_3,0.0,0.0,0.0,0.0,0.0
2020-01-01,23,0,313_RTPV_4,0.0,0.0,0.0,0.0,0.0
2020-01-01,23,0,313_RTPV_5,0.0,0.0,0.0,0.0,0.0
2020-01-01,23,0,313_RTPV_6,0.0,0.0,0.0,0.0,0.0
2020-01-01,23,0,313_RTPV_7,0.0,0.0,0.0,0.0,0.0
2020-01-01,23,0,313_RTPV_8,0.0,0.0,0.0,0.0,0.0
2020-01-01,23,0,313_RTPV_9,0.0,0.0,0.0,0.0,0.0
2020-01-01,23,0,313_RTPV_10,0.0,0.0,0.0,0.0,0.0
2020-01-01,23,0,313_RTPV_11,0.0,0.0,0.0,0.0,0.0
2020-01-01,23,0,313_RTPV_12,0.0,0.0,0.0,0.0,0.0
2020-01-01,23,0,320_RTPV_1,0.0,0.0,0.0,0.0,0.0
2020-01-01,23,0,320_RTPV_2,0.0,0.0,0.0,0.0,0.0
2020-01-01,23,0,320_RTPV_3,0.0,0.0,0.0,0.0,0.0
2020-01-01,23,0,313_RTPV_13,0.0,0.0,0.0,0.0,0.0
2020-01-01,23,0,320_RTPV_4,0.0,0.0,0.0,0.0,0.0
2020-01-01,23,0,320_RTPV_5,0.0,0.0,0.0,0.0,0.0
2020-01-01,23,0,118_RTPV_1,0.0,0.0,0.0,0.0,0.0
2020-01-01,23,0,118_RTPV_2,0.0,0.0,0.0,0.0,0.0
2020-01-01,23,0,118_RTPV_3,0.0,0.0,0.0,0.0,0.0
2020-01-01,23,0,118_RTPV_4,0.0,0.0,0.0,0.0,0.0
2020-01-01,23,0,118_RTPV_5,0.0,0.0,0.0,0.0,0.0
2020-01-01,23,0,118_RTPV_6,0.0,0.0,0.0,0.0,0.0
2020-01-01,23,0,320_RTPV_6,0.0,0.0,0.0,0.0,0.0
2020-01-01,23,0,118_RTPV_7,0.0,0.0,0.0,0.0,0.0
2020-01-01,23,0,118_RTPV_8,0.0,0.0,0.0,0.0,0.0
2020-01-01,23,0,118_RTPV_9,0.0,0.0,0.0,0.0,0.0
2020-01-01,23,0,118_RTPV_10,0.0,0.0,0.0,0.0,0.0
2020-01-01,23,0,213_RTPV_1,0.0,0.0,0.0,0.0,0.0
2020-01-01,23,0,309_WIND_1,0.0,0.0,0.0,0.0,0.0
2020-01-01,23,0,317_WIND_1,0.0,309.5725,0.0,0.0,0.0
2020-01-01,23,0,303_WIND_1,0.0,0.0,0.0,0.0,0.0
2020-01-01,23,0,122_WIND_1,67.3125,193.8125,0.0,1682.8125,0.0
2020-01-01,23,0,122_WIND_1_PEM,0.0,0.0,374.5875,0.0,0.0
2020-01-01,23,0,303_WIND_1_PEM,34.70991,0.0,64.29009,867.747742,0.0
2020-01-01,23,0,309_WIND_1_PEM,0.2,0.0,0.0,5.0,0.0
2020-01-01,23,0,310_PV_2_PEM,0.0,0.0,0.0,0.0,0.0
2020-01-01,23,0,317_WIND_1_PEM,0.0,0.0,395.6,0.0,0.0
2020-01-01,23,0,319_PV_1_PEM,0.0,0.0,0.0,0.0,0.0
2020-01-01,23,0,320_PV_1_PEM,0.0,0.0,0.0,0.0,0.0
2020-01-01,23,0,324_PV_1_PEM,0.0,0.0,0.0,0.0,0.0
2020-01-01,23,0,324_PV_2_PEM,0.0,0.0,0.0,0.0,0.0
2020-01-01,23,0,324_PV_3_PEM,0.0,0.0,0.0,0.0,0.0
2020-01-02,0,0,122_HYDRO_1,3.717,2.8,0.0,87.519354,0.0
2020-01-02,0,0,122_HYDRO_2,3.717,2.8,0.0,87.519354,0.0
2020-01-02,0,0,122_HYDRO_3,3.717,2.8,0.0,87.519354,0.0
2020-01-02,0,0,122_HYDRO_4,3.717,2.8,0.0,87.519354,0.0
2020-01-02,0,0,122_HYDRO_5,3.717,2.8,0.0,87.519354,0.0
2020-01-02,0,0,122_HYDRO_6,3.717,2.8,0.0,87.519354,0.0
2020-01-02,0,0,201_HYDRO_4,9.3,9.3,0.0,217.971606,0.0
2020-01-02,0,0,215_HYDRO_1,9.3,9.3,0.0,217.971606,0.0
2020-01-02,0,0,215_HYDRO_2,9.3,9.3,0.0,217.971606,0.0
2020-01-02,0,0,215_HYDRO_3,9.3,9.3,0.0,217.971606,0.0
2020-01-02,0,0,222_HYDRO_1,9.3,9.3,0.0,217.971606,0.0
2020-01-02,0,0,222_HYDRO_2,9.3,9.3,0.0,217.971606,0.0
2020-01-02,0,0,222_HYDRO_3,9.3,9.3,0.0,217.971606,0.0
2020-01-02,0,0,222_HYDRO_4,9.3,9.3,0.0,217.971606,0.0
2020-01-02,0,0,222_HYDRO_5,9.3,9.3,0.0,217.971606,0.0
2020-01-02,0,0,222_HYDRO_6,9.3,9.3,0.0,217.971606,0.0
2020-01-02,0,0,322_HYDRO_1,9.95,9.4,0.0,233.446709,0.0
2020-01-02,0,0,322_HYDRO_2,9.95,9.4,0.0,233.446709,0.0
2020-01-02,0,0,322_HYDRO_3,9.95,9.4,0.0,233.446709,0.0
2020-01-02,0,0,322_HYDRO_4,9.95,9.4,0.0,233.446709,0.0
2020-01-02,0,0,320_PV_1,0.0,0.0,0.0,0.0,0.0
2020-01-02,0,0,314_PV_1,0.0,0.0,0.0,0.0,0.0
2020-01-02,0,0,314_PV_2,0.0,0.0,0.0,0.0,0.0
2020-01-02,0,0,313_PV_1,0.0,0.0,0.0,0.0,0.0
2020-01-02,0,0,314_PV_3,0.0,0.0,0.0,0.0,0.0
2020-01-02,0,0,314_PV_4,0.0,0.0,0.0,0.0,0.0
2020-01-02,0,0,313_PV_2,0.0,0.0,0.0,0.0,0.0
2020-01-02,0,0,310_PV_1,0.0,0.0,0.0,0.0,0.0
2020-01-02,0,0,324_PV_1,0.0,0.0,0.0,0.0,0.0
2020-01-02,0,0,312_PV_1,0.0,0.0,0.0,0.0,0.0
2020-01-02,0,0,310_PV_2,0.0,0.0,0.0,0.0,0.0
2020-01-02,0,0,324_PV_2,0.0,0.0,0.0,0.0,0.0
2020-01-02,0,0,324_PV_3,0.0,0.0,0.0,0.0,0.0
2020-01-02,0,0,113_PV_1,0.0,0.0,0.0,0.0,0.0
2020-01-02,0,0,319_PV_1,0.0,0.0,0.0,0.0,0.0
2020-01-02,0,0,215_PV_1,0.0,0.0,0.0,0.0,0.0
2020-01-02,0,0,102_PV_1,0.0,0.0,0.0,0.0,0.0
2020-01-02,0,0,101_PV_1,0.0,0.0,0.0,0.0,0.0
2020-01-02,0,0,102_PV_2,0.0,0.0,0.0,0.0,0.0
2020-01-02,0,0,104_PV_1,0.0,0.0,0.0,0.0,0.0
2020-01-02,0,0,101_PV_2,0.0,0.0,0.0,0.0,0.0
2020-01-02,0,0,101_PV_3,0.0,0.0,0.0,0.0,0.0
2020-01-02,0,0,101_PV_4,0.0,0.0,0.0,0.0,0.0
2020-01-02,0,0,103_PV_1,0.0,0.0,0.0,0.0,0.0
2020-01-02,0,0,119_PV_1,0.0,0.0,0.0,0.0,0.0
2020-01-02,0,0,308_RTPV_1,0.0,0.0,0.0,0.0,0.0
2020-01-02,0,0,313_RTPV_1,0.0,0.0,0.0,0.0,0.0
2020-01-02,0,0,313_RTPV_2,0.0,0.0,0.0,0.0,0.0
2020-01-02,0,0,313_RTPV_3,0.0,0.0,0.0,0.0,0.0
2020-01-02,0,0,313_RTPV_4,0.0,0.0,0.0,0.0,0.0
2020-01-02,0,0,313_RTPV_5,0.0,0.0,0.0,0.0,0.0
2020-01-02,0,0,313_RTPV_6,0.0,0.0,0.0,0.0,0.0
2020-01-02,0,0,313_RTPV_7,0.0,0.0,0.0,0.0,0.0
2020-01-02,0,0,313_RTPV_8,0.0,0.0,0.0,0.0,0.0
2020-01-02,0,0,313_RTPV_9,0.0,0.0,0.0,0.0,0.0
2020-01-02,0,0,313_RTPV_10,0.0,0.0,0.0,0.0,0.0
2020-01-02,0,0,313_RTPV_11,0.0,0.0,0.0,0.0,0.0
2020-01-02,0,0,313_RTPV_12,0.0,0.0,0.0,0.0,0.0
2020-01-02,0,0,320_RTPV_1,0.0,0.0,0.0,0.0,0.0
2020-01-02,0,0,320_RTPV_2,0.0,0.0,0.0,0.0,0.0
2020-01-02,0,0,320_RTPV_3,0.0,0.0,0.0,0.0,0.0
2020-01-02,0,0,313_RTPV_13,0.0,0.0,0.0,0.0,0.0
2020-01-02,0,0,320_RTPV_4,0.0,0.0,0.0,0.0,0.0
2020-01-02,0,0,320_RTPV_5,0.0,0.0,0.0,0.0,0.0
2020-01-02,0,0,118_RTPV_1,0.0,0.0,0.0,0.0,0.0
2020-01-02,0,0,118_RTPV_2,0.0,0.0,0.0,0.0,0.0
2020-01-02,0,0,118_RTPV_3,0.0,0.0,0.0,0.0,0.0
2020-01-02,0,0,118_RTPV_4,0.0,0.0,0.0,0.0,0.0
2020-01-02,0,0,118_RTPV_5,0.0,0.0,0.0,0.0,0.0
2020-01-02,0,0,118_RTPV_6,0.0,0.0,0.0,0.0,0.0
2020-01-02,0,0,320_RTPV_6,0.0,0.0,0.0,0.0,0.0
2020-01-02,0,0,118_RTPV_7,0.0,0.0,0.0,0.0,0.0
2020-01-02,0,0,118_RTPV_8,0.0,0.0,0.0,0.0,0.0
2020-01-02,0,0,118_RTPV_9,0.0,0.0,0.0,0.0,0.0
2020-01-02,0,0,118_RTPV_10,0.0,0.0,0.0,0.0,0.0
2020-01-02,0,0,213_RTPV_1,0.0,0.0,0.0,0.0,0.0
2020-01-02,0,0,309_WIND_1,0.0,0.0,0.0,0.0,0.0
2020-01-02,0,0,317_WIND_1,74.7725,337.5725,0.0,1637.574908,0.0
2020-01-02,0,0,303_WIND_1,0.0,0.0,0.0,0.0,0.0
2020-01-02,0,0,122_WIND_1,214.7125,255.4125,0.0,5014.591111,0.0
2020-01-02,0,0,122_WIND_1_PEM,0.0,0.0,374.5875,0.0,0.0
2020-01-02,0,0,303_WIND_1_PEM,0.0,0.0,29.9,0.0,0.0
2020-01-02,0,0,309_WIND_1_PEM,0.0,0.0,0.5,0.0,0.0
2020-01-02,0,0,310_PV_2_PEM,0.0,0.0,0.0,0.0,0.0
2020-01-02,0,0,317_WIND_1_PEM,0.0,0.0,419.5275,0.0,0.0
2020-01-02,0,0,319_PV_1_PEM,0.0,0.0,0.0,0.0,0.0
2020-01-02,0,0,320_PV_1_PEM,0.0,0.0,0.0,0.0,0.0
2020-01-02,0,0,324_PV_1_PEM,0.0,0.0,0.0,0.0,0.0
2020-01-02,0,0,324_PV_2_PEM,0.0,0.0,0.0,0.0,0.0
2020-01-02,0,0,324_PV_3_PEM,0.0,0.0,0.0,0.0,0.0
2020-01-02,1,0,122_HYDRO_1,2.8,2.8,0.0,63.650613,0.0
2020-01-02,1,0,122_HYDRO_2,2.8,2.8,0.0,63.650613,0.0
2020-01-02,1,0,122_HYDRO_3,2.8,2.8,0.0,63.650613,0.0
2020-01-02,1,0,122_HYDRO_4,2.8,2.8,0.0,63.650613,0.0
2020-01-02,1,0,122_HYDRO_5,2.8,2.8,0.0,63.650613,0.0
2020-01-02,1,0,122_HYDRO_6,2.8,2.8,0.0,63.650613,0.0
2020-01-02,1,0,201_HYDRO_4,9.3,9.3,0.0,211.410964,0.0
2020-01-02,1,0,215_HYDRO_1,9.3,9.3,0.0,211.410964,0.0
2020-01-02,1,0,215_HYDRO_2,9.3,9.3,0.0,211.410964,0.0
2020-01-02,1,0,215_HYDRO_3,9.3,9.3,0.0,211.410964,0.0
2020-01-02,1,0,222_HYDRO_1,9.3,9.3,0.0,211.410964,0.0
2020-01-02,1,0,222_HYDRO_2,9.3,9.3,0.0,211.410964,0.0
2020-01-02,1,0,222_HYDRO_3,9.3,9.3,0.0,211.410964,0.0
2020-01-02,1,0,222_HYDRO_4,9.3,9.3,0.0,211.410964,0.0
2020-01-02,1,0,222_HYDRO_5,9.3,9.3,0.0,211.410964,0.0
2020-01-02,1,0,222_HYDRO_6,9.3,9.3,0.0,211.410964,0.0
2020-01-02,1,0,322_HYDRO_1,11.142,30.3,0.0,209.840561,0.0
2020-01-02,1,0,322_HYDRO_2,11.142,30.3,0.0,209.840561,0.0
2020-01-02,1,0,322_HYDRO_3,11.142,30.3,0.0,209.840561,0.0
2020-01-02,1,0,322_HYDRO_4,11.142,30.3,0.0,209.840561,0.0
2020-01-02,1,0,320_PV_1,0.0,0.0,0.0,0.0,0.0
2020-01-02,1,0,314_PV_1,0.0,0.0,0.0,0.0,0.0
2020-01-02,1,0,314_PV_2,0.0,0.0,0.0,0.0,0.0
2020-01-02,1,0,313_PV_1,0.0,0.0,0.0,0.0,0.0
2020-01-02,1,0,314_PV_3,0.0,0.0,0.0,0.0,0.0
2020-01-02,1,0,314_PV_4,0.0,0.0,0.0,0.0,0.0
2020-01-02,1,0,313_PV_2,0.0,0.0,0.0,0.0,0.0
2020-01-02,1,0,310_PV_1,0.0,0.0,0.0,0.0,0.0
2020-01-02,1,0,324_PV_1,0.0,0.0,0.0,0.0,0.0
2020-01-02,1,0,312_PV_1,0.0,0.0,0.0,0.0,0.0
2020-01-02,1,0,310_PV_2,0.0,0.0,0.0,0.0,0.0
2020-01-02,1,0,324_PV_2,0.0,0.0,0.0,0.0,0.0
2020-01-02,1,0,324_PV_3,0.0,0.0,0.0,0.0,0.0
2020-01-02,1,0,113_PV_1,0.0,0.0,0.0,0.0,0.0
2020-01-02,1,0,319_PV_1,0.0,0.0,0.0,0.0,0.0
2020-01-02,1,0,215_PV_1,0.0,0.0,0.0,0.0,0.0
2020-01-02,1,0,102_PV_1,0.0,0.0,0.0,0.0,0.0
2020-01-02,1,0,101_PV_1,0.0,0.0,0.0,0.0,0.0
2020-01-02,1,0,102_PV_2,0.0,0.0,0.0,0.0,0.0
2020-01-02,1,0,104_PV_1,0.0,0.0,0.0,0.0,0.0
2020-01-02,1,0,101_PV_2,0.0,0.0,0.0,0.0,0.0
2020-01-02,1,0,101_PV_3,0.0,0.0,0.0,0.0,0.0
2020-01-02,1,0,101_PV_4,0.0,0.0,0.0,0.0,0.0
2020-01-02,1,0,103_PV_1,0.0,0.0,0.0,0.0,0.0
2020-01-02,1,0,119_PV_1,0.0,0.0,0.0,0.0,0.0
2020-01-02,1,0,308_RTPV_1,0.0,0.0,0.0,0.0,0.0
2020-01-02,1,0,313_RTPV_1,0.0,0.0,0.0,0.0,0.0
2020-01-02,1,0,313_RTPV_2,0.0,0.0,0.0,0.0,0.0
2020-01-02,1,0,313_RTPV_3,0.0,0.0,0.0,0.0,0.0
2020-01-02,1,0,313_RTPV_4,0.0,0.0,0.0,0.0,0.0
2020-01-02,1,0,313_RTPV_5,0.0,0.0,0.0,0.0,0.0
2020-01-02,1,0,313_RTPV_6,0.0,0.0,0.0,0.0,0.0
2020-01-02,1,0,313_RTPV_7,0.0,0.0,0.0,0.0,0.0
2020-01-02,1,0,313_RTPV_8,0.0,0.0,0.0,0.0,0.0
2020-01-02,1,0,313_RTPV_9,0.0,0.0,0.0,0.0,0.0
2020-01-02,1,0,313_RTPV_10,0.0,0.0,0.0,0.0,0.0
2020-01-02,1,0,313_RTPV_11,0.0,0.0,0.0,0.0,0.0
2020-01-02,1,0,313_RTPV_12,0.0,0.0,0.0,0.0,0.0
2020-01-02,1,0,320_RTPV_1,0.0,0.0,0.0,0.0,0.0
2020-01-02,1,0,320_RTPV_2,0.0,0.0,0.0,0.0,0.0
2020-01-02,1,0,320_RTPV_3,0.0,0.0,0.0,0.0,0.0
2020-01-02,1,0,313_RTPV_13,0.0,0.0,0.0,0.0,0.0
2020-01-02,1,0,320_RTPV_4,0.0,0.0,0.0,0.0,0.0
2020-01-02,1,0,320_RTPV_5,0.0,0.0,0.0,0.0,0.0
2020-01-02,1,0,118_RTPV_1,0.0,0.0,0.0,0.0,0.0
2020-01-02,1,0,118_RTPV_2,0.0,0.0,0.0,0.0,0.0
2020-01-02,1,0,118_RTPV_3,0.0,0.0,0.0,0.0,0.0
2020-01-02,1,0,118_RTPV_4,0.0,0.0,0.0,0.0,0.0
2020-01-02,1,0,118_RTPV_5,0.0,0.0,0.0,0.0,0.0
2020-01-02,1,0,118_RTPV_6,0.0,0.0,0.0,0.0,0.0
2020-01-02,1,0,320_RTPV_6,0.0,0.0,0.0,0.0,0.0
2020-01-02,1,0,118_RTPV_7,0.0,0.0,0.0,0.0,0.0
2020-01-02,1,0,118_RTPV_8,0.0,0.0,0.0,0.0,0.0
2020-01-02,1,0,118_RTPV_9,0.0,0.0,0.0,0.0,0.0
2020-01-02,1,0,118_RTPV_10,0.0,0.0,0.0,0.0,0.0
2020-01-02,1,0,213_RTPV_1,0.0,0.0,0.0,0.0,0.0
2020-01-02,1,0,309_WIND_1,0.0,0.0,0.0,0.0,0.0
2020-01-02,1,0,317_WIND_1,0.0,333.8725,0.0,-757.102049,0.0
2020-01-02,1,0,303_WIND_1,0.0,0.0,0.0,0.0,0.0
2020-01-02,1,0,122_WIND_1,144.5125,297.7125,0.0,2937.70825,0.0
2020-01-02,1,0,122_WIND_1_PEM,0.0,0.0,374.5875,0.0,0.0
2020-01-02,1,0,303_WIND_1_PEM,8.1,0.0,0.0,202.5,0.0
2020-01-02,1,0,309_WIND_1_PEM,1.0,0.0,0.0,25.0,0.0
2020-01-02,1,0,310_PV_2_PEM,0.0,0.0,0.0,0.0,0.0
2020-01-02,1,0,317_WIND_1_PEM,156.142781,0.0,124.057219,3903.569523,0.0
2020-01-02,1,0,319_PV_1_PEM,0.0,0.0,0.0,0.0,0.0
2020-01-02,1,0,320_PV_1_PEM,0.0,0.0,0.0,0.0,0.0
2020-01-02,1,0,324_PV_1_PEM,0.0,0.0,0.0,0.0,0.0
2020-01-02,1,0,324_PV_2_PEM,0.0,0.0,0.0,0.0,0.0
2020-01-02,1,0,324_PV_3_PEM,0.0,0.0,0.0,0.0,0.0
2020-01-02,2,0,122_HYDRO_1,2.8,2.8,0.0,63.650613,0.0
2020-01-02,2,0,122_HYDRO_2,2.8,2.8,0.0,63.650613,0.0
2020-01-02,2,0,122_HYDRO_3,2.8,2.8,0.0,63.650613,0.0
2020-01-02,2,0,122_HYDRO_4,2.8,2.8,0.0,63.650613,0.0
2020-01-02,2,0,122_HYDRO_5,2.8,2.8,0.0,63.650613,0.0
2020-01-02,2,0,122_HYDRO_6,2.8,2.8,0.0,63.650613,0.0
2020-01-02,2,0,201_HYDRO_4,9.3,9.3,0.0,211.410964,0.0
2020-01-02,2,0,215_HYDRO_1,9.3,9.3,0.0,211.410964,0.0
2020-01-02,2,0,215_HYDRO_2,9.3,9.3,0.0,211.410964,0.0
2020-01-02,2,0,215_HYDRO_3,9.3,9.3,0.0,211.410964,0.0
2020-01-02,2,0,222_HYDRO_1,9.3,9.3,0.0,211.410964,0.0
2020-01-02,2,0,222_HYDRO_2,9.3,9.3,0.0,211.410964,0.0
2020-01-02,2,0,222_HYDRO_3,9.3,9.3,0.0,211.410964,0.0
2020-01-02,2,0,222_HYDRO_4,9.3,9.3,0.0,211.410964,0.0
2020-01-02,2,0,222_HYDRO_5,9.3,9.3,0.0,211.410964,0.0
2020-01-02,2,0,222_HYDRO_6,9.3,9.3,0.0,211.410964,0.0
2020-01-02,2,0,322_HYDRO_1,29.858,25.0,0.0,689.759044,0.0
2020-01-02,2,0,322_HYDRO_2,29.858,25.0,0.0,689.759044,0.0
2020-01-02,2,0,322_HYDRO_3,29.858,25.0,0.0,689.759044,0.0
2020-01-02,2,0,322_HYDRO_4,29.858,25.0,0.0,689.759044,0.0
2020-01-02,2,0,320_PV_1,0.0,0.0,0.0,0.0,0.0
2020-01-02,2,0,314_PV_1,0.0,0.0,0.0,0.0,0.0
2020-01-02,2,0,314_PV_2,0.0,0.0,0.0,0.0,0.0
2020-01-02,2,0,313_PV_1,0.0,0.0,0.0,0.0,0.0
2020-01-02,2,0,314_PV_3,0.0,0.0,0.0,0.0,0.0
2020-01-02,2,0,314_PV_4,0.0,0.0,0.0,0.0,0.0
2020-01-02,2,0,313_PV_2,0.0,0.0,0.0,0.0,0.0
2020-01-02,2,0,310_PV_1,0.0,0.0,0.0,0.0,0.0
2020-01-02,2,0,324_PV_1,0.0,0.0,0.0,0.0,0.0
2020-01-02,2,0,312_PV_1,0.0,0.0,0.0,0.0,0.0
2020-01-02,2,0,310_PV_2,0.0,0.0,0.0,0.0,0.0
2020-01-02,2,0,324_PV_2,0.0,0.0,0.0,0.0,0.0
2020-01-02,2,0,324_PV_3,0.0,0.0,0.0,0.0,0.0
2020-01-02,2,0,113_PV_1,0.0,0.0,0.0,0.0,0.0
2020-01-02,2,0,319_PV_1,0.0,0.0,0.0,0.0,0.0
2020-01-02,2,0,215_PV_1,0.0,0.0,0.0,0.0,0.0
2020-01-02,2,0,102_PV_1,0.0,0.0,0.0,0.0,0.0
2020-01-02,2,0,101_PV_1,0.0,0.0,0.0,0.0,0.0
2020-01-02,2,0,102_PV_2,0.0,0.0,0.0,0.0,0.0
2020-01-02,2,0,104_PV_1,0.0,0.0,0.0,0.0,0.0
2020-01-02,2,0,101_PV_2,0.0,0.0,0.0,0.0,0.0
2020-01-02,2,0,101_PV_3,0.0,0.0,0.0,0.0,0.0
2020-01-02,2,0,101_PV_4,0.0,0.0,0.0,0.0,0.0
2020-01-02,2,0,103_PV_1,0.0,0.0,0.0,0.0,0.0
2020-01-02,2,0,119_PV_1,0.0,0.0,0.0,0.0,0.0
2020-01-02,2,0,308_RTPV_1,0.0,0.0,0.0,0.0,0.0
2020-01-02,2,0,313_RTPV_1,0.0,0.0,0.0,0.0,0.0
2020-01-02,2,0,313_RTPV_2,0.0,0.0,0.0,0.0,0.0
2020-01-02,2,0,313_RTPV_3,0.0,0.0,0.0,0.0,0.0
2020-01-02,2,0,313_RTPV_4,0.0,0.0,0.0,0.0,0.0
2020-01-02,2,0,313_RTPV_5,0.0,0.0,0.0,0.0,0.0
2020-01-02,2,0,313_RTPV_6,0.0,0.0,0.0,0.0,0.0
2020-01-02,2,0,313_RTPV_7,0.0,0.0,0.0,0.0,0.0
2020-01-02,2,0,313_RTPV_8,0.0,0.0,0.0,0.0,0.0
2020-01-02,2,0,313_RTPV_9,0.0,0.0,0.0,0.0,0.0
2020-01-02,2,0,313_RTPV_10,0.0,0.0,0.0,0.0,0.0
2020-01-02,2,0,313_RTPV_11,0.0,0.0,0.0,0.0,0.0
2020-01-02,2,0,313_RTPV_12,0.0,0.0,0.0,0.0,0.0
2020-01-02,2,0,320_RTPV_1,0.0,0.0,0.0,0.0,0.0
2020-01-02,2,0,320_RTPV_2,0.0,0.0,0.0,0.0,0.0
2020-01-02,2,0,320_RTPV_3,0.0,0.0,0.0,0.0,0.0
2020-01-02,2,0,313_RTPV_13,0.0,0.0,0.0,0.0,0.0
2020-01-02,2,0,320_RTPV_4,0.0,0.0,0.0,0.0,0.0
2020-01-02,2,0,320_RTPV_5,0.0,0.0,0.0,0.0,0.0
2020-01-02,2,0,118_RTPV_1,0.0,0.0,0.0,0.0,0.0
2020-01-02,2,0,118_RTPV_2,0.0,0.0,0.0,0.0,0.0
2020-01-02,2,0,118_RTPV_3,0.0,0.0,0.0,0.0,0.0
2020-01-02,2,0,118_RTPV_4,0.0,0.0,0.0,0.0,0.0
2020-01-02,2,0,118_RTPV_5,0.0,0.0,0.0,0.0,0.0
2020-01-02,2,0,118_RTPV_6,0.0,0.0,0.0,0.0,0.0
2020-01-02,2,0,320_RTPV_6,0.0,0.0,0.0,0.0,0.0
2020-01-02,2,0,118_RTPV_7,0.0,0.0,0.0,0.0,0.0
2020-01-02,2,0,118_RTPV_8,0.0,0.0,0.0,0.0,0.0
2020-01-02,2,0,118_RTPV_9,0.0,0.0,0.0,0.0,0.0
2020-01-02,2,0,118_RTPV_10,0.0,0.0,0.0,0.0,0.0
2020-01-02,2,0,213_RTPV_1,0.0,0.0,0.0,0.0,0.0
2020-01-02,2,0,309_WIND_1,0.0,0.0,0.0,0.0,0.0
2020-01-02,2,0,317_WIND_1,0.0,314.7725,0.0,-713.790159,0.0
2020-01-02,2,0,303_WIND_1,0.0,0.0,0.0,0.0,0.0
2020-01-02,2,0,122_WIND_1,43.6125,286.7125,0.0,440.15227,0.0
2020-01-02,2,0,122_WIND_1_PEM,149.315376,0.0,225.272124,3732.884408,0.0
2020-01-02,2,0,303_WIND_1_PEM,0.0,0.0,8.1,0.0,0.0
2020-01-02,2,0,309_WIND_1_PEM,0.0,0.0,19.4,0.0,0.0
2020-01-02,2,0,310_PV_2_PEM,0.0,0.0,0.0,0.0,0.0
2020-01-02,2,0,317_WIND_1_PEM,0.0,0.0,234.4,0.0,0.0
2020-01-02,2,0,319_PV_1_PEM,0.0,0.0,0.0,0.0,0.0
2020-01-02,2,0,320_PV_1_PEM,0.0,0.0,0.0,0.0,0.0
2020-01-02,2,0,324_PV_1_PEM,0.0,0.0,0.0,0.0,0.0
2020-01-02,2,0,324_PV_2_PEM,0.0,0.0,0.0,0.0,0.0
2020-01-02,2,0,324_PV_3_PEM,0.0,0.0,0.0,0.0,0.0
2020-01-02,3,0,122_HYDRO_1,2.8,2.8,0.0,64.595924,0.0
2020-01-02,3,0,122_HYDRO_2,2.8,2.8,0.0,64.595924,0.0
2020-01-02,3,0,122_HYDRO_3,2.8,2.8,0.0,64.595924,0.0
2020-01-02,3,0,122_HYDRO_4,2.8,2.8,0.0,64.595924,0.0
2020-01-02,3,0,122_HYDRO_5,2.8,2.8,0.0,64.595924,0.0
2020-01-02,3,0,122_HYDRO_6,2.8,2.8,0.0,64.595924,0.0
2020-01-02,3,0,201_HYDRO_4,9.3,9.3,0.0,214.550748,0.0
2020-01-02,3,0,215_HYDRO_1,9.3,9.3,0.0,214.550748,0.0
2020-01-02,3,0,215_HYDRO_2,9.3,9.3,0.0,214.550748,0.0
2020-01-02,3,0,215_HYDRO_3,9.3,9.3,0.0,214.550748,0.0
2020-01-02,3,0,222_HYDRO_1,9.3,9.3,0.0,214.550748,0.0
2020-01-02,3,0,222_HYDRO_2,9.3,9.3,0.0,214.550748,0.0
2020-01-02,3,0,222_HYDRO_3,9.3,9.3,0.0,214.550748,0.0
2020-01-02,3,0,222_HYDRO_4,9.3,9.3,0.0,214.550748,0.0
2020-01-02,3,0,222_HYDRO_5,9.3,9.3,0.0,214.550748,0.0
2020-01-02,3,0,222_HYDRO_6,9.3,9.3,0.0,214.550748,0.0
2020-01-02,3,0,322_HYDRO_1,24.842,23.1,0.0,576.466373,0.0
2020-01-02,3,0,322_HYDRO_2,24.842,23.1,0.0,576.466373,0.0
2020-01-02,3,0,322_HYDRO_3,24.842,23.1,0.0,576.466373,0.0
2020-01-02,3,0,322_HYDRO_4,24.842,23.1,0.0,576.466373,0.0
2020-01-02,3,0,320_PV_1,0.0,0.0,0.0,0.0,0.0
2020-01-02,3,0,314_PV_1,0.0,0.0,0.0,0.0,0.0
2020-01-02,3,0,314_PV_2,0.0,0.0,0.0,0.0,0.0
2020-01-02,3,0,313_PV_1,0.0,0.0,0.0,0.0,0.0
2020-01-02,3,0,314_PV_3,0.0,0.0,0.0,0.0,0.0
2020-01-02,3,0,314_PV_4,0.0,0.0,0.0,0.0,0.0
2020-01-02,3,0,313_PV_2,0.0,0.0,0.0,0.0,0.0
2020-01-02,3,0,310_PV_1,0.0,0.0,0.0,0.0,0.0
2020-01-02,3,0,324_PV_1,0.0,0.0,0.0,0.0,0.0
2020-01-02,3,0,312_PV_1,0.0,0.0,0.0,0.0,0.0
2020-01-02,3,0,310_PV_2,0.0,0.0,0.0,0.0,0.0
2020-01-02,3,0,324_PV_2,0.0,0.0,0.0,0.0,0.0
2020-01-02,3,0,324_PV_3,0.0,0.0,0.0,0.0,0.0
2020-01-02,3,0,113_PV_1,0.0,0.0,0.0,0.0,0.0
2020-01-02,3,0,319_PV_1,0.0,0.0,0.0,0.0,0.0
2020-01-02,3,0,215_PV_1,0.0,0.0,0.0,0.0,0.0
2020-01-02,3,0,102_PV_1,0.0,0.0,0.0,0.0,0.0
2020-01-02,3,0,101_PV_1,0.0,0.0,0.0,0.0,0.0
2020-01-02,3,0,102_PV_2,0.0,0.0,0.0,0.0,0.0
2020-01-02,3,0,104_PV_1,0.0,0.0,0.0,0.0,0.0
2020-01-02,3,0,101_PV_2,0.0,0.0,0.0,0.0,0.0
2020-01-02,3,0,101_PV_3,0.0,0.0,0.0,0.0,0.0
2020-01-02,3,0,101_PV_4,0.0,0.0,0.0,0.0,0.0
2020-01-02,3,0,103_PV_1,0.0,0.0,0.0,0.0,0.0
2020-01-02,3,0,119_PV_1,0.0,0.0,0.0,0.0,0.0
2020-01-02,3,0,308_RTPV_1,0.0,0.0,0.0,0.0,0.0
2020-01-02,3,0,313_RTPV_1,0.0,0.0,0.0,0.0,0.0
2020-01-02,3,0,313_RTPV_2,0.0,0.0,0.0,0.0,0.0
2020-01-02,3,0,313_RTPV_3,0.0,0.0,0.0,0.0,0.0
2020-01-02,3,0,313_RTPV_4,0.0,0.0,0.0,0.0,0.0
2020-01-02,3,0,313_RTPV_5,0.0,0.0,0.0,0.0,0.0
2020-01-02,3,0,313_RTPV_6,0.0,0.0,0.0,0.0,0.0
2020-01-02,3,0,313_RTPV_7,0.0,0.0,0.0,0.0,0.0
2020-01-02,3,0,313_RTPV_8,0.0,0.0,0.0,0.0,0.0
2020-01-02,3,0,313_RTPV_9,0.0,0.0,0.0,0.0,0.0
2020-01-02,3,0,313_RTPV_10,0.0,0.0,0.0,0.0,0.0
2020-01-02,3,0,313_RTPV_11,0.0,0.0,0.0,0.0,0.0
2020-01-02,3,0,313_RTPV_12,0.0,0.0,0.0,0.0,0.0
2020-01-02,3,0,320_RTPV_1,0.0,0.0,0.0,0.0,0.0
2020-01-02,3,0,320_RTPV_2,0.0,0.0,0.0,0.0,0.0
2020-01-02,3,0,320_RTPV_3,0.0,0.0,0.0,0.0,0.0
2020-01-02,3,0,313_RTPV_13,0.0,0.0,0.0,0.0,0.0
2020-01-02,3,0,320_RTPV_4,0.0,0.0,0.0,0.0,0.0
2020-01-02,3,0,320_RTPV_5,0.0,0.0,0.0,0.0,0.0
2020-01-02,3,0,118_RTPV_1,0.0,0.0,0.0,0.0,0.0
2020-01-02,3,0,118_RTPV_2,0.0,0.0,0.0,0.0,0.0
2020-01-02,3,0,118_RTPV_3,0.0,0.0,0.0,0.0,0.0
2020-01-02,3,0,118_RTPV_4,0.0,0.0,0.0,0.0,0.0
2020-01-02,3,0,118_RTPV_5,0.0,0.0,0.0,0.0,0.0
2020-01-02,3,0,118_RTPV_6,0.0,0.0,0.0,0.0,0.0
2020-01-02,3,0,320_RTPV_6,0.0,0.0,0.0,0.0,0.0
2020-01-02,3,0,118_RTPV_7,0.0,0.0,0.0,0.0,0.0
2020-01-02,3,0,118_RTPV_8,0.0,0.0,0.0,0.0,0.0
2020-01-02,3,0,118_RTPV_9,0.0,0.0,0.0,0.0,0.0
2020-01-02,3,0,118_RTPV_10,0.0,0.0,0.0,0.0,0.0
2020-01-02,3,0,213_RTPV_1,0.0,0.0,0.0,0.0,0.0
2020-01-02,3,0,309_WIND_1,0.0,0.0,0.0,0.0,0.0
2020-01-02,3,0,317_WIND_1,0.0,304.6725,0.0,-588.026191,0.0
2020-01-02,3,0,303_WIND_1,0.0,0.0,0.0,0.0,0.0
2020-01-02,3,0,122_WIND_1,38.4125,279.4125,0.0,421.038795,0.0
2020-01-02,3,0,122_WIND_1_PEM,153.008909,0.0,221.578591,3825.222735,0.0
2020-01-02,3,0,303_WIND_1_PEM,0.0,0.0,13.7,0.0,0.0
2020-01-02,3,0,309_WIND_1_PEM,0.0,0.0,22.5,0.0,0.0
2020-01-02,3,0,310_PV_2_PEM,0.0,0.0,0.0,0.0,0.0
2020-01-02,3,0,317_WIND_1_PEM,0.0,0.0,176.2,0.0,0.0
2020-01-02,3,0,319_PV_1_PEM,0.0,0.0,0.0,0.0,0.0
2020-01-02,3,0,320_PV_1_PEM,0.0,0.0,0.0,0.0,0.0
2020-01-02,3,0,324_PV_1_PEM,0.0,0.0,0.0,0.0,0.0
2020-01-02,3,0,324_PV_2_PEM,0.0,0.0,0.0,0.0,0.0
2020-01-02,3,0,324_PV_3_PEM,0.0,0.0,0.0,0.0,0.0
2020-01-02,4,0,122_HYDRO_1,2.8,2.8,0.0,65.62586,0.0
2020-01-02,4,0,122_HYDRO_2,2.8,2.8,0.0,65.62586,0.0
2020-01-02,4,0,122_HYDRO_3,2.8,2.8,0.0,65.62586,0.0
2020-01-02,4,0,122_HYDRO_4,2.8,2.8,0.0,65.62586,0.0
2020-01-02,4,0,122_HYDRO_5,2.8,2.8,0.0,65.62586,0.0
2020-01-02,4,0,122_HYDRO_6,2.8,2.8,0.0,65.62586,0.0
2020-01-02,4,0,201_HYDRO_4,9.3,9.3,0.0,217.971606,0.0
2020-01-02,4,0,215_HYDRO_1,9.3,9.3,0.0,217.971606,0.0
2020-01-02,4,0,215_HYDRO_2,9.3,9.3,0.0,217.971606,0.0
2020-01-02,4,0,215_HYDRO_3,9.3,9.3,0.0,217.971606,0.0
2020-01-02,4,0,222_HYDRO_1,9.3,9.3,0.0,217.971606,0.0
2020-01-02,4,0,222_HYDRO_2,9.3,9.3,0.0,217.971606,0.0
2020-01-02,4,0,222_HYDRO_3,9.3,9.3,0.0,217.971606,0.0
2020-01-02,4,0,222_HYDRO_4,9.3,9.3,0.0,217.971606,0.0
2020-01-02,4,0,222_HYDRO_5,9.3,9.3,0.0,217.971606,0.0
2020-01-02,4,0,222_HYDRO_6,9.3,9.3,0.0,217.971606,0.0
2020-01-02,4,0,322_HYDRO_1,23.058,22.6,0.0,541.144441,0.0
2020-01-02,4,0,322_HYDRO_2,23.058,22.6,0.0,541.144441,0.0
2020-01-02,4,0,322_HYDRO_3,23.058,22.6,0.0,541.144441,0.0
2020-01-02,4,0,322_HYDRO_4,23.058,22.6,0.0,541.144441,0.0
2020-01-02,4,0,320_PV_1,0.0,0.0,0.0,0.0,0.0
2020-01-02,4,0,314_PV_1,0.0,0.0,0.0,0.0,0.0
2020-01-02,4,0,314_PV_2,0.0,0.0,0.0,0.0,0.0
2020-01-02,4,0,313_PV_1,0.0,0.0,0.0,0.0,0.0
2020-01-02,4,0,314_PV_3,0.0,0.0,0.0,0.0,0.0
2020-01-02,4,0,314_PV_4,0.0,0.0,0.0,0.0,0.0
2020-01-02,4,0,313_PV_2,0.0,0.0,0.0,0.0,0.0
2020-01-02,4,0,310_PV_1,0.0,0.0,0.0,0.0,0.0
2020-01-02,4,0,324_PV_1,0.0,0.0,0.0,0.0,0.0
2020-01-02,4,0,312_PV_1,0.0,0.0,0.0,0.0,0.0
2020-01-02,4,0,310_PV_2,0.0,0.0,0.0,0.0,0.0
2020-01-02,4,0,324_PV_2,0.0,0.0,0.0,0.0,0.0
2020-01-02,4,0,324_PV_3,0.0,0.0,0.0,0.0,0.0
2020-01-02,4,0,113_PV_1,0.0,0.0,0.0,0.0,0.0
2020-01-02,4,0,319_PV_1,0.0,0.0,0.0,0.0,0.0
2020-01-02,4,0,215_PV_1,0.0,0.0,0.0,0.0,0.0
2020-01-02,4,0,102_PV_1,0.0,0.0,0.0,0.0,0.0
2020-01-02,4,0,101_PV_1,0.0,0.0,0.0,0.0,0.0
2020-01-02,4,0,102_PV_2,0.0,0.0,0.0,0.0,0.0
2020-01-02,4,0,104_PV_1,0.0,0.0,0.0,0.0,0.0
2020-01-02,4,0,101_PV_2,0.0,0.0,0.0,0.0,0.0
2020-01-02,4,0,101_PV_3,0.0,0.0,0.0,0.0,0.0
2020-01-02,4,0,101_PV_4,0.0,0.0,0.0,0.0,0.0
2020-01-02,4,0,103_PV_1,0.0,0.0,0.0,0.0,0.0
2020-01-02,4,0,119_PV_1,0.0,0.0,0.0,0.0,0.0
2020-01-02,4,0,308_RTPV_1,0.0,0.0,0.0,0.0,0.0
2020-01-02,4,0,313_RTPV_1,0.0,0.0,0.0,0.0,0.0
2020-01-02,4,0,313_RTPV_2,0.0,0.0,0.0,0.0,0.0
2020-01-02,4,0,313_RTPV_3,0.0,0.0,0.0,0.0,0.0
2020-01-02,4,0,313_RTPV_4,0.0,0.0,0.0,0.0,0.0
2020-01-02,4,0,313_RTPV_5,0.0,0.0,0.0,0.0,0.0
2020-01-02,4,0,313_RTPV_6,0.0,0.0,0.0,0.0,0.0
2020-01-02,4,0,313_RTPV_7,0.0,0.0,0.0,0.0,0.0
2020-01-02,4,0,313_RTPV_8,0.0,0.0,0.0,0.0,0.0
2020-01-02,4,0,313_RTPV_9,0.0,0.0,0.0,0.0,0.0
2020-01-02,4,0,313_RTPV_10,0.0,0.0,0.0,0.0,0.0
2020-01-02,4,0,313_RTPV_11,0.0,0.0,0.0,0.0,0.0
2020-01-02,4,0,313_RTPV_12,0.0,0.0,0.0,0.0,0.0
2020-01-02,4,0,320_RTPV_1,0.0,0.0,0.0,0.0,0.0
2020-01-02,4,0,320_RTPV_2,0.0,0.0,0.0,0.0,0.0
2020-01-02,4,0,320_RTPV_3,0.0,0.0,0.0,0.0,0.0
2020-01-02,4,0,313_RTPV_13,0.0,0.0,0.0,0.0,0.0
2020-01-02,4,0,320_RTPV_4,0.0,0.0,0.0,0.0,0.0
2020-01-02,4,0,320_RTPV_5,0.0,0.0,0.0,0.0,0.0
2020-01-02,4,0,118_RTPV_1,0.0,0.0,0.0,0.0,0.0
2020-01-02,4,0,118_RTPV_2,0.0,0.0,0.0,0.0,0.0
2020-01-02,4,0,118_RTPV_3,0.0,0.0,0.0,0.0,0.0
2020-01-02,4,0,118_RTPV_4,0.0,0.0,0.0,0.0,0.0
2020-01-02,4,0,118_RTPV_5,0.0,0.0,0.0,0.0,0.0
2020-01-02,4,0,118_RTPV_6,0.0,0.0,0.0,0.0,0.0
2020-01-02,4,0,320_RTPV_6,0.0,0.0,0.0,0.0,0.0
2020-01-02,4,0,118_RTPV_7,0.0,0.0,0.0,0.0,0.0
2020-01-02,4,0,118_RTPV_8,0.0,0.0,0.0,0.0,0.0
2020-01-02,4,0,118_RTPV_9,0.0,0.0,0.0,0.0,0.0
2020-01-02,4,0,118_RTPV_10,0.0,0.0,0.0,0.0,0.0
2020-01-02,4,0,213_RTPV_1,0.0,0.0,0.0,0.0,0.0
2020-01-02,4,0,309_WIND_1,0.0,0.0,0.0,0.0,0.0
2020-01-02,4,0,317_WIND_1,0.0,306.1725,0.0,-478.300496,0.0
2020-01-02,4,0,303_WIND_1,0.0,0.0,0.0,0.0,0.0
2020-01-02,4,0,122_WIND_1,68.2125,279.8125,0.0,1268.191408,0.0
2020-01-02,4,0,122_WIND_1_PEM,182.224666,0.0,192.362834,4555.616638,0.0
2020-01-02,4,0,303_WIND_1_PEM,0.0,0.0,26.8,0.0,0.0
2020-01-02,4,0,309_WIND_1_PEM,0.0,0.0,32.8,0.0,0.0
2020-01-02,4,0,310_PV_2_PEM,0.0,0.0,0.0,0.0,0.0
2020-01-02,4,0,317_WIND_1_PEM,0.0,0.0,274.0,0.0,0.0
2020-01-02,4,0,319_PV_1_PEM,0.0,0.0,0.0,0.0,0.0
2020-01-02,4,0,320_PV_1_PEM,0.0,0.0,0.0,0.0,0.0
2020-01-02,4,0,324_PV_1_PEM,0.0,0.0,0.0,0.0,0.0
2020-01-02,4,0,324_PV_2_PEM,0.0,0.0,0.0,0.0,0.0
2020-01-02,4,0,324_PV_3_PEM,0.0,0.0,0.0,0.0,0.0
2020-01-02,5,0,122_HYDRO_1,2.8,2.8,0.0,70.0,0.0
2020-01-02,5,0,122_HYDRO_2,2.8,2.8,0.0,70.0,0.0
2020-01-02,5,0,122_HYDRO_3,2.8,2.8,0.0,70.0,0.0
2020-01-02,5,0,122_HYDRO_4,2.8,2.8,0.0,70.0,0.0
2020-01-02,5,0,122_HYDRO_5,2.8,2.8,0.0,70.0,0.0
2020-01-02,5,0,122_HYDRO_6,2.8,2.8,0.0,70.0,0.0
2020-01-02,5,0,201_HYDRO_4,9.317,9.5,0.0,232.925,0.0
2020-01-02,5,0,215_HYDRO_1,9.317,9.5,0.0,232.925,0.0
2020-01-02,5,0,215_HYDRO_2,9.317,9.5,0.0,232.925,0.0
2020-01-02,5,0,215_HYDRO_3,9.317,9.5,0.0,232.925,0.0
2020-01-02,5,0,222_HYDRO_1,9.317,9.5,0.0,232.925,0.0
2020-01-02,5,0,222_HYDRO_2,9.317,9.5,0.0,232.925,0.0
2020-01-02,5,0,222_HYDRO_3,9.317,9.5,0.0,232.925,0.0
2020-01-02,5,0,222_HYDRO_4,9.317,9.5,0.0,232.925,0.0
2020-01-02,5,0,222_HYDRO_5,9.317,9.5,0.0,232.925,0.0
2020-01-02,5,0,222_HYDRO_6,9.317,9.5,0.0,232.925,0.0
2020-01-02,5,0,322_HYDRO_1,22.175,17.5,0.0,554.375,0.0
2020-01-02,5,0,322_HYDRO_2,22.175,17.5,0.0,554.375,0.0
2020-01-02,5,0,322_HYDRO_3,22.175,17.5,0.0,554.375,0.0
2020-01-02,5,0,322_HYDRO_4,22.175,17.5,0.0,554.375,0.0
2020-01-02,5,0,320_PV_1,0.0,0.0,0.0,0.0,0.0
2020-01-02,5,0,314_PV_1,0.0,0.0,0.0,0.0,0.0
2020-01-02,5,0,314_PV_2,0.0,0.0,0.0,0.0,0.0
2020-01-02,5,0,313_PV_1,0.0,0.0,0.0,0.0,0.0
2020-01-02,5,0,314_PV_3,0.0,0.0,0.0,0.0,0.0
2020-01-02,5,0,314_PV_4,0.0,0.0,0.0,0.0,0.0
2020-01-02,5,0,313_PV_2,0.0,0.0,0.0,0.0,0.0
2020-01-02,5,0,310_PV_1,0.0,0.0,0.0,0.0,0.0
2020-01-02,5,0,324_PV_1,0.0,0.0,0.0,0.0,0.0
2020-01-02,5,0,312_PV_1,0.0,0.0,0.0,0.0,0.0
2020-01-02,5,0,310_PV_2,0.0,0.0,0.0,0.0,0.0
2020-01-02,5,0,324_PV_2,0.0,0.0,0.0,0.0,0.0
2020-01-02,5,0,324_PV_3,0.0,0.0,0.0,0.0,0.0
2020-01-02,5,0,113_PV_1,0.0,0.0,0.0,0.0,0.0
2020-01-02,5,0,319_PV_1,0.0,0.0,0.0,0.0,0.0
2020-01-02,5,0,215_PV_1,0.0,0.0,0.0,0.0,0.0
2020-01-02,5,0,102_PV_1,0.0,0.0,0.0,0.0,0.0
2020-01-02,5,0,101_PV_1,0.0,0.0,0.0,0.0,0.0
2020-01-02,5,0,102_PV_2,0.0,0.0,0.0,0.0,0.0
2020-01-02,5,0,104_PV_1,0.0,0.0,0.0,0.0,0.0
2020-01-02,5,0,101_PV_2,0.0,0.0,0.0,0.0,0.0
2020-01-02,5,0,101_PV_3,0.0,0.0,0.0,0.0,0.0
2020-01-02,5,0,101_PV_4,0.0,0.0,0.0,0.0,0.0
2020-01-02,5,0,103_PV_1,0.0,0.0,0.0,0.0,0.0
2020-01-02,5,0,119_PV_1,0.0,0.0,0.0,0.0,0.0
2020-01-02,5,0,308_RTPV_1,0.0,0.0,0.0,0.0,0.0
2020-01-02,5,0,313_RTPV_1,0.0,0.0,0.0,0.0,0.0
2020-01-02,5,0,313_RTPV_2,0.0,0.0,0.0,0.0,0.0
2020-01-02,5,0,313_RTPV_3,0.0,0.0,0.0,0.0,0.0
2020-01-02,5,0,313_RTPV_4,0.0,0.0,0.0,0.0,0.0
2020-01-02,5,0,313_RTPV_5,0.0,0.0,0.0,0.0,0.0
2020-01-02,5,0,313_RTPV_6,0.0,0.0,0.0,0.0,0.0
2020-01-02,5,0,313_RTPV_7,0.0,0.0,0.0,0.0,0.0
2020-01-02,5,0,313_RTPV_8,0.0,0.0,0.0,0.0,0.0
2020-01-02,5,0,313_RTPV_9,0.0,0.0,0.0,0.0,0.0
2020-01-02,5,0,313_RTPV_10,0.0,0.0,0.0,0.0,0.0
2020-01-02,5,0,313_RTPV_11,0.0,0.0,0.0,0.0,0.0
2020-01-02,5,0,313_RTPV_12,0.0,0.0,0.0,0.0,0.0
2020-01-02,5,0,320_RTPV_1,0.0,0.0,0.0,0.0,0.0
2020-01-02,5,0,320_RTPV_2,0.0,0.0,0.0,0.0,0.0
2020-01-02,5,0,320_RTPV_3,0.0,0.0,0.0,0.0,0.0
2020-01-02,5,0,313_RTPV_13,0.0,0.0,0.0,0.0,0.0
2020-01-02,5,0,320_RTPV_4,0.0,0.0,0.0,0.0,0.0
2020-01-02,5,0,320_RTPV_5,0.0,0.0,0.0,0.0,0.0
2020-01-02,5,0,118_RTPV_1,0.0,0.0,0.0,0.0,0.0
2020-01-02,5,0,118_RTPV_2,0.0,0.0,0.0,0.0,0.0
2020-01-02,5,0,118_RTPV_3,0.0,0.0,0.0,0.0,0.0
2020-01-02,5,0,118_RTPV_4,0.0,0.0,0.0,0.0,0.0
2020-01-02,5,0,118_RTPV_5,0.0,0.0,0.0,0.0,0.0
2020-01-02,5,0,118_RTPV_6,0.0,0.0,0.0,0.0,0.0
2020-01-02,5,0,320_RTPV_6,0.0,0.0,0.0,0.0,0.0
2020-01-02,5,0,118_RTPV_7,0.0,0.0,0.0,0.0,0.0
2020-01-02,5,0,118_RTPV_8,0.0,0.0,0.0,0.0,0.0
2020-01-02,5,0,118_RTPV_9,0.0,0.0,0.0,0.0,0.0
2020-01-02,5,0,118_RTPV_10,0.0,0.0,0.0,0.0,0.0
2020-01-02,5,0,213_RTPV_1,0.0,0.0,0.0,0.0,0.0
2020-01-02,5,0,309_WIND_1,0.0,0.0,0.0,0.0,0.0
2020-01-02,5,0,317_WIND_1,114.5725,328.4725,0.0,2864.3125,0.0
2020-01-02,5,0,303_WIND_1,0.0,0.0,0.0,0.0,0.0
2020-01-02,5,0,122_WIND_1,293.6125,291.8125,0.0,7340.3125,0.0
2020-01-02,5,0,122_WIND_1_PEM,33.676784,168.162966,340.910716,841.91959,0.0
2020-01-02,5,0,303_WIND_1_PEM,0.0,23.3,21.1,0.0,0.0
2020-01-02,5,0,309_WIND_1_PEM,0.0,24.6,18.3,0.0,0.0
2020-01-02,5,0,310_PV_2_PEM,0.0,0.0,0.0,0.0,0.0
2020-01-02,5,0,317_WIND_1_PEM,0.0,0.0,419.5275,0.0,0.0
2020-01-02,5,0,319_PV_1_PEM,0.0,0.0,0.0,0.0,0.0
2020-01-02,5,0,320_PV_1_PEM,0.0,0.0,0.0,0.0,0.0
2020-01-02,5,0,324_PV_1_PEM,0.0,0.0,0.0,0.0,0.0
2020-01-02,5,0,324_PV_2_PEM,0.0,0.0,0.0,0.0,0.0
2020-01-02,5,0,324_PV_3_PEM,0.0,0.0,0.0,0.0,0.0
2020-01-02,6,0,122_HYDRO_1,2.842,3.3,0.0,71.05,0.0
2020-01-02,6,0,122_HYDRO_2,2.842,3.3,0.0,71.05,0.0
2020-01-02,6,0,122_HYDRO_3,2.842,3.3,0.0,71.05,0.0
2020-01-02,6,0,122_HYDRO_4,2.842,3.3,0.0,71.05,0.0
2020-01-02,6,0,122_HYDRO_5,2.842,3.3,0.0,71.05,0.0
2020-01-02,6,0,122_HYDRO_6,2.842,3.3,0.0,71.05,0.0
2020-01-02,6,0,201_HYDRO_4,10.2,17.9,0.0,255.0,0.0
2020-01-02,6,0,215_HYDRO_1,10.2,17.9,0.0,255.0,0.0
2020-01-02,6,0,215_HYDRO_2,10.2,17.9,0.0,255.0,0.0
2020-01-02,6,0,215_HYDRO_3,10.2,17.9,0.0,255.0,0.0
2020-01-02,6,0,222_HYDRO_1,10.2,17.9,0.0,255.0,0.0
2020-01-02,6,0,222_HYDRO_2,10.2,17.9,0.0,255.0,0.0
2020-01-02,6,0,222_HYDRO_3,10.2,17.9,0.0,255.0,0.0
2020-01-02,6,0,222_HYDRO_4,10.2,17.9,0.0,255.0,0.0
2020-01-02,6,0,222_HYDRO_5,10.2,17.9,0.0,255.0,0.0
2020-01-02,6,0,222_HYDRO_6,10.2,17.9,0.0,255.0,0.0
2020-01-02,6,0,322_HYDRO_1,16.967,11.1,0.0,424.175,0.0
2020-01-02,6,0,322_HYDRO_2,16.967,11.1,0.0,424.175,0.0
2020-01-02,6,0,322_HYDRO_3,16.967,11.1,0.0,424.175,0.0
2020-01-02,6,0,322_HYDRO_4,16.967,11.1,0.0,424.175,0.0
2020-01-02,6,0,320_PV_1,0.0,0.0,0.0,0.0,0.0
2020-01-02,6,0,314_PV_1,0.0,0.0,0.0,0.0,0.0
2020-01-02,6,0,314_PV_2,0.0,0.0,0.0,0.0,0.0
2020-01-02,6,0,313_PV_1,0.0,0.0,0.0,0.0,0.0
2020-01-02,6,0,314_PV_3,0.0,0.0,0.0,0.0,0.0
2020-01-02,6,0,314_PV_4,0.0,0.0,0.0,0.0,0.0
2020-01-02,6,0,313_PV_2,0.0,0.0,0.0,0.0,0.0
2020-01-02,6,0,310_PV_1,0.0,0.0,0.0,0.0,0.0
2020-01-02,6,0,324_PV_1,0.0,0.0,0.0,0.0,0.0
2020-01-02,6,0,312_PV_1,0.0,0.0,0.0,0.0,0.0
2020-01-02,6,0,310_PV_2,0.0,0.0,0.0,0.0,0.0
2020-01-02,6,0,324_PV_2,0.0,0.0,0.0,0.0,0.0
2020-01-02,6,0,324_PV_3,0.0,0.0,0.0,0.0,0.0
2020-01-02,6,0,113_PV_1,0.0,0.0,0.0,0.0,0.0
2020-01-02,6,0,319_PV_1,0.0,0.0,0.0,0.0,0.0
2020-01-02,6,0,215_PV_1,0.0,0.0,0.0,0.0,0.0
2020-01-02,6,0,102_PV_1,0.0,0.0,0.0,0.0,0.0
2020-01-02,6,0,101_PV_1,0.0,0.0,0.0,0.0,0.0
2020-01-02,6,0,102_PV_2,0.0,0.0,0.0,0.0,0.0
2020-01-02,6,0,104_PV_1,0.0,0.0,0.0,0.0,0.0
2020-01-02,6,0,101_PV_2,0.0,0.0,0.0,0.0,0.0
2020-01-02,6,0,101_PV_3,0.0,0.0,0.0,0.0,0.0
2020-01-02,6,0,101_PV_4,0.0,0.0,0.0,0.0,0.0
2020-01-02,6,0,103_PV_1,0.0,0.0,0.0,0.0,0.0
2020-01-02,6,0,119_PV_1,0.0,0.0,0.0,0.0,0.0
2020-01-02,6,0,308_RTPV_1,0.0,0.0,0.0,0.0,0.0
2020-01-02,6,0,313_RTPV_1,0.0,0.0,0.0,0.0,0.0
2020-01-02,6,0,313_RTPV_2,0.0,0.0,0.0,0.0,0.0
2020-01-02,6,0,313_RTPV_3,0.0,0.0,0.0,0.0,0.0
2020-01-02,6,0,313_RTPV_4,0.0,0.0,0.0,0.0,0.0
2020-01-02,6,0,313_RTPV_5,0.0,0.0,0.0,0.0,0.0
2020-01-02,6,0,313_RTPV_6,0.0,0.0,0.0,0.0,0.0
2020-01-02,6,0,313_RTPV_7,0.0,0.0,0.0,0.0,0.0
2020-01-02,6,0,313_RTPV_8,0.0,0.0,0.0,0.0,0.0
2020-01-02,6,0,313_RTPV_9,0.0,0.0,0.0,0.0,0.0
2020-01-02,6,0,313_RTPV_10,0.0,0.0,0.0,0.0,0.0
2020-01-02,6,0,313_RTPV_11,0.0,0.0,0.0,0.0,0.0
2020-01-02,6,0,313_RTPV_12,0.0,0.0,0.0,0.0,0.0
2020-01-02,6,0,320_RTPV_1,0.0,0.0,0.0,0.0,0.0
2020-01-02,6,0,320_RTPV_2,0.0,0.0,0.0,0.0,0.0
2020-01-02,6,0,320_RTPV_3,0.0,0.0,0.0,0.0,0.0
2020-01-02,6,0,313_RTPV_13,0.0,0.0,0.0,0.0,0.0
2020-01-02,6,0,320_RTPV_4,0.0,0.0,0.0,0.0,0.0
2020-01-02,6,0,320_RTPV_5,0.0,0.0,0.0,0.0,0.0
2020-01-02,6,0,118_RTPV_1,0.0,0.0,0.0,0.0,0.0
2020-01-02,6,0,118_RTPV_2,0.0,0.0,0.0,0.0,0.0
2020-01-02,6,0,118_RTPV_3,0.0,0.0,0.0,0.0,0.0
2020-01-02,6,0,118_RTPV_4,0.0,0.0,0.0,0.0,0.0
2020-01-02,6,0,118_RTPV_5,0.0,0.0,0.0,0.0,0.0
2020-01-02,6,0,118_RTPV_6,0.0,0.0,0.0,0.0,0.0
2020-01-02,6,0,320_RTPV_6,0.0,0.0,0.0,0.0,0.0
2020-01-02,6,0,118_RTPV_7,0.0,0.0,0.0,0.0,0.0
2020-01-02,6,0,118_RTPV_8,0.0,0.0,0.0,0.0,0.0
2020-01-02,6,0,118_RTPV_9,0.0,0.0,0.0,0.0,0.0
2020-01-02,6,0,118_RTPV_10,0.0,0.0,0.0,0.0,0.0
2020-01-02,6,0,213_RTPV_1,0.0,0.0,0.0,0.0,0.0
2020-01-02,6,0,309_WIND_1,0.0,0.0,0.0,0.0,0.0
2020-01-02,6,0,317_WIND_1,213.6725,344.7725,0.0,5341.8125,0.0
2020-01-02,6,0,303_WIND_1,0.0,0.0,0.0,0.0,0.0
2020-01-02,6,0,122_WIND_1,308.3125,312.1125,0.0,7707.8125,0.0
2020-01-02,6,0,122_WIND_1_PEM,290.736653,374.5875,83.850847,7268.416325,0.0
2020-01-02,6,0,303_WIND_1_PEM,0.0,16.1,24.1,0.0,0.0
2020-01-02,6,0,309_WIND_1_PEM,0.0,10.3,5.1,0.0,0.0
2020-01-02,6,0,310_PV_2_PEM,0.0,0.0,0.0,0.0,0.0
2020-01-02,6,0,317_WIND_1_PEM,0.0,19.861347,419.5275,0.0,0.0
2020-01-02,6,0,319_PV_1_PEM,0.0,0.0,0.0,0.0,0.0
2020-01-02,6,0,320_PV_1_PEM,0.0,0.0,0.0,0.0,0.0
2020-01-02,6,0,324_PV_1_PEM,0.0,0.0,0.0,0.0,0.0
2020-01-02,6,0,324_PV_2_PEM,0.0,0.0,0.0,0.0,0.0
2020-01-02,6,0,324_PV_3_PEM,0.0,0.0,0.0,0.0,0.0
2020-01-02,7,0,122_HYDRO_1,3.225,2.4,0.0,73.04977,0.0
2020-01-02,7,0,122_HYDRO_2,3.225,2.4,0.0,73.04977,0.0
2020-01-02,7,0,122_HYDRO_3,3.225,2.4,0.0,73.04977,0.0
2020-01-02,7,0,122_HYDRO_4,3.225,2.4,0.0,73.04977,0.0
2020-01-02,7,0,122_HYDRO_5,3.225,2.4,0.0,73.04977,0.0
2020-01-02,7,0,122_HYDRO_6,3.225,2.4,0.0,73.04977,0.0
2020-01-02,7,0,201_HYDRO_4,17.95,18.5,0.0,390.357601,0.0
2020-01-02,7,0,215_HYDRO_1,17.95,18.5,0.0,390.357601,0.0
2020-01-02,7,0,215_HYDRO_2,17.95,18.5,0.0,390.357601,0.0
2020-01-02,7,0,215_HYDRO_3,17.95,18.5,0.0,390.357601,0.0
2020-01-02,7,0,222_HYDRO_1,17.95,18.5,0.0,390.357601,0.0
2020-01-02,7,0,222_HYDRO_2,17.95,18.5,0.0,390.357601,0.0
2020-01-02,7,0,222_HYDRO_3,17.95,18.5,0.0,390.357601,0.0
2020-01-02,7,0,222_HYDRO_4,17.95,18.5,0.0,390.357601,0.0
2020-01-02,7,0,222_HYDRO_5,17.95,18.5,0.0,390.357601,0.0
2020-01-02,7,0,222_HYDRO_6,17.95,18.5,0.0,390.357601,0.0
2020-01-02,7,0,322_HYDRO_1,12.067,22.7,0.0,230.025948,0.0
2020-01-02,7,0,322_HYDRO_2,12.067,22.7,0.0,230.025948,0.0
2020-01-02,7,0,322_HYDRO_3,12.067,22.7,0.0,230.025948,0.0
2020-01-02,7,0,322_HYDRO_4,12.067,22.7,0.0,230.025948,0.0
2020-01-02,7,0,320_PV_1,0.0,0.0,0.0,0.0,0.0
2020-01-02,7,0,314_PV_1,0.0,23.2,0.0,-73.227225,0.0
2020-01-02,7,0,314_PV_2,0.0,23.2,0.0,-73.227225,0.0
2020-01-02,7,0,313_PV_1,0.0,31.2,0.0,-98.477992,0.0
2020-01-02,7,0,314_PV_3,0.0,32.0,0.0,-101.003069,0.0
2020-01-02,7,0,314_PV_4,0.0,23.1,0.0,-72.911591,0.0
2020-01-02,7,0,313_PV_2,0.0,31.2,0.0,-98.477992,0.0
2020-01-02,7,0,310_PV_1,0.0,19.2,0.0,-60.601841,0.0
2020-01-02,7,0,324_PV_1,0.0,1.923,0.0,-6.069653,0.0
2020-01-02,7,0,312_PV_1,0.0,26.2,0.0,-82.696263,0.0
2020-01-02,7,0,310_PV_2,0.0,0.0,0.0,0.0,0.0
2020-01-02,7,0,324_PV_2,0.0,0.0,0.0,0.0,0.0
2020-01-02,7,0,324_PV_3,0.0,0.0,0.0,0.0,0.0
2020-01-02,7,0,113_PV_1,0.0,50.7,0.0,-160.026738,0.0
2020-01-02,7,0,319_PV_1,0.0,18.738,0.0,-59.14361,0.0
2020-01-02,7,0,215_PV_1,0.0,63.1,0.0,-199.165427,0.0
2020-01-02,7,0,102_PV_1,5.6,15.0,0.0,92.654811,0.0
2020-01-02,7,0,101_PV_1,4.2,14.8,0.0,58.286081,0.0
2020-01-02,7,0,102_PV_2,5.2,14.7,0.0,83.601715,0.0
2020-01-02,7,0,104_PV_1,4.0,14.9,0.0,52.970446,0.0
2020-01-02,7,0,101_PV_2,4.3,14.9,0.0,60.470446,0.0
2020-01-02,7,0,101_PV_3,4.1,15.0,0.0,55.154811,0.0
2020-01-02,7,0,101_PV_4,1.0,15.0,0.0,-22.345189,0.0
2020-01-02,7,0,103_PV_1,0.0,14.8,0.0,-46.713919,0.0
2020-01-02,7,0,119_PV_1,0.0,13.3,0.0,-41.979401,0.0
2020-01-02,7,0,308_RTPV_1,0.0,12.9,0.0,-40.716862,0.0
2020-01-02,7,0,313_RTPV_1,0.0,13.1,0.0,-41.348131,0.0
2020-01-02,7,0,313_RTPV_2,0.0,9.2,0.0,-29.038382,0.0
2020-01-02,7,0,313_RTPV_3,0.0,8.0,0.0,-25.250767,0.0
2020-01-02,7,0,313_RTPV_4,0.0,8.4,0.0,-26.513306,0.0
2020-01-02,7,0,313_RTPV_5,0.0,8.8,0.0,-27.775844,0.0
2020-01-02,7,0,313_RTPV_6,0.0,8.9,0.0,-28.091479,0.0
2020-01-02,7,0,313_RTPV_7,0.0,9.4,0.0,-29.669652,0.0
2020-01-02,7,0,313_RTPV_8,0.0,8.6,0.0,-27.144575,0.0
2020-01-02,7,0,313_RTPV_9,0.0,9.4,0.0,-29.669652,0.0
2020-01-02,7,0,313_RTPV_10,0.0,9.5,0.0,-29.985286,0.0
2020-01-02,7,0,313_RTPV_11,0.0,9.9,0.0,-31.247825,0.0
2020-01-02,7,0,313_RTPV_12,0.0,4.2,0.0,-13.256653,0.0
2020-01-02,7,0,320_RTPV_1,0.0,4.2,0.0,-13.256653,0.0
2020-01-02,7,0,320_RTPV_2,0.0,4.2,0.0,-13.256653,0.0
2020-01-02,7,0,320_RTPV_3,0.0,4.4,0.0,-13.887922,0.0
2020-01-02,7,0,313_RTPV_13,0.0,4.3,0.0,-13.572287,0.0
2020-01-02,7,0,320_RTPV_4,0.0,4.0,0.0,-12.625384,0.0
2020-01-02,7,0,320_RTPV_5,0.0,4.4,0.0,-13.887922,0.0
2020-01-02,7,0,118_RTPV_1,0.0,1.6,0.0,-5.050153,0.0
2020-01-02,7,0,118_RTPV_2,0.0,1.6,0.0,-5.050153,0.0
2020-01-02,7,0,118_RTPV_3,0.0,1.6,0.0,-5.050153,0.0
2020-01-02,7,0,118_RTPV_4,0.0,1.5,0.0,-4.734519,0.0
2020-01-02,7,0,118_RTPV_5,0.0,1.5,0.0,-4.734519,0.0
2020-01-02,7,0,118_RTPV_6,0.0,1.5,0.0,-4.734519,0.0
2020-01-02,7,0,320_RTPV_6,0.0,1.5,0.0,-4.734519,0.0
2020-01-02,7,0,118_RTPV_7,0.0,1.8,0.0,-5.681423,0.0
2020-01-02,7,0,118_RTPV_8,0.0,1.8,0.0,-5.681423,0.0
2020-01-02,7,0,118_RTPV_9,0.0,1.6,0.0,-5.050153,0.0
2020-01-02,7,0,118_RTPV_10,0.0,0.8,0.0,-2.525077,0.0
2020-01-02,7,0,213_RTPV_1,0.0,2.3,0.0,-7.259596,0.0
2020-01-02,7,0,309_WIND_1,0.0,0.0,0.0,0.0,0.0
2020-01-02,7,0,317_WIND_1,163.3725,344.7725,0.0,2996.09123,0.0
2020-01-02,7,0,303_WIND_1,0.0,0.0,0.0,0.0,0.0
2020-01-02,7,0,122_WIND_1,277.1125,314.7125,0.0,5934.470988,0.0
2020-01-02,7,0,122_WIND_1_PEM,0.0,0.0,374.5875,0.0,0.0
2020-01-02,7,0,303_WIND_1_PEM,7.780012,0.0,36.919988,194.500297,0.0
2020-01-02,7,0,309_WIND_1_PEM,0.0,0.0,5.6,0.0,0.0
2020-01-02,7,0,310_PV_2_PEM,0.0,0.0,0.0,0.0,0.0
2020-01-02,7,0,317_WIND_1_PEM,419.5275,0.0,0.0,10488.1875,0.0
2020-01-02,7,0,319_PV_1_PEM,0.0,0.0,0.0,0.0,0.0
2020-01-02,7,0,320_PV_1_PEM,0.0,0.0,0.0,0.0,0.0
2020-01-02,7,0,324_PV_1_PEM,0.0,0.0,0.0,0.0,0.0
2020-01-02,7,0,324_PV_2_PEM,0.0,0.0,0.0,0.0,0.0
2020-01-02,7,0,324_PV_3_PEM,0.0,0.0,0.0,0.0,0.0
2020-01-02,8,0,122_HYDRO_1,2.475,3.3,0.0,46.026387,0.0
2020-01-02,8,0,122_HYDRO_2,2.475,3.3,0.0,46.026387,0.0
2020-01-02,8,0,122_HYDRO_3,2.475,3.3,0.0,46.026387,0.0
2020-01-02,8,0,122_HYDRO_4,2.475,3.3,0.0,46.026387,0.0
2020-01-02,8,0,122_HYDRO_5,2.475,3.3,0.0,46.026387,0.0
2020-01-02,8,0,122_HYDRO_6,2.475,3.3,0.0,46.026387,0.0
2020-01-02,8,0,201_HYDRO_4,18.517,18.7,0.0,363.989169,0.0
2020-01-02,8,0,215_HYDRO_1,18.517,18.7,0.0,363.989169,0.0
2020-01-02,8,0,215_HYDRO_2,18.517,18.7,0.0,363.989169,0.0
2020-01-02,8,0,215_HYDRO_3,18.517,18.7,0.0,363.989169,0.0
2020-01-02,8,0,222_HYDRO_1,18.517,18.7,0.0,363.989169,0.0
2020-01-02,8,0,222_HYDRO_2,18.517,18.7,0.0,363.989169,0.0
2020-01-02,8,0,222_HYDRO_3,18.517,18.7,0.0,363.989169,0.0
2020-01-02,8,0,222_HYDRO_4,18.517,18.7,0.0,363.989169,0.0
2020-01-02,8,0,222_HYDRO_5,18.517,18.7,0.0,363.989169,0.0
2020-01-02,8,0,222_HYDRO_6,18.517,18.7,0.0,363.989169,0.0
2020-01-02,8,0,322_HYDRO_1,22.983,26.1,0.0,442.302369,0.0
2020-01-02,8,0,322_HYDRO_2,22.983,26.1,0.0,442.302369,0.0
2020-01-02,8,0,322_HYDRO_3,22.983,26.1,0.0,442.302369,0.0
2020-01-02,8,0,322_HYDRO_4,22.983,26.1,0.0,442.302369,0.0
2020-01-02,8,0,320_PV_1,0.0,5.284,0.0,-17.324811,0.0
2020-01-02,8,0,314_PV_1,22.5,31.5,0.0,413.503604,0.0
2020-01-02,8,0,314_PV_2,25.0,32.2,0.0,468.628894,0.0
2020-01-02,8,0,313_PV_1,32.0,49.3,0.0,573.339729,0.0
2020-01-02,8,0,314_PV_3,35.0,50.6,0.0,637.98186,0.0
2020-01-02,8,0,314_PV_4,20.8,32.2,0.0,372.16262,0.0
2020-01-02,8,0,313_PV_2,35.7,49.5,0.0,657.666176,0.0
2020-01-02,8,0,310_PV_1,24.1,31.8,0.0,449.269042,0.0
2020-01-02,8,0,324_PV_1,3.723,10.923,0.0,49.69689,0.0
2020-01-02,8,0,312_PV_1,34.2,50.2,0.0,620.918824,0.0
2020-01-02,8,0,310_PV_2,0.0,5.484,0.0,-17.980557,0.0
2020-01-02,8,0,324_PV_2,2.444,8.944,0.0,26.80922,0.0
2020-01-02,8,0,324_PV_3,0.79,9.19,0.0,-11.986685,0.0
2020-01-02,8,0,113_PV_1,0.0,65.1,0.0,-213.445342,0.0
2020-01-02,8,0,319_PV_1,17.938,49.938,0.0,248.269627,0.0
2020-01-02,8,0,215_PV_1,0.0,78.7,0.0,-258.036074,0.0
2020-01-02,8,0,102_PV_1,17.2,18.2,0.0,335.379467,0.0
2020-01-02,8,0,101_PV_1,14.1,18.2,0.0,264.17817,0.0
2020-01-02,8,0,102_PV_2,16.7,18.0,0.0,324.551133,0.0
2020-01-02,8,0,104_PV_1,16.4,18.4,0.0,316.349193,0.0
2020-01-02,8,0,101_PV_2,16.1,18.2,0.0,310.114491,0.0
2020-01-02,8,0,101_PV_3,16.0,18.5,0.0,306.834056,0.0
2020-01-02,8,0,101_PV_4,15.5,18.6,0.0,295.022102,0.0
2020-01-02,8,0,103_PV_1,0.0,29.8,0.0,-97.706163,0.0
2020-01-02,8,0,119_PV_1,18.3,28.0,0.0,328.512887,0.0
2020-01-02,8,0,308_RTPV_1,11.6,36.0,0.0,148.39637,0.0
2020-01-02,8,0,313_RTPV_1,13.4,36.1,0.0,189.411185,0.0
2020-01-02,8,0,313_RTPV_2,9.8,22.7,0.0,150.660794,0.0
2020-01-02,8,0,313_RTPV_3,7.4,22.0,0.0,97.83232,0.0
2020-01-02,8,0,313_RTPV_4,8.3,22.5,0.0,116.8643,0.0
2020-01-02,8,0,313_RTPV_5,9.6,22.4,0.0,147.050781,0.0
2020-01-02,8,0,313_RTPV_6,8.1,22.8,0.0,111.287048,0.0
2020-01-02,8,0,313_RTPV_7,11.3,23.9,0.0,181.178558,0.0
2020-01-02,8,0,313_RTPV_8,7.1,23.1,0.0,87.335269,0.0
2020-01-02,8,0,313_RTPV_9,11.6,23.9,0.0,188.069006,0.0
2020-01-02,8,0,313_RTPV_10,10.8,23.6,0.0,170.678097,0.0
2020-01-02,8,0,313_RTPV_11,11.2,24.7,0.0,176.258758,0.0
2020-01-02,8,0,313_RTPV_12,5.4,10.5,0.0,89.601398,0.0
2020-01-02,8,0,320_RTPV_1,5.4,10.5,0.0,89.601398,0.0
2020-01-02,8,0,320_RTPV_2,5.6,10.5,0.0,94.19503,0.0
2020-01-02,8,0,320_RTPV_3,5.3,10.5,0.0,87.304582,0.0
2020-01-02,8,0,313_RTPV_13,4.7,10.3,0.0,74.179432,0.0
2020-01-02,8,0,320_RTPV_4,4.9,9.8,0.0,80.412429,0.0
2020-01-02,8,0,320_RTPV_5,4.8,10.8,0.0,74.836883,0.0
2020-01-02,8,0,118_RTPV_1,1.8,3.6,0.0,29.53926,0.0
2020-01-02,8,0,118_RTPV_2,2.1,3.6,0.0,36.429708,0.0
2020-01-02,8,0,118_RTPV_3,1.9,3.7,0.0,31.508203,0.0
2020-01-02,8,0,118_RTPV_4,2.0,3.6,0.0,34.132892,0.0
2020-01-02,8,0,118_RTPV_5,1.8,3.5,0.0,29.867133,0.0
2020-01-02,8,0,118_RTPV_6,2.1,3.6,0.0,36.429708,0.0
2020-01-02,8,0,320_RTPV_6,1.9,3.6,0.0,31.836076,0.0
2020-01-02,8,0,118_RTPV_7,2.2,4.1,0.0,37.087159,0.0
2020-01-02,8,0,118_RTPV_8,2.2,4.2,0.0,36.759286,0.0
2020-01-02,8,0,118_RTPV_9,1.8,3.8,0.0,28.883514,0.0
2020-01-02,8,0,118_RTPV_10,0.9,1.7,0.0,15.097503,0.0
2020-01-02,8,0,213_RTPV_1,2.5,5.0,0.0,41.026749,0.0
2020-01-02,8,0,309_WIND_1,0.0,0.0,0.0,0.0,0.0
2020-01-02,8,0,317_WIND_1,233.4725,345.7725,0.0,4228.739054,0.0
2020-01-02,8,0,303_WIND_1,0.0,0.0,0.0,0.0,0.0
2020-01-02,8,0,122_WIND_1,304.0125,309.2125,0.0,5968.783467,0.0
2020-01-02,8,0,122_WIND_1_PEM,0.0,0.0,374.5875,0.0,0.0
2020-01-02,8,0,303_WIND_1_PEM,0.0,0.0,53.9,0.0,0.0
2020-01-02,8,0,309_WIND_1_PEM,0.0,0.0,0.5,0.0,0.0
2020-01-02,8,0,310_PV_2_PEM,0.0,0.0,23.9,0.0,0.0
2020-01-02,8,0,317_WIND_1_PEM,0.0,0.0,419.5275,0.0,0.0
2020-01-02,8,0,319_PV_1_PEM,0.0,0.0,77.162,0.0,0.0
2020-01-02,8,0,320_PV_1_PEM,0.0,0.0,20.9,0.0,0.0
2020-01-02,8,0,324_PV_1_PEM,0.0,0.0,20.377,0.0,0.0
2020-01-02,8,0,324_PV_2_PEM,0.0,0.0,21.156,0.0,0.0
2020-01-02,8,0,324_PV_3_PEM,0.0,0.0,20.91,0.0,0.0
2020-01-02,9,0,122_HYDRO_1,3.225,2.4,0.0,16.486427,0.0
2020-01-02,9,0,122_HYDRO_2,3.225,2.4,0.0,16.486427,0.0
2020-01-02,9,0,122_HYDRO_3,3.225,2.4,0.0,16.486427,0.0
2020-01-02,9,0,122_HYDRO_4,3.225,2.4,0.0,16.486427,0.0
2020-01-02,9,0,122_HYDRO_5,3.225,2.4,0.0,16.486427,0.0
2020-01-02,9,0,122_HYDRO_6,3.225,2.4,0.0,16.486427,0.0
2020-01-02,9,0,201_HYDRO_4,18.7,18.7,0.0,0.0,0.0
2020-01-02,9,0,215_HYDRO_1,18.7,18.7,0.0,0.0,0.0
2020-01-02,9,0,215_HYDRO_2,18.7,18.7,0.0,0.0,0.0
2020-01-02,9,0,215_HYDRO_3,18.7,18.7,0.0,0.0,0.0
2020-01-02,9,0,222_HYDRO_1,18.7,18.7,0.0,0.0,0.0
2020-01-02,9,0,222_HYDRO_2,18.7,18.7,0.0,0.0,0.0
2020-01-02,9,0,222_HYDRO_3,18.7,18.7,0.0,0.0,0.0
2020-01-02,9,0,222_HYDRO_4,18.7,18.7,0.0,0.0,0.0
2020-01-02,9,0,222_HYDRO_5,18.7,18.7,0.0,0.0,0.0
2020-01-02,9,0,222_HYDRO_6,18.7,18.7,0.0,0.0,0.0
2020-01-02,9,0,322_HYDRO_1,26.125,26.4,0.0,-5.495476,0.0
2020-01-02,9,0,322_HYDRO_2,26.125,26.4,0.0,-5.495476,0.0
2020-01-02,9,0,322_HYDRO_3,26.125,26.4,0.0,-5.495476,0.0
2020-01-02,9,0,322_HYDRO_4,26.125,26.4,0.0,-5.495476,0.0
2020-01-02,9,0,320_PV_1,4.284,7.084,0.0,-55.953933,0.0
2020-01-02,9,0,314_PV_1,32.3,33.3,0.0,-19.983547,0.0
2020-01-02,9,0,314_PV_2,32.5,35.8,0.0,-65.945707,0.0
2020-01-02,9,0,313_PV_1,46.7,60.9,0.0,-283.766374,0.0
2020-01-02,9,0,314_PV_3,56.3,62.4,0.0,-121.89964,0.0
2020-01-02,9,0,314_PV_4,31.0,35.8,0.0,-95.921028,0.0
2020-01-02,9,0,313_PV_2,54.0,61.3,0.0,-145.879897,0.0
2020-01-02,9,0,310_PV_1,32.1,34.9,0.0,-55.953933,0.0
2020-01-02,9,0,324_PV_1,12.423,14.523,0.0,-41.96545,0.0
2020-01-02,9,0,312_PV_1,58.0,61.9,0.0,-77.935835,0.0
2020-01-02,9,0,310_PV_2,7.284,8.884,0.0,-31.973676,0.0
2020-01-02,9,0,324_PV_2,9.544,12.644,0.0,-61.948997,0.0
2020-01-02,9,0,324_PV_3,11.19,12.89,0.0,-33.972031,0.0
2020-01-02,9,0,113_PV_1,0.0,68.2,0.0,-1362.877937,0.0
2020-01-02,9,0,319_PV_1,53.538,58.338,0.0,-95.921028,0.0
2020-01-02,9,0,215_PV_1,0.0,84.3,0.0,-1684.613052,0.0
2020-01-02,9,0,102_PV_1,19.1,18.9,0.0,3.996709,0.0
2020-01-02,9,0,101_PV_1,17.3,18.7,0.0,-27.976966,0.0
2020-01-02,9,0,102_PV_2,19.1,18.7,0.0,7.993419,0.0
2020-01-02,9,0,104_PV_1,18.5,18.8,0.0,-5.995064,0.0
2020-01-02,9,0,101_PV_2,18.9,19.0,0.0,-1.998355,0.0
2020-01-02,9,0,101_PV_3,17.3,19.2,0.0,-37.96874,0.0
2020-01-02,9,0,101_PV_4,16.5,19.3,0.0,-55.953933,0.0
2020-01-02,9,0,103_PV_1,0.0,40.8,0.0,-815.328737,0.0
2020-01-02,9,0,119_PV_1,32.5,38.3,0.0,-115.904575,0.0
2020-01-02,9,0,308_RTPV_1,26.5,53.4,0.0,-537.557427,0.0
2020-01-02,9,0,313_RTPV_1,27.6,53.5,0.0,-517.573879,0.0
2020-01-02,9,0,313_RTPV_2,27.0,33.4,0.0,-127.894704,0.0
2020-01-02,9,0,313_RTPV_3,19.6,33.1,0.0,-269.777891,0.0
2020-01-02,9,0,313_RTPV_4,18.4,33.1,0.0,-293.758148,0.0
2020-01-02,9,0,313_RTPV_5,26.2,33.2,0.0,-139.884832,0.0
2020-01-02,9,0,313_RTPV_6,24.0,34.1,0.0,-201.833829,0.0
2020-01-02,9,0,313_RTPV_7,28.0,35.3,0.0,-145.879897,0.0
2020-01-02,9,0,313_RTPV_8,24.9,34.7,0.0,-195.838765,0.0
2020-01-02,9,0,313_RTPV_9,26.0,35.2,0.0,-183.848637,0.0
2020-01-02,9,0,313_RTPV_10,28.1,34.3,0.0,-123.897994,0.0
2020-01-02,9,0,313_RTPV_11,26.6,36.3,0.0,-193.84041,0.0
2020-01-02,9,0,313_RTPV_12,12.7,15.6,0.0,-57.952288,0.0
2020-01-02,9,0,320_RTPV_1,12.9,15.7,0.0,-55.953933,0.0
2020-01-02,9,0,320_RTPV_2,12.2,15.6,0.0,-67.944061,0.0
2020-01-02,9,0,320_RTPV_3,12.0,15.3,0.0,-65.945707,0.0
2020-01-02,9,0,313_RTPV_13,12.5,15.0,0.0,-49.958869,0.0
2020-01-02,9,0,320_RTPV_4,12.3,14.3,0.0,-39.967095,0.0
2020-01-02,9,0,320_RTPV_5,12.8,15.8,0.0,-59.950642,0.0
2020-01-02,9,0,118_RTPV_1,3.8,5.1,0.0,-25.978612,0.0
2020-01-02,9,0,118_RTPV_2,4.5,5.1,0.0,-11.990128,0.0
2020-01-02,9,0,118_RTPV_3,4.5,5.3,0.0,-15.986838,0.0
2020-01-02,9,0,118_RTPV_4,4.5,5.2,0.0,-13.988483,0.0
2020-01-02,9,0,118_RTPV_5,4.4,5.1,0.0,-13.988483,0.0
2020-01-02,9,0,118_RTPV_6,4.4,5.1,0.0,-13.988483,0.0
2020-01-02,9,0,320_RTPV_6,4.4,5.1,0.0,-13.988483,0.0
2020-01-02,9,0,118_RTPV_7,5.2,5.9,0.0,-13.988483,0.0
2020-01-02,9,0,118_RTPV_8,5.1,6.0,0.0,-17.985193,0.0
2020-01-02,9,0,118_RTPV_9,4.3,5.3,0.0,-19.983547,0.0
2020-01-02,9,0,118_RTPV_10,2.1,2.5,0.0,-7.993419,0.0
2020-01-02,9,0,213_RTPV_1,5.6,7.0,0.0,-27.976966,0.0
2020-01-02,9,0,309_WIND_1,0.0,0.0,0.0,0.0,0.0
2020-01-02,9,0,317_WIND_1,292.1725,361.9725,0.0,-1394.851613,0.0
2020-01-02,9,0,303_WIND_1,0.0,0.0,0.0,0.0,0.0
2020-01-02,9,0,122_WIND_1,327.5125,171.269782,0.0,3122.283772,0.0
2020-01-02,9,0,122_WIND_1_PEM,0.0,0.0,374.5875,0.0,0.0
2020-01-02,9,0,303_WIND_1_PEM,0.0,0.0,40.2,0.0,0.0
2020-01-02,9,0,309_WIND_1_PEM,0.0,0.0,1.6,0.0,0.0
2020-01-02,9,0,310_PV_2_PEM,0.0,0.0,26.316,0.0,0.0
2020-01-02,9,0,317_WIND_1_PEM,0.0,0.0,419.5275,0.0,0.0
2020-01-02,9,0,319_PV_1_PEM,0.0,0.0,77.162,0.0,0.0
2020-01-02,9,0,320_PV_1_PEM,0.0,0.0,26.316,0.0,0.0
2020-01-02,9,0,324_PV_1_PEM,0.0,0.0,20.377,0.0,0.0
2020-01-02,9,0,324_PV_2_PEM,0.0,0.0,21.156,0.0,0.0
2020-01-02,9,0,324_PV_3_PEM,0.0,0.0,20.91,0.0,0.0
2020-01-02,10,0,122_HYDRO_1,2.433,2.8,0.0,0.0,0.0
2020-01-02,10,0,122_HYDRO_2,2.433,2.8,0.0,0.0,0.0
2020-01-02,10,0,122_HYDRO_3,2.433,2.8,0.0,0.0,0.0
2020-01-02,10,0,122_HYDRO_4,2.433,2.8,0.0,0.0,0.0
2020-01-02,10,0,122_HYDRO_5,2.433,2.8,0.0,0.0,0.0
2020-01-02,10,0,122_HYDRO_6,2.433,2.8,0.0,0.0,0.0
2020-01-02,10,0,201_HYDRO_4,18.7,18.7,0.0,0.0,0.0
2020-01-02,10,0,215_HYDRO_1,18.7,18.7,0.0,0.0,0.0
2020-01-02,10,0,215_HYDRO_2,18.7,18.7,0.0,0.0,0.0
2020-01-02,10,0,215_HYDRO_3,18.7,18.7,0.0,0.0,0.0
2020-01-02,10,0,222_HYDRO_1,18.7,18.7,0.0,0.0,0.0
2020-01-02,10,0,222_HYDRO_2,18.7,18.7,0.0,0.0,0.0
2020-01-02,10,0,222_HYDRO_3,18.7,18.7,0.0,0.0,0.0
2020-01-02,10,0,222_HYDRO_4,18.7,18.7,0.0,0.0,0.0
2020-01-02,10,0,222_HYDRO_5,18.7,18.7,0.0,0.0,0.0
2020-01-02,10,0,222_HYDRO_6,18.7,18.7,0.0,0.0,0.0
2020-01-02,10,0,322_HYDRO_1,26.867,32.0,0.0,0.0,0.0
2020-01-02,10,0,322_HYDRO_2,26.867,32.0,0.0,0.0,0.0
2020-01-02,10,0,322_HYDRO_3,26.867,32.0,0.0,0.0,0.0
2020-01-02,10,0,322_HYDRO_4,26.867,32.0,0.0,0.0,0.0
2020-01-02,10,0,320_PV_1,1.484,9.284,0.0,0.0,0.0
2020-01-02,10,0,314_PV_1,28.9,35.6,0.0,0.0,0.0
2020-01-02,10,0,314_PV_2,33.2,35.5,0.0,0.0,0.0
2020-01-02,10,0,313_PV_1,0.0,65.3,54.2,0.0,0.0
2020-01-02,10,0,314_PV_3,58.3,67.0,0.0,0.0,0.0
2020-01-02,10,0,314_PV_4,29.4,35.6,0.0,0.0,0.0
2020-01-02,10,0,313_PV_2,64.8,66.1,0.0,0.0,0.0
2020-01-02,10,0,310_PV_1,34.1,35.3,0.0,0.0,0.0
2020-01-02,10,0,324_PV_1,13.023,14.223,0.0,0.0,0.0
2020-01-02,10,0,312_PV_1,69.0,66.4,0.0,0.0,0.0
2020-01-02,10,0,310_PV_2,9.884,9.084,0.0,0.0,0.0
2020-01-02,10,0,324_PV_2,10.044,13.044,0.0,0.0,0.0
2020-01-02,10,0,324_PV_3,0.0,13.29,11.09,0.0,0.0
2020-01-02,10,0,113_PV_1,68.6,68.7,0.0,0.0,0.0
2020-01-02,10,0,319_PV_1,60.038,57.738,0.0,0.0,0.0
2020-01-02,10,0,215_PV_1,77.9,87.7,0.0,0.0,0.0
2020-01-02,10,0,102_PV_1,19.2,18.7,0.0,0.0,0.0
2020-01-02,10,0,101_PV_1,16.6,18.5,0.0,0.0,0.0
2020-01-02,10,0,102_PV_2,19.2,18.5,0.0,0.0,0.0
2020-01-02,10,0,104_PV_1,19.6,18.7,0.0,0.0,0.0
2020-01-02,10,0,101_PV_2,19.316377,18.8,0.383623,0.0,0.0
2020-01-02,10,0,101_PV_3,17.7,19.1,0.0,0.0,0.0
2020-01-02,10,0,101_PV_4,17.0,19.1,0.0,0.0,0.0
2020-01-02,10,0,103_PV_1,43.4,46.0,0.0,0.0,0.0
2020-01-02,10,0,119_PV_1,41.0,44.0,0.0,0.0,0.0
2020-01-02,10,0,308_RTPV_1,54.2,62.4,0.0,0.0,0.0
2020-01-02,10,0,313_RTPV_1,54.9,62.5,0.0,0.0,0.0
2020-01-02,10,0,313_RTPV_2,37.0,39.4,0.0,0.0,0.0
2020-01-02,10,0,313_RTPV_3,32.6,39.4,0.0,0.0,0.0
2020-01-02,10,0,313_RTPV_4,28.0,40.7,0.0,0.0,0.0
2020-01-02,10,0,313_RTPV_5,36.0,39.4,0.0,0.0,0.0
2020-01-02,10,0,313_RTPV_6,26.7,40.7,0.0,0.0,0.0
2020-01-02,10,0,313_RTPV_7,35.6,42.1,0.0,0.0,0.0
2020-01-02,10,0,313_RTPV_8,31.9,41.6,0.0,0.0,0.0
2020-01-02,10,0,313_RTPV_9,37.6,42.1,0.0,0.0,0.0
2020-01-02,10,0,313_RTPV_10,36.1,40.5,0.0,0.0,0.0
2020-01-02,10,0,313_RTPV_11,33.6,42.7,0.0,0.0,0.0
2020-01-02,10,0,313_RTPV_12,16.9,18.6,0.0,0.0,0.0
2020-01-02,10,0,320_RTPV_1,17.3,18.6,0.0,0.0,0.0
2020-01-02,10,0,320_RTPV_2,16.6,18.6,0.0,0.0,0.0
2020-01-02,10,0,320_RTPV_3,16.0,18.2,0.0,0.0,0.0
2020-01-02,10,0,313_RTPV_13,17.2,18.0,0.0,0.0,0.0
2020-01-02,10,0,320_RTPV_4,15.7,16.8,0.0,0.0,0.0
2020-01-02,10,0,320_RTPV_5,16.8,18.9,0.0,0.0,0.0
2020-01-02,10,0,118_RTPV_1,4.8,6.0,0.0,0.0,0.0
2020-01-02,10,0,118_RTPV_2,5.8,6.0,0.0,0.0,0.0
2020-01-02,10,0,118_RTPV_3,6.0,6.3,0.0,0.0,0.0
2020-01-02,10,0,118_RTPV_4,6.2,6.0,0.0,0.0,0.0
2020-01-02,10,0,118_RTPV_5,5.9,6.0,0.0,0.0,0.0
2020-01-02,10,0,118_RTPV_6,5.8,6.1,0.0,0.0,0.0
2020-01-02,10,0,320_RTPV_6,5.1,6.1,0.0,0.0,0.0
2020-01-02,10,0,118_RTPV_7,6.2,7.0,0.0,0.0,0.0
2020-01-02,10,0,118_RTPV_8,6.2,7.1,0.0,0.0,0.0
2020-01-02,10,0,118_RTPV_9,5.5,6.3,0.0,0.0,0.0
2020-01-02,10,0,118_RTPV_10,2.5,2.9,0.0,0.0,0.0
2020-01-02,10,0,213_RTPV_1,7.2,7.9,0.0,0.0,0.0
2020-01-02,10,0,309_WIND_1,0.0,0.0,0.0,0.0,0.0
2020-01-02,10,0,317_WIND_1,318.2725,57.318898,0.0,0.0,0.0
2020-01-02,10,0,303_WIND_1,0.0,0.0,0.0,0.0,0.0
2020-01-02,10,0,122_WIND_1,323.3125,338.9125,0.0,0.0,0.0
2020-01-02,10,0,122_WIND_1_PEM,0.0,0.0,374.5875,0.0,0.0
2020-01-02,10,0,303_WIND_1_PEM,0.0,0.0,28.7,0.0,0.0
2020-01-02,10,0,309_WIND_1_PEM,0.0,0.0,0.4,0.0,0.0
2020-01-02,10,0,310_PV_2_PEM,0.0,0.0,26.316,0.0,0.0
2020-01-02,10,0,317_WIND_1_PEM,0.0,0.0,419.5275,0.0,0.0
2020-01-02,10,0,319_PV_1_PEM,0.0,0.0,77.162,0.0,0.0
2020-01-02,10,0,320_PV_1_PEM,0.0,0.0,26.316,0.0,0.0
2020-01-02,10,0,324_PV_1_PEM,0.0,0.0,20.377,0.0,0.0
2020-01-02,10,0,324_PV_2_PEM,0.0,0.0,21.156,0.0,0.0
2020-01-02,10,0,324_PV_3_PEM,0.0,0.0,20.91,0.0,0.0
2020-01-02,11,0,122_HYDRO_1,2.8,2.8,0.0,0.0,0.0
2020-01-02,11,0,122_HYDRO_2,2.8,2.8,0.0,0.0,0.0
2020-01-02,11,0,122_HYDRO_3,2.8,2.8,0.0,0.0,0.0
2020-01-02,11,0,122_HYDRO_4,2.8,2.8,0.0,0.0,0.0
2020-01-02,11,0,122_HYDRO_5,2.8,2.8,0.0,0.0,0.0
2020-01-02,11,0,122_HYDRO_6,2.8,2.8,0.0,0.0,0.0
2020-01-02,11,0,201_HYDRO_4,18.717,18.9,0.0,0.0,0.0
2020-01-02,11,0,215_HYDRO_1,18.717,18.9,0.0,0.0,0.0
2020-01-02,11,0,215_HYDRO_2,18.717,18.9,0.0,0.0,0.0
2020-01-02,11,0,215_HYDRO_3,18.717,18.9,0.0,0.0,0.0
2020-01-02,11,0,222_HYDRO_1,18.717,18.9,0.0,0.0,0.0
2020-01-02,11,0,222_HYDRO_2,18.717,18.9,0.0,0.0,0.0
2020-01-02,11,0,222_HYDRO_3,18.717,18.9,0.0,0.0,0.0
2020-01-02,11,0,222_HYDRO_4,18.717,18.9,0.0,0.0,0.0
2020-01-02,11,0,222_HYDRO_5,18.717,18.9,0.0,0.0,0.0
2020-01-02,11,0,222_HYDRO_6,18.717,18.9,0.0,0.0,0.0
2020-01-02,11,0,322_HYDRO_1,32.592,39.1,0.0,0.0,0.0
2020-01-02,11,0,322_HYDRO_2,32.592,39.1,0.0,0.0,0.0
2020-01-02,11,0,322_HYDRO_3,32.592,39.1,0.0,0.0,0.0
2020-01-02,11,0,322_HYDRO_4,32.592,39.1,0.0,0.0,0.0
2020-01-02,11,0,320_PV_1,8.084,9.284,0.0,0.0,0.0
2020-01-02,11,0,314_PV_1,36.3,35.5,0.0,0.0,0.0
2020-01-02,11,0,314_PV_2,31.7,33.7,0.0,0.0,0.0
2020-01-02,11,0,313_PV_1,0.0,66.7,65.4,0.0,0.0
2020-01-02,11,0,314_PV_3,69.8,67.4,0.0,0.0,0.0
2020-01-02,11,0,314_PV_4,0.0,33.7,35.0,0.0,0.0
2020-01-02,11,0,313_PV_2,66.3,67.1,0.0,0.0,0.0
2020-01-02,11,0,310_PV_1,33.7,34.9,0.0,0.0,0.0
2020-01-02,11,0,324_PV_1,0.0,12.523,12.923,0.0,0.0
2020-01-02,11,0,312_PV_1,73.4,67.8,0.0,0.0,0.0
2020-01-02,11,0,310_PV_2,10.084,8.684,0.0,0.0,0.0
2020-01-02,11,0,324_PV_2,11.844,13.644,0.0,0.0,0.0
2020-01-02,11,0,324_PV_3,0.0,13.89,14.99,0.0,0.0
2020-01-02,11,0,113_PV_1,70.0,68.2,0.0,0.0,0.0
2020-01-02,11,0,319_PV_1,58.038,59.538,0.0,0.0,0.0
2020-01-02,11,0,215_PV_1,86.1,87.4,0.0,0.0,0.0
2020-01-02,11,0,102_PV_1,18.0,18.6,0.0,0.0,0.0
2020-01-02,11,0,101_PV_1,18.7,18.1,0.0,0.0,0.0
2020-01-02,11,0,102_PV_2,18.1,18.4,0.0,0.0,0.0
2020-01-02,11,0,104_PV_1,19.6,18.2,0.0,0.0,0.0
2020-01-02,11,0,101_PV_2,18.540167,18.7,0.359833,0.0,0.0
2020-01-02,11,0,101_PV_3,17.1,19.0,0.0,0.0,0.0
2020-01-02,11,0,101_PV_4,16.3,19.0,0.0,0.0,0.0
2020-01-02,11,0,103_PV_1,47.7,48.2,0.0,0.0,0.0
2020-01-02,11,0,119_PV_1,47.5,46.0,0.0,0.0,0.0
2020-01-02,11,0,308_RTPV_1,62.8,67.8,0.0,0.0,0.0
2020-01-02,11,0,313_RTPV_1,65.1,67.8,0.0,0.0,0.0
2020-01-02,11,0,313_RTPV_2,40.0,41.5,0.0,0.0,0.0
2020-01-02,11,0,313_RTPV_3,41.5,41.7,0.0,0.0,0.0
2020-01-02,11,0,313_RTPV_4,42.7,43.2,0.0,0.0,0.0
2020-01-02,11,0,313_RTPV_5,40.5,41.6,0.0,0.0,0.0
2020-01-02,11,0,313_RTPV_6,41.3,43.3,0.0,0.0,0.0
2020-01-02,11,0,313_RTPV_7,39.8,44.5,0.0,0.0,0.0
2020-01-02,11,0,313_RTPV_8,39.3,44.3,0.0,0.0,0.0
2020-01-02,11,0,313_RTPV_9,44.5,44.4,0.0,0.0,0.0
2020-01-02,11,0,313_RTPV_10,39.4,42.9,0.0,0.0,0.0
2020-01-02,11,0,313_RTPV_11,41.5,45.3,0.0,0.0,0.0
2020-01-02,11,0,313_RTPV_12,18.4,19.5,0.0,0.0,0.0
2020-01-02,11,0,320_RTPV_1,19.5,19.5,0.0,0.0,0.0
2020-01-02,11,0,320_RTPV_2,18.1,19.4,0.0,0.0,0.0
2020-01-02,11,0,320_RTPV_3,18.1,19.1,0.0,0.0,0.0
2020-01-02,11,0,313_RTPV_13,19.4,19.4,0.0,0.0,0.0
2020-01-02,11,0,320_RTPV_4,18.0,17.8,0.0,0.0,0.0
2020-01-02,11,0,320_RTPV_5,18.3,20.4,0.0,0.0,0.0
2020-01-02,11,0,118_RTPV_1,5.6,6.3,0.0,0.0,0.0
2020-01-02,11,0,118_RTPV_2,6.5,6.3,0.0,0.0,0.0
2020-01-02,11,0,118_RTPV_3,7.0,6.5,0.0,0.0,0.0
2020-01-02,11,0,118_RTPV_4,6.9,6.3,0.0,0.0,0.0
2020-01-02,11,0,118_RTPV_5,6.8,6.3,0.0,0.0,0.0
2020-01-02,11,0,118_RTPV_6,6.7,6.4,0.0,0.0,0.0
2020-01-02,11,0,320_RTPV_6,6.4,6.4,0.0,0.0,0.0
2020-01-02,11,0,118_RTPV_7,7.3,7.4,0.0,0.0,0.0
2020-01-02,11,0,118_RTPV_8,7.6,7.5,0.0,0.0,0.0
2020-01-02,11,0,118_RTPV_9,6.3,6.5,0.0,0.0,0.0
2020-01-02,11,0,118_RTPV_10,2.8,3.1,0.0,0.0,0.0
2020-01-02,11,0,213_RTPV_1,7.8,8.3,0.0,0.0,0.0
2020-01-02,11,0,309_WIND_1,0.0,0.0,0.0,0.0,0.0
2020-01-02,11,0,317_WIND_1,207.3725,18.371223,0.0,0.0,0.0
2020-01-02,11,0,303_WIND_1,0.0,0.0,0.0,0.0,0.0
2020-01-02,11,0,122_WIND_1,326.6125,335.7125,0.0,0.0,0.0
2020-01-02,11,0,122_WIND_1_PEM,0.0,0.0,374.5875,0.0,0.0
2020-01-02,11,0,303_WIND_1_PEM,0.0,0.0,74.5,0.0,0.0
2020-01-02,11,0,309_WIND_1_PEM,0.0,0.0,1.5,0.0,0.0
2020-01-02,11,0,310_PV_2_PEM,0.0,0.0,26.316,0.0,0.0
2020-01-02,11,0,317_WIND_1_PEM,0.0,0.0,419.5275,0.0,0.0
2020-01-02,11,0,319_PV_1_PEM,0.0,0.0,77.162,0.0,0.0
2020-01-02,11,0,320_PV_1_PEM,0.0,0.0,26.316,0.0,0.0
2020-01-02,11,0,324_PV_1_PEM,0.0,0.0,20.377,0.0,0.0
2020-01-02,11,0,324_PV_2_PEM,0.0,0.0,21.156,0.0,0.0
2020-01-02,11,0,324_PV_3_PEM,0.0,0.0,20.91,0.0,0.0
2020-01-02,12,0,122_HYDRO_1,2.8,2.8,0.0,0.0,0.0
2020-01-02,12,0,122_HYDRO_2,2.8,2.8,0.0,0.0,0.0
2020-01-02,12,0,122_HYDRO_3,2.8,2.8,0.0,0.0,0.0
2020-01-02,12,0,122_HYDRO_4,2.8,2.8,0.0,0.0,0.0
2020-01-02,12,0,122_HYDRO_5,2.8,2.8,0.0,0.0,0.0
2020-01-02,12,0,122_HYDRO_6,2.8,2.8,0.0,0.0,0.0
2020-01-02,12,0,201_HYDRO_4,18.867,18.5,0.0,0.0,0.0
2020-01-02,12,0,215_HYDRO_1,18.867,18.5,0.0,0.0,0.0
2020-01-02,12,0,215_HYDRO_2,18.867,18.5,0.0,0.0,0.0
2020-01-02,12,0,215_HYDRO_3,18.867,18.5,0.0,0.0,0.0
2020-01-02,12,0,222_HYDRO_1,18.867,18.5,0.0,0.0,0.0
2020-01-02,12,0,222_HYDRO_2,18.867,18.5,0.0,0.0,0.0
2020-01-02,12,0,222_HYDRO_3,18.867,18.5,0.0,0.0,0.0
2020-01-02,12,0,222_HYDRO_4,18.867,18.5,0.0,0.0,0.0
2020-01-02,12,0,222_HYDRO_5,18.867,18.5,0.0,0.0,0.0
2020-01-02,12,0,222_HYDRO_6,18.867,18.5,0.0,0.0,0.0
2020-01-02,12,0,322_HYDRO_1,38.642,33.6,0.0,0.0,0.0
2020-01-02,12,0,322_HYDRO_2,38.642,33.6,0.0,0.0,0.0
2020-01-02,12,0,322_HYDRO_3,38.642,33.6,0.0,0.0,0.0
2020-01-02,12,0,322_HYDRO_4,38.642,33.6,0.0,0.0,0.0
2020-01-02,12,0,320_PV_1,10.184,8.584,0.0,0.0,0.0
2020-01-02,12,0,314_PV_1,35.4,34.9,0.0,0.0,0.0
2020-01-02,12,0,314_PV_2,30.7,33.1,0.0,0.0,0.0
2020-01-02,12,0,313_PV_1,65.1,66.4,0.0,0.0,0.0
2020-01-02,12,0,314_PV_3,68.6,64.6,0.0,0.0,0.0
2020-01-02,12,0,314_PV_4,0.0,33.1,32.7,0.0,0.0
2020-01-02,12,0,313_PV_2,66.2,67.0,0.0,0.0,0.0
2020-01-02,12,0,310_PV_1,34.4,35.0,0.0,0.0,0.0
2020-01-02,12,0,324_PV_1,0.0,11.923,12.523,0.0,0.0
2020-01-02,12,0,312_PV_1,71.4,67.8,0.0,0.0,0.0
2020-01-02,12,0,310_PV_2,7.484,8.684,0.0,0.0,0.0
2020-01-02,12,0,324_PV_2,11.944,13.044,0.0,0.0,0.0
2020-01-02,12,0,324_PV_3,0.0,13.29,15.89,0.0,0.0
2020-01-02,12,0,113_PV_1,71.5,66.8,0.0,0.0,0.0
2020-01-02,12,0,319_PV_1,61.638,0.0,0.0,0.0,0.0
2020-01-02,12,0,215_PV_1,79.8,85.5,0.0,0.0,0.0
2020-01-02,12,0,102_PV_1,18.8,18.3,0.0,0.0,0.0
2020-01-02,12,0,101_PV_1,18.3,17.6,0.0,0.0,0.0
2020-01-02,12,0,102_PV_2,19.1,18.1,0.0,0.0,0.0
2020-01-02,12,0,104_PV_1,19.7,17.8,0.0,0.0,0.0
2020-01-02,12,0,101_PV_2,17.547064,18.4,0.852936,0.0,0.0
2020-01-02,12,0,101_PV_3,17.9,18.7,0.0,0.0,0.0
2020-01-02,12,0,101_PV_4,16.1,18.6,0.0,0.0,0.0
2020-01-02,12,0,103_PV_1,46.8,46.4,0.0,0.0,0.0
2020-01-02,12,0,119_PV_1,44.2,44.1,0.0,0.0,0.0
2020-01-02,12,0,308_RTPV_1,65.2,65.0,0.0,0.0,0.0
2020-01-02,12,0,313_RTPV_1,69.9,65.0,0.0,0.0,0.0
2020-01-02,12,0,313_RTPV_2,39.2,41.7,0.0,0.0,0.0
2020-01-02,12,0,313_RTPV_3,41.5,40.7,0.0,0.0,0.0
2020-01-02,12,0,313_RTPV_4,42.3,42.2,0.0,0.0,0.0
2020-01-02,12,0,313_RTPV_5,42.4,41.6,0.0,0.0,0.0
2020-01-02,12,0,313_RTPV_6,44.0,41.8,0.0,0.0,0.0
2020-01-02,12,0,313_RTPV_7,42.9,43.3,0.0,0.0,0.0
2020-01-02,12,0,313_RTPV_8,39.7,42.8,0.0,0.0,0.0
2020-01-02,12,0,313_RTPV_9,44.0,43.3,0.0,0.0,0.0
2020-01-02,12,0,313_RTPV_10,40.6,41.9,0.0,0.0,0.0
2020-01-02,12,0,313_RTPV_11,44.1,44.2,0.0,0.0,0.0
2020-01-02,12,0,313_RTPV_12,17.1,18.9,0.0,0.0,0.0
2020-01-02,12,0,320_RTPV_1,19.2,18.9,0.0,0.0,0.0
2020-01-02,12,0,320_RTPV_2,17.4,18.9,0.0,0.0,0.0
2020-01-02,12,0,320_RTPV_3,18.2,18.5,0.0,0.0,0.0
2020-01-02,12,0,313_RTPV_13,21.0,19.1,0.0,0.0,0.0
2020-01-02,12,0,320_RTPV_4,17.9,17.3,0.0,0.0,0.0
2020-01-02,12,0,320_RTPV_5,19.5,20.0,0.0,0.0,0.0
2020-01-02,12,0,118_RTPV_1,6.3,6.1,0.0,0.0,0.0
2020-01-02,12,0,118_RTPV_2,6.6,6.0,0.0,0.0,0.0
2020-01-02,12,0,118_RTPV_3,7.1,6.4,0.0,0.0,0.0
2020-01-02,12,0,118_RTPV_4,6.8,6.1,0.0,0.0,0.0
2020-01-02,12,0,118_RTPV_5,6.7,6.2,0.0,0.0,0.0
2020-01-02,12,0,118_RTPV_6,6.9,6.1,0.0,0.0,0.0
2020-01-02,12,0,320_RTPV_6,6.6,6.3,0.0,0.0,0.0
2020-01-02,12,0,118_RTPV_7,7.0,7.3,0.0,0.0,0.0
2020-01-02,12,0,118_RTPV_8,7.5,7.4,0.0,0.0,0.0
2020-01-02,12,0,118_RTPV_9,6.2,6.7,0.0,0.0,0.0
2020-01-02,12,0,118_RTPV_10,2.7,3.1,0.0,0.0,0.0
2020-01-02,12,0,213_RTPV_1,8.2,8.3,0.0,0.0,0.0
2020-01-02,12,0,309_WIND_1,0.0,0.0,0.0,0.0,0.0
2020-01-02,12,0,317_WIND_1,102.8725,333.1725,0.0,0.0,0.0
2020-01-02,12,0,303_WIND_1,0.0,0.0,0.0,0.0,0.0
2020-01-02,12,0,122_WIND_1,325.3125,141.668706,0.0,0.0,0.0
2020-01-02,12,0,122_WIND_1_PEM,0.0,0.0,374.5875,0.0,0.0
2020-01-02,12,0,303_WIND_1_PEM,0.0,0.0,120.2,0.0,0.0
2020-01-02,12,0,309_WIND_1_PEM,0.0,0.0,1.3,0.0,0.0
2020-01-02,12,0,310_PV_2_PEM,0.0,0.0,26.316,0.0,0.0
2020-01-02,12,0,317_WIND_1_PEM,0.0,0.0,419.5275,0.0,0.0
2020-01-02,12,0,319_PV_1_PEM,0.0,0.0,77.162,0.0,0.0
2020-01-02,12,0,320_PV_1_PEM,0.0,0.0,26.316,0.0,0.0
2020-01-02,12,0,324_PV_1_PEM,0.0,0.0,20.377,0.0,0.0
2020-01-02,12,0,324_PV_2_PEM,0.0,0.0,21.156,0.0,0.0
2020-01-02,12,0,324_PV_3_PEM,0.0,0.0,20.91,0.0,0.0
2020-01-02,13,0,122_HYDRO_1,2.8,2.8,0.0,13.800992,0.0
2020-01-02,13,0,122_HYDRO_2,2.8,2.8,0.0,13.800992,0.0
2020-01-02,13,0,122_HYDRO_3,2.8,2.8,0.0,13.800992,0.0
2020-01-02,13,0,122_HYDRO_4,2.8,2.8,0.0,13.800992,0.0
2020-01-02,13,0,122_HYDRO_5,2.8,2.8,0.0,13.800992,0.0
2020-01-02,13,0,122_HYDRO_6,2.8,2.8,0.0,13.800992,0.0
2020-01-02,13,0,201_HYDRO_4,18.533,18.9,0.0,86.234702,0.0
2020-01-02,13,0,215_HYDRO_1,18.533,18.9,0.0,86.234702,0.0
2020-01-02,13,0,215_HYDRO_2,18.533,18.9,0.0,86.234702,0.0
2020-01-02,13,0,215_HYDRO_3,18.533,18.9,0.0,86.234702,0.0
2020-01-02,13,0,222_HYDRO_1,18.533,18.9,0.0,86.234702,0.0
2020-01-02,13,0,222_HYDRO_2,18.533,18.9,0.0,86.234702,0.0
2020-01-02,13,0,222_HYDRO_3,18.533,18.9,0.0,86.234702,0.0
2020-01-02,13,0,222_HYDRO_4,18.533,18.9,0.0,86.234702,0.0
2020-01-02,13,0,222_HYDRO_5,18.533,18.9,0.0,86.234702,0.0
2020-01-02,13,0,222_HYDRO_6,18.533,18.9,0.0,86.234702,0.0
2020-01-02,13,0,322_HYDRO_1,33.35,30.6,0.0,202.692928,0.0
2020-01-02,13,0,322_HYDRO_2,33.35,30.6,0.0,202.692928,0.0
2020-01-02,13,0,322_HYDRO_3,33.35,30.6,0.0,202.692928,0.0
2020-01-02,13,0,322_HYDRO_4,33.35,30.6,0.0,202.692928,0.0
2020-01-02,13,0,320_PV_1,11.384,0.0,0.0,214.713838,0.0
2020-01-02,13,0,314_PV_1,35.6,33.6,0.0,203.333941,0.0
2020-01-02,13,0,314_PV_2,31.6,32.3,0.0,146.001587,0.0
2020-01-02,13,0,313_PV_1,65.5,61.8,0.0,374.393377,0.0
2020-01-02,13,0,314_PV_3,63.2,60.2,0.0,353.304383,0.0
2020-01-02,13,0,314_PV_4,32.6,32.3,0.0,164.862606,0.0
2020-01-02,13,0,313_PV_2,65.0,62.3,0.0,357.996821,0.0
2020-01-02,13,0,310_PV_1,34.2,12.912653,0.0,465.146559,0.0
2020-01-02,13,0,324_PV_1,12.623,11.123,0.0,83.115969,0.0
2020-01-02,13,0,312_PV_1,70.7,63.3,0.0,451.572535,0.0
2020-01-02,13,0,310_PV_2,8.384,0.0,0.0,158.130781,0.0
2020-01-02,13,0,324_PV_2,11.944,11.244,0.0,68.623554,0.0
2020-01-02,13,0,324_PV_3,15.39,11.49,0.0,130.191329,0.0
2020-01-02,13,0,113_PV_1,72.7,64.4,0.0,473.969271,0.0
2020-01-02,13,0,319_PV_1,57.238,51.738,0.0,358.748361,0.0
2020-01-02,13,0,215_PV_1,73.5,81.2,0.0,254.998922,0.0
2020-01-02,13,0,102_PV_1,17.1,17.6,0.0,77.318583,0.0
2020-01-02,13,0,101_PV_1,16.9,16.9,0.0,83.298844,0.0
2020-01-02,13,0,102_PV_2,17.5,17.4,0.0,87.649409,0.0
2020-01-02,13,0,104_PV_1,19.1,17.1,0.0,122.006667,0.0
2020-01-02,13,0,101_PV_2,18.7,17.7,0.0,106.103004,0.0
2020-01-02,13,0,101_PV_3,18.3,18.0,0.0,94.378968,0.0
2020-01-02,13,0,101_PV_4,19.2,17.9,0.0,112.747094,0.0
2020-01-02,13,0,103_PV_1,41.5,40.6,0.0,217.0893,0.0
2020-01-02,13,0,119_PV_1,40.2,39.0,0.0,214.861325,0.0
2020-01-02,13,0,308_RTPV_1,65.6,58.0,0.0,429.221433,0.0
2020-01-02,13,0,313_RTPV_1,65.3,57.9,0.0,424.956337,0.0
2020-01-02,13,0,313_RTPV_2,38.6,36.6,0.0,218.120718,0.0
2020-01-02,13,0,313_RTPV_3,38.6,36.5,0.0,219.513927,0.0
2020-01-02,13,0,313_RTPV_4,38.7,37.6,0.0,206.074727,0.0
2020-01-02,13,0,313_RTPV_5,42.6,36.4,0.0,296.351212,0.0
2020-01-02,13,0,313_RTPV_6,39.9,37.7,0.0,227.31474,0.0
2020-01-02,13,0,313_RTPV_7,40.3,38.9,0.0,218.140636,0.0
2020-01-02,13,0,313_RTPV_8,42.7,38.5,0.0,268.979918,0.0
2020-01-02,13,0,313_RTPV_9,38.2,38.9,0.0,178.532496,0.0
2020-01-02,13,0,313_RTPV_10,39.5,37.4,0.0,223.94996,0.0
2020-01-02,13,0,313_RTPV_11,41.2,39.5,0.0,226.756297,0.0
2020-01-02,13,0,313_RTPV_12,16.4,16.8,0.0,75.261544,0.0
2020-01-02,13,0,320_RTPV_1,18.3,16.8,0.0,111.09748,0.0
2020-01-02,13,0,320_RTPV_2,16.2,16.8,0.0,71.48934,0.0
2020-01-02,13,0,320_RTPV_3,17.7,16.5,0.0,103.960496,0.0
2020-01-02,13,0,313_RTPV_13,20.8,16.9,0.0,156.856817,0.0
2020-01-02,13,0,320_RTPV_4,16.9,15.4,0.0,104.196984,0.0
2020-01-02,13,0,320_RTPV_5,17.7,17.7,0.0,87.241985,0.0
2020-01-02,13,0,118_RTPV_1,6.0,5.3,0.0,39.326019,0.0
2020-01-02,13,0,118_RTPV_2,5.9,5.3,0.0,37.439917,0.0
2020-01-02,13,0,118_RTPV_3,6.8,5.6,0.0,50.235206,0.0
2020-01-02,13,0,118_RTPV_4,6.2,5.4,0.0,41.705014,0.0
2020-01-02,13,0,118_RTPV_5,5.0,5.4,0.0,19.071791,0.0
2020-01-02,13,0,118_RTPV_6,6.4,5.4,0.0,45.477218,0.0
2020-01-02,13,0,320_RTPV_6,5.9,5.5,0.0,34.653499,0.0
2020-01-02,13,0,118_RTPV_7,7.0,6.6,0.0,40.075317,0.0
2020-01-02,13,0,118_RTPV_8,7.1,6.7,0.0,40.56821,0.0
2020-01-02,13,0,118_RTPV_9,6.1,6.0,0.0,31.459656,0.0
2020-01-02,13,0,118_RTPV_10,2.6,2.8,0.0,10.028788,0.0
2020-01-02,13,0,213_RTPV_1,8.3,7.2,0.0,56.235386,0.0
2020-01-02,13,0,309_WIND_1,0.0,0.0,0.0,0.0,0.0
2020-01-02,13,0,317_WIND_1,26.5725,295.7725,0.0,-3619.545581,0.0
2020-01-02,13,0,303_WIND_1,0.0,0.0,0.0,0.0,0.0
2020-01-02,13,0,122_WIND_1,323.8125,324.6125,0.0,1584.902076,0.0
2020-01-02,13,0,122_WIND_1_PEM,0.0,0.0,374.5875,0.0,0.0
2020-01-02,13,0,303_WIND_1_PEM,0.0,0.0,86.8,0.0,0.0
2020-01-02,13,0,309_WIND_1_PEM,0.0,0.0,2.0,0.0,0.0
2020-01-02,13,0,310_PV_2_PEM,0.0,0.0,26.316,0.0,0.0
2020-01-02,13,0,317_WIND_1_PEM,0.0,0.0,419.5275,0.0,0.0
2020-01-02,13,0,319_PV_1_PEM,0.0,0.0,77.162,0.0,0.0
2020-01-02,13,0,320_PV_1_PEM,0.0,0.0,26.316,0.0,0.0
2020-01-02,13,0,324_PV_1_PEM,0.0,0.0,20.377,0.0,0.0
2020-01-02,13,0,324_PV_2_PEM,0.0,0.0,21.156,0.0,0.0
2020-01-02,13,0,324_PV_3_PEM,0.0,0.0,20.91,0.0,0.0
2020-01-02,14,0,122_HYDRO_1,2.8,2.8,0.0,57.173473,0.0
2020-01-02,14,0,122_HYDRO_2,2.8,2.8,0.0,57.173473,0.0
2020-01-02,14,0,122_HYDRO_3,2.8,2.8,0.0,57.173473,0.0
2020-01-02,14,0,122_HYDRO_4,2.8,2.8,0.0,57.173473,0.0
2020-01-02,14,0,122_HYDRO_5,2.8,2.8,0.0,57.173473,0.0
2020-01-02,14,0,122_HYDRO_6,2.8,2.8,0.0,57.173473,0.0
2020-01-02,14,0,201_HYDRO_4,18.133,9.7,0.0,358.585505,0.0
2020-01-02,14,0,215_HYDRO_1,18.133,9.7,0.0,358.585505,0.0
2020-01-02,14,0,215_HYDRO_2,18.133,9.7,0.0,358.585505,0.0
2020-01-02,14,0,215_HYDRO_3,18.133,9.7,0.0,358.585505,0.0
2020-01-02,14,0,222_HYDRO_1,18.133,9.7,0.0,358.585505,0.0
2020-01-02,14,0,222_HYDRO_2,18.133,9.7,0.0,358.585505,0.0
2020-01-02,14,0,222_HYDRO_3,18.133,9.7,0.0,358.585505,0.0
2020-01-02,14,0,222_HYDRO_4,18.133,9.7,0.0,358.585505,0.0
2020-01-02,14,0,222_HYDRO_5,18.133,9.7,0.0,358.585505,0.0
2020-01-02,14,0,222_HYDRO_6,18.133,9.7,0.0,358.585505,0.0
2020-01-02,14,0,322_HYDRO_1,30.525,29.7,0.0,622.150888,0.0
2020-01-02,14,0,322_HYDRO_2,30.525,29.7,0.0,622.150888,0.0
2020-01-02,14,0,322_HYDRO_3,30.525,29.7,0.0,622.150888,0.0
2020-01-02,14,0,322_HYDRO_4,30.525,29.7,0.0,622.150888,0.0
2020-01-02,14,0,320_PV_1,11.284,3.484,0.0,219.611382,0.0
2020-01-02,14,0,314_PV_1,35.4,29.8,0.0,715.083849,0.0
2020-01-02,14,0,314_PV_2,31.8,30.4,0.0,647.389252,0.0
2020-01-02,14,0,313_PV_1,60.8,52.7,0.0,1230.268122,0.0
2020-01-02,14,0,314_PV_3,58.4,51.1,0.0,1182.369746,0.0
2020-01-02,14,0,314_PV_4,31.1,30.3,0.0,633.926477,0.0
2020-01-02,14,0,313_PV_2,64.2,53.3,0.0,1295.816951,0.0
2020-01-02,14,0,310_PV_1,31.9,31.0,0.0,650.123323,0.0
2020-01-02,14,0,324_PV_1,11.623,9.223,0.0,234.008797,0.0
2020-01-02,14,0,312_PV_1,65.7,54.5,0.0,1326.030301,0.0
2020-01-02,14,0,310_PV_2,7.484,5.084,0.0,149.494153,0.0
2020-01-02,14,0,324_PV_2,8.444,7.844,0.0,171.588267,0.0
2020-01-02,14,0,324_PV_3,13.09,8.09,0.0,260.364375,0.0
2020-01-02,14,0,113_PV_1,72.8,56.9,0.0,1464.499578,0.0
2020-01-02,14,0,319_PV_1,59.238,40.938,0.0,1184.253402,0.0
2020-01-02,14,0,215_PV_1,65.5,72.0,0.0,1346.448989,0.0
2020-01-02,14,0,102_PV_1,15.0,15.7,0.0,307.25549,0.0
2020-01-02,14,0,101_PV_1,15.8,15.7,0.0,322.48331,0.0
2020-01-02,14,0,102_PV_2,16.2,15.5,0.0,329.820355,0.0
2020-01-02,14,0,104_PV_1,18.0,15.9,0.0,364.63668,0.0
2020-01-02,14,0,101_PV_2,18.6,15.8,0.0,375.919112,0.0
2020-01-02,14,0,101_PV_3,17.4,16.0,0.0,353.354247,0.0
2020-01-02,14,0,101_PV_4,17.5,16.1,0.0,355.396157,0.0
2020-01-02,14,0,103_PV_1,39.1,30.2,0.0,786.066246,0.0
2020-01-02,14,0,119_PV_1,35.9,29.7,0.0,724.462805,0.0
2020-01-02,14,0,308_RTPV_1,58.7,44.6,0.0,1179.082082,0.0
2020-01-02,14,0,313_RTPV_1,56.0,44.5,0.0,1127.549757,0.0
2020-01-02,14,0,313_RTPV_2,31.9,28.4,0.0,646.524085,0.0
2020-01-02,14,0,313_RTPV_3,30.8,28.4,0.0,625.585832,0.0
2020-01-02,14,0,313_RTPV_4,31.0,28.3,0.0,629.254355,0.0
2020-01-02,14,0,313_RTPV_5,35.0,28.4,0.0,705.531888,0.0
2020-01-02,14,0,313_RTPV_6,33.8,28.3,0.0,682.551725,0.0
2020-01-02,14,0,313_RTPV_7,33.6,30.1,0.0,681.236551,0.0
2020-01-02,14,0,313_RTPV_8,37.7,28.6,0.0,757.202645,0.0
2020-01-02,14,0,313_RTPV_9,31.9,30.0,0.0,648.739001,0.0
2020-01-02,14,0,313_RTPV_10,35.0,28.4,0.0,705.531888,0.0
2020-01-02,14,0,313_RTPV_11,35.4,29.8,0.0,715.083849,0.0
2020-01-02,14,0,313_RTPV_12,12.5,12.8,0.0,255.654017,0.0
2020-01-02,14,0,320_RTPV_1,15.5,12.7,0.0,312.61991,0.0
2020-01-02,14,0,320_RTPV_2,13.8,12.7,0.0,280.260792,0.0
2020-01-02,14,0,320_RTPV_3,14.7,12.5,0.0,297.115225,0.0
2020-01-02,14,0,313_RTPV_13,17.3,12.9,0.0,347.15937,0.0
2020-01-02,14,0,320_RTPV_4,14.8,11.7,0.0,297.911245,0.0
2020-01-02,14,0,320_RTPV_5,15.8,13.5,0.0,319.4378,0.0
2020-01-02,14,0,118_RTPV_1,4.9,4.0,0.0,98.807688,0.0
2020-01-02,14,0,118_RTPV_2,4.8,4.0,0.0,96.904211,0.0
2020-01-02,14,0,118_RTPV_3,5.7,4.3,0.0,114.450805,0.0
2020-01-02,14,0,118_RTPV_4,5.4,4.1,0.0,108.463508,0.0
2020-01-02,14,0,118_RTPV_5,3.3,4.1,0.0,68.49048,0.0
2020-01-02,14,0,118_RTPV_6,5.1,4.0,0.0,102.614643,0.0
2020-01-02,14,0,320_RTPV_6,5.1,4.2,0.0,102.891508,0.0
2020-01-02,14,0,118_RTPV_7,5.7,5.1,0.0,115.558263,0.0
2020-01-02,14,0,118_RTPV_8,6.2,5.2,0.0,125.214083,0.0
2020-01-02,14,0,118_RTPV_9,5.1,4.6,0.0,103.445237,0.0
2020-01-02,14,0,118_RTPV_10,2.4,2.1,0.0,48.590538,0.0
2020-01-02,14,0,213_RTPV_1,6.9,5.2,0.0,138.538425,0.0
2020-01-02,14,0,309_WIND_1,0.0,0.0,0.0,0.0,0.0
2020-01-02,14,0,317_WIND_1,171.6725,310.4725,0.0,3697.541494,0.0
2020-01-02,14,0,303_WIND_1,0.0,0.0,0.0,0.0,0.0
2020-01-02,14,0,122_WIND_1,296.8125,312.3125,0.0,6082.100406,0.0
2020-01-02,14,0,122_WIND_1_PEM,0.0,0.0,374.5875,0.0,0.0
2020-01-02,14,0,303_WIND_1_PEM,0.0,0.0,66.9,0.0,0.0
2020-01-02,14,0,309_WIND_1_PEM,0.0,0.0,1.1,0.0,0.0
2020-01-02,14,0,310_PV_2_PEM,0.0,0.0,26.316,0.0,0.0
2020-01-02,14,0,317_WIND_1_PEM,0.0,0.0,419.5275,0.0,0.0
2020-01-02,14,0,319_PV_1_PEM,0.0,0.0,77.162,0.0,0.0
2020-01-02,14,0,320_PV_1_PEM,0.0,0.0,26.316,0.0,0.0
2020-01-02,14,0,324_PV_1_PEM,0.0,0.0,20.377,0.0,0.0
2020-01-02,14,0,324_PV_2_PEM,0.0,0.0,21.156,0.0,0.0
2020-01-02,14,0,324_PV_3_PEM,0.0,0.0,20.91,0.0,0.0
2020-01-02,15,0,122_HYDRO_1,2.842,3.3,0.0,72.628078,0.0
2020-01-02,15,0,122_HYDRO_2,2.842,3.3,0.0,72.628078,0.0
2020-01-02,15,0,122_HYDRO_3,2.842,3.3,0.0,72.628078,0.0
2020-01-02,15,0,122_HYDRO_4,2.842,3.3,0.0,72.628078,0.0
2020-01-02,15,0,122_HYDRO_5,2.842,3.3,0.0,72.628078,0.0
2020-01-02,15,0,122_HYDRO_6,2.842,3.3,0.0,72.628078,0.0
2020-01-02,15,0,201_HYDRO_4,9.667,9.3,0.0,238.528424,0.0
2020-01-02,15,0,215_HYDRO_1,9.667,9.3,0.0,238.528424,0.0
2020-01-02,15,0,215_HYDRO_2,9.667,9.3,0.0,238.528424,0.0
2020-01-02,15,0,215_HYDRO_3,9.667,9.3,0.0,238.528424,0.0
2020-01-02,15,0,222_HYDRO_1,9.667,9.3,0.0,238.528424,0.0
2020-01-02,15,0,222_HYDRO_2,9.667,9.3,0.0,238.528424,0.0
2020-01-02,15,0,222_HYDRO_3,9.667,9.3,0.0,238.528424,0.0
2020-01-02,15,0,222_HYDRO_4,9.667,9.3,0.0,238.528424,0.0
2020-01-02,15,0,222_HYDRO_5,9.667,9.3,0.0,238.528424,0.0
2020-01-02,15,0,222_HYDRO_6,9.667,9.3,0.0,238.528424,0.0
2020-01-02,15,0,322_HYDRO_1,29.7,29.7,0.0,737.820224,0.0
2020-01-02,15,0,322_HYDRO_2,29.7,29.7,0.0,737.820224,0.0
2020-01-02,15,0,322_HYDRO_3,29.7,29.7,0.0,737.820224,0.0
2020-01-02,15,0,322_HYDRO_4,29.7,29.7,0.0,737.820224,0.0
2020-01-02,15,0,320_PV_1,5.684,0.0,0.0,116.062151,0.0
2020-01-02,15,0,314_PV_1,31.1,21.0,0.0,727.923953,0.0
2020-01-02,15,0,314_PV_2,30.9,22.2,0.0,729.148135,0.0
2020-01-02,15,0,313_PV_1,51.1,31.1,0.0,1180.981581,0.0
2020-01-02,15,0,314_PV_3,50.2,32.4,0.0,1168.354727,0.0
2020-01-02,15,0,314_PV_4,30.1,22.2,0.0,712.812857,0.0
2020-01-02,15,0,313_PV_2,55.5,32.4,0.0,1276.575945,0.0
2020-01-02,15,0,310_PV_1,29.7,21.5,0.0,701.548884,0.0
2020-01-02,15,0,324_PV_1,10.623,0.023,0.0,217.013811,0.0
2020-01-02,15,0,312_PV_1,56.5,33.5,0.0,1301.86071,0.0
2020-01-02,15,0,310_PV_2,5.884,0.0,0.0,120.14597,0.0
2020-01-02,15,0,324_PV_2,5.344,0.244,0.0,110.198951,0.0
2020-01-02,15,0,324_PV_3,10.79,0.49,0.0,222.489497,0.0
2020-01-02,15,0,113_PV_1,65.0,32.0,0.0,1468.788038,0.0
2020-01-02,15,0,319_PV_1,53.238,0.0,0.0,1087.071918,0.0
2020-01-02,15,0,215_PV_1,68.3,41.6,0.0,1578.635068,0.0
2020-01-02,15,0,102_PV_1,15.0,10.0,0.0,350.519806,0.0
2020-01-02,15,0,101_PV_1,16.1,9.7,0.0,371.653813,0.0
2020-01-02,15,0,102_PV_2,14.0,9.9,0.0,329.658375,0.0
2020-01-02,15,0,104_PV_1,16.1,10.3,0.0,374.307814,0.0
2020-01-02,15,0,101_PV_2,17.2,10.1,0.0,395.884154,0.0
2020-01-02,15,0,101_PV_3,15.8,10.2,0.0,367.739751,0.0
2020-01-02,15,0,101_PV_4,15.5,10.3,0.0,362.056355,0.0
2020-01-02,15,0,103_PV_1,27.2,12.9,0.0,612.460466,0.0
2020-01-02,15,0,119_PV_1,25.0,14.0,0.0,572.404119,0.0
2020-01-02,15,0,308_RTPV_1,40.6,22.5,0.0,928.540382,0.0
2020-01-02,15,0,313_RTPV_1,40.2,22.5,0.0,920.372743,0.0
2020-01-02,15,0,313_RTPV_2,23.1,14.8,0.0,537.146501,0.0
2020-01-02,15,0,313_RTPV_3,22.9,14.1,0.0,529.966347,0.0
2020-01-02,15,0,313_RTPV_4,23.5,14.3,0.0,543.102473,0.0
2020-01-02,15,0,313_RTPV_5,24.2,14.5,0.0,558.280508,0.0
2020-01-02,15,0,313_RTPV_6,22.3,14.5,0.0,519.484222,0.0
2020-01-02,15,0,313_RTPV_7,24.0,15.3,0.0,557.735356,0.0
2020-01-02,15,0,313_RTPV_8,25.1,13.9,0.0,574.003695,0.0
2020-01-02,15,0,313_RTPV_9,21.7,15.3,0.0,510.771431,0.0
2020-01-02,15,0,313_RTPV_10,23.9,15.1,0.0,554.808779,0.0
2020-01-02,15,0,313_RTPV_11,23.6,15.9,0.0,552.221717,0.0
2020-01-02,15,0,313_RTPV_12,10.9,6.3,0.0,250.435169,0.0
2020-01-02,15,0,320_RTPV_1,10.4,6.3,0.0,240.22562,0.0
2020-01-02,15,0,320_RTPV_2,11.1,6.3,0.0,254.518989,0.0
2020-01-02,15,0,320_RTPV_3,10.2,5.9,0.0,234.372467,0.0
2020-01-02,15,0,313_RTPV_13,12.1,6.3,0.0,274.938086,0.0
2020-01-02,15,0,320_RTPV_4,10.9,5.6,0.0,247.338835,0.0
2020-01-02,15,0,320_RTPV_5,11.8,6.3,0.0,268.812357,0.0
2020-01-02,15,0,118_RTPV_1,3.7,1.9,0.0,83.954996,0.0
2020-01-02,15,0,118_RTPV_2,3.7,1.9,0.0,83.954996,0.0
2020-01-02,15,0,118_RTPV_3,4.0,2.0,0.0,90.523059,0.0
2020-01-02,15,0,118_RTPV_4,4.0,1.9,0.0,90.080725,0.0
2020-01-02,15,0,118_RTPV_5,2.7,2.0,0.0,63.978232,0.0
2020-01-02,15,0,118_RTPV_6,3.8,1.8,0.0,85.554572,0.0
2020-01-02,15,0,320_RTPV_6,3.4,2.0,0.0,78.2716,0.0
2020-01-02,15,0,118_RTPV_7,4.0,2.5,0.0,92.734726,0.0
2020-01-02,15,0,118_RTPV_8,4.4,2.5,0.0,100.902365,0.0
2020-01-02,15,0,118_RTPV_9,3.7,2.2,0.0,85.281996,0.0
2020-01-02,15,0,118_RTPV_10,1.9,1.0,0.0,43.21962,0.0
2020-01-02,15,0,213_RTPV_1,4.5,2.1,0.0,101.174941,0.0
2020-01-02,15,0,309_WIND_1,0.0,0.0,0.0,0.0,0.0
2020-01-02,15,0,317_WIND_1,190.2725,311.9725,0.0,5265.151373,0.0
2020-01-02,15,0,303_WIND_1,0.0,0.0,0.0,0.0,0.0
2020-01-02,15,0,122_WIND_1,322.2125,320.8125,0.0,7998.349385,0.0
2020-01-02,15,0,122_WIND_1_PEM,0.0,0.0,374.5875,0.0,0.0
2020-01-02,15,0,303_WIND_1_PEM,0.0,0.0,256.5,0.0,0.0
2020-01-02,15,0,309_WIND_1_PEM,0.0,0.0,2.5,0.0,0.0
2020-01-02,15,0,310_PV_2_PEM,0.0,0.0,26.316,0.0,0.0
2020-01-02,15,0,317_WIND_1_PEM,0.0,0.0,419.5275,0.0,0.0
2020-01-02,15,0,319_PV_1_PEM,0.0,0.0,77.162,0.0,0.0
2020-01-02,15,0,320_PV_1_PEM,0.0,0.0,26.316,0.0,0.0
2020-01-02,15,0,324_PV_1_PEM,0.0,0.0,20.377,0.0,0.0
2020-01-02,15,0,324_PV_2_PEM,0.0,0.0,21.156,0.0,0.0
2020-01-02,15,0,324_PV_3_PEM,0.0,0.0,20.91,0.0,0.0
2020-01-02,16,0,122_HYDRO_1,3.3,3.3,0.0,82.5,0.0
2020-01-02,16,0,122_HYDRO_2,3.3,3.3,0.0,82.5,0.0
2020-01-02,16,0,122_HYDRO_3,3.3,3.3,0.0,82.5,0.0
2020-01-02,16,0,122_HYDRO_4,3.3,3.3,0.0,82.5,0.0
2020-01-02,16,0,122_HYDRO_5,3.3,3.3,0.0,82.5,0.0
2020-01-02,16,0,122_HYDRO_6,3.3,3.3,0.0,82.5,0.0
2020-01-02,16,0,201_HYDRO_4,9.317,9.5,0.0,233.210881,0.0
2020-01-02,16,0,215_HYDRO_1,9.317,9.5,0.0,233.210881,0.0
2020-01-02,16,0,215_HYDRO_2,9.317,9.5,0.0,233.210881,0.0
2020-01-02,16,0,215_HYDRO_3,9.317,9.5,0.0,233.210881,0.0
2020-01-02,16,0,222_HYDRO_1,9.317,9.5,0.0,233.210881,0.0
2020-01-02,16,0,222_HYDRO_2,9.317,9.5,0.0,233.210881,0.0
2020-01-02,16,0,222_HYDRO_3,9.317,9.5,0.0,233.210881,0.0
2020-01-02,16,0,222_HYDRO_4,9.317,9.5,0.0,233.210881,0.0
2020-01-02,16,0,222_HYDRO_5,9.317,9.5,0.0,233.210881,0.0
2020-01-02,16,0,222_HYDRO_6,9.317,9.5,0.0,233.210881,0.0
2020-01-02,16,0,322_HYDRO_1,29.817,31.1,0.0,747.429293,0.0
2020-01-02,16,0,322_HYDRO_2,29.817,31.1,0.0,747.429293,0.0
2020-01-02,16,0,322_HYDRO_3,29.817,31.1,0.0,747.429293,0.0
2020-01-02,16,0,322_HYDRO_4,29.817,31.1,0.0,747.429293,0.0
2020-01-02,16,0,320_PV_1,0.0,0.0,0.0,0.0,0.0
2020-01-02,16,0,314_PV_1,20.9,0.0,0.0,489.850169,0.0
2020-01-02,16,0,314_PV_2,20.7,0.0,0.0,485.162608,0.0
2020-01-02,16,0,313_PV_1,26.4,0.0,0.0,618.758108,0.0
2020-01-02,16,0,314_PV_3,28.9,0.0,0.0,677.352626,0.0
2020-01-02,16,0,314_PV_4,19.7,0.0,0.0,461.7248,0.0
2020-01-02,16,0,313_PV_2,27.3,0.0,0.0,639.852135,0.0
2020-01-02,16,0,310_PV_1,18.0,0.0,0.0,421.880528,0.0
2020-01-02,16,0,324_PV_1,0.923,0.0,0.0,21.633096,0.0
2020-01-02,16,0,312_PV_1,29.6,0.0,0.0,693.759091,0.0
2020-01-02,16,0,310_PV_2,0.0,0.0,0.0,0.0,0.0
2020-01-02,16,0,324_PV_2,0.0,0.0,0.0,0.0,0.0
2020-01-02,16,0,324_PV_3,0.0,0.0,0.0,0.0,0.0
2020-01-02,16,0,113_PV_1,30.2,0.0,0.0,707.821775,0.0
2020-01-02,16,0,319_PV_1,0.0,0.0,0.0,0.0,0.0
2020-01-02,16,0,215_PV_1,25.8,0.0,0.0,604.695424,0.0
2020-01-02,16,0,102_PV_1,5.0,0.0,0.0,117.189036,0.0
2020-01-02,16,0,101_PV_1,6.1,0.0,0.0,142.970623,0.0
2020-01-02,16,0,102_PV_2,7.5,0.0,0.0,175.783553,0.0
2020-01-02,16,0,104_PV_1,6.4,0.0,0.0,150.001966,0.0
2020-01-02,16,0,101_PV_2,10.3,0.0,0.0,241.409413,0.0
2020-01-02,16,0,101_PV_3,7.2,0.0,0.0,168.752211,0.0
2020-01-02,16,0,101_PV_4,5.8,0.0,0.0,135.939281,0.0
2020-01-02,16,0,103_PV_1,7.1,0.0,0.0,166.408431,0.0
2020-01-02,16,0,119_PV_1,8.8,0.0,0.0,206.252703,0.0
2020-01-02,16,0,308_RTPV_1,14.6,0.0,0.0,342.191984,0.0
2020-01-02,16,0,313_RTPV_1,14.7,0.0,0.0,344.535765,0.0
2020-01-02,16,0,313_RTPV_2,7.4,0.0,0.0,173.439773,0.0
2020-01-02,16,0,313_RTPV_3,7.9,0.0,0.0,185.158676,0.0
2020-01-02,16,0,313_RTPV_4,8.0,0.0,0.0,187.502457,0.0
2020-01-02,16,0,313_RTPV_5,8.3,0.0,0.0,194.533799,0.0
2020-01-02,16,0,313_RTPV_6,8.1,0.0,0.0,189.846238,0.0
2020-01-02,16,0,313_RTPV_7,8.2,0.0,0.0,192.190018,0.0
2020-01-02,16,0,313_RTPV_8,8.0,0.0,0.0,187.502457,0.0
2020-01-02,16,0,313_RTPV_9,7.4,0.0,0.0,173.439773,0.0
2020-01-02,16,0,313_RTPV_10,8.6,0.0,0.0,201.565141,0.0
2020-01-02,16,0,313_RTPV_11,8.5,0.0,0.0,199.221361,0.0
2020-01-02,16,0,313_RTPV_12,3.5,0.0,0.0,82.032325,0.0
2020-01-02,16,0,320_RTPV_1,3.3,0.0,0.0,77.344764,0.0
2020-01-02,16,0,320_RTPV_2,4.0,0.0,0.0,93.751229,0.0
2020-01-02,16,0,320_RTPV_3,3.6,0.0,0.0,84.376106,0.0
2020-01-02,16,0,313_RTPV_13,4.0,0.0,0.0,93.751229,0.0
2020-01-02,16,0,320_RTPV_4,4.1,0.0,0.0,96.095009,0.0
2020-01-02,16,0,320_RTPV_5,4.1,0.0,0.0,96.095009,0.0
2020-01-02,16,0,118_RTPV_1,1.3,0.0,0.0,30.469149,0.0
2020-01-02,16,0,118_RTPV_2,1.3,0.0,0.0,30.469149,0.0
2020-01-02,16,0,118_RTPV_3,1.4,0.0,0.0,32.81293,0.0
2020-01-02,16,0,118_RTPV_4,1.4,0.0,0.0,32.81293,0.0
2020-01-02,16,0,118_RTPV_5,0.6,0.0,0.0,14.062684,0.0
2020-01-02,16,0,118_RTPV_6,1.3,0.0,0.0,30.469149,0.0
2020-01-02,16,0,320_RTPV_6,1.4,0.0,0.0,32.81293,0.0
2020-01-02,16,0,118_RTPV_7,1.4,0.0,0.0,32.81293,0.0
2020-01-02,16,0,118_RTPV_8,1.6,0.0,0.0,37.500491,0.0
2020-01-02,16,0,118_RTPV_9,1.3,0.0,0.0,30.469149,0.0
2020-01-02,16,0,118_RTPV_10,0.7,0.0,0.0,16.406465,0.0
2020-01-02,16,0,213_RTPV_1,0.7,0.0,0.0,16.406465,0.0
2020-01-02,16,0,309_WIND_1,0.0,0.0,0.0,0.0,0.0
2020-01-02,16,0,317_WIND_1,150.8725,328.1725,0.0,4048.789296,0.0
2020-01-02,16,0,303_WIND_1,0.0,0.0,0.0,0.0,0.0
2020-01-02,16,0,122_WIND_1,331.3125,337.7125,0.0,8292.810534,0.0
2020-01-02,16,0,122_WIND_1_PEM,0.0,198.264175,374.5875,309.726881,0.0
2020-01-02,16,0,303_WIND_1_PEM,0.0,219.6,442.1,343.057554,0.0
2020-01-02,16,0,309_WIND_1_PEM,0.0,0.6,4.6,0.937316,0.0
2020-01-02,16,0,310_PV_2_PEM,0.0,0.0,20.0,0.0,0.0
2020-01-02,16,0,317_WIND_1_PEM,0.0,0.0,419.5275,0.0,0.0
2020-01-02,16,0,319_PV_1_PEM,0.0,0.0,70.2,0.0,0.0
2020-01-02,16,0,320_PV_1_PEM,0.0,0.0,20.5,0.0,0.0
2020-01-02,16,0,324_PV_1_PEM,0.0,0.0,20.377,0.0,0.0
2020-01-02,16,0,324_PV_2_PEM,0.0,0.0,14.3,0.0,0.0
2020-01-02,16,0,324_PV_3_PEM,0.0,0.0,18.3,0.0,0.0
2020-01-02,17,0,122_HYDRO_1,3.3,3.3,0.0,237.868052,0.0
2020-01-02,17,0,122_HYDRO_2,3.3,3.3,0.0,237.868052,0.0
2020-01-02,17,0,122_HYDRO_3,3.3,3.3,0.0,237.868052,0.0
2020-01-02,17,0,122_HYDRO_4,3.3,3.3,0.0,237.868052,0.0
2020-01-02,17,0,122_HYDRO_5,3.3,3.3,0.0,237.868052,0.0
2020-01-02,17,0,122_HYDRO_6,3.3,3.3,0.0,237.868052,0.0
2020-01-02,17,0,201_HYDRO_4,9.483,9.3,0.0,660.927732,0.0
2020-01-02,17,0,215_HYDRO_1,9.483,9.3,0.0,663.318855,0.0
2020-01-02,17,0,215_HYDRO_2,9.483,9.3,0.0,663.318855,0.0
2020-01-02,17,0,215_HYDRO_3,9.483,9.3,0.0,663.318855,0.0
2020-01-02,17,0,222_HYDRO_1,9.483,9.3,0.0,663.614437,0.0
2020-01-02,17,0,222_HYDRO_2,9.483,9.3,0.0,663.614437,0.0
2020-01-02,17,0,222_HYDRO_3,9.483,9.3,0.0,663.614437,0.0
2020-01-02,17,0,222_HYDRO_4,9.483,9.3,0.0,663.614437,0.0
2020-01-02,17,0,222_HYDRO_5,9.483,9.3,0.0,663.614437,0.0
2020-01-02,17,0,222_HYDRO_6,9.483,9.3,0.0,663.614437,0.0
2020-01-02,17,0,322_HYDRO_1,31.208,32.4,0.0,2199.445516,0.0
2020-01-02,17,0,322_HYDRO_2,31.208,32.4,0.0,2199.445516,0.0
2020-01-02,17,0,322_HYDRO_3,31.208,32.4,0.0,2199.445516,0.0
2020-01-02,17,0,322_HYDRO_4,31.208,32.4,0.0,2199.445516,0.0
2020-01-02,17,0,320_PV_1,0.0,0.0,0.0,0.0,0.0
2020-01-02,17,0,314_PV_1,0.0,0.0,0.0,0.0,0.0
2020-01-02,17,0,314_PV_2,0.0,0.0,0.0,0.0,0.0
2020-01-02,17,0,313_PV_1,0.0,0.0,0.0,0.0,0.0
2020-01-02,17,0,314_PV_3,0.0,0.0,0.0,0.0,0.0
2020-01-02,17,0,314_PV_4,0.0,0.0,0.0,0.0,0.0
2020-01-02,17,0,313_PV_2,0.0,0.0,0.0,0.0,0.0
2020-01-02,17,0,310_PV_1,0.0,0.0,0.0,0.0,0.0
2020-01-02,17,0,324_PV_1,0.0,0.0,0.0,0.0,0.0
2020-01-02,17,0,312_PV_1,0.0,0.0,0.0,0.0,0.0
2020-01-02,17,0,310_PV_2,0.0,0.0,0.0,0.0,0.0
2020-01-02,17,0,324_PV_2,0.0,0.0,0.0,0.0,0.0
2020-01-02,17,0,324_PV_3,0.0,0.0,0.0,0.0,0.0
2020-01-02,17,0,113_PV_1,0.0,0.0,0.0,0.0,0.0
2020-01-02,17,0,319_PV_1,0.0,0.0,0.0,0.0,0.0
2020-01-02,17,0,215_PV_1,0.0,0.0,0.0,0.0,0.0
2020-01-02,17,0,102_PV_1,0.0,0.0,0.0,0.0,0.0
2020-01-02,17,0,101_PV_1,0.0,0.0,0.0,0.0,0.0
2020-01-02,17,0,102_PV_2,0.0,0.0,0.0,0.0,0.0
2020-01-02,17,0,104_PV_1,0.0,0.0,0.0,0.0,0.0
2020-01-02,17,0,101_PV_2,0.0,0.0,0.0,0.0,0.0
2020-01-02,17,0,101_PV_3,0.0,0.0,0.0,0.0,0.0
2020-01-02,17,0,101_PV_4,0.0,0.0,0.0,0.0,0.0
2020-01-02,17,0,103_PV_1,0.0,0.0,0.0,0.0,0.0
2020-01-02,17,0,119_PV_1,0.0,0.0,0.0,0.0,0.0
2020-01-02,17,0,308_RTPV_1,0.0,0.0,0.0,0.0,0.0
2020-01-02,17,0,313_RTPV_1,0.0,0.0,0.0,0.0,0.0
2020-01-02,17,0,313_RTPV_2,0.0,0.0,0.0,0.0,0.0
2020-01-02,17,0,313_RTPV_3,0.0,0.0,0.0,0.0,0.0
2020-01-02,17,0,313_RTPV_4,0.0,0.0,0.0,0.0,0.0
2020-01-02,17,0,313_RTPV_5,0.0,0.0,0.0,0.0,0.0
2020-01-02,17,0,313_RTPV_6,0.0,0.0,0.0,0.0,0.0
2020-01-02,17,0,313_RTPV_7,0.0,0.0,0.0,0.0,0.0
2020-01-02,17,0,313_RTPV_8,0.0,0.0,0.0,0.0,0.0
2020-01-02,17,0,313_RTPV_9,0.0,0.0,0.0,0.0,0.0
2020-01-02,17,0,313_RTPV_10,0.0,0.0,0.0,0.0,0.0
2020-01-02,17,0,313_RTPV_11,0.0,0.0,0.0,0.0,0.0
2020-01-02,17,0,313_RTPV_12,0.0,0.0,0.0,0.0,0.0
2020-01-02,17,0,320_RTPV_1,0.0,0.0,0.0,0.0,0.0
2020-01-02,17,0,320_RTPV_2,0.0,0.0,0.0,0.0,0.0
2020-01-02,17,0,320_RTPV_3,0.0,0.0,0.0,0.0,0.0
2020-01-02,17,0,313_RTPV_13,0.0,0.0,0.0,0.0,0.0
2020-01-02,17,0,320_RTPV_4,0.0,0.0,0.0,0.0,0.0
2020-01-02,17,0,320_RTPV_5,0.0,0.0,0.0,0.0,0.0
2020-01-02,17,0,118_RTPV_1,0.0,0.0,0.0,0.0,0.0
2020-01-02,17,0,118_RTPV_2,0.0,0.0,0.0,0.0,0.0
2020-01-02,17,0,118_RTPV_3,0.0,0.0,0.0,0.0,0.0
2020-01-02,17,0,118_RTPV_4,0.0,0.0,0.0,0.0,0.0
2020-01-02,17,0,118_RTPV_5,0.0,0.0,0.0,0.0,0.0
2020-01-02,17,0,118_RTPV_6,0.0,0.0,0.0,0.0,0.0
2020-01-02,17,0,320_RTPV_6,0.0,0.0,0.0,0.0,0.0
2020-01-02,17,0,118_RTPV_7,0.0,0.0,0.0,0.0,0.0
2020-01-02,17,0,118_RTPV_8,0.0,0.0,0.0,0.0,0.0
2020-01-02,17,0,118_RTPV_9,0.0,0.0,0.0,0.0,0.0
2020-01-02,17,0,118_RTPV_10,0.0,0.0,0.0,0.0,0.0
2020-01-02,17,0,213_RTPV_1,0.0,0.0,0.0,0.0,0.0
2020-01-02,17,0,309_WIND_1,0.0,0.0,0.0,0.0,0.0
2020-01-02,17,0,317_WIND_1,189.9725,335.3725,0.0,18874.144918,0.0
2020-01-02,17,0,303_WIND_1,291.125,0.0,0.0,7278.125,0.0
2020-01-02,17,0,122_WIND_1,328.8125,337.8125,0.0,24124.939764,0.0
2020-01-02,17,0,122_WIND_1_PEM,193.842024,374.5875,180.745476,22482.090013,0.0
2020-01-02,17,0,303_WIND_1_PEM,81.075678,89.0,363.599322,6323.029801,0.0
2020-01-02,17,0,309_WIND_1_PEM,0.9,1.4,0.0,90.612369,0.0
2020-01-02,17,0,310_PV_2_PEM,0.0,0.0,0.0,0.0,0.0
2020-01-02,17,0,317_WIND_1_PEM,14.859244,365.063225,404.668256,15746.793254,0.0
2020-01-02,17,0,319_PV_1_PEM,0.0,0.0,0.0,0.0,0.0
2020-01-02,17,0,320_PV_1_PEM,0.0,0.0,0.0,0.0,0.0
2020-01-02,17,0,324_PV_1_PEM,0.0,0.0,0.0,0.0,0.0
2020-01-02,17,0,324_PV_2_PEM,0.0,0.0,0.0,0.0,0.0
2020-01-02,17,0,324_PV_3_PEM,0.0,0.0,0.0,0.0,0.0
2020-01-02,18,0,122_HYDRO_1,3.342,3.8,0.0,223.210068,0.0
2020-01-02,18,0,122_HYDRO_2,3.342,3.8,0.0,223.210068,0.0
2020-01-02,18,0,122_HYDRO_3,3.342,3.8,0.0,223.210068,0.0
2020-01-02,18,0,122_HYDRO_4,3.342,3.8,0.0,223.210068,0.0
2020-01-02,18,0,122_HYDRO_5,3.342,3.8,0.0,223.210068,0.0
2020-01-02,18,0,122_HYDRO_6,3.342,3.8,0.0,223.210068,0.0
2020-01-02,18,0,201_HYDRO_4,9.3,9.3,0.0,562.080532,0.0
2020-01-02,18,0,215_HYDRO_1,9.3,9.3,0.0,564.167088,0.0
2020-01-02,18,0,215_HYDRO_2,9.3,9.3,0.0,564.167088,0.0
2020-01-02,18,0,215_HYDRO_3,9.3,9.3,0.0,564.167088,0.0
2020-01-02,18,0,222_HYDRO_1,9.3,9.3,0.0,564.425021,0.0
2020-01-02,18,0,222_HYDRO_2,9.3,9.3,0.0,564.425021,0.0
2020-01-02,18,0,222_HYDRO_3,9.3,9.3,0.0,564.425021,0.0
2020-01-02,18,0,222_HYDRO_4,9.3,9.3,0.0,564.425021,0.0
2020-01-02,18,0,222_HYDRO_5,9.3,9.3,0.0,564.425021,0.0
2020-01-02,18,0,222_HYDRO_6,9.3,9.3,0.0,564.425021,0.0
2020-01-02,18,0,322_HYDRO_1,32.358,31.9,0.0,1890.128579,0.0
2020-01-02,18,0,322_HYDRO_2,32.358,31.9,0.0,1890.128579,0.0
2020-01-02,18,0,322_HYDRO_3,32.358,31.9,0.0,1890.128579,0.0
2020-01-02,18,0,322_HYDRO_4,32.358,31.9,0.0,1890.128579,0.0
2020-01-02,18,0,320_PV_1,0.0,0.0,0.0,0.0,0.0
2020-01-02,18,0,314_PV_1,0.0,0.0,0.0,0.0,0.0
2020-01-02,18,0,314_PV_2,0.0,0.0,0.0,0.0,0.0
2020-01-02,18,0,313_PV_1,0.0,0.0,0.0,0.0,0.0
2020-01-02,18,0,314_PV_3,0.0,0.0,0.0,0.0,0.0
2020-01-02,18,0,314_PV_4,0.0,0.0,0.0,0.0,0.0
2020-01-02,18,0,313_PV_2,0.0,0.0,0.0,0.0,0.0
2020-01-02,18,0,310_PV_1,0.0,0.0,0.0,0.0,0.0
2020-01-02,18,0,324_PV_1,0.0,0.0,0.0,0.0,0.0
2020-01-02,18,0,312_PV_1,0.0,0.0,0.0,0.0,0.0
2020-01-02,18,0,310_PV_2,0.0,0.0,0.0,0.0,0.0
2020-01-02,18,0,324_PV_2,0.0,0.0,0.0,0.0,0.0
2020-01-02,18,0,324_PV_3,0.0,0.0,0.0,0.0,0.0
2020-01-02,18,0,113_PV_1,0.0,0.0,0.0,0.0,0.0
2020-01-02,18,0,319_PV_1,0.0,0.0,0.0,0.0,0.0
2020-01-02,18,0,215_PV_1,0.0,0.0,0.0,0.0,0.0
2020-01-02,18,0,102_PV_1,0.0,0.0,0.0,0.0,0.0
2020-01-02,18,0,101_PV_1,0.0,0.0,0.0,0.0,0.0
2020-01-02,18,0,102_PV_2,0.0,0.0,0.0,0.0,0.0
2020-01-02,18,0,104_PV_1,0.0,0.0,0.0,0.0,0.0
2020-01-02,18,0,101_PV_2,0.0,0.0,0.0,0.0,0.0
2020-01-02,18,0,101_PV_3,0.0,0.0,0.0,0.0,0.0
2020-01-02,18,0,101_PV_4,0.0,0.0,0.0,0.0,0.0
2020-01-02,18,0,103_PV_1,0.0,0.0,0.0,0.0,0.0
2020-01-02,18,0,119_PV_1,0.0,0.0,0.0,0.0,0.0
2020-01-02,18,0,308_RTPV_1,0.0,0.0,0.0,0.0,0.0
2020-01-02,18,0,313_RTPV_1,0.0,0.0,0.0,0.0,0.0
2020-01-02,18,0,313_RTPV_2,0.0,0.0,0.0,0.0,0.0
2020-01-02,18,0,313_RTPV_3,0.0,0.0,0.0,0.0,0.0
2020-01-02,18,0,313_RTPV_4,0.0,0.0,0.0,0.0,0.0
2020-01-02,18,0,313_RTPV_5,0.0,0.0,0.0,0.0,0.0
2020-01-02,18,0,313_RTPV_6,0.0,0.0,0.0,0.0,0.0
2020-01-02,18,0,313_RTPV_7,0.0,0.0,0.0,0.0,0.0
2020-01-02,18,0,313_RTPV_8,0.0,0.0,0.0,0.0,0.0
2020-01-02,18,0,313_RTPV_9,0.0,0.0,0.0,0.0,0.0
2020-01-02,18,0,313_RTPV_10,0.0,0.0,0.0,0.0,0.0
2020-01-02,18,0,313_RTPV_11,0.0,0.0,0.0,0.0,0.0
2020-01-02,18,0,313_RTPV_12,0.0,0.0,0.0,0.0,0.0
2020-01-02,18,0,320_RTPV_1,0.0,0.0,0.0,0.0,0.0
2020-01-02,18,0,320_RTPV_2,0.0,0.0,0.0,0.0,0.0
2020-01-02,18,0,320_RTPV_3,0.0,0.0,0.0,0.0,0.0
2020-01-02,18,0,313_RTPV_13,0.0,0.0,0.0,0.0,0.0
2020-01-02,18,0,320_RTPV_4,0.0,0.0,0.0,0.0,0.0
2020-01-02,18,0,320_RTPV_5,0.0,0.0,0.0,0.0,0.0
2020-01-02,18,0,118_RTPV_1,0.0,0.0,0.0,0.0,0.0
2020-01-02,18,0,118_RTPV_2,0.0,0.0,0.0,0.0,0.0
2020-01-02,18,0,118_RTPV_3,0.0,0.0,0.0,0.0,0.0
2020-01-02,18,0,118_RTPV_4,0.0,0.0,0.0,0.0,0.0
2020-01-02,18,0,118_RTPV_5,0.0,0.0,0.0,0.0,0.0
2020-01-02,18,0,118_RTPV_6,0.0,0.0,0.0,0.0,0.0
2020-01-02,18,0,320_RTPV_6,0.0,0.0,0.0,0.0,0.0
2020-01-02,18,0,118_RTPV_7,0.0,0.0,0.0,0.0,0.0
2020-01-02,18,0,118_RTPV_8,0.0,0.0,0.0,0.0,0.0
2020-01-02,18,0,118_RTPV_9,0.0,0.0,0.0,0.0,0.0
2020-01-02,18,0,118_RTPV_10,0.0,0.0,0.0,0.0,0.0
2020-01-02,18,0,213_RTPV_1,0.0,0.0,0.0,0.0,0.0
2020-01-02,18,0,309_WIND_1,0.0,0.0,0.0,0.0,0.0
2020-01-02,18,0,317_WIND_1,290.3725,352.4725,0.0,18686.683239,0.0
2020-01-02,18,0,303_WIND_1,337.525,0.0,0.0,8438.125,0.0
2020-01-02,18,0,122_WIND_1,325.8125,337.6125,0.0,20553.466367,0.0
2020-01-02,18,0,122_WIND_1_PEM,164.366323,374.5875,210.221177,17876.241166,0.0
2020-01-02,18,0,303_WIND_1_PEM,0.0,47.5,444.675,1795.075364,0.0
2020-01-02,18,0,309_WIND_1_PEM,1.9,24.8,0.0,992.952327,0.0
2020-01-02,18,0,310_PV_2_PEM,0.0,0.0,0.0,0.0,0.0
2020-01-02,18,0,317_WIND_1_PEM,218.900397,340.554807,200.627103,16513.501891,0.0
2020-01-02,18,0,319_PV_1_PEM,0.0,0.0,0.0,0.0,0.0
2020-01-02,18,0,320_PV_1_PEM,0.0,0.0,0.0,0.0,0.0
2020-01-02,18,0,324_PV_1_PEM,0.0,0.0,0.0,0.0,0.0
2020-01-02,18,0,324_PV_2_PEM,0.0,0.0,0.0,0.0,0.0
2020-01-02,18,0,324_PV_3_PEM,0.0,0.0,0.0,0.0,0.0
2020-01-02,19,0,122_HYDRO_1,3.8,3.8,0.0,98.058369,0.0
2020-01-02,19,0,122_HYDRO_2,3.8,3.8,0.0,98.058369,0.0
2020-01-02,19,0,122_HYDRO_3,3.8,3.8,0.0,98.058369,0.0
2020-01-02,19,0,122_HYDRO_4,3.8,3.8,0.0,98.058369,0.0
2020-01-02,19,0,122_HYDRO_5,3.8,3.8,0.0,98.058369,0.0
2020-01-02,19,0,122_HYDRO_6,3.8,3.8,0.0,98.058369,0.0
2020-01-02,19,0,201_HYDRO_4,9.3,9.3,0.0,237.714817,0.0
2020-01-02,19,0,215_HYDRO_1,9.3,9.3,0.0,238.10247,0.0
2020-01-02,19,0,215_HYDRO_2,9.3,9.3,0.0,238.10247,0.0
2020-01-02,19,0,215_HYDRO_3,9.3,9.3,0.0,238.10247,0.0
2020-01-02,19,0,222_HYDRO_1,9.3,9.3,0.0,238.15039,0.0
2020-01-02,19,0,222_HYDRO_2,9.3,9.3,0.0,238.15039,0.0
2020-01-02,19,0,222_HYDRO_3,9.3,9.3,0.0,238.15039,0.0
2020-01-02,19,0,222_HYDRO_4,9.3,9.3,0.0,238.15039,0.0
2020-01-02,19,0,222_HYDRO_5,9.3,9.3,0.0,238.15039,0.0
2020-01-02,19,0,222_HYDRO_6,9.3,9.3,0.0,238.15039,0.0
2020-01-02,19,0,322_HYDRO_1,32.133,34.7,0.0,812.815579,0.0
2020-01-02,19,0,322_HYDRO_2,32.133,34.7,0.0,812.815579,0.0
2020-01-02,19,0,322_HYDRO_3,32.133,34.7,0.0,812.815579,0.0
2020-01-02,19,0,322_HYDRO_4,32.133,34.7,0.0,812.815579,0.0
2020-01-02,19,0,320_PV_1,0.0,0.0,0.0,0.0,0.0
2020-01-02,19,0,314_PV_1,0.0,0.0,0.0,0.0,0.0
2020-01-02,19,0,314_PV_2,0.0,0.0,0.0,0.0,0.0
2020-01-02,19,0,313_PV_1,0.0,0.0,0.0,0.0,0.0
2020-01-02,19,0,314_PV_3,0.0,0.0,0.0,0.0,0.0
2020-01-02,19,0,314_PV_4,0.0,0.0,0.0,0.0,0.0
2020-01-02,19,0,313_PV_2,0.0,0.0,0.0,0.0,0.0
2020-01-02,19,0,310_PV_1,0.0,0.0,0.0,0.0,0.0
2020-01-02,19,0,324_PV_1,0.0,0.0,0.0,0.0,0.0
2020-01-02,19,0,312_PV_1,0.0,0.0,0.0,0.0,0.0
2020-01-02,19,0,310_PV_2,0.0,0.0,0.0,0.0,0.0
2020-01-02,19,0,324_PV_2,0.0,0.0,0.0,0.0,0.0
2020-01-02,19,0,324_PV_3,0.0,0.0,0.0,0.0,0.0
2020-01-02,19,0,113_PV_1,0.0,0.0,0.0,0.0,0.0
2020-01-02,19,0,319_PV_1,0.0,0.0,0.0,0.0,0.0
2020-01-02,19,0,215_PV_1,0.0,0.0,0.0,0.0,0.0
2020-01-02,19,0,102_PV_1,0.0,0.0,0.0,0.0,0.0
2020-01-02,19,0,101_PV_1,0.0,0.0,0.0,0.0,0.0
2020-01-02,19,0,102_PV_2,0.0,0.0,0.0,0.0,0.0
2020-01-02,19,0,104_PV_1,0.0,0.0,0.0,0.0,0.0
2020-01-02,19,0,101_PV_2,0.0,0.0,0.0,0.0,0.0
2020-01-02,19,0,101_PV_3,0.0,0.0,0.0,0.0,0.0
2020-01-02,19,0,101_PV_4,0.0,0.0,0.0,0.0,0.0
2020-01-02,19,0,103_PV_1,0.0,0.0,0.0,0.0,0.0
2020-01-02,19,0,119_PV_1,0.0,0.0,0.0,0.0,0.0
2020-01-02,19,0,308_RTPV_1,0.0,0.0,0.0,0.0,0.0
2020-01-02,19,0,313_RTPV_1,0.0,0.0,0.0,0.0,0.0
2020-01-02,19,0,313_RTPV_2,0.0,0.0,0.0,0.0,0.0
2020-01-02,19,0,313_RTPV_3,0.0,0.0,0.0,0.0,0.0
2020-01-02,19,0,313_RTPV_4,0.0,0.0,0.0,0.0,0.0
2020-01-02,19,0,313_RTPV_5,0.0,0.0,0.0,0.0,0.0
2020-01-02,19,0,313_RTPV_6,0.0,0.0,0.0,0.0,0.0
2020-01-02,19,0,313_RTPV_7,0.0,0.0,0.0,0.0,0.0
2020-01-02,19,0,313_RTPV_8,0.0,0.0,0.0,0.0,0.0
2020-01-02,19,0,313_RTPV_9,0.0,0.0,0.0,0.0,0.0
2020-01-02,19,0,313_RTPV_10,0.0,0.0,0.0,0.0,0.0
2020-01-02,19,0,313_RTPV_11,0.0,0.0,0.0,0.0,0.0
2020-01-02,19,0,313_RTPV_12,0.0,0.0,0.0,0.0,0.0
2020-01-02,19,0,320_RTPV_1,0.0,0.0,0.0,0.0,0.0
2020-01-02,19,0,320_RTPV_2,0.0,0.0,0.0,0.0,0.0
2020-01-02,19,0,320_RTPV_3,0.0,0.0,0.0,0.0,0.0
2020-01-02,19,0,313_RTPV_13,0.0,0.0,0.0,0.0,0.0
2020-01-02,19,0,320_RTPV_4,0.0,0.0,0.0,0.0,0.0
2020-01-02,19,0,320_RTPV_5,0.0,0.0,0.0,0.0,0.0
2020-01-02,19,0,118_RTPV_1,0.0,0.0,0.0,0.0,0.0
2020-01-02,19,0,118_RTPV_2,0.0,0.0,0.0,0.0,0.0
2020-01-02,19,0,118_RTPV_3,0.0,0.0,0.0,0.0,0.0
2020-01-02,19,0,118_RTPV_4,0.0,0.0,0.0,0.0,0.0
2020-01-02,19,0,118_RTPV_5,0.0,0.0,0.0,0.0,0.0
2020-01-02,19,0,118_RTPV_6,0.0,0.0,0.0,0.0,0.0
2020-01-02,19,0,320_RTPV_6,0.0,0.0,0.0,0.0,0.0
2020-01-02,19,0,118_RTPV_7,0.0,0.0,0.0,0.0,0.0
2020-01-02,19,0,118_RTPV_8,0.0,0.0,0.0,0.0,0.0
2020-01-02,19,0,118_RTPV_9,0.0,0.0,0.0,0.0,0.0
2020-01-02,19,0,118_RTPV_10,0.0,0.0,0.0,0.0,0.0
2020-01-02,19,0,213_RTPV_1,0.0,0.0,0.0,0.0,0.0
2020-01-02,19,0,309_WIND_1,0.0,0.0,0.0,0.0,0.0
2020-01-02,19,0,317_WIND_1,289.7725,360.3725,0.0,7244.3125,0.0
2020-01-02,19,0,303_WIND_1,250.125,0.0,0.0,6253.125,0.0
2020-01-02,19,0,122_WIND_1,323.8125,336.6125,0.0,8366.22971,0.0
2020-01-02,19,0,122_WIND_1_PEM,88.564104,363.859495,286.023396,2506.949122,0.0
2020-01-02,19,0,303_WIND_1_PEM,0.0,0.0,444.675,0.0,0.0
2020-01-02,19,0,309_WIND_1_PEM,20.1,25.3,0.0,529.303846,0.0
2020-01-02,19,0,310_PV_2_PEM,0.0,0.0,0.0,0.0,0.0
2020-01-02,19,0,317_WIND_1_PEM,174.705189,238.880467,244.822311,4367.629716,0.0
2020-01-02,19,0,319_PV_1_PEM,0.0,0.0,0.0,0.0,0.0
2020-01-02,19,0,320_PV_1_PEM,0.0,0.0,0.0,0.0,0.0
2020-01-02,19,0,324_PV_1_PEM,0.0,0.0,0.0,0.0,0.0
2020-01-02,19,0,324_PV_2_PEM,0.0,0.0,0.0,0.0,0.0
2020-01-02,19,0,324_PV_3_PEM,0.0,0.0,0.0,0.0,0.0
2020-01-02,20,0,122_HYDRO_1,3.833,4.2,0.0,95.825,0.0
2020-01-02,20,0,122_HYDRO_2,3.833,4.2,0.0,95.825,0.0
2020-01-02,20,0,122_HYDRO_3,3.833,4.2,0.0,95.825,0.0
2020-01-02,20,0,122_HYDRO_4,3.833,4.2,0.0,95.825,0.0
2020-01-02,20,0,122_HYDRO_5,3.833,4.2,0.0,95.825,0.0
2020-01-02,20,0,122_HYDRO_6,3.833,4.2,0.0,95.825,0.0
2020-01-02,20,0,201_HYDRO_4,9.3,9.3,0.0,232.5,0.0
2020-01-02,20,0,215_HYDRO_1,9.3,9.3,0.0,232.5,0.0
2020-01-02,20,0,215_HYDRO_2,9.3,9.3,0.0,232.5,0.0
2020-01-02,20,0,215_HYDRO_3,9.3,9.3,0.0,232.5,0.0
2020-01-02,20,0,222_HYDRO_1,9.3,9.3,0.0,232.5,0.0
2020-01-02,20,0,222_HYDRO_2,9.3,9.3,0.0,232.5,0.0
2020-01-02,20,0,222_HYDRO_3,9.3,9.3,0.0,232.5,0.0
2020-01-02,20,0,222_HYDRO_4,9.3,9.3,0.0,232.5,0.0
2020-01-02,20,0,222_HYDRO_5,9.3,9.3,0.0,232.5,0.0
2020-01-02,20,0,222_HYDRO_6,9.3,9.3,0.0,232.5,0.0
2020-01-02,20,0,322_HYDRO_1,34.542,32.8,0.0,863.55,0.0
2020-01-02,20,0,322_HYDRO_2,34.542,32.8,0.0,863.55,0.0
2020-01-02,20,0,322_HYDRO_3,34.542,32.8,0.0,863.55,0.0
2020-01-02,20,0,322_HYDRO_4,34.542,32.8,0.0,863.55,0.0
2020-01-02,20,0,320_PV_1,0.0,0.0,0.0,0.0,0.0
2020-01-02,20,0,314_PV_1,0.0,0.0,0.0,0.0,0.0
2020-01-02,20,0,314_PV_2,0.0,0.0,0.0,0.0,0.0
2020-01-02,20,0,313_PV_1,0.0,0.0,0.0,0.0,0.0
2020-01-02,20,0,314_PV_3,0.0,0.0,0.0,0.0,0.0
2020-01-02,20,0,314_PV_4,0.0,0.0,0.0,0.0,0.0
2020-01-02,20,0,313_PV_2,0.0,0.0,0.0,0.0,0.0
2020-01-02,20,0,310_PV_1,0.0,0.0,0.0,0.0,0.0
2020-01-02,20,0,324_PV_1,0.0,0.0,0.0,0.0,0.0
2020-01-02,20,0,312_PV_1,0.0,0.0,0.0,0.0,0.0
2020-01-02,20,0,310_PV_2,0.0,0.0,0.0,0.0,0.0
2020-01-02,20,0,324_PV_2,0.0,0.0,0.0,0.0,0.0
2020-01-02,20,0,324_PV_3,0.0,0.0,0.0,0.0,0.0
2020-01-02,20,0,113_PV_1,0.0,0.0,0.0,0.0,0.0
2020-01-02,20,0,319_PV_1,0.0,0.0,0.0,0.0,0.0
2020-01-02,20,0,215_PV_1,0.0,0.0,0.0,0.0,0.0
2020-01-02,20,0,102_PV_1,0.0,0.0,0.0,0.0,0.0
2020-01-02,20,0,101_PV_1,0.0,0.0,0.0,0.0,0.0
2020-01-02,20,0,102_PV_2,0.0,0.0,0.0,0.0,0.0
2020-01-02,20,0,104_PV_1,0.0,0.0,0.0,0.0,0.0
2020-01-02,20,0,101_PV_2,0.0,0.0,0.0,0.0,0.0
2020-01-02,20,0,101_PV_3,0.0,0.0,0.0,0.0,0.0
2020-01-02,20,0,101_PV_4,0.0,0.0,0.0,0.0,0.0
2020-01-02,20,0,103_PV_1,0.0,0.0,0.0,0.0,0.0
2020-01-02,20,0,119_PV_1,0.0,0.0,0.0,0.0,0.0
2020-01-02,20,0,308_RTPV_1,0.0,0.0,0.0,0.0,0.0
2020-01-02,20,0,313_RTPV_1,0.0,0.0,0.0,0.0,0.0
2020-01-02,20,0,313_RTPV_2,0.0,0.0,0.0,0.0,0.0
2020-01-02,20,0,313_RTPV_3,0.0,0.0,0.0,0.0,0.0
2020-01-02,20,0,313_RTPV_4,0.0,0.0,0.0,0.0,0.0
2020-01-02,20,0,313_RTPV_5,0.0,0.0,0.0,0.0,0.0
2020-01-02,20,0,313_RTPV_6,0.0,0.0,0.0,0.0,0.0
2020-01-02,20,0,313_RTPV_7,0.0,0.0,0.0,0.0,0.0
2020-01-02,20,0,313_RTPV_8,0.0,0.0,0.0,0.0,0.0
2020-01-02,20,0,313_RTPV_9,0.0,0.0,0.0,0.0,0.0
2020-01-02,20,0,313_RTPV_10,0.0,0.0,0.0,0.0,0.0
2020-01-02,20,0,313_RTPV_11,0.0,0.0,0.0,0.0,0.0
2020-01-02,20,0,313_RTPV_12,0.0,0.0,0.0,0.0,0.0
2020-01-02,20,0,320_RTPV_1,0.0,0.0,0.0,0.0,0.0
2020-01-02,20,0,320_RTPV_2,0.0,0.0,0.0,0.0,0.0
2020-01-02,20,0,320_RTPV_3,0.0,0.0,0.0,0.0,0.0
2020-01-02,20,0,313_RTPV_13,0.0,0.0,0.0,0.0,0.0
2020-01-02,20,0,320_RTPV_4,0.0,0.0,0.0,0.0,0.0
2020-01-02,20,0,320_RTPV_5,0.0,0.0,0.0,0.0,0.0
2020-01-02,20,0,118_RTPV_1,0.0,0.0,0.0,0.0,0.0
2020-01-02,20,0,118_RTPV_2,0.0,0.0,0.0,0.0,0.0
2020-01-02,20,0,118_RTPV_3,0.0,0.0,0.0,0.0,0.0
2020-01-02,20,0,118_RTPV_4,0.0,0.0,0.0,0.0,0.0
2020-01-02,20,0,118_RTPV_5,0.0,0.0,0.0,0.0,0.0
2020-01-02,20,0,118_RTPV_6,0.0,0.0,0.0,0.0,0.0
2020-01-02,20,0,320_RTPV_6,0.0,0.0,0.0,0.0,0.0
2020-01-02,20,0,118_RTPV_7,0.0,0.0,0.0,0.0,0.0
2020-01-02,20,0,118_RTPV_8,0.0,0.0,0.0,0.0,0.0
2020-01-02,20,0,118_RTPV_9,0.0,0.0,0.0,0.0,0.0
2020-01-02,20,0,118_RTPV_10,0.0,0.0,0.0,0.0,0.0
2020-01-02,20,0,213_RTPV_1,0.0,0.0,0.0,0.0,0.0
2020-01-02,20,0,309_WIND_1,0.0,0.0,0.0,0.0,0.0
2020-01-02,20,0,317_WIND_1,283.3725,328.2725,0.0,7084.3125,0.0
2020-01-02,20,0,303_WIND_1,117.125,0.0,0.0,2928.125,0.0
2020-01-02,20,0,122_WIND_1,324.2125,337.3125,0.0,8105.3125,0.0
2020-01-02,20,0,122_WIND_1_PEM,50.537758,326.01983,324.049742,1263.44395,0.0
2020-01-02,20,0,303_WIND_1_PEM,0.0,2.9,444.675,0.0,0.0
2020-01-02,20,0,309_WIND_1_PEM,18.2,13.2,0.0,455.0,0.0
2020-01-02,20,0,310_PV_2_PEM,0.0,0.0,0.0,0.0,0.0
2020-01-02,20,0,317_WIND_1_PEM,221.430073,194.065152,198.097427,5535.751833,0.0
2020-01-02,20,0,319_PV_1_PEM,0.0,0.0,0.0,0.0,0.0
2020-01-02,20,0,320_PV_1_PEM,0.0,0.0,0.0,0.0,0.0
2020-01-02,20,0,324_PV_1_PEM,0.0,0.0,0.0,0.0,0.0
2020-01-02,20,0,324_PV_2_PEM,0.0,0.0,0.0,0.0,0.0
2020-01-02,20,0,324_PV_3_PEM,0.0,0.0,0.0,0.0,0.0
2020-01-02,21,0,122_HYDRO_1,4.242,4.7,0.0,106.05,0.0
2020-01-02,21,0,122_HYDRO_2,4.242,4.7,0.0,106.05,0.0
2020-01-02,21,0,122_HYDRO_3,4.242,4.7,0.0,106.05,0.0
2020-01-02,21,0,122_HYDRO_4,4.242,4.7,0.0,106.05,0.0
2020-01-02,21,0,122_HYDRO_5,4.242,4.7,0.0,106.05,0.0
2020-01-02,21,0,122_HYDRO_6,4.242,4.7,0.0,106.05,0.0
2020-01-02,21,0,201_HYDRO_4,9.3,9.3,0.0,232.5,0.0
2020-01-02,21,0,215_HYDRO_1,9.3,9.3,0.0,232.5,0.0
2020-01-02,21,0,215_HYDRO_2,9.3,9.3,0.0,232.5,0.0
2020-01-02,21,0,215_HYDRO_3,9.3,9.3,0.0,232.5,0.0
2020-01-02,21,0,222_HYDRO_1,9.3,9.3,0.0,232.5,0.0
2020-01-02,21,0,222_HYDRO_2,9.3,9.3,0.0,232.5,0.0
2020-01-02,21,0,222_HYDRO_3,9.3,9.3,0.0,232.5,0.0
2020-01-02,21,0,222_HYDRO_4,9.3,9.3,0.0,232.5,0.0
2020-01-02,21,0,222_HYDRO_5,9.3,9.3,0.0,232.5,0.0
2020-01-02,21,0,222_HYDRO_6,9.3,9.3,0.0,232.5,0.0
2020-01-02,21,0,322_HYDRO_1,32.492,29.1,0.0,812.3,0.0
2020-01-02,21,0,322_HYDRO_2,32.492,29.1,0.0,812.3,0.0
2020-01-02,21,0,322_HYDRO_3,32.492,29.1,0.0,812.3,0.0
2020-01-02,21,0,322_HYDRO_4,32.492,29.1,0.0,812.3,0.0
2020-01-02,21,0,320_PV_1,0.0,0.0,0.0,0.0,0.0
2020-01-02,21,0,314_PV_1,0.0,0.0,0.0,0.0,0.0
2020-01-02,21,0,314_PV_2,0.0,0.0,0.0,0.0,0.0
2020-01-02,21,0,313_PV_1,0.0,0.0,0.0,0.0,0.0
2020-01-02,21,0,314_PV_3,0.0,0.0,0.0,0.0,0.0
2020-01-02,21,0,314_PV_4,0.0,0.0,0.0,0.0,0.0
2020-01-02,21,0,313_PV_2,0.0,0.0,0.0,0.0,0.0
2020-01-02,21,0,310_PV_1,0.0,0.0,0.0,0.0,0.0
2020-01-02,21,0,324_PV_1,0.0,0.0,0.0,0.0,0.0
2020-01-02,21,0,312_PV_1,0.0,0.0,0.0,0.0,0.0
2020-01-02,21,0,310_PV_2,0.0,0.0,0.0,0.0,0.0
2020-01-02,21,0,324_PV_2,0.0,0.0,0.0,0.0,0.0
2020-01-02,21,0,324_PV_3,0.0,0.0,0.0,0.0,0.0
2020-01-02,21,0,113_PV_1,0.0,0.0,0.0,0.0,0.0
2020-01-02,21,0,319_PV_1,0.0,0.0,0.0,0.0,0.0
2020-01-02,21,0,215_PV_1,0.0,0.0,0.0,0.0,0.0
2020-01-02,21,0,102_PV_1,0.0,0.0,0.0,0.0,0.0
2020-01-02,21,0,101_PV_1,0.0,0.0,0.0,0.0,0.0
2020-01-02,21,0,102_PV_2,0.0,0.0,0.0,0.0,0.0
2020-01-02,21,0,104_PV_1,0.0,0.0,0.0,0.0,0.0
2020-01-02,21,0,101_PV_2,0.0,0.0,0.0,0.0,0.0
2020-01-02,21,0,101_PV_3,0.0,0.0,0.0,0.0,0.0
2020-01-02,21,0,101_PV_4,0.0,0.0,0.0,0.0,0.0
2020-01-02,21,0,103_PV_1,0.0,0.0,0.0,0.0,0.0
2020-01-02,21,0,119_PV_1,0.0,0.0,0.0,0.0,0.0
2020-01-02,21,0,308_RTPV_1,0.0,0.0,0.0,0.0,0.0
2020-01-02,21,0,313_RTPV_1,0.0,0.0,0.0,0.0,0.0
2020-01-02,21,0,313_RTPV_2,0.0,0.0,0.0,0.0,0.0
2020-01-02,21,0,313_RTPV_3,0.0,0.0,0.0,0.0,0.0
2020-01-02,21,0,313_RTPV_4,0.0,0.0,0.0,0.0,0.0
2020-01-02,21,0,313_RTPV_5,0.0,0.0,0.0,0.0,0.0
2020-01-02,21,0,313_RTPV_6,0.0,0.0,0.0,0.0,0.0
2020-01-02,21,0,313_RTPV_7,0.0,0.0,0.0,0.0,0.0
2020-01-02,21,0,313_RTPV_8,0.0,0.0,0.0,0.0,0.0
2020-01-02,21,0,313_RTPV_9,0.0,0.0,0.0,0.0,0.0
2020-01-02,21,0,313_RTPV_10,0.0,0.0,0.0,0.0,0.0
2020-01-02,21,0,313_RTPV_11,0.0,0.0,0.0,0.0,0.0
2020-01-02,21,0,313_RTPV_12,0.0,0.0,0.0,0.0,0.0
2020-01-02,21,0,320_RTPV_1,0.0,0.0,0.0,0.0,0.0
2020-01-02,21,0,320_RTPV_2,0.0,0.0,0.0,0.0,0.0
2020-01-02,21,0,320_RTPV_3,0.0,0.0,0.0,0.0,0.0
2020-01-02,21,0,313_RTPV_13,0.0,0.0,0.0,0.0,0.0
2020-01-02,21,0,320_RTPV_4,0.0,0.0,0.0,0.0,0.0
2020-01-02,21,0,320_RTPV_5,0.0,0.0,0.0,0.0,0.0
2020-01-02,21,0,118_RTPV_1,0.0,0.0,0.0,0.0,0.0
2020-01-02,21,0,118_RTPV_2,0.0,0.0,0.0,0.0,0.0
2020-01-02,21,0,118_RTPV_3,0.0,0.0,0.0,0.0,0.0
2020-01-02,21,0,118_RTPV_4,0.0,0.0,0.0,0.0,0.0
2020-01-02,21,0,118_RTPV_5,0.0,0.0,0.0,0.0,0.0
2020-01-02,21,0,118_RTPV_6,0.0,0.0,0.0,0.0,0.0
2020-01-02,21,0,320_RTPV_6,0.0,0.0,0.0,0.0,0.0
2020-01-02,21,0,118_RTPV_7,0.0,0.0,0.0,0.0,0.0
2020-01-02,21,0,118_RTPV_8,0.0,0.0,0.0,0.0,0.0
2020-01-02,21,0,118_RTPV_9,0.0,0.0,0.0,0.0,0.0
2020-01-02,21,0,118_RTPV_10,0.0,0.0,0.0,0.0,0.0
2020-01-02,21,0,213_RTPV_1,0.0,0.0,0.0,0.0,0.0
2020-01-02,21,0,309_WIND_1,0.0,0.0,0.0,0.0,0.0
2020-01-02,21,0,317_WIND_1,305.0725,329.6725,0.0,7626.8125,0.0
2020-01-02,21,0,303_WIND_1,162.525,0.0,0.0,4063.125,0.0
2020-01-02,21,0,122_WIND_1,304.7125,322.1125,0.0,7617.8125,0.0
2020-01-02,21,0,122_WIND_1_PEM,188.841028,369.258418,185.746472,4721.025688,0.0
2020-01-02,21,0,303_WIND_1_PEM,65.464281,175.2,379.210719,1636.607025,0.0
2020-01-02,21,0,309_WIND_1_PEM,75.2,10.0,0.0,1880.0,0.0
2020-01-02,21,0,310_PV_2_PEM,0.0,0.0,0.0,0.0,0.0
2020-01-02,21,0,317_WIND_1_PEM,0.0,0.0,419.5275,0.0,0.0
2020-01-02,21,0,319_PV_1_PEM,0.0,0.0,0.0,0.0,0.0
2020-01-02,21,0,320_PV_1_PEM,0.0,0.0,0.0,0.0,0.0
2020-01-02,21,0,324_PV_1_PEM,0.0,0.0,0.0,0.0,0.0
2020-01-02,21,0,324_PV_2_PEM,0.0,0.0,0.0,0.0,0.0
2020-01-02,21,0,324_PV_3_PEM,0.0,0.0,0.0,0.0,0.0
2020-01-02,22,0,122_HYDRO_1,4.7,4.7,0.0,117.5,0.0
2020-01-02,22,0,122_HYDRO_2,4.7,4.7,0.0,117.5,0.0
2020-01-02,22,0,122_HYDRO_3,4.7,4.7,0.0,117.5,0.0
2020-01-02,22,0,122_HYDRO_4,4.7,4.7,0.0,117.5,0.0
2020-01-02,22,0,122_HYDRO_5,4.7,4.7,0.0,117.5,0.0
2020-01-02,22,0,122_HYDRO_6,4.7,4.7,0.0,117.5,0.0
2020-01-02,22,0,201_HYDRO_4,9.3,9.3,0.0,232.5,0.0
2020-01-02,22,0,215_HYDRO_1,9.3,9.3,0.0,232.5,0.0
2020-01-02,22,0,215_HYDRO_2,9.3,9.3,0.0,232.5,0.0
2020-01-02,22,0,215_HYDRO_3,9.3,9.3,0.0,232.5,0.0
2020-01-02,22,0,222_HYDRO_1,9.3,9.3,0.0,232.5,0.0
2020-01-02,22,0,222_HYDRO_2,9.3,9.3,0.0,232.5,0.0
2020-01-02,22,0,222_HYDRO_3,9.3,9.3,0.0,232.5,0.0
2020-01-02,22,0,222_HYDRO_4,9.3,9.3,0.0,232.5,0.0
2020-01-02,22,0,222_HYDRO_5,9.3,9.3,0.0,232.5,0.0
2020-01-02,22,0,222_HYDRO_6,9.3,9.3,0.0,232.5,0.0
2020-01-02,22,0,322_HYDRO_1,30.033,40.3,0.0,750.825,0.0
2020-01-02,22,0,322_HYDRO_2,30.033,40.3,0.0,750.825,0.0
2020-01-02,22,0,322_HYDRO_3,30.033,40.3,0.0,750.825,0.0
2020-01-02,22,0,322_HYDRO_4,30.033,40.3,0.0,750.825,0.0
2020-01-02,22,0,320_PV_1,0.0,0.0,0.0,0.0,0.0
2020-01-02,22,0,314_PV_1,0.0,0.0,0.0,0.0,0.0
2020-01-02,22,0,314_PV_2,0.0,0.0,0.0,0.0,0.0
2020-01-02,22,0,313_PV_1,0.0,0.0,0.0,0.0,0.0
2020-01-02,22,0,314_PV_3,0.0,0.0,0.0,0.0,0.0
2020-01-02,22,0,314_PV_4,0.0,0.0,0.0,0.0,0.0
2020-01-02,22,0,313_PV_2,0.0,0.0,0.0,0.0,0.0
2020-01-02,22,0,310_PV_1,0.0,0.0,0.0,0.0,0.0
2020-01-02,22,0,324_PV_1,0.0,0.0,0.0,0.0,0.0
2020-01-02,22,0,312_PV_1,0.0,0.0,0.0,0.0,0.0
2020-01-02,22,0,310_PV_2,0.0,0.0,0.0,0.0,0.0
2020-01-02,22,0,324_PV_2,0.0,0.0,0.0,0.0,0.0
2020-01-02,22,0,324_PV_3,0.0,0.0,0.0,0.0,0.0
2020-01-02,22,0,113_PV_1,0.0,0.0,0.0,0.0,0.0
2020-01-02,22,0,319_PV_1,0.0,0.0,0.0,0.0,0.0
2020-01-02,22,0,215_PV_1,0.0,0.0,0.0,0.0,0.0
2020-01-02,22,0,102_PV_1,0.0,0.0,0.0,0.0,0.0
2020-01-02,22,0,101_PV_1,0.0,0.0,0.0,0.0,0.0
2020-01-02,22,0,102_PV_2,0.0,0.0,0.0,0.0,0.0
2020-01-02,22,0,104_PV_1,0.0,0.0,0.0,0.0,0.0
2020-01-02,22,0,101_PV_2,0.0,0.0,0.0,0.0,0.0
2020-01-02,22,0,101_PV_3,0.0,0.0,0.0,0.0,0.0
2020-01-02,22,0,101_PV_4,0.0,0.0,0.0,0.0,0.0
2020-01-02,22,0,103_PV_1,0.0,0.0,0.0,0.0,0.0
2020-01-02,22,0,119_PV_1,0.0,0.0,0.0,0.0,0.0
2020-01-02,22,0,308_RTPV_1,0.0,0.0,0.0,0.0,0.0
2020-01-02,22,0,313_RTPV_1,0.0,0.0,0.0,0.0,0.0
2020-01-02,22,0,313_RTPV_2,0.0,0.0,0.0,0.0,0.0
2020-01-02,22,0,313_RTPV_3,0.0,0.0,0.0,0.0,0.0
2020-01-02,22,0,313_RTPV_4,0.0,0.0,0.0,0.0,0.0
2020-01-02,22,0,313_RTPV_5,0.0,0.0,0.0,0.0,0.0
2020-01-02,22,0,313_RTPV_6,0.0,0.0,0.0,0.0,0.0
2020-01-02,22,0,313_RTPV_7,0.0,0.0,0.0,0.0,0.0
2020-01-02,22,0,313_RTPV_8,0.0,0.0,0.0,0.0,0.0
2020-01-02,22,0,313_RTPV_9,0.0,0.0,0.0,0.0,0.0
2020-01-02,22,0,313_RTPV_10,0.0,0.0,0.0,0.0,0.0
2020-01-02,22,0,313_RTPV_11,0.0,0.0,0.0,0.0,0.0
2020-01-02,22,0,313_RTPV_12,0.0,0.0,0.0,0.0,0.0
2020-01-02,22,0,320_RTPV_1,0.0,0.0,0.0,0.0,0.0
2020-01-02,22,0,320_RTPV_2,0.0,0.0,0.0,0.0,0.0
2020-01-02,22,0,320_RTPV_3,0.0,0.0,0.0,0.0,0.0
2020-01-02,22,0,313_RTPV_13,0.0,0.0,0.0,0.0,0.0
2020-01-02,22,0,320_RTPV_4,0.0,0.0,0.0,0.0,0.0
2020-01-02,22,0,320_RTPV_5,0.0,0.0,0.0,0.0,0.0
2020-01-02,22,0,118_RTPV_1,0.0,0.0,0.0,0.0,0.0
2020-01-02,22,0,118_RTPV_2,0.0,0.0,0.0,0.0,0.0
2020-01-02,22,0,118_RTPV_3,0.0,0.0,0.0,0.0,0.0
2020-01-02,22,0,118_RTPV_4,0.0,0.0,0.0,0.0,0.0
2020-01-02,22,0,118_RTPV_5,0.0,0.0,0.0,0.0,0.0
2020-01-02,22,0,118_RTPV_6,0.0,0.0,0.0,0.0,0.0
2020-01-02,22,0,320_RTPV_6,0.0,0.0,0.0,0.0,0.0
2020-01-02,22,0,118_RTPV_7,0.0,0.0,0.0,0.0,0.0
2020-01-02,22,0,118_RTPV_8,0.0,0.0,0.0,0.0,0.0
2020-01-02,22,0,118_RTPV_9,0.0,0.0,0.0,0.0,0.0
2020-01-02,22,0,118_RTPV_10,0.0,0.0,0.0,0.0,0.0
2020-01-02,22,0,213_RTPV_1,0.0,0.0,0.0,0.0,0.0
2020-01-02,22,0,309_WIND_1,19.867,0.0,0.0,496.675,0.0
2020-01-02,22,0,317_WIND_1,326.1725,366.9725,0.0,8154.3125,0.0
2020-01-02,22,0,303_WIND_1,102.525,0.0,0.0,2563.125,0.0
2020-01-02,22,0,122_WIND_1,283.4125,315.1125,0.0,7085.3125,0.0
2020-01-02,22,0,122_WIND_1_PEM,0.0,0.0,374.5875,0.0,0.0
2020-01-02,22,0,303_WIND_1_PEM,65.914456,94.538791,378.760544,1647.861412,0.0
2020-01-02,22,0,309_WIND_1_PEM,0.0,35.7,75.633,0.0,0.0
2020-01-02,22,0,310_PV_2_PEM,0.0,0.0,0.0,0.0,0.0
2020-01-02,22,0,317_WIND_1_PEM,0.0,0.0,419.5275,0.0,0.0
2020-01-02,22,0,319_PV_1_PEM,0.0,0.0,0.0,0.0,0.0
2020-01-02,22,0,320_PV_1_PEM,0.0,0.0,0.0,0.0,0.0
2020-01-02,22,0,324_PV_1_PEM,0.0,0.0,0.0,0.0,0.0
2020-01-02,22,0,324_PV_2_PEM,0.0,0.0,0.0,0.0,0.0
2020-01-02,22,0,324_PV_3_PEM,0.0,0.0,0.0,0.0,0.0
2020-01-02,23,0,122_HYDRO_1,4.7,4.7,0.0,117.461301,0.0
2020-01-02,23,0,122_HYDRO_2,4.7,4.7,0.0,117.461301,0.0
2020-01-02,23,0,122_HYDRO_3,4.7,4.7,0.0,117.461301,0.0
2020-01-02,23,0,122_HYDRO_4,4.7,4.7,0.0,117.461301,0.0
2020-01-02,23,0,122_HYDRO_5,4.7,4.7,0.0,117.461301,0.0
2020-01-02,23,0,122_HYDRO_6,4.7,4.7,0.0,117.461301,0.0
2020-01-02,23,0,201_HYDRO_4,9.283,9.1,0.0,231.714191,0.0
2020-01-02,23,0,215_HYDRO_1,9.283,9.1,0.0,231.714191,0.0
2020-01-02,23,0,215_HYDRO_2,9.283,9.1,0.0,231.714191,0.0
2020-01-02,23,0,215_HYDRO_3,9.283,9.1,0.0,231.714191,0.0
2020-01-02,23,0,222_HYDRO_1,9.283,9.1,0.0,231.714191,0.0
2020-01-02,23,0,222_HYDRO_2,9.283,9.1,0.0,231.714191,0.0
2020-01-02,23,0,222_HYDRO_3,9.283,9.1,0.0,231.714191,0.0
2020-01-02,23,0,222_HYDRO_4,9.283,9.1,0.0,231.714191,0.0
2020-01-02,23,0,222_HYDRO_5,9.283,9.1,0.0,231.714191,0.0
2020-01-02,23,0,222_HYDRO_6,9.283,9.1,0.0,231.714191,0.0
2020-01-02,23,0,322_HYDRO_1,38.6,19.9,0.0,935.62314,0.0
2020-01-02,23,0,322_HYDRO_2,38.6,19.9,0.0,935.62314,0.0
2020-01-02,23,0,322_HYDRO_3,38.6,19.9,0.0,935.62314,0.0
2020-01-02,23,0,322_HYDRO_4,38.6,19.9,0.0,935.62314,0.0
2020-01-02,23,0,320_PV_1,0.0,0.0,0.0,0.0,0.0
2020-01-02,23,0,314_PV_1,0.0,0.0,0.0,0.0,0.0
2020-01-02,23,0,314_PV_2,0.0,0.0,0.0,0.0,0.0
2020-01-02,23,0,313_PV_1,0.0,0.0,0.0,0.0,0.0
2020-01-02,23,0,314_PV_3,0.0,0.0,0.0,0.0,0.0
2020-01-02,23,0,314_PV_4,0.0,0.0,0.0,0.0,0.0
2020-01-02,23,0,313_PV_2,0.0,0.0,0.0,0.0,0.0
2020-01-02,23,0,310_PV_1,0.0,0.0,0.0,0.0,0.0
2020-01-02,23,0,324_PV_1,0.0,0.0,0.0,0.0,0.0
2020-01-02,23,0,312_PV_1,0.0,0.0,0.0,0.0,0.0
2020-01-02,23,0,310_PV_2,0.0,0.0,0.0,0.0,0.0
2020-01-02,23,0,324_PV_2,0.0,0.0,0.0,0.0,0.0
2020-01-02,23,0,324_PV_3,0.0,0.0,0.0,0.0,0.0
2020-01-02,23,0,113_PV_1,0.0,0.0,0.0,0.0,0.0
2020-01-02,23,0,319_PV_1,0.0,0.0,0.0,0.0,0.0
2020-01-02,23,0,215_PV_1,0.0,0.0,0.0,0.0,0.0
2020-01-02,23,0,102_PV_1,0.0,0.0,0.0,0.0,0.0
2020-01-02,23,0,101_PV_1,0.0,0.0,0.0,0.0,0.0
2020-01-02,23,0,102_PV_2,0.0,0.0,0.0,0.0,0.0
2020-01-02,23,0,104_PV_1,0.0,0.0,0.0,0.0,0.0
2020-01-02,23,0,101_PV_2,0.0,0.0,0.0,0.0,0.0
2020-01-02,23,0,101_PV_3,0.0,0.0,0.0,0.0,0.0
2020-01-02,23,0,101_PV_4,0.0,0.0,0.0,0.0,0.0
2020-01-02,23,0,103_PV_1,0.0,0.0,0.0,0.0,0.0
2020-01-02,23,0,119_PV_1,0.0,0.0,0.0,0.0,0.0
2020-01-02,23,0,308_RTPV_1,0.0,0.0,0.0,0.0,0.0
2020-01-02,23,0,313_RTPV_1,0.0,0.0,0.0,0.0,0.0
2020-01-02,23,0,313_RTPV_2,0.0,0.0,0.0,0.0,0.0
2020-01-02,23,0,313_RTPV_3,0.0,0.0,0.0,0.0,0.0
2020-01-02,23,0,313_RTPV_4,0.0,0.0,0.0,0.0,0.0
2020-01-02,23,0,313_RTPV_5,0.0,0.0,0.0,0.0,0.0
2020-01-02,23,0,313_RTPV_6,0.0,0.0,0.0,0.0,0.0
2020-01-02,23,0,313_RTPV_7,0.0,0.0,0.0,0.0,0.0
2020-01-02,23,0,313_RTPV_8,0.0,0.0,0.0,0.0,0.0
2020-01-02,23,0,313_RTPV_9,0.0,0.0,0.0,0.0,0.0
2020-01-02,23,0,313_RTPV_10,0.0,0.0,0.0,0.0,0.0
2020-01-02,23,0,313_RTPV_11,0.0,0.0,0.0,0.0,0.0
2020-01-02,23,0,313_RTPV_12,0.0,0.0,0.0,0.0,0.0
2020-01-02,23,0,320_RTPV_1,0.0,0.0,0.0,0.0,0.0
2020-01-02,23,0,320_RTPV_2,0.0,0.0,0.0,0.0,0.0
2020-01-02,23,0,320_RTPV_3,0.0,0.0,0.0,0.0,0.0
2020-01-02,23,0,313_RTPV_13,0.0,0.0,0.0,0.0,0.0
2020-01-02,23,0,320_RTPV_4,0.0,0.0,0.0,0.0,0.0
2020-01-02,23,0,320_RTPV_5,0.0,0.0,0.0,0.0,0.0
2020-01-02,23,0,118_RTPV_1,0.0,0.0,0.0,0.0,0.0
2020-01-02,23,0,118_RTPV_2,0.0,0.0,0.0,0.0,0.0
2020-01-02,23,0,118_RTPV_3,0.0,0.0,0.0,0.0,0.0
2020-01-02,23,0,118_RTPV_4,0.0,0.0,0.0,0.0,0.0
2020-01-02,23,0,118_RTPV_5,0.0,0.0,0.0,0.0,0.0
2020-01-02,23,0,118_RTPV_6,0.0,0.0,0.0,0.0,0.0
2020-01-02,23,0,320_RTPV_6,0.0,0.0,0.0,0.0,0.0
2020-01-02,23,0,118_RTPV_7,0.0,0.0,0.0,0.0,0.0
2020-01-02,23,0,118_RTPV_8,0.0,0.0,0.0,0.0,0.0
2020-01-02,23,0,118_RTPV_9,0.0,0.0,0.0,0.0,0.0
2020-01-02,23,0,118_RTPV_10,0.0,0.0,0.0,0.0,0.0
2020-01-02,23,0,213_RTPV_1,0.0,0.0,0.0,0.0,0.0
2020-01-02,23,0,309_WIND_1,0.0,0.0,0.0,0.0,0.0
2020-01-02,23,0,317_WIND_1,275.5725,370.3725,0.0,7034.35879,0.0
2020-01-02,23,0,303_WIND_1,57.125,0.0,0.0,1338.884732,0.0
2020-01-02,23,0,122_WIND_1,218.4125,292.0125,0.0,5572.885506,0.0
2020-01-02,23,0,122_WIND_1_PEM,0.0,14.651629,374.5875,22.76803,0.0
2020-01-02,23,0,303_WIND_1_PEM,0.0,0.0,444.675,0.0,0.0
2020-01-02,23,0,309_WIND_1_PEM,0.0,0.0,28.2,0.0,0.0
2020-01-02,23,0,310_PV_2_PEM,0.0,0.0,0.0,0.0,0.0
2020-01-02,23,0,317_WIND_1_PEM,0.0,0.0,419.5275,0.0,0.0
2020-01-02,23,0,319_PV_1_PEM,0.0,0.0,0.0,0.0,0.0
2020-01-02,23,0,320_PV_1_PEM,0.0,0.0,0.0,0.0,0.0
2020-01-02,23,0,324_PV_1_PEM,0.0,0.0,0.0,0.0,0.0
2020-01-02,23,0,324_PV_2_PEM,0.0,0.0,0.0,0.0,0.0
2020-01-02,23,0,324_PV_3_PEM,0.0,0.0,0.0,0.0,0.0
2020-01-03,0,0,122_HYDRO_1,4.625,3.8,0.0,105.331707,0.0
2020-01-03,0,0,122_HYDRO_2,4.625,3.8,0.0,105.331707,0.0
2020-01-03,0,0,122_HYDRO_3,4.625,3.8,0.0,105.331707,0.0
2020-01-03,0,0,122_HYDRO_4,4.625,3.8,0.0,105.331707,0.0
2020-01-03,0,0,122_HYDRO_5,4.625,3.8,0.0,105.331707,0.0
2020-01-03,0,0,122_HYDRO_6,4.625,3.8,0.0,105.331707,0.0
2020-01-03,0,0,201_HYDRO_4,9.1,9.1,0.0,206.864492,0.0
2020-01-03,0,0,215_HYDRO_1,9.1,9.1,0.0,206.864492,0.0
2020-01-03,0,0,215_HYDRO_2,9.1,9.1,0.0,206.864492,0.0
2020-01-03,0,0,215_HYDRO_3,9.1,9.1,0.0,206.864492,0.0
2020-01-03,0,0,222_HYDRO_1,9.1,9.1,0.0,206.864492,0.0
2020-01-03,0,0,222_HYDRO_2,9.1,9.1,0.0,206.864492,0.0
2020-01-03,0,0,222_HYDRO_3,9.1,9.1,0.0,206.864492,0.0
2020-01-03,0,0,222_HYDRO_4,9.1,9.1,0.0,206.864492,0.0
2020-01-03,0,0,222_HYDRO_5,9.1,9.1,0.0,206.864492,0.0
2020-01-03,0,0,222_HYDRO_6,9.1,9.1,0.0,206.864492,0.0
2020-01-03,0,0,322_HYDRO_1,20.158,23.0,0.0,457.568809,0.0
2020-01-03,0,0,322_HYDRO_2,20.158,23.0,0.0,457.568809,0.0
2020-01-03,0,0,322_HYDRO_3,20.158,23.0,0.0,457.568809,0.0
2020-01-03,0,0,322_HYDRO_4,20.158,23.0,0.0,457.568809,0.0
2020-01-03,0,0,320_PV_1,0.0,0.0,0.0,0.0,0.0
2020-01-03,0,0,314_PV_1,0.0,0.0,0.0,0.0,0.0
2020-01-03,0,0,314_PV_2,0.0,0.0,0.0,0.0,0.0
2020-01-03,0,0,313_PV_1,0.0,0.0,0.0,0.0,0.0
2020-01-03,0,0,314_PV_3,0.0,0.0,0.0,0.0,0.0
2020-01-03,0,0,314_PV_4,0.0,0.0,0.0,0.0,0.0
2020-01-03,0,0,313_PV_2,0.0,0.0,0.0,0.0,0.0
2020-01-03,0,0,310_PV_1,0.0,0.0,0.0,0.0,0.0
2020-01-03,0,0,324_PV_1,0.0,0.0,0.0,0.0,0.0
2020-01-03,0,0,312_PV_1,0.0,0.0,0.0,0.0,0.0
2020-01-03,0,0,310_PV_2,0.0,0.0,0.0,0.0,0.0
2020-01-03,0,0,324_PV_2,0.0,0.0,0.0,0.0,0.0
2020-01-03,0,0,324_PV_3,0.0,0.0,0.0,0.0,0.0
2020-01-03,0,0,113_PV_1,0.0,0.0,0.0,0.0,0.0
2020-01-03,0,0,319_PV_1,0.0,0.0,0.0,0.0,0.0
2020-01-03,0,0,215_PV_1,0.0,0.0,0.0,0.0,0.0
2020-01-03,0,0,102_PV_1,0.0,0.0,0.0,0.0,0.0
2020-01-03,0,0,101_PV_1,0.0,0.0,0.0,0.0,0.0
2020-01-03,0,0,102_PV_2,0.0,0.0,0.0,0.0,0.0
2020-01-03,0,0,104_PV_1,0.0,0.0,0.0,0.0,0.0
2020-01-03,0,0,101_PV_2,0.0,0.0,0.0,0.0,0.0
2020-01-03,0,0,101_PV_3,0.0,0.0,0.0,0.0,0.0
2020-01-03,0,0,101_PV_4,0.0,0.0,0.0,0.0,0.0
2020-01-03,0,0,103_PV_1,0.0,0.0,0.0,0.0,0.0
2020-01-03,0,0,119_PV_1,0.0,0.0,0.0,0.0,0.0
2020-01-03,0,0,308_RTPV_1,0.0,0.0,0.0,0.0,0.0
2020-01-03,0,0,313_RTPV_1,0.0,0.0,0.0,0.0,0.0
2020-01-03,0,0,313_RTPV_2,0.0,0.0,0.0,0.0,0.0
2020-01-03,0,0,313_RTPV_3,0.0,0.0,0.0,0.0,0.0
2020-01-03,0,0,313_RTPV_4,0.0,0.0,0.0,0.0,0.0
2020-01-03,0,0,313_RTPV_5,0.0,0.0,0.0,0.0,0.0
2020-01-03,0,0,313_RTPV_6,0.0,0.0,0.0,0.0,0.0
2020-01-03,0,0,313_RTPV_7,0.0,0.0,0.0,0.0,0.0
2020-01-03,0,0,313_RTPV_8,0.0,0.0,0.0,0.0,0.0
2020-01-03,0,0,313_RTPV_9,0.0,0.0,0.0,0.0,0.0
2020-01-03,0,0,313_RTPV_10,0.0,0.0,0.0,0.0,0.0
2020-01-03,0,0,313_RTPV_11,0.0,0.0,0.0,0.0,0.0
2020-01-03,0,0,313_RTPV_12,0.0,0.0,0.0,0.0,0.0
2020-01-03,0,0,320_RTPV_1,0.0,0.0,0.0,0.0,0.0
2020-01-03,0,0,320_RTPV_2,0.0,0.0,0.0,0.0,0.0
2020-01-03,0,0,320_RTPV_3,0.0,0.0,0.0,0.0,0.0
2020-01-03,0,0,313_RTPV_13,0.0,0.0,0.0,0.0,0.0
2020-01-03,0,0,320_RTPV_4,0.0,0.0,0.0,0.0,0.0
2020-01-03,0,0,320_RTPV_5,0.0,0.0,0.0,0.0,0.0
2020-01-03,0,0,118_RTPV_1,0.0,0.0,0.0,0.0,0.0
2020-01-03,0,0,118_RTPV_2,0.0,0.0,0.0,0.0,0.0
2020-01-03,0,0,118_RTPV_3,0.0,0.0,0.0,0.0,0.0
2020-01-03,0,0,118_RTPV_4,0.0,0.0,0.0,0.0,0.0
2020-01-03,0,0,118_RTPV_5,0.0,0.0,0.0,0.0,0.0
2020-01-03,0,0,118_RTPV_6,0.0,0.0,0.0,0.0,0.0
2020-01-03,0,0,320_RTPV_6,0.0,0.0,0.0,0.0,0.0
2020-01-03,0,0,118_RTPV_7,0.0,0.0,0.0,0.0,0.0
2020-01-03,0,0,118_RTPV_8,0.0,0.0,0.0,0.0,0.0
2020-01-03,0,0,118_RTPV_9,0.0,0.0,0.0,0.0,0.0
2020-01-03,0,0,118_RTPV_10,0.0,0.0,0.0,0.0,0.0
2020-01-03,0,0,213_RTPV_1,0.0,0.0,0.0,0.0,0.0
2020-01-03,0,0,309_WIND_1,5.967,0.0,0.0,137.051013,0.0
2020-01-03,0,0,317_WIND_1,281.2725,359.6725,0.0,6375.50161,0.0
2020-01-03,0,0,303_WIND_1,0.0,0.0,0.0,0.0,0.0
2020-01-03,0,0,122_WIND_1,289.6125,283.7125,0.0,6584.967331,0.0
2020-01-03,0,0,122_WIND_1_PEM,0.0,0.0,374.5875,0.0,0.0
2020-01-03,0,0,303_WIND_1_PEM,0.0,0.0,358.2,0.0,0.0
2020-01-03,0,0,309_WIND_1_PEM,0.0,0.0,75.633,0.0,0.0
2020-01-03,0,0,310_PV_2_PEM,0.0,0.0,0.0,0.0,0.0
2020-01-03,0,0,317_WIND_1_PEM,0.0,0.0,419.5275,0.0,0.0
2020-01-03,0,0,319_PV_1_PEM,0.0,0.0,0.0,0.0,0.0
2020-01-03,0,0,320_PV_1_PEM,0.0,0.0,0.0,0.0,0.0
2020-01-03,0,0,324_PV_1_PEM,0.0,0.0,0.0,0.0,0.0
2020-01-03,0,0,324_PV_2_PEM,0.0,0.0,0.0,0.0,0.0
2020-01-03,0,0,324_PV_3_PEM,0.0,0.0,0.0,0.0,0.0
2020-01-03,1,0,122_HYDRO_1,3.758,3.3,0.0,81.107266,0.0
2020-01-03,1,0,122_HYDRO_2,3.758,3.3,0.0,81.107266,0.0
2020-01-03,1,0,122_HYDRO_3,3.758,3.3,0.0,81.107266,0.0
2020-01-03,1,0,122_HYDRO_4,3.758,3.3,0.0,81.107266,0.0
2020-01-03,1,0,122_HYDRO_5,3.758,3.3,0.0,81.107266,0.0
2020-01-03,1,0,122_HYDRO_6,3.758,3.3,0.0,81.107266,0.0
2020-01-03,1,0,201_HYDRO_4,9.1,9.1,0.0,196.990044,0.0
2020-01-03,1,0,215_HYDRO_1,9.1,9.1,0.0,196.990044,0.0
2020-01-03,1,0,215_HYDRO_2,9.1,9.1,0.0,196.990044,0.0
2020-01-03,1,0,215_HYDRO_3,9.1,9.1,0.0,196.990044,0.0
2020-01-03,1,0,222_HYDRO_1,9.1,9.1,0.0,196.990044,0.0
2020-01-03,1,0,222_HYDRO_2,9.1,9.1,0.0,196.990044,0.0
2020-01-03,1,0,222_HYDRO_3,9.1,9.1,0.0,196.990044,0.0
2020-01-03,1,0,222_HYDRO_4,9.1,9.1,0.0,196.990044,0.0
2020-01-03,1,0,222_HYDRO_5,9.1,9.1,0.0,196.990044,0.0
2020-01-03,1,0,222_HYDRO_6,9.1,9.1,0.0,196.990044,0.0
2020-01-03,1,0,322_HYDRO_1,23.15,24.8,0.0,502.00991,0.0
2020-01-03,1,0,322_HYDRO_2,23.15,24.8,0.0,502.00991,0.0
2020-01-03,1,0,322_HYDRO_3,23.15,24.8,0.0,502.00991,0.0
2020-01-03,1,0,322_HYDRO_4,23.15,24.8,0.0,502.00991,0.0
2020-01-03,1,0,320_PV_1,0.0,0.0,0.0,0.0,0.0
2020-01-03,1,0,314_PV_1,0.0,0.0,0.0,0.0,0.0
2020-01-03,1,0,314_PV_2,0.0,0.0,0.0,0.0,0.0
2020-01-03,1,0,313_PV_1,0.0,0.0,0.0,0.0,0.0
2020-01-03,1,0,314_PV_3,0.0,0.0,0.0,0.0,0.0
2020-01-03,1,0,314_PV_4,0.0,0.0,0.0,0.0,0.0
2020-01-03,1,0,313_PV_2,0.0,0.0,0.0,0.0,0.0
2020-01-03,1,0,310_PV_1,0.0,0.0,0.0,0.0,0.0
2020-01-03,1,0,324_PV_1,0.0,0.0,0.0,0.0,0.0
2020-01-03,1,0,312_PV_1,0.0,0.0,0.0,0.0,0.0
2020-01-03,1,0,310_PV_2,0.0,0.0,0.0,0.0,0.0
2020-01-03,1,0,324_PV_2,0.0,0.0,0.0,0.0,0.0
2020-01-03,1,0,324_PV_3,0.0,0.0,0.0,0.0,0.0
2020-01-03,1,0,113_PV_1,0.0,0.0,0.0,0.0,0.0
2020-01-03,1,0,319_PV_1,0.0,0.0,0.0,0.0,0.0
2020-01-03,1,0,215_PV_1,0.0,0.0,0.0,0.0,0.0
2020-01-03,1,0,102_PV_1,0.0,0.0,0.0,0.0,0.0
2020-01-03,1,0,101_PV_1,0.0,0.0,0.0,0.0,0.0
2020-01-03,1,0,102_PV_2,0.0,0.0,0.0,0.0,0.0
2020-01-03,1,0,104_PV_1,0.0,0.0,0.0,0.0,0.0
2020-01-03,1,0,101_PV_2,0.0,0.0,0.0,0.0,0.0
2020-01-03,1,0,101_PV_3,0.0,0.0,0.0,0.0,0.0
2020-01-03,1,0,101_PV_4,0.0,0.0,0.0,0.0,0.0
2020-01-03,1,0,103_PV_1,0.0,0.0,0.0,0.0,0.0
2020-01-03,1,0,119_PV_1,0.0,0.0,0.0,0.0,0.0
2020-01-03,1,0,308_RTPV_1,0.0,0.0,0.0,0.0,0.0
2020-01-03,1,0,313_RTPV_1,0.0,0.0,0.0,0.0,0.0
2020-01-03,1,0,313_RTPV_2,0.0,0.0,0.0,0.0,0.0
2020-01-03,1,0,313_RTPV_3,0.0,0.0,0.0,0.0,0.0
2020-01-03,1,0,313_RTPV_4,0.0,0.0,0.0,0.0,0.0
2020-01-03,1,0,313_RTPV_5,0.0,0.0,0.0,0.0,0.0
2020-01-03,1,0,313_RTPV_6,0.0,0.0,0.0,0.0,0.0
2020-01-03,1,0,313_RTPV_7,0.0,0.0,0.0,0.0,0.0
2020-01-03,1,0,313_RTPV_8,0.0,0.0,0.0,0.0,0.0
2020-01-03,1,0,313_RTPV_9,0.0,0.0,0.0,0.0,0.0
2020-01-03,1,0,313_RTPV_10,0.0,0.0,0.0,0.0,0.0
2020-01-03,1,0,313_RTPV_11,0.0,0.0,0.0,0.0,0.0
2020-01-03,1,0,313_RTPV_12,0.0,0.0,0.0,0.0,0.0
2020-01-03,1,0,320_RTPV_1,0.0,0.0,0.0,0.0,0.0
2020-01-03,1,0,320_RTPV_2,0.0,0.0,0.0,0.0,0.0
2020-01-03,1,0,320_RTPV_3,0.0,0.0,0.0,0.0,0.0
2020-01-03,1,0,313_RTPV_13,0.0,0.0,0.0,0.0,0.0
2020-01-03,1,0,320_RTPV_4,0.0,0.0,0.0,0.0,0.0
2020-01-03,1,0,320_RTPV_5,0.0,0.0,0.0,0.0,0.0
2020-01-03,1,0,118_RTPV_1,0.0,0.0,0.0,0.0,0.0
2020-01-03,1,0,118_RTPV_2,0.0,0.0,0.0,0.0,0.0
2020-01-03,1,0,118_RTPV_3,0.0,0.0,0.0,0.0,0.0
2020-01-03,1,0,118_RTPV_4,0.0,0.0,0.0,0.0,0.0
2020-01-03,1,0,118_RTPV_5,0.0,0.0,0.0,0.0,0.0
2020-01-03,1,0,118_RTPV_6,0.0,0.0,0.0,0.0,0.0
2020-01-03,1,0,320_RTPV_6,0.0,0.0,0.0,0.0,0.0
2020-01-03,1,0,118_RTPV_7,0.0,0.0,0.0,0.0,0.0
2020-01-03,1,0,118_RTPV_8,0.0,0.0,0.0,0.0,0.0
2020-01-03,1,0,118_RTPV_9,0.0,0.0,0.0,0.0,0.0
2020-01-03,1,0,118_RTPV_10,0.0,0.0,0.0,0.0,0.0
2020-01-03,1,0,213_RTPV_1,0.0,0.0,0.0,0.0,0.0
2020-01-03,1,0,309_WIND_1,0.0,7.167,0.0,3.804576,0.0
2020-01-03,1,0,317_WIND_1,268.0725,368.9725,0.0,5856.596862,0.0
2020-01-03,1,0,303_WIND_1,358.025,119.025,0.0,7623.387118,0.0
2020-01-03,1,0,122_WIND_1,282.5125,313.9125,0.0,6132.289439,0.0
2020-01-03,1,0,122_WIND_1_PEM,0.0,0.0,374.5875,0.0,0.0
2020-01-03,1,0,303_WIND_1_PEM,0.0,0.0,444.675,0.0,0.0
2020-01-03,1,0,309_WIND_1_PEM,0.0,0.0,48.0,0.0,0.0
2020-01-03,1,0,310_PV_2_PEM,0.0,0.0,0.0,0.0,0.0
2020-01-03,1,0,317_WIND_1_PEM,0.0,0.0,419.5275,0.0,0.0
2020-01-03,1,0,319_PV_1_PEM,0.0,0.0,0.0,0.0,0.0
2020-01-03,1,0,320_PV_1_PEM,0.0,0.0,0.0,0.0,0.0
2020-01-03,1,0,324_PV_1_PEM,0.0,0.0,0.0,0.0,0.0
2020-01-03,1,0,324_PV_2_PEM,0.0,0.0,0.0,0.0,0.0
2020-01-03,1,0,324_PV_3_PEM,0.0,0.0,0.0,0.0,0.0
2020-01-03,2,0,122_HYDRO_1,3.258,2.8,0.0,67.432368,0.0
2020-01-03,2,0,122_HYDRO_2,3.258,2.8,0.0,67.432368,0.0
2020-01-03,2,0,122_HYDRO_3,3.258,2.8,0.0,67.432368,0.0
2020-01-03,2,0,122_HYDRO_4,3.258,2.8,0.0,67.432368,0.0
2020-01-03,2,0,122_HYDRO_5,3.258,2.8,0.0,67.432368,0.0
2020-01-03,2,0,122_HYDRO_6,3.258,2.8,0.0,67.432368,0.0
2020-01-03,2,0,201_HYDRO_4,9.1,9.1,0.0,185.640032,0.0
2020-01-03,2,0,215_HYDRO_1,9.1,9.1,0.0,185.640032,0.0
2020-01-03,2,0,215_HYDRO_2,9.1,9.1,0.0,185.640032,0.0
2020-01-03,2,0,215_HYDRO_3,9.1,9.1,0.0,185.640032,0.0
2020-01-03,2,0,222_HYDRO_1,9.1,9.1,0.0,185.640032,0.0
2020-01-03,2,0,222_HYDRO_2,9.1,9.1,0.0,185.640032,0.0
2020-01-03,2,0,222_HYDRO_3,9.1,9.1,0.0,185.640032,0.0
2020-01-03,2,0,222_HYDRO_4,9.1,9.1,0.0,185.640032,0.0
2020-01-03,2,0,222_HYDRO_5,9.1,9.1,0.0,185.640032,0.0
2020-01-03,2,0,222_HYDRO_6,9.1,9.1,0.0,185.640032,0.0
2020-01-03,2,0,322_HYDRO_1,24.508,21.3,0.0,506.751614,0.0
2020-01-03,2,0,322_HYDRO_2,24.508,21.3,0.0,506.751614,0.0
2020-01-03,2,0,322_HYDRO_3,24.508,21.3,0.0,506.751614,0.0
2020-01-03,2,0,322_HYDRO_4,24.508,21.3,0.0,506.751614,0.0
2020-01-03,2,0,320_PV_1,0.0,0.0,0.0,0.0,0.0
2020-01-03,2,0,314_PV_1,0.0,0.0,0.0,0.0,0.0
2020-01-03,2,0,314_PV_2,0.0,0.0,0.0,0.0,0.0
2020-01-03,2,0,313_PV_1,0.0,0.0,0.0,0.0,0.0
2020-01-03,2,0,314_PV_3,0.0,0.0,0.0,0.0,0.0
2020-01-03,2,0,314_PV_4,0.0,0.0,0.0,0.0,0.0
2020-01-03,2,0,313_PV_2,0.0,0.0,0.0,0.0,0.0
2020-01-03,2,0,310_PV_1,0.0,0.0,0.0,0.0,0.0
2020-01-03,2,0,324_PV_1,0.0,0.0,0.0,0.0,0.0
2020-01-03,2,0,312_PV_1,0.0,0.0,0.0,0.0,0.0
2020-01-03,2,0,310_PV_2,0.0,0.0,0.0,0.0,0.0
2020-01-03,2,0,324_PV_2,0.0,0.0,0.0,0.0,0.0
2020-01-03,2,0,324_PV_3,0.0,0.0,0.0,0.0,0.0
2020-01-03,2,0,113_PV_1,0.0,0.0,0.0,0.0,0.0
2020-01-03,2,0,319_PV_1,0.0,0.0,0.0,0.0,0.0
2020-01-03,2,0,215_PV_1,0.0,0.0,0.0,0.0,0.0
2020-01-03,2,0,102_PV_1,0.0,0.0,0.0,0.0,0.0
2020-01-03,2,0,101_PV_1,0.0,0.0,0.0,0.0,0.0
2020-01-03,2,0,102_PV_2,0.0,0.0,0.0,0.0,0.0
2020-01-03,2,0,104_PV_1,0.0,0.0,0.0,0.0,0.0
2020-01-03,2,0,101_PV_2,0.0,0.0,0.0,0.0,0.0
2020-01-03,2,0,101_PV_3,0.0,0.0,0.0,0.0,0.0
2020-01-03,2,0,101_PV_4,0.0,0.0,0.0,0.0,0.0
2020-01-03,2,0,103_PV_1,0.0,0.0,0.0,0.0,0.0
2020-01-03,2,0,119_PV_1,0.0,0.0,0.0,0.0,0.0
2020-01-03,2,0,308_RTPV_1,0.0,0.0,0.0,0.0,0.0
2020-01-03,2,0,313_RTPV_1,0.0,0.0,0.0,0.0,0.0
2020-01-03,2,0,313_RTPV_2,0.0,0.0,0.0,0.0,0.0
2020-01-03,2,0,313_RTPV_3,0.0,0.0,0.0,0.0,0.0
2020-01-03,2,0,313_RTPV_4,0.0,0.0,0.0,0.0,0.0
2020-01-03,2,0,313_RTPV_5,0.0,0.0,0.0,0.0,0.0
2020-01-03,2,0,313_RTPV_6,0.0,0.0,0.0,0.0,0.0
2020-01-03,2,0,313_RTPV_7,0.0,0.0,0.0,0.0,0.0
2020-01-03,2,0,313_RTPV_8,0.0,0.0,0.0,0.0,0.0
2020-01-03,2,0,313_RTPV_9,0.0,0.0,0.0,0.0,0.0
2020-01-03,2,0,313_RTPV_10,0.0,0.0,0.0,0.0,0.0
2020-01-03,2,0,313_RTPV_11,0.0,0.0,0.0,0.0,0.0
2020-01-03,2,0,313_RTPV_12,0.0,0.0,0.0,0.0,0.0
2020-01-03,2,0,320_RTPV_1,0.0,0.0,0.0,0.0,0.0
2020-01-03,2,0,320_RTPV_2,0.0,0.0,0.0,0.0,0.0
2020-01-03,2,0,320_RTPV_3,0.0,0.0,0.0,0.0,0.0
2020-01-03,2,0,313_RTPV_13,0.0,0.0,0.0,0.0,0.0
2020-01-03,2,0,320_RTPV_4,0.0,0.0,0.0,0.0,0.0
2020-01-03,2,0,320_RTPV_5,0.0,0.0,0.0,0.0,0.0
2020-01-03,2,0,118_RTPV_1,0.0,0.0,0.0,0.0,0.0
2020-01-03,2,0,118_RTPV_2,0.0,0.0,0.0,0.0,0.0
2020-01-03,2,0,118_RTPV_3,0.0,0.0,0.0,0.0,0.0
2020-01-03,2,0,118_RTPV_4,0.0,0.0,0.0,0.0,0.0
2020-01-03,2,0,118_RTPV_5,0.0,0.0,0.0,0.0,0.0
2020-01-03,2,0,118_RTPV_6,0.0,0.0,0.0,0.0,0.0
2020-01-03,2,0,320_RTPV_6,0.0,0.0,0.0,0.0,0.0
2020-01-03,2,0,118_RTPV_7,0.0,0.0,0.0,0.0,0.0
2020-01-03,2,0,118_RTPV_8,0.0,0.0,0.0,0.0,0.0
2020-01-03,2,0,118_RTPV_9,0.0,0.0,0.0,0.0,0.0
2020-01-03,2,0,118_RTPV_10,0.0,0.0,0.0,0.0,0.0
2020-01-03,2,0,213_RTPV_1,0.0,0.0,0.0,0.0,0.0
2020-01-03,2,0,309_WIND_1,0.0,22.767,0.0,-48.176396,0.0
2020-01-03,2,0,317_WIND_1,184.2725,361.6725,0.0,3383.77015,0.0
2020-01-03,2,0,303_WIND_1,177.025,336.625,0.0,3273.587038,0.0
2020-01-03,2,0,122_WIND_1,224.5125,312.3125,0.0,4394.265495,0.0
2020-01-03,2,0,122_WIND_1_PEM,0.0,0.0,374.5875,0.0,0.0
2020-01-03,2,0,303_WIND_1_PEM,0.0,0.0,444.675,0.0,0.0
2020-01-03,2,0,309_WIND_1_PEM,0.0,0.0,48.0,0.0,0.0
2020-01-03,2,0,310_PV_2_PEM,0.0,0.0,0.0,0.0,0.0
2020-01-03,2,0,317_WIND_1_PEM,0.0,0.0,419.5275,0.0,0.0
2020-01-03,2,0,319_PV_1_PEM,0.0,0.0,0.0,0.0,0.0
2020-01-03,2,0,320_PV_1_PEM,0.0,0.0,0.0,0.0,0.0
2020-01-03,2,0,324_PV_1_PEM,0.0,0.0,0.0,0.0,0.0
2020-01-03,2,0,324_PV_2_PEM,0.0,0.0,0.0,0.0,0.0
2020-01-03,2,0,324_PV_3_PEM,0.0,0.0,0.0,0.0,0.0
2020-01-03,3,0,122_HYDRO_1,2.842,3.3,0.0,56.9716,0.0
2020-01-03,3,0,122_HYDRO_2,2.842,3.3,0.0,56.9716,0.0
2020-01-03,3,0,122_HYDRO_3,2.842,3.3,0.0,56.9716,0.0
2020-01-03,3,0,122_HYDRO_4,2.842,3.3,0.0,56.9716,0.0
2020-01-03,3,0,122_HYDRO_5,2.842,3.3,0.0,56.9716,0.0
2020-01-03,3,0,122_HYDRO_6,2.842,3.3,0.0,56.9716,0.0
2020-01-03,3,0,201_HYDRO_4,9.117,9.3,0.0,185.737586,0.0
2020-01-03,3,0,215_HYDRO_1,9.117,9.3,0.0,185.737586,0.0
2020-01-03,3,0,215_HYDRO_2,9.117,9.3,0.0,185.737586,0.0
2020-01-03,3,0,215_HYDRO_3,9.117,9.3,0.0,185.737586,0.0
2020-01-03,3,0,222_HYDRO_1,9.117,9.3,0.0,185.737586,0.0
2020-01-03,3,0,222_HYDRO_2,9.117,9.3,0.0,185.737586,0.0
2020-01-03,3,0,222_HYDRO_3,9.117,9.3,0.0,185.737586,0.0
2020-01-03,3,0,222_HYDRO_4,9.117,9.3,0.0,185.737586,0.0
2020-01-03,3,0,222_HYDRO_5,9.117,9.3,0.0,185.737586,0.0
2020-01-03,3,0,222_HYDRO_6,9.117,9.3,0.0,185.737586,0.0
2020-01-03,3,0,322_HYDRO_1,20.542,12.2,0.0,438.746353,0.0
2020-01-03,3,0,322_HYDRO_2,20.542,12.2,0.0,438.746353,0.0
2020-01-03,3,0,322_HYDRO_3,20.542,12.2,0.0,438.746353,0.0
2020-01-03,3,0,322_HYDRO_4,20.542,12.2,0.0,438.746353,0.0
2020-01-03,3,0,320_PV_1,0.0,0.0,0.0,0.0,0.0
2020-01-03,3,0,314_PV_1,0.0,0.0,0.0,0.0,0.0
2020-01-03,3,0,314_PV_2,0.0,0.0,0.0,0.0,0.0
2020-01-03,3,0,313_PV_1,0.0,0.0,0.0,0.0,0.0
2020-01-03,3,0,314_PV_3,0.0,0.0,0.0,0.0,0.0
2020-01-03,3,0,314_PV_4,0.0,0.0,0.0,0.0,0.0
2020-01-03,3,0,313_PV_2,0.0,0.0,0.0,0.0,0.0
2020-01-03,3,0,310_PV_1,0.0,0.0,0.0,0.0,0.0
2020-01-03,3,0,324_PV_1,0.0,0.0,0.0,0.0,0.0
2020-01-03,3,0,312_PV_1,0.0,0.0,0.0,0.0,0.0
2020-01-03,3,0,310_PV_2,0.0,0.0,0.0,0.0,0.0
2020-01-03,3,0,324_PV_2,0.0,0.0,0.0,0.0,0.0
2020-01-03,3,0,324_PV_3,0.0,0.0,0.0,0.0,0.0
2020-01-03,3,0,113_PV_1,0.0,0.0,0.0,0.0,0.0
2020-01-03,3,0,319_PV_1,0.0,0.0,0.0,0.0,0.0
2020-01-03,3,0,215_PV_1,0.0,0.0,0.0,0.0,0.0
2020-01-03,3,0,102_PV_1,0.0,0.0,0.0,0.0,0.0
2020-01-03,3,0,101_PV_1,0.0,0.0,0.0,0.0,0.0
2020-01-03,3,0,102_PV_2,0.0,0.0,0.0,0.0,0.0
2020-01-03,3,0,104_PV_1,0.0,0.0,0.0,0.0,0.0
2020-01-03,3,0,101_PV_2,0.0,0.0,0.0,0.0,0.0
2020-01-03,3,0,101_PV_3,0.0,0.0,0.0,0.0,0.0
2020-01-03,3,0,101_PV_4,0.0,0.0,0.0,0.0,0.0
2020-01-03,3,0,103_PV_1,0.0,0.0,0.0,0.0,0.0
2020-01-03,3,0,119_PV_1,0.0,0.0,0.0,0.0,0.0
2020-01-03,3,0,308_RTPV_1,0.0,0.0,0.0,0.0,0.0
2020-01-03,3,0,313_RTPV_1,0.0,0.0,0.0,0.0,0.0
2020-01-03,3,0,313_RTPV_2,0.0,0.0,0.0,0.0,0.0
2020-01-03,3,0,313_RTPV_3,0.0,0.0,0.0,0.0,0.0
2020-01-03,3,0,313_RTPV_4,0.0,0.0,0.0,0.0,0.0
2020-01-03,3,0,313_RTPV_5,0.0,0.0,0.0,0.0,0.0
2020-01-03,3,0,313_RTPV_6,0.0,0.0,0.0,0.0,0.0
2020-01-03,3,0,313_RTPV_7,0.0,0.0,0.0,0.0,0.0
2020-01-03,3,0,313_RTPV_8,0.0,0.0,0.0,0.0,0.0
2020-01-03,3,0,313_RTPV_9,0.0,0.0,0.0,0.0,0.0
2020-01-03,3,0,313_RTPV_10,0.0,0.0,0.0,0.0,0.0
2020-01-03,3,0,313_RTPV_11,0.0,0.0,0.0,0.0,0.0
2020-01-03,3,0,313_RTPV_12,0.0,0.0,0.0,0.0,0.0
2020-01-03,3,0,320_RTPV_1,0.0,0.0,0.0,0.0,0.0
2020-01-03,3,0,320_RTPV_2,0.0,0.0,0.0,0.0,0.0
2020-01-03,3,0,320_RTPV_3,0.0,0.0,0.0,0.0,0.0
2020-01-03,3,0,313_RTPV_13,0.0,0.0,0.0,0.0,0.0
2020-01-03,3,0,320_RTPV_4,0.0,0.0,0.0,0.0,0.0
2020-01-03,3,0,320_RTPV_5,0.0,0.0,0.0,0.0,0.0
2020-01-03,3,0,118_RTPV_1,0.0,0.0,0.0,0.0,0.0
2020-01-03,3,0,118_RTPV_2,0.0,0.0,0.0,0.0,0.0
2020-01-03,3,0,118_RTPV_3,0.0,0.0,0.0,0.0,0.0
2020-01-03,3,0,118_RTPV_4,0.0,0.0,0.0,0.0,0.0
2020-01-03,3,0,118_RTPV_5,0.0,0.0,0.0,0.0,0.0
2020-01-03,3,0,118_RTPV_6,0.0,0.0,0.0,0.0,0.0
2020-01-03,3,0,320_RTPV_6,0.0,0.0,0.0,0.0,0.0
2020-01-03,3,0,118_RTPV_7,0.0,0.0,0.0,0.0,0.0
2020-01-03,3,0,118_RTPV_8,0.0,0.0,0.0,0.0,0.0
2020-01-03,3,0,118_RTPV_9,0.0,0.0,0.0,0.0,0.0
2020-01-03,3,0,118_RTPV_10,0.0,0.0,0.0,0.0,0.0
2020-01-03,3,0,213_RTPV_1,0.0,0.0,0.0,0.0,0.0
2020-01-03,3,0,309_WIND_1,0.0,56.767,0.0,-131.317066,0.0
2020-01-03,3,0,317_WIND_1,237.9725,342.1725,0.0,4618.14158,0.0
2020-01-03,3,0,303_WIND_1,0.0,357.425,0.0,-826.81844,0.0
2020-01-03,3,0,122_WIND_1,247.6125,301.2125,0.0,4932.032847,0.0
2020-01-03,3,0,122_WIND_1_PEM,0.0,0.0,374.5875,0.0,0.0
2020-01-03,3,0,303_WIND_1_PEM,0.0,0.0,322.8,0.0,0.0
2020-01-03,3,0,309_WIND_1_PEM,0.0,0.0,63.8,0.0,0.0
2020-01-03,3,0,310_PV_2_PEM,0.0,0.0,0.0,0.0,0.0
2020-01-03,3,0,317_WIND_1_PEM,0.0,0.0,419.5275,0.0,0.0
2020-01-03,3,0,319_PV_1_PEM,0.0,0.0,0.0,0.0,0.0
2020-01-03,3,0,320_PV_1_PEM,0.0,0.0,0.0,0.0,0.0
2020-01-03,3,0,324_PV_1_PEM,0.0,0.0,0.0,0.0,0.0
2020-01-03,3,0,324_PV_2_PEM,0.0,0.0,0.0,0.0,0.0
2020-01-03,3,0,324_PV_3_PEM,0.0,0.0,0.0,0.0,0.0
2020-01-03,4,0,122_HYDRO_1,3.3,3.3,0.0,71.43595,0.0
2020-01-03,4,0,122_HYDRO_2,3.3,3.3,0.0,71.43595,0.0
2020-01-03,4,0,122_HYDRO_3,3.3,3.3,0.0,71.43595,0.0
2020-01-03,4,0,122_HYDRO_4,3.3,3.3,0.0,71.43595,0.0
2020-01-03,4,0,122_HYDRO_5,3.3,3.3,0.0,71.43595,0.0
2020-01-03,4,0,122_HYDRO_6,3.3,3.3,0.0,71.43595,0.0
2020-01-03,4,0,201_HYDRO_4,9.283,9.1,0.0,201.279163,0.0
2020-01-03,4,0,215_HYDRO_1,9.283,9.1,0.0,201.279163,0.0
2020-01-03,4,0,215_HYDRO_2,9.283,9.1,0.0,201.279163,0.0
2020-01-03,4,0,215_HYDRO_3,9.283,9.1,0.0,201.279163,0.0
2020-01-03,4,0,222_HYDRO_1,9.283,9.1,0.0,201.279163,0.0
2020-01-03,4,0,222_HYDRO_2,9.283,9.1,0.0,201.279163,0.0
2020-01-03,4,0,222_HYDRO_3,9.283,9.1,0.0,201.279163,0.0
2020-01-03,4,0,222_HYDRO_4,9.283,9.1,0.0,201.279163,0.0
2020-01-03,4,0,222_HYDRO_5,9.283,9.1,0.0,201.279163,0.0
2020-01-03,4,0,222_HYDRO_6,9.283,9.1,0.0,201.279163,0.0
2020-01-03,4,0,322_HYDRO_1,12.108,11.1,0.0,263.909869,0.0
2020-01-03,4,0,322_HYDRO_2,12.108,11.1,0.0,263.909869,0.0
2020-01-03,4,0,322_HYDRO_3,12.108,11.1,0.0,263.909869,0.0
2020-01-03,4,0,322_HYDRO_4,12.108,11.1,0.0,263.909869,0.0
2020-01-03,4,0,320_PV_1,0.0,0.0,0.0,0.0,0.0
2020-01-03,4,0,314_PV_1,0.0,0.0,0.0,0.0,0.0
2020-01-03,4,0,314_PV_2,0.0,0.0,0.0,0.0,0.0
2020-01-03,4,0,313_PV_1,0.0,0.0,0.0,0.0,0.0
2020-01-03,4,0,314_PV_3,0.0,0.0,0.0,0.0,0.0
2020-01-03,4,0,314_PV_4,0.0,0.0,0.0,0.0,0.0
2020-01-03,4,0,313_PV_2,0.0,0.0,0.0,0.0,0.0
2020-01-03,4,0,310_PV_1,0.0,0.0,0.0,0.0,0.0
2020-01-03,4,0,324_PV_1,0.0,0.0,0.0,0.0,0.0
2020-01-03,4,0,312_PV_1,0.0,0.0,0.0,0.0,0.0
2020-01-03,4,0,310_PV_2,0.0,0.0,0.0,0.0,0.0
2020-01-03,4,0,324_PV_2,0.0,0.0,0.0,0.0,0.0
2020-01-03,4,0,324_PV_3,0.0,0.0,0.0,0.0,0.0
2020-01-03,4,0,113_PV_1,0.0,0.0,0.0,0.0,0.0
2020-01-03,4,0,319_PV_1,0.0,0.0,0.0,0.0,0.0
2020-01-03,4,0,215_PV_1,0.0,0.0,0.0,0.0,0.0
2020-01-03,4,0,102_PV_1,0.0,0.0,0.0,0.0,0.0
2020-01-03,4,0,101_PV_1,0.0,0.0,0.0,0.0,0.0
2020-01-03,4,0,102_PV_2,0.0,0.0,0.0,0.0,0.0
2020-01-03,4,0,104_PV_1,0.0,0.0,0.0,0.0,0.0
2020-01-03,4,0,101_PV_2,0.0,0.0,0.0,0.0,0.0
2020-01-03,4,0,101_PV_3,0.0,0.0,0.0,0.0,0.0
2020-01-03,4,0,101_PV_4,0.0,0.0,0.0,0.0,0.0
2020-01-03,4,0,103_PV_1,0.0,0.0,0.0,0.0,0.0
2020-01-03,4,0,119_PV_1,0.0,0.0,0.0,0.0,0.0
2020-01-03,4,0,308_RTPV_1,0.0,0.0,0.0,0.0,0.0
2020-01-03,4,0,313_RTPV_1,0.0,0.0,0.0,0.0,0.0
2020-01-03,4,0,313_RTPV_2,0.0,0.0,0.0,0.0,0.0
2020-01-03,4,0,313_RTPV_3,0.0,0.0,0.0,0.0,0.0
2020-01-03,4,0,313_RTPV_4,0.0,0.0,0.0,0.0,0.0
2020-01-03,4,0,313_RTPV_5,0.0,0.0,0.0,0.0,0.0
2020-01-03,4,0,313_RTPV_6,0.0,0.0,0.0,0.0,0.0
2020-01-03,4,0,313_RTPV_7,0.0,0.0,0.0,0.0,0.0
2020-01-03,4,0,313_RTPV_8,0.0,0.0,0.0,0.0,0.0
2020-01-03,4,0,313_RTPV_9,0.0,0.0,0.0,0.0,0.0
2020-01-03,4,0,313_RTPV_10,0.0,0.0,0.0,0.0,0.0
2020-01-03,4,0,313_RTPV_11,0.0,0.0,0.0,0.0,0.0
2020-01-03,4,0,313_RTPV_12,0.0,0.0,0.0,0.0,0.0
2020-01-03,4,0,320_RTPV_1,0.0,0.0,0.0,0.0,0.0
2020-01-03,4,0,320_RTPV_2,0.0,0.0,0.0,0.0,0.0
2020-01-03,4,0,320_RTPV_3,0.0,0.0,0.0,0.0,0.0
2020-01-03,4,0,313_RTPV_13,0.0,0.0,0.0,0.0,0.0
2020-01-03,4,0,320_RTPV_4,0.0,0.0,0.0,0.0,0.0
2020-01-03,4,0,320_RTPV_5,0.0,0.0,0.0,0.0,0.0
2020-01-03,4,0,118_RTPV_1,0.0,0.0,0.0,0.0,0.0
2020-01-03,4,0,118_RTPV_2,0.0,0.0,0.0,0.0,0.0
2020-01-03,4,0,118_RTPV_3,0.0,0.0,0.0,0.0,0.0
2020-01-03,4,0,118_RTPV_4,0.0,0.0,0.0,0.0,0.0
2020-01-03,4,0,118_RTPV_5,0.0,0.0,0.0,0.0,0.0
2020-01-03,4,0,118_RTPV_6,0.0,0.0,0.0,0.0,0.0
2020-01-03,4,0,320_RTPV_6,0.0,0.0,0.0,0.0,0.0
2020-01-03,4,0,118_RTPV_7,0.0,0.0,0.0,0.0,0.0
2020-01-03,4,0,118_RTPV_8,0.0,0.0,0.0,0.0,0.0
2020-01-03,4,0,118_RTPV_9,0.0,0.0,0.0,0.0,0.0
2020-01-03,4,0,118_RTPV_10,0.0,0.0,0.0,0.0,0.0
2020-01-03,4,0,213_RTPV_1,0.0,0.0,0.0,0.0,0.0
2020-01-03,4,0,309_WIND_1,0.0,4.367,0.0,-7.81933,0.0
2020-01-03,4,0,317_WIND_1,175.9725,348.8725,0.0,3499.736024,0.0
2020-01-03,4,0,303_WIND_1,0.0,251.825,0.0,-450.905135,0.0
2020-01-03,4,0,122_WIND_1,238.3125,305.9125,0.0,5037.770929,0.0
2020-01-03,4,0,122_WIND_1_PEM,0.0,0.0,374.5875,0.0,0.0
2020-01-03,4,0,303_WIND_1_PEM,0.0,0.0,103.6,0.0,0.0
2020-01-03,4,0,309_WIND_1_PEM,0.0,0.0,70.8,0.0,0.0
2020-01-03,4,0,310_PV_2_PEM,0.0,0.0,0.0,0.0,0.0
2020-01-03,4,0,317_WIND_1_PEM,0.0,0.0,419.5275,0.0,0.0
2020-01-03,4,0,319_PV_1_PEM,0.0,0.0,0.0,0.0,0.0
2020-01-03,4,0,320_PV_1_PEM,0.0,0.0,0.0,0.0,0.0
2020-01-03,4,0,324_PV_1_PEM,0.0,0.0,0.0,0.0,0.0
2020-01-03,4,0,324_PV_2_PEM,0.0,0.0,0.0,0.0,0.0
2020-01-03,4,0,324_PV_3_PEM,0.0,0.0,0.0,0.0,0.0
2020-01-03,5,0,122_HYDRO_1,3.3,3.3,0.0,75.794929,0.0
2020-01-03,5,0,122_HYDRO_2,3.3,3.3,0.0,75.794929,0.0
2020-01-03,5,0,122_HYDRO_3,3.3,3.3,0.0,75.794929,0.0
2020-01-03,5,0,122_HYDRO_4,3.3,3.3,0.0,75.794929,0.0
2020-01-03,5,0,122_HYDRO_5,3.3,3.3,0.0,75.794929,0.0
2020-01-03,5,0,122_HYDRO_6,3.3,3.3,0.0,75.794929,0.0
2020-01-03,5,0,201_HYDRO_4,9.1,9.1,0.0,209.010259,0.0
2020-01-03,5,0,215_HYDRO_1,9.1,9.1,0.0,209.010259,0.0
2020-01-03,5,0,215_HYDRO_2,9.1,9.1,0.0,209.010259,0.0
2020-01-03,5,0,215_HYDRO_3,9.1,9.1,0.0,209.010259,0.0
2020-01-03,5,0,222_HYDRO_1,9.1,9.1,0.0,209.010259,0.0
2020-01-03,5,0,222_HYDRO_2,9.1,9.1,0.0,209.010259,0.0
2020-01-03,5,0,222_HYDRO_3,9.1,9.1,0.0,209.010259,0.0
2020-01-03,5,0,222_HYDRO_4,9.1,9.1,0.0,209.010259,0.0
2020-01-03,5,0,222_HYDRO_5,9.1,9.1,0.0,209.010259,0.0
2020-01-03,5,0,222_HYDRO_6,9.1,9.1,0.0,209.010259,0.0
2020-01-03,5,0,322_HYDRO_1,11.7,18.3,0.0,268.727476,0.0
2020-01-03,5,0,322_HYDRO_2,11.7,18.3,0.0,268.727476,0.0
2020-01-03,5,0,322_HYDRO_3,11.7,18.3,0.0,268.727476,0.0
2020-01-03,5,0,322_HYDRO_4,11.7,18.3,0.0,268.727476,0.0
2020-01-03,5,0,320_PV_1,0.0,0.0,0.0,0.0,0.0
2020-01-03,5,0,314_PV_1,0.0,0.0,0.0,0.0,0.0
2020-01-03,5,0,314_PV_2,0.0,0.0,0.0,0.0,0.0
2020-01-03,5,0,313_PV_1,0.0,0.0,0.0,0.0,0.0
2020-01-03,5,0,314_PV_3,0.0,0.0,0.0,0.0,0.0
2020-01-03,5,0,314_PV_4,0.0,0.0,0.0,0.0,0.0
2020-01-03,5,0,313_PV_2,0.0,0.0,0.0,0.0,0.0
2020-01-03,5,0,310_PV_1,0.0,0.0,0.0,0.0,0.0
2020-01-03,5,0,324_PV_1,0.0,0.0,0.0,0.0,0.0
2020-01-03,5,0,312_PV_1,0.0,0.0,0.0,0.0,0.0
2020-01-03,5,0,310_PV_2,0.0,0.0,0.0,0.0,0.0
2020-01-03,5,0,324_PV_2,0.0,0.0,0.0,0.0,0.0
2020-01-03,5,0,324_PV_3,0.0,0.0,0.0,0.0,0.0
2020-01-03,5,0,113_PV_1,0.0,0.0,0.0,0.0,0.0
2020-01-03,5,0,319_PV_1,0.0,0.0,0.0,0.0,0.0
2020-01-03,5,0,215_PV_1,0.0,0.0,0.0,0.0,0.0
2020-01-03,5,0,102_PV_1,0.0,0.0,0.0,0.0,0.0
2020-01-03,5,0,101_PV_1,0.0,0.0,0.0,0.0,0.0
2020-01-03,5,0,102_PV_2,0.0,0.0,0.0,0.0,0.0
2020-01-03,5,0,104_PV_1,0.0,0.0,0.0,0.0,0.0
2020-01-03,5,0,101_PV_2,0.0,0.0,0.0,0.0,0.0
2020-01-03,5,0,101_PV_3,0.0,0.0,0.0,0.0,0.0
2020-01-03,5,0,101_PV_4,0.0,0.0,0.0,0.0,0.0
2020-01-03,5,0,103_PV_1,0.0,0.0,0.0,0.0,0.0
2020-01-03,5,0,119_PV_1,0.0,0.0,0.0,0.0,0.0
2020-01-03,5,0,308_RTPV_1,0.0,0.0,0.0,0.0,0.0
2020-01-03,5,0,313_RTPV_1,0.0,0.0,0.0,0.0,0.0
2020-01-03,5,0,313_RTPV_2,0.0,0.0,0.0,0.0,0.0
2020-01-03,5,0,313_RTPV_3,0.0,0.0,0.0,0.0,0.0
2020-01-03,5,0,313_RTPV_4,0.0,0.0,0.0,0.0,0.0
2020-01-03,5,0,313_RTPV_5,0.0,0.0,0.0,0.0,0.0
2020-01-03,5,0,313_RTPV_6,0.0,0.0,0.0,0.0,0.0
2020-01-03,5,0,313_RTPV_7,0.0,0.0,0.0,0.0,0.0
2020-01-03,5,0,313_RTPV_8,0.0,0.0,0.0,0.0,0.0
2020-01-03,5,0,313_RTPV_9,0.0,0.0,0.0,0.0,0.0
2020-01-03,5,0,313_RTPV_10,0.0,0.0,0.0,0.0,0.0
2020-01-03,5,0,313_RTPV_11,0.0,0.0,0.0,0.0,0.0
2020-01-03,5,0,313_RTPV_12,0.0,0.0,0.0,0.0,0.0
2020-01-03,5,0,320_RTPV_1,0.0,0.0,0.0,0.0,0.0
2020-01-03,5,0,320_RTPV_2,0.0,0.0,0.0,0.0,0.0
2020-01-03,5,0,320_RTPV_3,0.0,0.0,0.0,0.0,0.0
2020-01-03,5,0,313_RTPV_13,0.0,0.0,0.0,0.0,0.0
2020-01-03,5,0,320_RTPV_4,0.0,0.0,0.0,0.0,0.0
2020-01-03,5,0,320_RTPV_5,0.0,0.0,0.0,0.0,0.0
2020-01-03,5,0,118_RTPV_1,0.0,0.0,0.0,0.0,0.0
2020-01-03,5,0,118_RTPV_2,0.0,0.0,0.0,0.0,0.0
2020-01-03,5,0,118_RTPV_3,0.0,0.0,0.0,0.0,0.0
2020-01-03,5,0,118_RTPV_4,0.0,0.0,0.0,0.0,0.0
2020-01-03,5,0,118_RTPV_5,0.0,0.0,0.0,0.0,0.0
2020-01-03,5,0,118_RTPV_6,0.0,0.0,0.0,0.0,0.0
2020-01-03,5,0,320_RTPV_6,0.0,0.0,0.0,0.0,0.0
2020-01-03,5,0,118_RTPV_7,0.0,0.0,0.0,0.0,0.0
2020-01-03,5,0,118_RTPV_8,0.0,0.0,0.0,0.0,0.0
2020-01-03,5,0,118_RTPV_9,0.0,0.0,0.0,0.0,0.0
2020-01-03,5,0,118_RTPV_10,0.0,0.0,0.0,0.0,0.0
2020-01-03,5,0,213_RTPV_1,0.0,0.0,0.0,0.0,0.0
2020-01-03,5,0,309_WIND_1,0.0,33.267,0.0,0.0,0.0
2020-01-03,5,0,317_WIND_1,250.8725,335.0725,0.0,5762.079816,0.0
2020-01-03,5,0,303_WIND_1,160.525,214.025,0.0,3686.963946,0.0
2020-01-03,5,0,122_WIND_1,258.8125,303.2125,0.0,5944.447009,0.0
2020-01-03,5,0,122_WIND_1_PEM,0.0,0.0,374.5875,0.0,0.0
2020-01-03,5,0,303_WIND_1_PEM,0.0,0.0,444.675,0.0,0.0
2020-01-03,5,0,309_WIND_1_PEM,0.0,0.0,67.8,0.0,0.0
2020-01-03,5,0,310_PV_2_PEM,0.0,0.0,0.0,0.0,0.0
2020-01-03,5,0,317_WIND_1_PEM,0.0,0.0,419.5275,0.0,0.0
2020-01-03,5,0,319_PV_1_PEM,0.0,0.0,0.0,0.0,0.0
2020-01-03,5,0,320_PV_1_PEM,0.0,0.0,0.0,0.0,0.0
2020-01-03,5,0,324_PV_1_PEM,0.0,0.0,0.0,0.0,0.0
2020-01-03,5,0,324_PV_2_PEM,0.0,0.0,0.0,0.0,0.0
2020-01-03,5,0,324_PV_3_PEM,0.0,0.0,0.0,0.0,0.0
2020-01-03,6,0,122_HYDRO_1,3.3,3.3,0.0,77.344764,0.0
2020-01-03,6,0,122_HYDRO_2,3.3,3.3,0.0,77.344764,0.0
2020-01-03,6,0,122_HYDRO_3,3.3,3.3,0.0,77.344764,0.0
2020-01-03,6,0,122_HYDRO_4,3.3,3.3,0.0,77.344764,0.0
2020-01-03,6,0,122_HYDRO_5,3.3,3.3,0.0,77.344764,0.0
2020-01-03,6,0,122_HYDRO_6,3.3,3.3,0.0,77.344764,0.0
2020-01-03,6,0,201_HYDRO_4,9.133,9.5,0.0,213.484168,0.0
2020-01-03,6,0,215_HYDRO_1,9.133,9.5,0.0,213.484168,0.0
2020-01-03,6,0,215_HYDRO_2,9.133,9.5,0.0,213.484168,0.0
2020-01-03,6,0,215_HYDRO_3,9.133,9.5,0.0,213.484168,0.0
2020-01-03,6,0,222_HYDRO_1,9.133,9.5,0.0,213.484168,0.0
2020-01-03,6,0,222_HYDRO_2,9.133,9.5,0.0,213.484168,0.0
2020-01-03,6,0,222_HYDRO_3,9.133,9.5,0.0,213.484168,0.0
2020-01-03,6,0,222_HYDRO_4,9.133,9.5,0.0,213.484168,0.0
2020-01-03,6,0,222_HYDRO_5,9.133,9.5,0.0,213.484168,0.0
2020-01-03,6,0,222_HYDRO_6,9.133,9.5,0.0,213.484168,0.0
2020-01-03,6,0,322_HYDRO_1,20.425,43.8,0.0,442.200952,0.0
2020-01-03,6,0,322_HYDRO_2,20.425,43.8,0.0,442.200952,0.0
2020-01-03,6,0,322_HYDRO_3,20.425,43.8,0.0,442.200952,0.0
2020-01-03,6,0,322_HYDRO_4,20.425,43.8,0.0,442.200952,0.0
2020-01-03,6,0,320_PV_1,0.0,0.0,0.0,0.0,0.0
2020-01-03,6,0,314_PV_1,0.0,0.0,0.0,0.0,0.0
2020-01-03,6,0,314_PV_2,0.0,0.0,0.0,0.0,0.0
2020-01-03,6,0,313_PV_1,0.0,0.0,0.0,0.0,0.0
2020-01-03,6,0,314_PV_3,0.0,0.0,0.0,0.0,0.0
2020-01-03,6,0,314_PV_4,0.0,0.0,0.0,0.0,0.0
2020-01-03,6,0,313_PV_2,0.0,0.0,0.0,0.0,0.0
2020-01-03,6,0,310_PV_1,0.0,0.0,0.0,0.0,0.0
2020-01-03,6,0,324_PV_1,0.0,0.0,0.0,0.0,0.0
2020-01-03,6,0,312_PV_1,0.0,0.0,0.0,0.0,0.0
2020-01-03,6,0,310_PV_2,0.0,0.0,0.0,0.0,0.0
2020-01-03,6,0,324_PV_2,0.0,0.0,0.0,0.0,0.0
2020-01-03,6,0,324_PV_3,0.0,0.0,0.0,0.0,0.0
2020-01-03,6,0,113_PV_1,0.0,0.0,0.0,0.0,0.0
2020-01-03,6,0,319_PV_1,0.0,0.0,0.0,0.0,0.0
2020-01-03,6,0,215_PV_1,0.0,0.0,0.0,0.0,0.0
2020-01-03,6,0,102_PV_1,0.0,0.0,0.0,0.0,0.0
2020-01-03,6,0,101_PV_1,0.0,0.0,0.0,0.0,0.0
2020-01-03,6,0,102_PV_2,0.0,0.0,0.0,0.0,0.0
2020-01-03,6,0,104_PV_1,0.0,0.0,0.0,0.0,0.0
2020-01-03,6,0,101_PV_2,0.0,0.0,0.0,0.0,0.0
2020-01-03,6,0,101_PV_3,0.0,0.0,0.0,0.0,0.0
2020-01-03,6,0,101_PV_4,0.0,0.0,0.0,0.0,0.0
2020-01-03,6,0,103_PV_1,0.0,0.0,0.0,0.0,0.0
2020-01-03,6,0,119_PV_1,0.0,0.0,0.0,0.0,0.0
2020-01-03,6,0,308_RTPV_1,0.0,0.0,0.0,0.0,0.0
2020-01-03,6,0,313_RTPV_1,0.0,0.0,0.0,0.0,0.0
2020-01-03,6,0,313_RTPV_2,0.0,0.0,0.0,0.0,0.0
2020-01-03,6,0,313_RTPV_3,0.0,0.0,0.0,0.0,0.0
2020-01-03,6,0,313_RTPV_4,0.0,0.0,0.0,0.0,0.0
2020-01-03,6,0,313_RTPV_5,0.0,0.0,0.0,0.0,0.0
2020-01-03,6,0,313_RTPV_6,0.0,0.0,0.0,0.0,0.0
2020-01-03,6,0,313_RTPV_7,0.0,0.0,0.0,0.0,0.0
2020-01-03,6,0,313_RTPV_8,0.0,0.0,0.0,0.0,0.0
2020-01-03,6,0,313_RTPV_9,0.0,0.0,0.0,0.0,0.0
2020-01-03,6,0,313_RTPV_10,0.0,0.0,0.0,0.0,0.0
2020-01-03,6,0,313_RTPV_11,0.0,0.0,0.0,0.0,0.0
2020-01-03,6,0,313_RTPV_12,0.0,0.0,0.0,0.0,0.0
2020-01-03,6,0,320_RTPV_1,0.0,0.0,0.0,0.0,0.0
2020-01-03,6,0,320_RTPV_2,0.0,0.0,0.0,0.0,0.0
2020-01-03,6,0,320_RTPV_3,0.0,0.0,0.0,0.0,0.0
2020-01-03,6,0,313_RTPV_13,0.0,0.0,0.0,0.0,0.0
2020-01-03,6,0,320_RTPV_4,0.0,0.0,0.0,0.0,0.0
2020-01-03,6,0,320_RTPV_5,0.0,0.0,0.0,0.0,0.0
2020-01-03,6,0,118_RTPV_1,0.0,0.0,0.0,0.0,0.0
2020-01-03,6,0,118_RTPV_2,0.0,0.0,0.0,0.0,0.0
2020-01-03,6,0,118_RTPV_3,0.0,0.0,0.0,0.0,0.0
2020-01-03,6,0,118_RTPV_4,0.0,0.0,0.0,0.0,0.0
2020-01-03,6,0,118_RTPV_5,0.0,0.0,0.0,0.0,0.0
2020-01-03,6,0,118_RTPV_6,0.0,0.0,0.0,0.0,0.0
2020-01-03,6,0,320_RTPV_6,0.0,0.0,0.0,0.0,0.0
2020-01-03,6,0,118_RTPV_7,0.0,0.0,0.0,0.0,0.0
2020-01-03,6,0,118_RTPV_8,0.0,0.0,0.0,0.0,0.0
2020-01-03,6,0,118_RTPV_9,0.0,0.0,0.0,0.0,0.0
2020-01-03,6,0,118_RTPV_10,0.0,0.0,0.0,0.0,0.0
2020-01-03,6,0,213_RTPV_1,0.0,0.0,0.0,0.0,0.0
2020-01-03,6,0,309_WIND_1,0.0,32.167,0.0,-50.251058,0.0
2020-01-03,6,0,317_WIND_1,126.2725,302.2725,0.0,2684.604556,0.0
2020-01-03,6,0,303_WIND_1,228.225,331.525,0.0,5187.719009,0.0
2020-01-03,6,0,122_WIND_1,315.2125,291.6125,0.0,7424.757532,0.0
2020-01-03,6,0,122_WIND_1_PEM,0.0,0.0,374.5875,0.0,0.0
2020-01-03,6,0,303_WIND_1_PEM,68.639085,0.0,376.035915,1715.977135,0.0
2020-01-03,6,0,309_WIND_1_PEM,0.0,0.0,67.4,0.0,0.0
2020-01-03,6,0,310_PV_2_PEM,0.0,0.0,0.0,0.0,0.0
2020-01-03,6,0,317_WIND_1_PEM,0.0,0.0,419.5275,0.0,0.0
2020-01-03,6,0,319_PV_1_PEM,0.0,0.0,0.0,0.0,0.0
2020-01-03,6,0,320_PV_1_PEM,0.0,0.0,0.0,0.0,0.0
2020-01-03,6,0,324_PV_1_PEM,0.0,0.0,0.0,0.0,0.0
2020-01-03,6,0,324_PV_2_PEM,0.0,0.0,0.0,0.0,0.0
2020-01-03,6,0,324_PV_3_PEM,0.0,0.0,0.0,0.0,0.0
2020-01-03,7,0,122_HYDRO_1,3.3,3.3,0.0,67.383022,0.0
2020-01-03,7,0,122_HYDRO_2,3.3,3.3,0.0,67.383022,0.0
2020-01-03,7,0,122_HYDRO_3,3.3,3.3,0.0,67.383022,0.0
2020-01-03,7,0,122_HYDRO_4,3.3,3.3,0.0,67.383022,0.0
2020-01-03,7,0,122_HYDRO_5,3.3,3.3,0.0,67.383022,0.0
2020-01-03,7,0,122_HYDRO_6,3.3,3.3,0.0,67.383022,0.0
2020-01-03,7,0,201_HYDRO_4,9.483,9.3,0.0,194.186726,0.0
2020-01-03,7,0,215_HYDRO_1,9.483,9.3,0.0,194.186726,0.0
2020-01-03,7,0,215_HYDRO_2,9.483,9.3,0.0,194.186726,0.0
2020-01-03,7,0,215_HYDRO_3,9.483,9.3,0.0,194.186726,0.0
2020-01-03,7,0,222_HYDRO_1,9.483,9.3,0.0,194.186726,0.0
2020-01-03,7,0,222_HYDRO_2,9.483,9.3,0.0,194.186726,0.0
2020-01-03,7,0,222_HYDRO_3,9.483,9.3,0.0,194.186726,0.0
2020-01-03,7,0,222_HYDRO_4,9.483,9.3,0.0,194.186726,0.0
2020-01-03,7,0,222_HYDRO_5,9.483,9.3,0.0,194.186726,0.0
2020-01-03,7,0,222_HYDRO_6,9.483,9.3,0.0,194.186726,0.0
2020-01-03,7,0,322_HYDRO_1,43.85,44.4,0.0,893.71714,0.0
2020-01-03,7,0,322_HYDRO_2,43.85,44.4,0.0,893.71714,0.0
2020-01-03,7,0,322_HYDRO_3,43.85,44.4,0.0,893.71714,0.0
2020-01-03,7,0,322_HYDRO_4,43.85,44.4,0.0,893.71714,0.0
2020-01-03,7,0,320_PV_1,0.0,0.0,0.0,0.0,0.0
2020-01-03,7,0,314_PV_1,0.0,23.4,0.0,-70.637803,0.0
2020-01-03,7,0,314_PV_2,0.0,22.9,0.0,-69.128448,0.0
2020-01-03,7,0,313_PV_1,0.0,30.6,0.0,-92.372512,0.0
2020-01-03,7,0,314_PV_3,0.0,32.1,0.0,-96.900576,0.0
2020-01-03,7,0,314_PV_4,0.0,22.8,0.0,-68.826577,0.0
2020-01-03,7,0,313_PV_2,0.0,30.6,0.0,-92.372512,0.0
2020-01-03,7,0,310_PV_1,0.0,18.8,0.0,-56.751739,0.0
2020-01-03,7,0,324_PV_1,0.0,0.0,0.0,0.0,0.0
2020-01-03,7,0,312_PV_1,0.0,25.7,0.0,-77.580835,0.0
2020-01-03,7,0,310_PV_2,0.0,0.0,0.0,0.0,0.0
2020-01-03,7,0,324_PV_2,0.0,0.0,0.0,0.0,0.0
2020-01-03,7,0,324_PV_3,0.0,0.0,0.0,0.0,0.0
2020-01-03,7,0,113_PV_1,0.0,49.6,0.0,-149.727993,0.0
2020-01-03,7,0,319_PV_1,0.0,14.938,0.0,-45.093483,0.0
2020-01-03,7,0,215_PV_1,0.0,61.9,0.0,-186.85812,0.0
2020-01-03,7,0,102_PV_1,4.6,15.0,0.0,62.53327,0.0
2020-01-03,7,0,101_PV_1,2.9,14.8,0.0,23.29274,0.0
2020-01-03,7,0,102_PV_2,5.0,14.8,0.0,72.512135,0.0
2020-01-03,7,0,104_PV_1,5.0,14.9,0.0,72.210264,0.0
2020-01-03,7,0,101_PV_2,3.6,14.9,0.0,39.397334,0.0
2020-01-03,7,0,101_PV_3,3.5,15.1,0.0,36.449811,0.0
2020-01-03,7,0,101_PV_4,2.9,14.4,0.0,24.500223,0.0
2020-01-03,7,0,103_PV_1,0.0,14.7,0.0,-44.37503,0.0
2020-01-03,7,0,119_PV_1,0.0,13.4,0.0,-40.450708,0.0
2020-01-03,7,0,308_RTPV_1,0.0,12.7,0.0,-38.337611,0.0
2020-01-03,7,0,313_RTPV_1,0.0,12.9,0.0,-38.941353,0.0
2020-01-03,7,0,313_RTPV_2,0.0,9.3,0.0,-28.073999,0.0
2020-01-03,7,0,313_RTPV_3,0.0,8.0,0.0,-24.149676,0.0
2020-01-03,7,0,313_RTPV_4,0.0,8.5,0.0,-25.659031,0.0
2020-01-03,7,0,313_RTPV_5,0.0,8.9,0.0,-26.866515,0.0
2020-01-03,7,0,313_RTPV_6,0.0,8.7,0.0,-26.262773,0.0
2020-01-03,7,0,313_RTPV_7,0.0,9.5,0.0,-28.677741,0.0
2020-01-03,7,0,313_RTPV_8,0.0,8.4,0.0,-25.35716,0.0
2020-01-03,7,0,313_RTPV_9,0.0,9.4,0.0,-28.37587,0.0
2020-01-03,7,0,313_RTPV_10,0.0,9.5,0.0,-28.677741,0.0
2020-01-03,7,0,313_RTPV_11,0.0,9.9,0.0,-29.885224,0.0
2020-01-03,7,0,313_RTPV_12,0.0,4.1,0.0,-12.376709,0.0
2020-01-03,7,0,320_RTPV_1,0.0,4.1,0.0,-12.376709,0.0
2020-01-03,7,0,320_RTPV_2,0.0,4.1,0.0,-12.376709,0.0
2020-01-03,7,0,320_RTPV_3,0.0,4.3,0.0,-12.980451,0.0
2020-01-03,7,0,313_RTPV_13,0.0,4.3,0.0,-12.980451,0.0
2020-01-03,7,0,320_RTPV_4,0.0,4.0,0.0,-12.074838,0.0
2020-01-03,7,0,320_RTPV_5,0.0,4.4,0.0,-13.282322,0.0
2020-01-03,7,0,118_RTPV_1,0.0,1.6,0.0,-4.829935,0.0
2020-01-03,7,0,118_RTPV_2,0.0,1.6,0.0,-4.829935,0.0
2020-01-03,7,0,118_RTPV_3,0.0,1.6,0.0,-4.829935,0.0
2020-01-03,7,0,118_RTPV_4,0.0,1.6,0.0,-4.829935,0.0
2020-01-03,7,0,118_RTPV_5,0.0,1.5,0.0,-4.528064,0.0
2020-01-03,7,0,118_RTPV_6,0.0,1.5,0.0,-4.528064,0.0
2020-01-03,7,0,320_RTPV_6,0.0,1.5,0.0,-4.528064,0.0
2020-01-03,7,0,118_RTPV_7,0.0,1.8,0.0,-5.433677,0.0
2020-01-03,7,0,118_RTPV_8,0.0,1.8,0.0,-5.433677,0.0
2020-01-03,7,0,118_RTPV_9,0.0,1.6,0.0,-4.829935,0.0
2020-01-03,7,0,118_RTPV_10,0.0,0.7,0.0,-2.113097,0.0
2020-01-03,7,0,213_RTPV_1,0.0,2.3,0.0,-6.943032,0.0
2020-01-03,7,0,309_WIND_1,0.0,31.067,0.0,-93.782249,0.0
2020-01-03,7,0,317_WIND_1,188.9725,251.5725,0.0,3669.676705,0.0
2020-01-03,7,0,303_WIND_1,311.425,346.025,0.0,6254.570121,0.0
2020-01-03,7,0,122_WIND_1,309.1125,319.8125,0.0,6279.498116,0.0
2020-01-03,7,0,122_WIND_1_PEM,0.0,0.0,374.5875,0.0,0.0
2020-01-03,7,0,303_WIND_1_PEM,0.0,0.0,444.675,0.0,0.0
2020-01-03,7,0,309_WIND_1_PEM,0.0,0.0,74.3,0.0,0.0
2020-01-03,7,0,310_PV_2_PEM,0.0,0.0,0.0,0.0,0.0
2020-01-03,7,0,317_WIND_1_PEM,0.0,0.0,419.5275,0.0,0.0
2020-01-03,7,0,319_PV_1_PEM,0.0,0.0,0.0,0.0,0.0
2020-01-03,7,0,320_PV_1_PEM,0.0,0.0,0.0,0.0,0.0
2020-01-03,7,0,324_PV_1_PEM,0.0,0.0,0.0,0.0,0.0
2020-01-03,7,0,324_PV_2_PEM,0.0,0.0,0.0,0.0,0.0
2020-01-03,7,0,324_PV_3_PEM,0.0,0.0,0.0,0.0,0.0
2020-01-03,8,0,122_HYDRO_1,3.3,3.3,0.0,62.814758,0.0
2020-01-03,8,0,122_HYDRO_2,3.3,3.3,0.0,62.814758,0.0
2020-01-03,8,0,122_HYDRO_3,3.3,3.3,0.0,62.814758,0.0
2020-01-03,8,0,122_HYDRO_4,3.3,3.3,0.0,62.814758,0.0
2020-01-03,8,0,122_HYDRO_5,3.3,3.3,0.0,62.814758,0.0
2020-01-03,8,0,122_HYDRO_6,3.3,3.3,0.0,62.814758,0.0
2020-01-03,8,0,201_HYDRO_4,9.3,9.3,0.0,177.023409,0.0
2020-01-03,8,0,215_HYDRO_1,9.3,9.3,0.0,177.023409,0.0
2020-01-03,8,0,215_HYDRO_2,9.3,9.3,0.0,177.023409,0.0
2020-01-03,8,0,215_HYDRO_3,9.3,9.3,0.0,177.023409,0.0
2020-01-03,8,0,222_HYDRO_1,9.3,9.3,0.0,177.023409,0.0
2020-01-03,8,0,222_HYDRO_2,9.3,9.3,0.0,177.023409,0.0
2020-01-03,8,0,222_HYDRO_3,9.3,9.3,0.0,177.023409,0.0
2020-01-03,8,0,222_HYDRO_4,9.3,9.3,0.0,177.023409,0.0
2020-01-03,8,0,222_HYDRO_5,9.3,9.3,0.0,177.023409,0.0
2020-01-03,8,0,222_HYDRO_6,9.3,9.3,0.0,177.023409,0.0
2020-01-03,8,0,322_HYDRO_1,44.267,42.8,0.0,845.917694,0.0
2020-01-03,8,0,322_HYDRO_2,44.267,42.8,0.0,845.917694,0.0
2020-01-03,8,0,322_HYDRO_3,44.267,42.8,0.0,845.917694,0.0
2020-01-03,8,0,322_HYDRO_4,44.267,42.8,0.0,845.917694,0.0
2020-01-03,8,0,320_PV_1,0.0,4.284,0.0,-9.652298,0.0
2020-01-03,8,0,314_PV_1,23.7,30.5,0.0,435.803062,0.0
2020-01-03,8,0,314_PV_2,25.0,32.1,0.0,459.872338,0.0
2020-01-03,8,0,313_PV_1,35.1,47.8,0.0,639.506184,0.0
2020-01-03,8,0,314_PV_3,36.7,50.4,0.0,667.70872,0.0
2020-01-03,8,0,314_PV_4,24.1,32.1,0.0,440.713247,0.0
2020-01-03,8,0,313_PV_2,34.6,48.1,0.0,628.186313,0.0
2020-01-03,8,0,310_PV_1,23.6,30.8,0.0,432.998343,0.0
2020-01-03,8,0,324_PV_1,3.723,10.923,0.0,54.644118,0.0
2020-01-03,8,0,312_PV_1,33.6,48.8,0.0,605.32126,0.0
2020-01-03,8,0,310_PV_2,0.0,4.484,0.0,-10.102919,0.0
2020-01-03,8,0,324_PV_2,2.844,9.144,0.0,39.940344,0.0
2020-01-03,8,0,324_PV_3,2.39,9.39,0.0,29.721383,0.0
2020-01-03,8,0,113_PV_1,49.0,62.9,0.0,901.385833,0.0
2020-01-03,8,0,319_PV_1,14.038,44.138,0.0,199.391737,0.0
2020-01-03,8,0,215_PV_1,74.6,79.8,0.0,1408.278082,0.0
2020-01-03,8,0,102_PV_1,16.3,18.4,0.0,305.535316,0.0
2020-01-03,8,0,101_PV_1,15.2,18.0,0.0,283.01989,0.0
2020-01-03,8,0,102_PV_2,17.1,18.2,0.0,323.01624,0.0
2020-01-03,8,0,104_PV_1,16.9,18.2,0.0,318.758664,0.0
2020-01-03,8,0,101_PV_2,16.6,18.4,0.0,311.921679,0.0
2020-01-03,8,0,101_PV_3,15.3,18.7,0.0,283.571505,0.0
2020-01-03,8,0,101_PV_4,15.6,17.5,0.0,292.661594,0.0
2020-01-03,8,0,103_PV_1,19.2,28.7,0.0,344.063193,0.0
2020-01-03,8,0,119_PV_1,18.6,27.7,0.0,333.543569,0.0
2020-01-03,8,0,308_RTPV_1,15.6,36.2,0.0,250.528546,0.0
2020-01-03,8,0,313_RTPV_1,17.1,36.3,0.0,282.235054,0.0
2020-01-03,8,0,313_RTPV_2,10.7,22.5,0.0,177.085464,0.0
2020-01-03,8,0,313_RTPV_3,9.4,22.0,0.0,150.537773,0.0
2020-01-03,8,0,313_RTPV_4,9.4,22.1,0.0,150.312463,0.0
2020-01-03,8,0,313_RTPV_5,10.5,22.2,0.0,173.50382,0.0
2020-01-03,8,0,313_RTPV_6,9.1,22.6,0.0,142.799547,0.0
2020-01-03,8,0,313_RTPV_7,11.0,23.1,0.0,182.119966,0.0
2020-01-03,8,0,313_RTPV_8,10.5,22.9,0.0,171.926647,0.0
2020-01-03,8,0,313_RTPV_9,11.8,23.0,0.0,199.37558,0.0
2020-01-03,8,0,313_RTPV_10,10.7,23.5,0.0,174.83236,0.0
2020-01-03,8,0,313_RTPV_11,11.2,24.7,0.0,182.772575,0.0
2020-01-03,8,0,313_RTPV_12,5.3,10.3,0.0,89.618787,0.0
2020-01-03,8,0,320_RTPV_1,5.1,10.3,0.0,85.361211,0.0
2020-01-03,8,0,320_RTPV_2,5.2,10.3,0.0,87.489999,0.0
2020-01-03,8,0,320_RTPV_3,5.3,10.2,0.0,89.844098,0.0
2020-01-03,8,0,313_RTPV_13,4.9,10.3,0.0,81.103636,0.0
2020-01-03,8,0,320_RTPV_4,5.1,9.8,0.0,86.487763,0.0
2020-01-03,8,0,320_RTPV_5,4.7,10.8,0.0,75.719508,0.0
2020-01-03,8,0,118_RTPV_1,2.0,3.6,0.0,34.464584,0.0
2020-01-03,8,0,118_RTPV_2,1.7,3.6,0.0,28.07822,0.0
2020-01-03,8,0,118_RTPV_3,1.9,3.6,0.0,32.335796,0.0
2020-01-03,8,0,118_RTPV_4,2.0,3.6,0.0,34.464584,0.0
2020-01-03,8,0,118_RTPV_5,1.8,3.4,0.0,30.657629,0.0
2020-01-03,8,0,118_RTPV_6,2.0,3.6,0.0,34.464584,0.0
2020-01-03,8,0,320_RTPV_6,1.9,3.5,0.0,32.561106,0.0
2020-01-03,8,0,118_RTPV_7,2.0,3.9,0.0,33.788652,0.0
2020-01-03,8,0,118_RTPV_8,2.3,4.0,0.0,39.949706,0.0
2020-01-03,8,0,118_RTPV_9,2.1,3.6,0.0,36.593371,0.0
2020-01-03,8,0,118_RTPV_10,0.9,1.6,0.0,15.554125,0.0
2020-01-03,8,0,213_RTPV_1,2.6,4.9,0.0,44.308276,0.0
2020-01-03,8,0,309_WIND_1,0.0,40.667,0.0,-91.626988,0.0
2020-01-03,8,0,317_WIND_1,98.4725,143.7725,0.0,1772.336274,0.0
2020-01-03,8,0,303_WIND_1,267.125,276.525,0.0,5063.485124,0.0
2020-01-03,8,0,122_WIND_1,281.1125,315.5125,0.0,5273.406437,0.0
2020-01-03,8,0,122_WIND_1_PEM,0.0,0.0,374.5875,0.0,0.0
2020-01-03,8,0,303_WIND_1_PEM,0.0,0.0,444.675,0.0,0.0
2020-01-03,8,0,309_WIND_1_PEM,0.0,0.0,69.3,0.0,0.0
2020-01-03,8,0,310_PV_2_PEM,0.0,0.0,23.6,0.0,0.0
2020-01-03,8,0,317_WIND_1_PEM,0.0,0.0,419.5275,0.0,0.0
2020-01-03,8,0,319_PV_1_PEM,0.0,0.0,77.162,0.0,0.0
2020-01-03,8,0,320_PV_1_PEM,0.0,0.0,24.3,0.0,0.0
2020-01-03,8,0,324_PV_1_PEM,0.0,0.0,20.377,0.0,0.0
2020-01-03,8,0,324_PV_2_PEM,0.0,0.0,21.156,0.0,0.0
2020-01-03,8,0,324_PV_3_PEM,0.0,0.0,20.91,0.0,0.0
2020-01-03,9,0,122_HYDRO_1,3.3,3.3,0.0,62.241362,0.0
2020-01-03,9,0,122_HYDRO_2,3.3,3.3,0.0,62.241362,0.0
2020-01-03,9,0,122_HYDRO_3,3.3,3.3,0.0,62.241362,0.0
2020-01-03,9,0,122_HYDRO_4,3.3,3.3,0.0,62.241362,0.0
2020-01-03,9,0,122_HYDRO_5,3.3,3.3,0.0,62.241362,0.0
2020-01-03,9,0,122_HYDRO_6,3.3,3.3,0.0,62.241362,0.0
2020-01-03,9,0,201_HYDRO_4,9.3,9.3,0.0,175.407475,0.0
2020-01-03,9,0,215_HYDRO_1,9.3,9.3,0.0,175.407475,0.0
2020-01-03,9,0,215_HYDRO_2,9.3,9.3,0.0,175.407475,0.0
2020-01-03,9,0,215_HYDRO_3,9.3,9.3,0.0,175.407475,0.0
2020-01-03,9,0,222_HYDRO_1,9.3,9.3,0.0,175.407475,0.0
2020-01-03,9,0,222_HYDRO_2,9.3,9.3,0.0,175.407475,0.0
2020-01-03,9,0,222_HYDRO_3,9.3,9.3,0.0,175.407475,0.0
2020-01-03,9,0,222_HYDRO_4,9.3,9.3,0.0,175.407475,0.0
2020-01-03,9,0,222_HYDRO_5,9.3,9.3,0.0,175.407475,0.0
2020-01-03,9,0,222_HYDRO_6,9.3,9.3,0.0,175.407475,0.0
2020-01-03,9,0,322_HYDRO_1,41.642,28.9,0.0,787.624547,0.0
2020-01-03,9,0,322_HYDRO_2,41.642,28.9,0.0,787.624547,0.0
2020-01-03,9,0,322_HYDRO_3,41.642,28.9,0.0,787.624547,0.0
2020-01-03,9,0,322_HYDRO_4,41.642,28.9,0.0,787.624547,0.0
2020-01-03,9,0,320_PV_1,6.084,8.084,0.0,114.402926,0.0
2020-01-03,9,0,314_PV_1,32.5,34.3,0.0,612.670349,0.0
2020-01-03,9,0,314_PV_2,33.5,35.5,0.0,631.496616,0.0
2020-01-03,9,0,313_PV_1,51.9,60.6,0.0,977.375195,0.0
2020-01-03,9,0,314_PV_3,55.6,60.8,0.0,1047.769111,0.0
2020-01-03,9,0,314_PV_4,33.0,35.5,0.0,621.979229,0.0
2020-01-03,9,0,313_PV_2,54.0,61.0,0.0,1017.27872,0.0
2020-01-03,9,0,310_PV_1,30.6,34.7,0.0,576.434774,0.0
2020-01-03,9,0,324_PV_1,12.723,14.223,0.0,239.708107,0.0
2020-01-03,9,0,312_PV_1,54.5,61.6,0.0,1026.691854,0.0
2020-01-03,9,0,310_PV_2,6.684,8.784,0.0,125.702161,0.0
2020-01-03,9,0,324_PV_2,11.344,12.344,0.0,213.785641,0.0
2020-01-03,9,0,324_PV_3,11.99,12.49,0.0,226.056737,0.0
2020-01-03,9,0,113_PV_1,62.4,66.1,0.0,1176.284673,0.0
2020-01-03,9,0,319_PV_1,45.138,57.938,0.0,849.124585,0.0
2020-01-03,9,0,215_PV_1,78.9,83.1,0.0,1487.404605,0.0
2020-01-03,9,0,102_PV_1,19.1,18.9,0.0,360.28021,0.0
2020-01-03,9,0,101_PV_1,17.5,18.8,0.0,329.841945,0.0
2020-01-03,9,0,102_PV_2,19.0,18.6,0.0,358.428859,0.0
2020-01-03,9,0,104_PV_1,18.4,19.0,0.0,346.938492,0.0
2020-01-03,9,0,101_PV_2,18.7,18.9,0.0,352.6663,0.0
2020-01-03,9,0,101_PV_3,18.1,19.2,0.0,341.193308,0.0
2020-01-03,9,0,101_PV_4,17.5,17.6,0.0,330.050453,0.0
2020-01-03,9,0,103_PV_1,33.7,37.6,0.0,634.938683,0.0
2020-01-03,9,0,119_PV_1,33.8,37.1,0.0,636.929039,0.0
2020-01-03,9,0,308_RTPV_1,43.0,54.0,0.0,809.112488,0.0
2020-01-03,9,0,313_RTPV_1,45.9,54.1,0.0,864.29596,0.0
2020-01-03,9,0,313_RTPV_2,26.7,32.2,0.0,502.633542,0.0
2020-01-03,9,0,313_RTPV_3,24.0,32.5,0.0,451.187522,0.0
2020-01-03,9,0,313_RTPV_4,25.0,32.1,0.0,470.291799,0.0
2020-01-03,9,0,313_RTPV_5,25.8,32.0,0.0,485.536995,0.0
2020-01-03,9,0,313_RTPV_6,26.6,33.6,0.0,500.486805,0.0
2020-01-03,9,0,313_RTPV_7,25.8,34.4,0.0,485.11998,0.0
2020-01-03,9,0,313_RTPV_8,27.8,34.3,0.0,523.206906,0.0
2020-01-03,9,0,313_RTPV_9,27.6,34.4,0.0,519.382575,0.0
2020-01-03,9,0,313_RTPV_10,28.1,34.0,0.0,528.969465,0.0
2020-01-03,9,0,313_RTPV_11,28.1,35.9,0.0,528.639328,0.0
2020-01-03,9,0,313_RTPV_12,12.5,15.4,0.0,235.258841,0.0
2020-01-03,9,0,320_RTPV_1,12.7,15.4,0.0,239.065796,0.0
2020-01-03,9,0,320_RTPV_2,12.4,15.4,0.0,233.355364,0.0
2020-01-03,9,0,320_RTPV_3,12.8,15.0,0.0,241.038776,0.0
2020-01-03,9,0,313_RTPV_13,11.7,14.6,0.0,220.170026,0.0
2020-01-03,9,0,320_RTPV_4,12.1,14.1,0.0,227.870815,0.0
2020-01-03,9,0,320_RTPV_5,12.4,15.4,0.0,233.355364,0.0
2020-01-03,9,0,118_RTPV_1,4.3,5.0,0.0,80.980751,0.0
2020-01-03,9,0,118_RTPV_2,2.7,5.0,0.0,50.525111,0.0
2020-01-03,9,0,118_RTPV_3,4.3,5.1,0.0,80.963376,0.0
2020-01-03,9,0,118_RTPV_4,4.4,5.0,0.0,82.884229,0.0
2020-01-03,9,0,118_RTPV_5,4.0,4.9,0.0,75.287694,0.0
2020-01-03,9,0,118_RTPV_6,4.4,5.0,0.0,82.884229,0.0
2020-01-03,9,0,320_RTPV_6,4.3,4.9,0.0,80.998127,0.0
2020-01-03,9,0,118_RTPV_7,4.6,5.6,0.0,86.58693,0.0
2020-01-03,9,0,118_RTPV_8,5.0,5.7,0.0,94.183464,0.0
2020-01-03,9,0,118_RTPV_9,4.0,5.3,0.0,75.218192,0.0
2020-01-03,9,0,118_RTPV_10,1.9,2.4,0.0,35.749058,0.0
2020-01-03,9,0,213_RTPV_1,5.9,7.0,0.0,111.088879,0.0
2020-01-03,9,0,309_WIND_1,0.0,7.367,0.0,-1.280063,0.0
2020-01-03,9,0,317_WIND_1,132.7725,131.4725,0.0,2504.450499,0.0
2020-01-03,9,0,303_WIND_1,212.725,195.025,0.0,4015.285707,0.0
2020-01-03,9,0,122_WIND_1,277.3125,315.7125,0.0,5223.724027,0.0
2020-01-03,9,0,122_WIND_1_PEM,0.0,0.0,374.5875,0.0,0.0
2020-01-03,9,0,303_WIND_1_PEM,0.0,0.0,444.675,0.0,0.0
2020-01-03,9,0,309_WIND_1_PEM,0.0,0.0,50.1,0.0,0.0
2020-01-03,9,0,310_PV_2_PEM,0.0,0.0,26.316,0.0,0.0
2020-01-03,9,0,317_WIND_1_PEM,0.0,0.0,419.5275,0.0,0.0
2020-01-03,9,0,319_PV_1_PEM,0.0,0.0,77.162,0.0,0.0
2020-01-03,9,0,320_PV_1_PEM,0.0,0.0,26.316,0.0,0.0
2020-01-03,9,0,324_PV_1_PEM,0.0,0.0,20.377,0.0,0.0
2020-01-03,9,0,324_PV_2_PEM,0.0,0.0,21.156,0.0,0.0
2020-01-03,9,0,324_PV_3_PEM,0.0,0.0,20.91,0.0,0.0
2020-01-03,10,0,122_HYDRO_1,3.342,3.8,0.0,62.953944,0.0
2020-01-03,10,0,122_HYDRO_2,3.342,3.8,0.0,62.953944,0.0
2020-01-03,10,0,122_HYDRO_3,3.342,3.8,0.0,62.953944,0.0
2020-01-03,10,0,122_HYDRO_4,3.342,3.8,0.0,62.953944,0.0
2020-01-03,10,0,122_HYDRO_5,3.342,3.8,0.0,62.953944,0.0
2020-01-03,10,0,122_HYDRO_6,3.342,3.8,0.0,62.953944,0.0
2020-01-03,10,0,201_HYDRO_4,9.3,9.3,0.0,175.407475,0.0
2020-01-03,10,0,215_HYDRO_1,9.3,9.3,0.0,175.407475,0.0
2020-01-03,10,0,215_HYDRO_2,9.3,9.3,0.0,175.407475,0.0
2020-01-03,10,0,215_HYDRO_3,9.3,9.3,0.0,175.407475,0.0
2020-01-03,10,0,222_HYDRO_1,9.3,9.3,0.0,175.407475,0.0
2020-01-03,10,0,222_HYDRO_2,9.3,9.3,0.0,175.407475,0.0
2020-01-03,10,0,222_HYDRO_3,9.3,9.3,0.0,175.407475,0.0
2020-01-03,10,0,222_HYDRO_4,9.3,9.3,0.0,175.407475,0.0
2020-01-03,10,0,222_HYDRO_5,9.3,9.3,0.0,175.407475,0.0
2020-01-03,10,0,222_HYDRO_6,9.3,9.3,0.0,175.407475,0.0
2020-01-03,10,0,322_HYDRO_1,27.442,11.4,0.0,520.371477,0.0
2020-01-03,10,0,322_HYDRO_2,27.442,11.4,0.0,520.371477,0.0
2020-01-03,10,0,322_HYDRO_3,27.442,11.4,0.0,520.371477,0.0
2020-01-03,10,0,322_HYDRO_4,27.442,11.4,0.0,520.371477,0.0
2020-01-03,10,0,320_PV_1,7.384,8.284,0.0,139.113382,0.0
2020-01-03,10,0,314_PV_1,35.1,34.6,0.0,662.108637,0.0
2020-01-03,10,0,314_PV_2,33.5,34.8,0.0,631.618246,0.0
2020-01-03,10,0,313_PV_1,63.2,64.9,0.0,1191.721001,0.0
2020-01-03,10,0,314_PV_3,60.8,64.9,0.0,1146.037541,0.0
2020-01-03,10,0,314_PV_4,35.5,34.8,0.0,669.687796,0.0
2020-01-03,10,0,313_PV_2,62.6,65.7,0.0,1180.161131,0.0
2020-01-03,10,0,310_PV_1,33.5,35.1,0.0,631.566119,0.0
2020-01-03,10,0,324_PV_1,13.123,13.523,0.0,247.443647,0.0
2020-01-03,10,0,312_PV_1,64.4,66.0,0.0,1214.371599,0.0
2020-01-03,10,0,310_PV_2,10.184,8.784,0.0,192.323874,0.0
2020-01-03,10,0,324_PV_2,12.744,11.744,0.0,240.53858,0.0
2020-01-03,10,0,324_PV_3,13.59,11.89,0.0,256.616631,0.0
2020-01-03,10,0,113_PV_1,62.6,64.0,0.0,1180.456517,0.0
2020-01-03,10,0,319_PV_1,51.738,59.438,0.0,974.493466,0.0
2020-01-03,10,0,215_PV_1,83.2,83.5,0.0,1569.184636,0.0
2020-01-03,10,0,102_PV_1,18.1,19.1,0.0,341.210684,0.0
2020-01-03,10,0,101_PV_1,17.6,18.8,0.0,331.745423,0.0
2020-01-03,10,0,102_PV_2,18.7,18.9,0.0,352.6663,0.0
2020-01-03,10,0,104_PV_1,19.4,19.0,0.0,365.973267,0.0
2020-01-03,10,0,101_PV_2,18.2,19.2,0.0,343.096785,0.0
2020-01-03,10,0,101_PV_3,17.8,19.5,0.0,335.430749,0.0
2020-01-03,10,0,101_PV_4,16.9,18.4,0.0,318.490583,0.0
2020-01-03,10,0,103_PV_1,39.5,44.4,0.0,744.158836,0.0
2020-01-03,10,0,119_PV_1,41.5,41.3,0.0,782.767031,0.0
2020-01-03,10,0,308_RTPV_1,61.5,64.9,0.0,1159.361883,0.0
2020-01-03,10,0,313_RTPV_1,63.4,65.0,0.0,1195.510581,0.0
2020-01-03,10,0,313_RTPV_2,36.3,39.5,0.0,684.098961,0.0
2020-01-03,10,0,313_RTPV_3,35.7,37.4,0.0,673.042985,0.0
2020-01-03,10,0,313_RTPV_4,31.6,38.8,0.0,594.757148,0.0
2020-01-03,10,0,313_RTPV_5,34.7,39.5,0.0,653.643321,0.0
2020-01-03,10,0,313_RTPV_6,38.1,39.6,0.0,718.344181,0.0
2020-01-03,10,0,313_RTPV_7,37.2,40.8,0.0,701.004376,0.0
2020-01-03,10,0,313_RTPV_8,39.1,40.5,0.0,737.222575,0.0
2020-01-03,10,0,313_RTPV_9,38.6,40.8,0.0,727.653061,0.0
2020-01-03,10,0,313_RTPV_10,38.7,40.4,0.0,729.626041,0.0
2020-01-03,10,0,313_RTPV_11,36.6,42.7,0.0,689.253374,0.0
2020-01-03,10,0,313_RTPV_12,17.2,18.2,0.0,324.235767,0.0
2020-01-03,10,0,320_RTPV_1,17.7,18.3,0.0,333.735779,0.0
2020-01-03,10,0,320_RTPV_2,17.5,18.2,0.0,329.946199,0.0
2020-01-03,10,0,320_RTPV_3,17.3,17.9,0.0,326.191371,0.0
2020-01-03,10,0,313_RTPV_13,15.3,17.3,0.0,288.226075,0.0
2020-01-03,10,0,320_RTPV_4,15.5,16.8,0.0,292.119908,0.0
2020-01-03,10,0,320_RTPV_5,15.9,18.2,0.0,299.490559,0.0
2020-01-03,10,0,118_RTPV_1,5.1,5.7,0.0,96.086942,0.0
2020-01-03,10,0,118_RTPV_2,3.9,5.7,0.0,73.245212,0.0
2020-01-03,10,0,118_RTPV_3,5.4,6.1,0.0,101.727872,0.0
2020-01-03,10,0,118_RTPV_4,5.2,5.7,0.0,97.990419,0.0
2020-01-03,10,0,118_RTPV_5,5.1,5.9,0.0,96.052191,0.0
2020-01-03,10,0,118_RTPV_6,5.6,5.7,0.0,105.60433,0.0
2020-01-03,10,0,320_RTPV_6,5.8,6.0,0.0,109.359158,0.0
2020-01-03,10,0,118_RTPV_7,5.9,6.8,0.0,111.12363,0.0
2020-01-03,10,0,118_RTPV_8,6.4,6.9,0.0,120.623642,0.0
2020-01-03,10,0,118_RTPV_9,5.4,6.3,0.0,101.693121,0.0
2020-01-03,10,0,118_RTPV_10,2.4,2.8,0.0,45.196943,0.0
2020-01-03,10,0,213_RTPV_1,7.4,8.3,0.0,139.415158,0.0
2020-01-03,10,0,309_WIND_1,15.067,0.0,0.0,286.796957,0.0
2020-01-03,10,0,317_WIND_1,105.7725,200.3725,0.0,1978.539759,0.0
2020-01-03,10,0,303_WIND_1,75.525,123.125,0.0,1416.207642,0.0
2020-01-03,10,0,122_WIND_1,273.2125,272.6125,0.0,5153.170347,0.0
2020-01-03,10,0,122_WIND_1_PEM,0.0,0.0,374.5875,0.0,0.0
2020-01-03,10,0,303_WIND_1_PEM,0.0,0.0,444.675,0.0,0.0
2020-01-03,10,0,309_WIND_1_PEM,0.0,0.0,75.633,0.0,0.0
2020-01-03,10,0,310_PV_2_PEM,0.0,0.0,26.316,0.0,0.0
2020-01-03,10,0,317_WIND_1_PEM,0.0,0.0,419.5275,0.0,0.0
2020-01-03,10,0,319_PV_1_PEM,0.0,0.0,77.162,0.0,0.0
2020-01-03,10,0,320_PV_1_PEM,0.0,0.0,26.316,0.0,0.0
2020-01-03,10,0,324_PV_1_PEM,0.0,0.0,20.377,0.0,0.0
2020-01-03,10,0,324_PV_2_PEM,0.0,0.0,21.156,0.0,0.0
2020-01-03,10,0,324_PV_3_PEM,0.0,0.0,20.91,0.0,0.0
2020-01-03,11,0,122_HYDRO_1,3.758,3.3,0.0,8.717927,0.0
2020-01-03,11,0,122_HYDRO_2,3.758,3.3,0.0,8.717927,0.0
2020-01-03,11,0,122_HYDRO_3,3.758,3.3,0.0,8.717927,0.0
2020-01-03,11,0,122_HYDRO_4,3.758,3.3,0.0,8.717927,0.0
2020-01-03,11,0,122_HYDRO_5,3.758,3.3,0.0,8.717927,0.0
2020-01-03,11,0,122_HYDRO_6,3.758,3.3,0.0,8.717927,0.0
2020-01-03,11,0,201_HYDRO_4,9.3,9.3,0.0,0.0,0.0
2020-01-03,11,0,215_HYDRO_1,9.3,9.3,0.0,0.0,0.0
2020-01-03,11,0,215_HYDRO_2,9.3,9.3,0.0,0.0,0.0
2020-01-03,11,0,215_HYDRO_3,9.3,9.3,0.0,0.0,0.0
2020-01-03,11,0,222_HYDRO_1,9.3,9.3,0.0,0.0,0.0
2020-01-03,11,0,222_HYDRO_2,9.3,9.3,0.0,0.0,0.0
2020-01-03,11,0,222_HYDRO_3,9.3,9.3,0.0,0.0,0.0
2020-01-03,11,0,222_HYDRO_4,9.3,9.3,0.0,0.0,0.0
2020-01-03,11,0,222_HYDRO_5,9.3,9.3,0.0,0.0,0.0
2020-01-03,11,0,222_HYDRO_6,9.3,9.3,0.0,0.0,0.0
2020-01-03,11,0,322_HYDRO_1,11.442,11.9,0.0,-8.717927,0.0
2020-01-03,11,0,322_HYDRO_2,11.442,11.9,0.0,-8.717927,0.0
2020-01-03,11,0,322_HYDRO_3,11.442,11.9,0.0,-8.717927,0.0
2020-01-03,11,0,322_HYDRO_4,11.442,11.9,0.0,-8.717927,0.0
2020-01-03,11,0,320_PV_1,9.584,7.684,0.0,36.166073,0.0
2020-01-03,11,0,314_PV_1,37.0,34.0,0.0,57.104325,0.0
2020-01-03,11,0,314_PV_2,31.5,35.9,0.0,-83.753011,0.0
2020-01-03,11,0,313_PV_1,68.0,63.3,0.0,89.463443,0.0
2020-01-03,11,0,314_PV_3,63.1,66.2,0.0,-59.007803,0.0
2020-01-03,11,0,314_PV_4,35.5,35.9,0.0,-7.61391,0.0
2020-01-03,11,0,313_PV_2,68.2,63.8,0.0,83.753011,0.0
2020-01-03,11,0,310_PV_1,33.4,33.1,0.0,5.710433,0.0
2020-01-03,11,0,324_PV_1,10.923,0.0,0.0,207.916849,0.0
2020-01-03,11,0,312_PV_1,67.4,64.3,0.0,59.007803,0.0
2020-01-03,11,0,310_PV_2,10.784,6.884,0.0,74.235623,0.0
2020-01-03,11,0,324_PV_2,11.544,0.0,0.0,219.737444,0.0
2020-01-03,11,0,324_PV_3,12.89,0.0,0.0,245.358251,0.0
2020-01-03,11,0,113_PV_1,64.8,60.8,0.0,76.1391,0.0
2020-01-03,11,0,319_PV_1,47.638,61.138,0.0,-256.969464,0.0
2020-01-03,11,0,215_PV_1,81.9,81.3,0.0,11.420865,0.0
2020-01-03,11,0,102_PV_1,18.5,18.9,0.0,-7.61391,0.0
2020-01-03,11,0,101_PV_1,17.7,18.6,0.0,-17.131298,0.0
2020-01-03,11,0,102_PV_2,19.1,18.7,0.0,7.61391,0.0
2020-01-03,11,0,104_PV_1,19.1,18.8,0.0,5.710433,0.0
2020-01-03,11,0,101_PV_2,18.1,19.0,0.0,-17.131298,0.0
2020-01-03,11,0,101_PV_3,18.6,19.2,0.0,-11.420865,0.0
2020-01-03,11,0,101_PV_4,18.1,18.6,0.0,-9.517388,0.0
2020-01-03,11,0,103_PV_1,46.0,10.718666,0.0,671.572259,0.0
2020-01-03,11,0,119_PV_1,44.4,44.3,0.0,1.903478,0.0
2020-01-03,11,0,308_RTPV_1,70.8,68.1,0.0,51.393893,0.0
2020-01-03,11,0,313_RTPV_1,69.9,68.1,0.0,34.262595,0.0
2020-01-03,11,0,313_RTPV_2,42.5,42.6,0.0,-1.903478,0.0
2020-01-03,11,0,313_RTPV_3,40.3,39.7,0.0,11.420865,0.0
2020-01-03,11,0,313_RTPV_4,36.1,42.1,0.0,-114.208651,0.0
2020-01-03,11,0,313_RTPV_5,40.4,42.5,0.0,-39.973028,0.0
2020-01-03,11,0,313_RTPV_6,43.7,40.9,0.0,53.29737,0.0
2020-01-03,11,0,313_RTPV_7,41.7,43.5,0.0,-34.262595,0.0
2020-01-03,11,0,313_RTPV_8,41.8,41.7,0.0,1.903478,0.0
2020-01-03,11,0,313_RTPV_9,44.4,43.4,0.0,19.034775,0.0
2020-01-03,11,0,313_RTPV_10,44.9,43.0,0.0,36.166073,0.0
2020-01-03,11,0,313_RTPV_11,40.1,45.4,0.0,-100.884308,0.0
2020-01-03,11,0,313_RTPV_12,19.0,19.3,0.0,-5.710433,0.0
2020-01-03,11,0,320_RTPV_1,19.8,19.3,0.0,9.517388,0.0
2020-01-03,11,0,320_RTPV_2,20.4,19.2,0.0,22.84173,0.0
2020-01-03,11,0,320_RTPV_3,19.8,18.9,0.0,17.131298,0.0
2020-01-03,11,0,313_RTPV_13,17.3,18.5,0.0,-22.84173,0.0
2020-01-03,11,0,320_RTPV_4,17.2,17.8,0.0,-11.420865,0.0
2020-01-03,11,0,320_RTPV_5,17.1,19.5,0.0,-45.68346,0.0
2020-01-03,11,0,118_RTPV_1,5.5,6.1,0.0,-11.420865,0.0
2020-01-03,11,0,118_RTPV_2,4.6,6.1,0.0,-28.552163,0.0
2020-01-03,11,0,118_RTPV_3,5.8,6.4,0.0,-11.420865,0.0
2020-01-03,11,0,118_RTPV_4,5.6,6.1,0.0,-9.517388,0.0
2020-01-03,11,0,118_RTPV_5,5.5,6.2,0.0,-13.324343,0.0
2020-01-03,11,0,118_RTPV_6,6.0,6.2,0.0,-3.806955,0.0
2020-01-03,11,0,320_RTPV_6,6.8,6.3,0.0,9.517388,0.0
2020-01-03,11,0,118_RTPV_7,6.3,7.0,0.0,-13.324343,0.0
2020-01-03,11,0,118_RTPV_8,7.4,7.1,0.0,5.710433,0.0
2020-01-03,11,0,118_RTPV_9,6.0,7.0,0.0,-19.034775,0.0
2020-01-03,11,0,118_RTPV_10,2.9,2.9,0.0,0.0,0.0
2020-01-03,11,0,213_RTPV_1,8.0,8.7,0.0,-13.324343,0.0
2020-01-03,11,0,309_WIND_1,0.0,39.067,0.0,-743.63156,0.0
2020-01-03,11,0,317_WIND_1,3.6725,260.6725,0.0,-4891.937206,0.0
2020-01-03,11,0,303_WIND_1,173.525,123.125,0.0,959.352666,0.0
2020-01-03,11,0,122_WIND_1,277.1125,324.1125,0.0,-894.634431,0.0
2020-01-03,11,0,122_WIND_1_PEM,0.0,0.0,374.5875,0.0,0.0
2020-01-03,11,0,303_WIND_1_PEM,0.0,0.0,444.675,0.0,0.0
2020-01-03,11,0,309_WIND_1_PEM,0.0,0.0,33.5,0.0,0.0
2020-01-03,11,0,310_PV_2_PEM,0.0,0.0,26.316,0.0,0.0
2020-01-03,11,0,317_WIND_1_PEM,0.0,0.0,419.5275,0.0,0.0
2020-01-03,11,0,319_PV_1_PEM,0.0,0.0,77.162,0.0,0.0
2020-01-03,11,0,320_PV_1_PEM,0.0,0.0,26.316,0.0,0.0
2020-01-03,11,0,324_PV_1_PEM,0.0,0.0,20.377,0.0,0.0
2020-01-03,11,0,324_PV_2_PEM,0.0,0.0,21.156,0.0,0.0
2020-01-03,11,0,324_PV_3_PEM,0.0,0.0,20.91,0.0,0.0
2020-01-03,12,0,122_HYDRO_1,3.3,3.3,0.0,64.975119,0.0
2020-01-03,12,0,122_HYDRO_2,3.3,3.3,0.0,64.975119,0.0
2020-01-03,12,0,122_HYDRO_3,3.3,3.3,0.0,64.975119,0.0
2020-01-03,12,0,122_HYDRO_4,3.3,3.3,0.0,64.975119,0.0
2020-01-03,12,0,122_HYDRO_5,3.3,3.3,0.0,64.975119,0.0
2020-01-03,12,0,122_HYDRO_6,3.3,3.3,0.0,64.975119,0.0
2020-01-03,12,0,201_HYDRO_4,9.283,9.1,0.0,182.657178,0.0
2020-01-03,12,0,215_HYDRO_1,9.283,9.1,0.0,182.657178,0.0
2020-01-03,12,0,215_HYDRO_2,9.283,9.1,0.0,182.657178,0.0
2020-01-03,12,0,215_HYDRO_3,9.283,9.1,0.0,182.657178,0.0
2020-01-03,12,0,222_HYDRO_1,9.283,9.1,0.0,182.657178,0.0
2020-01-03,12,0,222_HYDRO_2,9.283,9.1,0.0,182.657178,0.0
2020-01-03,12,0,222_HYDRO_3,9.283,9.1,0.0,182.657178,0.0
2020-01-03,12,0,222_HYDRO_4,9.283,9.1,0.0,182.657178,0.0
2020-01-03,12,0,222_HYDRO_5,9.283,9.1,0.0,182.657178,0.0
2020-01-03,12,0,222_HYDRO_6,9.283,9.1,0.0,182.657178,0.0
2020-01-03,12,0,322_HYDRO_1,13.458,30.6,0.0,276.202446,0.0
2020-01-03,12,0,322_HYDRO_2,13.458,30.6,0.0,276.202446,0.0
2020-01-03,12,0,322_HYDRO_3,13.458,30.6,0.0,276.202446,0.0
2020-01-03,12,0,322_HYDRO_4,13.458,30.6,0.0,276.202446,0.0
2020-01-03,12,0,320_PV_1,8.784,5.784,0.0,170.987989,0.0
2020-01-03,12,0,314_PV_1,37.0,32.1,0.0,725.301104,0.0
2020-01-03,12,0,314_PV_2,33.0,34.6,0.0,650.798641,0.0
2020-01-03,12,0,313_PV_1,66.3,61.6,0.0,1302.332336,0.0
2020-01-03,12,0,314_PV_3,64.7,64.9,0.0,1274.037058,0.0
2020-01-03,12,0,314_PV_4,37.5,34.6,0.0,736.455129,0.0
2020-01-03,12,0,313_PV_2,60.6,62.1,0.0,1194.161446,0.0
2020-01-03,12,0,310_PV_1,32.5,32.3,0.0,639.775547,0.0
2020-01-03,12,0,324_PV_1,13.423,13.323,0.0,264.225755,0.0
2020-01-03,12,0,312_PV_1,66.5,62.7,0.0,1306.859412,0.0
2020-01-03,12,0,310_PV_2,7.084,6.084,0.0,138.825268,0.0
2020-01-03,12,0,324_PV_2,14.044,11.444,0.0,274.816253,0.0
2020-01-03,12,0,324_PV_3,14.29,11.69,0.0,279.659853,0.0
2020-01-03,12,0,113_PV_1,62.6,60.3,0.0,1231.052617,0.0
2020-01-03,12,0,319_PV_1,50.038,59.938,0.0,991.700787,0.0
2020-01-03,12,0,215_PV_1,78.2,79.3,0.0,1540.433553,0.0
2020-01-03,12,0,102_PV_1,18.0,18.4,0.0,354.671604,0.0
2020-01-03,12,0,101_PV_1,17.7,18.1,0.0,348.764775,0.0
2020-01-03,12,0,102_PV_2,18.6,18.2,0.0,365.961538,0.0
2020-01-03,12,0,104_PV_1,19.8,18.2,0.0,388.803268,0.0
2020-01-03,12,0,101_PV_2,17.5,18.5,0.0,345.219681,0.0
2020-01-03,12,0,101_PV_3,18.2,18.8,0.0,358.740421,0.0
2020-01-03,12,0,101_PV_4,18.7,18.0,0.0,367.734084,0.0
2020-01-03,12,0,103_PV_1,47.2,45.1,0.0,927.966325,0.0
2020-01-03,12,0,119_PV_1,46.1,43.8,0.0,906.177021,0.0
2020-01-03,12,0,308_RTPV_1,73.1,64.7,0.0,1433.798238,0.0
2020-01-03,12,0,313_RTPV_1,70.1,64.7,0.0,1376.693912,0.0
2020-01-03,12,0,313_RTPV_2,45.9,41.9,0.0,901.126221,0.0
2020-01-03,12,0,313_RTPV_3,41.8,40.9,0.0,822.428988,0.0
2020-01-03,12,0,313_RTPV_4,39.7,42.0,0.0,783.176081,0.0
2020-01-03,12,0,313_RTPV_5,42.3,41.8,0.0,832.535565,0.0
2020-01-03,12,0,313_RTPV_6,44.5,40.4,0.0,873.495554,0.0
2020-01-03,12,0,313_RTPV_7,43.5,42.4,0.0,855.770088,0.0
2020-01-03,12,0,313_RTPV_8,41.2,41.2,0.0,811.20452,0.0
2020-01-03,12,0,313_RTPV_9,44.8,42.4,0.0,880.515296,0.0
2020-01-03,12,0,313_RTPV_10,44.3,42.8,0.0,871.25977,0.0
2020-01-03,12,0,313_RTPV_11,41.1,45.2,0.0,811.919662,0.0
2020-01-03,12,0,313_RTPV_12,19.0,18.7,0.0,373.902775,0.0
2020-01-03,12,0,320_RTPV_1,20.7,18.7,0.0,406.261893,0.0
2020-01-03,12,0,320_RTPV_2,20.6,18.7,0.0,404.358415,0.0
2020-01-03,12,0,320_RTPV_3,20.6,18.3,0.0,404.096553,0.0
2020-01-03,12,0,313_RTPV_13,18.2,18.5,0.0,358.544024,0.0
2020-01-03,12,0,320_RTPV_4,17.4,17.7,0.0,342.79248,0.0
2020-01-03,12,0,320_RTPV_5,17.0,19.4,0.0,336.291483,0.0
2020-01-03,12,0,118_RTPV_1,6.1,6.0,0.0,120.040058,0.0
2020-01-03,12,0,118_RTPV_2,5.0,6.0,0.0,99.101805,0.0
2020-01-03,12,0,118_RTPV_3,6.1,6.3,0.0,120.236455,0.0
2020-01-03,12,0,118_RTPV_4,5.9,6.1,0.0,116.298569,0.0
2020-01-03,12,0,118_RTPV_5,5.6,6.1,0.0,110.588136,0.0
2020-01-03,12,0,118_RTPV_6,6.2,6.1,0.0,122.009001,0.0
2020-01-03,12,0,320_RTPV_6,6.7,6.2,0.0,131.591854,0.0
2020-01-03,12,0,118_RTPV_7,6.8,7.2,0.0,134.149987,0.0
2020-01-03,12,0,118_RTPV_8,7.0,7.3,0.0,138.022407,0.0
2020-01-03,12,0,118_RTPV_9,6.5,6.9,0.0,128.243158,0.0
2020-01-03,12,0,118_RTPV_10,2.7,3.0,0.0,53.357858,0.0
2020-01-03,12,0,213_RTPV_1,8.4,8.4,0.0,165.391213,0.0
2020-01-03,12,0,309_WIND_1,4.167,0.0,0.0,79.317908,0.0
2020-01-03,12,0,317_WIND_1,0.0,149.1725,0.0,97.656518,0.0
2020-01-03,12,0,303_WIND_1,222.725,153.725,0.0,4340.157123,0.0
2020-01-03,12,0,122_WIND_1,227.1125,148.8125,0.0,4420.456207,0.0
2020-01-03,12,0,122_WIND_1_PEM,0.0,0.0,374.5875,0.0,0.0
2020-01-03,12,0,303_WIND_1_PEM,0.0,0.0,444.675,0.0,0.0
2020-01-03,12,0,309_WIND_1_PEM,0.0,0.0,75.633,0.0,0.0
2020-01-03,12,0,310_PV_2_PEM,0.0,0.0,26.316,0.0,0.0
2020-01-03,12,0,317_WIND_1_PEM,0.0,0.0,289.2,0.0,0.0
2020-01-03,12,0,319_PV_1_PEM,0.0,0.0,77.162,0.0,0.0
2020-01-03,12,0,320_PV_1_PEM,0.0,0.0,26.316,0.0,0.0
2020-01-03,12,0,324_PV_1_PEM,0.0,0.0,20.377,0.0,0.0
2020-01-03,12,0,324_PV_2_PEM,0.0,0.0,21.156,0.0,0.0
2020-01-03,12,0,324_PV_3_PEM,0.0,0.0,20.91,0.0,0.0
2020-01-03,13,0,122_HYDRO_1,3.3,3.3,0.0,64.975119,0.0
2020-01-03,13,0,122_HYDRO_2,3.3,3.3,0.0,64.975119,0.0
2020-01-03,13,0,122_HYDRO_3,3.3,3.3,0.0,64.975119,0.0
2020-01-03,13,0,122_HYDRO_4,3.3,3.3,0.0,64.975119,0.0
2020-01-03,13,0,122_HYDRO_5,3.3,3.3,0.0,64.975119,0.0
2020-01-03,13,0,122_HYDRO_6,3.3,3.3,0.0,64.975119,0.0
2020-01-03,13,0,201_HYDRO_4,9.117,9.3,0.0,179.628336,0.0
2020-01-03,13,0,215_HYDRO_1,9.117,9.3,0.0,179.628336,0.0
2020-01-03,13,0,215_HYDRO_2,9.117,9.3,0.0,179.628336,0.0
2020-01-03,13,0,215_HYDRO_3,9.117,9.3,0.0,179.628336,0.0
2020-01-03,13,0,222_HYDRO_1,9.117,9.3,0.0,179.628336,0.0
2020-01-03,13,0,222_HYDRO_2,9.117,9.3,0.0,179.628336,0.0
2020-01-03,13,0,222_HYDRO_3,9.117,9.3,0.0,179.628336,0.0
2020-01-03,13,0,222_HYDRO_4,9.117,9.3,0.0,179.628336,0.0
2020-01-03,13,0,222_HYDRO_5,9.117,9.3,0.0,179.628336,0.0
2020-01-03,13,0,222_HYDRO_6,9.117,9.3,0.0,179.628336,0.0
2020-01-03,13,0,322_HYDRO_1,30.708,31.9,0.0,605.403368,0.0
2020-01-03,13,0,322_HYDRO_2,30.708,31.9,0.0,605.403368,0.0
2020-01-03,13,0,322_HYDRO_3,30.708,31.9,0.0,605.403368,0.0
2020-01-03,13,0,322_HYDRO_4,30.708,31.9,0.0,605.403368,0.0
2020-01-03,13,0,320_PV_1,7.984,5.084,0.0,155.30191,0.0
2020-01-03,13,0,314_PV_1,34.9,31.4,0.0,684.869818,0.0
2020-01-03,13,0,314_PV_2,31.2,32.6,0.0,615.226736,0.0
2020-01-03,13,0,313_PV_1,64.1,58.1,0.0,1258.164539,0.0
2020-01-03,13,0,314_PV_3,62.8,60.8,0.0,1235.1869,0.0
2020-01-03,13,0,314_PV_4,36.4,32.6,0.0,714.207566,0.0
2020-01-03,13,0,313_PV_2,62.3,58.6,0.0,1224.229271,0.0
2020-01-03,13,0,310_PV_1,32.5,31.7,0.0,639.382754,0.0
2020-01-03,13,0,324_PV_1,11.323,11.423,0.0,223.008882,0.0
2020-01-03,13,0,312_PV_1,63.2,59.4,0.0,1241.884293,0.0
2020-01-03,13,0,310_PV_2,6.484,5.384,0.0,126.946144,0.0
2020-01-03,13,0,324_PV_2,12.144,9.744,0.0,237.537267,0.0
2020-01-03,13,0,324_PV_3,12.59,9.99,0.0,246.187822,0.0
2020-01-03,13,0,113_PV_1,62.8,61.5,0.0,1235.645158,0.0
2020-01-03,13,0,319_PV_1,61.538,55.238,0.0,1207.523822,0.0
2020-01-03,13,0,215_PV_1,81.0,77.0,0.0,1592.225217,0.0
2020-01-03,13,0,102_PV_1,16.8,17.5,0.0,331.240684,0.0
2020-01-03,13,0,101_PV_1,17.4,17.1,0.0,342.399687,0.0
2020-01-03,13,0,102_PV_2,18.1,17.3,0.0,355.854961,0.0
2020-01-03,13,0,104_PV_1,19.6,17.3,0.0,384.407123,0.0
2020-01-03,13,0,101_PV_2,17.1,17.6,0.0,337.016582,0.0
2020-01-03,13,0,101_PV_3,17.6,17.9,0.0,346.730366,0.0
2020-01-03,13,0,101_PV_4,19.3,17.4,0.0,378.762156,0.0
2020-01-03,13,0,103_PV_1,44.2,39.6,0.0,867.261397,0.0
2020-01-03,13,0,119_PV_1,44.7,38.8,0.0,876.255061,0.0
2020-01-03,13,0,308_RTPV_1,68.4,57.8,0.0,1339.817675,0.0
2020-01-03,13,0,313_RTPV_1,65.5,57.7,0.0,1284.551362,0.0
2020-01-03,13,0,313_RTPV_2,43.9,37.6,0.0,860.241655,0.0
2020-01-03,13,0,313_RTPV_3,42.7,36.8,0.0,836.8762,0.0
2020-01-03,13,0,313_RTPV_4,39.4,37.8,0.0,774.716097,0.0
2020-01-03,13,0,313_RTPV_5,38.6,37.5,0.0,759.291881,0.0
2020-01-03,13,0,313_RTPV_6,41.6,37.7,0.0,816.527137,0.0
2020-01-03,13,0,313_RTPV_7,42.0,37.7,0.0,824.141047,0.0
2020-01-03,13,0,313_RTPV_8,40.4,38.4,0.0,794.143666,0.0
2020-01-03,13,0,313_RTPV_9,42.3,37.7,0.0,829.85148,0.0
2020-01-03,13,0,313_RTPV_10,44.1,38.3,0.0,864.506868,0.0
2020-01-03,13,0,313_RTPV_11,38.7,40.5,0.0,763.159323,0.0
2020-01-03,13,0,313_RTPV_12,17.7,16.7,0.0,347.848258,0.0
2020-01-03,13,0,320_RTPV_1,20.1,16.7,0.0,393.531718,0.0
2020-01-03,13,0,320_RTPV_2,19.5,16.7,0.0,382.110853,0.0
2020-01-03,13,0,320_RTPV_3,19.6,16.4,0.0,383.817934,0.0
2020-01-03,13,0,313_RTPV_13,17.4,16.7,0.0,342.137825,0.0
2020-01-03,13,0,320_RTPV_4,16.0,15.8,0.0,314.89995,0.0
2020-01-03,13,0,320_RTPV_5,16.4,17.5,0.0,323.626774,0.0
2020-01-03,13,0,118_RTPV_1,5.7,5.3,0.0,111.96789,0.0
2020-01-03,13,0,118_RTPV_2,5.3,5.3,0.0,104.353979,0.0
2020-01-03,13,0,118_RTPV_3,5.9,5.7,0.0,116.036707,0.0
2020-01-03,13,0,118_RTPV_4,5.5,5.4,0.0,108.2264,0.0
2020-01-03,13,0,118_RTPV_5,5.8,5.5,0.0,114.002298,0.0
2020-01-03,13,0,118_RTPV_6,6.0,5.4,0.0,117.743788,0.0
2020-01-03,13,0,320_RTPV_6,6.5,5.6,0.0,127.392106,0.0
2020-01-03,13,0,118_RTPV_7,7.2,6.5,0.0,141.305638,0.0
2020-01-03,13,0,118_RTPV_8,6.9,6.6,0.0,135.660671,0.0
2020-01-03,13,0,118_RTPV_9,6.0,5.8,0.0,118.00565,0.0
2020-01-03,13,0,118_RTPV_10,2.7,2.7,0.0,53.161461,0.0
2020-01-03,13,0,213_RTPV_1,7.9,7.3,0.0,155.153705,0.0
2020-01-03,13,0,309_WIND_1,10.667,10.467,0.0,209.89622,0.0
2020-01-03,13,0,317_WIND_1,0.0,156.2725,0.0,102.304568,0.0
2020-01-03,13,0,303_WIND_1,284.325,244.025,0.0,5571.814614,0.0
2020-01-03,13,0,122_WIND_1,141.2125,125.5125,0.0,2770.115563,0.0
2020-01-03,13,0,122_WIND_1_PEM,0.0,0.0,374.5875,0.0,0.0
2020-01-03,13,0,303_WIND_1_PEM,0.0,0.0,444.675,0.0,0.0
2020-01-03,13,0,309_WIND_1_PEM,0.0,0.0,75.633,0.0,0.0
2020-01-03,13,0,310_PV_2_PEM,0.0,0.0,26.316,0.0,0.0
2020-01-03,13,0,317_WIND_1_PEM,0.0,0.0,277.2,0.0,0.0
2020-01-03,13,0,319_PV_1_PEM,0.0,0.0,77.162,0.0,0.0
2020-01-03,13,0,320_PV_1_PEM,0.0,0.0,26.316,0.0,0.0
2020-01-03,13,0,324_PV_1_PEM,0.0,0.0,20.377,0.0,0.0
2020-01-03,13,0,324_PV_2_PEM,0.0,0.0,21.156,0.0,0.0
2020-01-03,13,0,324_PV_3_PEM,0.0,0.0,20.91,0.0,0.0
2020-01-03,14,0,122_HYDRO_1,3.3,3.3,0.0,72.084058,0.0
2020-01-03,14,0,122_HYDRO_2,3.3,3.3,0.0,72.084058,0.0
2020-01-03,14,0,122_HYDRO_3,3.3,3.3,0.0,72.084058,0.0
2020-01-03,14,0,122_HYDRO_4,3.3,3.3,0.0,72.084058,0.0
2020-01-03,14,0,122_HYDRO_5,3.3,3.3,0.0,72.084058,0.0
2020-01-03,14,0,122_HYDRO_6,3.3,3.3,0.0,72.084058,0.0
2020-01-03,14,0,201_HYDRO_4,9.3,9.3,0.0,203.145983,0.0
2020-01-03,14,0,215_HYDRO_1,9.3,9.3,0.0,203.145983,0.0
2020-01-03,14,0,215_HYDRO_2,9.3,9.3,0.0,203.145983,0.0
2020-01-03,14,0,215_HYDRO_3,9.3,9.3,0.0,203.145983,0.0
2020-01-03,14,0,222_HYDRO_1,9.3,9.3,0.0,203.145983,0.0
2020-01-03,14,0,222_HYDRO_2,9.3,9.3,0.0,203.145983,0.0
2020-01-03,14,0,222_HYDRO_3,9.3,9.3,0.0,203.145983,0.0
2020-01-03,14,0,222_HYDRO_4,9.3,9.3,0.0,203.145983,0.0
2020-01-03,14,0,222_HYDRO_5,9.3,9.3,0.0,203.145983,0.0
2020-01-03,14,0,222_HYDRO_6,9.3,9.3,0.0,203.145983,0.0
2020-01-03,14,0,322_HYDRO_1,31.65,28.9,0.0,685.427536,0.0
2020-01-03,14,0,322_HYDRO_2,31.65,28.9,0.0,685.427536,0.0
2020-01-03,14,0,322_HYDRO_3,31.65,28.9,0.0,685.427536,0.0
2020-01-03,14,0,322_HYDRO_4,31.65,28.9,0.0,685.427536,0.0
2020-01-03,14,0,320_PV_1,7.484,4.084,0.0,156.153546,0.0
2020-01-03,14,0,314_PV_1,32.4,30.4,0.0,703.425945,0.0
2020-01-03,14,0,314_PV_2,32.3,30.9,0.0,702.534114,0.0
2020-01-03,14,0,313_PV_1,61.9,52.1,0.0,1331.010793,0.0
2020-01-03,14,0,314_PV_3,56.4,52.8,0.0,1224.226884,0.0
2020-01-03,14,0,314_PV_4,34.8,30.9,0.0,751.757689,0.0
2020-01-03,14,0,313_PV_2,56.8,52.8,0.0,1232.102656,0.0
2020-01-03,14,0,310_PV_1,31.4,30.8,0.0,684.598204,0.0
2020-01-03,14,0,324_PV_1,9.323,9.723,0.0,204.510077,0.0
2020-01-03,14,0,312_PV_1,59.4,53.9,0.0,1285.664821,0.0
2020-01-03,14,0,310_PV_2,4.684,4.684,0.0,102.315676,0.0
2020-01-03,14,0,324_PV_2,10.744,8.544,0.0,229.948927,0.0
2020-01-03,14,0,324_PV_3,11.59,8.79,0.0,247.136124,0.0
2020-01-03,14,0,113_PV_1,64.1,56.7,0.0,1384.23697,0.0
2020-01-03,14,0,319_PV_1,59.738,39.138,0.0,1260.519194,0.0
2020-01-03,14,0,215_PV_1,76.3,70.4,0.0,1653.960885,0.0
2020-01-03,14,0,102_PV_1,17.9,15.7,0.0,386.262115,0.0
2020-01-03,14,0,101_PV_1,15.8,15.2,0.0,343.8372,0.0
2020-01-03,14,0,102_PV_2,16.4,15.5,0.0,356.297125,0.0
2020-01-03,14,0,104_PV_1,18.6,15.4,0.0,399.398449,0.0
2020-01-03,14,0,101_PV_2,17.6,15.8,0.0,380.570709,0.0
2020-01-03,14,0,101_PV_3,16.0,16.0,0.0,349.498465,0.0
2020-01-03,14,0,101_PV_4,19.1,16.0,0.0,410.535699,0.0
2020-01-03,14,0,103_PV_1,36.7,30.1,0.0,787.444227,0.0
2020-01-03,14,0,119_PV_1,35.0,28.5,0.0,750.525437,0.0
2020-01-03,14,0,308_RTPV_1,58.5,45.4,0.0,1249.63343,0.0
2020-01-03,14,0,313_RTPV_1,59.2,45.4,0.0,1263.416031,0.0
2020-01-03,14,0,313_RTPV_2,38.2,28.5,0.0,813.531613,0.0
2020-01-03,14,0,313_RTPV_3,35.3,28.0,0.0,755.355154,0.0
2020-01-03,14,0,313_RTPV_4,31.1,28.3,0.0,673.305815,0.0
2020-01-03,14,0,313_RTPV_5,32.7,28.4,0.0,705.024326,0.0
2020-01-03,14,0,313_RTPV_6,37.3,28.4,0.0,795.595704,0.0
2020-01-03,14,0,313_RTPV_7,35.1,29.4,0.0,754.433182,0.0
2020-01-03,14,0,313_RTPV_8,35.3,28.8,0.0,757.078533,0.0
2020-01-03,14,0,313_RTPV_9,36.9,29.4,0.0,789.874156,0.0
2020-01-03,14,0,313_RTPV_10,38.1,28.9,0.0,812.42436,0.0
2020-01-03,14,0,313_RTPV_11,34.5,30.4,0.0,744.773748,0.0
2020-01-03,14,0,313_RTPV_12,15.4,12.7,0.0,330.575868,0.0
2020-01-03,14,0,320_RTPV_1,17.1,12.7,0.0,364.047899,0.0
2020-01-03,14,0,320_RTPV_2,16.5,12.7,0.0,352.234241,0.0
2020-01-03,14,0,320_RTPV_3,16.8,12.4,0.0,357.494803,0.0
2020-01-03,14,0,313_RTPV_13,15.2,12.8,0.0,326.853405,0.0
2020-01-03,14,0,320_RTPV_4,14.3,11.9,0.0,307.194116,0.0
2020-01-03,14,0,320_RTPV_5,12.9,13.4,0.0,282.86025,0.0
2020-01-03,14,0,118_RTPV_1,5.0,3.9,0.0,106.848624,0.0
2020-01-03,14,0,118_RTPV_2,4.8,3.9,0.0,102.910738,0.0
2020-01-03,14,0,118_RTPV_3,5.5,4.3,0.0,117.555029,0.0
2020-01-03,14,0,118_RTPV_4,4.3,3.9,0.0,93.066023,0.0
2020-01-03,14,0,118_RTPV_5,4.9,4.1,0.0,105.310526,0.0
2020-01-03,14,0,118_RTPV_6,5.0,3.9,0.0,106.848624,0.0
2020-01-03,14,0,320_RTPV_6,5.6,4.2,0.0,119.308549,0.0
2020-01-03,14,0,118_RTPV_7,6.1,5.0,0.0,130.876644,0.0
2020-01-03,14,0,118_RTPV_8,5.9,5.1,0.0,127.15418,0.0
2020-01-03,14,0,118_RTPV_9,4.7,4.4,0.0,102.018907,0.0
2020-01-03,14,0,118_RTPV_10,2.2,2.1,0.0,47.840617,0.0
2020-01-03,14,0,213_RTPV_1,6.6,5.3,0.0,141.367626,0.0
2020-01-03,14,0,309_WIND_1,1.267,7.267,0.0,40.601254,0.0
2020-01-03,14,0,317_WIND_1,0.0,116.0725,0.0,250.046166,0.0
2020-01-03,14,0,303_WIND_1,306.425,140.825,0.0,6336.70221,0.0
2020-01-03,14,0,122_WIND_1,174.7125,107.2125,0.0,3670.949295,0.0
2020-01-03,14,0,122_WIND_1_PEM,0.0,0.0,374.5875,0.0,0.0
2020-01-03,14,0,303_WIND_1_PEM,0.0,0.0,444.675,0.0,0.0
2020-01-03,14,0,309_WIND_1_PEM,0.0,0.0,75.633,0.0,0.0
2020-01-03,14,0,310_PV_2_PEM,0.0,0.0,26.316,0.0,0.0
2020-01-03,14,0,317_WIND_1_PEM,0.0,0.0,277.0,0.0,0.0
2020-01-03,14,0,319_PV_1_PEM,0.0,0.0,77.162,0.0,0.0
2020-01-03,14,0,320_PV_1_PEM,0.0,0.0,26.316,0.0,0.0
2020-01-03,14,0,324_PV_1_PEM,0.0,0.0,20.377,0.0,0.0
2020-01-03,14,0,324_PV_2_PEM,0.0,0.0,21.156,0.0,0.0
2020-01-03,14,0,324_PV_3_PEM,0.0,0.0,20.91,0.0,0.0
2020-01-03,15,0,122_HYDRO_1,3.3,3.3,0.0,82.5,0.0
2020-01-03,15,0,122_HYDRO_2,3.3,3.3,0.0,82.5,0.0
2020-01-03,15,0,122_HYDRO_3,3.3,3.3,0.0,82.5,0.0
2020-01-03,15,0,122_HYDRO_4,3.3,3.3,0.0,82.5,0.0
2020-01-03,15,0,122_HYDRO_5,3.3,3.3,0.0,82.5,0.0
2020-01-03,15,0,122_HYDRO_6,3.3,3.3,0.0,82.5,0.0
2020-01-03,15,0,201_HYDRO_4,9.317,9.5,0.0,233.843011,0.0
2020-01-03,15,0,215_HYDRO_1,9.317,9.5,0.0,233.843011,0.0
2020-01-03,15,0,215_HYDRO_2,9.317,9.5,0.0,233.843011,0.0
2020-01-03,15,0,215_HYDRO_3,9.317,9.5,0.0,233.843011,0.0
2020-01-03,15,0,222_HYDRO_1,9.317,9.5,0.0,233.843011,0.0
2020-01-03,15,0,222_HYDRO_2,9.317,9.5,0.0,233.843011,0.0
2020-01-03,15,0,222_HYDRO_3,9.317,9.5,0.0,233.843011,0.0
2020-01-03,15,0,222_HYDRO_4,9.317,9.5,0.0,233.843011,0.0
2020-01-03,15,0,222_HYDRO_5,9.317,9.5,0.0,233.843011,0.0
2020-01-03,15,0,222_HYDRO_6,9.317,9.5,0.0,233.843011,0.0
2020-01-03,15,0,322_HYDRO_1,29.2,32.5,0.0,746.554293,0.0
2020-01-03,15,0,322_HYDRO_2,29.2,32.5,0.0,746.554293,0.0
2020-01-03,15,0,322_HYDRO_3,29.2,32.5,0.0,746.554293,0.0
2020-01-03,15,0,322_HYDRO_4,29.2,32.5,0.0,746.554293,0.0
2020-01-03,15,0,320_PV_1,6.984,0.0,0.0,139.565096,0.0
2020-01-03,15,0,314_PV_1,32.1,21.5,0.0,749.325603,0.0
2020-01-03,15,0,314_PV_2,30.1,22.8,0.0,715.879897,0.0
2020-01-03,15,0,313_PV_1,56.1,31.7,0.0,1280.098558,0.0
2020-01-03,15,0,314_PV_3,48.9,33.1,0.0,1143.24005,0.0
2020-01-03,15,0,314_PV_4,33.9,22.8,0.0,791.817377,0.0
2020-01-03,15,0,313_PV_2,54.6,33.1,0.0,1257.146271,0.0
2020-01-03,15,0,310_PV_1,32.7,22.0,0.0,763.823958,0.0
2020-01-03,15,0,324_PV_1,12.423,1.923,0.0,257.902248,0.0
2020-01-03,15,0,312_PV_1,54.4,34.5,0.0,1260.172595,0.0
2020-01-03,15,0,310_PV_2,4.184,0.0,0.0,83.611163,0.0
2020-01-03,15,0,324_PV_2,11.144,0.244,0.0,223.920667,0.0
2020-01-03,15,0,324_PV_3,11.69,0.39,0.0,235.564086,0.0
2020-01-03,15,0,113_PV_1,57.1,32.2,0.0,1302.590332,0.0
2020-01-03,15,0,319_PV_1,47.438,0.0,0.0,947.979525,0.0
2020-01-03,15,0,215_PV_1,73.8,41.8,0.0,1684.473519,0.0
2020-01-03,15,0,102_PV_1,14.4,10.3,0.0,339.432545,0.0
2020-01-03,15,0,101_PV_1,14.5,9.8,0.0,338.922673,0.0
2020-01-03,15,0,102_PV_2,14.6,10.2,0.0,342.927609,0.0
2020-01-03,15,0,104_PV_1,15.3,10.4,0.0,357.919383,0.0
2020-01-03,15,0,101_PV_2,16.3,10.3,0.0,377.401285,0.0
2020-01-03,15,0,101_PV_3,14.2,10.4,0.0,335.93748,0.0
2020-01-03,15,0,101_PV_4,15.8,10.2,0.0,366.907866,0.0
2020-01-03,15,0,103_PV_1,25.7,12.9,0.0,578.289408,0.0
2020-01-03,15,0,119_PV_1,22.2,14.3,0.0,515.370025,0.0
2020-01-03,15,0,308_RTPV_1,43.0,23.3,0.0,976.175885,0.0
2020-01-03,15,0,313_RTPV_1,45.1,23.2,0.0,1017.63969,0.0
2020-01-03,15,0,313_RTPV_2,26.5,15.1,0.0,605.312441,0.0
2020-01-03,15,0,313_RTPV_3,22.4,14.2,0.0,518.865089,0.0
2020-01-03,15,0,313_RTPV_4,25.2,14.6,0.0,576.825603,0.0
2020-01-03,15,0,313_RTPV_5,19.8,14.9,0.0,470.419383,0.0
2020-01-03,15,0,313_RTPV_6,25.6,14.8,0.0,585.822313,0.0
2020-01-03,15,0,313_RTPV_7,25.1,14.1,0.0,572.319022,0.0
2020-01-03,15,0,313_RTPV_8,24.1,14.3,0.0,553.338765,0.0
2020-01-03,15,0,313_RTPV_9,27.1,14.1,0.0,612.286117,0.0
2020-01-03,15,0,313_RTPV_10,24.6,13.9,0.0,561.323958,0.0
2020-01-03,15,0,313_RTPV_11,23.9,16.2,0.0,558.873316,0.0
2020-01-03,15,0,313_RTPV_12,10.9,6.3,0.0,249.424318,0.0
2020-01-03,15,0,320_RTPV_1,11.8,6.3,0.0,267.409511,0.0
2020-01-03,15,0,320_RTPV_2,11.6,6.3,0.0,263.412802,0.0
2020-01-03,15,0,320_RTPV_3,11.5,5.9,0.0,259.407866,0.0
2020-01-03,15,0,313_RTPV_13,10.8,6.3,0.0,247.425964,0.0
2020-01-03,15,0,320_RTPV_4,10.3,5.7,0.0,234.424318,0.0
2020-01-03,15,0,320_RTPV_5,9.3,6.3,0.0,217.450642,0.0
2020-01-03,15,0,118_RTPV_1,3.5,1.9,0.0,79.473676,0.0
2020-01-03,15,0,118_RTPV_2,3.3,1.9,0.0,75.476966,0.0
2020-01-03,15,0,118_RTPV_3,3.5,2.0,0.0,79.975321,0.0
2020-01-03,15,0,118_RTPV_4,3.0,2.0,0.0,69.983547,0.0
2020-01-03,15,0,118_RTPV_5,3.8,2.1,0.0,86.472031,0.0
2020-01-03,15,0,118_RTPV_6,3.5,1.9,0.0,79.473676,0.0
2020-01-03,15,0,320_RTPV_6,3.8,2.0,0.0,85.970385,0.0
2020-01-03,15,0,118_RTPV_7,4.3,2.5,0.0,98.470385,0.0
2020-01-03,15,0,118_RTPV_8,4.6,2.5,0.0,104.46545,0.0
2020-01-03,15,0,118_RTPV_9,3.1,2.3,0.0,73.486838,0.0
2020-01-03,15,0,118_RTPV_10,1.7,1.0,0.0,38.988483,0.0
2020-01-03,15,0,213_RTPV_1,4.5,2.1,0.0,100.460514,0.0
2020-01-03,15,0,309_WIND_1,0.0,0.0,0.0,0.0,0.0
2020-01-03,15,0,317_WIND_1,0.0,45.4725,0.0,228.110638,0.0
2020-01-03,15,0,303_WIND_1,184.425,79.525,0.0,4084.39913,0.0
2020-01-03,15,0,122_WIND_1,256.5125,117.0125,0.0,5713.017372,0.0
2020-01-03,15,0,122_WIND_1_PEM,0.0,0.0,374.5875,0.0,0.0
2020-01-03,15,0,303_WIND_1_PEM,0.0,0.0,444.675,0.0,0.0
2020-01-03,15,0,309_WIND_1_PEM,0.0,0.0,60.4,0.0,0.0
2020-01-03,15,0,310_PV_2_PEM,0.0,0.0,26.316,0.0,0.0
2020-01-03,15,0,317_WIND_1_PEM,0.0,0.0,260.3,0.0,0.0
2020-01-03,15,0,319_PV_1_PEM,0.0,0.0,77.162,0.0,0.0
2020-01-03,15,0,320_PV_1_PEM,0.0,0.0,26.316,0.0,0.0
2020-01-03,15,0,324_PV_1_PEM,0.0,0.0,20.377,0.0,0.0
2020-01-03,15,0,324_PV_2_PEM,0.0,0.0,21.156,0.0,0.0
2020-01-03,15,0,324_PV_3_PEM,0.0,0.0,20.91,0.0,0.0
2020-01-03,16,0,122_HYDRO_1,3.3,3.3,0.0,82.5,0.0
2020-01-03,16,0,122_HYDRO_2,3.3,3.3,0.0,82.5,0.0
2020-01-03,16,0,122_HYDRO_3,3.3,3.3,0.0,82.5,0.0
2020-01-03,16,0,122_HYDRO_4,3.3,3.3,0.0,82.5,0.0
2020-01-03,16,0,122_HYDRO_5,3.3,3.3,0.0,82.5,0.0
2020-01-03,16,0,122_HYDRO_6,3.3,3.3,0.0,82.5,0.0
2020-01-03,16,0,201_HYDRO_4,9.483,9.3,0.0,236.395682,0.0
2020-01-03,16,0,215_HYDRO_1,9.483,9.3,0.0,236.395682,0.0
2020-01-03,16,0,215_HYDRO_2,9.483,9.3,0.0,236.395682,0.0
2020-01-03,16,0,215_HYDRO_3,9.483,9.3,0.0,236.395682,0.0
2020-01-03,16,0,222_HYDRO_1,9.483,9.3,0.0,236.395682,0.0
2020-01-03,16,0,222_HYDRO_2,9.483,9.3,0.0,236.395682,0.0
2020-01-03,16,0,222_HYDRO_3,9.483,9.3,0.0,236.395682,0.0
2020-01-03,16,0,222_HYDRO_4,9.483,9.3,0.0,236.395682,0.0
2020-01-03,16,0,222_HYDRO_5,9.483,9.3,0.0,236.395682,0.0
2020-01-03,16,0,222_HYDRO_6,9.483,9.3,0.0,236.395682,0.0
2020-01-03,16,0,322_HYDRO_1,30.817,12.3,0.0,701.687661,0.0
2020-01-03,16,0,322_HYDRO_2,30.817,12.3,0.0,701.687661,0.0
2020-01-03,16,0,322_HYDRO_3,30.817,12.3,0.0,701.687661,0.0
2020-01-03,16,0,322_HYDRO_4,30.817,12.3,0.0,701.687661,0.0
2020-01-03,16,0,320_PV_1,0.0,0.0,0.0,0.0,0.0
2020-01-03,16,0,314_PV_1,20.7,0.0,0.0,440.659102,0.0
2020-01-03,16,0,314_PV_2,16.0,0.0,0.0,340.606069,0.0
2020-01-03,16,0,313_PV_1,31.4,0.0,0.0,668.43941,0.0
2020-01-03,16,0,314_PV_3,25.8,0.0,0.0,549.227286,0.0
2020-01-03,16,0,314_PV_4,21.4,0.0,0.0,455.560617,0.0
2020-01-03,16,0,313_PV_2,29.2,0.0,0.0,621.606076,0.0
2020-01-03,16,0,310_PV_1,20.4,0.0,0.0,434.272738,0.0
2020-01-03,16,0,324_PV_1,0.0,0.0,0.0,0.0,0.0
2020-01-03,16,0,312_PV_1,29.9,0.0,0.0,636.507591,0.0
2020-01-03,16,0,310_PV_2,0.0,0.0,0.0,0.0,0.0
2020-01-03,16,0,324_PV_2,0.444,0.0,0.0,9.451818,0.0
2020-01-03,16,0,324_PV_3,0.0,0.0,0.0,0.0,0.0
2020-01-03,16,0,113_PV_1,25.7,0.0,0.0,547.098498,0.0
2020-01-03,16,0,319_PV_1,0.0,0.0,0.0,0.0,0.0
2020-01-03,16,0,215_PV_1,40.6,0.0,0.0,864.2879,0.0
2020-01-03,16,0,102_PV_1,5.8,0.0,0.0,123.4697,0.0
2020-01-03,16,0,101_PV_1,8.5,0.0,0.0,180.946974,0.0
2020-01-03,16,0,102_PV_2,7.8,0.0,0.0,166.045459,0.0
2020-01-03,16,0,104_PV_1,5.7,0.0,0.0,121.340912,0.0
2020-01-03,16,0,101_PV_2,9.7,0.0,0.0,206.492429,0.0
2020-01-03,16,0,101_PV_3,6.4,0.0,0.0,136.242428,0.0
2020-01-03,16,0,101_PV_4,5.8,0.0,0.0,123.4697,0.0
2020-01-03,16,0,103_PV_1,8.0,0.0,0.0,170.303034,0.0
2020-01-03,16,0,119_PV_1,7.5,0.0,0.0,159.659095,0.0
2020-01-03,16,0,308_RTPV_1,15.8,0.0,0.0,336.348493,0.0
2020-01-03,16,0,313_RTPV_1,16.2,0.0,0.0,344.863645,0.0
2020-01-03,16,0,313_RTPV_2,9.4,0.0,0.0,200.106065,0.0
2020-01-03,16,0,313_RTPV_3,8.3,0.0,0.0,176.689398,0.0
2020-01-03,16,0,313_RTPV_4,9.4,0.0,0.0,200.106065,0.0
2020-01-03,16,0,313_RTPV_5,6.2,0.0,0.0,131.984852,0.0
2020-01-03,16,0,313_RTPV_6,9.4,0.0,0.0,200.106065,0.0
2020-01-03,16,0,313_RTPV_7,9.1,0.0,0.0,193.719702,0.0
2020-01-03,16,0,313_RTPV_8,8.6,0.0,0.0,183.075762,0.0
2020-01-03,16,0,313_RTPV_9,9.9,0.0,0.0,210.750005,0.0
2020-01-03,16,0,313_RTPV_10,7.9,0.0,0.0,168.174246,0.0
2020-01-03,16,0,313_RTPV_11,8.4,0.0,0.0,178.818186,0.0
2020-01-03,16,0,313_RTPV_12,3.8,0.0,0.0,80.893941,0.0
2020-01-03,16,0,320_RTPV_1,4.0,0.0,0.0,85.151517,0.0
2020-01-03,16,0,320_RTPV_2,4.1,0.0,0.0,87.280305,0.0
2020-01-03,16,0,320_RTPV_3,4.2,0.0,0.0,89.409093,0.0
2020-01-03,16,0,313_RTPV_13,3.6,0.0,0.0,76.636365,0.0
2020-01-03,16,0,320_RTPV_4,3.8,0.0,0.0,80.893941,0.0
2020-01-03,16,0,320_RTPV_5,3.0,0.0,0.0,63.863638,0.0
2020-01-03,16,0,118_RTPV_1,1.1,0.0,0.0,23.416667,0.0
2020-01-03,16,0,118_RTPV_2,1.2,0.0,0.0,25.545455,0.0
2020-01-03,16,0,118_RTPV_3,1.3,0.0,0.0,27.674243,0.0
2020-01-03,16,0,118_RTPV_4,1.1,0.0,0.0,23.416667,0.0
2020-01-03,16,0,118_RTPV_5,1.3,0.0,0.0,27.674243,0.0
2020-01-03,16,0,118_RTPV_6,1.3,0.0,0.0,27.674243,0.0
2020-01-03,16,0,320_RTPV_6,1.2,0.0,0.0,25.545455,0.0
2020-01-03,16,0,118_RTPV_7,1.5,0.0,0.0,31.931819,0.0
2020-01-03,16,0,118_RTPV_8,1.7,0.0,0.0,36.189395,0.0
2020-01-03,16,0,118_RTPV_9,1.1,0.0,0.0,23.416667,0.0
2020-01-03,16,0,118_RTPV_10,0.6,0.0,0.0,12.772728,0.0
2020-01-03,16,0,213_RTPV_1,0.1,0.0,0.0,2.128788,0.0
2020-01-03,16,0,309_WIND_1,0.0,0.0,0.0,0.0,0.0
2020-01-03,16,0,317_WIND_1,0.0,107.1725,0.0,397.837256,0.0
2020-01-03,16,0,303_WIND_1,64.325,92.925,0.0,1714.291652,0.0
2020-01-03,16,0,122_WIND_1,315.3125,0.0,0.0,6712.334442,0.0
2020-01-03,16,0,122_WIND_1_PEM,0.0,0.0,374.5875,0.0,0.0
2020-01-03,16,0,303_WIND_1_PEM,0.0,0.0,444.675,0.0,0.0
2020-01-03,16,0,309_WIND_1_PEM,0.0,0.0,47.8,0.0,0.0
2020-01-03,16,0,310_PV_2_PEM,0.0,0.0,16.7,0.0,0.0
2020-01-03,16,0,317_WIND_1_PEM,0.0,171.714771,409.5,637.425956,0.0
2020-01-03,16,0,319_PV_1_PEM,0.0,0.0,72.4,0.0,0.0
2020-01-03,16,0,320_PV_1_PEM,0.0,0.0,20.3,0.0,0.0
2020-01-03,16,0,324_PV_1_PEM,0.0,0.0,19.0,0.0,0.0
2020-01-03,16,0,324_PV_2_PEM,0.0,0.0,21.156,0.0,0.0
2020-01-03,16,0,324_PV_3_PEM,0.0,0.0,20.3,0.0,0.0
2020-01-03,17,0,122_HYDRO_1,3.3,3.3,0.0,254.652632,0.0
2020-01-03,17,0,122_HYDRO_2,3.3,3.3,0.0,254.652632,0.0
2020-01-03,17,0,122_HYDRO_3,3.3,3.3,0.0,254.652632,0.0
2020-01-03,17,0,122_HYDRO_4,3.3,3.3,0.0,254.652632,0.0
2020-01-03,17,0,122_HYDRO_5,3.3,3.3,0.0,254.652632,0.0
2020-01-03,17,0,122_HYDRO_6,3.3,3.3,0.0,254.652632,0.0
2020-01-03,17,0,201_HYDRO_4,9.3,9.3,0.0,717.657417,0.0
2020-01-03,17,0,215_HYDRO_1,9.3,9.3,0.0,717.657417,0.0
2020-01-03,17,0,215_HYDRO_2,9.3,9.3,0.0,717.657417,0.0
2020-01-03,17,0,215_HYDRO_3,9.3,9.3,0.0,717.657417,0.0
2020-01-03,17,0,222_HYDRO_1,9.3,9.3,0.0,717.657417,0.0
2020-01-03,17,0,222_HYDRO_2,9.3,9.3,0.0,717.657417,0.0
2020-01-03,17,0,222_HYDRO_3,9.3,9.3,0.0,717.657417,0.0
2020-01-03,17,0,222_HYDRO_4,9.3,9.3,0.0,717.657417,0.0
2020-01-03,17,0,222_HYDRO_5,9.3,9.3,0.0,717.657417,0.0
2020-01-03,17,0,222_HYDRO_6,9.3,9.3,0.0,717.657417,0.0
2020-01-03,17,0,322_HYDRO_1,13.408,25.6,0.0,1673.508392,0.0
2020-01-03,17,0,322_HYDRO_2,13.408,25.6,0.0,1673.508392,0.0
2020-01-03,17,0,322_HYDRO_3,13.408,25.6,0.0,1673.508392,0.0
2020-01-03,17,0,322_HYDRO_4,13.408,25.6,0.0,1673.508392,0.0
2020-01-03,17,0,320_PV_1,0.0,0.0,0.0,0.0,0.0
2020-01-03,17,0,314_PV_1,0.0,0.0,0.0,0.0,0.0
2020-01-03,17,0,314_PV_2,0.0,0.0,0.0,0.0,0.0
2020-01-03,17,0,313_PV_1,0.0,0.0,0.0,0.0,0.0
2020-01-03,17,0,314_PV_3,0.0,0.0,0.0,0.0,0.0
2020-01-03,17,0,314_PV_4,0.0,0.0,0.0,0.0,0.0
2020-01-03,17,0,313_PV_2,0.0,0.0,0.0,0.0,0.0
2020-01-03,17,0,310_PV_1,0.0,0.0,0.0,0.0,0.0
2020-01-03,17,0,324_PV_1,0.0,0.0,0.0,0.0,0.0
2020-01-03,17,0,312_PV_1,0.0,0.0,0.0,0.0,0.0
2020-01-03,17,0,310_PV_2,0.0,0.0,0.0,0.0,0.0
2020-01-03,17,0,324_PV_2,0.0,0.0,0.0,0.0,0.0
2020-01-03,17,0,324_PV_3,0.0,0.0,0.0,0.0,0.0
2020-01-03,17,0,113_PV_1,0.0,0.0,0.0,0.0,0.0
2020-01-03,17,0,319_PV_1,0.0,0.0,0.0,0.0,0.0
2020-01-03,17,0,215_PV_1,0.0,0.0,0.0,0.0,0.0
2020-01-03,17,0,102_PV_1,0.0,0.0,0.0,0.0,0.0
2020-01-03,17,0,101_PV_1,0.0,0.0,0.0,0.0,0.0
2020-01-03,17,0,102_PV_2,0.0,0.0,0.0,0.0,0.0
2020-01-03,17,0,104_PV_1,0.0,0.0,0.0,0.0,0.0
2020-01-03,17,0,101_PV_2,0.0,0.0,0.0,0.0,0.0
2020-01-03,17,0,101_PV_3,0.0,0.0,0.0,0.0,0.0
2020-01-03,17,0,101_PV_4,0.0,0.0,0.0,0.0,0.0
2020-01-03,17,0,103_PV_1,0.0,0.0,0.0,0.0,0.0
2020-01-03,17,0,119_PV_1,0.0,0.0,0.0,0.0,0.0
2020-01-03,17,0,308_RTPV_1,0.0,0.0,0.0,0.0,0.0
2020-01-03,17,0,313_RTPV_1,0.0,0.0,0.0,0.0,0.0
2020-01-03,17,0,313_RTPV_2,0.0,0.0,0.0,0.0,0.0
2020-01-03,17,0,313_RTPV_3,0.0,0.0,0.0,0.0,0.0
2020-01-03,17,0,313_RTPV_4,0.0,0.0,0.0,0.0,0.0
2020-01-03,17,0,313_RTPV_5,0.0,0.0,0.0,0.0,0.0
2020-01-03,17,0,313_RTPV_6,0.0,0.0,0.0,0.0,0.0
2020-01-03,17,0,313_RTPV_7,0.0,0.0,0.0,0.0,0.0
2020-01-03,17,0,313_RTPV_8,0.0,0.0,0.0,0.0,0.0
2020-01-03,17,0,313_RTPV_9,0.0,0.0,0.0,0.0,0.0
2020-01-03,17,0,313_RTPV_10,0.0,0.0,0.0,0.0,0.0
2020-01-03,17,0,313_RTPV_11,0.0,0.0,0.0,0.0,0.0
2020-01-03,17,0,313_RTPV_12,0.0,0.0,0.0,0.0,0.0
2020-01-03,17,0,320_RTPV_1,0.0,0.0,0.0,0.0,0.0
2020-01-03,17,0,320_RTPV_2,0.0,0.0,0.0,0.0,0.0
2020-01-03,17,0,320_RTPV_3,0.0,0.0,0.0,0.0,0.0
2020-01-03,17,0,313_RTPV_13,0.0,0.0,0.0,0.0,0.0
2020-01-03,17,0,320_RTPV_4,0.0,0.0,0.0,0.0,0.0
2020-01-03,17,0,320_RTPV_5,0.0,0.0,0.0,0.0,0.0
2020-01-03,17,0,118_RTPV_1,0.0,0.0,0.0,0.0,0.0
2020-01-03,17,0,118_RTPV_2,0.0,0.0,0.0,0.0,0.0
2020-01-03,17,0,118_RTPV_3,0.0,0.0,0.0,0.0,0.0
2020-01-03,17,0,118_RTPV_4,0.0,0.0,0.0,0.0,0.0
2020-01-03,17,0,118_RTPV_5,0.0,0.0,0.0,0.0,0.0
2020-01-03,17,0,118_RTPV_6,0.0,0.0,0.0,0.0,0.0
2020-01-03,17,0,320_RTPV_6,0.0,0.0,0.0,0.0,0.0
2020-01-03,17,0,118_RTPV_7,0.0,0.0,0.0,0.0,0.0
2020-01-03,17,0,118_RTPV_8,0.0,0.0,0.0,0.0,0.0
2020-01-03,17,0,118_RTPV_9,0.0,0.0,0.0,0.0,0.0
2020-01-03,17,0,118_RTPV_10,0.0,0.0,0.0,0.0,0.0
2020-01-03,17,0,213_RTPV_1,0.0,0.0,0.0,0.0,0.0
2020-01-03,17,0,309_WIND_1,16.367,3.367,0.0,585.885876,0.0
2020-01-03,17,0,317_WIND_1,144.4725,0.0,0.0,3579.859669,0.0
2020-01-03,17,0,303_WIND_1,0.0,0.0,0.0,0.0,0.0
2020-01-03,17,0,122_WIND_1,330.9125,0.0,0.0,7468.246891,0.0
2020-01-03,17,0,122_WIND_1_PEM,0.0,10.9,374.5875,595.127124,0.0
2020-01-03,17,0,303_WIND_1_PEM,101.767989,329.9,219.732011,19754.246169,0.0
2020-01-03,17,0,309_WIND_1_PEM,75.633,75.633,0.0,5836.406818,0.0
2020-01-03,17,0,310_PV_2_PEM,0.0,0.0,0.0,0.0,0.0
2020-01-03,17,0,317_WIND_1_PEM,0.0,87.5,419.5275,4584.005398,0.0
2020-01-03,17,0,319_PV_1_PEM,0.0,0.0,0.0,0.0,0.0
2020-01-03,17,0,320_PV_1_PEM,0.0,0.0,0.0,0.0,0.0
2020-01-03,17,0,324_PV_1_PEM,0.0,0.0,0.0,0.0,0.0
2020-01-03,17,0,324_PV_2_PEM,0.0,0.0,0.0,0.0,0.0
2020-01-03,17,0,324_PV_3_PEM,0.0,0.0,0.0,0.0,0.0
2020-01-03,18,0,122_HYDRO_1,3.342,3.8,0.0,229.394402,0.0
2020-01-03,18,0,122_HYDRO_2,3.342,3.8,0.0,229.394402,0.0
2020-01-03,18,0,122_HYDRO_3,3.342,3.8,0.0,229.394402,0.0
2020-01-03,18,0,122_HYDRO_4,3.342,3.8,0.0,229.394402,0.0
2020-01-03,18,0,122_HYDRO_5,3.342,3.8,0.0,229.394402,0.0
2020-01-03,18,0,122_HYDRO_6,3.342,3.8,0.0,229.394402,0.0
2020-01-03,18,0,201_HYDRO_4,9.3,9.3,0.0,588.600122,0.0
2020-01-03,18,0,215_HYDRO_1,9.3,9.3,0.0,588.600122,0.0
2020-01-03,18,0,215_HYDRO_2,9.3,9.3,0.0,588.600122,0.0
2020-01-03,18,0,215_HYDRO_3,9.3,9.3,0.0,588.600122,0.0
2020-01-03,18,0,222_HYDRO_1,9.3,9.3,0.0,588.600122,0.0
2020-01-03,18,0,222_HYDRO_2,9.3,9.3,0.0,588.600122,0.0
2020-01-03,18,0,222_HYDRO_3,9.3,9.3,0.0,588.600122,0.0
2020-01-03,18,0,222_HYDRO_4,9.3,9.3,0.0,588.600122,0.0
2020-01-03,18,0,222_HYDRO_5,9.3,9.3,0.0,588.600122,0.0
2020-01-03,18,0,222_HYDRO_6,9.3,9.3,0.0,588.600122,0.0
2020-01-03,18,0,322_HYDRO_1,25.683,26.6,0.0,1660.662934,0.0
2020-01-03,18,0,322_HYDRO_2,25.683,26.6,0.0,1660.662934,0.0
2020-01-03,18,0,322_HYDRO_3,25.683,26.6,0.0,1660.662934,0.0
2020-01-03,18,0,322_HYDRO_4,25.683,26.6,0.0,1660.662934,0.0
2020-01-03,18,0,320_PV_1,0.0,0.0,0.0,0.0,0.0
2020-01-03,18,0,314_PV_1,0.0,0.0,0.0,0.0,0.0
2020-01-03,18,0,314_PV_2,0.0,0.0,0.0,0.0,0.0
2020-01-03,18,0,313_PV_1,0.0,0.0,0.0,0.0,0.0
2020-01-03,18,0,314_PV_3,0.0,0.0,0.0,0.0,0.0
2020-01-03,18,0,314_PV_4,0.0,0.0,0.0,0.0,0.0
2020-01-03,18,0,313_PV_2,0.0,0.0,0.0,0.0,0.0
2020-01-03,18,0,310_PV_1,0.0,0.0,0.0,0.0,0.0
2020-01-03,18,0,324_PV_1,0.0,0.0,0.0,0.0,0.0
2020-01-03,18,0,312_PV_1,0.0,0.0,0.0,0.0,0.0
2020-01-03,18,0,310_PV_2,0.0,0.0,0.0,0.0,0.0
2020-01-03,18,0,324_PV_2,0.0,0.0,0.0,0.0,0.0
2020-01-03,18,0,324_PV_3,0.0,0.0,0.0,0.0,0.0
2020-01-03,18,0,113_PV_1,0.0,0.0,0.0,0.0,0.0
2020-01-03,18,0,319_PV_1,0.0,0.0,0.0,0.0,0.0
2020-01-03,18,0,215_PV_1,0.0,0.0,0.0,0.0,0.0
2020-01-03,18,0,102_PV_1,0.0,0.0,0.0,0.0,0.0
2020-01-03,18,0,101_PV_1,0.0,0.0,0.0,0.0,0.0
2020-01-03,18,0,102_PV_2,0.0,0.0,0.0,0.0,0.0
2020-01-03,18,0,104_PV_1,0.0,0.0,0.0,0.0,0.0
2020-01-03,18,0,101_PV_2,0.0,0.0,0.0,0.0,0.0
2020-01-03,18,0,101_PV_3,0.0,0.0,0.0,0.0,0.0
2020-01-03,18,0,101_PV_4,0.0,0.0,0.0,0.0,0.0
2020-01-03,18,0,103_PV_1,0.0,0.0,0.0,0.0,0.0
2020-01-03,18,0,119_PV_1,0.0,0.0,0.0,0.0,0.0
2020-01-03,18,0,308_RTPV_1,0.0,0.0,0.0,0.0,0.0
2020-01-03,18,0,313_RTPV_1,0.0,0.0,0.0,0.0,0.0
2020-01-03,18,0,313_RTPV_2,0.0,0.0,0.0,0.0,0.0
2020-01-03,18,0,313_RTPV_3,0.0,0.0,0.0,0.0,0.0
2020-01-03,18,0,313_RTPV_4,0.0,0.0,0.0,0.0,0.0
2020-01-03,18,0,313_RTPV_5,0.0,0.0,0.0,0.0,0.0
2020-01-03,18,0,313_RTPV_6,0.0,0.0,0.0,0.0,0.0
2020-01-03,18,0,313_RTPV_7,0.0,0.0,0.0,0.0,0.0
2020-01-03,18,0,313_RTPV_8,0.0,0.0,0.0,0.0,0.0
2020-01-03,18,0,313_RTPV_9,0.0,0.0,0.0,0.0,0.0
2020-01-03,18,0,313_RTPV_10,0.0,0.0,0.0,0.0,0.0
2020-01-03,18,0,313_RTPV_11,0.0,0.0,0.0,0.0,0.0
2020-01-03,18,0,313_RTPV_12,0.0,0.0,0.0,0.0,0.0
2020-01-03,18,0,320_RTPV_1,0.0,0.0,0.0,0.0,0.0
2020-01-03,18,0,320_RTPV_2,0.0,0.0,0.0,0.0,0.0
2020-01-03,18,0,320_RTPV_3,0.0,0.0,0.0,0.0,0.0
2020-01-03,18,0,313_RTPV_13,0.0,0.0,0.0,0.0,0.0
2020-01-03,18,0,320_RTPV_4,0.0,0.0,0.0,0.0,0.0
2020-01-03,18,0,320_RTPV_5,0.0,0.0,0.0,0.0,0.0
2020-01-03,18,0,118_RTPV_1,0.0,0.0,0.0,0.0,0.0
2020-01-03,18,0,118_RTPV_2,0.0,0.0,0.0,0.0,0.0
2020-01-03,18,0,118_RTPV_3,0.0,0.0,0.0,0.0,0.0
2020-01-03,18,0,118_RTPV_4,0.0,0.0,0.0,0.0,0.0
2020-01-03,18,0,118_RTPV_5,0.0,0.0,0.0,0.0,0.0
2020-01-03,18,0,118_RTPV_6,0.0,0.0,0.0,0.0,0.0
2020-01-03,18,0,320_RTPV_6,0.0,0.0,0.0,0.0,0.0
2020-01-03,18,0,118_RTPV_7,0.0,0.0,0.0,0.0,0.0
2020-01-03,18,0,118_RTPV_8,0.0,0.0,0.0,0.0,0.0
2020-01-03,18,0,118_RTPV_9,0.0,0.0,0.0,0.0,0.0
2020-01-03,18,0,118_RTPV_10,0.0,0.0,0.0,0.0,0.0
2020-01-03,18,0,213_RTPV_1,0.0,0.0,0.0,0.0,0.0
2020-01-03,18,0,309_WIND_1,0.0,20.867,0.0,798.481723,0.0
2020-01-03,18,0,317_WIND_1,161.4725,0.0,0.0,4025.87232,0.0
2020-01-03,18,0,303_WIND_1,0.0,0.0,0.0,0.0,0.0
2020-01-03,18,0,122_WIND_1,322.1125,0.0,0.0,7812.897369,0.0
2020-01-03,18,0,122_WIND_1_PEM,0.0,30.1,374.5875,1174.95812,0.0
2020-01-03,18,0,303_WIND_1_PEM,57.729349,286.6,266.770651,12417.24392,0.0
2020-01-03,18,0,309_WIND_1_PEM,71.1,75.633,0.0,4673.399407,0.0
2020-01-03,18,0,310_PV_2_PEM,0.0,0.0,0.0,0.0,0.0
2020-01-03,18,0,317_WIND_1_PEM,0.0,123.8,419.5275,4748.731326,0.0
2020-01-03,18,0,319_PV_1_PEM,0.0,0.0,0.0,0.0,0.0
2020-01-03,18,0,320_PV_1_PEM,0.0,0.0,0.0,0.0,0.0
2020-01-03,18,0,324_PV_1_PEM,0.0,0.0,0.0,0.0,0.0
2020-01-03,18,0,324_PV_2_PEM,0.0,0.0,0.0,0.0,0.0
2020-01-03,18,0,324_PV_3_PEM,0.0,0.0,0.0,0.0,0.0
2020-01-03,19,0,122_HYDRO_1,3.758,3.3,0.0,97.451417,0.0
2020-01-03,19,0,122_HYDRO_2,3.758,3.3,0.0,97.451417,0.0
2020-01-03,19,0,122_HYDRO_3,3.758,3.3,0.0,97.451417,0.0
2020-01-03,19,0,122_HYDRO_4,3.758,3.3,0.0,97.451417,0.0
2020-01-03,19,0,122_HYDRO_5,3.758,3.3,0.0,97.451417,0.0
2020-01-03,19,0,122_HYDRO_6,3.758,3.3,0.0,97.451417,0.0
2020-01-03,19,0,201_HYDRO_4,9.3,9.3,0.0,244.828374,0.0
2020-01-03,19,0,215_HYDRO_1,9.3,9.3,0.0,244.828374,0.0
2020-01-03,19,0,215_HYDRO_2,9.3,9.3,0.0,244.828374,0.0
2020-01-03,19,0,215_HYDRO_3,9.3,9.3,0.0,244.828374,0.0
2020-01-03,19,0,222_HYDRO_1,9.3,9.3,0.0,244.828374,0.0
2020-01-03,19,0,222_HYDRO_2,9.3,9.3,0.0,244.828374,0.0
2020-01-03,19,0,222_HYDRO_3,9.3,9.3,0.0,244.828374,0.0
2020-01-03,19,0,222_HYDRO_4,9.3,9.3,0.0,244.828374,0.0
2020-01-03,19,0,222_HYDRO_5,9.3,9.3,0.0,244.828374,0.0
2020-01-03,19,0,222_HYDRO_6,9.3,9.3,0.0,244.828374,0.0
2020-01-03,19,0,322_HYDRO_1,26.358,23.7,0.0,689.885173,0.0
2020-01-03,19,0,322_HYDRO_2,26.358,23.7,0.0,689.885173,0.0
2020-01-03,19,0,322_HYDRO_3,26.358,23.7,0.0,689.885173,0.0
2020-01-03,19,0,322_HYDRO_4,26.358,23.7,0.0,689.885173,0.0
2020-01-03,19,0,320_PV_1,0.0,0.0,0.0,0.0,0.0
2020-01-03,19,0,314_PV_1,0.0,0.0,0.0,0.0,0.0
2020-01-03,19,0,314_PV_2,0.0,0.0,0.0,0.0,0.0
2020-01-03,19,0,313_PV_1,0.0,0.0,0.0,0.0,0.0
2020-01-03,19,0,314_PV_3,0.0,0.0,0.0,0.0,0.0
2020-01-03,19,0,314_PV_4,0.0,0.0,0.0,0.0,0.0
2020-01-03,19,0,313_PV_2,0.0,0.0,0.0,0.0,0.0
2020-01-03,19,0,310_PV_1,0.0,0.0,0.0,0.0,0.0
2020-01-03,19,0,324_PV_1,0.0,0.0,0.0,0.0,0.0
2020-01-03,19,0,312_PV_1,0.0,0.0,0.0,0.0,0.0
2020-01-03,19,0,310_PV_2,0.0,0.0,0.0,0.0,0.0
2020-01-03,19,0,324_PV_2,0.0,0.0,0.0,0.0,0.0
2020-01-03,19,0,324_PV_3,0.0,0.0,0.0,0.0,0.0
2020-01-03,19,0,113_PV_1,0.0,0.0,0.0,0.0,0.0
2020-01-03,19,0,319_PV_1,0.0,0.0,0.0,0.0,0.0
2020-01-03,19,0,215_PV_1,0.0,0.0,0.0,0.0,0.0
2020-01-03,19,0,102_PV_1,0.0,0.0,0.0,0.0,0.0
2020-01-03,19,0,101_PV_1,0.0,0.0,0.0,0.0,0.0
2020-01-03,19,0,102_PV_2,0.0,0.0,0.0,0.0,0.0
2020-01-03,19,0,104_PV_1,0.0,0.0,0.0,0.0,0.0
2020-01-03,19,0,101_PV_2,0.0,0.0,0.0,0.0,0.0
2020-01-03,19,0,101_PV_3,0.0,0.0,0.0,0.0,0.0
2020-01-03,19,0,101_PV_4,0.0,0.0,0.0,0.0,0.0
2020-01-03,19,0,103_PV_1,0.0,0.0,0.0,0.0,0.0
2020-01-03,19,0,119_PV_1,0.0,0.0,0.0,0.0,0.0
2020-01-03,19,0,308_RTPV_1,0.0,0.0,0.0,0.0,0.0
2020-01-03,19,0,313_RTPV_1,0.0,0.0,0.0,0.0,0.0
2020-01-03,19,0,313_RTPV_2,0.0,0.0,0.0,0.0,0.0
2020-01-03,19,0,313_RTPV_3,0.0,0.0,0.0,0.0,0.0
2020-01-03,19,0,313_RTPV_4,0.0,0.0,0.0,0.0,0.0
2020-01-03,19,0,313_RTPV_5,0.0,0.0,0.0,0.0,0.0
2020-01-03,19,0,313_RTPV_6,0.0,0.0,0.0,0.0,0.0
2020-01-03,19,0,313_RTPV_7,0.0,0.0,0.0,0.0,0.0
2020-01-03,19,0,313_RTPV_8,0.0,0.0,0.0,0.0,0.0
2020-01-03,19,0,313_RTPV_9,0.0,0.0,0.0,0.0,0.0
2020-01-03,19,0,313_RTPV_10,0.0,0.0,0.0,0.0,0.0
2020-01-03,19,0,313_RTPV_11,0.0,0.0,0.0,0.0,0.0
2020-01-03,19,0,313_RTPV_12,0.0,0.0,0.0,0.0,0.0
2020-01-03,19,0,320_RTPV_1,0.0,0.0,0.0,0.0,0.0
2020-01-03,19,0,320_RTPV_2,0.0,0.0,0.0,0.0,0.0
2020-01-03,19,0,320_RTPV_3,0.0,0.0,0.0,0.0,0.0
2020-01-03,19,0,313_RTPV_13,0.0,0.0,0.0,0.0,0.0
2020-01-03,19,0,320_RTPV_4,0.0,0.0,0.0,0.0,0.0
2020-01-03,19,0,320_RTPV_5,0.0,0.0,0.0,0.0,0.0
2020-01-03,19,0,118_RTPV_1,0.0,0.0,0.0,0.0,0.0
2020-01-03,19,0,118_RTPV_2,0.0,0.0,0.0,0.0,0.0
2020-01-03,19,0,118_RTPV_3,0.0,0.0,0.0,0.0,0.0
2020-01-03,19,0,118_RTPV_4,0.0,0.0,0.0,0.0,0.0
2020-01-03,19,0,118_RTPV_5,0.0,0.0,0.0,0.0,0.0
2020-01-03,19,0,118_RTPV_6,0.0,0.0,0.0,0.0,0.0
2020-01-03,19,0,320_RTPV_6,0.0,0.0,0.0,0.0,0.0
2020-01-03,19,0,118_RTPV_7,0.0,0.0,0.0,0.0,0.0
2020-01-03,19,0,118_RTPV_8,0.0,0.0,0.0,0.0,0.0
2020-01-03,19,0,118_RTPV_9,0.0,0.0,0.0,0.0,0.0
2020-01-03,19,0,118_RTPV_10,0.0,0.0,0.0,0.0,0.0
2020-01-03,19,0,213_RTPV_1,0.0,0.0,0.0,0.0,0.0
2020-01-03,19,0,309_WIND_1,0.0,16.867,0.0,21.277942,0.0
2020-01-03,19,0,317_WIND_1,0.0,0.0,0.0,0.0,0.0
2020-01-03,19,0,303_WIND_1,0.0,0.0,0.0,0.0,0.0
2020-01-03,19,0,122_WIND_1,295.2125,0.0,0.0,6817.495821,0.0
2020-01-03,19,0,122_WIND_1_PEM,0.0,0.475913,374.5875,1.538204,0.0
2020-01-03,19,0,303_WIND_1_PEM,139.673354,294.6,107.926646,3882.364928,0.0
2020-01-03,19,0,309_WIND_1_PEM,56.5,0.0,0.0,1416.122698,0.0
2020-01-03,19,0,310_PV_2_PEM,0.0,0.0,0.0,0.0,0.0
2020-01-03,19,0,317_WIND_1_PEM,0.0,264.8,379.3,396.94982,0.0
2020-01-03,19,0,319_PV_1_PEM,0.0,0.0,0.0,0.0,0.0
2020-01-03,19,0,320_PV_1_PEM,0.0,0.0,0.0,0.0,0.0
2020-01-03,19,0,324_PV_1_PEM,0.0,0.0,0.0,0.0,0.0
2020-01-03,19,0,324_PV_2_PEM,0.0,0.0,0.0,0.0,0.0
2020-01-03,19,0,324_PV_3_PEM,0.0,0.0,0.0,0.0,0.0
2020-01-03,20,0,122_HYDRO_1,3.342,3.8,0.0,83.55,0.0
2020-01-03,20,0,122_HYDRO_2,3.342,3.8,0.0,83.55,0.0
2020-01-03,20,0,122_HYDRO_3,3.342,3.8,0.0,83.55,0.0
2020-01-03,20,0,122_HYDRO_4,3.342,3.8,0.0,83.55,0.0
2020-01-03,20,0,122_HYDRO_5,3.342,3.8,0.0,83.55,0.0
2020-01-03,20,0,122_HYDRO_6,3.342,3.8,0.0,83.55,0.0
2020-01-03,20,0,201_HYDRO_4,9.317,9.5,0.0,232.925,0.0
2020-01-03,20,0,215_HYDRO_1,9.317,9.5,0.0,232.925,0.0
2020-01-03,20,0,215_HYDRO_2,9.317,9.5,0.0,232.925,0.0
2020-01-03,20,0,215_HYDRO_3,9.317,9.5,0.0,232.925,0.0
2020-01-03,20,0,222_HYDRO_1,9.317,9.5,0.0,232.925,0.0
2020-01-03,20,0,222_HYDRO_2,9.317,9.5,0.0,232.925,0.0
2020-01-03,20,0,222_HYDRO_3,9.317,9.5,0.0,232.925,0.0
2020-01-03,20,0,222_HYDRO_4,9.317,9.5,0.0,232.925,0.0
2020-01-03,20,0,222_HYDRO_5,9.317,9.5,0.0,232.925,0.0
2020-01-03,20,0,222_HYDRO_6,9.317,9.5,0.0,232.925,0.0
2020-01-03,20,0,322_HYDRO_1,23.867,25.7,0.0,596.675,0.0
2020-01-03,20,0,322_HYDRO_2,23.867,25.7,0.0,596.675,0.0
2020-01-03,20,0,322_HYDRO_3,23.867,25.7,0.0,596.675,0.0
2020-01-03,20,0,322_HYDRO_4,23.867,25.7,0.0,596.675,0.0
2020-01-03,20,0,320_PV_1,0.0,0.0,0.0,0.0,0.0
2020-01-03,20,0,314_PV_1,0.0,0.0,0.0,0.0,0.0
2020-01-03,20,0,314_PV_2,0.0,0.0,0.0,0.0,0.0
2020-01-03,20,0,313_PV_1,0.0,0.0,0.0,0.0,0.0
2020-01-03,20,0,314_PV_3,0.0,0.0,0.0,0.0,0.0
2020-01-03,20,0,314_PV_4,0.0,0.0,0.0,0.0,0.0
2020-01-03,20,0,313_PV_2,0.0,0.0,0.0,0.0,0.0
2020-01-03,20,0,310_PV_1,0.0,0.0,0.0,0.0,0.0
2020-01-03,20,0,324_PV_1,0.0,0.0,0.0,0.0,0.0
2020-01-03,20,0,312_PV_1,0.0,0.0,0.0,0.0,0.0
2020-01-03,20,0,310_PV_2,0.0,0.0,0.0,0.0,0.0
2020-01-03,20,0,324_PV_2,0.0,0.0,0.0,0.0,0.0
2020-01-03,20,0,324_PV_3,0.0,0.0,0.0,0.0,0.0
2020-01-03,20,0,113_PV_1,0.0,0.0,0.0,0.0,0.0
2020-01-03,20,0,319_PV_1,0.0,0.0,0.0,0.0,0.0
2020-01-03,20,0,215_PV_1,0.0,0.0,0.0,0.0,0.0
2020-01-03,20,0,102_PV_1,0.0,0.0,0.0,0.0,0.0
2020-01-03,20,0,101_PV_1,0.0,0.0,0.0,0.0,0.0
2020-01-03,20,0,102_PV_2,0.0,0.0,0.0,0.0,0.0
2020-01-03,20,0,104_PV_1,0.0,0.0,0.0,0.0,0.0
2020-01-03,20,0,101_PV_2,0.0,0.0,0.0,0.0,0.0
2020-01-03,20,0,101_PV_3,0.0,0.0,0.0,0.0,0.0
2020-01-03,20,0,101_PV_4,0.0,0.0,0.0,0.0,0.0
2020-01-03,20,0,103_PV_1,0.0,0.0,0.0,0.0,0.0
2020-01-03,20,0,119_PV_1,0.0,0.0,0.0,0.0,0.0
2020-01-03,20,0,308_RTPV_1,0.0,0.0,0.0,0.0,0.0
2020-01-03,20,0,313_RTPV_1,0.0,0.0,0.0,0.0,0.0
2020-01-03,20,0,313_RTPV_2,0.0,0.0,0.0,0.0,0.0
2020-01-03,20,0,313_RTPV_3,0.0,0.0,0.0,0.0,0.0
2020-01-03,20,0,313_RTPV_4,0.0,0.0,0.0,0.0,0.0
2020-01-03,20,0,313_RTPV_5,0.0,0.0,0.0,0.0,0.0
2020-01-03,20,0,313_RTPV_6,0.0,0.0,0.0,0.0,0.0
2020-01-03,20,0,313_RTPV_7,0.0,0.0,0.0,0.0,0.0
2020-01-03,20,0,313_RTPV_8,0.0,0.0,0.0,0.0,0.0
2020-01-03,20,0,313_RTPV_9,0.0,0.0,0.0,0.0,0.0
2020-01-03,20,0,313_RTPV_10,0.0,0.0,0.0,0.0,0.0
2020-01-03,20,0,313_RTPV_11,0.0,0.0,0.0,0.0,0.0
2020-01-03,20,0,313_RTPV_12,0.0,0.0,0.0,0.0,0.0
2020-01-03,20,0,320_RTPV_1,0.0,0.0,0.0,0.0,0.0
2020-01-03,20,0,320_RTPV_2,0.0,0.0,0.0,0.0,0.0
2020-01-03,20,0,320_RTPV_3,0.0,0.0,0.0,0.0,0.0
2020-01-03,20,0,313_RTPV_13,0.0,0.0,0.0,0.0,0.0
2020-01-03,20,0,320_RTPV_4,0.0,0.0,0.0,0.0,0.0
2020-01-03,20,0,320_RTPV_5,0.0,0.0,0.0,0.0,0.0
2020-01-03,20,0,118_RTPV_1,0.0,0.0,0.0,0.0,0.0
2020-01-03,20,0,118_RTPV_2,0.0,0.0,0.0,0.0,0.0
2020-01-03,20,0,118_RTPV_3,0.0,0.0,0.0,0.0,0.0
2020-01-03,20,0,118_RTPV_4,0.0,0.0,0.0,0.0,0.0
2020-01-03,20,0,118_RTPV_5,0.0,0.0,0.0,0.0,0.0
2020-01-03,20,0,118_RTPV_6,0.0,0.0,0.0,0.0,0.0
2020-01-03,20,0,320_RTPV_6,0.0,0.0,0.0,0.0,0.0
2020-01-03,20,0,118_RTPV_7,0.0,0.0,0.0,0.0,0.0
2020-01-03,20,0,118_RTPV_8,0.0,0.0,0.0,0.0,0.0
2020-01-03,20,0,118_RTPV_9,0.0,0.0,0.0,0.0,0.0
2020-01-03,20,0,118_RTPV_10,0.0,0.0,0.0,0.0,0.0
2020-01-03,20,0,213_RTPV_1,0.0,0.0,0.0,0.0,0.0
2020-01-03,20,0,309_WIND_1,0.0,43.067,0.0,0.0,0.0
2020-01-03,20,0,317_WIND_1,0.0,0.0,0.0,0.0,0.0
2020-01-03,20,0,303_WIND_1,0.0,0.0,0.0,0.0,0.0
2020-01-03,20,0,122_WIND_1,75.5125,14.9125,0.0,1887.8125,0.0
2020-01-03,20,0,122_WIND_1_PEM,96.739021,72.366521,277.848479,2418.475525,0.0
2020-01-03,20,0,303_WIND_1_PEM,164.1,303.2,0.0,4102.5,0.0
2020-01-03,20,0,309_WIND_1_PEM,31.0,0.0,0.0,775.0,0.0
2020-01-03,20,0,310_PV_2_PEM,0.0,0.0,0.0,0.0,0.0
2020-01-03,20,0,317_WIND_1_PEM,355.5,400.4,0.0,8887.5,0.0
2020-01-03,20,0,319_PV_1_PEM,0.0,0.0,0.0,0.0,0.0
2020-01-03,20,0,320_PV_1_PEM,0.0,0.0,0.0,0.0,0.0
2020-01-03,20,0,324_PV_1_PEM,0.0,0.0,0.0,0.0,0.0
2020-01-03,20,0,324_PV_2_PEM,0.0,0.0,0.0,0.0,0.0
2020-01-03,20,0,324_PV_3_PEM,0.0,0.0,0.0,0.0,0.0
2020-01-03,21,0,122_HYDRO_1,3.833,4.2,0.0,95.825,0.0
2020-01-03,21,0,122_HYDRO_2,3.833,4.2,0.0,95.825,0.0
2020-01-03,21,0,122_HYDRO_3,3.833,4.2,0.0,95.825,0.0
2020-01-03,21,0,122_HYDRO_4,3.833,4.2,0.0,95.825,0.0
2020-01-03,21,0,122_HYDRO_5,3.833,4.2,0.0,95.825,0.0
2020-01-03,21,0,122_HYDRO_6,3.833,4.2,0.0,95.825,0.0
2020-01-03,21,0,201_HYDRO_4,9.467,9.1,0.0,236.675,0.0
2020-01-03,21,0,215_HYDRO_1,9.467,9.1,0.0,236.675,0.0
2020-01-03,21,0,215_HYDRO_2,9.467,9.1,0.0,236.675,0.0
2020-01-03,21,0,215_HYDRO_3,9.467,9.1,0.0,236.675,0.0
2020-01-03,21,0,222_HYDRO_1,9.467,9.1,0.0,236.675,0.0
2020-01-03,21,0,222_HYDRO_2,9.467,9.1,0.0,236.675,0.0
2020-01-03,21,0,222_HYDRO_3,9.467,9.1,0.0,236.675,0.0
2020-01-03,21,0,222_HYDRO_4,9.467,9.1,0.0,236.675,0.0
2020-01-03,21,0,222_HYDRO_5,9.467,9.1,0.0,236.675,0.0
2020-01-03,21,0,222_HYDRO_6,9.467,9.1,0.0,236.675,0.0
2020-01-03,21,0,322_HYDRO_1,25.767,26.5,0.0,644.175,0.0
2020-01-03,21,0,322_HYDRO_2,25.767,26.5,0.0,644.175,0.0
2020-01-03,21,0,322_HYDRO_3,25.767,26.5,0.0,644.175,0.0
2020-01-03,21,0,322_HYDRO_4,25.767,26.5,0.0,644.175,0.0
2020-01-03,21,0,320_PV_1,0.0,0.0,0.0,0.0,0.0
2020-01-03,21,0,314_PV_1,0.0,0.0,0.0,0.0,0.0
2020-01-03,21,0,314_PV_2,0.0,0.0,0.0,0.0,0.0
2020-01-03,21,0,313_PV_1,0.0,0.0,0.0,0.0,0.0
2020-01-03,21,0,314_PV_3,0.0,0.0,0.0,0.0,0.0
2020-01-03,21,0,314_PV_4,0.0,0.0,0.0,0.0,0.0
2020-01-03,21,0,313_PV_2,0.0,0.0,0.0,0.0,0.0
2020-01-03,21,0,310_PV_1,0.0,0.0,0.0,0.0,0.0
2020-01-03,21,0,324_PV_1,0.0,0.0,0.0,0.0,0.0
2020-01-03,21,0,312_PV_1,0.0,0.0,0.0,0.0,0.0
2020-01-03,21,0,310_PV_2,0.0,0.0,0.0,0.0,0.0
2020-01-03,21,0,324_PV_2,0.0,0.0,0.0,0.0,0.0
2020-01-03,21,0,324_PV_3,0.0,0.0,0.0,0.0,0.0
2020-01-03,21,0,113_PV_1,0.0,0.0,0.0,0.0,0.0
2020-01-03,21,0,319_PV_1,0.0,0.0,0.0,0.0,0.0
2020-01-03,21,0,215_PV_1,0.0,0.0,0.0,0.0,0.0
2020-01-03,21,0,102_PV_1,0.0,0.0,0.0,0.0,0.0
2020-01-03,21,0,101_PV_1,0.0,0.0,0.0,0.0,0.0
2020-01-03,21,0,102_PV_2,0.0,0.0,0.0,0.0,0.0
2020-01-03,21,0,104_PV_1,0.0,0.0,0.0,0.0,0.0
2020-01-03,21,0,101_PV_2,0.0,0.0,0.0,0.0,0.0
2020-01-03,21,0,101_PV_3,0.0,0.0,0.0,0.0,0.0
2020-01-03,21,0,101_PV_4,0.0,0.0,0.0,0.0,0.0
2020-01-03,21,0,103_PV_1,0.0,0.0,0.0,0.0,0.0
2020-01-03,21,0,119_PV_1,0.0,0.0,0.0,0.0,0.0
2020-01-03,21,0,308_RTPV_1,0.0,0.0,0.0,0.0,0.0
2020-01-03,21,0,313_RTPV_1,0.0,0.0,0.0,0.0,0.0
2020-01-03,21,0,313_RTPV_2,0.0,0.0,0.0,0.0,0.0
2020-01-03,21,0,313_RTPV_3,0.0,0.0,0.0,0.0,0.0
2020-01-03,21,0,313_RTPV_4,0.0,0.0,0.0,0.0,0.0
2020-01-03,21,0,313_RTPV_5,0.0,0.0,0.0,0.0,0.0
2020-01-03,21,0,313_RTPV_6,0.0,0.0,0.0,0.0,0.0
2020-01-03,21,0,313_RTPV_7,0.0,0.0,0.0,0.0,0.0
2020-01-03,21,0,313_RTPV_8,0.0,0.0,0.0,0.0,0.0
2020-01-03,21,0,313_RTPV_9,0.0,0.0,0.0,0.0,0.0
2020-01-03,21,0,313_RTPV_10,0.0,0.0,0.0,0.0,0.0
2020-01-03,21,0,313_RTPV_11,0.0,0.0,0.0,0.0,0.0
2020-01-03,21,0,313_RTPV_12,0.0,0.0,0.0,0.0,0.0
2020-01-03,21,0,320_RTPV_1,0.0,0.0,0.0,0.0,0.0
2020-01-03,21,0,320_RTPV_2,0.0,0.0,0.0,0.0,0.0
2020-01-03,21,0,320_RTPV_3,0.0,0.0,0.0,0.0,0.0
2020-01-03,21,0,313_RTPV_13,0.0,0.0,0.0,0.0,0.0
2020-01-03,21,0,320_RTPV_4,0.0,0.0,0.0,0.0,0.0
2020-01-03,21,0,320_RTPV_5,0.0,0.0,0.0,0.0,0.0
2020-01-03,21,0,118_RTPV_1,0.0,0.0,0.0,0.0,0.0
2020-01-03,21,0,118_RTPV_2,0.0,0.0,0.0,0.0,0.0
2020-01-03,21,0,118_RTPV_3,0.0,0.0,0.0,0.0,0.0
2020-01-03,21,0,118_RTPV_4,0.0,0.0,0.0,0.0,0.0
2020-01-03,21,0,118_RTPV_5,0.0,0.0,0.0,0.0,0.0
2020-01-03,21,0,118_RTPV_6,0.0,0.0,0.0,0.0,0.0
2020-01-03,21,0,320_RTPV_6,0.0,0.0,0.0,0.0,0.0
2020-01-03,21,0,118_RTPV_7,0.0,0.0,0.0,0.0,0.0
2020-01-03,21,0,118_RTPV_8,0.0,0.0,0.0,0.0,0.0
2020-01-03,21,0,118_RTPV_9,0.0,0.0,0.0,0.0,0.0
2020-01-03,21,0,118_RTPV_10,0.0,0.0,0.0,0.0,0.0
2020-01-03,21,0,213_RTPV_1,0.0,0.0,0.0,0.0,0.0
2020-01-03,21,0,309_WIND_1,0.0,38.167,0.0,0.0,0.0
2020-01-03,21,0,317_WIND_1,0.0,93.9725,0.0,0.0,0.0
2020-01-03,21,0,303_WIND_1,0.0,0.0,0.0,0.0,0.0
2020-01-03,21,0,122_WIND_1,0.0,30.0125,0.0,0.0,0.0
2020-01-03,21,0,122_WIND_1_PEM,260.2,0.0,0.0,6505.0,0.0
2020-01-03,21,0,303_WIND_1_PEM,135.8,330.4,0.0,3395.0,0.0
2020-01-03,21,0,309_WIND_1_PEM,21.1,75.633,0.0,527.5,0.0
2020-01-03,21,0,310_PV_2_PEM,0.0,0.0,0.0,0.0,0.0
2020-01-03,21,0,317_WIND_1_PEM,121.183543,45.683832,155.216457,3029.588575,0.0
2020-01-03,21,0,319_PV_1_PEM,0.0,0.0,0.0,0.0,0.0
2020-01-03,21,0,320_PV_1_PEM,0.0,0.0,0.0,0.0,0.0
2020-01-03,21,0,324_PV_1_PEM,0.0,0.0,0.0,0.0,0.0
2020-01-03,21,0,324_PV_2_PEM,0.0,0.0,0.0,0.0,0.0
2020-01-03,21,0,324_PV_3_PEM,0.0,0.0,0.0,0.0,0.0
2020-01-03,22,0,122_HYDRO_1,4.167,3.8,0.0,104.175,0.0
2020-01-03,22,0,122_HYDRO_2,4.167,3.8,0.0,104.175,0.0
2020-01-03,22,0,122_HYDRO_3,4.167,3.8,0.0,104.175,0.0
2020-01-03,22,0,122_HYDRO_4,4.167,3.8,0.0,104.175,0.0
2020-01-03,22,0,122_HYDRO_5,4.167,3.8,0.0,104.175,0.0
2020-01-03,22,0,122_HYDRO_6,4.167,3.8,0.0,104.175,0.0
2020-01-03,22,0,201_HYDRO_4,9.117,9.3,0.0,227.925,0.0
2020-01-03,22,0,215_HYDRO_1,9.117,9.3,0.0,227.925,0.0
2020-01-03,22,0,215_HYDRO_2,9.117,9.3,0.0,227.925,0.0
2020-01-03,22,0,215_HYDRO_3,9.117,9.3,0.0,227.925,0.0
2020-01-03,22,0,222_HYDRO_1,9.117,9.3,0.0,227.925,0.0
2020-01-03,22,0,222_HYDRO_2,9.117,9.3,0.0,227.925,0.0
2020-01-03,22,0,222_HYDRO_3,9.117,9.3,0.0,227.925,0.0
2020-01-03,22,0,222_HYDRO_4,9.117,9.3,0.0,227.925,0.0
2020-01-03,22,0,222_HYDRO_5,9.117,9.3,0.0,227.925,0.0
2020-01-03,22,0,222_HYDRO_6,9.117,9.3,0.0,227.925,0.0
2020-01-03,22,0,322_HYDRO_1,28.05,45.1,0.0,701.25,0.0
2020-01-03,22,0,322_HYDRO_2,28.05,45.1,0.0,701.25,0.0
2020-01-03,22,0,322_HYDRO_3,28.05,45.1,0.0,701.25,0.0
2020-01-03,22,0,322_HYDRO_4,28.05,45.1,0.0,701.25,0.0
2020-01-03,22,0,320_PV_1,0.0,0.0,0.0,0.0,0.0
2020-01-03,22,0,314_PV_1,0.0,0.0,0.0,0.0,0.0
2020-01-03,22,0,314_PV_2,0.0,0.0,0.0,0.0,0.0
2020-01-03,22,0,313_PV_1,0.0,0.0,0.0,0.0,0.0
2020-01-03,22,0,314_PV_3,0.0,0.0,0.0,0.0,0.0
2020-01-03,22,0,314_PV_4,0.0,0.0,0.0,0.0,0.0
2020-01-03,22,0,313_PV_2,0.0,0.0,0.0,0.0,0.0
2020-01-03,22,0,310_PV_1,0.0,0.0,0.0,0.0,0.0
2020-01-03,22,0,324_PV_1,0.0,0.0,0.0,0.0,0.0
2020-01-03,22,0,312_PV_1,0.0,0.0,0.0,0.0,0.0
2020-01-03,22,0,310_PV_2,0.0,0.0,0.0,0.0,0.0
2020-01-03,22,0,324_PV_2,0.0,0.0,0.0,0.0,0.0
2020-01-03,22,0,324_PV_3,0.0,0.0,0.0,0.0,0.0
2020-01-03,22,0,113_PV_1,0.0,0.0,0.0,0.0,0.0
2020-01-03,22,0,319_PV_1,0.0,0.0,0.0,0.0,0.0
2020-01-03,22,0,215_PV_1,0.0,0.0,0.0,0.0,0.0
2020-01-03,22,0,102_PV_1,0.0,0.0,0.0,0.0,0.0
2020-01-03,22,0,101_PV_1,0.0,0.0,0.0,0.0,0.0
2020-01-03,22,0,102_PV_2,0.0,0.0,0.0,0.0,0.0
2020-01-03,22,0,104_PV_1,0.0,0.0,0.0,0.0,0.0
2020-01-03,22,0,101_PV_2,0.0,0.0,0.0,0.0,0.0
2020-01-03,22,0,101_PV_3,0.0,0.0,0.0,0.0,0.0
2020-01-03,22,0,101_PV_4,0.0,0.0,0.0,0.0,0.0
2020-01-03,22,0,103_PV_1,0.0,0.0,0.0,0.0,0.0
2020-01-03,22,0,119_PV_1,0.0,0.0,0.0,0.0,0.0
2020-01-03,22,0,308_RTPV_1,0.0,0.0,0.0,0.0,0.0
2020-01-03,22,0,313_RTPV_1,0.0,0.0,0.0,0.0,0.0
2020-01-03,22,0,313_RTPV_2,0.0,0.0,0.0,0.0,0.0
2020-01-03,22,0,313_RTPV_3,0.0,0.0,0.0,0.0,0.0
2020-01-03,22,0,313_RTPV_4,0.0,0.0,0.0,0.0,0.0
2020-01-03,22,0,313_RTPV_5,0.0,0.0,0.0,0.0,0.0
2020-01-03,22,0,313_RTPV_6,0.0,0.0,0.0,0.0,0.0
2020-01-03,22,0,313_RTPV_7,0.0,0.0,0.0,0.0,0.0
2020-01-03,22,0,313_RTPV_8,0.0,0.0,0.0,0.0,0.0
2020-01-03,22,0,313_RTPV_9,0.0,0.0,0.0,0.0,0.0
2020-01-03,22,0,313_RTPV_10,0.0,0.0,0.0,0.0,0.0
2020-01-03,22,0,313_RTPV_11,0.0,0.0,0.0,0.0,0.0
2020-01-03,22,0,313_RTPV_12,0.0,0.0,0.0,0.0,0.0
2020-01-03,22,0,320_RTPV_1,0.0,0.0,0.0,0.0,0.0
2020-01-03,22,0,320_RTPV_2,0.0,0.0,0.0,0.0,0.0
2020-01-03,22,0,320_RTPV_3,0.0,0.0,0.0,0.0,0.0
2020-01-03,22,0,313_RTPV_13,0.0,0.0,0.0,0.0,0.0
2020-01-03,22,0,320_RTPV_4,0.0,0.0,0.0,0.0,0.0
2020-01-03,22,0,320_RTPV_5,0.0,0.0,0.0,0.0,0.0
2020-01-03,22,0,118_RTPV_1,0.0,0.0,0.0,0.0,0.0
2020-01-03,22,0,118_RTPV_2,0.0,0.0,0.0,0.0,0.0
2020-01-03,22,0,118_RTPV_3,0.0,0.0,0.0,0.0,0.0
2020-01-03,22,0,118_RTPV_4,0.0,0.0,0.0,0.0,0.0
2020-01-03,22,0,118_RTPV_5,0.0,0.0,0.0,0.0,0.0
2020-01-03,22,0,118_RTPV_6,0.0,0.0,0.0,0.0,0.0
2020-01-03,22,0,320_RTPV_6,0.0,0.0,0.0,0.0,0.0
2020-01-03,22,0,118_RTPV_7,0.0,0.0,0.0,0.0,0.0
2020-01-03,22,0,118_RTPV_8,0.0,0.0,0.0,0.0,0.0
2020-01-03,22,0,118_RTPV_9,0.0,0.0,0.0,0.0,0.0
2020-01-03,22,0,118_RTPV_10,0.0,0.0,0.0,0.0,0.0
2020-01-03,22,0,213_RTPV_1,0.0,0.0,0.0,0.0,0.0
2020-01-03,22,0,309_WIND_1,0.0,44.567,0.0,0.0,0.0
2020-01-03,22,0,317_WIND_1,0.0,77.8725,0.0,0.0,0.0
2020-01-03,22,0,303_WIND_1,0.0,0.0,0.0,0.0,0.0
2020-01-03,22,0,122_WIND_1,0.0,0.0,0.0,0.0,0.0
2020-01-03,22,0,122_WIND_1_PEM,265.2,0.0,0.0,6630.0,0.0
2020-01-03,22,0,303_WIND_1_PEM,65.401345,145.618676,21.498655,1635.033615,0.0
2020-01-03,22,0,309_WIND_1_PEM,0.0,0.0,28.0,0.0,0.0
2020-01-03,22,0,310_PV_2_PEM,0.0,0.0,0.0,0.0,0.0
2020-01-03,22,0,317_WIND_1_PEM,0.0,0.0,31.4,0.0,0.0
2020-01-03,22,0,319_PV_1_PEM,0.0,0.0,0.0,0.0,0.0
2020-01-03,22,0,320_PV_1_PEM,0.0,0.0,0.0,0.0,0.0
2020-01-03,22,0,324_PV_1_PEM,0.0,0.0,0.0,0.0,0.0
2020-01-03,22,0,324_PV_2_PEM,0.0,0.0,0.0,0.0,0.0
2020-01-03,22,0,324_PV_3_PEM,0.0,0.0,0.0,0.0,0.0
2020-01-03,23,0,122_HYDRO_1,3.8,3.8,0.0,95.0,0.0
2020-01-03,23,0,122_HYDRO_2,3.8,3.8,0.0,95.0,0.0
2020-01-03,23,0,122_HYDRO_3,3.8,3.8,0.0,95.0,0.0
2020-01-03,23,0,122_HYDRO_4,3.8,3.8,0.0,95.0,0.0
2020-01-03,23,0,122_HYDRO_5,3.8,3.8,0.0,95.0,0.0
2020-01-03,23,0,122_HYDRO_6,3.8,3.8,0.0,95.0,0.0
2020-01-03,23,0,201_HYDRO_4,9.283,9.1,0.0,232.075,0.0
2020-01-03,23,0,215_HYDRO_1,9.283,9.1,0.0,232.075,0.0
2020-01-03,23,0,215_HYDRO_2,9.283,9.1,0.0,232.075,0.0
2020-01-03,23,0,215_HYDRO_3,9.283,9.1,0.0,232.075,0.0
2020-01-03,23,0,222_HYDRO_1,9.283,9.1,0.0,232.075,0.0
2020-01-03,23,0,222_HYDRO_2,9.283,9.1,0.0,232.075,0.0
2020-01-03,23,0,222_HYDRO_3,9.283,9.1,0.0,232.075,0.0
2020-01-03,23,0,222_HYDRO_4,9.283,9.1,0.0,232.075,0.0
2020-01-03,23,0,222_HYDRO_5,9.283,9.1,0.0,232.075,0.0
2020-01-03,23,0,222_HYDRO_6,9.283,9.1,0.0,232.075,0.0
2020-01-03,23,0,322_HYDRO_1,42.7,16.3,0.0,1067.5,0.0
2020-01-03,23,0,322_HYDRO_2,42.7,16.3,0.0,1067.5,0.0
2020-01-03,23,0,322_HYDRO_3,42.7,16.3,0.0,1067.5,0.0
2020-01-03,23,0,322_HYDRO_4,42.7,16.3,0.0,1067.5,0.0
2020-01-03,23,0,320_PV_1,0.0,0.0,0.0,0.0,0.0
2020-01-03,23,0,314_PV_1,0.0,0.0,0.0,0.0,0.0
2020-01-03,23,0,314_PV_2,0.0,0.0,0.0,0.0,0.0
2020-01-03,23,0,313_PV_1,0.0,0.0,0.0,0.0,0.0
2020-01-03,23,0,314_PV_3,0.0,0.0,0.0,0.0,0.0
2020-01-03,23,0,314_PV_4,0.0,0.0,0.0,0.0,0.0
2020-01-03,23,0,313_PV_2,0.0,0.0,0.0,0.0,0.0
2020-01-03,23,0,310_PV_1,0.0,0.0,0.0,0.0,0.0
2020-01-03,23,0,324_PV_1,0.0,0.0,0.0,0.0,0.0
2020-01-03,23,0,312_PV_1,0.0,0.0,0.0,0.0,0.0
2020-01-03,23,0,310_PV_2,0.0,0.0,0.0,0.0,0.0
2020-01-03,23,0,324_PV_2,0.0,0.0,0.0,0.0,0.0
2020-01-03,23,0,324_PV_3,0.0,0.0,0.0,0.0,0.0
2020-01-03,23,0,113_PV_1,0.0,0.0,0.0,0.0,0.0
2020-01-03,23,0,319_PV_1,0.0,0.0,0.0,0.0,0.0
2020-01-03,23,0,215_PV_1,0.0,0.0,0.0,0.0,0.0
2020-01-03,23,0,102_PV_1,0.0,0.0,0.0,0.0,0.0
2020-01-03,23,0,101_PV_1,0.0,0.0,0.0,0.0,0.0
2020-01-03,23,0,102_PV_2,0.0,0.0,0.0,0.0,0.0
2020-01-03,23,0,104_PV_1,0.0,0.0,0.0,0.0,0.0
2020-01-03,23,0,101_PV_2,0.0,0.0,0.0,0.0,0.0
2020-01-03,23,0,101_PV_3,0.0,0.0,0.0,0.0,0.0
2020-01-03,23,0,101_PV_4,0.0,0.0,0.0,0.0,0.0
2020-01-03,23,0,103_PV_1,0.0,0.0,0.0,0.0,0.0
2020-01-03,23,0,119_PV_1,0.0,0.0,0.0,0.0,0.0
2020-01-03,23,0,308_RTPV_1,0.0,0.0,0.0,0.0,0.0
2020-01-03,23,0,313_RTPV_1,0.0,0.0,0.0,0.0,0.0
2020-01-03,23,0,313_RTPV_2,0.0,0.0,0.0,0.0,0.0
2020-01-03,23,0,313_RTPV_3,0.0,0.0,0.0,0.0,0.0
2020-01-03,23,0,313_RTPV_4,0.0,0.0,0.0,0.0,0.0
2020-01-03,23,0,313_RTPV_5,0.0,0.0,0.0,0.0,0.0
2020-01-03,23,0,313_RTPV_6,0.0,0.0,0.0,0.0,0.0
2020-01-03,23,0,313_RTPV_7,0.0,0.0,0.0,0.0,0.0
2020-01-03,23,0,313_RTPV_8,0.0,0.0,0.0,0.0,0.0
2020-01-03,23,0,313_RTPV_9,0.0,0.0,0.0,0.0,0.0
2020-01-03,23,0,313_RTPV_10,0.0,0.0,0.0,0.0,0.0
2020-01-03,23,0,313_RTPV_11,0.0,0.0,0.0,0.0,0.0
2020-01-03,23,0,313_RTPV_12,0.0,0.0,0.0,0.0,0.0
2020-01-03,23,0,320_RTPV_1,0.0,0.0,0.0,0.0,0.0
2020-01-03,23,0,320_RTPV_2,0.0,0.0,0.0,0.0,0.0
2020-01-03,23,0,320_RTPV_3,0.0,0.0,0.0,0.0,0.0
2020-01-03,23,0,313_RTPV_13,0.0,0.0,0.0,0.0,0.0
2020-01-03,23,0,320_RTPV_4,0.0,0.0,0.0,0.0,0.0
2020-01-03,23,0,320_RTPV_5,0.0,0.0,0.0,0.0,0.0
2020-01-03,23,0,118_RTPV_1,0.0,0.0,0.0,0.0,0.0
2020-01-03,23,0,118_RTPV_2,0.0,0.0,0.0,0.0,0.0
2020-01-03,23,0,118_RTPV_3,0.0,0.0,0.0,0.0,0.0
2020-01-03,23,0,118_RTPV_4,0.0,0.0,0.0,0.0,0.0
2020-01-03,23,0,118_RTPV_5,0.0,0.0,0.0,0.0,0.0
2020-01-03,23,0,118_RTPV_6,0.0,0.0,0.0,0.0,0.0
2020-01-03,23,0,320_RTPV_6,0.0,0.0,0.0,0.0,0.0
2020-01-03,23,0,118_RTPV_7,0.0,0.0,0.0,0.0,0.0
2020-01-03,23,0,118_RTPV_8,0.0,0.0,0.0,0.0,0.0
2020-01-03,23,0,118_RTPV_9,0.0,0.0,0.0,0.0,0.0
2020-01-03,23,0,118_RTPV_10,0.0,0.0,0.0,0.0,0.0
2020-01-03,23,0,213_RTPV_1,0.0,0.0,0.0,0.0,0.0
2020-01-03,23,0,309_WIND_1,0.0,4.067,0.0,0.0,0.0
2020-01-03,23,0,317_WIND_1,0.0,0.0,0.0,0.0,0.0
2020-01-03,23,0,303_WIND_1,0.0,0.0,0.0,0.0,0.0
2020-01-03,23,0,122_WIND_1,0.0,39.5125,0.0,0.0,0.0
2020-01-03,23,0,122_WIND_1_PEM,0.0,0.0,144.1,0.0,0.0
2020-01-03,23,0,303_WIND_1_PEM,0.0,161.578369,124.3,0.0,0.0
2020-01-03,23,0,309_WIND_1_PEM,33.652196,0.0,3.947804,841.304908,0.0
2020-01-03,23,0,310_PV_2_PEM,0.0,0.0,0.0,0.0,0.0
2020-01-03,23,0,317_WIND_1_PEM,6.9,0.0,0.0,172.5,0.0
2020-01-03,23,0,319_PV_1_PEM,0.0,0.0,0.0,0.0,0.0
2020-01-03,23,0,320_PV_1_PEM,0.0,0.0,0.0,0.0,0.0
2020-01-03,23,0,324_PV_1_PEM,0.0,0.0,0.0,0.0,0.0
2020-01-03,23,0,324_PV_2_PEM,0.0,0.0,0.0,0.0,0.0
2020-01-03,23,0,324_PV_3_PEM,0.0,0.0,0.0,0.0,0.0
2020-01-04,0,0,122_HYDRO_1,3.8,3.8,0.0,95.0,0.0
2020-01-04,0,0,122_HYDRO_2,3.8,3.8,0.0,95.0,0.0
2020-01-04,0,0,122_HYDRO_3,3.8,3.8,0.0,95.0,0.0
2020-01-04,0,0,122_HYDRO_4,3.8,3.8,0.0,95.0,0.0
2020-01-04,0,0,122_HYDRO_5,3.8,3.8,0.0,95.0,0.0
2020-01-04,0,0,122_HYDRO_6,3.8,3.8,0.0,95.0,0.0
2020-01-04,0,0,201_HYDRO_4,9.117,9.3,0.0,227.995013,0.0
2020-01-04,0,0,215_HYDRO_1,9.117,9.3,0.0,227.995013,0.0
2020-01-04,0,0,215_HYDRO_2,9.117,9.3,0.0,227.995013,0.0
2020-01-04,0,0,215_HYDRO_3,9.117,9.3,0.0,227.995013,0.0
2020-01-04,0,0,222_HYDRO_1,9.117,9.3,0.0,227.995013,0.0
2020-01-04,0,0,222_HYDRO_2,9.117,9.3,0.0,227.995013,0.0
2020-01-04,0,0,222_HYDRO_3,9.117,9.3,0.0,227.995013,0.0
2020-01-04,0,0,222_HYDRO_4,9.117,9.3,0.0,227.995013,0.0
2020-01-04,0,0,222_HYDRO_5,9.117,9.3,0.0,227.995013,0.0
2020-01-04,0,0,222_HYDRO_6,9.117,9.3,0.0,227.995013,0.0
2020-01-04,0,0,322_HYDRO_1,17.017,24.9,0.0,428.440929,0.0
2020-01-04,0,0,322_HYDRO_2,17.017,24.9,0.0,428.440929,0.0
2020-01-04,0,0,322_HYDRO_3,17.017,24.9,0.0,428.440929,0.0
2020-01-04,0,0,322_HYDRO_4,17.017,24.9,0.0,428.440929,0.0
2020-01-04,0,0,320_PV_1,0.0,0.0,0.0,0.0,0.0
2020-01-04,0,0,314_PV_1,0.0,0.0,0.0,0.0,0.0
2020-01-04,0,0,314_PV_2,0.0,0.0,0.0,0.0,0.0
2020-01-04,0,0,313_PV_1,0.0,0.0,0.0,0.0,0.0
2020-01-04,0,0,314_PV_3,0.0,0.0,0.0,0.0,0.0
2020-01-04,0,0,314_PV_4,0.0,0.0,0.0,0.0,0.0
2020-01-04,0,0,313_PV_2,0.0,0.0,0.0,0.0,0.0
2020-01-04,0,0,310_PV_1,0.0,0.0,0.0,0.0,0.0
2020-01-04,0,0,324_PV_1,0.0,0.0,0.0,0.0,0.0
2020-01-04,0,0,312_PV_1,0.0,0.0,0.0,0.0,0.0
2020-01-04,0,0,310_PV_2,0.0,0.0,0.0,0.0,0.0
2020-01-04,0,0,324_PV_2,0.0,0.0,0.0,0.0,0.0
2020-01-04,0,0,324_PV_3,0.0,0.0,0.0,0.0,0.0
2020-01-04,0,0,113_PV_1,0.0,0.0,0.0,0.0,0.0
2020-01-04,0,0,319_PV_1,0.0,0.0,0.0,0.0,0.0
2020-01-04,0,0,215_PV_1,0.0,0.0,0.0,0.0,0.0
2020-01-04,0,0,102_PV_1,0.0,0.0,0.0,0.0,0.0
2020-01-04,0,0,101_PV_1,0.0,0.0,0.0,0.0,0.0
2020-01-04,0,0,102_PV_2,0.0,0.0,0.0,0.0,0.0
2020-01-04,0,0,104_PV_1,0.0,0.0,0.0,0.0,0.0
2020-01-04,0,0,101_PV_2,0.0,0.0,0.0,0.0,0.0
2020-01-04,0,0,101_PV_3,0.0,0.0,0.0,0.0,0.0
2020-01-04,0,0,101_PV_4,0.0,0.0,0.0,0.0,0.0
2020-01-04,0,0,103_PV_1,0.0,0.0,0.0,0.0,0.0
2020-01-04,0,0,119_PV_1,0.0,0.0,0.0,0.0,0.0
2020-01-04,0,0,308_RTPV_1,0.0,0.0,0.0,0.0,0.0
2020-01-04,0,0,313_RTPV_1,0.0,0.0,0.0,0.0,0.0
2020-01-04,0,0,313_RTPV_2,0.0,0.0,0.0,0.0,0.0
2020-01-04,0,0,313_RTPV_3,0.0,0.0,0.0,0.0,0.0
2020-01-04,0,0,313_RTPV_4,0.0,0.0,0.0,0.0,0.0
2020-01-04,0,0,313_RTPV_5,0.0,0.0,0.0,0.0,0.0
2020-01-04,0,0,313_RTPV_6,0.0,0.0,0.0,0.0,0.0
2020-01-04,0,0,313_RTPV_7,0.0,0.0,0.0,0.0,0.0
2020-01-04,0,0,313_RTPV_8,0.0,0.0,0.0,0.0,0.0
2020-01-04,0,0,313_RTPV_9,0.0,0.0,0.0,0.0,0.0
2020-01-04,0,0,313_RTPV_10,0.0,0.0,0.0,0.0,0.0
2020-01-04,0,0,313_RTPV_11,0.0,0.0,0.0,0.0,0.0
2020-01-04,0,0,313_RTPV_12,0.0,0.0,0.0,0.0,0.0
2020-01-04,0,0,320_RTPV_1,0.0,0.0,0.0,0.0,0.0
2020-01-04,0,0,320_RTPV_2,0.0,0.0,0.0,0.0,0.0
2020-01-04,0,0,320_RTPV_3,0.0,0.0,0.0,0.0,0.0
2020-01-04,0,0,313_RTPV_13,0.0,0.0,0.0,0.0,0.0
2020-01-04,0,0,320_RTPV_4,0.0,0.0,0.0,0.0,0.0
2020-01-04,0,0,320_RTPV_5,0.0,0.0,0.0,0.0,0.0
2020-01-04,0,0,118_RTPV_1,0.0,0.0,0.0,0.0,0.0
2020-01-04,0,0,118_RTPV_2,0.0,0.0,0.0,0.0,0.0
2020-01-04,0,0,118_RTPV_3,0.0,0.0,0.0,0.0,0.0
2020-01-04,0,0,118_RTPV_4,0.0,0.0,0.0,0.0,0.0
2020-01-04,0,0,118_RTPV_5,0.0,0.0,0.0,0.0,0.0
2020-01-04,0,0,118_RTPV_6,0.0,0.0,0.0,0.0,0.0
2020-01-04,0,0,320_RTPV_6,0.0,0.0,0.0,0.0,0.0
2020-01-04,0,0,118_RTPV_7,0.0,0.0,0.0,0.0,0.0
2020-01-04,0,0,118_RTPV_8,0.0,0.0,0.0,0.0,0.0
2020-01-04,0,0,118_RTPV_9,0.0,0.0,0.0,0.0,0.0
2020-01-04,0,0,118_RTPV_10,0.0,0.0,0.0,0.0,0.0
2020-01-04,0,0,213_RTPV_1,0.0,0.0,0.0,0.0,0.0
2020-01-04,0,0,309_WIND_1,0.0,0.0,0.0,0.0,0.0
2020-01-04,0,0,317_WIND_1,0.0,0.0,0.0,0.0,0.0
2020-01-04,0,0,303_WIND_1,0.0,0.0,0.0,0.0,0.0
2020-01-04,0,0,122_WIND_1,0.0,0.0,0.0,0.0,0.0
2020-01-04,0,0,122_WIND_1_PEM,0.0,0.0,53.6,0.0,0.0
2020-01-04,0,0,303_WIND_1_PEM,0.0,0.0,96.9,0.0,0.0
2020-01-04,0,0,309_WIND_1_PEM,0.0,0.0,29.3,0.0,0.0
2020-01-04,0,0,310_PV_2_PEM,0.0,0.0,0.0,0.0,0.0
2020-01-04,0,0,317_WIND_1_PEM,0.0,0.0,5.3,0.0,0.0
2020-01-04,0,0,319_PV_1_PEM,0.0,0.0,0.0,0.0,0.0
2020-01-04,0,0,320_PV_1_PEM,0.0,0.0,0.0,0.0,0.0
2020-01-04,0,0,324_PV_1_PEM,0.0,0.0,0.0,0.0,0.0
2020-01-04,0,0,324_PV_2_PEM,0.0,0.0,0.0,0.0,0.0
2020-01-04,0,0,324_PV_3_PEM,0.0,0.0,0.0,0.0,0.0
2020-01-04,1,0,122_HYDRO_1,3.758,3.3,0.0,93.234516,0.0
2020-01-04,1,0,122_HYDRO_2,3.758,3.3,0.0,93.234516,0.0
2020-01-04,1,0,122_HYDRO_3,3.758,3.3,0.0,93.234516,0.0
2020-01-04,1,0,122_HYDRO_4,3.758,3.3,0.0,93.234516,0.0
2020-01-04,1,0,122_HYDRO_5,3.758,3.3,0.0,93.234516,0.0
2020-01-04,1,0,122_HYDRO_6,3.758,3.3,0.0,93.234516,0.0
2020-01-04,1,0,201_HYDRO_4,9.3,9.3,0.0,232.5,0.0
2020-01-04,1,0,215_HYDRO_1,9.3,9.3,0.0,232.5,0.0
2020-01-04,1,0,215_HYDRO_2,9.3,9.3,0.0,232.5,0.0
2020-01-04,1,0,215_HYDRO_3,9.3,9.3,0.0,232.5,0.0
2020-01-04,1,0,222_HYDRO_1,9.3,9.3,0.0,232.5,0.0
2020-01-04,1,0,222_HYDRO_2,9.3,9.3,0.0,232.5,0.0
2020-01-04,1,0,222_HYDRO_3,9.3,9.3,0.0,232.5,0.0
2020-01-04,1,0,222_HYDRO_4,9.3,9.3,0.0,232.5,0.0
2020-01-04,1,0,222_HYDRO_5,9.3,9.3,0.0,232.5,0.0
2020-01-04,1,0,222_HYDRO_6,9.3,9.3,0.0,232.5,0.0
2020-01-04,1,0,322_HYDRO_1,24.983,25.9,0.0,626.007531,0.0
2020-01-04,1,0,322_HYDRO_2,24.983,25.9,0.0,626.007531,0.0
2020-01-04,1,0,322_HYDRO_3,24.983,25.9,0.0,626.007531,0.0
2020-01-04,1,0,322_HYDRO_4,24.983,25.9,0.0,626.007531,0.0
2020-01-04,1,0,320_PV_1,0.0,0.0,0.0,0.0,0.0
2020-01-04,1,0,314_PV_1,0.0,0.0,0.0,0.0,0.0
2020-01-04,1,0,314_PV_2,0.0,0.0,0.0,0.0,0.0
2020-01-04,1,0,313_PV_1,0.0,0.0,0.0,0.0,0.0
2020-01-04,1,0,314_PV_3,0.0,0.0,0.0,0.0,0.0
2020-01-04,1,0,314_PV_4,0.0,0.0,0.0,0.0,0.0
2020-01-04,1,0,313_PV_2,0.0,0.0,0.0,0.0,0.0
2020-01-04,1,0,310_PV_1,0.0,0.0,0.0,0.0,0.0
2020-01-04,1,0,324_PV_1,0.0,0.0,0.0,0.0,0.0
2020-01-04,1,0,312_PV_1,0.0,0.0,0.0,0.0,0.0
2020-01-04,1,0,310_PV_2,0.0,0.0,0.0,0.0,0.0
2020-01-04,1,0,324_PV_2,0.0,0.0,0.0,0.0,0.0
2020-01-04,1,0,324_PV_3,0.0,0.0,0.0,0.0,0.0
2020-01-04,1,0,113_PV_1,0.0,0.0,0.0,0.0,0.0
2020-01-04,1,0,319_PV_1,0.0,0.0,0.0,0.0,0.0
2020-01-04,1,0,215_PV_1,0.0,0.0,0.0,0.0,0.0
2020-01-04,1,0,102_PV_1,0.0,0.0,0.0,0.0,0.0
2020-01-04,1,0,101_PV_1,0.0,0.0,0.0,0.0,0.0
2020-01-04,1,0,102_PV_2,0.0,0.0,0.0,0.0,0.0
2020-01-04,1,0,104_PV_1,0.0,0.0,0.0,0.0,0.0
2020-01-04,1,0,101_PV_2,0.0,0.0,0.0,0.0,0.0
2020-01-04,1,0,101_PV_3,0.0,0.0,0.0,0.0,0.0
2020-01-04,1,0,101_PV_4,0.0,0.0,0.0,0.0,0.0
2020-01-04,1,0,103_PV_1,0.0,0.0,0.0,0.0,0.0
2020-01-04,1,0,119_PV_1,0.0,0.0,0.0,0.0,0.0
2020-01-04,1,0,308_RTPV_1,0.0,0.0,0.0,0.0,0.0
2020-01-04,1,0,313_RTPV_1,0.0,0.0,0.0,0.0,0.0
2020-01-04,1,0,313_RTPV_2,0.0,0.0,0.0,0.0,0.0
2020-01-04,1,0,313_RTPV_3,0.0,0.0,0.0,0.0,0.0
2020-01-04,1,0,313_RTPV_4,0.0,0.0,0.0,0.0,0.0
2020-01-04,1,0,313_RTPV_5,0.0,0.0,0.0,0.0,0.0
2020-01-04,1,0,313_RTPV_6,0.0,0.0,0.0,0.0,0.0
2020-01-04,1,0,313_RTPV_7,0.0,0.0,0.0,0.0,0.0
2020-01-04,1,0,313_RTPV_8,0.0,0.0,0.0,0.0,0.0
2020-01-04,1,0,313_RTPV_9,0.0,0.0,0.0,0.0,0.0
2020-01-04,1,0,313_RTPV_10,0.0,0.0,0.0,0.0,0.0
2020-01-04,1,0,313_RTPV_11,0.0,0.0,0.0,0.0,0.0
2020-01-04,1,0,313_RTPV_12,0.0,0.0,0.0,0.0,0.0
2020-01-04,1,0,320_RTPV_1,0.0,0.0,0.0,0.0,0.0
2020-01-04,1,0,320_RTPV_2,0.0,0.0,0.0,0.0,0.0
2020-01-04,1,0,320_RTPV_3,0.0,0.0,0.0,0.0,0.0
2020-01-04,1,0,313_RTPV_13,0.0,0.0,0.0,0.0,0.0
2020-01-04,1,0,320_RTPV_4,0.0,0.0,0.0,0.0,0.0
2020-01-04,1,0,320_RTPV_5,0.0,0.0,0.0,0.0,0.0
2020-01-04,1,0,118_RTPV_1,0.0,0.0,0.0,0.0,0.0
2020-01-04,1,0,118_RTPV_2,0.0,0.0,0.0,0.0,0.0
2020-01-04,1,0,118_RTPV_3,0.0,0.0,0.0,0.0,0.0
2020-01-04,1,0,118_RTPV_4,0.0,0.0,0.0,0.0,0.0
2020-01-04,1,0,118_RTPV_5,0.0,0.0,0.0,0.0,0.0
2020-01-04,1,0,118_RTPV_6,0.0,0.0,0.0,0.0,0.0
2020-01-04,1,0,320_RTPV_6,0.0,0.0,0.0,0.0,0.0
2020-01-04,1,0,118_RTPV_7,0.0,0.0,0.0,0.0,0.0
2020-01-04,1,0,118_RTPV_8,0.0,0.0,0.0,0.0,0.0
2020-01-04,1,0,118_RTPV_9,0.0,0.0,0.0,0.0,0.0
2020-01-04,1,0,118_RTPV_10,0.0,0.0,0.0,0.0,0.0
2020-01-04,1,0,213_RTPV_1,0.0,0.0,0.0,0.0,0.0
2020-01-04,1,0,309_WIND_1,0.0,0.0,0.0,0.0,0.0
2020-01-04,1,0,317_WIND_1,0.0,0.0,0.0,0.0,0.0
2020-01-04,1,0,303_WIND_1,0.0,0.0,0.0,0.0,0.0
2020-01-04,1,0,122_WIND_1,0.0,0.0,0.0,0.0,0.0
2020-01-04,1,0,122_WIND_1_PEM,0.0,0.0,29.3,0.0,0.0
2020-01-04,1,0,303_WIND_1_PEM,0.0,0.0,41.3,0.0,0.0
2020-01-04,1,0,309_WIND_1_PEM,0.0,0.0,24.2,0.0,0.0
2020-01-04,1,0,310_PV_2_PEM,0.0,0.0,0.0,0.0,0.0
2020-01-04,1,0,317_WIND_1_PEM,0.0,0.0,4.4,0.0,0.0
2020-01-04,1,0,319_PV_1_PEM,0.0,0.0,0.0,0.0,0.0
2020-01-04,1,0,320_PV_1_PEM,0.0,0.0,0.0,0.0,0.0
2020-01-04,1,0,324_PV_1_PEM,0.0,0.0,0.0,0.0,0.0
2020-01-04,1,0,324_PV_2_PEM,0.0,0.0,0.0,0.0,0.0
2020-01-04,1,0,324_PV_3_PEM,0.0,0.0,0.0,0.0,0.0
2020-01-04,2,0,122_HYDRO_1,3.3,3.3,0.0,81.237465,0.0
2020-01-04,2,0,122_HYDRO_2,3.3,3.3,0.0,81.237465,0.0
2020-01-04,2,0,122_HYDRO_3,3.3,3.3,0.0,81.237465,0.0
2020-01-04,2,0,122_HYDRO_4,3.3,3.3,0.0,81.237465,0.0
2020-01-04,2,0,122_HYDRO_5,3.3,3.3,0.0,81.237465,0.0
2020-01-04,2,0,122_HYDRO_6,3.3,3.3,0.0,81.237465,0.0
2020-01-04,2,0,201_HYDRO_4,9.283,9.1,0.0,228.265302,0.0
2020-01-04,2,0,215_HYDRO_1,9.283,9.1,0.0,228.265302,0.0
2020-01-04,2,0,215_HYDRO_2,9.283,9.1,0.0,228.265302,0.0
2020-01-04,2,0,215_HYDRO_3,9.283,9.1,0.0,228.265302,0.0
2020-01-04,2,0,222_HYDRO_1,9.283,9.1,0.0,228.265302,0.0
2020-01-04,2,0,222_HYDRO_2,9.283,9.1,0.0,228.265302,0.0
2020-01-04,2,0,222_HYDRO_3,9.283,9.1,0.0,228.265302,0.0
2020-01-04,2,0,222_HYDRO_4,9.283,9.1,0.0,228.265302,0.0
2020-01-04,2,0,222_HYDRO_5,9.283,9.1,0.0,228.265302,0.0
2020-01-04,2,0,222_HYDRO_6,9.283,9.1,0.0,228.265302,0.0
2020-01-04,2,0,322_HYDRO_1,25.442,20.4,0.0,619.203753,0.0
2020-01-04,2,0,322_HYDRO_2,25.442,20.4,0.0,619.203753,0.0
2020-01-04,2,0,322_HYDRO_3,25.442,20.4,0.0,619.203753,0.0
2020-01-04,2,0,322_HYDRO_4,25.442,20.4,0.0,619.203753,0.0
2020-01-04,2,0,320_PV_1,0.0,0.0,0.0,0.0,0.0
2020-01-04,2,0,314_PV_1,0.0,0.0,0.0,0.0,0.0
2020-01-04,2,0,314_PV_2,0.0,0.0,0.0,0.0,0.0
2020-01-04,2,0,313_PV_1,0.0,0.0,0.0,0.0,0.0
2020-01-04,2,0,314_PV_3,0.0,0.0,0.0,0.0,0.0
2020-01-04,2,0,314_PV_4,0.0,0.0,0.0,0.0,0.0
2020-01-04,2,0,313_PV_2,0.0,0.0,0.0,0.0,0.0
2020-01-04,2,0,310_PV_1,0.0,0.0,0.0,0.0,0.0
2020-01-04,2,0,324_PV_1,0.0,0.0,0.0,0.0,0.0
2020-01-04,2,0,312_PV_1,0.0,0.0,0.0,0.0,0.0
2020-01-04,2,0,310_PV_2,0.0,0.0,0.0,0.0,0.0
2020-01-04,2,0,324_PV_2,0.0,0.0,0.0,0.0,0.0
2020-01-04,2,0,324_PV_3,0.0,0.0,0.0,0.0,0.0
2020-01-04,2,0,113_PV_1,0.0,0.0,0.0,0.0,0.0
2020-01-04,2,0,319_PV_1,0.0,0.0,0.0,0.0,0.0
2020-01-04,2,0,215_PV_1,0.0,0.0,0.0,0.0,0.0
2020-01-04,2,0,102_PV_1,0.0,0.0,0.0,0.0,0.0
2020-01-04,2,0,101_PV_1,0.0,0.0,0.0,0.0,0.0
2020-01-04,2,0,102_PV_2,0.0,0.0,0.0,0.0,0.0
2020-01-04,2,0,104_PV_1,0.0,0.0,0.0,0.0,0.0
2020-01-04,2,0,101_PV_2,0.0,0.0,0.0,0.0,0.0
2020-01-04,2,0,101_PV_3,0.0,0.0,0.0,0.0,0.0
2020-01-04,2,0,101_PV_4,0.0,0.0,0.0,0.0,0.0
2020-01-04,2,0,103_PV_1,0.0,0.0,0.0,0.0,0.0
2020-01-04,2,0,119_PV_1,0.0,0.0,0.0,0.0,0.0
2020-01-04,2,0,308_RTPV_1,0.0,0.0,0.0,0.0,0.0
2020-01-04,2,0,313_RTPV_1,0.0,0.0,0.0,0.0,0.0
2020-01-04,2,0,313_RTPV_2,0.0,0.0,0.0,0.0,0.0
2020-01-04,2,0,313_RTPV_3,0.0,0.0,0.0,0.0,0.0
2020-01-04,2,0,313_RTPV_4,0.0,0.0,0.0,0.0,0.0
2020-01-04,2,0,313_RTPV_5,0.0,0.0,0.0,0.0,0.0
2020-01-04,2,0,313_RTPV_6,0.0,0.0,0.0,0.0,0.0
2020-01-04,2,0,313_RTPV_7,0.0,0.0,0.0,0.0,0.0
2020-01-04,2,0,313_RTPV_8,0.0,0.0,0.0,0.0,0.0
2020-01-04,2,0,313_RTPV_9,0.0,0.0,0.0,0.0,0.0
2020-01-04,2,0,313_RTPV_10,0.0,0.0,0.0,0.0,0.0
2020-01-04,2,0,313_RTPV_11,0.0,0.0,0.0,0.0,0.0
2020-01-04,2,0,313_RTPV_12,0.0,0.0,0.0,0.0,0.0
2020-01-04,2,0,320_RTPV_1,0.0,0.0,0.0,0.0,0.0
2020-01-04,2,0,320_RTPV_2,0.0,0.0,0.0,0.0,0.0
2020-01-04,2,0,320_RTPV_3,0.0,0.0,0.0,0.0,0.0
2020-01-04,2,0,313_RTPV_13,0.0,0.0,0.0,0.0,0.0
2020-01-04,2,0,320_RTPV_4,0.0,0.0,0.0,0.0,0.0
2020-01-04,2,0,320_RTPV_5,0.0,0.0,0.0,0.0,0.0
2020-01-04,2,0,118_RTPV_1,0.0,0.0,0.0,0.0,0.0
2020-01-04,2,0,118_RTPV_2,0.0,0.0,0.0,0.0,0.0
2020-01-04,2,0,118_RTPV_3,0.0,0.0,0.0,0.0,0.0
2020-01-04,2,0,118_RTPV_4,0.0,0.0,0.0,0.0,0.0
2020-01-04,2,0,118_RTPV_5,0.0,0.0,0.0,0.0,0.0
2020-01-04,2,0,118_RTPV_6,0.0,0.0,0.0,0.0,0.0
2020-01-04,2,0,320_RTPV_6,0.0,0.0,0.0,0.0,0.0
2020-01-04,2,0,118_RTPV_7,0.0,0.0,0.0,0.0,0.0
2020-01-04,2,0,118_RTPV_8,0.0,0.0,0.0,0.0,0.0
2020-01-04,2,0,118_RTPV_9,0.0,0.0,0.0,0.0,0.0
2020-01-04,2,0,118_RTPV_10,0.0,0.0,0.0,0.0,0.0
2020-01-04,2,0,213_RTPV_1,0.0,0.0,0.0,0.0,0.0
2020-01-04,2,0,309_WIND_1,0.0,0.0,0.0,0.0,0.0
2020-01-04,2,0,317_WIND_1,0.0,0.0,0.0,0.0,0.0
2020-01-04,2,0,303_WIND_1,0.0,0.0,0.0,0.0,0.0
2020-01-04,2,0,122_WIND_1,0.0,0.0,0.0,0.0,0.0
2020-01-04,2,0,122_WIND_1_PEM,0.0,0.0,10.8,0.0,0.0
2020-01-04,2,0,303_WIND_1_PEM,0.0,0.0,21.6,0.0,0.0
2020-01-04,2,0,309_WIND_1_PEM,0.0,0.0,31.6,0.0,0.0
2020-01-04,2,0,310_PV_2_PEM,0.0,0.0,0.0,0.0,0.0
2020-01-04,2,0,317_WIND_1_PEM,0.0,0.0,6.2,0.0,0.0
2020-01-04,2,0,319_PV_1_PEM,0.0,0.0,0.0,0.0,0.0
2020-01-04,2,0,320_PV_1_PEM,0.0,0.0,0.0,0.0,0.0
2020-01-04,2,0,324_PV_1_PEM,0.0,0.0,0.0,0.0,0.0
2020-01-04,2,0,324_PV_2_PEM,0.0,0.0,0.0,0.0,0.0
2020-01-04,2,0,324_PV_3_PEM,0.0,0.0,0.0,0.0,0.0
2020-01-04,3,0,122_HYDRO_1,3.3,3.3,0.0,81.237465,0.0
2020-01-04,3,0,122_HYDRO_2,3.3,3.3,0.0,81.237465,0.0
2020-01-04,3,0,122_HYDRO_3,3.3,3.3,0.0,81.237465,0.0
2020-01-04,3,0,122_HYDRO_4,3.3,3.3,0.0,81.237465,0.0
2020-01-04,3,0,122_HYDRO_5,3.3,3.3,0.0,81.237465,0.0
2020-01-04,3,0,122_HYDRO_6,3.3,3.3,0.0,81.237465,0.0
2020-01-04,3,0,201_HYDRO_4,9.117,9.3,0.0,224.695108,0.0
2020-01-04,3,0,215_HYDRO_1,9.117,9.3,0.0,224.695108,0.0
2020-01-04,3,0,215_HYDRO_2,9.117,9.3,0.0,224.695108,0.0
2020-01-04,3,0,215_HYDRO_3,9.117,9.3,0.0,224.695108,0.0
2020-01-04,3,0,222_HYDRO_1,9.117,9.3,0.0,224.695108,0.0
2020-01-04,3,0,222_HYDRO_2,9.117,9.3,0.0,224.695108,0.0
2020-01-04,3,0,222_HYDRO_3,9.117,9.3,0.0,224.695108,0.0
2020-01-04,3,0,222_HYDRO_4,9.117,9.3,0.0,224.695108,0.0
2020-01-04,3,0,222_HYDRO_5,9.117,9.3,0.0,224.695108,0.0
2020-01-04,3,0,222_HYDRO_6,9.117,9.3,0.0,224.695108,0.0
2020-01-04,3,0,322_HYDRO_1,20.192,17.9,0.0,493.841611,0.0
2020-01-04,3,0,322_HYDRO_2,20.192,17.9,0.0,493.841611,0.0
2020-01-04,3,0,322_HYDRO_3,20.192,17.9,0.0,493.841611,0.0
2020-01-04,3,0,322_HYDRO_4,20.192,17.9,0.0,493.841611,0.0
2020-01-04,3,0,320_PV_1,0.0,0.0,0.0,0.0,0.0
2020-01-04,3,0,314_PV_1,0.0,0.0,0.0,0.0,0.0
2020-01-04,3,0,314_PV_2,0.0,0.0,0.0,0.0,0.0
2020-01-04,3,0,313_PV_1,0.0,0.0,0.0,0.0,0.0
2020-01-04,3,0,314_PV_3,0.0,0.0,0.0,0.0,0.0
2020-01-04,3,0,314_PV_4,0.0,0.0,0.0,0.0,0.0
2020-01-04,3,0,313_PV_2,0.0,0.0,0.0,0.0,0.0
2020-01-04,3,0,310_PV_1,0.0,0.0,0.0,0.0,0.0
2020-01-04,3,0,324_PV_1,0.0,0.0,0.0,0.0,0.0
2020-01-04,3,0,312_PV_1,0.0,0.0,0.0,0.0,0.0
2020-01-04,3,0,310_PV_2,0.0,0.0,0.0,0.0,0.0
2020-01-04,3,0,324_PV_2,0.0,0.0,0.0,0.0,0.0
2020-01-04,3,0,324_PV_3,0.0,0.0,0.0,0.0,0.0
2020-01-04,3,0,113_PV_1,0.0,0.0,0.0,0.0,0.0
2020-01-04,3,0,319_PV_1,0.0,0.0,0.0,0.0,0.0
2020-01-04,3,0,215_PV_1,0.0,0.0,0.0,0.0,0.0
2020-01-04,3,0,102_PV_1,0.0,0.0,0.0,0.0,0.0
2020-01-04,3,0,101_PV_1,0.0,0.0,0.0,0.0,0.0
2020-01-04,3,0,102_PV_2,0.0,0.0,0.0,0.0,0.0
2020-01-04,3,0,104_PV_1,0.0,0.0,0.0,0.0,0.0
2020-01-04,3,0,101_PV_2,0.0,0.0,0.0,0.0,0.0
2020-01-04,3,0,101_PV_3,0.0,0.0,0.0,0.0,0.0
2020-01-04,3,0,101_PV_4,0.0,0.0,0.0,0.0,0.0
2020-01-04,3,0,103_PV_1,0.0,0.0,0.0,0.0,0.0
2020-01-04,3,0,119_PV_1,0.0,0.0,0.0,0.0,0.0
2020-01-04,3,0,308_RTPV_1,0.0,0.0,0.0,0.0,0.0
2020-01-04,3,0,313_RTPV_1,0.0,0.0,0.0,0.0,0.0
2020-01-04,3,0,313_RTPV_2,0.0,0.0,0.0,0.0,0.0
2020-01-04,3,0,313_RTPV_3,0.0,0.0,0.0,0.0,0.0
2020-01-04,3,0,313_RTPV_4,0.0,0.0,0.0,0.0,0.0
2020-01-04,3,0,313_RTPV_5,0.0,0.0,0.0,0.0,0.0
2020-01-04,3,0,313_RTPV_6,0.0,0.0,0.0,0.0,0.0
2020-01-04,3,0,313_RTPV_7,0.0,0.0,0.0,0.0,0.0
2020-01-04,3,0,313_RTPV_8,0.0,0.0,0.0,0.0,0.0
2020-01-04,3,0,313_RTPV_9,0.0,0.0,0.0,0.0,0.0
2020-01-04,3,0,313_RTPV_10,0.0,0.0,0.0,0.0,0.0
2020-01-04,3,0,313_RTPV_11,0.0,0.0,0.0,0.0,0.0
2020-01-04,3,0,313_RTPV_12,0.0,0.0,0.0,0.0,0.0
2020-01-04,3,0,320_RTPV_1,0.0,0.0,0.0,0.0,0.0
2020-01-04,3,0,320_RTPV_2,0.0,0.0,0.0,0.0,0.0
2020-01-04,3,0,320_RTPV_3,0.0,0.0,0.0,0.0,0.0
2020-01-04,3,0,313_RTPV_13,0.0,0.0,0.0,0.0,0.0
2020-01-04,3,0,320_RTPV_4,0.0,0.0,0.0,0.0,0.0
2020-01-04,3,0,320_RTPV_5,0.0,0.0,0.0,0.0,0.0
2020-01-04,3,0,118_RTPV_1,0.0,0.0,0.0,0.0,0.0
2020-01-04,3,0,118_RTPV_2,0.0,0.0,0.0,0.0,0.0
2020-01-04,3,0,118_RTPV_3,0.0,0.0,0.0,0.0,0.0
2020-01-04,3,0,118_RTPV_4,0.0,0.0,0.0,0.0,0.0
2020-01-04,3,0,118_RTPV_5,0.0,0.0,0.0,0.0,0.0
2020-01-04,3,0,118_RTPV_6,0.0,0.0,0.0,0.0,0.0
2020-01-04,3,0,320_RTPV_6,0.0,0.0,0.0,0.0,0.0
2020-01-04,3,0,118_RTPV_7,0.0,0.0,0.0,0.0,0.0
2020-01-04,3,0,118_RTPV_8,0.0,0.0,0.0,0.0,0.0
2020-01-04,3,0,118_RTPV_9,0.0,0.0,0.0,0.0,0.0
2020-01-04,3,0,118_RTPV_10,0.0,0.0,0.0,0.0,0.0
2020-01-04,3,0,213_RTPV_1,0.0,0.0,0.0,0.0,0.0
2020-01-04,3,0,309_WIND_1,0.0,0.0,0.0,0.0,0.0
2020-01-04,3,0,317_WIND_1,0.0,0.0,0.0,0.0,0.0
2020-01-04,3,0,303_WIND_1,0.0,0.0,0.0,0.0,0.0
2020-01-04,3,0,122_WIND_1,0.0,0.0,0.0,0.0,0.0
2020-01-04,3,0,122_WIND_1_PEM,0.0,0.0,4.3,0.0,0.0
2020-01-04,3,0,303_WIND_1_PEM,0.0,0.0,43.4,0.0,0.0
2020-01-04,3,0,309_WIND_1_PEM,0.0,0.0,64.3,0.0,0.0
2020-01-04,3,0,310_PV_2_PEM,0.0,0.0,0.0,0.0,0.0
2020-01-04,3,0,317_WIND_1_PEM,0.0,0.0,4.5,0.0,0.0
2020-01-04,3,0,319_PV_1_PEM,0.0,0.0,0.0,0.0,0.0
2020-01-04,3,0,320_PV_1_PEM,0.0,0.0,0.0,0.0,0.0
2020-01-04,3,0,324_PV_1_PEM,0.0,0.0,0.0,0.0,0.0
2020-01-04,3,0,324_PV_2_PEM,0.0,0.0,0.0,0.0,0.0
2020-01-04,3,0,324_PV_3_PEM,0.0,0.0,0.0,0.0,0.0
2020-01-04,4,0,122_HYDRO_1,3.342,3.8,0.0,84.371301,0.0
2020-01-04,4,0,122_HYDRO_2,3.342,3.8,0.0,84.371301,0.0
2020-01-04,4,0,122_HYDRO_3,3.342,3.8,0.0,84.371301,0.0
2020-01-04,4,0,122_HYDRO_4,3.342,3.8,0.0,84.371301,0.0
2020-01-04,4,0,122_HYDRO_5,3.342,3.8,0.0,84.371301,0.0
2020-01-04,4,0,122_HYDRO_6,3.342,3.8,0.0,84.371301,0.0
2020-01-04,4,0,201_HYDRO_4,9.283,9.1,0.0,231.746838,0.0
2020-01-04,4,0,215_HYDRO_1,9.283,9.1,0.0,231.746838,0.0
2020-01-04,4,0,215_HYDRO_2,9.283,9.1,0.0,231.746838,0.0
2020-01-04,4,0,215_HYDRO_3,9.283,9.1,0.0,231.746838,0.0
2020-01-04,4,0,222_HYDRO_1,9.283,9.1,0.0,231.746838,0.0
2020-01-04,4,0,222_HYDRO_2,9.283,9.1,0.0,231.746838,0.0
2020-01-04,4,0,222_HYDRO_3,9.283,9.1,0.0,231.746838,0.0
2020-01-04,4,0,222_HYDRO_4,9.283,9.1,0.0,231.746838,0.0
2020-01-04,4,0,222_HYDRO_5,9.283,9.1,0.0,231.746838,0.0
2020-01-04,4,0,222_HYDRO_6,9.283,9.1,0.0,231.746838,0.0
2020-01-04,4,0,322_HYDRO_1,17.558,13.8,0.0,432.211028,0.0
2020-01-04,4,0,322_HYDRO_2,17.558,13.8,0.0,432.211028,0.0
2020-01-04,4,0,322_HYDRO_3,17.558,13.8,0.0,432.211028,0.0
2020-01-04,4,0,322_HYDRO_4,17.558,13.8,0.0,432.211028,0.0
2020-01-04,4,0,320_PV_1,0.0,0.0,0.0,0.0,0.0
2020-01-04,4,0,314_PV_1,0.0,0.0,0.0,0.0,0.0
2020-01-04,4,0,314_PV_2,0.0,0.0,0.0,0.0,0.0
2020-01-04,4,0,313_PV_1,0.0,0.0,0.0,0.0,0.0
2020-01-04,4,0,314_PV_3,0.0,0.0,0.0,0.0,0.0
2020-01-04,4,0,314_PV_4,0.0,0.0,0.0,0.0,0.0
2020-01-04,4,0,313_PV_2,0.0,0.0,0.0,0.0,0.0
2020-01-04,4,0,310_PV_1,0.0,0.0,0.0,0.0,0.0
2020-01-04,4,0,324_PV_1,0.0,0.0,0.0,0.0,0.0
2020-01-04,4,0,312_PV_1,0.0,0.0,0.0,0.0,0.0
2020-01-04,4,0,310_PV_2,0.0,0.0,0.0,0.0,0.0
2020-01-04,4,0,324_PV_2,0.0,0.0,0.0,0.0,0.0
2020-01-04,4,0,324_PV_3,0.0,0.0,0.0,0.0,0.0
2020-01-04,4,0,113_PV_1,0.0,0.0,0.0,0.0,0.0
2020-01-04,4,0,319_PV_1,0.0,0.0,0.0,0.0,0.0
2020-01-04,4,0,215_PV_1,0.0,0.0,0.0,0.0,0.0
2020-01-04,4,0,102_PV_1,0.0,0.0,0.0,0.0,0.0
2020-01-04,4,0,101_PV_1,0.0,0.0,0.0,0.0,0.0
2020-01-04,4,0,102_PV_2,0.0,0.0,0.0,0.0,0.0
2020-01-04,4,0,104_PV_1,0.0,0.0,0.0,0.0,0.0
2020-01-04,4,0,101_PV_2,0.0,0.0,0.0,0.0,0.0
2020-01-04,4,0,101_PV_3,0.0,0.0,0.0,0.0,0.0
2020-01-04,4,0,101_PV_4,0.0,0.0,0.0,0.0,0.0
2020-01-04,4,0,103_PV_1,0.0,0.0,0.0,0.0,0.0
2020-01-04,4,0,119_PV_1,0.0,0.0,0.0,0.0,0.0
2020-01-04,4,0,308_RTPV_1,0.0,0.0,0.0,0.0,0.0
2020-01-04,4,0,313_RTPV_1,0.0,0.0,0.0,0.0,0.0
2020-01-04,4,0,313_RTPV_2,0.0,0.0,0.0,0.0,0.0
2020-01-04,4,0,313_RTPV_3,0.0,0.0,0.0,0.0,0.0
2020-01-04,4,0,313_RTPV_4,0.0,0.0,0.0,0.0,0.0
2020-01-04,4,0,313_RTPV_5,0.0,0.0,0.0,0.0,0.0
2020-01-04,4,0,313_RTPV_6,0.0,0.0,0.0,0.0,0.0
2020-01-04,4,0,313_RTPV_7,0.0,0.0,0.0,0.0,0.0
2020-01-04,4,0,313_RTPV_8,0.0,0.0,0.0,0.0,0.0
2020-01-04,4,0,313_RTPV_9,0.0,0.0,0.0,0.0,0.0
2020-01-04,4,0,313_RTPV_10,0.0,0.0,0.0,0.0,0.0
2020-01-04,4,0,313_RTPV_11,0.0,0.0,0.0,0.0,0.0
2020-01-04,4,0,313_RTPV_12,0.0,0.0,0.0,0.0,0.0
2020-01-04,4,0,320_RTPV_1,0.0,0.0,0.0,0.0,0.0
2020-01-04,4,0,320_RTPV_2,0.0,0.0,0.0,0.0,0.0
2020-01-04,4,0,320_RTPV_3,0.0,0.0,0.0,0.0,0.0
2020-01-04,4,0,313_RTPV_13,0.0,0.0,0.0,0.0,0.0
2020-01-04,4,0,320_RTPV_4,0.0,0.0,0.0,0.0,0.0
2020-01-04,4,0,320_RTPV_5,0.0,0.0,0.0,0.0,0.0
2020-01-04,4,0,118_RTPV_1,0.0,0.0,0.0,0.0,0.0
2020-01-04,4,0,118_RTPV_2,0.0,0.0,0.0,0.0,0.0
2020-01-04,4,0,118_RTPV_3,0.0,0.0,0.0,0.0,0.0
2020-01-04,4,0,118_RTPV_4,0.0,0.0,0.0,0.0,0.0
2020-01-04,4,0,118_RTPV_5,0.0,0.0,0.0,0.0,0.0
2020-01-04,4,0,118_RTPV_6,0.0,0.0,0.0,0.0,0.0
2020-01-04,4,0,320_RTPV_6,0.0,0.0,0.0,0.0,0.0
2020-01-04,4,0,118_RTPV_7,0.0,0.0,0.0,0.0,0.0
2020-01-04,4,0,118_RTPV_8,0.0,0.0,0.0,0.0,0.0
2020-01-04,4,0,118_RTPV_9,0.0,0.0,0.0,0.0,0.0
2020-01-04,4,0,118_RTPV_10,0.0,0.0,0.0,0.0,0.0
2020-01-04,4,0,213_RTPV_1,0.0,0.0,0.0,0.0,0.0
2020-01-04,4,0,309_WIND_1,21.567,0.0,0.0,500.500331,0.0
2020-01-04,4,0,317_WIND_1,0.0,0.0,0.0,0.0,0.0
2020-01-04,4,0,303_WIND_1,0.0,0.0,0.0,0.0,0.0
2020-01-04,4,0,122_WIND_1,0.0,0.0,0.0,0.0,0.0
2020-01-04,4,0,122_WIND_1_PEM,0.0,0.0,4.3,0.0,0.0
2020-01-04,4,0,303_WIND_1_PEM,0.0,0.0,40.1,0.0,0.0
2020-01-04,4,0,309_WIND_1_PEM,0.0,0.0,75.633,0.0,0.0
2020-01-04,4,0,310_PV_2_PEM,0.0,0.0,0.0,0.0,0.0
2020-01-04,4,0,317_WIND_1_PEM,0.0,0.0,6.6,0.0,0.0
2020-01-04,4,0,319_PV_1_PEM,0.0,0.0,0.0,0.0,0.0
2020-01-04,4,0,320_PV_1_PEM,0.0,0.0,0.0,0.0,0.0
2020-01-04,4,0,324_PV_1_PEM,0.0,0.0,0.0,0.0,0.0
2020-01-04,4,0,324_PV_2_PEM,0.0,0.0,0.0,0.0,0.0
2020-01-04,4,0,324_PV_3_PEM,0.0,0.0,0.0,0.0,0.0
2020-01-04,5,0,122_HYDRO_1,3.758,3.3,0.0,93.234516,0.0
2020-01-04,5,0,122_HYDRO_2,3.758,3.3,0.0,93.234516,0.0
2020-01-04,5,0,122_HYDRO_3,3.758,3.3,0.0,93.234516,0.0
2020-01-04,5,0,122_HYDRO_4,3.758,3.3,0.0,93.234516,0.0
2020-01-04,5,0,122_HYDRO_5,3.758,3.3,0.0,93.234516,0.0
2020-01-04,5,0,122_HYDRO_6,3.758,3.3,0.0,93.234516,0.0
2020-01-04,5,0,201_HYDRO_4,9.117,9.3,0.0,228.210881,0.0
2020-01-04,5,0,215_HYDRO_1,9.117,9.3,0.0,228.210881,0.0
2020-01-04,5,0,215_HYDRO_2,9.117,9.3,0.0,228.210881,0.0
2020-01-04,5,0,215_HYDRO_3,9.117,9.3,0.0,228.210881,0.0
2020-01-04,5,0,222_HYDRO_1,9.117,9.3,0.0,228.210881,0.0
2020-01-04,5,0,222_HYDRO_2,9.117,9.3,0.0,228.210881,0.0
2020-01-04,5,0,222_HYDRO_3,9.117,9.3,0.0,228.210881,0.0
2020-01-04,5,0,222_HYDRO_4,9.117,9.3,0.0,228.210881,0.0
2020-01-04,5,0,222_HYDRO_5,9.117,9.3,0.0,228.210881,0.0
2020-01-04,5,0,222_HYDRO_6,9.117,9.3,0.0,228.210881,0.0
2020-01-04,5,0,322_HYDRO_1,14.242,19.1,0.0,363.639133,0.0
2020-01-04,5,0,322_HYDRO_2,14.242,19.1,0.0,363.639133,0.0
2020-01-04,5,0,322_HYDRO_3,14.242,19.1,0.0,363.639133,0.0
2020-01-04,5,0,322_HYDRO_4,14.242,19.1,0.0,363.639133,0.0
2020-01-04,5,0,320_PV_1,0.0,0.0,0.0,0.0,0.0
2020-01-04,5,0,314_PV_1,0.0,0.0,0.0,0.0,0.0
2020-01-04,5,0,314_PV_2,0.0,0.0,0.0,0.0,0.0
2020-01-04,5,0,313_PV_1,0.0,0.0,0.0,0.0,0.0
2020-01-04,5,0,314_PV_3,0.0,0.0,0.0,0.0,0.0
2020-01-04,5,0,314_PV_4,0.0,0.0,0.0,0.0,0.0
2020-01-04,5,0,313_PV_2,0.0,0.0,0.0,0.0,0.0
2020-01-04,5,0,310_PV_1,0.0,0.0,0.0,0.0,0.0
2020-01-04,5,0,324_PV_1,0.0,0.0,0.0,0.0,0.0
2020-01-04,5,0,312_PV_1,0.0,0.0,0.0,0.0,0.0
2020-01-04,5,0,310_PV_2,0.0,0.0,0.0,0.0,0.0
2020-01-04,5,0,324_PV_2,0.0,0.0,0.0,0.0,0.0
2020-01-04,5,0,324_PV_3,0.0,0.0,0.0,0.0,0.0
2020-01-04,5,0,113_PV_1,0.0,0.0,0.0,0.0,0.0
2020-01-04,5,0,319_PV_1,0.0,0.0,0.0,0.0,0.0
2020-01-04,5,0,215_PV_1,0.0,0.0,0.0,0.0,0.0
2020-01-04,5,0,102_PV_1,0.0,0.0,0.0,0.0,0.0
2020-01-04,5,0,101_PV_1,0.0,0.0,0.0,0.0,0.0
2020-01-04,5,0,102_PV_2,0.0,0.0,0.0,0.0,0.0
2020-01-04,5,0,104_PV_1,0.0,0.0,0.0,0.0,0.0
2020-01-04,5,0,101_PV_2,0.0,0.0,0.0,0.0,0.0
2020-01-04,5,0,101_PV_3,0.0,0.0,0.0,0.0,0.0
2020-01-04,5,0,101_PV_4,0.0,0.0,0.0,0.0,0.0
2020-01-04,5,0,103_PV_1,0.0,0.0,0.0,0.0,0.0
2020-01-04,5,0,119_PV_1,0.0,0.0,0.0,0.0,0.0
2020-01-04,5,0,308_RTPV_1,0.0,0.0,0.0,0.0,0.0
2020-01-04,5,0,313_RTPV_1,0.0,0.0,0.0,0.0,0.0
2020-01-04,5,0,313_RTPV_2,0.0,0.0,0.0,0.0,0.0
2020-01-04,5,0,313_RTPV_3,0.0,0.0,0.0,0.0,0.0
2020-01-04,5,0,313_RTPV_4,0.0,0.0,0.0,0.0,0.0
2020-01-04,5,0,313_RTPV_5,0.0,0.0,0.0,0.0,0.0
2020-01-04,5,0,313_RTPV_6,0.0,0.0,0.0,0.0,0.0
2020-01-04,5,0,313_RTPV_7,0.0,0.0,0.0,0.0,0.0
2020-01-04,5,0,313_RTPV_8,0.0,0.0,0.0,0.0,0.0
2020-01-04,5,0,313_RTPV_9,0.0,0.0,0.0,0.0,0.0
2020-01-04,5,0,313_RTPV_10,0.0,0.0,0.0,0.0,0.0
2020-01-04,5,0,313_RTPV_11,0.0,0.0,0.0,0.0,0.0
2020-01-04,5,0,313_RTPV_12,0.0,0.0,0.0,0.0,0.0
2020-01-04,5,0,320_RTPV_1,0.0,0.0,0.0,0.0,0.0
2020-01-04,5,0,320_RTPV_2,0.0,0.0,0.0,0.0,0.0
2020-01-04,5,0,320_RTPV_3,0.0,0.0,0.0,0.0,0.0
2020-01-04,5,0,313_RTPV_13,0.0,0.0,0.0,0.0,0.0
2020-01-04,5,0,320_RTPV_4,0.0,0.0,0.0,0.0,0.0
2020-01-04,5,0,320_RTPV_5,0.0,0.0,0.0,0.0,0.0
2020-01-04,5,0,118_RTPV_1,0.0,0.0,0.0,0.0,0.0
2020-01-04,5,0,118_RTPV_2,0.0,0.0,0.0,0.0,0.0
2020-01-04,5,0,118_RTPV_3,0.0,0.0,0.0,0.0,0.0
2020-01-04,5,0,118_RTPV_4,0.0,0.0,0.0,0.0,0.0
2020-01-04,5,0,118_RTPV_5,0.0,0.0,0.0,0.0,0.0
2020-01-04,5,0,118_RTPV_6,0.0,0.0,0.0,0.0,0.0
2020-01-04,5,0,320_RTPV_6,0.0,0.0,0.0,0.0,0.0
2020-01-04,5,0,118_RTPV_7,0.0,0.0,0.0,0.0,0.0
2020-01-04,5,0,118_RTPV_8,0.0,0.0,0.0,0.0,0.0
2020-01-04,5,0,118_RTPV_9,0.0,0.0,0.0,0.0,0.0
2020-01-04,5,0,118_RTPV_10,0.0,0.0,0.0,0.0,0.0
2020-01-04,5,0,213_RTPV_1,0.0,0.0,0.0,0.0,0.0
2020-01-04,5,0,309_WIND_1,34.467,0.0,0.0,807.830898,0.0
2020-01-04,5,0,317_WIND_1,0.0,0.0,0.0,0.0,0.0
2020-01-04,5,0,303_WIND_1,0.0,0.0,0.0,0.0,0.0
2020-01-04,5,0,122_WIND_1,0.0,0.0,0.0,0.0,0.0
2020-01-04,5,0,122_WIND_1_PEM,0.0,18.519552,5.2,28.931112,0.0
2020-01-04,5,0,303_WIND_1_PEM,0.0,0.0,28.0,0.0,0.0
2020-01-04,5,0,309_WIND_1_PEM,0.0,0.0,75.633,0.0,0.0
2020-01-04,5,0,310_PV_2_PEM,0.0,0.0,0.0,0.0,0.0
2020-01-04,5,0,317_WIND_1_PEM,0.0,0.0,6.1,0.0,0.0
2020-01-04,5,0,319_PV_1_PEM,0.0,0.0,0.0,0.0,0.0
2020-01-04,5,0,320_PV_1_PEM,0.0,0.0,0.0,0.0,0.0
2020-01-04,5,0,324_PV_1_PEM,0.0,0.0,0.0,0.0,0.0
2020-01-04,5,0,324_PV_2_PEM,0.0,0.0,0.0,0.0,0.0
2020-01-04,5,0,324_PV_3_PEM,0.0,0.0,0.0,0.0,0.0
2020-01-04,6,0,122_HYDRO_1,3.258,2.8,0.0,111.996106,0.0
2020-01-04,6,0,122_HYDRO_2,3.258,2.8,0.0,111.996106,0.0
2020-01-04,6,0,122_HYDRO_3,3.258,2.8,0.0,111.996106,0.0
2020-01-04,6,0,122_HYDRO_4,3.258,2.8,0.0,111.996106,0.0
2020-01-04,6,0,122_HYDRO_5,3.258,2.8,0.0,111.996106,0.0
2020-01-04,6,0,122_HYDRO_6,3.258,2.8,0.0,111.996106,0.0
2020-01-04,6,0,201_HYDRO_4,9.283,9.1,0.0,331.84931,0.0
2020-01-04,6,0,215_HYDRO_1,9.283,9.1,0.0,331.84931,0.0
2020-01-04,6,0,215_HYDRO_2,9.283,9.1,0.0,331.84931,0.0
2020-01-04,6,0,215_HYDRO_3,9.283,9.1,0.0,331.84931,0.0
2020-01-04,6,0,222_HYDRO_1,9.283,9.1,0.0,331.84931,0.0
2020-01-04,6,0,222_HYDRO_2,9.283,9.1,0.0,331.84931,0.0
2020-01-04,6,0,222_HYDRO_3,9.283,9.1,0.0,331.84931,0.0
2020-01-04,6,0,222_HYDRO_4,9.283,9.1,0.0,331.84931,0.0
2020-01-04,6,0,222_HYDRO_5,9.283,9.1,0.0,331.84931,0.0
2020-01-04,6,0,222_HYDRO_6,9.283,9.1,0.0,331.84931,0.0
2020-01-04,6,0,322_HYDRO_1,20.85,40.1,0.0,968.588125,0.0
2020-01-04,6,0,322_HYDRO_2,20.85,40.1,0.0,968.588125,0.0
2020-01-04,6,0,322_HYDRO_3,20.85,40.1,0.0,968.588125,0.0
2020-01-04,6,0,322_HYDRO_4,20.85,40.1,0.0,968.588125,0.0
2020-01-04,6,0,320_PV_1,0.0,0.0,0.0,0.0,0.0
2020-01-04,6,0,314_PV_1,0.0,0.0,0.0,0.0,0.0
2020-01-04,6,0,314_PV_2,0.0,0.0,0.0,0.0,0.0
2020-01-04,6,0,313_PV_1,0.0,0.0,0.0,0.0,0.0
2020-01-04,6,0,314_PV_3,0.0,0.0,0.0,0.0,0.0
2020-01-04,6,0,314_PV_4,0.0,0.0,0.0,0.0,0.0
2020-01-04,6,0,313_PV_2,0.0,0.0,0.0,0.0,0.0
2020-01-04,6,0,310_PV_1,0.0,0.0,0.0,0.0,0.0
2020-01-04,6,0,324_PV_1,0.0,0.0,0.0,0.0,0.0
2020-01-04,6,0,312_PV_1,0.0,0.0,0.0,0.0,0.0
2020-01-04,6,0,310_PV_2,0.0,0.0,0.0,0.0,0.0
2020-01-04,6,0,324_PV_2,0.0,0.0,0.0,0.0,0.0
2020-01-04,6,0,324_PV_3,0.0,0.0,0.0,0.0,0.0
2020-01-04,6,0,113_PV_1,0.0,0.0,0.0,0.0,0.0
2020-01-04,6,0,319_PV_1,0.0,0.0,0.0,0.0,0.0
2020-01-04,6,0,215_PV_1,0.0,0.0,0.0,0.0,0.0
2020-01-04,6,0,102_PV_1,0.0,0.0,0.0,0.0,0.0
2020-01-04,6,0,101_PV_1,0.0,0.0,0.0,0.0,0.0
2020-01-04,6,0,102_PV_2,0.0,0.0,0.0,0.0,0.0
2020-01-04,6,0,104_PV_1,0.0,0.0,0.0,0.0,0.0
2020-01-04,6,0,101_PV_2,0.0,0.0,0.0,0.0,0.0
2020-01-04,6,0,101_PV_3,0.0,0.0,0.0,0.0,0.0
2020-01-04,6,0,101_PV_4,0.0,0.0,0.0,0.0,0.0
2020-01-04,6,0,103_PV_1,0.0,0.0,0.0,0.0,0.0
2020-01-04,6,0,119_PV_1,0.0,0.0,0.0,0.0,0.0
2020-01-04,6,0,308_RTPV_1,0.0,0.0,0.0,0.0,0.0
2020-01-04,6,0,313_RTPV_1,0.0,0.0,0.0,0.0,0.0
2020-01-04,6,0,313_RTPV_2,0.0,0.0,0.0,0.0,0.0
2020-01-04,6,0,313_RTPV_3,0.0,0.0,0.0,0.0,0.0
2020-01-04,6,0,313_RTPV_4,0.0,0.0,0.0,0.0,0.0
2020-01-04,6,0,313_RTPV_5,0.0,0.0,0.0,0.0,0.0
2020-01-04,6,0,313_RTPV_6,0.0,0.0,0.0,0.0,0.0
2020-01-04,6,0,313_RTPV_7,0.0,0.0,0.0,0.0,0.0
2020-01-04,6,0,313_RTPV_8,0.0,0.0,0.0,0.0,0.0
2020-01-04,6,0,313_RTPV_9,0.0,0.0,0.0,0.0,0.0
2020-01-04,6,0,313_RTPV_10,0.0,0.0,0.0,0.0,0.0
2020-01-04,6,0,313_RTPV_11,0.0,0.0,0.0,0.0,0.0
2020-01-04,6,0,313_RTPV_12,0.0,0.0,0.0,0.0,0.0
2020-01-04,6,0,320_RTPV_1,0.0,0.0,0.0,0.0,0.0
2020-01-04,6,0,320_RTPV_2,0.0,0.0,0.0,0.0,0.0
2020-01-04,6,0,320_RTPV_3,0.0,0.0,0.0,0.0,0.0
2020-01-04,6,0,313_RTPV_13,0.0,0.0,0.0,0.0,0.0
2020-01-04,6,0,320_RTPV_4,0.0,0.0,0.0,0.0,0.0
2020-01-04,6,0,320_RTPV_5,0.0,0.0,0.0,0.0,0.0
2020-01-04,6,0,118_RTPV_1,0.0,0.0,0.0,0.0,0.0
2020-01-04,6,0,118_RTPV_2,0.0,0.0,0.0,0.0,0.0
2020-01-04,6,0,118_RTPV_3,0.0,0.0,0.0,0.0,0.0
2020-01-04,6,0,118_RTPV_4,0.0,0.0,0.0,0.0,0.0
2020-01-04,6,0,118_RTPV_5,0.0,0.0,0.0,0.0,0.0
2020-01-04,6,0,118_RTPV_6,0.0,0.0,0.0,0.0,0.0
2020-01-04,6,0,320_RTPV_6,0.0,0.0,0.0,0.0,0.0
2020-01-04,6,0,118_RTPV_7,0.0,0.0,0.0,0.0,0.0
2020-01-04,6,0,118_RTPV_8,0.0,0.0,0.0,0.0,0.0
2020-01-04,6,0,118_RTPV_9,0.0,0.0,0.0,0.0,0.0
2020-01-04,6,0,118_RTPV_10,0.0,0.0,0.0,0.0,0.0
2020-01-04,6,0,213_RTPV_1,0.0,0.0,0.0,0.0,0.0
2020-01-04,6,0,309_WIND_1,15.767,0.0,0.0,388.142759,0.0
2020-01-04,6,0,317_WIND_1,0.0,0.0,0.0,0.0,0.0
2020-01-04,6,0,303_WIND_1,0.0,0.0,0.0,0.0,0.0
2020-01-04,6,0,122_WIND_1,0.0,0.0,0.0,0.0,0.0
2020-01-04,6,0,122_WIND_1_PEM,0.0,82.2,4.7,933.339086,0.0
2020-01-04,6,0,303_WIND_1_PEM,0.0,0.0,42.9,0.0,0.0
2020-01-04,6,0,309_WIND_1_PEM,0.0,0.0,75.633,0.0,0.0
2020-01-04,6,0,310_PV_2_PEM,0.0,0.0,0.0,0.0,0.0
2020-01-04,6,0,317_WIND_1_PEM,0.0,42.00588,7.3,476.955348,0.0
2020-01-04,6,0,319_PV_1_PEM,0.0,0.0,0.0,0.0,0.0
2020-01-04,6,0,320_PV_1_PEM,0.0,0.0,0.0,0.0,0.0
2020-01-04,6,0,324_PV_1_PEM,0.0,0.0,0.0,0.0,0.0
2020-01-04,6,0,324_PV_2_PEM,0.0,0.0,0.0,0.0,0.0
2020-01-04,6,0,324_PV_3_PEM,0.0,0.0,0.0,0.0,0.0
2020-01-04,7,0,122_HYDRO_1,2.842,3.3,0.0,41.174263,0.0
2020-01-04,7,0,122_HYDRO_2,2.842,3.3,0.0,41.174263,0.0
2020-01-04,7,0,122_HYDRO_3,2.842,3.3,0.0,41.174263,0.0
2020-01-04,7,0,122_HYDRO_4,2.842,3.3,0.0,41.174263,0.0
2020-01-04,7,0,122_HYDRO_5,2.842,3.3,0.0,41.174263,0.0
2020-01-04,7,0,122_HYDRO_6,2.842,3.3,0.0,41.174263,0.0
2020-01-04,7,0,201_HYDRO_4,9.1,9.1,0.0,209.936753,0.0
2020-01-04,7,0,215_HYDRO_1,9.1,9.1,0.0,209.936753,0.0
2020-01-04,7,0,215_HYDRO_2,9.1,9.1,0.0,209.936753,0.0
2020-01-04,7,0,215_HYDRO_3,9.1,9.1,0.0,209.936753,0.0
2020-01-04,7,0,222_HYDRO_1,9.1,9.1,0.0,209.936753,0.0
2020-01-04,7,0,222_HYDRO_2,9.1,9.1,0.0,209.936753,0.0
2020-01-04,7,0,222_HYDRO_3,9.1,9.1,0.0,209.936753,0.0
2020-01-04,7,0,222_HYDRO_4,9.1,9.1,0.0,209.936753,0.0
2020-01-04,7,0,222_HYDRO_5,9.1,9.1,0.0,209.936753,0.0
2020-01-04,7,0,222_HYDRO_6,9.1,9.1,0.0,209.936753,0.0
2020-01-04,7,0,322_HYDRO_1,38.625,22.4,0.0,1755.133325,0.0
2020-01-04,7,0,322_HYDRO_2,38.625,22.4,0.0,1755.133325,0.0
2020-01-04,7,0,322_HYDRO_3,38.625,22.4,0.0,1755.133325,0.0
2020-01-04,7,0,322_HYDRO_4,38.625,22.4,0.0,1755.133325,0.0
2020-01-04,7,0,320_PV_1,0.0,0.0,0.0,0.0,0.0
2020-01-04,7,0,314_PV_1,0.0,24.2,0.0,-1288.76093,0.0
2020-01-04,7,0,314_PV_2,0.0,23.7,0.0,-1262.133638,0.0
2020-01-04,7,0,313_PV_1,0.0,31.9,0.0,-1698.821225,0.0
2020-01-04,7,0,314_PV_3,0.0,32.2,0.0,-1714.797601,0.0
2020-01-04,7,0,314_PV_4,0.0,23.6,0.0,-1256.808179,0.0
2020-01-04,7,0,313_PV_2,0.0,31.9,0.0,-1698.821225,0.0
2020-01-04,7,0,310_PV_1,0.0,23.1,0.0,-1230.180887,0.0
2020-01-04,7,0,324_PV_1,0.0,2.423,0.0,-129.035857,0.0
2020-01-04,7,0,312_PV_1,0.0,26.5,0.0,-1411.246473,0.0
2020-01-04,7,0,310_PV_2,0.0,0.0,0.0,0.0,0.0
2020-01-04,7,0,324_PV_2,0.0,0.0,0.0,0.0,0.0
2020-01-04,7,0,324_PV_3,0.0,0.0,0.0,0.0,0.0
2020-01-04,7,0,113_PV_1,0.0,44.2,0.0,-2353.852607,0.0
2020-01-04,7,0,319_PV_1,0.0,19.438,0.0,-1035.162601,0.0
2020-01-04,7,0,215_PV_1,0.0,61.0,0.0,-3248.529616,0.0
2020-01-04,7,0,102_PV_1,0.0,14.7,0.0,-782.842383,0.0
2020-01-04,7,0,101_PV_1,2.6,14.5,0.0,-573.747619,0.0
2020-01-04,7,0,102_PV_2,1.7,14.5,0.0,-642.43972,0.0
2020-01-04,7,0,104_PV_1,3.5,14.5,0.0,-505.055518,0.0
2020-01-04,7,0,101_PV_2,1.8,14.7,0.0,-645.458181,0.0
2020-01-04,7,0,101_PV_3,1.3,14.7,0.0,-683.620459,0.0
2020-01-04,7,0,101_PV_4,0.6,14.2,0.0,-710.420357,0.0
2020-01-04,7,0,103_PV_1,0.0,13.3,0.0,-708.285965,0.0
2020-01-04,7,0,119_PV_1,0.0,12.9,0.0,-686.984132,0.0
2020-01-04,7,0,308_RTPV_1,0.0,12.9,0.0,-686.984132,0.0
2020-01-04,7,0,313_RTPV_1,0.0,13.0,0.0,-692.30959,0.0
2020-01-04,7,0,313_RTPV_2,0.0,9.5,0.0,-505.918547,0.0
2020-01-04,7,0,313_RTPV_3,0.0,8.8,0.0,-468.640338,0.0
2020-01-04,7,0,313_RTPV_4,0.0,8.6,0.0,-457.989421,0.0
2020-01-04,7,0,313_RTPV_5,0.0,9.0,0.0,-479.291255,0.0
2020-01-04,7,0,313_RTPV_6,0.0,9.1,0.0,-484.616713,0.0
2020-01-04,7,0,313_RTPV_7,0.0,9.7,0.0,-516.569464,0.0
2020-01-04,7,0,313_RTPV_8,0.0,8.8,0.0,-468.640338,0.0
2020-01-04,7,0,313_RTPV_9,0.0,9.6,0.0,-511.244005,0.0
2020-01-04,7,0,313_RTPV_10,0.0,9.5,0.0,-505.918547,0.0
2020-01-04,7,0,313_RTPV_11,0.0,9.9,0.0,-527.22038,0.0
2020-01-04,7,0,313_RTPV_12,0.0,4.2,0.0,-223.669252,0.0
2020-01-04,7,0,320_RTPV_1,0.0,4.2,0.0,-223.669252,0.0
2020-01-04,7,0,320_RTPV_2,0.0,4.2,0.0,-223.669252,0.0
2020-01-04,7,0,320_RTPV_3,0.0,4.5,0.0,-239.645627,0.0
2020-01-04,7,0,313_RTPV_13,0.0,4.5,0.0,-239.645627,0.0
2020-01-04,7,0,320_RTPV_4,0.0,4.1,0.0,-218.343794,0.0
2020-01-04,7,0,320_RTPV_5,0.0,4.6,0.0,-244.971086,0.0
2020-01-04,7,0,118_RTPV_1,0.0,1.6,0.0,-85.207334,0.0
2020-01-04,7,0,118_RTPV_2,0.0,1.6,0.0,-85.207334,0.0
2020-01-04,7,0,118_RTPV_3,0.0,0.7,0.0,-37.278209,0.0
2020-01-04,7,0,118_RTPV_4,0.0,1.6,0.0,-85.207334,0.0
2020-01-04,7,0,118_RTPV_5,0.0,1.5,0.0,-79.881876,0.0
2020-01-04,7,0,118_RTPV_6,0.0,1.5,0.0,-79.881876,0.0
2020-01-04,7,0,320_RTPV_6,0.0,1.2,0.0,-63.905501,0.0
2020-01-04,7,0,118_RTPV_7,0.0,1.6,0.0,-85.207334,0.0
2020-01-04,7,0,118_RTPV_8,0.0,1.8,0.0,-95.858251,0.0
2020-01-04,7,0,118_RTPV_9,0.0,1.6,0.0,-85.207334,0.0
2020-01-04,7,0,118_RTPV_10,0.0,0.8,0.0,-42.603667,0.0
2020-01-04,7,0,213_RTPV_1,0.0,2.3,0.0,-122.485543,0.0
2020-01-04,7,0,309_WIND_1,19.667,0.0,0.0,1501.075057,0.0
2020-01-04,7,0,317_WIND_1,0.0,0.0,0.0,0.0,0.0
2020-01-04,7,0,303_WIND_1,0.0,0.0,0.0,0.0,0.0
2020-01-04,7,0,122_WIND_1,0.0,0.0,0.0,0.0,0.0
2020-01-04,7,0,122_WIND_1_PEM,4.0,0.0,0.0,305.298227,0.0
2020-01-04,7,0,303_WIND_1_PEM,32.7,0.0,0.0,2495.813005,0.0
2020-01-04,7,0,309_WIND_1_PEM,75.633,0.0,0.0,5772.6552,0.0
2020-01-04,7,0,310_PV_2_PEM,0.0,0.0,0.0,0.0,0.0
2020-01-04,7,0,317_WIND_1_PEM,6.5,0.0,0.0,496.109619,0.0
2020-01-04,7,0,319_PV_1_PEM,0.0,0.0,0.0,0.0,0.0
2020-01-04,7,0,320_PV_1_PEM,0.0,0.0,0.0,0.0,0.0
2020-01-04,7,0,324_PV_1_PEM,0.0,0.0,0.0,0.0,0.0
2020-01-04,7,0,324_PV_2_PEM,0.0,0.0,0.0,0.0,0.0
2020-01-04,7,0,324_PV_3_PEM,0.0,0.0,0.0,0.0,0.0
2020-01-04,8,0,122_HYDRO_1,3.3,3.3,0.0,68.792255,0.0
2020-01-04,8,0,122_HYDRO_2,3.3,3.3,0.0,68.792255,0.0
2020-01-04,8,0,122_HYDRO_3,3.3,3.3,0.0,68.792255,0.0
2020-01-04,8,0,122_HYDRO_4,3.3,3.3,0.0,68.792255,0.0
2020-01-04,8,0,122_HYDRO_5,3.3,3.3,0.0,68.792255,0.0
2020-01-04,8,0,122_HYDRO_6,3.3,3.3,0.0,68.792255,0.0
2020-01-04,8,0,201_HYDRO_4,9.1,9.1,0.0,189.699854,0.0
2020-01-04,8,0,215_HYDRO_1,9.1,9.1,0.0,189.699854,0.0
2020-01-04,8,0,215_HYDRO_2,9.1,9.1,0.0,189.699854,0.0
2020-01-04,8,0,215_HYDRO_3,9.1,9.1,0.0,189.699854,0.0
2020-01-04,8,0,222_HYDRO_1,9.1,9.1,0.0,189.699854,0.0
2020-01-04,8,0,222_HYDRO_2,9.1,9.1,0.0,189.699854,0.0
2020-01-04,8,0,222_HYDRO_3,9.1,9.1,0.0,189.699854,0.0
2020-01-04,8,0,222_HYDRO_4,9.1,9.1,0.0,189.699854,0.0
2020-01-04,8,0,222_HYDRO_5,9.1,9.1,0.0,189.699854,0.0
2020-01-04,8,0,222_HYDRO_6,9.1,9.1,0.0,189.699854,0.0
2020-01-04,8,0,322_HYDRO_1,21.875,16.1,0.0,465.519047,0.0
2020-01-04,8,0,322_HYDRO_2,21.875,16.1,0.0,465.519047,0.0
2020-01-04,8,0,322_HYDRO_3,21.875,16.1,0.0,465.519047,0.0
2020-01-04,8,0,322_HYDRO_4,21.875,16.1,0.0,465.519047,0.0
2020-01-04,8,0,320_PV_1,0.0,6.084,0.0,-10.018619,0.0
2020-01-04,8,0,314_PV_1,25.2,32.1,0.0,513.960332,0.0
2020-01-04,8,0,314_PV_2,25.5,34.4,0.0,516.920742,0.0
2020-01-04,8,0,313_PV_1,37.4,51.6,0.0,756.262187,0.0
2020-01-04,8,0,314_PV_3,35.9,50.4,0.0,724.498966,0.0
2020-01-04,8,0,314_PV_4,25.7,34.4,0.0,521.419312,0.0
2020-01-04,8,0,313_PV_2,36.0,51.8,0.0,724.442849,0.0
2020-01-04,8,0,310_PV_1,25.2,33.6,0.0,511.490258,0.0
2020-01-04,8,0,324_PV_1,4.523,13.123,0.0,80.125325,0.0
2020-01-04,8,0,312_PV_1,36.1,52.6,0.0,725.374761,0.0
2020-01-04,8,0,310_PV_2,0.0,7.484,0.0,-12.324021,0.0
2020-01-04,8,0,324_PV_2,4.744,12.544,0.0,86.049694,0.0
2020-01-04,8,0,324_PV_3,3.49,12.79,0.0,57.438563,0.0
2020-01-04,8,0,113_PV_1,0.0,59.4,0.0,-97.814921,0.0
2020-01-04,8,0,319_PV_1,19.738,54.938,0.0,353.496669,0.0
2020-01-04,8,0,215_PV_1,61.5,79.2,0.0,1252.890601,0.0
2020-01-04,8,0,102_PV_1,6.6,17.2,0.0,120.129321,0.0
2020-01-04,8,0,101_PV_1,12.0,16.9,0.0,242.084745,0.0
2020-01-04,8,0,102_PV_2,13.5,16.9,0.0,275.824026,0.0
2020-01-04,8,0,104_PV_1,13.2,16.9,0.0,269.07617,0.0
2020-01-04,8,0,101_PV_2,15.8,17.4,0.0,326.734231,0.0
2020-01-04,8,0,101_PV_3,15.7,16.6,0.0,325.802318,0.0
2020-01-04,8,0,101_PV_4,12.7,16.3,0.0,258.817772,0.0
2020-01-04,8,0,103_PV_1,18.5,25.0,0.0,374.949895,0.0
2020-01-04,8,0,119_PV_1,10.2,28.8,0.0,182.00169,0.0
2020-01-04,8,0,308_RTPV_1,16.4,36.0,0.0,309.601029,0.0
2020-01-04,8,0,313_RTPV_1,16.0,36.1,0.0,300.439216,0.0
2020-01-04,8,0,313_RTPV_2,10.7,24.2,0.0,200.82301,0.0
2020-01-04,8,0,313_RTPV_3,8.4,20.9,0.0,154.523609,0.0
2020-01-04,8,0,313_RTPV_4,10.6,22.8,0.0,200.879127,0.0
2020-01-04,8,0,313_RTPV_5,9.2,23.5,0.0,168.236431,0.0
2020-01-04,8,0,313_RTPV_6,11.2,23.3,0.0,213.551481,0.0
2020-01-04,8,0,313_RTPV_7,12.7,23.6,0.0,246.796747,0.0
2020-01-04,8,0,313_RTPV_8,10.3,23.8,0.0,192.484555,0.0
2020-01-04,8,0,313_RTPV_9,11.2,23.5,0.0,213.222138,0.0
2020-01-04,8,0,313_RTPV_10,13.6,23.4,0.0,267.369658,0.0
2020-01-04,8,0,313_RTPV_11,11.8,24.5,0.0,225.071134,0.0
2020-01-04,8,0,313_RTPV_12,5.3,10.6,0.0,101.756936,0.0
2020-01-04,8,0,320_RTPV_1,4.6,10.6,0.0,86.011939,0.0
2020-01-04,8,0,320_RTPV_2,5.2,10.6,0.0,99.507651,0.0
2020-01-04,8,0,320_RTPV_3,6.2,10.7,0.0,121.835833,0.0
2020-01-04,8,0,313_RTPV_13,5.0,10.4,0.0,95.338423,0.0
2020-01-04,8,0,320_RTPV_4,5.0,9.9,0.0,96.161781,0.0
2020-01-04,8,0,320_RTPV_5,5.2,10.8,0.0,99.178308,0.0
2020-01-04,8,0,118_RTPV_1,2.3,3.7,0.0,45.640715,0.0
2020-01-04,8,0,118_RTPV_2,1.1,3.7,0.0,18.64929,0.0
2020-01-04,8,0,118_RTPV_3,2.0,3.3,0.0,39.551545,0.0
2020-01-04,8,0,118_RTPV_4,1.9,3.7,0.0,36.643573,0.0
2020-01-04,8,0,118_RTPV_5,1.8,3.5,0.0,34.723631,0.0
2020-01-04,8,0,118_RTPV_6,2.0,3.8,0.0,38.728187,0.0
2020-01-04,8,0,320_RTPV_6,1.9,3.2,0.0,37.466931,0.0
2020-01-04,8,0,118_RTPV_7,0.5,3.8,0.0,4.988907,0.0
2020-01-04,8,0,118_RTPV_8,2.2,4.3,0.0,42.4034,0.0
2020-01-04,8,0,118_RTPV_9,1.8,3.7,0.0,34.394288,0.0
2020-01-04,8,0,118_RTPV_10,0.9,1.8,0.0,17.27948,0.0
2020-01-04,8,0,213_RTPV_1,2.6,5.2,0.0,49.918497,0.0
2020-01-04,8,0,309_WIND_1,52.967,0.0,0.0,1191.378977,0.0
2020-01-04,8,0,317_WIND_1,0.0,0.0,0.0,0.0,0.0
2020-01-04,8,0,303_WIND_1,0.0,0.0,0.0,0.0,0.0
2020-01-04,8,0,122_WIND_1,0.0,0.0,0.0,0.0,0.0
2020-01-04,8,0,122_WIND_1_PEM,0.0,0.0,4.2,0.0,0.0
2020-01-04,8,0,303_WIND_1_PEM,0.0,0.0,42.7,0.0,0.0
2020-01-04,8,0,309_WIND_1_PEM,0.0,0.0,75.633,0.0,0.0
2020-01-04,8,0,310_PV_2_PEM,0.0,0.0,24.9,0.0,0.0
2020-01-04,8,0,317_WIND_1_PEM,0.0,0.0,4.3,0.0,0.0
2020-01-04,8,0,319_PV_1_PEM,0.0,0.0,77.162,0.0,0.0
2020-01-04,8,0,320_PV_1_PEM,0.0,0.0,25.3,0.0,0.0
2020-01-04,8,0,324_PV_1_PEM,0.0,0.0,20.377,0.0,0.0
2020-01-04,8,0,324_PV_2_PEM,0.0,0.0,21.156,0.0,0.0
2020-01-04,8,0,324_PV_3_PEM,0.0,0.0,20.91,0.0,0.0
2020-01-04,9,0,122_HYDRO_1,3.3,3.3,0.0,64.961617,0.0
2020-01-04,9,0,122_HYDRO_2,3.3,3.3,0.0,64.961617,0.0
2020-01-04,9,0,122_HYDRO_3,3.3,3.3,0.0,64.961617,0.0
2020-01-04,9,0,122_HYDRO_4,3.3,3.3,0.0,64.961617,0.0
2020-01-04,9,0,122_HYDRO_5,3.3,3.3,0.0,64.961617,0.0
2020-01-04,9,0,122_HYDRO_6,3.3,3.3,0.0,64.961617,0.0
2020-01-04,9,0,201_HYDRO_4,9.092,9.0,0.0,179.085891,0.0
2020-01-04,9,0,215_HYDRO_1,9.092,9.0,0.0,179.085891,0.0
2020-01-04,9,0,215_HYDRO_2,9.092,9.0,0.0,179.085891,0.0
2020-01-04,9,0,215_HYDRO_3,9.092,9.0,0.0,179.085891,0.0
2020-01-04,9,0,222_HYDRO_1,9.092,9.0,0.0,179.085891,0.0
2020-01-04,9,0,222_HYDRO_2,9.092,9.0,0.0,179.085891,0.0
2020-01-04,9,0,222_HYDRO_3,9.092,9.0,0.0,179.085891,0.0
2020-01-04,9,0,222_HYDRO_4,9.092,9.0,0.0,179.085891,0.0
2020-01-04,9,0,222_HYDRO_5,9.092,9.0,0.0,179.085891,0.0
2020-01-04,9,0,222_HYDRO_6,9.092,9.0,0.0,179.085891,0.0
2020-01-04,9,0,322_HYDRO_1,16.25,17.9,0.0,317.971432,0.0
2020-01-04,9,0,322_HYDRO_2,16.25,17.9,0.0,317.971432,0.0
2020-01-04,9,0,322_HYDRO_3,16.25,17.9,0.0,317.971432,0.0
2020-01-04,9,0,322_HYDRO_4,16.25,17.9,0.0,317.971432,0.0
2020-01-04,9,0,320_PV_1,8.084,9.484,0.0,157.511157,0.0
2020-01-04,9,0,314_PV_1,34.3,35.5,0.0,673.814151,0.0
2020-01-04,9,0,314_PV_2,35.9,37.8,0.0,704.498133,0.0
2020-01-04,9,0,313_PV_1,57.7,63.7,0.0,1128.879236,0.0
2020-01-04,9,0,314_PV_3,55.0,61.5,0.0,1075.148422,0.0
2020-01-04,9,0,314_PV_4,37.1,37.8,0.0,729.513499,0.0
2020-01-04,9,0,313_PV_2,60.8,64.3,0.0,1192.805783,0.0
2020-01-04,9,0,310_PV_1,32.7,36.9,0.0,638.835212,0.0
2020-01-04,9,0,324_PV_1,16.323,16.323,0.0,321.32378,0.0
2020-01-04,9,0,312_PV_1,60.8,65.1,0.0,1191.877144,0.0
2020-01-04,9,0,310_PV_2,8.584,10.984,0.0,166.193027,0.0
2020-01-04,9,0,324_PV_2,14.344,15.844,0.0,280.625296,0.0
2020-01-04,9,0,324_PV_3,15.99,16.09,0.0,314.652483,0.0
2020-01-04,9,0,113_PV_1,0.0,58.4,0.0,-67.790677,0.0
2020-01-04,9,0,319_PV_1,56.038,67.938,0.0,1089.313487,0.0
2020-01-04,9,0,215_PV_1,13.6,83.6,0.0,186.464655,0.0
2020-01-04,9,0,102_PV_1,12.3,17.4,0.0,236.209587,0.0
2020-01-04,9,0,101_PV_1,0.2,16.7,0.0,-15.21612,0.0
2020-01-04,9,0,102_PV_2,8.6,16.6,0.0,160.007517,0.0
2020-01-04,9,0,104_PV_1,13.6,16.7,0.0,264.122126,0.0
2020-01-04,9,0,101_PV_2,18.2,16.3,0.0,360.478679,0.0
2020-01-04,9,0,101_PV_3,17.9,15.8,0.0,354.805237,0.0
2020-01-04,9,0,101_PV_4,12.6,16.0,0.0,244.088548,0.0
2020-01-04,9,0,103_PV_1,1.2,34.6,0.0,-15.148289,0.0
2020-01-04,9,0,119_PV_1,15.7,39.8,0.0,281.084552,0.0
2020-01-04,9,0,308_RTPV_1,40.0,55.4,0.0,769.537231,0.0
2020-01-04,9,0,313_RTPV_1,42.1,55.5,0.0,813.19804,0.0
2020-01-04,9,0,313_RTPV_2,29.4,35.8,0.0,571.319836,0.0
2020-01-04,9,0,313_RTPV_3,25.7,31.8,0.0,498.832324,0.0
2020-01-04,9,0,313_RTPV_4,26.9,33.1,0.0,522.33865,0.0
2020-01-04,9,0,313_RTPV_5,27.6,35.1,0.0,534.609348,0.0
2020-01-04,9,0,313_RTPV_6,28.7,34.3,0.0,558.468739,0.0
2020-01-04,9,0,313_RTPV_7,28.2,33.9,0.0,548.50999,0.0
2020-01-04,9,0,313_RTPV_8,27.2,35.3,0.0,526.038733,0.0
2020-01-04,9,0,313_RTPV_9,28.0,33.8,0.0,544.456842,0.0
2020-01-04,9,0,313_RTPV_10,28.6,34.8,0.0,555.803726,0.0
2020-01-04,9,0,313_RTPV_11,28.5,36.9,0.0,551.281433,0.0
2020-01-04,9,0,313_RTPV_12,12.9,15.4,0.0,251.038868,0.0
2020-01-04,9,0,320_RTPV_1,12.8,15.4,0.0,248.954255,0.0
2020-01-04,9,0,320_RTPV_2,12.3,15.4,0.0,238.531186,0.0
2020-01-04,9,0,320_RTPV_3,12.7,15.3,0.0,246.985721,0.0
2020-01-04,9,0,313_RTPV_13,11.9,15.3,0.0,230.308811,0.0
2020-01-04,9,0,320_RTPV_4,11.6,14.8,0.0,224.635369,0.0
2020-01-04,9,0,320_RTPV_5,12.6,15.9,0.0,244.204627,0.0
2020-01-04,9,0,118_RTPV_1,4.5,5.3,0.0,87.655384,0.0
2020-01-04,9,0,118_RTPV_2,4.1,5.3,0.0,79.316929,0.0
2020-01-04,9,0,118_RTPV_3,4.1,5.2,0.0,79.433009,0.0
2020-01-04,9,0,118_RTPV_4,4.4,5.3,0.0,85.57077,0.0
2020-01-04,9,0,118_RTPV_5,4.4,5.1,0.0,85.80293,0.0
2020-01-04,9,0,118_RTPV_6,4.7,5.4,0.0,91.708531,0.0
2020-01-04,9,0,320_RTPV_6,4.3,5.3,0.0,83.486156,0.0
2020-01-04,9,0,118_RTPV_7,4.5,5.9,0.0,86.958904,0.0
2020-01-04,9,0,118_RTPV_8,5.5,6.3,0.0,107.340722,0.0
2020-01-04,9,0,118_RTPV_9,4.5,5.4,0.0,87.539304,0.0
2020-01-04,9,0,118_RTPV_10,2.3,2.6,0.0,44.928039,0.0
2020-01-04,9,0,213_RTPV_1,6.4,7.3,0.0,124.941447,0.0
2020-01-04,9,0,309_WIND_1,31.167,0.0,0.0,649.711575,0.0
2020-01-04,9,0,317_WIND_1,0.0,0.0,0.0,0.0,0.0
2020-01-04,9,0,303_WIND_1,0.0,0.0,0.0,0.0,0.0
2020-01-04,9,0,122_WIND_1,0.0,0.0,0.0,0.0,0.0
2020-01-04,9,0,122_WIND_1_PEM,0.0,0.0,4.4,0.0,0.0
2020-01-04,9,0,303_WIND_1_PEM,0.0,0.0,74.0,0.0,0.0
2020-01-04,9,0,309_WIND_1_PEM,0.0,0.0,75.633,0.0,0.0
2020-01-04,9,0,310_PV_2_PEM,0.0,0.0,26.316,0.0,0.0
2020-01-04,9,0,317_WIND_1_PEM,0.0,0.0,10.8,0.0,0.0
2020-01-04,9,0,319_PV_1_PEM,0.0,0.0,77.162,0.0,0.0
2020-01-04,9,0,320_PV_1_PEM,0.0,0.0,26.316,0.0,0.0
2020-01-04,9,0,324_PV_1_PEM,0.0,0.0,20.377,0.0,0.0
2020-01-04,9,0,324_PV_2_PEM,0.0,0.0,21.156,0.0,0.0
2020-01-04,9,0,324_PV_3_PEM,0.0,0.0,20.91,0.0,0.0
2020-01-04,10,0,122_HYDRO_1,3.3,3.3,0.0,62.814758,0.0
2020-01-04,10,0,122_HYDRO_2,3.3,3.3,0.0,62.814758,0.0
2020-01-04,10,0,122_HYDRO_3,3.3,3.3,0.0,62.814758,0.0
2020-01-04,10,0,122_HYDRO_4,3.3,3.3,0.0,62.814758,0.0
2020-01-04,10,0,122_HYDRO_5,3.3,3.3,0.0,62.814758,0.0
2020-01-04,10,0,122_HYDRO_6,3.3,3.3,0.0,62.814758,0.0
2020-01-04,10,0,201_HYDRO_4,9.025,9.3,0.0,171.680077,0.0
2020-01-04,10,0,215_HYDRO_1,9.025,9.3,0.0,171.680077,0.0
2020-01-04,10,0,215_HYDRO_2,9.025,9.3,0.0,171.680077,0.0
2020-01-04,10,0,215_HYDRO_3,9.025,9.3,0.0,171.680077,0.0
2020-01-04,10,0,222_HYDRO_1,9.025,9.3,0.0,171.680077,0.0
2020-01-04,10,0,222_HYDRO_2,9.025,9.3,0.0,171.680077,0.0
2020-01-04,10,0,222_HYDRO_3,9.025,9.3,0.0,171.680077,0.0
2020-01-04,10,0,222_HYDRO_4,9.025,9.3,0.0,171.680077,0.0
2020-01-04,10,0,222_HYDRO_5,9.025,9.3,0.0,171.680077,0.0
2020-01-04,10,0,222_HYDRO_6,9.025,9.3,0.0,171.680077,0.0
2020-01-04,10,0,322_HYDRO_1,17.308,10.8,0.0,332.027937,0.0
2020-01-04,10,0,322_HYDRO_2,17.308,10.8,0.0,332.027937,0.0
2020-01-04,10,0,322_HYDRO_3,17.308,10.8,0.0,332.027937,0.0
2020-01-04,10,0,322_HYDRO_4,17.308,10.8,0.0,332.027937,0.0
2020-01-04,10,0,320_PV_1,10.684,9.884,0.0,203.683954,0.0
2020-01-04,10,0,314_PV_1,34.2,36.2,0.0,650.198268,0.0
2020-01-04,10,0,314_PV_2,36.2,37.9,0.0,688.386474,0.0
2020-01-04,10,0,313_PV_1,65.1,69.2,0.0,1237.542225,0.0
2020-01-04,10,0,314_PV_3,61.5,69.2,0.0,1167.59316,0.0
2020-01-04,10,0,314_PV_4,38.0,38.0,0.0,723.321455,0.0
2020-01-04,10,0,313_PV_2,70.1,70.2,0.0,1334.298184,0.0
2020-01-04,10,0,310_PV_1,34.1,37.6,0.0,647.701509,0.0
2020-01-04,10,0,324_PV_1,18.123,16.523,0.0,345.600063,0.0
2020-01-04,10,0,312_PV_1,68.7,70.5,0.0,1306.977113,0.0
2020-01-04,10,0,310_PV_2,11.784,11.384,0.0,224.463998,0.0
2020-01-04,10,0,324_PV_2,14.244,16.044,0.0,270.4194,0.0
2020-01-04,10,0,324_PV_3,16.89,16.29,0.0,321.734664,0.0
2020-01-04,10,0,113_PV_1,41.1,58.9,0.0,775.288989,0.0
2020-01-04,10,0,319_PV_1,64.238,68.938,0.0,1220.896937,0.0
2020-01-04,10,0,215_PV_1,37.3,85.4,0.0,690.972566,0.0
2020-01-04,10,0,102_PV_1,15.4,16.3,0.0,292.779568,0.0
2020-01-04,10,0,101_PV_1,13.0,15.8,0.0,246.344619,0.0
2020-01-04,10,0,102_PV_2,5.3,15.8,0.0,96.731341,0.0
2020-01-04,10,0,104_PV_1,17.6,14.4,0.0,336.277708,0.0
2020-01-04,10,0,101_PV_2,16.6,14.1,0.0,316.966069,0.0
2020-01-04,10,0,101_PV_3,18.1,14.5,0.0,345.953304,0.0
2020-01-04,10,0,101_PV_4,18.1,13.6,0.0,346.309273,0.0
2020-01-04,10,0,103_PV_1,31.5,36.2,0.0,597.736469,0.0
2020-01-04,10,0,119_PV_1,7.1,45.8,0.0,119.840252,0.0
2020-01-04,10,0,308_RTPV_1,58.1,66.0,0.0,1102.795821,0.0
2020-01-04,10,0,313_RTPV_1,59.0,66.0,0.0,1120.283087,0.0
2020-01-04,10,0,313_RTPV_2,38.3,42.9,0.0,727.212492,0.0
2020-01-04,10,0,313_RTPV_3,34.9,40.3,0.0,662.17784,0.0
2020-01-04,10,0,313_RTPV_4,35.8,40.0,0.0,679.783762,0.0
2020-01-04,10,0,313_RTPV_5,38.5,42.5,0.0,731.256759,0.0
2020-01-04,10,0,313_RTPV_6,39.8,39.8,0.0,757.58405,0.0
2020-01-04,10,0,313_RTPV_7,38.3,41.5,0.0,727.766221,0.0
2020-01-04,10,0,313_RTPV_8,36.9,41.0,0.0,700.761567,0.0
2020-01-04,10,0,313_RTPV_9,37.2,41.4,0.0,706.432447,0.0
2020-01-04,10,0,313_RTPV_10,40.6,42.2,0.0,772.179037,0.0
2020-01-04,10,0,313_RTPV_11,38.4,44.5,0.0,728.522688,0.0
2020-01-04,10,0,313_RTPV_12,16.7,17.8,0.0,317.445672,0.0
2020-01-04,10,0,320_RTPV_1,16.6,17.8,0.0,315.502642,0.0
2020-01-04,10,0,320_RTPV_2,16.1,17.8,0.0,305.787494,0.0
2020-01-04,10,0,320_RTPV_3,17.3,17.8,0.0,329.103849,0.0
2020-01-04,10,0,313_RTPV_13,16.3,18.1,0.0,309.554897,0.0
2020-01-04,10,0,320_RTPV_4,15.3,17.8,0.0,290.243258,0.0
2020-01-04,10,0,320_RTPV_5,17.7,18.8,0.0,336.480447,0.0
2020-01-04,10,0,118_RTPV_1,5.6,6.1,0.0,106.39698,0.0
2020-01-04,10,0,118_RTPV_2,6.2,6.1,0.0,118.055158,0.0
2020-01-04,10,0,118_RTPV_3,5.6,6.4,0.0,106.278324,0.0
2020-01-04,10,0,118_RTPV_4,5.5,6.2,0.0,104.414399,0.0
2020-01-04,10,0,118_RTPV_5,5.9,6.2,0.0,112.186517,0.0
2020-01-04,10,0,118_RTPV_6,5.6,6.4,0.0,106.278324,0.0
2020-01-04,10,0,320_RTPV_6,5.8,6.4,0.0,110.164383,0.0
2020-01-04,10,0,118_RTPV_7,6.1,7.1,0.0,115.716608,0.0
2020-01-04,10,0,118_RTPV_8,7.1,7.4,0.0,135.028247,0.0
2020-01-04,10,0,118_RTPV_9,6.1,6.6,0.0,115.914368,0.0
2020-01-04,10,0,118_RTPV_10,3.0,3.0,0.0,57.104325,0.0
2020-01-04,10,0,213_RTPV_1,8.4,8.6,0.0,159.813007,0.0
2020-01-04,10,0,309_WIND_1,17.067,0.0,0.0,331.616859,0.0
2020-01-04,10,0,317_WIND_1,0.0,0.0,0.0,0.0,0.0
2020-01-04,10,0,303_WIND_1,0.0,0.0,0.0,0.0,0.0
2020-01-04,10,0,122_WIND_1,0.0,0.0,0.0,0.0,0.0
2020-01-04,10,0,122_WIND_1_PEM,0.0,0.0,31.3,0.0,0.0
2020-01-04,10,0,303_WIND_1_PEM,0.0,0.0,271.3,0.0,0.0
2020-01-04,10,0,309_WIND_1_PEM,0.0,0.0,75.633,0.0,0.0
2020-01-04,10,0,310_PV_2_PEM,0.0,0.0,26.316,0.0,0.0
2020-01-04,10,0,317_WIND_1_PEM,0.0,0.0,189.5,0.0,0.0
2020-01-04,10,0,319_PV_1_PEM,0.0,0.0,77.162,0.0,0.0
2020-01-04,10,0,320_PV_1_PEM,0.0,0.0,26.316,0.0,0.0
2020-01-04,10,0,324_PV_1_PEM,0.0,0.0,20.377,0.0,0.0
2020-01-04,10,0,324_PV_2_PEM,0.0,0.0,21.156,0.0,0.0
2020-01-04,10,0,324_PV_3_PEM,0.0,0.0,20.91,0.0,0.0
2020-01-04,11,0,122_HYDRO_1,3.258,2.8,0.0,60.283833,0.0
2020-01-04,11,0,122_HYDRO_2,3.258,2.8,0.0,60.283833,0.0
2020-01-04,11,0,122_HYDRO_3,3.258,2.8,0.0,60.283833,0.0
2020-01-04,11,0,122_HYDRO_4,3.258,2.8,0.0,60.283833,0.0
2020-01-04,11,0,122_HYDRO_5,3.258,2.8,0.0,60.283833,0.0
2020-01-04,11,0,122_HYDRO_6,3.258,2.8,0.0,60.283833,0.0
2020-01-04,11,0,201_HYDRO_4,9.3,9.3,0.0,172.736237,0.0
2020-01-04,11,0,215_HYDRO_1,9.3,9.3,0.0,172.736237,0.0
2020-01-04,11,0,215_HYDRO_2,9.3,9.3,0.0,172.736237,0.0
2020-01-04,11,0,215_HYDRO_3,9.3,9.3,0.0,172.736237,0.0
2020-01-04,11,0,222_HYDRO_1,9.3,9.3,0.0,172.736237,0.0
2020-01-04,11,0,222_HYDRO_2,9.3,9.3,0.0,172.736237,0.0
2020-01-04,11,0,222_HYDRO_3,9.3,9.3,0.0,172.736237,0.0
2020-01-04,11,0,222_HYDRO_4,9.3,9.3,0.0,172.736237,0.0
2020-01-04,11,0,222_HYDRO_5,9.3,9.3,0.0,172.736237,0.0
2020-01-04,11,0,222_HYDRO_6,9.3,9.3,0.0,172.736237,0.0
2020-01-04,11,0,322_HYDRO_1,11.625,20.7,0.0,220.469112,0.0
2020-01-04,11,0,322_HYDRO_2,11.625,20.7,0.0,220.469112,0.0
2020-01-04,11,0,322_HYDRO_3,11.625,20.7,0.0,220.469112,0.0
2020-01-04,11,0,322_HYDRO_4,11.625,20.7,0.0,220.469112,0.0
2020-01-04,11,0,320_PV_1,12.784,9.784,0.0,235.943577,0.0
2020-01-04,11,0,314_PV_1,33.5,36.0,0.0,623.475046,0.0
2020-01-04,11,0,314_PV_2,36.2,37.9,0.0,673.223278,0.0
2020-01-04,11,0,313_PV_1,66.6,70.6,0.0,1239.019329,0.0
2020-01-04,11,0,314_PV_3,69.7,71.2,0.0,1295.344958,0.0
2020-01-04,11,0,314_PV_4,39.5,37.9,0.0,732.862667,0.0
2020-01-04,11,0,313_PV_2,75.6,71.2,0.0,1401.972955,0.0
2020-01-04,11,0,310_PV_1,33.7,37.0,0.0,627.590801,0.0
2020-01-04,11,0,324_PV_1,19.323,16.423,0.0,357.447707,0.0
2020-01-04,11,0,312_PV_1,73.5,71.9,0.0,1364.37149,0.0
2020-01-04,11,0,310_PV_2,13.384,10.784,0.0,247.288349,0.0
2020-01-04,11,0,324_PV_2,14.144,16.044,0.0,263.66004,0.0
2020-01-04,11,0,324_PV_3,18.09,16.19,0.0,335.047472,0.0
2020-01-04,11,0,113_PV_1,43.4,59.2,0.0,814.022141,0.0
2020-01-04,11,0,319_PV_1,68.338,66.638,0.0,1268.443467,0.0
2020-01-04,11,0,215_PV_1,79.8,85.4,0.0,1484.995338,0.0
2020-01-04,11,0,102_PV_1,18.6,13.4,0.0,342.86599,0.0
2020-01-04,11,0,101_PV_1,17.4,13.3,0.0,321.128815,0.0
2020-01-04,11,0,102_PV_2,18.9,9.8,0.0,346.483263,0.0
2020-01-04,11,0,104_PV_1,17.0,12.6,0.0,313.548925,0.0
2020-01-04,11,0,101_PV_2,16.6,12.8,0.0,306.420158,0.0
2020-01-04,11,0,101_PV_3,17.8,12.6,0.0,328.006958,0.0
2020-01-04,11,0,101_PV_4,16.0,16.3,0.0,297.330997,0.0
2020-01-04,11,0,103_PV_1,20.7,44.4,0.0,396.356983,0.0
2020-01-04,11,0,119_PV_1,15.2,47.6,0.0,298.561993,0.0
2020-01-04,11,0,308_RTPV_1,62.3,68.9,0.0,1160.455279,0.0
2020-01-04,11,0,313_RTPV_1,65.5,68.9,0.0,1218.287413,0.0
2020-01-04,11,0,313_RTPV_2,42.9,45.7,0.0,798.219036,0.0
2020-01-04,11,0,313_RTPV_3,42.7,43.7,0.0,793.602034,0.0
2020-01-04,11,0,313_RTPV_4,40.3,43.7,0.0,750.227933,0.0
2020-01-04,11,0,313_RTPV_5,44.2,45.4,0.0,821.562966,0.0
2020-01-04,11,0,313_RTPV_6,42.5,43.5,0.0,789.887276,0.0
2020-01-04,11,0,313_RTPV_7,47.1,42.3,0.0,872.419472,0.0
2020-01-04,11,0,313_RTPV_8,38.3,44.8,0.0,714.634221,0.0
2020-01-04,11,0,313_RTPV_9,43.7,42.3,0.0,810.97283,0.0
2020-01-04,11,0,313_RTPV_10,47.5,44.6,0.0,880.801357,0.0
2020-01-04,11,0,313_RTPV_11,41.6,47.1,0.0,775.426477,0.0
2020-01-04,11,0,313_RTPV_12,18.2,19.0,0.0,338.443956,0.0
2020-01-04,11,0,320_RTPV_1,18.0,19.0,0.0,334.829447,0.0
2020-01-04,11,0,320_RTPV_2,18.3,19.0,0.0,340.25121,0.0
2020-01-04,11,0,320_RTPV_3,19.2,19.0,0.0,356.516498,0.0
2020-01-04,11,0,313_RTPV_13,18.9,19.2,0.0,351.194985,0.0
2020-01-04,11,0,320_RTPV_4,17.3,18.8,0.0,322.078419,0.0
2020-01-04,11,0,320_RTPV_5,20.3,20.0,0.0,376.897541,0.0
2020-01-04,11,0,118_RTPV_1,4.5,6.3,0.0,84.484295,0.0
2020-01-04,11,0,118_RTPV_2,6.5,6.3,0.0,120.629379,0.0
2020-01-04,11,0,118_RTPV_3,6.8,6.8,0.0,126.301765,0.0
2020-01-04,11,0,118_RTPV_4,6.0,6.4,0.0,111.643232,0.0
2020-01-04,11,0,118_RTPV_5,6.2,6.5,0.0,115.307865,0.0
2020-01-04,11,0,118_RTPV_6,6.0,6.5,0.0,111.693357,0.0
2020-01-04,11,0,320_RTPV_6,6.7,6.7,0.0,124.444386,0.0
2020-01-04,11,0,118_RTPV_7,7.0,7.8,0.0,130.41752,0.0
2020-01-04,11,0,118_RTPV_8,8.2,8.0,0.0,152.20482,0.0
2020-01-04,11,0,118_RTPV_9,6.4,7.2,0.0,119.273247,0.0
2020-01-04,11,0,118_RTPV_10,3.6,3.3,0.0,66.715266,0.0
2020-01-04,11,0,213_RTPV_1,8.9,8.7,0.0,165.206472,0.0
2020-01-04,11,0,309_WIND_1,22.467,0.0,0.0,406.0358,0.0
2020-01-04,11,0,317_WIND_1,0.0,0.0,0.0,0.0,0.0
2020-01-04,11,0,303_WIND_1,50.625,0.0,0.0,914.922437,0.0
2020-01-04,11,0,122_WIND_1,0.0,0.0,0.0,0.0,0.0
2020-01-04,11,0,122_WIND_1_PEM,0.0,0.0,171.8,0.0,0.0
2020-01-04,11,0,303_WIND_1_PEM,0.0,0.0,444.675,0.0,0.0
2020-01-04,11,0,309_WIND_1_PEM,0.0,0.0,75.633,0.0,0.0
2020-01-04,11,0,310_PV_2_PEM,0.0,0.0,26.316,0.0,0.0
2020-01-04,11,0,317_WIND_1_PEM,0.0,0.0,241.4,0.0,0.0
2020-01-04,11,0,319_PV_1_PEM,0.0,0.0,77.162,0.0,0.0
2020-01-04,11,0,320_PV_1_PEM,0.0,0.0,26.316,0.0,0.0
2020-01-04,11,0,324_PV_1_PEM,0.0,0.0,20.377,0.0,0.0
2020-01-04,11,0,324_PV_2_PEM,0.0,0.0,21.156,0.0,0.0
2020-01-04,11,0,324_PV_3_PEM,0.0,0.0,20.91,0.0,0.0
2020-01-04,12,0,122_HYDRO_1,2.8,2.8,0.0,0.0,0.0
2020-01-04,12,0,122_HYDRO_2,2.8,2.8,0.0,0.0,0.0
2020-01-04,12,0,122_HYDRO_3,2.8,2.8,0.0,0.0,0.0
2020-01-04,12,0,122_HYDRO_4,2.8,2.8,0.0,0.0,0.0
2020-01-04,12,0,122_HYDRO_5,2.8,2.8,0.0,0.0,0.0
2020-01-04,12,0,122_HYDRO_6,2.8,2.8,0.0,0.0,0.0
2020-01-04,12,0,201_HYDRO_4,9.317,9.5,0.0,0.0,0.0
2020-01-04,12,0,215_HYDRO_1,9.317,9.5,0.0,0.0,0.0
2020-01-04,12,0,215_HYDRO_2,9.317,9.5,0.0,0.0,0.0
2020-01-04,12,0,215_HYDRO_3,9.317,9.5,0.0,0.0,0.0
2020-01-04,12,0,222_HYDRO_1,9.317,9.5,0.0,0.0,0.0
2020-01-04,12,0,222_HYDRO_2,9.317,9.5,0.0,0.0,0.0
2020-01-04,12,0,222_HYDRO_3,9.317,9.5,0.0,0.0,0.0
2020-01-04,12,0,222_HYDRO_4,9.317,9.5,0.0,0.0,0.0
2020-01-04,12,0,222_HYDRO_5,9.317,9.5,0.0,0.0,0.0
2020-01-04,12,0,222_HYDRO_6,9.317,9.5,0.0,0.0,0.0
2020-01-04,12,0,322_HYDRO_1,21.775,33.6,0.0,0.0,0.0
2020-01-04,12,0,322_HYDRO_2,21.775,33.6,0.0,0.0,0.0
2020-01-04,12,0,322_HYDRO_3,21.775,33.6,0.0,0.0,0.0
2020-01-04,12,0,322_HYDRO_4,21.775,33.6,0.0,0.0,0.0
2020-01-04,12,0,320_PV_1,0.0,9.784,12.484,0.0,0.0
2020-01-04,12,0,314_PV_1,33.4,36.0,0.0,0.0,0.0
2020-01-04,12,0,314_PV_2,37.1,37.8,0.0,0.0,0.0
2020-01-04,12,0,313_PV_1,67.7,69.6,0.0,0.0,0.0
2020-01-04,12,0,314_PV_3,66.2,70.6,0.0,0.0,0.0
2020-01-04,12,0,314_PV_4,0.0,37.7,39.8,0.0,0.0
2020-01-04,12,0,313_PV_2,75.2,70.2,0.0,0.0,0.0
2020-01-04,12,0,310_PV_1,31.7,36.6,0.0,0.0,0.0
2020-01-04,12,0,324_PV_1,0.0,16.323,20.323,0.0,0.0
2020-01-04,12,0,312_PV_1,0.0,71.0,76.0,0.0,0.0
2020-01-04,12,0,310_PV_2,0.0,10.384,11.184,0.0,0.0
2020-01-04,12,0,324_PV_2,0.0,15.844,15.744,0.0,0.0
2020-01-04,12,0,324_PV_3,20.49,16.09,0.0,0.0,0.0
2020-01-04,12,0,113_PV_1,32.2,60.4,0.0,0.0,0.0
2020-01-04,12,0,319_PV_1,61.738,64.938,0.0,0.0,0.0
2020-01-04,12,0,215_PV_1,75.0,84.9,0.0,0.0,0.0
2020-01-04,12,0,102_PV_1,17.6,7.6,0.0,0.0,0.0
2020-01-04,12,0,101_PV_1,13.278571,10.3,4.721429,0.0,0.0
2020-01-04,12,0,102_PV_2,16.6,9.6,0.0,0.0,0.0
2020-01-04,12,0,104_PV_1,16.0,12.9,0.0,0.0,0.0
2020-01-04,12,0,101_PV_2,11.6,11.1,0.0,0.0,0.0
2020-01-04,12,0,101_PV_3,16.0,10.2,0.0,0.0,0.0
2020-01-04,12,0,101_PV_4,13.3,13.9,0.0,0.0,0.0
2020-01-04,12,0,103_PV_1,26.4,45.1,0.0,0.0,0.0
2020-01-04,12,0,119_PV_1,36.3,44.8,0.0,0.0,0.0
2020-01-04,12,0,308_RTPV_1,64.5,69.2,0.0,0.0,0.0
2020-01-04,12,0,313_RTPV_1,62.9,69.2,0.0,0.0,0.0
2020-01-04,12,0,313_RTPV_2,43.7,45.0,0.0,0.0,0.0
2020-01-04,12,0,313_RTPV_3,42.4,43.7,0.0,0.0,0.0
2020-01-04,12,0,313_RTPV_4,43.9,43.3,0.0,0.0,0.0
2020-01-04,12,0,313_RTPV_5,45.7,44.4,0.0,0.0,0.0
2020-01-04,12,0,313_RTPV_6,45.5,42.3,0.0,0.0,0.0
2020-01-04,12,0,313_RTPV_7,45.3,41.5,0.0,0.0,0.0
2020-01-04,12,0,313_RTPV_8,41.3,43.5,0.0,0.0,0.0
2020-01-04,12,0,313_RTPV_9,43.3,41.5,0.0,0.0,0.0
2020-01-04,12,0,313_RTPV_10,48.0,43.7,0.0,0.0,0.0
2020-01-04,12,0,313_RTPV_11,47.1,46.2,0.0,0.0,0.0
2020-01-04,12,0,313_RTPV_12,18.9,19.0,0.0,0.0,0.0
2020-01-04,12,0,320_RTPV_1,18.6,19.0,0.0,0.0,0.0
2020-01-04,12,0,320_RTPV_2,18.4,19.0,0.0,0.0,0.0
2020-01-04,12,0,320_RTPV_3,20.1,19.0,0.0,0.0,0.0
2020-01-04,12,0,313_RTPV_13,20.0,19.0,0.0,0.0,0.0
2020-01-04,12,0,320_RTPV_4,17.5,18.4,0.0,0.0,0.0
2020-01-04,12,0,320_RTPV_5,21.4,19.7,0.0,0.0,0.0
2020-01-04,12,0,118_RTPV_1,5.2,6.0,0.0,0.0,0.0
2020-01-04,12,0,118_RTPV_2,5.9,5.9,0.0,0.0,0.0
2020-01-04,12,0,118_RTPV_3,7.0,6.5,0.0,0.0,0.0
2020-01-04,12,0,118_RTPV_4,4.1,6.0,0.0,0.0,0.0
2020-01-04,12,0,118_RTPV_5,5.8,6.3,0.0,0.0,0.0
2020-01-04,12,0,118_RTPV_6,5.3,6.2,0.0,0.0,0.0
2020-01-04,12,0,320_RTPV_6,6.9,6.4,0.0,0.0,0.0
2020-01-04,12,0,118_RTPV_7,8.0,7.5,0.0,0.0,0.0
2020-01-04,12,0,118_RTPV_8,8.6,7.9,0.0,0.0,0.0
2020-01-04,12,0,118_RTPV_9,7.8,7.0,0.0,0.0,0.0
2020-01-04,12,0,118_RTPV_10,3.6,3.2,0.0,0.0,0.0
2020-01-04,12,0,213_RTPV_1,8.5,8.0,0.0,0.0,0.0
2020-01-04,12,0,309_WIND_1,40.367,0.0,0.0,0.0,0.0
2020-01-04,12,0,317_WIND_1,164.3725,0.0,0.0,0.0,0.0
2020-01-04,12,0,303_WIND_1,0.0,0.0,0.0,0.0,0.0
2020-01-04,12,0,122_WIND_1,67.9125,0.0,0.0,0.0,0.0
2020-01-04,12,0,122_WIND_1_PEM,0.0,0.0,374.5875,0.0,0.0
2020-01-04,12,0,303_WIND_1_PEM,0.0,0.0,368.6,0.0,0.0
2020-01-04,12,0,309_WIND_1_PEM,0.0,0.0,75.633,0.0,0.0
2020-01-04,12,0,310_PV_2_PEM,0.0,0.0,26.316,0.0,0.0
2020-01-04,12,0,317_WIND_1_PEM,0.0,0.0,419.5275,0.0,0.0
2020-01-04,12,0,319_PV_1_PEM,0.0,0.0,77.162,0.0,0.0
2020-01-04,12,0,320_PV_1_PEM,0.0,0.0,26.316,0.0,0.0
2020-01-04,12,0,324_PV_1_PEM,0.0,0.0,20.377,0.0,0.0
2020-01-04,12,0,324_PV_2_PEM,0.0,0.0,21.156,0.0,0.0
2020-01-04,12,0,324_PV_3_PEM,0.0,0.0,20.91,0.0,0.0
2020-01-04,13,0,122_HYDRO_1,2.8,2.8,0.0,52.810853,0.0
2020-01-04,13,0,122_HYDRO_2,2.8,2.8,0.0,52.810853,0.0
2020-01-04,13,0,122_HYDRO_3,2.8,2.8,0.0,52.810853,0.0
2020-01-04,13,0,122_HYDRO_4,2.8,2.8,0.0,52.810853,0.0
2020-01-04,13,0,122_HYDRO_5,2.8,2.8,0.0,52.810853,0.0
2020-01-04,13,0,122_HYDRO_6,2.8,2.8,0.0,52.810853,0.0
2020-01-04,13,0,201_HYDRO_4,9.483,9.3,0.0,175.407475,0.0
2020-01-04,13,0,215_HYDRO_1,9.483,9.3,0.0,175.407475,0.0
2020-01-04,13,0,215_HYDRO_2,9.483,9.3,0.0,175.407475,0.0
2020-01-04,13,0,215_HYDRO_3,9.483,9.3,0.0,175.407475,0.0
2020-01-04,13,0,222_HYDRO_1,9.483,9.3,0.0,175.407475,0.0
2020-01-04,13,0,222_HYDRO_2,9.483,9.3,0.0,175.407475,0.0
2020-01-04,13,0,222_HYDRO_3,9.483,9.3,0.0,175.407475,0.0
2020-01-04,13,0,222_HYDRO_4,9.483,9.3,0.0,175.407475,0.0
2020-01-04,13,0,222_HYDRO_5,9.483,9.3,0.0,175.407475,0.0
2020-01-04,13,0,222_HYDRO_6,9.483,9.3,0.0,175.407475,0.0
2020-01-04,13,0,322_HYDRO_1,33.775,35.7,0.0,673.33837,0.0
2020-01-04,13,0,322_HYDRO_2,33.775,35.7,0.0,673.33837,0.0
2020-01-04,13,0,322_HYDRO_3,33.775,35.7,0.0,673.33837,0.0
2020-01-04,13,0,322_HYDRO_4,33.775,35.7,0.0,673.33837,0.0
2020-01-04,13,0,320_PV_1,0.0,8.084,11.984,152.472476,0.0
2020-01-04,13,0,314_PV_1,35.7,34.4,0.0,648.819046,0.0
2020-01-04,13,0,314_PV_2,35.7,36.7,0.0,692.199389,0.0
2020-01-04,13,0,313_PV_1,68.1,64.5,0.0,1216.535711,0.0
2020-01-04,13,0,314_PV_3,68.4,65.6,0.0,1237.282832,0.0
2020-01-04,13,0,314_PV_4,38.5,36.7,0.0,692.199389,0.0
2020-01-04,13,0,313_PV_2,75.2,65.1,0.0,1227.852323,0.0
2020-01-04,13,0,310_PV_1,32.1,35.3,0.0,665.793963,0.0
2020-01-04,13,0,324_PV_1,21.423,15.323,0.0,289.007391,0.0
2020-01-04,13,0,312_PV_1,0.0,66.0,74.0,1244.827239,0.0
2020-01-04,13,0,310_PV_2,0.0,9.084,8.984,171.333495,0.0
2020-01-04,13,0,324_PV_2,14.944,14.844,0.0,279.972963,0.0
2020-01-04,13,0,324_PV_3,20.79,15.09,0.0,284.612773,0.0
2020-01-04,13,0,113_PV_1,48.2,62.2,0.0,1173.155368,0.0
2020-01-04,13,0,319_PV_1,52.038,60.138,0.0,1134.263947,0.0
2020-01-04,13,0,215_PV_1,45.5,81.0,0.0,1527.742521,0.0
2020-01-04,13,0,102_PV_1,13.5,4.8,0.0,90.53289,0.0
2020-01-04,13,0,101_PV_1,9.358039,7.9,1.641961,149.002048,0.0
2020-01-04,13,0,102_PV_2,13.0,5.4,0.0,101.849501,0.0
2020-01-04,13,0,104_PV_1,15.3,8.9,0.0,167.863067,0.0
2020-01-04,13,0,101_PV_2,14.6,15.8,0.0,298.004097,0.0
2020-01-04,13,0,101_PV_3,3.8,15.7,0.0,296.117995,0.0
2020-01-04,13,0,101_PV_4,16.9,17.0,0.0,320.637319,0.0
2020-01-04,13,0,103_PV_1,17.9,41.0,0.0,773.30177,0.0
2020-01-04,13,0,119_PV_1,21.6,40.9,0.0,771.415668,0.0
2020-01-04,13,0,308_RTPV_1,67.0,61.7,0.0,1163.724859,0.0
2020-01-04,13,0,313_RTPV_1,62.7,61.7,0.0,1163.724859,0.0
2020-01-04,13,0,313_RTPV_2,43.2,39.9,0.0,752.554649,0.0
2020-01-04,13,0,313_RTPV_3,43.4,38.7,0.0,729.921427,0.0
2020-01-04,13,0,313_RTPV_4,44.2,38.6,0.0,728.035325,0.0
2020-01-04,13,0,313_RTPV_5,43.8,39.2,0.0,739.351936,0.0
2020-01-04,13,0,313_RTPV_6,42.6,37.8,0.0,712.94651,0.0
2020-01-04,13,0,313_RTPV_7,43.0,38.9,0.0,733.693631,0.0
2020-01-04,13,0,313_RTPV_8,39.0,38.9,0.0,733.693631,0.0
2020-01-04,13,0,313_RTPV_9,42.6,38.9,0.0,733.693631,0.0
2020-01-04,13,0,313_RTPV_10,44.0,39.0,0.0,735.579732,0.0
2020-01-04,13,0,313_RTPV_11,42.7,41.2,0.0,777.073974,0.0
2020-01-04,13,0,313_RTPV_12,17.7,16.7,0.0,314.979014,0.0
2020-01-04,13,0,320_RTPV_1,18.2,16.7,0.0,314.979014,0.0
2020-01-04,13,0,320_RTPV_2,18.2,16.7,0.0,314.979014,0.0
2020-01-04,13,0,320_RTPV_3,19.7,16.7,0.0,314.979014,0.0
2020-01-04,13,0,313_RTPV_13,19.4,16.9,0.0,318.751217,0.0
2020-01-04,13,0,320_RTPV_4,16.1,16.4,0.0,309.320708,0.0
2020-01-04,13,0,320_RTPV_5,21.1,17.5,0.0,330.067829,0.0
2020-01-04,13,0,118_RTPV_1,5.3,5.4,0.0,101.849501,0.0
2020-01-04,13,0,118_RTPV_2,5.5,5.4,0.0,101.849501,0.0
2020-01-04,13,0,118_RTPV_3,6.4,5.7,0.0,107.507807,0.0
2020-01-04,13,0,118_RTPV_4,4.6,5.4,0.0,101.849501,0.0
2020-01-04,13,0,118_RTPV_5,5.8,5.5,0.0,103.735603,0.0
2020-01-04,13,0,118_RTPV_6,4.7,5.6,0.0,105.621705,0.0
2020-01-04,13,0,320_RTPV_6,6.4,5.7,0.0,107.507807,0.0
2020-01-04,13,0,118_RTPV_7,7.4,6.1,0.0,115.052215,0.0
2020-01-04,13,0,118_RTPV_8,8.2,6.9,0.0,130.14103,0.0
2020-01-04,13,0,118_RTPV_9,7.1,5.6,0.0,105.621705,0.0
2020-01-04,13,0,118_RTPV_10,3.0,2.9,0.0,54.696954,0.0
2020-01-04,13,0,213_RTPV_1,7.5,7.0,0.0,132.027131,0.0
2020-01-04,13,0,309_WIND_1,0.0,0.0,0.0,0.0,0.0
2020-01-04,13,0,317_WIND_1,0.0,0.0,134.1725,0.0,0.0
2020-01-04,13,0,303_WIND_1,27.025,0.0,0.0,0.0,0.0
2020-01-04,13,0,122_WIND_1,173.7125,0.0,0.0,0.0,0.0
2020-01-04,13,0,122_WIND_1_PEM,0.0,0.0,374.5875,0.0,0.0
2020-01-04,13,0,303_WIND_1_PEM,0.0,0.0,444.675,0.0,0.0
2020-01-04,13,0,309_WIND_1_PEM,0.0,0.0,68.1,0.0,0.0
2020-01-04,13,0,310_PV_2_PEM,0.0,0.0,26.316,0.0,0.0
2020-01-04,13,0,317_WIND_1_PEM,0.0,0.0,419.5275,0.0,0.0
2020-01-04,13,0,319_PV_1_PEM,0.0,0.0,77.162,0.0,0.0
2020-01-04,13,0,320_PV_1_PEM,0.0,0.0,26.316,0.0,0.0
2020-01-04,13,0,324_PV_1_PEM,0.0,0.0,20.377,0.0,0.0
2020-01-04,13,0,324_PV_2_PEM,0.0,0.0,21.156,0.0,0.0
2020-01-04,13,0,324_PV_3_PEM,0.0,0.0,20.91,0.0,0.0
2020-01-04,14,0,122_HYDRO_1,2.842,3.3,0.0,64.961617,0.0
2020-01-04,14,0,122_HYDRO_2,2.842,3.3,0.0,64.961617,0.0
2020-01-04,14,0,122_HYDRO_3,2.842,3.3,0.0,64.961617,0.0
2020-01-04,14,0,122_HYDRO_4,2.842,3.3,0.0,64.961617,0.0
2020-01-04,14,0,122_HYDRO_5,2.842,3.3,0.0,64.961617,0.0
2020-01-04,14,0,122_HYDRO_6,2.842,3.3,0.0,64.961617,0.0
2020-01-04,14,0,201_HYDRO_4,9.317,9.5,0.0,187.010716,0.0
2020-01-04,14,0,215_HYDRO_1,9.317,9.5,0.0,187.010716,0.0
2020-01-04,14,0,215_HYDRO_2,9.317,9.5,0.0,187.010716,0.0
2020-01-04,14,0,215_HYDRO_3,9.317,9.5,0.0,187.010716,0.0
2020-01-04,14,0,222_HYDRO_1,9.317,9.5,0.0,187.010716,0.0
2020-01-04,14,0,222_HYDRO_2,9.317,9.5,0.0,187.010716,0.0
2020-01-04,14,0,222_HYDRO_3,9.317,9.5,0.0,187.010716,0.0
2020-01-04,14,0,222_HYDRO_4,9.317,9.5,0.0,187.010716,0.0
2020-01-04,14,0,222_HYDRO_5,9.317,9.5,0.0,187.010716,0.0
2020-01-04,14,0,222_HYDRO_6,9.317,9.5,0.0,187.010716,0.0
2020-01-04,14,0,322_HYDRO_1,35.208,29.8,0.0,586.623087,0.0
2020-01-04,14,0,322_HYDRO_2,35.208,29.8,0.0,586.623087,0.0
2020-01-04,14,0,322_HYDRO_3,35.208,29.8,0.0,586.623087,0.0
2020-01-04,14,0,322_HYDRO_4,35.208,29.8,0.0,586.623087,0.0
2020-01-04,14,0,320_PV_1,0.0,3.884,11.384,76.457855,0.0
2020-01-04,14,0,314_PV_1,36.0,30.2,0.0,594.497223,0.0
2020-01-04,14,0,314_PV_2,0.0,32.0,34.5,629.930832,0.0
2020-01-04,14,0,313_PV_1,63.9,52.2,0.0,1027.574669,0.0
2020-01-04,14,0,314_PV_3,65.3,53.0,0.0,1043.32294,0.0
2020-01-04,14,0,314_PV_4,0.0,32.0,37.2,629.930832,0.0
2020-01-04,14,0,313_PV_2,0.0,52.8,69.2,1039.385872,0.0
2020-01-04,14,0,310_PV_1,31.5,30.6,0.0,602.371358,0.0
2020-01-04,14,0,324_PV_1,0.0,10.723,20.823,211.085885,0.0
2020-01-04,14,0,312_PV_1,0.0,53.8,67.7,1059.071211,0.0
2020-01-04,14,0,310_PV_2,0.0,4.584,7.084,90.237592,0.0
2020-01-04,14,0,324_PV_2,0.0,10.244,14.844,201.656608,0.0
2020-01-04,14,0,324_PV_3,0.0,10.49,20.39,206.499201,0.0
2020-01-04,14,0,113_PV_1,44.4,55.1,0.0,1084.662151,0.0
2020-01-04,14,0,319_PV_1,0.0,43.538,63.238,857.060267,0.0
2020-01-04,14,0,215_PV_1,62.3,71.6,0.0,1409.470236,0.0
2020-01-04,14,0,102_PV_1,0.0,2.7,4.3,53.150414,0.0
2020-01-04,14,0,101_PV_1,0.0,14.3,8.2,281.50034,0.0
2020-01-04,14,0,102_PV_2,13.8,15.2,0.0,299.217145,0.0
2020-01-04,14,0,104_PV_1,11.5,15.5,0.0,305.122747,0.0
2020-01-04,14,0,101_PV_2,13.2792,16.1,0.0208,316.93395,0.0
2020-01-04,14,0,101_PV_3,15.5,16.1,0.0,316.93395,0.0
2020-01-04,14,0,101_PV_4,14.0,15.4,0.0,303.154213,0.0
2020-01-04,14,0,103_PV_1,30.8,29.4,0.0,578.748952,0.0
2020-01-04,14,0,119_PV_1,31.2,31.2,0.0,614.182561,0.0
2020-01-04,14,0,308_RTPV_1,57.0,45.1,0.0,887.808766,0.0
2020-01-04,14,0,313_RTPV_1,49.7,45.0,0.0,885.840232,0.0
2020-01-04,14,0,313_RTPV_2,34.1,29.3,0.0,576.780418,0.0
2020-01-04,14,0,313_RTPV_3,36.2,28.1,0.0,553.158012,0.0
2020-01-04,14,0,313_RTPV_4,39.4,28.1,0.0,553.158012,0.0
2020-01-04,14,0,313_RTPV_5,36.1,28.8,0.0,566.937749,0.0
2020-01-04,14,0,313_RTPV_6,37.0,28.9,0.0,568.906282,0.0
2020-01-04,14,0,313_RTPV_7,39.8,29.9,0.0,588.591621,0.0
2020-01-04,14,0,313_RTPV_8,34.7,29.6,0.0,582.686019,0.0
2020-01-04,14,0,313_RTPV_9,39.0,29.8,0.0,586.623087,0.0
2020-01-04,14,0,313_RTPV_10,36.1,29.2,0.0,574.811884,0.0
2020-01-04,14,0,313_RTPV_11,36.5,30.7,0.0,604.339892,0.0
2020-01-04,14,0,313_RTPV_12,14.5,12.7,0.0,250.003799,0.0
2020-01-04,14,0,320_RTPV_1,16.0,12.6,0.0,248.035265,0.0
2020-01-04,14,0,320_RTPV_2,15.4,12.6,0.0,248.035265,0.0
2020-01-04,14,0,320_RTPV_3,17.2,12.6,0.0,248.035265,0.0
2020-01-04,14,0,313_RTPV_13,16.2,12.7,0.0,250.003799,0.0
2020-01-04,14,0,320_RTPV_4,13.4,12.2,0.0,240.16113,0.0
2020-01-04,14,0,320_RTPV_5,16.9,13.1,0.0,257.877934,0.0
2020-01-04,14,0,118_RTPV_1,4.9,4.0,0.0,78.741354,0.0
2020-01-04,14,0,118_RTPV_2,5.1,4.0,0.0,78.741354,0.0
2020-01-04,14,0,118_RTPV_3,5.4,4.3,0.0,84.646956,0.0
2020-01-04,14,0,118_RTPV_4,5.3,4.1,0.0,80.709888,0.0
2020-01-04,14,0,118_RTPV_5,4.7,4.1,0.0,80.709888,0.0
2020-01-04,14,0,118_RTPV_6,5.2,4.2,0.0,82.678422,0.0
2020-01-04,14,0,320_RTPV_6,5.5,4.2,0.0,82.678422,0.0
2020-01-04,14,0,118_RTPV_7,6.1,4.6,0.0,90.552557,0.0
2020-01-04,14,0,118_RTPV_8,7.0,5.1,0.0,100.395226,0.0
2020-01-04,14,0,118_RTPV_9,5.8,3.8,0.0,74.804286,0.0
2020-01-04,14,0,118_RTPV_10,2.7,2.1,0.0,41.339211,0.0
2020-01-04,14,0,213_RTPV_1,6.4,5.2,0.0,102.36376,0.0
2020-01-04,14,0,309_WIND_1,17.567,0.0,0.0,0.0,0.0
2020-01-04,14,0,317_WIND_1,177.7725,0.0,0.0,0.0,0.0
2020-01-04,14,0,303_WIND_1,149.825,51.925,0.0,1022.161201,0.0
2020-01-04,14,0,122_WIND_1,161.6125,78.1125,0.0,1537.671003,0.0
2020-01-04,14,0,122_WIND_1_PEM,0.0,0.0,374.5875,0.0,0.0
2020-01-04,14,0,303_WIND_1_PEM,0.0,0.0,444.675,0.0,0.0
2020-01-04,14,0,309_WIND_1_PEM,0.0,0.0,75.633,0.0,0.0
2020-01-04,14,0,310_PV_2_PEM,0.0,0.0,26.316,0.0,0.0
2020-01-04,14,0,317_WIND_1_PEM,0.0,0.0,419.5275,0.0,0.0
2020-01-04,14,0,319_PV_1_PEM,0.0,0.0,77.162,0.0,0.0
2020-01-04,14,0,320_PV_1_PEM,0.0,0.0,26.316,0.0,0.0
2020-01-04,14,0,324_PV_1_PEM,0.0,0.0,20.377,0.0,0.0
2020-01-04,14,0,324_PV_2_PEM,0.0,0.0,21.156,0.0,0.0
2020-01-04,14,0,324_PV_3_PEM,0.0,0.0,20.91,0.0,0.0
2020-01-04,15,0,122_HYDRO_1,3.258,2.8,0.0,71.501296,0.0
2020-01-04,15,0,122_HYDRO_2,3.258,2.8,0.0,71.501296,0.0
2020-01-04,15,0,122_HYDRO_3,3.258,2.8,0.0,71.501296,0.0
2020-01-04,15,0,122_HYDRO_4,3.258,2.8,0.0,71.501296,0.0
2020-01-04,15,0,122_HYDRO_5,3.258,2.8,0.0,71.501296,0.0
2020-01-04,15,0,122_HYDRO_6,3.258,2.8,0.0,71.501296,0.0
2020-01-04,15,0,201_HYDRO_4,9.483,9.3,0.0,212.778246,0.0
2020-01-04,15,0,215_HYDRO_1,9.483,9.3,0.0,212.778246,0.0
2020-01-04,15,0,215_HYDRO_2,9.483,9.3,0.0,212.778246,0.0
2020-01-04,15,0,215_HYDRO_3,9.483,9.3,0.0,212.778246,0.0
2020-01-04,15,0,222_HYDRO_1,9.483,9.3,0.0,212.778246,0.0
2020-01-04,15,0,222_HYDRO_2,9.483,9.3,0.0,212.778246,0.0
2020-01-04,15,0,222_HYDRO_3,9.483,9.3,0.0,212.778246,0.0
2020-01-04,15,0,222_HYDRO_4,9.483,9.3,0.0,212.778246,0.0
2020-01-04,15,0,222_HYDRO_5,9.483,9.3,0.0,212.778246,0.0
2020-01-04,15,0,222_HYDRO_6,9.483,9.3,0.0,212.778246,0.0
2020-01-04,15,0,322_HYDRO_1,29.725,28.9,0.0,665.946746,0.0
2020-01-04,15,0,322_HYDRO_2,29.725,28.9,0.0,665.946746,0.0
2020-01-04,15,0,322_HYDRO_3,29.725,28.9,0.0,665.946746,0.0
2020-01-04,15,0,322_HYDRO_4,29.725,28.9,0.0,665.946746,0.0
2020-01-04,15,0,320_PV_1,6.084,0.0,0.0,112.332305,0.0
2020-01-04,15,0,314_PV_1,31.6,22.6,0.0,675.035142,0.0
2020-01-04,15,0,314_PV_2,29.5,23.4,0.0,639.503668,0.0
2020-01-04,15,0,313_PV_1,51.2,33.4,0.0,1080.687992,0.0
2020-01-04,15,0,314_PV_3,46.8,34.6,0.0,1004.311329,0.0
2020-01-04,15,0,314_PV_4,30.7,23.4,0.0,661.659941,0.0
2020-01-04,15,0,313_PV_2,53.1,34.7,0.0,1121.037014,0.0
2020-01-04,15,0,310_PV_1,31.5,23.1,0.0,675.215038,0.0
2020-01-04,15,0,324_PV_1,14.623,2.423,0.0,279.811873,0.0
2020-01-04,15,0,312_PV_1,52.8,36.2,0.0,1121.576704,0.0
2020-01-04,15,0,310_PV_2,5.184,0.0,0.0,95.7151,0.0
2020-01-04,15,0,324_PV_2,9.344,1.944,0.0,180.401584,0.0
2020-01-04,15,0,324_PV_3,13.39,2.19,0.0,256.102068,0.0
2020-01-04,15,0,113_PV_1,47.6,33.1,0.0,1013.003421,0.0
2020-01-04,15,0,319_PV_1,45.938,2.638,0.0,858.869575,0.0
2020-01-04,15,0,215_PV_1,73.0,43.3,0.0,1523.313422,0.0
2020-01-04,15,0,102_PV_1,10.0,10.4,0.0,226.781662,0.0
2020-01-04,15,0,101_PV_1,13.6,10.2,0.0,292.439981,0.0
2020-01-04,15,0,102_PV_2,15.2,10.5,0.0,323.19743,0.0
2020-01-04,15,0,104_PV_1,8.3,10.7,0.0,196.60936,0.0
2020-01-04,15,0,101_PV_2,12.3,10.7,0.0,270.463604,0.0
2020-01-04,15,0,101_PV_3,6.9,10.6,0.0,170.355124,0.0
2020-01-04,15,0,101_PV_4,6.5,10.4,0.0,162.159199,0.0
2020-01-04,15,0,103_PV_1,21.9,13.3,0.0,458.250303,0.0
2020-01-04,15,0,119_PV_1,25.4,15.5,0.0,531.788278,0.0
2020-01-04,15,0,308_RTPV_1,37.0,24.3,0.0,781.62763,0.0
2020-01-04,15,0,313_RTPV_1,31.5,24.3,0.0,680.078044,0.0
2020-01-04,15,0,313_RTPV_2,24.0,16.2,0.0,508.776046,0.0
2020-01-04,15,0,313_RTPV_3,21.8,14.9,0.0,462.887955,0.0
2020-01-04,15,0,313_RTPV_4,27.7,15.2,0.0,573.038717,0.0
2020-01-04,15,0,313_RTPV_5,23.7,15.8,0.0,501.615976,0.0
2020-01-04,15,0,313_RTPV_6,25.7,15.7,0.0,538.137847,0.0
2020-01-04,15,0,313_RTPV_7,28.3,14.8,0.0,582.495851,0.0
2020-01-04,15,0,313_RTPV_8,23.6,15.4,0.0,498.148617,0.0
2020-01-04,15,0,313_RTPV_9,27.4,14.8,0.0,565.878646,0.0
2020-01-04,15,0,313_RTPV_10,23.7,14.6,0.0,496.75297,0.0
2020-01-04,15,0,313_RTPV_11,24.0,17.1,0.0,512.4233,0.0
2020-01-04,15,0,313_RTPV_12,10.5,6.6,0.0,220.613924,0.0
2020-01-04,15,0,320_RTPV_1,11.0,6.6,0.0,229.845704,0.0
2020-01-04,15,0,320_RTPV_2,11.1,6.6,0.0,231.69206,0.0
2020-01-04,15,0,320_RTPV_3,12.0,6.3,0.0,247.093514,0.0
2020-01-04,15,0,313_RTPV_13,10.1,6.6,0.0,213.228499,0.0
2020-01-04,15,0,320_RTPV_4,9.0,6.1,0.0,190.89233,0.0
2020-01-04,15,0,320_RTPV_5,10.5,6.6,0.0,220.613924,0.0
2020-01-04,15,0,118_RTPV_1,3.5,2.0,0.0,72.727474,0.0
2020-01-04,15,0,118_RTPV_2,3.1,2.0,0.0,65.342049,0.0
2020-01-04,15,0,118_RTPV_3,3.8,2.1,0.0,78.671792,0.0
2020-01-04,15,0,118_RTPV_4,3.4,2.0,0.0,70.881118,0.0
2020-01-04,15,0,118_RTPV_5,3.8,2.1,0.0,78.671792,0.0
2020-01-04,15,0,118_RTPV_6,3.6,2.0,0.0,74.57383,0.0
2020-01-04,15,0,320_RTPV_6,4.0,2.1,0.0,82.364505,0.0
2020-01-04,15,0,118_RTPV_7,4.1,2.5,0.0,85.831863,0.0
2020-01-04,15,0,118_RTPV_8,4.6,2.7,0.0,95.874144,0.0
2020-01-04,15,0,118_RTPV_9,3.5,2.4,0.0,74.348476,0.0
2020-01-04,15,0,118_RTPV_10,1.7,1.1,0.0,35.845809,0.0
2020-01-04,15,0,213_RTPV_1,4.6,2.2,0.0,93.847892,0.0
2020-01-04,15,0,309_WIND_1,54.467,0.967,0.0,1009.573551,0.0
2020-01-04,15,0,317_WIND_1,44.5725,0.0,0.0,822.967074,0.0
2020-01-04,15,0,303_WIND_1,91.325,0.0,0.0,1686.184711,0.0
2020-01-04,15,0,122_WIND_1,142.7125,67.1125,0.0,2906.954696,0.0
2020-01-04,15,0,122_WIND_1_PEM,0.0,0.0,374.5875,0.0,0.0
2020-01-04,15,0,303_WIND_1_PEM,0.0,0.0,444.675,0.0,0.0
2020-01-04,15,0,309_WIND_1_PEM,0.0,0.0,75.633,0.0,0.0
2020-01-04,15,0,310_PV_2_PEM,0.0,0.0,26.316,0.0,0.0
2020-01-04,15,0,317_WIND_1_PEM,0.0,0.0,419.5275,0.0,0.0
2020-01-04,15,0,319_PV_1_PEM,0.0,0.0,77.162,0.0,0.0
2020-01-04,15,0,320_PV_1_PEM,0.0,0.0,26.316,0.0,0.0
2020-01-04,15,0,324_PV_1_PEM,0.0,0.0,20.377,0.0,0.0
2020-01-04,15,0,324_PV_2_PEM,0.0,0.0,21.156,0.0,0.0
2020-01-04,15,0,324_PV_3_PEM,0.0,0.0,20.91,0.0,0.0
2020-01-04,16,0,122_HYDRO_1,2.842,3.3,0.0,72.828545,0.0
2020-01-04,16,0,122_HYDRO_2,2.842,3.3,0.0,72.828545,0.0
2020-01-04,16,0,122_HYDRO_3,2.842,3.3,0.0,72.828545,0.0
2020-01-04,16,0,122_HYDRO_4,2.842,3.3,0.0,72.828545,0.0
2020-01-04,16,0,122_HYDRO_5,2.842,3.3,0.0,72.828545,0.0
2020-01-04,16,0,122_HYDRO_6,2.842,3.3,0.0,72.828545,0.0
2020-01-04,16,0,201_HYDRO_4,9.3,9.3,0.0,232.5,0.0
2020-01-04,16,0,215_HYDRO_1,9.3,9.3,0.0,232.5,0.0
2020-01-04,16,0,215_HYDRO_2,9.3,9.3,0.0,232.5,0.0
2020-01-04,16,0,215_HYDRO_3,9.3,9.3,0.0,232.5,0.0
2020-01-04,16,0,222_HYDRO_1,9.3,9.3,0.0,232.5,0.0
2020-01-04,16,0,222_HYDRO_2,9.3,9.3,0.0,232.5,0.0
2020-01-04,16,0,222_HYDRO_3,9.3,9.3,0.0,232.5,0.0
2020-01-04,16,0,222_HYDRO_4,9.3,9.3,0.0,232.5,0.0
2020-01-04,16,0,222_HYDRO_5,9.3,9.3,0.0,232.5,0.0
2020-01-04,16,0,222_HYDRO_6,9.3,9.3,0.0,232.5,0.0
2020-01-04,16,0,322_HYDRO_1,28.2,20.5,0.0,675.0987,0.0
2020-01-04,16,0,322_HYDRO_2,28.2,20.5,0.0,675.0987,0.0
2020-01-04,16,0,322_HYDRO_3,28.2,20.5,0.0,675.0987,0.0
2020-01-04,16,0,322_HYDRO_4,28.2,20.5,0.0,675.0987,0.0
2020-01-04,16,0,320_PV_1,0.0,0.0,0.0,0.0,0.0
2020-01-04,16,0,314_PV_1,19.1,0.0,0.0,403.329243,0.0
2020-01-04,16,0,314_PV_2,11.6,0.0,0.0,244.953886,0.0
2020-01-04,16,0,313_PV_1,31.0,0.0,0.0,654.618143,0.0
2020-01-04,16,0,314_PV_3,28.3,0.0,0.0,597.603015,0.0
2020-01-04,16,0,314_PV_4,23.2,0.0,0.0,489.907772,0.0
2020-01-04,16,0,313_PV_2,31.9,0.0,0.0,673.623186,0.0
2020-01-04,16,0,310_PV_1,20.1,0.0,0.0,424.445957,0.0
2020-01-04,16,0,324_PV_1,2.823,0.0,0.0,59.612484,0.0
2020-01-04,16,0,312_PV_1,31.1,0.0,0.0,656.729815,0.0
2020-01-04,16,0,310_PV_2,0.0,0.0,0.0,0.0,0.0
2020-01-04,16,0,324_PV_2,0.0,0.0,0.0,0.0,0.0
2020-01-04,16,0,324_PV_3,0.69,0.0,0.0,14.570533,0.0
2020-01-04,16,0,113_PV_1,24.9,0.0,0.0,525.806186,0.0
2020-01-04,16,0,319_PV_1,0.538,0.0,0.0,11.360792,0.0
2020-01-04,16,0,215_PV_1,38.0,0.0,0.0,802.435144,0.0
2020-01-04,16,0,102_PV_1,0.1,0.0,0.0,2.111671,0.0
2020-01-04,16,0,101_PV_1,0.0,0.0,0.0,0.0,0.0
2020-01-04,16,0,102_PV_2,9.1,0.0,0.0,192.1621,0.0
2020-01-04,16,0,104_PV_1,0.1,0.0,0.0,2.111671,0.0
2020-01-04,16,0,101_PV_2,0.0,0.0,0.0,0.0,0.0
2020-01-04,16,0,101_PV_3,0.0,0.0,0.0,0.0,0.0
2020-01-04,16,0,101_PV_4,4.1,0.0,0.0,86.578529,0.0
2020-01-04,16,0,103_PV_1,7.3,0.0,0.0,154.152014,0.0
2020-01-04,16,0,119_PV_1,9.2,0.0,0.0,194.273772,0.0
2020-01-04,16,0,308_RTPV_1,15.2,0.0,0.0,320.974057,0.0
2020-01-04,16,0,313_RTPV_1,13.3,0.0,0.0,280.8523,0.0
2020-01-04,16,0,313_RTPV_2,9.2,0.0,0.0,194.273772,0.0
2020-01-04,16,0,313_RTPV_3,8.6,0.0,0.0,181.603743,0.0
2020-01-04,16,0,313_RTPV_4,10.5,0.0,0.0,221.7255,0.0
2020-01-04,16,0,313_RTPV_5,9.3,0.0,0.0,196.385443,0.0
2020-01-04,16,0,313_RTPV_6,10.1,0.0,0.0,213.278814,0.0
2020-01-04,16,0,313_RTPV_7,10.5,0.0,0.0,221.7255,0.0
2020-01-04,16,0,313_RTPV_8,7.8,0.0,0.0,164.710372,0.0
2020-01-04,16,0,313_RTPV_9,10.4,0.0,0.0,219.613829,0.0
2020-01-04,16,0,313_RTPV_10,9.0,0.0,0.0,190.050429,0.0
2020-01-04,16,0,313_RTPV_11,9.5,0.0,0.0,200.608786,0.0
2020-01-04,16,0,313_RTPV_12,4.0,0.0,0.0,84.466857,0.0
2020-01-04,16,0,320_RTPV_1,4.1,0.0,0.0,86.578529,0.0
2020-01-04,16,0,320_RTPV_2,4.1,0.0,0.0,86.578529,0.0
2020-01-04,16,0,320_RTPV_3,4.1,0.0,0.0,86.578529,0.0
2020-01-04,16,0,313_RTPV_13,3.5,0.0,0.0,73.9085,0.0
2020-01-04,16,0,320_RTPV_4,3.7,0.0,0.0,78.131843,0.0
2020-01-04,16,0,320_RTPV_5,3.9,0.0,0.0,82.355186,0.0
2020-01-04,16,0,118_RTPV_1,0.3,0.0,0.0,6.335014,0.0
2020-01-04,16,0,118_RTPV_2,1.0,0.0,0.0,21.116714,0.0
2020-01-04,16,0,118_RTPV_3,1.4,0.0,0.0,29.5634,0.0
2020-01-04,16,0,118_RTPV_4,1.1,0.0,0.0,23.228386,0.0
2020-01-04,16,0,118_RTPV_5,1.3,0.0,0.0,27.451729,0.0
2020-01-04,16,0,118_RTPV_6,1.4,0.0,0.0,29.5634,0.0
2020-01-04,16,0,320_RTPV_6,1.5,0.0,0.0,31.675071,0.0
2020-01-04,16,0,118_RTPV_7,1.5,0.0,0.0,31.675071,0.0
2020-01-04,16,0,118_RTPV_8,1.7,0.0,0.0,35.898414,0.0
2020-01-04,16,0,118_RTPV_9,1.1,0.0,0.0,23.228386,0.0
2020-01-04,16,0,118_RTPV_10,0.7,0.0,0.0,14.7817,0.0
2020-01-04,16,0,213_RTPV_1,0.8,0.0,0.0,16.893371,0.0
2020-01-04,16,0,309_WIND_1,72.167,0.0,0.0,1523.929921,0.0
2020-01-04,16,0,317_WIND_1,58.6725,0.0,0.0,1238.97042,0.0
2020-01-04,16,0,303_WIND_1,251.625,0.0,0.0,5313.493237,0.0
2020-01-04,16,0,122_WIND_1,89.7125,28.7125,0.0,2005.932072,0.0
2020-01-04,16,0,122_WIND_1_PEM,0.0,283.819559,374.5875,1102.152433,0.0
2020-01-04,16,0,303_WIND_1_PEM,0.0,161.5,444.675,627.15064,0.0
2020-01-04,16,0,309_WIND_1_PEM,0.0,37.9,75.633,147.176528,0.0
2020-01-04,16,0,310_PV_2_PEM,0.0,0.0,21.6,0.0,0.0
2020-01-04,16,0,317_WIND_1_PEM,0.0,154.4,419.5275,599.579312,0.0
2020-01-04,16,0,319_PV_1_PEM,0.0,0.0,77.162,0.0,0.0
2020-01-04,16,0,320_PV_1_PEM,0.0,0.0,23.0,0.0,0.0
2020-01-04,16,0,324_PV_1_PEM,0.0,0.0,20.377,0.0,0.0
2020-01-04,16,0,324_PV_2_PEM,0.0,0.0,19.7,0.0,0.0
2020-01-04,16,0,324_PV_3_PEM,0.0,0.0,20.91,0.0,0.0
2020-01-04,17,0,122_HYDRO_1,3.258,2.8,0.0,217.171318,0.0
2020-01-04,17,0,122_HYDRO_2,3.258,2.8,0.0,217.171318,0.0
2020-01-04,17,0,122_HYDRO_3,3.258,2.8,0.0,217.171318,0.0
2020-01-04,17,0,122_HYDRO_4,3.258,2.8,0.0,217.171318,0.0
2020-01-04,17,0,122_HYDRO_5,3.258,2.8,0.0,217.171318,0.0
2020-01-04,17,0,122_HYDRO_6,3.258,2.8,0.0,217.171318,0.0
2020-01-04,17,0,201_HYDRO_4,9.3,9.3,0.0,683.288662,0.0
2020-01-04,17,0,215_HYDRO_1,9.3,9.3,0.0,683.288662,0.0
2020-01-04,17,0,215_HYDRO_2,9.3,9.3,0.0,683.288662,0.0
2020-01-04,17,0,215_HYDRO_3,9.3,9.3,0.0,683.288662,0.0
2020-01-04,17,0,222_HYDRO_1,9.3,9.3,0.0,683.288662,0.0
2020-01-04,17,0,222_HYDRO_2,9.3,9.3,0.0,683.288662,0.0
2020-01-04,17,0,222_HYDRO_3,9.3,9.3,0.0,683.288662,0.0
2020-01-04,17,0,222_HYDRO_4,9.3,9.3,0.0,683.288662,0.0
2020-01-04,17,0,222_HYDRO_5,9.3,9.3,0.0,683.288662,0.0
2020-01-04,17,0,222_HYDRO_6,9.3,9.3,0.0,683.288662,0.0
2020-01-04,17,0,322_HYDRO_1,21.317,30.3,0.0,2001.623545,0.0
2020-01-04,17,0,322_HYDRO_2,21.317,30.3,0.0,2001.623545,0.0
2020-01-04,17,0,322_HYDRO_3,21.317,30.3,0.0,2001.623545,0.0
2020-01-04,17,0,322_HYDRO_4,21.317,30.3,0.0,2001.623545,0.0
2020-01-04,17,0,320_PV_1,0.0,0.0,0.0,0.0,0.0
2020-01-04,17,0,314_PV_1,0.0,0.0,0.0,0.0,0.0
2020-01-04,17,0,314_PV_2,0.0,0.0,0.0,0.0,0.0
2020-01-04,17,0,313_PV_1,0.0,0.0,0.0,0.0,0.0
2020-01-04,17,0,314_PV_3,0.0,0.0,0.0,0.0,0.0
2020-01-04,17,0,314_PV_4,0.0,0.0,0.0,0.0,0.0
2020-01-04,17,0,313_PV_2,0.0,0.0,0.0,0.0,0.0
2020-01-04,17,0,310_PV_1,0.0,0.0,0.0,0.0,0.0
2020-01-04,17,0,324_PV_1,0.0,0.0,0.0,0.0,0.0
2020-01-04,17,0,312_PV_1,0.0,0.0,0.0,0.0,0.0
2020-01-04,17,0,310_PV_2,0.0,0.0,0.0,0.0,0.0
2020-01-04,17,0,324_PV_2,0.0,0.0,0.0,0.0,0.0
2020-01-04,17,0,324_PV_3,0.0,0.0,0.0,0.0,0.0
2020-01-04,17,0,113_PV_1,0.0,0.0,0.0,0.0,0.0
2020-01-04,17,0,319_PV_1,0.0,0.0,0.0,0.0,0.0
2020-01-04,17,0,215_PV_1,0.0,0.0,0.0,0.0,0.0
2020-01-04,17,0,102_PV_1,0.0,0.0,0.0,0.0,0.0
2020-01-04,17,0,101_PV_1,0.0,0.0,0.0,0.0,0.0
2020-01-04,17,0,102_PV_2,0.0,0.0,0.0,0.0,0.0
2020-01-04,17,0,104_PV_1,0.0,0.0,0.0,0.0,0.0
2020-01-04,17,0,101_PV_2,0.0,0.0,0.0,0.0,0.0
2020-01-04,17,0,101_PV_3,0.0,0.0,0.0,0.0,0.0
2020-01-04,17,0,101_PV_4,0.0,0.0,0.0,0.0,0.0
2020-01-04,17,0,103_PV_1,0.0,0.0,0.0,0.0,0.0
2020-01-04,17,0,119_PV_1,0.0,0.0,0.0,0.0,0.0
2020-01-04,17,0,308_RTPV_1,0.0,0.0,0.0,0.0,0.0
2020-01-04,17,0,313_RTPV_1,0.0,0.0,0.0,0.0,0.0
2020-01-04,17,0,313_RTPV_2,0.0,0.0,0.0,0.0,0.0
2020-01-04,17,0,313_RTPV_3,0.0,0.0,0.0,0.0,0.0
2020-01-04,17,0,313_RTPV_4,0.0,0.0,0.0,0.0,0.0
2020-01-04,17,0,313_RTPV_5,0.0,0.0,0.0,0.0,0.0
2020-01-04,17,0,313_RTPV_6,0.0,0.0,0.0,0.0,0.0
2020-01-04,17,0,313_RTPV_7,0.0,0.0,0.0,0.0,0.0
2020-01-04,17,0,313_RTPV_8,0.0,0.0,0.0,0.0,0.0
2020-01-04,17,0,313_RTPV_9,0.0,0.0,0.0,0.0,0.0
2020-01-04,17,0,313_RTPV_10,0.0,0.0,0.0,0.0,0.0
2020-01-04,17,0,313_RTPV_11,0.0,0.0,0.0,0.0,0.0
2020-01-04,17,0,313_RTPV_12,0.0,0.0,0.0,0.0,0.0
2020-01-04,17,0,320_RTPV_1,0.0,0.0,0.0,0.0,0.0
2020-01-04,17,0,320_RTPV_2,0.0,0.0,0.0,0.0,0.0
2020-01-04,17,0,320_RTPV_3,0.0,0.0,0.0,0.0,0.0
2020-01-04,17,0,313_RTPV_13,0.0,0.0,0.0,0.0,0.0
2020-01-04,17,0,320_RTPV_4,0.0,0.0,0.0,0.0,0.0
2020-01-04,17,0,320_RTPV_5,0.0,0.0,0.0,0.0,0.0
2020-01-04,17,0,118_RTPV_1,0.0,0.0,0.0,0.0,0.0
2020-01-04,17,0,118_RTPV_2,0.0,0.0,0.0,0.0,0.0
2020-01-04,17,0,118_RTPV_3,0.0,0.0,0.0,0.0,0.0
2020-01-04,17,0,118_RTPV_4,0.0,0.0,0.0,0.0,0.0
2020-01-04,17,0,118_RTPV_5,0.0,0.0,0.0,0.0,0.0
2020-01-04,17,0,118_RTPV_6,0.0,0.0,0.0,0.0,0.0
2020-01-04,17,0,320_RTPV_6,0.0,0.0,0.0,0.0,0.0
2020-01-04,17,0,118_RTPV_7,0.0,0.0,0.0,0.0,0.0
2020-01-04,17,0,118_RTPV_8,0.0,0.0,0.0,0.0,0.0
2020-01-04,17,0,118_RTPV_9,0.0,0.0,0.0,0.0,0.0
2020-01-04,17,0,118_RTPV_10,0.0,0.0,0.0,0.0,0.0
2020-01-04,17,0,213_RTPV_1,0.0,0.0,0.0,0.0,0.0
2020-01-04,17,0,309_WIND_1,71.167,0.0,0.0,1779.175,0.0
2020-01-04,17,0,317_WIND_1,120.8725,135.0725,0.0,9569.033101,0.0
2020-01-04,17,0,303_WIND_1,205.325,0.0,0.0,5133.125,0.0
2020-01-04,17,0,122_WIND_1,51.7125,0.0,0.0,1292.8125,0.0
2020-01-04,17,0,122_WIND_1_PEM,0.0,88.9,374.5875,4309.151836,0.0
2020-01-04,17,0,303_WIND_1_PEM,133.394279,327.2,311.280721,19194.862384,0.0
2020-01-04,17,0,309_WIND_1_PEM,75.633,37.8,0.0,3723.062789,0.0
2020-01-04,17,0,310_PV_2_PEM,0.0,0.0,0.0,0.0,0.0
2020-01-04,17,0,317_WIND_1_PEM,0.0,401.306067,419.5275,19452.067202,0.0
2020-01-04,17,0,319_PV_1_PEM,0.0,0.0,0.0,0.0,0.0
2020-01-04,17,0,320_PV_1_PEM,0.0,0.0,0.0,0.0,0.0
2020-01-04,17,0,324_PV_1_PEM,0.0,0.0,0.0,0.0,0.0
2020-01-04,17,0,324_PV_2_PEM,0.0,0.0,0.0,0.0,0.0
2020-01-04,17,0,324_PV_3_PEM,0.0,0.0,0.0,0.0,0.0
2020-01-04,18,0,122_HYDRO_1,2.883,3.8,0.0,72.075,0.0
2020-01-04,18,0,122_HYDRO_2,2.883,3.8,0.0,72.075,0.0
2020-01-04,18,0,122_HYDRO_3,2.883,3.8,0.0,72.075,0.0
2020-01-04,18,0,122_HYDRO_4,2.883,3.8,0.0,72.075,0.0
2020-01-04,18,0,122_HYDRO_5,2.883,3.8,0.0,72.075,0.0
2020-01-04,18,0,122_HYDRO_6,2.883,3.8,0.0,72.075,0.0
2020-01-04,18,0,201_HYDRO_4,9.317,9.5,0.0,232.925,0.0
2020-01-04,18,0,215_HYDRO_1,9.317,9.5,0.0,232.925,0.0
2020-01-04,18,0,215_HYDRO_2,9.317,9.5,0.0,232.925,0.0
2020-01-04,18,0,215_HYDRO_3,9.317,9.5,0.0,232.925,0.0
2020-01-04,18,0,222_HYDRO_1,9.317,9.5,0.0,232.925,0.0
2020-01-04,18,0,222_HYDRO_2,9.317,9.5,0.0,232.925,0.0
2020-01-04,18,0,222_HYDRO_3,9.317,9.5,0.0,232.925,0.0
2020-01-04,18,0,222_HYDRO_4,9.317,9.5,0.0,232.925,0.0
2020-01-04,18,0,222_HYDRO_5,9.317,9.5,0.0,232.925,0.0
2020-01-04,18,0,222_HYDRO_6,9.317,9.5,0.0,232.925,0.0
2020-01-04,18,0,322_HYDRO_1,30.775,36.0,0.0,769.375,0.0
2020-01-04,18,0,322_HYDRO_2,30.775,36.0,0.0,769.375,0.0
2020-01-04,18,0,322_HYDRO_3,30.775,36.0,0.0,769.375,0.0
2020-01-04,18,0,322_HYDRO_4,30.775,36.0,0.0,769.375,0.0
2020-01-04,18,0,320_PV_1,0.0,0.0,0.0,0.0,0.0
2020-01-04,18,0,314_PV_1,0.0,0.0,0.0,0.0,0.0
2020-01-04,18,0,314_PV_2,0.0,0.0,0.0,0.0,0.0
2020-01-04,18,0,313_PV_1,0.0,0.0,0.0,0.0,0.0
2020-01-04,18,0,314_PV_3,0.0,0.0,0.0,0.0,0.0
2020-01-04,18,0,314_PV_4,0.0,0.0,0.0,0.0,0.0
2020-01-04,18,0,313_PV_2,0.0,0.0,0.0,0.0,0.0
2020-01-04,18,0,310_PV_1,0.0,0.0,0.0,0.0,0.0
2020-01-04,18,0,324_PV_1,0.0,0.0,0.0,0.0,0.0
2020-01-04,18,0,312_PV_1,0.0,0.0,0.0,0.0,0.0
2020-01-04,18,0,310_PV_2,0.0,0.0,0.0,0.0,0.0
2020-01-04,18,0,324_PV_2,0.0,0.0,0.0,0.0,0.0
2020-01-04,18,0,324_PV_3,0.0,0.0,0.0,0.0,0.0
2020-01-04,18,0,113_PV_1,0.0,0.0,0.0,0.0,0.0
2020-01-04,18,0,319_PV_1,0.0,0.0,0.0,0.0,0.0
2020-01-04,18,0,215_PV_1,0.0,0.0,0.0,0.0,0.0
2020-01-04,18,0,102_PV_1,0.0,0.0,0.0,0.0,0.0
2020-01-04,18,0,101_PV_1,0.0,0.0,0.0,0.0,0.0
2020-01-04,18,0,102_PV_2,0.0,0.0,0.0,0.0,0.0
2020-01-04,18,0,104_PV_1,0.0,0.0,0.0,0.0,0.0
2020-01-04,18,0,101_PV_2,0.0,0.0,0.0,0.0,0.0
2020-01-04,18,0,101_PV_3,0.0,0.0,0.0,0.0,0.0
2020-01-04,18,0,101_PV_4,0.0,0.0,0.0,0.0,0.0
2020-01-04,18,0,103_PV_1,0.0,0.0,0.0,0.0,0.0
2020-01-04,18,0,119_PV_1,0.0,0.0,0.0,0.0,0.0
2020-01-04,18,0,308_RTPV_1,0.0,0.0,0.0,0.0,0.0
2020-01-04,18,0,313_RTPV_1,0.0,0.0,0.0,0.0,0.0
2020-01-04,18,0,313_RTPV_2,0.0,0.0,0.0,0.0,0.0
2020-01-04,18,0,313_RTPV_3,0.0,0.0,0.0,0.0,0.0
2020-01-04,18,0,313_RTPV_4,0.0,0.0,0.0,0.0,0.0
2020-01-04,18,0,313_RTPV_5,0.0,0.0,0.0,0.0,0.0
2020-01-04,18,0,313_RTPV_6,0.0,0.0,0.0,0.0,0.0
2020-01-04,18,0,313_RTPV_7,0.0,0.0,0.0,0.0,0.0
2020-01-04,18,0,313_RTPV_8,0.0,0.0,0.0,0.0,0.0
2020-01-04,18,0,313_RTPV_9,0.0,0.0,0.0,0.0,0.0
2020-01-04,18,0,313_RTPV_10,0.0,0.0,0.0,0.0,0.0
2020-01-04,18,0,313_RTPV_11,0.0,0.0,0.0,0.0,0.0
2020-01-04,18,0,313_RTPV_12,0.0,0.0,0.0,0.0,0.0
2020-01-04,18,0,320_RTPV_1,0.0,0.0,0.0,0.0,0.0
2020-01-04,18,0,320_RTPV_2,0.0,0.0,0.0,0.0,0.0
2020-01-04,18,0,320_RTPV_3,0.0,0.0,0.0,0.0,0.0
2020-01-04,18,0,313_RTPV_13,0.0,0.0,0.0,0.0,0.0
2020-01-04,18,0,320_RTPV_4,0.0,0.0,0.0,0.0,0.0
2020-01-04,18,0,320_RTPV_5,0.0,0.0,0.0,0.0,0.0
2020-01-04,18,0,118_RTPV_1,0.0,0.0,0.0,0.0,0.0
2020-01-04,18,0,118_RTPV_2,0.0,0.0,0.0,0.0,0.0
2020-01-04,18,0,118_RTPV_3,0.0,0.0,0.0,0.0,0.0
2020-01-04,18,0,118_RTPV_4,0.0,0.0,0.0,0.0,0.0
2020-01-04,18,0,118_RTPV_5,0.0,0.0,0.0,0.0,0.0
2020-01-04,18,0,118_RTPV_6,0.0,0.0,0.0,0.0,0.0
2020-01-04,18,0,320_RTPV_6,0.0,0.0,0.0,0.0,0.0
2020-01-04,18,0,118_RTPV_7,0.0,0.0,0.0,0.0,0.0
2020-01-04,18,0,118_RTPV_8,0.0,0.0,0.0,0.0,0.0
2020-01-04,18,0,118_RTPV_9,0.0,0.0,0.0,0.0,0.0
2020-01-04,18,0,118_RTPV_10,0.0,0.0,0.0,0.0,0.0
2020-01-04,18,0,213_RTPV_1,0.0,0.0,0.0,0.0,0.0
2020-01-04,18,0,309_WIND_1,70.967,29.867,0.0,1774.175,0.0
2020-01-04,18,0,317_WIND_1,0.0,0.0,0.0,0.0,0.0
2020-01-04,18,0,303_WIND_1,174.525,0.0,0.0,4363.125,0.0
2020-01-04,18,0,122_WIND_1,29.9125,182.8125,0.0,747.8125,0.0
2020-01-04,18,0,122_WIND_1_PEM,272.148292,374.5875,102.439208,6803.707304,0.0
2020-01-04,18,0,303_WIND_1_PEM,374.831564,395.6,69.843436,9370.789091,0.0
2020-01-04,18,0,309_WIND_1_PEM,75.633,75.633,0.0,1890.825,0.0
2020-01-04,18,0,310_PV_2_PEM,0.0,0.0,0.0,0.0,0.0
2020-01-04,18,0,317_WIND_1_PEM,0.0,120.95327,392.9,0.0,0.0
2020-01-04,18,0,319_PV_1_PEM,0.0,0.0,0.0,0.0,0.0
2020-01-04,18,0,320_PV_1_PEM,0.0,0.0,0.0,0.0,0.0
2020-01-04,18,0,324_PV_1_PEM,0.0,0.0,0.0,0.0,0.0
2020-01-04,18,0,324_PV_2_PEM,0.0,0.0,0.0,0.0,0.0
2020-01-04,18,0,324_PV_3_PEM,0.0,0.0,0.0,0.0,0.0
2020-01-04,19,0,122_HYDRO_1,3.758,3.3,0.0,93.95,0.0
2020-01-04,19,0,122_HYDRO_2,3.758,3.3,0.0,93.95,0.0
2020-01-04,19,0,122_HYDRO_3,3.758,3.3,0.0,93.95,0.0
2020-01-04,19,0,122_HYDRO_4,3.758,3.3,0.0,93.95,0.0
2020-01-04,19,0,122_HYDRO_5,3.758,3.3,0.0,93.95,0.0
2020-01-04,19,0,122_HYDRO_6,3.758,3.3,0.0,93.95,0.0
2020-01-04,19,0,201_HYDRO_4,9.483,9.3,0.0,237.075,0.0
2020-01-04,19,0,215_HYDRO_1,9.483,9.3,0.0,237.075,0.0
2020-01-04,19,0,215_HYDRO_2,9.483,9.3,0.0,237.075,0.0
2020-01-04,19,0,215_HYDRO_3,9.483,9.3,0.0,237.075,0.0
2020-01-04,19,0,222_HYDRO_1,9.483,9.3,0.0,237.075,0.0
2020-01-04,19,0,222_HYDRO_2,9.483,9.3,0.0,237.075,0.0
2020-01-04,19,0,222_HYDRO_3,9.483,9.3,0.0,237.075,0.0
2020-01-04,19,0,222_HYDRO_4,9.483,9.3,0.0,237.075,0.0
2020-01-04,19,0,222_HYDRO_5,9.483,9.3,0.0,237.075,0.0
2020-01-04,19,0,222_HYDRO_6,9.483,9.3,0.0,237.075,0.0
2020-01-04,19,0,322_HYDRO_1,36.25,39.0,0.0,906.25,0.0
2020-01-04,19,0,322_HYDRO_2,36.25,39.0,0.0,906.25,0.0
2020-01-04,19,0,322_HYDRO_3,36.25,39.0,0.0,906.25,0.0
2020-01-04,19,0,322_HYDRO_4,36.25,39.0,0.0,906.25,0.0
2020-01-04,19,0,320_PV_1,0.0,0.0,0.0,0.0,0.0
2020-01-04,19,0,314_PV_1,0.0,0.0,0.0,0.0,0.0
2020-01-04,19,0,314_PV_2,0.0,0.0,0.0,0.0,0.0
2020-01-04,19,0,313_PV_1,0.0,0.0,0.0,0.0,0.0
2020-01-04,19,0,314_PV_3,0.0,0.0,0.0,0.0,0.0
2020-01-04,19,0,314_PV_4,0.0,0.0,0.0,0.0,0.0
2020-01-04,19,0,313_PV_2,0.0,0.0,0.0,0.0,0.0
2020-01-04,19,0,310_PV_1,0.0,0.0,0.0,0.0,0.0
2020-01-04,19,0,324_PV_1,0.0,0.0,0.0,0.0,0.0
2020-01-04,19,0,312_PV_1,0.0,0.0,0.0,0.0,0.0
2020-01-04,19,0,310_PV_2,0.0,0.0,0.0,0.0,0.0
2020-01-04,19,0,324_PV_2,0.0,0.0,0.0,0.0,0.0
2020-01-04,19,0,324_PV_3,0.0,0.0,0.0,0.0,0.0
2020-01-04,19,0,113_PV_1,0.0,0.0,0.0,0.0,0.0
2020-01-04,19,0,319_PV_1,0.0,0.0,0.0,0.0,0.0
2020-01-04,19,0,215_PV_1,0.0,0.0,0.0,0.0,0.0
2020-01-04,19,0,102_PV_1,0.0,0.0,0.0,0.0,0.0
2020-01-04,19,0,101_PV_1,0.0,0.0,0.0,0.0,0.0
2020-01-04,19,0,102_PV_2,0.0,0.0,0.0,0.0,0.0
2020-01-04,19,0,104_PV_1,0.0,0.0,0.0,0.0,0.0
2020-01-04,19,0,101_PV_2,0.0,0.0,0.0,0.0,0.0
2020-01-04,19,0,101_PV_3,0.0,0.0,0.0,0.0,0.0
2020-01-04,19,0,101_PV_4,0.0,0.0,0.0,0.0,0.0
2020-01-04,19,0,103_PV_1,0.0,0.0,0.0,0.0,0.0
2020-01-04,19,0,119_PV_1,0.0,0.0,0.0,0.0,0.0
2020-01-04,19,0,308_RTPV_1,0.0,0.0,0.0,0.0,0.0
2020-01-04,19,0,313_RTPV_1,0.0,0.0,0.0,0.0,0.0
2020-01-04,19,0,313_RTPV_2,0.0,0.0,0.0,0.0,0.0
2020-01-04,19,0,313_RTPV_3,0.0,0.0,0.0,0.0,0.0
2020-01-04,19,0,313_RTPV_4,0.0,0.0,0.0,0.0,0.0
2020-01-04,19,0,313_RTPV_5,0.0,0.0,0.0,0.0,0.0
2020-01-04,19,0,313_RTPV_6,0.0,0.0,0.0,0.0,0.0
2020-01-04,19,0,313_RTPV_7,0.0,0.0,0.0,0.0,0.0
2020-01-04,19,0,313_RTPV_8,0.0,0.0,0.0,0.0,0.0
2020-01-04,19,0,313_RTPV_9,0.0,0.0,0.0,0.0,0.0
2020-01-04,19,0,313_RTPV_10,0.0,0.0,0.0,0.0,0.0
2020-01-04,19,0,313_RTPV_11,0.0,0.0,0.0,0.0,0.0
2020-01-04,19,0,313_RTPV_12,0.0,0.0,0.0,0.0,0.0
2020-01-04,19,0,320_RTPV_1,0.0,0.0,0.0,0.0,0.0
2020-01-04,19,0,320_RTPV_2,0.0,0.0,0.0,0.0,0.0
2020-01-04,19,0,320_RTPV_3,0.0,0.0,0.0,0.0,0.0
2020-01-04,19,0,313_RTPV_13,0.0,0.0,0.0,0.0,0.0
2020-01-04,19,0,320_RTPV_4,0.0,0.0,0.0,0.0,0.0
2020-01-04,19,0,320_RTPV_5,0.0,0.0,0.0,0.0,0.0
2020-01-04,19,0,118_RTPV_1,0.0,0.0,0.0,0.0,0.0
2020-01-04,19,0,118_RTPV_2,0.0,0.0,0.0,0.0,0.0
2020-01-04,19,0,118_RTPV_3,0.0,0.0,0.0,0.0,0.0
2020-01-04,19,0,118_RTPV_4,0.0,0.0,0.0,0.0,0.0
2020-01-04,19,0,118_RTPV_5,0.0,0.0,0.0,0.0,0.0
2020-01-04,19,0,118_RTPV_6,0.0,0.0,0.0,0.0,0.0
2020-01-04,19,0,320_RTPV_6,0.0,0.0,0.0,0.0,0.0
2020-01-04,19,0,118_RTPV_7,0.0,0.0,0.0,0.0,0.0
2020-01-04,19,0,118_RTPV_8,0.0,0.0,0.0,0.0,0.0
2020-01-04,19,0,118_RTPV_9,0.0,0.0,0.0,0.0,0.0
2020-01-04,19,0,118_RTPV_10,0.0,0.0,0.0,0.0,0.0
2020-01-04,19,0,213_RTPV_1,0.0,0.0,0.0,0.0,0.0
2020-01-04,19,0,309_WIND_1,71.367,61.667,0.0,1784.175,0.0
2020-01-04,19,0,317_WIND_1,104.4725,194.6725,0.0,2611.8125,0.0
2020-01-04,19,0,303_WIND_1,236.025,158.025,0.0,5900.625,0.0
2020-01-04,19,0,122_WIND_1,0.0,216.6125,0.0,0.0,0.0
2020-01-04,19,0,122_WIND_1_PEM,81.152914,374.5875,286.747086,2028.822854,0.0
2020-01-04,19,0,303_WIND_1_PEM,210.44065,0.0,234.23435,5261.016259,0.0
2020-01-04,19,0,309_WIND_1_PEM,75.633,75.633,0.0,1890.825,0.0
2020-01-04,19,0,310_PV_2_PEM,0.0,0.0,0.0,0.0,0.0
2020-01-04,19,0,317_WIND_1_PEM,419.5275,341.421268,0.0,10488.1875,0.0
2020-01-04,19,0,319_PV_1_PEM,0.0,0.0,0.0,0.0,0.0
2020-01-04,19,0,320_PV_1_PEM,0.0,0.0,0.0,0.0,0.0
2020-01-04,19,0,324_PV_1_PEM,0.0,0.0,0.0,0.0,0.0
2020-01-04,19,0,324_PV_2_PEM,0.0,0.0,0.0,0.0,0.0
2020-01-04,19,0,324_PV_3_PEM,0.0,0.0,0.0,0.0,0.0
2020-01-04,20,0,122_HYDRO_1,3.3,3.3,0.0,82.5,0.0
2020-01-04,20,0,122_HYDRO_2,3.3,3.3,0.0,82.5,0.0
2020-01-04,20,0,122_HYDRO_3,3.3,3.3,0.0,82.5,0.0
2020-01-04,20,0,122_HYDRO_4,3.3,3.3,0.0,82.5,0.0
2020-01-04,20,0,122_HYDRO_5,3.3,3.3,0.0,82.5,0.0
2020-01-04,20,0,122_HYDRO_6,3.3,3.3,0.0,82.5,0.0
2020-01-04,20,0,201_HYDRO_4,9.317,9.5,0.0,232.925,0.0
2020-01-04,20,0,215_HYDRO_1,9.317,9.5,0.0,232.925,0.0
2020-01-04,20,0,215_HYDRO_2,9.317,9.5,0.0,232.925,0.0
2020-01-04,20,0,215_HYDRO_3,9.317,9.5,0.0,232.925,0.0
2020-01-04,20,0,222_HYDRO_1,9.317,9.5,0.0,232.925,0.0
2020-01-04,20,0,222_HYDRO_2,9.317,9.5,0.0,232.925,0.0
2020-01-04,20,0,222_HYDRO_3,9.317,9.5,0.0,232.925,0.0
2020-01-04,20,0,222_HYDRO_4,9.317,9.5,0.0,232.925,0.0
2020-01-04,20,0,222_HYDRO_5,9.317,9.5,0.0,232.925,0.0
2020-01-04,20,0,222_HYDRO_6,9.317,9.5,0.0,232.925,0.0
2020-01-04,20,0,322_HYDRO_1,39.042,39.5,0.0,976.05,0.0
2020-01-04,20,0,322_HYDRO_2,39.042,39.5,0.0,976.05,0.0
2020-01-04,20,0,322_HYDRO_3,39.042,39.5,0.0,976.05,0.0
2020-01-04,20,0,322_HYDRO_4,39.042,39.5,0.0,976.05,0.0
2020-01-04,20,0,320_PV_1,0.0,0.0,0.0,0.0,0.0
2020-01-04,20,0,314_PV_1,0.0,0.0,0.0,0.0,0.0
2020-01-04,20,0,314_PV_2,0.0,0.0,0.0,0.0,0.0
2020-01-04,20,0,313_PV_1,0.0,0.0,0.0,0.0,0.0
2020-01-04,20,0,314_PV_3,0.0,0.0,0.0,0.0,0.0
2020-01-04,20,0,314_PV_4,0.0,0.0,0.0,0.0,0.0
2020-01-04,20,0,313_PV_2,0.0,0.0,0.0,0.0,0.0
2020-01-04,20,0,310_PV_1,0.0,0.0,0.0,0.0,0.0
2020-01-04,20,0,324_PV_1,0.0,0.0,0.0,0.0,0.0
2020-01-04,20,0,312_PV_1,0.0,0.0,0.0,0.0,0.0
2020-01-04,20,0,310_PV_2,0.0,0.0,0.0,0.0,0.0
2020-01-04,20,0,324_PV_2,0.0,0.0,0.0,0.0,0.0
2020-01-04,20,0,324_PV_3,0.0,0.0,0.0,0.0,0.0
2020-01-04,20,0,113_PV_1,0.0,0.0,0.0,0.0,0.0
2020-01-04,20,0,319_PV_1,0.0,0.0,0.0,0.0,0.0
2020-01-04,20,0,215_PV_1,0.0,0.0,0.0,0.0,0.0
2020-01-04,20,0,102_PV_1,0.0,0.0,0.0,0.0,0.0
2020-01-04,20,0,101_PV_1,0.0,0.0,0.0,0.0,0.0
2020-01-04,20,0,102_PV_2,0.0,0.0,0.0,0.0,0.0
2020-01-04,20,0,104_PV_1,0.0,0.0,0.0,0.0,0.0
2020-01-04,20,0,101_PV_2,0.0,0.0,0.0,0.0,0.0
2020-01-04,20,0,101_PV_3,0.0,0.0,0.0,0.0,0.0
2020-01-04,20,0,101_PV_4,0.0,0.0,0.0,0.0,0.0
2020-01-04,20,0,103_PV_1,0.0,0.0,0.0,0.0,0.0
2020-01-04,20,0,119_PV_1,0.0,0.0,0.0,0.0,0.0
2020-01-04,20,0,308_RTPV_1,0.0,0.0,0.0,0.0,0.0
2020-01-04,20,0,313_RTPV_1,0.0,0.0,0.0,0.0,0.0
2020-01-04,20,0,313_RTPV_2,0.0,0.0,0.0,0.0,0.0
2020-01-04,20,0,313_RTPV_3,0.0,0.0,0.0,0.0,0.0
2020-01-04,20,0,313_RTPV_4,0.0,0.0,0.0,0.0,0.0
2020-01-04,20,0,313_RTPV_5,0.0,0.0,0.0,0.0,0.0
2020-01-04,20,0,313_RTPV_6,0.0,0.0,0.0,0.0,0.0
2020-01-04,20,0,313_RTPV_7,0.0,0.0,0.0,0.0,0.0
2020-01-04,20,0,313_RTPV_8,0.0,0.0,0.0,0.0,0.0
2020-01-04,20,0,313_RTPV_9,0.0,0.0,0.0,0.0,0.0
2020-01-04,20,0,313_RTPV_10,0.0,0.0,0.0,0.0,0.0
2020-01-04,20,0,313_RTPV_11,0.0,0.0,0.0,0.0,0.0
2020-01-04,20,0,313_RTPV_12,0.0,0.0,0.0,0.0,0.0
2020-01-04,20,0,320_RTPV_1,0.0,0.0,0.0,0.0,0.0
2020-01-04,20,0,320_RTPV_2,0.0,0.0,0.0,0.0,0.0
2020-01-04,20,0,320_RTPV_3,0.0,0.0,0.0,0.0,0.0
2020-01-04,20,0,313_RTPV_13,0.0,0.0,0.0,0.0,0.0
2020-01-04,20,0,320_RTPV_4,0.0,0.0,0.0,0.0,0.0
2020-01-04,20,0,320_RTPV_5,0.0,0.0,0.0,0.0,0.0
2020-01-04,20,0,118_RTPV_1,0.0,0.0,0.0,0.0,0.0
2020-01-04,20,0,118_RTPV_2,0.0,0.0,0.0,0.0,0.0
2020-01-04,20,0,118_RTPV_3,0.0,0.0,0.0,0.0,0.0
2020-01-04,20,0,118_RTPV_4,0.0,0.0,0.0,0.0,0.0
2020-01-04,20,0,118_RTPV_5,0.0,0.0,0.0,0.0,0.0
2020-01-04,20,0,118_RTPV_6,0.0,0.0,0.0,0.0,0.0
2020-01-04,20,0,320_RTPV_6,0.0,0.0,0.0,0.0,0.0
2020-01-04,20,0,118_RTPV_7,0.0,0.0,0.0,0.0,0.0
2020-01-04,20,0,118_RTPV_8,0.0,0.0,0.0,0.0,0.0
2020-01-04,20,0,118_RTPV_9,0.0,0.0,0.0,0.0,0.0
2020-01-04,20,0,118_RTPV_10,0.0,0.0,0.0,0.0,0.0
2020-01-04,20,0,213_RTPV_1,0.0,0.0,0.0,0.0,0.0
2020-01-04,20,0,309_WIND_1,71.367,67.267,0.0,1784.175,0.0
2020-01-04,20,0,317_WIND_1,322.9725,320.5725,0.0,8074.3125,0.0
2020-01-04,20,0,303_WIND_1,367.125,377.825,0.0,9178.125,0.0
2020-01-04,20,0,122_WIND_1,175.7125,199.9125,0.0,4392.8125,0.0
2020-01-04,20,0,122_WIND_1_PEM,374.5875,374.5875,0.0,9364.6875,0.0
2020-01-04,20,0,303_WIND_1_PEM,50.682684,0.0,393.992316,1267.067092,0.0
2020-01-04,20,0,309_WIND_1_PEM,75.633,75.633,0.0,1890.825,0.0
2020-01-04,20,0,310_PV_2_PEM,0.0,0.0,0.0,0.0,0.0
2020-01-04,20,0,317_WIND_1_PEM,0.0,129.920397,419.5275,0.0,0.0
2020-01-04,20,0,319_PV_1_PEM,0.0,0.0,0.0,0.0,0.0
2020-01-04,20,0,320_PV_1_PEM,0.0,0.0,0.0,0.0,0.0
2020-01-04,20,0,324_PV_1_PEM,0.0,0.0,0.0,0.0,0.0
2020-01-04,20,0,324_PV_2_PEM,0.0,0.0,0.0,0.0,0.0
2020-01-04,20,0,324_PV_3_PEM,0.0,0.0,0.0,0.0,0.0
2020-01-04,21,0,122_HYDRO_1,3.3,3.3,0.0,81.840257,0.0
2020-01-04,21,0,122_HYDRO_2,3.3,3.3,0.0,81.840257,0.0
2020-01-04,21,0,122_HYDRO_3,3.3,3.3,0.0,81.840257,0.0
2020-01-04,21,0,122_HYDRO_4,3.3,3.3,0.0,81.840257,0.0
2020-01-04,21,0,122_HYDRO_5,3.3,3.3,0.0,81.840257,0.0
2020-01-04,21,0,122_HYDRO_6,3.3,3.3,0.0,81.840257,0.0
2020-01-04,21,0,201_HYDRO_4,9.5,9.5,0.0,235.60074,0.0
2020-01-04,21,0,215_HYDRO_1,9.5,9.5,0.0,235.60074,0.0
2020-01-04,21,0,215_HYDRO_2,9.5,9.5,0.0,235.60074,0.0
2020-01-04,21,0,215_HYDRO_3,9.5,9.5,0.0,235.60074,0.0
2020-01-04,21,0,222_HYDRO_1,9.5,9.5,0.0,235.60074,0.0
2020-01-04,21,0,222_HYDRO_2,9.5,9.5,0.0,235.60074,0.0
2020-01-04,21,0,222_HYDRO_3,9.5,9.5,0.0,235.60074,0.0
2020-01-04,21,0,222_HYDRO_4,9.5,9.5,0.0,235.60074,0.0
2020-01-04,21,0,222_HYDRO_5,9.5,9.5,0.0,235.60074,0.0
2020-01-04,21,0,222_HYDRO_6,9.5,9.5,0.0,235.60074,0.0
2020-01-04,21,0,322_HYDRO_1,39.717,42.1,0.0,984.508278,0.0
2020-01-04,21,0,322_HYDRO_2,39.717,42.1,0.0,984.508278,0.0
2020-01-04,21,0,322_HYDRO_3,39.717,42.1,0.0,984.508278,0.0
2020-01-04,21,0,322_HYDRO_4,39.717,42.1,0.0,984.508278,0.0
2020-01-04,21,0,320_PV_1,0.0,0.0,0.0,0.0,0.0
2020-01-04,21,0,314_PV_1,0.0,0.0,0.0,0.0,0.0
2020-01-04,21,0,314_PV_2,0.0,0.0,0.0,0.0,0.0
2020-01-04,21,0,313_PV_1,0.0,0.0,0.0,0.0,0.0
2020-01-04,21,0,314_PV_3,0.0,0.0,0.0,0.0,0.0
2020-01-04,21,0,314_PV_4,0.0,0.0,0.0,0.0,0.0
2020-01-04,21,0,313_PV_2,0.0,0.0,0.0,0.0,0.0
2020-01-04,21,0,310_PV_1,0.0,0.0,0.0,0.0,0.0
2020-01-04,21,0,324_PV_1,0.0,0.0,0.0,0.0,0.0
2020-01-04,21,0,312_PV_1,0.0,0.0,0.0,0.0,0.0
2020-01-04,21,0,310_PV_2,0.0,0.0,0.0,0.0,0.0
2020-01-04,21,0,324_PV_2,0.0,0.0,0.0,0.0,0.0
2020-01-04,21,0,324_PV_3,0.0,0.0,0.0,0.0,0.0
2020-01-04,21,0,113_PV_1,0.0,0.0,0.0,0.0,0.0
2020-01-04,21,0,319_PV_1,0.0,0.0,0.0,0.0,0.0
2020-01-04,21,0,215_PV_1,0.0,0.0,0.0,0.0,0.0
2020-01-04,21,0,102_PV_1,0.0,0.0,0.0,0.0,0.0
2020-01-04,21,0,101_PV_1,0.0,0.0,0.0,0.0,0.0
2020-01-04,21,0,102_PV_2,0.0,0.0,0.0,0.0,0.0
2020-01-04,21,0,104_PV_1,0.0,0.0,0.0,0.0,0.0
2020-01-04,21,0,101_PV_2,0.0,0.0,0.0,0.0,0.0
2020-01-04,21,0,101_PV_3,0.0,0.0,0.0,0.0,0.0
2020-01-04,21,0,101_PV_4,0.0,0.0,0.0,0.0,0.0
2020-01-04,21,0,103_PV_1,0.0,0.0,0.0,0.0,0.0
2020-01-04,21,0,119_PV_1,0.0,0.0,0.0,0.0,0.0
2020-01-04,21,0,308_RTPV_1,0.0,0.0,0.0,0.0,0.0
2020-01-04,21,0,313_RTPV_1,0.0,0.0,0.0,0.0,0.0
2020-01-04,21,0,313_RTPV_2,0.0,0.0,0.0,0.0,0.0
2020-01-04,21,0,313_RTPV_3,0.0,0.0,0.0,0.0,0.0
2020-01-04,21,0,313_RTPV_4,0.0,0.0,0.0,0.0,0.0
2020-01-04,21,0,313_RTPV_5,0.0,0.0,0.0,0.0,0.0
2020-01-04,21,0,313_RTPV_6,0.0,0.0,0.0,0.0,0.0
2020-01-04,21,0,313_RTPV_7,0.0,0.0,0.0,0.0,0.0
2020-01-04,21,0,313_RTPV_8,0.0,0.0,0.0,0.0,0.0
2020-01-04,21,0,313_RTPV_9,0.0,0.0,0.0,0.0,0.0
2020-01-04,21,0,313_RTPV_10,0.0,0.0,0.0,0.0,0.0
2020-01-04,21,0,313_RTPV_11,0.0,0.0,0.0,0.0,0.0
2020-01-04,21,0,313_RTPV_12,0.0,0.0,0.0,0.0,0.0
2020-01-04,21,0,320_RTPV_1,0.0,0.0,0.0,0.0,0.0
2020-01-04,21,0,320_RTPV_2,0.0,0.0,0.0,0.0,0.0
2020-01-04,21,0,320_RTPV_3,0.0,0.0,0.0,0.0,0.0
2020-01-04,21,0,313_RTPV_13,0.0,0.0,0.0,0.0,0.0
2020-01-04,21,0,320_RTPV_4,0.0,0.0,0.0,0.0,0.0
2020-01-04,21,0,320_RTPV_5,0.0,0.0,0.0,0.0,0.0
2020-01-04,21,0,118_RTPV_1,0.0,0.0,0.0,0.0,0.0
2020-01-04,21,0,118_RTPV_2,0.0,0.0,0.0,0.0,0.0
2020-01-04,21,0,118_RTPV_3,0.0,0.0,0.0,0.0,0.0
2020-01-04,21,0,118_RTPV_4,0.0,0.0,0.0,0.0,0.0
2020-01-04,21,0,118_RTPV_5,0.0,0.0,0.0,0.0,0.0
2020-01-04,21,0,118_RTPV_6,0.0,0.0,0.0,0.0,0.0
2020-01-04,21,0,320_RTPV_6,0.0,0.0,0.0,0.0,0.0
2020-01-04,21,0,118_RTPV_7,0.0,0.0,0.0,0.0,0.0
2020-01-04,21,0,118_RTPV_8,0.0,0.0,0.0,0.0,0.0
2020-01-04,21,0,118_RTPV_9,0.0,0.0,0.0,0.0,0.0
2020-01-04,21,0,118_RTPV_10,0.0,0.0,0.0,0.0,0.0
2020-01-04,21,0,213_RTPV_1,0.0,0.0,0.0,0.0,0.0
2020-01-04,21,0,309_WIND_1,71.267,71.367,0.0,1767.407157,0.0
2020-01-04,21,0,317_WIND_1,362.6725,354.8725,0.0,8995.865633,0.0
2020-01-04,21,0,303_WIND_1,378.425,391.125,0.0,9382.430455,0.0
2020-01-04,21,0,122_WIND_1,325.7125,331.5125,0.0,8076.535814,0.0
2020-01-04,21,0,122_WIND_1_PEM,68.626104,125.25678,305.961396,1690.611009,0.0
2020-01-04,21,0,303_WIND_1_PEM,0.0,0.0,444.675,0.0,0.0
2020-01-04,21,0,309_WIND_1_PEM,75.633,75.633,0.0,1875.704289,0.0
2020-01-04,21,0,310_PV_2_PEM,0.0,0.0,0.0,0.0,0.0
2020-01-04,21,0,317_WIND_1_PEM,0.0,0.0,419.5275,0.0,0.0
2020-01-04,21,0,319_PV_1_PEM,0.0,0.0,0.0,0.0,0.0
2020-01-04,21,0,320_PV_1_PEM,0.0,0.0,0.0,0.0,0.0
2020-01-04,21,0,324_PV_1_PEM,0.0,0.0,0.0,0.0,0.0
2020-01-04,21,0,324_PV_2_PEM,0.0,0.0,0.0,0.0,0.0
2020-01-04,21,0,324_PV_3_PEM,0.0,0.0,0.0,0.0,0.0
2020-01-04,22,0,122_HYDRO_1,3.3,3.3,0.0,81.992543,0.0
2020-01-04,22,0,122_HYDRO_2,3.3,3.3,0.0,81.992543,0.0
2020-01-04,22,0,122_HYDRO_3,3.3,3.3,0.0,81.992543,0.0
2020-01-04,22,0,122_HYDRO_4,3.3,3.3,0.0,81.992543,0.0
2020-01-04,22,0,122_HYDRO_5,3.3,3.3,0.0,81.992543,0.0
2020-01-04,22,0,122_HYDRO_6,3.3,3.3,0.0,81.992543,0.0
2020-01-04,22,0,201_HYDRO_4,9.033,3.9,0.0,225.225278,0.0
2020-01-04,22,0,215_HYDRO_1,9.033,3.9,0.0,225.225278,0.0
2020-01-04,22,0,215_HYDRO_2,9.033,3.9,0.0,225.225278,0.0
2020-01-04,22,0,215_HYDRO_3,9.033,3.9,0.0,225.225278,0.0
2020-01-04,22,0,222_HYDRO_1,9.033,3.9,0.0,225.225278,0.0
2020-01-04,22,0,222_HYDRO_2,9.033,3.9,0.0,225.225278,0.0
2020-01-04,22,0,222_HYDRO_3,9.033,3.9,0.0,225.225278,0.0
2020-01-04,22,0,222_HYDRO_4,9.033,3.9,0.0,225.225278,0.0
2020-01-04,22,0,222_HYDRO_5,9.033,3.9,0.0,225.225278,0.0
2020-01-04,22,0,222_HYDRO_6,9.033,3.9,0.0,225.225278,0.0
2020-01-04,22,0,322_HYDRO_1,40.933,28.1,0.0,1019.003927,0.0
2020-01-04,22,0,322_HYDRO_2,40.933,28.1,0.0,1019.003927,0.0
2020-01-04,22,0,322_HYDRO_3,40.933,28.1,0.0,1019.003927,0.0
2020-01-04,22,0,322_HYDRO_4,40.933,28.1,0.0,1019.003927,0.0
2020-01-04,22,0,320_PV_1,0.0,0.0,0.0,0.0,0.0
2020-01-04,22,0,314_PV_1,0.0,0.0,0.0,0.0,0.0
2020-01-04,22,0,314_PV_2,0.0,0.0,0.0,0.0,0.0
2020-01-04,22,0,313_PV_1,0.0,0.0,0.0,0.0,0.0
2020-01-04,22,0,314_PV_3,0.0,0.0,0.0,0.0,0.0
2020-01-04,22,0,314_PV_4,0.0,0.0,0.0,0.0,0.0
2020-01-04,22,0,313_PV_2,0.0,0.0,0.0,0.0,0.0
2020-01-04,22,0,310_PV_1,0.0,0.0,0.0,0.0,0.0
2020-01-04,22,0,324_PV_1,0.0,0.0,0.0,0.0,0.0
2020-01-04,22,0,312_PV_1,0.0,0.0,0.0,0.0,0.0
2020-01-04,22,0,310_PV_2,0.0,0.0,0.0,0.0,0.0
2020-01-04,22,0,324_PV_2,0.0,0.0,0.0,0.0,0.0
2020-01-04,22,0,324_PV_3,0.0,0.0,0.0,0.0,0.0
2020-01-04,22,0,113_PV_1,0.0,0.0,0.0,0.0,0.0
2020-01-04,22,0,319_PV_1,0.0,0.0,0.0,0.0,0.0
2020-01-04,22,0,215_PV_1,0.0,0.0,0.0,0.0,0.0
2020-01-04,22,0,102_PV_1,0.0,0.0,0.0,0.0,0.0
2020-01-04,22,0,101_PV_1,0.0,0.0,0.0,0.0,0.0
2020-01-04,22,0,102_PV_2,0.0,0.0,0.0,0.0,0.0
2020-01-04,22,0,104_PV_1,0.0,0.0,0.0,0.0,0.0
2020-01-04,22,0,101_PV_2,0.0,0.0,0.0,0.0,0.0
2020-01-04,22,0,101_PV_3,0.0,0.0,0.0,0.0,0.0
2020-01-04,22,0,101_PV_4,0.0,0.0,0.0,0.0,0.0
2020-01-04,22,0,103_PV_1,0.0,0.0,0.0,0.0,0.0
2020-01-04,22,0,119_PV_1,0.0,0.0,0.0,0.0,0.0
2020-01-04,22,0,308_RTPV_1,0.0,0.0,0.0,0.0,0.0
2020-01-04,22,0,313_RTPV_1,0.0,0.0,0.0,0.0,0.0
2020-01-04,22,0,313_RTPV_2,0.0,0.0,0.0,0.0,0.0
2020-01-04,22,0,313_RTPV_3,0.0,0.0,0.0,0.0,0.0
2020-01-04,22,0,313_RTPV_4,0.0,0.0,0.0,0.0,0.0
2020-01-04,22,0,313_RTPV_5,0.0,0.0,0.0,0.0,0.0
2020-01-04,22,0,313_RTPV_6,0.0,0.0,0.0,0.0,0.0
2020-01-04,22,0,313_RTPV_7,0.0,0.0,0.0,0.0,0.0
2020-01-04,22,0,313_RTPV_8,0.0,0.0,0.0,0.0,0.0
2020-01-04,22,0,313_RTPV_9,0.0,0.0,0.0,0.0,0.0
2020-01-04,22,0,313_RTPV_10,0.0,0.0,0.0,0.0,0.0
2020-01-04,22,0,313_RTPV_11,0.0,0.0,0.0,0.0,0.0
2020-01-04,22,0,313_RTPV_12,0.0,0.0,0.0,0.0,0.0
2020-01-04,22,0,320_RTPV_1,0.0,0.0,0.0,0.0,0.0
2020-01-04,22,0,320_RTPV_2,0.0,0.0,0.0,0.0,0.0
2020-01-04,22,0,320_RTPV_3,0.0,0.0,0.0,0.0,0.0
2020-01-04,22,0,313_RTPV_13,0.0,0.0,0.0,0.0,0.0
2020-01-04,22,0,320_RTPV_4,0.0,0.0,0.0,0.0,0.0
2020-01-04,22,0,320_RTPV_5,0.0,0.0,0.0,0.0,0.0
2020-01-04,22,0,118_RTPV_1,0.0,0.0,0.0,0.0,0.0
2020-01-04,22,0,118_RTPV_2,0.0,0.0,0.0,0.0,0.0
2020-01-04,22,0,118_RTPV_3,0.0,0.0,0.0,0.0,0.0
2020-01-04,22,0,118_RTPV_4,0.0,0.0,0.0,0.0,0.0
2020-01-04,22,0,118_RTPV_5,0.0,0.0,0.0,0.0,0.0
2020-01-04,22,0,118_RTPV_6,0.0,0.0,0.0,0.0,0.0
2020-01-04,22,0,320_RTPV_6,0.0,0.0,0.0,0.0,0.0
2020-01-04,22,0,118_RTPV_7,0.0,0.0,0.0,0.0,0.0
2020-01-04,22,0,118_RTPV_8,0.0,0.0,0.0,0.0,0.0
2020-01-04,22,0,118_RTPV_9,0.0,0.0,0.0,0.0,0.0
2020-01-04,22,0,118_RTPV_10,0.0,0.0,0.0,0.0,0.0
2020-01-04,22,0,213_RTPV_1,0.0,0.0,0.0,0.0,0.0
2020-01-04,22,0,309_WIND_1,68.567,71.367,0.0,1703.200552,0.0
2020-01-04,22,0,317_WIND_1,358.6725,376.7725,0.0,8908.874376,0.0
2020-01-04,22,0,303_WIND_1,389.425,388.625,0.0,9675.86426,0.0
2020-01-04,22,0,122_WIND_1,15.0125,338.9125,0.0,323.196291,0.0
2020-01-04,22,0,122_WIND_1_PEM,177.844854,65.10477,196.742646,4436.109886,0.0
2020-01-04,22,0,303_WIND_1_PEM,0.0,0.0,444.675,0.0,0.0
2020-01-04,22,0,309_WIND_1_PEM,75.633,0.0,0.0,1890.825,0.0
2020-01-04,22,0,310_PV_2_PEM,0.0,0.0,0.0,0.0,0.0
2020-01-04,22,0,317_WIND_1_PEM,0.0,0.0,419.5275,0.0,0.0
2020-01-04,22,0,319_PV_1_PEM,0.0,0.0,0.0,0.0,0.0
2020-01-04,22,0,320_PV_1_PEM,0.0,0.0,0.0,0.0,0.0
2020-01-04,22,0,324_PV_1_PEM,0.0,0.0,0.0,0.0,0.0
2020-01-04,22,0,324_PV_2_PEM,0.0,0.0,0.0,0.0,0.0
2020-01-04,22,0,324_PV_3_PEM,0.0,0.0,0.0,0.0,0.0
2020-01-04,23,0,122_HYDRO_1,3.533,6.1,0.0,88.325,0.0
2020-01-04,23,0,122_HYDRO_2,3.533,6.1,0.0,88.325,0.0
2020-01-04,23,0,122_HYDRO_3,3.533,6.1,0.0,88.325,0.0
2020-01-04,23,0,122_HYDRO_4,3.533,6.1,0.0,88.325,0.0
2020-01-04,23,0,122_HYDRO_5,3.533,6.1,0.0,88.325,0.0
2020-01-04,23,0,122_HYDRO_6,3.533,6.1,0.0,88.325,0.0
2020-01-04,23,0,201_HYDRO_4,3.9,3.9,0.0,97.5,0.0
2020-01-04,23,0,215_HYDRO_1,3.9,3.9,0.0,97.5,0.0
2020-01-04,23,0,215_HYDRO_2,3.9,3.9,0.0,97.5,0.0
2020-01-04,23,0,215_HYDRO_3,3.9,3.9,0.0,97.5,0.0
2020-01-04,23,0,222_HYDRO_1,3.9,3.9,0.0,97.5,0.0
2020-01-04,23,0,222_HYDRO_2,3.9,3.9,0.0,97.5,0.0
2020-01-04,23,0,222_HYDRO_3,3.9,3.9,0.0,97.5,0.0
2020-01-04,23,0,222_HYDRO_4,3.9,3.9,0.0,97.5,0.0
2020-01-04,23,0,222_HYDRO_5,3.9,3.9,0.0,97.5,0.0
2020-01-04,23,0,222_HYDRO_6,3.9,3.9,0.0,97.5,0.0
2020-01-04,23,0,322_HYDRO_1,27.817,24.7,0.0,695.425,0.0
2020-01-04,23,0,322_HYDRO_2,27.817,24.7,0.0,695.425,0.0
2020-01-04,23,0,322_HYDRO_3,27.817,24.7,0.0,695.425,0.0
2020-01-04,23,0,322_HYDRO_4,27.817,24.7,0.0,695.425,0.0
2020-01-04,23,0,320_PV_1,0.0,0.0,0.0,0.0,0.0
2020-01-04,23,0,314_PV_1,0.0,0.0,0.0,0.0,0.0
2020-01-04,23,0,314_PV_2,0.0,0.0,0.0,0.0,0.0
2020-01-04,23,0,313_PV_1,0.0,0.0,0.0,0.0,0.0
2020-01-04,23,0,314_PV_3,0.0,0.0,0.0,0.0,0.0
2020-01-04,23,0,314_PV_4,0.0,0.0,0.0,0.0,0.0
2020-01-04,23,0,313_PV_2,0.0,0.0,0.0,0.0,0.0
2020-01-04,23,0,310_PV_1,0.0,0.0,0.0,0.0,0.0
2020-01-04,23,0,324_PV_1,0.0,0.0,0.0,0.0,0.0
2020-01-04,23,0,312_PV_1,0.0,0.0,0.0,0.0,0.0
2020-01-04,23,0,310_PV_2,0.0,0.0,0.0,0.0,0.0
2020-01-04,23,0,324_PV_2,0.0,0.0,0.0,0.0,0.0
2020-01-04,23,0,324_PV_3,0.0,0.0,0.0,0.0,0.0
2020-01-04,23,0,113_PV_1,0.0,0.0,0.0,0.0,0.0
2020-01-04,23,0,319_PV_1,0.0,0.0,0.0,0.0,0.0
2020-01-04,23,0,215_PV_1,0.0,0.0,0.0,0.0,0.0
2020-01-04,23,0,102_PV_1,0.0,0.0,0.0,0.0,0.0
2020-01-04,23,0,101_PV_1,0.0,0.0,0.0,0.0,0.0
2020-01-04,23,0,102_PV_2,0.0,0.0,0.0,0.0,0.0
2020-01-04,23,0,104_PV_1,0.0,0.0,0.0,0.0,0.0
2020-01-04,23,0,101_PV_2,0.0,0.0,0.0,0.0,0.0
2020-01-04,23,0,101_PV_3,0.0,0.0,0.0,0.0,0.0
2020-01-04,23,0,101_PV_4,0.0,0.0,0.0,0.0,0.0
2020-01-04,23,0,103_PV_1,0.0,0.0,0.0,0.0,0.0
2020-01-04,23,0,119_PV_1,0.0,0.0,0.0,0.0,0.0
2020-01-04,23,0,308_RTPV_1,0.0,0.0,0.0,0.0,0.0
2020-01-04,23,0,313_RTPV_1,0.0,0.0,0.0,0.0,0.0
2020-01-04,23,0,313_RTPV_2,0.0,0.0,0.0,0.0,0.0
2020-01-04,23,0,313_RTPV_3,0.0,0.0,0.0,0.0,0.0
2020-01-04,23,0,313_RTPV_4,0.0,0.0,0.0,0.0,0.0
2020-01-04,23,0,313_RTPV_5,0.0,0.0,0.0,0.0,0.0
2020-01-04,23,0,313_RTPV_6,0.0,0.0,0.0,0.0,0.0
2020-01-04,23,0,313_RTPV_7,0.0,0.0,0.0,0.0,0.0
2020-01-04,23,0,313_RTPV_8,0.0,0.0,0.0,0.0,0.0
2020-01-04,23,0,313_RTPV_9,0.0,0.0,0.0,0.0,0.0
2020-01-04,23,0,313_RTPV_10,0.0,0.0,0.0,0.0,0.0
2020-01-04,23,0,313_RTPV_11,0.0,0.0,0.0,0.0,0.0
2020-01-04,23,0,313_RTPV_12,0.0,0.0,0.0,0.0,0.0
2020-01-04,23,0,320_RTPV_1,0.0,0.0,0.0,0.0,0.0
2020-01-04,23,0,320_RTPV_2,0.0,0.0,0.0,0.0,0.0
2020-01-04,23,0,320_RTPV_3,0.0,0.0,0.0,0.0,0.0
2020-01-04,23,0,313_RTPV_13,0.0,0.0,0.0,0.0,0.0
2020-01-04,23,0,320_RTPV_4,0.0,0.0,0.0,0.0,0.0
2020-01-04,23,0,320_RTPV_5,0.0,0.0,0.0,0.0,0.0
2020-01-04,23,0,118_RTPV_1,0.0,0.0,0.0,0.0,0.0
2020-01-04,23,0,118_RTPV_2,0.0,0.0,0.0,0.0,0.0
2020-01-04,23,0,118_RTPV_3,0.0,0.0,0.0,0.0,0.0
2020-01-04,23,0,118_RTPV_4,0.0,0.0,0.0,0.0,0.0
2020-01-04,23,0,118_RTPV_5,0.0,0.0,0.0,0.0,0.0
2020-01-04,23,0,118_RTPV_6,0.0,0.0,0.0,0.0,0.0
2020-01-04,23,0,320_RTPV_6,0.0,0.0,0.0,0.0,0.0
2020-01-04,23,0,118_RTPV_7,0.0,0.0,0.0,0.0,0.0
2020-01-04,23,0,118_RTPV_8,0.0,0.0,0.0,0.0,0.0
2020-01-04,23,0,118_RTPV_9,0.0,0.0,0.0,0.0,0.0
2020-01-04,23,0,118_RTPV_10,0.0,0.0,0.0,0.0,0.0
2020-01-04,23,0,213_RTPV_1,0.0,0.0,0.0,0.0,0.0
2020-01-04,23,0,309_WIND_1,69.667,71.767,0.0,1741.675,0.0
2020-01-04,23,0,317_WIND_1,366.9725,379.5725,0.0,9174.3125,0.0
2020-01-04,23,0,303_WIND_1,381.925,394.525,0.0,9548.125,0.0
2020-01-04,23,0,122_WIND_1,0.0,202.6125,0.0,0.0,0.0
2020-01-04,23,0,122_WIND_1_PEM,97.775484,12.747548,230.124516,2444.387112,0.0
2020-01-04,23,0,303_WIND_1_PEM,0.0,0.0,444.675,0.0,0.0
2020-01-04,23,0,309_WIND_1_PEM,75.633,0.0,0.0,1890.825,0.0
2020-01-04,23,0,310_PV_2_PEM,0.0,0.0,0.0,0.0,0.0
2020-01-04,23,0,317_WIND_1_PEM,0.0,0.0,419.5275,0.0,0.0
2020-01-04,23,0,319_PV_1_PEM,0.0,0.0,0.0,0.0,0.0
2020-01-04,23,0,320_PV_1_PEM,0.0,0.0,0.0,0.0,0.0
2020-01-04,23,0,324_PV_1_PEM,0.0,0.0,0.0,0.0,0.0
2020-01-04,23,0,324_PV_2_PEM,0.0,0.0,0.0,0.0,0.0
2020-01-04,23,0,324_PV_3_PEM,0.0,0.0,0.0,0.0,0.0
2020-01-05,0,0,122_HYDRO_1,5.867,3.3,0.0,136.259058,0.0
2020-01-05,0,0,122_HYDRO_2,5.867,3.3,0.0,136.259058,0.0
2020-01-05,0,0,122_HYDRO_3,5.867,3.3,0.0,136.259058,0.0
2020-01-05,0,0,122_HYDRO_4,5.867,3.3,0.0,136.259058,0.0
2020-01-05,0,0,122_HYDRO_5,5.867,3.3,0.0,136.259058,0.0
2020-01-05,0,0,122_HYDRO_6,5.867,3.3,0.0,136.259058,0.0
2020-01-05,0,0,201_HYDRO_4,3.9,3.9,0.0,85.190251,0.0
2020-01-05,0,0,215_HYDRO_1,3.9,3.9,0.0,85.190251,0.0
2020-01-05,0,0,215_HYDRO_2,3.9,3.9,0.0,85.190251,0.0
2020-01-05,0,0,215_HYDRO_3,3.9,3.9,0.0,85.190251,0.0
2020-01-05,0,0,222_HYDRO_1,3.9,3.9,0.0,85.190251,0.0
2020-01-05,0,0,222_HYDRO_2,3.9,3.9,0.0,85.190251,0.0
2020-01-05,0,0,222_HYDRO_3,3.9,3.9,0.0,85.190251,0.0
2020-01-05,0,0,222_HYDRO_4,3.9,3.9,0.0,85.190251,0.0
2020-01-05,0,0,222_HYDRO_5,3.9,3.9,0.0,85.190251,0.0
2020-01-05,0,0,222_HYDRO_6,3.9,3.9,0.0,85.190251,0.0
2020-01-05,0,0,322_HYDRO_1,24.575,23.2,0.0,541.147775,0.0
2020-01-05,0,0,322_HYDRO_2,24.575,23.2,0.0,541.147775,0.0
2020-01-05,0,0,322_HYDRO_3,24.575,23.2,0.0,541.147775,0.0
2020-01-05,0,0,322_HYDRO_4,24.575,23.2,0.0,541.147775,0.0
2020-01-05,0,0,320_PV_1,0.0,0.0,0.0,0.0,0.0
2020-01-05,0,0,314_PV_1,0.0,0.0,0.0,0.0,0.0
2020-01-05,0,0,314_PV_2,0.0,0.0,0.0,0.0,0.0
2020-01-05,0,0,313_PV_1,0.0,0.0,0.0,0.0,0.0
2020-01-05,0,0,314_PV_3,0.0,0.0,0.0,0.0,0.0
2020-01-05,0,0,314_PV_4,0.0,0.0,0.0,0.0,0.0
2020-01-05,0,0,313_PV_2,0.0,0.0,0.0,0.0,0.0
2020-01-05,0,0,310_PV_1,0.0,0.0,0.0,0.0,0.0
2020-01-05,0,0,324_PV_1,0.0,0.0,0.0,0.0,0.0
2020-01-05,0,0,312_PV_1,0.0,0.0,0.0,0.0,0.0
2020-01-05,0,0,310_PV_2,0.0,0.0,0.0,0.0,0.0
2020-01-05,0,0,324_PV_2,0.0,0.0,0.0,0.0,0.0
2020-01-05,0,0,324_PV_3,0.0,0.0,0.0,0.0,0.0
2020-01-05,0,0,113_PV_1,0.0,0.0,0.0,0.0,0.0
2020-01-05,0,0,319_PV_1,0.0,0.0,0.0,0.0,0.0
2020-01-05,0,0,215_PV_1,0.0,0.0,0.0,0.0,0.0
2020-01-05,0,0,102_PV_1,0.0,0.0,0.0,0.0,0.0
2020-01-05,0,0,101_PV_1,0.0,0.0,0.0,0.0,0.0
2020-01-05,0,0,102_PV_2,0.0,0.0,0.0,0.0,0.0
2020-01-05,0,0,104_PV_1,0.0,0.0,0.0,0.0,0.0
2020-01-05,0,0,101_PV_2,0.0,0.0,0.0,0.0,0.0
2020-01-05,0,0,101_PV_3,0.0,0.0,0.0,0.0,0.0
2020-01-05,0,0,101_PV_4,0.0,0.0,0.0,0.0,0.0
2020-01-05,0,0,103_PV_1,0.0,0.0,0.0,0.0,0.0
2020-01-05,0,0,119_PV_1,0.0,0.0,0.0,0.0,0.0
2020-01-05,0,0,308_RTPV_1,0.0,0.0,0.0,0.0,0.0
2020-01-05,0,0,313_RTPV_1,0.0,0.0,0.0,0.0,0.0
2020-01-05,0,0,313_RTPV_2,0.0,0.0,0.0,0.0,0.0
2020-01-05,0,0,313_RTPV_3,0.0,0.0,0.0,0.0,0.0
2020-01-05,0,0,313_RTPV_4,0.0,0.0,0.0,0.0,0.0
2020-01-05,0,0,313_RTPV_5,0.0,0.0,0.0,0.0,0.0
2020-01-05,0,0,313_RTPV_6,0.0,0.0,0.0,0.0,0.0
2020-01-05,0,0,313_RTPV_7,0.0,0.0,0.0,0.0,0.0
2020-01-05,0,0,313_RTPV_8,0.0,0.0,0.0,0.0,0.0
2020-01-05,0,0,313_RTPV_9,0.0,0.0,0.0,0.0,0.0
2020-01-05,0,0,313_RTPV_10,0.0,0.0,0.0,0.0,0.0
2020-01-05,0,0,313_RTPV_11,0.0,0.0,0.0,0.0,0.0
2020-01-05,0,0,313_RTPV_12,0.0,0.0,0.0,0.0,0.0
2020-01-05,0,0,320_RTPV_1,0.0,0.0,0.0,0.0,0.0
2020-01-05,0,0,320_RTPV_2,0.0,0.0,0.0,0.0,0.0
2020-01-05,0,0,320_RTPV_3,0.0,0.0,0.0,0.0,0.0
2020-01-05,0,0,313_RTPV_13,0.0,0.0,0.0,0.0,0.0
2020-01-05,0,0,320_RTPV_4,0.0,0.0,0.0,0.0,0.0
2020-01-05,0,0,320_RTPV_5,0.0,0.0,0.0,0.0,0.0
2020-01-05,0,0,118_RTPV_1,0.0,0.0,0.0,0.0,0.0
2020-01-05,0,0,118_RTPV_2,0.0,0.0,0.0,0.0,0.0
2020-01-05,0,0,118_RTPV_3,0.0,0.0,0.0,0.0,0.0
2020-01-05,0,0,118_RTPV_4,0.0,0.0,0.0,0.0,0.0
2020-01-05,0,0,118_RTPV_5,0.0,0.0,0.0,0.0,0.0
2020-01-05,0,0,118_RTPV_6,0.0,0.0,0.0,0.0,0.0
2020-01-05,0,0,320_RTPV_6,0.0,0.0,0.0,0.0,0.0
2020-01-05,0,0,118_RTPV_7,0.0,0.0,0.0,0.0,0.0
2020-01-05,0,0,118_RTPV_8,0.0,0.0,0.0,0.0,0.0
2020-01-05,0,0,118_RTPV_9,0.0,0.0,0.0,0.0,0.0
2020-01-05,0,0,118_RTPV_10,0.0,0.0,0.0,0.0,0.0
2020-01-05,0,0,213_RTPV_1,0.0,0.0,0.0,0.0,0.0
2020-01-05,0,0,309_WIND_1,67.367,71.167,0.0,1459.547331,0.0
2020-01-05,0,0,317_WIND_1,363.7725,379.5725,0.0,7896.250392,0.0
2020-01-05,0,0,303_WIND_1,395.525,391.725,0.0,8651.705399,0.0
2020-01-05,0,0,122_WIND_1,0.0,212.7125,0.0,-671.394229,0.0
2020-01-05,0,0,122_WIND_1_PEM,7.093955,0.0,319.906045,177.348885,0.0
2020-01-05,0,0,303_WIND_1_PEM,0.0,0.0,444.675,0.0,0.0
2020-01-05,0,0,309_WIND_1_PEM,0.0,0.0,75.633,0.0,0.0
2020-01-05,0,0,310_PV_2_PEM,0.0,0.0,0.0,0.0,0.0
2020-01-05,0,0,317_WIND_1_PEM,0.0,0.0,419.5275,0.0,0.0
2020-01-05,0,0,319_PV_1_PEM,0.0,0.0,0.0,0.0,0.0
2020-01-05,0,0,320_PV_1_PEM,0.0,0.0,0.0,0.0,0.0
2020-01-05,0,0,324_PV_1_PEM,0.0,0.0,0.0,0.0,0.0
2020-01-05,0,0,324_PV_2_PEM,0.0,0.0,0.0,0.0,0.0
2020-01-05,0,0,324_PV_3_PEM,0.0,0.0,0.0,0.0,0.0
2020-01-05,1,0,122_HYDRO_1,3.3,3.3,0.0,70.864354,0.0
2020-01-05,1,0,122_HYDRO_2,3.3,3.3,0.0,70.864354,0.0
2020-01-05,1,0,122_HYDRO_3,3.3,3.3,0.0,70.864354,0.0
2020-01-05,1,0,122_HYDRO_4,3.3,3.3,0.0,70.864354,0.0
2020-01-05,1,0,122_HYDRO_5,3.3,3.3,0.0,70.864354,0.0
2020-01-05,1,0,122_HYDRO_6,3.3,3.3,0.0,70.864354,0.0
2020-01-05,1,0,201_HYDRO_4,4.108,6.4,0.0,84.790876,0.0
2020-01-05,1,0,215_HYDRO_1,4.108,6.4,0.0,84.790876,0.0
2020-01-05,1,0,215_HYDRO_2,4.108,6.4,0.0,84.790876,0.0
2020-01-05,1,0,215_HYDRO_3,4.108,6.4,0.0,84.790876,0.0
2020-01-05,1,0,222_HYDRO_1,4.108,6.4,0.0,84.790876,0.0
2020-01-05,1,0,222_HYDRO_2,4.108,6.4,0.0,84.790876,0.0
2020-01-05,1,0,222_HYDRO_3,4.108,6.4,0.0,84.790876,0.0
2020-01-05,1,0,222_HYDRO_4,4.108,6.4,0.0,84.790876,0.0
2020-01-05,1,0,222_HYDRO_5,4.108,6.4,0.0,84.790876,0.0
2020-01-05,1,0,222_HYDRO_6,4.108,6.4,0.0,84.790876,0.0
2020-01-05,1,0,322_HYDRO_1,22.592,15.9,0.0,495.140274,0.0
2020-01-05,1,0,322_HYDRO_2,22.592,15.9,0.0,495.140274,0.0
2020-01-05,1,0,322_HYDRO_3,22.592,15.9,0.0,495.140274,0.0
2020-01-05,1,0,322_HYDRO_4,22.592,15.9,0.0,495.140274,0.0
2020-01-05,1,0,320_PV_1,0.0,0.0,0.0,0.0,0.0
2020-01-05,1,0,314_PV_1,0.0,0.0,0.0,0.0,0.0
2020-01-05,1,0,314_PV_2,0.0,0.0,0.0,0.0,0.0
2020-01-05,1,0,313_PV_1,0.0,0.0,0.0,0.0,0.0
2020-01-05,1,0,314_PV_3,0.0,0.0,0.0,0.0,0.0
2020-01-05,1,0,314_PV_4,0.0,0.0,0.0,0.0,0.0
2020-01-05,1,0,313_PV_2,0.0,0.0,0.0,0.0,0.0
2020-01-05,1,0,310_PV_1,0.0,0.0,0.0,0.0,0.0
2020-01-05,1,0,324_PV_1,0.0,0.0,0.0,0.0,0.0
2020-01-05,1,0,312_PV_1,0.0,0.0,0.0,0.0,0.0
2020-01-05,1,0,310_PV_2,0.0,0.0,0.0,0.0,0.0
2020-01-05,1,0,324_PV_2,0.0,0.0,0.0,0.0,0.0
2020-01-05,1,0,324_PV_3,0.0,0.0,0.0,0.0,0.0
2020-01-05,1,0,113_PV_1,0.0,0.0,0.0,0.0,0.0
2020-01-05,1,0,319_PV_1,0.0,0.0,0.0,0.0,0.0
2020-01-05,1,0,215_PV_1,0.0,0.0,0.0,0.0,0.0
2020-01-05,1,0,102_PV_1,0.0,0.0,0.0,0.0,0.0
2020-01-05,1,0,101_PV_1,0.0,0.0,0.0,0.0,0.0
2020-01-05,1,0,102_PV_2,0.0,0.0,0.0,0.0,0.0
2020-01-05,1,0,104_PV_1,0.0,0.0,0.0,0.0,0.0
2020-01-05,1,0,101_PV_2,0.0,0.0,0.0,0.0,0.0
2020-01-05,1,0,101_PV_3,0.0,0.0,0.0,0.0,0.0
2020-01-05,1,0,101_PV_4,0.0,0.0,0.0,0.0,0.0
2020-01-05,1,0,103_PV_1,0.0,0.0,0.0,0.0,0.0
2020-01-05,1,0,119_PV_1,0.0,0.0,0.0,0.0,0.0
2020-01-05,1,0,308_RTPV_1,0.0,0.0,0.0,0.0,0.0
2020-01-05,1,0,313_RTPV_1,0.0,0.0,0.0,0.0,0.0
2020-01-05,1,0,313_RTPV_2,0.0,0.0,0.0,0.0,0.0
2020-01-05,1,0,313_RTPV_3,0.0,0.0,0.0,0.0,0.0
2020-01-05,1,0,313_RTPV_4,0.0,0.0,0.0,0.0,0.0
2020-01-05,1,0,313_RTPV_5,0.0,0.0,0.0,0.0,0.0
2020-01-05,1,0,313_RTPV_6,0.0,0.0,0.0,0.0,0.0
2020-01-05,1,0,313_RTPV_7,0.0,0.0,0.0,0.0,0.0
2020-01-05,1,0,313_RTPV_8,0.0,0.0,0.0,0.0,0.0
2020-01-05,1,0,313_RTPV_9,0.0,0.0,0.0,0.0,0.0
2020-01-05,1,0,313_RTPV_10,0.0,0.0,0.0,0.0,0.0
2020-01-05,1,0,313_RTPV_11,0.0,0.0,0.0,0.0,0.0
2020-01-05,1,0,313_RTPV_12,0.0,0.0,0.0,0.0,0.0
2020-01-05,1,0,320_RTPV_1,0.0,0.0,0.0,0.0,0.0
2020-01-05,1,0,320_RTPV_2,0.0,0.0,0.0,0.0,0.0
2020-01-05,1,0,320_RTPV_3,0.0,0.0,0.0,0.0,0.0
2020-01-05,1,0,313_RTPV_13,0.0,0.0,0.0,0.0,0.0
2020-01-05,1,0,320_RTPV_4,0.0,0.0,0.0,0.0,0.0
2020-01-05,1,0,320_RTPV_5,0.0,0.0,0.0,0.0,0.0
2020-01-05,1,0,118_RTPV_1,0.0,0.0,0.0,0.0,0.0
2020-01-05,1,0,118_RTPV_2,0.0,0.0,0.0,0.0,0.0
2020-01-05,1,0,118_RTPV_3,0.0,0.0,0.0,0.0,0.0
2020-01-05,1,0,118_RTPV_4,0.0,0.0,0.0,0.0,0.0
2020-01-05,1,0,118_RTPV_5,0.0,0.0,0.0,0.0,0.0
2020-01-05,1,0,118_RTPV_6,0.0,0.0,0.0,0.0,0.0
2020-01-05,1,0,320_RTPV_6,0.0,0.0,0.0,0.0,0.0
2020-01-05,1,0,118_RTPV_7,0.0,0.0,0.0,0.0,0.0
2020-01-05,1,0,118_RTPV_8,0.0,0.0,0.0,0.0,0.0
2020-01-05,1,0,118_RTPV_9,0.0,0.0,0.0,0.0,0.0
2020-01-05,1,0,118_RTPV_10,0.0,0.0,0.0,0.0,0.0
2020-01-05,1,0,213_RTPV_1,0.0,0.0,0.0,0.0,0.0
2020-01-05,1,0,309_WIND_1,70.067,71.367,0.0,1502.67969,0.0
2020-01-05,1,0,317_WIND_1,368.8725,378.8725,0.0,7906.244195,0.0
2020-01-05,1,0,303_WIND_1,389.325,395.225,0.0,8351.568003,0.0
2020-01-05,1,0,122_WIND_1,0.0,252.9125,0.0,-377.88,0.0
2020-01-05,1,0,122_WIND_1_PEM,0.0,0.0,340.8,0.0,0.0
2020-01-05,1,0,303_WIND_1_PEM,0.0,0.0,444.675,0.0,0.0
2020-01-05,1,0,309_WIND_1_PEM,0.0,0.0,75.633,0.0,0.0
2020-01-05,1,0,310_PV_2_PEM,0.0,0.0,0.0,0.0,0.0
2020-01-05,1,0,317_WIND_1_PEM,0.0,0.0,419.5275,0.0,0.0
2020-01-05,1,0,319_PV_1_PEM,0.0,0.0,0.0,0.0,0.0
2020-01-05,1,0,320_PV_1_PEM,0.0,0.0,0.0,0.0,0.0
2020-01-05,1,0,324_PV_1_PEM,0.0,0.0,0.0,0.0,0.0
2020-01-05,1,0,324_PV_2_PEM,0.0,0.0,0.0,0.0,0.0
2020-01-05,1,0,324_PV_3_PEM,0.0,0.0,0.0,0.0,0.0
2020-01-05,2,0,122_HYDRO_1,3.342,3.8,0.0,71.947221,0.0
2020-01-05,2,0,122_HYDRO_2,3.342,3.8,0.0,71.947221,0.0
2020-01-05,2,0,122_HYDRO_3,3.342,3.8,0.0,71.947221,0.0
2020-01-05,2,0,122_HYDRO_4,3.342,3.8,0.0,71.947221,0.0
2020-01-05,2,0,122_HYDRO_5,3.342,3.8,0.0,71.947221,0.0
2020-01-05,2,0,122_HYDRO_6,3.342,3.8,0.0,71.947221,0.0
2020-01-05,2,0,201_HYDRO_4,6.208,4.1,0.0,136.217623,0.0
2020-01-05,2,0,215_HYDRO_1,6.208,4.1,0.0,136.217623,0.0
2020-01-05,2,0,215_HYDRO_2,6.208,4.1,0.0,136.217623,0.0
2020-01-05,2,0,215_HYDRO_3,6.208,4.1,0.0,136.217623,0.0
2020-01-05,2,0,222_HYDRO_1,6.208,4.1,0.0,136.217623,0.0
2020-01-05,2,0,222_HYDRO_2,6.208,4.1,0.0,136.217623,0.0
2020-01-05,2,0,222_HYDRO_3,6.208,4.1,0.0,136.217623,0.0
2020-01-05,2,0,222_HYDRO_4,6.208,4.1,0.0,136.217623,0.0
2020-01-05,2,0,222_HYDRO_5,6.208,4.1,0.0,136.217623,0.0
2020-01-05,2,0,222_HYDRO_6,6.208,4.1,0.0,136.217623,0.0
2020-01-05,2,0,322_HYDRO_1,15.567,11.9,0.0,340.16878,0.0
2020-01-05,2,0,322_HYDRO_2,15.567,11.9,0.0,340.16878,0.0
2020-01-05,2,0,322_HYDRO_3,15.567,11.9,0.0,340.16878,0.0
2020-01-05,2,0,322_HYDRO_4,15.567,11.9,0.0,340.16878,0.0
2020-01-05,2,0,320_PV_1,0.0,0.0,0.0,0.0,0.0
2020-01-05,2,0,314_PV_1,0.0,0.0,0.0,0.0,0.0
2020-01-05,2,0,314_PV_2,0.0,0.0,0.0,0.0,0.0
2020-01-05,2,0,313_PV_1,0.0,0.0,0.0,0.0,0.0
2020-01-05,2,0,314_PV_3,0.0,0.0,0.0,0.0,0.0
2020-01-05,2,0,314_PV_4,0.0,0.0,0.0,0.0,0.0
2020-01-05,2,0,313_PV_2,0.0,0.0,0.0,0.0,0.0
2020-01-05,2,0,310_PV_1,0.0,0.0,0.0,0.0,0.0
2020-01-05,2,0,324_PV_1,0.0,0.0,0.0,0.0,0.0
2020-01-05,2,0,312_PV_1,0.0,0.0,0.0,0.0,0.0
2020-01-05,2,0,310_PV_2,0.0,0.0,0.0,0.0,0.0
2020-01-05,2,0,324_PV_2,0.0,0.0,0.0,0.0,0.0
2020-01-05,2,0,324_PV_3,0.0,0.0,0.0,0.0,0.0
2020-01-05,2,0,113_PV_1,0.0,0.0,0.0,0.0,0.0
2020-01-05,2,0,319_PV_1,0.0,0.0,0.0,0.0,0.0
2020-01-05,2,0,215_PV_1,0.0,0.0,0.0,0.0,0.0
2020-01-05,2,0,102_PV_1,0.0,0.0,0.0,0.0,0.0
2020-01-05,2,0,101_PV_1,0.0,0.0,0.0,0.0,0.0
2020-01-05,2,0,102_PV_2,0.0,0.0,0.0,0.0,0.0
2020-01-05,2,0,104_PV_1,0.0,0.0,0.0,0.0,0.0
2020-01-05,2,0,101_PV_2,0.0,0.0,0.0,0.0,0.0
2020-01-05,2,0,101_PV_3,0.0,0.0,0.0,0.0,0.0
2020-01-05,2,0,101_PV_4,0.0,0.0,0.0,0.0,0.0
2020-01-05,2,0,103_PV_1,0.0,0.0,0.0,0.0,0.0
2020-01-05,2,0,119_PV_1,0.0,0.0,0.0,0.0,0.0
2020-01-05,2,0,308_RTPV_1,0.0,0.0,0.0,0.0,0.0
2020-01-05,2,0,313_RTPV_1,0.0,0.0,0.0,0.0,0.0
2020-01-05,2,0,313_RTPV_2,0.0,0.0,0.0,0.0,0.0
2020-01-05,2,0,313_RTPV_3,0.0,0.0,0.0,0.0,0.0
2020-01-05,2,0,313_RTPV_4,0.0,0.0,0.0,0.0,0.0
2020-01-05,2,0,313_RTPV_5,0.0,0.0,0.0,0.0,0.0
2020-01-05,2,0,313_RTPV_6,0.0,0.0,0.0,0.0,0.0
2020-01-05,2,0,313_RTPV_7,0.0,0.0,0.0,0.0,0.0
2020-01-05,2,0,313_RTPV_8,0.0,0.0,0.0,0.0,0.0
2020-01-05,2,0,313_RTPV_9,0.0,0.0,0.0,0.0,0.0
2020-01-05,2,0,313_RTPV_10,0.0,0.0,0.0,0.0,0.0
2020-01-05,2,0,313_RTPV_11,0.0,0.0,0.0,0.0,0.0
2020-01-05,2,0,313_RTPV_12,0.0,0.0,0.0,0.0,0.0
2020-01-05,2,0,320_RTPV_1,0.0,0.0,0.0,0.0,0.0
2020-01-05,2,0,320_RTPV_2,0.0,0.0,0.0,0.0,0.0
2020-01-05,2,0,320_RTPV_3,0.0,0.0,0.0,0.0,0.0
2020-01-05,2,0,313_RTPV_13,0.0,0.0,0.0,0.0,0.0
2020-01-05,2,0,320_RTPV_4,0.0,0.0,0.0,0.0,0.0
2020-01-05,2,0,320_RTPV_5,0.0,0.0,0.0,0.0,0.0
2020-01-05,2,0,118_RTPV_1,0.0,0.0,0.0,0.0,0.0
2020-01-05,2,0,118_RTPV_2,0.0,0.0,0.0,0.0,0.0
2020-01-05,2,0,118_RTPV_3,0.0,0.0,0.0,0.0,0.0
2020-01-05,2,0,118_RTPV_4,0.0,0.0,0.0,0.0,0.0
2020-01-05,2,0,118_RTPV_5,0.0,0.0,0.0,0.0,0.0
2020-01-05,2,0,118_RTPV_6,0.0,0.0,0.0,0.0,0.0
2020-01-05,2,0,320_RTPV_6,0.0,0.0,0.0,0.0,0.0
2020-01-05,2,0,118_RTPV_7,0.0,0.0,0.0,0.0,0.0
2020-01-05,2,0,118_RTPV_8,0.0,0.0,0.0,0.0,0.0
2020-01-05,2,0,118_RTPV_9,0.0,0.0,0.0,0.0,0.0
2020-01-05,2,0,118_RTPV_10,0.0,0.0,0.0,0.0,0.0
2020-01-05,2,0,213_RTPV_1,0.0,0.0,0.0,0.0,0.0
2020-01-05,2,0,309_WIND_1,69.067,71.967,0.0,1492.591596,0.0
2020-01-05,2,0,317_WIND_1,365.5725,379.4725,0.0,7901.565642,0.0
2020-01-05,2,0,303_WIND_1,387.125,394.125,0.0,8374.112939,0.0
2020-01-05,2,0,122_WIND_1,0.0,227.8125,0.0,-197.925423,0.0
2020-01-05,2,0,122_WIND_1_PEM,0.0,0.0,339.1,0.0,0.0
2020-01-05,2,0,303_WIND_1_PEM,0.0,0.0,444.675,0.0,0.0
2020-01-05,2,0,309_WIND_1_PEM,0.0,0.0,75.633,0.0,0.0
2020-01-05,2,0,310_PV_2_PEM,0.0,0.0,0.0,0.0,0.0
2020-01-05,2,0,317_WIND_1_PEM,0.0,0.0,419.5275,0.0,0.0
2020-01-05,2,0,319_PV_1_PEM,0.0,0.0,0.0,0.0,0.0
2020-01-05,2,0,320_PV_1_PEM,0.0,0.0,0.0,0.0,0.0
2020-01-05,2,0,324_PV_1_PEM,0.0,0.0,0.0,0.0,0.0
2020-01-05,2,0,324_PV_2_PEM,0.0,0.0,0.0,0.0,0.0
2020-01-05,2,0,324_PV_3_PEM,0.0,0.0,0.0,0.0,0.0
2020-01-05,3,0,122_HYDRO_1,3.717,2.8,0.0,81.189134,0.0
2020-01-05,3,0,122_HYDRO_2,3.717,2.8,0.0,81.189134,0.0
2020-01-05,3,0,122_HYDRO_3,3.717,2.8,0.0,81.189134,0.0
2020-01-05,3,0,122_HYDRO_4,3.717,2.8,0.0,81.189134,0.0
2020-01-05,3,0,122_HYDRO_5,3.717,2.8,0.0,81.189134,0.0
2020-01-05,3,0,122_HYDRO_6,3.717,2.8,0.0,81.189134,0.0
2020-01-05,3,0,201_HYDRO_4,4.083,3.9,0.0,87.951956,0.0
2020-01-05,3,0,215_HYDRO_1,4.083,3.9,0.0,87.951956,0.0
2020-01-05,3,0,215_HYDRO_2,4.083,3.9,0.0,87.951956,0.0
2020-01-05,3,0,215_HYDRO_3,4.083,3.9,0.0,87.951956,0.0
2020-01-05,3,0,222_HYDRO_1,4.083,3.9,0.0,87.951956,0.0
2020-01-05,3,0,222_HYDRO_2,4.083,3.9,0.0,87.951956,0.0
2020-01-05,3,0,222_HYDRO_3,4.083,3.9,0.0,87.951956,0.0
2020-01-05,3,0,222_HYDRO_4,4.083,3.9,0.0,87.951956,0.0
2020-01-05,3,0,222_HYDRO_5,4.083,3.9,0.0,87.951956,0.0
2020-01-05,3,0,222_HYDRO_6,4.083,3.9,0.0,87.951956,0.0
2020-01-05,3,0,322_HYDRO_1,12.35,17.3,0.0,257.808616,0.0
2020-01-05,3,0,322_HYDRO_2,12.35,17.3,0.0,257.808616,0.0
2020-01-05,3,0,322_HYDRO_3,12.35,17.3,0.0,257.808616,0.0
2020-01-05,3,0,322_HYDRO_4,12.35,17.3,0.0,257.808616,0.0
2020-01-05,3,0,320_PV_1,0.0,0.0,0.0,0.0,0.0
2020-01-05,3,0,314_PV_1,0.0,0.0,0.0,0.0,0.0
2020-01-05,3,0,314_PV_2,0.0,0.0,0.0,0.0,0.0
2020-01-05,3,0,313_PV_1,0.0,0.0,0.0,0.0,0.0
2020-01-05,3,0,314_PV_3,0.0,0.0,0.0,0.0,0.0
2020-01-05,3,0,314_PV_4,0.0,0.0,0.0,0.0,0.0
2020-01-05,3,0,313_PV_2,0.0,0.0,0.0,0.0,0.0
2020-01-05,3,0,310_PV_1,0.0,0.0,0.0,0.0,0.0
2020-01-05,3,0,324_PV_1,0.0,0.0,0.0,0.0,0.0
2020-01-05,3,0,312_PV_1,0.0,0.0,0.0,0.0,0.0
2020-01-05,3,0,310_PV_2,0.0,0.0,0.0,0.0,0.0
2020-01-05,3,0,324_PV_2,0.0,0.0,0.0,0.0,0.0
2020-01-05,3,0,324_PV_3,0.0,0.0,0.0,0.0,0.0
2020-01-05,3,0,113_PV_1,0.0,0.0,0.0,0.0,0.0
2020-01-05,3,0,319_PV_1,0.0,0.0,0.0,0.0,0.0
2020-01-05,3,0,215_PV_1,0.0,0.0,0.0,0.0,0.0
2020-01-05,3,0,102_PV_1,0.0,0.0,0.0,0.0,0.0
2020-01-05,3,0,101_PV_1,0.0,0.0,0.0,0.0,0.0
2020-01-05,3,0,102_PV_2,0.0,0.0,0.0,0.0,0.0
2020-01-05,3,0,104_PV_1,0.0,0.0,0.0,0.0,0.0
2020-01-05,3,0,101_PV_2,0.0,0.0,0.0,0.0,0.0
2020-01-05,3,0,101_PV_3,0.0,0.0,0.0,0.0,0.0
2020-01-05,3,0,101_PV_4,0.0,0.0,0.0,0.0,0.0
2020-01-05,3,0,103_PV_1,0.0,0.0,0.0,0.0,0.0
2020-01-05,3,0,119_PV_1,0.0,0.0,0.0,0.0,0.0
2020-01-05,3,0,308_RTPV_1,0.0,0.0,0.0,0.0,0.0
2020-01-05,3,0,313_RTPV_1,0.0,0.0,0.0,0.0,0.0
2020-01-05,3,0,313_RTPV_2,0.0,0.0,0.0,0.0,0.0
2020-01-05,3,0,313_RTPV_3,0.0,0.0,0.0,0.0,0.0
2020-01-05,3,0,313_RTPV_4,0.0,0.0,0.0,0.0,0.0
2020-01-05,3,0,313_RTPV_5,0.0,0.0,0.0,0.0,0.0
2020-01-05,3,0,313_RTPV_6,0.0,0.0,0.0,0.0,0.0
2020-01-05,3,0,313_RTPV_7,0.0,0.0,0.0,0.0,0.0
2020-01-05,3,0,313_RTPV_8,0.0,0.0,0.0,0.0,0.0
2020-01-05,3,0,313_RTPV_9,0.0,0.0,0.0,0.0,0.0
2020-01-05,3,0,313_RTPV_10,0.0,0.0,0.0,0.0,0.0
2020-01-05,3,0,313_RTPV_11,0.0,0.0,0.0,0.0,0.0
2020-01-05,3,0,313_RTPV_12,0.0,0.0,0.0,0.0,0.0
2020-01-05,3,0,320_RTPV_1,0.0,0.0,0.0,0.0,0.0
2020-01-05,3,0,320_RTPV_2,0.0,0.0,0.0,0.0,0.0
2020-01-05,3,0,320_RTPV_3,0.0,0.0,0.0,0.0,0.0
2020-01-05,3,0,313_RTPV_13,0.0,0.0,0.0,0.0,0.0
2020-01-05,3,0,320_RTPV_4,0.0,0.0,0.0,0.0,0.0
2020-01-05,3,0,320_RTPV_5,0.0,0.0,0.0,0.0,0.0
2020-01-05,3,0,118_RTPV_1,0.0,0.0,0.0,0.0,0.0
2020-01-05,3,0,118_RTPV_2,0.0,0.0,0.0,0.0,0.0
2020-01-05,3,0,118_RTPV_3,0.0,0.0,0.0,0.0,0.0
2020-01-05,3,0,118_RTPV_4,0.0,0.0,0.0,0.0,0.0
2020-01-05,3,0,118_RTPV_5,0.0,0.0,0.0,0.0,0.0
2020-01-05,3,0,118_RTPV_6,0.0,0.0,0.0,0.0,0.0
2020-01-05,3,0,320_RTPV_6,0.0,0.0,0.0,0.0,0.0
2020-01-05,3,0,118_RTPV_7,0.0,0.0,0.0,0.0,0.0
2020-01-05,3,0,118_RTPV_8,0.0,0.0,0.0,0.0,0.0
2020-01-05,3,0,118_RTPV_9,0.0,0.0,0.0,0.0,0.0
2020-01-05,3,0,118_RTPV_10,0.0,0.0,0.0,0.0,0.0
2020-01-05,3,0,213_RTPV_1,0.0,0.0,0.0,0.0,0.0
2020-01-05,3,0,309_WIND_1,71.567,70.967,0.0,1537.729576,0.0
2020-01-05,3,0,317_WIND_1,363.3725,379.5725,0.0,7778.873433,0.0
2020-01-05,3,0,303_WIND_1,383.125,396.025,0.0,8207.970118,0.0
2020-01-05,3,0,122_WIND_1,0.0,238.5125,0.0,-356.364765,0.0
2020-01-05,3,0,122_WIND_1_PEM,0.0,0.0,370.0,0.0,0.0
2020-01-05,3,0,303_WIND_1_PEM,0.0,0.0,444.675,0.0,0.0
2020-01-05,3,0,309_WIND_1_PEM,0.0,0.0,75.633,0.0,0.0
2020-01-05,3,0,310_PV_2_PEM,0.0,0.0,0.0,0.0,0.0
2020-01-05,3,0,317_WIND_1_PEM,0.0,0.0,419.5275,0.0,0.0
2020-01-05,3,0,319_PV_1_PEM,0.0,0.0,0.0,0.0,0.0
2020-01-05,3,0,320_PV_1_PEM,0.0,0.0,0.0,0.0,0.0
2020-01-05,3,0,324_PV_1_PEM,0.0,0.0,0.0,0.0,0.0
2020-01-05,3,0,324_PV_2_PEM,0.0,0.0,0.0,0.0,0.0
2020-01-05,3,0,324_PV_3_PEM,0.0,0.0,0.0,0.0,0.0
2020-01-05,4,0,122_HYDRO_1,2.8,2.8,0.0,60.612321,0.0
2020-01-05,4,0,122_HYDRO_2,2.8,2.8,0.0,60.612321,0.0
2020-01-05,4,0,122_HYDRO_3,2.8,2.8,0.0,60.612321,0.0
2020-01-05,4,0,122_HYDRO_4,2.8,2.8,0.0,60.612321,0.0
2020-01-05,4,0,122_HYDRO_5,2.8,2.8,0.0,60.612321,0.0
2020-01-05,4,0,122_HYDRO_6,2.8,2.8,0.0,60.612321,0.0
2020-01-05,4,0,201_HYDRO_4,3.9,3.9,0.0,84.424305,0.0
2020-01-05,4,0,215_HYDRO_1,3.9,3.9,0.0,84.424305,0.0
2020-01-05,4,0,215_HYDRO_2,3.9,3.9,0.0,84.424305,0.0
2020-01-05,4,0,215_HYDRO_3,3.9,3.9,0.0,84.424305,0.0
2020-01-05,4,0,222_HYDRO_1,3.9,3.9,0.0,84.424305,0.0
2020-01-05,4,0,222_HYDRO_2,3.9,3.9,0.0,84.424305,0.0
2020-01-05,4,0,222_HYDRO_3,3.9,3.9,0.0,84.424305,0.0
2020-01-05,4,0,222_HYDRO_4,3.9,3.9,0.0,84.424305,0.0
2020-01-05,4,0,222_HYDRO_5,3.9,3.9,0.0,84.424305,0.0
2020-01-05,4,0,222_HYDRO_6,3.9,3.9,0.0,84.424305,0.0
2020-01-05,4,0,322_HYDRO_1,17.5,19.7,0.0,378.827008,0.0
2020-01-05,4,0,322_HYDRO_2,17.5,19.7,0.0,378.827008,0.0
2020-01-05,4,0,322_HYDRO_3,17.5,19.7,0.0,378.827008,0.0
2020-01-05,4,0,322_HYDRO_4,17.5,19.7,0.0,378.827008,0.0
2020-01-05,4,0,320_PV_1,0.0,0.0,0.0,0.0,0.0
2020-01-05,4,0,314_PV_1,0.0,0.0,0.0,0.0,0.0
2020-01-05,4,0,314_PV_2,0.0,0.0,0.0,0.0,0.0
2020-01-05,4,0,313_PV_1,0.0,0.0,0.0,0.0,0.0
2020-01-05,4,0,314_PV_3,0.0,0.0,0.0,0.0,0.0
2020-01-05,4,0,314_PV_4,0.0,0.0,0.0,0.0,0.0
2020-01-05,4,0,313_PV_2,0.0,0.0,0.0,0.0,0.0
2020-01-05,4,0,310_PV_1,0.0,0.0,0.0,0.0,0.0
2020-01-05,4,0,324_PV_1,0.0,0.0,0.0,0.0,0.0
2020-01-05,4,0,312_PV_1,0.0,0.0,0.0,0.0,0.0
2020-01-05,4,0,310_PV_2,0.0,0.0,0.0,0.0,0.0
2020-01-05,4,0,324_PV_2,0.0,0.0,0.0,0.0,0.0
2020-01-05,4,0,324_PV_3,0.0,0.0,0.0,0.0,0.0
2020-01-05,4,0,113_PV_1,0.0,0.0,0.0,0.0,0.0
2020-01-05,4,0,319_PV_1,0.0,0.0,0.0,0.0,0.0
2020-01-05,4,0,215_PV_1,0.0,0.0,0.0,0.0,0.0
2020-01-05,4,0,102_PV_1,0.0,0.0,0.0,0.0,0.0
2020-01-05,4,0,101_PV_1,0.0,0.0,0.0,0.0,0.0
2020-01-05,4,0,102_PV_2,0.0,0.0,0.0,0.0,0.0
2020-01-05,4,0,104_PV_1,0.0,0.0,0.0,0.0,0.0
2020-01-05,4,0,101_PV_2,0.0,0.0,0.0,0.0,0.0
2020-01-05,4,0,101_PV_3,0.0,0.0,0.0,0.0,0.0
2020-01-05,4,0,101_PV_4,0.0,0.0,0.0,0.0,0.0
2020-01-05,4,0,103_PV_1,0.0,0.0,0.0,0.0,0.0
2020-01-05,4,0,119_PV_1,0.0,0.0,0.0,0.0,0.0
2020-01-05,4,0,308_RTPV_1,0.0,0.0,0.0,0.0,0.0
2020-01-05,4,0,313_RTPV_1,0.0,0.0,0.0,0.0,0.0
2020-01-05,4,0,313_RTPV_2,0.0,0.0,0.0,0.0,0.0
2020-01-05,4,0,313_RTPV_3,0.0,0.0,0.0,0.0,0.0
2020-01-05,4,0,313_RTPV_4,0.0,0.0,0.0,0.0,0.0
2020-01-05,4,0,313_RTPV_5,0.0,0.0,0.0,0.0,0.0
2020-01-05,4,0,313_RTPV_6,0.0,0.0,0.0,0.0,0.0
2020-01-05,4,0,313_RTPV_7,0.0,0.0,0.0,0.0,0.0
2020-01-05,4,0,313_RTPV_8,0.0,0.0,0.0,0.0,0.0
2020-01-05,4,0,313_RTPV_9,0.0,0.0,0.0,0.0,0.0
2020-01-05,4,0,313_RTPV_10,0.0,0.0,0.0,0.0,0.0
2020-01-05,4,0,313_RTPV_11,0.0,0.0,0.0,0.0,0.0
2020-01-05,4,0,313_RTPV_12,0.0,0.0,0.0,0.0,0.0
2020-01-05,4,0,320_RTPV_1,0.0,0.0,0.0,0.0,0.0
2020-01-05,4,0,320_RTPV_2,0.0,0.0,0.0,0.0,0.0
2020-01-05,4,0,320_RTPV_3,0.0,0.0,0.0,0.0,0.0
2020-01-05,4,0,313_RTPV_13,0.0,0.0,0.0,0.0,0.0
2020-01-05,4,0,320_RTPV_4,0.0,0.0,0.0,0.0,0.0
2020-01-05,4,0,320_RTPV_5,0.0,0.0,0.0,0.0,0.0
2020-01-05,4,0,118_RTPV_1,0.0,0.0,0.0,0.0,0.0
2020-01-05,4,0,118_RTPV_2,0.0,0.0,0.0,0.0,0.0
2020-01-05,4,0,118_RTPV_3,0.0,0.0,0.0,0.0,0.0
2020-01-05,4,0,118_RTPV_4,0.0,0.0,0.0,0.0,0.0
2020-01-05,4,0,118_RTPV_5,0.0,0.0,0.0,0.0,0.0
2020-01-05,4,0,118_RTPV_6,0.0,0.0,0.0,0.0,0.0
2020-01-05,4,0,320_RTPV_6,0.0,0.0,0.0,0.0,0.0
2020-01-05,4,0,118_RTPV_7,0.0,0.0,0.0,0.0,0.0
2020-01-05,4,0,118_RTPV_8,0.0,0.0,0.0,0.0,0.0
2020-01-05,4,0,118_RTPV_9,0.0,0.0,0.0,0.0,0.0
2020-01-05,4,0,118_RTPV_10,0.0,0.0,0.0,0.0,0.0
2020-01-05,4,0,213_RTPV_1,0.0,0.0,0.0,0.0,0.0
2020-01-05,4,0,309_WIND_1,70.767,71.867,0.0,1531.911479,0.0
2020-01-05,4,0,317_WIND_1,362.6725,377.6725,0.0,7850.865032,0.0
2020-01-05,4,0,303_WIND_1,378.825,395.025,0.0,8200.52236,0.0
2020-01-05,4,0,122_WIND_1,163.1125,224.8125,0.0,3530.938305,0.0
2020-01-05,4,0,122_WIND_1_PEM,0.0,0.0,374.5875,0.0,0.0
2020-01-05,4,0,303_WIND_1_PEM,0.0,0.0,444.675,0.0,0.0
2020-01-05,4,0,309_WIND_1_PEM,0.0,0.0,75.633,0.0,0.0
2020-01-05,4,0,310_PV_2_PEM,0.0,0.0,0.0,0.0,0.0
2020-01-05,4,0,317_WIND_1_PEM,0.0,0.0,419.5275,0.0,0.0
2020-01-05,4,0,319_PV_1_PEM,0.0,0.0,0.0,0.0,0.0
2020-01-05,4,0,320_PV_1_PEM,0.0,0.0,0.0,0.0,0.0
2020-01-05,4,0,324_PV_1_PEM,0.0,0.0,0.0,0.0,0.0
2020-01-05,4,0,324_PV_2_PEM,0.0,0.0,0.0,0.0,0.0
2020-01-05,4,0,324_PV_3_PEM,0.0,0.0,0.0,0.0,0.0
2020-01-05,5,0,122_HYDRO_1,2.8,2.8,0.0,62.97999,0.0
2020-01-05,5,0,122_HYDRO_2,2.8,2.8,0.0,62.97999,0.0
2020-01-05,5,0,122_HYDRO_3,2.8,2.8,0.0,62.97999,0.0
2020-01-05,5,0,122_HYDRO_4,2.8,2.8,0.0,62.97999,0.0
2020-01-05,5,0,122_HYDRO_5,2.8,2.8,0.0,62.97999,0.0
2020-01-05,5,0,122_HYDRO_6,2.8,2.8,0.0,62.97999,0.0
2020-01-05,5,0,201_HYDRO_4,3.9,3.9,0.0,87.722129,0.0
2020-01-05,5,0,215_HYDRO_1,3.9,3.9,0.0,87.722129,0.0
2020-01-05,5,0,215_HYDRO_2,3.9,3.9,0.0,87.722129,0.0
2020-01-05,5,0,215_HYDRO_3,3.9,3.9,0.0,87.722129,0.0
2020-01-05,5,0,222_HYDRO_1,3.9,3.9,0.0,87.722129,0.0
2020-01-05,5,0,222_HYDRO_2,3.9,3.9,0.0,87.722129,0.0
2020-01-05,5,0,222_HYDRO_3,3.9,3.9,0.0,87.722129,0.0
2020-01-05,5,0,222_HYDRO_4,3.9,3.9,0.0,87.722129,0.0
2020-01-05,5,0,222_HYDRO_5,3.9,3.9,0.0,87.722129,0.0
2020-01-05,5,0,222_HYDRO_6,3.9,3.9,0.0,87.722129,0.0
2020-01-05,5,0,322_HYDRO_1,19.725,20.0,0.0,444.002905,0.0
2020-01-05,5,0,322_HYDRO_2,19.725,20.0,0.0,444.002905,0.0
2020-01-05,5,0,322_HYDRO_3,19.725,20.0,0.0,444.002905,0.0
2020-01-05,5,0,322_HYDRO_4,19.725,20.0,0.0,444.002905,0.0
2020-01-05,5,0,320_PV_1,0.0,0.0,0.0,0.0,0.0
2020-01-05,5,0,314_PV_1,0.0,0.0,0.0,0.0,0.0
2020-01-05,5,0,314_PV_2,0.0,0.0,0.0,0.0,0.0
2020-01-05,5,0,313_PV_1,0.0,0.0,0.0,0.0,0.0
2020-01-05,5,0,314_PV_3,0.0,0.0,0.0,0.0,0.0
2020-01-05,5,0,314_PV_4,0.0,0.0,0.0,0.0,0.0
2020-01-05,5,0,313_PV_2,0.0,0.0,0.0,0.0,0.0
2020-01-05,5,0,310_PV_1,0.0,0.0,0.0,0.0,0.0
2020-01-05,5,0,324_PV_1,0.0,0.0,0.0,0.0,0.0
2020-01-05,5,0,312_PV_1,0.0,0.0,0.0,0.0,0.0
2020-01-05,5,0,310_PV_2,0.0,0.0,0.0,0.0,0.0
2020-01-05,5,0,324_PV_2,0.0,0.0,0.0,0.0,0.0
2020-01-05,5,0,324_PV_3,0.0,0.0,0.0,0.0,0.0
2020-01-05,5,0,113_PV_1,0.0,0.0,0.0,0.0,0.0
2020-01-05,5,0,319_PV_1,0.0,0.0,0.0,0.0,0.0
2020-01-05,5,0,215_PV_1,0.0,0.0,0.0,0.0,0.0
2020-01-05,5,0,102_PV_1,0.0,0.0,0.0,0.0,0.0
2020-01-05,5,0,101_PV_1,0.0,0.0,0.0,0.0,0.0
2020-01-05,5,0,102_PV_2,0.0,0.0,0.0,0.0,0.0
2020-01-05,5,0,104_PV_1,0.0,0.0,0.0,0.0,0.0
2020-01-05,5,0,101_PV_2,0.0,0.0,0.0,0.0,0.0
2020-01-05,5,0,101_PV_3,0.0,0.0,0.0,0.0,0.0
2020-01-05,5,0,101_PV_4,0.0,0.0,0.0,0.0,0.0
2020-01-05,5,0,103_PV_1,0.0,0.0,0.0,0.0,0.0
2020-01-05,5,0,119_PV_1,0.0,0.0,0.0,0.0,0.0
2020-01-05,5,0,308_RTPV_1,0.0,0.0,0.0,0.0,0.0
2020-01-05,5,0,313_RTPV_1,0.0,0.0,0.0,0.0,0.0
2020-01-05,5,0,313_RTPV_2,0.0,0.0,0.0,0.0,0.0
2020-01-05,5,0,313_RTPV_3,0.0,0.0,0.0,0.0,0.0
2020-01-05,5,0,313_RTPV_4,0.0,0.0,0.0,0.0,0.0
2020-01-05,5,0,313_RTPV_5,0.0,0.0,0.0,0.0,0.0
2020-01-05,5,0,313_RTPV_6,0.0,0.0,0.0,0.0,0.0
2020-01-05,5,0,313_RTPV_7,0.0,0.0,0.0,0.0,0.0
2020-01-05,5,0,313_RTPV_8,0.0,0.0,0.0,0.0,0.0
2020-01-05,5,0,313_RTPV_9,0.0,0.0,0.0,0.0,0.0
2020-01-05,5,0,313_RTPV_10,0.0,0.0,0.0,0.0,0.0
2020-01-05,5,0,313_RTPV_11,0.0,0.0,0.0,0.0,0.0
2020-01-05,5,0,313_RTPV_12,0.0,0.0,0.0,0.0,0.0
2020-01-05,5,0,320_RTPV_1,0.0,0.0,0.0,0.0,0.0
2020-01-05,5,0,320_RTPV_2,0.0,0.0,0.0,0.0,0.0
2020-01-05,5,0,320_RTPV_3,0.0,0.0,0.0,0.0,0.0
2020-01-05,5,0,313_RTPV_13,0.0,0.0,0.0,0.0,0.0
2020-01-05,5,0,320_RTPV_4,0.0,0.0,0.0,0.0,0.0
2020-01-05,5,0,320_RTPV_5,0.0,0.0,0.0,0.0,0.0
2020-01-05,5,0,118_RTPV_1,0.0,0.0,0.0,0.0,0.0
2020-01-05,5,0,118_RTPV_2,0.0,0.0,0.0,0.0,0.0
2020-01-05,5,0,118_RTPV_3,0.0,0.0,0.0,0.0,0.0
2020-01-05,5,0,118_RTPV_4,0.0,0.0,0.0,0.0,0.0
2020-01-05,5,0,118_RTPV_5,0.0,0.0,0.0,0.0,0.0
2020-01-05,5,0,118_RTPV_6,0.0,0.0,0.0,0.0,0.0
2020-01-05,5,0,320_RTPV_6,0.0,0.0,0.0,0.0,0.0
2020-01-05,5,0,118_RTPV_7,0.0,0.0,0.0,0.0,0.0
2020-01-05,5,0,118_RTPV_8,0.0,0.0,0.0,0.0,0.0
2020-01-05,5,0,118_RTPV_9,0.0,0.0,0.0,0.0,0.0
2020-01-05,5,0,118_RTPV_10,0.0,0.0,0.0,0.0,0.0
2020-01-05,5,0,213_RTPV_1,0.0,0.0,0.0,0.0,0.0
2020-01-05,5,0,309_WIND_1,70.867,71.567,0.0,1594.844538,0.0
2020-01-05,5,0,317_WIND_1,353.1725,348.8725,0.0,7938.675949,0.0
2020-01-05,5,0,303_WIND_1,374.425,389.525,0.0,8440.081821,0.0
2020-01-05,5,0,122_WIND_1,323.5125,255.8125,0.0,7195.14254,0.0
2020-01-05,5,0,122_WIND_1_PEM,0.0,0.0,374.5875,0.0,0.0
2020-01-05,5,0,303_WIND_1_PEM,0.0,0.0,444.675,0.0,0.0
2020-01-05,5,0,309_WIND_1_PEM,0.0,0.0,75.633,0.0,0.0
2020-01-05,5,0,310_PV_2_PEM,0.0,0.0,0.0,0.0,0.0
2020-01-05,5,0,317_WIND_1_PEM,0.0,0.0,419.5275,0.0,0.0
2020-01-05,5,0,319_PV_1_PEM,0.0,0.0,0.0,0.0,0.0
2020-01-05,5,0,320_PV_1_PEM,0.0,0.0,0.0,0.0,0.0
2020-01-05,5,0,324_PV_1_PEM,0.0,0.0,0.0,0.0,0.0
2020-01-05,5,0,324_PV_2_PEM,0.0,0.0,0.0,0.0,0.0
2020-01-05,5,0,324_PV_3_PEM,0.0,0.0,0.0,0.0,0.0
2020-01-05,6,0,122_HYDRO_1,2.842,3.3,0.0,72.664887,0.0
2020-01-05,6,0,122_HYDRO_2,2.842,3.3,0.0,72.664887,0.0
2020-01-05,6,0,122_HYDRO_3,2.842,3.3,0.0,72.664887,0.0
2020-01-05,6,0,122_HYDRO_4,2.842,3.3,0.0,72.664887,0.0
2020-01-05,6,0,122_HYDRO_5,2.842,3.3,0.0,72.664887,0.0
2020-01-05,6,0,122_HYDRO_6,2.842,3.3,0.0,72.664887,0.0
2020-01-05,6,0,201_HYDRO_4,3.9,3.9,0.0,97.5,0.0
2020-01-05,6,0,215_HYDRO_1,3.9,3.9,0.0,97.5,0.0
2020-01-05,6,0,215_HYDRO_2,3.9,3.9,0.0,97.5,0.0
2020-01-05,6,0,215_HYDRO_3,3.9,3.9,0.0,97.5,0.0
2020-01-05,6,0,222_HYDRO_1,3.9,3.9,0.0,97.5,0.0
2020-01-05,6,0,222_HYDRO_2,3.9,3.9,0.0,97.5,0.0
2020-01-05,6,0,222_HYDRO_3,3.9,3.9,0.0,97.5,0.0
2020-01-05,6,0,222_HYDRO_4,3.9,3.9,0.0,97.5,0.0
2020-01-05,6,0,222_HYDRO_5,3.9,3.9,0.0,97.5,0.0
2020-01-05,6,0,222_HYDRO_6,3.9,3.9,0.0,97.5,0.0
2020-01-05,6,0,322_HYDRO_1,19.617,15.4,0.0,475.556055,0.0
2020-01-05,6,0,322_HYDRO_2,19.617,15.4,0.0,475.556055,0.0
2020-01-05,6,0,322_HYDRO_3,19.617,15.4,0.0,475.556055,0.0
2020-01-05,6,0,322_HYDRO_4,19.617,15.4,0.0,475.556055,0.0
2020-01-05,6,0,320_PV_1,0.0,0.0,0.0,0.0,0.0
2020-01-05,6,0,314_PV_1,0.0,0.0,0.0,0.0,0.0
2020-01-05,6,0,314_PV_2,0.0,0.0,0.0,0.0,0.0
2020-01-05,6,0,313_PV_1,0.0,0.0,0.0,0.0,0.0
2020-01-05,6,0,314_PV_3,0.0,0.0,0.0,0.0,0.0
2020-01-05,6,0,314_PV_4,0.0,0.0,0.0,0.0,0.0
2020-01-05,6,0,313_PV_2,0.0,0.0,0.0,0.0,0.0
2020-01-05,6,0,310_PV_1,0.0,0.0,0.0,0.0,0.0
2020-01-05,6,0,324_PV_1,0.0,0.0,0.0,0.0,0.0
2020-01-05,6,0,312_PV_1,0.0,0.0,0.0,0.0,0.0
2020-01-05,6,0,310_PV_2,0.0,0.0,0.0,0.0,0.0
2020-01-05,6,0,324_PV_2,0.0,0.0,0.0,0.0,0.0
2020-01-05,6,0,324_PV_3,0.0,0.0,0.0,0.0,0.0
2020-01-05,6,0,113_PV_1,0.0,0.0,0.0,0.0,0.0
2020-01-05,6,0,319_PV_1,0.0,0.0,0.0,0.0,0.0
2020-01-05,6,0,215_PV_1,0.0,0.0,0.0,0.0,0.0
2020-01-05,6,0,102_PV_1,0.0,0.0,0.0,0.0,0.0
2020-01-05,6,0,101_PV_1,0.0,0.0,0.0,0.0,0.0
2020-01-05,6,0,102_PV_2,0.0,0.0,0.0,0.0,0.0
2020-01-05,6,0,104_PV_1,0.0,0.0,0.0,0.0,0.0
2020-01-05,6,0,101_PV_2,0.0,0.0,0.0,0.0,0.0
2020-01-05,6,0,101_PV_3,0.0,0.0,0.0,0.0,0.0
2020-01-05,6,0,101_PV_4,0.0,0.0,0.0,0.0,0.0
2020-01-05,6,0,103_PV_1,0.0,0.0,0.0,0.0,0.0
2020-01-05,6,0,119_PV_1,0.0,0.0,0.0,0.0,0.0
2020-01-05,6,0,308_RTPV_1,0.0,0.0,0.0,0.0,0.0
2020-01-05,6,0,313_RTPV_1,0.0,0.0,0.0,0.0,0.0
2020-01-05,6,0,313_RTPV_2,0.0,0.0,0.0,0.0,0.0
2020-01-05,6,0,313_RTPV_3,0.0,0.0,0.0,0.0,0.0
2020-01-05,6,0,313_RTPV_4,0.0,0.0,0.0,0.0,0.0
2020-01-05,6,0,313_RTPV_5,0.0,0.0,0.0,0.0,0.0
2020-01-05,6,0,313_RTPV_6,0.0,0.0,0.0,0.0,0.0
2020-01-05,6,0,313_RTPV_7,0.0,0.0,0.0,0.0,0.0
2020-01-05,6,0,313_RTPV_8,0.0,0.0,0.0,0.0,0.0
2020-01-05,6,0,313_RTPV_9,0.0,0.0,0.0,0.0,0.0
2020-01-05,6,0,313_RTPV_10,0.0,0.0,0.0,0.0,0.0
2020-01-05,6,0,313_RTPV_11,0.0,0.0,0.0,0.0,0.0
2020-01-05,6,0,313_RTPV_12,0.0,0.0,0.0,0.0,0.0
2020-01-05,6,0,320_RTPV_1,0.0,0.0,0.0,0.0,0.0
2020-01-05,6,0,320_RTPV_2,0.0,0.0,0.0,0.0,0.0
2020-01-05,6,0,320_RTPV_3,0.0,0.0,0.0,0.0,0.0
2020-01-05,6,0,313_RTPV_13,0.0,0.0,0.0,0.0,0.0
2020-01-05,6,0,320_RTPV_4,0.0,0.0,0.0,0.0,0.0
2020-01-05,6,0,320_RTPV_5,0.0,0.0,0.0,0.0,0.0
2020-01-05,6,0,118_RTPV_1,0.0,0.0,0.0,0.0,0.0
2020-01-05,6,0,118_RTPV_2,0.0,0.0,0.0,0.0,0.0
2020-01-05,6,0,118_RTPV_3,0.0,0.0,0.0,0.0,0.0
2020-01-05,6,0,118_RTPV_4,0.0,0.0,0.0,0.0,0.0
2020-01-05,6,0,118_RTPV_5,0.0,0.0,0.0,0.0,0.0
2020-01-05,6,0,118_RTPV_6,0.0,0.0,0.0,0.0,0.0
2020-01-05,6,0,320_RTPV_6,0.0,0.0,0.0,0.0,0.0
2020-01-05,6,0,118_RTPV_7,0.0,0.0,0.0,0.0,0.0
2020-01-05,6,0,118_RTPV_8,0.0,0.0,0.0,0.0,0.0
2020-01-05,6,0,118_RTPV_9,0.0,0.0,0.0,0.0,0.0
2020-01-05,6,0,118_RTPV_10,0.0,0.0,0.0,0.0,0.0
2020-01-05,6,0,213_RTPV_1,0.0,0.0,0.0,0.0,0.0
2020-01-05,6,0,309_WIND_1,71.767,71.467,0.0,1793.117214,0.0
2020-01-05,6,0,317_WIND_1,368.0725,309.9725,0.0,8996.954619,0.0
2020-01-05,6,0,303_WIND_1,388.025,383.625,0.0,9685.110806,0.0
2020-01-05,6,0,122_WIND_1,321.9125,322.2125,0.0,8048.870286,0.0
2020-01-05,6,0,122_WIND_1_PEM,0.0,16.985575,374.5875,59.890342,0.0
2020-01-05,6,0,303_WIND_1_PEM,0.0,0.0,444.675,0.0,0.0
2020-01-05,6,0,309_WIND_1_PEM,0.0,0.0,75.633,0.0,0.0
2020-01-05,6,0,310_PV_2_PEM,0.0,0.0,0.0,0.0,0.0
2020-01-05,6,0,317_WIND_1_PEM,0.0,0.0,419.5275,0.0,0.0
2020-01-05,6,0,319_PV_1_PEM,0.0,0.0,0.0,0.0,0.0
2020-01-05,6,0,320_PV_1_PEM,0.0,0.0,0.0,0.0,0.0
2020-01-05,6,0,324_PV_1_PEM,0.0,0.0,0.0,0.0,0.0
2020-01-05,6,0,324_PV_2_PEM,0.0,0.0,0.0,0.0,0.0
2020-01-05,6,0,324_PV_3_PEM,0.0,0.0,0.0,0.0,0.0
2020-01-05,7,0,122_HYDRO_1,3.3,3.3,0.0,64.119976,0.0
2020-01-05,7,0,122_HYDRO_2,3.3,3.3,0.0,64.119976,0.0
2020-01-05,7,0,122_HYDRO_3,3.3,3.3,0.0,64.119976,0.0
2020-01-05,7,0,122_HYDRO_4,3.3,3.3,0.0,64.119976,0.0
2020-01-05,7,0,122_HYDRO_5,3.3,3.3,0.0,64.119976,0.0
2020-01-05,7,0,122_HYDRO_6,3.3,3.3,0.0,64.119976,0.0
2020-01-05,7,0,201_HYDRO_4,3.9,3.9,0.0,75.778154,0.0
2020-01-05,7,0,215_HYDRO_1,3.9,3.9,0.0,75.778154,0.0
2020-01-05,7,0,215_HYDRO_2,3.9,3.9,0.0,75.778154,0.0
2020-01-05,7,0,215_HYDRO_3,3.9,3.9,0.0,75.778154,0.0
2020-01-05,7,0,222_HYDRO_1,3.9,3.9,0.0,75.778154,0.0
2020-01-05,7,0,222_HYDRO_2,3.9,3.9,0.0,75.778154,0.0
2020-01-05,7,0,222_HYDRO_3,3.9,3.9,0.0,75.778154,0.0
2020-01-05,7,0,222_HYDRO_4,3.9,3.9,0.0,75.778154,0.0
2020-01-05,7,0,222_HYDRO_5,3.9,3.9,0.0,75.778154,0.0
2020-01-05,7,0,222_HYDRO_6,3.9,3.9,0.0,75.778154,0.0
2020-01-05,7,0,322_HYDRO_1,17.233,37.4,0.0,290.13282,0.0
2020-01-05,7,0,322_HYDRO_2,17.233,37.4,0.0,290.13282,0.0
2020-01-05,7,0,322_HYDRO_3,17.233,37.4,0.0,290.13282,0.0
2020-01-05,7,0,322_HYDRO_4,17.233,37.4,0.0,290.13282,0.0
2020-01-05,7,0,320_PV_1,0.0,0.0,0.0,0.0,0.0
2020-01-05,7,0,314_PV_1,0.0,24.0,0.0,-53.207083,0.0
2020-01-05,7,0,314_PV_2,0.0,23.0,0.0,-50.990121,0.0
2020-01-05,7,0,313_PV_1,0.0,31.2,0.0,-69.169207,0.0
2020-01-05,7,0,314_PV_3,0.0,31.5,0.0,-69.834296,0.0
2020-01-05,7,0,314_PV_4,0.0,22.9,0.0,-50.768425,0.0
2020-01-05,7,0,313_PV_2,0.0,31.4,0.0,-69.6126,0.0
2020-01-05,7,0,310_PV_1,0.0,19.2,0.0,-42.565666,0.0
2020-01-05,7,0,324_PV_1,0.0,1.823,0.0,-4.041521,0.0
2020-01-05,7,0,312_PV_1,0.0,25.9,0.0,-57.41931,0.0
2020-01-05,7,0,310_PV_2,0.0,0.0,0.0,0.0,0.0
2020-01-05,7,0,324_PV_2,0.0,0.0,0.0,0.0,0.0
2020-01-05,7,0,324_PV_3,0.0,0.0,0.0,0.0,0.0
2020-01-05,7,0,113_PV_1,0.0,49.2,0.0,-109.074519,0.0
2020-01-05,7,0,319_PV_1,0.0,19.338,0.0,-42.871607,0.0
2020-01-05,7,0,215_PV_1,9.7,60.8,0.0,75.187123,0.0
2020-01-05,7,0,102_PV_1,4.1,15.0,0.0,55.49933,0.0
2020-01-05,7,0,101_PV_1,4.0,15.4,0.0,52.447819,0.0
2020-01-05,7,0,102_PV_2,3.6,15.3,0.0,44.010612,0.0
2020-01-05,7,0,104_PV_1,5.7,15.0,0.0,90.134942,0.0
2020-01-05,7,0,101_PV_2,4.7,14.8,0.0,68.931077,0.0
2020-01-05,7,0,101_PV_3,4.1,15.0,0.0,55.49933,0.0
2020-01-05,7,0,101_PV_4,1.1,14.8,0.0,-8.999051,0.0
2020-01-05,7,0,103_PV_1,0.0,14.9,0.0,-33.03273,0.0
2020-01-05,7,0,119_PV_1,0.0,13.9,0.0,-30.815769,0.0
2020-01-05,7,0,308_RTPV_1,0.0,12.8,0.0,-28.377111,0.0
2020-01-05,7,0,313_RTPV_1,0.0,13.0,0.0,-28.820503,0.0
2020-01-05,7,0,313_RTPV_2,0.0,9.6,0.0,-21.282833,0.0
2020-01-05,7,0,313_RTPV_3,0.0,8.4,0.0,-18.622479,0.0
2020-01-05,7,0,313_RTPV_4,0.0,8.3,0.0,-18.400783,0.0
2020-01-05,7,0,313_RTPV_5,0.0,9.0,0.0,-19.952656,0.0
2020-01-05,7,0,313_RTPV_6,0.0,9.3,0.0,-20.617744,0.0
2020-01-05,7,0,313_RTPV_7,0.0,9.7,0.0,-21.504529,0.0
2020-01-05,7,0,313_RTPV_8,0.0,8.8,0.0,-19.509264,0.0
2020-01-05,7,0,313_RTPV_9,0.0,9.7,0.0,-21.504529,0.0
2020-01-05,7,0,313_RTPV_10,0.0,9.7,0.0,-21.504529,0.0
2020-01-05,7,0,313_RTPV_11,0.0,10.0,0.0,-22.169618,0.0
2020-01-05,7,0,313_RTPV_12,0.0,4.3,0.0,-9.532936,0.0
2020-01-05,7,0,320_RTPV_1,0.0,4.3,0.0,-9.532936,0.0
2020-01-05,7,0,320_RTPV_2,0.0,4.3,0.0,-9.532936,0.0
2020-01-05,7,0,320_RTPV_3,0.0,4.5,0.0,-9.976328,0.0
2020-01-05,7,0,313_RTPV_13,0.0,4.5,0.0,-9.976328,0.0
2020-01-05,7,0,320_RTPV_4,0.0,4.2,0.0,-9.311239,0.0
2020-01-05,7,0,320_RTPV_5,0.0,4.6,0.0,-10.198024,0.0
2020-01-05,7,0,118_RTPV_1,0.0,1.6,0.0,-3.547139,0.0
2020-01-05,7,0,118_RTPV_2,0.0,1.6,0.0,-3.547139,0.0
2020-01-05,7,0,118_RTPV_3,0.0,1.6,0.0,-3.547139,0.0
2020-01-05,7,0,118_RTPV_4,0.0,1.6,0.0,-3.547139,0.0
2020-01-05,7,0,118_RTPV_5,0.0,1.6,0.0,-3.547139,0.0
2020-01-05,7,0,118_RTPV_6,0.0,1.6,0.0,-3.547139,0.0
2020-01-05,7,0,320_RTPV_6,0.0,1.6,0.0,-3.547139,0.0
2020-01-05,7,0,118_RTPV_7,0.0,1.9,0.0,-4.212227,0.0
2020-01-05,7,0,118_RTPV_8,0.0,1.9,0.0,-4.212227,0.0
2020-01-05,7,0,118_RTPV_9,0.0,1.7,0.0,-3.768835,0.0
2020-01-05,7,0,118_RTPV_10,0.0,0.8,0.0,-1.773569,0.0
2020-01-05,7,0,213_RTPV_1,0.0,2.3,0.0,-5.099012,0.0
2020-01-05,7,0,309_WIND_1,69.167,70.967,0.0,1339.94474,0.0
2020-01-05,7,0,317_WIND_1,363.9725,284.1725,0.0,7249.006898,0.0
2020-01-05,7,0,303_WIND_1,314.225,362.825,0.0,5997.740365,0.0
2020-01-05,7,0,122_WIND_1,328.8125,295.7125,0.0,6462.305582,0.0
2020-01-05,7,0,122_WIND_1_PEM,0.0,0.0,374.5875,0.0,0.0
2020-01-05,7,0,303_WIND_1_PEM,0.0,0.0,444.675,0.0,0.0
2020-01-05,7,0,309_WIND_1_PEM,0.0,0.0,75.633,0.0,0.0
2020-01-05,7,0,310_PV_2_PEM,0.0,0.0,0.0,0.0,0.0
2020-01-05,7,0,317_WIND_1_PEM,0.0,0.0,419.5275,0.0,0.0
2020-01-05,7,0,319_PV_1_PEM,0.0,0.0,0.0,0.0,0.0
2020-01-05,7,0,320_PV_1_PEM,0.0,0.0,0.0,0.0,0.0
2020-01-05,7,0,324_PV_1_PEM,0.0,0.0,0.0,0.0,0.0
2020-01-05,7,0,324_PV_2_PEM,0.0,0.0,0.0,0.0,0.0
2020-01-05,7,0,324_PV_3_PEM,0.0,0.0,0.0,0.0,0.0
2020-01-05,8,0,122_HYDRO_1,3.3,3.3,0.0,0.0,0.0
2020-01-05,8,0,122_HYDRO_2,3.3,3.3,0.0,0.0,0.0
2020-01-05,8,0,122_HYDRO_3,3.3,3.3,0.0,0.0,0.0
2020-01-05,8,0,122_HYDRO_4,3.3,3.3,0.0,0.0,0.0
2020-01-05,8,0,122_HYDRO_5,3.3,3.3,0.0,0.0,0.0
2020-01-05,8,0,122_HYDRO_6,3.3,3.3,0.0,0.0,0.0
2020-01-05,8,0,201_HYDRO_4,3.917,4.1,0.0,0.0,0.0
2020-01-05,8,0,215_HYDRO_1,3.917,4.1,0.0,0.0,0.0
2020-01-05,8,0,215_HYDRO_2,3.917,4.1,0.0,0.0,0.0
2020-01-05,8,0,215_HYDRO_3,3.917,4.1,0.0,0.0,0.0
2020-01-05,8,0,222_HYDRO_1,3.917,4.1,0.0,0.0,0.0
2020-01-05,8,0,222_HYDRO_2,3.917,4.1,0.0,0.0,0.0
2020-01-05,8,0,222_HYDRO_3,3.917,4.1,0.0,0.0,0.0
2020-01-05,8,0,222_HYDRO_4,3.917,4.1,0.0,0.0,0.0
2020-01-05,8,0,222_HYDRO_5,3.917,4.1,0.0,0.0,0.0
2020-01-05,8,0,222_HYDRO_6,3.917,4.1,0.0,0.0,0.0
2020-01-05,8,0,322_HYDRO_1,36.383,25.2,0.0,0.0,0.0
2020-01-05,8,0,322_HYDRO_2,36.383,25.2,0.0,0.0,0.0
2020-01-05,8,0,322_HYDRO_3,36.383,25.2,0.0,0.0,0.0
2020-01-05,8,0,322_HYDRO_4,36.383,25.2,0.0,0.0,0.0
2020-01-05,8,0,320_PV_1,0.0,6.484,0.0,0.0,0.0
2020-01-05,8,0,314_PV_1,25.1,32.6,0.0,0.0,0.0
2020-01-05,8,0,314_PV_2,23.5,33.2,0.0,0.0,0.0
2020-01-05,8,0,313_PV_1,36.1,49.5,0.0,0.0,0.0
2020-01-05,8,0,314_PV_3,35.2,50.2,0.0,0.0,0.0
2020-01-05,8,0,314_PV_4,24.9,33.2,0.0,0.0,0.0
2020-01-05,8,0,313_PV_2,30.6,50.1,0.0,0.0,0.0
2020-01-05,8,0,310_PV_1,24.6,32.1,0.0,0.0,0.0
2020-01-05,8,0,324_PV_1,0.0,11.923,4.123,0.0,0.0
2020-01-05,8,0,312_PV_1,34.6,50.2,0.0,0.0,0.0
2020-01-05,8,0,310_PV_2,0.0,5.684,0.0,0.0,0.0
2020-01-05,8,0,324_PV_2,2.544,11.344,0.0,0.0,0.0
2020-01-05,8,0,324_PV_3,0.0,11.49,2.99,0.0,0.0
2020-01-05,8,0,113_PV_1,51.9,0.0,0.0,0.0,0.0
2020-01-05,8,0,319_PV_1,0.0,53.238,18.938,0.0,0.0
2020-01-05,8,0,215_PV_1,71.2,79.0,0.0,0.0,0.0
2020-01-05,8,0,102_PV_1,17.5,18.6,0.0,0.0,0.0
2020-01-05,8,0,101_PV_1,16.4,18.8,0.0,0.0,0.0
2020-01-05,8,0,102_PV_2,14.4,19.1,0.0,0.0,0.0
2020-01-05,8,0,104_PV_1,17.0,18.8,0.0,0.0,0.0
2020-01-05,8,0,101_PV_2,16.254243,17.5,0.545757,0.0,0.0
2020-01-05,8,0,101_PV_3,16.2,17.8,0.0,0.0,0.0
2020-01-05,8,0,101_PV_4,16.0,17.4,0.0,0.0,0.0
2020-01-05,8,0,103_PV_1,19.9,28.6,0.0,0.0,0.0
2020-01-05,8,0,119_PV_1,17.8,28.4,0.0,0.0,0.0
2020-01-05,8,0,308_RTPV_1,18.2,36.8,0.0,0.0,0.0
2020-01-05,8,0,313_RTPV_1,18.7,36.9,0.0,0.0,0.0
2020-01-05,8,0,313_RTPV_2,12.4,23.8,0.0,0.0,0.0
2020-01-05,8,0,313_RTPV_3,0.4,20.1,0.0,0.0,0.0
2020-01-05,8,0,313_RTPV_4,3.5,22.0,0.0,0.0,0.0
2020-01-05,8,0,313_RTPV_5,10.2,22.8,0.0,0.0,0.0
2020-01-05,8,0,313_RTPV_6,10.3,23.5,0.0,0.0,0.0
2020-01-05,8,0,313_RTPV_7,12.8,23.9,0.0,0.0,0.0
2020-01-05,8,0,313_RTPV_8,11.4,23.3,0.0,0.0,0.0
2020-01-05,8,0,313_RTPV_9,11.1,23.9,0.0,0.0,0.0
2020-01-05,8,0,313_RTPV_10,10.5,24.1,0.0,0.0,0.0
2020-01-05,8,0,313_RTPV_11,11.3,25.1,0.0,0.0,0.0
2020-01-05,8,0,313_RTPV_12,6.2,10.4,0.0,0.0,0.0
2020-01-05,8,0,320_RTPV_1,5.4,10.4,0.0,0.0,0.0
2020-01-05,8,0,320_RTPV_2,5.3,10.4,0.0,0.0,0.0
2020-01-05,8,0,320_RTPV_3,5.3,10.5,0.0,0.0,0.0
2020-01-05,8,0,313_RTPV_13,5.0,10.6,0.0,0.0,0.0
2020-01-05,8,0,320_RTPV_4,5.3,10.4,0.0,0.0,0.0
2020-01-05,8,0,320_RTPV_5,5.2,10.9,0.0,0.0,0.0
2020-01-05,8,0,118_RTPV_1,2.3,3.5,0.0,0.0,0.0
2020-01-05,8,0,118_RTPV_2,2.4,3.5,0.0,0.0,0.0
2020-01-05,8,0,118_RTPV_3,1.7,3.7,0.0,0.0,0.0
2020-01-05,8,0,118_RTPV_4,2.1,3.6,0.0,0.0,0.0
2020-01-05,8,0,118_RTPV_5,1.9,3.6,0.0,0.0,0.0
2020-01-05,8,0,118_RTPV_6,2.3,3.6,0.0,0.0,0.0
2020-01-05,8,0,320_RTPV_6,1.8,3.7,0.0,0.0,0.0
2020-01-05,8,0,118_RTPV_7,1.8,4.3,0.0,0.0,0.0
2020-01-05,8,0,118_RTPV_8,2.2,4.4,0.0,0.0,0.0
2020-01-05,8,0,118_RTPV_9,1.8,4.0,0.0,0.0,0.0
2020-01-05,8,0,118_RTPV_10,1.1,1.8,0.0,0.0,0.0
2020-01-05,8,0,213_RTPV_1,2.6,5.2,0.0,0.0,0.0
2020-01-05,8,0,309_WIND_1,70.667,69.867,0.0,0.0,0.0
2020-01-05,8,0,317_WIND_1,365.0725,129.453037,0.0,0.0,0.0
2020-01-05,8,0,303_WIND_1,339.125,317.125,0.0,0.0,0.0
2020-01-05,8,0,122_WIND_1,325.0125,289.3125,0.0,0.0,0.0
2020-01-05,8,0,122_WIND_1_PEM,0.0,0.0,374.5875,0.0,0.0
2020-01-05,8,0,303_WIND_1_PEM,0.0,0.0,444.675,0.0,0.0
2020-01-05,8,0,309_WIND_1_PEM,0.0,0.0,75.633,0.0,0.0
2020-01-05,8,0,310_PV_2_PEM,0.0,0.0,24.5,0.0,0.0
2020-01-05,8,0,317_WIND_1_PEM,0.0,0.0,419.5275,0.0,0.0
2020-01-05,8,0,319_PV_1_PEM,0.0,0.0,77.162,0.0,0.0
2020-01-05,8,0,320_PV_1_PEM,0.0,0.0,25.1,0.0,0.0
2020-01-05,8,0,324_PV_1_PEM,0.0,0.0,20.377,0.0,0.0
2020-01-05,8,0,324_PV_2_PEM,0.0,0.0,21.156,0.0,0.0
2020-01-05,8,0,324_PV_3_PEM,0.0,0.0,20.91,0.0,0.0
2020-01-05,9,0,122_HYDRO_1,3.342,3.8,0.0,0.0,0.0
2020-01-05,9,0,122_HYDRO_2,3.342,3.8,0.0,0.0,0.0
2020-01-05,9,0,122_HYDRO_3,3.342,3.8,0.0,0.0,0.0
2020-01-05,9,0,122_HYDRO_4,3.342,3.8,0.0,0.0,0.0
2020-01-05,9,0,122_HYDRO_5,3.342,3.8,0.0,0.0,0.0
2020-01-05,9,0,122_HYDRO_6,3.342,3.8,0.0,0.0,0.0
2020-01-05,9,0,201_HYDRO_4,4.083,3.9,0.0,0.0,0.0
2020-01-05,9,0,215_HYDRO_1,4.083,3.9,0.0,0.0,0.0
2020-01-05,9,0,215_HYDRO_2,4.083,3.9,0.0,0.0,0.0
2020-01-05,9,0,215_HYDRO_3,4.083,3.9,0.0,0.0,0.0
2020-01-05,9,0,222_HYDRO_1,4.083,3.9,0.0,0.0,0.0
2020-01-05,9,0,222_HYDRO_2,4.083,3.9,0.0,0.0,0.0
2020-01-05,9,0,222_HYDRO_3,4.083,3.9,0.0,0.0,0.0
2020-01-05,9,0,222_HYDRO_4,4.083,3.9,0.0,0.0,0.0
2020-01-05,9,0,222_HYDRO_5,4.083,3.9,0.0,0.0,0.0
2020-01-05,9,0,222_HYDRO_6,4.083,3.9,0.0,0.0,0.0
2020-01-05,9,0,322_HYDRO_1,25.342,26.9,0.0,0.0,0.0
2020-01-05,9,0,322_HYDRO_2,25.342,26.9,0.0,0.0,0.0
2020-01-05,9,0,322_HYDRO_3,25.342,26.9,0.0,0.0,0.0
2020-01-05,9,0,322_HYDRO_4,25.342,26.9,0.0,0.0,0.0
2020-01-05,9,0,320_PV_1,0.0,8.684,9.284,0.0,0.0
2020-01-05,9,0,314_PV_1,35.3,34.9,0.0,0.0,0.0
2020-01-05,9,0,314_PV_2,0.0,35.4,33.4,0.0,0.0
2020-01-05,9,0,313_PV_1,0.0,61.4,57.1,0.0,0.0
2020-01-05,9,0,314_PV_3,56.6,60.2,0.0,0.0,0.0
2020-01-05,9,0,314_PV_4,0.0,35.4,35.0,0.0,0.0
2020-01-05,9,0,313_PV_2,0.0,62.3,54.9,0.0,0.0
2020-01-05,9,0,310_PV_1,0.0,35.3,36.2,0.0,0.0
2020-01-05,9,0,324_PV_1,0.0,14.123,13.023,0.0,0.0
2020-01-05,9,0,312_PV_1,0.0,62.2,57.0,0.0,0.0
2020-01-05,9,0,310_PV_2,0.0,9.184,7.884,0.0,0.0
2020-01-05,9,0,324_PV_2,0.0,13.544,12.444,0.0,0.0
2020-01-05,9,0,324_PV_3,0.0,13.79,13.69,0.0,0.0
2020-01-05,9,0,113_PV_1,63.7,0.0,0.0,0.0,0.0
2020-01-05,9,0,319_PV_1,0.0,64.738,53.938,0.0,0.0
2020-01-05,9,0,215_PV_1,81.8,84.4,0.0,0.0,0.0
2020-01-05,9,0,102_PV_1,20.4,19.2,0.0,0.0,0.0
2020-01-05,9,0,101_PV_1,0.0,19.4,18.1,0.0,0.0
2020-01-05,9,0,102_PV_2,16.2,19.8,0.0,0.0,0.0
2020-01-05,9,0,104_PV_1,17.5,19.4,0.0,0.0,0.0
2020-01-05,9,0,101_PV_2,10.613496,18.0,7.586504,0.0,0.0
2020-01-05,9,0,101_PV_3,17.4,18.2,0.0,0.0,0.0
2020-01-05,9,0,101_PV_4,17.2,17.9,0.0,0.0,0.0
2020-01-05,9,0,103_PV_1,34.1,38.2,0.0,0.0,0.0
2020-01-05,9,0,119_PV_1,31.8,38.3,0.0,0.0,0.0
2020-01-05,9,0,308_RTPV_1,44.1,55.1,0.0,0.0,0.0
2020-01-05,9,0,313_RTPV_1,46.7,55.2,0.0,0.0,0.0
2020-01-05,9,0,313_RTPV_2,25.9,34.5,0.0,0.0,0.0
2020-01-05,9,0,313_RTPV_3,15.6,31.1,0.0,0.0,0.0
2020-01-05,9,0,313_RTPV_4,17.5,32.9,0.0,0.0,0.0
2020-01-05,9,0,313_RTPV_5,22.0,33.4,0.0,0.0,0.0
2020-01-05,9,0,313_RTPV_6,27.7,34.1,0.0,0.0,0.0
2020-01-05,9,0,313_RTPV_7,27.8,34.6,0.0,0.0,0.0
2020-01-05,9,0,313_RTPV_8,27.2,34.1,0.0,0.0,0.0
2020-01-05,9,0,313_RTPV_9,27.6,34.5,0.0,0.0,0.0
2020-01-05,9,0,313_RTPV_10,28.7,34.5,0.0,0.0,0.0
2020-01-05,9,0,313_RTPV_11,29.6,36.2,0.0,0.0,0.0
2020-01-05,9,0,313_RTPV_12,12.5,14.9,0.0,0.0,0.0
2020-01-05,9,0,320_RTPV_1,11.5,14.9,0.0,0.0,0.0
2020-01-05,9,0,320_RTPV_2,12.4,14.9,0.0,0.0,0.0
2020-01-05,9,0,320_RTPV_3,12.6,14.8,0.0,0.0,0.0
2020-01-05,9,0,313_RTPV_13,11.8,15.0,0.0,0.0,0.0
2020-01-05,9,0,320_RTPV_4,12.9,14.9,0.0,0.0,0.0
2020-01-05,9,0,320_RTPV_5,12.7,15.7,0.0,0.0,0.0
2020-01-05,9,0,118_RTPV_1,4.2,5.0,0.0,0.0,0.0
2020-01-05,9,0,118_RTPV_2,4.4,5.0,0.0,0.0,0.0
2020-01-05,9,0,118_RTPV_3,4.4,5.2,0.0,0.0,0.0
2020-01-05,9,0,118_RTPV_4,4.3,5.1,0.0,0.0,0.0
2020-01-05,9,0,118_RTPV_5,4.1,5.0,0.0,0.0,0.0
2020-01-05,9,0,118_RTPV_6,4.5,5.1,0.0,0.0,0.0
2020-01-05,9,0,320_RTPV_6,4.6,5.1,0.0,0.0,0.0
2020-01-05,9,0,118_RTPV_7,3.6,6.2,0.0,0.0,0.0
2020-01-05,9,0,118_RTPV_8,4.5,6.3,0.0,0.0,0.0
2020-01-05,9,0,118_RTPV_9,4.4,5.7,0.0,0.0,0.0
2020-01-05,9,0,118_RTPV_10,2.2,2.6,0.0,0.0,0.0
2020-01-05,9,0,213_RTPV_1,6.0,7.3,0.0,0.0,0.0
2020-01-05,9,0,309_WIND_1,66.767,70.567,0.0,0.0,0.0
2020-01-05,9,0,317_WIND_1,372.0725,335.4725,0.0,0.0,0.0
2020-01-05,9,0,303_WIND_1,275.425,0.0,0.0,0.0,0.0
2020-01-05,9,0,122_WIND_1,325.3125,143.525525,0.0,0.0,0.0
2020-01-05,9,0,122_WIND_1_PEM,0.0,0.0,374.5875,0.0,0.0
2020-01-05,9,0,303_WIND_1_PEM,0.0,0.0,444.675,0.0,0.0
2020-01-05,9,0,309_WIND_1_PEM,0.0,0.0,75.633,0.0,0.0
2020-01-05,9,0,310_PV_2_PEM,0.0,0.0,26.316,0.0,0.0
2020-01-05,9,0,317_WIND_1_PEM,0.0,0.0,419.5275,0.0,0.0
2020-01-05,9,0,319_PV_1_PEM,0.0,0.0,77.162,0.0,0.0
2020-01-05,9,0,320_PV_1_PEM,0.0,0.0,26.316,0.0,0.0
2020-01-05,9,0,324_PV_1_PEM,0.0,0.0,20.377,0.0,0.0
2020-01-05,9,0,324_PV_2_PEM,0.0,0.0,21.156,0.0,0.0
2020-01-05,9,0,324_PV_3_PEM,0.0,0.0,20.91,0.0,0.0
2020-01-05,10,0,122_HYDRO_1,3.758,3.3,0.0,0.0,0.0
2020-01-05,10,0,122_HYDRO_2,3.758,3.3,0.0,0.0,0.0
2020-01-05,10,0,122_HYDRO_3,3.758,3.3,0.0,0.0,0.0
2020-01-05,10,0,122_HYDRO_4,3.758,3.3,0.0,0.0,0.0
2020-01-05,10,0,122_HYDRO_5,3.758,3.3,0.0,0.0,0.0
2020-01-05,10,0,122_HYDRO_6,3.758,3.3,0.0,0.0,0.0
2020-01-05,10,0,201_HYDRO_4,3.9,3.9,0.0,0.0,0.0
2020-01-05,10,0,215_HYDRO_1,3.9,3.9,0.0,0.0,0.0
2020-01-05,10,0,215_HYDRO_2,3.9,3.9,0.0,0.0,0.0
2020-01-05,10,0,215_HYDRO_3,3.9,3.9,0.0,0.0,0.0
2020-01-05,10,0,222_HYDRO_1,3.9,3.9,0.0,0.0,0.0
2020-01-05,10,0,222_HYDRO_2,3.9,3.9,0.0,0.0,0.0
2020-01-05,10,0,222_HYDRO_3,3.9,3.9,0.0,0.0,0.0
2020-01-05,10,0,222_HYDRO_4,3.9,3.9,0.0,0.0,0.0
2020-01-05,10,0,222_HYDRO_5,3.9,3.9,0.0,0.0,0.0
2020-01-05,10,0,222_HYDRO_6,3.9,3.9,0.0,0.0,0.0
2020-01-05,10,0,322_HYDRO_1,26.958,27.6,0.0,0.0,0.0
2020-01-05,10,0,322_HYDRO_2,26.958,27.6,0.0,0.0,0.0
2020-01-05,10,0,322_HYDRO_3,26.958,27.6,0.0,0.0,0.0
2020-01-05,10,0,322_HYDRO_4,26.958,27.6,0.0,0.0,0.0
2020-01-05,10,0,320_PV_1,8.084,8.484,0.0,0.0,0.0
2020-01-05,10,0,314_PV_1,34.3,34.7,0.0,0.0,0.0
2020-01-05,10,0,314_PV_2,0.0,35.4,31.7,0.0,0.0
2020-01-05,10,0,313_PV_1,0.0,65.0,61.5,0.0,0.0
2020-01-05,10,0,314_PV_3,0.0,65.3,58.7,0.0,0.0
2020-01-05,10,0,314_PV_4,0.0,35.4,35.9,0.0,0.0
2020-01-05,10,0,313_PV_2,0.0,66.3,66.3,0.0,0.0
2020-01-05,10,0,310_PV_1,0.0,35.1,38.4,0.0,0.0
2020-01-05,10,0,324_PV_1,0.0,14.123,11.623,0.0,0.0
2020-01-05,10,0,312_PV_1,0.0,65.8,62.6,0.0,0.0
2020-01-05,10,0,310_PV_2,0.0,8.784,9.984,0.0,0.0
2020-01-05,10,0,324_PV_2,0.0,13.644,11.044,0.0,0.0
2020-01-05,10,0,324_PV_3,0.0,13.79,14.79,0.0,0.0
2020-01-05,10,0,113_PV_1,66.9,0.0,0.0,0.0,0.0
2020-01-05,10,0,319_PV_1,0.0,66.538,62.538,0.0,0.0
2020-01-05,10,0,215_PV_1,87.1,85.4,0.0,0.0,0.0
2020-01-05,10,0,102_PV_1,20.6,19.3,0.0,0.0,0.0
2020-01-05,10,0,101_PV_1,0.0,19.4,18.1,0.0,0.0
2020-01-05,10,0,102_PV_2,15.6,19.8,0.0,0.0,0.0
2020-01-05,10,0,104_PV_1,16.7,19.4,0.0,0.0,0.0
2020-01-05,10,0,101_PV_2,16.611367,18.7,2.088633,0.0,0.0
2020-01-05,10,0,101_PV_3,17.5,18.9,0.0,0.0,0.0
2020-01-05,10,0,101_PV_4,17.4,18.6,0.0,0.0,0.0
2020-01-05,10,0,103_PV_1,41.4,44.7,0.0,0.0,0.0
2020-01-05,10,0,119_PV_1,35.5,44.8,0.0,0.0,0.0
2020-01-05,10,0,308_RTPV_1,60.8,66.2,0.0,0.0,0.0
2020-01-05,10,0,313_RTPV_1,60.7,66.3,0.0,0.0,0.0
2020-01-05,10,0,313_RTPV_2,26.3,42.6,0.0,0.0,0.0
2020-01-05,10,0,313_RTPV_3,25.4,40.1,0.0,0.0,0.0
2020-01-05,10,0,313_RTPV_4,29.5,41.5,0.0,0.0,0.0
2020-01-05,10,0,313_RTPV_5,37.6,41.8,0.0,0.0,0.0
2020-01-05,10,0,313_RTPV_6,35.8,40.7,0.0,0.0,0.0
2020-01-05,10,0,313_RTPV_7,35.6,41.6,0.0,0.0,0.0
2020-01-05,10,0,313_RTPV_8,37.5,40.8,0.0,0.0,0.0
2020-01-05,10,0,313_RTPV_9,36.9,41.5,0.0,0.0,0.0
2020-01-05,10,0,313_RTPV_10,37.8,42.2,0.0,0.0,0.0
2020-01-05,10,0,313_RTPV_11,38.8,44.2,0.0,0.0,0.0
2020-01-05,10,0,313_RTPV_12,15.4,17.7,0.0,0.0,0.0
2020-01-05,10,0,320_RTPV_1,15.0,17.7,0.0,0.0,0.0
2020-01-05,10,0,320_RTPV_2,17.0,17.7,0.0,0.0,0.0
2020-01-05,10,0,320_RTPV_3,15.5,17.7,0.0,0.0,0.0
2020-01-05,10,0,313_RTPV_13,16.1,17.5,0.0,0.0,0.0
2020-01-05,10,0,320_RTPV_4,16.0,18.1,0.0,0.0,0.0
2020-01-05,10,0,320_RTPV_5,16.7,18.2,0.0,0.0,0.0
2020-01-05,10,0,118_RTPV_1,4.8,5.9,0.0,0.0,0.0
2020-01-05,10,0,118_RTPV_2,5.6,5.9,0.0,0.0,0.0
2020-01-05,10,0,118_RTPV_3,5.6,6.0,0.0,0.0,0.0
2020-01-05,10,0,118_RTPV_4,5.6,6.0,0.0,0.0,0.0
2020-01-05,10,0,118_RTPV_5,5.3,5.8,0.0,0.0,0.0
2020-01-05,10,0,118_RTPV_6,5.2,6.1,0.0,0.0,0.0
2020-01-05,10,0,320_RTPV_6,5.7,5.9,0.0,0.0,0.0
2020-01-05,10,0,118_RTPV_7,5.9,7.3,0.0,0.0,0.0
2020-01-05,10,0,118_RTPV_8,5.9,7.4,0.0,0.0,0.0
2020-01-05,10,0,118_RTPV_9,4.8,6.8,0.0,0.0,0.0
2020-01-05,10,0,118_RTPV_10,2.9,3.0,0.0,0.0,0.0
2020-01-05,10,0,213_RTPV_1,7.8,8.5,0.0,0.0,0.0
2020-01-05,10,0,309_WIND_1,70.167,64.667,0.0,0.0,0.0
2020-01-05,10,0,317_WIND_1,365.6725,32.067787,0.0,0.0,0.0
2020-01-05,10,0,303_WIND_1,148.225,0.0,0.0,0.0,0.0
2020-01-05,10,0,122_WIND_1,331.0125,273.8125,0.0,0.0,0.0
2020-01-05,10,0,122_WIND_1_PEM,0.0,0.0,374.5875,0.0,0.0
2020-01-05,10,0,303_WIND_1_PEM,0.0,0.0,444.675,0.0,0.0
2020-01-05,10,0,309_WIND_1_PEM,0.0,0.0,75.633,0.0,0.0
2020-01-05,10,0,310_PV_2_PEM,0.0,0.0,26.316,0.0,0.0
2020-01-05,10,0,317_WIND_1_PEM,0.0,0.0,419.5275,0.0,0.0
2020-01-05,10,0,319_PV_1_PEM,0.0,0.0,77.162,0.0,0.0
2020-01-05,10,0,320_PV_1_PEM,0.0,0.0,26.316,0.0,0.0
2020-01-05,10,0,324_PV_1_PEM,0.0,0.0,20.377,0.0,0.0
2020-01-05,10,0,324_PV_2_PEM,0.0,0.0,21.156,0.0,0.0
2020-01-05,10,0,324_PV_3_PEM,0.0,0.0,20.91,0.0,0.0
2020-01-05,11,0,122_HYDRO_1,3.342,3.8,0.0,0.0,0.0
2020-01-05,11,0,122_HYDRO_2,3.342,3.8,0.0,0.0,0.0
2020-01-05,11,0,122_HYDRO_3,3.342,3.8,0.0,0.0,0.0
2020-01-05,11,0,122_HYDRO_4,3.342,3.8,0.0,0.0,0.0
2020-01-05,11,0,122_HYDRO_5,3.342,3.8,0.0,0.0,0.0
2020-01-05,11,0,122_HYDRO_6,3.342,3.8,0.0,0.0,0.0
2020-01-05,11,0,201_HYDRO_4,3.9,3.9,0.0,0.0,0.0
2020-01-05,11,0,215_HYDRO_1,3.9,3.9,0.0,0.0,0.0
2020-01-05,11,0,215_HYDRO_2,3.9,3.9,0.0,0.0,0.0
2020-01-05,11,0,215_HYDRO_3,3.9,3.9,0.0,0.0,0.0
2020-01-05,11,0,222_HYDRO_1,3.9,3.9,0.0,0.0,0.0
2020-01-05,11,0,222_HYDRO_2,3.9,3.9,0.0,0.0,0.0
2020-01-05,11,0,222_HYDRO_3,3.9,3.9,0.0,0.0,0.0
2020-01-05,11,0,222_HYDRO_4,3.9,3.9,0.0,0.0,0.0
2020-01-05,11,0,222_HYDRO_5,3.9,3.9,0.0,0.0,0.0
2020-01-05,11,0,222_HYDRO_6,3.9,3.9,0.0,0.0,0.0
2020-01-05,11,0,322_HYDRO_1,27.892,31.1,0.0,0.0,0.0
2020-01-05,11,0,322_HYDRO_2,27.892,31.1,0.0,0.0,0.0
2020-01-05,11,0,322_HYDRO_3,27.892,31.1,0.0,0.0,0.0
2020-01-05,11,0,322_HYDRO_4,27.892,31.1,0.0,0.0,0.0
2020-01-05,11,0,320_PV_1,0.0,0.0,7.584,0.0,0.0
2020-01-05,11,0,314_PV_1,34.0,35.1,0.0,0.0,0.0
2020-01-05,11,0,314_PV_2,0.0,35.7,35.1,0.0,0.0
2020-01-05,11,0,313_PV_1,0.0,64.0,64.1,0.0,0.0
2020-01-05,11,0,314_PV_3,0.0,67.2,63.9,0.0,0.0
2020-01-05,11,0,314_PV_4,0.0,35.7,36.2,0.0,0.0
2020-01-05,11,0,313_PV_2,0.0,39.440017,72.2,0.0,0.0
2020-01-05,11,0,310_PV_1,0.0,0.0,38.0,0.0,0.0
2020-01-05,11,0,324_PV_1,0.0,14.423,10.523,0.0,0.0
2020-01-05,11,0,312_PV_1,0.0,64.8,67.3,0.0,0.0
2020-01-05,11,0,310_PV_2,0.0,0.0,7.984,0.0,0.0
2020-01-05,11,0,324_PV_2,0.0,13.944,13.044,0.0,0.0
2020-01-05,11,0,324_PV_3,0.0,14.09,15.09,0.0,0.0
2020-01-05,11,0,113_PV_1,67.8,0.0,0.0,0.0,0.0
2020-01-05,11,0,319_PV_1,0.0,64.038,63.338,0.0,0.0
2020-01-05,11,0,215_PV_1,88.0,85.4,0.0,0.0,0.0
2020-01-05,11,0,102_PV_1,19.3,18.8,0.0,0.0,0.0
2020-01-05,11,0,101_PV_1,0.0,0.0,19.3,0.0,0.0
2020-01-05,11,0,102_PV_2,15.3,19.3,0.0,0.0,0.0
2020-01-05,11,0,104_PV_1,0.0,18.9,16.5,0.0,0.0
2020-01-05,11,0,101_PV_2,15.536117,0.0,4.063883,0.0,0.0
2020-01-05,11,0,101_PV_3,18.1,0.0,0.0,0.0,0.0
2020-01-05,11,0,101_PV_4,19.1,0.0,0.0,0.0,0.0
2020-01-05,11,0,103_PV_1,46.8,0.0,0.0,0.0,0.0
2020-01-05,11,0,119_PV_1,41.3,48.0,0.0,0.0,0.0
2020-01-05,11,0,308_RTPV_1,55.1,69.3,0.0,0.0,0.0
2020-01-05,11,0,313_RTPV_1,70.3,69.3,0.0,0.0,0.0
2020-01-05,11,0,313_RTPV_2,28.5,45.4,0.0,0.0,0.0
2020-01-05,11,0,313_RTPV_3,33.7,44.3,0.0,0.0,0.0
2020-01-05,11,0,313_RTPV_4,41.8,45.2,0.0,0.0,0.0
2020-01-05,11,0,313_RTPV_5,32.1,44.7,0.0,0.0,0.0
2020-01-05,11,0,313_RTPV_6,40.9,45.0,0.0,0.0,0.0
2020-01-05,11,0,313_RTPV_7,36.2,44.0,0.0,0.0,0.0
2020-01-05,11,0,313_RTPV_8,42.8,45.1,0.0,0.0,0.0
2020-01-05,11,0,313_RTPV_9,41.3,44.0,0.0,0.0,0.0
2020-01-05,11,0,313_RTPV_10,44.9,45.0,0.0,0.0,0.0
2020-01-05,11,0,313_RTPV_11,43.9,47.3,0.0,0.0,0.0
2020-01-05,11,0,313_RTPV_12,18.1,18.4,0.0,0.0,0.0
2020-01-05,11,0,320_RTPV_1,17.6,18.4,0.0,0.0,0.0
2020-01-05,11,0,320_RTPV_2,17.8,18.4,0.0,0.0,0.0
2020-01-05,11,0,320_RTPV_3,17.9,18.4,0.0,0.0,0.0
2020-01-05,11,0,313_RTPV_13,17.8,19.5,0.0,0.0,0.0
2020-01-05,11,0,320_RTPV_4,18.2,19.3,0.0,0.0,0.0
2020-01-05,11,0,320_RTPV_5,18.0,20.3,0.0,0.0,0.0
2020-01-05,11,0,118_RTPV_1,5.7,6.3,0.0,0.0,0.0
2020-01-05,11,0,118_RTPV_2,6.3,6.3,0.0,0.0,0.0
2020-01-05,11,0,118_RTPV_3,6.1,6.5,0.0,0.0,0.0
2020-01-05,11,0,118_RTPV_4,6.7,6.5,0.0,0.0,0.0
2020-01-05,11,0,118_RTPV_5,5.4,6.2,0.0,0.0,0.0
2020-01-05,11,0,118_RTPV_6,5.9,6.6,0.0,0.0,0.0
2020-01-05,11,0,320_RTPV_6,6.3,6.4,0.0,0.0,0.0
2020-01-05,11,0,118_RTPV_7,4.9,7.8,0.0,0.0,0.0
2020-01-05,11,0,118_RTPV_8,6.8,7.9,0.0,0.0,0.0
2020-01-05,11,0,118_RTPV_9,5.6,7.2,0.0,0.0,0.0
2020-01-05,11,0,118_RTPV_10,3.5,3.2,0.0,0.0,0.0
2020-01-05,11,0,213_RTPV_1,8.9,8.9,0.0,0.0,0.0
2020-01-05,11,0,309_WIND_1,69.067,0.0,0.0,0.0,0.0
2020-01-05,11,0,317_WIND_1,356.8725,208.7725,0.0,0.0,0.0
2020-01-05,11,0,303_WIND_1,109.925,0.0,0.0,0.0,0.0
2020-01-05,11,0,122_WIND_1,321.4125,254.1125,0.0,0.0,0.0
2020-01-05,11,0,122_WIND_1_PEM,0.0,0.0,374.5875,0.0,0.0
2020-01-05,11,0,303_WIND_1_PEM,0.0,0.0,444.675,0.0,0.0
2020-01-05,11,0,309_WIND_1_PEM,0.0,0.0,75.633,0.0,0.0
2020-01-05,11,0,310_PV_2_PEM,0.0,0.0,26.316,0.0,0.0
2020-01-05,11,0,317_WIND_1_PEM,0.0,0.0,419.5275,0.0,0.0
2020-01-05,11,0,319_PV_1_PEM,0.0,0.0,77.162,0.0,0.0
2020-01-05,11,0,320_PV_1_PEM,0.0,0.0,26.316,0.0,0.0
2020-01-05,11,0,324_PV_1_PEM,0.0,0.0,20.377,0.0,0.0
2020-01-05,11,0,324_PV_2_PEM,0.0,0.0,21.156,0.0,0.0
2020-01-05,11,0,324_PV_3_PEM,0.0,0.0,20.91,0.0,0.0
2020-01-05,12,0,122_HYDRO_1,3.8,3.8,0.0,0.0,0.0
2020-01-05,12,0,122_HYDRO_2,3.8,3.8,0.0,0.0,0.0
2020-01-05,12,0,122_HYDRO_3,3.8,3.8,0.0,0.0,0.0
2020-01-05,12,0,122_HYDRO_4,3.8,3.8,0.0,0.0,0.0
2020-01-05,12,0,122_HYDRO_5,3.8,3.8,0.0,0.0,0.0
2020-01-05,12,0,122_HYDRO_6,3.8,3.8,0.0,0.0,0.0
2020-01-05,12,0,201_HYDRO_4,3.9,3.9,0.0,0.0,0.0
2020-01-05,12,0,215_HYDRO_1,3.9,3.9,0.0,0.0,0.0
2020-01-05,12,0,215_HYDRO_2,3.9,3.9,0.0,0.0,0.0
2020-01-05,12,0,215_HYDRO_3,3.9,3.9,0.0,0.0,0.0
2020-01-05,12,0,222_HYDRO_1,3.9,3.9,0.0,0.0,0.0
2020-01-05,12,0,222_HYDRO_2,3.9,3.9,0.0,0.0,0.0
2020-01-05,12,0,222_HYDRO_3,3.9,3.9,0.0,0.0,0.0
2020-01-05,12,0,222_HYDRO_4,3.9,3.9,0.0,0.0,0.0
2020-01-05,12,0,222_HYDRO_5,3.9,3.9,0.0,0.0,0.0
2020-01-05,12,0,222_HYDRO_6,3.9,3.9,0.0,0.0,0.0
2020-01-05,12,0,322_HYDRO_1,31.775,39.2,0.0,0.0,0.0
2020-01-05,12,0,322_HYDRO_2,31.775,39.2,0.0,0.0,0.0
2020-01-05,12,0,322_HYDRO_3,31.775,39.2,0.0,0.0,0.0
2020-01-05,12,0,322_HYDRO_4,31.775,39.2,0.0,0.0,0.0
2020-01-05,12,0,320_PV_1,6.784,0.0,0.0,0.0,0.0
2020-01-05,12,0,314_PV_1,34.1,34.1,0.0,0.0,0.0
2020-01-05,12,0,314_PV_2,0.0,34.6,34.9,0.0,0.0
2020-01-05,12,0,313_PV_1,61.4,65.2,0.0,0.0,0.0
2020-01-05,12,0,314_PV_3,69.0,66.1,0.0,0.0,0.0
2020-01-05,12,0,314_PV_4,0.0,34.6,36.5,0.0,0.0
2020-01-05,12,0,313_PV_2,70.6,66.2,0.0,0.0,0.0
2020-01-05,12,0,310_PV_1,35.1,34.2,0.0,0.0,0.0
2020-01-05,12,0,324_PV_1,0.0,13.323,10.123,0.0,0.0
2020-01-05,12,0,312_PV_1,0.0,38.929135,64.1,0.0,0.0
2020-01-05,12,0,310_PV_2,7.584,7.784,0.0,0.0,0.0
2020-01-05,12,0,324_PV_2,0.0,12.844,13.544,0.0,0.0
2020-01-05,12,0,324_PV_3,0.0,13.09,15.29,0.0,0.0
2020-01-05,12,0,113_PV_1,61.7,0.0,0.0,0.0,0.0
2020-01-05,12,0,319_PV_1,0.0,59.938,62.438,0.0,0.0
2020-01-05,12,0,215_PV_1,86.4,83.5,0.0,0.0,0.0
2020-01-05,12,0,102_PV_1,17.8,0.0,0.0,0.0,0.0
2020-01-05,12,0,101_PV_1,19.0,18.5,0.0,0.0,0.0
2020-01-05,12,0,102_PV_2,14.3,0.0,0.0,0.0,0.0
2020-01-05,12,0,104_PV_1,16.3,18.5,0.0,0.0,0.0
2020-01-05,12,0,101_PV_2,17.468623,18.2,1.231377,0.0,0.0
2020-01-05,12,0,101_PV_3,16.8,18.5,0.0,0.0,0.0
2020-01-05,12,0,101_PV_4,18.2,18.1,0.0,0.0,0.0
2020-01-05,12,0,103_PV_1,46.7,45.3,0.0,0.0,0.0
2020-01-05,12,0,119_PV_1,45.1,0.0,0.0,0.0,0.0
2020-01-05,12,0,308_RTPV_1,76.1,69.8,0.0,0.0,0.0
2020-01-05,12,0,313_RTPV_1,66.5,69.8,0.0,0.0,0.0
2020-01-05,12,0,313_RTPV_2,36.1,45.2,0.0,0.0,0.0
2020-01-05,12,0,313_RTPV_3,22.6,43.7,0.0,0.0,0.0
2020-01-05,12,0,313_RTPV_4,38.0,44.5,0.0,0.0,0.0
2020-01-05,12,0,313_RTPV_5,48.7,44.3,0.0,0.0,0.0
2020-01-05,12,0,313_RTPV_6,43.1,45.2,0.0,0.0,0.0
2020-01-05,12,0,313_RTPV_7,44.0,41.9,0.0,0.0,0.0
2020-01-05,12,0,313_RTPV_8,46.8,45.3,0.0,0.0,0.0
2020-01-05,12,0,313_RTPV_9,42.2,41.9,0.0,0.0,0.0
2020-01-05,12,0,313_RTPV_10,45.7,43.9,0.0,0.0,0.0
2020-01-05,12,0,313_RTPV_11,43.6,46.1,0.0,0.0,0.0
2020-01-05,12,0,313_RTPV_12,18.4,18.8,0.0,0.0,0.0
2020-01-05,12,0,320_RTPV_1,18.1,18.8,0.0,0.0,0.0
2020-01-05,12,0,320_RTPV_2,19.2,18.8,0.0,0.0,0.0
2020-01-05,12,0,320_RTPV_3,18.0,18.8,0.0,0.0,0.0
2020-01-05,12,0,313_RTPV_13,19.7,18.9,0.0,0.0,0.0
2020-01-05,12,0,320_RTPV_4,19.4,18.8,0.0,0.0,0.0
2020-01-05,12,0,320_RTPV_5,19.2,19.6,0.0,0.0,0.0
2020-01-05,12,0,118_RTPV_1,5.6,6.2,0.0,0.0,0.0
2020-01-05,12,0,118_RTPV_2,6.6,6.2,0.0,0.0,0.0
2020-01-05,12,0,118_RTPV_3,6.3,6.4,0.0,0.0,0.0
2020-01-05,12,0,118_RTPV_4,7.1,6.4,0.0,0.0,0.0
2020-01-05,12,0,118_RTPV_5,5.6,6.2,0.0,0.0,0.0
2020-01-05,12,0,118_RTPV_6,6.6,6.5,0.0,0.0,0.0
2020-01-05,12,0,320_RTPV_6,6.5,6.3,0.0,0.0,0.0
2020-01-05,12,0,118_RTPV_7,4.8,7.7,0.0,0.0,0.0
2020-01-05,12,0,118_RTPV_8,7.7,7.8,0.0,0.0,0.0
2020-01-05,12,0,118_RTPV_9,5.2,7.0,0.0,0.0,0.0
2020-01-05,12,0,118_RTPV_10,3.0,3.2,0.0,0.0,0.0
2020-01-05,12,0,213_RTPV_1,8.8,8.7,0.0,0.0,0.0
2020-01-05,12,0,309_WIND_1,61.167,0.0,0.0,0.0,0.0
2020-01-05,12,0,317_WIND_1,0.0,141.8725,358.1725,0.0,0.0
2020-01-05,12,0,303_WIND_1,131.925,0.0,0.0,0.0,0.0
2020-01-05,12,0,122_WIND_1,321.2125,216.2125,0.0,0.0,0.0
2020-01-05,12,0,122_WIND_1_PEM,0.0,0.0,374.5875,0.0,0.0
2020-01-05,12,0,303_WIND_1_PEM,0.0,0.0,444.675,0.0,0.0
2020-01-05,12,0,309_WIND_1_PEM,0.0,0.0,75.633,0.0,0.0
2020-01-05,12,0,310_PV_2_PEM,0.0,0.0,26.316,0.0,0.0
2020-01-05,12,0,317_WIND_1_PEM,0.0,0.0,419.5275,0.0,0.0
2020-01-05,12,0,319_PV_1_PEM,0.0,0.0,77.162,0.0,0.0
2020-01-05,12,0,320_PV_1_PEM,0.0,0.0,26.316,0.0,0.0
2020-01-05,12,0,324_PV_1_PEM,0.0,0.0,20.377,0.0,0.0
2020-01-05,12,0,324_PV_2_PEM,0.0,0.0,21.156,0.0,0.0
2020-01-05,12,0,324_PV_3_PEM,0.0,0.0,20.91,0.0,0.0
2020-01-05,13,0,122_HYDRO_1,3.833,4.2,0.0,82.678422,0.0
2020-01-05,13,0,122_HYDRO_2,3.833,4.2,0.0,82.678422,0.0
2020-01-05,13,0,122_HYDRO_3,3.833,4.2,0.0,82.678422,0.0
2020-01-05,13,0,122_HYDRO_4,3.833,4.2,0.0,82.678422,0.0
2020-01-05,13,0,122_HYDRO_5,3.833,4.2,0.0,82.678422,0.0
2020-01-05,13,0,122_HYDRO_6,3.833,4.2,0.0,82.678422,0.0
2020-01-05,13,0,201_HYDRO_4,3.9,3.9,0.0,76.77282,0.0
2020-01-05,13,0,215_HYDRO_1,3.9,3.9,0.0,76.77282,0.0
2020-01-05,13,0,215_HYDRO_2,3.9,3.9,0.0,76.77282,0.0
2020-01-05,13,0,215_HYDRO_3,3.9,3.9,0.0,76.77282,0.0
2020-01-05,13,0,222_HYDRO_1,3.9,3.9,0.0,76.77282,0.0
2020-01-05,13,0,222_HYDRO_2,3.9,3.9,0.0,76.77282,0.0
2020-01-05,13,0,222_HYDRO_3,3.9,3.9,0.0,76.77282,0.0
2020-01-05,13,0,222_HYDRO_4,3.9,3.9,0.0,76.77282,0.0
2020-01-05,13,0,222_HYDRO_5,3.9,3.9,0.0,76.77282,0.0
2020-01-05,13,0,222_HYDRO_6,3.9,3.9,0.0,76.77282,0.0
2020-01-05,13,0,322_HYDRO_1,38.642,32.5,0.0,639.773501,0.0
2020-01-05,13,0,322_HYDRO_2,38.642,32.5,0.0,639.773501,0.0
2020-01-05,13,0,322_HYDRO_3,38.642,32.5,0.0,639.773501,0.0
2020-01-05,13,0,322_HYDRO_4,38.642,32.5,0.0,639.773501,0.0
2020-01-05,13,0,320_PV_1,0.0,7.184,4.884,141.419472,0.0
2020-01-05,13,0,314_PV_1,32.8,33.4,0.0,657.490306,0.0
2020-01-05,13,0,314_PV_2,0.0,33.9,33.4,667.332975,0.0
2020-01-05,13,0,313_PV_1,65.9,62.2,0.0,1224.428054,0.0
2020-01-05,13,0,314_PV_3,69.4,62.1,0.0,1222.45952,0.0
2020-01-05,13,0,314_PV_4,0.0,33.9,35.5,667.332975,0.0
2020-01-05,13,0,313_PV_2,0.0,63.3,71.6,1246.081927,0.0
2020-01-05,13,0,310_PV_1,37.4,34.0,0.0,669.301509,0.0
2020-01-05,13,0,324_PV_1,0.0,12.623,9.323,248.488028,0.0
2020-01-05,13,0,312_PV_1,0.0,63.5,63.5,1250.018994,0.0
2020-01-05,13,0,310_PV_2,0.0,7.584,8.884,149.293607,0.0
2020-01-05,13,0,324_PV_2,0.0,12.144,12.244,239.058751,0.0
2020-01-05,13,0,324_PV_3,0.0,12.39,14.19,243.901344,0.0
2020-01-05,13,0,113_PV_1,63.4,62.4,0.0,1228.365122,0.0
2020-01-05,13,0,319_PV_1,0.0,53.838,64.438,1059.819254,0.0
2020-01-05,13,0,215_PV_1,86.9,80.7,0.0,1588.606816,0.0
2020-01-05,13,0,102_PV_1,18.0,17.9,0.0,352.367559,0.0
2020-01-05,13,0,101_PV_1,0.0,18.0,18.9,354.336093,0.0
2020-01-05,13,0,102_PV_2,13.4,18.4,0.0,362.210228,0.0
2020-01-05,13,0,104_PV_1,0.0,18.0,16.5,354.336093,0.0
2020-01-05,13,0,101_PV_2,19.461334,17.8,0.338666,350.399025,0.0
2020-01-05,13,0,101_PV_3,17.5,18.1,0.0,356.304627,0.0
2020-01-05,13,0,101_PV_4,19.7,17.7,0.0,348.430491,0.0
2020-01-05,13,0,103_PV_1,47.0,40.4,0.0,795.287675,0.0
2020-01-05,13,0,119_PV_1,44.3,41.5,0.0,816.941547,0.0
2020-01-05,13,0,308_RTPV_1,67.9,62.8,0.0,1236.239257,0.0
2020-01-05,13,0,313_RTPV_1,66.6,62.8,0.0,1236.239257,0.0
2020-01-05,13,0,313_RTPV_2,40.8,40.5,0.0,797.256209,0.0
2020-01-05,13,0,313_RTPV_3,36.5,39.2,0.0,771.665269,0.0
2020-01-05,13,0,313_RTPV_4,33.4,39.5,0.0,777.57087,0.0
2020-01-05,13,0,313_RTPV_5,44.4,39.7,0.0,781.507938,0.0
2020-01-05,13,0,313_RTPV_6,42.4,40.6,0.0,799.224743,0.0
2020-01-05,13,0,313_RTPV_7,38.4,38.6,0.0,759.854066,0.0
2020-01-05,13,0,313_RTPV_8,46.7,40.5,0.0,797.256209,0.0
2020-01-05,13,0,313_RTPV_9,39.8,38.6,0.0,759.854066,0.0
2020-01-05,13,0,313_RTPV_10,41.8,39.2,0.0,771.665269,0.0
2020-01-05,13,0,313_RTPV_11,41.0,41.2,0.0,811.035946,0.0
2020-01-05,13,0,313_RTPV_12,18.6,17.2,0.0,338.587822,0.0
2020-01-05,13,0,320_RTPV_1,18.6,17.2,0.0,338.587822,0.0
2020-01-05,13,0,320_RTPV_2,19.5,17.2,0.0,338.587822,0.0
2020-01-05,13,0,320_RTPV_3,17.9,17.2,0.0,338.587822,0.0
2020-01-05,13,0,313_RTPV_13,18.5,16.9,0.0,332.682221,0.0
2020-01-05,13,0,320_RTPV_4,18.5,16.8,0.0,330.713687,0.0
2020-01-05,13,0,320_RTPV_5,17.1,17.6,0.0,346.461957,0.0
2020-01-05,13,0,118_RTPV_1,5.5,5.5,0.0,108.269362,0.0
2020-01-05,13,0,118_RTPV_2,6.5,5.5,0.0,108.269362,0.0
2020-01-05,13,0,118_RTPV_3,6.3,5.7,0.0,112.206429,0.0
2020-01-05,13,0,118_RTPV_4,6.8,5.6,0.0,110.237896,0.0
2020-01-05,13,0,118_RTPV_5,5.5,5.5,0.0,108.269362,0.0
2020-01-05,13,0,118_RTPV_6,6.4,5.7,0.0,112.206429,0.0
2020-01-05,13,0,320_RTPV_6,5.8,5.6,0.0,110.237896,0.0
2020-01-05,13,0,118_RTPV_7,5.9,6.2,0.0,122.049099,0.0
2020-01-05,13,0,118_RTPV_8,7.4,7.0,0.0,137.797369,0.0
2020-01-05,13,0,118_RTPV_9,6.6,6.2,0.0,122.049099,0.0
2020-01-05,13,0,118_RTPV_10,3.1,2.9,0.0,57.087482,0.0
2020-01-05,13,0,213_RTPV_1,8.4,7.5,0.0,147.640039,0.0
2020-01-05,13,0,309_WIND_1,59.267,0.0,0.0,0.0,0.0
2020-01-05,13,0,317_WIND_1,0.0,23.4725,339.3725,462.064108,0.0
2020-01-05,13,0,303_WIND_1,208.725,0.0,0.0,0.0,0.0
2020-01-05,13,0,122_WIND_1,314.1125,132.7125,0.0,2612.490485,0.0
2020-01-05,13,0,122_WIND_1_PEM,0.0,0.0,374.5875,0.0,0.0
2020-01-05,13,0,303_WIND_1_PEM,0.0,0.0,444.675,0.0,0.0
2020-01-05,13,0,309_WIND_1_PEM,0.0,0.0,75.633,0.0,0.0
2020-01-05,13,0,310_PV_2_PEM,0.0,0.0,26.316,0.0,0.0
2020-01-05,13,0,317_WIND_1_PEM,0.0,0.0,419.5275,0.0,0.0
2020-01-05,13,0,319_PV_1_PEM,0.0,0.0,77.162,0.0,0.0
2020-01-05,13,0,320_PV_1_PEM,0.0,0.0,26.316,0.0,0.0
2020-01-05,13,0,324_PV_1_PEM,0.0,0.0,20.377,0.0,0.0
2020-01-05,13,0,324_PV_2_PEM,0.0,0.0,21.156,0.0,0.0
2020-01-05,13,0,324_PV_3_PEM,0.0,0.0,20.91,0.0,0.0
2020-01-05,14,0,122_HYDRO_1,4.167,3.8,0.0,75.93748,0.0
2020-01-05,14,0,122_HYDRO_2,4.167,3.8,0.0,75.93748,0.0
2020-01-05,14,0,122_HYDRO_3,4.167,3.8,0.0,75.93748,0.0
2020-01-05,14,0,122_HYDRO_4,4.167,3.8,0.0,75.93748,0.0
2020-01-05,14,0,122_HYDRO_5,4.167,3.8,0.0,75.93748,0.0
2020-01-05,14,0,122_HYDRO_6,4.167,3.8,0.0,75.93748,0.0
2020-01-05,14,0,201_HYDRO_4,3.9,3.9,0.0,77.935835,0.0
2020-01-05,14,0,215_HYDRO_1,3.9,3.9,0.0,77.935835,0.0
2020-01-05,14,0,215_HYDRO_2,3.9,3.9,0.0,77.935835,0.0
2020-01-05,14,0,215_HYDRO_3,3.9,3.9,0.0,77.935835,0.0
2020-01-05,14,0,222_HYDRO_1,3.9,3.9,0.0,77.935835,0.0
2020-01-05,14,0,222_HYDRO_2,3.9,3.9,0.0,77.935835,0.0
2020-01-05,14,0,222_HYDRO_3,3.9,3.9,0.0,77.935835,0.0
2020-01-05,14,0,222_HYDRO_4,3.9,3.9,0.0,77.935835,0.0
2020-01-05,14,0,222_HYDRO_5,3.9,3.9,0.0,77.935835,0.0
2020-01-05,14,0,222_HYDRO_6,3.9,3.9,0.0,77.935835,0.0
2020-01-05,14,0,322_HYDRO_1,32.55,33.1,0.0,661.455421,0.0
2020-01-05,14,0,322_HYDRO_2,32.55,33.1,0.0,661.455421,0.0
2020-01-05,14,0,322_HYDRO_3,32.55,33.1,0.0,661.455421,0.0
2020-01-05,14,0,322_HYDRO_4,32.55,33.1,0.0,661.455421,0.0
2020-01-05,14,0,320_PV_1,3.884,4.984,0.0,99.598001,0.0
2020-01-05,14,0,314_PV_1,33.0,31.3,0.0,625.485036,0.0
2020-01-05,14,0,314_PV_2,0.0,32.4,31.9,647.466938,0.0
2020-01-05,14,0,313_PV_1,62.9,55.3,0.0,1105.090175,0.0
2020-01-05,14,0,314_PV_3,65.9,55.7,0.0,1113.083594,0.0
2020-01-05,14,0,314_PV_4,0.0,32.4,35.7,647.466938,0.0
2020-01-05,14,0,313_PV_2,68.6,56.4,0.0,1127.072077,0.0
2020-01-05,14,0,310_PV_1,37.2,32.8,0.0,655.460357,0.0
2020-01-05,14,0,324_PV_1,0.0,11.223,8.023,224.275353,0.0
2020-01-05,14,0,312_PV_1,0.0,57.0,61.5,1139.062206,0.0
2020-01-05,14,0,310_PV_2,8.584,6.584,0.0,131.571677,0.0
2020-01-05,14,0,324_PV_2,0.0,10.744,12.844,214.703234,0.0
2020-01-05,14,0,324_PV_3,0.0,10.99,13.49,219.619187,0.0
2020-01-05,14,0,113_PV_1,59.0,55.4,0.0,1107.08853,0.0
2020-01-05,14,0,319_PV_1,0.0,46.438,57.938,927.995977,0.0
2020-01-05,14,0,215_PV_1,85.2,73.1,0.0,1460.79732,0.0
2020-01-05,14,0,102_PV_1,17.7,16.0,0.0,319.73676,0.0
2020-01-05,14,0,101_PV_1,0.0,16.1,19.6,321.735114,0.0
2020-01-05,14,0,102_PV_2,13.1,16.5,0.0,329.728533,0.0
2020-01-05,14,0,104_PV_1,16.4,16.2,0.0,323.733469,0.0
2020-01-05,14,0,101_PV_2,16.57505,16.0,3.42495,319.73676,0.0
2020-01-05,14,0,101_PV_3,17.2,16.3,0.0,325.731824,0.0
2020-01-05,14,0,101_PV_4,19.7,16.0,0.0,319.73676,0.0
2020-01-05,14,0,103_PV_1,39.6,30.4,0.0,607.499843,0.0
2020-01-05,14,0,119_PV_1,38.3,31.4,0.0,627.483391,0.0
2020-01-05,14,0,308_RTPV_1,58.3,48.6,0.0,971.200407,0.0
2020-01-05,14,0,313_RTPV_1,59.8,48.5,0.0,969.202052,0.0
2020-01-05,14,0,313_RTPV_2,36.9,31.0,0.0,619.489972,0.0
2020-01-05,14,0,313_RTPV_3,34.8,29.9,0.0,597.508069,0.0
2020-01-05,14,0,313_RTPV_4,31.6,29.8,0.0,595.509715,0.0
2020-01-05,14,0,313_RTPV_5,37.7,30.3,0.0,605.501488,0.0
2020-01-05,14,0,313_RTPV_6,37.2,30.7,0.0,613.494907,0.0
2020-01-05,14,0,313_RTPV_7,33.0,30.6,0.0,611.496553,0.0
2020-01-05,14,0,313_RTPV_8,40.1,30.5,0.0,609.498198,0.0
2020-01-05,14,0,313_RTPV_9,35.9,30.6,0.0,611.496553,0.0
2020-01-05,14,0,313_RTPV_10,35.4,30.4,0.0,607.499843,0.0
2020-01-05,14,0,313_RTPV_11,36.9,31.8,0.0,635.47681,0.0
2020-01-05,14,0,313_RTPV_12,16.8,13.0,0.0,259.786117,0.0
2020-01-05,14,0,320_RTPV_1,15.7,13.0,0.0,259.786117,0.0
2020-01-05,14,0,320_RTPV_2,16.1,13.0,0.0,259.786117,0.0
2020-01-05,14,0,320_RTPV_3,16.8,13.0,0.0,259.786117,0.0
2020-01-05,14,0,313_RTPV_13,16.4,13.0,0.0,259.786117,0.0
2020-01-05,14,0,320_RTPV_4,15.7,13.0,0.0,259.786117,0.0
2020-01-05,14,0,320_RTPV_5,14.9,13.5,0.0,269.777891,0.0
2020-01-05,14,0,118_RTPV_1,5.3,4.1,0.0,81.932545,0.0
2020-01-05,14,0,118_RTPV_2,5.5,4.1,0.0,81.932545,0.0
2020-01-05,14,0,118_RTPV_3,5.3,4.3,0.0,85.929254,0.0
2020-01-05,14,0,118_RTPV_4,5.9,4.2,0.0,83.930899,0.0
2020-01-05,14,0,118_RTPV_5,4.8,4.1,0.0,81.932545,0.0
2020-01-05,14,0,118_RTPV_6,5.5,4.2,0.0,83.930899,0.0
2020-01-05,14,0,320_RTPV_6,4.9,4.2,0.0,83.930899,0.0
2020-01-05,14,0,118_RTPV_7,5.2,3.9,0.0,77.935835,0.0
2020-01-05,14,0,118_RTPV_8,7.0,5.3,0.0,105.912802,0.0
2020-01-05,14,0,118_RTPV_9,6.1,4.8,0.0,95.921028,0.0
2020-01-05,14,0,118_RTPV_10,2.5,2.2,0.0,43.963804,0.0
2020-01-05,14,0,213_RTPV_1,7.3,5.3,0.0,105.912802,0.0
2020-01-05,14,0,309_WIND_1,67.667,0.0,0.0,0.0,0.0
2020-01-05,14,0,317_WIND_1,0.0,60.0725,323.0725,1200.461655,0.0
2020-01-05,14,0,303_WIND_1,260.725,0.0,0.0,0.0,0.0
2020-01-05,14,0,122_WIND_1,275.4125,206.8125,0.0,4132.847411,0.0
2020-01-05,14,0,122_WIND_1_PEM,0.0,0.0,374.5875,0.0,0.0
2020-01-05,14,0,303_WIND_1_PEM,0.0,0.0,444.675,0.0,0.0
2020-01-05,14,0,309_WIND_1_PEM,0.0,0.0,75.633,0.0,0.0
2020-01-05,14,0,310_PV_2_PEM,0.0,0.0,26.316,0.0,0.0
2020-01-05,14,0,317_WIND_1_PEM,0.0,0.0,419.5275,0.0,0.0
2020-01-05,14,0,319_PV_1_PEM,0.0,0.0,77.162,0.0,0.0
2020-01-05,14,0,320_PV_1_PEM,0.0,0.0,26.316,0.0,0.0
2020-01-05,14,0,324_PV_1_PEM,0.0,0.0,20.377,0.0,0.0
2020-01-05,14,0,324_PV_2_PEM,0.0,0.0,21.156,0.0,0.0
2020-01-05,14,0,324_PV_3_PEM,0.0,0.0,20.91,0.0,0.0
2020-01-05,15,0,122_HYDRO_1,3.833,4.2,0.0,96.959174,0.0
2020-01-05,15,0,122_HYDRO_2,3.833,4.2,0.0,96.959174,0.0
2020-01-05,15,0,122_HYDRO_3,3.833,4.2,0.0,96.959174,0.0
2020-01-05,15,0,122_HYDRO_4,3.833,4.2,0.0,96.959174,0.0
2020-01-05,15,0,122_HYDRO_5,3.833,4.2,0.0,96.959174,0.0
2020-01-05,15,0,122_HYDRO_6,3.833,4.2,0.0,96.959174,0.0
2020-01-05,15,0,201_HYDRO_4,3.9,3.9,0.0,90.033519,0.0
2020-01-05,15,0,215_HYDRO_1,3.9,3.9,0.0,90.033519,0.0
2020-01-05,15,0,215_HYDRO_2,3.9,3.9,0.0,90.033519,0.0
2020-01-05,15,0,215_HYDRO_3,3.9,3.9,0.0,90.033519,0.0
2020-01-05,15,0,222_HYDRO_1,3.9,3.9,0.0,90.033519,0.0
2020-01-05,15,0,222_HYDRO_2,3.9,3.9,0.0,90.033519,0.0
2020-01-05,15,0,222_HYDRO_3,3.9,3.9,0.0,90.033519,0.0
2020-01-05,15,0,222_HYDRO_4,3.9,3.9,0.0,90.033519,0.0
2020-01-05,15,0,222_HYDRO_5,3.9,3.9,0.0,90.033519,0.0
2020-01-05,15,0,222_HYDRO_6,3.9,3.9,0.0,90.033519,0.0
2020-01-05,15,0,322_HYDRO_1,32.942,31.2,0.0,720.268151,0.0
2020-01-05,15,0,322_HYDRO_2,32.942,31.2,0.0,720.268151,0.0
2020-01-05,15,0,322_HYDRO_3,32.942,31.2,0.0,720.268151,0.0
2020-01-05,15,0,322_HYDRO_4,32.942,31.2,0.0,720.268151,0.0
2020-01-05,15,0,320_PV_1,0.0,0.0,1.884,0.0,0.0
2020-01-05,15,0,314_PV_1,0.0,22.2,32.0,512.498492,0.0
2020-01-05,15,0,314_PV_2,0.0,22.9,32.1,528.658355,0.0
2020-01-05,15,0,313_PV_1,0.0,33.4,56.3,771.05629,0.0
2020-01-05,15,0,314_PV_3,0.0,34.2,59.5,789.524704,0.0
2020-01-05,15,0,314_PV_4,0.0,22.9,35.1,528.658355,0.0
2020-01-05,15,0,313_PV_2,0.0,34.7,61.7,801.067463,0.0
2020-01-05,15,0,310_PV_1,0.0,23.1,36.8,533.275458,0.0
2020-01-05,15,0,324_PV_1,0.0,2.023,6.223,46.702002,0.0
2020-01-05,15,0,312_PV_1,0.0,35.8,55.7,826.461533,0.0
2020-01-05,15,0,310_PV_2,0.0,0.0,9.484,0.0,0.0
2020-01-05,15,0,324_PV_2,0.0,1.444,11.744,33.335488,0.0
2020-01-05,15,0,324_PV_3,0.0,1.69,11.69,39.014525,0.0
2020-01-05,15,0,113_PV_1,48.6,33.0,0.0,761.822083,0.0
2020-01-05,15,0,319_PV_1,0.0,3.138,52.338,72.442354,0.0
2020-01-05,15,0,215_PV_1,77.5,43.6,0.0,1006.528571,0.0
2020-01-05,15,0,102_PV_1,14.5,10.7,0.0,247.015039,0.0
2020-01-05,15,0,101_PV_1,0.0,10.3,17.7,237.780832,0.0
2020-01-05,15,0,102_PV_2,12.2,11.0,0.0,253.940694,0.0
2020-01-05,15,0,104_PV_1,12.5,10.8,0.0,249.323591,0.0
2020-01-05,15,0,101_PV_2,11.117603,10.6,6.982397,244.706487,0.0
2020-01-05,15,0,101_PV_3,14.8,10.7,0.0,247.015039,0.0
2020-01-05,15,0,101_PV_4,16.3,10.5,0.0,242.397936,0.0
2020-01-05,15,0,103_PV_1,27.5,13.5,0.0,311.654489,0.0
2020-01-05,15,0,119_PV_1,0.0,15.5,27.4,357.825524,0.0
2020-01-05,15,0,308_RTPV_1,41.3,24.5,0.0,565.595183,0.0
2020-01-05,15,0,313_RTPV_1,41.9,24.4,0.0,563.286631,0.0
2020-01-05,15,0,313_RTPV_2,26.0,16.7,0.0,385.528145,0.0
2020-01-05,15,0,313_RTPV_3,25.5,15.2,0.0,350.899869,0.0
2020-01-05,15,0,313_RTPV_4,23.4,15.8,0.0,364.751179,0.0
2020-01-05,15,0,313_RTPV_5,24.0,16.2,0.0,373.985386,0.0
2020-01-05,15,0,313_RTPV_6,24.5,16.4,0.0,378.60249,0.0
2020-01-05,15,0,313_RTPV_7,23.6,16.6,0.0,383.219593,0.0
2020-01-05,15,0,313_RTPV_8,27.3,15.6,0.0,360.134076,0.0
2020-01-05,15,0,313_RTPV_9,27.4,16.6,0.0,383.219593,0.0
2020-01-05,15,0,313_RTPV_10,24.6,16.4,0.0,378.60249,0.0
2020-01-05,15,0,313_RTPV_11,25.3,15.6,0.0,360.134076,0.0
2020-01-05,15,0,313_RTPV_12,11.9,6.6,0.0,152.364417,0.0
2020-01-05,15,0,320_RTPV_1,10.2,6.6,0.0,152.364417,0.0
2020-01-05,15,0,320_RTPV_2,11.3,6.6,0.0,152.364417,0.0
2020-01-05,15,0,320_RTPV_3,11.8,6.3,0.0,145.438761,0.0
2020-01-05,15,0,313_RTPV_13,11.5,6.7,0.0,154.672968,0.0
2020-01-05,15,0,320_RTPV_4,11.3,6.3,0.0,145.438761,0.0
2020-01-05,15,0,320_RTPV_5,10.8,6.7,0.0,154.672968,0.0
2020-01-05,15,0,118_RTPV_1,3.6,2.0,0.0,46.171035,0.0
2020-01-05,15,0,118_RTPV_2,3.7,2.0,0.0,46.171035,0.0
2020-01-05,15,0,118_RTPV_3,3.5,2.0,0.0,46.171035,0.0
2020-01-05,15,0,118_RTPV_4,4.1,2.1,0.0,48.479587,0.0
2020-01-05,15,0,118_RTPV_5,3.6,2.1,0.0,48.479587,0.0
2020-01-05,15,0,118_RTPV_6,4.2,2.0,0.0,46.171035,0.0
2020-01-05,15,0,320_RTPV_6,3.5,2.0,0.0,46.171035,0.0
2020-01-05,15,0,118_RTPV_7,3.7,3.0,0.0,69.256553,0.0
2020-01-05,15,0,118_RTPV_8,4.6,2.7,0.0,62.330898,0.0
2020-01-05,15,0,118_RTPV_9,3.8,2.4,0.0,55.405242,0.0
2020-01-05,15,0,118_RTPV_10,1.6,1.1,0.0,25.394069,0.0
2020-01-05,15,0,213_RTPV_1,5.0,2.3,0.0,53.096691,0.0
2020-01-05,15,0,309_WIND_1,70.567,0.0,0.0,0.0,0.0
2020-01-05,15,0,317_WIND_1,331.7725,0.0,0.0,0.0,0.0
2020-01-05,15,0,303_WIND_1,337.625,0.0,0.0,0.0,0.0
2020-01-05,15,0,122_WIND_1,262.5125,58.8125,0.0,1357.717008,0.0
2020-01-05,15,0,122_WIND_1_PEM,0.0,0.0,374.5875,0.0,0.0
2020-01-05,15,0,303_WIND_1_PEM,0.0,0.0,444.675,0.0,0.0
2020-01-05,15,0,309_WIND_1_PEM,0.0,0.0,75.633,0.0,0.0
2020-01-05,15,0,310_PV_2_PEM,0.0,23.2,26.316,535.58401,0.0
2020-01-05,15,0,317_WIND_1_PEM,0.0,0.0,419.5275,0.0,0.0
2020-01-05,15,0,319_PV_1_PEM,0.0,0.0,77.162,0.0,0.0
2020-01-05,15,0,320_PV_1_PEM,0.0,22.1,26.316,510.189941,0.0
2020-01-05,15,0,324_PV_1_PEM,0.0,3.148825,20.377,72.692248,0.0
2020-01-05,15,0,324_PV_2_PEM,0.0,21.156,21.156,488.397212,0.0
2020-01-05,15,0,324_PV_3_PEM,0.0,20.91,20.91,482.718175,0.0
2020-01-05,16,0,122_HYDRO_1,4.167,3.8,0.0,95.0,0.0
2020-01-05,16,0,122_HYDRO_2,4.167,3.8,0.0,95.0,0.0
2020-01-05,16,0,122_HYDRO_3,4.167,3.8,0.0,95.0,0.0
2020-01-05,16,0,122_HYDRO_4,4.167,3.8,0.0,95.0,0.0
2020-01-05,16,0,122_HYDRO_5,4.167,3.8,0.0,95.0,0.0
2020-01-05,16,0,122_HYDRO_6,4.167,3.8,0.0,95.0,0.0
2020-01-05,16,0,201_HYDRO_4,3.9,3.9,0.0,97.5,0.0
2020-01-05,16,0,215_HYDRO_1,3.9,3.9,0.0,97.5,0.0
2020-01-05,16,0,215_HYDRO_2,3.9,3.9,0.0,97.5,0.0
2020-01-05,16,0,215_HYDRO_3,3.9,3.9,0.0,97.5,0.0
2020-01-05,16,0,222_HYDRO_1,3.9,3.9,0.0,97.5,0.0
2020-01-05,16,0,222_HYDRO_2,3.9,3.9,0.0,97.5,0.0
2020-01-05,16,0,222_HYDRO_3,3.9,3.9,0.0,97.5,0.0
2020-01-05,16,0,222_HYDRO_4,3.9,3.9,0.0,97.5,0.0
2020-01-05,16,0,222_HYDRO_5,3.9,3.9,0.0,97.5,0.0
2020-01-05,16,0,222_HYDRO_6,3.9,3.9,0.0,97.5,0.0
2020-01-05,16,0,322_HYDRO_1,30.792,26.3,0.0,657.5,0.0
2020-01-05,16,0,322_HYDRO_2,30.792,26.3,0.0,657.5,0.0
2020-01-05,16,0,322_HYDRO_3,30.792,26.3,0.0,657.5,0.0
2020-01-05,16,0,322_HYDRO_4,30.792,26.3,0.0,657.5,0.0
2020-01-05,16,0,320_PV_1,0.0,0.0,0.0,0.0,0.0
2020-01-05,16,0,314_PV_1,20.1,0.0,0.0,0.0,0.0
2020-01-05,16,0,314_PV_2,20.1,0.0,0.0,0.0,0.0
2020-01-05,16,0,313_PV_1,30.5,0.0,0.0,0.0,0.0
2020-01-05,16,0,314_PV_3,32.3,0.0,0.0,0.0,0.0
2020-01-05,16,0,314_PV_4,22.5,0.0,0.0,0.0,0.0
2020-01-05,16,0,313_PV_2,34.4,0.0,0.0,0.0,0.0
2020-01-05,16,0,310_PV_1,23.4,0.0,0.0,0.0,0.0
2020-01-05,16,0,324_PV_1,0.0,0.0,0.0,0.0,0.0
2020-01-05,16,0,312_PV_1,30.3,0.0,0.0,0.0,0.0
2020-01-05,16,0,310_PV_2,0.0,0.0,0.0,0.0,0.0
2020-01-05,16,0,324_PV_2,0.244,0.0,0.0,0.0,0.0
2020-01-05,16,0,324_PV_3,0.0,0.0,0.0,0.0,0.0
2020-01-05,16,0,113_PV_1,20.0,0.0,0.0,0.0,0.0
2020-01-05,16,0,319_PV_1,0.0,0.0,0.0,0.0,0.0
2020-01-05,16,0,215_PV_1,35.0,0.0,0.0,0.0,0.0
2020-01-05,16,0,102_PV_1,4.0,0.0,0.0,0.0,0.0
2020-01-05,16,0,101_PV_1,10.1,0.0,0.0,0.0,0.0
2020-01-05,16,0,102_PV_2,6.8,0.0,0.0,0.0,0.0
2020-01-05,16,0,104_PV_1,2.2,0.0,0.0,0.0,0.0
2020-01-05,16,0,101_PV_2,11.1,0.0,0.0,0.0,0.0
2020-01-05,16,0,101_PV_3,7.7,0.0,0.0,0.0,0.0
2020-01-05,16,0,101_PV_4,7.1,0.0,0.0,0.0,0.0
2020-01-05,16,0,103_PV_1,9.2,0.0,0.0,0.0,0.0
2020-01-05,16,0,119_PV_1,9.5,0.0,0.0,0.0,0.0
2020-01-05,16,0,308_RTPV_1,15.9,0.0,0.0,0.0,0.0
2020-01-05,16,0,313_RTPV_1,14.1,0.0,0.0,0.0,0.0
2020-01-05,16,0,313_RTPV_2,10.1,0.0,0.0,0.0,0.0
2020-01-05,16,0,313_RTPV_3,9.6,0.0,0.0,0.0,0.0
2020-01-05,16,0,313_RTPV_4,9.1,0.0,0.0,0.0,0.0
2020-01-05,16,0,313_RTPV_5,8.9,0.0,0.0,0.0,0.0
2020-01-05,16,0,313_RTPV_6,9.4,0.0,0.0,0.0,0.0
2020-01-05,16,0,313_RTPV_7,9.1,0.0,0.0,0.0,0.0
2020-01-05,16,0,313_RTPV_8,10.4,0.0,0.0,0.0,0.0
2020-01-05,16,0,313_RTPV_9,10.4,0.0,0.0,0.0,0.0
2020-01-05,16,0,313_RTPV_10,8.7,0.0,0.0,0.0,0.0
2020-01-05,16,0,313_RTPV_11,8.9,0.0,0.0,0.0,0.0
2020-01-05,16,0,313_RTPV_12,4.3,0.0,0.0,0.0,0.0
2020-01-05,16,0,320_RTPV_1,3.9,0.0,0.0,0.0,0.0
2020-01-05,16,0,320_RTPV_2,3.9,0.0,0.0,0.0,0.0
2020-01-05,16,0,320_RTPV_3,4.2,0.0,0.0,0.0,0.0
2020-01-05,16,0,313_RTPV_13,4.3,0.0,0.0,0.0,0.0
2020-01-05,16,0,320_RTPV_4,4.2,0.0,0.0,0.0,0.0
2020-01-05,16,0,320_RTPV_5,4.1,0.0,0.0,0.0,0.0
2020-01-05,16,0,118_RTPV_1,0.7,0.0,0.0,0.0,0.0
2020-01-05,16,0,118_RTPV_2,1.2,0.0,0.0,0.0,0.0
2020-01-05,16,0,118_RTPV_3,1.3,0.0,0.0,0.0,0.0
2020-01-05,16,0,118_RTPV_4,1.5,0.0,0.0,0.0,0.0
2020-01-05,16,0,118_RTPV_5,1.4,0.0,0.0,0.0,0.0
2020-01-05,16,0,118_RTPV_6,1.5,0.0,0.0,0.0,0.0
2020-01-05,16,0,320_RTPV_6,1.3,0.0,0.0,0.0,0.0
2020-01-05,16,0,118_RTPV_7,1.3,0.0,0.0,0.0,0.0
2020-01-05,16,0,118_RTPV_8,1.9,0.0,0.0,0.0,0.0
2020-01-05,16,0,118_RTPV_9,1.5,0.0,0.0,0.0,0.0
2020-01-05,16,0,118_RTPV_10,0.5,0.0,0.0,0.0,0.0
2020-01-05,16,0,213_RTPV_1,1.3,0.0,0.0,0.0,0.0
2020-01-05,16,0,309_WIND_1,71.567,0.0,0.0,0.0,0.0
2020-01-05,16,0,317_WIND_1,5.085574,0.0,346.386926,0.0,0.0
2020-01-05,16,0,303_WIND_1,340.325,0.0,0.0,0.0,0.0
2020-01-05,16,0,122_WIND_1,296.2125,0.0,0.0,0.0,0.0
2020-01-05,16,0,122_WIND_1_PEM,0.0,0.0,374.5875,0.0,0.0
2020-01-05,16,0,303_WIND_1_PEM,0.0,262.686164,444.675,6567.154098,0.0
2020-01-05,16,0,309_WIND_1_PEM,0.0,0.0,75.633,0.0,0.0
2020-01-05,16,0,310_PV_2_PEM,0.0,0.0,22.2,0.0,0.0
2020-01-05,16,0,317_WIND_1_PEM,0.0,0.0,419.5275,0.0,0.0
2020-01-05,16,0,319_PV_1_PEM,0.0,0.0,76.2,0.0,0.0
2020-01-05,16,0,320_PV_1_PEM,0.0,0.0,16.6,0.0,0.0
2020-01-05,16,0,324_PV_1_PEM,0.0,0.0,15.0,0.0,0.0
2020-01-05,16,0,324_PV_2_PEM,0.0,0.0,21.156,0.0,0.0
2020-01-05,16,0,324_PV_3_PEM,0.0,0.0,17.9,0.0,0.0
2020-01-05,17,0,122_HYDRO_1,3.833,4.2,0.0,281.771283,0.0
2020-01-05,17,0,122_HYDRO_2,3.833,4.2,0.0,281.771283,0.0
2020-01-05,17,0,122_HYDRO_3,3.833,4.2,0.0,281.771283,0.0
2020-01-05,17,0,122_HYDRO_4,3.833,4.2,0.0,281.771283,0.0
2020-01-05,17,0,122_HYDRO_5,3.833,4.2,0.0,281.771283,0.0
2020-01-05,17,0,122_HYDRO_6,3.833,4.2,0.0,281.771283,0.0
2020-01-05,17,0,201_HYDRO_4,3.9,3.9,0.0,268.840934,0.0
2020-01-05,17,0,215_HYDRO_1,3.9,3.9,0.0,268.840934,0.0
2020-01-05,17,0,215_HYDRO_2,3.9,3.9,0.0,268.840934,0.0
2020-01-05,17,0,215_HYDRO_3,3.9,3.9,0.0,268.840934,0.0
2020-01-05,17,0,222_HYDRO_1,3.9,3.9,0.0,268.840934,0.0
2020-01-05,17,0,222_HYDRO_2,3.9,3.9,0.0,268.840934,0.0
2020-01-05,17,0,222_HYDRO_3,3.9,3.9,0.0,268.840934,0.0
2020-01-05,17,0,222_HYDRO_4,3.9,3.9,0.0,268.840934,0.0
2020-01-05,17,0,222_HYDRO_5,3.9,3.9,0.0,268.840934,0.0
2020-01-05,17,0,222_HYDRO_6,3.9,3.9,0.0,268.840934,0.0
2020-01-05,17,0,322_HYDRO_1,26.175,24.8,0.0,1738.58767,0.0
2020-01-05,17,0,322_HYDRO_2,26.175,24.8,0.0,1738.58767,0.0
2020-01-05,17,0,322_HYDRO_3,26.175,24.8,0.0,1738.58767,0.0
2020-01-05,17,0,322_HYDRO_4,26.175,24.8,0.0,1738.58767,0.0
2020-01-05,17,0,320_PV_1,0.0,0.0,0.0,0.0,0.0
2020-01-05,17,0,314_PV_1,0.0,0.0,0.0,0.0,0.0
2020-01-05,17,0,314_PV_2,0.0,0.0,0.0,0.0,0.0
2020-01-05,17,0,313_PV_1,0.0,0.0,0.0,0.0,0.0
2020-01-05,17,0,314_PV_3,0.0,0.0,0.0,0.0,0.0
2020-01-05,17,0,314_PV_4,0.0,0.0,0.0,0.0,0.0
2020-01-05,17,0,313_PV_2,0.0,0.0,0.0,0.0,0.0
2020-01-05,17,0,310_PV_1,0.0,0.0,0.0,0.0,0.0
2020-01-05,17,0,324_PV_1,0.0,0.0,0.0,0.0,0.0
2020-01-05,17,0,312_PV_1,0.0,0.0,0.0,0.0,0.0
2020-01-05,17,0,310_PV_2,0.0,0.0,0.0,0.0,0.0
2020-01-05,17,0,324_PV_2,0.0,0.0,0.0,0.0,0.0
2020-01-05,17,0,324_PV_3,0.0,0.0,0.0,0.0,0.0
2020-01-05,17,0,113_PV_1,0.0,0.0,0.0,0.0,0.0
2020-01-05,17,0,319_PV_1,0.0,0.0,0.0,0.0,0.0
2020-01-05,17,0,215_PV_1,0.0,0.0,0.0,0.0,0.0
2020-01-05,17,0,102_PV_1,0.0,0.0,0.0,0.0,0.0
2020-01-05,17,0,101_PV_1,0.0,0.0,0.0,0.0,0.0
2020-01-05,17,0,102_PV_2,0.0,0.0,0.0,0.0,0.0
2020-01-05,17,0,104_PV_1,0.0,0.0,0.0,0.0,0.0
2020-01-05,17,0,101_PV_2,0.0,0.0,0.0,0.0,0.0
2020-01-05,17,0,101_PV_3,0.0,0.0,0.0,0.0,0.0
2020-01-05,17,0,101_PV_4,0.0,0.0,0.0,0.0,0.0
2020-01-05,17,0,103_PV_1,0.0,0.0,0.0,0.0,0.0
2020-01-05,17,0,119_PV_1,0.0,0.0,0.0,0.0,0.0
2020-01-05,17,0,308_RTPV_1,0.0,0.0,0.0,0.0,0.0
2020-01-05,17,0,313_RTPV_1,0.0,0.0,0.0,0.0,0.0
2020-01-05,17,0,313_RTPV_2,0.0,0.0,0.0,0.0,0.0
2020-01-05,17,0,313_RTPV_3,0.0,0.0,0.0,0.0,0.0
2020-01-05,17,0,313_RTPV_4,0.0,0.0,0.0,0.0,0.0
2020-01-05,17,0,313_RTPV_5,0.0,0.0,0.0,0.0,0.0
2020-01-05,17,0,313_RTPV_6,0.0,0.0,0.0,0.0,0.0
2020-01-05,17,0,313_RTPV_7,0.0,0.0,0.0,0.0,0.0
2020-01-05,17,0,313_RTPV_8,0.0,0.0,0.0,0.0,0.0
2020-01-05,17,0,313_RTPV_9,0.0,0.0,0.0,0.0,0.0
2020-01-05,17,0,313_RTPV_10,0.0,0.0,0.0,0.0,0.0
2020-01-05,17,0,313_RTPV_11,0.0,0.0,0.0,0.0,0.0
2020-01-05,17,0,313_RTPV_12,0.0,0.0,0.0,0.0,0.0
2020-01-05,17,0,320_RTPV_1,0.0,0.0,0.0,0.0,0.0
2020-01-05,17,0,320_RTPV_2,0.0,0.0,0.0,0.0,0.0
2020-01-05,17,0,320_RTPV_3,0.0,0.0,0.0,0.0,0.0
2020-01-05,17,0,313_RTPV_13,0.0,0.0,0.0,0.0,0.0
2020-01-05,17,0,320_RTPV_4,0.0,0.0,0.0,0.0,0.0
2020-01-05,17,0,320_RTPV_5,0.0,0.0,0.0,0.0,0.0
2020-01-05,17,0,118_RTPV_1,0.0,0.0,0.0,0.0,0.0
2020-01-05,17,0,118_RTPV_2,0.0,0.0,0.0,0.0,0.0
2020-01-05,17,0,118_RTPV_3,0.0,0.0,0.0,0.0,0.0
2020-01-05,17,0,118_RTPV_4,0.0,0.0,0.0,0.0,0.0
2020-01-05,17,0,118_RTPV_5,0.0,0.0,0.0,0.0,0.0
2020-01-05,17,0,118_RTPV_6,0.0,0.0,0.0,0.0,0.0
2020-01-05,17,0,320_RTPV_6,0.0,0.0,0.0,0.0,0.0
2020-01-05,17,0,118_RTPV_7,0.0,0.0,0.0,0.0,0.0
2020-01-05,17,0,118_RTPV_8,0.0,0.0,0.0,0.0,0.0
2020-01-05,17,0,118_RTPV_9,0.0,0.0,0.0,0.0,0.0
2020-01-05,17,0,118_RTPV_10,0.0,0.0,0.0,0.0,0.0
2020-01-05,17,0,213_RTPV_1,0.0,0.0,0.0,0.0,0.0
2020-01-05,17,0,309_WIND_1,70.267,7.967,0.0,1864.746193,0.0
2020-01-05,17,0,317_WIND_1,345.7725,0.0,0.0,7301.474299,0.0
2020-01-05,17,0,303_WIND_1,303.225,0.0,0.0,6403.023793,0.0
2020-01-05,17,0,122_WIND_1,320.1125,0.0,0.0,6759.627187,0.0
2020-01-05,17,0,122_WIND_1_PEM,0.0,0.0,374.5875,0.0,0.0
2020-01-05,17,0,303_WIND_1_PEM,0.0,162.0,444.675,7746.380172,0.0
2020-01-05,17,0,309_WIND_1_PEM,0.0,75.633,75.633,3616.55538,0.0
2020-01-05,17,0,310_PV_2_PEM,0.0,0.0,0.0,0.0,0.0
2020-01-05,17,0,317_WIND_1_PEM,0.0,95.7,419.5275,4576.102361,0.0
2020-01-05,17,0,319_PV_1_PEM,0.0,0.0,0.0,0.0,0.0
2020-01-05,17,0,320_PV_1_PEM,0.0,0.0,0.0,0.0,0.0
2020-01-05,17,0,324_PV_1_PEM,0.0,0.0,0.0,0.0,0.0
2020-01-05,17,0,324_PV_2_PEM,0.0,0.0,0.0,0.0,0.0
2020-01-05,17,0,324_PV_3_PEM,0.0,0.0,0.0,0.0,0.0
2020-01-05,18,0,122_HYDRO_1,4.2,4.2,0.0,315.929708,0.0
2020-01-05,18,0,122_HYDRO_2,4.2,4.2,0.0,315.929708,0.0
2020-01-05,18,0,122_HYDRO_3,4.2,4.2,0.0,315.929708,0.0
2020-01-05,18,0,122_HYDRO_4,4.2,4.2,0.0,315.929708,0.0
2020-01-05,18,0,122_HYDRO_5,4.2,4.2,0.0,315.929708,0.0
2020-01-05,18,0,122_HYDRO_6,4.2,4.2,0.0,315.929708,0.0
2020-01-05,18,0,201_HYDRO_4,3.9,3.9,0.0,293.363301,0.0
2020-01-05,18,0,215_HYDRO_1,3.9,3.9,0.0,293.363301,0.0
2020-01-05,18,0,215_HYDRO_2,3.9,3.9,0.0,293.363301,0.0
2020-01-05,18,0,215_HYDRO_3,3.9,3.9,0.0,293.363301,0.0
2020-01-05,18,0,222_HYDRO_1,3.9,3.9,0.0,293.363301,0.0
2020-01-05,18,0,222_HYDRO_2,3.9,3.9,0.0,293.363301,0.0
2020-01-05,18,0,222_HYDRO_3,3.9,3.9,0.0,293.363301,0.0
2020-01-05,18,0,222_HYDRO_4,3.9,3.9,0.0,293.363301,0.0
2020-01-05,18,0,222_HYDRO_5,3.9,3.9,0.0,293.363301,0.0
2020-01-05,18,0,222_HYDRO_6,3.9,3.9,0.0,293.363301,0.0
2020-01-05,18,0,322_HYDRO_1,24.85,25.4,0.0,1898.119724,0.0
2020-01-05,18,0,322_HYDRO_2,24.85,25.4,0.0,1898.119724,0.0
2020-01-05,18,0,322_HYDRO_3,24.85,25.4,0.0,1898.119724,0.0
2020-01-05,18,0,322_HYDRO_4,24.85,25.4,0.0,1898.119724,0.0
2020-01-05,18,0,320_PV_1,0.0,0.0,0.0,0.0,0.0
2020-01-05,18,0,314_PV_1,0.0,0.0,0.0,0.0,0.0
2020-01-05,18,0,314_PV_2,0.0,0.0,0.0,0.0,0.0
2020-01-05,18,0,313_PV_1,0.0,0.0,0.0,0.0,0.0
2020-01-05,18,0,314_PV_3,0.0,0.0,0.0,0.0,0.0
2020-01-05,18,0,314_PV_4,0.0,0.0,0.0,0.0,0.0
2020-01-05,18,0,313_PV_2,0.0,0.0,0.0,0.0,0.0
2020-01-05,18,0,310_PV_1,0.0,0.0,0.0,0.0,0.0
2020-01-05,18,0,324_PV_1,0.0,0.0,0.0,0.0,0.0
2020-01-05,18,0,312_PV_1,0.0,0.0,0.0,0.0,0.0
2020-01-05,18,0,310_PV_2,0.0,0.0,0.0,0.0,0.0
2020-01-05,18,0,324_PV_2,0.0,0.0,0.0,0.0,0.0
2020-01-05,18,0,324_PV_3,0.0,0.0,0.0,0.0,0.0
2020-01-05,18,0,113_PV_1,0.0,0.0,0.0,0.0,0.0
2020-01-05,18,0,319_PV_1,0.0,0.0,0.0,0.0,0.0
2020-01-05,18,0,215_PV_1,0.0,0.0,0.0,0.0,0.0
2020-01-05,18,0,102_PV_1,0.0,0.0,0.0,0.0,0.0
2020-01-05,18,0,101_PV_1,0.0,0.0,0.0,0.0,0.0
2020-01-05,18,0,102_PV_2,0.0,0.0,0.0,0.0,0.0
2020-01-05,18,0,104_PV_1,0.0,0.0,0.0,0.0,0.0
2020-01-05,18,0,101_PV_2,0.0,0.0,0.0,0.0,0.0
2020-01-05,18,0,101_PV_3,0.0,0.0,0.0,0.0,0.0
2020-01-05,18,0,101_PV_4,0.0,0.0,0.0,0.0,0.0
2020-01-05,18,0,103_PV_1,0.0,0.0,0.0,0.0,0.0
2020-01-05,18,0,119_PV_1,0.0,0.0,0.0,0.0,0.0
2020-01-05,18,0,308_RTPV_1,0.0,0.0,0.0,0.0,0.0
2020-01-05,18,0,313_RTPV_1,0.0,0.0,0.0,0.0,0.0
2020-01-05,18,0,313_RTPV_2,0.0,0.0,0.0,0.0,0.0
2020-01-05,18,0,313_RTPV_3,0.0,0.0,0.0,0.0,0.0
2020-01-05,18,0,313_RTPV_4,0.0,0.0,0.0,0.0,0.0
2020-01-05,18,0,313_RTPV_5,0.0,0.0,0.0,0.0,0.0
2020-01-05,18,0,313_RTPV_6,0.0,0.0,0.0,0.0,0.0
2020-01-05,18,0,313_RTPV_7,0.0,0.0,0.0,0.0,0.0
2020-01-05,18,0,313_RTPV_8,0.0,0.0,0.0,0.0,0.0
2020-01-05,18,0,313_RTPV_9,0.0,0.0,0.0,0.0,0.0
2020-01-05,18,0,313_RTPV_10,0.0,0.0,0.0,0.0,0.0
2020-01-05,18,0,313_RTPV_11,0.0,0.0,0.0,0.0,0.0
2020-01-05,18,0,313_RTPV_12,0.0,0.0,0.0,0.0,0.0
2020-01-05,18,0,320_RTPV_1,0.0,0.0,0.0,0.0,0.0
2020-01-05,18,0,320_RTPV_2,0.0,0.0,0.0,0.0,0.0
2020-01-05,18,0,320_RTPV_3,0.0,0.0,0.0,0.0,0.0
2020-01-05,18,0,313_RTPV_13,0.0,0.0,0.0,0.0,0.0
2020-01-05,18,0,320_RTPV_4,0.0,0.0,0.0,0.0,0.0
2020-01-05,18,0,320_RTPV_5,0.0,0.0,0.0,0.0,0.0
2020-01-05,18,0,118_RTPV_1,0.0,0.0,0.0,0.0,0.0
2020-01-05,18,0,118_RTPV_2,0.0,0.0,0.0,0.0,0.0
2020-01-05,18,0,118_RTPV_3,0.0,0.0,0.0,0.0,0.0
2020-01-05,18,0,118_RTPV_4,0.0,0.0,0.0,0.0,0.0
2020-01-05,18,0,118_RTPV_5,0.0,0.0,0.0,0.0,0.0
2020-01-05,18,0,118_RTPV_6,0.0,0.0,0.0,0.0,0.0
2020-01-05,18,0,320_RTPV_6,0.0,0.0,0.0,0.0,0.0
2020-01-05,18,0,118_RTPV_7,0.0,0.0,0.0,0.0,0.0
2020-01-05,18,0,118_RTPV_8,0.0,0.0,0.0,0.0,0.0
2020-01-05,18,0,118_RTPV_9,0.0,0.0,0.0,0.0,0.0
2020-01-05,18,0,118_RTPV_10,0.0,0.0,0.0,0.0,0.0
2020-01-05,18,0,213_RTPV_1,0.0,0.0,0.0,0.0,0.0
2020-01-05,18,0,309_WIND_1,70.267,1.867,0.0,1695.331822,0.0
2020-01-05,18,0,317_WIND_1,347.2725,0.0,0.0,7894.324098,0.0
2020-01-05,18,0,303_WIND_1,198.325,0.0,0.0,4508.395645,0.0
2020-01-05,18,0,122_WIND_1,325.5125,0.0,0.0,7399.667906,0.0
2020-01-05,18,0,122_WIND_1_PEM,0.0,3.9,374.5875,204.70709,0.0
2020-01-05,18,0,303_WIND_1_PEM,0.0,142.6,444.675,7484.93103,0.0
2020-01-05,18,0,309_WIND_1_PEM,0.0,75.633,75.633,3969.900341,0.0
2020-01-05,18,0,310_PV_2_PEM,0.0,0.0,0.0,0.0,0.0
2020-01-05,18,0,317_WIND_1_PEM,0.0,136.5,419.5275,7164.748145,0.0
2020-01-05,18,0,319_PV_1_PEM,0.0,0.0,0.0,0.0,0.0
2020-01-05,18,0,320_PV_1_PEM,0.0,0.0,0.0,0.0,0.0
2020-01-05,18,0,324_PV_1_PEM,0.0,0.0,0.0,0.0,0.0
2020-01-05,18,0,324_PV_2_PEM,0.0,0.0,0.0,0.0,0.0
2020-01-05,18,0,324_PV_3_PEM,0.0,0.0,0.0,0.0,0.0
2020-01-05,19,0,122_HYDRO_1,4.167,3.8,0.0,106.795836,0.0
2020-01-05,19,0,122_HYDRO_2,4.167,3.8,0.0,106.795836,0.0
2020-01-05,19,0,122_HYDRO_3,4.167,3.8,0.0,106.795836,0.0
2020-01-05,19,0,122_HYDRO_4,4.167,3.8,0.0,106.795836,0.0
2020-01-05,19,0,122_HYDRO_5,4.167,3.8,0.0,106.795836,0.0
2020-01-05,19,0,122_HYDRO_6,4.167,3.8,0.0,106.795836,0.0
2020-01-05,19,0,201_HYDRO_4,3.9,3.9,0.0,101.04393,0.0
2020-01-05,19,0,215_HYDRO_1,3.9,3.9,0.0,101.04393,0.0
2020-01-05,19,0,215_HYDRO_2,3.9,3.9,0.0,101.04393,0.0
2020-01-05,19,0,215_HYDRO_3,3.9,3.9,0.0,101.04393,0.0
2020-01-05,19,0,222_HYDRO_1,3.9,3.9,0.0,101.04393,0.0
2020-01-05,19,0,222_HYDRO_2,3.9,3.9,0.0,101.04393,0.0
2020-01-05,19,0,222_HYDRO_3,3.9,3.9,0.0,101.04393,0.0
2020-01-05,19,0,222_HYDRO_4,3.9,3.9,0.0,101.04393,0.0
2020-01-05,19,0,222_HYDRO_5,3.9,3.9,0.0,101.04393,0.0
2020-01-05,19,0,222_HYDRO_6,3.9,3.9,0.0,101.04393,0.0
2020-01-05,19,0,322_HYDRO_1,25.383,25.2,0.0,657.05926,0.0
2020-01-05,19,0,322_HYDRO_2,25.383,25.2,0.0,657.05926,0.0
2020-01-05,19,0,322_HYDRO_3,25.383,25.2,0.0,657.05926,0.0
2020-01-05,19,0,322_HYDRO_4,25.383,25.2,0.0,657.05926,0.0
2020-01-05,19,0,320_PV_1,0.0,0.0,0.0,0.0,0.0
2020-01-05,19,0,314_PV_1,0.0,0.0,0.0,0.0,0.0
2020-01-05,19,0,314_PV_2,0.0,0.0,0.0,0.0,0.0
2020-01-05,19,0,313_PV_1,0.0,0.0,0.0,0.0,0.0
2020-01-05,19,0,314_PV_3,0.0,0.0,0.0,0.0,0.0
2020-01-05,19,0,314_PV_4,0.0,0.0,0.0,0.0,0.0
2020-01-05,19,0,313_PV_2,0.0,0.0,0.0,0.0,0.0
2020-01-05,19,0,310_PV_1,0.0,0.0,0.0,0.0,0.0
2020-01-05,19,0,324_PV_1,0.0,0.0,0.0,0.0,0.0
2020-01-05,19,0,312_PV_1,0.0,0.0,0.0,0.0,0.0
2020-01-05,19,0,310_PV_2,0.0,0.0,0.0,0.0,0.0
2020-01-05,19,0,324_PV_2,0.0,0.0,0.0,0.0,0.0
2020-01-05,19,0,324_PV_3,0.0,0.0,0.0,0.0,0.0
2020-01-05,19,0,113_PV_1,0.0,0.0,0.0,0.0,0.0
2020-01-05,19,0,319_PV_1,0.0,0.0,0.0,0.0,0.0
2020-01-05,19,0,215_PV_1,0.0,0.0,0.0,0.0,0.0
2020-01-05,19,0,102_PV_1,0.0,0.0,0.0,0.0,0.0
2020-01-05,19,0,101_PV_1,0.0,0.0,0.0,0.0,0.0
2020-01-05,19,0,102_PV_2,0.0,0.0,0.0,0.0,0.0
2020-01-05,19,0,104_PV_1,0.0,0.0,0.0,0.0,0.0
2020-01-05,19,0,101_PV_2,0.0,0.0,0.0,0.0,0.0
2020-01-05,19,0,101_PV_3,0.0,0.0,0.0,0.0,0.0
2020-01-05,19,0,101_PV_4,0.0,0.0,0.0,0.0,0.0
2020-01-05,19,0,103_PV_1,0.0,0.0,0.0,0.0,0.0
2020-01-05,19,0,119_PV_1,0.0,0.0,0.0,0.0,0.0
2020-01-05,19,0,308_RTPV_1,0.0,0.0,0.0,0.0,0.0
2020-01-05,19,0,313_RTPV_1,0.0,0.0,0.0,0.0,0.0
2020-01-05,19,0,313_RTPV_2,0.0,0.0,0.0,0.0,0.0
2020-01-05,19,0,313_RTPV_3,0.0,0.0,0.0,0.0,0.0
2020-01-05,19,0,313_RTPV_4,0.0,0.0,0.0,0.0,0.0
2020-01-05,19,0,313_RTPV_5,0.0,0.0,0.0,0.0,0.0
2020-01-05,19,0,313_RTPV_6,0.0,0.0,0.0,0.0,0.0
2020-01-05,19,0,313_RTPV_7,0.0,0.0,0.0,0.0,0.0
2020-01-05,19,0,313_RTPV_8,0.0,0.0,0.0,0.0,0.0
2020-01-05,19,0,313_RTPV_9,0.0,0.0,0.0,0.0,0.0
2020-01-05,19,0,313_RTPV_10,0.0,0.0,0.0,0.0,0.0
2020-01-05,19,0,313_RTPV_11,0.0,0.0,0.0,0.0,0.0
2020-01-05,19,0,313_RTPV_12,0.0,0.0,0.0,0.0,0.0
2020-01-05,19,0,320_RTPV_1,0.0,0.0,0.0,0.0,0.0
2020-01-05,19,0,320_RTPV_2,0.0,0.0,0.0,0.0,0.0
2020-01-05,19,0,320_RTPV_3,0.0,0.0,0.0,0.0,0.0
2020-01-05,19,0,313_RTPV_13,0.0,0.0,0.0,0.0,0.0
2020-01-05,19,0,320_RTPV_4,0.0,0.0,0.0,0.0,0.0
2020-01-05,19,0,320_RTPV_5,0.0,0.0,0.0,0.0,0.0
2020-01-05,19,0,118_RTPV_1,0.0,0.0,0.0,0.0,0.0
2020-01-05,19,0,118_RTPV_2,0.0,0.0,0.0,0.0,0.0
2020-01-05,19,0,118_RTPV_3,0.0,0.0,0.0,0.0,0.0
2020-01-05,19,0,118_RTPV_4,0.0,0.0,0.0,0.0,0.0
2020-01-05,19,0,118_RTPV_5,0.0,0.0,0.0,0.0,0.0
2020-01-05,19,0,118_RTPV_6,0.0,0.0,0.0,0.0,0.0
2020-01-05,19,0,320_RTPV_6,0.0,0.0,0.0,0.0,0.0
2020-01-05,19,0,118_RTPV_7,0.0,0.0,0.0,0.0,0.0
2020-01-05,19,0,118_RTPV_8,0.0,0.0,0.0,0.0,0.0
2020-01-05,19,0,118_RTPV_9,0.0,0.0,0.0,0.0,0.0
2020-01-05,19,0,118_RTPV_10,0.0,0.0,0.0,0.0,0.0
2020-01-05,19,0,213_RTPV_1,0.0,0.0,0.0,0.0,0.0
2020-01-05,19,0,309_WIND_1,67.867,0.0,0.0,1542.777195,0.0
2020-01-05,19,0,317_WIND_1,337.7725,0.0,0.0,7678.366662,0.0
2020-01-05,19,0,303_WIND_1,165.725,0.0,0.0,3767.320652,0.0
2020-01-05,19,0,122_WIND_1,325.8125,0.0,0.0,7406.487615,0.0
2020-01-05,19,0,122_WIND_1_PEM,0.0,26.2,374.5875,83.22006,0.0
2020-01-05,19,0,303_WIND_1_PEM,0.0,264.3,444.675,839.506178,0.0
2020-01-05,19,0,309_WIND_1_PEM,0.0,66.9,75.633,212.497023,0.0
2020-01-05,19,0,310_PV_2_PEM,0.0,0.0,0.0,0.0,0.0
2020-01-05,19,0,317_WIND_1_PEM,0.0,141.3,419.5275,448.816583,0.0
2020-01-05,19,0,319_PV_1_PEM,0.0,0.0,0.0,0.0,0.0
2020-01-05,19,0,320_PV_1_PEM,0.0,0.0,0.0,0.0,0.0
2020-01-05,19,0,324_PV_1_PEM,0.0,0.0,0.0,0.0,0.0
2020-01-05,19,0,324_PV_2_PEM,0.0,0.0,0.0,0.0,0.0
2020-01-05,19,0,324_PV_3_PEM,0.0,0.0,0.0,0.0,0.0
2020-01-05,20,0,122_HYDRO_1,3.833,4.2,0.0,96.570685,0.0
2020-01-05,20,0,122_HYDRO_2,3.833,4.2,0.0,96.570685,0.0
2020-01-05,20,0,122_HYDRO_3,3.833,4.2,0.0,96.570685,0.0
2020-01-05,20,0,122_HYDRO_4,3.833,4.2,0.0,96.570685,0.0
2020-01-05,20,0,122_HYDRO_5,3.833,4.2,0.0,96.570685,0.0
2020-01-05,20,0,122_HYDRO_6,3.833,4.2,0.0,96.570685,0.0
2020-01-05,20,0,201_HYDRO_4,3.9,3.9,0.0,97.5,0.0
2020-01-05,20,0,215_HYDRO_1,3.9,3.9,0.0,97.5,0.0
2020-01-05,20,0,215_HYDRO_2,3.9,3.9,0.0,97.5,0.0
2020-01-05,20,0,215_HYDRO_3,3.9,3.9,0.0,97.5,0.0
2020-01-05,20,0,222_HYDRO_1,3.9,3.9,0.0,97.5,0.0
2020-01-05,20,0,222_HYDRO_2,3.9,3.9,0.0,97.5,0.0
2020-01-05,20,0,222_HYDRO_3,3.9,3.9,0.0,97.5,0.0
2020-01-05,20,0,222_HYDRO_4,3.9,3.9,0.0,97.5,0.0
2020-01-05,20,0,222_HYDRO_5,3.9,3.9,0.0,97.5,0.0
2020-01-05,20,0,222_HYDRO_6,3.9,3.9,0.0,97.5,0.0
2020-01-05,20,0,322_HYDRO_1,25.95,34.2,0.0,665.512677,0.0
2020-01-05,20,0,322_HYDRO_2,25.95,34.2,0.0,665.512677,0.0
2020-01-05,20,0,322_HYDRO_3,25.95,34.2,0.0,665.512677,0.0
2020-01-05,20,0,322_HYDRO_4,25.95,34.2,0.0,665.512677,0.0
2020-01-05,20,0,320_PV_1,0.0,0.0,0.0,0.0,0.0
2020-01-05,20,0,314_PV_1,0.0,0.0,0.0,0.0,0.0
2020-01-05,20,0,314_PV_2,0.0,0.0,0.0,0.0,0.0
2020-01-05,20,0,313_PV_1,0.0,0.0,0.0,0.0,0.0
2020-01-05,20,0,314_PV_3,0.0,0.0,0.0,0.0,0.0
2020-01-05,20,0,314_PV_4,0.0,0.0,0.0,0.0,0.0
2020-01-05,20,0,313_PV_2,0.0,0.0,0.0,0.0,0.0
2020-01-05,20,0,310_PV_1,0.0,0.0,0.0,0.0,0.0
2020-01-05,20,0,324_PV_1,0.0,0.0,0.0,0.0,0.0
2020-01-05,20,0,312_PV_1,0.0,0.0,0.0,0.0,0.0
2020-01-05,20,0,310_PV_2,0.0,0.0,0.0,0.0,0.0
2020-01-05,20,0,324_PV_2,0.0,0.0,0.0,0.0,0.0
2020-01-05,20,0,324_PV_3,0.0,0.0,0.0,0.0,0.0
2020-01-05,20,0,113_PV_1,0.0,0.0,0.0,0.0,0.0
2020-01-05,20,0,319_PV_1,0.0,0.0,0.0,0.0,0.0
2020-01-05,20,0,215_PV_1,0.0,0.0,0.0,0.0,0.0
2020-01-05,20,0,102_PV_1,0.0,0.0,0.0,0.0,0.0
2020-01-05,20,0,101_PV_1,0.0,0.0,0.0,0.0,0.0
2020-01-05,20,0,102_PV_2,0.0,0.0,0.0,0.0,0.0
2020-01-05,20,0,104_PV_1,0.0,0.0,0.0,0.0,0.0
2020-01-05,20,0,101_PV_2,0.0,0.0,0.0,0.0,0.0
2020-01-05,20,0,101_PV_3,0.0,0.0,0.0,0.0,0.0
2020-01-05,20,0,101_PV_4,0.0,0.0,0.0,0.0,0.0
2020-01-05,20,0,103_PV_1,0.0,0.0,0.0,0.0,0.0
2020-01-05,20,0,119_PV_1,0.0,0.0,0.0,0.0,0.0
2020-01-05,20,0,308_RTPV_1,0.0,0.0,0.0,0.0,0.0
2020-01-05,20,0,313_RTPV_1,0.0,0.0,0.0,0.0,0.0
2020-01-05,20,0,313_RTPV_2,0.0,0.0,0.0,0.0,0.0
2020-01-05,20,0,313_RTPV_3,0.0,0.0,0.0,0.0,0.0
2020-01-05,20,0,313_RTPV_4,0.0,0.0,0.0,0.0,0.0
2020-01-05,20,0,313_RTPV_5,0.0,0.0,0.0,0.0,0.0
2020-01-05,20,0,313_RTPV_6,0.0,0.0,0.0,0.0,0.0
2020-01-05,20,0,313_RTPV_7,0.0,0.0,0.0,0.0,0.0
2020-01-05,20,0,313_RTPV_8,0.0,0.0,0.0,0.0,0.0
2020-01-05,20,0,313_RTPV_9,0.0,0.0,0.0,0.0,0.0
2020-01-05,20,0,313_RTPV_10,0.0,0.0,0.0,0.0,0.0
2020-01-05,20,0,313_RTPV_11,0.0,0.0,0.0,0.0,0.0
2020-01-05,20,0,313_RTPV_12,0.0,0.0,0.0,0.0,0.0
2020-01-05,20,0,320_RTPV_1,0.0,0.0,0.0,0.0,0.0
2020-01-05,20,0,320_RTPV_2,0.0,0.0,0.0,0.0,0.0
2020-01-05,20,0,320_RTPV_3,0.0,0.0,0.0,0.0,0.0
2020-01-05,20,0,313_RTPV_13,0.0,0.0,0.0,0.0,0.0
2020-01-05,20,0,320_RTPV_4,0.0,0.0,0.0,0.0,0.0
2020-01-05,20,0,320_RTPV_5,0.0,0.0,0.0,0.0,0.0
2020-01-05,20,0,118_RTPV_1,0.0,0.0,0.0,0.0,0.0
2020-01-05,20,0,118_RTPV_2,0.0,0.0,0.0,0.0,0.0
2020-01-05,20,0,118_RTPV_3,0.0,0.0,0.0,0.0,0.0
2020-01-05,20,0,118_RTPV_4,0.0,0.0,0.0,0.0,0.0
2020-01-05,20,0,118_RTPV_5,0.0,0.0,0.0,0.0,0.0
2020-01-05,20,0,118_RTPV_6,0.0,0.0,0.0,0.0,0.0
2020-01-05,20,0,320_RTPV_6,0.0,0.0,0.0,0.0,0.0
2020-01-05,20,0,118_RTPV_7,0.0,0.0,0.0,0.0,0.0
2020-01-05,20,0,118_RTPV_8,0.0,0.0,0.0,0.0,0.0
2020-01-05,20,0,118_RTPV_9,0.0,0.0,0.0,0.0,0.0
2020-01-05,20,0,118_RTPV_10,0.0,0.0,0.0,0.0,0.0
2020-01-05,20,0,213_RTPV_1,0.0,0.0,0.0,0.0,0.0
2020-01-05,20,0,309_WIND_1,67.167,0.0,0.0,1542.702429,0.0
2020-01-05,20,0,317_WIND_1,361.3725,0.0,0.0,8300.061538,0.0
2020-01-05,20,0,303_WIND_1,26.025,0.0,0.0,597.746374,0.0
2020-01-05,20,0,122_WIND_1,325.4125,45.2125,0.0,7565.99104,0.0
2020-01-05,20,0,122_WIND_1_PEM,0.0,0.0,374.5875,0.0,0.0
2020-01-05,20,0,303_WIND_1_PEM,0.0,172.8,444.675,351.101886,0.0
2020-01-05,20,0,309_WIND_1_PEM,0.0,20.7,75.633,42.05908,0.0
2020-01-05,20,0,310_PV_2_PEM,0.0,0.0,0.0,0.0,0.0
2020-01-05,20,0,317_WIND_1_PEM,0.0,139.655385,419.5275,283.757344,0.0
2020-01-05,20,0,319_PV_1_PEM,0.0,0.0,0.0,0.0,0.0
2020-01-05,20,0,320_PV_1_PEM,0.0,0.0,0.0,0.0,0.0
2020-01-05,20,0,324_PV_1_PEM,0.0,0.0,0.0,0.0,0.0
2020-01-05,20,0,324_PV_2_PEM,0.0,0.0,0.0,0.0,0.0
2020-01-05,20,0,324_PV_3_PEM,0.0,0.0,0.0,0.0,0.0
2020-01-05,21,0,122_HYDRO_1,4.325,5.7,0.0,104.731534,0.0
2020-01-05,21,0,122_HYDRO_2,4.325,5.7,0.0,104.731534,0.0
2020-01-05,21,0,122_HYDRO_3,4.325,5.7,0.0,104.731534,0.0
2020-01-05,21,0,122_HYDRO_4,4.325,5.7,0.0,104.731534,0.0
2020-01-05,21,0,122_HYDRO_5,4.325,5.7,0.0,104.731534,0.0
2020-01-05,21,0,122_HYDRO_6,4.325,5.7,0.0,104.731534,0.0
2020-01-05,21,0,201_HYDRO_4,3.9,3.9,0.0,94.571683,0.0
2020-01-05,21,0,215_HYDRO_1,3.9,3.9,0.0,94.27247,0.0
2020-01-05,21,0,215_HYDRO_2,3.9,3.9,0.0,94.27247,0.0
2020-01-05,21,0,215_HYDRO_3,3.9,3.9,0.0,94.27247,0.0
2020-01-05,21,0,222_HYDRO_1,3.9,3.9,0.0,94.235482,0.0
2020-01-05,21,0,222_HYDRO_2,3.9,3.9,0.0,94.235482,0.0
2020-01-05,21,0,222_HYDRO_3,3.9,3.9,0.0,94.235482,0.0
2020-01-05,21,0,222_HYDRO_4,3.9,3.9,0.0,94.235482,0.0
2020-01-05,21,0,222_HYDRO_5,3.9,3.9,0.0,94.235482,0.0
2020-01-05,21,0,222_HYDRO_6,3.9,3.9,0.0,94.235482,0.0
2020-01-05,21,0,322_HYDRO_1,34.192,34.1,0.0,849.469432,0.0
2020-01-05,21,0,322_HYDRO_2,34.192,34.1,0.0,849.469432,0.0
2020-01-05,21,0,322_HYDRO_3,34.192,34.1,0.0,849.469432,0.0
2020-01-05,21,0,322_HYDRO_4,34.192,34.1,0.0,849.469432,0.0
2020-01-05,21,0,320_PV_1,0.0,0.0,0.0,0.0,0.0
2020-01-05,21,0,314_PV_1,0.0,0.0,0.0,0.0,0.0
2020-01-05,21,0,314_PV_2,0.0,0.0,0.0,0.0,0.0
2020-01-05,21,0,313_PV_1,0.0,0.0,0.0,0.0,0.0
2020-01-05,21,0,314_PV_3,0.0,0.0,0.0,0.0,0.0
2020-01-05,21,0,314_PV_4,0.0,0.0,0.0,0.0,0.0
2020-01-05,21,0,313_PV_2,0.0,0.0,0.0,0.0,0.0
2020-01-05,21,0,310_PV_1,0.0,0.0,0.0,0.0,0.0
2020-01-05,21,0,324_PV_1,0.0,0.0,0.0,0.0,0.0
2020-01-05,21,0,312_PV_1,0.0,0.0,0.0,0.0,0.0
2020-01-05,21,0,310_PV_2,0.0,0.0,0.0,0.0,0.0
2020-01-05,21,0,324_PV_2,0.0,0.0,0.0,0.0,0.0
2020-01-05,21,0,324_PV_3,0.0,0.0,0.0,0.0,0.0
2020-01-05,21,0,113_PV_1,0.0,0.0,0.0,0.0,0.0
2020-01-05,21,0,319_PV_1,0.0,0.0,0.0,0.0,0.0
2020-01-05,21,0,215_PV_1,0.0,0.0,0.0,0.0,0.0
2020-01-05,21,0,102_PV_1,0.0,0.0,0.0,0.0,0.0
2020-01-05,21,0,101_PV_1,0.0,0.0,0.0,0.0,0.0
2020-01-05,21,0,102_PV_2,0.0,0.0,0.0,0.0,0.0
2020-01-05,21,0,104_PV_1,0.0,0.0,0.0,0.0,0.0
2020-01-05,21,0,101_PV_2,0.0,0.0,0.0,0.0,0.0
2020-01-05,21,0,101_PV_3,0.0,0.0,0.0,0.0,0.0
2020-01-05,21,0,101_PV_4,0.0,0.0,0.0,0.0,0.0
2020-01-05,21,0,103_PV_1,0.0,0.0,0.0,0.0,0.0
2020-01-05,21,0,119_PV_1,0.0,0.0,0.0,0.0,0.0
2020-01-05,21,0,308_RTPV_1,0.0,0.0,0.0,0.0,0.0
2020-01-05,21,0,313_RTPV_1,0.0,0.0,0.0,0.0,0.0
2020-01-05,21,0,313_RTPV_2,0.0,0.0,0.0,0.0,0.0
2020-01-05,21,0,313_RTPV_3,0.0,0.0,0.0,0.0,0.0
2020-01-05,21,0,313_RTPV_4,0.0,0.0,0.0,0.0,0.0
2020-01-05,21,0,313_RTPV_5,0.0,0.0,0.0,0.0,0.0
2020-01-05,21,0,313_RTPV_6,0.0,0.0,0.0,0.0,0.0
2020-01-05,21,0,313_RTPV_7,0.0,0.0,0.0,0.0,0.0
2020-01-05,21,0,313_RTPV_8,0.0,0.0,0.0,0.0,0.0
2020-01-05,21,0,313_RTPV_9,0.0,0.0,0.0,0.0,0.0
2020-01-05,21,0,313_RTPV_10,0.0,0.0,0.0,0.0,0.0
2020-01-05,21,0,313_RTPV_11,0.0,0.0,0.0,0.0,0.0
2020-01-05,21,0,313_RTPV_12,0.0,0.0,0.0,0.0,0.0
2020-01-05,21,0,320_RTPV_1,0.0,0.0,0.0,0.0,0.0
2020-01-05,21,0,320_RTPV_2,0.0,0.0,0.0,0.0,0.0
2020-01-05,21,0,320_RTPV_3,0.0,0.0,0.0,0.0,0.0
2020-01-05,21,0,313_RTPV_13,0.0,0.0,0.0,0.0,0.0
2020-01-05,21,0,320_RTPV_4,0.0,0.0,0.0,0.0,0.0
2020-01-05,21,0,320_RTPV_5,0.0,0.0,0.0,0.0,0.0
2020-01-05,21,0,118_RTPV_1,0.0,0.0,0.0,0.0,0.0
2020-01-05,21,0,118_RTPV_2,0.0,0.0,0.0,0.0,0.0
2020-01-05,21,0,118_RTPV_3,0.0,0.0,0.0,0.0,0.0
2020-01-05,21,0,118_RTPV_4,0.0,0.0,0.0,0.0,0.0
2020-01-05,21,0,118_RTPV_5,0.0,0.0,0.0,0.0,0.0
2020-01-05,21,0,118_RTPV_6,0.0,0.0,0.0,0.0,0.0
2020-01-05,21,0,320_RTPV_6,0.0,0.0,0.0,0.0,0.0
2020-01-05,21,0,118_RTPV_7,0.0,0.0,0.0,0.0,0.0
2020-01-05,21,0,118_RTPV_8,0.0,0.0,0.0,0.0,0.0
2020-01-05,21,0,118_RTPV_9,0.0,0.0,0.0,0.0,0.0
2020-01-05,21,0,118_RTPV_10,0.0,0.0,0.0,0.0,0.0
2020-01-05,21,0,213_RTPV_1,0.0,0.0,0.0,0.0,0.0
2020-01-05,21,0,309_WIND_1,70.967,0.0,0.0,1596.250341,0.0
2020-01-05,21,0,317_WIND_1,354.1725,0.0,0.0,7966.350192,0.0
2020-01-05,21,0,303_WIND_1,8.825,0.0,0.0,198.499433,0.0
2020-01-05,21,0,122_WIND_1,323.1125,188.8125,0.0,7514.501478,0.0
2020-01-05,21,0,122_WIND_1_PEM,0.0,0.0,374.5875,0.0,0.0
2020-01-05,21,0,303_WIND_1_PEM,0.0,51.023156,444.675,125.930086,0.0
2020-01-05,21,0,309_WIND_1_PEM,0.0,14.5,75.633,36.353623,0.0
2020-01-05,21,0,310_PV_2_PEM,0.0,0.0,0.0,0.0,0.0
2020-01-05,21,0,317_WIND_1_PEM,0.0,0.0,419.5275,0.0,0.0
2020-01-05,21,0,319_PV_1_PEM,0.0,0.0,0.0,0.0,0.0
2020-01-05,21,0,320_PV_1_PEM,0.0,0.0,0.0,0.0,0.0
2020-01-05,21,0,324_PV_1_PEM,0.0,0.0,0.0,0.0,0.0
2020-01-05,21,0,324_PV_2_PEM,0.0,0.0,0.0,0.0,0.0
2020-01-05,21,0,324_PV_3_PEM,0.0,0.0,0.0,0.0,0.0
2020-01-05,22,0,122_HYDRO_1,5.542,3.8,0.0,124.499684,0.0
2020-01-05,22,0,122_HYDRO_2,5.542,3.8,0.0,124.499684,0.0
2020-01-05,22,0,122_HYDRO_3,5.542,3.8,0.0,124.499684,0.0
2020-01-05,22,0,122_HYDRO_4,5.542,3.8,0.0,124.499684,0.0
2020-01-05,22,0,122_HYDRO_5,5.542,3.8,0.0,124.499684,0.0
2020-01-05,22,0,122_HYDRO_6,5.542,3.8,0.0,124.499684,0.0
2020-01-05,22,0,201_HYDRO_4,3.9,3.9,0.0,90.506389,0.0
2020-01-05,22,0,215_HYDRO_1,3.9,3.9,0.0,90.506389,0.0
2020-01-05,22,0,215_HYDRO_2,3.9,3.9,0.0,90.506389,0.0
2020-01-05,22,0,215_HYDRO_3,3.9,3.9,0.0,90.506389,0.0
2020-01-05,22,0,222_HYDRO_1,3.9,3.9,0.0,90.506389,0.0
2020-01-05,22,0,222_HYDRO_2,3.9,3.9,0.0,90.506389,0.0
2020-01-05,22,0,222_HYDRO_3,3.9,3.9,0.0,90.506389,0.0
2020-01-05,22,0,222_HYDRO_4,3.9,3.9,0.0,90.506389,0.0
2020-01-05,22,0,222_HYDRO_5,3.9,3.9,0.0,90.506389,0.0
2020-01-05,22,0,222_HYDRO_6,3.9,3.9,0.0,90.506389,0.0
2020-01-05,22,0,322_HYDRO_1,34.592,40.0,0.0,815.534743,0.0
2020-01-05,22,0,322_HYDRO_2,34.592,40.0,0.0,815.534743,0.0
2020-01-05,22,0,322_HYDRO_3,34.592,40.0,0.0,815.534743,0.0
2020-01-05,22,0,322_HYDRO_4,34.592,40.0,0.0,815.534743,0.0
2020-01-05,22,0,320_PV_1,0.0,0.0,0.0,0.0,0.0
2020-01-05,22,0,314_PV_1,0.0,0.0,0.0,0.0,0.0
2020-01-05,22,0,314_PV_2,0.0,0.0,0.0,0.0,0.0
2020-01-05,22,0,313_PV_1,0.0,0.0,0.0,0.0,0.0
2020-01-05,22,0,314_PV_3,0.0,0.0,0.0,0.0,0.0
2020-01-05,22,0,314_PV_4,0.0,0.0,0.0,0.0,0.0
2020-01-05,22,0,313_PV_2,0.0,0.0,0.0,0.0,0.0
2020-01-05,22,0,310_PV_1,0.0,0.0,0.0,0.0,0.0
2020-01-05,22,0,324_PV_1,0.0,0.0,0.0,0.0,0.0
2020-01-05,22,0,312_PV_1,0.0,0.0,0.0,0.0,0.0
2020-01-05,22,0,310_PV_2,0.0,0.0,0.0,0.0,0.0
2020-01-05,22,0,324_PV_2,0.0,0.0,0.0,0.0,0.0
2020-01-05,22,0,324_PV_3,0.0,0.0,0.0,0.0,0.0
2020-01-05,22,0,113_PV_1,0.0,0.0,0.0,0.0,0.0
2020-01-05,22,0,319_PV_1,0.0,0.0,0.0,0.0,0.0
2020-01-05,22,0,215_PV_1,0.0,0.0,0.0,0.0,0.0
2020-01-05,22,0,102_PV_1,0.0,0.0,0.0,0.0,0.0
2020-01-05,22,0,101_PV_1,0.0,0.0,0.0,0.0,0.0
2020-01-05,22,0,102_PV_2,0.0,0.0,0.0,0.0,0.0
2020-01-05,22,0,104_PV_1,0.0,0.0,0.0,0.0,0.0
2020-01-05,22,0,101_PV_2,0.0,0.0,0.0,0.0,0.0
2020-01-05,22,0,101_PV_3,0.0,0.0,0.0,0.0,0.0
2020-01-05,22,0,101_PV_4,0.0,0.0,0.0,0.0,0.0
2020-01-05,22,0,103_PV_1,0.0,0.0,0.0,0.0,0.0
2020-01-05,22,0,119_PV_1,0.0,0.0,0.0,0.0,0.0
2020-01-05,22,0,308_RTPV_1,0.0,0.0,0.0,0.0,0.0
2020-01-05,22,0,313_RTPV_1,0.0,0.0,0.0,0.0,0.0
2020-01-05,22,0,313_RTPV_2,0.0,0.0,0.0,0.0,0.0
2020-01-05,22,0,313_RTPV_3,0.0,0.0,0.0,0.0,0.0
2020-01-05,22,0,313_RTPV_4,0.0,0.0,0.0,0.0,0.0
2020-01-05,22,0,313_RTPV_5,0.0,0.0,0.0,0.0,0.0
2020-01-05,22,0,313_RTPV_6,0.0,0.0,0.0,0.0,0.0
2020-01-05,22,0,313_RTPV_7,0.0,0.0,0.0,0.0,0.0
2020-01-05,22,0,313_RTPV_8,0.0,0.0,0.0,0.0,0.0
2020-01-05,22,0,313_RTPV_9,0.0,0.0,0.0,0.0,0.0
2020-01-05,22,0,313_RTPV_10,0.0,0.0,0.0,0.0,0.0
2020-01-05,22,0,313_RTPV_11,0.0,0.0,0.0,0.0,0.0
2020-01-05,22,0,313_RTPV_12,0.0,0.0,0.0,0.0,0.0
2020-01-05,22,0,320_RTPV_1,0.0,0.0,0.0,0.0,0.0
2020-01-05,22,0,320_RTPV_2,0.0,0.0,0.0,0.0,0.0
2020-01-05,22,0,320_RTPV_3,0.0,0.0,0.0,0.0,0.0
2020-01-05,22,0,313_RTPV_13,0.0,0.0,0.0,0.0,0.0
2020-01-05,22,0,320_RTPV_4,0.0,0.0,0.0,0.0,0.0
2020-01-05,22,0,320_RTPV_5,0.0,0.0,0.0,0.0,0.0
2020-01-05,22,0,118_RTPV_1,0.0,0.0,0.0,0.0,0.0
2020-01-05,22,0,118_RTPV_2,0.0,0.0,0.0,0.0,0.0
2020-01-05,22,0,118_RTPV_3,0.0,0.0,0.0,0.0,0.0
2020-01-05,22,0,118_RTPV_4,0.0,0.0,0.0,0.0,0.0
2020-01-05,22,0,118_RTPV_5,0.0,0.0,0.0,0.0,0.0
2020-01-05,22,0,118_RTPV_6,0.0,0.0,0.0,0.0,0.0
2020-01-05,22,0,320_RTPV_6,0.0,0.0,0.0,0.0,0.0
2020-01-05,22,0,118_RTPV_7,0.0,0.0,0.0,0.0,0.0
2020-01-05,22,0,118_RTPV_8,0.0,0.0,0.0,0.0,0.0
2020-01-05,22,0,118_RTPV_9,0.0,0.0,0.0,0.0,0.0
2020-01-05,22,0,118_RTPV_10,0.0,0.0,0.0,0.0,0.0
2020-01-05,22,0,213_RTPV_1,0.0,0.0,0.0,0.0,0.0
2020-01-05,22,0,309_WIND_1,70.467,0.0,0.0,1468.964789,0.0
2020-01-05,22,0,317_WIND_1,280.1725,0.0,0.0,5840.51453,0.0
2020-01-05,22,0,303_WIND_1,148.725,0.0,0.0,3100.341837,0.0
2020-01-05,22,0,122_WIND_1,316.2125,165.0125,0.0,6981.342569,0.0
2020-01-05,22,0,122_WIND_1_PEM,0.0,0.0,374.5875,0.0,0.0
2020-01-05,22,0,303_WIND_1_PEM,0.0,0.0,444.675,0.0,0.0
2020-01-05,22,0,309_WIND_1_PEM,0.0,0.0,75.633,0.0,0.0
2020-01-05,22,0,310_PV_2_PEM,0.0,0.0,0.0,0.0,0.0
2020-01-05,22,0,317_WIND_1_PEM,0.0,0.0,419.5275,0.0,0.0
2020-01-05,22,0,319_PV_1_PEM,0.0,0.0,0.0,0.0,0.0
2020-01-05,22,0,320_PV_1_PEM,0.0,0.0,0.0,0.0,0.0
2020-01-05,22,0,324_PV_1_PEM,0.0,0.0,0.0,0.0,0.0
2020-01-05,22,0,324_PV_2_PEM,0.0,0.0,0.0,0.0,0.0
2020-01-05,22,0,324_PV_3_PEM,0.0,0.0,0.0,0.0,0.0
2020-01-05,23,0,122_HYDRO_1,3.992,6.1,0.0,100.30083,0.0
2020-01-05,23,0,122_HYDRO_2,3.992,6.1,0.0,100.30083,0.0
2020-01-05,23,0,122_HYDRO_3,3.992,6.1,0.0,100.30083,0.0
2020-01-05,23,0,122_HYDRO_4,3.992,6.1,0.0,100.30083,0.0
2020-01-05,23,0,122_HYDRO_5,3.992,6.1,0.0,100.30083,0.0
2020-01-05,23,0,122_HYDRO_6,3.992,6.1,0.0,100.30083,0.0
2020-01-05,23,0,201_HYDRO_4,3.9,3.9,0.0,92.586552,0.0
2020-01-05,23,0,215_HYDRO_1,3.9,3.9,0.0,92.586552,0.0
2020-01-05,23,0,215_HYDRO_2,3.9,3.9,0.0,92.586552,0.0
2020-01-05,23,0,215_HYDRO_3,3.9,3.9,0.0,92.586552,0.0
2020-01-05,23,0,222_HYDRO_1,3.9,3.9,0.0,92.586552,0.0
2020-01-05,23,0,222_HYDRO_2,3.9,3.9,0.0,92.586552,0.0
2020-01-05,23,0,222_HYDRO_3,3.9,3.9,0.0,92.586552,0.0
2020-01-05,23,0,222_HYDRO_4,3.9,3.9,0.0,92.586552,0.0
2020-01-05,23,0,222_HYDRO_5,3.9,3.9,0.0,92.586552,0.0
2020-01-05,23,0,222_HYDRO_6,3.9,3.9,0.0,92.586552,0.0
2020-01-05,23,0,322_HYDRO_1,37.258,7.1,0.0,805.392875,0.0
2020-01-05,23,0,322_HYDRO_2,37.258,7.1,0.0,805.392875,0.0
2020-01-05,23,0,322_HYDRO_3,37.258,7.1,0.0,805.392875,0.0
2020-01-05,23,0,322_HYDRO_4,37.258,7.1,0.0,805.392875,0.0
2020-01-05,23,0,320_PV_1,0.0,0.0,0.0,0.0,0.0
2020-01-05,23,0,314_PV_1,0.0,0.0,0.0,0.0,0.0
2020-01-05,23,0,314_PV_2,0.0,0.0,0.0,0.0,0.0
2020-01-05,23,0,313_PV_1,0.0,0.0,0.0,0.0,0.0
2020-01-05,23,0,314_PV_3,0.0,0.0,0.0,0.0,0.0
2020-01-05,23,0,314_PV_4,0.0,0.0,0.0,0.0,0.0
2020-01-05,23,0,313_PV_2,0.0,0.0,0.0,0.0,0.0
2020-01-05,23,0,310_PV_1,0.0,0.0,0.0,0.0,0.0
2020-01-05,23,0,324_PV_1,0.0,0.0,0.0,0.0,0.0
2020-01-05,23,0,312_PV_1,0.0,0.0,0.0,0.0,0.0
2020-01-05,23,0,310_PV_2,0.0,0.0,0.0,0.0,0.0
2020-01-05,23,0,324_PV_2,0.0,0.0,0.0,0.0,0.0
2020-01-05,23,0,324_PV_3,0.0,0.0,0.0,0.0,0.0
2020-01-05,23,0,113_PV_1,0.0,0.0,0.0,0.0,0.0
2020-01-05,23,0,319_PV_1,0.0,0.0,0.0,0.0,0.0
2020-01-05,23,0,215_PV_1,0.0,0.0,0.0,0.0,0.0
2020-01-05,23,0,102_PV_1,0.0,0.0,0.0,0.0,0.0
2020-01-05,23,0,101_PV_1,0.0,0.0,0.0,0.0,0.0
2020-01-05,23,0,102_PV_2,0.0,0.0,0.0,0.0,0.0
2020-01-05,23,0,104_PV_1,0.0,0.0,0.0,0.0,0.0
2020-01-05,23,0,101_PV_2,0.0,0.0,0.0,0.0,0.0
2020-01-05,23,0,101_PV_3,0.0,0.0,0.0,0.0,0.0
2020-01-05,23,0,101_PV_4,0.0,0.0,0.0,0.0,0.0
2020-01-05,23,0,103_PV_1,0.0,0.0,0.0,0.0,0.0
2020-01-05,23,0,119_PV_1,0.0,0.0,0.0,0.0,0.0
2020-01-05,23,0,308_RTPV_1,0.0,0.0,0.0,0.0,0.0
2020-01-05,23,0,313_RTPV_1,0.0,0.0,0.0,0.0,0.0
2020-01-05,23,0,313_RTPV_2,0.0,0.0,0.0,0.0,0.0
2020-01-05,23,0,313_RTPV_3,0.0,0.0,0.0,0.0,0.0
2020-01-05,23,0,313_RTPV_4,0.0,0.0,0.0,0.0,0.0
2020-01-05,23,0,313_RTPV_5,0.0,0.0,0.0,0.0,0.0
2020-01-05,23,0,313_RTPV_6,0.0,0.0,0.0,0.0,0.0
2020-01-05,23,0,313_RTPV_7,0.0,0.0,0.0,0.0,0.0
2020-01-05,23,0,313_RTPV_8,0.0,0.0,0.0,0.0,0.0
2020-01-05,23,0,313_RTPV_9,0.0,0.0,0.0,0.0,0.0
2020-01-05,23,0,313_RTPV_10,0.0,0.0,0.0,0.0,0.0
2020-01-05,23,0,313_RTPV_11,0.0,0.0,0.0,0.0,0.0
2020-01-05,23,0,313_RTPV_12,0.0,0.0,0.0,0.0,0.0
2020-01-05,23,0,320_RTPV_1,0.0,0.0,0.0,0.0,0.0
2020-01-05,23,0,320_RTPV_2,0.0,0.0,0.0,0.0,0.0
2020-01-05,23,0,320_RTPV_3,0.0,0.0,0.0,0.0,0.0
2020-01-05,23,0,313_RTPV_13,0.0,0.0,0.0,0.0,0.0
2020-01-05,23,0,320_RTPV_4,0.0,0.0,0.0,0.0,0.0
2020-01-05,23,0,320_RTPV_5,0.0,0.0,0.0,0.0,0.0
2020-01-05,23,0,118_RTPV_1,0.0,0.0,0.0,0.0,0.0
2020-01-05,23,0,118_RTPV_2,0.0,0.0,0.0,0.0,0.0
2020-01-05,23,0,118_RTPV_3,0.0,0.0,0.0,0.0,0.0
2020-01-05,23,0,118_RTPV_4,0.0,0.0,0.0,0.0,0.0
2020-01-05,23,0,118_RTPV_5,0.0,0.0,0.0,0.0,0.0
2020-01-05,23,0,118_RTPV_6,0.0,0.0,0.0,0.0,0.0
2020-01-05,23,0,320_RTPV_6,0.0,0.0,0.0,0.0,0.0
2020-01-05,23,0,118_RTPV_7,0.0,0.0,0.0,0.0,0.0
2020-01-05,23,0,118_RTPV_8,0.0,0.0,0.0,0.0,0.0
2020-01-05,23,0,118_RTPV_9,0.0,0.0,0.0,0.0,0.0
2020-01-05,23,0,118_RTPV_10,0.0,0.0,0.0,0.0,0.0
2020-01-05,23,0,213_RTPV_1,0.0,0.0,0.0,0.0,0.0
2020-01-05,23,0,309_WIND_1,62.767,10.967,0.0,1354.203934,0.0
2020-01-05,23,0,317_WIND_1,271.1725,58.3725,0.0,5879.408219,0.0
2020-01-05,23,0,303_WIND_1,206.825,0.0,0.0,4367.464436,0.0
2020-01-05,23,0,122_WIND_1,192.1125,283.7125,0.0,4801.083894,0.0
2020-01-05,23,0,122_WIND_1_PEM,0.0,0.0,374.5875,0.0,0.0
2020-01-05,23,0,303_WIND_1_PEM,0.0,0.0,444.675,0.0,0.0
2020-01-05,23,0,309_WIND_1_PEM,0.0,0.0,75.633,0.0,0.0
2020-01-05,23,0,310_PV_2_PEM,0.0,0.0,0.0,0.0,0.0
2020-01-05,23,0,317_WIND_1_PEM,0.0,0.0,419.5275,0.0,0.0
2020-01-05,23,0,319_PV_1_PEM,0.0,0.0,0.0,0.0,0.0
2020-01-05,23,0,320_PV_1_PEM,0.0,0.0,0.0,0.0,0.0
2020-01-05,23,0,324_PV_1_PEM,0.0,0.0,0.0,0.0,0.0
2020-01-05,23,0,324_PV_2_PEM,0.0,0.0,0.0,0.0,0.0
2020-01-05,23,0,324_PV_3_PEM,0.0,0.0,0.0,0.0,0.0
2020-01-06,0,0,122_HYDRO_1,5.908,3.8,0.0,147.317273,0.0
2020-01-06,0,0,122_HYDRO_2,5.908,3.8,0.0,147.317273,0.0
2020-01-06,0,0,122_HYDRO_3,5.908,3.8,0.0,147.317273,0.0
2020-01-06,0,0,122_HYDRO_4,5.908,3.8,0.0,147.317273,0.0
2020-01-06,0,0,122_HYDRO_5,5.908,3.8,0.0,147.317273,0.0
2020-01-06,0,0,122_HYDRO_6,5.908,3.8,0.0,147.317273,0.0
2020-01-06,0,0,201_HYDRO_4,4.35,9.3,0.0,107.813326,0.0
2020-01-06,0,0,215_HYDRO_1,4.35,9.3,0.0,107.813326,0.0
2020-01-06,0,0,215_HYDRO_2,4.35,9.3,0.0,107.813326,0.0
2020-01-06,0,0,215_HYDRO_3,4.35,9.3,0.0,107.813326,0.0
2020-01-06,0,0,222_HYDRO_1,4.35,9.3,0.0,107.813326,0.0
2020-01-06,0,0,222_HYDRO_2,4.35,9.3,0.0,107.813326,0.0
2020-01-06,0,0,222_HYDRO_3,4.35,9.3,0.0,107.813326,0.0
2020-01-06,0,0,222_HYDRO_4,4.35,9.3,0.0,107.813326,0.0
2020-01-06,0,0,222_HYDRO_5,4.35,9.3,0.0,107.813326,0.0
2020-01-06,0,0,222_HYDRO_6,4.35,9.3,0.0,107.813326,0.0
2020-01-06,0,0,322_HYDRO_1,8.508,24.0,0.0,210.282777,0.0
2020-01-06,0,0,322_HYDRO_2,8.508,24.0,0.0,210.282777,0.0
2020-01-06,0,0,322_HYDRO_3,8.508,24.0,0.0,210.282777,0.0
2020-01-06,0,0,322_HYDRO_4,8.508,24.0,0.0,210.282777,0.0
2020-01-06,0,0,320_PV_1,0.0,0.0,0.0,0.0,0.0
2020-01-06,0,0,314_PV_1,0.0,0.0,0.0,0.0,0.0
2020-01-06,0,0,314_PV_2,0.0,0.0,0.0,0.0,0.0
2020-01-06,0,0,313_PV_1,0.0,0.0,0.0,0.0,0.0
2020-01-06,0,0,314_PV_3,0.0,0.0,0.0,0.0,0.0
2020-01-06,0,0,314_PV_4,0.0,0.0,0.0,0.0,0.0
2020-01-06,0,0,313_PV_2,0.0,0.0,0.0,0.0,0.0
2020-01-06,0,0,310_PV_1,0.0,0.0,0.0,0.0,0.0
2020-01-06,0,0,324_PV_1,0.0,0.0,0.0,0.0,0.0
2020-01-06,0,0,312_PV_1,0.0,0.0,0.0,0.0,0.0
2020-01-06,0,0,310_PV_2,0.0,0.0,0.0,0.0,0.0
2020-01-06,0,0,324_PV_2,0.0,0.0,0.0,0.0,0.0
2020-01-06,0,0,324_PV_3,0.0,0.0,0.0,0.0,0.0
2020-01-06,0,0,113_PV_1,0.0,0.0,0.0,0.0,0.0
2020-01-06,0,0,319_PV_1,0.0,0.0,0.0,0.0,0.0
2020-01-06,0,0,215_PV_1,0.0,0.0,0.0,0.0,0.0
2020-01-06,0,0,102_PV_1,0.0,0.0,0.0,0.0,0.0
2020-01-06,0,0,101_PV_1,0.0,0.0,0.0,0.0,0.0
2020-01-06,0,0,102_PV_2,0.0,0.0,0.0,0.0,0.0
2020-01-06,0,0,104_PV_1,0.0,0.0,0.0,0.0,0.0
2020-01-06,0,0,101_PV_2,0.0,0.0,0.0,0.0,0.0
2020-01-06,0,0,101_PV_3,0.0,0.0,0.0,0.0,0.0
2020-01-06,0,0,101_PV_4,0.0,0.0,0.0,0.0,0.0
2020-01-06,0,0,103_PV_1,0.0,0.0,0.0,0.0,0.0
2020-01-06,0,0,119_PV_1,0.0,0.0,0.0,0.0,0.0
2020-01-06,0,0,308_RTPV_1,0.0,0.0,0.0,0.0,0.0
2020-01-06,0,0,313_RTPV_1,0.0,0.0,0.0,0.0,0.0
2020-01-06,0,0,313_RTPV_2,0.0,0.0,0.0,0.0,0.0
2020-01-06,0,0,313_RTPV_3,0.0,0.0,0.0,0.0,0.0
2020-01-06,0,0,313_RTPV_4,0.0,0.0,0.0,0.0,0.0
2020-01-06,0,0,313_RTPV_5,0.0,0.0,0.0,0.0,0.0
2020-01-06,0,0,313_RTPV_6,0.0,0.0,0.0,0.0,0.0
2020-01-06,0,0,313_RTPV_7,0.0,0.0,0.0,0.0,0.0
2020-01-06,0,0,313_RTPV_8,0.0,0.0,0.0,0.0,0.0
2020-01-06,0,0,313_RTPV_9,0.0,0.0,0.0,0.0,0.0
2020-01-06,0,0,313_RTPV_10,0.0,0.0,0.0,0.0,0.0
2020-01-06,0,0,313_RTPV_11,0.0,0.0,0.0,0.0,0.0
2020-01-06,0,0,313_RTPV_12,0.0,0.0,0.0,0.0,0.0
2020-01-06,0,0,320_RTPV_1,0.0,0.0,0.0,0.0,0.0
2020-01-06,0,0,320_RTPV_2,0.0,0.0,0.0,0.0,0.0
2020-01-06,0,0,320_RTPV_3,0.0,0.0,0.0,0.0,0.0
2020-01-06,0,0,313_RTPV_13,0.0,0.0,0.0,0.0,0.0
2020-01-06,0,0,320_RTPV_4,0.0,0.0,0.0,0.0,0.0
2020-01-06,0,0,320_RTPV_5,0.0,0.0,0.0,0.0,0.0
2020-01-06,0,0,118_RTPV_1,0.0,0.0,0.0,0.0,0.0
2020-01-06,0,0,118_RTPV_2,0.0,0.0,0.0,0.0,0.0
2020-01-06,0,0,118_RTPV_3,0.0,0.0,0.0,0.0,0.0
2020-01-06,0,0,118_RTPV_4,0.0,0.0,0.0,0.0,0.0
2020-01-06,0,0,118_RTPV_5,0.0,0.0,0.0,0.0,0.0
2020-01-06,0,0,118_RTPV_6,0.0,0.0,0.0,0.0,0.0
2020-01-06,0,0,320_RTPV_6,0.0,0.0,0.0,0.0,0.0
2020-01-06,0,0,118_RTPV_7,0.0,0.0,0.0,0.0,0.0
2020-01-06,0,0,118_RTPV_8,0.0,0.0,0.0,0.0,0.0
2020-01-06,0,0,118_RTPV_9,0.0,0.0,0.0,0.0,0.0
2020-01-06,0,0,118_RTPV_10,0.0,0.0,0.0,0.0,0.0
2020-01-06,0,0,213_RTPV_1,0.0,0.0,0.0,0.0,0.0
2020-01-06,0,0,309_WIND_1,57.467,28.367,0.0,1433.817944,0.0
2020-01-06,0,0,317_WIND_1,187.6725,218.8725,0.0,4669.768185,0.0
2020-01-06,0,0,303_WIND_1,198.025,98.425,0.0,4940.711869,0.0
2020-01-06,0,0,122_WIND_1,0.0,275.6125,0.0,-27.759033,0.0
2020-01-06,0,0,122_WIND_1_PEM,6.376646,0.0,340.823354,159.416152,0.0
2020-01-06,0,0,303_WIND_1_PEM,0.0,0.0,444.675,0.0,0.0
2020-01-06,0,0,309_WIND_1_PEM,75.633,0.0,0.0,1890.825,0.0
2020-01-06,0,0,310_PV_2_PEM,0.0,0.0,0.0,0.0,0.0
2020-01-06,0,0,317_WIND_1_PEM,0.0,0.0,419.5275,0.0,0.0
2020-01-06,0,0,319_PV_1_PEM,0.0,0.0,0.0,0.0,0.0
2020-01-06,0,0,320_PV_1_PEM,0.0,0.0,0.0,0.0,0.0
2020-01-06,0,0,324_PV_1_PEM,0.0,0.0,0.0,0.0,0.0
2020-01-06,0,0,324_PV_2_PEM,0.0,0.0,0.0,0.0,0.0
2020-01-06,0,0,324_PV_3_PEM,0.0,0.0,0.0,0.0,0.0
2020-01-06,1,0,122_HYDRO_1,3.8,3.8,0.0,95.0,0.0
2020-01-06,1,0,122_HYDRO_2,3.8,3.8,0.0,95.0,0.0
2020-01-06,1,0,122_HYDRO_3,3.8,3.8,0.0,95.0,0.0
2020-01-06,1,0,122_HYDRO_4,3.8,3.8,0.0,95.0,0.0
2020-01-06,1,0,122_HYDRO_5,3.8,3.8,0.0,95.0,0.0
2020-01-06,1,0,122_HYDRO_6,3.8,3.8,0.0,95.0,0.0
2020-01-06,1,0,201_HYDRO_4,9.3,9.3,0.0,232.5,0.0
2020-01-06,1,0,215_HYDRO_1,9.3,9.3,0.0,232.5,0.0
2020-01-06,1,0,215_HYDRO_2,9.3,9.3,0.0,232.5,0.0
2020-01-06,1,0,215_HYDRO_3,9.3,9.3,0.0,232.5,0.0
2020-01-06,1,0,222_HYDRO_1,9.3,9.3,0.0,232.5,0.0
2020-01-06,1,0,222_HYDRO_2,9.3,9.3,0.0,232.5,0.0
2020-01-06,1,0,222_HYDRO_3,9.3,9.3,0.0,232.5,0.0
2020-01-06,1,0,222_HYDRO_4,9.3,9.3,0.0,232.5,0.0
2020-01-06,1,0,222_HYDRO_5,9.3,9.3,0.0,232.5,0.0
2020-01-06,1,0,222_HYDRO_6,9.3,9.3,0.0,232.5,0.0
2020-01-06,1,0,322_HYDRO_1,23.825,21.9,0.0,592.617779,0.0
2020-01-06,1,0,322_HYDRO_2,23.825,21.9,0.0,592.617779,0.0
2020-01-06,1,0,322_HYDRO_3,23.825,21.9,0.0,592.617779,0.0
2020-01-06,1,0,322_HYDRO_4,23.825,21.9,0.0,592.617779,0.0
2020-01-06,1,0,320_PV_1,0.0,0.0,0.0,0.0,0.0
2020-01-06,1,0,314_PV_1,0.0,0.0,0.0,0.0,0.0
2020-01-06,1,0,314_PV_2,0.0,0.0,0.0,0.0,0.0
2020-01-06,1,0,313_PV_1,0.0,0.0,0.0,0.0,0.0
2020-01-06,1,0,314_PV_3,0.0,0.0,0.0,0.0,0.0
2020-01-06,1,0,314_PV_4,0.0,0.0,0.0,0.0,0.0
2020-01-06,1,0,313_PV_2,0.0,0.0,0.0,0.0,0.0
2020-01-06,1,0,310_PV_1,0.0,0.0,0.0,0.0,0.0
2020-01-06,1,0,324_PV_1,0.0,0.0,0.0,0.0,0.0
2020-01-06,1,0,312_PV_1,0.0,0.0,0.0,0.0,0.0
2020-01-06,1,0,310_PV_2,0.0,0.0,0.0,0.0,0.0
2020-01-06,1,0,324_PV_2,0.0,0.0,0.0,0.0,0.0
2020-01-06,1,0,324_PV_3,0.0,0.0,0.0,0.0,0.0
2020-01-06,1,0,113_PV_1,0.0,0.0,0.0,0.0,0.0
2020-01-06,1,0,319_PV_1,0.0,0.0,0.0,0.0,0.0
2020-01-06,1,0,215_PV_1,0.0,0.0,0.0,0.0,0.0
2020-01-06,1,0,102_PV_1,0.0,0.0,0.0,0.0,0.0
2020-01-06,1,0,101_PV_1,0.0,0.0,0.0,0.0,0.0
2020-01-06,1,0,102_PV_2,0.0,0.0,0.0,0.0,0.0
2020-01-06,1,0,104_PV_1,0.0,0.0,0.0,0.0,0.0
2020-01-06,1,0,101_PV_2,0.0,0.0,0.0,0.0,0.0
2020-01-06,1,0,101_PV_3,0.0,0.0,0.0,0.0,0.0
2020-01-06,1,0,101_PV_4,0.0,0.0,0.0,0.0,0.0
2020-01-06,1,0,103_PV_1,0.0,0.0,0.0,0.0,0.0
2020-01-06,1,0,119_PV_1,0.0,0.0,0.0,0.0,0.0
2020-01-06,1,0,308_RTPV_1,0.0,0.0,0.0,0.0,0.0
2020-01-06,1,0,313_RTPV_1,0.0,0.0,0.0,0.0,0.0
2020-01-06,1,0,313_RTPV_2,0.0,0.0,0.0,0.0,0.0
2020-01-06,1,0,313_RTPV_3,0.0,0.0,0.0,0.0,0.0
2020-01-06,1,0,313_RTPV_4,0.0,0.0,0.0,0.0,0.0
2020-01-06,1,0,313_RTPV_5,0.0,0.0,0.0,0.0,0.0
2020-01-06,1,0,313_RTPV_6,0.0,0.0,0.0,0.0,0.0
2020-01-06,1,0,313_RTPV_7,0.0,0.0,0.0,0.0,0.0
2020-01-06,1,0,313_RTPV_8,0.0,0.0,0.0,0.0,0.0
2020-01-06,1,0,313_RTPV_9,0.0,0.0,0.0,0.0,0.0
2020-01-06,1,0,313_RTPV_10,0.0,0.0,0.0,0.0,0.0
2020-01-06,1,0,313_RTPV_11,0.0,0.0,0.0,0.0,0.0
2020-01-06,1,0,313_RTPV_12,0.0,0.0,0.0,0.0,0.0
2020-01-06,1,0,320_RTPV_1,0.0,0.0,0.0,0.0,0.0
2020-01-06,1,0,320_RTPV_2,0.0,0.0,0.0,0.0,0.0
2020-01-06,1,0,320_RTPV_3,0.0,0.0,0.0,0.0,0.0
2020-01-06,1,0,313_RTPV_13,0.0,0.0,0.0,0.0,0.0
2020-01-06,1,0,320_RTPV_4,0.0,0.0,0.0,0.0,0.0
2020-01-06,1,0,320_RTPV_5,0.0,0.0,0.0,0.0,0.0
2020-01-06,1,0,118_RTPV_1,0.0,0.0,0.0,0.0,0.0
2020-01-06,1,0,118_RTPV_2,0.0,0.0,0.0,0.0,0.0
2020-01-06,1,0,118_RTPV_3,0.0,0.0,0.0,0.0,0.0
2020-01-06,1,0,118_RTPV_4,0.0,0.0,0.0,0.0,0.0
2020-01-06,1,0,118_RTPV_5,0.0,0.0,0.0,0.0,0.0
2020-01-06,1,0,118_RTPV_6,0.0,0.0,0.0,0.0,0.0
2020-01-06,1,0,320_RTPV_6,0.0,0.0,0.0,0.0,0.0
2020-01-06,1,0,118_RTPV_7,0.0,0.0,0.0,0.0,0.0
2020-01-06,1,0,118_RTPV_8,0.0,0.0,0.0,0.0,0.0
2020-01-06,1,0,118_RTPV_9,0.0,0.0,0.0,0.0,0.0
2020-01-06,1,0,118_RTPV_10,0.0,0.0,0.0,0.0,0.0
2020-01-06,1,0,213_RTPV_1,0.0,0.0,0.0,0.0,0.0
2020-01-06,1,0,309_WIND_1,65.267,41.667,0.0,1594.807248,0.0
2020-01-06,1,0,317_WIND_1,42.0725,150.6725,0.0,1221.466646,0.0
2020-01-06,1,0,303_WIND_1,175.825,190.725,0.0,4418.901674,0.0
2020-01-06,1,0,122_WIND_1,106.4125,276.3125,0.0,2925.729069,0.0
2020-01-06,1,0,122_WIND_1_PEM,0.0,0.0,374.5875,0.0,0.0
2020-01-06,1,0,303_WIND_1_PEM,0.0,0.0,444.675,0.0,0.0
2020-01-06,1,0,309_WIND_1_PEM,0.0,0.0,75.633,0.0,0.0
2020-01-06,1,0,310_PV_2_PEM,0.0,0.0,0.0,0.0,0.0
2020-01-06,1,0,317_WIND_1_PEM,0.0,0.0,419.5275,0.0,0.0
2020-01-06,1,0,319_PV_1_PEM,0.0,0.0,0.0,0.0,0.0
2020-01-06,1,0,320_PV_1_PEM,0.0,0.0,0.0,0.0,0.0
2020-01-06,1,0,324_PV_1_PEM,0.0,0.0,0.0,0.0,0.0
2020-01-06,1,0,324_PV_2_PEM,0.0,0.0,0.0,0.0,0.0
2020-01-06,1,0,324_PV_3_PEM,0.0,0.0,0.0,0.0,0.0
2020-01-06,2,0,122_HYDRO_1,3.8,3.8,0.0,88.635413,0.0
2020-01-06,2,0,122_HYDRO_2,3.8,3.8,0.0,88.635413,0.0
2020-01-06,2,0,122_HYDRO_3,3.8,3.8,0.0,88.635413,0.0
2020-01-06,2,0,122_HYDRO_4,3.8,3.8,0.0,88.635413,0.0
2020-01-06,2,0,122_HYDRO_5,3.8,3.8,0.0,88.635413,0.0
2020-01-06,2,0,122_HYDRO_6,3.8,3.8,0.0,88.635413,0.0
2020-01-06,2,0,201_HYDRO_4,9.317,9.5,0.0,217.468092,0.0
2020-01-06,2,0,215_HYDRO_1,9.317,9.5,0.0,217.468092,0.0
2020-01-06,2,0,215_HYDRO_2,9.317,9.5,0.0,217.468092,0.0
2020-01-06,2,0,215_HYDRO_3,9.317,9.5,0.0,217.468092,0.0
2020-01-06,2,0,222_HYDRO_1,9.317,9.5,0.0,217.468092,0.0
2020-01-06,2,0,222_HYDRO_2,9.317,9.5,0.0,217.468092,0.0
2020-01-06,2,0,222_HYDRO_3,9.317,9.5,0.0,217.468092,0.0
2020-01-06,2,0,222_HYDRO_4,9.317,9.5,0.0,217.468092,0.0
2020-01-06,2,0,222_HYDRO_5,9.317,9.5,0.0,217.468092,0.0
2020-01-06,2,0,222_HYDRO_6,9.317,9.5,0.0,217.468092,0.0
2020-01-06,2,0,322_HYDRO_1,21.608,18.4,0.0,501.413538,0.0
2020-01-06,2,0,322_HYDRO_2,21.608,18.4,0.0,501.413538,0.0
2020-01-06,2,0,322_HYDRO_3,21.608,18.4,0.0,501.413538,0.0
2020-01-06,2,0,322_HYDRO_4,21.608,18.4,0.0,501.413538,0.0
2020-01-06,2,0,320_PV_1,0.0,0.0,0.0,0.0,0.0
2020-01-06,2,0,314_PV_1,0.0,0.0,0.0,0.0,0.0
2020-01-06,2,0,314_PV_2,0.0,0.0,0.0,0.0,0.0
2020-01-06,2,0,313_PV_1,0.0,0.0,0.0,0.0,0.0
2020-01-06,2,0,314_PV_3,0.0,0.0,0.0,0.0,0.0
2020-01-06,2,0,314_PV_4,0.0,0.0,0.0,0.0,0.0
2020-01-06,2,0,313_PV_2,0.0,0.0,0.0,0.0,0.0
2020-01-06,2,0,310_PV_1,0.0,0.0,0.0,0.0,0.0
2020-01-06,2,0,324_PV_1,0.0,0.0,0.0,0.0,0.0
2020-01-06,2,0,312_PV_1,0.0,0.0,0.0,0.0,0.0
2020-01-06,2,0,310_PV_2,0.0,0.0,0.0,0.0,0.0
2020-01-06,2,0,324_PV_2,0.0,0.0,0.0,0.0,0.0
2020-01-06,2,0,324_PV_3,0.0,0.0,0.0,0.0,0.0
2020-01-06,2,0,113_PV_1,0.0,0.0,0.0,0.0,0.0
2020-01-06,2,0,319_PV_1,0.0,0.0,0.0,0.0,0.0
2020-01-06,2,0,215_PV_1,0.0,0.0,0.0,0.0,0.0
2020-01-06,2,0,102_PV_1,0.0,0.0,0.0,0.0,0.0
2020-01-06,2,0,101_PV_1,0.0,0.0,0.0,0.0,0.0
2020-01-06,2,0,102_PV_2,0.0,0.0,0.0,0.0,0.0
2020-01-06,2,0,104_PV_1,0.0,0.0,0.0,0.0,0.0
2020-01-06,2,0,101_PV_2,0.0,0.0,0.0,0.0,0.0
2020-01-06,2,0,101_PV_3,0.0,0.0,0.0,0.0,0.0
2020-01-06,2,0,101_PV_4,0.0,0.0,0.0,0.0,0.0
2020-01-06,2,0,103_PV_1,0.0,0.0,0.0,0.0,0.0
2020-01-06,2,0,119_PV_1,0.0,0.0,0.0,0.0,0.0
2020-01-06,2,0,308_RTPV_1,0.0,0.0,0.0,0.0,0.0
2020-01-06,2,0,313_RTPV_1,0.0,0.0,0.0,0.0,0.0
2020-01-06,2,0,313_RTPV_2,0.0,0.0,0.0,0.0,0.0
2020-01-06,2,0,313_RTPV_3,0.0,0.0,0.0,0.0,0.0
2020-01-06,2,0,313_RTPV_4,0.0,0.0,0.0,0.0,0.0
2020-01-06,2,0,313_RTPV_5,0.0,0.0,0.0,0.0,0.0
2020-01-06,2,0,313_RTPV_6,0.0,0.0,0.0,0.0,0.0
2020-01-06,2,0,313_RTPV_7,0.0,0.0,0.0,0.0,0.0
2020-01-06,2,0,313_RTPV_8,0.0,0.0,0.0,0.0,0.0
2020-01-06,2,0,313_RTPV_9,0.0,0.0,0.0,0.0,0.0
2020-01-06,2,0,313_RTPV_10,0.0,0.0,0.0,0.0,0.0
2020-01-06,2,0,313_RTPV_11,0.0,0.0,0.0,0.0,0.0
2020-01-06,2,0,313_RTPV_12,0.0,0.0,0.0,0.0,0.0
2020-01-06,2,0,320_RTPV_1,0.0,0.0,0.0,0.0,0.0
2020-01-06,2,0,320_RTPV_2,0.0,0.0,0.0,0.0,0.0
2020-01-06,2,0,320_RTPV_3,0.0,0.0,0.0,0.0,0.0
2020-01-06,2,0,313_RTPV_13,0.0,0.0,0.0,0.0,0.0
2020-01-06,2,0,320_RTPV_4,0.0,0.0,0.0,0.0,0.0
2020-01-06,2,0,320_RTPV_5,0.0,0.0,0.0,0.0,0.0
2020-01-06,2,0,118_RTPV_1,0.0,0.0,0.0,0.0,0.0
2020-01-06,2,0,118_RTPV_2,0.0,0.0,0.0,0.0,0.0
2020-01-06,2,0,118_RTPV_3,0.0,0.0,0.0,0.0,0.0
2020-01-06,2,0,118_RTPV_4,0.0,0.0,0.0,0.0,0.0
2020-01-06,2,0,118_RTPV_5,0.0,0.0,0.0,0.0,0.0
2020-01-06,2,0,118_RTPV_6,0.0,0.0,0.0,0.0,0.0
2020-01-06,2,0,320_RTPV_6,0.0,0.0,0.0,0.0,0.0
2020-01-06,2,0,118_RTPV_7,0.0,0.0,0.0,0.0,0.0
2020-01-06,2,0,118_RTPV_8,0.0,0.0,0.0,0.0,0.0
2020-01-06,2,0,118_RTPV_9,0.0,0.0,0.0,0.0,0.0
2020-01-06,2,0,118_RTPV_10,0.0,0.0,0.0,0.0,0.0
2020-01-06,2,0,213_RTPV_1,0.0,0.0,0.0,0.0,0.0
2020-01-06,2,0,309_WIND_1,53.967,54.367,0.0,1259.109754,0.0
2020-01-06,2,0,317_WIND_1,236.0725,182.2725,0.0,5462.890214,0.0
2020-01-06,2,0,303_WIND_1,212.925,164.425,0.0,4927.260188,0.0
2020-01-06,2,0,122_WIND_1,94.7125,292.6125,0.0,2369.288877,0.0
2020-01-06,2,0,122_WIND_1_PEM,0.0,0.0,374.5875,0.0,0.0
2020-01-06,2,0,303_WIND_1_PEM,0.0,0.0,444.675,0.0,0.0
2020-01-06,2,0,309_WIND_1_PEM,0.0,0.0,75.633,0.0,0.0
2020-01-06,2,0,310_PV_2_PEM,0.0,0.0,0.0,0.0,0.0
2020-01-06,2,0,317_WIND_1_PEM,0.0,0.0,419.5275,0.0,0.0
2020-01-06,2,0,319_PV_1_PEM,0.0,0.0,0.0,0.0,0.0
2020-01-06,2,0,320_PV_1_PEM,0.0,0.0,0.0,0.0,0.0
2020-01-06,2,0,324_PV_1_PEM,0.0,0.0,0.0,0.0,0.0
2020-01-06,2,0,324_PV_2_PEM,0.0,0.0,0.0,0.0,0.0
2020-01-06,2,0,324_PV_3_PEM,0.0,0.0,0.0,0.0,0.0
2020-01-06,3,0,122_HYDRO_1,3.8,3.8,0.0,82.259579,0.0
2020-01-06,3,0,122_HYDRO_2,3.8,3.8,0.0,82.259579,0.0
2020-01-06,3,0,122_HYDRO_3,3.8,3.8,0.0,82.259579,0.0
2020-01-06,3,0,122_HYDRO_4,3.8,3.8,0.0,82.259579,0.0
2020-01-06,3,0,122_HYDRO_5,3.8,3.8,0.0,82.259579,0.0
2020-01-06,3,0,122_HYDRO_6,3.8,3.8,0.0,82.259579,0.0
2020-01-06,3,0,201_HYDRO_4,9.483,9.3,0.0,205.479518,0.0
2020-01-06,3,0,215_HYDRO_1,9.483,9.3,0.0,205.479518,0.0
2020-01-06,3,0,215_HYDRO_2,9.483,9.3,0.0,205.479518,0.0
2020-01-06,3,0,215_HYDRO_3,9.483,9.3,0.0,205.479518,0.0
2020-01-06,3,0,222_HYDRO_1,9.483,9.3,0.0,205.479518,0.0
2020-01-06,3,0,222_HYDRO_2,9.483,9.3,0.0,205.479518,0.0
2020-01-06,3,0,222_HYDRO_3,9.483,9.3,0.0,205.479518,0.0
2020-01-06,3,0,222_HYDRO_4,9.483,9.3,0.0,205.479518,0.0
2020-01-06,3,0,222_HYDRO_5,9.483,9.3,0.0,205.479518,0.0
2020-01-06,3,0,222_HYDRO_6,9.483,9.3,0.0,205.479518,0.0
2020-01-06,3,0,322_HYDRO_1,18.558,20.3,0.0,399.839555,0.0
2020-01-06,3,0,322_HYDRO_2,18.558,20.3,0.0,399.839555,0.0
2020-01-06,3,0,322_HYDRO_3,18.558,20.3,0.0,399.839555,0.0
2020-01-06,3,0,322_HYDRO_4,18.558,20.3,0.0,399.839555,0.0
2020-01-06,3,0,320_PV_1,0.0,0.0,0.0,0.0,0.0
2020-01-06,3,0,314_PV_1,0.0,0.0,0.0,0.0,0.0
2020-01-06,3,0,314_PV_2,0.0,0.0,0.0,0.0,0.0
2020-01-06,3,0,313_PV_1,0.0,0.0,0.0,0.0,0.0
2020-01-06,3,0,314_PV_3,0.0,0.0,0.0,0.0,0.0
2020-01-06,3,0,314_PV_4,0.0,0.0,0.0,0.0,0.0
2020-01-06,3,0,313_PV_2,0.0,0.0,0.0,0.0,0.0
2020-01-06,3,0,310_PV_1,0.0,0.0,0.0,0.0,0.0
2020-01-06,3,0,324_PV_1,0.0,0.0,0.0,0.0,0.0
2020-01-06,3,0,312_PV_1,0.0,0.0,0.0,0.0,0.0
2020-01-06,3,0,310_PV_2,0.0,0.0,0.0,0.0,0.0
2020-01-06,3,0,324_PV_2,0.0,0.0,0.0,0.0,0.0
2020-01-06,3,0,324_PV_3,0.0,0.0,0.0,0.0,0.0
2020-01-06,3,0,113_PV_1,0.0,0.0,0.0,0.0,0.0
2020-01-06,3,0,319_PV_1,0.0,0.0,0.0,0.0,0.0
2020-01-06,3,0,215_PV_1,0.0,0.0,0.0,0.0,0.0
2020-01-06,3,0,102_PV_1,0.0,0.0,0.0,0.0,0.0
2020-01-06,3,0,101_PV_1,0.0,0.0,0.0,0.0,0.0
2020-01-06,3,0,102_PV_2,0.0,0.0,0.0,0.0,0.0
2020-01-06,3,0,104_PV_1,0.0,0.0,0.0,0.0,0.0
2020-01-06,3,0,101_PV_2,0.0,0.0,0.0,0.0,0.0
2020-01-06,3,0,101_PV_3,0.0,0.0,0.0,0.0,0.0
2020-01-06,3,0,101_PV_4,0.0,0.0,0.0,0.0,0.0
2020-01-06,3,0,103_PV_1,0.0,0.0,0.0,0.0,0.0
2020-01-06,3,0,119_PV_1,0.0,0.0,0.0,0.0,0.0
2020-01-06,3,0,308_RTPV_1,0.0,0.0,0.0,0.0,0.0
2020-01-06,3,0,313_RTPV_1,0.0,0.0,0.0,0.0,0.0
2020-01-06,3,0,313_RTPV_2,0.0,0.0,0.0,0.0,0.0
2020-01-06,3,0,313_RTPV_3,0.0,0.0,0.0,0.0,0.0
2020-01-06,3,0,313_RTPV_4,0.0,0.0,0.0,0.0,0.0
2020-01-06,3,0,313_RTPV_5,0.0,0.0,0.0,0.0,0.0
2020-01-06,3,0,313_RTPV_6,0.0,0.0,0.0,0.0,0.0
2020-01-06,3,0,313_RTPV_7,0.0,0.0,0.0,0.0,0.0
2020-01-06,3,0,313_RTPV_8,0.0,0.0,0.0,0.0,0.0
2020-01-06,3,0,313_RTPV_9,0.0,0.0,0.0,0.0,0.0
2020-01-06,3,0,313_RTPV_10,0.0,0.0,0.0,0.0,0.0
2020-01-06,3,0,313_RTPV_11,0.0,0.0,0.0,0.0,0.0
2020-01-06,3,0,313_RTPV_12,0.0,0.0,0.0,0.0,0.0
2020-01-06,3,0,320_RTPV_1,0.0,0.0,0.0,0.0,0.0
2020-01-06,3,0,320_RTPV_2,0.0,0.0,0.0,0.0,0.0
2020-01-06,3,0,320_RTPV_3,0.0,0.0,0.0,0.0,0.0
2020-01-06,3,0,313_RTPV_13,0.0,0.0,0.0,0.0,0.0
2020-01-06,3,0,320_RTPV_4,0.0,0.0,0.0,0.0,0.0
2020-01-06,3,0,320_RTPV_5,0.0,0.0,0.0,0.0,0.0
2020-01-06,3,0,118_RTPV_1,0.0,0.0,0.0,0.0,0.0
2020-01-06,3,0,118_RTPV_2,0.0,0.0,0.0,0.0,0.0
2020-01-06,3,0,118_RTPV_3,0.0,0.0,0.0,0.0,0.0
2020-01-06,3,0,118_RTPV_4,0.0,0.0,0.0,0.0,0.0
2020-01-06,3,0,118_RTPV_5,0.0,0.0,0.0,0.0,0.0
2020-01-06,3,0,118_RTPV_6,0.0,0.0,0.0,0.0,0.0
2020-01-06,3,0,320_RTPV_6,0.0,0.0,0.0,0.0,0.0
2020-01-06,3,0,118_RTPV_7,0.0,0.0,0.0,0.0,0.0
2020-01-06,3,0,118_RTPV_8,0.0,0.0,0.0,0.0,0.0
2020-01-06,3,0,118_RTPV_9,0.0,0.0,0.0,0.0,0.0
2020-01-06,3,0,118_RTPV_10,0.0,0.0,0.0,0.0,0.0
2020-01-06,3,0,213_RTPV_1,0.0,0.0,0.0,0.0,0.0
2020-01-06,3,0,309_WIND_1,62.467,59.467,0.0,1355.494553,0.0
2020-01-06,3,0,317_WIND_1,168.7725,302.0725,0.0,3508.817399,0.0
2020-01-06,3,0,303_WIND_1,327.025,278.625,0.0,7131.713458,0.0
2020-01-06,3,0,122_WIND_1,0.0,286.6125,0.0,-311.004415,0.0
2020-01-06,3,0,122_WIND_1_PEM,0.0,0.0,362.4,0.0,0.0
2020-01-06,3,0,303_WIND_1_PEM,0.0,0.0,444.675,0.0,0.0
2020-01-06,3,0,309_WIND_1_PEM,0.0,0.0,75.633,0.0,0.0
2020-01-06,3,0,310_PV_2_PEM,0.0,0.0,0.0,0.0,0.0
2020-01-06,3,0,317_WIND_1_PEM,0.0,0.0,419.5275,0.0,0.0
2020-01-06,3,0,319_PV_1_PEM,0.0,0.0,0.0,0.0,0.0
2020-01-06,3,0,320_PV_1_PEM,0.0,0.0,0.0,0.0,0.0
2020-01-06,3,0,324_PV_1_PEM,0.0,0.0,0.0,0.0,0.0
2020-01-06,3,0,324_PV_2_PEM,0.0,0.0,0.0,0.0,0.0
2020-01-06,3,0,324_PV_3_PEM,0.0,0.0,0.0,0.0,0.0
2020-01-06,4,0,122_HYDRO_1,3.8,3.8,0.0,87.665897,0.0
2020-01-06,4,0,122_HYDRO_2,3.8,3.8,0.0,87.665897,0.0
2020-01-06,4,0,122_HYDRO_3,3.8,3.8,0.0,87.665897,0.0
2020-01-06,4,0,122_HYDRO_4,3.8,3.8,0.0,87.665897,0.0
2020-01-06,4,0,122_HYDRO_5,3.8,3.8,0.0,87.665897,0.0
2020-01-06,4,0,122_HYDRO_6,3.8,3.8,0.0,87.665897,0.0
2020-01-06,4,0,201_HYDRO_4,9.3,9.3,0.0,214.550748,0.0
2020-01-06,4,0,215_HYDRO_1,9.3,9.3,0.0,214.550748,0.0
2020-01-06,4,0,215_HYDRO_2,9.3,9.3,0.0,214.550748,0.0
2020-01-06,4,0,215_HYDRO_3,9.3,9.3,0.0,214.550748,0.0
2020-01-06,4,0,222_HYDRO_1,9.3,9.3,0.0,214.550748,0.0
2020-01-06,4,0,222_HYDRO_2,9.3,9.3,0.0,214.550748,0.0
2020-01-06,4,0,222_HYDRO_3,9.3,9.3,0.0,214.550748,0.0
2020-01-06,4,0,222_HYDRO_4,9.3,9.3,0.0,214.550748,0.0
2020-01-06,4,0,222_HYDRO_5,9.3,9.3,0.0,214.550748,0.0
2020-01-06,4,0,222_HYDRO_6,9.3,9.3,0.0,214.550748,0.0
2020-01-06,4,0,322_HYDRO_1,19.9,15.5,0.0,461.677993,0.0
2020-01-06,4,0,322_HYDRO_2,19.9,15.5,0.0,461.677993,0.0
2020-01-06,4,0,322_HYDRO_3,19.9,15.5,0.0,461.677993,0.0
2020-01-06,4,0,322_HYDRO_4,19.9,15.5,0.0,461.677993,0.0
2020-01-06,4,0,320_PV_1,0.0,0.0,0.0,0.0,0.0
2020-01-06,4,0,314_PV_1,0.0,0.0,0.0,0.0,0.0
2020-01-06,4,0,314_PV_2,0.0,0.0,0.0,0.0,0.0
2020-01-06,4,0,313_PV_1,0.0,0.0,0.0,0.0,0.0
2020-01-06,4,0,314_PV_3,0.0,0.0,0.0,0.0,0.0
2020-01-06,4,0,314_PV_4,0.0,0.0,0.0,0.0,0.0
2020-01-06,4,0,313_PV_2,0.0,0.0,0.0,0.0,0.0
2020-01-06,4,0,310_PV_1,0.0,0.0,0.0,0.0,0.0
2020-01-06,4,0,324_PV_1,0.0,0.0,0.0,0.0,0.0
2020-01-06,4,0,312_PV_1,0.0,0.0,0.0,0.0,0.0
2020-01-06,4,0,310_PV_2,0.0,0.0,0.0,0.0,0.0
2020-01-06,4,0,324_PV_2,0.0,0.0,0.0,0.0,0.0
2020-01-06,4,0,324_PV_3,0.0,0.0,0.0,0.0,0.0
2020-01-06,4,0,113_PV_1,0.0,0.0,0.0,0.0,0.0
2020-01-06,4,0,319_PV_1,0.0,0.0,0.0,0.0,0.0
2020-01-06,4,0,215_PV_1,0.0,0.0,0.0,0.0,0.0
2020-01-06,4,0,102_PV_1,0.0,0.0,0.0,0.0,0.0
2020-01-06,4,0,101_PV_1,0.0,0.0,0.0,0.0,0.0
2020-01-06,4,0,102_PV_2,0.0,0.0,0.0,0.0,0.0
2020-01-06,4,0,104_PV_1,0.0,0.0,0.0,0.0,0.0
2020-01-06,4,0,101_PV_2,0.0,0.0,0.0,0.0,0.0
2020-01-06,4,0,101_PV_3,0.0,0.0,0.0,0.0,0.0
2020-01-06,4,0,101_PV_4,0.0,0.0,0.0,0.0,0.0
2020-01-06,4,0,103_PV_1,0.0,0.0,0.0,0.0,0.0
2020-01-06,4,0,119_PV_1,0.0,0.0,0.0,0.0,0.0
2020-01-06,4,0,308_RTPV_1,0.0,0.0,0.0,0.0,0.0
2020-01-06,4,0,313_RTPV_1,0.0,0.0,0.0,0.0,0.0
2020-01-06,4,0,313_RTPV_2,0.0,0.0,0.0,0.0,0.0
2020-01-06,4,0,313_RTPV_3,0.0,0.0,0.0,0.0,0.0
2020-01-06,4,0,313_RTPV_4,0.0,0.0,0.0,0.0,0.0
2020-01-06,4,0,313_RTPV_5,0.0,0.0,0.0,0.0,0.0
2020-01-06,4,0,313_RTPV_6,0.0,0.0,0.0,0.0,0.0
2020-01-06,4,0,313_RTPV_7,0.0,0.0,0.0,0.0,0.0
2020-01-06,4,0,313_RTPV_8,0.0,0.0,0.0,0.0,0.0
2020-01-06,4,0,313_RTPV_9,0.0,0.0,0.0,0.0,0.0
2020-01-06,4,0,313_RTPV_10,0.0,0.0,0.0,0.0,0.0
2020-01-06,4,0,313_RTPV_11,0.0,0.0,0.0,0.0,0.0
2020-01-06,4,0,313_RTPV_12,0.0,0.0,0.0,0.0,0.0
2020-01-06,4,0,320_RTPV_1,0.0,0.0,0.0,0.0,0.0
2020-01-06,4,0,320_RTPV_2,0.0,0.0,0.0,0.0,0.0
2020-01-06,4,0,320_RTPV_3,0.0,0.0,0.0,0.0,0.0
2020-01-06,4,0,313_RTPV_13,0.0,0.0,0.0,0.0,0.0
2020-01-06,4,0,320_RTPV_4,0.0,0.0,0.0,0.0,0.0
2020-01-06,4,0,320_RTPV_5,0.0,0.0,0.0,0.0,0.0
2020-01-06,4,0,118_RTPV_1,0.0,0.0,0.0,0.0,0.0
2020-01-06,4,0,118_RTPV_2,0.0,0.0,0.0,0.0,0.0
2020-01-06,4,0,118_RTPV_3,0.0,0.0,0.0,0.0,0.0
2020-01-06,4,0,118_RTPV_4,0.0,0.0,0.0,0.0,0.0
2020-01-06,4,0,118_RTPV_5,0.0,0.0,0.0,0.0,0.0
2020-01-06,4,0,118_RTPV_6,0.0,0.0,0.0,0.0,0.0
2020-01-06,4,0,320_RTPV_6,0.0,0.0,0.0,0.0,0.0
2020-01-06,4,0,118_RTPV_7,0.0,0.0,0.0,0.0,0.0
2020-01-06,4,0,118_RTPV_8,0.0,0.0,0.0,0.0,0.0
2020-01-06,4,0,118_RTPV_9,0.0,0.0,0.0,0.0,0.0
2020-01-06,4,0,118_RTPV_10,0.0,0.0,0.0,0.0,0.0
2020-01-06,4,0,213_RTPV_1,0.0,0.0,0.0,0.0,0.0
2020-01-06,4,0,309_WIND_1,58.767,47.467,0.0,1362.393213,0.0
2020-01-06,4,0,317_WIND_1,149.9725,327.6725,0.0,3355.44125,0.0
2020-01-06,4,0,303_WIND_1,230.125,262.925,0.0,5289.703537,0.0
2020-01-06,4,0,122_WIND_1,0.0,276.4125,0.0,-162.425797,0.0
2020-01-06,4,0,122_WIND_1_PEM,0.0,0.0,359.6,0.0,0.0
2020-01-06,4,0,303_WIND_1_PEM,0.0,0.0,444.675,0.0,0.0
2020-01-06,4,0,309_WIND_1_PEM,0.0,0.0,75.633,0.0,0.0
2020-01-06,4,0,310_PV_2_PEM,0.0,0.0,0.0,0.0,0.0
2020-01-06,4,0,317_WIND_1_PEM,0.0,0.0,419.5275,0.0,0.0
2020-01-06,4,0,319_PV_1_PEM,0.0,0.0,0.0,0.0,0.0
2020-01-06,4,0,320_PV_1_PEM,0.0,0.0,0.0,0.0,0.0
2020-01-06,4,0,324_PV_1_PEM,0.0,0.0,0.0,0.0,0.0
2020-01-06,4,0,324_PV_2_PEM,0.0,0.0,0.0,0.0,0.0
2020-01-06,4,0,324_PV_3_PEM,0.0,0.0,0.0,0.0,0.0
2020-01-06,5,0,122_HYDRO_1,3.8,3.8,0.0,95.0,0.0
2020-01-06,5,0,122_HYDRO_2,3.8,3.8,0.0,95.0,0.0
2020-01-06,5,0,122_HYDRO_3,3.8,3.8,0.0,95.0,0.0
2020-01-06,5,0,122_HYDRO_4,3.8,3.8,0.0,95.0,0.0
2020-01-06,5,0,122_HYDRO_5,3.8,3.8,0.0,95.0,0.0
2020-01-06,5,0,122_HYDRO_6,3.8,3.8,0.0,95.0,0.0
2020-01-06,5,0,201_HYDRO_4,9.317,9.5,0.0,232.925,0.0
2020-01-06,5,0,215_HYDRO_1,9.317,9.5,0.0,232.925,0.0
2020-01-06,5,0,215_HYDRO_2,9.317,9.5,0.0,232.925,0.0
2020-01-06,5,0,215_HYDRO_3,9.317,9.5,0.0,232.925,0.0
2020-01-06,5,0,222_HYDRO_1,9.317,9.5,0.0,232.925,0.0
2020-01-06,5,0,222_HYDRO_2,9.317,9.5,0.0,232.925,0.0
2020-01-06,5,0,222_HYDRO_3,9.317,9.5,0.0,232.925,0.0
2020-01-06,5,0,222_HYDRO_4,9.317,9.5,0.0,232.925,0.0
2020-01-06,5,0,222_HYDRO_5,9.317,9.5,0.0,232.925,0.0
2020-01-06,5,0,222_HYDRO_6,9.317,9.5,0.0,232.925,0.0
2020-01-06,5,0,322_HYDRO_1,14.867,7.9,0.0,371.675,0.0
2020-01-06,5,0,322_HYDRO_2,14.867,7.9,0.0,371.675,0.0
2020-01-06,5,0,322_HYDRO_3,14.867,7.9,0.0,371.675,0.0
2020-01-06,5,0,322_HYDRO_4,14.867,7.9,0.0,371.675,0.0
2020-01-06,5,0,320_PV_1,0.0,0.0,0.0,0.0,0.0
2020-01-06,5,0,314_PV_1,0.0,0.0,0.0,0.0,0.0
2020-01-06,5,0,314_PV_2,0.0,0.0,0.0,0.0,0.0
2020-01-06,5,0,313_PV_1,0.0,0.0,0.0,0.0,0.0
2020-01-06,5,0,314_PV_3,0.0,0.0,0.0,0.0,0.0
2020-01-06,5,0,314_PV_4,0.0,0.0,0.0,0.0,0.0
2020-01-06,5,0,313_PV_2,0.0,0.0,0.0,0.0,0.0
2020-01-06,5,0,310_PV_1,0.0,0.0,0.0,0.0,0.0
2020-01-06,5,0,324_PV_1,0.0,0.0,0.0,0.0,0.0
2020-01-06,5,0,312_PV_1,0.0,0.0,0.0,0.0,0.0
2020-01-06,5,0,310_PV_2,0.0,0.0,0.0,0.0,0.0
2020-01-06,5,0,324_PV_2,0.0,0.0,0.0,0.0,0.0
2020-01-06,5,0,324_PV_3,0.0,0.0,0.0,0.0,0.0
2020-01-06,5,0,113_PV_1,0.0,0.0,0.0,0.0,0.0
2020-01-06,5,0,319_PV_1,0.0,0.0,0.0,0.0,0.0
2020-01-06,5,0,215_PV_1,0.0,0.0,0.0,0.0,0.0
2020-01-06,5,0,102_PV_1,0.0,0.0,0.0,0.0,0.0
2020-01-06,5,0,101_PV_1,0.0,0.0,0.0,0.0,0.0
2020-01-06,5,0,102_PV_2,0.0,0.0,0.0,0.0,0.0
2020-01-06,5,0,104_PV_1,0.0,0.0,0.0,0.0,0.0
2020-01-06,5,0,101_PV_2,0.0,0.0,0.0,0.0,0.0
2020-01-06,5,0,101_PV_3,0.0,0.0,0.0,0.0,0.0
2020-01-06,5,0,101_PV_4,0.0,0.0,0.0,0.0,0.0
2020-01-06,5,0,103_PV_1,0.0,0.0,0.0,0.0,0.0
2020-01-06,5,0,119_PV_1,0.0,0.0,0.0,0.0,0.0
2020-01-06,5,0,308_RTPV_1,0.0,0.0,0.0,0.0,0.0
2020-01-06,5,0,313_RTPV_1,0.0,0.0,0.0,0.0,0.0
2020-01-06,5,0,313_RTPV_2,0.0,0.0,0.0,0.0,0.0
2020-01-06,5,0,313_RTPV_3,0.0,0.0,0.0,0.0,0.0
2020-01-06,5,0,313_RTPV_4,0.0,0.0,0.0,0.0,0.0
2020-01-06,5,0,313_RTPV_5,0.0,0.0,0.0,0.0,0.0
2020-01-06,5,0,313_RTPV_6,0.0,0.0,0.0,0.0,0.0
2020-01-06,5,0,313_RTPV_7,0.0,0.0,0.0,0.0,0.0
2020-01-06,5,0,313_RTPV_8,0.0,0.0,0.0,0.0,0.0
2020-01-06,5,0,313_RTPV_9,0.0,0.0,0.0,0.0,0.0
2020-01-06,5,0,313_RTPV_10,0.0,0.0,0.0,0.0,0.0
2020-01-06,5,0,313_RTPV_11,0.0,0.0,0.0,0.0,0.0
2020-01-06,5,0,313_RTPV_12,0.0,0.0,0.0,0.0,0.0
2020-01-06,5,0,320_RTPV_1,0.0,0.0,0.0,0.0,0.0
2020-01-06,5,0,320_RTPV_2,0.0,0.0,0.0,0.0,0.0
2020-01-06,5,0,320_RTPV_3,0.0,0.0,0.0,0.0,0.0
2020-01-06,5,0,313_RTPV_13,0.0,0.0,0.0,0.0,0.0
2020-01-06,5,0,320_RTPV_4,0.0,0.0,0.0,0.0,0.0
2020-01-06,5,0,320_RTPV_5,0.0,0.0,0.0,0.0,0.0
2020-01-06,5,0,118_RTPV_1,0.0,0.0,0.0,0.0,0.0
2020-01-06,5,0,118_RTPV_2,0.0,0.0,0.0,0.0,0.0
2020-01-06,5,0,118_RTPV_3,0.0,0.0,0.0,0.0,0.0
2020-01-06,5,0,118_RTPV_4,0.0,0.0,0.0,0.0,0.0
2020-01-06,5,0,118_RTPV_5,0.0,0.0,0.0,0.0,0.0
2020-01-06,5,0,118_RTPV_6,0.0,0.0,0.0,0.0,0.0
2020-01-06,5,0,320_RTPV_6,0.0,0.0,0.0,0.0,0.0
2020-01-06,5,0,118_RTPV_7,0.0,0.0,0.0,0.0,0.0
2020-01-06,5,0,118_RTPV_8,0.0,0.0,0.0,0.0,0.0
2020-01-06,5,0,118_RTPV_9,0.0,0.0,0.0,0.0,0.0
2020-01-06,5,0,118_RTPV_10,0.0,0.0,0.0,0.0,0.0
2020-01-06,5,0,213_RTPV_1,0.0,0.0,0.0,0.0,0.0
2020-01-06,5,0,309_WIND_1,54.467,28.767,0.0,1361.675,0.0
2020-01-06,5,0,317_WIND_1,77.6725,325.4725,0.0,1941.8125,0.0
2020-01-06,5,0,303_WIND_1,220.225,320.925,0.0,5505.625,0.0
2020-01-06,5,0,122_WIND_1,0.0,275.1125,0.0,0.0,0.0
2020-01-06,5,0,122_WIND_1_PEM,261.592078,0.0,0.107922,6539.801947,0.0
2020-01-06,5,0,303_WIND_1_PEM,0.0,0.0,444.675,0.0,0.0
2020-01-06,5,0,309_WIND_1_PEM,75.633,0.0,0.0,1890.825,0.0
2020-01-06,5,0,310_PV_2_PEM,0.0,0.0,0.0,0.0,0.0
2020-01-06,5,0,317_WIND_1_PEM,0.0,134.549673,419.5275,0.0,0.0
2020-01-06,5,0,319_PV_1_PEM,0.0,0.0,0.0,0.0,0.0
2020-01-06,5,0,320_PV_1_PEM,0.0,0.0,0.0,0.0,0.0
2020-01-06,5,0,324_PV_1_PEM,0.0,0.0,0.0,0.0,0.0
2020-01-06,5,0,324_PV_2_PEM,0.0,0.0,0.0,0.0,0.0
2020-01-06,5,0,324_PV_3_PEM,0.0,0.0,0.0,0.0,0.0
2020-01-06,6,0,122_HYDRO_1,4.583,13.2,0.0,114.575,0.0
2020-01-06,6,0,122_HYDRO_2,4.583,13.2,0.0,114.575,0.0
2020-01-06,6,0,122_HYDRO_3,4.583,13.2,0.0,114.575,0.0
2020-01-06,6,0,122_HYDRO_4,4.583,13.2,0.0,114.575,0.0
2020-01-06,6,0,122_HYDRO_5,4.583,13.2,0.0,114.575,0.0
2020-01-06,6,0,122_HYDRO_6,4.583,13.2,0.0,114.575,0.0
2020-01-06,6,0,201_HYDRO_4,9.667,11.5,0.0,241.675,0.0
2020-01-06,6,0,215_HYDRO_1,9.667,11.5,0.0,241.675,0.0
2020-01-06,6,0,215_HYDRO_2,9.667,11.5,0.0,241.675,0.0
2020-01-06,6,0,215_HYDRO_3,9.667,11.5,0.0,241.675,0.0
2020-01-06,6,0,222_HYDRO_1,9.667,11.5,0.0,241.675,0.0
2020-01-06,6,0,222_HYDRO_2,9.667,11.5,0.0,241.675,0.0
2020-01-06,6,0,222_HYDRO_3,9.667,11.5,0.0,241.675,0.0
2020-01-06,6,0,222_HYDRO_4,9.667,11.5,0.0,241.675,0.0
2020-01-06,6,0,222_HYDRO_5,9.667,11.5,0.0,241.675,0.0
2020-01-06,6,0,222_HYDRO_6,9.667,11.5,0.0,241.675,0.0
2020-01-06,6,0,322_HYDRO_1,8.275,12.4,0.0,206.875,0.0
2020-01-06,6,0,322_HYDRO_2,8.275,12.4,0.0,206.875,0.0
2020-01-06,6,0,322_HYDRO_3,8.275,12.4,0.0,206.875,0.0
2020-01-06,6,0,322_HYDRO_4,8.275,12.4,0.0,206.875,0.0
2020-01-06,6,0,320_PV_1,0.0,0.0,0.0,0.0,0.0
2020-01-06,6,0,314_PV_1,0.0,0.0,0.0,0.0,0.0
2020-01-06,6,0,314_PV_2,0.0,0.0,0.0,0.0,0.0
2020-01-06,6,0,313_PV_1,0.0,0.0,0.0,0.0,0.0
2020-01-06,6,0,314_PV_3,0.0,0.0,0.0,0.0,0.0
2020-01-06,6,0,314_PV_4,0.0,0.0,0.0,0.0,0.0
2020-01-06,6,0,313_PV_2,0.0,0.0,0.0,0.0,0.0
2020-01-06,6,0,310_PV_1,0.0,0.0,0.0,0.0,0.0
2020-01-06,6,0,324_PV_1,0.0,0.0,0.0,0.0,0.0
2020-01-06,6,0,312_PV_1,0.0,0.0,0.0,0.0,0.0
2020-01-06,6,0,310_PV_2,0.0,0.0,0.0,0.0,0.0
2020-01-06,6,0,324_PV_2,0.0,0.0,0.0,0.0,0.0
2020-01-06,6,0,324_PV_3,0.0,0.0,0.0,0.0,0.0
2020-01-06,6,0,113_PV_1,0.0,0.0,0.0,0.0,0.0
2020-01-06,6,0,319_PV_1,0.0,0.0,0.0,0.0,0.0
2020-01-06,6,0,215_PV_1,0.0,0.0,0.0,0.0,0.0
2020-01-06,6,0,102_PV_1,0.0,0.0,0.0,0.0,0.0
2020-01-06,6,0,101_PV_1,0.0,0.0,0.0,0.0,0.0
2020-01-06,6,0,102_PV_2,0.0,0.0,0.0,0.0,0.0
2020-01-06,6,0,104_PV_1,0.0,0.0,0.0,0.0,0.0
2020-01-06,6,0,101_PV_2,0.0,0.0,0.0,0.0,0.0
2020-01-06,6,0,101_PV_3,0.0,0.0,0.0,0.0,0.0
2020-01-06,6,0,101_PV_4,0.0,0.0,0.0,0.0,0.0
2020-01-06,6,0,103_PV_1,0.0,0.0,0.0,0.0,0.0
2020-01-06,6,0,119_PV_1,0.0,0.0,0.0,0.0,0.0
2020-01-06,6,0,308_RTPV_1,0.0,0.0,0.0,0.0,0.0
2020-01-06,6,0,313_RTPV_1,0.0,0.0,0.0,0.0,0.0
2020-01-06,6,0,313_RTPV_2,0.0,0.0,0.0,0.0,0.0
2020-01-06,6,0,313_RTPV_3,0.0,0.0,0.0,0.0,0.0
2020-01-06,6,0,313_RTPV_4,0.0,0.0,0.0,0.0,0.0
2020-01-06,6,0,313_RTPV_5,0.0,0.0,0.0,0.0,0.0
2020-01-06,6,0,313_RTPV_6,0.0,0.0,0.0,0.0,0.0
2020-01-06,6,0,313_RTPV_7,0.0,0.0,0.0,0.0,0.0
2020-01-06,6,0,313_RTPV_8,0.0,0.0,0.0,0.0,0.0
2020-01-06,6,0,313_RTPV_9,0.0,0.0,0.0,0.0,0.0
2020-01-06,6,0,313_RTPV_10,0.0,0.0,0.0,0.0,0.0
2020-01-06,6,0,313_RTPV_11,0.0,0.0,0.0,0.0,0.0
2020-01-06,6,0,313_RTPV_12,0.0,0.0,0.0,0.0,0.0
2020-01-06,6,0,320_RTPV_1,0.0,0.0,0.0,0.0,0.0
2020-01-06,6,0,320_RTPV_2,0.0,0.0,0.0,0.0,0.0
2020-01-06,6,0,320_RTPV_3,0.0,0.0,0.0,0.0,0.0
2020-01-06,6,0,313_RTPV_13,0.0,0.0,0.0,0.0,0.0
2020-01-06,6,0,320_RTPV_4,0.0,0.0,0.0,0.0,0.0
2020-01-06,6,0,320_RTPV_5,0.0,0.0,0.0,0.0,0.0
2020-01-06,6,0,118_RTPV_1,0.0,0.0,0.0,0.0,0.0
2020-01-06,6,0,118_RTPV_2,0.0,0.0,0.0,0.0,0.0
2020-01-06,6,0,118_RTPV_3,0.0,0.0,0.0,0.0,0.0
2020-01-06,6,0,118_RTPV_4,0.0,0.0,0.0,0.0,0.0
2020-01-06,6,0,118_RTPV_5,0.0,0.0,0.0,0.0,0.0
2020-01-06,6,0,118_RTPV_6,0.0,0.0,0.0,0.0,0.0
2020-01-06,6,0,320_RTPV_6,0.0,0.0,0.0,0.0,0.0
2020-01-06,6,0,118_RTPV_7,0.0,0.0,0.0,0.0,0.0
2020-01-06,6,0,118_RTPV_8,0.0,0.0,0.0,0.0,0.0
2020-01-06,6,0,118_RTPV_9,0.0,0.0,0.0,0.0,0.0
2020-01-06,6,0,118_RTPV_10,0.0,0.0,0.0,0.0,0.0
2020-01-06,6,0,213_RTPV_1,0.0,0.0,0.0,0.0,0.0
2020-01-06,6,0,309_WIND_1,49.767,20.867,0.0,1244.175,0.0
2020-01-06,6,0,317_WIND_1,154.5725,265.0725,0.0,3864.3125,0.0
2020-01-06,6,0,303_WIND_1,326.125,346.925,0.0,8153.125,0.0
2020-01-06,6,0,122_WIND_1,0.0,264.6125,0.0,0.0,0.0
2020-01-06,6,0,122_WIND_1_PEM,167.3,373.472973,0.0,4182.5,0.0
2020-01-06,6,0,303_WIND_1_PEM,0.0,0.0,444.675,0.0,0.0
2020-01-06,6,0,309_WIND_1_PEM,75.633,75.633,0.0,1890.825,0.0
2020-01-06,6,0,310_PV_2_PEM,0.0,0.0,0.0,0.0,0.0
2020-01-06,6,0,317_WIND_1_PEM,342.945501,0.0,76.581999,8573.637513,0.0
2020-01-06,6,0,319_PV_1_PEM,0.0,0.0,0.0,0.0,0.0
2020-01-06,6,0,320_PV_1_PEM,0.0,0.0,0.0,0.0,0.0
2020-01-06,6,0,324_PV_1_PEM,0.0,0.0,0.0,0.0,0.0
2020-01-06,6,0,324_PV_2_PEM,0.0,0.0,0.0,0.0,0.0
2020-01-06,6,0,324_PV_3_PEM,0.0,0.0,0.0,0.0,0.0
2020-01-06,7,0,122_HYDRO_1,13.158,12.7,0.0,284.170394,0.0
2020-01-06,7,0,122_HYDRO_2,13.158,12.7,0.0,284.170394,0.0
2020-01-06,7,0,122_HYDRO_3,13.158,12.7,0.0,284.170394,0.0
2020-01-06,7,0,122_HYDRO_4,13.158,12.7,0.0,284.170394,0.0
2020-01-06,7,0,122_HYDRO_5,13.158,12.7,0.0,284.170394,0.0
2020-01-06,7,0,122_HYDRO_6,13.158,12.7,0.0,284.170394,0.0
2020-01-06,7,0,201_HYDRO_4,12.083,18.5,0.0,236.844866,0.0
2020-01-06,7,0,215_HYDRO_1,12.083,18.5,0.0,236.844866,0.0
2020-01-06,7,0,215_HYDRO_2,12.083,18.5,0.0,236.844866,0.0
2020-01-06,7,0,215_HYDRO_3,12.083,18.5,0.0,236.844866,0.0
2020-01-06,7,0,222_HYDRO_1,12.083,18.5,0.0,236.844866,0.0
2020-01-06,7,0,222_HYDRO_2,12.083,18.5,0.0,236.844866,0.0
2020-01-06,7,0,222_HYDRO_3,12.083,18.5,0.0,236.844866,0.0
2020-01-06,7,0,222_HYDRO_4,12.083,18.5,0.0,236.844866,0.0
2020-01-06,7,0,222_HYDRO_5,12.083,18.5,0.0,236.844866,0.0
2020-01-06,7,0,222_HYDRO_6,12.083,18.5,0.0,236.844866,0.0
2020-01-06,7,0,322_HYDRO_1,13.25,22.6,0.0,251.563458,0.0
2020-01-06,7,0,322_HYDRO_2,13.25,22.6,0.0,251.563458,0.0
2020-01-06,7,0,322_HYDRO_3,13.25,22.6,0.0,251.563458,0.0
2020-01-06,7,0,322_HYDRO_4,13.25,22.6,0.0,251.563458,0.0
2020-01-06,7,0,320_PV_1,0.0,0.0,0.0,0.0,0.0
2020-01-06,7,0,314_PV_1,0.0,23.5,0.0,-82.8599,0.0
2020-01-06,7,0,314_PV_2,0.0,23.1,0.0,-81.449519,0.0
2020-01-06,7,0,313_PV_1,0.0,31.4,0.0,-110.71493,0.0
2020-01-06,7,0,314_PV_3,0.0,31.9,0.0,-112.477907,0.0
2020-01-06,7,0,314_PV_4,0.0,23.0,0.0,-81.096923,0.0
2020-01-06,7,0,313_PV_2,0.0,31.4,0.0,-110.71493,0.0
2020-01-06,7,0,310_PV_1,0.0,22.5,0.0,-79.333947,0.0
2020-01-06,7,0,324_PV_1,0.0,1.923,0.0,-6.780408,0.0
2020-01-06,7,0,312_PV_1,0.0,30.2,0.0,-106.483786,0.0
2020-01-06,7,0,310_PV_2,0.0,0.0,0.0,0.0,0.0
2020-01-06,7,0,324_PV_2,0.0,0.0,0.0,0.0,0.0
2020-01-06,7,0,324_PV_3,0.0,0.0,0.0,0.0,0.0
2020-01-06,7,0,113_PV_1,0.0,53.0,0.0,-186.875519,0.0
2020-01-06,7,0,319_PV_1,0.0,15.038,0.0,-53.023284,0.0
2020-01-06,7,0,215_PV_1,0.0,66.2,0.0,-233.418101,0.0
2020-01-06,7,0,102_PV_1,4.4,15.1,0.0,56.758107,0.0
2020-01-06,7,0,101_PV_1,4.3,15.3,0.0,53.552916,0.0
2020-01-06,7,0,102_PV_2,5.1,15.4,0.0,73.200321,0.0
2020-01-06,7,0,104_PV_1,5.7,15.3,0.0,88.552916,0.0
2020-01-06,7,0,101_PV_2,4.3,15.1,0.0,54.258107,0.0
2020-01-06,7,0,101_PV_3,4.6,15.0,0.0,62.110702,0.0
2020-01-06,7,0,101_PV_4,1.0,15.2,0.0,-28.594489,0.0
2020-01-06,7,0,103_PV_1,0.0,14.8,0.0,-52.184107,0.0
2020-01-06,7,0,119_PV_1,0.0,13.6,0.0,-47.952963,0.0
2020-01-06,7,0,308_RTPV_1,0.0,12.8,0.0,-45.132201,0.0
2020-01-06,7,0,313_RTPV_1,0.0,12.9,0.0,-45.484796,0.0
2020-01-06,7,0,313_RTPV_2,0.0,9.5,0.0,-33.496555,0.0
2020-01-06,7,0,313_RTPV_3,0.0,8.2,0.0,-28.912816,0.0
2020-01-06,7,0,313_RTPV_4,0.0,8.5,0.0,-29.970602,0.0
2020-01-06,7,0,313_RTPV_5,0.0,9.0,0.0,-31.733579,0.0
2020-01-06,7,0,313_RTPV_6,0.0,9.2,0.0,-32.438769,0.0
2020-01-06,7,0,313_RTPV_7,0.0,9.5,0.0,-33.496555,0.0
2020-01-06,7,0,313_RTPV_8,0.0,8.7,0.0,-30.675793,0.0
2020-01-06,7,0,313_RTPV_9,0.0,9.4,0.0,-33.14396,0.0
2020-01-06,7,0,313_RTPV_10,0.0,9.6,0.0,-33.849151,0.0
2020-01-06,7,0,313_RTPV_11,0.0,9.9,0.0,-34.906937,0.0
2020-01-06,7,0,313_RTPV_12,0.0,4.2,0.0,-14.809003,0.0
2020-01-06,7,0,320_RTPV_1,0.0,4.2,0.0,-14.809003,0.0
2020-01-06,7,0,320_RTPV_2,0.0,4.2,0.0,-14.809003,0.0
2020-01-06,7,0,320_RTPV_3,0.0,4.4,0.0,-15.514194,0.0
2020-01-06,7,0,313_RTPV_13,0.0,4.3,0.0,-15.161599,0.0
2020-01-06,7,0,320_RTPV_4,0.0,4.2,0.0,-14.809003,0.0
2020-01-06,7,0,320_RTPV_5,0.0,4.4,0.0,-15.514194,0.0
2020-01-06,7,0,118_RTPV_1,0.0,1.6,0.0,-5.641525,0.0
2020-01-06,7,0,118_RTPV_2,0.0,1.6,0.0,-5.641525,0.0
2020-01-06,7,0,118_RTPV_3,0.0,1.6,0.0,-5.641525,0.0
2020-01-06,7,0,118_RTPV_4,0.0,1.5,0.0,-5.28893,0.0
2020-01-06,7,0,118_RTPV_5,0.0,1.5,0.0,-5.28893,0.0
2020-01-06,7,0,118_RTPV_6,0.0,1.5,0.0,-5.28893,0.0
2020-01-06,7,0,320_RTPV_6,0.0,1.5,0.0,-5.28893,0.0
2020-01-06,7,0,118_RTPV_7,0.0,1.8,0.0,-6.346716,0.0
2020-01-06,7,0,118_RTPV_8,0.0,1.8,0.0,-6.346716,0.0
2020-01-06,7,0,118_RTPV_9,0.0,1.6,0.0,-5.641525,0.0
2020-01-06,7,0,118_RTPV_10,0.0,0.8,0.0,-2.820763,0.0
2020-01-06,7,0,213_RTPV_1,0.0,2.3,0.0,-8.109692,0.0
2020-01-06,7,0,309_WIND_1,64.567,18.867,0.0,1547.650841,0.0
2020-01-06,7,0,317_WIND_1,303.9725,285.9725,0.0,6590.98685,0.0
2020-01-06,7,0,303_WIND_1,290.225,360.025,0.0,5986.193701,0.0
2020-01-06,7,0,122_WIND_1,0.0,271.0125,0.0,-955.57739,0.0
2020-01-06,7,0,122_WIND_1_PEM,339.2,0.0,0.0,8480.0,0.0
2020-01-06,7,0,303_WIND_1_PEM,73.391904,0.0,371.283096,1834.797607,0.0
2020-01-06,7,0,309_WIND_1_PEM,75.633,0.0,0.0,1890.825,0.0
2020-01-06,7,0,310_PV_2_PEM,0.0,0.0,0.0,0.0,0.0
2020-01-06,7,0,317_WIND_1_PEM,0.0,0.0,419.5275,0.0,0.0
2020-01-06,7,0,319_PV_1_PEM,0.0,0.0,0.0,0.0,0.0
2020-01-06,7,0,320_PV_1_PEM,0.0,0.0,0.0,0.0,0.0
2020-01-06,7,0,324_PV_1_PEM,0.0,0.0,0.0,0.0,0.0
2020-01-06,7,0,324_PV_2_PEM,0.0,0.0,0.0,0.0,0.0
2020-01-06,7,0,324_PV_3_PEM,0.0,0.0,0.0,0.0,0.0
2020-01-06,8,0,122_HYDRO_1,12.7,12.7,0.0,234.487225,0.0
2020-01-06,8,0,122_HYDRO_2,12.7,12.7,0.0,234.487225,0.0
2020-01-06,8,0,122_HYDRO_3,12.7,12.7,0.0,234.487225,0.0
2020-01-06,8,0,122_HYDRO_4,12.7,12.7,0.0,234.487225,0.0
2020-01-06,8,0,122_HYDRO_5,12.7,12.7,0.0,234.487225,0.0
2020-01-06,8,0,122_HYDRO_6,12.7,12.7,0.0,234.487225,0.0
2020-01-06,8,0,201_HYDRO_4,18.5,18.5,0.0,341.575879,0.0
2020-01-06,8,0,215_HYDRO_1,18.5,18.5,0.0,341.575879,0.0
2020-01-06,8,0,215_HYDRO_2,18.5,18.5,0.0,341.575879,0.0
2020-01-06,8,0,215_HYDRO_3,18.5,18.5,0.0,341.575879,0.0
2020-01-06,8,0,222_HYDRO_1,18.5,18.5,0.0,341.575879,0.0
2020-01-06,8,0,222_HYDRO_2,18.5,18.5,0.0,341.575879,0.0
2020-01-06,8,0,222_HYDRO_3,18.5,18.5,0.0,341.575879,0.0
2020-01-06,8,0,222_HYDRO_4,18.5,18.5,0.0,341.575879,0.0
2020-01-06,8,0,222_HYDRO_5,18.5,18.5,0.0,341.575879,0.0
2020-01-06,8,0,222_HYDRO_6,18.5,18.5,0.0,341.575879,0.0
2020-01-06,8,0,322_HYDRO_1,21.992,15.3,0.0,419.009307,0.0
2020-01-06,8,0,322_HYDRO_2,21.992,15.3,0.0,419.009307,0.0
2020-01-06,8,0,322_HYDRO_3,21.992,15.3,0.0,419.009307,0.0
2020-01-06,8,0,322_HYDRO_4,21.992,15.3,0.0,419.009307,0.0
2020-01-06,8,0,320_PV_1,0.0,0.0,0.0,0.0,0.0
2020-01-06,8,0,314_PV_1,23.8,32.7,0.0,422.198414,0.0
2020-01-06,8,0,314_PV_2,24.8,33.3,0.0,441.436552,0.0
2020-01-06,8,0,313_PV_1,36.6,50.5,0.0,648.849783,0.0
2020-01-06,8,0,314_PV_3,35.7,51.3,0.0,628.940626,0.0
2020-01-06,8,0,314_PV_4,24.6,33.3,0.0,437.356552,0.0
2020-01-06,8,0,313_PV_2,35.3,50.7,0.0,621.94249,0.0
2020-01-06,8,0,310_PV_1,24.6,32.5,0.0,438.905706,0.0
2020-01-06,8,0,324_PV_1,4.323,12.023,0.0,64.907367,0.0
2020-01-06,8,0,312_PV_1,35.0,50.8,0.0,615.628845,0.0
2020-01-06,8,0,310_PV_2,0.0,5.984,0.0,-11.587672,0.0
2020-01-06,8,0,324_PV_2,3.144,11.444,0.0,41.976963,0.0
2020-01-06,8,0,324_PV_3,3.09,11.59,0.0,40.592643,0.0
2020-01-06,8,0,113_PV_1,52.2,48.288337,0.0,971.372596,0.0
2020-01-06,8,0,319_PV_1,14.638,50.638,0.0,200.557677,0.0
2020-01-06,8,0,215_PV_1,81.1,85.2,0.0,1489.455385,0.0
2020-01-06,8,0,102_PV_1,17.6,18.4,0.0,323.40952,0.0
2020-01-06,8,0,101_PV_1,17.7,18.9,0.0,324.481299,0.0
2020-01-06,8,0,102_PV_2,17.0,18.9,0.0,310.201297,0.0
2020-01-06,8,0,104_PV_1,17.4,0.0,0.0,354.960061,0.0
2020-01-06,8,0,101_PV_2,16.5,18.6,0.0,300.582228,0.0
2020-01-06,8,0,101_PV_3,16.5,18.5,0.0,300.775872,0.0
2020-01-06,8,0,101_PV_4,15.9,18.8,0.0,287.954937,0.0
2020-01-06,8,0,103_PV_1,19.0,30.0,0.0,329.506792,0.0
2020-01-06,8,0,119_PV_1,9.3,29.2,0.0,133.175912,0.0
2020-01-06,8,0,308_RTPV_1,16.3,36.2,0.0,262.420839,0.0
2020-01-06,8,0,313_RTPV_1,17.7,36.3,0.0,290.7872,0.0
2020-01-06,8,0,313_RTPV_2,10.0,23.3,0.0,158.880925,0.0
2020-01-06,8,0,313_RTPV_3,9.5,22.9,0.0,149.455501,0.0
2020-01-06,8,0,313_RTPV_4,10.3,22.4,0.0,166.743725,0.0
2020-01-06,8,0,313_RTPV_5,12.5,22.6,0.0,211.236444,0.0
2020-01-06,8,0,313_RTPV_6,10.8,23.9,0.0,174.039063,0.0
2020-01-06,8,0,313_RTPV_7,10.5,24.2,0.0,167.338129,0.0
2020-01-06,8,0,313_RTPV_8,10.9,23.7,0.0,176.466352,0.0
2020-01-06,8,0,313_RTPV_9,10.6,24.1,0.0,169.571773,0.0
2020-01-06,8,0,313_RTPV_10,11.3,24.0,0.0,184.04542,0.0
2020-01-06,8,0,313_RTPV_11,11.6,24.9,0.0,188.422623,0.0
2020-01-06,8,0,313_RTPV_12,5.2,10.9,0.0,84.972795,0.0
2020-01-06,8,0,320_RTPV_1,5.3,10.9,0.0,87.012796,0.0
2020-01-06,8,0,320_RTPV_2,5.4,10.9,0.0,89.052796,0.0
2020-01-06,8,0,320_RTPV_3,5.4,10.8,0.0,89.24644,0.0
2020-01-06,8,0,313_RTPV_13,4.7,10.6,0.0,75.353726,0.0
2020-01-06,8,0,320_RTPV_4,5.0,10.4,0.0,81.861016,0.0
2020-01-06,8,0,320_RTPV_5,5.1,10.9,0.0,82.932795,0.0
2020-01-06,8,0,118_RTPV_1,2.0,3.6,0.0,33.828814,0.0
2020-01-06,8,0,118_RTPV_2,2.0,3.6,0.0,33.828814,0.0
2020-01-06,8,0,118_RTPV_3,2.1,3.7,0.0,35.67517,0.0
2020-01-06,8,0,118_RTPV_4,2.0,3.7,0.0,33.63517,0.0
2020-01-06,8,0,118_RTPV_5,1.8,3.6,0.0,29.748813,0.0
2020-01-06,8,0,118_RTPV_6,2.0,3.7,0.0,33.63517,0.0
2020-01-06,8,0,320_RTPV_6,1.9,3.6,0.0,31.788814,0.0
2020-01-06,8,0,118_RTPV_7,2.1,4.2,0.0,34.706949,0.0
2020-01-06,8,0,118_RTPV_8,2.4,4.2,0.0,40.82695,0.0
2020-01-06,8,0,118_RTPV_9,1.7,3.7,0.0,27.515169,0.0
2020-01-06,8,0,118_RTPV_10,0.9,1.7,0.0,15.068051,0.0
2020-01-06,8,0,213_RTPV_1,2.7,5.3,0.0,44.816864,0.0
2020-01-06,8,0,309_WIND_1,68.967,0.0,0.0,1406.927041,0.0
2020-01-06,8,0,317_WIND_1,332.6725,350.2725,0.0,6108.237618,0.0
2020-01-06,8,0,303_WIND_1,319.025,366.125,0.0,5799.131116,0.0
2020-01-06,8,0,122_WIND_1,190.1125,297.6125,0.0,3301.98618,0.0
2020-01-06,8,0,122_WIND_1_PEM,0.0,0.0,374.5875,0.0,0.0
2020-01-06,8,0,303_WIND_1_PEM,0.0,0.0,444.675,0.0,0.0
2020-01-06,8,0,309_WIND_1_PEM,0.0,0.0,75.633,0.0,0.0
2020-01-06,8,0,310_PV_2_PEM,0.0,0.0,24.1,0.0,0.0
2020-01-06,8,0,317_WIND_1_PEM,0.0,0.0,419.5275,0.0,0.0
2020-01-06,8,0,319_PV_1_PEM,0.0,0.0,77.162,0.0,0.0
2020-01-06,8,0,320_PV_1_PEM,0.0,0.0,24.4,0.0,0.0
2020-01-06,8,0,324_PV_1_PEM,0.0,0.0,20.377,0.0,0.0
2020-01-06,8,0,324_PV_2_PEM,0.0,0.0,21.156,0.0,0.0
2020-01-06,8,0,324_PV_3_PEM,0.0,0.0,20.91,0.0,0.0
2020-01-06,9,0,122_HYDRO_1,12.742,13.2,0.0,0.0,0.0
2020-01-06,9,0,122_HYDRO_2,12.742,13.2,0.0,0.0,0.0
2020-01-06,9,0,122_HYDRO_3,12.742,13.2,0.0,0.0,0.0
2020-01-06,9,0,122_HYDRO_4,12.742,13.2,0.0,0.0,0.0
2020-01-06,9,0,122_HYDRO_5,12.742,13.2,0.0,0.0,0.0
2020-01-06,9,0,122_HYDRO_6,12.742,13.2,0.0,0.0,0.0
2020-01-06,9,0,201_HYDRO_4,18.5,18.5,0.0,0.0,0.0
2020-01-06,9,0,215_HYDRO_1,18.5,18.5,0.0,0.0,0.0
2020-01-06,9,0,215_HYDRO_2,18.5,18.5,0.0,0.0,0.0
2020-01-06,9,0,215_HYDRO_3,18.5,18.5,0.0,0.0,0.0
2020-01-06,9,0,222_HYDRO_1,18.5,18.5,0.0,0.0,0.0
2020-01-06,9,0,222_HYDRO_2,18.5,18.5,0.0,0.0,0.0
2020-01-06,9,0,222_HYDRO_3,18.5,18.5,0.0,0.0,0.0
2020-01-06,9,0,222_HYDRO_4,18.5,18.5,0.0,0.0,0.0
2020-01-06,9,0,222_HYDRO_5,18.5,18.5,0.0,0.0,0.0
2020-01-06,9,0,222_HYDRO_6,18.5,18.5,0.0,0.0,0.0
2020-01-06,9,0,322_HYDRO_1,16.258,26.8,0.0,0.0,0.0
2020-01-06,9,0,322_HYDRO_2,16.258,26.8,0.0,0.0,0.0
2020-01-06,9,0,322_HYDRO_3,16.258,26.8,0.0,0.0,0.0
2020-01-06,9,0,322_HYDRO_4,16.258,26.8,0.0,0.0,0.0
2020-01-06,9,0,320_PV_1,8.984,9.684,0.0,0.0,0.0
2020-01-06,9,0,314_PV_1,34.8,36.4,0.0,0.0,0.0
2020-01-06,9,0,314_PV_2,34.6,36.5,0.0,0.0,0.0
2020-01-06,9,0,313_PV_1,55.8,62.9,0.0,0.0,0.0
2020-01-06,9,0,314_PV_3,58.8,61.7,0.0,0.0,0.0
2020-01-06,9,0,314_PV_4,0.0,36.5,35.1,0.0,0.0
2020-01-06,9,0,313_PV_2,56.6,63.2,0.0,0.0,0.0
2020-01-06,9,0,310_PV_1,34.3,36.0,0.0,0.0,0.0
2020-01-06,9,0,324_PV_1,0.0,15.223,13.923,0.0,0.0
2020-01-06,9,0,312_PV_1,0.0,62.6,58.0,0.0,0.0
2020-01-06,9,0,310_PV_2,6.784,9.484,0.0,0.0,0.0
2020-01-06,9,0,324_PV_2,0.0,14.344,13.344,0.0,0.0
2020-01-06,9,0,324_PV_3,13.99,14.79,0.0,0.0,0.0
2020-01-06,9,0,113_PV_1,67.7,72.2,0.0,0.0,0.0
2020-01-06,9,0,319_PV_1,0.0,64.038,52.538,0.0,0.0
2020-01-06,9,0,215_PV_1,91.1,88.5,0.0,0.0,0.0
2020-01-06,9,0,102_PV_1,19.1,19.4,0.0,0.0,0.0
2020-01-06,9,0,101_PV_1,0.0,19.0,20.4,0.0,0.0
2020-01-06,9,0,102_PV_2,19.2,20.0,0.0,0.0,0.0
2020-01-06,9,0,104_PV_1,17.7,19.0,0.0,0.0,0.0
2020-01-06,9,0,101_PV_2,11.97811,19.6,6.02189,0.0,0.0
2020-01-06,9,0,101_PV_3,19.2,19.6,0.0,0.0,0.0
2020-01-06,9,0,101_PV_4,19.1,19.6,0.0,0.0,0.0
2020-01-06,9,0,103_PV_1,34.9,41.1,0.0,0.0,0.0
2020-01-06,9,0,119_PV_1,21.0,39.9,0.0,0.0,0.0
2020-01-06,9,0,308_RTPV_1,42.6,55.5,0.0,0.0,0.0
2020-01-06,9,0,313_RTPV_1,44.7,55.5,0.0,0.0,0.0
2020-01-06,9,0,313_RTPV_2,27.3,34.3,0.0,0.0,0.0
2020-01-06,9,0,313_RTPV_3,25.6,34.2,0.0,0.0,0.0
2020-01-06,9,0,313_RTPV_4,27.7,34.1,0.0,0.0,0.0
2020-01-06,9,0,313_RTPV_5,26.3,33.5,0.0,0.0,0.0
2020-01-06,9,0,313_RTPV_6,28.1,35.8,0.0,0.0,0.0
2020-01-06,9,0,313_RTPV_7,28.8,35.8,0.0,0.0,0.0
2020-01-06,9,0,313_RTPV_8,28.2,35.8,0.0,0.0,0.0
2020-01-06,9,0,313_RTPV_9,29.4,35.8,0.0,0.0,0.0
2020-01-06,9,0,313_RTPV_10,29.4,35.1,0.0,0.0,0.0
2020-01-06,9,0,313_RTPV_11,30.6,36.6,0.0,0.0,0.0
2020-01-06,9,0,313_RTPV_12,12.8,16.1,0.0,0.0,0.0
2020-01-06,9,0,320_RTPV_1,12.7,16.1,0.0,0.0,0.0
2020-01-06,9,0,320_RTPV_2,12.8,16.1,0.0,0.0,0.0
2020-01-06,9,0,320_RTPV_3,13.1,15.8,0.0,0.0,0.0
2020-01-06,9,0,313_RTPV_13,12.8,15.5,0.0,0.0,0.0
2020-01-06,9,0,320_RTPV_4,13.4,15.1,0.0,0.0,0.0
2020-01-06,9,0,320_RTPV_5,12.6,16.2,0.0,0.0,0.0
2020-01-06,9,0,118_RTPV_1,4.3,5.2,0.0,0.0,0.0
2020-01-06,9,0,118_RTPV_2,4.4,5.2,0.0,0.0,0.0
2020-01-06,9,0,118_RTPV_3,4.5,5.1,0.0,0.0,0.0
2020-01-06,9,0,118_RTPV_4,4.5,5.3,0.0,0.0,0.0
2020-01-06,9,0,118_RTPV_5,4.4,4.9,0.0,0.0,0.0
2020-01-06,9,0,118_RTPV_6,4.3,5.4,0.0,0.0,0.0
2020-01-06,9,0,320_RTPV_6,4.5,5.0,0.0,0.0,0.0
2020-01-06,9,0,118_RTPV_7,5.0,5.9,0.0,0.0,0.0
2020-01-06,9,0,118_RTPV_8,5.3,5.9,0.0,0.0,0.0
2020-01-06,9,0,118_RTPV_9,4.3,5.2,0.0,0.0,0.0
2020-01-06,9,0,118_RTPV_10,2.0,2.4,0.0,0.0,0.0
2020-01-06,9,0,213_RTPV_1,6.3,7.5,0.0,0.0,0.0
2020-01-06,9,0,309_WIND_1,68.967,56.767,0.0,0.0,0.0
2020-01-06,9,0,317_WIND_1,349.8725,0.0,0.0,0.0,0.0
2020-01-06,9,0,303_WIND_1,311.925,243.487333,0.0,0.0,0.0
2020-01-06,9,0,122_WIND_1,284.9125,320.5125,0.0,0.0,0.0
2020-01-06,9,0,122_WIND_1_PEM,0.0,0.0,374.5875,0.0,0.0
2020-01-06,9,0,303_WIND_1_PEM,0.0,0.0,444.675,0.0,0.0
2020-01-06,9,0,309_WIND_1_PEM,0.0,0.0,75.633,0.0,0.0
2020-01-06,9,0,310_PV_2_PEM,0.0,0.0,26.316,0.0,0.0
2020-01-06,9,0,317_WIND_1_PEM,0.0,0.0,419.5275,0.0,0.0
2020-01-06,9,0,319_PV_1_PEM,0.0,0.0,77.162,0.0,0.0
2020-01-06,9,0,320_PV_1_PEM,0.0,0.0,26.316,0.0,0.0
2020-01-06,9,0,324_PV_1_PEM,0.0,0.0,20.377,0.0,0.0
2020-01-06,9,0,324_PV_2_PEM,0.0,0.0,21.156,0.0,0.0
2020-01-06,9,0,324_PV_3_PEM,0.0,0.0,20.91,0.0,0.0
2020-01-06,10,0,122_HYDRO_1,13.158,12.7,0.0,0.0,0.0
2020-01-06,10,0,122_HYDRO_2,13.158,12.7,0.0,0.0,0.0
2020-01-06,10,0,122_HYDRO_3,13.158,12.7,0.0,0.0,0.0
2020-01-06,10,0,122_HYDRO_4,13.158,12.7,0.0,0.0,0.0
2020-01-06,10,0,122_HYDRO_5,13.158,12.7,0.0,0.0,0.0
2020-01-06,10,0,122_HYDRO_6,13.158,12.7,0.0,0.0,0.0
2020-01-06,10,0,201_HYDRO_4,18.5,18.5,0.0,0.0,0.0
2020-01-06,10,0,215_HYDRO_1,18.5,18.5,0.0,0.0,0.0
2020-01-06,10,0,215_HYDRO_2,18.5,18.5,0.0,0.0,0.0
2020-01-06,10,0,215_HYDRO_3,18.5,18.5,0.0,0.0,0.0
2020-01-06,10,0,222_HYDRO_1,18.5,18.5,0.0,0.0,0.0
2020-01-06,10,0,222_HYDRO_2,18.5,18.5,0.0,0.0,0.0
2020-01-06,10,0,222_HYDRO_3,18.5,18.5,0.0,0.0,0.0
2020-01-06,10,0,222_HYDRO_4,18.5,18.5,0.0,0.0,0.0
2020-01-06,10,0,222_HYDRO_5,18.5,18.5,0.0,0.0,0.0
2020-01-06,10,0,222_HYDRO_6,18.5,18.5,0.0,0.0,0.0
2020-01-06,10,0,322_HYDRO_1,27.192,31.5,0.0,0.0,0.0
2020-01-06,10,0,322_HYDRO_2,27.192,31.5,0.0,0.0,0.0
2020-01-06,10,0,322_HYDRO_3,27.192,31.5,0.0,0.0,0.0
2020-01-06,10,0,322_HYDRO_4,27.192,31.5,0.0,0.0,0.0
2020-01-06,10,0,320_PV_1,10.284,10.284,0.0,0.0,0.0
2020-01-06,10,0,314_PV_1,34.3,37.0,0.0,0.0,0.0
2020-01-06,10,0,314_PV_2,0.0,36.7,34.5,0.0,0.0
2020-01-06,10,0,313_PV_1,0.0,68.7,60.4,0.0,0.0
2020-01-06,10,0,314_PV_3,66.5,67.5,0.0,0.0,0.0
2020-01-06,10,0,314_PV_4,0.0,36.7,35.8,0.0,0.0
2020-01-06,10,0,313_PV_2,0.0,69.0,62.8,0.0,0.0
2020-01-06,10,0,310_PV_1,0.0,36.9,35.8,0.0,0.0
2020-01-06,10,0,324_PV_1,0.0,15.423,15.523,0.0,0.0
2020-01-06,10,0,312_PV_1,0.0,68.6,65.4,0.0,0.0
2020-01-06,10,0,310_PV_2,0.0,10.384,6.084,0.0,0.0
2020-01-06,10,0,324_PV_2,0.0,14.544,15.444,0.0,0.0
2020-01-06,10,0,324_PV_3,0.0,14.79,15.69,0.0,0.0
2020-01-06,10,0,113_PV_1,67.7,72.5,0.0,0.0,0.0
2020-01-06,10,0,319_PV_1,0.0,66.138,64.438,0.0,0.0
2020-01-06,10,0,215_PV_1,88.7,89.6,0.0,0.0,0.0
2020-01-06,10,0,102_PV_1,18.6,19.3,0.0,0.0,0.0
2020-01-06,10,0,101_PV_1,0.0,18.8,20.5,0.0,0.0
2020-01-06,10,0,102_PV_2,20.5,19.8,0.0,0.0,0.0
2020-01-06,10,0,104_PV_1,19.2,18.8,0.0,0.0,0.0
2020-01-06,10,0,101_PV_2,14.098693,19.5,4.601307,0.0,0.0
2020-01-06,10,0,101_PV_3,20.8,19.4,0.0,0.0,0.0
2020-01-06,10,0,101_PV_4,19.6,19.6,0.0,0.0,0.0
2020-01-06,10,0,103_PV_1,43.9,47.1,0.0,0.0,0.0
2020-01-06,10,0,119_PV_1,26.6,45.1,0.0,0.0,0.0
2020-01-06,10,0,308_RTPV_1,61.6,66.0,0.0,0.0,0.0
2020-01-06,10,0,313_RTPV_1,64.1,66.1,0.0,0.0,0.0
2020-01-06,10,0,313_RTPV_2,38.7,40.8,0.0,0.0,0.0
2020-01-06,10,0,313_RTPV_3,36.0,41.0,0.0,0.0,0.0
2020-01-06,10,0,313_RTPV_4,37.7,41.1,0.0,0.0,0.0
2020-01-06,10,0,313_RTPV_5,37.5,40.1,0.0,0.0,0.0
2020-01-06,10,0,313_RTPV_6,37.2,42.9,0.0,0.0,0.0
2020-01-06,10,0,313_RTPV_7,40.5,43.1,0.0,0.0,0.0
2020-01-06,10,0,313_RTPV_8,38.8,43.1,0.0,0.0,0.0
2020-01-06,10,0,313_RTPV_9,38.9,43.0,0.0,0.0,0.0
2020-01-06,10,0,313_RTPV_10,40.8,42.0,0.0,0.0,0.0
2020-01-06,10,0,313_RTPV_11,39.9,43.8,0.0,0.0,0.0
2020-01-06,10,0,313_RTPV_12,18.1,19.2,0.0,0.0,0.0
2020-01-06,10,0,320_RTPV_1,16.7,19.2,0.0,0.0,0.0
2020-01-06,10,0,320_RTPV_2,17.1,19.2,0.0,0.0,0.0
2020-01-06,10,0,320_RTPV_3,17.9,18.9,0.0,0.0,0.0
2020-01-06,10,0,313_RTPV_13,16.9,18.9,0.0,0.0,0.0
2020-01-06,10,0,320_RTPV_4,17.9,18.0,0.0,0.0,0.0
2020-01-06,10,0,320_RTPV_5,16.8,19.6,0.0,0.0,0.0
2020-01-06,10,0,118_RTPV_1,5.8,6.0,0.0,0.0,0.0
2020-01-06,10,0,118_RTPV_2,5.4,6.0,0.0,0.0,0.0
2020-01-06,10,0,118_RTPV_3,5.8,6.0,0.0,0.0,0.0
2020-01-06,10,0,118_RTPV_4,6.1,6.1,0.0,0.0,0.0
2020-01-06,10,0,118_RTPV_5,5.4,5.8,0.0,0.0,0.0
2020-01-06,10,0,118_RTPV_6,6.0,6.2,0.0,0.0,0.0
2020-01-06,10,0,320_RTPV_6,5.3,5.9,0.0,0.0,0.0
2020-01-06,10,0,118_RTPV_7,6.6,7.0,0.0,0.0,0.0
2020-01-06,10,0,118_RTPV_8,6.6,7.1,0.0,0.0,0.0
2020-01-06,10,0,118_RTPV_9,5.6,6.3,0.0,0.0,0.0
2020-01-06,10,0,118_RTPV_10,2.5,2.9,0.0,0.0,0.0
2020-01-06,10,0,213_RTPV_1,8.2,8.9,0.0,0.0,0.0
2020-01-06,10,0,309_WIND_1,67.767,69.667,0.0,0.0,0.0
2020-01-06,10,0,317_WIND_1,325.7725,0.0,0.0,0.0,0.0
2020-01-06,10,0,303_WIND_1,286.125,271.725,0.0,0.0,0.0
2020-01-06,10,0,122_WIND_1,301.0125,133.125681,0.0,0.0,0.0
2020-01-06,10,0,122_WIND_1_PEM,0.0,0.0,374.5875,0.0,0.0
2020-01-06,10,0,303_WIND_1_PEM,0.0,0.0,444.675,0.0,0.0
2020-01-06,10,0,309_WIND_1_PEM,0.0,0.0,75.633,0.0,0.0
2020-01-06,10,0,310_PV_2_PEM,0.0,0.0,26.316,0.0,0.0
2020-01-06,10,0,317_WIND_1_PEM,0.0,0.0,419.5275,0.0,0.0
2020-01-06,10,0,319_PV_1_PEM,0.0,0.0,77.162,0.0,0.0
2020-01-06,10,0,320_PV_1_PEM,0.0,0.0,26.316,0.0,0.0
2020-01-06,10,0,324_PV_1_PEM,0.0,0.0,20.377,0.0,0.0
2020-01-06,10,0,324_PV_2_PEM,0.0,0.0,21.156,0.0,0.0
2020-01-06,10,0,324_PV_3_PEM,0.0,0.0,20.91,0.0,0.0
2020-01-06,11,0,122_HYDRO_1,12.742,13.2,0.0,0.0,0.0
2020-01-06,11,0,122_HYDRO_2,12.742,13.2,0.0,0.0,0.0
2020-01-06,11,0,122_HYDRO_3,12.742,13.2,0.0,0.0,0.0
2020-01-06,11,0,122_HYDRO_4,12.742,13.2,0.0,0.0,0.0
2020-01-06,11,0,122_HYDRO_5,12.742,13.2,0.0,0.0,0.0
2020-01-06,11,0,122_HYDRO_6,12.742,13.2,0.0,0.0,0.0
2020-01-06,11,0,201_HYDRO_4,18.5,18.5,0.0,0.0,0.0
2020-01-06,11,0,215_HYDRO_1,18.5,18.5,0.0,0.0,0.0
2020-01-06,11,0,215_HYDRO_2,18.5,18.5,0.0,0.0,0.0
2020-01-06,11,0,215_HYDRO_3,18.5,18.5,0.0,0.0,0.0
2020-01-06,11,0,222_HYDRO_1,18.5,18.5,0.0,0.0,0.0
2020-01-06,11,0,222_HYDRO_2,18.5,18.5,0.0,0.0,0.0
2020-01-06,11,0,222_HYDRO_3,18.5,18.5,0.0,0.0,0.0
2020-01-06,11,0,222_HYDRO_4,18.5,18.5,0.0,0.0,0.0
2020-01-06,11,0,222_HYDRO_5,18.5,18.5,0.0,0.0,0.0
2020-01-06,11,0,222_HYDRO_6,18.5,18.5,0.0,0.0,0.0
2020-01-06,11,0,322_HYDRO_1,30.367,17.9,0.0,0.0,0.0
2020-01-06,11,0,322_HYDRO_2,30.367,17.9,0.0,0.0,0.0
2020-01-06,11,0,322_HYDRO_3,30.367,17.9,0.0,0.0,0.0
2020-01-06,11,0,322_HYDRO_4,30.367,17.9,0.0,0.0,0.0
2020-01-06,11,0,320_PV_1,10.784,9.984,0.0,0.0,0.0
2020-01-06,11,0,314_PV_1,34.7,36.8,0.0,0.0,0.0
2020-01-06,11,0,314_PV_2,0.0,36.6,34.6,0.0,0.0
2020-01-06,11,0,313_PV_1,0.0,70.9,67.6,0.0,0.0
2020-01-06,11,0,314_PV_3,72.6,69.3,0.0,0.0,0.0
2020-01-06,11,0,314_PV_4,0.0,36.6,35.0,0.0,0.0
2020-01-06,11,0,313_PV_2,0.0,71.3,64.0,0.0,0.0
2020-01-06,11,0,310_PV_1,37.8,36.8,0.0,0.0,0.0
2020-01-06,11,0,324_PV_1,0.0,15.323,16.123,0.0,0.0
2020-01-06,11,0,312_PV_1,0.0,70.8,68.6,0.0,0.0
2020-01-06,11,0,310_PV_2,8.584,10.284,0.0,0.0,0.0
2020-01-06,11,0,324_PV_2,0.0,14.244,15.244,0.0,0.0
2020-01-06,11,0,324_PV_3,0.0,14.39,14.39,0.0,0.0
2020-01-06,11,0,113_PV_1,65.0,71.7,0.0,0.0,0.0
2020-01-06,11,0,319_PV_1,0.0,64.938,70.138,0.0,0.0
2020-01-06,11,0,215_PV_1,88.9,88.2,0.0,0.0,0.0
2020-01-06,11,0,102_PV_1,19.3,18.7,0.0,0.0,0.0
2020-01-06,11,0,101_PV_1,0.0,18.5,19.5,0.0,0.0
2020-01-06,11,0,102_PV_2,20.0,19.3,0.0,0.0,0.0
2020-01-06,11,0,104_PV_1,17.8,18.5,0.0,0.0,0.0
2020-01-06,11,0,101_PV_2,14.472055,19.0,4.027945,0.0,0.0
2020-01-06,11,0,101_PV_3,20.7,18.9,0.0,0.0,0.0
2020-01-06,11,0,101_PV_4,19.1,19.4,0.0,0.0,0.0
2020-01-06,11,0,103_PV_1,49.7,49.1,0.0,0.0,0.0
2020-01-06,11,0,119_PV_1,32.9,47.8,0.0,0.0,0.0
2020-01-06,11,0,308_RTPV_1,67.5,70.4,0.0,0.0,0.0
2020-01-06,11,0,313_RTPV_1,69.8,70.4,0.0,0.0,0.0
2020-01-06,11,0,313_RTPV_2,47.1,42.5,0.0,0.0,0.0
2020-01-06,11,0,313_RTPV_3,42.4,43.8,0.0,0.0,0.0
2020-01-06,11,0,313_RTPV_4,43.0,44.0,0.0,0.0,0.0
2020-01-06,11,0,313_RTPV_5,43.7,41.7,0.0,0.0,0.0
2020-01-06,11,0,313_RTPV_6,42.7,46.0,0.0,0.0,0.0
2020-01-06,11,0,313_RTPV_7,45.2,46.2,0.0,0.0,0.0
2020-01-06,11,0,313_RTPV_8,43.9,46.2,0.0,0.0,0.0
2020-01-06,11,0,313_RTPV_9,45.3,46.1,0.0,0.0,0.0
2020-01-06,11,0,313_RTPV_10,47.4,45.0,0.0,0.0,0.0
2020-01-06,11,0,313_RTPV_11,45.2,47.1,0.0,0.0,0.0
2020-01-06,11,0,313_RTPV_12,19.7,20.5,0.0,0.0,0.0
2020-01-06,11,0,320_RTPV_1,18.5,20.5,0.0,0.0,0.0
2020-01-06,11,0,320_RTPV_2,19.3,20.4,0.0,0.0,0.0
2020-01-06,11,0,320_RTPV_3,19.9,20.0,0.0,0.0,0.0
2020-01-06,11,0,313_RTPV_13,18.2,20.2,0.0,0.0,0.0
2020-01-06,11,0,320_RTPV_4,20.5,19.3,0.0,0.0,0.0
2020-01-06,11,0,320_RTPV_5,19.3,21.0,0.0,0.0,0.0
2020-01-06,11,0,118_RTPV_1,5.8,6.3,0.0,0.0,0.0
2020-01-06,11,0,118_RTPV_2,5.9,6.3,0.0,0.0,0.0
2020-01-06,11,0,118_RTPV_3,6.6,6.6,0.0,0.0,0.0
2020-01-06,11,0,118_RTPV_4,6.7,6.5,0.0,0.0,0.0
2020-01-06,11,0,118_RTPV_5,6.3,6.4,0.0,0.0,0.0
2020-01-06,11,0,118_RTPV_6,6.8,6.6,0.0,0.0,0.0
2020-01-06,11,0,320_RTPV_6,6.3,6.5,0.0,0.0,0.0
2020-01-06,11,0,118_RTPV_7,7.7,7.4,0.0,0.0,0.0
2020-01-06,11,0,118_RTPV_8,7.7,7.4,0.0,0.0,0.0
2020-01-06,11,0,118_RTPV_9,6.8,6.8,0.0,0.0,0.0
2020-01-06,11,0,118_RTPV_10,2.9,3.1,0.0,0.0,0.0
2020-01-06,11,0,213_RTPV_1,9.3,9.3,0.0,0.0,0.0
2020-01-06,11,0,309_WIND_1,64.767,67.567,0.0,0.0,0.0
2020-01-06,11,0,317_WIND_1,292.2725,0.0,0.0,0.0,0.0
2020-01-06,11,0,303_WIND_1,228.125,225.225,0.0,0.0,0.0
2020-01-06,11,0,122_WIND_1,247.3125,191.955889,0.0,0.0,0.0
2020-01-06,11,0,122_WIND_1_PEM,0.0,0.0,374.5875,0.0,0.0
2020-01-06,11,0,303_WIND_1_PEM,0.0,0.0,444.675,0.0,0.0
2020-01-06,11,0,309_WIND_1_PEM,0.0,0.0,75.633,0.0,0.0
2020-01-06,11,0,310_PV_2_PEM,0.0,0.0,26.316,0.0,0.0
2020-01-06,11,0,317_WIND_1_PEM,0.0,0.0,419.5275,0.0,0.0
2020-01-06,11,0,319_PV_1_PEM,0.0,0.0,77.162,0.0,0.0
2020-01-06,11,0,320_PV_1_PEM,0.0,0.0,26.316,0.0,0.0
2020-01-06,11,0,324_PV_1_PEM,0.0,0.0,20.377,0.0,0.0
2020-01-06,11,0,324_PV_2_PEM,0.0,0.0,21.156,0.0,0.0
2020-01-06,11,0,324_PV_3_PEM,0.0,0.0,20.91,0.0,0.0
2020-01-06,12,0,122_HYDRO_1,13.158,12.7,0.0,0.0,0.0
2020-01-06,12,0,122_HYDRO_2,13.158,12.7,0.0,0.0,0.0
2020-01-06,12,0,122_HYDRO_3,13.158,12.7,0.0,0.0,0.0
2020-01-06,12,0,122_HYDRO_4,13.158,12.7,0.0,0.0,0.0
2020-01-06,12,0,122_HYDRO_5,13.158,12.7,0.0,0.0,0.0
2020-01-06,12,0,122_HYDRO_6,13.158,12.7,0.0,0.0,0.0
2020-01-06,12,0,201_HYDRO_4,18.517,18.7,0.0,0.0,0.0
2020-01-06,12,0,215_HYDRO_1,18.517,18.7,0.0,0.0,0.0
2020-01-06,12,0,215_HYDRO_2,18.517,18.7,0.0,0.0,0.0
2020-01-06,12,0,215_HYDRO_3,18.517,18.7,0.0,0.0,0.0
2020-01-06,12,0,222_HYDRO_1,18.517,18.7,0.0,0.0,0.0
2020-01-06,12,0,222_HYDRO_2,18.517,18.7,0.0,0.0,0.0
2020-01-06,12,0,222_HYDRO_3,18.517,18.7,0.0,0.0,0.0
2020-01-06,12,0,222_HYDRO_4,18.517,18.7,0.0,0.0,0.0
2020-01-06,12,0,222_HYDRO_5,18.517,18.7,0.0,0.0,0.0
2020-01-06,12,0,222_HYDRO_6,18.517,18.7,0.0,0.0,0.0
2020-01-06,12,0,322_HYDRO_1,17.908,18.0,0.0,0.0,0.0
2020-01-06,12,0,322_HYDRO_2,17.908,18.0,0.0,0.0,0.0
2020-01-06,12,0,322_HYDRO_3,17.908,18.0,0.0,0.0,0.0
2020-01-06,12,0,322_HYDRO_4,17.908,18.0,0.0,0.0,0.0
2020-01-06,12,0,320_PV_1,10.384,8.484,0.0,0.0,0.0
2020-01-06,12,0,314_PV_1,34.0,35.2,0.0,0.0,0.0
2020-01-06,12,0,314_PV_2,0.0,36.4,35.1,0.0,0.0
2020-01-06,12,0,313_PV_1,71.7,69.7,0.0,0.0,0.0
2020-01-06,12,0,314_PV_3,73.5,67.8,0.0,0.0,0.0
2020-01-06,12,0,314_PV_4,0.0,36.4,36.0,0.0,0.0
2020-01-06,12,0,313_PV_2,67.0,70.2,0.0,0.0,0.0
2020-01-06,12,0,310_PV_1,38.4,36.3,0.0,0.0,0.0
2020-01-06,12,0,324_PV_1,0.0,15.023,16.623,0.0,0.0
2020-01-06,12,0,312_PV_1,0.0,69.9,71.6,0.0,0.0
2020-01-06,12,0,310_PV_2,9.084,9.784,0.0,0.0,0.0
2020-01-06,12,0,324_PV_2,0.0,13.644,17.344,0.0,0.0
2020-01-06,12,0,324_PV_3,14.79,13.89,0.0,0.0,0.0
2020-01-06,12,0,113_PV_1,63.9,70.1,0.0,0.0,0.0
2020-01-06,12,0,319_PV_1,0.0,61.338,73.238,0.0,0.0
2020-01-06,12,0,215_PV_1,86.8,86.5,0.0,0.0,0.0
2020-01-06,12,0,102_PV_1,19.8,18.5,0.0,0.0,0.0
2020-01-06,12,0,101_PV_1,18.3,17.4,0.0,0.0,0.0
2020-01-06,12,0,102_PV_2,19.7,19.0,0.0,0.0,0.0
2020-01-06,12,0,104_PV_1,17.1,17.4,0.0,0.0,0.0
2020-01-06,12,0,101_PV_2,13.415498,18.7,4.884502,0.0,0.0
2020-01-06,12,0,101_PV_3,20.3,18.6,0.0,0.0,0.0
2020-01-06,12,0,101_PV_4,20.4,19.0,0.0,0.0,0.0
2020-01-06,12,0,103_PV_1,48.9,47.5,0.0,0.0,0.0
2020-01-06,12,0,119_PV_1,33.4,44.7,0.0,0.0,0.0
2020-01-06,12,0,308_RTPV_1,68.0,69.1,0.0,0.0,0.0
2020-01-06,12,0,313_RTPV_1,71.8,69.1,0.0,0.0,0.0
2020-01-06,12,0,313_RTPV_2,48.0,40.4,0.0,0.0,0.0
2020-01-06,12,0,313_RTPV_3,43.8,43.2,0.0,0.0,0.0
2020-01-06,12,0,313_RTPV_4,44.4,43.0,0.0,0.0,0.0
2020-01-06,12,0,313_RTPV_5,43.7,39.7,0.0,0.0,0.0
2020-01-06,12,0,313_RTPV_6,44.6,45.0,0.0,0.0,0.0
2020-01-06,12,0,313_RTPV_7,45.1,45.7,0.0,0.0,0.0
2020-01-06,12,0,313_RTPV_8,45.1,45.1,0.0,0.0,0.0
2020-01-06,12,0,313_RTPV_9,48.3,45.7,0.0,0.0,0.0
2020-01-06,12,0,313_RTPV_10,49.8,44.9,0.0,0.0,0.0
2020-01-06,12,0,313_RTPV_11,47.2,47.0,0.0,0.0,0.0
2020-01-06,12,0,313_RTPV_12,20.2,19.8,0.0,0.0,0.0
2020-01-06,12,0,320_RTPV_1,17.5,19.8,0.0,0.0,0.0
2020-01-06,12,0,320_RTPV_2,19.2,19.8,0.0,0.0,0.0
2020-01-06,12,0,320_RTPV_3,19.0,19.4,0.0,0.0,0.0
2020-01-06,12,0,313_RTPV_13,18.9,19.6,0.0,0.0,0.0
2020-01-06,12,0,320_RTPV_4,21.1,19.2,0.0,0.0,0.0
2020-01-06,12,0,320_RTPV_5,20.1,20.4,0.0,0.0,0.0
2020-01-06,12,0,118_RTPV_1,6.5,5.9,0.0,0.0,0.0
2020-01-06,12,0,118_RTPV_2,6.5,5.9,0.0,0.0,0.0
2020-01-06,12,0,118_RTPV_3,7.1,6.4,0.0,0.0,0.0
2020-01-06,12,0,118_RTPV_4,7.0,6.1,0.0,0.0,0.0
2020-01-06,12,0,118_RTPV_5,6.6,6.2,0.0,0.0,0.0
2020-01-06,12,0,118_RTPV_6,7.0,6.2,0.0,0.0,0.0
2020-01-06,12,0,320_RTPV_6,6.8,6.3,0.0,0.0,0.0
2020-01-06,12,0,118_RTPV_7,7.3,7.3,0.0,0.0,0.0
2020-01-06,12,0,118_RTPV_8,7.3,7.4,0.0,0.0,0.0
2020-01-06,12,0,118_RTPV_9,6.8,6.8,0.0,0.0,0.0
2020-01-06,12,0,118_RTPV_10,2.8,3.0,0.0,0.0,0.0
2020-01-06,12,0,213_RTPV_1,9.2,9.0,0.0,0.0,0.0
2020-01-06,12,0,309_WIND_1,37.767,60.367,0.0,0.0,0.0
2020-01-06,12,0,317_WIND_1,229.2725,0.0,0.0,0.0,0.0
2020-01-06,12,0,303_WIND_1,198.025,154.825,0.0,0.0,0.0
2020-01-06,12,0,122_WIND_1,195.8125,251.691783,0.0,0.0,0.0
2020-01-06,12,0,122_WIND_1_PEM,0.0,0.0,374.5875,0.0,0.0
2020-01-06,12,0,303_WIND_1_PEM,0.0,0.0,444.675,0.0,0.0
2020-01-06,12,0,309_WIND_1_PEM,0.0,0.0,75.633,0.0,0.0
2020-01-06,12,0,310_PV_2_PEM,0.0,0.0,26.316,0.0,0.0
2020-01-06,12,0,317_WIND_1_PEM,0.0,0.0,419.5275,0.0,0.0
2020-01-06,12,0,319_PV_1_PEM,0.0,0.0,77.162,0.0,0.0
2020-01-06,12,0,320_PV_1_PEM,0.0,0.0,26.316,0.0,0.0
2020-01-06,12,0,324_PV_1_PEM,0.0,0.0,20.377,0.0,0.0
2020-01-06,12,0,324_PV_2_PEM,0.0,0.0,21.156,0.0,0.0
2020-01-06,12,0,324_PV_3_PEM,0.0,0.0,20.91,0.0,0.0
2020-01-06,13,0,122_HYDRO_1,12.7,12.7,0.0,0.0,0.0
2020-01-06,13,0,122_HYDRO_2,12.7,12.7,0.0,0.0,0.0
2020-01-06,13,0,122_HYDRO_3,12.7,12.7,0.0,0.0,0.0
2020-01-06,13,0,122_HYDRO_4,12.7,12.7,0.0,0.0,0.0
2020-01-06,13,0,122_HYDRO_5,12.7,12.7,0.0,0.0,0.0
2020-01-06,13,0,122_HYDRO_6,12.7,12.7,0.0,0.0,0.0
2020-01-06,13,0,201_HYDRO_4,18.683,18.5,0.0,0.0,0.0
2020-01-06,13,0,215_HYDRO_1,18.683,18.5,0.0,0.0,0.0
2020-01-06,13,0,215_HYDRO_2,18.683,18.5,0.0,0.0,0.0
2020-01-06,13,0,215_HYDRO_3,18.683,18.5,0.0,0.0,0.0
2020-01-06,13,0,222_HYDRO_1,18.683,18.5,0.0,0.0,0.0
2020-01-06,13,0,222_HYDRO_2,18.683,18.5,0.0,0.0,0.0
2020-01-06,13,0,222_HYDRO_3,18.683,18.5,0.0,0.0,0.0
2020-01-06,13,0,222_HYDRO_4,18.683,18.5,0.0,0.0,0.0
2020-01-06,13,0,222_HYDRO_5,18.683,18.5,0.0,0.0,0.0
2020-01-06,13,0,222_HYDRO_6,18.683,18.5,0.0,0.0,0.0
2020-01-06,13,0,322_HYDRO_1,18.658,25.9,0.0,0.0,0.0
2020-01-06,13,0,322_HYDRO_2,18.658,25.9,0.0,0.0,0.0
2020-01-06,13,0,322_HYDRO_3,18.658,25.9,0.0,0.0,0.0
2020-01-06,13,0,322_HYDRO_4,18.658,25.9,0.0,0.0,0.0
2020-01-06,13,0,320_PV_1,9.984,7.484,0.0,0.0,0.0
2020-01-06,13,0,314_PV_1,32.3,34.0,0.0,0.0,0.0
2020-01-06,13,0,314_PV_2,36.1,35.1,0.0,0.0,0.0
2020-01-06,13,0,313_PV_1,69.6,64.0,0.0,0.0,0.0
2020-01-06,13,0,314_PV_3,71.8,63.7,0.0,0.0,0.0
2020-01-06,13,0,314_PV_4,0.0,35.1,36.3,0.0,0.0
2020-01-06,13,0,313_PV_2,66.8,64.6,0.0,0.0,0.0
2020-01-06,13,0,310_PV_1,39.6,34.6,0.0,0.0,0.0
2020-01-06,13,0,324_PV_1,0.0,13.623,18.123,0.0,0.0
2020-01-06,13,0,312_PV_1,68.4,64.6,0.0,0.0,0.0
2020-01-06,13,0,310_PV_2,8.584,8.284,0.0,0.0,0.0
2020-01-06,13,0,324_PV_2,0.0,12.644,16.844,0.0,0.0
2020-01-06,13,0,324_PV_3,15.29,12.89,0.0,0.0,0.0
2020-01-06,13,0,113_PV_1,62.3,67.0,0.0,0.0,0.0
2020-01-06,13,0,319_PV_1,66.538,56.538,0.0,0.0,0.0
2020-01-06,13,0,215_PV_1,88.0,82.8,0.0,0.0,0.0
2020-01-06,13,0,102_PV_1,19.8,17.7,0.0,0.0,0.0
2020-01-06,13,0,101_PV_1,0.0,17.2,17.4,0.0,0.0
2020-01-06,13,0,102_PV_2,19.2,18.3,0.0,0.0,0.0
2020-01-06,13,0,104_PV_1,15.8,17.3,0.0,0.0,0.0
2020-01-06,13,0,101_PV_2,10.52714,17.9,7.67286,0.0,0.0
2020-01-06,13,0,101_PV_3,19.9,17.9,0.0,0.0,0.0
2020-01-06,13,0,101_PV_4,20.8,18.1,0.0,0.0,0.0
2020-01-06,13,0,103_PV_1,48.2,41.4,0.0,0.0,0.0
2020-01-06,13,0,119_PV_1,31.2,40.6,0.0,0.0,0.0
2020-01-06,13,0,308_RTPV_1,65.3,60.7,0.0,0.0,0.0
2020-01-06,13,0,313_RTPV_1,68.1,60.7,0.0,0.0,0.0
2020-01-06,13,0,313_RTPV_2,43.8,37.8,0.0,0.0,0.0
2020-01-06,13,0,313_RTPV_3,40.3,39.1,0.0,0.0,0.0
2020-01-06,13,0,313_RTPV_4,41.7,38.5,0.0,0.0,0.0
2020-01-06,13,0,313_RTPV_5,40.2,37.0,0.0,0.0,0.0
2020-01-06,13,0,313_RTPV_6,40.5,40.7,0.0,0.0,0.0
2020-01-06,13,0,313_RTPV_7,42.0,40.9,0.0,0.0,0.0
2020-01-06,13,0,313_RTPV_8,43.0,40.6,0.0,0.0,0.0
2020-01-06,13,0,313_RTPV_9,47.9,40.8,0.0,0.0,0.0
2020-01-06,13,0,313_RTPV_10,48.5,40.0,0.0,0.0,0.0
2020-01-06,13,0,313_RTPV_11,45.2,41.9,0.0,0.0,0.0
2020-01-06,13,0,313_RTPV_12,18.0,17.6,0.0,0.0,0.0
2020-01-06,13,0,320_RTPV_1,16.2,17.6,0.0,0.0,0.0
2020-01-06,13,0,320_RTPV_2,17.9,17.6,0.0,0.0,0.0
2020-01-06,13,0,320_RTPV_3,16.8,17.3,0.0,0.0,0.0
2020-01-06,13,0,313_RTPV_13,17.8,17.4,0.0,0.0,0.0
2020-01-06,13,0,320_RTPV_4,20.3,17.1,0.0,0.0,0.0
2020-01-06,13,0,320_RTPV_5,18.9,18.0,0.0,0.0,0.0
2020-01-06,13,0,118_RTPV_1,5.6,5.4,0.0,0.0,0.0
2020-01-06,13,0,118_RTPV_2,6.1,5.4,0.0,0.0,0.0
2020-01-06,13,0,118_RTPV_3,6.6,5.5,0.0,0.0,0.0
2020-01-06,13,0,118_RTPV_4,6.3,5.5,0.0,0.0,0.0
2020-01-06,13,0,118_RTPV_5,6.1,5.3,0.0,0.0,0.0
2020-01-06,13,0,118_RTPV_6,5.3,5.6,0.0,0.0,0.0
2020-01-06,13,0,320_RTPV_6,6.5,5.5,0.0,0.0,0.0
2020-01-06,13,0,118_RTPV_7,6.9,6.7,0.0,0.0,0.0
2020-01-06,13,0,118_RTPV_8,7.0,6.7,0.0,0.0,0.0
2020-01-06,13,0,118_RTPV_9,6.3,6.2,0.0,0.0,0.0
2020-01-06,13,0,118_RTPV_10,2.6,2.8,0.0,0.0,0.0
2020-01-06,13,0,213_RTPV_1,8.7,7.9,0.0,0.0,0.0
2020-01-06,13,0,309_WIND_1,24.867,47.467,0.0,0.0,0.0
2020-01-06,13,0,317_WIND_1,217.5725,110.768159,0.0,0.0,0.0
2020-01-06,13,0,303_WIND_1,141.925,53.725,0.0,0.0,0.0
2020-01-06,13,0,122_WIND_1,127.1125,313.7125,0.0,0.0,0.0
2020-01-06,13,0,122_WIND_1_PEM,0.0,0.0,374.5875,0.0,0.0
2020-01-06,13,0,303_WIND_1_PEM,0.0,0.0,444.675,0.0,0.0
2020-01-06,13,0,309_WIND_1_PEM,0.0,0.0,75.633,0.0,0.0
2020-01-06,13,0,310_PV_2_PEM,0.0,0.0,26.316,0.0,0.0
2020-01-06,13,0,317_WIND_1_PEM,0.0,0.0,419.5275,0.0,0.0
2020-01-06,13,0,319_PV_1_PEM,0.0,0.0,77.162,0.0,0.0
2020-01-06,13,0,320_PV_1_PEM,0.0,0.0,26.316,0.0,0.0
2020-01-06,13,0,324_PV_1_PEM,0.0,0.0,20.377,0.0,0.0
2020-01-06,13,0,324_PV_2_PEM,0.0,0.0,21.156,0.0,0.0
2020-01-06,13,0,324_PV_3_PEM,0.0,0.0,20.91,0.0,0.0
2020-01-06,14,0,122_HYDRO_1,12.742,13.2,0.0,251.262131,0.0
2020-01-06,14,0,122_HYDRO_2,12.742,13.2,0.0,251.262131,0.0
2020-01-06,14,0,122_HYDRO_3,12.742,13.2,0.0,251.262131,0.0
2020-01-06,14,0,122_HYDRO_4,12.742,13.2,0.0,251.262131,0.0
2020-01-06,14,0,122_HYDRO_5,12.742,13.2,0.0,251.262131,0.0
2020-01-06,14,0,122_HYDRO_6,12.742,13.2,0.0,251.262131,0.0
2020-01-06,14,0,201_HYDRO_4,18.517,18.7,0.0,364.740776,0.0
2020-01-06,14,0,215_HYDRO_1,18.517,18.7,0.0,364.740776,0.0
2020-01-06,14,0,215_HYDRO_2,18.517,18.7,0.0,364.740776,0.0
2020-01-06,14,0,215_HYDRO_3,18.517,18.7,0.0,364.740776,0.0
2020-01-06,14,0,222_HYDRO_1,18.517,18.7,0.0,364.740776,0.0
2020-01-06,14,0,222_HYDRO_2,18.517,18.7,0.0,364.740776,0.0
2020-01-06,14,0,222_HYDRO_3,18.517,18.7,0.0,364.740776,0.0
2020-01-06,14,0,222_HYDRO_4,18.517,18.7,0.0,364.740776,0.0
2020-01-06,14,0,222_HYDRO_5,18.517,18.7,0.0,364.740776,0.0
2020-01-06,14,0,222_HYDRO_6,18.517,18.7,0.0,364.740776,0.0
2020-01-06,14,0,322_HYDRO_1,25.408,20.0,0.0,495.788991,0.0
2020-01-06,14,0,322_HYDRO_2,25.408,20.0,0.0,495.788991,0.0
2020-01-06,14,0,322_HYDRO_3,25.408,20.0,0.0,495.788991,0.0
2020-01-06,14,0,322_HYDRO_4,25.408,20.0,0.0,495.788991,0.0
2020-01-06,14,0,320_PV_1,9.684,3.384,0.0,185.45345,0.0
2020-01-06,14,0,314_PV_1,31.9,29.7,0.0,626.270315,0.0
2020-01-06,14,0,314_PV_2,35.9,31.8,0.0,703.454054,0.0
2020-01-06,14,0,313_PV_1,64.8,53.5,0.0,1266.514022,0.0
2020-01-06,14,0,314_PV_3,66.7,53.2,0.0,1302.101434,0.0
2020-01-06,14,0,314_PV_4,35.4,31.8,0.0,694.023544,0.0
2020-01-06,14,0,313_PV_2,60.4,54.2,0.0,1184.105427,0.0
2020-01-06,14,0,310_PV_1,40.2,31.1,0.0,783.976547,0.0
2020-01-06,14,0,324_PV_1,16.123,10.523,0.0,312.813578,0.0
2020-01-06,14,0,312_PV_1,63.6,54.3,0.0,1244.543528,0.0
2020-01-06,14,0,310_PV_2,7.384,5.084,0.0,143.481406,0.0
2020-01-06,14,0,324_PV_2,16.144,9.944,0.0,312.730009,0.0
2020-01-06,14,0,324_PV_3,13.49,10.19,0.0,262.876655,0.0
2020-01-06,14,0,113_PV_1,59.2,59.1,0.0,1165.53142,0.0
2020-01-06,14,0,319_PV_1,59.438,41.438,0.0,1155.388942,0.0
2020-01-06,14,0,215_PV_1,87.9,74.2,0.0,1719.35167,0.0
2020-01-06,14,0,102_PV_1,19.0,16.0,0.0,371.613938,0.0
2020-01-06,14,0,101_PV_1,17.1,16.0,0.0,335.778002,0.0
2020-01-06,14,0,102_PV_2,18.8,16.5,0.0,368.25594,0.0
2020-01-06,14,0,104_PV_1,16.4,16.1,0.0,322.65813,0.0
2020-01-06,14,0,101_PV_2,17.4,16.1,0.0,341.519149,0.0
2020-01-06,14,0,101_PV_3,19.3,16.1,0.0,377.355084,0.0
2020-01-06,14,0,101_PV_4,20.0,16.0,0.0,390.474957,0.0
2020-01-06,14,0,103_PV_1,38.5,30.5,0.0,751.415768,0.0
2020-01-06,14,0,119_PV_1,27.1,31.0,0.0,536.814359,0.0
2020-01-06,14,0,308_RTPV_1,53.1,48.4,0.0,1041.615204,0.0
2020-01-06,14,0,313_RTPV_1,58.0,48.3,0.0,1133.951355,0.0
2020-01-06,14,0,313_RTPV_2,40.0,30.8,0.0,779.955819,0.0
2020-01-06,14,0,313_RTPV_3,34.3,30.7,0.0,672.365171,0.0
2020-01-06,14,0,313_RTPV_4,30.8,29.8,0.0,605.606035,0.0
2020-01-06,14,0,313_RTPV_5,36.7,30.2,0.0,717.217411,0.0
2020-01-06,14,0,313_RTPV_6,36.1,30.9,0.0,706.480687,0.0
2020-01-06,14,0,313_RTPV_7,38.7,31.1,0.0,755.685018,0.0
2020-01-06,14,0,313_RTPV_8,38.1,30.7,0.0,744.037043,0.0
2020-01-06,14,0,313_RTPV_9,42.4,31.0,0.0,825.387947,0.0
2020-01-06,14,0,313_RTPV_10,41.9,30.5,0.0,815.543232,0.0
2020-01-06,14,0,313_RTPV_11,37.5,31.7,0.0,733.548843,0.0
2020-01-06,14,0,313_RTPV_12,16.0,13.3,0.0,312.794171,0.0
2020-01-06,14,0,320_RTPV_1,12.4,13.3,0.0,244.894503,0.0
2020-01-06,14,0,320_RTPV_2,15.6,13.3,0.0,305.249763,0.0
2020-01-06,14,0,320_RTPV_3,13.0,13.0,0.0,255.962591,0.0
2020-01-06,14,0,313_RTPV_13,15.1,12.9,0.0,295.487889,0.0
2020-01-06,14,0,320_RTPV_4,17.4,13.0,0.0,338.951074,0.0
2020-01-06,14,0,320_RTPV_5,16.6,13.3,0.0,324.110782,0.0
2020-01-06,14,0,118_RTPV_1,5.3,4.1,0.0,103.359886,0.0
2020-01-06,14,0,118_RTPV_2,5.3,4.1,0.0,103.359886,0.0
2020-01-06,14,0,118_RTPV_3,5.4,4.3,0.0,105.41167,0.0
2020-01-06,14,0,118_RTPV_4,5.7,4.2,0.0,110.987135,0.0
2020-01-06,14,0,118_RTPV_5,4.5,4.2,0.0,88.353912,0.0
2020-01-06,14,0,118_RTPV_6,5.0,4.2,0.0,97.784421,0.0
2020-01-06,14,0,320_RTPV_6,5.2,4.3,0.0,101.639466,0.0
2020-01-06,14,0,118_RTPV_7,5.6,5.3,0.0,110.012285,0.0
2020-01-06,14,0,118_RTPV_8,6.1,5.4,0.0,119.525636,0.0
2020-01-06,14,0,118_RTPV_9,5.3,4.8,0.0,103.939774,0.0
2020-01-06,14,0,118_RTPV_10,2.2,2.2,0.0,43.316746,0.0
2020-01-06,14,0,213_RTPV_1,7.3,5.5,0.0,142.241699,0.0
2020-01-06,14,0,309_WIND_1,63.967,55.067,0.0,1252.100914,0.0
2020-01-06,14,0,317_WIND_1,276.1725,340.0725,0.0,5490.614613,0.0
2020-01-06,14,0,303_WIND_1,47.825,19.525,0.0,918.202954,0.0
2020-01-06,14,0,122_WIND_1,26.5125,295.9125,0.0,745.190021,0.0
2020-01-06,14,0,122_WIND_1_PEM,0.0,0.0,374.5875,0.0,0.0
2020-01-06,14,0,303_WIND_1_PEM,0.0,0.0,444.675,0.0,0.0
2020-01-06,14,0,309_WIND_1_PEM,0.0,0.0,75.633,0.0,0.0
2020-01-06,14,0,310_PV_2_PEM,0.0,0.0,26.316,0.0,0.0
2020-01-06,14,0,317_WIND_1_PEM,0.0,0.0,419.5275,0.0,0.0
2020-01-06,14,0,319_PV_1_PEM,0.0,0.0,77.162,0.0,0.0
2020-01-06,14,0,320_PV_1_PEM,0.0,0.0,26.316,0.0,0.0
2020-01-06,14,0,324_PV_1_PEM,0.0,0.0,20.377,0.0,0.0
2020-01-06,14,0,324_PV_2_PEM,0.0,0.0,21.156,0.0,0.0
2020-01-06,14,0,324_PV_3_PEM,0.0,0.0,20.91,0.0,0.0
2020-01-06,15,0,122_HYDRO_1,13.158,12.7,0.0,307.918424,0.0
2020-01-06,15,0,122_HYDRO_2,13.158,12.7,0.0,307.918424,0.0
2020-01-06,15,0,122_HYDRO_3,13.158,12.7,0.0,307.918424,0.0
2020-01-06,15,0,122_HYDRO_4,13.158,12.7,0.0,307.918424,0.0
2020-01-06,15,0,122_HYDRO_5,13.158,12.7,0.0,307.918424,0.0
2020-01-06,15,0,122_HYDRO_6,13.158,12.7,0.0,307.918424,0.0
2020-01-06,15,0,201_HYDRO_4,18.7,18.7,0.0,439.634382,0.0
2020-01-06,15,0,215_HYDRO_1,18.7,18.7,0.0,439.634382,0.0
2020-01-06,15,0,215_HYDRO_2,18.7,18.7,0.0,439.634382,0.0
2020-01-06,15,0,215_HYDRO_3,18.7,18.7,0.0,439.634382,0.0
2020-01-06,15,0,222_HYDRO_1,18.7,18.7,0.0,439.634382,0.0
2020-01-06,15,0,222_HYDRO_2,18.7,18.7,0.0,439.634382,0.0
2020-01-06,15,0,222_HYDRO_3,18.7,18.7,0.0,439.634382,0.0
2020-01-06,15,0,222_HYDRO_4,18.7,18.7,0.0,439.634382,0.0
2020-01-06,15,0,222_HYDRO_5,18.7,18.7,0.0,439.634382,0.0
2020-01-06,15,0,222_HYDRO_6,18.7,18.7,0.0,439.634382,0.0
2020-01-06,15,0,322_HYDRO_1,19.617,15.4,0.0,448.078659,0.0
2020-01-06,15,0,322_HYDRO_2,19.617,15.4,0.0,448.078659,0.0
2020-01-06,15,0,322_HYDRO_3,19.617,15.4,0.0,448.078659,0.0
2020-01-06,15,0,322_HYDRO_4,19.617,15.4,0.0,448.078659,0.0
2020-01-06,15,0,320_PV_1,4.884,0.0,0.0,99.633617,0.0
2020-01-06,15,0,314_PV_1,29.5,22.5,0.0,671.771874,0.0
2020-01-06,15,0,314_PV_2,33.8,23.3,0.0,761.979775,0.0
2020-01-06,15,0,313_PV_1,51.5,34.0,0.0,1156.335301,0.0
2020-01-06,15,0,314_PV_3,55.0,34.9,0.0,1230.534184,0.0
2020-01-06,15,0,314_PV_4,33.7,23.3,0.0,759.939774,0.0
2020-01-06,15,0,313_PV_2,49.5,34.9,0.0,1118.334165,0.0
2020-01-06,15,0,310_PV_1,36.1,23.1,0.0,808.277811,0.0
2020-01-06,15,0,324_PV_1,13.423,2.423,0.0,281.364429,0.0
2020-01-06,15,0,312_PV_1,51.8,35.9,0.0,1168.36403,0.0
2020-01-06,15,0,310_PV_2,4.584,0.0,0.0,93.513616,0.0
2020-01-06,15,0,324_PV_2,12.544,1.944,0.0,261.943205,0.0
2020-01-06,15,0,324_PV_3,10.49,2.19,0.0,220.806622,0.0
2020-01-06,15,0,113_PV_1,53.9,35.3,0.0,1209.338123,0.0
2020-01-06,15,0,319_PV_1,44.638,3.838,0.0,922.550985,0.0
2020-01-06,15,0,215_PV_1,80.2,45.1,0.0,1776.334809,0.0
2020-01-06,15,0,102_PV_1,16.4,10.7,0.0,367.835522,0.0
2020-01-06,15,0,101_PV_1,16.1,10.3,0.0,360.471578,0.0
2020-01-06,15,0,102_PV_2,17.4,11.1,0.0,389.479468,0.0
2020-01-06,15,0,104_PV_1,14.1,10.8,0.0,321.2265,0.0
2020-01-06,15,0,101_PV_2,15.3,10.8,0.0,345.706504,0.0
2020-01-06,15,0,101_PV_3,16.9,10.7,0.0,378.035524,0.0
2020-01-06,15,0,101_PV_4,16.5,10.8,0.0,370.186508,0.0
2020-01-06,15,0,103_PV_1,26.8,13.9,0.0,589.947099,0.0
2020-01-06,15,0,119_PV_1,19.4,15.8,0.0,444.895801,0.0
2020-01-06,15,0,308_RTPV_1,36.0,24.5,0.0,810.59161,0.0
2020-01-06,15,0,313_RTPV_1,42.7,24.5,0.0,947.271634,0.0
2020-01-06,15,0,313_RTPV_2,30.3,16.2,0.0,668.499781,0.0
2020-01-06,15,0,313_RTPV_3,24.9,15.5,0.0,556.162863,0.0
2020-01-06,15,0,313_RTPV_4,26.4,15.3,0.0,586.140897,0.0
2020-01-06,15,0,313_RTPV_5,26.9,15.5,0.0,596.96287,0.0
2020-01-06,15,0,313_RTPV_6,24.5,16.2,0.0,550.179761,0.0
2020-01-06,15,0,313_RTPV_7,24.3,15.3,0.0,543.300889,0.0
2020-01-06,15,0,313_RTPV_8,26.9,15.6,0.0,597.273855,0.0
2020-01-06,15,0,313_RTPV_9,30.6,15.3,0.0,671.820911,0.0
2020-01-06,15,0,313_RTPV_10,28.7,15.2,0.0,632.749919,0.0
2020-01-06,15,0,313_RTPV_11,25.1,15.9,0.0,561.486806,0.0
2020-01-06,15,0,313_RTPV_12,11.0,6.9,0.0,245.858048,0.0
2020-01-06,15,0,320_RTPV_1,8.0,6.9,0.0,184.658038,0.0
2020-01-06,15,0,320_RTPV_2,10.8,6.9,0.0,241.778048,0.0
2020-01-06,15,0,320_RTPV_3,8.1,6.4,0.0,185.14311,0.0
2020-01-06,15,0,313_RTPV_13,10.2,6.8,0.0,229.22706,0.0
2020-01-06,15,0,320_RTPV_4,12.4,6.4,0.0,272.863125,0.0
2020-01-06,15,0,320_RTPV_5,11.5,6.8,0.0,255.747064,0.0
2020-01-06,15,0,118_RTPV_1,3.9,2.1,0.0,86.090712,0.0
2020-01-06,15,0,118_RTPV_2,3.9,2.1,0.0,86.090712,0.0
2020-01-06,15,0,118_RTPV_3,4.1,2.1,0.0,90.170713,0.0
2020-01-06,15,0,118_RTPV_4,4.0,2.1,0.0,88.130713,0.0
2020-01-06,15,0,118_RTPV_5,3.3,2.2,0.0,74.161696,0.0
2020-01-06,15,0,118_RTPV_6,3.8,2.1,0.0,84.050712,0.0
2020-01-06,15,0,320_RTPV_6,4.1,2.1,0.0,90.170713,0.0
2020-01-06,15,0,118_RTPV_7,3.5,2.9,0.0,80.418596,0.0
2020-01-06,15,0,118_RTPV_8,4.7,2.9,0.0,104.8986,0.0
2020-01-06,15,0,118_RTPV_9,3.5,2.6,0.0,79.485639,0.0
2020-01-06,15,0,118_RTPV_10,1.7,1.2,0.0,38.411834,0.0
2020-01-06,15,0,213_RTPV_1,4.4,2.4,0.0,97.223671,0.0
2020-01-06,15,0,309_WIND_1,65.167,67.567,0.0,1539.530702,0.0
2020-01-06,15,0,317_WIND_1,205.2725,303.9725,0.0,5132.870572,0.0
2020-01-06,15,0,303_WIND_1,122.025,77.025,0.0,2728.847124,0.0
2020-01-06,15,0,122_WIND_1,77.9125,289.8125,0.0,2490.690559,0.0
2020-01-06,15,0,122_WIND_1_PEM,0.0,0.0,374.5875,0.0,0.0
2020-01-06,15,0,303_WIND_1_PEM,0.0,0.0,444.675,0.0,0.0
2020-01-06,15,0,309_WIND_1_PEM,0.0,0.0,75.633,0.0,0.0
2020-01-06,15,0,310_PV_2_PEM,0.0,0.0,26.316,0.0,0.0
2020-01-06,15,0,317_WIND_1_PEM,0.0,0.0,419.5275,0.0,0.0
2020-01-06,15,0,319_PV_1_PEM,0.0,0.0,77.162,0.0,0.0
2020-01-06,15,0,320_PV_1_PEM,0.0,0.0,26.316,0.0,0.0
2020-01-06,15,0,324_PV_1_PEM,0.0,0.0,20.377,0.0,0.0
2020-01-06,15,0,324_PV_2_PEM,0.0,0.0,21.156,0.0,0.0
2020-01-06,15,0,324_PV_3_PEM,0.0,0.0,20.91,0.0,0.0
2020-01-06,16,0,122_HYDRO_1,12.825,14.2,0.0,320.625,0.0
2020-01-06,16,0,122_HYDRO_2,12.825,14.2,0.0,320.625,0.0
2020-01-06,16,0,122_HYDRO_3,12.825,14.2,0.0,320.625,0.0
2020-01-06,16,0,122_HYDRO_4,12.825,14.2,0.0,320.625,0.0
2020-01-06,16,0,122_HYDRO_5,12.825,14.2,0.0,320.625,0.0
2020-01-06,16,0,122_HYDRO_6,12.825,14.2,0.0,320.625,0.0
2020-01-06,16,0,201_HYDRO_4,18.7,18.7,0.0,467.5,0.0
2020-01-06,16,0,215_HYDRO_1,18.7,18.7,0.0,467.5,0.0
2020-01-06,16,0,215_HYDRO_2,18.7,18.7,0.0,467.5,0.0
2020-01-06,16,0,215_HYDRO_3,18.7,18.7,0.0,467.5,0.0
2020-01-06,16,0,222_HYDRO_1,18.7,18.7,0.0,467.5,0.0
2020-01-06,16,0,222_HYDRO_2,18.7,18.7,0.0,467.5,0.0
2020-01-06,16,0,222_HYDRO_3,18.7,18.7,0.0,467.5,0.0
2020-01-06,16,0,222_HYDRO_4,18.7,18.7,0.0,467.5,0.0
2020-01-06,16,0,222_HYDRO_5,18.7,18.7,0.0,467.5,0.0
2020-01-06,16,0,222_HYDRO_6,18.7,18.7,0.0,467.5,0.0
2020-01-06,16,0,322_HYDRO_1,15.383,15.2,0.0,384.575,0.0
2020-01-06,16,0,322_HYDRO_2,15.383,15.2,0.0,384.575,0.0
2020-01-06,16,0,322_HYDRO_3,15.383,15.2,0.0,384.575,0.0
2020-01-06,16,0,322_HYDRO_4,15.383,15.2,0.0,384.575,0.0
2020-01-06,16,0,320_PV_1,0.0,0.0,0.0,0.0,0.0
2020-01-06,16,0,314_PV_1,20.0,0.0,0.0,500.0,0.0
2020-01-06,16,0,314_PV_2,22.6,0.0,0.0,565.0,0.0
2020-01-06,16,0,313_PV_1,31.1,0.0,0.0,777.5,0.0
2020-01-06,16,0,314_PV_3,32.7,0.0,0.0,817.5,0.0
2020-01-06,16,0,314_PV_4,22.7,0.0,0.0,567.5,0.0
2020-01-06,16,0,313_PV_2,28.7,0.0,0.0,717.5,0.0
2020-01-06,16,0,310_PV_1,24.1,0.0,0.0,602.5,0.0
2020-01-06,16,0,324_PV_1,2.023,0.0,0.0,50.575,0.0
2020-01-06,16,0,312_PV_1,30.0,0.0,0.0,750.0,0.0
2020-01-06,16,0,310_PV_2,0.0,0.0,0.0,0.0,0.0
2020-01-06,16,0,324_PV_2,0.0,0.0,0.0,0.0,0.0
2020-01-06,16,0,324_PV_3,0.39,0.0,0.0,9.75,0.0
2020-01-06,16,0,113_PV_1,28.2,0.0,0.0,705.0,0.0
2020-01-06,16,0,319_PV_1,2.738,0.0,0.0,68.45,0.0
2020-01-06,16,0,215_PV_1,33.8,0.0,0.0,845.0,0.0
2020-01-06,16,0,102_PV_1,6.7,0.0,0.0,167.5,0.0
2020-01-06,16,0,101_PV_1,8.9,0.0,0.0,222.5,0.0
2020-01-06,16,0,102_PV_2,9.6,0.0,0.0,240.0,0.0
2020-01-06,16,0,104_PV_1,6.7,0.0,0.0,167.5,0.0
2020-01-06,16,0,101_PV_2,10.2,0.0,0.0,255.0,0.0
2020-01-06,16,0,101_PV_3,8.1,0.0,0.0,202.5,0.0
2020-01-06,16,0,101_PV_4,7.8,0.0,0.0,195.0,0.0
2020-01-06,16,0,103_PV_1,9.1,0.0,0.0,227.5,0.0
2020-01-06,16,0,119_PV_1,6.8,0.0,0.0,170.0,0.0
2020-01-06,16,0,308_RTPV_1,14.4,0.0,0.0,360.0,0.0
2020-01-06,16,0,313_RTPV_1,16.4,0.0,0.0,410.0,0.0
2020-01-06,16,0,313_RTPV_2,10.3,0.0,0.0,257.5,0.0
2020-01-06,16,0,313_RTPV_3,9.5,0.0,0.0,237.5,0.0
2020-01-06,16,0,313_RTPV_4,9.7,0.0,0.0,242.5,0.0
2020-01-06,16,0,313_RTPV_5,9.5,0.0,0.0,237.5,0.0
2020-01-06,16,0,313_RTPV_6,9.2,0.0,0.0,230.0,0.0
2020-01-06,16,0,313_RTPV_7,9.2,0.0,0.0,230.0,0.0
2020-01-06,16,0,313_RTPV_8,10.0,0.0,0.0,250.0,0.0
2020-01-06,16,0,313_RTPV_9,11.6,0.0,0.0,290.0,0.0
2020-01-06,16,0,313_RTPV_10,10.6,0.0,0.0,265.0,0.0
2020-01-06,16,0,313_RTPV_11,9.5,0.0,0.0,237.5,0.0
2020-01-06,16,0,313_RTPV_12,4.1,0.0,0.0,102.5,0.0
2020-01-06,16,0,320_RTPV_1,3.0,0.0,0.0,75.0,0.0
2020-01-06,16,0,320_RTPV_2,4.0,0.0,0.0,100.0,0.0
2020-01-06,16,0,320_RTPV_3,3.0,0.0,0.0,75.0,0.0
2020-01-06,16,0,313_RTPV_13,3.8,0.0,0.0,95.0,0.0
2020-01-06,16,0,320_RTPV_4,4.8,0.0,0.0,120.0,0.0
2020-01-06,16,0,320_RTPV_5,4.4,0.0,0.0,110.0,0.0
2020-01-06,16,0,118_RTPV_1,1.4,0.0,0.0,35.0,0.0
2020-01-06,16,0,118_RTPV_2,1.5,0.0,0.0,37.5,0.0
2020-01-06,16,0,118_RTPV_3,1.5,0.0,0.0,37.5,0.0
2020-01-06,16,0,118_RTPV_4,1.2,0.0,0.0,30.0,0.0
2020-01-06,16,0,118_RTPV_5,0.3,0.0,0.0,7.5,0.0
2020-01-06,16,0,118_RTPV_6,1.5,0.0,0.0,37.5,0.0
2020-01-06,16,0,320_RTPV_6,1.5,0.0,0.0,37.5,0.0
2020-01-06,16,0,118_RTPV_7,1.9,0.0,0.0,47.5,0.0
2020-01-06,16,0,118_RTPV_8,1.7,0.0,0.0,42.5,0.0
2020-01-06,16,0,118_RTPV_9,1.2,0.0,0.0,30.0,0.0
2020-01-06,16,0,118_RTPV_10,0.6,0.0,0.0,15.0,0.0
2020-01-06,16,0,213_RTPV_1,1.3,0.0,0.0,32.5,0.0
2020-01-06,16,0,309_WIND_1,61.967,54.467,0.0,1549.175,0.0
2020-01-06,16,0,317_WIND_1,248.2725,267.2725,0.0,6206.8125,0.0
2020-01-06,16,0,303_WIND_1,164.425,170.725,0.0,4110.625,0.0
2020-01-06,16,0,122_WIND_1,1.2125,289.5125,0.0,30.3125,0.0
2020-01-06,16,0,122_WIND_1_PEM,0.0,374.5875,374.5875,0.0,0.0
2020-01-06,16,0,303_WIND_1_PEM,0.0,0.0,444.675,0.0,0.0
2020-01-06,16,0,309_WIND_1_PEM,0.0,75.633,75.633,0.0,0.0
2020-01-06,16,0,310_PV_2_PEM,0.0,0.0,20.8,0.0,0.0
2020-01-06,16,0,317_WIND_1_PEM,0.0,149.198434,419.5275,0.0,0.0
2020-01-06,16,0,319_PV_1_PEM,59.200372,0.0,17.961628,1480.009307,0.0
2020-01-06,16,0,320_PV_1_PEM,22.3,0.0,0.0,557.5,0.0
2020-01-06,16,0,324_PV_1_PEM,0.0,0.0,20.377,0.0,0.0
2020-01-06,16,0,324_PV_2_PEM,0.0,0.0,19.1,0.0,0.0
2020-01-06,16,0,324_PV_3_PEM,0.0,0.0,20.91,0.0,0.0
2020-01-06,17,0,122_HYDRO_1,15.175,25.9,0.0,577.068733,0.0
2020-01-06,17,0,122_HYDRO_2,15.175,25.9,0.0,577.068733,0.0
2020-01-06,17,0,122_HYDRO_3,15.175,25.9,0.0,577.068733,0.0
2020-01-06,17,0,122_HYDRO_4,15.175,25.9,0.0,577.068733,0.0
2020-01-06,17,0,122_HYDRO_5,15.175,25.9,0.0,577.068733,0.0
2020-01-06,17,0,122_HYDRO_6,15.175,25.9,0.0,577.068733,0.0
2020-01-06,17,0,201_HYDRO_4,18.717,18.9,0.0,972.177271,0.0
2020-01-06,17,0,215_HYDRO_1,18.717,18.9,0.0,976.948361,0.0
2020-01-06,17,0,215_HYDRO_2,18.717,18.9,0.0,976.948361,0.0
2020-01-06,17,0,215_HYDRO_3,18.717,18.9,0.0,976.948361,0.0
2020-01-06,17,0,222_HYDRO_1,18.717,18.9,0.0,977.538147,0.0
2020-01-06,17,0,222_HYDRO_2,18.717,18.9,0.0,977.538147,0.0
2020-01-06,17,0,222_HYDRO_3,18.717,18.9,0.0,977.538147,0.0
2020-01-06,17,0,222_HYDRO_4,18.717,18.9,0.0,977.538147,0.0
2020-01-06,17,0,222_HYDRO_5,18.717,18.9,0.0,977.538147,0.0
2020-01-06,17,0,222_HYDRO_6,18.717,18.9,0.0,977.538147,0.0
2020-01-06,17,0,322_HYDRO_1,15.125,14.3,0.0,773.206005,0.0
2020-01-06,17,0,322_HYDRO_2,15.125,14.3,0.0,773.206005,0.0
2020-01-06,17,0,322_HYDRO_3,15.125,14.3,0.0,773.206005,0.0
2020-01-06,17,0,322_HYDRO_4,15.125,14.3,0.0,773.206005,0.0
2020-01-06,17,0,320_PV_1,0.0,0.0,0.0,0.0,0.0
2020-01-06,17,0,314_PV_1,0.0,0.0,0.0,0.0,0.0
2020-01-06,17,0,314_PV_2,0.0,0.0,0.0,0.0,0.0
2020-01-06,17,0,313_PV_1,0.0,0.0,0.0,0.0,0.0
2020-01-06,17,0,314_PV_3,0.0,0.0,0.0,0.0,0.0
2020-01-06,17,0,314_PV_4,0.0,0.0,0.0,0.0,0.0
2020-01-06,17,0,313_PV_2,0.0,0.0,0.0,0.0,0.0
2020-01-06,17,0,310_PV_1,0.0,0.0,0.0,0.0,0.0
2020-01-06,17,0,324_PV_1,0.0,0.0,0.0,0.0,0.0
2020-01-06,17,0,312_PV_1,0.0,0.0,0.0,0.0,0.0
2020-01-06,17,0,310_PV_2,0.0,0.0,0.0,0.0,0.0
2020-01-06,17,0,324_PV_2,0.0,0.0,0.0,0.0,0.0
2020-01-06,17,0,324_PV_3,0.0,0.0,0.0,0.0,0.0
2020-01-06,17,0,113_PV_1,0.0,0.0,0.0,0.0,0.0
2020-01-06,17,0,319_PV_1,0.0,0.0,0.0,0.0,0.0
2020-01-06,17,0,215_PV_1,0.0,0.0,0.0,0.0,0.0
2020-01-06,17,0,102_PV_1,0.0,0.0,0.0,0.0,0.0
2020-01-06,17,0,101_PV_1,0.0,0.0,0.0,0.0,0.0
2020-01-06,17,0,102_PV_2,0.0,0.0,0.0,0.0,0.0
2020-01-06,17,0,104_PV_1,0.0,0.0,0.0,0.0,0.0
2020-01-06,17,0,101_PV_2,0.0,0.0,0.0,0.0,0.0
2020-01-06,17,0,101_PV_3,0.0,0.0,0.0,0.0,0.0
2020-01-06,17,0,101_PV_4,0.0,0.0,0.0,0.0,0.0
2020-01-06,17,0,103_PV_1,0.0,0.0,0.0,0.0,0.0
2020-01-06,17,0,119_PV_1,0.0,0.0,0.0,0.0,0.0
2020-01-06,17,0,308_RTPV_1,0.0,0.0,0.0,0.0,0.0
2020-01-06,17,0,313_RTPV_1,0.0,0.0,0.0,0.0,0.0
2020-01-06,17,0,313_RTPV_2,0.0,0.0,0.0,0.0,0.0
2020-01-06,17,0,313_RTPV_3,0.0,0.0,0.0,0.0,0.0
2020-01-06,17,0,313_RTPV_4,0.0,0.0,0.0,0.0,0.0
2020-01-06,17,0,313_RTPV_5,0.0,0.0,0.0,0.0,0.0
2020-01-06,17,0,313_RTPV_6,0.0,0.0,0.0,0.0,0.0
2020-01-06,17,0,313_RTPV_7,0.0,0.0,0.0,0.0,0.0
2020-01-06,17,0,313_RTPV_8,0.0,0.0,0.0,0.0,0.0
2020-01-06,17,0,313_RTPV_9,0.0,0.0,0.0,0.0,0.0
2020-01-06,17,0,313_RTPV_10,0.0,0.0,0.0,0.0,0.0
2020-01-06,17,0,313_RTPV_11,0.0,0.0,0.0,0.0,0.0
2020-01-06,17,0,313_RTPV_12,0.0,0.0,0.0,0.0,0.0
2020-01-06,17,0,320_RTPV_1,0.0,0.0,0.0,0.0,0.0
2020-01-06,17,0,320_RTPV_2,0.0,0.0,0.0,0.0,0.0
2020-01-06,17,0,320_RTPV_3,0.0,0.0,0.0,0.0,0.0
2020-01-06,17,0,313_RTPV_13,0.0,0.0,0.0,0.0,0.0
2020-01-06,17,0,320_RTPV_4,0.0,0.0,0.0,0.0,0.0
2020-01-06,17,0,320_RTPV_5,0.0,0.0,0.0,0.0,0.0
2020-01-06,17,0,118_RTPV_1,0.0,0.0,0.0,0.0,0.0
2020-01-06,17,0,118_RTPV_2,0.0,0.0,0.0,0.0,0.0
2020-01-06,17,0,118_RTPV_3,0.0,0.0,0.0,0.0,0.0
2020-01-06,17,0,118_RTPV_4,0.0,0.0,0.0,0.0,0.0
2020-01-06,17,0,118_RTPV_5,0.0,0.0,0.0,0.0,0.0
2020-01-06,17,0,118_RTPV_6,0.0,0.0,0.0,0.0,0.0
2020-01-06,17,0,320_RTPV_6,0.0,0.0,0.0,0.0,0.0
2020-01-06,17,0,118_RTPV_7,0.0,0.0,0.0,0.0,0.0
2020-01-06,17,0,118_RTPV_8,0.0,0.0,0.0,0.0,0.0
2020-01-06,17,0,118_RTPV_9,0.0,0.0,0.0,0.0,0.0
2020-01-06,17,0,118_RTPV_10,0.0,0.0,0.0,0.0,0.0
2020-01-06,17,0,213_RTPV_1,0.0,0.0,0.0,0.0,0.0
2020-01-06,17,0,309_WIND_1,39.767,61.567,0.0,1994.635089,0.0
2020-01-06,17,0,317_WIND_1,245.5725,269.7725,0.0,11926.682147,0.0
2020-01-06,17,0,303_WIND_1,183.725,113.925,0.0,4593.125,0.0
2020-01-06,17,0,122_WIND_1,0.0,283.1125,0.0,-6257.940149,0.0
2020-01-06,17,0,122_WIND_1_PEM,315.2,374.5875,0.0,15597.695176,0.0
2020-01-06,17,0,303_WIND_1_PEM,246.09791,277.515014,198.57709,6152.44776,0.0
2020-01-06,17,0,309_WIND_1_PEM,75.633,75.633,0.0,5188.227881,0.0
2020-01-06,17,0,310_PV_2_PEM,0.0,0.0,0.0,0.0,0.0
2020-01-06,17,0,317_WIND_1_PEM,419.5275,419.5275,0.0,21188.691496,0.0
2020-01-06,17,0,319_PV_1_PEM,0.0,0.0,0.0,0.0,0.0
2020-01-06,17,0,320_PV_1_PEM,0.0,0.0,0.0,0.0,0.0
2020-01-06,17,0,324_PV_1_PEM,0.0,0.0,0.0,0.0,0.0
2020-01-06,17,0,324_PV_2_PEM,0.0,0.0,0.0,0.0,0.0
2020-01-06,17,0,324_PV_3_PEM,0.0,0.0,0.0,0.0,0.0
2020-01-06,18,0,122_HYDRO_1,25.867,25.5,0.0,1856.982205,0.0
2020-01-06,18,0,122_HYDRO_2,25.867,25.5,0.0,1856.982205,0.0
2020-01-06,18,0,122_HYDRO_3,25.867,25.5,0.0,1856.982205,0.0
2020-01-06,18,0,122_HYDRO_4,25.867,25.5,0.0,1856.982205,0.0
2020-01-06,18,0,122_HYDRO_5,25.867,25.5,0.0,1856.982205,0.0
2020-01-06,18,0,122_HYDRO_6,25.867,25.5,0.0,1856.982205,0.0
2020-01-06,18,0,201_HYDRO_4,18.883,18.7,0.0,1308.836685,0.0
2020-01-06,18,0,215_HYDRO_1,18.883,18.7,0.0,1316.753883,0.0
2020-01-06,18,0,215_HYDRO_2,18.883,18.7,0.0,1316.753883,0.0
2020-01-06,18,0,215_HYDRO_3,18.883,18.7,0.0,1316.753883,0.0
2020-01-06,18,0,222_HYDRO_1,18.883,18.7,0.0,1317.732579,0.0
2020-01-06,18,0,222_HYDRO_2,18.883,18.7,0.0,1317.732579,0.0
2020-01-06,18,0,222_HYDRO_3,18.883,18.7,0.0,1317.732579,0.0
2020-01-06,18,0,222_HYDRO_4,18.883,18.7,0.0,1317.732579,0.0
2020-01-06,18,0,222_HYDRO_5,18.883,18.7,0.0,1317.732579,0.0
2020-01-06,18,0,222_HYDRO_6,18.883,18.7,0.0,1317.732579,0.0
2020-01-06,18,0,322_HYDRO_1,14.733,19.5,0.0,950.799669,0.0
2020-01-06,18,0,322_HYDRO_2,14.733,19.5,0.0,950.799669,0.0
2020-01-06,18,0,322_HYDRO_3,14.733,19.5,0.0,950.799669,0.0
2020-01-06,18,0,322_HYDRO_4,14.733,19.5,0.0,950.799669,0.0
2020-01-06,18,0,320_PV_1,0.0,0.0,0.0,0.0,0.0
2020-01-06,18,0,314_PV_1,0.0,0.0,0.0,0.0,0.0
2020-01-06,18,0,314_PV_2,0.0,0.0,0.0,0.0,0.0
2020-01-06,18,0,313_PV_1,0.0,0.0,0.0,0.0,0.0
2020-01-06,18,0,314_PV_3,0.0,0.0,0.0,0.0,0.0
2020-01-06,18,0,314_PV_4,0.0,0.0,0.0,0.0,0.0
2020-01-06,18,0,313_PV_2,0.0,0.0,0.0,0.0,0.0
2020-01-06,18,0,310_PV_1,0.0,0.0,0.0,0.0,0.0
2020-01-06,18,0,324_PV_1,0.0,0.0,0.0,0.0,0.0
2020-01-06,18,0,312_PV_1,0.0,0.0,0.0,0.0,0.0
2020-01-06,18,0,310_PV_2,0.0,0.0,0.0,0.0,0.0
2020-01-06,18,0,324_PV_2,0.0,0.0,0.0,0.0,0.0
2020-01-06,18,0,324_PV_3,0.0,0.0,0.0,0.0,0.0
2020-01-06,18,0,113_PV_1,0.0,0.0,0.0,0.0,0.0
2020-01-06,18,0,319_PV_1,0.0,0.0,0.0,0.0,0.0
2020-01-06,18,0,215_PV_1,0.0,0.0,0.0,0.0,0.0
2020-01-06,18,0,102_PV_1,0.0,0.0,0.0,0.0,0.0
2020-01-06,18,0,101_PV_1,0.0,0.0,0.0,0.0,0.0
2020-01-06,18,0,102_PV_2,0.0,0.0,0.0,0.0,0.0
2020-01-06,18,0,104_PV_1,0.0,0.0,0.0,0.0,0.0
2020-01-06,18,0,101_PV_2,0.0,0.0,0.0,0.0,0.0
2020-01-06,18,0,101_PV_3,0.0,0.0,0.0,0.0,0.0
2020-01-06,18,0,101_PV_4,0.0,0.0,0.0,0.0,0.0
2020-01-06,18,0,103_PV_1,0.0,0.0,0.0,0.0,0.0
2020-01-06,18,0,119_PV_1,0.0,0.0,0.0,0.0,0.0
2020-01-06,18,0,308_RTPV_1,0.0,0.0,0.0,0.0,0.0
2020-01-06,18,0,313_RTPV_1,0.0,0.0,0.0,0.0,0.0
2020-01-06,18,0,313_RTPV_2,0.0,0.0,0.0,0.0,0.0
2020-01-06,18,0,313_RTPV_3,0.0,0.0,0.0,0.0,0.0
2020-01-06,18,0,313_RTPV_4,0.0,0.0,0.0,0.0,0.0
2020-01-06,18,0,313_RTPV_5,0.0,0.0,0.0,0.0,0.0
2020-01-06,18,0,313_RTPV_6,0.0,0.0,0.0,0.0,0.0
2020-01-06,18,0,313_RTPV_7,0.0,0.0,0.0,0.0,0.0
2020-01-06,18,0,313_RTPV_8,0.0,0.0,0.0,0.0,0.0
2020-01-06,18,0,313_RTPV_9,0.0,0.0,0.0,0.0,0.0
2020-01-06,18,0,313_RTPV_10,0.0,0.0,0.0,0.0,0.0
2020-01-06,18,0,313_RTPV_11,0.0,0.0,0.0,0.0,0.0
2020-01-06,18,0,313_RTPV_12,0.0,0.0,0.0,0.0,0.0
2020-01-06,18,0,320_RTPV_1,0.0,0.0,0.0,0.0,0.0
2020-01-06,18,0,320_RTPV_2,0.0,0.0,0.0,0.0,0.0
2020-01-06,18,0,320_RTPV_3,0.0,0.0,0.0,0.0,0.0
2020-01-06,18,0,313_RTPV_13,0.0,0.0,0.0,0.0,0.0
2020-01-06,18,0,320_RTPV_4,0.0,0.0,0.0,0.0,0.0
2020-01-06,18,0,320_RTPV_5,0.0,0.0,0.0,0.0,0.0
2020-01-06,18,0,118_RTPV_1,0.0,0.0,0.0,0.0,0.0
2020-01-06,18,0,118_RTPV_2,0.0,0.0,0.0,0.0,0.0
2020-01-06,18,0,118_RTPV_3,0.0,0.0,0.0,0.0,0.0
2020-01-06,18,0,118_RTPV_4,0.0,0.0,0.0,0.0,0.0
2020-01-06,18,0,118_RTPV_5,0.0,0.0,0.0,0.0,0.0
2020-01-06,18,0,118_RTPV_6,0.0,0.0,0.0,0.0,0.0
2020-01-06,18,0,320_RTPV_6,0.0,0.0,0.0,0.0,0.0
2020-01-06,18,0,118_RTPV_7,0.0,0.0,0.0,0.0,0.0
2020-01-06,18,0,118_RTPV_8,0.0,0.0,0.0,0.0,0.0
2020-01-06,18,0,118_RTPV_9,0.0,0.0,0.0,0.0,0.0
2020-01-06,18,0,118_RTPV_10,0.0,0.0,0.0,0.0,0.0
2020-01-06,18,0,213_RTPV_1,0.0,0.0,0.0,0.0,0.0
2020-01-06,18,0,309_WIND_1,62.267,52.367,0.0,6055.266978,0.0
2020-01-06,18,0,317_WIND_1,199.8725,266.8725,0.0,13027.685055,0.0
2020-01-06,18,0,303_WIND_1,114.825,102.425,0.0,2870.625,0.0
2020-01-06,18,0,122_WIND_1,8.7125,281.6125,0.0,-669.632325,0.0
2020-01-06,18,0,122_WIND_1_PEM,374.5875,374.5875,0.0,26866.285597,0.0
2020-01-06,18,0,303_WIND_1_PEM,343.656849,282.488623,101.018151,8591.421228,0.0
2020-01-06,18,0,309_WIND_1_PEM,75.633,75.633,0.0,7268.265489,0.0
2020-01-06,18,0,310_PV_2_PEM,0.0,0.0,0.0,0.0,0.0
2020-01-06,18,0,317_WIND_1_PEM,419.5275,419.5275,0.0,27938.685826,0.0
2020-01-06,18,0,319_PV_1_PEM,0.0,0.0,0.0,0.0,0.0
2020-01-06,18,0,320_PV_1_PEM,0.0,0.0,0.0,0.0,0.0
2020-01-06,18,0,324_PV_1_PEM,0.0,0.0,0.0,0.0,0.0
2020-01-06,18,0,324_PV_2_PEM,0.0,0.0,0.0,0.0,0.0
2020-01-06,18,0,324_PV_3_PEM,0.0,0.0,0.0,0.0,0.0
2020-01-06,19,0,122_HYDRO_1,25.533,25.9,0.0,638.325,0.0
2020-01-06,19,0,122_HYDRO_2,25.533,25.9,0.0,638.325,0.0
2020-01-06,19,0,122_HYDRO_3,25.533,25.9,0.0,638.325,0.0
2020-01-06,19,0,122_HYDRO_4,25.533,25.9,0.0,638.325,0.0
2020-01-06,19,0,122_HYDRO_5,25.533,25.9,0.0,638.325,0.0
2020-01-06,19,0,122_HYDRO_6,25.533,25.9,0.0,638.325,0.0
2020-01-06,19,0,201_HYDRO_4,18.308,14.0,0.0,457.7,0.0
2020-01-06,19,0,215_HYDRO_1,18.308,14.0,0.0,457.7,0.0
2020-01-06,19,0,215_HYDRO_2,18.308,14.0,0.0,457.7,0.0
2020-01-06,19,0,215_HYDRO_3,18.308,14.0,0.0,457.7,0.0
2020-01-06,19,0,222_HYDRO_1,18.308,14.0,0.0,457.7,0.0
2020-01-06,19,0,222_HYDRO_2,18.308,14.0,0.0,457.7,0.0
2020-01-06,19,0,222_HYDRO_3,18.308,14.0,0.0,457.7,0.0
2020-01-06,19,0,222_HYDRO_4,18.308,14.0,0.0,457.7,0.0
2020-01-06,19,0,222_HYDRO_5,18.308,14.0,0.0,457.7,0.0
2020-01-06,19,0,222_HYDRO_6,18.308,14.0,0.0,457.7,0.0
2020-01-06,19,0,322_HYDRO_1,19.283,16.9,0.0,482.075,0.0
2020-01-06,19,0,322_HYDRO_2,19.283,16.9,0.0,482.075,0.0
2020-01-06,19,0,322_HYDRO_3,19.283,16.9,0.0,482.075,0.0
2020-01-06,19,0,322_HYDRO_4,19.283,16.9,0.0,482.075,0.0
2020-01-06,19,0,320_PV_1,0.0,0.0,0.0,0.0,0.0
2020-01-06,19,0,314_PV_1,0.0,0.0,0.0,0.0,0.0
2020-01-06,19,0,314_PV_2,0.0,0.0,0.0,0.0,0.0
2020-01-06,19,0,313_PV_1,0.0,0.0,0.0,0.0,0.0
2020-01-06,19,0,314_PV_3,0.0,0.0,0.0,0.0,0.0
2020-01-06,19,0,314_PV_4,0.0,0.0,0.0,0.0,0.0
2020-01-06,19,0,313_PV_2,0.0,0.0,0.0,0.0,0.0
2020-01-06,19,0,310_PV_1,0.0,0.0,0.0,0.0,0.0
2020-01-06,19,0,324_PV_1,0.0,0.0,0.0,0.0,0.0
2020-01-06,19,0,312_PV_1,0.0,0.0,0.0,0.0,0.0
2020-01-06,19,0,310_PV_2,0.0,0.0,0.0,0.0,0.0
2020-01-06,19,0,324_PV_2,0.0,0.0,0.0,0.0,0.0
2020-01-06,19,0,324_PV_3,0.0,0.0,0.0,0.0,0.0
2020-01-06,19,0,113_PV_1,0.0,0.0,0.0,0.0,0.0
2020-01-06,19,0,319_PV_1,0.0,0.0,0.0,0.0,0.0
2020-01-06,19,0,215_PV_1,0.0,0.0,0.0,0.0,0.0
2020-01-06,19,0,102_PV_1,0.0,0.0,0.0,0.0,0.0
2020-01-06,19,0,101_PV_1,0.0,0.0,0.0,0.0,0.0
2020-01-06,19,0,102_PV_2,0.0,0.0,0.0,0.0,0.0
2020-01-06,19,0,104_PV_1,0.0,0.0,0.0,0.0,0.0
2020-01-06,19,0,101_PV_2,0.0,0.0,0.0,0.0,0.0
2020-01-06,19,0,101_PV_3,0.0,0.0,0.0,0.0,0.0
2020-01-06,19,0,101_PV_4,0.0,0.0,0.0,0.0,0.0
2020-01-06,19,0,103_PV_1,0.0,0.0,0.0,0.0,0.0
2020-01-06,19,0,119_PV_1,0.0,0.0,0.0,0.0,0.0
2020-01-06,19,0,308_RTPV_1,0.0,0.0,0.0,0.0,0.0
2020-01-06,19,0,313_RTPV_1,0.0,0.0,0.0,0.0,0.0
2020-01-06,19,0,313_RTPV_2,0.0,0.0,0.0,0.0,0.0
2020-01-06,19,0,313_RTPV_3,0.0,0.0,0.0,0.0,0.0
2020-01-06,19,0,313_RTPV_4,0.0,0.0,0.0,0.0,0.0
2020-01-06,19,0,313_RTPV_5,0.0,0.0,0.0,0.0,0.0
2020-01-06,19,0,313_RTPV_6,0.0,0.0,0.0,0.0,0.0
2020-01-06,19,0,313_RTPV_7,0.0,0.0,0.0,0.0,0.0
2020-01-06,19,0,313_RTPV_8,0.0,0.0,0.0,0.0,0.0
2020-01-06,19,0,313_RTPV_9,0.0,0.0,0.0,0.0,0.0
2020-01-06,19,0,313_RTPV_10,0.0,0.0,0.0,0.0,0.0
2020-01-06,19,0,313_RTPV_11,0.0,0.0,0.0,0.0,0.0
2020-01-06,19,0,313_RTPV_12,0.0,0.0,0.0,0.0,0.0
2020-01-06,19,0,320_RTPV_1,0.0,0.0,0.0,0.0,0.0
2020-01-06,19,0,320_RTPV_2,0.0,0.0,0.0,0.0,0.0
2020-01-06,19,0,320_RTPV_3,0.0,0.0,0.0,0.0,0.0
2020-01-06,19,0,313_RTPV_13,0.0,0.0,0.0,0.0,0.0
2020-01-06,19,0,320_RTPV_4,0.0,0.0,0.0,0.0,0.0
2020-01-06,19,0,320_RTPV_5,0.0,0.0,0.0,0.0,0.0
2020-01-06,19,0,118_RTPV_1,0.0,0.0,0.0,0.0,0.0
2020-01-06,19,0,118_RTPV_2,0.0,0.0,0.0,0.0,0.0
2020-01-06,19,0,118_RTPV_3,0.0,0.0,0.0,0.0,0.0
2020-01-06,19,0,118_RTPV_4,0.0,0.0,0.0,0.0,0.0
2020-01-06,19,0,118_RTPV_5,0.0,0.0,0.0,0.0,0.0
2020-01-06,19,0,118_RTPV_6,0.0,0.0,0.0,0.0,0.0
2020-01-06,19,0,320_RTPV_6,0.0,0.0,0.0,0.0,0.0
2020-01-06,19,0,118_RTPV_7,0.0,0.0,0.0,0.0,0.0
2020-01-06,19,0,118_RTPV_8,0.0,0.0,0.0,0.0,0.0
2020-01-06,19,0,118_RTPV_9,0.0,0.0,0.0,0.0,0.0
2020-01-06,19,0,118_RTPV_10,0.0,0.0,0.0,0.0,0.0
2020-01-06,19,0,213_RTPV_1,0.0,0.0,0.0,0.0,0.0
2020-01-06,19,0,309_WIND_1,61.067,62.167,0.0,1526.675,0.0
2020-01-06,19,0,317_WIND_1,221.8725,250.8725,0.0,5546.8125,0.0
2020-01-06,19,0,303_WIND_1,43.525,73.325,0.0,1088.125,0.0
2020-01-06,19,0,122_WIND_1,83.3125,286.4125,0.0,2082.8125,0.0
2020-01-06,19,0,122_WIND_1_PEM,374.5875,374.5875,0.0,9364.6875,0.0
2020-01-06,19,0,303_WIND_1_PEM,326.028188,280.73886,118.646812,8150.704707,0.0
2020-01-06,19,0,309_WIND_1_PEM,75.633,75.633,0.0,1890.825,0.0
2020-01-06,19,0,310_PV_2_PEM,0.0,0.0,0.0,0.0,0.0
2020-01-06,19,0,317_WIND_1_PEM,419.5275,419.5275,0.0,10488.1875,0.0
2020-01-06,19,0,319_PV_1_PEM,0.0,0.0,0.0,0.0,0.0
2020-01-06,19,0,320_PV_1_PEM,0.0,0.0,0.0,0.0,0.0
2020-01-06,19,0,324_PV_1_PEM,0.0,0.0,0.0,0.0,0.0
2020-01-06,19,0,324_PV_2_PEM,0.0,0.0,0.0,0.0,0.0
2020-01-06,19,0,324_PV_3_PEM,0.0,0.0,0.0,0.0,0.0
2020-01-06,20,0,122_HYDRO_1,25.9,25.9,0.0,647.5,0.0
2020-01-06,20,0,122_HYDRO_2,25.9,25.9,0.0,647.5,0.0
2020-01-06,20,0,122_HYDRO_3,25.9,25.9,0.0,647.5,0.0
2020-01-06,20,0,122_HYDRO_4,25.9,25.9,0.0,647.5,0.0
2020-01-06,20,0,122_HYDRO_5,25.9,25.9,0.0,647.5,0.0
2020-01-06,20,0,122_HYDRO_6,25.9,25.9,0.0,647.5,0.0
2020-01-06,20,0,201_HYDRO_4,13.625,9.5,0.0,340.625,0.0
2020-01-06,20,0,215_HYDRO_1,13.625,9.5,0.0,340.625,0.0
2020-01-06,20,0,215_HYDRO_2,13.625,9.5,0.0,340.625,0.0
2020-01-06,20,0,215_HYDRO_3,13.625,9.5,0.0,340.625,0.0
2020-01-06,20,0,222_HYDRO_1,13.625,9.5,0.0,340.625,0.0
2020-01-06,20,0,222_HYDRO_2,13.625,9.5,0.0,340.625,0.0
2020-01-06,20,0,222_HYDRO_3,13.625,9.5,0.0,340.625,0.0
2020-01-06,20,0,222_HYDRO_4,13.625,9.5,0.0,340.625,0.0
2020-01-06,20,0,222_HYDRO_5,13.625,9.5,0.0,340.625,0.0
2020-01-06,20,0,222_HYDRO_6,13.625,9.5,0.0,340.625,0.0
2020-01-06,20,0,322_HYDRO_1,17.458,23.6,0.0,436.45,0.0
2020-01-06,20,0,322_HYDRO_2,17.458,23.6,0.0,436.45,0.0
2020-01-06,20,0,322_HYDRO_3,17.458,23.6,0.0,436.45,0.0
2020-01-06,20,0,322_HYDRO_4,17.458,23.6,0.0,436.45,0.0
2020-01-06,20,0,320_PV_1,0.0,0.0,0.0,0.0,0.0
2020-01-06,20,0,314_PV_1,0.0,0.0,0.0,0.0,0.0
2020-01-06,20,0,314_PV_2,0.0,0.0,0.0,0.0,0.0
2020-01-06,20,0,313_PV_1,0.0,0.0,0.0,0.0,0.0
2020-01-06,20,0,314_PV_3,0.0,0.0,0.0,0.0,0.0
2020-01-06,20,0,314_PV_4,0.0,0.0,0.0,0.0,0.0
2020-01-06,20,0,313_PV_2,0.0,0.0,0.0,0.0,0.0
2020-01-06,20,0,310_PV_1,0.0,0.0,0.0,0.0,0.0
2020-01-06,20,0,324_PV_1,0.0,0.0,0.0,0.0,0.0
2020-01-06,20,0,312_PV_1,0.0,0.0,0.0,0.0,0.0
2020-01-06,20,0,310_PV_2,0.0,0.0,0.0,0.0,0.0
2020-01-06,20,0,324_PV_2,0.0,0.0,0.0,0.0,0.0
2020-01-06,20,0,324_PV_3,0.0,0.0,0.0,0.0,0.0
2020-01-06,20,0,113_PV_1,0.0,0.0,0.0,0.0,0.0
2020-01-06,20,0,319_PV_1,0.0,0.0,0.0,0.0,0.0
2020-01-06,20,0,215_PV_1,0.0,0.0,0.0,0.0,0.0
2020-01-06,20,0,102_PV_1,0.0,0.0,0.0,0.0,0.0
2020-01-06,20,0,101_PV_1,0.0,0.0,0.0,0.0,0.0
2020-01-06,20,0,102_PV_2,0.0,0.0,0.0,0.0,0.0
2020-01-06,20,0,104_PV_1,0.0,0.0,0.0,0.0,0.0
2020-01-06,20,0,101_PV_2,0.0,0.0,0.0,0.0,0.0
2020-01-06,20,0,101_PV_3,0.0,0.0,0.0,0.0,0.0
2020-01-06,20,0,101_PV_4,0.0,0.0,0.0,0.0,0.0
2020-01-06,20,0,103_PV_1,0.0,0.0,0.0,0.0,0.0
2020-01-06,20,0,119_PV_1,0.0,0.0,0.0,0.0,0.0
2020-01-06,20,0,308_RTPV_1,0.0,0.0,0.0,0.0,0.0
2020-01-06,20,0,313_RTPV_1,0.0,0.0,0.0,0.0,0.0
2020-01-06,20,0,313_RTPV_2,0.0,0.0,0.0,0.0,0.0
2020-01-06,20,0,313_RTPV_3,0.0,0.0,0.0,0.0,0.0
2020-01-06,20,0,313_RTPV_4,0.0,0.0,0.0,0.0,0.0
2020-01-06,20,0,313_RTPV_5,0.0,0.0,0.0,0.0,0.0
2020-01-06,20,0,313_RTPV_6,0.0,0.0,0.0,0.0,0.0
2020-01-06,20,0,313_RTPV_7,0.0,0.0,0.0,0.0,0.0
2020-01-06,20,0,313_RTPV_8,0.0,0.0,0.0,0.0,0.0
2020-01-06,20,0,313_RTPV_9,0.0,0.0,0.0,0.0,0.0
2020-01-06,20,0,313_RTPV_10,0.0,0.0,0.0,0.0,0.0
2020-01-06,20,0,313_RTPV_11,0.0,0.0,0.0,0.0,0.0
2020-01-06,20,0,313_RTPV_12,0.0,0.0,0.0,0.0,0.0
2020-01-06,20,0,320_RTPV_1,0.0,0.0,0.0,0.0,0.0
2020-01-06,20,0,320_RTPV_2,0.0,0.0,0.0,0.0,0.0
2020-01-06,20,0,320_RTPV_3,0.0,0.0,0.0,0.0,0.0
2020-01-06,20,0,313_RTPV_13,0.0,0.0,0.0,0.0,0.0
2020-01-06,20,0,320_RTPV_4,0.0,0.0,0.0,0.0,0.0
2020-01-06,20,0,320_RTPV_5,0.0,0.0,0.0,0.0,0.0
2020-01-06,20,0,118_RTPV_1,0.0,0.0,0.0,0.0,0.0
2020-01-06,20,0,118_RTPV_2,0.0,0.0,0.0,0.0,0.0
2020-01-06,20,0,118_RTPV_3,0.0,0.0,0.0,0.0,0.0
2020-01-06,20,0,118_RTPV_4,0.0,0.0,0.0,0.0,0.0
2020-01-06,20,0,118_RTPV_5,0.0,0.0,0.0,0.0,0.0
2020-01-06,20,0,118_RTPV_6,0.0,0.0,0.0,0.0,0.0
2020-01-06,20,0,320_RTPV_6,0.0,0.0,0.0,0.0,0.0
2020-01-06,20,0,118_RTPV_7,0.0,0.0,0.0,0.0,0.0
2020-01-06,20,0,118_RTPV_8,0.0,0.0,0.0,0.0,0.0
2020-01-06,20,0,118_RTPV_9,0.0,0.0,0.0,0.0,0.0
2020-01-06,20,0,118_RTPV_10,0.0,0.0,0.0,0.0,0.0
2020-01-06,20,0,213_RTPV_1,0.0,0.0,0.0,0.0,0.0
2020-01-06,20,0,309_WIND_1,50.167,59.167,0.0,1254.175,0.0
2020-01-06,20,0,317_WIND_1,266.7725,240.9725,0.0,6669.3125,0.0
2020-01-06,20,0,303_WIND_1,183.925,113.825,0.0,4598.125,0.0
2020-01-06,20,0,122_WIND_1,204.2125,293.3125,0.0,5105.3125,0.0
2020-01-06,20,0,122_WIND_1_PEM,374.5875,374.5875,0.0,9364.6875,0.0
2020-01-06,20,0,303_WIND_1_PEM,282.492868,82.788007,162.182132,7062.321698,0.0
2020-01-06,20,0,309_WIND_1_PEM,75.633,75.633,0.0,1890.825,0.0
2020-01-06,20,0,310_PV_2_PEM,0.0,0.0,0.0,0.0,0.0
2020-01-06,20,0,317_WIND_1_PEM,81.796472,419.5275,337.731028,2044.911794,0.0
2020-01-06,20,0,319_PV_1_PEM,0.0,0.0,0.0,0.0,0.0
2020-01-06,20,0,320_PV_1_PEM,0.0,0.0,0.0,0.0,0.0
2020-01-06,20,0,324_PV_1_PEM,0.0,0.0,0.0,0.0,0.0
2020-01-06,20,0,324_PV_2_PEM,0.0,0.0,0.0,0.0,0.0
2020-01-06,20,0,324_PV_3_PEM,0.0,0.0,0.0,0.0,0.0
2020-01-06,21,0,122_HYDRO_1,25.9,25.9,0.0,647.5,0.0
2020-01-06,21,0,122_HYDRO_2,25.9,25.9,0.0,647.5,0.0
2020-01-06,21,0,122_HYDRO_3,25.9,25.9,0.0,647.5,0.0
2020-01-06,21,0,122_HYDRO_4,25.9,25.9,0.0,647.5,0.0
2020-01-06,21,0,122_HYDRO_5,25.9,25.9,0.0,647.5,0.0
2020-01-06,21,0,122_HYDRO_6,25.9,25.9,0.0,647.5,0.0
2020-01-06,21,0,201_HYDRO_4,9.483,9.3,0.0,237.075,0.0
2020-01-06,21,0,215_HYDRO_1,9.483,9.3,0.0,237.075,0.0
2020-01-06,21,0,215_HYDRO_2,9.483,9.3,0.0,237.075,0.0
2020-01-06,21,0,215_HYDRO_3,9.483,9.3,0.0,237.075,0.0
2020-01-06,21,0,222_HYDRO_1,9.483,9.3,0.0,237.075,0.0
2020-01-06,21,0,222_HYDRO_2,9.483,9.3,0.0,237.075,0.0
2020-01-06,21,0,222_HYDRO_3,9.483,9.3,0.0,237.075,0.0
2020-01-06,21,0,222_HYDRO_4,9.483,9.3,0.0,237.075,0.0
2020-01-06,21,0,222_HYDRO_5,9.483,9.3,0.0,237.075,0.0
2020-01-06,21,0,222_HYDRO_6,9.483,9.3,0.0,237.075,0.0
2020-01-06,21,0,322_HYDRO_1,22.708,12.9,0.0,567.7,0.0
2020-01-06,21,0,322_HYDRO_2,22.708,12.9,0.0,567.7,0.0
2020-01-06,21,0,322_HYDRO_3,22.708,12.9,0.0,567.7,0.0
2020-01-06,21,0,322_HYDRO_4,22.708,12.9,0.0,567.7,0.0
2020-01-06,21,0,320_PV_1,0.0,0.0,0.0,0.0,0.0
2020-01-06,21,0,314_PV_1,0.0,0.0,0.0,0.0,0.0
2020-01-06,21,0,314_PV_2,0.0,0.0,0.0,0.0,0.0
2020-01-06,21,0,313_PV_1,0.0,0.0,0.0,0.0,0.0
2020-01-06,21,0,314_PV_3,0.0,0.0,0.0,0.0,0.0
2020-01-06,21,0,314_PV_4,0.0,0.0,0.0,0.0,0.0
2020-01-06,21,0,313_PV_2,0.0,0.0,0.0,0.0,0.0
2020-01-06,21,0,310_PV_1,0.0,0.0,0.0,0.0,0.0
2020-01-06,21,0,324_PV_1,0.0,0.0,0.0,0.0,0.0
2020-01-06,21,0,312_PV_1,0.0,0.0,0.0,0.0,0.0
2020-01-06,21,0,310_PV_2,0.0,0.0,0.0,0.0,0.0
2020-01-06,21,0,324_PV_2,0.0,0.0,0.0,0.0,0.0
2020-01-06,21,0,324_PV_3,0.0,0.0,0.0,0.0,0.0
2020-01-06,21,0,113_PV_1,0.0,0.0,0.0,0.0,0.0
2020-01-06,21,0,319_PV_1,0.0,0.0,0.0,0.0,0.0
2020-01-06,21,0,215_PV_1,0.0,0.0,0.0,0.0,0.0
2020-01-06,21,0,102_PV_1,0.0,0.0,0.0,0.0,0.0
2020-01-06,21,0,101_PV_1,0.0,0.0,0.0,0.0,0.0
2020-01-06,21,0,102_PV_2,0.0,0.0,0.0,0.0,0.0
2020-01-06,21,0,104_PV_1,0.0,0.0,0.0,0.0,0.0
2020-01-06,21,0,101_PV_2,0.0,0.0,0.0,0.0,0.0
2020-01-06,21,0,101_PV_3,0.0,0.0,0.0,0.0,0.0
2020-01-06,21,0,101_PV_4,0.0,0.0,0.0,0.0,0.0
2020-01-06,21,0,103_PV_1,0.0,0.0,0.0,0.0,0.0
2020-01-06,21,0,119_PV_1,0.0,0.0,0.0,0.0,0.0
2020-01-06,21,0,308_RTPV_1,0.0,0.0,0.0,0.0,0.0
2020-01-06,21,0,313_RTPV_1,0.0,0.0,0.0,0.0,0.0
2020-01-06,21,0,313_RTPV_2,0.0,0.0,0.0,0.0,0.0
2020-01-06,21,0,313_RTPV_3,0.0,0.0,0.0,0.0,0.0
2020-01-06,21,0,313_RTPV_4,0.0,0.0,0.0,0.0,0.0
2020-01-06,21,0,313_RTPV_5,0.0,0.0,0.0,0.0,0.0
2020-01-06,21,0,313_RTPV_6,0.0,0.0,0.0,0.0,0.0
2020-01-06,21,0,313_RTPV_7,0.0,0.0,0.0,0.0,0.0
2020-01-06,21,0,313_RTPV_8,0.0,0.0,0.0,0.0,0.0
2020-01-06,21,0,313_RTPV_9,0.0,0.0,0.0,0.0,0.0
2020-01-06,21,0,313_RTPV_10,0.0,0.0,0.0,0.0,0.0
2020-01-06,21,0,313_RTPV_11,0.0,0.0,0.0,0.0,0.0
2020-01-06,21,0,313_RTPV_12,0.0,0.0,0.0,0.0,0.0
2020-01-06,21,0,320_RTPV_1,0.0,0.0,0.0,0.0,0.0
2020-01-06,21,0,320_RTPV_2,0.0,0.0,0.0,0.0,0.0
2020-01-06,21,0,320_RTPV_3,0.0,0.0,0.0,0.0,0.0
2020-01-06,21,0,313_RTPV_13,0.0,0.0,0.0,0.0,0.0
2020-01-06,21,0,320_RTPV_4,0.0,0.0,0.0,0.0,0.0
2020-01-06,21,0,320_RTPV_5,0.0,0.0,0.0,0.0,0.0
2020-01-06,21,0,118_RTPV_1,0.0,0.0,0.0,0.0,0.0
2020-01-06,21,0,118_RTPV_2,0.0,0.0,0.0,0.0,0.0
2020-01-06,21,0,118_RTPV_3,0.0,0.0,0.0,0.0,0.0
2020-01-06,21,0,118_RTPV_4,0.0,0.0,0.0,0.0,0.0
2020-01-06,21,0,118_RTPV_5,0.0,0.0,0.0,0.0,0.0
2020-01-06,21,0,118_RTPV_6,0.0,0.0,0.0,0.0,0.0
2020-01-06,21,0,320_RTPV_6,0.0,0.0,0.0,0.0,0.0
2020-01-06,21,0,118_RTPV_7,0.0,0.0,0.0,0.0,0.0
2020-01-06,21,0,118_RTPV_8,0.0,0.0,0.0,0.0,0.0
2020-01-06,21,0,118_RTPV_9,0.0,0.0,0.0,0.0,0.0
2020-01-06,21,0,118_RTPV_10,0.0,0.0,0.0,0.0,0.0
2020-01-06,21,0,213_RTPV_1,0.0,0.0,0.0,0.0,0.0
2020-01-06,21,0,309_WIND_1,69.667,69.367,0.0,1741.675,0.0
2020-01-06,21,0,317_WIND_1,300.8725,320.5725,0.0,7521.8125,0.0
2020-01-06,21,0,303_WIND_1,340.925,137.325,0.0,8523.125,0.0
2020-01-06,21,0,122_WIND_1,312.3125,304.1125,0.0,7807.8125,0.0
2020-01-06,21,0,122_WIND_1_PEM,51.928494,366.590409,322.659006,1298.21235,0.0
2020-01-06,21,0,303_WIND_1_PEM,135.144359,0.0,309.530641,3378.608968,0.0
2020-01-06,21,0,309_WIND_1_PEM,75.633,75.633,0.0,1890.825,0.0
2020-01-06,21,0,310_PV_2_PEM,0.0,0.0,0.0,0.0,0.0
2020-01-06,21,0,317_WIND_1_PEM,0.0,114.152523,419.5275,0.0,0.0
2020-01-06,21,0,319_PV_1_PEM,0.0,0.0,0.0,0.0,0.0
2020-01-06,21,0,320_PV_1_PEM,0.0,0.0,0.0,0.0,0.0
2020-01-06,21,0,324_PV_1_PEM,0.0,0.0,0.0,0.0,0.0
2020-01-06,21,0,324_PV_2_PEM,0.0,0.0,0.0,0.0,0.0
2020-01-06,21,0,324_PV_3_PEM,0.0,0.0,0.0,0.0,0.0
2020-01-06,22,0,122_HYDRO_1,25.9,25.9,0.0,647.5,0.0
2020-01-06,22,0,122_HYDRO_2,25.9,25.9,0.0,647.5,0.0
2020-01-06,22,0,122_HYDRO_3,25.9,25.9,0.0,647.5,0.0
2020-01-06,22,0,122_HYDRO_4,25.9,25.9,0.0,647.5,0.0
2020-01-06,22,0,122_HYDRO_5,25.9,25.9,0.0,647.5,0.0
2020-01-06,22,0,122_HYDRO_6,25.9,25.9,0.0,647.5,0.0
2020-01-06,22,0,201_HYDRO_4,9.3,9.3,0.0,232.5,0.0
2020-01-06,22,0,215_HYDRO_1,9.3,9.3,0.0,232.5,0.0
2020-01-06,22,0,215_HYDRO_2,9.3,9.3,0.0,232.5,0.0
2020-01-06,22,0,215_HYDRO_3,9.3,9.3,0.0,232.5,0.0
2020-01-06,22,0,222_HYDRO_1,9.3,9.3,0.0,232.5,0.0
2020-01-06,22,0,222_HYDRO_2,9.3,9.3,0.0,232.5,0.0
2020-01-06,22,0,222_HYDRO_3,9.3,9.3,0.0,232.5,0.0
2020-01-06,22,0,222_HYDRO_4,9.3,9.3,0.0,232.5,0.0
2020-01-06,22,0,222_HYDRO_5,9.3,9.3,0.0,232.5,0.0
2020-01-06,22,0,222_HYDRO_6,9.3,9.3,0.0,232.5,0.0
2020-01-06,22,0,322_HYDRO_1,12.892,12.8,0.0,322.091377,0.0
2020-01-06,22,0,322_HYDRO_2,12.892,12.8,0.0,322.091377,0.0
2020-01-06,22,0,322_HYDRO_3,12.892,12.8,0.0,322.091377,0.0
2020-01-06,22,0,322_HYDRO_4,12.892,12.8,0.0,322.091377,0.0
2020-01-06,22,0,320_PV_1,0.0,0.0,0.0,0.0,0.0
2020-01-06,22,0,314_PV_1,0.0,0.0,0.0,0.0,0.0
2020-01-06,22,0,314_PV_2,0.0,0.0,0.0,0.0,0.0
2020-01-06,22,0,313_PV_1,0.0,0.0,0.0,0.0,0.0
2020-01-06,22,0,314_PV_3,0.0,0.0,0.0,0.0,0.0
2020-01-06,22,0,314_PV_4,0.0,0.0,0.0,0.0,0.0
2020-01-06,22,0,313_PV_2,0.0,0.0,0.0,0.0,0.0
2020-01-06,22,0,310_PV_1,0.0,0.0,0.0,0.0,0.0
2020-01-06,22,0,324_PV_1,0.0,0.0,0.0,0.0,0.0
2020-01-06,22,0,312_PV_1,0.0,0.0,0.0,0.0,0.0
2020-01-06,22,0,310_PV_2,0.0,0.0,0.0,0.0,0.0
2020-01-06,22,0,324_PV_2,0.0,0.0,0.0,0.0,0.0
2020-01-06,22,0,324_PV_3,0.0,0.0,0.0,0.0,0.0
2020-01-06,22,0,113_PV_1,0.0,0.0,0.0,0.0,0.0
2020-01-06,22,0,319_PV_1,0.0,0.0,0.0,0.0,0.0
2020-01-06,22,0,215_PV_1,0.0,0.0,0.0,0.0,0.0
2020-01-06,22,0,102_PV_1,0.0,0.0,0.0,0.0,0.0
2020-01-06,22,0,101_PV_1,0.0,0.0,0.0,0.0,0.0
2020-01-06,22,0,102_PV_2,0.0,0.0,0.0,0.0,0.0
2020-01-06,22,0,104_PV_1,0.0,0.0,0.0,0.0,0.0
2020-01-06,22,0,101_PV_2,0.0,0.0,0.0,0.0,0.0
2020-01-06,22,0,101_PV_3,0.0,0.0,0.0,0.0,0.0
2020-01-06,22,0,101_PV_4,0.0,0.0,0.0,0.0,0.0
2020-01-06,22,0,103_PV_1,0.0,0.0,0.0,0.0,0.0
2020-01-06,22,0,119_PV_1,0.0,0.0,0.0,0.0,0.0
2020-01-06,22,0,308_RTPV_1,0.0,0.0,0.0,0.0,0.0
2020-01-06,22,0,313_RTPV_1,0.0,0.0,0.0,0.0,0.0
2020-01-06,22,0,313_RTPV_2,0.0,0.0,0.0,0.0,0.0
2020-01-06,22,0,313_RTPV_3,0.0,0.0,0.0,0.0,0.0
2020-01-06,22,0,313_RTPV_4,0.0,0.0,0.0,0.0,0.0
2020-01-06,22,0,313_RTPV_5,0.0,0.0,0.0,0.0,0.0
2020-01-06,22,0,313_RTPV_6,0.0,0.0,0.0,0.0,0.0
2020-01-06,22,0,313_RTPV_7,0.0,0.0,0.0,0.0,0.0
2020-01-06,22,0,313_RTPV_8,0.0,0.0,0.0,0.0,0.0
2020-01-06,22,0,313_RTPV_9,0.0,0.0,0.0,0.0,0.0
2020-01-06,22,0,313_RTPV_10,0.0,0.0,0.0,0.0,0.0
2020-01-06,22,0,313_RTPV_11,0.0,0.0,0.0,0.0,0.0
2020-01-06,22,0,313_RTPV_12,0.0,0.0,0.0,0.0,0.0
2020-01-06,22,0,320_RTPV_1,0.0,0.0,0.0,0.0,0.0
2020-01-06,22,0,320_RTPV_2,0.0,0.0,0.0,0.0,0.0
2020-01-06,22,0,320_RTPV_3,0.0,0.0,0.0,0.0,0.0
2020-01-06,22,0,313_RTPV_13,0.0,0.0,0.0,0.0,0.0
2020-01-06,22,0,320_RTPV_4,0.0,0.0,0.0,0.0,0.0
2020-01-06,22,0,320_RTPV_5,0.0,0.0,0.0,0.0,0.0
2020-01-06,22,0,118_RTPV_1,0.0,0.0,0.0,0.0,0.0
2020-01-06,22,0,118_RTPV_2,0.0,0.0,0.0,0.0,0.0
2020-01-06,22,0,118_RTPV_3,0.0,0.0,0.0,0.0,0.0
2020-01-06,22,0,118_RTPV_4,0.0,0.0,0.0,0.0,0.0
2020-01-06,22,0,118_RTPV_5,0.0,0.0,0.0,0.0,0.0
2020-01-06,22,0,118_RTPV_6,0.0,0.0,0.0,0.0,0.0
2020-01-06,22,0,320_RTPV_6,0.0,0.0,0.0,0.0,0.0
2020-01-06,22,0,118_RTPV_7,0.0,0.0,0.0,0.0,0.0
2020-01-06,22,0,118_RTPV_8,0.0,0.0,0.0,0.0,0.0
2020-01-06,22,0,118_RTPV_9,0.0,0.0,0.0,0.0,0.0
2020-01-06,22,0,118_RTPV_10,0.0,0.0,0.0,0.0,0.0
2020-01-06,22,0,213_RTPV_1,0.0,0.0,0.0,0.0,0.0
2020-01-06,22,0,309_WIND_1,68.467,71.967,0.0,1719.611734,0.0
2020-01-06,22,0,317_WIND_1,351.9725,370.1725,0.0,8840.583516,0.0
2020-01-06,22,0,303_WIND_1,380.525,36.325,0.0,8732.603917,0.0
2020-01-06,22,0,122_WIND_1,325.3125,325.7125,0.0,8133.719555,0.0
2020-01-06,22,0,122_WIND_1_PEM,0.0,0.0,374.5875,0.0,0.0
2020-01-06,22,0,303_WIND_1_PEM,0.0,130.477653,444.675,295.876117,0.0
2020-01-06,22,0,309_WIND_1_PEM,0.0,75.633,75.633,171.508283,0.0
2020-01-06,22,0,310_PV_2_PEM,0.0,0.0,0.0,0.0,0.0
2020-01-06,22,0,317_WIND_1_PEM,0.0,0.0,419.5275,0.0,0.0
2020-01-06,22,0,319_PV_1_PEM,0.0,0.0,0.0,0.0,0.0
2020-01-06,22,0,320_PV_1_PEM,0.0,0.0,0.0,0.0,0.0
2020-01-06,22,0,324_PV_1_PEM,0.0,0.0,0.0,0.0,0.0
2020-01-06,22,0,324_PV_2_PEM,0.0,0.0,0.0,0.0,0.0
2020-01-06,22,0,324_PV_3_PEM,0.0,0.0,0.0,0.0,0.0
2020-01-06,23,0,122_HYDRO_1,25.392,19.8,0.0,614.043356,0.0
2020-01-06,23,0,122_HYDRO_2,25.392,19.8,0.0,614.043356,0.0
2020-01-06,23,0,122_HYDRO_3,25.392,19.8,0.0,614.043356,0.0
2020-01-06,23,0,122_HYDRO_4,25.392,19.8,0.0,614.043356,0.0
2020-01-06,23,0,122_HYDRO_5,25.392,19.8,0.0,614.043356,0.0
2020-01-06,23,0,122_HYDRO_6,25.392,19.8,0.0,614.043356,0.0
2020-01-06,23,0,201_HYDRO_4,9.317,9.5,0.0,233.604268,0.0
2020-01-06,23,0,215_HYDRO_1,9.317,9.5,0.0,233.604268,0.0
2020-01-06,23,0,215_HYDRO_2,9.317,9.5,0.0,233.604268,0.0
2020-01-06,23,0,215_HYDRO_3,9.317,9.5,0.0,233.604268,0.0
2020-01-06,23,0,222_HYDRO_1,9.317,9.5,0.0,233.604268,0.0
2020-01-06,23,0,222_HYDRO_2,9.317,9.5,0.0,233.604268,0.0
2020-01-06,23,0,222_HYDRO_3,9.317,9.5,0.0,233.604268,0.0
2020-01-06,23,0,222_HYDRO_4,9.317,9.5,0.0,233.604268,0.0
2020-01-06,23,0,222_HYDRO_5,9.317,9.5,0.0,233.604268,0.0
2020-01-06,23,0,222_HYDRO_6,9.317,9.5,0.0,233.604268,0.0
2020-01-06,23,0,322_HYDRO_1,13.8,24.8,0.0,385.830308,0.0
2020-01-06,23,0,322_HYDRO_2,13.8,24.8,0.0,385.830308,0.0
2020-01-06,23,0,322_HYDRO_3,13.8,24.8,0.0,385.830308,0.0
2020-01-06,23,0,322_HYDRO_4,13.8,24.8,0.0,385.830308,0.0
2020-01-06,23,0,320_PV_1,0.0,0.0,0.0,0.0,0.0
2020-01-06,23,0,314_PV_1,0.0,0.0,0.0,0.0,0.0
2020-01-06,23,0,314_PV_2,0.0,0.0,0.0,0.0,0.0
2020-01-06,23,0,313_PV_1,0.0,0.0,0.0,0.0,0.0
2020-01-06,23,0,314_PV_3,0.0,0.0,0.0,0.0,0.0
2020-01-06,23,0,314_PV_4,0.0,0.0,0.0,0.0,0.0
2020-01-06,23,0,313_PV_2,0.0,0.0,0.0,0.0,0.0
2020-01-06,23,0,310_PV_1,0.0,0.0,0.0,0.0,0.0
2020-01-06,23,0,324_PV_1,0.0,0.0,0.0,0.0,0.0
2020-01-06,23,0,312_PV_1,0.0,0.0,0.0,0.0,0.0
2020-01-06,23,0,310_PV_2,0.0,0.0,0.0,0.0,0.0
2020-01-06,23,0,324_PV_2,0.0,0.0,0.0,0.0,0.0
2020-01-06,23,0,324_PV_3,0.0,0.0,0.0,0.0,0.0
2020-01-06,23,0,113_PV_1,0.0,0.0,0.0,0.0,0.0
2020-01-06,23,0,319_PV_1,0.0,0.0,0.0,0.0,0.0
2020-01-06,23,0,215_PV_1,0.0,0.0,0.0,0.0,0.0
2020-01-06,23,0,102_PV_1,0.0,0.0,0.0,0.0,0.0
2020-01-06,23,0,101_PV_1,0.0,0.0,0.0,0.0,0.0
2020-01-06,23,0,102_PV_2,0.0,0.0,0.0,0.0,0.0
2020-01-06,23,0,104_PV_1,0.0,0.0,0.0,0.0,0.0
2020-01-06,23,0,101_PV_2,0.0,0.0,0.0,0.0,0.0
2020-01-06,23,0,101_PV_3,0.0,0.0,0.0,0.0,0.0
2020-01-06,23,0,101_PV_4,0.0,0.0,0.0,0.0,0.0
2020-01-06,23,0,103_PV_1,0.0,0.0,0.0,0.0,0.0
2020-01-06,23,0,119_PV_1,0.0,0.0,0.0,0.0,0.0
2020-01-06,23,0,308_RTPV_1,0.0,0.0,0.0,0.0,0.0
2020-01-06,23,0,313_RTPV_1,0.0,0.0,0.0,0.0,0.0
2020-01-06,23,0,313_RTPV_2,0.0,0.0,0.0,0.0,0.0
2020-01-06,23,0,313_RTPV_3,0.0,0.0,0.0,0.0,0.0
2020-01-06,23,0,313_RTPV_4,0.0,0.0,0.0,0.0,0.0
2020-01-06,23,0,313_RTPV_5,0.0,0.0,0.0,0.0,0.0
2020-01-06,23,0,313_RTPV_6,0.0,0.0,0.0,0.0,0.0
2020-01-06,23,0,313_RTPV_7,0.0,0.0,0.0,0.0,0.0
2020-01-06,23,0,313_RTPV_8,0.0,0.0,0.0,0.0,0.0
2020-01-06,23,0,313_RTPV_9,0.0,0.0,0.0,0.0,0.0
2020-01-06,23,0,313_RTPV_10,0.0,0.0,0.0,0.0,0.0
2020-01-06,23,0,313_RTPV_11,0.0,0.0,0.0,0.0,0.0
2020-01-06,23,0,313_RTPV_12,0.0,0.0,0.0,0.0,0.0
2020-01-06,23,0,320_RTPV_1,0.0,0.0,0.0,0.0,0.0
2020-01-06,23,0,320_RTPV_2,0.0,0.0,0.0,0.0,0.0
2020-01-06,23,0,320_RTPV_3,0.0,0.0,0.0,0.0,0.0
2020-01-06,23,0,313_RTPV_13,0.0,0.0,0.0,0.0,0.0
2020-01-06,23,0,320_RTPV_4,0.0,0.0,0.0,0.0,0.0
2020-01-06,23,0,320_RTPV_5,0.0,0.0,0.0,0.0,0.0
2020-01-06,23,0,118_RTPV_1,0.0,0.0,0.0,0.0,0.0
2020-01-06,23,0,118_RTPV_2,0.0,0.0,0.0,0.0,0.0
2020-01-06,23,0,118_RTPV_3,0.0,0.0,0.0,0.0,0.0
2020-01-06,23,0,118_RTPV_4,0.0,0.0,0.0,0.0,0.0
2020-01-06,23,0,118_RTPV_5,0.0,0.0,0.0,0.0,0.0
2020-01-06,23,0,118_RTPV_6,0.0,0.0,0.0,0.0,0.0
2020-01-06,23,0,320_RTPV_6,0.0,0.0,0.0,0.0,0.0
2020-01-06,23,0,118_RTPV_7,0.0,0.0,0.0,0.0,0.0
2020-01-06,23,0,118_RTPV_8,0.0,0.0,0.0,0.0,0.0
2020-01-06,23,0,118_RTPV_9,0.0,0.0,0.0,0.0,0.0
2020-01-06,23,0,118_RTPV_10,0.0,0.0,0.0,0.0,0.0
2020-01-06,23,0,213_RTPV_1,0.0,0.0,0.0,0.0,0.0
2020-01-06,23,0,309_WIND_1,68.667,72.467,0.0,1730.780015,0.0
2020-01-06,23,0,317_WIND_1,369.3725,379.5725,0.0,9272.173331,0.0
2020-01-06,23,0,303_WIND_1,341.825,17.425,0.0,7341.502107,0.0
2020-01-06,23,0,122_WIND_1,330.0125,337.6125,0.0,8278.522531,0.0
2020-01-06,23,0,122_WIND_1_PEM,0.0,0.0,374.5875,0.0,0.0
2020-01-06,23,0,303_WIND_1_PEM,0.0,0.0,444.675,0.0,0.0
2020-01-06,23,0,309_WIND_1_PEM,0.0,0.0,75.633,0.0,0.0
2020-01-06,23,0,310_PV_2_PEM,0.0,0.0,0.0,0.0,0.0
2020-01-06,23,0,317_WIND_1_PEM,0.0,0.0,419.5275,0.0,0.0
2020-01-06,23,0,319_PV_1_PEM,0.0,0.0,0.0,0.0,0.0
2020-01-06,23,0,320_PV_1_PEM,0.0,0.0,0.0,0.0,0.0
2020-01-06,23,0,324_PV_1_PEM,0.0,0.0,0.0,0.0,0.0
2020-01-06,23,0,324_PV_2_PEM,0.0,0.0,0.0,0.0,0.0
2020-01-06,23,0,324_PV_3_PEM,0.0,0.0,0.0,0.0,0.0
2020-01-07,0,0,122_HYDRO_1,18.5,4.2,0.0,406.96468,0.0
2020-01-07,0,0,122_HYDRO_2,18.5,4.2,0.0,406.96468,0.0
2020-01-07,0,0,122_HYDRO_3,18.5,4.2,0.0,406.96468,0.0
2020-01-07,0,0,122_HYDRO_4,18.5,4.2,0.0,406.96468,0.0
2020-01-07,0,0,122_HYDRO_5,18.5,4.2,0.0,406.96468,0.0
2020-01-07,0,0,122_HYDRO_6,18.5,4.2,0.0,406.96468,0.0
2020-01-07,0,0,201_HYDRO_4,9.483,9.3,0.0,236.364303,0.0
2020-01-07,0,0,215_HYDRO_1,9.483,9.3,0.0,236.364303,0.0
2020-01-07,0,0,215_HYDRO_2,9.483,9.3,0.0,236.364303,0.0
2020-01-07,0,0,215_HYDRO_3,9.483,9.3,0.0,236.364303,0.0
2020-01-07,0,0,222_HYDRO_1,9.483,9.3,0.0,236.364303,0.0
2020-01-07,0,0,222_HYDRO_2,9.483,9.3,0.0,236.364303,0.0
2020-01-07,0,0,222_HYDRO_3,9.483,9.3,0.0,236.364303,0.0
2020-01-07,0,0,222_HYDRO_4,9.483,9.3,0.0,236.364303,0.0
2020-01-07,0,0,222_HYDRO_5,9.483,9.3,0.0,236.364303,0.0
2020-01-07,0,0,222_HYDRO_6,9.483,9.3,0.0,236.364303,0.0
2020-01-07,0,0,322_HYDRO_1,23.542,9.7,0.0,534.793364,0.0
2020-01-07,0,0,322_HYDRO_2,23.542,9.7,0.0,534.793364,0.0
2020-01-07,0,0,322_HYDRO_3,23.542,9.7,0.0,534.793364,0.0
2020-01-07,0,0,322_HYDRO_4,23.542,9.7,0.0,534.793364,0.0
2020-01-07,0,0,320_PV_1,0.0,0.0,0.0,0.0,0.0
2020-01-07,0,0,314_PV_1,0.0,0.0,0.0,0.0,0.0
2020-01-07,0,0,314_PV_2,0.0,0.0,0.0,0.0,0.0
2020-01-07,0,0,313_PV_1,0.0,0.0,0.0,0.0,0.0
2020-01-07,0,0,314_PV_3,0.0,0.0,0.0,0.0,0.0
2020-01-07,0,0,314_PV_4,0.0,0.0,0.0,0.0,0.0
2020-01-07,0,0,313_PV_2,0.0,0.0,0.0,0.0,0.0
2020-01-07,0,0,310_PV_1,0.0,0.0,0.0,0.0,0.0
2020-01-07,0,0,324_PV_1,0.0,0.0,0.0,0.0,0.0
2020-01-07,0,0,312_PV_1,0.0,0.0,0.0,0.0,0.0
2020-01-07,0,0,310_PV_2,0.0,0.0,0.0,0.0,0.0
2020-01-07,0,0,324_PV_2,0.0,0.0,0.0,0.0,0.0
2020-01-07,0,0,324_PV_3,0.0,0.0,0.0,0.0,0.0
2020-01-07,0,0,113_PV_1,0.0,0.0,0.0,0.0,0.0
2020-01-07,0,0,319_PV_1,0.0,0.0,0.0,0.0,0.0
2020-01-07,0,0,215_PV_1,0.0,0.0,0.0,0.0,0.0
2020-01-07,0,0,102_PV_1,0.0,0.0,0.0,0.0,0.0
2020-01-07,0,0,101_PV_1,0.0,0.0,0.0,0.0,0.0
2020-01-07,0,0,102_PV_2,0.0,0.0,0.0,0.0,0.0
2020-01-07,0,0,104_PV_1,0.0,0.0,0.0,0.0,0.0
2020-01-07,0,0,101_PV_2,0.0,0.0,0.0,0.0,0.0
2020-01-07,0,0,101_PV_3,0.0,0.0,0.0,0.0,0.0
2020-01-07,0,0,101_PV_4,0.0,0.0,0.0,0.0,0.0
2020-01-07,0,0,103_PV_1,0.0,0.0,0.0,0.0,0.0
2020-01-07,0,0,119_PV_1,0.0,0.0,0.0,0.0,0.0
2020-01-07,0,0,308_RTPV_1,0.0,0.0,0.0,0.0,0.0
2020-01-07,0,0,313_RTPV_1,0.0,0.0,0.0,0.0,0.0
2020-01-07,0,0,313_RTPV_2,0.0,0.0,0.0,0.0,0.0
2020-01-07,0,0,313_RTPV_3,0.0,0.0,0.0,0.0,0.0
2020-01-07,0,0,313_RTPV_4,0.0,0.0,0.0,0.0,0.0
2020-01-07,0,0,313_RTPV_5,0.0,0.0,0.0,0.0,0.0
2020-01-07,0,0,313_RTPV_6,0.0,0.0,0.0,0.0,0.0
2020-01-07,0,0,313_RTPV_7,0.0,0.0,0.0,0.0,0.0
2020-01-07,0,0,313_RTPV_8,0.0,0.0,0.0,0.0,0.0
2020-01-07,0,0,313_RTPV_9,0.0,0.0,0.0,0.0,0.0
2020-01-07,0,0,313_RTPV_10,0.0,0.0,0.0,0.0,0.0
2020-01-07,0,0,313_RTPV_11,0.0,0.0,0.0,0.0,0.0
2020-01-07,0,0,313_RTPV_12,0.0,0.0,0.0,0.0,0.0
2020-01-07,0,0,320_RTPV_1,0.0,0.0,0.0,0.0,0.0
2020-01-07,0,0,320_RTPV_2,0.0,0.0,0.0,0.0,0.0
2020-01-07,0,0,320_RTPV_3,0.0,0.0,0.0,0.0,0.0
2020-01-07,0,0,313_RTPV_13,0.0,0.0,0.0,0.0,0.0
2020-01-07,0,0,320_RTPV_4,0.0,0.0,0.0,0.0,0.0
2020-01-07,0,0,320_RTPV_5,0.0,0.0,0.0,0.0,0.0
2020-01-07,0,0,118_RTPV_1,0.0,0.0,0.0,0.0,0.0
2020-01-07,0,0,118_RTPV_2,0.0,0.0,0.0,0.0,0.0
2020-01-07,0,0,118_RTPV_3,0.0,0.0,0.0,0.0,0.0
2020-01-07,0,0,118_RTPV_4,0.0,0.0,0.0,0.0,0.0
2020-01-07,0,0,118_RTPV_5,0.0,0.0,0.0,0.0,0.0
2020-01-07,0,0,118_RTPV_6,0.0,0.0,0.0,0.0,0.0
2020-01-07,0,0,320_RTPV_6,0.0,0.0,0.0,0.0,0.0
2020-01-07,0,0,118_RTPV_7,0.0,0.0,0.0,0.0,0.0
2020-01-07,0,0,118_RTPV_8,0.0,0.0,0.0,0.0,0.0
2020-01-07,0,0,118_RTPV_9,0.0,0.0,0.0,0.0,0.0
2020-01-07,0,0,118_RTPV_10,0.0,0.0,0.0,0.0,0.0
2020-01-07,0,0,213_RTPV_1,0.0,0.0,0.0,0.0,0.0
2020-01-07,0,0,309_WIND_1,71.567,72.367,0.0,1792.281871,0.0
2020-01-07,0,0,317_WIND_1,361.8725,379.5725,0.0,9115.552021,0.0
2020-01-07,0,0,303_WIND_1,388.625,174.325,0.0,8883.371925,0.0
2020-01-07,0,0,122_WIND_1,329.1125,338.9125,0.0,8265.87167,0.0
2020-01-07,0,0,122_WIND_1_PEM,0.0,0.0,374.5875,0.0,0.0
2020-01-07,0,0,303_WIND_1_PEM,0.0,0.0,444.675,0.0,0.0
2020-01-07,0,0,309_WIND_1_PEM,0.0,0.0,75.633,0.0,0.0
2020-01-07,0,0,310_PV_2_PEM,0.0,0.0,0.0,0.0,0.0
2020-01-07,0,0,317_WIND_1_PEM,0.0,20.872716,419.5275,81.061047,0.0
2020-01-07,0,0,319_PV_1_PEM,0.0,0.0,0.0,0.0,0.0
2020-01-07,0,0,320_PV_1_PEM,0.0,0.0,0.0,0.0,0.0
2020-01-07,0,0,324_PV_1_PEM,0.0,0.0,0.0,0.0,0.0
2020-01-07,0,0,324_PV_2_PEM,0.0,0.0,0.0,0.0,0.0
2020-01-07,0,0,324_PV_3_PEM,0.0,0.0,0.0,0.0,0.0
2020-01-07,1,0,122_HYDRO_1,4.167,3.8,0.0,90.009413,0.0
2020-01-07,1,0,122_HYDRO_2,4.167,3.8,0.0,90.009413,0.0
2020-01-07,1,0,122_HYDRO_3,4.167,3.8,0.0,90.009413,0.0
2020-01-07,1,0,122_HYDRO_4,4.167,3.8,0.0,90.009413,0.0
2020-01-07,1,0,122_HYDRO_5,4.167,3.8,0.0,90.009413,0.0
2020-01-07,1,0,122_HYDRO_6,4.167,3.8,0.0,90.009413,0.0
2020-01-07,1,0,201_HYDRO_4,9.3,9.3,0.0,201.319496,0.0
2020-01-07,1,0,215_HYDRO_1,9.3,9.3,0.0,201.319496,0.0
2020-01-07,1,0,215_HYDRO_2,9.3,9.3,0.0,201.319496,0.0
2020-01-07,1,0,215_HYDRO_3,9.3,9.3,0.0,201.319496,0.0
2020-01-07,1,0,222_HYDRO_1,9.3,9.3,0.0,201.319496,0.0
2020-01-07,1,0,222_HYDRO_2,9.3,9.3,0.0,201.319496,0.0
2020-01-07,1,0,222_HYDRO_3,9.3,9.3,0.0,201.319496,0.0
2020-01-07,1,0,222_HYDRO_4,9.3,9.3,0.0,201.319496,0.0
2020-01-07,1,0,222_HYDRO_5,9.3,9.3,0.0,201.319496,0.0
2020-01-07,1,0,222_HYDRO_6,9.3,9.3,0.0,201.319496,0.0
2020-01-07,1,0,322_HYDRO_1,10.608,20.6,0.0,234.935297,0.0
2020-01-07,1,0,322_HYDRO_2,10.608,20.6,0.0,234.935297,0.0
2020-01-07,1,0,322_HYDRO_3,10.608,20.6,0.0,234.935297,0.0
2020-01-07,1,0,322_HYDRO_4,10.608,20.6,0.0,234.935297,0.0
2020-01-07,1,0,320_PV_1,0.0,0.0,0.0,0.0,0.0
2020-01-07,1,0,314_PV_1,0.0,0.0,0.0,0.0,0.0
2020-01-07,1,0,314_PV_2,0.0,0.0,0.0,0.0,0.0
2020-01-07,1,0,313_PV_1,0.0,0.0,0.0,0.0,0.0
2020-01-07,1,0,314_PV_3,0.0,0.0,0.0,0.0,0.0
2020-01-07,1,0,314_PV_4,0.0,0.0,0.0,0.0,0.0
2020-01-07,1,0,313_PV_2,0.0,0.0,0.0,0.0,0.0
2020-01-07,1,0,310_PV_1,0.0,0.0,0.0,0.0,0.0
2020-01-07,1,0,324_PV_1,0.0,0.0,0.0,0.0,0.0
2020-01-07,1,0,312_PV_1,0.0,0.0,0.0,0.0,0.0
2020-01-07,1,0,310_PV_2,0.0,0.0,0.0,0.0,0.0
2020-01-07,1,0,324_PV_2,0.0,0.0,0.0,0.0,0.0
2020-01-07,1,0,324_PV_3,0.0,0.0,0.0,0.0,0.0
2020-01-07,1,0,113_PV_1,0.0,0.0,0.0,0.0,0.0
2020-01-07,1,0,319_PV_1,0.0,0.0,0.0,0.0,0.0
2020-01-07,1,0,215_PV_1,0.0,0.0,0.0,0.0,0.0
2020-01-07,1,0,102_PV_1,0.0,0.0,0.0,0.0,0.0
2020-01-07,1,0,101_PV_1,0.0,0.0,0.0,0.0,0.0
2020-01-07,1,0,102_PV_2,0.0,0.0,0.0,0.0,0.0
2020-01-07,1,0,104_PV_1,0.0,0.0,0.0,0.0,0.0
2020-01-07,1,0,101_PV_2,0.0,0.0,0.0,0.0,0.0
2020-01-07,1,0,101_PV_3,0.0,0.0,0.0,0.0,0.0
2020-01-07,1,0,101_PV_4,0.0,0.0,0.0,0.0,0.0
2020-01-07,1,0,103_PV_1,0.0,0.0,0.0,0.0,0.0
2020-01-07,1,0,119_PV_1,0.0,0.0,0.0,0.0,0.0
2020-01-07,1,0,308_RTPV_1,0.0,0.0,0.0,0.0,0.0
2020-01-07,1,0,313_RTPV_1,0.0,0.0,0.0,0.0,0.0
2020-01-07,1,0,313_RTPV_2,0.0,0.0,0.0,0.0,0.0
2020-01-07,1,0,313_RTPV_3,0.0,0.0,0.0,0.0,0.0
2020-01-07,1,0,313_RTPV_4,0.0,0.0,0.0,0.0,0.0
2020-01-07,1,0,313_RTPV_5,0.0,0.0,0.0,0.0,0.0
2020-01-07,1,0,313_RTPV_6,0.0,0.0,0.0,0.0,0.0
2020-01-07,1,0,313_RTPV_7,0.0,0.0,0.0,0.0,0.0
2020-01-07,1,0,313_RTPV_8,0.0,0.0,0.0,0.0,0.0
2020-01-07,1,0,313_RTPV_9,0.0,0.0,0.0,0.0,0.0
2020-01-07,1,0,313_RTPV_10,0.0,0.0,0.0,0.0,0.0
2020-01-07,1,0,313_RTPV_11,0.0,0.0,0.0,0.0,0.0
2020-01-07,1,0,313_RTPV_12,0.0,0.0,0.0,0.0,0.0
2020-01-07,1,0,320_RTPV_1,0.0,0.0,0.0,0.0,0.0
2020-01-07,1,0,320_RTPV_2,0.0,0.0,0.0,0.0,0.0
2020-01-07,1,0,320_RTPV_3,0.0,0.0,0.0,0.0,0.0
2020-01-07,1,0,313_RTPV_13,0.0,0.0,0.0,0.0,0.0
2020-01-07,1,0,320_RTPV_4,0.0,0.0,0.0,0.0,0.0
2020-01-07,1,0,320_RTPV_5,0.0,0.0,0.0,0.0,0.0
2020-01-07,1,0,118_RTPV_1,0.0,0.0,0.0,0.0,0.0
2020-01-07,1,0,118_RTPV_2,0.0,0.0,0.0,0.0,0.0
2020-01-07,1,0,118_RTPV_3,0.0,0.0,0.0,0.0,0.0
2020-01-07,1,0,118_RTPV_4,0.0,0.0,0.0,0.0,0.0
2020-01-07,1,0,118_RTPV_5,0.0,0.0,0.0,0.0,0.0
2020-01-07,1,0,118_RTPV_6,0.0,0.0,0.0,0.0,0.0
2020-01-07,1,0,320_RTPV_6,0.0,0.0,0.0,0.0,0.0
2020-01-07,1,0,118_RTPV_7,0.0,0.0,0.0,0.0,0.0
2020-01-07,1,0,118_RTPV_8,0.0,0.0,0.0,0.0,0.0
2020-01-07,1,0,118_RTPV_9,0.0,0.0,0.0,0.0,0.0
2020-01-07,1,0,118_RTPV_10,0.0,0.0,0.0,0.0,0.0
2020-01-07,1,0,213_RTPV_1,0.0,0.0,0.0,0.0,0.0
2020-01-07,1,0,309_WIND_1,68.267,72.067,0.0,1479.809399,0.0
2020-01-07,1,0,317_WIND_1,368.1725,370.3725,0.0,7971.092144,0.0
2020-01-07,1,0,303_WIND_1,385.825,338.125,0.0,8326.746248,0.0
2020-01-07,1,0,122_WIND_1,327.8125,337.1125,0.0,7101.175685,0.0
2020-01-07,1,0,122_WIND_1_PEM,0.0,0.0,374.5875,0.0,0.0
2020-01-07,1,0,303_WIND_1_PEM,0.0,0.0,444.675,0.0,0.0
2020-01-07,1,0,309_WIND_1_PEM,0.0,0.0,75.633,0.0,0.0
2020-01-07,1,0,310_PV_2_PEM,0.0,0.0,0.0,0.0,0.0
2020-01-07,1,0,317_WIND_1_PEM,0.0,0.0,419.5275,0.0,0.0
2020-01-07,1,0,319_PV_1_PEM,0.0,0.0,0.0,0.0,0.0
2020-01-07,1,0,320_PV_1_PEM,0.0,0.0,0.0,0.0,0.0
2020-01-07,1,0,324_PV_1_PEM,0.0,0.0,0.0,0.0,0.0
2020-01-07,1,0,324_PV_2_PEM,0.0,0.0,0.0,0.0,0.0
2020-01-07,1,0,324_PV_3_PEM,0.0,0.0,0.0,0.0,0.0
2020-01-07,2,0,122_HYDRO_1,3.833,4.2,0.0,81.759714,0.0
2020-01-07,2,0,122_HYDRO_2,3.833,4.2,0.0,81.759714,0.0
2020-01-07,2,0,122_HYDRO_3,3.833,4.2,0.0,81.759714,0.0
2020-01-07,2,0,122_HYDRO_4,3.833,4.2,0.0,81.759714,0.0
2020-01-07,2,0,122_HYDRO_5,3.833,4.2,0.0,81.759714,0.0
2020-01-07,2,0,122_HYDRO_6,3.833,4.2,0.0,81.759714,0.0
2020-01-07,2,0,201_HYDRO_4,9.3,9.3,0.0,197.979831,0.0
2020-01-07,2,0,215_HYDRO_1,9.3,9.3,0.0,197.979831,0.0
2020-01-07,2,0,215_HYDRO_2,9.3,9.3,0.0,197.979831,0.0
2020-01-07,2,0,215_HYDRO_3,9.3,9.3,0.0,197.979831,0.0
2020-01-07,2,0,222_HYDRO_1,9.3,9.3,0.0,197.979831,0.0
2020-01-07,2,0,222_HYDRO_2,9.3,9.3,0.0,197.979831,0.0
2020-01-07,2,0,222_HYDRO_3,9.3,9.3,0.0,197.979831,0.0
2020-01-07,2,0,222_HYDRO_4,9.3,9.3,0.0,197.979831,0.0
2020-01-07,2,0,222_HYDRO_5,9.3,9.3,0.0,197.979831,0.0
2020-01-07,2,0,222_HYDRO_6,9.3,9.3,0.0,197.979831,0.0
2020-01-07,2,0,322_HYDRO_1,20.267,16.6,0.0,429.826141,0.0
2020-01-07,2,0,322_HYDRO_2,20.267,16.6,0.0,429.826141,0.0
2020-01-07,2,0,322_HYDRO_3,20.267,16.6,0.0,429.826141,0.0
2020-01-07,2,0,322_HYDRO_4,20.267,16.6,0.0,429.826141,0.0
2020-01-07,2,0,320_PV_1,0.0,0.0,0.0,0.0,0.0
2020-01-07,2,0,314_PV_1,0.0,0.0,0.0,0.0,0.0
2020-01-07,2,0,314_PV_2,0.0,0.0,0.0,0.0,0.0
2020-01-07,2,0,313_PV_1,0.0,0.0,0.0,0.0,0.0
2020-01-07,2,0,314_PV_3,0.0,0.0,0.0,0.0,0.0
2020-01-07,2,0,314_PV_4,0.0,0.0,0.0,0.0,0.0
2020-01-07,2,0,313_PV_2,0.0,0.0,0.0,0.0,0.0
2020-01-07,2,0,310_PV_1,0.0,0.0,0.0,0.0,0.0
2020-01-07,2,0,324_PV_1,0.0,0.0,0.0,0.0,0.0
2020-01-07,2,0,312_PV_1,0.0,0.0,0.0,0.0,0.0
2020-01-07,2,0,310_PV_2,0.0,0.0,0.0,0.0,0.0
2020-01-07,2,0,324_PV_2,0.0,0.0,0.0,0.0,0.0
2020-01-07,2,0,324_PV_3,0.0,0.0,0.0,0.0,0.0
2020-01-07,2,0,113_PV_1,0.0,0.0,0.0,0.0,0.0
2020-01-07,2,0,319_PV_1,0.0,0.0,0.0,0.0,0.0
2020-01-07,2,0,215_PV_1,0.0,0.0,0.0,0.0,0.0
2020-01-07,2,0,102_PV_1,0.0,0.0,0.0,0.0,0.0
2020-01-07,2,0,101_PV_1,0.0,0.0,0.0,0.0,0.0
2020-01-07,2,0,102_PV_2,0.0,0.0,0.0,0.0,0.0
2020-01-07,2,0,104_PV_1,0.0,0.0,0.0,0.0,0.0
2020-01-07,2,0,101_PV_2,0.0,0.0,0.0,0.0,0.0
2020-01-07,2,0,101_PV_3,0.0,0.0,0.0,0.0,0.0
2020-01-07,2,0,101_PV_4,0.0,0.0,0.0,0.0,0.0
2020-01-07,2,0,103_PV_1,0.0,0.0,0.0,0.0,0.0
2020-01-07,2,0,119_PV_1,0.0,0.0,0.0,0.0,0.0
2020-01-07,2,0,308_RTPV_1,0.0,0.0,0.0,0.0,0.0
2020-01-07,2,0,313_RTPV_1,0.0,0.0,0.0,0.0,0.0
2020-01-07,2,0,313_RTPV_2,0.0,0.0,0.0,0.0,0.0
2020-01-07,2,0,313_RTPV_3,0.0,0.0,0.0,0.0,0.0
2020-01-07,2,0,313_RTPV_4,0.0,0.0,0.0,0.0,0.0
2020-01-07,2,0,313_RTPV_5,0.0,0.0,0.0,0.0,0.0
2020-01-07,2,0,313_RTPV_6,0.0,0.0,0.0,0.0,0.0
2020-01-07,2,0,313_RTPV_7,0.0,0.0,0.0,0.0,0.0
2020-01-07,2,0,313_RTPV_8,0.0,0.0,0.0,0.0,0.0
2020-01-07,2,0,313_RTPV_9,0.0,0.0,0.0,0.0,0.0
2020-01-07,2,0,313_RTPV_10,0.0,0.0,0.0,0.0,0.0
2020-01-07,2,0,313_RTPV_11,0.0,0.0,0.0,0.0,0.0
2020-01-07,2,0,313_RTPV_12,0.0,0.0,0.0,0.0,0.0
2020-01-07,2,0,320_RTPV_1,0.0,0.0,0.0,0.0,0.0
2020-01-07,2,0,320_RTPV_2,0.0,0.0,0.0,0.0,0.0
2020-01-07,2,0,320_RTPV_3,0.0,0.0,0.0,0.0,0.0
2020-01-07,2,0,313_RTPV_13,0.0,0.0,0.0,0.0,0.0
2020-01-07,2,0,320_RTPV_4,0.0,0.0,0.0,0.0,0.0
2020-01-07,2,0,320_RTPV_5,0.0,0.0,0.0,0.0,0.0
2020-01-07,2,0,118_RTPV_1,0.0,0.0,0.0,0.0,0.0
2020-01-07,2,0,118_RTPV_2,0.0,0.0,0.0,0.0,0.0
2020-01-07,2,0,118_RTPV_3,0.0,0.0,0.0,0.0,0.0
2020-01-07,2,0,118_RTPV_4,0.0,0.0,0.0,0.0,0.0
2020-01-07,2,0,118_RTPV_5,0.0,0.0,0.0,0.0,0.0
2020-01-07,2,0,118_RTPV_6,0.0,0.0,0.0,0.0,0.0
2020-01-07,2,0,320_RTPV_6,0.0,0.0,0.0,0.0,0.0
2020-01-07,2,0,118_RTPV_7,0.0,0.0,0.0,0.0,0.0
2020-01-07,2,0,118_RTPV_8,0.0,0.0,0.0,0.0,0.0
2020-01-07,2,0,118_RTPV_9,0.0,0.0,0.0,0.0,0.0
2020-01-07,2,0,118_RTPV_10,0.0,0.0,0.0,0.0,0.0
2020-01-07,2,0,213_RTPV_1,0.0,0.0,0.0,0.0,0.0
2020-01-07,2,0,309_WIND_1,68.167,71.367,0.0,1452.564035,0.0
2020-01-07,2,0,317_WIND_1,369.6725,376.4725,0.0,7872.650761,0.0
2020-01-07,2,0,303_WIND_1,393.425,384.425,0.0,8371.313781,0.0
2020-01-07,2,0,122_WIND_1,325.0125,336.8125,0.0,6924.131891,0.0
2020-01-07,2,0,122_WIND_1_PEM,0.0,0.0,374.5875,0.0,0.0
2020-01-07,2,0,303_WIND_1_PEM,0.0,0.0,444.675,0.0,0.0
2020-01-07,2,0,309_WIND_1_PEM,0.0,0.0,75.633,0.0,0.0
2020-01-07,2,0,310_PV_2_PEM,0.0,0.0,0.0,0.0,0.0
2020-01-07,2,0,317_WIND_1_PEM,0.0,0.0,419.5275,0.0,0.0
2020-01-07,2,0,319_PV_1_PEM,0.0,0.0,0.0,0.0,0.0
2020-01-07,2,0,320_PV_1_PEM,0.0,0.0,0.0,0.0,0.0
2020-01-07,2,0,324_PV_1_PEM,0.0,0.0,0.0,0.0,0.0
2020-01-07,2,0,324_PV_2_PEM,0.0,0.0,0.0,0.0,0.0
2020-01-07,2,0,324_PV_3_PEM,0.0,0.0,0.0,0.0,0.0
2020-01-07,3,0,122_HYDRO_1,4.167,3.8,0.0,90.009302,0.0
2020-01-07,3,0,122_HYDRO_2,4.167,3.8,0.0,90.009302,0.0
2020-01-07,3,0,122_HYDRO_3,4.167,3.8,0.0,90.009302,0.0
2020-01-07,3,0,122_HYDRO_4,4.167,3.8,0.0,90.009302,0.0
2020-01-07,3,0,122_HYDRO_5,4.167,3.8,0.0,90.009302,0.0
2020-01-07,3,0,122_HYDRO_6,4.167,3.8,0.0,90.009302,0.0
2020-01-07,3,0,201_HYDRO_4,9.317,9.5,0.0,201.784644,0.0
2020-01-07,3,0,215_HYDRO_1,9.317,9.5,0.0,201.784644,0.0
2020-01-07,3,0,215_HYDRO_2,9.317,9.5,0.0,201.784644,0.0
2020-01-07,3,0,215_HYDRO_3,9.317,9.5,0.0,201.784644,0.0
2020-01-07,3,0,222_HYDRO_1,9.317,9.5,0.0,201.784644,0.0
2020-01-07,3,0,222_HYDRO_2,9.317,9.5,0.0,201.784644,0.0
2020-01-07,3,0,222_HYDRO_3,9.317,9.5,0.0,201.784644,0.0
2020-01-07,3,0,222_HYDRO_4,9.317,9.5,0.0,201.784644,0.0
2020-01-07,3,0,222_HYDRO_5,9.317,9.5,0.0,201.784644,0.0
2020-01-07,3,0,222_HYDRO_6,9.317,9.5,0.0,201.784644,0.0
2020-01-07,3,0,322_HYDRO_1,16.817,19.2,0.0,365.306938,0.0
2020-01-07,3,0,322_HYDRO_2,16.817,19.2,0.0,365.306938,0.0
2020-01-07,3,0,322_HYDRO_3,16.817,19.2,0.0,365.306938,0.0
2020-01-07,3,0,322_HYDRO_4,16.817,19.2,0.0,365.306938,0.0
2020-01-07,3,0,320_PV_1,0.0,0.0,0.0,0.0,0.0
2020-01-07,3,0,314_PV_1,0.0,0.0,0.0,0.0,0.0
2020-01-07,3,0,314_PV_2,0.0,0.0,0.0,0.0,0.0
2020-01-07,3,0,313_PV_1,0.0,0.0,0.0,0.0,0.0
2020-01-07,3,0,314_PV_3,0.0,0.0,0.0,0.0,0.0
2020-01-07,3,0,314_PV_4,0.0,0.0,0.0,0.0,0.0
2020-01-07,3,0,313_PV_2,0.0,0.0,0.0,0.0,0.0
2020-01-07,3,0,310_PV_1,0.0,0.0,0.0,0.0,0.0
2020-01-07,3,0,324_PV_1,0.0,0.0,0.0,0.0,0.0
2020-01-07,3,0,312_PV_1,0.0,0.0,0.0,0.0,0.0
2020-01-07,3,0,310_PV_2,0.0,0.0,0.0,0.0,0.0
2020-01-07,3,0,324_PV_2,0.0,0.0,0.0,0.0,0.0
2020-01-07,3,0,324_PV_3,0.0,0.0,0.0,0.0,0.0
2020-01-07,3,0,113_PV_1,0.0,0.0,0.0,0.0,0.0
2020-01-07,3,0,319_PV_1,0.0,0.0,0.0,0.0,0.0
2020-01-07,3,0,215_PV_1,0.0,0.0,0.0,0.0,0.0
2020-01-07,3,0,102_PV_1,0.0,0.0,0.0,0.0,0.0
2020-01-07,3,0,101_PV_1,0.0,0.0,0.0,0.0,0.0
2020-01-07,3,0,102_PV_2,0.0,0.0,0.0,0.0,0.0
2020-01-07,3,0,104_PV_1,0.0,0.0,0.0,0.0,0.0
2020-01-07,3,0,101_PV_2,0.0,0.0,0.0,0.0,0.0
2020-01-07,3,0,101_PV_3,0.0,0.0,0.0,0.0,0.0
2020-01-07,3,0,101_PV_4,0.0,0.0,0.0,0.0,0.0
2020-01-07,3,0,103_PV_1,0.0,0.0,0.0,0.0,0.0
2020-01-07,3,0,119_PV_1,0.0,0.0,0.0,0.0,0.0
2020-01-07,3,0,308_RTPV_1,0.0,0.0,0.0,0.0,0.0
2020-01-07,3,0,313_RTPV_1,0.0,0.0,0.0,0.0,0.0
2020-01-07,3,0,313_RTPV_2,0.0,0.0,0.0,0.0,0.0
2020-01-07,3,0,313_RTPV_3,0.0,0.0,0.0,0.0,0.0
2020-01-07,3,0,313_RTPV_4,0.0,0.0,0.0,0.0,0.0
2020-01-07,3,0,313_RTPV_5,0.0,0.0,0.0,0.0,0.0
2020-01-07,3,0,313_RTPV_6,0.0,0.0,0.0,0.0,0.0
2020-01-07,3,0,313_RTPV_7,0.0,0.0,0.0,0.0,0.0
2020-01-07,3,0,313_RTPV_8,0.0,0.0,0.0,0.0,0.0
2020-01-07,3,0,313_RTPV_9,0.0,0.0,0.0,0.0,0.0
2020-01-07,3,0,313_RTPV_10,0.0,0.0,0.0,0.0,0.0
2020-01-07,3,0,313_RTPV_11,0.0,0.0,0.0,0.0,0.0
2020-01-07,3,0,313_RTPV_12,0.0,0.0,0.0,0.0,0.0
2020-01-07,3,0,320_RTPV_1,0.0,0.0,0.0,0.0,0.0
2020-01-07,3,0,320_RTPV_2,0.0,0.0,0.0,0.0,0.0
2020-01-07,3,0,320_RTPV_3,0.0,0.0,0.0,0.0,0.0
2020-01-07,3,0,313_RTPV_13,0.0,0.0,0.0,0.0,0.0
2020-01-07,3,0,320_RTPV_4,0.0,0.0,0.0,0.0,0.0
2020-01-07,3,0,320_RTPV_5,0.0,0.0,0.0,0.0,0.0
2020-01-07,3,0,118_RTPV_1,0.0,0.0,0.0,0.0,0.0
2020-01-07,3,0,118_RTPV_2,0.0,0.0,0.0,0.0,0.0
2020-01-07,3,0,118_RTPV_3,0.0,0.0,0.0,0.0,0.0
2020-01-07,3,0,118_RTPV_4,0.0,0.0,0.0,0.0,0.0
2020-01-07,3,0,118_RTPV_5,0.0,0.0,0.0,0.0,0.0
2020-01-07,3,0,118_RTPV_6,0.0,0.0,0.0,0.0,0.0
2020-01-07,3,0,320_RTPV_6,0.0,0.0,0.0,0.0,0.0
2020-01-07,3,0,118_RTPV_7,0.0,0.0,0.0,0.0,0.0
2020-01-07,3,0,118_RTPV_8,0.0,0.0,0.0,0.0,0.0
2020-01-07,3,0,118_RTPV_9,0.0,0.0,0.0,0.0,0.0
2020-01-07,3,0,118_RTPV_10,0.0,0.0,0.0,0.0,0.0
2020-01-07,3,0,213_RTPV_1,0.0,0.0,0.0,0.0,0.0
2020-01-07,3,0,309_WIND_1,70.467,71.267,0.0,1525.841978,0.0
2020-01-07,3,0,317_WIND_1,366.5725,377.3725,0.0,7941.022477,0.0
2020-01-07,3,0,303_WIND_1,391.825,389.125,0.0,8480.503424,0.0
2020-01-07,3,0,122_WIND_1,323.8125,334.6125,0.0,7015.385742,0.0
2020-01-07,3,0,122_WIND_1_PEM,0.0,0.0,374.5875,0.0,0.0
2020-01-07,3,0,303_WIND_1_PEM,0.0,0.0,444.675,0.0,0.0
2020-01-07,3,0,309_WIND_1_PEM,0.0,0.0,75.633,0.0,0.0
2020-01-07,3,0,310_PV_2_PEM,0.0,0.0,0.0,0.0,0.0
2020-01-07,3,0,317_WIND_1_PEM,0.0,0.0,419.5275,0.0,0.0
2020-01-07,3,0,319_PV_1_PEM,0.0,0.0,0.0,0.0,0.0
2020-01-07,3,0,320_PV_1_PEM,0.0,0.0,0.0,0.0,0.0
2020-01-07,3,0,324_PV_1_PEM,0.0,0.0,0.0,0.0,0.0
2020-01-07,3,0,324_PV_2_PEM,0.0,0.0,0.0,0.0,0.0
2020-01-07,3,0,324_PV_3_PEM,0.0,0.0,0.0,0.0,0.0
2020-01-07,4,0,122_HYDRO_1,3.833,4.2,0.0,97.187348,0.0
2020-01-07,4,0,122_HYDRO_2,3.833,4.2,0.0,97.187348,0.0
2020-01-07,4,0,122_HYDRO_3,3.833,4.2,0.0,97.187348,0.0
2020-01-07,4,0,122_HYDRO_4,3.833,4.2,0.0,97.187348,0.0
2020-01-07,4,0,122_HYDRO_5,3.833,4.2,0.0,97.187348,0.0
2020-01-07,4,0,122_HYDRO_6,3.833,4.2,0.0,97.187348,0.0
2020-01-07,4,0,201_HYDRO_4,9.483,9.3,0.0,236.395682,0.0
2020-01-07,4,0,215_HYDRO_1,9.483,9.3,0.0,236.395682,0.0
2020-01-07,4,0,215_HYDRO_2,9.483,9.3,0.0,236.395682,0.0
2020-01-07,4,0,215_HYDRO_3,9.483,9.3,0.0,236.395682,0.0
2020-01-07,4,0,222_HYDRO_1,9.483,9.3,0.0,236.395682,0.0
2020-01-07,4,0,222_HYDRO_2,9.483,9.3,0.0,236.395682,0.0
2020-01-07,4,0,222_HYDRO_3,9.483,9.3,0.0,236.395682,0.0
2020-01-07,4,0,222_HYDRO_4,9.483,9.3,0.0,236.395682,0.0
2020-01-07,4,0,222_HYDRO_5,9.483,9.3,0.0,236.395682,0.0
2020-01-07,4,0,222_HYDRO_6,9.483,9.3,0.0,236.395682,0.0
2020-01-07,4,0,322_HYDRO_1,19.225,19.5,0.0,481.645833,0.0
2020-01-07,4,0,322_HYDRO_2,19.225,19.5,0.0,481.645833,0.0
2020-01-07,4,0,322_HYDRO_3,19.225,19.5,0.0,481.645833,0.0
2020-01-07,4,0,322_HYDRO_4,19.225,19.5,0.0,481.645833,0.0
2020-01-07,4,0,320_PV_1,0.0,0.0,0.0,0.0,0.0
2020-01-07,4,0,314_PV_1,0.0,0.0,0.0,0.0,0.0
2020-01-07,4,0,314_PV_2,0.0,0.0,0.0,0.0,0.0
2020-01-07,4,0,313_PV_1,0.0,0.0,0.0,0.0,0.0
2020-01-07,4,0,314_PV_3,0.0,0.0,0.0,0.0,0.0
2020-01-07,4,0,314_PV_4,0.0,0.0,0.0,0.0,0.0
2020-01-07,4,0,313_PV_2,0.0,0.0,0.0,0.0,0.0
2020-01-07,4,0,310_PV_1,0.0,0.0,0.0,0.0,0.0
2020-01-07,4,0,324_PV_1,0.0,0.0,0.0,0.0,0.0
2020-01-07,4,0,312_PV_1,0.0,0.0,0.0,0.0,0.0
2020-01-07,4,0,310_PV_2,0.0,0.0,0.0,0.0,0.0
2020-01-07,4,0,324_PV_2,0.0,0.0,0.0,0.0,0.0
2020-01-07,4,0,324_PV_3,0.0,0.0,0.0,0.0,0.0
2020-01-07,4,0,113_PV_1,0.0,0.0,0.0,0.0,0.0
2020-01-07,4,0,319_PV_1,0.0,0.0,0.0,0.0,0.0
2020-01-07,4,0,215_PV_1,0.0,0.0,0.0,0.0,0.0
2020-01-07,4,0,102_PV_1,0.0,0.0,0.0,0.0,0.0
2020-01-07,4,0,101_PV_1,0.0,0.0,0.0,0.0,0.0
2020-01-07,4,0,102_PV_2,0.0,0.0,0.0,0.0,0.0
2020-01-07,4,0,104_PV_1,0.0,0.0,0.0,0.0,0.0
2020-01-07,4,0,101_PV_2,0.0,0.0,0.0,0.0,0.0
2020-01-07,4,0,101_PV_3,0.0,0.0,0.0,0.0,0.0
2020-01-07,4,0,101_PV_4,0.0,0.0,0.0,0.0,0.0
2020-01-07,4,0,103_PV_1,0.0,0.0,0.0,0.0,0.0
2020-01-07,4,0,119_PV_1,0.0,0.0,0.0,0.0,0.0
2020-01-07,4,0,308_RTPV_1,0.0,0.0,0.0,0.0,0.0
2020-01-07,4,0,313_RTPV_1,0.0,0.0,0.0,0.0,0.0
2020-01-07,4,0,313_RTPV_2,0.0,0.0,0.0,0.0,0.0
2020-01-07,4,0,313_RTPV_3,0.0,0.0,0.0,0.0,0.0
2020-01-07,4,0,313_RTPV_4,0.0,0.0,0.0,0.0,0.0
2020-01-07,4,0,313_RTPV_5,0.0,0.0,0.0,0.0,0.0
2020-01-07,4,0,313_RTPV_6,0.0,0.0,0.0,0.0,0.0
2020-01-07,4,0,313_RTPV_7,0.0,0.0,0.0,0.0,0.0
2020-01-07,4,0,313_RTPV_8,0.0,0.0,0.0,0.0,0.0
2020-01-07,4,0,313_RTPV_9,0.0,0.0,0.0,0.0,0.0
2020-01-07,4,0,313_RTPV_10,0.0,0.0,0.0,0.0,0.0
2020-01-07,4,0,313_RTPV_11,0.0,0.0,0.0,0.0,0.0
2020-01-07,4,0,313_RTPV_12,0.0,0.0,0.0,0.0,0.0
2020-01-07,4,0,320_RTPV_1,0.0,0.0,0.0,0.0,0.0
2020-01-07,4,0,320_RTPV_2,0.0,0.0,0.0,0.0,0.0
2020-01-07,4,0,320_RTPV_3,0.0,0.0,0.0,0.0,0.0
2020-01-07,4,0,313_RTPV_13,0.0,0.0,0.0,0.0,0.0
2020-01-07,4,0,320_RTPV_4,0.0,0.0,0.0,0.0,0.0
2020-01-07,4,0,320_RTPV_5,0.0,0.0,0.0,0.0,0.0
2020-01-07,4,0,118_RTPV_1,0.0,0.0,0.0,0.0,0.0
2020-01-07,4,0,118_RTPV_2,0.0,0.0,0.0,0.0,0.0
2020-01-07,4,0,118_RTPV_3,0.0,0.0,0.0,0.0,0.0
2020-01-07,4,0,118_RTPV_4,0.0,0.0,0.0,0.0,0.0
2020-01-07,4,0,118_RTPV_5,0.0,0.0,0.0,0.0,0.0
2020-01-07,4,0,118_RTPV_6,0.0,0.0,0.0,0.0,0.0
2020-01-07,4,0,320_RTPV_6,0.0,0.0,0.0,0.0,0.0
2020-01-07,4,0,118_RTPV_7,0.0,0.0,0.0,0.0,0.0
2020-01-07,4,0,118_RTPV_8,0.0,0.0,0.0,0.0,0.0
2020-01-07,4,0,118_RTPV_9,0.0,0.0,0.0,0.0,0.0
2020-01-07,4,0,118_RTPV_10,0.0,0.0,0.0,0.0,0.0
2020-01-07,4,0,213_RTPV_1,0.0,0.0,0.0,0.0,0.0
2020-01-07,4,0,309_WIND_1,65.867,70.767,0.0,1664.864391,0.0
2020-01-07,4,0,317_WIND_1,365.9725,376.8725,0.0,9189.774616,0.0
2020-01-07,4,0,303_WIND_1,389.525,391.925,0.0,9747.03409,0.0
2020-01-07,4,0,122_WIND_1,328.1125,332.7125,0.0,8219.888255,0.0
2020-01-07,4,0,122_WIND_1_PEM,0.0,0.0,374.5875,0.0,0.0
2020-01-07,4,0,303_WIND_1_PEM,0.0,0.0,444.675,0.0,0.0
2020-01-07,4,0,309_WIND_1_PEM,0.0,0.0,75.633,0.0,0.0
2020-01-07,4,0,310_PV_2_PEM,0.0,0.0,0.0,0.0,0.0
2020-01-07,4,0,317_WIND_1_PEM,0.0,0.0,419.5275,0.0,0.0
2020-01-07,4,0,319_PV_1_PEM,0.0,0.0,0.0,0.0,0.0
2020-01-07,4,0,320_PV_1_PEM,0.0,0.0,0.0,0.0,0.0
2020-01-07,4,0,324_PV_1_PEM,0.0,0.0,0.0,0.0,0.0
2020-01-07,4,0,324_PV_2_PEM,0.0,0.0,0.0,0.0,0.0
2020-01-07,4,0,324_PV_3_PEM,0.0,0.0,0.0,0.0,0.0
2020-01-07,5,0,122_HYDRO_1,4.2,4.2,0.0,105.0,0.0
2020-01-07,5,0,122_HYDRO_2,4.2,4.2,0.0,105.0,0.0
2020-01-07,5,0,122_HYDRO_3,4.2,4.2,0.0,105.0,0.0
2020-01-07,5,0,122_HYDRO_4,4.2,4.2,0.0,105.0,0.0
2020-01-07,5,0,122_HYDRO_5,4.2,4.2,0.0,105.0,0.0
2020-01-07,5,0,122_HYDRO_6,4.2,4.2,0.0,105.0,0.0
2020-01-07,5,0,201_HYDRO_4,9.3,9.3,0.0,232.5,0.0
2020-01-07,5,0,215_HYDRO_1,9.3,9.3,0.0,232.5,0.0
2020-01-07,5,0,215_HYDRO_2,9.3,9.3,0.0,232.5,0.0
2020-01-07,5,0,215_HYDRO_3,9.3,9.3,0.0,232.5,0.0
2020-01-07,5,0,222_HYDRO_1,9.3,9.3,0.0,232.5,0.0
2020-01-07,5,0,222_HYDRO_2,9.3,9.3,0.0,232.5,0.0
2020-01-07,5,0,222_HYDRO_3,9.3,9.3,0.0,232.5,0.0
2020-01-07,5,0,222_HYDRO_4,9.3,9.3,0.0,232.5,0.0
2020-01-07,5,0,222_HYDRO_5,9.3,9.3,0.0,232.5,0.0
2020-01-07,5,0,222_HYDRO_6,9.3,9.3,0.0,232.5,0.0
2020-01-07,5,0,322_HYDRO_1,18.967,13.1,0.0,459.601759,0.0
2020-01-07,5,0,322_HYDRO_2,18.967,13.1,0.0,459.601759,0.0
2020-01-07,5,0,322_HYDRO_3,18.967,13.1,0.0,459.601759,0.0
2020-01-07,5,0,322_HYDRO_4,18.967,13.1,0.0,459.601759,0.0
2020-01-07,5,0,320_PV_1,0.0,0.0,0.0,0.0,0.0
2020-01-07,5,0,314_PV_1,0.0,0.0,0.0,0.0,0.0
2020-01-07,5,0,314_PV_2,0.0,0.0,0.0,0.0,0.0
2020-01-07,5,0,313_PV_1,0.0,0.0,0.0,0.0,0.0
2020-01-07,5,0,314_PV_3,0.0,0.0,0.0,0.0,0.0
2020-01-07,5,0,314_PV_4,0.0,0.0,0.0,0.0,0.0
2020-01-07,5,0,313_PV_2,0.0,0.0,0.0,0.0,0.0
2020-01-07,5,0,310_PV_1,0.0,0.0,0.0,0.0,0.0
2020-01-07,5,0,324_PV_1,0.0,0.0,0.0,0.0,0.0
2020-01-07,5,0,312_PV_1,0.0,0.0,0.0,0.0,0.0
2020-01-07,5,0,310_PV_2,0.0,0.0,0.0,0.0,0.0
2020-01-07,5,0,324_PV_2,0.0,0.0,0.0,0.0,0.0
2020-01-07,5,0,324_PV_3,0.0,0.0,0.0,0.0,0.0
2020-01-07,5,0,113_PV_1,0.0,0.0,0.0,0.0,0.0
2020-01-07,5,0,319_PV_1,0.0,0.0,0.0,0.0,0.0
2020-01-07,5,0,215_PV_1,0.0,0.0,0.0,0.0,0.0
2020-01-07,5,0,102_PV_1,0.0,0.0,0.0,0.0,0.0
2020-01-07,5,0,101_PV_1,0.0,0.0,0.0,0.0,0.0
2020-01-07,5,0,102_PV_2,0.0,0.0,0.0,0.0,0.0
2020-01-07,5,0,104_PV_1,0.0,0.0,0.0,0.0,0.0
2020-01-07,5,0,101_PV_2,0.0,0.0,0.0,0.0,0.0
2020-01-07,5,0,101_PV_3,0.0,0.0,0.0,0.0,0.0
2020-01-07,5,0,101_PV_4,0.0,0.0,0.0,0.0,0.0
2020-01-07,5,0,103_PV_1,0.0,0.0,0.0,0.0,0.0
2020-01-07,5,0,119_PV_1,0.0,0.0,0.0,0.0,0.0
2020-01-07,5,0,308_RTPV_1,0.0,0.0,0.0,0.0,0.0
2020-01-07,5,0,313_RTPV_1,0.0,0.0,0.0,0.0,0.0
2020-01-07,5,0,313_RTPV_2,0.0,0.0,0.0,0.0,0.0
2020-01-07,5,0,313_RTPV_3,0.0,0.0,0.0,0.0,0.0
2020-01-07,5,0,313_RTPV_4,0.0,0.0,0.0,0.0,0.0
2020-01-07,5,0,313_RTPV_5,0.0,0.0,0.0,0.0,0.0
2020-01-07,5,0,313_RTPV_6,0.0,0.0,0.0,0.0,0.0
2020-01-07,5,0,313_RTPV_7,0.0,0.0,0.0,0.0,0.0
2020-01-07,5,0,313_RTPV_8,0.0,0.0,0.0,0.0,0.0
2020-01-07,5,0,313_RTPV_9,0.0,0.0,0.0,0.0,0.0
2020-01-07,5,0,313_RTPV_10,0.0,0.0,0.0,0.0,0.0
2020-01-07,5,0,313_RTPV_11,0.0,0.0,0.0,0.0,0.0
2020-01-07,5,0,313_RTPV_12,0.0,0.0,0.0,0.0,0.0
2020-01-07,5,0,320_RTPV_1,0.0,0.0,0.0,0.0,0.0
2020-01-07,5,0,320_RTPV_2,0.0,0.0,0.0,0.0,0.0
2020-01-07,5,0,320_RTPV_3,0.0,0.0,0.0,0.0,0.0
2020-01-07,5,0,313_RTPV_13,0.0,0.0,0.0,0.0,0.0
2020-01-07,5,0,320_RTPV_4,0.0,0.0,0.0,0.0,0.0
2020-01-07,5,0,320_RTPV_5,0.0,0.0,0.0,0.0,0.0
2020-01-07,5,0,118_RTPV_1,0.0,0.0,0.0,0.0,0.0
2020-01-07,5,0,118_RTPV_2,0.0,0.0,0.0,0.0,0.0
2020-01-07,5,0,118_RTPV_3,0.0,0.0,0.0,0.0,0.0
2020-01-07,5,0,118_RTPV_4,0.0,0.0,0.0,0.0,0.0
2020-01-07,5,0,118_RTPV_5,0.0,0.0,0.0,0.0,0.0
2020-01-07,5,0,118_RTPV_6,0.0,0.0,0.0,0.0,0.0
2020-01-07,5,0,320_RTPV_6,0.0,0.0,0.0,0.0,0.0
2020-01-07,5,0,118_RTPV_7,0.0,0.0,0.0,0.0,0.0
2020-01-07,5,0,118_RTPV_8,0.0,0.0,0.0,0.0,0.0
2020-01-07,5,0,118_RTPV_9,0.0,0.0,0.0,0.0,0.0
2020-01-07,5,0,118_RTPV_10,0.0,0.0,0.0,0.0,0.0
2020-01-07,5,0,213_RTPV_1,0.0,0.0,0.0,0.0,0.0
2020-01-07,5,0,309_WIND_1,67.867,69.867,0.0,1701.642868,0.0
2020-01-07,5,0,317_WIND_1,367.3725,377.1725,0.0,9208.655053,0.0
2020-01-07,5,0,303_WIND_1,384.425,391.925,0.0,9629.254505,0.0
2020-01-07,5,0,122_WIND_1,324.7125,327.3125,0.0,8124.270728,0.0
2020-01-07,5,0,122_WIND_1_PEM,0.0,229.070963,374.5875,568.997145,0.0
2020-01-07,5,0,303_WIND_1_PEM,0.0,0.0,444.675,0.0,0.0
2020-01-07,5,0,309_WIND_1_PEM,0.0,75.633,75.633,187.867377,0.0
2020-01-07,5,0,310_PV_2_PEM,0.0,0.0,0.0,0.0,0.0
2020-01-07,5,0,317_WIND_1_PEM,0.0,0.0,419.5275,0.0,0.0
2020-01-07,5,0,319_PV_1_PEM,0.0,0.0,0.0,0.0,0.0
2020-01-07,5,0,320_PV_1_PEM,0.0,0.0,0.0,0.0,0.0
2020-01-07,5,0,324_PV_1_PEM,0.0,0.0,0.0,0.0,0.0
2020-01-07,5,0,324_PV_2_PEM,0.0,0.0,0.0,0.0,0.0
2020-01-07,5,0,324_PV_3_PEM,0.0,0.0,0.0,0.0,0.0
2020-01-07,6,0,122_HYDRO_1,4.908,12.7,0.0,122.7,0.0
2020-01-07,6,0,122_HYDRO_2,4.908,12.7,0.0,122.7,0.0
2020-01-07,6,0,122_HYDRO_3,4.908,12.7,0.0,122.7,0.0
2020-01-07,6,0,122_HYDRO_4,4.908,12.7,0.0,122.7,0.0
2020-01-07,6,0,122_HYDRO_5,4.908,12.7,0.0,122.7,0.0
2020-01-07,6,0,122_HYDRO_6,4.908,12.7,0.0,122.7,0.0
2020-01-07,6,0,201_HYDRO_4,9.792,15.2,0.0,244.8,0.0
2020-01-07,6,0,215_HYDRO_1,9.792,15.2,0.0,244.8,0.0
2020-01-07,6,0,215_HYDRO_2,9.792,15.2,0.0,244.8,0.0
2020-01-07,6,0,215_HYDRO_3,9.792,15.2,0.0,244.8,0.0
2020-01-07,6,0,222_HYDRO_1,9.792,15.2,0.0,244.8,0.0
2020-01-07,6,0,222_HYDRO_2,9.792,15.2,0.0,244.8,0.0
2020-01-07,6,0,222_HYDRO_3,9.792,15.2,0.0,244.8,0.0
2020-01-07,6,0,222_HYDRO_4,9.792,15.2,0.0,244.8,0.0
2020-01-07,6,0,222_HYDRO_5,9.792,15.2,0.0,244.8,0.0
2020-01-07,6,0,222_HYDRO_6,9.792,15.2,0.0,244.8,0.0
2020-01-07,6,0,322_HYDRO_1,13.558,18.6,0.0,338.95,0.0
2020-01-07,6,0,322_HYDRO_2,13.558,18.6,0.0,338.95,0.0
2020-01-07,6,0,322_HYDRO_3,13.558,18.6,0.0,338.95,0.0
2020-01-07,6,0,322_HYDRO_4,13.558,18.6,0.0,338.95,0.0
2020-01-07,6,0,320_PV_1,0.0,0.0,0.0,0.0,0.0
2020-01-07,6,0,314_PV_1,0.0,0.0,0.0,0.0,0.0
2020-01-07,6,0,314_PV_2,0.0,0.0,0.0,0.0,0.0
2020-01-07,6,0,313_PV_1,0.0,0.0,0.0,0.0,0.0
2020-01-07,6,0,314_PV_3,0.0,0.0,0.0,0.0,0.0
2020-01-07,6,0,314_PV_4,0.0,0.0,0.0,0.0,0.0
2020-01-07,6,0,313_PV_2,0.0,0.0,0.0,0.0,0.0
2020-01-07,6,0,310_PV_1,0.0,0.0,0.0,0.0,0.0
2020-01-07,6,0,324_PV_1,0.0,0.0,0.0,0.0,0.0
2020-01-07,6,0,312_PV_1,0.0,0.0,0.0,0.0,0.0
2020-01-07,6,0,310_PV_2,0.0,0.0,0.0,0.0,0.0
2020-01-07,6,0,324_PV_2,0.0,0.0,0.0,0.0,0.0
2020-01-07,6,0,324_PV_3,0.0,0.0,0.0,0.0,0.0
2020-01-07,6,0,113_PV_1,0.0,0.0,0.0,0.0,0.0
2020-01-07,6,0,319_PV_1,0.0,0.0,0.0,0.0,0.0
2020-01-07,6,0,215_PV_1,0.0,0.0,0.0,0.0,0.0
2020-01-07,6,0,102_PV_1,0.0,0.0,0.0,0.0,0.0
2020-01-07,6,0,101_PV_1,0.0,0.0,0.0,0.0,0.0
2020-01-07,6,0,102_PV_2,0.0,0.0,0.0,0.0,0.0
2020-01-07,6,0,104_PV_1,0.0,0.0,0.0,0.0,0.0
2020-01-07,6,0,101_PV_2,0.0,0.0,0.0,0.0,0.0
2020-01-07,6,0,101_PV_3,0.0,0.0,0.0,0.0,0.0
2020-01-07,6,0,101_PV_4,0.0,0.0,0.0,0.0,0.0
2020-01-07,6,0,103_PV_1,0.0,0.0,0.0,0.0,0.0
2020-01-07,6,0,119_PV_1,0.0,0.0,0.0,0.0,0.0
2020-01-07,6,0,308_RTPV_1,0.0,0.0,0.0,0.0,0.0
2020-01-07,6,0,313_RTPV_1,0.0,0.0,0.0,0.0,0.0
2020-01-07,6,0,313_RTPV_2,0.0,0.0,0.0,0.0,0.0
2020-01-07,6,0,313_RTPV_3,0.0,0.0,0.0,0.0,0.0
2020-01-07,6,0,313_RTPV_4,0.0,0.0,0.0,0.0,0.0
2020-01-07,6,0,313_RTPV_5,0.0,0.0,0.0,0.0,0.0
2020-01-07,6,0,313_RTPV_6,0.0,0.0,0.0,0.0,0.0
2020-01-07,6,0,313_RTPV_7,0.0,0.0,0.0,0.0,0.0
2020-01-07,6,0,313_RTPV_8,0.0,0.0,0.0,0.0,0.0
2020-01-07,6,0,313_RTPV_9,0.0,0.0,0.0,0.0,0.0
2020-01-07,6,0,313_RTPV_10,0.0,0.0,0.0,0.0,0.0
2020-01-07,6,0,313_RTPV_11,0.0,0.0,0.0,0.0,0.0
2020-01-07,6,0,313_RTPV_12,0.0,0.0,0.0,0.0,0.0
2020-01-07,6,0,320_RTPV_1,0.0,0.0,0.0,0.0,0.0
2020-01-07,6,0,320_RTPV_2,0.0,0.0,0.0,0.0,0.0
2020-01-07,6,0,320_RTPV_3,0.0,0.0,0.0,0.0,0.0
2020-01-07,6,0,313_RTPV_13,0.0,0.0,0.0,0.0,0.0
2020-01-07,6,0,320_RTPV_4,0.0,0.0,0.0,0.0,0.0
2020-01-07,6,0,320_RTPV_5,0.0,0.0,0.0,0.0,0.0
2020-01-07,6,0,118_RTPV_1,0.0,0.0,0.0,0.0,0.0
2020-01-07,6,0,118_RTPV_2,0.0,0.0,0.0,0.0,0.0
2020-01-07,6,0,118_RTPV_3,0.0,0.0,0.0,0.0,0.0
2020-01-07,6,0,118_RTPV_4,0.0,0.0,0.0,0.0,0.0
2020-01-07,6,0,118_RTPV_5,0.0,0.0,0.0,0.0,0.0
2020-01-07,6,0,118_RTPV_6,0.0,0.0,0.0,0.0,0.0
2020-01-07,6,0,320_RTPV_6,0.0,0.0,0.0,0.0,0.0
2020-01-07,6,0,118_RTPV_7,0.0,0.0,0.0,0.0,0.0
2020-01-07,6,0,118_RTPV_8,0.0,0.0,0.0,0.0,0.0
2020-01-07,6,0,118_RTPV_9,0.0,0.0,0.0,0.0,0.0
2020-01-07,6,0,118_RTPV_10,0.0,0.0,0.0,0.0,0.0
2020-01-07,6,0,213_RTPV_1,0.0,0.0,0.0,0.0,0.0
2020-01-07,6,0,309_WIND_1,67.167,71.467,0.0,1679.175,0.0
2020-01-07,6,0,317_WIND_1,366.4725,376.6725,0.0,9161.8125,0.0
2020-01-07,6,0,303_WIND_1,386.725,394.125,0.0,9668.125,0.0
2020-01-07,6,0,122_WIND_1,322.9125,336.2125,0.0,8072.8125,0.0
2020-01-07,6,0,122_WIND_1_PEM,275.633923,374.5875,98.953577,6890.848075,0.0
2020-01-07,6,0,303_WIND_1_PEM,0.0,70.149025,444.675,0.0,0.0
2020-01-07,6,0,309_WIND_1_PEM,75.633,75.633,0.0,1890.825,0.0
2020-01-07,6,0,310_PV_2_PEM,0.0,0.0,0.0,0.0,0.0
2020-01-07,6,0,317_WIND_1_PEM,0.0,0.0,419.5275,0.0,0.0
2020-01-07,6,0,319_PV_1_PEM,0.0,0.0,0.0,0.0,0.0
2020-01-07,6,0,320_PV_1_PEM,0.0,0.0,0.0,0.0,0.0
2020-01-07,6,0,324_PV_1_PEM,0.0,0.0,0.0,0.0,0.0
2020-01-07,6,0,324_PV_2_PEM,0.0,0.0,0.0,0.0,0.0
2020-01-07,6,0,324_PV_3_PEM,0.0,0.0,0.0,0.0,0.0
2020-01-07,7,0,122_HYDRO_1,12.7,12.7,0.0,270.359554,0.0
2020-01-07,7,0,122_HYDRO_2,12.7,12.7,0.0,270.359554,0.0
2020-01-07,7,0,122_HYDRO_3,12.7,12.7,0.0,270.359554,0.0
2020-01-07,7,0,122_HYDRO_4,12.7,12.7,0.0,270.359554,0.0
2020-01-07,7,0,122_HYDRO_5,12.7,12.7,0.0,270.359554,0.0
2020-01-07,7,0,122_HYDRO_6,12.7,12.7,0.0,270.359554,0.0
2020-01-07,7,0,201_HYDRO_4,15.475,18.5,0.0,318.205846,0.0
2020-01-07,7,0,215_HYDRO_1,15.475,18.5,0.0,318.205846,0.0
2020-01-07,7,0,215_HYDRO_2,15.475,18.5,0.0,318.205846,0.0
2020-01-07,7,0,215_HYDRO_3,15.475,18.5,0.0,318.205846,0.0
2020-01-07,7,0,222_HYDRO_1,15.475,18.5,0.0,318.205846,0.0
2020-01-07,7,0,222_HYDRO_2,15.475,18.5,0.0,318.205846,0.0
2020-01-07,7,0,222_HYDRO_3,15.475,18.5,0.0,318.205846,0.0
2020-01-07,7,0,222_HYDRO_4,15.475,18.5,0.0,318.205846,0.0
2020-01-07,7,0,222_HYDRO_5,15.475,18.5,0.0,318.205846,0.0
2020-01-07,7,0,222_HYDRO_6,15.475,18.5,0.0,318.205846,0.0
2020-01-07,7,0,322_HYDRO_1,18.85,21.6,0.0,391.074123,0.0
2020-01-07,7,0,322_HYDRO_2,18.85,21.6,0.0,391.074123,0.0
2020-01-07,7,0,322_HYDRO_3,18.85,21.6,0.0,391.074123,0.0
2020-01-07,7,0,322_HYDRO_4,18.85,21.6,0.0,391.074123,0.0
2020-01-07,7,0,320_PV_1,0.0,0.0,0.0,0.0,0.0
2020-01-07,7,0,314_PV_1,0.0,24.7,0.0,-91.6826,0.0
2020-01-07,7,0,314_PV_2,0.0,23.1,0.0,-85.743646,0.0
2020-01-07,7,0,313_PV_1,0.0,29.9,0.0,-110.9842,0.0
2020-01-07,7,0,314_PV_3,0.0,32.8,0.0,-121.748554,0.0
2020-01-07,7,0,314_PV_4,0.0,23.0,0.0,-85.372462,0.0
2020-01-07,7,0,313_PV_2,0.0,29.9,0.0,-110.9842,0.0
2020-01-07,7,0,310_PV_1,0.0,23.8,0.0,-88.341939,0.0
2020-01-07,7,0,324_PV_1,0.0,1.923,0.0,-7.13788,0.0
2020-01-07,7,0,312_PV_1,0.0,30.2,0.0,-112.097754,0.0
2020-01-07,7,0,310_PV_2,0.0,0.0,0.0,0.0,0.0
2020-01-07,7,0,324_PV_2,0.0,1.044,0.0,-3.875167,0.0
2020-01-07,7,0,324_PV_3,0.0,1.19,0.0,-4.417097,0.0
2020-01-07,7,0,113_PV_1,0.0,51.8,0.0,-192.273631,0.0
2020-01-07,7,0,319_PV_1,0.0,22.238,0.0,-82.544035,0.0
2020-01-07,7,0,215_PV_1,2.2,65.3,0.0,-187.383554,0.0
2020-01-07,7,0,102_PV_1,5.7,15.7,0.0,84.224015,0.0
2020-01-07,7,0,101_PV_1,4.7,15.2,0.0,61.079938,0.0
2020-01-07,7,0,102_PV_2,4.8,15.5,0.0,62.466385,0.0
2020-01-07,7,0,104_PV_1,5.6,15.2,0.0,83.579938,0.0
2020-01-07,7,0,101_PV_2,2.2,15.4,0.0,-2.162431,0.0
2020-01-07,7,0,101_PV_3,2.4,15.1,0.0,3.951123,0.0
2020-01-07,7,0,101_PV_4,4.3,15.2,0.0,51.079938,0.0
2020-01-07,7,0,103_PV_1,0.0,14.9,0.0,-55.306508,0.0
2020-01-07,7,0,119_PV_1,0.0,14.2,0.0,-52.708215,0.0
2020-01-07,7,0,308_RTPV_1,0.0,13.1,0.0,-48.625185,0.0
2020-01-07,7,0,313_RTPV_1,0.0,13.3,0.0,-49.367554,0.0
2020-01-07,7,0,313_RTPV_2,0.0,9.5,0.0,-35.262538,0.0
2020-01-07,7,0,313_RTPV_3,0.0,8.3,0.0,-30.808323,0.0
2020-01-07,7,0,313_RTPV_4,0.0,8.5,0.0,-31.550692,0.0
2020-01-07,7,0,313_RTPV_5,0.0,8.9,0.0,-33.035431,0.0
2020-01-07,7,0,313_RTPV_6,0.0,9.0,0.0,-33.406615,0.0
2020-01-07,7,0,313_RTPV_7,0.0,9.6,0.0,-35.633723,0.0
2020-01-07,7,0,313_RTPV_8,0.0,8.6,0.0,-31.921877,0.0
2020-01-07,7,0,313_RTPV_9,0.0,9.6,0.0,-35.633723,0.0
2020-01-07,7,0,313_RTPV_10,0.0,9.7,0.0,-36.004908,0.0
2020-01-07,7,0,313_RTPV_11,0.0,10.0,0.0,-37.118462,0.0
2020-01-07,7,0,313_RTPV_12,0.0,4.2,0.0,-15.589754,0.0
2020-01-07,7,0,320_RTPV_1,0.0,4.3,0.0,-15.960938,0.0
2020-01-07,7,0,320_RTPV_2,0.0,4.3,0.0,-15.960938,0.0
2020-01-07,7,0,320_RTPV_3,0.0,4.4,0.0,-16.332123,0.0
2020-01-07,7,0,313_RTPV_13,0.0,4.4,0.0,-16.332123,0.0
2020-01-07,7,0,320_RTPV_4,0.0,4.2,0.0,-15.589754,0.0
2020-01-07,7,0,320_RTPV_5,0.0,4.4,0.0,-16.332123,0.0
2020-01-07,7,0,118_RTPV_1,0.0,1.6,0.0,-5.938954,0.0
2020-01-07,7,0,118_RTPV_2,0.0,1.6,0.0,-5.938954,0.0
2020-01-07,7,0,118_RTPV_3,0.0,1.6,0.0,-5.938954,0.0
2020-01-07,7,0,118_RTPV_4,0.0,1.6,0.0,-5.938954,0.0
2020-01-07,7,0,118_RTPV_5,0.0,1.5,0.0,-5.567769,0.0
2020-01-07,7,0,118_RTPV_6,0.0,1.6,0.0,-5.938954,0.0
2020-01-07,7,0,320_RTPV_6,0.0,1.6,0.0,-5.938954,0.0
2020-01-07,7,0,118_RTPV_7,0.0,1.8,0.0,-6.681323,0.0
2020-01-07,7,0,118_RTPV_8,0.0,1.8,0.0,-6.681323,0.0
2020-01-07,7,0,118_RTPV_9,0.0,1.6,0.0,-5.938954,0.0
2020-01-07,7,0,118_RTPV_10,0.0,0.8,0.0,-2.969477,0.0
2020-01-07,7,0,213_RTPV_1,0.0,2.3,0.0,-8.537246,0.0
2020-01-07,7,0,309_WIND_1,63.367,71.567,0.0,1318.529306,0.0
2020-01-07,7,0,317_WIND_1,363.3725,376.1725,0.0,7688.018052,0.0
2020-01-07,7,0,303_WIND_1,312.125,393.125,0.0,6343.90548,0.0
2020-01-07,7,0,122_WIND_1,327.8125,330.0125,0.0,6970.35687,0.0
2020-01-07,7,0,122_WIND_1_PEM,360.29932,0.0,14.28818,9007.482988,0.0
2020-01-07,7,0,303_WIND_1_PEM,0.0,0.0,444.675,0.0,0.0
2020-01-07,7,0,309_WIND_1_PEM,75.633,0.0,0.0,1890.825,0.0
2020-01-07,7,0,310_PV_2_PEM,0.0,0.0,0.0,0.0,0.0
2020-01-07,7,0,317_WIND_1_PEM,0.0,0.0,419.5275,0.0,0.0
2020-01-07,7,0,319_PV_1_PEM,0.0,0.0,0.0,0.0,0.0
2020-01-07,7,0,320_PV_1_PEM,0.0,0.0,0.0,0.0,0.0
2020-01-07,7,0,324_PV_1_PEM,0.0,0.0,0.0,0.0,0.0
2020-01-07,7,0,324_PV_2_PEM,0.0,0.0,0.0,0.0,0.0
2020-01-07,7,0,324_PV_3_PEM,0.0,0.0,0.0,0.0,0.0
2020-01-07,8,0,122_HYDRO_1,12.825,14.2,0.0,181.841568,0.0
2020-01-07,8,0,122_HYDRO_2,12.825,14.2,0.0,181.841568,0.0
2020-01-07,8,0,122_HYDRO_3,12.825,14.2,0.0,181.841568,0.0
2020-01-07,8,0,122_HYDRO_4,12.825,14.2,0.0,181.841568,0.0
2020-01-07,8,0,122_HYDRO_5,12.825,14.2,0.0,181.841568,0.0
2020-01-07,8,0,122_HYDRO_6,12.825,14.2,0.0,181.841568,0.0
2020-01-07,8,0,201_HYDRO_4,18.517,18.7,0.0,274.703512,0.0
2020-01-07,8,0,215_HYDRO_1,18.517,18.7,0.0,274.703512,0.0
2020-01-07,8,0,215_HYDRO_2,18.517,18.7,0.0,274.703512,0.0
2020-01-07,8,0,215_HYDRO_3,18.517,18.7,0.0,274.703512,0.0
2020-01-07,8,0,222_HYDRO_1,18.517,18.7,0.0,274.703512,0.0
2020-01-07,8,0,222_HYDRO_2,18.517,18.7,0.0,274.703512,0.0
2020-01-07,8,0,222_HYDRO_3,18.517,18.7,0.0,274.703512,0.0
2020-01-07,8,0,222_HYDRO_4,18.517,18.7,0.0,274.703512,0.0
2020-01-07,8,0,222_HYDRO_5,18.517,18.7,0.0,274.703512,0.0
2020-01-07,8,0,222_HYDRO_6,18.517,18.7,0.0,274.703512,0.0
2020-01-07,8,0,322_HYDRO_1,21.533,20.8,0.0,325.826326,0.0
2020-01-07,8,0,322_HYDRO_2,21.533,20.8,0.0,325.826326,0.0
2020-01-07,8,0,322_HYDRO_3,21.533,20.8,0.0,325.826326,0.0
2020-01-07,8,0,322_HYDRO_4,21.533,20.8,0.0,325.826326,0.0
2020-01-07,8,0,320_PV_1,0.0,5.584,0.0,-37.666247,0.0
2020-01-07,8,0,314_PV_1,25.6,32.1,0.0,337.642838,0.0
2020-01-07,8,0,314_PV_2,24.7,33.3,0.0,310.06584,0.0
2020-01-07,8,0,313_PV_1,34.5,46.7,0.0,431.820764,0.0
2020-01-07,8,0,314_PV_3,37.0,50.8,0.0,458.282817,0.0
2020-01-07,8,0,314_PV_4,25.0,33.3,0.0,316.560017,0.0
2020-01-07,8,0,313_PV_2,34.2,46.9,0.0,423.977509,0.0
2020-01-07,8,0,310_PV_1,24.4,31.4,0.0,316.3879,0.0
2020-01-07,8,0,324_PV_1,4.123,12.023,0.0,8.151842,0.0
2020-01-07,8,0,312_PV_1,35.2,49.3,0.0,429.435836,0.0
2020-01-07,8,0,310_PV_2,0.0,4.984,0.0,-33.619014,0.0
2020-01-07,8,0,324_PV_2,3.344,11.444,0.0,-4.805792,0.0
2020-01-07,8,0,324_PV_3,3.09,11.69,0.0,-11.963561,0.0
2020-01-07,8,0,113_PV_1,53.8,65.8,0.0,720.775924,0.0
2020-01-07,8,0,319_PV_1,22.538,54.638,0.0,119.331378,0.0
2020-01-07,8,0,215_PV_1,75.7,83.4,0.0,1076.132035,0.0
2020-01-07,8,0,102_PV_1,17.3,19.0,0.0,246.335183,0.0
2020-01-07,8,0,101_PV_1,17.3,18.3,0.0,251.056955,0.0
2020-01-07,8,0,102_PV_2,17.3,18.8,0.0,247.684261,0.0
2020-01-07,8,0,104_PV_1,17.4,18.3,0.0,253.221681,0.0
2020-01-07,8,0,101_PV_2,16.6,18.7,0.0,233.205719,0.0
2020-01-07,8,0,101_PV_3,16.6,18.4,0.0,235.229336,0.0
2020-01-07,8,0,101_PV_4,16.4,18.0,0.0,233.598039,0.0
2020-01-07,8,0,103_PV_1,0.0,28.8,0.0,-194.267176,0.0
2020-01-07,8,0,119_PV_1,10.0,29.6,0.0,16.809089,0.0
2020-01-07,8,0,308_RTPV_1,16.3,37.6,0.0,99.223707,0.0
2020-01-07,8,0,313_RTPV_1,17.3,37.7,0.0,120.196426,0.0
2020-01-07,8,0,313_RTPV_2,11.3,23.8,0.0,84.073775,0.0
2020-01-07,8,0,313_RTPV_3,9.4,23.2,0.0,46.991218,0.0
2020-01-07,8,0,313_RTPV_4,10.4,22.1,0.0,76.058403,0.0
2020-01-07,8,0,313_RTPV_5,10.1,23.1,0.0,62.818837,0.0
2020-01-07,8,0,313_RTPV_6,10.1,23.6,0.0,59.446143,0.0
2020-01-07,8,0,313_RTPV_7,11.1,24.1,0.0,77.720707,0.0
2020-01-07,8,0,313_RTPV_8,10.0,23.4,0.0,58.630495,0.0
2020-01-07,8,0,313_RTPV_9,10.9,24.1,0.0,73.391255,0.0
2020-01-07,8,0,313_RTPV_10,10.3,24.2,0.0,59.728362,0.0
2020-01-07,8,0,313_RTPV_11,11.4,25.2,0.0,76.794957,0.0
2020-01-07,8,0,313_RTPV_12,5.8,10.6,0.0,54.052981,0.0
2020-01-07,8,0,320_RTPV_1,5.8,10.6,0.0,54.052981,0.0
2020-01-07,8,0,320_RTPV_2,5.3,10.6,0.0,43.229352,0.0
2020-01-07,8,0,320_RTPV_3,5.0,10.5,0.0,37.409713,0.0
2020-01-07,8,0,313_RTPV_13,4.9,10.5,0.0,35.244988,0.0
2020-01-07,8,0,320_RTPV_4,5.8,10.5,0.0,54.727519,0.0
2020-01-07,8,0,320_RTPV_5,5.3,10.9,0.0,41.205735,0.0
2020-01-07,8,0,118_RTPV_1,1.8,3.7,0.0,14.007128,0.0
2020-01-07,8,0,118_RTPV_2,2.0,3.7,0.0,18.336579,0.0
2020-01-07,8,0,118_RTPV_3,2.0,3.6,0.0,19.011118,0.0
2020-01-07,8,0,118_RTPV_4,1.9,3.7,0.0,16.171854,0.0
2020-01-07,8,0,118_RTPV_5,1.8,3.5,0.0,15.356205,0.0
2020-01-07,8,0,118_RTPV_6,2.1,3.8,0.0,19.826766,0.0
2020-01-07,8,0,320_RTPV_6,2.0,3.6,0.0,19.011118,0.0
2020-01-07,8,0,118_RTPV_7,2.1,4.2,0.0,17.128611,0.0
2020-01-07,8,0,118_RTPV_8,2.3,4.2,0.0,21.458063,0.0
2020-01-07,8,0,118_RTPV_9,1.9,3.7,0.0,16.171854,0.0
2020-01-07,8,0,118_RTPV_10,0.9,1.7,0.0,8.015372,0.0
2020-01-07,8,0,213_RTPV_1,2.8,5.1,0.0,26.210842,0.0
2020-01-07,8,0,309_WIND_1,63.567,72.367,0.0,887.907725,0.0
2020-01-07,8,0,317_WIND_1,371.4725,374.0725,0.0,5518.09672,0.0
2020-01-07,8,0,303_WIND_1,77.825,367.712948,0.0,-795.66871,0.0
2020-01-07,8,0,122_WIND_1,326.7125,326.8125,0.0,4867.95251,0.0
2020-01-07,8,0,122_WIND_1_PEM,0.0,0.0,374.5875,0.0,0.0
2020-01-07,8,0,303_WIND_1_PEM,0.0,0.0,444.675,0.0,0.0
2020-01-07,8,0,309_WIND_1_PEM,0.0,0.0,75.633,0.0,0.0
2020-01-07,8,0,310_PV_2_PEM,0.0,0.0,24.4,0.0,0.0
2020-01-07,8,0,317_WIND_1_PEM,0.0,0.0,419.5275,0.0,0.0
2020-01-07,8,0,319_PV_1_PEM,0.0,0.0,77.162,0.0,0.0
2020-01-07,8,0,320_PV_1_PEM,0.0,0.0,25.4,0.0,0.0
2020-01-07,8,0,324_PV_1_PEM,0.0,0.0,20.377,0.0,0.0
2020-01-07,8,0,324_PV_2_PEM,0.0,0.0,21.156,0.0,0.0
2020-01-07,8,0,324_PV_3_PEM,0.0,0.0,20.91,0.0,0.0
2020-01-07,9,0,122_HYDRO_1,14.075,12.7,0.0,24.849745,0.0
2020-01-07,9,0,122_HYDRO_2,14.075,12.7,0.0,24.849745,0.0
2020-01-07,9,0,122_HYDRO_3,14.075,12.7,0.0,24.849745,0.0
2020-01-07,9,0,122_HYDRO_4,14.075,12.7,0.0,24.849745,0.0
2020-01-07,9,0,122_HYDRO_5,14.075,12.7,0.0,24.849745,0.0
2020-01-07,9,0,122_HYDRO_6,14.075,12.7,0.0,24.849745,0.0
2020-01-07,9,0,201_HYDRO_4,18.667,18.3,0.0,6.632623,0.0
2020-01-07,9,0,215_HYDRO_1,18.667,18.3,0.0,6.632623,0.0
2020-01-07,9,0,215_HYDRO_2,18.667,18.3,0.0,6.632623,0.0
2020-01-07,9,0,215_HYDRO_3,18.667,18.3,0.0,6.632623,0.0
2020-01-07,9,0,222_HYDRO_1,18.667,18.3,0.0,6.632623,0.0
2020-01-07,9,0,222_HYDRO_2,18.667,18.3,0.0,6.632623,0.0
2020-01-07,9,0,222_HYDRO_3,18.667,18.3,0.0,6.632623,0.0
2020-01-07,9,0,222_HYDRO_4,18.667,18.3,0.0,6.632623,0.0
2020-01-07,9,0,222_HYDRO_5,18.667,18.3,0.0,6.632623,0.0
2020-01-07,9,0,222_HYDRO_6,18.667,18.3,0.0,6.632623,0.0
2020-01-07,9,0,322_HYDRO_1,20.125,12.7,0.0,134.188624,0.0
2020-01-07,9,0,322_HYDRO_2,20.125,12.7,0.0,134.188624,0.0
2020-01-07,9,0,322_HYDRO_3,20.125,12.7,0.0,134.188624,0.0
2020-01-07,9,0,322_HYDRO_4,20.125,12.7,0.0,134.188624,0.0
2020-01-07,9,0,320_PV_1,6.884,7.984,0.0,-19.879796,0.0
2020-01-07,9,0,314_PV_1,33.8,34.6,0.0,-14.458034,0.0
2020-01-07,9,0,314_PV_2,35.0,35.3,0.0,-5.421763,0.0
2020-01-07,9,0,313_PV_1,53.3,59.0,0.0,-103.013489,0.0
2020-01-07,9,0,314_PV_3,56.5,61.0,0.0,-81.326439,0.0
2020-01-07,9,0,314_PV_4,33.2,35.3,0.0,-37.952338,0.0
2020-01-07,9,0,313_PV_2,52.2,59.4,0.0,-130.122302,0.0
2020-01-07,9,0,310_PV_1,32.5,33.6,0.0,-19.879796,0.0
2020-01-07,9,0,324_PV_1,14.723,14.023,0.0,12.650779,0.0
2020-01-07,9,0,312_PV_1,54.3,59.3,0.0,-90.36271,0.0
2020-01-07,9,0,310_PV_2,6.084,7.384,0.0,-23.494305,0.0
2020-01-07,9,0,324_PV_2,13.044,13.544,0.0,-9.036271,0.0
2020-01-07,9,0,324_PV_3,14.09,13.79,0.0,5.421763,0.0
2020-01-07,9,0,113_PV_1,67.6,68.1,0.0,-9.036271,0.0
2020-01-07,9,0,319_PV_1,56.238,62.438,0.0,-112.04976,0.0
2020-01-07,9,0,215_PV_1,81.0,86.5,0.0,-99.398981,0.0
2020-01-07,9,0,102_PV_1,20.4,19.3,0.0,19.879796,0.0
2020-01-07,9,0,101_PV_1,18.8,18.4,0.0,7.229017,0.0
2020-01-07,9,0,102_PV_2,18.3,19.1,0.0,-14.458034,0.0
2020-01-07,9,0,104_PV_1,17.6,18.3,0.0,-12.650779,0.0
2020-01-07,9,0,101_PV_2,18.8,19.0,0.0,-3.614508,0.0
2020-01-07,9,0,101_PV_3,18.7,18.7,0.0,0.0,0.0
2020-01-07,9,0,101_PV_4,17.7,18.4,0.0,-12.650779,0.0
2020-01-07,9,0,103_PV_1,0.0,38.2,0.0,-690.371103,0.0
2020-01-07,9,0,119_PV_1,21.1,38.6,0.0,-316.269484,0.0
2020-01-07,9,0,308_RTPV_1,42.6,56.4,0.0,-249.401079,0.0
2020-01-07,9,0,313_RTPV_1,45.0,56.4,0.0,-206.026978,0.0
2020-01-07,9,0,313_RTPV_2,28.8,35.1,0.0,-113.857014,0.0
2020-01-07,9,0,313_RTPV_3,24.9,34.6,0.0,-175.303657,0.0
2020-01-07,9,0,313_RTPV_4,25.5,32.9,0.0,-133.736811,0.0
2020-01-07,9,0,313_RTPV_5,28.2,34.3,0.0,-110.242506,0.0
2020-01-07,9,0,313_RTPV_6,29.6,35.3,0.0,-103.013489,0.0
2020-01-07,9,0,313_RTPV_7,27.6,35.3,0.0,-139.158573,0.0
2020-01-07,9,0,313_RTPV_8,29.0,35.3,0.0,-113.857014,0.0
2020-01-07,9,0,313_RTPV_9,28.4,35.3,0.0,-124.70054,0.0
2020-01-07,9,0,313_RTPV_10,29.9,34.9,0.0,-90.36271,0.0
2020-01-07,9,0,313_RTPV_11,28.9,36.5,0.0,-137.351319,0.0
2020-01-07,9,0,313_RTPV_12,11.4,15.4,0.0,-72.290168,0.0
2020-01-07,9,0,320_RTPV_1,12.6,15.4,0.0,-50.603117,0.0
2020-01-07,9,0,320_RTPV_2,12.7,15.4,0.0,-48.795863,0.0
2020-01-07,9,0,320_RTPV_3,12.3,15.1,0.0,-50.603117,0.0
2020-01-07,9,0,313_RTPV_13,12.2,15.1,0.0,-52.410372,0.0
2020-01-07,9,0,320_RTPV_4,13.2,15.0,0.0,-32.530576,0.0
2020-01-07,9,0,320_RTPV_5,12.4,15.8,0.0,-61.446643,0.0
2020-01-07,9,0,118_RTPV_1,4.7,5.0,0.0,-5.421763,0.0
2020-01-07,9,0,118_RTPV_2,4.3,5.0,0.0,-12.650779,0.0
2020-01-07,9,0,118_RTPV_3,4.4,5.1,0.0,-12.650779,0.0
2020-01-07,9,0,118_RTPV_4,4.7,5.1,0.0,-7.229017,0.0
2020-01-07,9,0,118_RTPV_5,4.0,4.9,0.0,-16.265288,0.0
2020-01-07,9,0,118_RTPV_6,4.6,5.2,0.0,-10.843525,0.0
2020-01-07,9,0,320_RTPV_6,4.0,5.0,0.0,-18.072542,0.0
2020-01-07,9,0,118_RTPV_7,5.1,5.9,0.0,-14.458034,0.0
2020-01-07,9,0,118_RTPV_8,5.2,5.9,0.0,-12.650779,0.0
2020-01-07,9,0,118_RTPV_9,4.2,5.4,0.0,-21.68705,0.0
2020-01-07,9,0,118_RTPV_10,2.1,2.4,0.0,-5.421763,0.0
2020-01-07,9,0,213_RTPV_1,6.1,7.1,0.0,-18.072542,0.0
2020-01-07,9,0,309_WIND_1,57.667,71.967,0.0,-258.43735,0.0
2020-01-07,9,0,317_WIND_1,368.0725,374.3725,0.0,-113.857014,0.0
2020-01-07,9,0,303_WIND_1,224.325,378.525,0.0,-2786.78597,0.0
2020-01-07,9,0,122_WIND_1,330.3125,45.456721,0.0,5148.068019,0.0
2020-01-07,9,0,122_WIND_1_PEM,0.0,0.0,374.5875,0.0,0.0
2020-01-07,9,0,303_WIND_1_PEM,0.0,0.0,444.675,0.0,0.0
2020-01-07,9,0,309_WIND_1_PEM,0.0,0.0,75.633,0.0,0.0
2020-01-07,9,0,310_PV_2_PEM,0.0,0.0,26.316,0.0,0.0
2020-01-07,9,0,317_WIND_1_PEM,0.0,0.0,419.5275,0.0,0.0
2020-01-07,9,0,319_PV_1_PEM,0.0,0.0,77.162,0.0,0.0
2020-01-07,9,0,320_PV_1_PEM,0.0,0.0,26.316,0.0,0.0
2020-01-07,9,0,324_PV_1_PEM,0.0,0.0,20.377,0.0,0.0
2020-01-07,9,0,324_PV_2_PEM,0.0,0.0,21.156,0.0,0.0
2020-01-07,9,0,324_PV_3_PEM,0.0,0.0,20.91,0.0,0.0
2020-01-07,10,0,122_HYDRO_1,12.742,13.2,0.0,0.0,0.0
2020-01-07,10,0,122_HYDRO_2,12.742,13.2,0.0,0.0,0.0
2020-01-07,10,0,122_HYDRO_3,12.742,13.2,0.0,0.0,0.0
2020-01-07,10,0,122_HYDRO_4,12.742,13.2,0.0,0.0,0.0
2020-01-07,10,0,122_HYDRO_5,12.742,13.2,0.0,0.0,0.0
2020-01-07,10,0,122_HYDRO_6,12.742,13.2,0.0,0.0,0.0
2020-01-07,10,0,201_HYDRO_4,18.317,18.5,0.0,0.0,0.0
2020-01-07,10,0,215_HYDRO_1,18.317,18.5,0.0,0.0,0.0
2020-01-07,10,0,215_HYDRO_2,18.317,18.5,0.0,0.0,0.0
2020-01-07,10,0,215_HYDRO_3,18.317,18.5,0.0,0.0,0.0
2020-01-07,10,0,222_HYDRO_1,18.317,18.5,0.0,0.0,0.0
2020-01-07,10,0,222_HYDRO_2,18.317,18.5,0.0,0.0,0.0
2020-01-07,10,0,222_HYDRO_3,18.317,18.5,0.0,0.0,0.0
2020-01-07,10,0,222_HYDRO_4,18.317,18.5,0.0,0.0,0.0
2020-01-07,10,0,222_HYDRO_5,18.317,18.5,0.0,0.0,0.0
2020-01-07,10,0,222_HYDRO_6,18.317,18.5,0.0,0.0,0.0
2020-01-07,10,0,322_HYDRO_1,12.858,14.6,0.0,0.0,0.0
2020-01-07,10,0,322_HYDRO_2,12.858,14.6,0.0,0.0,0.0
2020-01-07,10,0,322_HYDRO_3,12.858,14.6,0.0,0.0,0.0
2020-01-07,10,0,322_HYDRO_4,12.858,14.6,0.0,0.0,0.0
2020-01-07,10,0,320_PV_1,0.0,8.584,6.784,0.0,0.0
2020-01-07,10,0,314_PV_1,35.3,35.2,0.0,0.0,0.0
2020-01-07,10,0,314_PV_2,0.0,36.0,35.4,0.0,0.0
2020-01-07,10,0,313_PV_1,63.4,64.8,0.0,0.0,0.0
2020-01-07,10,0,314_PV_3,62.8,66.3,0.0,0.0,0.0
2020-01-07,10,0,314_PV_4,0.0,36.0,32.7,0.0,0.0
2020-01-07,10,0,313_PV_2,63.1,66.1,0.0,0.0,0.0
2020-01-07,10,0,310_PV_1,33.1,33.8,0.0,0.0,0.0
2020-01-07,10,0,324_PV_1,0.0,14.723,14.423,0.0,0.0
2020-01-07,10,0,312_PV_1,0.0,63.3,60.4,0.0,0.0
2020-01-07,10,0,310_PV_2,0.0,7.384,7.484,0.0,0.0
2020-01-07,10,0,324_PV_2,0.0,14.144,12.044,0.0,0.0
2020-01-07,10,0,324_PV_3,0.0,14.39,14.59,0.0,0.0
2020-01-07,10,0,113_PV_1,66.3,58.887774,0.0,0.0,0.0
2020-01-07,10,0,319_PV_1,0.0,58.038,56.038,0.0,0.0
2020-01-07,10,0,215_PV_1,82.0,70.679829,0.0,0.0,0.0
2020-01-07,10,0,102_PV_1,20.3,19.3,0.0,0.0,0.0
2020-01-07,10,0,101_PV_1,0.0,0.0,17.5,0.0,0.0
2020-01-07,10,0,102_PV_2,17.1,19.0,0.0,0.0,0.0
2020-01-07,10,0,104_PV_1,17.5,18.5,0.0,0.0,0.0
2020-01-07,10,0,101_PV_2,17.1217,0.0,0.9783,0.0,0.0
2020-01-07,10,0,101_PV_3,17.5,0.0,0.0,0.0,0.0
2020-01-07,10,0,101_PV_4,18.9,0.0,0.0,0.0,0.0
2020-01-07,10,0,103_PV_1,41.0,43.0,0.0,0.0,0.0
2020-01-07,10,0,119_PV_1,26.2,43.6,0.0,0.0,0.0
2020-01-07,10,0,308_RTPV_1,61.7,66.7,0.0,0.0,0.0
2020-01-07,10,0,313_RTPV_1,63.7,66.8,0.0,0.0,0.0
2020-01-07,10,0,313_RTPV_2,40.0,42.1,0.0,0.0,0.0
2020-01-07,10,0,313_RTPV_3,35.8,41.5,0.0,0.0,0.0
2020-01-07,10,0,313_RTPV_4,33.5,38.6,0.0,0.0,0.0
2020-01-07,10,0,313_RTPV_5,39.0,41.4,0.0,0.0,0.0
2020-01-07,10,0,313_RTPV_6,39.6,42.1,0.0,0.0,0.0
2020-01-07,10,0,313_RTPV_7,37.8,41.7,0.0,0.0,0.0
2020-01-07,10,0,313_RTPV_8,42.5,42.2,0.0,0.0,0.0
2020-01-07,10,0,313_RTPV_9,35.8,41.7,0.0,0.0,0.0
2020-01-07,10,0,313_RTPV_10,39.5,40.9,0.0,0.0,0.0
2020-01-07,10,0,313_RTPV_11,38.2,42.8,0.0,0.0,0.0
2020-01-07,10,0,313_RTPV_12,15.9,17.6,0.0,0.0,0.0
2020-01-07,10,0,320_RTPV_1,16.9,17.6,0.0,0.0,0.0
2020-01-07,10,0,320_RTPV_2,16.3,17.6,0.0,0.0,0.0
2020-01-07,10,0,320_RTPV_3,15.3,17.3,0.0,0.0,0.0
2020-01-07,10,0,313_RTPV_13,16.7,17.8,0.0,0.0,0.0
2020-01-07,10,0,320_RTPV_4,17.2,17.5,0.0,0.0,0.0
2020-01-07,10,0,320_RTPV_5,16.0,18.6,0.0,0.0,0.0
2020-01-07,10,0,118_RTPV_1,5.3,5.8,0.0,0.0,0.0
2020-01-07,10,0,118_RTPV_2,5.4,5.8,0.0,0.0,0.0
2020-01-07,10,0,118_RTPV_3,5.7,6.0,0.0,0.0,0.0
2020-01-07,10,0,118_RTPV_4,5.8,5.9,0.0,0.0,0.0
2020-01-07,10,0,118_RTPV_5,5.3,5.8,0.0,0.0,0.0
2020-01-07,10,0,118_RTPV_6,5.7,6.0,0.0,0.0,0.0
2020-01-07,10,0,320_RTPV_6,5.1,5.9,0.0,0.0,0.0
2020-01-07,10,0,118_RTPV_7,6.4,7.1,0.0,0.0,0.0
2020-01-07,10,0,118_RTPV_8,6.5,7.2,0.0,0.0,0.0
2020-01-07,10,0,118_RTPV_9,5.6,6.5,0.0,0.0,0.0
2020-01-07,10,0,118_RTPV_10,2.6,3.0,0.0,0.0,0.0
2020-01-07,10,0,213_RTPV_1,7.7,8.4,0.0,0.0,0.0
2020-01-07,10,0,309_WIND_1,66.467,62.867,0.0,0.0,0.0
2020-01-07,10,0,317_WIND_1,339.8725,0.0,0.0,0.0,0.0
2020-01-07,10,0,303_WIND_1,233.425,323.825,0.0,0.0,0.0
2020-01-07,10,0,122_WIND_1,329.6125,334.8125,0.0,0.0,0.0
2020-01-07,10,0,122_WIND_1_PEM,0.0,0.0,374.5875,0.0,0.0
2020-01-07,10,0,303_WIND_1_PEM,0.0,0.0,444.675,0.0,0.0
2020-01-07,10,0,309_WIND_1_PEM,0.0,0.0,75.633,0.0,0.0
2020-01-07,10,0,310_PV_2_PEM,0.0,0.0,26.316,0.0,0.0
2020-01-07,10,0,317_WIND_1_PEM,0.0,0.0,419.5275,0.0,0.0
2020-01-07,10,0,319_PV_1_PEM,0.0,0.0,77.162,0.0,0.0
2020-01-07,10,0,320_PV_1_PEM,0.0,0.0,26.316,0.0,0.0
2020-01-07,10,0,324_PV_1_PEM,0.0,0.0,20.377,0.0,0.0
2020-01-07,10,0,324_PV_2_PEM,0.0,0.0,21.156,0.0,0.0
2020-01-07,10,0,324_PV_3_PEM,0.0,0.0,20.91,0.0,0.0
2020-01-07,11,0,122_HYDRO_1,13.158,12.7,0.0,0.0,0.0
2020-01-07,11,0,122_HYDRO_2,13.158,12.7,0.0,0.0,0.0
2020-01-07,11,0,122_HYDRO_3,13.158,12.7,0.0,0.0,0.0
2020-01-07,11,0,122_HYDRO_4,13.158,12.7,0.0,0.0,0.0
2020-01-07,11,0,122_HYDRO_5,13.158,12.7,0.0,0.0,0.0
2020-01-07,11,0,122_HYDRO_6,13.158,12.7,0.0,0.0,0.0
2020-01-07,11,0,201_HYDRO_4,18.517,18.7,0.0,0.0,0.0
2020-01-07,11,0,215_HYDRO_1,18.517,18.7,0.0,0.0,0.0
2020-01-07,11,0,215_HYDRO_2,18.517,18.7,0.0,0.0,0.0
2020-01-07,11,0,215_HYDRO_3,18.517,18.7,0.0,0.0,0.0
2020-01-07,11,0,222_HYDRO_1,18.517,18.7,0.0,0.0,0.0
2020-01-07,11,0,222_HYDRO_2,18.517,18.7,0.0,0.0,0.0
2020-01-07,11,0,222_HYDRO_3,18.517,18.7,0.0,0.0,0.0
2020-01-07,11,0,222_HYDRO_4,18.517,18.7,0.0,0.0,0.0
2020-01-07,11,0,222_HYDRO_5,18.517,18.7,0.0,0.0,0.0
2020-01-07,11,0,222_HYDRO_6,18.517,18.7,0.0,0.0,0.0
2020-01-07,11,0,322_HYDRO_1,15.033,19.8,0.0,0.0,0.0
2020-01-07,11,0,322_HYDRO_2,15.033,19.8,0.0,0.0,0.0
2020-01-07,11,0,322_HYDRO_3,15.033,19.8,0.0,0.0,0.0
2020-01-07,11,0,322_HYDRO_4,15.033,19.8,0.0,0.0,0.0
2020-01-07,11,0,320_PV_1,8.184,6.984,0.0,0.0,0.0
2020-01-07,11,0,314_PV_1,38.8,33.7,0.0,0.0,0.0
2020-01-07,11,0,314_PV_2,0.0,34.9,35.3,0.0,0.0
2020-01-07,11,0,313_PV_1,0.0,64.1,69.3,0.0,0.0
2020-01-07,11,0,314_PV_3,68.3,66.5,0.0,0.0,0.0
2020-01-07,11,0,314_PV_4,0.0,34.9,32.9,0.0,0.0
2020-01-07,11,0,313_PV_2,0.0,68.7,68.3,0.0,0.0
2020-01-07,11,0,310_PV_1,32.1,33.6,0.0,0.0,0.0
2020-01-07,11,0,324_PV_1,0.0,13.623,14.323,0.0,0.0
2020-01-07,11,0,312_PV_1,0.0,65.0,63.8,0.0,0.0
2020-01-07,11,0,310_PV_2,0.0,7.284,8.784,0.0,0.0
2020-01-07,11,0,324_PV_2,0.0,12.844,12.244,0.0,0.0
2020-01-07,11,0,324_PV_3,16.99,13.09,0.0,0.0,0.0
2020-01-07,11,0,113_PV_1,68.5,67.5,0.0,0.0,0.0
2020-01-07,11,0,319_PV_1,0.0,61.838,49.938,0.0,0.0
2020-01-07,11,0,215_PV_1,84.5,73.587189,0.0,0.0,0.0
2020-01-07,11,0,102_PV_1,20.2,19.3,0.0,0.0,0.0
2020-01-07,11,0,101_PV_1,17.6,0.0,0.0,0.0,0.0
2020-01-07,11,0,102_PV_2,17.3,19.1,0.0,0.0,0.0
2020-01-07,11,0,104_PV_1,17.8,18.2,0.0,0.0,0.0
2020-01-07,11,0,101_PV_2,11.73816,19.0,6.66184,0.0,0.0
2020-01-07,11,0,101_PV_3,18.9,5.045549,0.0,0.0,0.0
2020-01-07,11,0,101_PV_4,18.9,18.2,0.0,0.0,0.0
2020-01-07,11,0,103_PV_1,44.1,45.1,0.0,0.0,0.0
2020-01-07,11,0,119_PV_1,30.8,47.1,0.0,0.0,0.0
2020-01-07,11,0,308_RTPV_1,70.7,69.8,0.0,0.0,0.0
2020-01-07,11,0,313_RTPV_1,72.4,69.8,0.0,0.0,0.0
2020-01-07,11,0,313_RTPV_2,44.5,45.4,0.0,0.0,0.0
2020-01-07,11,0,313_RTPV_3,41.2,44.5,0.0,0.0,0.0
2020-01-07,11,0,313_RTPV_4,37.3,41.9,0.0,0.0,0.0
2020-01-07,11,0,313_RTPV_5,45.6,44.5,0.0,0.0,0.0
2020-01-07,11,0,313_RTPV_6,46.3,43.4,0.0,0.0,0.0
2020-01-07,11,0,313_RTPV_7,40.1,44.9,0.0,0.0,0.0
2020-01-07,11,0,313_RTPV_8,48.3,43.5,0.0,0.0,0.0
2020-01-07,11,0,313_RTPV_9,41.0,44.8,0.0,0.0,0.0
2020-01-07,11,0,313_RTPV_10,45.3,42.9,0.0,0.0,0.0
2020-01-07,11,0,313_RTPV_11,42.6,44.8,0.0,0.0,0.0
2020-01-07,11,0,313_RTPV_12,18.1,19.4,0.0,0.0,0.0
2020-01-07,11,0,320_RTPV_1,17.9,19.4,0.0,0.0,0.0
2020-01-07,11,0,320_RTPV_2,17.0,19.4,0.0,0.0,0.0
2020-01-07,11,0,320_RTPV_3,16.1,19.0,0.0,0.0,0.0
2020-01-07,11,0,313_RTPV_13,18.6,19.0,0.0,0.0,0.0
2020-01-07,11,0,320_RTPV_4,19.3,18.3,0.0,0.0,0.0
2020-01-07,11,0,320_RTPV_5,18.1,19.8,0.0,0.0,0.0
2020-01-07,11,0,118_RTPV_1,6.0,6.2,0.0,0.0,0.0
2020-01-07,11,0,118_RTPV_2,6.0,6.2,0.0,0.0,0.0
2020-01-07,11,0,118_RTPV_3,6.2,6.6,0.0,0.0,0.0
2020-01-07,11,0,118_RTPV_4,6.7,6.4,0.0,0.0,0.0
2020-01-07,11,0,118_RTPV_5,5.9,6.4,0.0,0.0,0.0
2020-01-07,11,0,118_RTPV_6,6.4,6.5,0.0,0.0,0.0
2020-01-07,11,0,320_RTPV_6,5.3,6.6,0.0,0.0,0.0
2020-01-07,11,0,118_RTPV_7,7.6,7.8,0.0,0.0,0.0
2020-01-07,11,0,118_RTPV_8,7.8,7.9,0.0,0.0,0.0
2020-01-07,11,0,118_RTPV_9,6.4,7.0,0.0,0.0,0.0
2020-01-07,11,0,118_RTPV_10,3.2,3.2,0.0,0.0,0.0
2020-01-07,11,0,213_RTPV_1,8.3,9.0,0.0,0.0,0.0
2020-01-07,11,0,309_WIND_1,70.367,66.767,0.0,0.0,0.0
2020-01-07,11,0,317_WIND_1,305.6725,0.0,0.0,0.0,0.0
2020-01-07,11,0,303_WIND_1,281.025,311.725,0.0,0.0,0.0
2020-01-07,11,0,122_WIND_1,326.8125,334.5125,0.0,0.0,0.0
2020-01-07,11,0,122_WIND_1_PEM,0.0,0.0,374.5875,0.0,0.0
2020-01-07,11,0,303_WIND_1_PEM,0.0,0.0,444.675,0.0,0.0
2020-01-07,11,0,309_WIND_1_PEM,0.0,0.0,75.633,0.0,0.0
2020-01-07,11,0,310_PV_2_PEM,0.0,0.0,26.316,0.0,0.0
2020-01-07,11,0,317_WIND_1_PEM,0.0,0.0,419.5275,0.0,0.0
2020-01-07,11,0,319_PV_1_PEM,0.0,0.0,77.162,0.0,0.0
2020-01-07,11,0,320_PV_1_PEM,0.0,0.0,26.316,0.0,0.0
2020-01-07,11,0,324_PV_1_PEM,0.0,0.0,20.377,0.0,0.0
2020-01-07,11,0,324_PV_2_PEM,0.0,0.0,21.156,0.0,0.0
2020-01-07,11,0,324_PV_3_PEM,0.0,0.0,20.91,0.0,0.0
2020-01-07,12,0,122_HYDRO_1,12.7,12.7,0.0,0.0,0.0
2020-01-07,12,0,122_HYDRO_2,12.7,12.7,0.0,0.0,0.0
2020-01-07,12,0,122_HYDRO_3,12.7,12.7,0.0,0.0,0.0
2020-01-07,12,0,122_HYDRO_4,12.7,12.7,0.0,0.0,0.0
2020-01-07,12,0,122_HYDRO_5,12.7,12.7,0.0,0.0,0.0
2020-01-07,12,0,122_HYDRO_6,12.7,12.7,0.0,0.0,0.0
2020-01-07,12,0,201_HYDRO_4,18.683,18.5,0.0,0.0,0.0
2020-01-07,12,0,215_HYDRO_1,18.683,18.5,0.0,0.0,0.0
2020-01-07,12,0,215_HYDRO_2,18.683,18.5,0.0,0.0,0.0
2020-01-07,12,0,215_HYDRO_3,18.683,18.5,0.0,0.0,0.0
2020-01-07,12,0,222_HYDRO_1,18.683,18.5,0.0,0.0,0.0
2020-01-07,12,0,222_HYDRO_2,18.683,18.5,0.0,0.0,0.0
2020-01-07,12,0,222_HYDRO_3,18.683,18.5,0.0,0.0,0.0
2020-01-07,12,0,222_HYDRO_4,18.683,18.5,0.0,0.0,0.0
2020-01-07,12,0,222_HYDRO_5,18.683,18.5,0.0,0.0,0.0
2020-01-07,12,0,222_HYDRO_6,18.683,18.5,0.0,0.0,0.0
2020-01-07,12,0,322_HYDRO_1,19.525,16.5,0.0,0.0,0.0
2020-01-07,12,0,322_HYDRO_2,19.525,16.5,0.0,0.0,0.0
2020-01-07,12,0,322_HYDRO_3,19.525,16.5,0.0,0.0,0.0
2020-01-07,12,0,322_HYDRO_4,19.525,16.5,0.0,0.0,0.0
2020-01-07,12,0,320_PV_1,0.0,7.784,5.984,0.0,0.0
2020-01-07,12,0,314_PV_1,36.1,34.5,0.0,0.0,0.0
2020-01-07,12,0,314_PV_2,0.0,34.9,33.1,0.0,0.0
2020-01-07,12,0,313_PV_1,66.4,65.6,0.0,0.0,0.0
2020-01-07,12,0,314_PV_3,69.1,66.7,0.0,0.0,0.0
2020-01-07,12,0,314_PV_4,0.0,34.9,30.6,0.0,0.0
2020-01-07,12,0,313_PV_2,0.0,67.4,67.9,0.0,0.0
2020-01-07,12,0,310_PV_1,32.8,34.5,0.0,0.0,0.0
2020-01-07,12,0,324_PV_1,0.0,13.623,13.223,0.0,0.0
2020-01-07,12,0,312_PV_1,0.0,66.8,66.0,0.0,0.0
2020-01-07,12,0,310_PV_2,0.0,8.184,7.784,0.0,0.0
2020-01-07,12,0,324_PV_2,0.0,13.044,10.744,0.0,0.0
2020-01-07,12,0,324_PV_3,0.0,13.29,15.09,0.0,0.0
2020-01-07,12,0,113_PV_1,64.4,66.5,0.0,0.0,0.0
2020-01-07,12,0,319_PV_1,0.0,59.038,61.838,0.0,0.0
2020-01-07,12,0,215_PV_1,82.8,84.3,0.0,0.0,0.0
2020-01-07,12,0,102_PV_1,20.2,0.0,0.0,0.0,0.0
2020-01-07,12,0,101_PV_1,0.0,17.8,16.2,0.0,0.0
2020-01-07,12,0,102_PV_2,17.0,0.0,0.0,0.0,0.0
2020-01-07,12,0,104_PV_1,18.0,17.8,0.0,0.0,0.0
2020-01-07,12,0,101_PV_2,12.685342,18.7,7.214658,0.0,0.0
2020-01-07,12,0,101_PV_3,19.6,18.3,0.0,0.0,0.0
2020-01-07,12,0,101_PV_4,18.9,18.8,0.0,0.0,0.0
2020-01-07,12,0,103_PV_1,43.8,45.8,0.0,0.0,0.0
2020-01-07,12,0,119_PV_1,32.9,46.1,0.0,0.0,0.0
2020-01-07,12,0,308_RTPV_1,72.9,71.1,0.0,0.0,0.0
2020-01-07,12,0,313_RTPV_1,72.4,71.1,0.0,0.0,0.0
2020-01-07,12,0,313_RTPV_2,44.1,44.1,0.0,0.0,0.0
2020-01-07,12,0,313_RTPV_3,37.2,44.6,0.0,0.0,0.0
2020-01-07,12,0,313_RTPV_4,39.2,42.3,0.0,0.0,0.0
2020-01-07,12,0,313_RTPV_5,47.9,43.2,0.0,0.0,0.0
2020-01-07,12,0,313_RTPV_6,46.6,42.0,0.0,0.0,0.0
2020-01-07,12,0,313_RTPV_7,40.9,43.8,0.0,0.0,0.0
2020-01-07,12,0,313_RTPV_8,49.1,42.2,0.0,0.0,0.0
2020-01-07,12,0,313_RTPV_9,42.0,43.7,0.0,0.0,0.0
2020-01-07,12,0,313_RTPV_10,45.0,43.8,0.0,0.0,0.0
2020-01-07,12,0,313_RTPV_11,39.6,45.8,0.0,0.0,0.0
2020-01-07,12,0,313_RTPV_12,19.4,19.0,0.0,0.0,0.0
2020-01-07,12,0,320_RTPV_1,18.9,19.0,0.0,0.0,0.0
2020-01-07,12,0,320_RTPV_2,18.6,19.0,0.0,0.0,0.0
2020-01-07,12,0,320_RTPV_3,18.1,18.6,0.0,0.0,0.0
2020-01-07,12,0,313_RTPV_13,18.8,18.3,0.0,0.0,0.0
2020-01-07,12,0,320_RTPV_4,19.3,18.7,0.0,0.0,0.0
2020-01-07,12,0,320_RTPV_5,19.2,19.0,0.0,0.0,0.0
2020-01-07,12,0,118_RTPV_1,5.9,6.1,0.0,0.0,0.0
2020-01-07,12,0,118_RTPV_2,6.4,6.1,0.0,0.0,0.0
2020-01-07,12,0,118_RTPV_3,6.6,6.5,0.0,0.0,0.0
2020-01-07,12,0,118_RTPV_4,7.3,6.3,0.0,0.0,0.0
2020-01-07,12,0,118_RTPV_5,6.2,6.3,0.0,0.0,0.0
2020-01-07,12,0,118_RTPV_6,6.3,6.4,0.0,0.0,0.0
2020-01-07,12,0,320_RTPV_6,5.9,6.4,0.0,0.0,0.0
2020-01-07,12,0,118_RTPV_7,8.2,7.6,0.0,0.0,0.0
2020-01-07,12,0,118_RTPV_8,8.4,7.7,0.0,0.0,0.0
2020-01-07,12,0,118_RTPV_9,6.7,6.9,0.0,0.0,0.0
2020-01-07,12,0,118_RTPV_10,3.4,3.2,0.0,0.0,0.0
2020-01-07,12,0,213_RTPV_1,8.4,8.7,0.0,0.0,0.0
2020-01-07,12,0,309_WIND_1,69.467,71.167,0.0,0.0,0.0
2020-01-07,12,0,317_WIND_1,330.7725,1.957425,0.0,0.0,0.0
2020-01-07,12,0,303_WIND_1,259.225,312.925,0.0,0.0,0.0
2020-01-07,12,0,122_WIND_1,323.6125,331.3125,0.0,0.0,0.0
2020-01-07,12,0,122_WIND_1_PEM,0.0,0.0,374.5875,0.0,0.0
2020-01-07,12,0,303_WIND_1_PEM,0.0,0.0,444.675,0.0,0.0
2020-01-07,12,0,309_WIND_1_PEM,0.0,0.0,75.633,0.0,0.0
2020-01-07,12,0,310_PV_2_PEM,0.0,0.0,26.316,0.0,0.0
2020-01-07,12,0,317_WIND_1_PEM,0.0,0.0,419.5275,0.0,0.0
2020-01-07,12,0,319_PV_1_PEM,0.0,0.0,77.162,0.0,0.0
2020-01-07,12,0,320_PV_1_PEM,0.0,0.0,26.316,0.0,0.0
2020-01-07,12,0,324_PV_1_PEM,0.0,0.0,20.377,0.0,0.0
2020-01-07,12,0,324_PV_2_PEM,0.0,0.0,21.156,0.0,0.0
2020-01-07,12,0,324_PV_3_PEM,0.0,0.0,20.91,0.0,0.0
2020-01-07,13,0,122_HYDRO_1,12.742,13.2,0.0,0.0,0.0
2020-01-07,13,0,122_HYDRO_2,12.742,13.2,0.0,0.0,0.0
2020-01-07,13,0,122_HYDRO_3,12.742,13.2,0.0,0.0,0.0
2020-01-07,13,0,122_HYDRO_4,12.742,13.2,0.0,0.0,0.0
2020-01-07,13,0,122_HYDRO_5,12.742,13.2,0.0,0.0,0.0
2020-01-07,13,0,122_HYDRO_6,12.742,13.2,0.0,0.0,0.0
2020-01-07,13,0,201_HYDRO_4,18.517,18.7,0.0,0.0,0.0
2020-01-07,13,0,215_HYDRO_1,18.517,18.7,0.0,0.0,0.0
2020-01-07,13,0,215_HYDRO_2,18.517,18.7,0.0,0.0,0.0
2020-01-07,13,0,215_HYDRO_3,18.517,18.7,0.0,0.0,0.0
2020-01-07,13,0,222_HYDRO_1,18.517,18.7,0.0,0.0,0.0
2020-01-07,13,0,222_HYDRO_2,18.517,18.7,0.0,0.0,0.0
2020-01-07,13,0,222_HYDRO_3,18.517,18.7,0.0,0.0,0.0
2020-01-07,13,0,222_HYDRO_4,18.517,18.7,0.0,0.0,0.0
2020-01-07,13,0,222_HYDRO_5,18.517,18.7,0.0,0.0,0.0
2020-01-07,13,0,222_HYDRO_6,18.517,18.7,0.0,0.0,0.0
2020-01-07,13,0,322_HYDRO_1,17.017,22.7,0.0,0.0,0.0
2020-01-07,13,0,322_HYDRO_2,17.017,22.7,0.0,0.0,0.0
2020-01-07,13,0,322_HYDRO_3,17.017,22.7,0.0,0.0,0.0
2020-01-07,13,0,322_HYDRO_4,17.017,22.7,0.0,0.0,0.0
2020-01-07,13,0,320_PV_1,7.484,6.984,0.0,0.0,0.0
2020-01-07,13,0,314_PV_1,38.6,33.6,0.0,0.0,0.0
2020-01-07,13,0,314_PV_2,0.0,33.4,30.0,0.0,0.0
2020-01-07,13,0,313_PV_1,0.0,62.7,68.6,0.0,0.0
2020-01-07,13,0,314_PV_3,68.4,62.9,0.0,0.0,0.0
2020-01-07,13,0,314_PV_4,0.0,33.4,32.6,0.0,0.0
2020-01-07,13,0,313_PV_2,0.0,63.4,67.4,0.0,0.0
2020-01-07,13,0,310_PV_1,33.4,33.5,0.0,0.0,0.0
2020-01-07,13,0,324_PV_1,0.0,12.223,15.423,0.0,0.0
2020-01-07,13,0,312_PV_1,0.0,62.7,69.3,0.0,0.0
2020-01-07,13,0,310_PV_2,9.884,7.184,0.0,0.0,0.0
2020-01-07,13,0,324_PV_2,0.0,11.644,11.044,0.0,0.0
2020-01-07,13,0,324_PV_3,0.0,11.89,16.49,0.0,0.0
2020-01-07,13,0,113_PV_1,63.8,65.2,0.0,0.0,0.0
2020-01-07,13,0,319_PV_1,0.0,49.738,59.638,0.0,0.0
2020-01-07,13,0,215_PV_1,86.3,82.5,0.0,0.0,0.0
2020-01-07,13,0,102_PV_1,19.9,18.2,0.0,0.0,0.0
2020-01-07,13,0,101_PV_1,0.0,17.2,18.2,0.0,0.0
2020-01-07,13,0,102_PV_2,16.3,18.0,0.0,0.0,0.0
2020-01-07,13,0,104_PV_1,17.7,17.2,0.0,0.0,0.0
2020-01-07,13,0,101_PV_2,16.679649,18.0,2.720351,0.0,0.0
2020-01-07,13,0,101_PV_3,19.3,17.6,0.0,0.0,0.0
2020-01-07,13,0,101_PV_4,20.1,18.2,0.0,0.0,0.0
2020-01-07,13,0,103_PV_1,42.9,40.5,0.0,0.0,0.0
2020-01-07,13,0,119_PV_1,30.6,41.6,0.0,0.0,0.0
2020-01-07,13,0,308_RTPV_1,73.4,62.9,0.0,0.0,0.0
2020-01-07,13,0,313_RTPV_1,71.6,62.8,0.0,0.0,0.0
2020-01-07,13,0,313_RTPV_2,39.6,39.6,0.0,0.0,0.0
2020-01-07,13,0,313_RTPV_3,37.1,40.1,0.0,0.0,0.0
2020-01-07,13,0,313_RTPV_4,38.3,38.7,0.0,0.0,0.0
2020-01-07,13,0,313_RTPV_5,44.8,38.8,0.0,0.0,0.0
2020-01-07,13,0,313_RTPV_6,42.4,40.0,0.0,0.0,0.0
2020-01-07,13,0,313_RTPV_7,40.3,39.6,0.0,0.0,0.0
2020-01-07,13,0,313_RTPV_8,46.3,40.0,0.0,0.0,0.0
2020-01-07,13,0,313_RTPV_9,38.8,39.5,0.0,0.0,0.0
2020-01-07,13,0,313_RTPV_10,45.5,39.9,0.0,0.0,0.0
2020-01-07,13,0,313_RTPV_11,39.4,41.8,0.0,0.0,0.0
2020-01-07,13,0,313_RTPV_12,17.1,17.0,0.0,0.0,0.0
2020-01-07,13,0,320_RTPV_1,16.7,16.9,0.0,0.0,0.0
2020-01-07,13,0,320_RTPV_2,17.8,16.9,0.0,0.0,0.0
2020-01-07,13,0,320_RTPV_3,17.2,16.7,0.0,0.0,0.0
2020-01-07,13,0,313_RTPV_13,17.7,16.7,0.0,0.0,0.0
2020-01-07,13,0,320_RTPV_4,19.1,17.0,0.0,0.0,0.0
2020-01-07,13,0,320_RTPV_5,18.3,17.3,0.0,0.0,0.0
2020-01-07,13,0,118_RTPV_1,5.8,5.5,0.0,0.0,0.0
2020-01-07,13,0,118_RTPV_2,5.9,5.5,0.0,0.0,0.0
2020-01-07,13,0,118_RTPV_3,6.0,5.9,0.0,0.0,0.0
2020-01-07,13,0,118_RTPV_4,6.9,5.6,0.0,0.0,0.0
2020-01-07,13,0,118_RTPV_5,6.1,5.6,0.0,0.0,0.0
2020-01-07,13,0,118_RTPV_6,6.1,5.7,0.0,0.0,0.0
2020-01-07,13,0,320_RTPV_6,5.8,5.8,0.0,0.0,0.0
2020-01-07,13,0,118_RTPV_7,8.0,6.8,0.0,0.0,0.0
2020-01-07,13,0,118_RTPV_8,7.9,6.9,0.0,0.0,0.0
2020-01-07,13,0,118_RTPV_9,6.7,6.2,0.0,0.0,0.0
2020-01-07,13,0,118_RTPV_10,3.1,2.8,0.0,0.0,0.0
2020-01-07,13,0,213_RTPV_1,7.6,7.5,0.0,0.0,0.0
2020-01-07,13,0,309_WIND_1,68.367,70.567,0.0,0.0,0.0
2020-01-07,13,0,317_WIND_1,350.1725,39.932497,0.0,0.0,0.0
2020-01-07,13,0,303_WIND_1,284.125,301.725,0.0,0.0,0.0
2020-01-07,13,0,122_WIND_1,327.3125,329.8125,0.0,0.0,0.0
2020-01-07,13,0,122_WIND_1_PEM,0.0,0.0,374.5875,0.0,0.0
2020-01-07,13,0,303_WIND_1_PEM,0.0,0.0,444.675,0.0,0.0
2020-01-07,13,0,309_WIND_1_PEM,0.0,0.0,75.633,0.0,0.0
2020-01-07,13,0,310_PV_2_PEM,0.0,0.0,26.316,0.0,0.0
2020-01-07,13,0,317_WIND_1_PEM,0.0,0.0,419.5275,0.0,0.0
2020-01-07,13,0,319_PV_1_PEM,0.0,0.0,77.162,0.0,0.0
2020-01-07,13,0,320_PV_1_PEM,0.0,0.0,26.316,0.0,0.0
2020-01-07,13,0,324_PV_1_PEM,0.0,0.0,20.377,0.0,0.0
2020-01-07,13,0,324_PV_2_PEM,0.0,0.0,21.156,0.0,0.0
2020-01-07,13,0,324_PV_3_PEM,0.0,0.0,20.91,0.0,0.0
2020-01-07,14,0,122_HYDRO_1,13.158,12.7,0.0,0.0,0.0
2020-01-07,14,0,122_HYDRO_2,13.158,12.7,0.0,0.0,0.0
2020-01-07,14,0,122_HYDRO_3,13.158,12.7,0.0,0.0,0.0
2020-01-07,14,0,122_HYDRO_4,13.158,12.7,0.0,0.0,0.0
2020-01-07,14,0,122_HYDRO_5,13.158,12.7,0.0,0.0,0.0
2020-01-07,14,0,122_HYDRO_6,13.158,12.7,0.0,0.0,0.0
2020-01-07,14,0,201_HYDRO_4,18.7,18.7,0.0,0.0,0.0
2020-01-07,14,0,215_HYDRO_1,18.7,18.7,0.0,0.0,0.0
2020-01-07,14,0,215_HYDRO_2,18.7,18.7,0.0,0.0,0.0
2020-01-07,14,0,215_HYDRO_3,18.7,18.7,0.0,0.0,0.0
2020-01-07,14,0,222_HYDRO_1,18.7,18.7,0.0,0.0,0.0
2020-01-07,14,0,222_HYDRO_2,18.7,18.7,0.0,0.0,0.0
2020-01-07,14,0,222_HYDRO_3,18.7,18.7,0.0,0.0,0.0
2020-01-07,14,0,222_HYDRO_4,18.7,18.7,0.0,0.0,0.0
2020-01-07,14,0,222_HYDRO_5,18.7,18.7,0.0,0.0,0.0
2020-01-07,14,0,222_HYDRO_6,18.7,18.7,0.0,0.0,0.0
2020-01-07,14,0,322_HYDRO_1,22.333,18.3,0.0,0.0,0.0
2020-01-07,14,0,322_HYDRO_2,22.333,18.3,0.0,0.0,0.0
2020-01-07,14,0,322_HYDRO_3,22.333,18.3,0.0,0.0,0.0
2020-01-07,14,0,322_HYDRO_4,22.333,18.3,0.0,0.0,0.0
2020-01-07,14,0,320_PV_1,7.184,4.784,0.0,0.0,0.0
2020-01-07,14,0,314_PV_1,36.7,31.5,0.0,0.0,0.0
2020-01-07,14,0,314_PV_2,0.0,32.2,31.2,0.0,0.0
2020-01-07,14,0,313_PV_1,62.4,54.4,0.0,0.0,0.0
2020-01-07,14,0,314_PV_3,62.7,54.9,0.0,0.0,0.0
2020-01-07,14,0,314_PV_4,0.0,32.2,26.4,0.0,0.0
2020-01-07,14,0,313_PV_2,0.0,55.2,60.1,0.0,0.0
2020-01-07,14,0,310_PV_1,33.7,31.8,0.0,0.0,0.0
2020-01-07,14,0,324_PV_1,0.0,10.923,13.623,0.0,0.0
2020-01-07,14,0,312_PV_1,0.0,55.4,63.2,0.0,0.0
2020-01-07,14,0,310_PV_2,0.0,5.484,9.084,0.0,0.0
2020-01-07,14,0,324_PV_2,0.0,10.244,9.344,0.0,0.0
2020-01-07,14,0,324_PV_3,15.39,10.49,0.0,0.0,0.0
2020-01-07,14,0,113_PV_1,62.8,59.7,0.0,0.0,0.0
2020-01-07,14,0,319_PV_1,0.0,41.238,54.038,0.0,0.0
2020-01-07,14,0,215_PV_1,85.3,75.9,0.0,0.0,0.0
2020-01-07,14,0,102_PV_1,19.1,16.8,0.0,0.0,0.0
2020-01-07,14,0,101_PV_1,0.0,15.6,17.2,0.0,0.0
2020-01-07,14,0,102_PV_2,16.4,16.6,0.0,0.0,0.0
2020-01-07,14,0,104_PV_1,17.6,15.7,0.0,0.0,0.0
2020-01-07,14,0,101_PV_2,12.351987,16.6,6.148013,0.0,0.0
2020-01-07,14,0,101_PV_3,18.9,16.3,0.0,0.0,0.0
2020-01-07,14,0,101_PV_4,19.5,16.7,0.0,0.0,0.0
2020-01-07,14,0,103_PV_1,39.0,31.0,0.0,0.0,0.0
2020-01-07,14,0,119_PV_1,26.5,31.6,0.0,0.0,0.0
2020-01-07,14,0,308_RTPV_1,61.8,48.3,0.0,0.0,0.0
2020-01-07,14,0,313_RTPV_1,58.2,48.3,0.0,0.0,0.0
2020-01-07,14,0,313_RTPV_2,33.8,30.2,0.0,0.0,0.0
2020-01-07,14,0,313_RTPV_3,36.1,30.3,0.0,0.0,0.0
2020-01-07,14,0,313_RTPV_4,33.7,29.4,0.0,0.0,0.0
2020-01-07,14,0,313_RTPV_5,38.9,29.5,0.0,0.0,0.0
2020-01-07,14,0,313_RTPV_6,38.7,31.0,0.0,0.0,0.0
2020-01-07,14,0,313_RTPV_7,35.4,31.2,0.0,0.0,0.0
2020-01-07,14,0,313_RTPV_8,42.0,30.8,0.0,0.0,0.0
2020-01-07,14,0,313_RTPV_9,34.8,31.2,0.0,0.0,0.0
2020-01-07,14,0,313_RTPV_10,39.7,31.0,0.0,0.0,0.0
2020-01-07,14,0,313_RTPV_11,33.4,32.3,0.0,0.0,0.0
2020-01-07,14,0,313_RTPV_12,14.2,13.4,0.0,0.0,0.0
2020-01-07,14,0,320_RTPV_1,14.2,13.4,0.0,0.0,0.0
2020-01-07,14,0,320_RTPV_2,15.7,13.4,0.0,0.0,0.0
2020-01-07,14,0,320_RTPV_3,15.2,13.1,0.0,0.0,0.0
2020-01-07,14,0,313_RTPV_13,16.3,13.4,0.0,0.0,0.0
2020-01-07,14,0,320_RTPV_4,15.6,13.2,0.0,0.0,0.0
2020-01-07,14,0,320_RTPV_5,16.2,13.8,0.0,0.0,0.0
2020-01-07,14,0,118_RTPV_1,5.2,4.1,0.0,0.0,0.0
2020-01-07,14,0,118_RTPV_2,5.2,4.1,0.0,0.0,0.0
2020-01-07,14,0,118_RTPV_3,5.5,4.4,0.0,0.0,0.0
2020-01-07,14,0,118_RTPV_4,6.2,4.2,0.0,0.0,0.0
2020-01-07,14,0,118_RTPV_5,5.0,4.3,0.0,0.0,0.0
2020-01-07,14,0,118_RTPV_6,5.5,4.3,0.0,0.0,0.0
2020-01-07,14,0,320_RTPV_6,5.0,4.4,0.0,0.0,0.0
2020-01-07,14,0,118_RTPV_7,6.9,5.2,0.0,0.0,0.0
2020-01-07,14,0,118_RTPV_8,6.4,5.2,0.0,0.0,0.0
2020-01-07,14,0,118_RTPV_9,5.8,4.6,0.0,0.0,0.0
2020-01-07,14,0,118_RTPV_10,2.7,2.2,0.0,0.0,0.0
2020-01-07,14,0,213_RTPV_1,6.1,5.6,0.0,0.0,0.0
2020-01-07,14,0,309_WIND_1,67.567,68.467,0.0,0.0,0.0
2020-01-07,14,0,317_WIND_1,348.3725,369.2725,0.0,0.0,0.0
2020-01-07,14,0,303_WIND_1,301.425,331.825,0.0,0.0,0.0
2020-01-07,14,0,122_WIND_1,322.1125,241.576249,0.0,0.0,0.0
2020-01-07,14,0,122_WIND_1_PEM,0.0,0.0,374.5875,0.0,0.0
2020-01-07,14,0,303_WIND_1_PEM,0.0,0.0,444.675,0.0,0.0
2020-01-07,14,0,309_WIND_1_PEM,0.0,0.0,75.633,0.0,0.0
2020-01-07,14,0,310_PV_2_PEM,0.0,0.0,26.316,0.0,0.0
2020-01-07,14,0,317_WIND_1_PEM,0.0,0.0,419.5275,0.0,0.0
2020-01-07,14,0,319_PV_1_PEM,0.0,0.0,77.162,0.0,0.0
2020-01-07,14,0,320_PV_1_PEM,0.0,0.0,26.316,0.0,0.0
2020-01-07,14,0,324_PV_1_PEM,0.0,0.0,20.377,0.0,0.0
2020-01-07,14,0,324_PV_2_PEM,0.0,0.0,21.156,0.0,0.0
2020-01-07,14,0,324_PV_3_PEM,0.0,0.0,20.91,0.0,0.0
2020-01-07,15,0,122_HYDRO_1,12.742,13.2,0.0,261.759395,0.0
2020-01-07,15,0,122_HYDRO_2,12.742,13.2,0.0,261.759395,0.0
2020-01-07,15,0,122_HYDRO_3,12.742,13.2,0.0,261.759395,0.0
2020-01-07,15,0,122_HYDRO_4,12.742,13.2,0.0,261.759395,0.0
2020-01-07,15,0,122_HYDRO_5,12.742,13.2,0.0,261.759395,0.0
2020-01-07,15,0,122_HYDRO_6,12.742,13.2,0.0,261.759395,0.0
2020-01-07,15,0,201_HYDRO_4,18.7,18.7,0.0,381.837125,0.0
2020-01-07,15,0,215_HYDRO_1,18.7,18.7,0.0,381.837125,0.0
2020-01-07,15,0,215_HYDRO_2,18.7,18.7,0.0,381.837125,0.0
2020-01-07,15,0,215_HYDRO_3,18.7,18.7,0.0,381.837125,0.0
2020-01-07,15,0,222_HYDRO_1,18.7,18.7,0.0,381.837125,0.0
2020-01-07,15,0,222_HYDRO_2,18.7,18.7,0.0,381.837125,0.0
2020-01-07,15,0,222_HYDRO_3,18.7,18.7,0.0,381.837125,0.0
2020-01-07,15,0,222_HYDRO_4,18.7,18.7,0.0,381.837125,0.0
2020-01-07,15,0,222_HYDRO_5,18.7,18.7,0.0,381.837125,0.0
2020-01-07,15,0,222_HYDRO_6,18.7,18.7,0.0,381.837125,0.0
2020-01-07,15,0,322_HYDRO_1,18.708,23.2,0.0,397.489571,0.0
2020-01-07,15,0,322_HYDRO_2,18.708,23.2,0.0,397.489571,0.0
2020-01-07,15,0,322_HYDRO_3,18.708,23.2,0.0,397.489571,0.0
2020-01-07,15,0,322_HYDRO_4,18.708,23.2,0.0,397.489571,0.0
2020-01-07,15,0,320_PV_1,6.584,0.0,0.0,111.736715,0.0
2020-01-07,15,0,314_PV_1,34.2,22.2,0.0,656.955331,0.0
2020-01-07,15,0,314_PV_2,28.8,23.8,0.0,570.829258,0.0
2020-01-07,15,0,313_PV_1,54.5,33.2,0.0,1039.395211,0.0
2020-01-07,15,0,314_PV_3,51.1,35.1,0.0,988.245478,0.0
2020-01-07,15,0,314_PV_4,33.4,23.8,0.0,648.895614,0.0
2020-01-07,15,0,313_PV_2,56.2,35.2,0.0,1075.142122,0.0
2020-01-07,15,0,310_PV_1,33.6,22.3,0.0,647.117578,0.0
2020-01-07,15,0,324_PV_1,13.523,2.823,0.0,239.232245,0.0
2020-01-07,15,0,312_PV_1,54.8,34.9,0.0,1050.348352,0.0
2020-01-07,15,0,310_PV_2,8.584,0.0,0.0,145.678609,0.0
2020-01-07,15,0,324_PV_2,8.144,1.344,0.0,142.845707,0.0
2020-01-07,15,0,324_PV_3,14.59,1.59,0.0,253.088676,0.0
2020-01-07,15,0,113_PV_1,62.7,35.4,0.0,1186.142908,0.0
2020-01-07,15,0,319_PV_1,51.538,4.038,0.0,888.572298,0.0
2020-01-07,15,0,215_PV_1,80.2,46.7,0.0,1522.098582,0.0
2020-01-07,15,0,102_PV_1,16.7,10.9,0.0,320.999656,0.0
2020-01-07,15,0,101_PV_1,16.8,10.4,0.0,320.972676,0.0
2020-01-07,15,0,102_PV_2,16.4,10.9,0.0,315.908372,0.0
2020-01-07,15,0,104_PV_1,15.8,10.9,0.0,305.725804,0.0
2020-01-07,15,0,101_PV_2,18.0,10.8,0.0,342.717072,0.0
2020-01-07,15,0,101_PV_3,17.1,10.6,0.0,326.75359,0.0
2020-01-07,15,0,101_PV_4,16.6,11.0,0.0,319.647377,0.0
2020-01-07,15,0,103_PV_1,28.7,13.9,0.0,534.995472,0.0
2020-01-07,15,0,119_PV_1,18.2,16.1,0.0,364.38646,0.0
2020-01-07,15,0,308_RTPV_1,43.9,25.8,0.0,833.986859,0.0
2020-01-07,15,0,313_RTPV_1,39.8,25.8,0.0,764.405976,0.0
2020-01-07,15,0,313_RTPV_2,22.1,16.5,0.0,431.952414,0.0
2020-01-07,15,0,313_RTPV_3,23.9,16.2,0.0,461.465673,0.0
2020-01-07,15,0,313_RTPV_4,24.0,15.5,0.0,460.749062,0.0
2020-01-07,15,0,313_RTPV_5,25.6,15.9,0.0,489.281838,0.0
2020-01-07,15,0,313_RTPV_6,27.4,16.3,0.0,521.208803,0.0
2020-01-07,15,0,313_RTPV_7,27.6,16.8,0.0,526.327067,0.0
2020-01-07,15,0,313_RTPV_8,31.2,15.5,0.0,582.939881,0.0
2020-01-07,15,0,313_RTPV_9,26.3,16.8,0.0,504.264836,0.0
2020-01-07,15,0,313_RTPV_10,27.6,16.9,0.0,526.671882,0.0
2020-01-07,15,0,313_RTPV_11,25.0,16.1,0.0,479.7889,0.0
2020-01-07,15,0,313_RTPV_12,10.6,7.0,0.0,204.029092,0.0
2020-01-07,15,0,320_RTPV_1,9.8,7.0,0.0,190.452335,0.0
2020-01-07,15,0,320_RTPV_2,12.2,6.9,0.0,230.837793,0.0
2020-01-07,15,0,320_RTPV_3,11.3,6.5,0.0,214.18468,0.0
2020-01-07,15,0,313_RTPV_13,12.5,6.8,0.0,235.584262,0.0
2020-01-07,15,0,320_RTPV_4,11.2,6.5,0.0,212.487585,0.0
2020-01-07,15,0,320_RTPV_5,11.9,6.9,0.0,225.746508,0.0
2020-01-07,15,0,118_RTPV_1,3.6,2.1,0.0,68.336525,0.0
2020-01-07,15,0,118_RTPV_2,3.5,2.1,0.0,66.639431,0.0
2020-01-07,15,0,118_RTPV_3,3.7,2.1,0.0,70.03362,0.0
2020-01-07,15,0,118_RTPV_4,4.3,2.1,0.0,80.216188,0.0
2020-01-07,15,0,118_RTPV_5,3.4,2.2,0.0,65.287151,0.0
2020-01-07,15,0,118_RTPV_6,3.8,2.1,0.0,71.730715,0.0
2020-01-07,15,0,320_RTPV_6,3.6,2.1,0.0,68.336525,0.0
2020-01-07,15,0,118_RTPV_7,4.8,3.0,0.0,91.804997,0.0
2020-01-07,15,0,118_RTPV_8,4.4,2.9,0.0,84.671804,0.0
2020-01-07,15,0,118_RTPV_9,3.8,2.6,0.0,73.45479,0.0
2020-01-07,15,0,118_RTPV_10,1.8,1.2,0.0,34.685485,0.0
2020-01-07,15,0,213_RTPV_1,4.1,2.4,0.0,77.856444,0.0
2020-01-07,15,0,309_WIND_1,67.267,70.567,0.0,1384.910335,0.0
2020-01-07,15,0,317_WIND_1,299.9725,367.4725,0.0,6357.917922,0.0
2020-01-07,15,0,303_WIND_1,310.125,354.125,0.0,6484.191271,0.0
2020-01-07,15,0,122_WIND_1,264.7125,334.8125,0.0,5646.905732,0.0
2020-01-07,15,0,122_WIND_1_PEM,0.0,0.0,374.5875,0.0,0.0
2020-01-07,15,0,303_WIND_1_PEM,0.0,0.0,444.675,0.0,0.0
2020-01-07,15,0,309_WIND_1_PEM,0.0,0.0,75.633,0.0,0.0
2020-01-07,15,0,310_PV_2_PEM,0.0,0.0,26.316,0.0,0.0
2020-01-07,15,0,317_WIND_1_PEM,0.0,0.0,419.5275,0.0,0.0
2020-01-07,15,0,319_PV_1_PEM,0.0,0.0,77.162,0.0,0.0
2020-01-07,15,0,320_PV_1_PEM,0.0,0.0,26.316,0.0,0.0
2020-01-07,15,0,324_PV_1_PEM,0.0,0.0,20.377,0.0,0.0
2020-01-07,15,0,324_PV_2_PEM,0.0,0.0,21.156,0.0,0.0
2020-01-07,15,0,324_PV_3_PEM,0.0,0.0,20.91,0.0,0.0
2020-01-07,16,0,122_HYDRO_1,14.183,25.0,0.0,381.443714,0.0
2020-01-07,16,0,122_HYDRO_2,14.183,25.0,0.0,381.443714,0.0
2020-01-07,16,0,122_HYDRO_3,14.183,25.0,0.0,381.443714,0.0
2020-01-07,16,0,122_HYDRO_4,14.183,25.0,0.0,381.443714,0.0
2020-01-07,16,0,122_HYDRO_5,14.183,25.0,0.0,381.443714,0.0
2020-01-07,16,0,122_HYDRO_6,14.183,25.0,0.0,381.443714,0.0
2020-01-07,16,0,201_HYDRO_4,18.7,18.7,0.0,467.5,0.0
2020-01-07,16,0,215_HYDRO_1,18.7,18.7,0.0,467.5,0.0
2020-01-07,16,0,215_HYDRO_2,18.7,18.7,0.0,467.5,0.0
2020-01-07,16,0,215_HYDRO_3,18.7,18.7,0.0,467.5,0.0
2020-01-07,16,0,222_HYDRO_1,18.7,18.7,0.0,467.5,0.0
2020-01-07,16,0,222_HYDRO_2,18.7,18.7,0.0,467.5,0.0
2020-01-07,16,0,222_HYDRO_3,18.7,18.7,0.0,467.5,0.0
2020-01-07,16,0,222_HYDRO_4,18.7,18.7,0.0,467.5,0.0
2020-01-07,16,0,222_HYDRO_5,18.7,18.7,0.0,467.5,0.0
2020-01-07,16,0,222_HYDRO_6,18.7,18.7,0.0,467.5,0.0
2020-01-07,16,0,322_HYDRO_1,22.8,18.4,0.0,559.070691,0.0
2020-01-07,16,0,322_HYDRO_2,22.8,18.4,0.0,559.070691,0.0
2020-01-07,16,0,322_HYDRO_3,22.8,18.4,0.0,559.070691,0.0
2020-01-07,16,0,322_HYDRO_4,22.8,18.4,0.0,559.070691,0.0
2020-01-07,16,0,320_PV_1,0.0,0.0,0.0,0.0,0.0
2020-01-07,16,0,314_PV_1,22.1,0.0,0.0,497.605059,0.0
2020-01-07,16,0,314_PV_2,11.8,0.0,0.0,265.689579,0.0
2020-01-07,16,0,313_PV_1,29.9,0.0,0.0,673.230375,0.0
2020-01-07,16,0,314_PV_3,28.4,0.0,0.0,639.456276,0.0
2020-01-07,16,0,314_PV_4,20.6,0.0,0.0,463.83096,0.0
2020-01-07,16,0,313_PV_2,33.3,0.0,0.0,749.784999,0.0
2020-01-07,16,0,310_PV_1,21.8,0.0,0.0,490.85024,0.0
2020-01-07,16,0,324_PV_1,0.123,0.0,0.0,2.769476,0.0
2020-01-07,16,0,312_PV_1,28.6,0.0,0.0,643.959489,0.0
2020-01-07,16,0,310_PV_2,0.0,0.0,0.0,0.0,0.0
2020-01-07,16,0,324_PV_2,0.0,0.0,0.0,0.0,0.0
2020-01-07,16,0,324_PV_3,2.19,0.0,0.0,49.310185,0.0
2020-01-07,16,0,113_PV_1,27.6,0.0,0.0,621.443423,0.0
2020-01-07,16,0,319_PV_1,4.938,0.0,0.0,111.184334,0.0
2020-01-07,16,0,215_PV_1,45.9,0.0,0.0,1033.487431,0.0
2020-01-07,16,0,102_PV_1,6.8,0.0,0.0,153.109249,0.0
2020-01-07,16,0,101_PV_1,9.8,0.0,0.0,220.657447,0.0
2020-01-07,16,0,102_PV_2,10.0,0.0,0.0,225.16066,0.0
2020-01-07,16,0,104_PV_1,7.2,0.0,0.0,162.115675,0.0
2020-01-07,16,0,101_PV_2,11.0,0.0,0.0,247.676726,0.0
2020-01-07,16,0,101_PV_3,7.8,0.0,0.0,175.625315,0.0
2020-01-07,16,0,101_PV_4,7.6,0.0,0.0,171.122102,0.0
2020-01-07,16,0,103_PV_1,9.3,0.0,0.0,209.399414,0.0
2020-01-07,16,0,119_PV_1,3.2,0.0,0.0,72.051411,0.0
2020-01-07,16,0,308_RTPV_1,18.2,0.0,0.0,409.792402,0.0
2020-01-07,16,0,313_RTPV_1,15.1,0.0,0.0,339.992597,0.0
2020-01-07,16,0,313_RTPV_2,8.9,0.0,0.0,200.392988,0.0
2020-01-07,16,0,313_RTPV_3,9.2,0.0,0.0,207.147808,0.0
2020-01-07,16,0,313_RTPV_4,9.5,0.0,0.0,213.902627,0.0
2020-01-07,16,0,313_RTPV_5,10.0,0.0,0.0,225.16066,0.0
2020-01-07,16,0,313_RTPV_6,7.8,0.0,0.0,175.625315,0.0
2020-01-07,16,0,313_RTPV_7,10.3,0.0,0.0,231.91548,0.0
2020-01-07,16,0,313_RTPV_8,11.1,0.0,0.0,249.928333,0.0
2020-01-07,16,0,313_RTPV_9,10.4,0.0,0.0,234.167087,0.0
2020-01-07,16,0,313_RTPV_10,9.8,0.0,0.0,220.657447,0.0
2020-01-07,16,0,313_RTPV_11,10.1,0.0,0.0,227.412267,0.0
2020-01-07,16,0,313_RTPV_12,4.3,0.0,0.0,96.819084,0.0
2020-01-07,16,0,320_RTPV_1,3.6,0.0,0.0,81.057838,0.0
2020-01-07,16,0,320_RTPV_2,4.5,0.0,0.0,101.322297,0.0
2020-01-07,16,0,320_RTPV_3,4.2,0.0,0.0,94.567477,0.0
2020-01-07,16,0,313_RTPV_13,4.6,0.0,0.0,103.573904,0.0
2020-01-07,16,0,320_RTPV_4,4.3,0.0,0.0,96.819084,0.0
2020-01-07,16,0,320_RTPV_5,4.3,0.0,0.0,96.819084,0.0
2020-01-07,16,0,118_RTPV_1,1.1,0.0,0.0,24.767673,0.0
2020-01-07,16,0,118_RTPV_2,1.3,0.0,0.0,29.270886,0.0
2020-01-07,16,0,118_RTPV_3,1.4,0.0,0.0,31.522492,0.0
2020-01-07,16,0,118_RTPV_4,1.6,0.0,0.0,36.025706,0.0
2020-01-07,16,0,118_RTPV_5,1.4,0.0,0.0,31.522492,0.0
2020-01-07,16,0,118_RTPV_6,1.3,0.0,0.0,29.270886,0.0
2020-01-07,16,0,320_RTPV_6,1.4,0.0,0.0,31.522492,0.0
2020-01-07,16,0,118_RTPV_7,1.8,0.0,0.0,40.528919,0.0
2020-01-07,16,0,118_RTPV_8,1.6,0.0,0.0,36.025706,0.0
2020-01-07,16,0,118_RTPV_9,1.3,0.0,0.0,29.270886,0.0
2020-01-07,16,0,118_RTPV_10,0.7,0.0,0.0,15.761246,0.0
2020-01-07,16,0,213_RTPV_1,0.4,0.0,0.0,9.006426,0.0
2020-01-07,16,0,309_WIND_1,66.567,70.967,0.0,1675.104309,0.0
2020-01-07,16,0,317_WIND_1,249.6725,367.7725,0.0,6535.165101,0.0
2020-01-07,16,0,303_WIND_1,318.125,350.225,0.0,8032.85928,0.0
2020-01-07,16,0,122_WIND_1,213.8125,338.6125,0.0,5655.307458,0.0
2020-01-07,16,0,122_WIND_1_PEM,0.0,343.505893,374.5875,853.245954,0.0
2020-01-07,16,0,303_WIND_1_PEM,0.0,0.0,444.675,0.0,0.0
2020-01-07,16,0,309_WIND_1_PEM,0.0,75.633,75.633,187.867377,0.0
2020-01-07,16,0,310_PV_2_PEM,0.0,0.0,20.8,0.0,0.0
2020-01-07,16,0,317_WIND_1_PEM,0.0,45.62723,419.5275,113.335026,0.0
2020-01-07,16,0,319_PV_1_PEM,0.0,0.0,77.162,0.0,0.0
2020-01-07,16,0,320_PV_1_PEM,0.0,0.0,22.0,0.0,0.0
2020-01-07,16,0,324_PV_1_PEM,0.0,0.0,20.377,0.0,0.0
2020-01-07,16,0,324_PV_2_PEM,0.0,0.0,19.0,0.0,0.0
2020-01-07,16,0,324_PV_3_PEM,0.0,0.0,20.91,0.0,0.0
2020-01-07,17,0,122_HYDRO_1,25.075,25.9,0.0,626.875,0.0
2020-01-07,17,0,122_HYDRO_2,25.075,25.9,0.0,626.875,0.0
2020-01-07,17,0,122_HYDRO_3,25.075,25.9,0.0,626.875,0.0
2020-01-07,17,0,122_HYDRO_4,25.075,25.9,0.0,626.875,0.0
2020-01-07,17,0,122_HYDRO_5,25.075,25.9,0.0,626.875,0.0
2020-01-07,17,0,122_HYDRO_6,25.075,25.9,0.0,626.875,0.0
2020-01-07,17,0,201_HYDRO_4,18.7,18.7,0.0,467.5,0.0
2020-01-07,17,0,215_HYDRO_1,18.7,18.7,0.0,467.5,0.0
2020-01-07,17,0,215_HYDRO_2,18.7,18.7,0.0,467.5,0.0
2020-01-07,17,0,215_HYDRO_3,18.7,18.7,0.0,467.5,0.0
2020-01-07,17,0,222_HYDRO_1,18.7,18.7,0.0,467.5,0.0
2020-01-07,17,0,222_HYDRO_2,18.7,18.7,0.0,467.5,0.0
2020-01-07,17,0,222_HYDRO_3,18.7,18.7,0.0,467.5,0.0
2020-01-07,17,0,222_HYDRO_4,18.7,18.7,0.0,467.5,0.0
2020-01-07,17,0,222_HYDRO_5,18.7,18.7,0.0,467.5,0.0
2020-01-07,17,0,222_HYDRO_6,18.7,18.7,0.0,467.5,0.0
2020-01-07,17,0,322_HYDRO_1,18.817,23.4,0.0,470.425,0.0
2020-01-07,17,0,322_HYDRO_2,18.817,23.4,0.0,470.425,0.0
2020-01-07,17,0,322_HYDRO_3,18.817,23.4,0.0,470.425,0.0
2020-01-07,17,0,322_HYDRO_4,18.817,23.4,0.0,470.425,0.0
2020-01-07,17,0,320_PV_1,0.0,0.0,0.0,0.0,0.0
2020-01-07,17,0,314_PV_1,0.0,0.0,0.0,0.0,0.0
2020-01-07,17,0,314_PV_2,0.0,0.0,0.0,0.0,0.0
2020-01-07,17,0,313_PV_1,0.0,0.0,0.0,0.0,0.0
2020-01-07,17,0,314_PV_3,0.0,0.0,0.0,0.0,0.0
2020-01-07,17,0,314_PV_4,0.0,0.0,0.0,0.0,0.0
2020-01-07,17,0,313_PV_2,0.0,0.0,0.0,0.0,0.0
2020-01-07,17,0,310_PV_1,0.0,0.0,0.0,0.0,0.0
2020-01-07,17,0,324_PV_1,0.0,0.0,0.0,0.0,0.0
2020-01-07,17,0,312_PV_1,0.0,0.0,0.0,0.0,0.0
2020-01-07,17,0,310_PV_2,0.0,0.0,0.0,0.0,0.0
2020-01-07,17,0,324_PV_2,0.0,0.0,0.0,0.0,0.0
2020-01-07,17,0,324_PV_3,0.0,0.0,0.0,0.0,0.0
2020-01-07,17,0,113_PV_1,0.0,0.0,0.0,0.0,0.0
2020-01-07,17,0,319_PV_1,0.0,0.0,0.0,0.0,0.0
2020-01-07,17,0,215_PV_1,0.0,0.0,0.0,0.0,0.0
2020-01-07,17,0,102_PV_1,0.0,0.0,0.0,0.0,0.0
2020-01-07,17,0,101_PV_1,0.0,0.0,0.0,0.0,0.0
2020-01-07,17,0,102_PV_2,0.0,0.0,0.0,0.0,0.0
2020-01-07,17,0,104_PV_1,0.0,0.0,0.0,0.0,0.0
2020-01-07,17,0,101_PV_2,0.0,0.0,0.0,0.0,0.0
2020-01-07,17,0,101_PV_3,0.0,0.0,0.0,0.0,0.0
2020-01-07,17,0,101_PV_4,0.0,0.0,0.0,0.0,0.0
2020-01-07,17,0,103_PV_1,0.0,0.0,0.0,0.0,0.0
2020-01-07,17,0,119_PV_1,0.0,0.0,0.0,0.0,0.0
2020-01-07,17,0,308_RTPV_1,0.0,0.0,0.0,0.0,0.0
2020-01-07,17,0,313_RTPV_1,0.0,0.0,0.0,0.0,0.0
2020-01-07,17,0,313_RTPV_2,0.0,0.0,0.0,0.0,0.0
2020-01-07,17,0,313_RTPV_3,0.0,0.0,0.0,0.0,0.0
2020-01-07,17,0,313_RTPV_4,0.0,0.0,0.0,0.0,0.0
2020-01-07,17,0,313_RTPV_5,0.0,0.0,0.0,0.0,0.0
2020-01-07,17,0,313_RTPV_6,0.0,0.0,0.0,0.0,0.0
2020-01-07,17,0,313_RTPV_7,0.0,0.0,0.0,0.0,0.0
2020-01-07,17,0,313_RTPV_8,0.0,0.0,0.0,0.0,0.0
2020-01-07,17,0,313_RTPV_9,0.0,0.0,0.0,0.0,0.0
2020-01-07,17,0,313_RTPV_10,0.0,0.0,0.0,0.0,0.0
2020-01-07,17,0,313_RTPV_11,0.0,0.0,0.0,0.0,0.0
2020-01-07,17,0,313_RTPV_12,0.0,0.0,0.0,0.0,0.0
2020-01-07,17,0,320_RTPV_1,0.0,0.0,0.0,0.0,0.0
2020-01-07,17,0,320_RTPV_2,0.0,0.0,0.0,0.0,0.0
2020-01-07,17,0,320_RTPV_3,0.0,0.0,0.0,0.0,0.0
2020-01-07,17,0,313_RTPV_13,0.0,0.0,0.0,0.0,0.0
2020-01-07,17,0,320_RTPV_4,0.0,0.0,0.0,0.0,0.0
2020-01-07,17,0,320_RTPV_5,0.0,0.0,0.0,0.0,0.0
2020-01-07,17,0,118_RTPV_1,0.0,0.0,0.0,0.0,0.0
2020-01-07,17,0,118_RTPV_2,0.0,0.0,0.0,0.0,0.0
2020-01-07,17,0,118_RTPV_3,0.0,0.0,0.0,0.0,0.0
2020-01-07,17,0,118_RTPV_4,0.0,0.0,0.0,0.0,0.0
2020-01-07,17,0,118_RTPV_5,0.0,0.0,0.0,0.0,0.0
2020-01-07,17,0,118_RTPV_6,0.0,0.0,0.0,0.0,0.0
2020-01-07,17,0,320_RTPV_6,0.0,0.0,0.0,0.0,0.0
2020-01-07,17,0,118_RTPV_7,0.0,0.0,0.0,0.0,0.0
2020-01-07,17,0,118_RTPV_8,0.0,0.0,0.0,0.0,0.0
2020-01-07,17,0,118_RTPV_9,0.0,0.0,0.0,0.0,0.0
2020-01-07,17,0,118_RTPV_10,0.0,0.0,0.0,0.0,0.0
2020-01-07,17,0,213_RTPV_1,0.0,0.0,0.0,0.0,0.0
2020-01-07,17,0,309_WIND_1,71.367,65.267,0.0,1784.175,0.0
2020-01-07,17,0,317_WIND_1,205.5725,378.7725,0.0,5139.3125,0.0
2020-01-07,17,0,303_WIND_1,327.225,313.425,0.0,8180.625,0.0
2020-01-07,17,0,122_WIND_1,154.5125,338.9125,0.0,3862.8125,0.0
2020-01-07,17,0,122_WIND_1_PEM,374.5875,346.826669,0.0,9364.6875,0.0
2020-01-07,17,0,303_WIND_1_PEM,116.913284,154.141334,327.761716,2922.83209,0.0
2020-01-07,17,0,309_WIND_1_PEM,75.633,75.633,0.0,1890.825,0.0
2020-01-07,17,0,310_PV_2_PEM,0.0,0.0,0.0,0.0,0.0
2020-01-07,17,0,317_WIND_1_PEM,419.5275,419.5275,0.0,10488.1875,0.0
2020-01-07,17,0,319_PV_1_PEM,0.0,0.0,0.0,0.0,0.0
2020-01-07,17,0,320_PV_1_PEM,0.0,0.0,0.0,0.0,0.0
2020-01-07,17,0,324_PV_1_PEM,0.0,0.0,0.0,0.0,0.0
2020-01-07,17,0,324_PV_2_PEM,0.0,0.0,0.0,0.0,0.0
2020-01-07,17,0,324_PV_3_PEM,0.0,0.0,0.0,0.0,0.0
2020-01-07,18,0,122_HYDRO_1,25.867,25.5,0.0,664.898164,0.0
2020-01-07,18,0,122_HYDRO_2,25.867,25.5,0.0,664.898164,0.0
2020-01-07,18,0,122_HYDRO_3,25.867,25.5,0.0,664.898164,0.0
2020-01-07,18,0,122_HYDRO_4,25.867,25.5,0.0,664.898164,0.0
2020-01-07,18,0,122_HYDRO_5,25.867,25.5,0.0,664.898164,0.0
2020-01-07,18,0,122_HYDRO_6,25.867,25.5,0.0,664.898164,0.0
2020-01-07,18,0,201_HYDRO_4,18.667,18.3,0.0,1291.553174,0.0
2020-01-07,18,0,215_HYDRO_1,18.667,18.3,0.0,1295.798584,0.0
2020-01-07,18,0,215_HYDRO_2,18.667,18.3,0.0,1295.798584,0.0
2020-01-07,18,0,215_HYDRO_3,18.667,18.3,0.0,1295.798584,0.0
2020-01-07,18,0,222_HYDRO_1,18.667,18.3,0.0,1296.163862,0.0
2020-01-07,18,0,222_HYDRO_2,18.667,18.3,0.0,1296.163862,0.0
2020-01-07,18,0,222_HYDRO_3,18.667,18.3,0.0,1296.163862,0.0
2020-01-07,18,0,222_HYDRO_4,18.667,18.3,0.0,1296.163862,0.0
2020-01-07,18,0,222_HYDRO_5,18.667,18.3,0.0,1296.163862,0.0
2020-01-07,18,0,222_HYDRO_6,18.667,18.3,0.0,1296.163862,0.0
2020-01-07,18,0,322_HYDRO_1,23.075,19.5,0.0,1553.346132,0.0
2020-01-07,18,0,322_HYDRO_2,23.075,19.5,0.0,1553.346132,0.0
2020-01-07,18,0,322_HYDRO_3,23.075,19.5,0.0,1553.346132,0.0
2020-01-07,18,0,322_HYDRO_4,23.075,19.5,0.0,1553.346132,0.0
2020-01-07,18,0,320_PV_1,0.0,0.0,0.0,0.0,0.0
2020-01-07,18,0,314_PV_1,0.0,0.0,0.0,0.0,0.0
2020-01-07,18,0,314_PV_2,0.0,0.0,0.0,0.0,0.0
2020-01-07,18,0,313_PV_1,0.0,0.0,0.0,0.0,0.0
2020-01-07,18,0,314_PV_3,0.0,0.0,0.0,0.0,0.0
2020-01-07,18,0,314_PV_4,0.0,0.0,0.0,0.0,0.0
2020-01-07,18,0,313_PV_2,0.0,0.0,0.0,0.0,0.0
2020-01-07,18,0,310_PV_1,0.0,0.0,0.0,0.0,0.0
2020-01-07,18,0,324_PV_1,0.0,0.0,0.0,0.0,0.0
2020-01-07,18,0,312_PV_1,0.0,0.0,0.0,0.0,0.0
2020-01-07,18,0,310_PV_2,0.0,0.0,0.0,0.0,0.0
2020-01-07,18,0,324_PV_2,0.0,0.0,0.0,0.0,0.0
2020-01-07,18,0,324_PV_3,0.0,0.0,0.0,0.0,0.0
2020-01-07,18,0,113_PV_1,0.0,0.0,0.0,0.0,0.0
2020-01-07,18,0,319_PV_1,0.0,0.0,0.0,0.0,0.0
2020-01-07,18,0,215_PV_1,0.0,0.0,0.0,0.0,0.0
2020-01-07,18,0,102_PV_1,0.0,0.0,0.0,0.0,0.0
2020-01-07,18,0,101_PV_1,0.0,0.0,0.0,0.0,0.0
2020-01-07,18,0,102_PV_2,0.0,0.0,0.0,0.0,0.0
2020-01-07,18,0,104_PV_1,0.0,0.0,0.0,0.0,0.0
2020-01-07,18,0,101_PV_2,0.0,0.0,0.0,0.0,0.0
2020-01-07,18,0,101_PV_3,0.0,0.0,0.0,0.0,0.0
2020-01-07,18,0,101_PV_4,0.0,0.0,0.0,0.0,0.0
2020-01-07,18,0,103_PV_1,0.0,0.0,0.0,0.0,0.0
2020-01-07,18,0,119_PV_1,0.0,0.0,0.0,0.0,0.0
2020-01-07,18,0,308_RTPV_1,0.0,0.0,0.0,0.0,0.0
2020-01-07,18,0,313_RTPV_1,0.0,0.0,0.0,0.0,0.0
2020-01-07,18,0,313_RTPV_2,0.0,0.0,0.0,0.0,0.0
2020-01-07,18,0,313_RTPV_3,0.0,0.0,0.0,0.0,0.0
2020-01-07,18,0,313_RTPV_4,0.0,0.0,0.0,0.0,0.0
2020-01-07,18,0,313_RTPV_5,0.0,0.0,0.0,0.0,0.0
2020-01-07,18,0,313_RTPV_6,0.0,0.0,0.0,0.0,0.0
2020-01-07,18,0,313_RTPV_7,0.0,0.0,0.0,0.0,0.0
2020-01-07,18,0,313_RTPV_8,0.0,0.0,0.0,0.0,0.0
2020-01-07,18,0,313_RTPV_9,0.0,0.0,0.0,0.0,0.0
2020-01-07,18,0,313_RTPV_10,0.0,0.0,0.0,0.0,0.0
2020-01-07,18,0,313_RTPV_11,0.0,0.0,0.0,0.0,0.0
2020-01-07,18,0,313_RTPV_12,0.0,0.0,0.0,0.0,0.0
2020-01-07,18,0,320_RTPV_1,0.0,0.0,0.0,0.0,0.0
2020-01-07,18,0,320_RTPV_2,0.0,0.0,0.0,0.0,0.0
2020-01-07,18,0,320_RTPV_3,0.0,0.0,0.0,0.0,0.0
2020-01-07,18,0,313_RTPV_13,0.0,0.0,0.0,0.0,0.0
2020-01-07,18,0,320_RTPV_4,0.0,0.0,0.0,0.0,0.0
2020-01-07,18,0,320_RTPV_5,0.0,0.0,0.0,0.0,0.0
2020-01-07,18,0,118_RTPV_1,0.0,0.0,0.0,0.0,0.0
2020-01-07,18,0,118_RTPV_2,0.0,0.0,0.0,0.0,0.0
2020-01-07,18,0,118_RTPV_3,0.0,0.0,0.0,0.0,0.0
2020-01-07,18,0,118_RTPV_4,0.0,0.0,0.0,0.0,0.0
2020-01-07,18,0,118_RTPV_5,0.0,0.0,0.0,0.0,0.0
2020-01-07,18,0,118_RTPV_6,0.0,0.0,0.0,0.0,0.0
2020-01-07,18,0,320_RTPV_6,0.0,0.0,0.0,0.0,0.0
2020-01-07,18,0,118_RTPV_7,0.0,0.0,0.0,0.0,0.0
2020-01-07,18,0,118_RTPV_8,0.0,0.0,0.0,0.0,0.0
2020-01-07,18,0,118_RTPV_9,0.0,0.0,0.0,0.0,0.0
2020-01-07,18,0,118_RTPV_10,0.0,0.0,0.0,0.0,0.0
2020-01-07,18,0,213_RTPV_1,0.0,0.0,0.0,0.0,0.0
2020-01-07,18,0,309_WIND_1,70.267,71.567,0.0,6941.821161,0.0
2020-01-07,18,0,317_WIND_1,248.6725,379.1725,0.0,16701.913623,0.0
2020-01-07,18,0,303_WIND_1,346.125,386.625,0.0,8653.125,0.0
2020-01-07,18,0,122_WIND_1,185.5125,338.9125,0.0,-2979.172293,0.0
2020-01-07,18,0,122_WIND_1_PEM,374.5875,347.432105,0.0,10713.072322,0.0
2020-01-07,18,0,303_WIND_1_PEM,137.609631,90.122339,307.065369,3440.240779,0.0
2020-01-07,18,0,309_WIND_1_PEM,75.633,75.633,0.0,7474.369572,0.0
2020-01-07,18,0,310_PV_2_PEM,0.0,0.0,0.0,0.0,0.0
2020-01-07,18,0,317_WIND_1_PEM,419.5275,419.5275,0.0,28472.061448,0.0
2020-01-07,18,0,319_PV_1_PEM,0.0,0.0,0.0,0.0,0.0
2020-01-07,18,0,320_PV_1_PEM,0.0,0.0,0.0,0.0,0.0
2020-01-07,18,0,324_PV_1_PEM,0.0,0.0,0.0,0.0,0.0
2020-01-07,18,0,324_PV_2_PEM,0.0,0.0,0.0,0.0,0.0
2020-01-07,18,0,324_PV_3_PEM,0.0,0.0,0.0,0.0,0.0
2020-01-07,19,0,122_HYDRO_1,25.108,20.8,0.0,1383.771648,0.0
2020-01-07,19,0,122_HYDRO_2,25.108,20.8,0.0,1383.771648,0.0
2020-01-07,19,0,122_HYDRO_3,25.108,20.8,0.0,1383.771648,0.0
2020-01-07,19,0,122_HYDRO_4,25.108,20.8,0.0,1383.771648,0.0
2020-01-07,19,0,122_HYDRO_5,25.108,20.8,0.0,1383.771648,0.0
2020-01-07,19,0,122_HYDRO_6,25.108,20.8,0.0,1383.771648,0.0
2020-01-07,19,0,201_HYDRO_4,17.567,9.5,0.0,1051.331673,0.0
2020-01-07,19,0,215_HYDRO_1,17.567,9.5,0.0,1057.123723,0.0
2020-01-07,19,0,215_HYDRO_2,17.567,9.5,0.0,1057.123723,0.0
2020-01-07,19,0,215_HYDRO_3,17.567,9.5,0.0,1057.123723,0.0
2020-01-07,19,0,222_HYDRO_1,17.567,9.5,0.0,1057.839717,0.0
2020-01-07,19,0,222_HYDRO_2,17.567,9.5,0.0,1057.839717,0.0
2020-01-07,19,0,222_HYDRO_3,17.567,9.5,0.0,1057.839717,0.0
2020-01-07,19,0,222_HYDRO_4,17.567,9.5,0.0,1057.839717,0.0
2020-01-07,19,0,222_HYDRO_5,17.567,9.5,0.0,1057.839717,0.0
2020-01-07,19,0,222_HYDRO_6,17.567,9.5,0.0,1057.839717,0.0
2020-01-07,19,0,322_HYDRO_1,19.633,21.1,0.0,910.045881,0.0
2020-01-07,19,0,322_HYDRO_2,19.633,21.1,0.0,910.045881,0.0
2020-01-07,19,0,322_HYDRO_3,19.633,21.1,0.0,910.045881,0.0
2020-01-07,19,0,322_HYDRO_4,19.633,21.1,0.0,910.045881,0.0
2020-01-07,19,0,320_PV_1,0.0,0.0,0.0,0.0,0.0
2020-01-07,19,0,314_PV_1,0.0,0.0,0.0,0.0,0.0
2020-01-07,19,0,314_PV_2,0.0,0.0,0.0,0.0,0.0
2020-01-07,19,0,313_PV_1,0.0,0.0,0.0,0.0,0.0
2020-01-07,19,0,314_PV_3,0.0,0.0,0.0,0.0,0.0
2020-01-07,19,0,314_PV_4,0.0,0.0,0.0,0.0,0.0
2020-01-07,19,0,313_PV_2,0.0,0.0,0.0,0.0,0.0
2020-01-07,19,0,310_PV_1,0.0,0.0,0.0,0.0,0.0
2020-01-07,19,0,324_PV_1,0.0,0.0,0.0,0.0,0.0
2020-01-07,19,0,312_PV_1,0.0,0.0,0.0,0.0,0.0
2020-01-07,19,0,310_PV_2,0.0,0.0,0.0,0.0,0.0
2020-01-07,19,0,324_PV_2,0.0,0.0,0.0,0.0,0.0
2020-01-07,19,0,324_PV_3,0.0,0.0,0.0,0.0,0.0
2020-01-07,19,0,113_PV_1,0.0,0.0,0.0,0.0,0.0
2020-01-07,19,0,319_PV_1,0.0,0.0,0.0,0.0,0.0
2020-01-07,19,0,215_PV_1,0.0,0.0,0.0,0.0,0.0
2020-01-07,19,0,102_PV_1,0.0,0.0,0.0,0.0,0.0
2020-01-07,19,0,101_PV_1,0.0,0.0,0.0,0.0,0.0
2020-01-07,19,0,102_PV_2,0.0,0.0,0.0,0.0,0.0
2020-01-07,19,0,104_PV_1,0.0,0.0,0.0,0.0,0.0
2020-01-07,19,0,101_PV_2,0.0,0.0,0.0,0.0,0.0
2020-01-07,19,0,101_PV_3,0.0,0.0,0.0,0.0,0.0
2020-01-07,19,0,101_PV_4,0.0,0.0,0.0,0.0,0.0
2020-01-07,19,0,103_PV_1,0.0,0.0,0.0,0.0,0.0
2020-01-07,19,0,119_PV_1,0.0,0.0,0.0,0.0,0.0
2020-01-07,19,0,308_RTPV_1,0.0,0.0,0.0,0.0,0.0
2020-01-07,19,0,313_RTPV_1,0.0,0.0,0.0,0.0,0.0
2020-01-07,19,0,313_RTPV_2,0.0,0.0,0.0,0.0,0.0
2020-01-07,19,0,313_RTPV_3,0.0,0.0,0.0,0.0,0.0
2020-01-07,19,0,313_RTPV_4,0.0,0.0,0.0,0.0,0.0
2020-01-07,19,0,313_RTPV_5,0.0,0.0,0.0,0.0,0.0
2020-01-07,19,0,313_RTPV_6,0.0,0.0,0.0,0.0,0.0
2020-01-07,19,0,313_RTPV_7,0.0,0.0,0.0,0.0,0.0
2020-01-07,19,0,313_RTPV_8,0.0,0.0,0.0,0.0,0.0
2020-01-07,19,0,313_RTPV_9,0.0,0.0,0.0,0.0,0.0
2020-01-07,19,0,313_RTPV_10,0.0,0.0,0.0,0.0,0.0
2020-01-07,19,0,313_RTPV_11,0.0,0.0,0.0,0.0,0.0
2020-01-07,19,0,313_RTPV_12,0.0,0.0,0.0,0.0,0.0
2020-01-07,19,0,320_RTPV_1,0.0,0.0,0.0,0.0,0.0
2020-01-07,19,0,320_RTPV_2,0.0,0.0,0.0,0.0,0.0
2020-01-07,19,0,320_RTPV_3,0.0,0.0,0.0,0.0,0.0
2020-01-07,19,0,313_RTPV_13,0.0,0.0,0.0,0.0,0.0
2020-01-07,19,0,320_RTPV_4,0.0,0.0,0.0,0.0,0.0
2020-01-07,19,0,320_RTPV_5,0.0,0.0,0.0,0.0,0.0
2020-01-07,19,0,118_RTPV_1,0.0,0.0,0.0,0.0,0.0
2020-01-07,19,0,118_RTPV_2,0.0,0.0,0.0,0.0,0.0
2020-01-07,19,0,118_RTPV_3,0.0,0.0,0.0,0.0,0.0
2020-01-07,19,0,118_RTPV_4,0.0,0.0,0.0,0.0,0.0
2020-01-07,19,0,118_RTPV_5,0.0,0.0,0.0,0.0,0.0
2020-01-07,19,0,118_RTPV_6,0.0,0.0,0.0,0.0,0.0
2020-01-07,19,0,320_RTPV_6,0.0,0.0,0.0,0.0,0.0
2020-01-07,19,0,118_RTPV_7,0.0,0.0,0.0,0.0,0.0
2020-01-07,19,0,118_RTPV_8,0.0,0.0,0.0,0.0,0.0
2020-01-07,19,0,118_RTPV_9,0.0,0.0,0.0,0.0,0.0
2020-01-07,19,0,118_RTPV_10,0.0,0.0,0.0,0.0,0.0
2020-01-07,19,0,213_RTPV_1,0.0,0.0,0.0,0.0,0.0
2020-01-07,19,0,309_WIND_1,64.867,70.067,0.0,4018.312082,0.0
2020-01-07,19,0,317_WIND_1,160.5725,376.8725,0.0,3288.574242,0.0
2020-01-07,19,0,303_WIND_1,345.925,391.625,0.0,8648.125,0.0
2020-01-07,19,0,122_WIND_1,253.9125,338.9125,0.0,11014.713622,0.0
2020-01-07,19,0,122_WIND_1_PEM,374.5875,374.5875,0.0,19155.274955,0.0
2020-01-07,19,0,303_WIND_1_PEM,145.497037,81.333242,299.177963,3637.425918,0.0
2020-01-07,19,0,309_WIND_1_PEM,75.633,75.633,0.0,4899.024657,0.0
2020-01-07,19,0,310_PV_2_PEM,0.0,0.0,0.0,0.0,0.0
2020-01-07,19,0,317_WIND_1_PEM,419.5275,419.5275,0.0,20250.189178,0.0
2020-01-07,19,0,319_PV_1_PEM,0.0,0.0,0.0,0.0,0.0
2020-01-07,19,0,320_PV_1_PEM,0.0,0.0,0.0,0.0,0.0
2020-01-07,19,0,324_PV_1_PEM,0.0,0.0,0.0,0.0,0.0
2020-01-07,19,0,324_PV_2_PEM,0.0,0.0,0.0,0.0,0.0
2020-01-07,19,0,324_PV_3_PEM,0.0,0.0,0.0,0.0,0.0
2020-01-07,20,0,122_HYDRO_1,19.975,10.9,0.0,981.462829,0.0
2020-01-07,20,0,122_HYDRO_2,19.975,10.9,0.0,981.462829,0.0
2020-01-07,20,0,122_HYDRO_3,19.975,10.9,0.0,981.462829,0.0
2020-01-07,20,0,122_HYDRO_4,19.975,10.9,0.0,981.462829,0.0
2020-01-07,20,0,122_HYDRO_5,19.975,10.9,0.0,981.462829,0.0
2020-01-07,20,0,122_HYDRO_6,19.975,10.9,0.0,981.462829,0.0
2020-01-07,20,0,201_HYDRO_4,9.483,9.3,0.0,246.286066,0.0
2020-01-07,20,0,215_HYDRO_1,9.483,9.3,0.0,246.373218,0.0
2020-01-07,20,0,215_HYDRO_2,9.483,9.3,0.0,246.373218,0.0
2020-01-07,20,0,215_HYDRO_3,9.483,9.3,0.0,246.373218,0.0
2020-01-07,20,0,222_HYDRO_1,9.483,9.3,0.0,246.383992,0.0
2020-01-07,20,0,222_HYDRO_2,9.483,9.3,0.0,246.383992,0.0
2020-01-07,20,0,222_HYDRO_3,9.483,9.3,0.0,246.383992,0.0
2020-01-07,20,0,222_HYDRO_4,9.483,9.3,0.0,246.383992,0.0
2020-01-07,20,0,222_HYDRO_5,9.483,9.3,0.0,246.383992,0.0
2020-01-07,20,0,222_HYDRO_6,9.483,9.3,0.0,246.383992,0.0
2020-01-07,20,0,322_HYDRO_1,21.042,20.4,0.0,555.888848,0.0
2020-01-07,20,0,322_HYDRO_2,21.042,20.4,0.0,555.888848,0.0
2020-01-07,20,0,322_HYDRO_3,21.042,20.4,0.0,555.888848,0.0
2020-01-07,20,0,322_HYDRO_4,21.042,20.4,0.0,555.888848,0.0
2020-01-07,20,0,320_PV_1,0.0,0.0,0.0,0.0,0.0
2020-01-07,20,0,314_PV_1,0.0,0.0,0.0,0.0,0.0
2020-01-07,20,0,314_PV_2,0.0,0.0,0.0,0.0,0.0
2020-01-07,20,0,313_PV_1,0.0,0.0,0.0,0.0,0.0
2020-01-07,20,0,314_PV_3,0.0,0.0,0.0,0.0,0.0
2020-01-07,20,0,314_PV_4,0.0,0.0,0.0,0.0,0.0
2020-01-07,20,0,313_PV_2,0.0,0.0,0.0,0.0,0.0
2020-01-07,20,0,310_PV_1,0.0,0.0,0.0,0.0,0.0
2020-01-07,20,0,324_PV_1,0.0,0.0,0.0,0.0,0.0
2020-01-07,20,0,312_PV_1,0.0,0.0,0.0,0.0,0.0
2020-01-07,20,0,310_PV_2,0.0,0.0,0.0,0.0,0.0
2020-01-07,20,0,324_PV_2,0.0,0.0,0.0,0.0,0.0
2020-01-07,20,0,324_PV_3,0.0,0.0,0.0,0.0,0.0
2020-01-07,20,0,113_PV_1,0.0,0.0,0.0,0.0,0.0
2020-01-07,20,0,319_PV_1,0.0,0.0,0.0,0.0,0.0
2020-01-07,20,0,215_PV_1,0.0,0.0,0.0,0.0,0.0
2020-01-07,20,0,102_PV_1,0.0,0.0,0.0,0.0,0.0
2020-01-07,20,0,101_PV_1,0.0,0.0,0.0,0.0,0.0
2020-01-07,20,0,102_PV_2,0.0,0.0,0.0,0.0,0.0
2020-01-07,20,0,104_PV_1,0.0,0.0,0.0,0.0,0.0
2020-01-07,20,0,101_PV_2,0.0,0.0,0.0,0.0,0.0
2020-01-07,20,0,101_PV_3,0.0,0.0,0.0,0.0,0.0
2020-01-07,20,0,101_PV_4,0.0,0.0,0.0,0.0,0.0
2020-01-07,20,0,103_PV_1,0.0,0.0,0.0,0.0,0.0
2020-01-07,20,0,119_PV_1,0.0,0.0,0.0,0.0,0.0
2020-01-07,20,0,308_RTPV_1,0.0,0.0,0.0,0.0,0.0
2020-01-07,20,0,313_RTPV_1,0.0,0.0,0.0,0.0,0.0
2020-01-07,20,0,313_RTPV_2,0.0,0.0,0.0,0.0,0.0
2020-01-07,20,0,313_RTPV_3,0.0,0.0,0.0,0.0,0.0
2020-01-07,20,0,313_RTPV_4,0.0,0.0,0.0,0.0,0.0
2020-01-07,20,0,313_RTPV_5,0.0,0.0,0.0,0.0,0.0
2020-01-07,20,0,313_RTPV_6,0.0,0.0,0.0,0.0,0.0
2020-01-07,20,0,313_RTPV_7,0.0,0.0,0.0,0.0,0.0
2020-01-07,20,0,313_RTPV_8,0.0,0.0,0.0,0.0,0.0
2020-01-07,20,0,313_RTPV_9,0.0,0.0,0.0,0.0,0.0
2020-01-07,20,0,313_RTPV_10,0.0,0.0,0.0,0.0,0.0
2020-01-07,20,0,313_RTPV_11,0.0,0.0,0.0,0.0,0.0
2020-01-07,20,0,313_RTPV_12,0.0,0.0,0.0,0.0,0.0
2020-01-07,20,0,320_RTPV_1,0.0,0.0,0.0,0.0,0.0
2020-01-07,20,0,320_RTPV_2,0.0,0.0,0.0,0.0,0.0
2020-01-07,20,0,320_RTPV_3,0.0,0.0,0.0,0.0,0.0
2020-01-07,20,0,313_RTPV_13,0.0,0.0,0.0,0.0,0.0
2020-01-07,20,0,320_RTPV_4,0.0,0.0,0.0,0.0,0.0
2020-01-07,20,0,320_RTPV_5,0.0,0.0,0.0,0.0,0.0
2020-01-07,20,0,118_RTPV_1,0.0,0.0,0.0,0.0,0.0
2020-01-07,20,0,118_RTPV_2,0.0,0.0,0.0,0.0,0.0
2020-01-07,20,0,118_RTPV_3,0.0,0.0,0.0,0.0,0.0
2020-01-07,20,0,118_RTPV_4,0.0,0.0,0.0,0.0,0.0
2020-01-07,20,0,118_RTPV_5,0.0,0.0,0.0,0.0,0.0
2020-01-07,20,0,118_RTPV_6,0.0,0.0,0.0,0.0,0.0
2020-01-07,20,0,320_RTPV_6,0.0,0.0,0.0,0.0,0.0
2020-01-07,20,0,118_RTPV_7,0.0,0.0,0.0,0.0,0.0
2020-01-07,20,0,118_RTPV_8,0.0,0.0,0.0,0.0,0.0
2020-01-07,20,0,118_RTPV_9,0.0,0.0,0.0,0.0,0.0
2020-01-07,20,0,118_RTPV_10,0.0,0.0,0.0,0.0,0.0
2020-01-07,20,0,213_RTPV_1,0.0,0.0,0.0,0.0,0.0
2020-01-07,20,0,309_WIND_1,71.667,70.467,0.0,1888.681456,0.0
2020-01-07,20,0,317_WIND_1,71.1725,376.3725,0.0,-12654.698649,0.0
2020-01-07,20,0,303_WIND_1,357.825,392.225,0.0,8945.625,0.0
2020-01-07,20,0,122_WIND_1,10.8125,338.7125,0.0,-17148.596494,0.0
2020-01-07,20,0,122_WIND_1_PEM,374.5875,374.5875,0.0,9364.6875,0.0
2020-01-07,20,0,303_WIND_1_PEM,128.024978,77.885375,316.650022,3200.624449,0.0
2020-01-07,20,0,309_WIND_1_PEM,75.633,75.633,0.0,1890.825,0.0
2020-01-07,20,0,310_PV_2_PEM,0.0,0.0,0.0,0.0,0.0
2020-01-07,20,0,317_WIND_1_PEM,419.5275,339.792371,0.0,14259.14996,0.0
2020-01-07,20,0,319_PV_1_PEM,0.0,0.0,0.0,0.0,0.0
2020-01-07,20,0,320_PV_1_PEM,0.0,0.0,0.0,0.0,0.0
2020-01-07,20,0,324_PV_1_PEM,0.0,0.0,0.0,0.0,0.0
2020-01-07,20,0,324_PV_2_PEM,0.0,0.0,0.0,0.0,0.0
2020-01-07,20,0,324_PV_3_PEM,0.0,0.0,0.0,0.0,0.0
2020-01-07,21,0,122_HYDRO_1,10.308,3.8,0.0,257.7,0.0
2020-01-07,21,0,122_HYDRO_2,10.308,3.8,0.0,257.7,0.0
2020-01-07,21,0,122_HYDRO_3,10.308,3.8,0.0,257.7,0.0
2020-01-07,21,0,122_HYDRO_4,10.308,3.8,0.0,257.7,0.0
2020-01-07,21,0,122_HYDRO_5,10.308,3.8,0.0,257.7,0.0
2020-01-07,21,0,122_HYDRO_6,10.308,3.8,0.0,257.7,0.0
2020-01-07,21,0,201_HYDRO_4,9.3,9.3,0.0,232.5,0.0
2020-01-07,21,0,215_HYDRO_1,9.3,9.3,0.0,232.5,0.0
2020-01-07,21,0,215_HYDRO_2,9.3,9.3,0.0,232.5,0.0
2020-01-07,21,0,215_HYDRO_3,9.3,9.3,0.0,232.5,0.0
2020-01-07,21,0,222_HYDRO_1,9.3,9.3,0.0,232.5,0.0
2020-01-07,21,0,222_HYDRO_2,9.3,9.3,0.0,232.5,0.0
2020-01-07,21,0,222_HYDRO_3,9.3,9.3,0.0,232.5,0.0
2020-01-07,21,0,222_HYDRO_4,9.3,9.3,0.0,232.5,0.0
2020-01-07,21,0,222_HYDRO_5,9.3,9.3,0.0,232.5,0.0
2020-01-07,21,0,222_HYDRO_6,9.3,9.3,0.0,232.5,0.0
2020-01-07,21,0,322_HYDRO_1,20.725,24.3,0.0,518.125,0.0
2020-01-07,21,0,322_HYDRO_2,20.725,24.3,0.0,518.125,0.0
2020-01-07,21,0,322_HYDRO_3,20.725,24.3,0.0,518.125,0.0
2020-01-07,21,0,322_HYDRO_4,20.725,24.3,0.0,518.125,0.0
2020-01-07,21,0,320_PV_1,0.0,0.0,0.0,0.0,0.0
2020-01-07,21,0,314_PV_1,0.0,0.0,0.0,0.0,0.0
2020-01-07,21,0,314_PV_2,0.0,0.0,0.0,0.0,0.0
2020-01-07,21,0,313_PV_1,0.0,0.0,0.0,0.0,0.0
2020-01-07,21,0,314_PV_3,0.0,0.0,0.0,0.0,0.0
2020-01-07,21,0,314_PV_4,0.0,0.0,0.0,0.0,0.0
2020-01-07,21,0,313_PV_2,0.0,0.0,0.0,0.0,0.0
2020-01-07,21,0,310_PV_1,0.0,0.0,0.0,0.0,0.0
2020-01-07,21,0,324_PV_1,0.0,0.0,0.0,0.0,0.0
2020-01-07,21,0,312_PV_1,0.0,0.0,0.0,0.0,0.0
2020-01-07,21,0,310_PV_2,0.0,0.0,0.0,0.0,0.0
2020-01-07,21,0,324_PV_2,0.0,0.0,0.0,0.0,0.0
2020-01-07,21,0,324_PV_3,0.0,0.0,0.0,0.0,0.0
2020-01-07,21,0,113_PV_1,0.0,0.0,0.0,0.0,0.0
2020-01-07,21,0,319_PV_1,0.0,0.0,0.0,0.0,0.0
2020-01-07,21,0,215_PV_1,0.0,0.0,0.0,0.0,0.0
2020-01-07,21,0,102_PV_1,0.0,0.0,0.0,0.0,0.0
2020-01-07,21,0,101_PV_1,0.0,0.0,0.0,0.0,0.0
2020-01-07,21,0,102_PV_2,0.0,0.0,0.0,0.0,0.0
2020-01-07,21,0,104_PV_1,0.0,0.0,0.0,0.0,0.0
2020-01-07,21,0,101_PV_2,0.0,0.0,0.0,0.0,0.0
2020-01-07,21,0,101_PV_3,0.0,0.0,0.0,0.0,0.0
2020-01-07,21,0,101_PV_4,0.0,0.0,0.0,0.0,0.0
2020-01-07,21,0,103_PV_1,0.0,0.0,0.0,0.0,0.0
2020-01-07,21,0,119_PV_1,0.0,0.0,0.0,0.0,0.0
2020-01-07,21,0,308_RTPV_1,0.0,0.0,0.0,0.0,0.0
2020-01-07,21,0,313_RTPV_1,0.0,0.0,0.0,0.0,0.0
2020-01-07,21,0,313_RTPV_2,0.0,0.0,0.0,0.0,0.0
2020-01-07,21,0,313_RTPV_3,0.0,0.0,0.0,0.0,0.0
2020-01-07,21,0,313_RTPV_4,0.0,0.0,0.0,0.0,0.0
2020-01-07,21,0,313_RTPV_5,0.0,0.0,0.0,0.0,0.0
2020-01-07,21,0,313_RTPV_6,0.0,0.0,0.0,0.0,0.0
2020-01-07,21,0,313_RTPV_7,0.0,0.0,0.0,0.0,0.0
2020-01-07,21,0,313_RTPV_8,0.0,0.0,0.0,0.0,0.0
2020-01-07,21,0,313_RTPV_9,0.0,0.0,0.0,0.0,0.0
2020-01-07,21,0,313_RTPV_10,0.0,0.0,0.0,0.0,0.0
2020-01-07,21,0,313_RTPV_11,0.0,0.0,0.0,0.0,0.0
2020-01-07,21,0,313_RTPV_12,0.0,0.0,0.0,0.0,0.0
2020-01-07,21,0,320_RTPV_1,0.0,0.0,0.0,0.0,0.0
2020-01-07,21,0,320_RTPV_2,0.0,0.0,0.0,0.0,0.0
2020-01-07,21,0,320_RTPV_3,0.0,0.0,0.0,0.0,0.0
2020-01-07,21,0,313_RTPV_13,0.0,0.0,0.0,0.0,0.0
2020-01-07,21,0,320_RTPV_4,0.0,0.0,0.0,0.0,0.0
2020-01-07,21,0,320_RTPV_5,0.0,0.0,0.0,0.0,0.0
2020-01-07,21,0,118_RTPV_1,0.0,0.0,0.0,0.0,0.0
2020-01-07,21,0,118_RTPV_2,0.0,0.0,0.0,0.0,0.0
2020-01-07,21,0,118_RTPV_3,0.0,0.0,0.0,0.0,0.0
2020-01-07,21,0,118_RTPV_4,0.0,0.0,0.0,0.0,0.0
2020-01-07,21,0,118_RTPV_5,0.0,0.0,0.0,0.0,0.0
2020-01-07,21,0,118_RTPV_6,0.0,0.0,0.0,0.0,0.0
2020-01-07,21,0,320_RTPV_6,0.0,0.0,0.0,0.0,0.0
2020-01-07,21,0,118_RTPV_7,0.0,0.0,0.0,0.0,0.0
2020-01-07,21,0,118_RTPV_8,0.0,0.0,0.0,0.0,0.0
2020-01-07,21,0,118_RTPV_9,0.0,0.0,0.0,0.0,0.0
2020-01-07,21,0,118_RTPV_10,0.0,0.0,0.0,0.0,0.0
2020-01-07,21,0,213_RTPV_1,0.0,0.0,0.0,0.0,0.0
2020-01-07,21,0,309_WIND_1,70.667,61.467,0.0,1766.675,0.0
2020-01-07,21,0,317_WIND_1,340.6725,327.1725,0.0,8516.8125,0.0
2020-01-07,21,0,303_WIND_1,364.625,392.525,0.0,9115.625,0.0
2020-01-07,21,0,122_WIND_1,319.2125,334.7125,0.0,7980.3125,0.0
2020-01-07,21,0,122_WIND_1_PEM,374.5875,374.5875,0.0,9364.6875,0.0
2020-01-07,21,0,303_WIND_1_PEM,138.783965,97.716605,305.891035,3469.599129,0.0
2020-01-07,21,0,309_WIND_1_PEM,75.633,75.633,0.0,1890.825,0.0
2020-01-07,21,0,310_PV_2_PEM,0.0,0.0,0.0,0.0,0.0
2020-01-07,21,0,317_WIND_1_PEM,20.776862,99.568534,398.750638,519.421548,0.0
2020-01-07,21,0,319_PV_1_PEM,0.0,0.0,0.0,0.0,0.0
2020-01-07,21,0,320_PV_1_PEM,0.0,0.0,0.0,0.0,0.0
2020-01-07,21,0,324_PV_1_PEM,0.0,0.0,0.0,0.0,0.0
2020-01-07,21,0,324_PV_2_PEM,0.0,0.0,0.0,0.0,0.0
2020-01-07,21,0,324_PV_3_PEM,0.0,0.0,0.0,0.0,0.0
2020-01-07,22,0,122_HYDRO_1,3.8,3.8,0.0,95.0,0.0
2020-01-07,22,0,122_HYDRO_2,3.8,3.8,0.0,95.0,0.0
2020-01-07,22,0,122_HYDRO_3,3.8,3.8,0.0,95.0,0.0
2020-01-07,22,0,122_HYDRO_4,3.8,3.8,0.0,95.0,0.0
2020-01-07,22,0,122_HYDRO_5,3.8,3.8,0.0,95.0,0.0
2020-01-07,22,0,122_HYDRO_6,3.8,3.8,0.0,95.0,0.0
2020-01-07,22,0,201_HYDRO_4,9.317,9.5,0.0,232.925,0.0
2020-01-07,22,0,215_HYDRO_1,9.317,9.5,0.0,232.925,0.0
2020-01-07,22,0,215_HYDRO_2,9.317,9.5,0.0,232.925,0.0
2020-01-07,22,0,215_HYDRO_3,9.317,9.5,0.0,232.925,0.0
2020-01-07,22,0,222_HYDRO_1,9.317,9.5,0.0,232.925,0.0
2020-01-07,22,0,222_HYDRO_2,9.317,9.5,0.0,232.925,0.0
2020-01-07,22,0,222_HYDRO_3,9.317,9.5,0.0,232.925,0.0
2020-01-07,22,0,222_HYDRO_4,9.317,9.5,0.0,232.925,0.0
2020-01-07,22,0,222_HYDRO_5,9.317,9.5,0.0,232.925,0.0
2020-01-07,22,0,222_HYDRO_6,9.317,9.5,0.0,232.925,0.0
2020-01-07,22,0,322_HYDRO_1,24.242,23.6,0.0,606.05,0.0
2020-01-07,22,0,322_HYDRO_2,24.242,23.6,0.0,606.05,0.0
2020-01-07,22,0,322_HYDRO_3,24.242,23.6,0.0,606.05,0.0
2020-01-07,22,0,322_HYDRO_4,24.242,23.6,0.0,606.05,0.0
2020-01-07,22,0,320_PV_1,0.0,0.0,0.0,0.0,0.0
2020-01-07,22,0,314_PV_1,0.0,0.0,0.0,0.0,0.0
2020-01-07,22,0,314_PV_2,0.0,0.0,0.0,0.0,0.0
2020-01-07,22,0,313_PV_1,0.0,0.0,0.0,0.0,0.0
2020-01-07,22,0,314_PV_3,0.0,0.0,0.0,0.0,0.0
2020-01-07,22,0,314_PV_4,0.0,0.0,0.0,0.0,0.0
2020-01-07,22,0,313_PV_2,0.0,0.0,0.0,0.0,0.0
2020-01-07,22,0,310_PV_1,0.0,0.0,0.0,0.0,0.0
2020-01-07,22,0,324_PV_1,0.0,0.0,0.0,0.0,0.0
2020-01-07,22,0,312_PV_1,0.0,0.0,0.0,0.0,0.0
2020-01-07,22,0,310_PV_2,0.0,0.0,0.0,0.0,0.0
2020-01-07,22,0,324_PV_2,0.0,0.0,0.0,0.0,0.0
2020-01-07,22,0,324_PV_3,0.0,0.0,0.0,0.0,0.0
2020-01-07,22,0,113_PV_1,0.0,0.0,0.0,0.0,0.0
2020-01-07,22,0,319_PV_1,0.0,0.0,0.0,0.0,0.0
2020-01-07,22,0,215_PV_1,0.0,0.0,0.0,0.0,0.0
2020-01-07,22,0,102_PV_1,0.0,0.0,0.0,0.0,0.0
2020-01-07,22,0,101_PV_1,0.0,0.0,0.0,0.0,0.0
2020-01-07,22,0,102_PV_2,0.0,0.0,0.0,0.0,0.0
2020-01-07,22,0,104_PV_1,0.0,0.0,0.0,0.0,0.0
2020-01-07,22,0,101_PV_2,0.0,0.0,0.0,0.0,0.0
2020-01-07,22,0,101_PV_3,0.0,0.0,0.0,0.0,0.0
2020-01-07,22,0,101_PV_4,0.0,0.0,0.0,0.0,0.0
2020-01-07,22,0,103_PV_1,0.0,0.0,0.0,0.0,0.0
2020-01-07,22,0,119_PV_1,0.0,0.0,0.0,0.0,0.0
2020-01-07,22,0,308_RTPV_1,0.0,0.0,0.0,0.0,0.0
2020-01-07,22,0,313_RTPV_1,0.0,0.0,0.0,0.0,0.0
2020-01-07,22,0,313_RTPV_2,0.0,0.0,0.0,0.0,0.0
2020-01-07,22,0,313_RTPV_3,0.0,0.0,0.0,0.0,0.0
2020-01-07,22,0,313_RTPV_4,0.0,0.0,0.0,0.0,0.0
2020-01-07,22,0,313_RTPV_5,0.0,0.0,0.0,0.0,0.0
2020-01-07,22,0,313_RTPV_6,0.0,0.0,0.0,0.0,0.0
2020-01-07,22,0,313_RTPV_7,0.0,0.0,0.0,0.0,0.0
2020-01-07,22,0,313_RTPV_8,0.0,0.0,0.0,0.0,0.0
2020-01-07,22,0,313_RTPV_9,0.0,0.0,0.0,0.0,0.0
2020-01-07,22,0,313_RTPV_10,0.0,0.0,0.0,0.0,0.0
2020-01-07,22,0,313_RTPV_11,0.0,0.0,0.0,0.0,0.0
2020-01-07,22,0,313_RTPV_12,0.0,0.0,0.0,0.0,0.0
2020-01-07,22,0,320_RTPV_1,0.0,0.0,0.0,0.0,0.0
2020-01-07,22,0,320_RTPV_2,0.0,0.0,0.0,0.0,0.0
2020-01-07,22,0,320_RTPV_3,0.0,0.0,0.0,0.0,0.0
2020-01-07,22,0,313_RTPV_13,0.0,0.0,0.0,0.0,0.0
2020-01-07,22,0,320_RTPV_4,0.0,0.0,0.0,0.0,0.0
2020-01-07,22,0,320_RTPV_5,0.0,0.0,0.0,0.0,0.0
2020-01-07,22,0,118_RTPV_1,0.0,0.0,0.0,0.0,0.0
2020-01-07,22,0,118_RTPV_2,0.0,0.0,0.0,0.0,0.0
2020-01-07,22,0,118_RTPV_3,0.0,0.0,0.0,0.0,0.0
2020-01-07,22,0,118_RTPV_4,0.0,0.0,0.0,0.0,0.0
2020-01-07,22,0,118_RTPV_5,0.0,0.0,0.0,0.0,0.0
2020-01-07,22,0,118_RTPV_6,0.0,0.0,0.0,0.0,0.0
2020-01-07,22,0,320_RTPV_6,0.0,0.0,0.0,0.0,0.0
2020-01-07,22,0,118_RTPV_7,0.0,0.0,0.0,0.0,0.0
2020-01-07,22,0,118_RTPV_8,0.0,0.0,0.0,0.0,0.0
2020-01-07,22,0,118_RTPV_9,0.0,0.0,0.0,0.0,0.0
2020-01-07,22,0,118_RTPV_10,0.0,0.0,0.0,0.0,0.0
2020-01-07,22,0,213_RTPV_1,0.0,0.0,0.0,0.0,0.0
2020-01-07,22,0,309_WIND_1,70.667,66.467,0.0,1766.675,0.0
2020-01-07,22,0,317_WIND_1,327.3725,378.3725,0.0,8184.3125,0.0
2020-01-07,22,0,303_WIND_1,330.125,377.625,0.0,8253.125,0.0
2020-01-07,22,0,122_WIND_1,317.1125,338.6125,0.0,7927.8125,0.0
2020-01-07,22,0,122_WIND_1_PEM,261.732953,149.202509,112.854547,6543.323831,0.0
2020-01-07,22,0,303_WIND_1_PEM,0.0,0.0,444.675,0.0,0.0
2020-01-07,22,0,309_WIND_1_PEM,75.633,75.633,0.0,1890.825,0.0
2020-01-07,22,0,310_PV_2_PEM,0.0,0.0,0.0,0.0,0.0
2020-01-07,22,0,317_WIND_1_PEM,0.0,0.0,419.5275,0.0,0.0
2020-01-07,22,0,319_PV_1_PEM,0.0,0.0,0.0,0.0,0.0
2020-01-07,22,0,320_PV_1_PEM,0.0,0.0,0.0,0.0,0.0
2020-01-07,22,0,324_PV_1_PEM,0.0,0.0,0.0,0.0,0.0
2020-01-07,22,0,324_PV_2_PEM,0.0,0.0,0.0,0.0,0.0
2020-01-07,22,0,324_PV_3_PEM,0.0,0.0,0.0,0.0,0.0
2020-01-07,23,0,122_HYDRO_1,3.8,3.8,0.0,95.0,0.0
2020-01-07,23,0,122_HYDRO_2,3.8,3.8,0.0,95.0,0.0
2020-01-07,23,0,122_HYDRO_3,3.8,3.8,0.0,95.0,0.0
2020-01-07,23,0,122_HYDRO_4,3.8,3.8,0.0,95.0,0.0
2020-01-07,23,0,122_HYDRO_5,3.8,3.8,0.0,95.0,0.0
2020-01-07,23,0,122_HYDRO_6,3.8,3.8,0.0,95.0,0.0
2020-01-07,23,0,201_HYDRO_4,9.483,9.3,0.0,237.075,0.0
2020-01-07,23,0,215_HYDRO_1,9.483,9.3,0.0,237.075,0.0
2020-01-07,23,0,215_HYDRO_2,9.483,9.3,0.0,237.075,0.0
2020-01-07,23,0,215_HYDRO_3,9.483,9.3,0.0,237.075,0.0
2020-01-07,23,0,222_HYDRO_1,9.483,9.3,0.0,237.075,0.0
2020-01-07,23,0,222_HYDRO_2,9.483,9.3,0.0,237.075,0.0
2020-01-07,23,0,222_HYDRO_3,9.483,9.3,0.0,237.075,0.0
2020-01-07,23,0,222_HYDRO_4,9.483,9.3,0.0,237.075,0.0
2020-01-07,23,0,222_HYDRO_5,9.483,9.3,0.0,237.075,0.0
2020-01-07,23,0,222_HYDRO_6,9.483,9.3,0.0,237.075,0.0
2020-01-07,23,0,322_HYDRO_1,23.733,25.2,0.0,593.325,0.0
2020-01-07,23,0,322_HYDRO_2,23.733,25.2,0.0,593.325,0.0
2020-01-07,23,0,322_HYDRO_3,23.733,25.2,0.0,593.325,0.0
2020-01-07,23,0,322_HYDRO_4,23.733,25.2,0.0,593.325,0.0
2020-01-07,23,0,320_PV_1,0.0,0.0,0.0,0.0,0.0
2020-01-07,23,0,314_PV_1,0.0,0.0,0.0,0.0,0.0
2020-01-07,23,0,314_PV_2,0.0,0.0,0.0,0.0,0.0
2020-01-07,23,0,313_PV_1,0.0,0.0,0.0,0.0,0.0
2020-01-07,23,0,314_PV_3,0.0,0.0,0.0,0.0,0.0
2020-01-07,23,0,314_PV_4,0.0,0.0,0.0,0.0,0.0
2020-01-07,23,0,313_PV_2,0.0,0.0,0.0,0.0,0.0
2020-01-07,23,0,310_PV_1,0.0,0.0,0.0,0.0,0.0
2020-01-07,23,0,324_PV_1,0.0,0.0,0.0,0.0,0.0
2020-01-07,23,0,312_PV_1,0.0,0.0,0.0,0.0,0.0
2020-01-07,23,0,310_PV_2,0.0,0.0,0.0,0.0,0.0
2020-01-07,23,0,324_PV_2,0.0,0.0,0.0,0.0,0.0
2020-01-07,23,0,324_PV_3,0.0,0.0,0.0,0.0,0.0
2020-01-07,23,0,113_PV_1,0.0,0.0,0.0,0.0,0.0
2020-01-07,23,0,319_PV_1,0.0,0.0,0.0,0.0,0.0
2020-01-07,23,0,215_PV_1,0.0,0.0,0.0,0.0,0.0
2020-01-07,23,0,102_PV_1,0.0,0.0,0.0,0.0,0.0
2020-01-07,23,0,101_PV_1,0.0,0.0,0.0,0.0,0.0
2020-01-07,23,0,102_PV_2,0.0,0.0,0.0,0.0,0.0
2020-01-07,23,0,104_PV_1,0.0,0.0,0.0,0.0,0.0
2020-01-07,23,0,101_PV_2,0.0,0.0,0.0,0.0,0.0
2020-01-07,23,0,101_PV_3,0.0,0.0,0.0,0.0,0.0
2020-01-07,23,0,101_PV_4,0.0,0.0,0.0,0.0,0.0
2020-01-07,23,0,103_PV_1,0.0,0.0,0.0,0.0,0.0
2020-01-07,23,0,119_PV_1,0.0,0.0,0.0,0.0,0.0
2020-01-07,23,0,308_RTPV_1,0.0,0.0,0.0,0.0,0.0
2020-01-07,23,0,313_RTPV_1,0.0,0.0,0.0,0.0,0.0
2020-01-07,23,0,313_RTPV_2,0.0,0.0,0.0,0.0,0.0
2020-01-07,23,0,313_RTPV_3,0.0,0.0,0.0,0.0,0.0
2020-01-07,23,0,313_RTPV_4,0.0,0.0,0.0,0.0,0.0
2020-01-07,23,0,313_RTPV_5,0.0,0.0,0.0,0.0,0.0
2020-01-07,23,0,313_RTPV_6,0.0,0.0,0.0,0.0,0.0
2020-01-07,23,0,313_RTPV_7,0.0,0.0,0.0,0.0,0.0
2020-01-07,23,0,313_RTPV_8,0.0,0.0,0.0,0.0,0.0
2020-01-07,23,0,313_RTPV_9,0.0,0.0,0.0,0.0,0.0
2020-01-07,23,0,313_RTPV_10,0.0,0.0,0.0,0.0,0.0
2020-01-07,23,0,313_RTPV_11,0.0,0.0,0.0,0.0,0.0
2020-01-07,23,0,313_RTPV_12,0.0,0.0,0.0,0.0,0.0
2020-01-07,23,0,320_RTPV_1,0.0,0.0,0.0,0.0,0.0
2020-01-07,23,0,320_RTPV_2,0.0,0.0,0.0,0.0,0.0
2020-01-07,23,0,320_RTPV_3,0.0,0.0,0.0,0.0,0.0
2020-01-07,23,0,313_RTPV_13,0.0,0.0,0.0,0.0,0.0
2020-01-07,23,0,320_RTPV_4,0.0,0.0,0.0,0.0,0.0
2020-01-07,23,0,320_RTPV_5,0.0,0.0,0.0,0.0,0.0
2020-01-07,23,0,118_RTPV_1,0.0,0.0,0.0,0.0,0.0
2020-01-07,23,0,118_RTPV_2,0.0,0.0,0.0,0.0,0.0
2020-01-07,23,0,118_RTPV_3,0.0,0.0,0.0,0.0,0.0
2020-01-07,23,0,118_RTPV_4,0.0,0.0,0.0,0.0,0.0
2020-01-07,23,0,118_RTPV_5,0.0,0.0,0.0,0.0,0.0
2020-01-07,23,0,118_RTPV_6,0.0,0.0,0.0,0.0,0.0
2020-01-07,23,0,320_RTPV_6,0.0,0.0,0.0,0.0,0.0
2020-01-07,23,0,118_RTPV_7,0.0,0.0,0.0,0.0,0.0
2020-01-07,23,0,118_RTPV_8,0.0,0.0,0.0,0.0,0.0
2020-01-07,23,0,118_RTPV_9,0.0,0.0,0.0,0.0,0.0
2020-01-07,23,0,118_RTPV_10,0.0,0.0,0.0,0.0,0.0
2020-01-07,23,0,213_RTPV_1,0.0,0.0,0.0,0.0,0.0
2020-01-07,23,0,309_WIND_1,70.167,69.667,0.0,1754.175,0.0
2020-01-07,23,0,317_WIND_1,353.3725,347.4725,0.0,8834.3125,0.0
2020-01-07,23,0,303_WIND_1,116.125,263.325,0.0,2903.125,0.0
2020-01-07,23,0,122_WIND_1,329.3125,336.9125,0.0,8232.8125,0.0
2020-01-07,23,0,122_WIND_1_PEM,135.343388,0.0,239.244112,3383.584704,0.0
2020-01-07,23,0,303_WIND_1_PEM,0.0,34.875986,444.675,0.0,0.0
2020-01-07,23,0,309_WIND_1_PEM,75.633,75.633,0.0,1890.825,0.0
2020-01-07,23,0,310_PV_2_PEM,0.0,0.0,0.0,0.0,0.0
2020-01-07,23,0,317_WIND_1_PEM,0.0,0.0,419.5275,0.0,0.0
2020-01-07,23,0,319_PV_1_PEM,0.0,0.0,0.0,0.0,0.0
2020-01-07,23,0,320_PV_1_PEM,0.0,0.0,0.0,0.0,0.0
2020-01-07,23,0,324_PV_1_PEM,0.0,0.0,0.0,0.0,0.0
2020-01-07,23,0,324_PV_2_PEM,0.0,0.0,0.0,0.0,0.0
2020-01-07,23,0,324_PV_3_PEM,0.0,0.0,0.0,0.0,0.0
